# Blender 5.2.0 LTS
# www.blender.org
mtllib Cylinder.mtl
o Cylinder_Material.002_0
v 0.416679 0.229353 -0.065501
v 0.416679 0.227084 -0.087335
v 0.833359 0.227084 -0.087335
v 0.833359 0.229353 -0.065501
v 0.416679 0.206926 -0.150319
v 0.416679 0.200206 -0.171314
v 0.833359 0.200206 -0.171313
v 0.833359 0.206926 -0.150319
v 0.416679 0.167471 -0.229360
v 0.416679 0.156559 -0.248709
v 0.833359 0.156559 -0.248709
v 0.833359 0.167471 -0.229360
v 0.416679 0.112505 -0.299587
v 0.416679 0.097821 -0.316546
v 0.833359 0.097820 -0.316546
v 0.833359 0.112505 -0.299587
v 0.416679 0.044140 -0.358301
v 0.416680 0.026247 -0.372219
v 0.833359 0.026247 -0.372219
v 0.833359 0.044140 -0.358301
v 0.416680 -0.034996 -0.403246
v 0.416680 -0.055411 -0.413588
v 0.833359 -0.055411 -0.413587
v 0.833359 -0.034996 -0.403245
v 0.416680 -0.121864 -0.432694
v 0.416680 -0.144015 -0.439062
v 0.833359 -0.144015 -0.439062
v 0.833359 -0.121864 -0.432693
v 0.416680 -0.213123 -0.445514
v 0.416680 -0.236160 -0.447664
v 0.833359 -0.236160 -0.447664
v 0.833359 -0.213123 -0.445513
v 0.416679 -0.167051 0.441213
v 0.416679 -0.144015 0.439063
v 0.833358 -0.144015 0.439063
v 0.833358 -0.167051 0.441213
v 0.416679 -0.077562 0.419957
v 0.416679 -0.055411 0.413588
v 0.833358 -0.055411 0.413588
v 0.833358 -0.077562 0.419957
v 0.416679 0.005832 0.382562
v 0.416679 0.026247 0.372220
v 0.833358 0.026247 0.372220
v 0.833358 0.005832 0.382562
v 0.416679 0.079927 0.330465
v 0.416679 0.097821 0.316547
v 0.833358 0.097820 0.316547
v 0.833358 0.079927 0.330465
v 0.416679 0.141875 0.265669
v 0.416679 0.156559 0.248709
v 0.833359 0.156559 0.248709
v 0.833359 0.141875 0.265669
v 0.416679 0.189295 0.190663
v 0.416679 0.200206 0.171314
v 0.833359 0.200206 0.171314
v 0.833359 0.189295 0.190663
v 0.416679 0.220365 0.108330
v 0.416679 0.227084 0.087335
v 0.833359 0.227084 0.087335
v 0.833359 0.220365 0.108330
v 0.416679 0.233891 0.021834
v 0.416679 0.236160 0.000000
v 0.833359 0.236160 0.000000
v 0.833359 0.233891 0.021834
v 0.423509 0.148464 -0.054119
v 0.847017 0.148464 -0.054119
v 0.847017 0.146589 -0.072159
v 0.423509 0.146589 -0.072159
v 0.423509 0.129934 -0.124199
v 0.847017 0.129934 -0.124199
v 0.847017 0.124382 -0.141545
v 0.423509 0.124382 -0.141545
v 0.423509 0.097335 -0.189505
v 0.847017 0.097335 -0.189505
v 0.847017 0.088319 -0.205492
v 0.423509 0.088319 -0.205492
v 0.423509 0.051920 -0.247529
v 0.847017 0.051920 -0.247529
v 0.847017 0.039787 -0.261542
v 0.423509 0.039787 -0.261542
v 0.423509 -0.004565 -0.296041
v 0.847017 -0.004565 -0.296041
v 0.847017 -0.019350 -0.307541
v 0.423509 -0.019350 -0.307541
v 0.423509 -0.069951 -0.333176
v 0.847017 -0.069951 -0.333176
v 0.847017 -0.086818 -0.341721
v 0.423509 -0.086818 -0.341721
v 0.423509 -0.141724 -0.357507
v 0.847017 -0.141724 -0.357507
v 0.847017 -0.160026 -0.362769
v 0.423509 -0.160026 -0.362769
v 0.423509 -0.217126 -0.368099
v 0.847017 -0.217126 -0.368099
v 0.847017 -0.236159 -0.369876
v 0.423509 -0.236159 -0.369876
v 0.423508 -0.179059 0.364546
v 0.847017 -0.179059 0.364547
v 0.847017 -0.160026 0.362770
v 0.423508 -0.160026 0.362770
v 0.423508 -0.105120 0.346984
v 0.847017 -0.105120 0.346984
v 0.847017 -0.086818 0.341722
v 0.423508 -0.086818 0.341722
v 0.423508 -0.036217 0.316086
v 0.847017 -0.036217 0.316087
v 0.847017 -0.019350 0.307541
v 0.423508 -0.019350 0.307541
v 0.423508 0.025003 0.273042
v 0.847017 0.025003 0.273042
v 0.847017 0.039787 0.261543
v 0.423508 0.039787 0.261542
v 0.423508 0.076186 0.219505
v 0.847017 0.076186 0.219505
v 0.847017 0.088319 0.205493
v 0.423508 0.088319 0.205493
v 0.423508 0.115366 0.157533
v 0.847017 0.115366 0.157533
v 0.847017 0.124382 0.141546
v 0.423508 0.124382 0.141546
v 0.423509 0.141038 0.089506
v 0.847017 0.141038 0.089506
v 0.847017 0.146589 0.072160
v 0.423509 0.146589 0.072160
v 0.423509 0.152213 0.018040
v 0.847017 0.152213 0.018040
v 0.847017 0.154088 0.000000
v 0.423509 0.154088 0.000000
v -0.843603 0.160869 -0.094212
v -0.843603 0.166713 -0.075954
v -0.847017 0.146589 -0.072160
v -0.847017 0.141038 -0.089506
v 0.843602 0.038734 0.287398
v 0.843603 0.054295 0.275294
v 0.847017 0.039787 0.261543
v 0.847017 0.025003 0.273042
v 0.843603 0.149182 -0.130729
v 0.843603 0.143338 -0.148987
v 0.847017 0.124382 -0.141545
v 0.847017 0.129934 -0.124199
v -0.843603 0.067067 0.260544
v -0.843603 0.054296 0.275293
v -0.847017 0.039787 0.261542
v -0.847017 0.051920 0.247529
v -0.843603 0.133849 -0.165815
v -0.843603 0.143338 -0.148988
v -0.847017 0.124382 -0.141546
v -0.847017 0.115366 -0.157533
v 0.843603 0.092608 0.231046
v 0.843603 0.105379 0.216297
v 0.847017 0.088319 0.205493
v 0.847017 0.076186 0.219505
v 0.843603 0.114869 -0.199469
v 0.843603 0.105379 -0.216296
v 0.847017 0.088319 -0.205492
v 0.847017 0.097335 -0.189505
v -0.843603 0.114869 0.199469
v -0.843603 0.105379 0.216296
v -0.847017 0.088319 0.205492
v -0.847017 0.097335 0.189505
v -0.843603 0.092608 -0.231046
v -0.843603 0.105379 -0.216297
v -0.847017 0.088319 -0.205493
v -0.847017 0.076186 -0.219505
v 0.843603 0.133848 0.165815
v 0.843603 0.143338 0.148988
v 0.847017 0.124382 0.141546
v 0.847017 0.115366 0.157533
v 0.843603 0.067066 -0.260544
v 0.843603 0.054295 -0.275293
v 0.847017 0.039787 -0.261542
v 0.847017 0.051920 -0.247529
v -0.843603 0.149182 0.130729
v -0.843603 0.143338 0.148987
v -0.847017 0.124382 0.141545
v -0.847017 0.129934 0.124199
v -0.843602 0.038734 -0.287398
v -0.843603 0.054296 -0.275294
v -0.847017 0.039787 -0.261543
v -0.847017 0.025003 -0.273042
v 0.843603 0.160869 0.094212
v 0.843603 0.166713 0.075954
v 0.847017 0.146589 0.072160
v 0.847017 0.141038 0.089506
v 0.843603 0.007611 -0.311606
v 0.843603 -0.007950 -0.323710
v 0.847017 -0.019350 -0.307541
v 0.847017 -0.004565 -0.296041
v -0.843603 0.168686 0.056964
v -0.843603 0.166713 0.075953
v -0.847017 0.146589 0.072159
v -0.847017 0.148464 0.054119
v -0.843602 -0.025704 -0.332705
v -0.843602 -0.007950 -0.323711
v -0.847017 -0.019350 -0.307541
v -0.847017 -0.036217 -0.316087
v 0.843603 0.172633 0.018989
v 0.843603 0.174606 0.000000
v 0.847017 0.154088 0.000000
v 0.847017 0.152213 0.018040
v 0.843603 -0.061212 -0.350693
v 0.843603 -0.078966 -0.359687
v 0.847017 -0.086818 -0.341721
v 0.847017 -0.069951 -0.333176
v -0.843602 -0.098230 -0.365227
v -0.843602 -0.078966 -0.359688
v -0.847017 -0.086818 -0.341722
v -0.847017 -0.105120 -0.346984
v 0.843603 -0.136759 -0.376304
v 0.843603 -0.156023 -0.381842
v 0.847017 -0.160026 -0.362769
v 0.847017 -0.141724 -0.357507
v -0.843603 -0.216125 0.387453
v -0.843603 -0.236159 0.389323
v -0.847017 -0.236159 0.369876
v -0.847017 -0.217126 0.368099
v 0.843602 -0.176057 0.383713
v 0.843602 -0.156023 0.381843
v 0.847017 -0.160026 0.362770
v 0.847017 -0.179059 0.364547
v -0.843602 -0.176057 -0.383713
v -0.843602 -0.156023 -0.381843
v -0.847017 -0.160026 -0.362770
v -0.847017 -0.179059 -0.364547
v 0.843603 -0.216125 -0.387453
v 0.843603 -0.236159 -0.389323
v 0.847017 -0.236159 -0.369876
v 0.847017 -0.217126 -0.368099
v -0.843603 -0.136759 0.376304
v -0.843603 -0.156023 0.381842
v -0.847017 -0.160026 0.362769
v -0.847017 -0.141724 0.357507
v 0.843602 -0.098231 0.365227
v 0.843602 -0.078966 0.359688
v 0.847017 -0.086818 0.341722
v 0.847017 -0.105120 0.346984
v -0.843603 0.172633 -0.018989
v -0.843603 0.174606 -0.000000
v -0.847017 0.154088 -0.000000
v -0.847017 0.152213 -0.018040
v -0.843603 -0.061212 0.350693
v -0.843603 -0.078966 0.359687
v -0.847017 -0.086818 0.341721
v -0.847017 -0.069951 0.333176
v 0.843603 0.168686 -0.056964
v 0.843603 0.166713 -0.075953
v 0.847017 0.146589 -0.072159
v 0.847017 0.148464 -0.054119
v 0.843602 -0.025704 0.332705
v 0.843602 -0.007950 0.323711
v 0.847017 -0.019350 0.307541
v 0.847017 -0.036217 0.316087
v -0.843603 0.007611 0.311606
v -0.843603 -0.007950 0.323710
v -0.847017 -0.019350 0.307541
v -0.847017 -0.004565 0.296041
v -0.130528 -0.236159 -0.389323
v -0.131057 -0.236159 -0.369877
v 0.107597 -0.236159 -0.369876
v 0.107163 -0.236159 -0.389323
v -0.129472 -0.236160 0.428217
v -0.128944 -0.236160 0.447664
v 0.105862 -0.236160 0.447664
v 0.106295 -0.236160 0.428217
v 0.129472 -0.236160 -0.428217
v 0.128943 -0.236160 -0.447664
v -0.105862 -0.236160 -0.447664
v -0.106295 -0.236160 -0.428217
v 0.130528 -0.236159 0.389323
v 0.131056 -0.236159 0.369877
v -0.107597 -0.236159 0.369876
v -0.107163 -0.236159 0.389323
v 0.129471 -0.236160 0.428217
v 0.130000 -0.236160 0.408770
v -0.106730 -0.236160 0.408770
v -0.106296 -0.236160 0.428217
v 0.601006 -0.236160 0.428218
v 0.603458 -0.236160 0.408771
v 0.366729 -0.236160 0.408771
v 0.365239 -0.236160 0.428218
v 0.605911 -0.236159 0.389324
v 0.608363 -0.236159 0.369877
v 0.369710 -0.236159 0.369877
v 0.368219 -0.236159 0.389324
v 0.130528 -0.236159 -0.389323
v 0.130000 -0.236160 -0.408770
v -0.106729 -0.236160 -0.408770
v -0.107163 -0.236159 -0.389323
v 0.605911 -0.236159 -0.389323
v 0.603459 -0.236160 -0.408770
v 0.366729 -0.236160 -0.408770
v 0.368220 -0.236159 -0.389323
v 0.601006 -0.236160 -0.428217
v 0.598554 -0.236160 -0.447664
v 0.363749 -0.236160 -0.447664
v 0.365239 -0.236160 -0.428217
v -0.130529 -0.236159 0.389323
v -0.130000 -0.236160 0.408770
v 0.106729 -0.236160 0.408770
v 0.107163 -0.236159 0.389323
v -0.605911 -0.236159 0.389323
v -0.603459 -0.236159 0.408770
v -0.366730 -0.236160 0.408770
v -0.368220 -0.236159 0.389323
v -0.601006 -0.236160 0.428217
v -0.598554 -0.236160 0.447664
v -0.363749 -0.236160 0.447664
v -0.365239 -0.236160 0.428217
v -0.129471 -0.236160 -0.428217
v -0.130000 -0.236160 -0.408770
v 0.106730 -0.236160 -0.408770
v 0.106296 -0.236160 -0.428217
v -0.601006 -0.236160 -0.428218
v -0.603458 -0.236159 -0.408771
v -0.366729 -0.236160 -0.408771
v -0.365239 -0.236160 -0.428218
v -0.605911 -0.236159 -0.389324
v -0.608364 -0.236159 -0.369877
v -0.369710 -0.236159 -0.369877
v -0.368220 -0.236159 -0.389324
v -0.843603 0.038734 0.287397
v -0.843603 0.023173 0.299501
v -0.847017 0.010219 0.284541
v -0.847017 0.025003 0.273041
v -0.836774 0.066196 0.316109
v -0.836774 0.049080 0.329422
v -0.840188 0.036126 0.314462
v -0.840188 0.052465 0.301753
v -0.836774 0.031964 0.342736
v -0.836774 0.014848 0.356049
v -0.840188 0.003449 0.339880
v -0.840188 0.019788 0.327171
v 0.843602 -0.061212 0.350694
v 0.843602 -0.043458 0.341700
v 0.847017 -0.053084 0.324632
v 0.847017 -0.069951 0.333177
v 0.836773 -0.043735 0.385729
v 0.836773 -0.024207 0.375836
v 0.840188 -0.033833 0.358768
v 0.840188 -0.052474 0.368211
v 0.836773 -0.004680 0.365943
v 0.836773 0.014848 0.356050
v 0.840188 0.003449 0.339881
v 0.840188 -0.015192 0.349324
v 0.843603 0.172633 -0.018988
v 0.843603 0.170659 -0.037976
v 0.847017 0.150339 -0.036079
v 0.847017 0.152213 -0.018039
v 0.836773 0.213471 -0.020885
v 0.836773 0.211301 -0.041770
v 0.840188 0.190980 -0.039873
v 0.840188 0.193052 -0.019936
v 0.836773 0.209131 -0.062655
v 0.836773 0.206960 -0.083541
v 0.840188 0.186837 -0.079747
v 0.840188 0.188909 -0.059810
v -0.843603 -0.025704 0.332704
v -0.843603 -0.043458 0.341699
v -0.847017 -0.053084 0.324631
v -0.847017 -0.036217 0.316086
v -0.836774 -0.004680 0.365942
v -0.836774 -0.024207 0.375835
v -0.840188 -0.033833 0.358767
v -0.840188 -0.015192 0.349323
v -0.836774 -0.043735 0.385728
v -0.836774 -0.063263 0.395621
v -0.840188 -0.071114 0.377654
v -0.840188 -0.052474 0.368211
v -0.843603 0.168686 -0.056965
v -0.843603 0.170660 -0.037977
v -0.847017 0.150339 -0.036080
v -0.847017 0.148464 -0.054120
v -0.836773 0.209131 -0.062656
v -0.836773 0.211301 -0.041771
v -0.840188 0.190980 -0.039874
v -0.840188 0.188909 -0.059811
v -0.836773 0.213471 -0.020886
v -0.836773 0.215642 -0.000000
v -0.840188 0.195124 -0.000000
v -0.840188 0.193052 -0.019937
v 0.843602 -0.136759 0.376304
v 0.843602 -0.117495 0.370766
v 0.847017 -0.123422 0.352246
v 0.847017 -0.141724 0.357508
v 0.836773 -0.126829 0.413898
v 0.836773 -0.105640 0.407806
v 0.840188 -0.111567 0.389286
v 0.840188 -0.131794 0.395101
v 0.836773 -0.084451 0.401714
v 0.836773 -0.063263 0.395622
v 0.840188 -0.071115 0.377655
v 0.840188 -0.091341 0.383470
v -0.843603 -0.098230 0.365226
v -0.843603 -0.117495 0.370765
v -0.847017 -0.123422 0.352245
v -0.847017 -0.105120 0.346983
v -0.836774 -0.084451 0.401713
v -0.836774 -0.105640 0.407805
v -0.840188 -0.111567 0.389285
v -0.840188 -0.091341 0.383469
v -0.836774 -0.126829 0.413897
v -0.836774 -0.148017 0.419989
v -0.840188 -0.152020 0.400916
v -0.840188 -0.131794 0.395100
v 0.843603 -0.176057 -0.383712
v 0.843603 -0.196091 -0.385583
v 0.847017 -0.198093 -0.366322
v 0.847017 -0.179059 -0.364546
v 0.836774 -0.170053 -0.422046
v 0.836774 -0.192089 -0.424103
v 0.840188 -0.194090 -0.404843
v 0.840188 -0.173055 -0.402879
v 0.836774 -0.214124 -0.426160
v 0.836774 -0.236160 -0.428217
v 0.840188 -0.236160 -0.408770
v 0.840188 -0.215125 -0.406806
v -0.843602 -0.216125 -0.387454
v -0.843602 -0.196091 -0.385584
v -0.847017 -0.198093 -0.366323
v -0.847017 -0.217126 -0.368100
v -0.836773 -0.214124 -0.426161
v -0.836773 -0.192089 -0.424104
v -0.840188 -0.194090 -0.404844
v -0.840188 -0.215125 -0.406807
v -0.836773 -0.170053 -0.422047
v -0.836773 -0.148017 -0.419990
v -0.840188 -0.152020 -0.400916
v -0.840188 -0.173055 -0.402880
v 0.843602 -0.216125 0.387454
v 0.843602 -0.196091 0.385584
v 0.847017 -0.198093 0.366323
v 0.847017 -0.217126 0.368100
v 0.836773 -0.214124 0.426161
v 0.836773 -0.192089 0.424104
v 0.840188 -0.194090 0.404844
v 0.840188 -0.215125 0.406807
v 0.836773 -0.170053 0.422047
v 0.836773 -0.148018 0.419990
v 0.840188 -0.152020 0.400916
v 0.840188 -0.173055 0.402880
v -0.843603 -0.176057 0.383712
v -0.843603 -0.196091 0.385583
v -0.847017 -0.198093 0.366322
v -0.847017 -0.179059 0.364546
v -0.836774 -0.170053 0.422046
v -0.836774 -0.192089 0.424103
v -0.840188 -0.194090 0.404843
v -0.840188 -0.173055 0.402879
v -0.836774 -0.214124 0.426160
v -0.836774 -0.236160 0.428217
v -0.840188 -0.236159 0.408770
v -0.840188 -0.215125 0.406806
v 0.843603 -0.098231 -0.365226
v 0.843603 -0.117495 -0.370765
v 0.847017 -0.123422 -0.352245
v 0.847017 -0.105120 -0.346983
v 0.836774 -0.084451 -0.401713
v 0.836774 -0.105640 -0.407805
v 0.840188 -0.111567 -0.389285
v 0.840188 -0.091341 -0.383469
v 0.836774 -0.126829 -0.413897
v 0.836774 -0.148018 -0.419989
v 0.840188 -0.152020 -0.400916
v 0.840188 -0.131794 -0.395100
v -0.843602 -0.136759 -0.376304
v -0.843602 -0.117495 -0.370766
v -0.847017 -0.123422 -0.352246
v -0.847017 -0.141724 -0.357508
v -0.836773 -0.126829 -0.413898
v -0.836773 -0.105640 -0.407806
v -0.840188 -0.111567 -0.389286
v -0.840188 -0.131794 -0.395101
v -0.836773 -0.084451 -0.401714
v -0.836773 -0.063263 -0.395622
v -0.840188 -0.071114 -0.377655
v -0.840188 -0.091341 -0.383470
v 0.843603 -0.025704 -0.332704
v 0.843603 -0.043458 -0.341699
v 0.847017 -0.053084 -0.324631
v 0.847017 -0.036217 -0.316086
v 0.836774 -0.004680 -0.365942
v 0.836774 -0.024207 -0.375835
v 0.840188 -0.033833 -0.358767
v 0.840188 -0.015192 -0.349323
v 0.836774 -0.043735 -0.385728
v 0.836774 -0.063263 -0.395621
v 0.840188 -0.071115 -0.377654
v 0.840188 -0.052474 -0.368211
v 0.843603 0.168686 0.056965
v 0.843603 0.170659 0.037977
v 0.847017 0.150339 0.036080
v 0.847017 0.148464 0.054120
v 0.836773 0.209131 0.062656
v 0.836773 0.211301 0.041771
v 0.840188 0.190980 0.039874
v 0.840188 0.188909 0.059811
v 0.836773 0.213471 0.020886
v 0.836773 0.215642 0.000000
v 0.840188 0.195124 0.000000
v 0.840188 0.193052 0.019937
v -0.843602 -0.061212 -0.350694
v -0.843602 -0.043458 -0.341700
v -0.847017 -0.053084 -0.324632
v -0.847017 -0.069951 -0.333177
v -0.836773 -0.043735 -0.385729
v -0.836773 -0.024207 -0.375836
v -0.840188 -0.033833 -0.358768
v -0.840188 -0.052474 -0.368211
v -0.836773 -0.004680 -0.365943
v -0.836773 0.014848 -0.356050
v -0.840188 0.003449 -0.339881
v -0.840188 -0.015192 -0.349324
v -0.843603 0.172633 0.018988
v -0.843603 0.170660 0.037976
v -0.847017 0.150339 0.036079
v -0.847017 0.152213 0.018039
v -0.836773 0.213471 0.020885
v -0.836773 0.211301 0.041770
v -0.840188 0.190980 0.039873
v -0.840188 0.193052 0.019936
v -0.836773 0.209131 0.062655
v -0.836773 0.206961 0.083541
v -0.840188 0.186837 0.079747
v -0.840188 0.188909 0.059810
v 0.843603 0.038734 -0.287397
v 0.843603 0.023173 -0.299501
v 0.847017 0.010219 -0.284541
v 0.847017 0.025003 -0.273041
v 0.836774 0.066196 -0.316109
v 0.836774 0.049080 -0.329422
v 0.840188 0.036126 -0.314462
v 0.840188 0.052465 -0.301753
v 0.836774 0.031964 -0.342736
v 0.836774 0.014848 -0.356049
v 0.840188 0.003449 -0.339880
v 0.840188 0.019787 -0.327171
v 0.843603 0.149182 0.130730
v 0.843603 0.155026 0.112471
v 0.847017 0.135486 0.106853
v 0.847017 0.129934 0.124199
v 0.836773 0.187678 0.143789
v 0.836773 0.194105 0.123707
v 0.840188 0.174566 0.118089
v 0.840188 0.168430 0.137259
v 0.836773 0.200533 0.103624
v 0.836773 0.206960 0.083542
v 0.840188 0.186837 0.079748
v 0.840188 0.180701 0.098918
v -0.843602 0.007611 -0.311607
v -0.843602 0.023173 -0.299502
v -0.847017 0.010219 -0.284542
v -0.847017 -0.004565 -0.296042
v -0.836773 0.031964 -0.342737
v -0.836773 0.049080 -0.329423
v -0.840188 0.036126 -0.314463
v -0.840188 0.019788 -0.327172
v -0.836773 0.066196 -0.316109
v -0.836773 0.083312 -0.302796
v -0.840188 0.068804 -0.289045
v -0.840188 0.052465 -0.301754
v -0.843603 0.160869 0.094211
v -0.843603 0.155026 0.112470
v -0.847017 0.135486 0.106852
v -0.847017 0.141038 0.089505
v -0.836773 0.200533 0.103623
v -0.836773 0.194105 0.123706
v -0.840188 0.174566 0.118088
v -0.840188 0.180701 0.098917
v -0.836773 0.187678 0.143789
v -0.836773 0.181250 0.163871
v -0.840188 0.162294 0.156429
v -0.840188 0.168430 0.137259
v 0.843603 0.092608 -0.231045
v 0.843603 0.079837 -0.245794
v 0.847017 0.064053 -0.233517
v 0.847017 0.076186 -0.219504
v 0.836773 0.125453 -0.254127
v 0.836773 0.111406 -0.270350
v 0.840188 0.095622 -0.258072
v 0.840188 0.109031 -0.242586
v 0.836774 0.097359 -0.286572
v 0.836774 0.083312 -0.302795
v 0.840188 0.068804 -0.289044
v 0.840188 0.082213 -0.273558
v 0.843603 0.114869 0.199470
v 0.843603 0.124359 0.182643
v 0.847017 0.106351 0.173519
v 0.847017 0.097335 0.189506
v 0.836773 0.149937 0.219397
v 0.836773 0.160375 0.200889
v 0.840188 0.142367 0.191766
v 0.840188 0.132403 0.209433
v 0.836773 0.170813 0.182380
v 0.836773 0.181250 0.163872
v 0.840188 0.162294 0.156430
v 0.840188 0.152331 0.174098
v -0.843603 0.067067 -0.260545
v -0.843603 0.079838 -0.245795
v -0.847017 0.064053 -0.233518
v -0.847017 0.051920 -0.247530
v -0.836773 0.097359 -0.286573
v -0.836773 0.111406 -0.270351
v -0.840188 0.095622 -0.258073
v -0.840188 0.082213 -0.273559
v -0.836773 0.125453 -0.254128
v -0.836773 0.139500 -0.237905
v -0.840188 0.122439 -0.227101
v -0.840188 0.109031 -0.242587
v -0.843603 0.133849 0.165814
v -0.843603 0.124359 0.182642
v -0.847017 0.106351 0.173519
v -0.847017 0.115366 0.157532
v -0.836774 0.170813 0.182380
v -0.836774 0.160375 0.200888
v -0.840188 0.142367 0.191765
v -0.840188 0.152331 0.174097
v -0.836774 0.149937 0.219396
v -0.836774 0.139500 0.237904
v -0.840188 0.122439 0.227100
v -0.840188 0.132403 0.209432
v 0.843603 0.133848 -0.165814
v 0.843603 0.124359 -0.182642
v 0.847017 0.106351 -0.173519
v 0.847017 0.115366 -0.157532
v 0.836773 0.170813 -0.182380
v 0.836773 0.160375 -0.200888
v 0.840188 0.142367 -0.191765
v 0.840188 0.152331 -0.174097
v 0.836773 0.149937 -0.219396
v 0.836773 0.139499 -0.237904
v 0.840188 0.122439 -0.227100
v 0.840188 0.132403 -0.209432
v 0.843603 0.067066 0.260545
v 0.843603 0.079837 0.245795
v 0.847017 0.064053 0.233518
v 0.847017 0.051920 0.247530
v 0.836773 0.097359 0.286573
v 0.836773 0.111406 0.270351
v 0.840188 0.095622 0.258073
v 0.840188 0.082213 0.273559
v 0.836773 0.125453 0.254128
v 0.836773 0.139499 0.237905
v 0.840188 0.122439 0.227101
v 0.840188 0.109031 0.242587
v -0.843603 0.114869 -0.199470
v -0.843603 0.124359 -0.182643
v -0.847017 0.106351 -0.173519
v -0.847017 0.097335 -0.189506
v -0.836773 0.149937 -0.219397
v -0.836773 0.160375 -0.200889
v -0.840188 0.142367 -0.191766
v -0.840188 0.132403 -0.209433
v -0.836773 0.170813 -0.182380
v -0.836773 0.181250 -0.163872
v -0.840188 0.162294 -0.156430
v -0.840188 0.152331 -0.174098
v -0.843603 0.092608 0.231045
v -0.843603 0.079838 0.245794
v -0.847017 0.064053 0.233517
v -0.847017 0.076186 0.219504
v -0.836774 0.125453 0.254127
v -0.836774 0.111406 0.270350
v -0.840188 0.095622 0.258072
v -0.840188 0.109031 0.242586
v -0.836774 0.097359 0.286572
v -0.836774 0.083312 0.302795
v -0.840188 0.068804 0.289044
v -0.840188 0.082213 0.273558
v 0.843603 0.160869 -0.094211
v 0.843603 0.155026 -0.112470
v 0.847017 0.135486 -0.106852
v 0.847017 0.141038 -0.089505
v 0.836773 0.200533 -0.103623
v 0.836773 0.194105 -0.123706
v 0.840188 0.174566 -0.118088
v 0.840188 0.180701 -0.098917
v 0.836773 0.187678 -0.143789
v 0.836773 0.181250 -0.163871
v 0.840188 0.162294 -0.156429
v 0.840188 0.168430 -0.137259
v 0.843602 0.007611 0.311607
v 0.843602 0.023173 0.299502
v 0.847017 0.010219 0.284542
v 0.847017 -0.004565 0.296042
v 0.836773 0.031964 0.342737
v 0.836773 0.049080 0.329423
v 0.840188 0.036126 0.314463
v 0.840188 0.019787 0.327172
v 0.836773 0.066196 0.316109
v 0.836773 0.083312 0.302796
v 0.840188 0.068804 0.289045
v 0.840188 0.052465 0.301754
v -0.843603 0.149182 -0.130729
v -0.843603 0.155026 -0.112471
v -0.847017 0.135486 -0.106853
v -0.847017 0.129934 -0.124199
v -0.836773 0.187678 -0.143789
v -0.836773 0.194105 -0.123707
v -0.840188 0.174566 -0.118089
v -0.840188 0.168430 -0.137259
v -0.836773 0.200533 -0.103624
v -0.836773 0.206961 -0.083542
v -0.840188 0.186837 -0.079748
v -0.840188 0.180701 -0.098918
v -0.423509 0.152213 0.018040
v -0.000000 0.152213 0.018040
v 0.000000 0.154088 0.000000
v -0.423509 0.154088 -0.000000
v -0.423509 0.148464 0.054119
v -0.000000 0.148464 0.054119
v -0.000000 0.150339 0.036080
v -0.423509 0.150339 0.036079
v 0.423509 0.148464 0.054120
v 0.847017 0.148464 0.054120
v 0.847017 0.150339 0.036080
v 0.423509 0.150339 0.036080
v -0.423509 0.141038 0.089506
v -0.000000 0.141038 0.089506
v -0.000000 0.146589 0.072159
v -0.423509 0.146589 0.072159
v -0.423509 0.129934 0.124199
v -0.000000 0.129934 0.124199
v -0.000000 0.135486 0.106852
v -0.423509 0.135486 0.106852
v 0.423509 0.129934 0.124199
v 0.847017 0.129934 0.124199
v 0.847017 0.135486 0.106853
v 0.423509 0.135486 0.106853
v -0.423509 0.115366 0.157532
v -0.000000 0.115366 0.157532
v -0.000000 0.124382 0.141546
v -0.423509 0.124382 0.141545
v -0.423509 0.097335 0.189505
v -0.000000 0.097335 0.189506
v -0.000000 0.106351 0.173519
v -0.423509 0.106351 0.173519
v 0.423508 0.097335 0.189506
v 0.847017 0.097335 0.189506
v 0.847017 0.106351 0.173519
v 0.423508 0.106351 0.173519
v -0.423509 0.076186 0.219505
v -0.000000 0.076186 0.219505
v -0.000000 0.088319 0.205492
v -0.423509 0.088319 0.205492
v -0.423509 0.051920 0.247529
v -0.000000 0.051920 0.247530
v -0.000000 0.064053 0.233517
v -0.423509 0.064053 0.233517
v 0.423508 0.051920 0.247530
v 0.847017 0.051920 0.247530
v 0.847017 0.064053 0.233518
v 0.423508 0.064053 0.233517
v -0.423509 0.025003 0.273042
v -0.000000 0.025003 0.273042
v -0.000000 0.039787 0.261542
v -0.423509 0.039787 0.261542
v -0.423509 -0.004565 0.296041
v -0.000000 -0.004565 0.296041
v -0.000000 0.010219 0.284542
v -0.423509 0.010219 0.284541
v 0.423508 -0.004565 0.296042
v 0.847017 -0.004565 0.296042
v 0.847017 0.010219 0.284542
v 0.423508 0.010219 0.284542
v -0.423509 -0.036217 0.316086
v -0.000000 -0.036217 0.316086
v -0.000000 -0.019350 0.307541
v -0.423509 -0.019350 0.307541
v -0.423509 -0.069951 0.333176
v -0.000000 -0.069951 0.333176
v -0.000000 -0.053084 0.324631
v -0.423509 -0.053084 0.324631
v 0.423508 -0.069951 0.333176
v 0.847017 -0.069951 0.333177
v 0.847017 -0.053084 0.324632
v 0.423508 -0.053084 0.324631
v -0.423509 -0.105120 0.346983
v -0.000000 -0.105120 0.346983
v -0.000000 -0.086818 0.341721
v -0.423509 -0.086818 0.341721
v -0.423509 -0.141724 0.357507
v -0.000000 -0.141724 0.357507
v -0.000000 -0.123422 0.352245
v -0.423509 -0.123422 0.352245
v 0.423508 -0.141724 0.357508
v 0.847017 -0.141724 0.357508
v 0.847017 -0.123422 0.352246
v 0.423508 -0.123422 0.352246
v -0.423509 -0.179059 0.364546
v -0.000000 -0.179059 0.364546
v -0.000000 -0.160026 0.362769
v -0.423509 -0.160026 0.362769
v -0.423509 -0.217126 0.368099
v -0.000000 -0.217126 0.368100
v -0.000000 -0.198093 0.366323
v -0.423509 -0.198093 0.366323
v 0.423508 -0.217126 0.368100
v 0.847017 -0.217126 0.368100
v 0.847017 -0.198093 0.366323
v 0.423508 -0.198093 0.366323
v -0.423508 -0.217126 -0.368100
v 0.000000 -0.217126 -0.368100
v 0.000000 -0.236159 -0.369876
v -0.423508 -0.236159 -0.369877
v -0.423508 -0.179059 -0.364546
v 0.000000 -0.179059 -0.364546
v 0.000000 -0.198093 -0.366323
v -0.423508 -0.198093 -0.366323
v 0.423509 -0.179059 -0.364546
v 0.847017 -0.179059 -0.364546
v 0.847017 -0.198093 -0.366322
v 0.423509 -0.198093 -0.366323
v -0.423508 -0.141724 -0.357508
v 0.000000 -0.141724 -0.357507
v 0.000000 -0.160026 -0.362769
v -0.423508 -0.160026 -0.362770
v -0.423508 -0.105120 -0.346984
v 0.000000 -0.105120 -0.346983
v 0.000000 -0.123422 -0.352245
v -0.423508 -0.123422 -0.352246
v 0.423509 -0.105120 -0.346983
v 0.847017 -0.105120 -0.346983
v 0.847017 -0.123422 -0.352245
v 0.423509 -0.123422 -0.352245
v -0.423508 -0.069951 -0.333176
v 0.000000 -0.069951 -0.333176
v 0.000000 -0.086818 -0.341721
v -0.423508 -0.086818 -0.341722
v -0.423508 -0.036217 -0.316086
v 0.000000 -0.036217 -0.316086
v 0.000000 -0.053084 -0.324631
v -0.423508 -0.053084 -0.324631
v 0.423509 -0.036217 -0.316086
v 0.847017 -0.036217 -0.316086
v 0.847017 -0.053084 -0.324631
v 0.423509 -0.053084 -0.324631
v -0.423508 -0.004565 -0.296042
v 0.000000 -0.004565 -0.296041
v 0.000000 -0.019350 -0.307541
v -0.423508 -0.019350 -0.307541
v -0.423508 0.025003 -0.273042
v 0.000000 0.025003 -0.273042
v 0.000000 0.010219 -0.284542
v -0.423508 0.010219 -0.284542
v 0.423509 0.025003 -0.273042
v 0.847017 0.025003 -0.273041
v 0.847017 0.010219 -0.284541
v 0.423509 0.010219 -0.284541
v -0.423508 0.051920 -0.247530
v 0.000000 0.051920 -0.247530
v 0.000000 0.039787 -0.261542
v -0.423508 0.039787 -0.261542
v -0.423508 0.076186 -0.219505
v 0.000000 0.076186 -0.219505
v 0.000000 0.064053 -0.233517
v -0.423508 0.064053 -0.233517
v 0.423509 0.076186 -0.219505
v 0.847017 0.076186 -0.219504
v 0.847017 0.064053 -0.233517
v 0.423509 0.064053 -0.233517
v -0.423508 0.097335 -0.189506
v 0.000000 0.097335 -0.189506
v 0.000000 0.088319 -0.205492
v -0.423508 0.088319 -0.205493
v -0.423508 0.115366 -0.157532
v 0.000000 0.115366 -0.157532
v 0.000000 0.106351 -0.173519
v -0.423508 0.106351 -0.173519
v 0.423509 0.115366 -0.157532
v 0.847017 0.115366 -0.157532
v 0.847017 0.106351 -0.173519
v 0.423509 0.106351 -0.173519
v -0.423509 0.129934 -0.124199
v 0.000000 0.129934 -0.124199
v 0.000000 0.124382 -0.141546
v -0.423508 0.124382 -0.141546
v -0.423509 0.141038 -0.089506
v 0.000000 0.141038 -0.089506
v 0.000000 0.135486 -0.106852
v -0.423509 0.135486 -0.106853
v 0.423509 0.141038 -0.089506
v 0.847017 0.141038 -0.089505
v 0.847017 0.135486 -0.106852
v 0.423509 0.135486 -0.106852
v -0.423509 0.148464 -0.054120
v 0.000000 0.148464 -0.054119
v 0.000000 0.146589 -0.072159
v -0.423509 0.146589 -0.072160
v -0.423509 0.152213 -0.018040
v 0.000000 0.152213 -0.018040
v 0.000000 0.150339 -0.036080
v -0.423509 0.150339 -0.036080
v 0.423509 0.152213 -0.018040
v 0.847017 0.152213 -0.018039
v 0.847017 0.150339 -0.036079
v 0.423509 0.150339 -0.036079
v 0.416679 0.229353 0.065501
v 0.416679 0.231622 0.043668
v 0.833359 0.231622 0.043668
v 0.833359 0.229353 0.065502
v -0.416680 0.229353 0.065501
v -0.416680 0.231622 0.043667
v -0.000000 0.231622 0.043667
v -0.000000 0.229353 0.065501
v -0.416679 0.233891 0.021834
v -0.416679 0.236160 -0.000000
v -0.000000 0.236160 -0.000000
v -0.000000 0.233891 0.021834
v 0.416679 0.206926 0.150319
v 0.416679 0.213645 0.129325
v 0.833359 0.213645 0.129325
v 0.833359 0.206926 0.150320
v -0.416680 0.206926 0.150319
v -0.416680 0.213645 0.129324
v -0.000000 0.213645 0.129324
v -0.000000 0.206926 0.150319
v -0.416680 0.220365 0.108329
v -0.416680 0.227084 0.087335
v -0.000000 0.227084 0.087335
v -0.000000 0.220365 0.108330
v 0.416679 0.167471 0.229360
v 0.416679 0.178383 0.210012
v 0.833359 0.178383 0.210012
v 0.833359 0.167471 0.229361
v -0.416680 0.167471 0.229360
v -0.416680 0.178383 0.210011
v -0.000000 0.178383 0.210011
v -0.000000 0.167471 0.229360
v -0.416680 0.189295 0.190662
v -0.416680 0.200207 0.171314
v -0.000000 0.200206 0.171314
v -0.000000 0.189295 0.190663
v 0.416679 0.112505 0.299587
v 0.416679 0.127190 0.282628
v 0.833358 0.127190 0.282628
v 0.833358 0.112505 0.299588
v -0.416680 0.112505 0.299587
v -0.416680 0.127190 0.282627
v -0.000000 0.127190 0.282628
v -0.000000 0.112505 0.299587
v -0.416680 0.141875 0.265668
v -0.416680 0.156560 0.248709
v -0.000000 0.156559 0.248709
v -0.000000 0.141875 0.265668
v 0.416679 0.044140 0.358301
v 0.416679 0.062034 0.344383
v 0.833358 0.062034 0.344383
v 0.833358 0.044140 0.358302
v -0.416680 0.044140 0.358301
v -0.416680 0.062034 0.344383
v -0.000000 0.062034 0.344383
v -0.000000 0.044140 0.358301
v -0.416680 0.079927 0.330464
v -0.416680 0.097821 0.316546
v -0.000000 0.097821 0.316546
v -0.000000 0.079927 0.330465
v 0.416679 -0.034996 0.403246
v 0.416679 -0.014582 0.392904
v 0.833358 -0.014582 0.392904
v 0.833358 -0.034996 0.403246
v -0.416680 -0.034996 0.403246
v -0.416680 -0.014582 0.392903
v -0.000000 -0.014582 0.392904
v -0.000000 -0.034996 0.403246
v -0.416680 0.005832 0.382561
v -0.416680 0.026247 0.372219
v -0.000000 0.026247 0.372219
v -0.000000 0.005832 0.382561
v 0.416679 -0.121864 0.432694
v 0.416679 -0.099713 0.426326
v 0.833358 -0.099713 0.426326
v 0.833358 -0.121864 0.432694
v -0.416680 -0.121864 0.432694
v -0.416680 -0.099713 0.426325
v -0.000000 -0.099713 0.426325
v -0.000000 -0.121864 0.432694
v -0.416680 -0.077562 0.419956
v -0.416680 -0.055411 0.413588
v -0.000000 -0.055411 0.413588
v -0.000000 -0.077562 0.419957
v 0.416679 -0.213123 0.445514
v 0.416679 -0.190087 0.443364
v 0.833358 -0.190087 0.443364
v 0.833358 -0.213123 0.445514
v -0.416680 -0.213123 0.445514
v -0.416680 -0.190087 0.443363
v -0.000000 -0.190087 0.443363
v -0.000000 -0.213123 0.445514
v -0.416680 -0.167051 0.441213
v -0.416680 -0.144015 0.439062
v -0.000000 -0.144015 0.439063
v -0.000000 -0.167051 0.441213
v 0.416680 -0.167051 -0.441213
v 0.416680 -0.190087 -0.443363
v 0.833359 -0.190087 -0.443363
v 0.833359 -0.167051 -0.441213
v -0.416679 -0.167051 -0.441213
v -0.416679 -0.190087 -0.443364
v 0.000000 -0.190087 -0.443363
v 0.000000 -0.167051 -0.441213
v -0.416679 -0.213123 -0.445514
v -0.416679 -0.236160 -0.447665
v 0.000000 -0.236160 -0.447664
v 0.000000 -0.213123 -0.445514
v 0.416680 -0.077562 -0.419956
v 0.416680 -0.099713 -0.426325
v 0.833359 -0.099713 -0.426325
v 0.833359 -0.077562 -0.419956
v -0.416679 -0.077562 -0.419957
v -0.416679 -0.099713 -0.426326
v 0.000000 -0.099713 -0.426325
v 0.000000 -0.077562 -0.419957
v -0.416679 -0.121864 -0.432694
v -0.416679 -0.144015 -0.439063
v 0.000000 -0.144015 -0.439063
v 0.000000 -0.121864 -0.432694
v 0.416680 0.005832 -0.382561
v 0.416680 -0.014582 -0.392903
v 0.833359 -0.014582 -0.392903
v 0.833359 0.005832 -0.382561
v -0.416679 0.005832 -0.382562
v -0.416679 -0.014582 -0.392904
v 0.000000 -0.014582 -0.392904
v 0.000000 0.005832 -0.382561
v -0.416679 -0.034996 -0.403246
v -0.416679 -0.055411 -0.413588
v 0.000000 -0.055411 -0.413588
v 0.000000 -0.034996 -0.403246
v 0.416679 0.079927 -0.330464
v 0.416679 0.062034 -0.344383
v 0.833359 0.062034 -0.344382
v 0.833359 0.079927 -0.330464
v -0.416679 0.079927 -0.330465
v -0.416679 0.062034 -0.344383
v 0.000000 0.062034 -0.344383
v 0.000000 0.079927 -0.330465
v -0.416679 0.044140 -0.358301
v -0.416679 0.026247 -0.372220
v 0.000000 0.026247 -0.372219
v 0.000000 0.044140 -0.358301
v 0.416679 0.141875 -0.265668
v 0.416679 0.127190 -0.282627
v 0.833359 0.127190 -0.282627
v 0.833359 0.141875 -0.265668
v -0.416679 0.141875 -0.265669
v -0.416679 0.127190 -0.282628
v 0.000000 0.127190 -0.282628
v 0.000000 0.141875 -0.265668
v -0.416679 0.112505 -0.299587
v -0.416679 0.097821 -0.316547
v 0.000000 0.097821 -0.316546
v 0.000000 0.112505 -0.299587
v 0.416679 0.189295 -0.190662
v 0.416679 0.178383 -0.210011
v 0.833359 0.178383 -0.210011
v 0.833359 0.189295 -0.190662
v -0.416679 0.189295 -0.190663
v -0.416679 0.178383 -0.210012
v 0.000000 0.178383 -0.210011
v 0.000000 0.189295 -0.190663
v -0.416679 0.167471 -0.229360
v -0.416679 0.156560 -0.248709
v 0.000000 0.156559 -0.248709
v 0.000000 0.167471 -0.229360
v 0.416679 0.220365 -0.108329
v 0.416679 0.213645 -0.129324
v 0.833359 0.213645 -0.129324
v 0.833359 0.220365 -0.108329
v -0.416679 0.220365 -0.108330
v -0.416679 0.213645 -0.129325
v -0.000000 0.213645 -0.129324
v -0.000000 0.220365 -0.108330
v -0.416679 0.206926 -0.150319
v -0.416679 0.200207 -0.171314
v 0.000000 0.200206 -0.171314
v -0.000000 0.206926 -0.150319
v 0.416679 0.233891 -0.021834
v 0.416679 0.231622 -0.043667
v 0.833359 0.231622 -0.043667
v 0.833359 0.233891 -0.021833
v -0.416679 0.233891 -0.021834
v -0.416679 0.231622 -0.043668
v -0.000000 0.231622 -0.043667
v -0.000000 0.233891 -0.021834
v -0.416679 0.229353 -0.065501
v -0.416679 0.227084 -0.087335
v -0.000000 0.227084 -0.087335
v -0.000000 0.229353 -0.065501
v -0.416679 0.231622 -0.043668
v -0.416679 0.229353 -0.065501
v -0.000000 0.229353 -0.065501
v -0.000000 0.231622 -0.043667
v -0.833359 0.231622 -0.043668
v -0.833359 0.229353 -0.065502
v -0.833359 0.229353 -0.065502
v -0.833359 0.227084 -0.087335
v -0.416679 0.236160 -0.000000
v -0.416679 0.233891 -0.021834
v -0.000000 0.233891 -0.021834
v -0.000000 0.236160 -0.000000
v -0.833359 0.236160 -0.000000
v -0.833359 0.233891 -0.021834
v -0.833359 0.233891 -0.021834
v -0.833359 0.231622 -0.043668
v 0.416679 0.236160 0.000000
v 0.416679 0.233891 -0.021834
v 0.833359 0.233891 -0.021833
v 0.833359 0.236160 0.000000
v -0.416679 0.213645 -0.129325
v -0.000000 0.213645 -0.129324
v -0.833359 0.213645 -0.129325
v -0.833359 0.206926 -0.150320
v -0.833359 0.200207 -0.171314
v -0.416679 0.227084 -0.087335
v -0.000000 0.227084 -0.087335
v -0.833359 0.227084 -0.087335
v -0.833359 0.220365 -0.108330
v -0.833359 0.213645 -0.129325
v 0.416679 0.227084 -0.087335
v 0.833359 0.227084 -0.087335
v -0.416679 0.178383 -0.210012
v -0.416679 0.167471 -0.229360
v 0.000000 0.167471 -0.229360
v 0.000000 0.178383 -0.210011
v -0.833359 0.178383 -0.210012
v -0.833359 0.167471 -0.229361
v -0.833359 0.167471 -0.229361
v -0.833359 0.156560 -0.248709
v -0.416679 0.200207 -0.171314
v -0.416679 0.189295 -0.190663
v 0.000000 0.189295 -0.190663
v 0.000000 0.200206 -0.171314
v -0.833359 0.200207 -0.171314
v -0.833359 0.189295 -0.190663
v -0.833359 0.189295 -0.190663
v -0.833359 0.178383 -0.210012
v 0.416679 0.200206 -0.171314
v 0.416679 0.189295 -0.190662
v 0.833359 0.189295 -0.190662
v 0.833359 0.200206 -0.171313
v -0.416679 0.112505 -0.299587
v 0.000000 0.112505 -0.299587
v -0.833359 0.127190 -0.282628
v -0.833359 0.112505 -0.299588
v -0.833359 0.112505 -0.299588
v -0.833359 0.097821 -0.316547
v -0.416679 0.156560 -0.248709
v -0.416679 0.141875 -0.265669
v 0.000000 0.141875 -0.265668
v 0.000000 0.156559 -0.248709
v -0.833359 0.156560 -0.248709
v -0.833359 0.141875 -0.265669
v -0.833359 0.141875 -0.265669
v 0.416679 0.156559 -0.248709
v 0.416679 0.141875 -0.265668
v 0.833359 0.141875 -0.265668
v 0.833359 0.156559 -0.248709
v -0.416679 0.044140 -0.358301
v 0.000000 0.044140 -0.358301
v -0.833359 0.062034 -0.344383
v -0.833359 0.044140 -0.358302
v -0.833359 0.044140 -0.358302
v -0.833359 0.026247 -0.372220
v -0.416679 0.097821 -0.316547
v -0.416679 0.079927 -0.330465
v 0.000000 0.079927 -0.330465
v 0.000000 0.097821 -0.316546
v -0.833359 0.097821 -0.316547
v -0.833359 0.079927 -0.330465
v -0.833359 0.079927 -0.330465
v 0.416679 0.097821 -0.316546
v 0.416679 0.079927 -0.330464
v 0.833359 0.079927 -0.330464
v 0.833359 0.097820 -0.316546
v -0.416679 -0.014582 -0.392904
v -0.416679 -0.034996 -0.403246
v 0.000000 -0.034996 -0.403246
v 0.000000 -0.014582 -0.392904
v -0.833359 -0.014582 -0.392904
v -0.833359 -0.034996 -0.403246
v -0.833359 -0.034996 -0.403246
v -0.833359 -0.055411 -0.413588
v -0.416679 0.026247 -0.372220
v -0.416679 0.005832 -0.382562
v 0.000000 0.005832 -0.382561
v 0.000000 0.026247 -0.372219
v -0.833359 0.026247 -0.372220
v -0.833359 0.005832 -0.382562
v -0.833359 0.005832 -0.382562
v -0.833359 -0.014582 -0.392904
v 0.416680 0.026247 -0.372219
v 0.416680 0.005832 -0.382561
v 0.833359 0.005832 -0.382561
v 0.833359 0.026247 -0.372219
v -0.416679 -0.099713 -0.426326
v 0.000000 -0.099713 -0.426325
v -0.833359 -0.099713 -0.426326
v -0.833359 -0.121864 -0.432694
v -0.833359 -0.144015 -0.439063
v -0.416679 -0.055411 -0.413588
v 0.000000 -0.055411 -0.413588
v -0.833359 -0.055411 -0.413588
v -0.833359 -0.077562 -0.419957
v -0.833359 -0.099713 -0.426326
v 0.416680 -0.055411 -0.413588
v 0.833359 -0.055411 -0.413587
v -0.416679 -0.190087 -0.443364
v -0.416679 -0.213123 -0.445514
v 0.000000 -0.213123 -0.445514
v 0.000000 -0.190087 -0.443363
v -0.833359 -0.190087 -0.443364
v -0.833359 -0.213123 -0.445514
v -0.833359 -0.213123 -0.445514
v -0.833359 -0.236160 -0.447665
v -0.416679 -0.144015 -0.439063
v -0.416679 -0.167051 -0.441213
v 0.000000 -0.167051 -0.441213
v 0.000000 -0.144015 -0.439063
v -0.833359 -0.144015 -0.439063
v -0.833359 -0.167051 -0.441213
v -0.833359 -0.167051 -0.441213
v -0.833359 -0.190087 -0.443364
v 0.416680 -0.144015 -0.439062
v 0.416680 -0.167051 -0.441213
v 0.833359 -0.167051 -0.441213
v 0.833359 -0.144015 -0.439062
v -0.416680 -0.190087 0.443363
v -0.416680 -0.167051 0.441213
v -0.000000 -0.167051 0.441213
v -0.000000 -0.190087 0.443363
v -0.833359 -0.190087 0.443363
v -0.833359 -0.167051 0.441213
v -0.833359 -0.167051 0.441213
v -0.833359 -0.144015 0.439062
v -0.416680 -0.236160 0.447664
v -0.416680 -0.213123 0.445514
v -0.000000 -0.213123 0.445514
v -0.000000 -0.236160 0.447664
v -0.833359 -0.236160 0.447664
v -0.833359 -0.213123 0.445513
v -0.833359 -0.213123 0.445513
v -0.833359 -0.190087 0.443363
v 0.416679 -0.236160 0.447665
v 0.416679 -0.213123 0.445514
v 0.833358 -0.213123 0.445514
v 0.833358 -0.236160 0.447665
v -0.416680 -0.099713 0.426325
v -0.000000 -0.099713 0.426325
v -0.833359 -0.099713 0.426325
v -0.833359 -0.077562 0.419956
v -0.833359 -0.055411 0.413587
v -0.416680 -0.144015 0.439062
v -0.000000 -0.144015 0.439063
v -0.833359 -0.144015 0.439062
v -0.833359 -0.121864 0.432693
v -0.833359 -0.099713 0.426325
v 0.416679 -0.144015 0.439063
v 0.833358 -0.144015 0.439063
v -0.416680 -0.014582 0.392903
v -0.416680 0.005832 0.382561
v -0.000000 0.005832 0.382561
v -0.000000 -0.014582 0.392904
v -0.833359 -0.014582 0.392903
v -0.833359 0.005832 0.382561
v -0.833359 0.005832 0.382561
v -0.833359 0.026247 0.372219
v -0.416680 -0.055411 0.413588
v -0.416680 -0.034996 0.403246
v -0.000000 -0.034996 0.403246
v -0.000000 -0.055411 0.413588
v -0.833359 -0.055411 0.413587
v -0.833359 -0.034996 0.403245
v -0.833359 -0.034996 0.403245
v -0.833359 -0.014582 0.392903
v 0.416679 -0.055411 0.413588
v 0.416679 -0.034996 0.403246
v 0.833358 -0.034996 0.403246
v 0.833358 -0.055411 0.413588
v -0.416680 0.079927 0.330464
v -0.000000 0.079927 0.330465
v -0.833359 0.062034 0.344382
v -0.833359 0.079927 0.330464
v -0.833359 0.079927 0.330464
v -0.833359 0.097821 0.316546
v -0.416680 0.026247 0.372219
v -0.416680 0.044140 0.358301
v -0.000000 0.044140 0.358301
v -0.000000 0.026247 0.372219
v -0.833359 0.026247 0.372219
v -0.833359 0.044140 0.358301
v -0.833359 0.044140 0.358301
v 0.416679 0.026247 0.372220
v 0.416679 0.044140 0.358301
v 0.833358 0.044140 0.358302
v 0.833358 0.026247 0.372220
v -0.416680 0.141875 0.265668
v -0.000000 0.141875 0.265668
v -0.833359 0.127190 0.282627
v -0.833359 0.141875 0.265668
v -0.833359 0.141875 0.265668
v -0.833359 0.156560 0.248709
v -0.416680 0.097821 0.316546
v -0.416680 0.112505 0.299587
v -0.000000 0.112505 0.299587
v -0.000000 0.097821 0.316546
v -0.833359 0.097821 0.316546
v -0.833359 0.112505 0.299587
v -0.833359 0.112505 0.299587
v 0.416679 0.097821 0.316547
v 0.416679 0.112505 0.299587
v 0.833358 0.112505 0.299588
v 0.833358 0.097820 0.316547
v -0.416680 0.178383 0.210011
v -0.416680 0.189295 0.190662
v -0.000000 0.189295 0.190663
v -0.000000 0.178383 0.210011
v -0.833359 0.178383 0.210011
v -0.833359 0.189295 0.190662
v -0.833359 0.189295 0.190662
v -0.833359 0.200207 0.171313
v -0.416680 0.156560 0.248709
v -0.416680 0.167471 0.229360
v -0.000000 0.167471 0.229360
v -0.000000 0.156559 0.248709
v -0.833359 0.156560 0.248709
v -0.833359 0.167471 0.229360
v -0.833359 0.167471 0.229360
v -0.833359 0.178383 0.210011
v 0.416679 0.156559 0.248709
v 0.416679 0.167471 0.229360
v 0.833359 0.167471 0.229361
v 0.833359 0.156559 0.248709
v -0.416680 0.213645 0.129324
v -0.000000 0.213645 0.129324
v -0.833359 0.213645 0.129324
v -0.833359 0.220365 0.108329
v -0.833359 0.227084 0.087335
v -0.416680 0.200207 0.171314
v -0.000000 0.200206 0.171314
v -0.833359 0.200207 0.171313
v -0.833359 0.206926 0.150319
v -0.833359 0.213645 0.129324
v 0.416679 0.200206 0.171314
v 0.833359 0.200206 0.171314
v -0.416680 0.231622 0.043667
v -0.416679 0.233891 0.021834
v -0.000000 0.233891 0.021834
v -0.000000 0.231622 0.043667
v -0.833359 0.231622 0.043667
v -0.833359 0.233891 0.021833
v -0.833359 0.233891 0.021833
v -0.833359 0.236160 -0.000000
v -0.416680 0.227084 0.087335
v -0.416680 0.229353 0.065501
v -0.000000 0.229353 0.065501
v -0.000000 0.227084 0.087335
v -0.833359 0.227084 0.087335
v -0.833359 0.229353 0.065501
v -0.833359 0.229353 0.065501
v -0.833359 0.231622 0.043667
v 0.416679 0.227084 0.087335
v 0.416679 0.229353 0.065501
v 0.833359 0.229353 0.065502
v 0.833359 0.227084 0.087335
v 0.423509 0.152213 -0.018040
v 0.423509 0.150339 -0.036079
v 0.000000 0.154088 0.000000
v 0.423509 0.154088 0.000000
v 0.423509 0.152213 -0.018040
v 0.000000 0.152213 -0.018040
v 0.423509 0.154088 0.000000
v 0.847017 0.154088 0.000000
v 0.847017 0.152213 -0.018039
v 0.423509 0.152213 -0.018040
v -0.847017 0.152213 -0.018040
v -0.847017 0.150339 -0.036080
v -0.847017 0.154088 -0.000000
v -0.423509 0.154088 -0.000000
v -0.423509 0.152213 -0.018040
v -0.847017 0.152213 -0.018040
v -0.847017 0.148464 -0.054120
v -0.847017 0.146589 -0.072160
v -0.847017 0.150339 -0.036080
v -0.423509 0.150339 -0.036080
v -0.423509 0.148464 -0.054120
v -0.847017 0.148464 -0.054120
v 0.000000 0.150339 -0.036080
v 0.000000 0.148464 -0.054119
v 0.423509 0.141038 -0.089506
v 0.423509 0.135486 -0.106852
v 0.000000 0.146589 -0.072159
v 0.423509 0.146589 -0.072159
v 0.423509 0.141038 -0.089506
v 0.000000 0.141038 -0.089506
v 0.423509 0.146589 -0.072159
v 0.847017 0.146589 -0.072159
v 0.847017 0.141038 -0.089505
v 0.423509 0.141038 -0.089506
v -0.847017 0.141038 -0.089506
v -0.423509 0.141038 -0.089506
v -0.423509 0.135486 -0.106853
v -0.847017 0.135486 -0.106853
v -0.847017 0.146589 -0.072160
v -0.423509 0.146589 -0.072160
v -0.423509 0.141038 -0.089506
v -0.847017 0.141038 -0.089506
v -0.423509 0.146589 -0.072160
v -0.423509 0.141038 -0.089506
v -0.847017 0.129934 -0.124199
v -0.423509 0.129934 -0.124199
v -0.423508 0.124382 -0.141546
v -0.847017 0.124382 -0.141546
v -0.847017 0.135486 -0.106853
v -0.423509 0.135486 -0.106853
v -0.423509 0.129934 -0.124199
v -0.847017 0.129934 -0.124199
v -0.423509 0.135486 -0.106853
v 0.000000 0.135486 -0.106852
v 0.000000 0.129934 -0.124199
v -0.423509 0.129934 -0.124199
v 0.000000 0.115366 -0.157532
v 0.000000 0.106351 -0.173519
v 0.000000 0.124382 -0.141546
v 0.423509 0.124382 -0.141545
v 0.423509 0.115366 -0.157532
v 0.000000 0.115366 -0.157532
v 0.423509 0.124382 -0.141545
v 0.847017 0.124382 -0.141545
v 0.847017 0.115366 -0.157532
v 0.423509 0.115366 -0.157532
v -0.847017 0.115366 -0.157533
v -0.847017 0.106351 -0.173519
v -0.847017 0.124382 -0.141546
v -0.423508 0.124382 -0.141546
v -0.423508 0.115366 -0.157532
v -0.847017 0.115366 -0.157533
v 0.000000 0.124382 -0.141546
v 0.000000 0.115366 -0.157532
v -0.847017 0.097335 -0.189506
v -0.847017 0.088319 -0.205493
v -0.847017 0.106351 -0.173519
v -0.423508 0.106351 -0.173519
v 0.000000 0.106351 -0.173519
v 0.000000 0.076186 -0.219505
v 0.423509 0.076186 -0.219505
v 0.423509 0.064053 -0.233517
v 0.000000 0.064053 -0.233517
v 0.000000 0.088319 -0.205492
v 0.423509 0.088319 -0.205492
v 0.423509 0.076186 -0.219505
v 0.000000 0.076186 -0.219505
v 0.423509 0.088319 -0.205492
v 0.847017 0.088319 -0.205492
v 0.847017 0.076186 -0.219504
v 0.423509 0.076186 -0.219505
v -0.847017 0.076186 -0.219505
v -0.423508 0.076186 -0.219505
v -0.423508 0.064053 -0.233517
v -0.847017 0.064053 -0.233518
v -0.847017 0.088319 -0.205493
v -0.423508 0.088319 -0.205493
v -0.423508 0.076186 -0.219505
v -0.847017 0.076186 -0.219505
v -0.423508 0.088319 -0.205493
v -0.423508 0.076186 -0.219505
v -0.847017 0.051920 -0.247530
v -0.423508 0.051920 -0.247530
v -0.423508 0.039787 -0.261542
v -0.847017 0.039787 -0.261543
v -0.423508 0.051920 -0.247530
v -0.847017 0.051920 -0.247530
v 0.000000 0.051920 -0.247530
v -0.423508 0.051920 -0.247530
v 0.000000 0.039787 -0.261542
v 0.423509 0.039787 -0.261542
v 0.423509 0.025003 -0.273042
v 0.000000 0.025003 -0.273042
v 0.847017 0.039787 -0.261542
v 0.847017 0.025003 -0.273041
v -0.847017 0.025003 -0.273042
v -0.847017 0.010219 -0.284542
v -0.847017 0.039787 -0.261543
v -0.423508 0.039787 -0.261542
v -0.423508 0.025003 -0.273042
v -0.847017 0.025003 -0.273042
v -0.847017 -0.004565 -0.296042
v -0.847017 -0.019350 -0.307541
v -0.847017 0.010219 -0.284542
v -0.423508 0.010219 -0.284542
v -0.423508 -0.004565 -0.296042
v -0.847017 -0.004565 -0.296042
v 0.000000 0.010219 -0.284542
v 0.000000 -0.004565 -0.296041
v 0.000000 -0.019350 -0.307541
v 0.423509 -0.019350 -0.307541
v 0.423509 -0.036217 -0.316086
v 0.000000 -0.036217 -0.316086
v 0.847017 -0.019350 -0.307541
v 0.847017 -0.036217 -0.316086
v -0.847017 -0.036217 -0.316087
v -0.847017 -0.053084 -0.324632
v -0.847017 -0.019350 -0.307541
v -0.423508 -0.019350 -0.307541
v -0.423508 -0.036217 -0.316086
v -0.847017 -0.036217 -0.316087
v -0.847017 -0.069951 -0.333177
v -0.847017 -0.086818 -0.341722
v -0.847017 -0.053084 -0.324632
v -0.423508 -0.053084 -0.324631
v 0.000000 -0.053084 -0.324631
v 0.000000 -0.105120 -0.346983
v 0.000000 -0.123422 -0.352245
v 0.000000 -0.086818 -0.341721
v 0.423509 -0.086818 -0.341721
v 0.423509 -0.105120 -0.346983
v 0.000000 -0.105120 -0.346983
v 0.847017 -0.086818 -0.341721
v 0.847017 -0.105120 -0.346983
v -0.847017 -0.105120 -0.346984
v -0.847017 -0.123422 -0.352246
v -0.847017 -0.086818 -0.341722
v -0.423508 -0.086818 -0.341722
v -0.423508 -0.105120 -0.346984
v -0.847017 -0.105120 -0.346984
v 0.000000 -0.086818 -0.341721
v 0.000000 -0.105120 -0.346983
v -0.847017 -0.141724 -0.357508
v -0.847017 -0.160026 -0.362770
v -0.423508 -0.141724 -0.357508
v -0.847017 -0.141724 -0.357508
v 0.000000 -0.141724 -0.357507
v 0.000000 -0.179059 -0.364546
v 0.423509 -0.179059 -0.364546
v 0.423509 -0.198093 -0.366323
v 0.000000 -0.198093 -0.366323
v 0.000000 -0.160026 -0.362769
v 0.423509 -0.160026 -0.362769
v 0.847017 -0.160026 -0.362769
v -0.847017 -0.179059 -0.364547
v -0.423508 -0.179059 -0.364546
v -0.423508 -0.198093 -0.366323
v -0.847017 -0.198093 -0.366323
v -0.847017 -0.160026 -0.362770
v -0.423508 -0.160026 -0.362770
v -0.847017 -0.179059 -0.364547
v -0.423508 -0.160026 -0.362770
v 0.000000 -0.160026 -0.362769
v 0.000000 -0.179059 -0.364546
v -0.423508 -0.179059 -0.364546
v -0.847017 -0.217126 -0.368100
v -0.423508 -0.217126 -0.368100
v -0.423508 -0.236159 -0.369877
v -0.847017 -0.236159 -0.369877
v -0.000000 -0.217126 0.368100
v 0.423508 -0.217126 0.368100
v 0.423508 -0.198093 0.366323
v -0.000000 -0.198093 0.366323
v -0.000000 -0.236159 0.369876
v 0.423508 -0.236159 0.369877
v 0.423508 -0.217126 0.368100
v -0.000000 -0.217126 0.368100
v 0.423508 -0.236159 0.369877
v 0.847017 -0.236159 0.369877
v 0.847017 -0.217126 0.368100
v 0.423508 -0.217126 0.368100
v -0.847017 -0.217126 0.368099
v -0.423509 -0.217126 0.368099
v -0.423509 -0.198093 0.366323
v -0.847017 -0.198093 0.366322
v -0.847017 -0.236159 0.369876
v -0.423509 -0.236159 0.369876
v -0.423509 -0.217126 0.368099
v -0.847017 -0.217126 0.368099
v -0.847017 -0.179059 0.364546
v -0.423509 -0.179059 0.364546
v -0.423509 -0.160026 0.362769
v -0.847017 -0.160026 0.362769
v -0.847017 -0.198093 0.366322
v -0.423509 -0.198093 0.366323
v -0.423509 -0.179059 0.364546
v -0.847017 -0.179059 0.364546
v -0.000000 -0.179059 0.364546
v -0.423509 -0.179059 0.364546
v -0.000000 -0.141724 0.357507
v -0.000000 -0.123422 0.352245
v -0.000000 -0.160026 0.362769
v 0.423508 -0.160026 0.362770
v 0.423508 -0.141724 0.357508
v -0.000000 -0.141724 0.357507
v 0.847017 -0.160026 0.362770
v 0.847017 -0.141724 0.357508
v -0.847017 -0.141724 0.357507
v -0.847017 -0.123422 0.352245
v -0.847017 -0.160026 0.362769
v -0.423509 -0.160026 0.362769
v -0.423509 -0.141724 0.357507
v -0.847017 -0.141724 0.357507
v -0.000000 -0.160026 0.362769
v -0.000000 -0.141724 0.357507
v -0.847017 -0.105120 0.346983
v -0.847017 -0.086818 0.341721
v -0.423509 -0.105120 0.346983
v -0.847017 -0.105120 0.346983
v -0.000000 -0.105120 0.346983
v -0.000000 -0.086818 0.341721
v 0.423508 -0.086818 0.341722
v 0.847017 -0.086818 0.341722
v -0.847017 -0.069951 0.333176
v -0.847017 -0.053084 0.324631
v -0.847017 -0.086818 0.341721
v -0.423509 -0.086818 0.341721
v -0.847017 -0.036217 0.316086
v -0.847017 -0.019350 0.307541
v -0.847017 -0.053084 0.324631
v -0.423509 -0.053084 0.324631
v -0.423509 -0.036217 0.316086
v -0.847017 -0.036217 0.316086
v -0.000000 -0.053084 0.324631
v -0.000000 -0.036217 0.316086
v -0.000000 -0.019350 0.307541
v 0.423508 -0.019350 0.307541
v 0.423508 -0.004565 0.296042
v -0.000000 -0.004565 0.296041
v 0.847017 -0.019350 0.307541
v 0.847017 -0.004565 0.296042
v -0.847017 -0.004565 0.296041
v -0.847017 0.010219 0.284541
v -0.847017 -0.019350 0.307541
v -0.423509 -0.019350 0.307541
v -0.423509 -0.004565 0.296041
v -0.847017 -0.004565 0.296041
v -0.847017 0.025003 0.273041
v -0.847017 0.039787 0.261542
v -0.847017 0.010219 0.284541
v -0.423509 0.010219 0.284541
v -0.423509 0.025003 0.273042
v -0.847017 0.025003 0.273041
v -0.000000 0.010219 0.284542
v -0.000000 0.025003 0.273042
v -0.000000 0.051920 0.247530
v 0.423508 0.051920 0.247530
v 0.423508 0.064053 0.233517
v -0.000000 0.064053 0.233517
v -0.000000 0.039787 0.261542
v 0.423508 0.039787 0.261542
v 0.423508 0.051920 0.247530
v -0.000000 0.051920 0.247530
v 0.423508 0.039787 0.261542
v 0.847017 0.039787 0.261543
v 0.847017 0.051920 0.247530
v 0.423508 0.051920 0.247530
v -0.847017 0.051920 0.247529
v -0.423509 0.051920 0.247529
v -0.423509 0.064053 0.233517
v -0.847017 0.064053 0.233517
v -0.847017 0.039787 0.261542
v -0.423509 0.039787 0.261542
v -0.423509 0.051920 0.247529
v -0.847017 0.051920 0.247529
v -0.423509 0.039787 0.261542
v -0.423509 0.051920 0.247529
v -0.847017 0.076186 0.219504
v -0.423509 0.076186 0.219505
v -0.423509 0.088319 0.205492
v -0.847017 0.088319 0.205492
v -0.847017 0.064053 0.233517
v -0.423509 0.064053 0.233517
v -0.423509 0.076186 0.219505
v -0.847017 0.076186 0.219504
v -0.423509 0.064053 0.233517
v -0.000000 0.064053 0.233517
v -0.000000 0.076186 0.219505
v -0.423509 0.076186 0.219505
v -0.000000 0.097335 0.189506
v 0.423508 0.097335 0.189506
v 0.423508 0.106351 0.173519
v -0.000000 0.106351 0.173519
v -0.000000 0.088319 0.205492
v 0.423508 0.088319 0.205493
v 0.423508 0.097335 0.189506
v -0.000000 0.097335 0.189506
v 0.423508 0.088319 0.205493
v 0.847017 0.088319 0.205493
v 0.847017 0.097335 0.189506
v 0.423508 0.097335 0.189506
v -0.847017 0.097335 0.189505
v -0.847017 0.106351 0.173519
v -0.847017 0.088319 0.205492
v -0.423509 0.088319 0.205492
v -0.423509 0.097335 0.189505
v -0.847017 0.097335 0.189505
v -0.000000 0.088319 0.205492
v -0.000000 0.097335 0.189506
v -0.847017 0.115366 0.157532
v -0.847017 0.124382 0.141545
v -0.847017 0.106351 0.173519
v -0.423509 0.106351 0.173519
v -0.423509 0.115366 0.157532
v -0.847017 0.115366 0.157532
v -0.000000 0.106351 0.173519
v -0.000000 0.115366 0.157532
v 0.423509 0.129934 0.124199
v 0.423509 0.135486 0.106853
v -0.000000 0.124382 0.141546
v 0.423508 0.124382 0.141546
v 0.423509 0.129934 0.124199
v -0.000000 0.129934 0.124199
v 0.423508 0.124382 0.141546
v 0.847017 0.124382 0.141546
v 0.847017 0.129934 0.124199
v 0.423509 0.129934 0.124199
v -0.847017 0.129934 0.124199
v -0.423509 0.129934 0.124199
v -0.423509 0.135486 0.106852
v -0.847017 0.135486 0.106852
v -0.847017 0.124382 0.141545
v -0.423509 0.124382 0.141545
v -0.423509 0.129934 0.124199
v -0.847017 0.129934 0.124199
v -0.423509 0.124382 0.141545
v -0.423509 0.129934 0.124199
v -0.847017 0.141038 0.089505
v -0.423509 0.141038 0.089506
v -0.423509 0.146589 0.072159
v -0.847017 0.146589 0.072159
v -0.423509 0.141038 0.089506
v -0.847017 0.141038 0.089505
v -0.000000 0.141038 0.089506
v -0.423509 0.141038 0.089506
v -0.000000 0.148464 0.054119
v 0.423509 0.148464 0.054120
v 0.423509 0.150339 0.036080
v -0.000000 0.150339 0.036080
v -0.000000 0.146589 0.072159
v 0.423509 0.146589 0.072160
v 0.423509 0.148464 0.054120
v -0.000000 0.148464 0.054119
v 0.423509 0.146589 0.072160
v 0.847017 0.146589 0.072160
v 0.847017 0.148464 0.054120
v 0.423509 0.148464 0.054120
v -0.847017 0.148464 0.054119
v -0.847017 0.150339 0.036079
v -0.847017 0.146589 0.072159
v -0.423509 0.146589 0.072159
v -0.423509 0.148464 0.054119
v -0.847017 0.148464 0.054119
v -0.000000 0.146589 0.072159
v -0.000000 0.148464 0.054119
v -0.847017 0.152213 0.018039
v -0.847017 0.154088 -0.000000
v -0.423509 0.152213 0.018040
v -0.847017 0.152213 0.018039
v -0.000000 0.152213 0.018040
v -0.836773 0.194105 -0.123707
v -0.836773 0.200533 -0.103624
v -0.840188 0.180701 -0.098918
v -0.840188 0.174566 -0.118089
v -0.833359 0.213645 -0.129325
v -0.833359 0.220365 -0.108330
v -0.836773 0.200533 -0.103624
v -0.836773 0.194105 -0.123707
v -0.833359 0.220365 -0.108330
v -0.833359 0.227084 -0.087335
v -0.836773 0.206961 -0.083542
v -0.836773 0.200533 -0.103624
v -0.836773 0.181250 -0.163872
v -0.836773 0.187678 -0.143789
v -0.840188 0.168430 -0.137259
v -0.840188 0.162294 -0.156430
v -0.833359 0.200207 -0.171314
v -0.833359 0.206926 -0.150320
v -0.836773 0.187678 -0.143789
v -0.836773 0.181250 -0.163872
v -0.833359 0.206926 -0.150320
v -0.833359 0.213645 -0.129325
v -0.836773 0.194105 -0.123707
v -0.836773 0.187678 -0.143789
v -0.843603 0.143338 -0.148988
v -0.843603 0.149182 -0.130729
v -0.847017 0.129934 -0.124199
v -0.847017 0.124382 -0.141546
v -0.840188 0.162294 -0.156430
v -0.840188 0.168430 -0.137259
v -0.843603 0.149182 -0.130729
v -0.843603 0.143338 -0.148988
v -0.840188 0.168430 -0.137259
v -0.840188 0.174566 -0.118089
v -0.843603 0.155026 -0.112471
v -0.843603 0.149182 -0.130729
v 0.836773 0.049080 0.329423
v 0.836773 0.066196 0.316109
v 0.840188 0.052465 0.301754
v 0.840188 0.036126 0.314463
v 0.833358 0.062034 0.344383
v 0.833358 0.079927 0.330465
v 0.836773 0.066196 0.316109
v 0.836773 0.049080 0.329423
v 0.833358 0.079927 0.330465
v 0.833358 0.097820 0.316547
v 0.836773 0.083312 0.302796
v 0.836773 0.066196 0.316109
v 0.836773 0.014848 0.356050
v 0.836773 0.031964 0.342737
v 0.840188 0.019787 0.327172
v 0.840188 0.003449 0.339881
v 0.833358 0.026247 0.372220
v 0.833358 0.044140 0.358302
v 0.836773 0.031964 0.342737
v 0.836773 0.014848 0.356050
v 0.833358 0.044140 0.358302
v 0.833358 0.062034 0.344383
v 0.836773 0.049080 0.329423
v 0.836773 0.031964 0.342737
v 0.843602 -0.007950 0.323711
v 0.843602 0.007611 0.311607
v 0.847017 -0.004565 0.296042
v 0.847017 -0.019350 0.307541
v 0.840188 0.003449 0.339881
v 0.840188 0.019787 0.327172
v 0.843602 0.007611 0.311607
v 0.843602 -0.007950 0.323711
v 0.840188 0.019787 0.327172
v 0.840188 0.036126 0.314463
v 0.843602 0.023173 0.299502
v 0.843602 0.007611 0.311607
v 0.836773 0.194105 -0.123706
v 0.836773 0.187678 -0.143789
v 0.840188 0.168430 -0.137259
v 0.840188 0.174566 -0.118088
v 0.833359 0.213645 -0.129324
v 0.833359 0.206926 -0.150319
v 0.836773 0.187678 -0.143789
v 0.836773 0.194105 -0.123706
v 0.833359 0.206926 -0.150319
v 0.833359 0.200206 -0.171313
v 0.836773 0.181250 -0.163871
v 0.836773 0.187678 -0.143789
v 0.836773 0.206960 -0.083541
v 0.836773 0.200533 -0.103623
v 0.840188 0.180701 -0.098917
v 0.840188 0.186837 -0.079747
v 0.833359 0.227084 -0.087335
v 0.833359 0.220365 -0.108329
v 0.836773 0.200533 -0.103623
v 0.836773 0.206960 -0.083541
v 0.833359 0.220365 -0.108329
v 0.833359 0.213645 -0.129324
v 0.836773 0.194105 -0.123706
v 0.836773 0.200533 -0.103623
v 0.843603 0.166713 -0.075953
v 0.843603 0.160869 -0.094211
v 0.847017 0.141038 -0.089505
v 0.847017 0.146589 -0.072159
v 0.840188 0.186837 -0.079747
v 0.840188 0.180701 -0.098917
v 0.843603 0.160869 -0.094211
v 0.843603 0.166713 -0.075953
v 0.840188 0.180701 -0.098917
v 0.840188 0.174566 -0.118088
v 0.843603 0.155026 -0.112470
v 0.843603 0.160869 -0.094211
v -0.836774 0.111406 0.270350
v -0.836774 0.097359 0.286572
v -0.840188 0.082213 0.273558
v -0.840188 0.095622 0.258072
v -0.833359 0.127190 0.282627
v -0.833359 0.112505 0.299587
v -0.836774 0.097359 0.286572
v -0.836774 0.111406 0.270350
v -0.833359 0.112505 0.299587
v -0.833359 0.097821 0.316546
v -0.836774 0.083312 0.302795
v -0.836774 0.097359 0.286572
v -0.836774 0.139500 0.237904
v -0.836774 0.125453 0.254127
v -0.840188 0.109031 0.242586
v -0.840188 0.122439 0.227100
v -0.833359 0.156560 0.248709
v -0.833359 0.141875 0.265668
v -0.836774 0.125453 0.254127
v -0.836774 0.139500 0.237904
v -0.833359 0.141875 0.265668
v -0.833359 0.127190 0.282627
v -0.836774 0.111406 0.270350
v -0.836774 0.125453 0.254127
v -0.843603 0.105379 0.216296
v -0.843603 0.092608 0.231045
v -0.847017 0.076186 0.219504
v -0.847017 0.088319 0.205492
v -0.840188 0.122439 0.227100
v -0.840188 0.109031 0.242586
v -0.843603 0.092608 0.231045
v -0.843603 0.105379 0.216296
v -0.840188 0.109031 0.242586
v -0.840188 0.095622 0.258072
v -0.843603 0.079838 0.245794
v -0.843603 0.092608 0.231045
v -0.836773 0.160375 -0.200889
v -0.836773 0.170813 -0.182380
v -0.840188 0.152331 -0.174098
v -0.840188 0.142367 -0.191766
v -0.833359 0.178383 -0.210012
v -0.833359 0.189295 -0.190663
v -0.836773 0.170813 -0.182380
v -0.836773 0.160375 -0.200889
v -0.833359 0.200207 -0.171314
v -0.836773 0.181250 -0.163872
v -0.836773 0.139500 -0.237905
v -0.836773 0.149937 -0.219397
v -0.840188 0.132403 -0.209433
v -0.840188 0.122439 -0.227101
v -0.833359 0.156560 -0.248709
v -0.833359 0.167471 -0.229361
v -0.836773 0.149937 -0.219397
v -0.836773 0.139500 -0.237905
v -0.833359 0.167471 -0.229361
v -0.836773 0.149937 -0.219397
v -0.843603 0.105379 -0.216297
v -0.843603 0.114869 -0.199470
v -0.847017 0.097335 -0.189506
v -0.847017 0.088319 -0.205493
v -0.840188 0.122439 -0.227101
v -0.840188 0.132403 -0.209433
v -0.843603 0.114869 -0.199470
v -0.843603 0.105379 -0.216297
v -0.840188 0.132403 -0.209433
v -0.840188 0.142367 -0.191766
v -0.843603 0.124359 -0.182643
v -0.843603 0.114869 -0.199470
v 0.836773 0.111406 0.270351
v 0.836773 0.125453 0.254128
v 0.840188 0.109031 0.242587
v 0.840188 0.095622 0.258073
v 0.833358 0.127190 0.282628
v 0.833359 0.141875 0.265669
v 0.836773 0.125453 0.254128
v 0.836773 0.111406 0.270351
v 0.833359 0.141875 0.265669
v 0.833359 0.156559 0.248709
v 0.836773 0.139499 0.237905
v 0.836773 0.125453 0.254128
v 0.836773 0.083312 0.302796
v 0.836773 0.097359 0.286573
v 0.840188 0.082213 0.273559
v 0.840188 0.068804 0.289045
v 0.833358 0.097820 0.316547
v 0.833358 0.112505 0.299588
v 0.836773 0.097359 0.286573
v 0.836773 0.083312 0.302796
v 0.833358 0.112505 0.299588
v 0.833358 0.127190 0.282628
v 0.836773 0.111406 0.270351
v 0.836773 0.097359 0.286573
v 0.843603 0.054295 0.275294
v 0.843603 0.067066 0.260545
v 0.847017 0.051920 0.247530
v 0.847017 0.039787 0.261543
v 0.840188 0.068804 0.289045
v 0.840188 0.082213 0.273559
v 0.843603 0.067066 0.260545
v 0.843603 0.054295 0.275294
v 0.840188 0.082213 0.273559
v 0.840188 0.095622 0.258073
v 0.843603 0.079837 0.245795
v 0.843603 0.067066 0.260545
v 0.836773 0.160375 -0.200888
v 0.836773 0.149937 -0.219396
v 0.840188 0.132403 -0.209432
v 0.840188 0.142367 -0.191765
v 0.833359 0.178383 -0.210011
v 0.833359 0.167471 -0.229360
v 0.836773 0.149937 -0.219396
v 0.836773 0.160375 -0.200888
v 0.833359 0.167471 -0.229360
v 0.833359 0.156559 -0.248709
v 0.836773 0.139499 -0.237904
v 0.836773 0.149937 -0.219396
v 0.836773 0.181250 -0.163871
v 0.836773 0.170813 -0.182380
v 0.840188 0.152331 -0.174097
v 0.840188 0.162294 -0.156429
v 0.833359 0.200206 -0.171313
v 0.833359 0.189295 -0.190662
v 0.836773 0.170813 -0.182380
v 0.836773 0.181250 -0.163871
v 0.833359 0.189295 -0.190662
v 0.833359 0.178383 -0.210011
v 0.836773 0.160375 -0.200888
v 0.836773 0.170813 -0.182380
v 0.843603 0.143338 -0.148987
v 0.843603 0.133848 -0.165814
v 0.847017 0.115366 -0.157532
v 0.847017 0.124382 -0.141545
v 0.840188 0.162294 -0.156429
v 0.840188 0.152331 -0.174097
v 0.843603 0.133848 -0.165814
v 0.843603 0.143338 -0.148987
v 0.840188 0.152331 -0.174097
v 0.840188 0.142367 -0.191765
v 0.843603 0.124359 -0.182642
v 0.843603 0.133848 -0.165814
v -0.836774 0.160375 0.200888
v -0.836774 0.149937 0.219396
v -0.840188 0.132403 0.209432
v -0.840188 0.142367 0.191765
v -0.833359 0.178383 0.210011
v -0.833359 0.167471 0.229360
v -0.836774 0.149937 0.219396
v -0.836774 0.160375 0.200888
v -0.833359 0.167471 0.229360
v -0.833359 0.156560 0.248709
v -0.836774 0.139500 0.237904
v -0.836774 0.149937 0.219396
v -0.836773 0.181250 0.163871
v -0.836774 0.170813 0.182380
v -0.840188 0.152331 0.174097
v -0.840188 0.162294 0.156429
v -0.833359 0.200207 0.171313
v -0.833359 0.189295 0.190662
v -0.836774 0.170813 0.182380
v -0.836773 0.181250 0.163871
v -0.843603 0.143338 0.148987
v -0.843603 0.133849 0.165814
v -0.847017 0.115366 0.157532
v -0.847017 0.124382 0.141545
v -0.840188 0.162294 0.156429
v -0.840188 0.152331 0.174097
v -0.843603 0.133849 0.165814
v -0.843603 0.143338 0.148987
v -0.840188 0.152331 0.174097
v -0.840188 0.142367 0.191765
v -0.843603 0.124359 0.182642
v -0.843603 0.133849 0.165814
v -0.836773 0.111406 -0.270351
v -0.836773 0.125453 -0.254128
v -0.840188 0.109031 -0.242587
v -0.840188 0.095622 -0.258073
v -0.833359 0.127190 -0.282628
v -0.833359 0.141875 -0.265669
v -0.836773 0.125453 -0.254128
v -0.836773 0.111406 -0.270351
v -0.833359 0.141875 -0.265669
v -0.833359 0.156560 -0.248709
v -0.836773 0.139500 -0.237905
v -0.836773 0.125453 -0.254128
v -0.836773 0.083312 -0.302796
v -0.840188 0.068804 -0.289045
v -0.833359 0.097821 -0.316547
v -0.833359 0.112505 -0.299588
v -0.836773 0.097359 -0.286573
v -0.836773 0.083312 -0.302796
v -0.833359 0.112505 -0.299588
v -0.833359 0.127190 -0.282628
v -0.836773 0.111406 -0.270351
v -0.836773 0.097359 -0.286573
v -0.843603 0.054296 -0.275294
v -0.843603 0.067067 -0.260545
v -0.847017 0.051920 -0.247530
v -0.847017 0.039787 -0.261543
v -0.840188 0.068804 -0.289045
v -0.840188 0.082213 -0.273559
v -0.843603 0.067067 -0.260545
v -0.843603 0.054296 -0.275294
v -0.840188 0.082213 -0.273559
v -0.840188 0.095622 -0.258073
v -0.843603 0.079838 -0.245795
v -0.843603 0.067067 -0.260545
v 0.836773 0.160375 0.200889
v 0.836773 0.170813 0.182380
v 0.840188 0.152331 0.174098
v 0.840188 0.142367 0.191766
v 0.833359 0.178383 0.210012
v 0.833359 0.189295 0.190663
v 0.836773 0.170813 0.182380
v 0.836773 0.160375 0.200889
v 0.833359 0.189295 0.190663
v 0.833359 0.200206 0.171314
v 0.836773 0.181250 0.163872
v 0.836773 0.170813 0.182380
v 0.836773 0.139499 0.237905
v 0.836773 0.149937 0.219397
v 0.840188 0.132403 0.209433
v 0.840188 0.122439 0.227101
v 0.833359 0.156559 0.248709
v 0.833359 0.167471 0.229361
v 0.836773 0.149937 0.219397
v 0.836773 0.139499 0.237905
v 0.833359 0.167471 0.229361
v 0.833359 0.178383 0.210012
v 0.836773 0.160375 0.200889
v 0.836773 0.149937 0.219397
v 0.843603 0.105379 0.216297
v 0.843603 0.114869 0.199470
v 0.847017 0.097335 0.189506
v 0.847017 0.088319 0.205493
v 0.840188 0.122439 0.227101
v 0.840188 0.132403 0.209433
v 0.843603 0.114869 0.199470
v 0.843603 0.105379 0.216297
v 0.840188 0.132403 0.209433
v 0.840188 0.142367 0.191766
v 0.843603 0.124359 0.182643
v 0.843603 0.114869 0.199470
v 0.836773 0.111406 -0.270350
v 0.836774 0.097359 -0.286572
v 0.840188 0.082213 -0.273558
v 0.840188 0.095622 -0.258072
v 0.833359 0.127190 -0.282627
v 0.833359 0.112505 -0.299587
v 0.836774 0.097359 -0.286572
v 0.836773 0.111406 -0.270350
v 0.833359 0.112505 -0.299587
v 0.833359 0.097820 -0.316546
v 0.836774 0.083312 -0.302795
v 0.836774 0.097359 -0.286572
v 0.836773 0.139499 -0.237904
v 0.836773 0.125453 -0.254127
v 0.840188 0.109031 -0.242586
v 0.840188 0.122439 -0.227100
v 0.833359 0.156559 -0.248709
v 0.833359 0.141875 -0.265668
v 0.836773 0.125453 -0.254127
v 0.836773 0.139499 -0.237904
v 0.833359 0.141875 -0.265668
v 0.833359 0.127190 -0.282627
v 0.836773 0.111406 -0.270350
v 0.836773 0.125453 -0.254127
v 0.843603 0.105379 -0.216296
v 0.843603 0.092608 -0.231045
v 0.847017 0.076186 -0.219504
v 0.847017 0.088319 -0.205492
v 0.840188 0.122439 -0.227100
v 0.840188 0.109031 -0.242586
v 0.843603 0.092608 -0.231045
v 0.843603 0.105379 -0.216296
v 0.840188 0.109031 -0.242586
v 0.840188 0.095622 -0.258072
v 0.843603 0.079837 -0.245794
v 0.843603 0.092608 -0.231045
v -0.836773 0.194105 0.123706
v -0.836773 0.187678 0.143789
v -0.840188 0.168430 0.137259
v -0.840188 0.174566 0.118088
v -0.833359 0.213645 0.129324
v -0.833359 0.206926 0.150319
v -0.836773 0.187678 0.143789
v -0.836773 0.194105 0.123706
v -0.833359 0.206926 0.150319
v -0.833359 0.200207 0.171313
v -0.836773 0.181250 0.163871
v -0.836773 0.187678 0.143789
v -0.836773 0.206961 0.083541
v -0.836773 0.200533 0.103623
v -0.840188 0.180701 0.098917
v -0.840188 0.186837 0.079747
v -0.833359 0.227084 0.087335
v -0.833359 0.220365 0.108329
v -0.836773 0.200533 0.103623
v -0.836773 0.206961 0.083541
v -0.833359 0.220365 0.108329
v -0.833359 0.213645 0.129324
v -0.836773 0.194105 0.123706
v -0.836773 0.200533 0.103623
v -0.843603 0.166713 0.075953
v -0.843603 0.160869 0.094211
v -0.847017 0.141038 0.089505
v -0.847017 0.146589 0.072159
v -0.840188 0.186837 0.079747
v -0.840188 0.180701 0.098917
v -0.843603 0.160869 0.094211
v -0.843603 0.166713 0.075953
v -0.840188 0.180701 0.098917
v -0.840188 0.174566 0.118088
v -0.843603 0.155026 0.112470
v -0.843603 0.160869 0.094211
v -0.836773 0.049080 -0.329423
v -0.836773 0.066196 -0.316109
v -0.840188 0.052465 -0.301754
v -0.840188 0.036126 -0.314463
v -0.833359 0.062034 -0.344383
v -0.833359 0.079927 -0.330465
v -0.836773 0.066196 -0.316109
v -0.836773 0.049080 -0.329423
v -0.833359 0.079927 -0.330465
v -0.833359 0.097821 -0.316547
v -0.836773 0.083312 -0.302796
v -0.836773 0.066196 -0.316109
v -0.836773 0.014848 -0.356050
v -0.836773 0.031964 -0.342737
v -0.840188 0.019788 -0.327172
v -0.840188 0.003449 -0.339881
v -0.833359 0.026247 -0.372220
v -0.833359 0.044140 -0.358302
v -0.836773 0.031964 -0.342737
v -0.836773 0.014848 -0.356050
v -0.833359 0.044140 -0.358302
v -0.833359 0.062034 -0.344383
v -0.836773 0.049080 -0.329423
v -0.836773 0.031964 -0.342737
v -0.843602 -0.007950 -0.323711
v -0.843602 0.007611 -0.311607
v -0.847017 -0.004565 -0.296042
v -0.847017 -0.019350 -0.307541
v -0.840188 0.003449 -0.339881
v -0.840188 0.019788 -0.327172
v -0.843602 0.007611 -0.311607
v -0.843602 -0.007950 -0.323711
v -0.840188 0.019788 -0.327172
v -0.840188 0.036126 -0.314463
v -0.843602 0.023173 -0.299502
v -0.843602 0.007611 -0.311607
v 0.836773 0.194105 0.123707
v 0.836773 0.200533 0.103624
v 0.840188 0.180701 0.098918
v 0.840188 0.174566 0.118089
v 0.833359 0.213645 0.129325
v 0.833359 0.220365 0.108330
v 0.836773 0.200533 0.103624
v 0.836773 0.194105 0.123707
v 0.833359 0.220365 0.108330
v 0.833359 0.227084 0.087335
v 0.836773 0.206960 0.083542
v 0.836773 0.200533 0.103624
v 0.836773 0.181250 0.163872
v 0.836773 0.187678 0.143789
v 0.840188 0.168430 0.137259
v 0.840188 0.162294 0.156430
v 0.833359 0.200206 0.171314
v 0.833359 0.206926 0.150320
v 0.836773 0.187678 0.143789
v 0.836773 0.181250 0.163872
v 0.833359 0.206926 0.150320
v 0.833359 0.213645 0.129325
v 0.836773 0.194105 0.123707
v 0.836773 0.187678 0.143789
v 0.843603 0.143338 0.148988
v 0.843603 0.149182 0.130730
v 0.847017 0.129934 0.124199
v 0.847017 0.124382 0.141546
v 0.840188 0.162294 0.156430
v 0.840188 0.168430 0.137259
v 0.843603 0.149182 0.130730
v 0.843603 0.143338 0.148988
v 0.840188 0.168430 0.137259
v 0.840188 0.174566 0.118089
v 0.843603 0.155026 0.112471
v 0.843603 0.149182 0.130730
v 0.836774 0.049080 -0.329422
v 0.836774 0.031964 -0.342736
v 0.840188 0.019787 -0.327171
v 0.840188 0.036126 -0.314462
v 0.833359 0.062034 -0.344382
v 0.833359 0.044140 -0.358301
v 0.836774 0.031964 -0.342736
v 0.836774 0.049080 -0.329422
v 0.833359 0.044140 -0.358301
v 0.833359 0.026247 -0.372219
v 0.836774 0.014848 -0.356049
v 0.836774 0.031964 -0.342736
v 0.836774 0.083312 -0.302795
v 0.836774 0.066196 -0.316109
v 0.840188 0.052465 -0.301753
v 0.840188 0.068804 -0.289044
v 0.833359 0.097820 -0.316546
v 0.833359 0.079927 -0.330464
v 0.836774 0.066196 -0.316109
v 0.836774 0.083312 -0.302795
v 0.833359 0.079927 -0.330464
v 0.833359 0.062034 -0.344382
v 0.836774 0.049080 -0.329422
v 0.836774 0.066196 -0.316109
v 0.843603 0.054295 -0.275293
v 0.843603 0.038734 -0.287397
v 0.847017 0.025003 -0.273041
v 0.847017 0.039787 -0.261542
v 0.840188 0.068804 -0.289044
v 0.840188 0.052465 -0.301753
v 0.843603 0.038734 -0.287397
v 0.843603 0.054295 -0.275293
v 0.840188 0.052465 -0.301753
v 0.840188 0.036126 -0.314462
v 0.843603 0.023173 -0.299501
v 0.843603 0.038734 -0.287397
v -0.836773 0.211301 0.041770
v -0.836773 0.209131 0.062655
v -0.840188 0.188909 0.059810
v -0.840188 0.190980 0.039873
v -0.833359 0.231622 0.043667
v -0.833359 0.229353 0.065501
v -0.836773 0.209131 0.062655
v -0.836773 0.211301 0.041770
v -0.833359 0.229353 0.065501
v -0.833359 0.227084 0.087335
v -0.836773 0.206961 0.083541
v -0.836773 0.209131 0.062655
v -0.836773 0.215642 -0.000000
v -0.836773 0.213471 0.020885
v -0.840188 0.193052 0.019936
v -0.840188 0.195124 -0.000000
v -0.833359 0.236160 -0.000000
v -0.833359 0.233891 0.021833
v -0.836773 0.213471 0.020885
v -0.836773 0.215642 -0.000000
v -0.833359 0.233891 0.021833
v -0.833359 0.231622 0.043667
v -0.836773 0.211301 0.041770
v -0.836773 0.213471 0.020885
v -0.843603 0.174606 -0.000000
v -0.843603 0.172633 0.018988
v -0.847017 0.152213 0.018039
v -0.847017 0.154088 -0.000000
v -0.840188 0.195124 -0.000000
v -0.840188 0.193052 0.019936
v -0.843603 0.172633 0.018988
v -0.843603 0.174606 -0.000000
v -0.840188 0.193052 0.019936
v -0.840188 0.190980 0.039873
v -0.843603 0.170660 0.037976
v -0.843603 0.172633 0.018988
v -0.836773 -0.024207 -0.375836
v -0.836773 -0.004680 -0.365943
v -0.840188 -0.015192 -0.349324
v -0.840188 -0.033833 -0.358768
v -0.833359 -0.014582 -0.392904
v -0.833359 0.005832 -0.382562
v -0.836773 -0.004680 -0.365943
v -0.836773 -0.024207 -0.375836
v -0.833359 0.005832 -0.382562
v -0.833359 0.026247 -0.372220
v -0.836773 0.014848 -0.356050
v -0.836773 -0.004680 -0.365943
v -0.836773 -0.063263 -0.395622
v -0.836773 -0.043735 -0.385729
v -0.840188 -0.052474 -0.368211
v -0.840188 -0.071114 -0.377655
v -0.833359 -0.055411 -0.413588
v -0.833359 -0.034996 -0.403246
v -0.836773 -0.043735 -0.385729
v -0.836773 -0.063263 -0.395622
v -0.833359 -0.034996 -0.403246
v -0.833359 -0.014582 -0.392904
v -0.836773 -0.024207 -0.375836
v -0.836773 -0.043735 -0.385729
v -0.843602 -0.078966 -0.359688
v -0.843602 -0.061212 -0.350694
v -0.847017 -0.069951 -0.333177
v -0.847017 -0.086818 -0.341722
v -0.840188 -0.071114 -0.377655
v -0.840188 -0.052474 -0.368211
v -0.843602 -0.061212 -0.350694
v -0.843602 -0.078966 -0.359688
v -0.840188 -0.052474 -0.368211
v -0.840188 -0.033833 -0.358768
v -0.843602 -0.043458 -0.341700
v -0.843602 -0.061212 -0.350694
v 0.836773 0.211301 0.041771
v 0.836773 0.213471 0.020886
v 0.840188 0.193052 0.019937
v 0.840188 0.190980 0.039874
v 0.833359 0.231622 0.043668
v 0.833359 0.233891 0.021834
v 0.836773 0.213471 0.020886
v 0.836773 0.211301 0.041771
v 0.833359 0.233891 0.021834
v 0.833359 0.236160 0.000000
v 0.836773 0.215642 0.000000
v 0.836773 0.213471 0.020886
v 0.836773 0.206960 0.083542
v 0.836773 0.209131 0.062656
v 0.840188 0.188909 0.059811
v 0.840188 0.186837 0.079748
v 0.833359 0.227084 0.087335
v 0.833359 0.229353 0.065502
v 0.836773 0.209131 0.062656
v 0.836773 0.206960 0.083542
v 0.833359 0.229353 0.065502
v 0.833359 0.231622 0.043668
v 0.836773 0.211301 0.041771
v 0.836773 0.209131 0.062656
v 0.843603 0.166713 0.075954
v 0.843603 0.168686 0.056965
v 0.847017 0.148464 0.054120
v 0.847017 0.146589 0.072160
v 0.840188 0.186837 0.079748
v 0.840188 0.188909 0.059811
v 0.843603 0.168686 0.056965
v 0.843603 0.166713 0.075954
v 0.840188 0.188909 0.059811
v 0.840188 0.190980 0.039874
v 0.843603 0.170659 0.037977
v 0.843603 0.168686 0.056965
v 0.836774 -0.024207 -0.375835
v 0.836774 -0.043735 -0.385728
v 0.840188 -0.052474 -0.368211
v 0.840188 -0.033833 -0.358767
v 0.833359 -0.014582 -0.392903
v 0.833359 -0.034996 -0.403245
v 0.836774 -0.043735 -0.385728
v 0.836774 -0.024207 -0.375835
v 0.833359 -0.034996 -0.403245
v 0.833359 -0.055411 -0.413587
v 0.836774 -0.063263 -0.395621
v 0.836774 -0.043735 -0.385728
v 0.836774 0.014848 -0.356049
v 0.836774 -0.004680 -0.365942
v 0.840188 -0.015192 -0.349323
v 0.840188 0.003449 -0.339880
v 0.833359 0.026247 -0.372219
v 0.833359 0.005832 -0.382561
v 0.836774 -0.004680 -0.365942
v 0.836774 0.014848 -0.356049
v 0.833359 0.005832 -0.382561
v 0.833359 -0.014582 -0.392903
v 0.836774 -0.024207 -0.375835
v 0.836774 -0.004680 -0.365942
v 0.843603 -0.007950 -0.323710
v 0.843603 -0.025704 -0.332704
v 0.847017 -0.036217 -0.316086
v 0.847017 -0.019350 -0.307541
v 0.840188 0.003449 -0.339880
v 0.840188 -0.015192 -0.349323
v 0.843603 -0.025704 -0.332704
v 0.843603 -0.007950 -0.323710
v 0.840188 -0.015192 -0.349323
v 0.840188 -0.033833 -0.358767
v 0.843603 -0.043458 -0.341699
v 0.843603 -0.025704 -0.332704
v -0.836773 -0.105640 -0.407806
v -0.836773 -0.084451 -0.401714
v -0.840188 -0.091341 -0.383470
v -0.840188 -0.111567 -0.389286
v -0.833359 -0.099713 -0.426326
v -0.833359 -0.077562 -0.419957
v -0.836773 -0.084451 -0.401714
v -0.836773 -0.105640 -0.407806
v -0.833359 -0.077562 -0.419957
v -0.833359 -0.055411 -0.413588
v -0.836773 -0.063263 -0.395622
v -0.836773 -0.084451 -0.401714
v -0.836773 -0.148017 -0.419990
v -0.836773 -0.126829 -0.413898
v -0.840188 -0.131794 -0.395101
v -0.840188 -0.152020 -0.400916
v -0.833359 -0.144015 -0.439063
v -0.833359 -0.121864 -0.432694
v -0.836773 -0.126829 -0.413898
v -0.836773 -0.148017 -0.419990
v -0.833359 -0.121864 -0.432694
v -0.833359 -0.099713 -0.426326
v -0.836773 -0.105640 -0.407806
v -0.836773 -0.126829 -0.413898
v -0.843602 -0.156023 -0.381843
v -0.843602 -0.136759 -0.376304
v -0.847017 -0.141724 -0.357508
v -0.847017 -0.160026 -0.362770
v -0.840188 -0.152020 -0.400916
v -0.840188 -0.131794 -0.395101
v -0.843602 -0.136759 -0.376304
v -0.843602 -0.156023 -0.381843
v -0.840188 -0.131794 -0.395101
v -0.840188 -0.111567 -0.389286
v -0.843602 -0.117495 -0.370766
v -0.843602 -0.136759 -0.376304
v 0.836774 -0.105640 -0.407805
v 0.836774 -0.126829 -0.413897
v 0.840188 -0.131794 -0.395100
v 0.840188 -0.111567 -0.389285
v 0.833359 -0.099713 -0.426325
v 0.833359 -0.121864 -0.432693
v 0.836774 -0.126829 -0.413897
v 0.836774 -0.105640 -0.407805
v 0.833359 -0.121864 -0.432693
v 0.833359 -0.144015 -0.439062
v 0.836774 -0.148018 -0.419989
v 0.836774 -0.126829 -0.413897
v 0.836774 -0.063263 -0.395621
v 0.836774 -0.084451 -0.401713
v 0.840188 -0.091341 -0.383469
v 0.840188 -0.071115 -0.377654
v 0.833359 -0.055411 -0.413587
v 0.833359 -0.077562 -0.419956
v 0.836774 -0.084451 -0.401713
v 0.836774 -0.063263 -0.395621
v 0.833359 -0.077562 -0.419956
v 0.833359 -0.099713 -0.426325
v 0.836774 -0.105640 -0.407805
v 0.836774 -0.084451 -0.401713
v 0.843603 -0.078966 -0.359687
v 0.843603 -0.098231 -0.365226
v 0.847017 -0.105120 -0.346983
v 0.847017 -0.086818 -0.341721
v 0.840188 -0.071115 -0.377654
v 0.840188 -0.091341 -0.383469
v 0.843603 -0.098231 -0.365226
v 0.843603 -0.078966 -0.359687
v 0.840188 -0.091341 -0.383469
v 0.840188 -0.111567 -0.389285
v 0.843603 -0.117495 -0.370765
v 0.843603 -0.098231 -0.365226
v -0.836774 -0.192089 0.424103
v -0.836774 -0.214124 0.426160
v -0.840188 -0.215125 0.406806
v -0.840188 -0.194090 0.404843
v -0.833359 -0.190087 0.443363
v -0.833359 -0.213123 0.445513
v -0.836774 -0.214124 0.426160
v -0.836774 -0.192089 0.424103
v -0.833359 -0.213123 0.445513
v -0.833359 -0.236160 0.447664
v -0.836774 -0.236160 0.428217
v -0.836774 -0.214124 0.426160
v -0.836774 -0.148017 0.419989
v -0.836774 -0.170053 0.422046
v -0.840188 -0.173055 0.402879
v -0.840188 -0.152020 0.400916
v -0.833359 -0.144015 0.439062
v -0.833359 -0.167051 0.441213
v -0.836774 -0.170053 0.422046
v -0.836774 -0.148017 0.419989
v -0.833359 -0.167051 0.441213
v -0.833359 -0.190087 0.443363
v -0.836774 -0.192089 0.424103
v -0.836774 -0.170053 0.422046
v -0.843603 -0.156023 0.381842
v -0.843603 -0.176057 0.383712
v -0.847017 -0.179059 0.364546
v -0.847017 -0.160026 0.362769
v -0.840188 -0.152020 0.400916
v -0.840188 -0.173055 0.402879
v -0.843603 -0.176057 0.383712
v -0.843603 -0.156023 0.381842
v -0.840188 -0.173055 0.402879
v -0.840188 -0.194090 0.404843
v -0.843603 -0.196091 0.385583
v -0.843603 -0.176057 0.383712
v 0.836773 -0.192089 0.424104
v 0.836773 -0.170053 0.422047
v 0.840188 -0.173055 0.402880
v 0.840188 -0.194090 0.404844
v 0.833358 -0.190087 0.443364
v 0.833358 -0.167051 0.441213
v 0.836773 -0.170053 0.422047
v 0.836773 -0.192089 0.424104
v 0.833358 -0.167051 0.441213
v 0.833358 -0.144015 0.439063
v 0.836773 -0.148018 0.419990
v 0.836773 -0.170053 0.422047
v 0.836773 -0.236160 0.428218
v 0.836773 -0.214124 0.426161
v 0.840188 -0.215125 0.406807
v 0.840188 -0.236160 0.408771
v 0.833358 -0.236160 0.447665
v 0.833358 -0.213123 0.445514
v 0.836773 -0.214124 0.426161
v 0.836773 -0.236160 0.428218
v 0.833358 -0.213123 0.445514
v 0.833358 -0.190087 0.443364
v 0.836773 -0.192089 0.424104
v 0.836773 -0.214124 0.426161
v 0.843602 -0.236159 0.389324
v 0.843602 -0.216125 0.387454
v 0.847017 -0.217126 0.368100
v 0.847017 -0.236159 0.369877
v 0.840188 -0.236160 0.408771
v 0.840188 -0.215125 0.406807
v 0.843602 -0.216125 0.387454
v 0.843602 -0.236159 0.389324
v 0.840188 -0.215125 0.406807
v 0.840188 -0.194090 0.404844
v 0.843602 -0.196091 0.385584
v 0.843602 -0.216125 0.387454
v -0.836773 -0.192089 -0.424104
v -0.836773 -0.170053 -0.422047
v -0.840188 -0.173055 -0.402880
v -0.840188 -0.194090 -0.404844
v -0.833359 -0.190087 -0.443364
v -0.833359 -0.167051 -0.441213
v -0.836773 -0.170053 -0.422047
v -0.836773 -0.192089 -0.424104
v -0.833359 -0.167051 -0.441213
v -0.833359 -0.144015 -0.439063
v -0.836773 -0.148017 -0.419990
v -0.836773 -0.170053 -0.422047
v -0.836773 -0.236160 -0.428218
v -0.836773 -0.214124 -0.426161
v -0.840188 -0.215125 -0.406807
v -0.840188 -0.236159 -0.408771
v -0.833359 -0.236160 -0.447665
v -0.833359 -0.213123 -0.445514
v -0.836773 -0.214124 -0.426161
v -0.836773 -0.236160 -0.428218
v -0.833359 -0.213123 -0.445514
v -0.833359 -0.190087 -0.443364
v -0.836773 -0.192089 -0.424104
v -0.836773 -0.214124 -0.426161
v -0.843602 -0.236159 -0.389324
v -0.843602 -0.216125 -0.387454
v -0.847017 -0.217126 -0.368100
v -0.847017 -0.236159 -0.369877
v -0.840188 -0.236159 -0.408771
v -0.840188 -0.215125 -0.406807
v -0.843602 -0.216125 -0.387454
v -0.843602 -0.236159 -0.389324
v -0.840188 -0.215125 -0.406807
v -0.840188 -0.194090 -0.404844
v -0.843602 -0.196091 -0.385584
v -0.843602 -0.216125 -0.387454
v 0.836774 -0.192089 -0.424103
v 0.836774 -0.214124 -0.426160
v 0.840188 -0.215125 -0.406806
v 0.840188 -0.194090 -0.404843
v 0.833359 -0.190087 -0.443363
v 0.833359 -0.213123 -0.445513
v 0.836774 -0.214124 -0.426160
v 0.836774 -0.192089 -0.424103
v 0.833359 -0.213123 -0.445513
v 0.833359 -0.236160 -0.447664
v 0.836774 -0.236160 -0.428217
v 0.836774 -0.214124 -0.426160
v 0.836774 -0.148018 -0.419989
v 0.836774 -0.170053 -0.422046
v 0.840188 -0.173055 -0.402879
v 0.840188 -0.152020 -0.400916
v 0.833359 -0.144015 -0.439062
v 0.833359 -0.167051 -0.441213
v 0.836774 -0.170053 -0.422046
v 0.836774 -0.148018 -0.419989
v 0.833359 -0.167051 -0.441213
v 0.833359 -0.190087 -0.443363
v 0.836774 -0.192089 -0.424103
v 0.836774 -0.170053 -0.422046
v 0.843603 -0.156023 -0.381842
v 0.843603 -0.176057 -0.383712
v 0.847017 -0.179059 -0.364546
v 0.847017 -0.160026 -0.362769
v 0.840188 -0.152020 -0.400916
v 0.840188 -0.173055 -0.402879
v 0.843603 -0.176057 -0.383712
v 0.843603 -0.156023 -0.381842
v 0.840188 -0.173055 -0.402879
v 0.840188 -0.194090 -0.404843
v 0.843603 -0.196091 -0.385583
v 0.843603 -0.176057 -0.383712
v -0.836774 -0.105640 0.407805
v -0.836774 -0.126829 0.413897
v -0.840188 -0.131794 0.395100
v -0.840188 -0.111567 0.389285
v -0.833359 -0.099713 0.426325
v -0.833359 -0.121864 0.432693
v -0.836774 -0.126829 0.413897
v -0.836774 -0.105640 0.407805
v -0.833359 -0.121864 0.432693
v -0.833359 -0.144015 0.439062
v -0.836774 -0.148017 0.419989
v -0.836774 -0.126829 0.413897
v -0.836774 -0.063263 0.395621
v -0.836774 -0.084451 0.401713
v -0.840188 -0.091341 0.383469
v -0.840188 -0.071114 0.377654
v -0.833359 -0.055411 0.413587
v -0.833359 -0.077562 0.419956
v -0.836774 -0.084451 0.401713
v -0.836774 -0.063263 0.395621
v -0.833359 -0.077562 0.419956
v -0.833359 -0.099713 0.426325
v -0.836774 -0.105640 0.407805
v -0.836774 -0.084451 0.401713
v -0.843603 -0.078966 0.359687
v -0.843603 -0.098230 0.365226
v -0.847017 -0.105120 0.346983
v -0.847017 -0.086818 0.341721
v -0.840188 -0.071114 0.377654
v -0.840188 -0.091341 0.383469
v -0.843603 -0.098230 0.365226
v -0.843603 -0.078966 0.359687
v -0.840188 -0.091341 0.383469
v -0.840188 -0.111567 0.389285
v -0.843603 -0.117495 0.370765
v -0.843603 -0.098230 0.365226
v 0.836773 -0.105640 0.407806
v 0.836773 -0.084451 0.401714
v 0.840188 -0.091341 0.383470
v 0.840188 -0.111567 0.389286
v 0.833358 -0.099713 0.426326
v 0.833358 -0.077562 0.419957
v 0.836773 -0.084451 0.401714
v 0.836773 -0.105640 0.407806
v 0.833358 -0.077562 0.419957
v 0.833358 -0.055411 0.413588
v 0.836773 -0.063263 0.395622
v 0.836773 -0.084451 0.401714
v 0.836773 -0.148018 0.419990
v 0.836773 -0.126829 0.413898
v 0.840188 -0.131794 0.395101
v 0.840188 -0.152020 0.400916
v 0.833358 -0.144015 0.439063
v 0.833358 -0.121864 0.432694
v 0.836773 -0.126829 0.413898
v 0.836773 -0.148018 0.419990
v 0.833358 -0.121864 0.432694
v 0.833358 -0.099713 0.426326
v 0.836773 -0.105640 0.407806
v 0.836773 -0.126829 0.413898
v 0.843602 -0.156023 0.381843
v 0.843602 -0.136759 0.376304
v 0.847017 -0.141724 0.357508
v 0.847017 -0.160026 0.362770
v 0.840188 -0.152020 0.400916
v 0.840188 -0.131794 0.395101
v 0.843602 -0.136759 0.376304
v 0.843602 -0.156023 0.381843
v 0.840188 -0.131794 0.395101
v 0.840188 -0.111567 0.389286
v 0.843602 -0.117495 0.370766
v 0.843602 -0.136759 0.376304
v -0.836773 0.211301 -0.041771
v -0.836773 0.213471 -0.020886
v -0.840188 0.193052 -0.019937
v -0.840188 0.190980 -0.039874
v -0.833359 0.231622 -0.043668
v -0.833359 0.233891 -0.021834
v -0.836773 0.213471 -0.020886
v -0.836773 0.211301 -0.041771
v -0.833359 0.233891 -0.021834
v -0.833359 0.236160 -0.000000
v -0.836773 0.215642 -0.000000
v -0.836773 0.213471 -0.020886
v -0.836773 0.206961 -0.083542
v -0.836773 0.209131 -0.062656
v -0.840188 0.188909 -0.059811
v -0.840188 0.186837 -0.079748
v -0.833359 0.227084 -0.087335
v -0.833359 0.229353 -0.065502
v -0.836773 0.209131 -0.062656
v -0.836773 0.206961 -0.083542
v -0.833359 0.229353 -0.065502
v -0.833359 0.231622 -0.043668
v -0.836773 0.211301 -0.041771
v -0.836773 0.209131 -0.062656
v -0.843603 0.166713 -0.075954
v -0.843603 0.168686 -0.056965
v -0.847017 0.148464 -0.054120
v -0.847017 0.146589 -0.072160
v -0.840188 0.186837 -0.079748
v -0.840188 0.188909 -0.059811
v -0.843603 0.168686 -0.056965
v -0.843603 0.166713 -0.075954
v -0.840188 0.188909 -0.059811
v -0.840188 0.190980 -0.039874
v -0.843603 0.170660 -0.037977
v -0.843603 0.168686 -0.056965
v -0.836774 -0.024207 0.375835
v -0.836774 -0.043735 0.385728
v -0.840188 -0.052474 0.368211
v -0.840188 -0.033833 0.358767
v -0.833359 -0.014582 0.392903
v -0.833359 -0.034996 0.403245
v -0.836774 -0.043735 0.385728
v -0.836774 -0.024207 0.375835
v -0.833359 -0.034996 0.403245
v -0.833359 -0.055411 0.413587
v -0.836774 -0.063263 0.395621
v -0.836774 -0.043735 0.385728
v -0.836774 0.014848 0.356049
v -0.836774 -0.004680 0.365942
v -0.840188 -0.015192 0.349323
v -0.840188 0.003449 0.339880
v -0.833359 0.026247 0.372219
v -0.833359 0.005832 0.382561
v -0.836774 -0.004680 0.365942
v -0.836774 0.014848 0.356049
v -0.833359 0.005832 0.382561
v -0.833359 -0.014582 0.392903
v -0.836774 -0.024207 0.375835
v -0.836774 -0.004680 0.365942
v -0.843603 -0.007950 0.323710
v -0.843603 -0.025704 0.332704
v -0.847017 -0.036217 0.316086
v -0.847017 -0.019350 0.307541
v -0.840188 0.003449 0.339880
v -0.840188 -0.015192 0.349323
v -0.843603 -0.025704 0.332704
v -0.843603 -0.007950 0.323710
v -0.840188 -0.015192 0.349323
v -0.840188 -0.033833 0.358767
v -0.843603 -0.043458 0.341699
v -0.843603 -0.025704 0.332704
v 0.836773 0.211301 -0.041770
v 0.836773 0.209131 -0.062655
v 0.840188 0.188909 -0.059810
v 0.840188 0.190980 -0.039873
v 0.833359 0.231622 -0.043667
v 0.833359 0.229353 -0.065501
v 0.836773 0.209131 -0.062655
v 0.836773 0.211301 -0.041770
v 0.833359 0.229353 -0.065501
v 0.833359 0.227084 -0.087335
v 0.836773 0.206960 -0.083541
v 0.836773 0.209131 -0.062655
v 0.836773 0.215642 0.000000
v 0.836773 0.213471 -0.020885
v 0.840188 0.193052 -0.019936
v 0.840188 0.195124 0.000000
v 0.833359 0.236160 0.000000
v 0.833359 0.233891 -0.021833
v 0.836773 0.213471 -0.020885
v 0.836773 0.215642 0.000000
v 0.833359 0.233891 -0.021833
v 0.833359 0.231622 -0.043667
v 0.836773 0.211301 -0.041770
v 0.836773 0.213471 -0.020885
v 0.843603 0.174606 0.000000
v 0.843603 0.172633 -0.018988
v 0.847017 0.152213 -0.018039
v 0.847017 0.154088 0.000000
v 0.840188 0.195124 0.000000
v 0.840188 0.193052 -0.019936
v 0.843603 0.172633 -0.018988
v 0.843603 0.174606 0.000000
v 0.840188 0.193052 -0.019936
v 0.840188 0.190980 -0.039873
v 0.843603 0.170659 -0.037976
v 0.843603 0.172633 -0.018988
v 0.836773 -0.024207 0.375836
v 0.836773 -0.004680 0.365943
v 0.840188 -0.015192 0.349324
v 0.840188 -0.033833 0.358768
v 0.833358 -0.014582 0.392904
v 0.833358 0.005832 0.382562
v 0.836773 -0.004680 0.365943
v 0.836773 -0.024207 0.375836
v 0.833358 0.005832 0.382562
v 0.833358 0.026247 0.372220
v 0.836773 0.014848 0.356050
v 0.836773 -0.004680 0.365943
v 0.836773 -0.063263 0.395622
v 0.836773 -0.043735 0.385729
v 0.840188 -0.052474 0.368211
v 0.840188 -0.071115 0.377655
v 0.833358 -0.055411 0.413588
v 0.833358 -0.034996 0.403246
v 0.836773 -0.043735 0.385729
v 0.836773 -0.063263 0.395622
v 0.833358 -0.034996 0.403246
v 0.833358 -0.014582 0.392904
v 0.836773 -0.024207 0.375836
v 0.836773 -0.043735 0.385729
v 0.843602 -0.078966 0.359688
v 0.843602 -0.061212 0.350694
v 0.847017 -0.069951 0.333177
v 0.847017 -0.086818 0.341722
v 0.840188 -0.071115 0.377655
v 0.840188 -0.052474 0.368211
v 0.843602 -0.061212 0.350694
v 0.843602 -0.078966 0.359688
v 0.840188 -0.052474 0.368211
v 0.840188 -0.033833 0.358768
v 0.843602 -0.043458 0.341700
v 0.843602 -0.061212 0.350694
v -0.836774 0.049080 0.329422
v -0.836774 0.031964 0.342736
v -0.840188 0.019788 0.327171
v -0.840188 0.036126 0.314462
v -0.833359 0.062034 0.344382
v -0.833359 0.044140 0.358301
v -0.836774 0.031964 0.342736
v -0.836774 0.049080 0.329422
v -0.833359 0.044140 0.358301
v -0.833359 0.026247 0.372219
v -0.836774 0.014848 0.356049
v -0.836774 0.031964 0.342736
v -0.836774 0.083312 0.302795
v -0.836774 0.066196 0.316109
v -0.840188 0.052465 0.301753
v -0.840188 0.068804 0.289044
v -0.833359 0.097821 0.316546
v -0.833359 0.079927 0.330464
v -0.836774 0.066196 0.316109
v -0.836774 0.083312 0.302795
v -0.833359 0.079927 0.330464
v -0.833359 0.062034 0.344382
v -0.836774 0.049080 0.329422
v -0.836774 0.066196 0.316109
v -0.843603 0.054296 0.275293
v -0.843603 0.038734 0.287397
v -0.847017 0.025003 0.273041
v -0.847017 0.039787 0.261542
v -0.840188 0.068804 0.289044
v -0.840188 0.052465 0.301753
v -0.843603 0.038734 0.287397
v -0.843603 0.054296 0.275293
v -0.840188 0.052465 0.301753
v -0.840188 0.036126 0.314462
v -0.843603 0.023173 0.299501
v -0.843603 0.038734 0.287397
v -0.603458 -0.236159 -0.408771
v -0.605911 -0.236159 -0.389324
v -0.368220 -0.236159 -0.389324
v -0.366729 -0.236160 -0.408771
v -0.840188 -0.236159 -0.408771
v -0.843602 -0.236159 -0.389324
v -0.605911 -0.236159 -0.389324
v -0.603458 -0.236159 -0.408771
v -0.843602 -0.236159 -0.389324
v -0.847017 -0.236159 -0.369877
v -0.608364 -0.236159 -0.369877
v -0.605911 -0.236159 -0.389324
v -0.598553 -0.236160 -0.447665
v -0.601006 -0.236160 -0.428218
v -0.365239 -0.236160 -0.428218
v -0.363748 -0.236160 -0.447665
v -0.833359 -0.236160 -0.447665
v -0.836773 -0.236160 -0.428218
v -0.601006 -0.236160 -0.428218
v -0.598553 -0.236160 -0.447665
v -0.836773 -0.236160 -0.428218
v -0.840188 -0.236159 -0.408771
v -0.603458 -0.236159 -0.408771
v -0.601006 -0.236160 -0.428218
v -0.128943 -0.236160 -0.447664
v -0.129471 -0.236160 -0.428217
v 0.106296 -0.236160 -0.428217
v 0.105862 -0.236160 -0.447664
v -0.363748 -0.236160 -0.447665
v -0.365239 -0.236160 -0.428218
v -0.129471 -0.236160 -0.428217
v -0.128943 -0.236160 -0.447664
v -0.365239 -0.236160 -0.428218
v -0.366729 -0.236160 -0.408771
v -0.130000 -0.236160 -0.408770
v -0.129471 -0.236160 -0.428217
v -0.603459 -0.236159 0.408770
v -0.601006 -0.236160 0.428217
v -0.365239 -0.236160 0.428217
v -0.366730 -0.236160 0.408770
v -0.840188 -0.236159 0.408770
v -0.836774 -0.236160 0.428217
v -0.601006 -0.236160 0.428217
v -0.603459 -0.236159 0.408770
v -0.836774 -0.236160 0.428217
v -0.833359 -0.236160 0.447664
v -0.598554 -0.236160 0.447664
v -0.601006 -0.236160 0.428217
v -0.608364 -0.236159 0.369876
v -0.605911 -0.236159 0.389323
v -0.368220 -0.236159 0.389323
v -0.369710 -0.236159 0.369876
v -0.847017 -0.236159 0.369876
v -0.843603 -0.236159 0.389323
v -0.605911 -0.236159 0.389323
v -0.608364 -0.236159 0.369876
v -0.843603 -0.236159 0.389323
v -0.840188 -0.236159 0.408770
v -0.603459 -0.236159 0.408770
v -0.605911 -0.236159 0.389323
v -0.131057 -0.236159 0.369876
v -0.130529 -0.236159 0.389323
v 0.107163 -0.236159 0.389323
v 0.107597 -0.236159 0.369877
v -0.369710 -0.236159 0.369876
v -0.368220 -0.236159 0.389323
v -0.130529 -0.236159 0.389323
v -0.131057 -0.236159 0.369876
v -0.368220 -0.236159 0.389323
v -0.366730 -0.236160 0.408770
v -0.130000 -0.236160 0.408770
v -0.130529 -0.236159 0.389323
v 0.603459 -0.236160 -0.408770
v 0.601006 -0.236160 -0.428217
v 0.365239 -0.236160 -0.428217
v 0.366729 -0.236160 -0.408770
v 0.840188 -0.236160 -0.408770
v 0.836774 -0.236160 -0.428217
v 0.601006 -0.236160 -0.428217
v 0.603459 -0.236160 -0.408770
v 0.836774 -0.236160 -0.428217
v 0.833359 -0.236160 -0.447664
v 0.598554 -0.236160 -0.447664
v 0.601006 -0.236160 -0.428217
v 0.608364 -0.236159 -0.369876
v 0.605911 -0.236159 -0.389323
v 0.368220 -0.236159 -0.389323
v 0.369710 -0.236159 -0.369876
v 0.847017 -0.236159 -0.369876
v 0.843603 -0.236159 -0.389323
v 0.605911 -0.236159 -0.389323
v 0.608364 -0.236159 -0.369876
v 0.843603 -0.236159 -0.389323
v 0.840188 -0.236160 -0.408770
v 0.603459 -0.236160 -0.408770
v 0.605911 -0.236159 -0.389323
v 0.131057 -0.236159 -0.369876
v 0.130528 -0.236159 -0.389323
v -0.107163 -0.236159 -0.389323
v -0.107597 -0.236159 -0.369877
v 0.369710 -0.236159 -0.369876
v 0.368220 -0.236159 -0.389323
v 0.130528 -0.236159 -0.389323
v 0.131057 -0.236159 -0.369876
v 0.368220 -0.236159 -0.389323
v 0.366729 -0.236160 -0.408770
v 0.130000 -0.236160 -0.408770
v 0.130528 -0.236159 -0.389323
v 0.603458 -0.236160 0.408771
v 0.605911 -0.236159 0.389324
v 0.368219 -0.236159 0.389324
v 0.366729 -0.236160 0.408771
v 0.840188 -0.236160 0.408771
v 0.843602 -0.236159 0.389324
v 0.605911 -0.236159 0.389324
v 0.603458 -0.236160 0.408771
v 0.843602 -0.236159 0.389324
v 0.847017 -0.236159 0.369877
v 0.608363 -0.236159 0.369877
v 0.605911 -0.236159 0.389324
v 0.598553 -0.236160 0.447665
v 0.601006 -0.236160 0.428218
v 0.365239 -0.236160 0.428218
v 0.363748 -0.236160 0.447665
v 0.833358 -0.236160 0.447665
v 0.836773 -0.236160 0.428218
v 0.601006 -0.236160 0.428218
v 0.598553 -0.236160 0.447665
v 0.836773 -0.236160 0.428218
v 0.840188 -0.236160 0.408771
v 0.603458 -0.236160 0.408771
v 0.601006 -0.236160 0.428218
v 0.128943 -0.236160 0.447664
v 0.129471 -0.236160 0.428217
v -0.106296 -0.236160 0.428217
v -0.105862 -0.236160 0.447664
v 0.363748 -0.236160 0.447665
v 0.365239 -0.236160 0.428218
v 0.129471 -0.236160 0.428217
v 0.128943 -0.236160 0.447664
v 0.365239 -0.236160 0.428218
v 0.366729 -0.236160 0.408771
v 0.130000 -0.236160 0.408770
v 0.129471 -0.236160 0.428217
v 0.130000 -0.236160 0.408770
v 0.130528 -0.236159 0.389323
v -0.107163 -0.236159 0.389323
v -0.106730 -0.236160 0.408770
v 0.366729 -0.236160 0.408771
v 0.368219 -0.236159 0.389324
v 0.130528 -0.236159 0.389323
v 0.130000 -0.236160 0.408770
v 0.368219 -0.236159 0.389324
v 0.369710 -0.236159 0.369877
v 0.131056 -0.236159 0.369877
v 0.130528 -0.236159 0.389323
v 0.130000 -0.236160 -0.408770
v 0.129472 -0.236160 -0.428217
v -0.106295 -0.236160 -0.428217
v -0.106729 -0.236160 -0.408770
v 0.366729 -0.236160 -0.408770
v 0.365239 -0.236160 -0.428217
v 0.129472 -0.236160 -0.428217
v 0.130000 -0.236160 -0.408770
v 0.365239 -0.236160 -0.428217
v 0.363749 -0.236160 -0.447664
v 0.128943 -0.236160 -0.447664
v 0.129472 -0.236160 -0.428217
v -0.130000 -0.236160 0.408770
v -0.129472 -0.236160 0.428217
v 0.106295 -0.236160 0.428217
v 0.106729 -0.236160 0.408770
v -0.366730 -0.236160 0.408770
v -0.365239 -0.236160 0.428217
v -0.129472 -0.236160 0.428217
v -0.130000 -0.236160 0.408770
v -0.365239 -0.236160 0.428217
v -0.363749 -0.236160 0.447664
v -0.128944 -0.236160 0.447664
v -0.129472 -0.236160 0.428217
v -0.130000 -0.236160 -0.408770
v -0.130528 -0.236159 -0.389323
v 0.107163 -0.236159 -0.389323
v 0.106730 -0.236160 -0.408770
v -0.366729 -0.236160 -0.408771
v -0.368220 -0.236159 -0.389324
v -0.130528 -0.236159 -0.389323
v -0.130000 -0.236160 -0.408770
v -0.368220 -0.236159 -0.389324
v -0.369710 -0.236159 -0.369877
v -0.131057 -0.236159 -0.369877
v -0.130528 -0.236159 -0.389323
v -0.843603 0.023173 0.299501
v -0.843603 0.007611 0.311606
v -0.847017 -0.004565 0.296041
v -0.847017 0.010219 0.284541
v -0.840188 0.036126 0.314462
v -0.840188 0.019788 0.327171
v -0.843603 0.007611 0.311606
v -0.843603 0.023173 0.299501
v -0.840188 0.019788 0.327171
v -0.840188 0.003449 0.339880
v -0.843603 -0.007950 0.323710
v -0.843603 0.007611 0.311606
v 0.843602 -0.043458 0.341700
v 0.843602 -0.025704 0.332705
v 0.847017 -0.036217 0.316087
v 0.847017 -0.053084 0.324632
v 0.840188 -0.033833 0.358768
v 0.840188 -0.015192 0.349324
v 0.843602 -0.025704 0.332705
v 0.843602 -0.043458 0.341700
v 0.840188 -0.015192 0.349324
v 0.840188 0.003449 0.339881
v 0.843602 -0.007950 0.323711
v 0.843602 -0.025704 0.332705
v 0.843603 0.170659 -0.037976
v 0.843603 0.168686 -0.056964
v 0.847017 0.148464 -0.054119
v 0.847017 0.150339 -0.036079
v 0.840188 0.190980 -0.039873
v 0.840188 0.188909 -0.059810
v 0.843603 0.168686 -0.056964
v 0.843603 0.170659 -0.037976
v 0.840188 0.188909 -0.059810
v 0.840188 0.186837 -0.079747
v 0.843603 0.166713 -0.075953
v 0.843603 0.168686 -0.056964
v -0.843603 -0.043458 0.341699
v -0.843603 -0.061212 0.350693
v -0.847017 -0.069951 0.333176
v -0.847017 -0.053084 0.324631
v -0.840188 -0.033833 0.358767
v -0.840188 -0.052474 0.368211
v -0.843603 -0.061212 0.350693
v -0.843603 -0.043458 0.341699
v -0.840188 -0.052474 0.368211
v -0.840188 -0.071114 0.377654
v -0.843603 -0.078966 0.359687
v -0.843603 -0.061212 0.350693
v -0.843603 0.170660 -0.037977
v -0.843603 0.172633 -0.018989
v -0.847017 0.152213 -0.018040
v -0.847017 0.150339 -0.036080
v -0.840188 0.190980 -0.039874
v -0.840188 0.193052 -0.019937
v -0.843603 0.172633 -0.018989
v -0.843603 0.170660 -0.037977
v -0.840188 0.193052 -0.019937
v -0.840188 0.195124 -0.000000
v -0.843603 0.174606 -0.000000
v -0.843603 0.172633 -0.018989
v 0.843602 -0.117495 0.370766
v 0.843602 -0.098231 0.365227
v 0.847017 -0.105120 0.346984
v 0.847017 -0.123422 0.352246
v 0.840188 -0.111567 0.389286
v 0.840188 -0.091341 0.383470
v 0.843602 -0.098231 0.365227
v 0.843602 -0.117495 0.370766
v 0.840188 -0.091341 0.383470
v 0.840188 -0.071115 0.377655
v 0.843602 -0.078966 0.359688
v 0.843602 -0.098231 0.365227
v -0.843603 -0.117495 0.370765
v -0.843603 -0.136759 0.376304
v -0.847017 -0.141724 0.357507
v -0.847017 -0.123422 0.352245
v -0.840188 -0.111567 0.389285
v -0.840188 -0.131794 0.395100
v -0.843603 -0.136759 0.376304
v -0.843603 -0.117495 0.370765
v -0.840188 -0.131794 0.395100
v -0.840188 -0.152020 0.400916
v -0.843603 -0.156023 0.381842
v -0.843603 -0.136759 0.376304
v 0.843603 -0.196091 -0.385583
v 0.843603 -0.216125 -0.387453
v 0.847017 -0.217126 -0.368099
v 0.847017 -0.198093 -0.366322
v 0.840188 -0.194090 -0.404843
v 0.840188 -0.215125 -0.406806
v 0.843603 -0.216125 -0.387453
v 0.843603 -0.196091 -0.385583
v 0.840188 -0.215125 -0.406806
v 0.840188 -0.236160 -0.408770
v 0.843603 -0.236159 -0.389323
v 0.843603 -0.216125 -0.387453
v -0.843602 -0.196091 -0.385584
v -0.843602 -0.176057 -0.383713
v -0.847017 -0.179059 -0.364547
v -0.847017 -0.198093 -0.366323
v -0.840188 -0.194090 -0.404844
v -0.840188 -0.173055 -0.402880
v -0.843602 -0.176057 -0.383713
v -0.843602 -0.196091 -0.385584
v -0.840188 -0.173055 -0.402880
v -0.840188 -0.152020 -0.400916
v -0.843602 -0.156023 -0.381843
v -0.843602 -0.176057 -0.383713
v 0.843602 -0.196091 0.385584
v 0.843602 -0.176057 0.383713
v 0.847017 -0.179059 0.364547
v 0.847017 -0.198093 0.366323
v 0.840188 -0.194090 0.404844
v 0.840188 -0.173055 0.402880
v 0.843602 -0.176057 0.383713
v 0.843602 -0.196091 0.385584
v 0.840188 -0.173055 0.402880
v 0.840188 -0.152020 0.400916
v 0.843602 -0.156023 0.381843
v 0.843602 -0.176057 0.383713
v -0.843603 -0.196091 0.385583
v -0.843603 -0.216125 0.387453
v -0.847017 -0.217126 0.368099
v -0.847017 -0.198093 0.366322
v -0.840188 -0.194090 0.404843
v -0.840188 -0.215125 0.406806
v -0.843603 -0.216125 0.387453
v -0.843603 -0.196091 0.385583
v -0.840188 -0.215125 0.406806
v -0.840188 -0.236159 0.408770
v -0.843603 -0.236159 0.389323
v -0.843603 -0.216125 0.387453
v 0.843603 -0.117495 -0.370765
v 0.843603 -0.136759 -0.376304
v 0.847017 -0.141724 -0.357507
v 0.847017 -0.123422 -0.352245
v 0.840188 -0.111567 -0.389285
v 0.840188 -0.131794 -0.395100
v 0.843603 -0.136759 -0.376304
v 0.843603 -0.117495 -0.370765
v 0.840188 -0.131794 -0.395100
v 0.840188 -0.152020 -0.400916
v 0.843603 -0.156023 -0.381842
v 0.843603 -0.136759 -0.376304
v -0.843602 -0.117495 -0.370766
v -0.843602 -0.098230 -0.365227
v -0.847017 -0.105120 -0.346984
v -0.847017 -0.123422 -0.352246
v -0.840188 -0.111567 -0.389286
v -0.840188 -0.091341 -0.383470
v -0.843602 -0.098230 -0.365227
v -0.843602 -0.117495 -0.370766
v -0.840188 -0.091341 -0.383470
v -0.840188 -0.071114 -0.377655
v -0.843602 -0.078966 -0.359688
v -0.843602 -0.098230 -0.365227
v 0.843603 -0.043458 -0.341699
v 0.843603 -0.061212 -0.350693
v 0.847017 -0.069951 -0.333176
v 0.847017 -0.053084 -0.324631
v 0.840188 -0.033833 -0.358767
v 0.840188 -0.052474 -0.368211
v 0.843603 -0.061212 -0.350693
v 0.843603 -0.043458 -0.341699
v 0.840188 -0.052474 -0.368211
v 0.840188 -0.071115 -0.377654
v 0.843603 -0.078966 -0.359687
v 0.843603 -0.061212 -0.350693
v 0.843603 0.170659 0.037977
v 0.843603 0.172633 0.018989
v 0.847017 0.152213 0.018040
v 0.847017 0.150339 0.036080
v 0.840188 0.190980 0.039874
v 0.840188 0.193052 0.019937
v 0.843603 0.172633 0.018989
v 0.843603 0.170659 0.037977
v 0.840188 0.195124 0.000000
v 0.843603 0.174606 0.000000
v -0.843602 -0.043458 -0.341700
v -0.843602 -0.025704 -0.332705
v -0.847017 -0.036217 -0.316087
v -0.847017 -0.053084 -0.324632
v -0.840188 -0.033833 -0.358768
v -0.840188 -0.015192 -0.349324
v -0.843602 -0.025704 -0.332705
v -0.843602 -0.043458 -0.341700
v -0.840188 -0.015192 -0.349324
v -0.840188 0.003449 -0.339881
v -0.843602 -0.007950 -0.323711
v -0.843602 -0.025704 -0.332705
v -0.843603 0.170660 0.037976
v -0.843603 0.168686 0.056964
v -0.847017 0.148464 0.054119
v -0.847017 0.150339 0.036079
v -0.840188 0.190980 0.039873
v -0.840188 0.188909 0.059810
v -0.843603 0.168686 0.056964
v -0.843603 0.170660 0.037976
v -0.840188 0.188909 0.059810
v -0.840188 0.186837 0.079747
v -0.843603 0.166713 0.075953
v -0.843603 0.168686 0.056964
v 0.843603 0.007611 -0.311606
v 0.847017 -0.004565 -0.296041
v 0.840188 0.036126 -0.314462
v 0.840188 0.019787 -0.327171
v 0.843603 0.007611 -0.311606
v 0.843603 0.023173 -0.299501
v 0.840188 0.019787 -0.327171
v 0.840188 0.003449 -0.339880
v 0.843603 -0.007950 -0.323710
v 0.843603 0.007611 -0.311606
v 0.843603 0.155026 0.112471
v 0.843603 0.160869 0.094212
v 0.847017 0.141038 0.089506
v 0.847017 0.135486 0.106853
v 0.840188 0.174566 0.118089
v 0.840188 0.180701 0.098918
v 0.843603 0.160869 0.094212
v 0.843603 0.155026 0.112471
v 0.840188 0.186837 0.079748
v 0.843603 0.166713 0.075954
v -0.843602 0.023173 -0.299502
v -0.843602 0.038734 -0.287398
v -0.847017 0.025003 -0.273042
v -0.847017 0.010219 -0.284542
v -0.840188 0.036126 -0.314463
v -0.840188 0.052465 -0.301754
v -0.843602 0.038734 -0.287398
v -0.843602 0.023173 -0.299502
v -0.840188 0.052465 -0.301754
v -0.840188 0.068804 -0.289045
v -0.843603 0.054296 -0.275294
v -0.843602 0.038734 -0.287398
v -0.843603 0.155026 0.112470
v -0.843603 0.149182 0.130729
v -0.847017 0.129934 0.124199
v -0.847017 0.135486 0.106852
v -0.840188 0.174566 0.118088
v -0.840188 0.168430 0.137259
v -0.843603 0.149182 0.130729
v -0.843603 0.155026 0.112470
v -0.840188 0.168430 0.137259
v -0.840188 0.162294 0.156429
v -0.843603 0.143338 0.148987
v -0.843603 0.149182 0.130729
v 0.843603 0.079837 -0.245794
v 0.843603 0.067066 -0.260544
v 0.847017 0.051920 -0.247529
v 0.847017 0.064053 -0.233517
v 0.840188 0.095622 -0.258072
v 0.840188 0.082213 -0.273558
v 0.843603 0.067066 -0.260544
v 0.843603 0.079837 -0.245794
v 0.840188 0.082213 -0.273558
v 0.840188 0.068804 -0.289044
v 0.843603 0.054295 -0.275293
v 0.843603 0.067066 -0.260544
v 0.843603 0.124359 0.182643
v 0.843603 0.133848 0.165815
v 0.847017 0.115366 0.157533
v 0.847017 0.106351 0.173519
v 0.840188 0.142367 0.191766
v 0.840188 0.152331 0.174098
v 0.843603 0.133848 0.165815
v 0.843603 0.124359 0.182643
v 0.840188 0.152331 0.174098
v 0.840188 0.162294 0.156430
v 0.843603 0.143338 0.148988
v 0.843603 0.133848 0.165815
v -0.843603 0.079838 -0.245795
v -0.843603 0.092608 -0.231046
v -0.847017 0.076186 -0.219505
v -0.847017 0.064053 -0.233518
v -0.840188 0.095622 -0.258073
v -0.840188 0.109031 -0.242587
v -0.843603 0.092608 -0.231046
v -0.843603 0.079838 -0.245795
v -0.840188 0.109031 -0.242587
v -0.840188 0.122439 -0.227101
v -0.843603 0.105379 -0.216297
v -0.843603 0.092608 -0.231046
v -0.843603 0.124359 0.182642
v -0.843603 0.114869 0.199469
v -0.847017 0.097335 0.189505
v -0.847017 0.106351 0.173519
v -0.840188 0.142367 0.191765
v -0.840188 0.132403 0.209432
v -0.843603 0.114869 0.199469
v -0.843603 0.124359 0.182642
v -0.840188 0.132403 0.209432
v -0.840188 0.122439 0.227100
v -0.843603 0.105379 0.216296
v -0.843603 0.114869 0.199469
v 0.843603 0.124359 -0.182642
v 0.843603 0.114869 -0.199469
v 0.847017 0.097335 -0.189505
v 0.847017 0.106351 -0.173519
v 0.840188 0.142367 -0.191765
v 0.840188 0.132403 -0.209432
v 0.843603 0.114869 -0.199469
v 0.843603 0.124359 -0.182642
v 0.840188 0.132403 -0.209432
v 0.840188 0.122439 -0.227100
v 0.843603 0.105379 -0.216296
v 0.843603 0.114869 -0.199469
v 0.843603 0.079837 0.245795
v 0.843603 0.092608 0.231046
v 0.847017 0.076186 0.219505
v 0.847017 0.064053 0.233518
v 0.840188 0.095622 0.258073
v 0.840188 0.109031 0.242587
v 0.843603 0.092608 0.231046
v 0.843603 0.079837 0.245795
v 0.840188 0.109031 0.242587
v 0.840188 0.122439 0.227101
v 0.843603 0.105379 0.216297
v 0.843603 0.092608 0.231046
v -0.843603 0.124359 -0.182643
v -0.843603 0.133849 -0.165815
v -0.847017 0.115366 -0.157533
v -0.847017 0.106351 -0.173519
v -0.840188 0.142367 -0.191766
v -0.840188 0.152331 -0.174098
v -0.843603 0.133849 -0.165815
v -0.843603 0.124359 -0.182643
v -0.840188 0.152331 -0.174098
v -0.840188 0.162294 -0.156430
v -0.843603 0.143338 -0.148988
v -0.843603 0.133849 -0.165815
v -0.843603 0.079838 0.245794
v -0.843603 0.067067 0.260544
v -0.847017 0.051920 0.247529
v -0.847017 0.064053 0.233517
v -0.840188 0.095622 0.258072
v -0.840188 0.082213 0.273558
v -0.843603 0.067067 0.260544
v -0.843603 0.079838 0.245794
v -0.840188 0.082213 0.273558
v -0.840188 0.068804 0.289044
v -0.843603 0.054296 0.275293
v -0.843603 0.067067 0.260544
v 0.843603 0.155026 -0.112470
v 0.843603 0.149182 -0.130729
v 0.847017 0.129934 -0.124199
v 0.847017 0.135486 -0.106852
v 0.840188 0.174566 -0.118088
v 0.840188 0.168430 -0.137259
v 0.843603 0.149182 -0.130729
v 0.843603 0.155026 -0.112470
v 0.840188 0.168430 -0.137259
v 0.840188 0.162294 -0.156429
v 0.843603 0.143338 -0.148987
v 0.843603 0.149182 -0.130729
v 0.843602 0.023173 0.299502
v 0.843602 0.038734 0.287398
v 0.847017 0.025003 0.273042
v 0.847017 0.010219 0.284542
v 0.840188 0.036126 0.314463
v 0.840188 0.052465 0.301754
v 0.843602 0.038734 0.287398
v 0.843602 0.023173 0.299502
v 0.840188 0.052465 0.301754
v 0.840188 0.068804 0.289045
v 0.843603 0.054295 0.275294
v 0.843602 0.038734 0.287398
v -0.843603 0.155026 -0.112471
v -0.843603 0.160869 -0.094212
v -0.847017 0.141038 -0.089506
v -0.847017 0.135486 -0.106853
v -0.840188 0.174566 -0.118089
v -0.840188 0.180701 -0.098918
v -0.843603 0.160869 -0.094212
v -0.843603 0.155026 -0.112471
v -0.840188 0.180701 -0.098918
v -0.840188 0.186837 -0.079748
v -0.843603 0.166713 -0.075954
v -0.843603 0.160869 -0.094212
v -0.000000 0.150339 0.036080
v 0.423509 0.150339 0.036080
v 0.423509 0.152213 0.018040
v -0.000000 0.152213 0.018040
v 0.423509 0.150339 0.036080
v 0.847017 0.150339 0.036080
v 0.847017 0.152213 0.018040
v 0.423509 0.152213 0.018040
v 0.423509 0.141038 0.089506
v 0.423509 0.146589 0.072160
v 0.423509 0.141038 0.089506
v 0.847017 0.141038 0.089506
v 0.423509 0.141038 0.089506
v -0.000000 0.115366 0.157532
v 0.423508 0.115366 0.157533
v 0.423508 0.124382 0.141546
v -0.000000 0.124382 0.141546
v -0.000000 0.106351 0.173519
v 0.423508 0.106351 0.173519
v 0.423508 0.115366 0.157533
v -0.000000 0.115366 0.157532
v 0.847017 0.106351 0.173519
v 0.847017 0.115366 0.157533
v 0.423508 0.076186 0.219505
v 0.423508 0.088319 0.205493
v -0.000000 0.064053 0.233517
v 0.423508 0.064053 0.233517
v 0.423508 0.076186 0.219505
v -0.000000 0.076186 0.219505
v 0.423508 0.064053 0.233517
v 0.847017 0.064053 0.233518
v 0.847017 0.076186 0.219505
v 0.423508 0.076186 0.219505
v 0.423508 0.010219 0.284542
v 0.423508 0.025003 0.273042
v 0.847017 0.010219 0.284542
v 0.847017 0.025003 0.273042
v 0.423508 -0.053084 0.324631
v 0.423508 -0.036217 0.316086
v 0.847017 -0.053084 0.324632
v 0.847017 -0.036217 0.316087
v -0.000000 -0.105120 0.346983
v -0.000000 -0.086818 0.341721
v 0.423508 -0.105120 0.346984
v -0.000000 -0.105120 0.346983
v 0.847017 -0.105120 0.346984
v -0.000000 -0.179059 0.364546
v 0.423508 -0.179059 0.364546
v 0.423508 -0.160026 0.362770
v -0.000000 -0.160026 0.362769
v -0.000000 -0.198093 0.366323
v 0.423508 -0.198093 0.366323
v 0.423508 -0.179059 0.364546
v -0.000000 -0.179059 0.364546
v 0.847017 -0.198093 0.366323
v 0.847017 -0.179059 0.364547
v 0.423508 -0.179059 0.364546
v 0.000000 -0.217126 -0.368100
v 0.423509 -0.217126 -0.368099
v 0.423509 -0.236159 -0.369876
v 0.000000 -0.236159 -0.369876
v 0.000000 -0.198093 -0.366323
v 0.423509 -0.198093 -0.366323
v 0.423509 -0.217126 -0.368099
v 0.000000 -0.217126 -0.368100
v 0.000000 -0.141724 -0.357507
v 0.000000 -0.160026 -0.362769
v 0.423509 -0.141724 -0.357507
v 0.000000 -0.141724 -0.357507
v 0.847017 -0.141724 -0.357507
v 0.423509 -0.053084 -0.324631
v 0.847017 -0.053084 -0.324631
v 0.423509 0.010219 -0.284541
v 0.423509 -0.004565 -0.296041
v 0.847017 0.010219 -0.284541
v 0.847017 -0.004565 -0.296041
v 0.423509 0.051920 -0.247529
v 0.423509 0.039787 -0.261542
v 0.423509 0.051920 -0.247529
v 0.000000 0.051920 -0.247530
v 0.847017 0.051920 -0.247529
v 0.423509 0.051920 -0.247529
v 0.000000 0.097335 -0.189506
v 0.423509 0.097335 -0.189505
v 0.423509 0.088319 -0.205492
v 0.000000 0.088319 -0.205492
v 0.000000 0.106351 -0.173519
v 0.423509 0.106351 -0.173519
v 0.423509 0.106351 -0.173519
v 0.847017 0.106351 -0.173519
v 0.423509 0.129934 -0.124199
v 0.423509 0.124382 -0.141545
v 0.423509 0.135486 -0.106852
v 0.423509 0.129934 -0.124199
v 0.423509 0.135486 -0.106852
v 0.847017 0.135486 -0.106852
v 0.847017 0.129934 -0.124199
v 0.423509 0.129934 -0.124199
v 0.423509 0.150339 -0.036079
v 0.423509 0.148464 -0.054119
v 0.847017 0.150339 -0.036079
v 0.847017 0.148464 -0.054119
v 0.416679 0.231622 0.043668
v 0.416679 0.233891 0.021834
v 0.833359 0.233891 0.021834
v 0.833359 0.231622 0.043668
v 0.416679 0.213645 0.129325
v 0.833359 0.213645 0.129325
v 0.416679 0.178383 0.210012
v 0.416679 0.189295 0.190663
v 0.833359 0.189295 0.190663
v 0.833359 0.178383 0.210012
v 0.416679 0.141875 0.265669
v 0.833359 0.141875 0.265669
v 0.416679 0.079927 0.330465
v 0.833358 0.079927 0.330465
v 0.416679 -0.014582 0.392904
v 0.416679 0.005832 0.382562
v 0.833358 0.005832 0.382562
v 0.833358 -0.014582 0.392904
v 0.416679 -0.099713 0.426326
v 0.833358 -0.099713 0.426326
v 0.416679 -0.190087 0.443364
v 0.416679 -0.167051 0.441213
v 0.833358 -0.167051 0.441213
v 0.833358 -0.190087 0.443364
v 0.416680 -0.190087 -0.443363
v 0.416680 -0.213123 -0.445514
v 0.833359 -0.213123 -0.445513
v 0.833359 -0.190087 -0.443363
v 0.416680 -0.099713 -0.426325
v 0.833359 -0.099713 -0.426325
v 0.416680 -0.014582 -0.392903
v 0.416680 -0.034996 -0.403246
v 0.833359 -0.034996 -0.403245
v 0.833359 -0.014582 -0.392903
v 0.416679 0.044140 -0.358301
v 0.833359 0.044140 -0.358301
v 0.416679 0.112505 -0.299587
v 0.833359 0.112505 -0.299587
v 0.416679 0.178383 -0.210011
v 0.416679 0.167471 -0.229360
v 0.833359 0.167471 -0.229360
v 0.833359 0.178383 -0.210011
v 0.416679 0.213645 -0.129324
v 0.833359 0.213645 -0.129324
v 0.416679 0.231622 -0.043667
v 0.416679 0.229353 -0.065501
v 0.833359 0.229353 -0.065501
v 0.833359 0.231622 -0.043667
vn -0.0000 -0.9946 0.1034
vn -0.0000 -0.9524 0.3048
vn -0.0000 -0.8710 0.4912
vn -0.0000 -0.7560 0.6546
vn -0.0000 -0.6140 0.7893
vn -0.0000 -0.4519 0.8921
vn -0.0000 -0.2763 0.9611
vn -0.0000 -0.0929 0.9957
vn -0.0000 -0.0929 -0.9957
vn -0.0000 -0.2763 -0.9611
vn -0.0000 -0.4519 -0.8921
vn -0.0000 -0.6140 -0.7893
vn -0.0000 -0.7560 -0.6546
vn -0.0000 -0.8710 -0.4912
vn -0.0000 -0.9524 -0.3048
vn -0.0000 -0.9946 -0.1034
vn -0.0000 0.9946 -0.1034
vn -0.0000 0.9524 -0.3048
vn -0.0000 0.8710 -0.4912
vn -0.0000 0.7560 -0.6546
vn -0.0000 0.6140 -0.7893
vn -0.0000 0.4519 -0.8921
vn -0.0000 0.2763 -0.9611
vn -0.0000 0.0929 -0.9957
vn -0.0000 0.0929 0.9957
vn -0.0000 0.2763 0.9611
vn -0.0000 0.4519 0.8921
vn -0.0000 0.6140 0.7893
vn -0.0000 0.7560 0.6546
vn -0.0000 0.8710 0.4912
vn -0.0000 0.9524 0.3048
vn -0.0000 0.9946 0.1034
vn 0.9862 -0.1578 0.0505
vn -0.9854 -0.1045 -0.1344
vn -0.9862 -0.1578 0.0505
vn 0.9857 -0.1274 -0.1103
vn 0.9860 -0.1454 0.0820
vn -0.9857 -0.1274 -0.1103
vn -0.9860 -0.1454 0.0820
vn 0.9860 -0.1454 -0.0820
vn 0.9857 -0.1274 0.1103
vn -0.9860 -0.1454 -0.0820
vn -0.9857 -0.1274 0.1103
vn 0.9862 -0.1578 -0.0505
vn 0.9854 -0.1045 0.1344
vn -0.9862 -0.1578 -0.0505
vn -0.9854 -0.1045 0.1344
vn 0.9863 -0.1641 -0.0171
vn 0.9851 -0.0777 0.1533
vn -0.9863 -0.1641 -0.0171
vn -0.9851 -0.0777 0.1533
vn 0.9849 -0.0478 0.1663
vn -0.9849 -0.0478 0.1663
vn 0.9848 -0.0161 -0.1729
vn -0.9848 -0.0161 -0.1729
vn 0.9848 -0.0161 0.1729
vn -0.9848 -0.0161 0.1729
vn 0.9849 -0.0478 -0.1663
vn -0.9849 -0.0478 -0.1663
vn 0.9863 -0.1641 0.0171
vn 0.9851 -0.0777 -0.1533
vn -0.9863 -0.1641 0.0171
vn -0.9851 -0.0777 -0.1533
vn 0.9854 -0.1045 -0.1344
vn -0.0000 1.0000 -0.0000
vn 0.9851 -0.0776 0.1533
vn -0.9851 -0.0776 0.1533
vn 0.9851 -0.0776 -0.1533
vn -0.9863 -0.1642 0.0171
vn -0.9851 -0.0776 -0.1533
vt 0.976562 0.125000
vt 0.968750 0.125000
vt 0.968750 0.000000
vt 0.976562 0.000000
vt 0.945312 0.125000
vt 0.937500 0.125000
vt 0.937500 0.000000
vt 0.945312 0.000000
vt 0.914062 0.125000
vt 0.906250 0.125000
vt 0.906250 0.000000
vt 0.914062 0.000000
vt 0.882812 0.125000
vt 0.875000 0.125000
vt 0.875000 0.000000
vt 0.882812 0.000000
vt 0.851562 0.125000
vt 0.843750 0.125000
vt 0.843750 0.000000
vt 0.851562 0.000000
vt 0.820312 0.125000
vt 0.812500 0.125000
vt 0.812500 0.000000
vt 0.820312 0.000000
vt 0.789062 0.125000
vt 0.781250 0.125000
vt 0.781250 0.000000
vt 0.789062 0.000000
vt 0.757812 0.125000
vt 0.750000 0.125000
vt 0.750000 0.000000
vt 0.757812 0.000000
vt 0.226562 0.125000
vt 0.218750 0.125000
vt 0.218750 0.000000
vt 0.226562 0.000000
vt 0.195312 0.125000
vt 0.187500 0.125000
vt 0.187500 0.000000
vt 0.195312 0.000000
vt 0.164062 0.125000
vt 0.156250 0.125000
vt 0.156250 0.000000
vt 0.164062 0.000000
vt 0.132812 0.125000
vt 0.125000 0.125000
vt 0.125000 0.000000
vt 0.132812 0.000000
vt 0.101562 0.125000
vt 0.093750 0.125000
vt 0.093750 0.000000
vt 0.101562 0.000000
vt 0.070312 0.125000
vt 0.062500 0.125000
vt 0.062500 0.000000
vt 0.070312 0.000000
vt 0.039062 0.125000
vt 0.031250 0.125000
vt 0.031250 0.000000
vt 0.039062 0.000000
vt 0.007812 0.125000
vt 0.000000 0.125000
vt 0.000000 0.000000
vt 0.007812 0.000000
vt 0.960938 0.500000
vt 0.968750 0.500000
vt 0.117188 0.500000
vt 0.125000 0.500000
vt 0.929688 0.500000
vt 0.937500 0.500000
vt 0.085938 0.500000
vt 0.093750 0.500000
vt 0.898438 0.500000
vt 0.906250 0.500000
vt 0.054688 0.500000
vt 0.062500 0.500000
vt 0.867188 0.500000
vt 0.875000 0.500000
vt 0.023438 0.500000
vt 0.031250 0.500000
vt 0.835938 0.500000
vt 0.843750 0.500000
vt 0.804688 0.500000
vt 0.812500 0.500000
vt 0.242188 0.500000
vt 0.250000 0.500000
vt 0.773438 0.500000
vt 0.781250 0.500000
vt 0.210938 0.500000
vt 0.218750 0.500000
vt 0.992188 0.500000
vt 1.000000 0.500000
vt 0.179688 0.500000
vt 0.187500 0.500000
vt 0.148438 0.500000
vt 0.156250 0.500000
vt 0.750000 0.500000
vt 0.250000 0.000000
vt 0.132812 0.500000
vt 0.140625 0.500000
vt 0.179688 0.000000
vt 0.171875 0.000000
vt 0.992188 0.000000
vt 0.984375 0.000000
vt 0.164062 0.500000
vt 0.171875 0.500000
vt 0.976562 0.500000
vt 0.984375 0.500000
vt 0.210938 0.000000
vt 0.203125 0.000000
vt 0.195312 0.500000
vt 0.203125 0.500000
vt 0.773438 0.000000
vt 0.765625 0.000000
vt 0.757812 0.500000
vt 0.765625 0.500000
vt 0.242188 0.000000
vt 0.234375 0.000000
vt 0.226562 0.500000
vt 0.234375 0.500000
vt 0.804688 0.000000
vt 0.796875 0.000000
vt 0.789062 0.500000
vt 0.796875 0.500000
vt 0.835938 0.000000
vt 0.828125 0.000000
vt 0.023438 0.000000
vt 0.015625 0.000000
vt 0.820312 0.500000
vt 0.828125 0.500000
vt 0.007812 0.500000
vt 0.015625 0.500000
vt 0.867188 0.000000
vt 0.859375 0.000000
vt 0.054688 0.000000
vt 0.046875 0.000000
vt 0.851562 0.500000
vt 0.859375 0.500000
vt 0.039062 0.500000
vt 0.046875 0.500000
vt 0.898438 0.000000
vt 0.890625 0.000000
vt 0.085938 0.000000
vt 0.078125 0.000000
vt 0.882812 0.500000
vt 0.890625 0.500000
vt 0.070312 0.500000
vt 0.078125 0.500000
vt 0.929688 0.000000
vt 0.921875 0.000000
vt 0.117188 0.000000
vt 0.109375 0.000000
vt 0.914062 0.500000
vt 0.921875 0.500000
vt 0.101562 0.500000
vt 0.109375 0.500000
vt 0.960938 0.000000
vt 0.953125 0.000000
vt 0.148438 0.000000
vt 0.140625 0.000000
vt 0.945312 0.500000
vt 0.953125 0.500000
vt 0.007812 0.375000
vt 0.007812 0.250000
vt 0.000000 0.250000
vt 0.000000 0.375000
vt 0.023438 0.375000
vt 0.023438 0.250000
vt 0.015625 0.250000
vt 0.015625 0.375000
vt 0.023438 0.125000
vt 0.015625 0.125000
vt 0.039062 0.375000
vt 0.039062 0.250000
vt 0.031250 0.250000
vt 0.031250 0.375000
vt 0.054688 0.375000
vt 0.054688 0.250000
vt 0.046875 0.250000
vt 0.046875 0.375000
vt 0.054688 0.125000
vt 0.046875 0.125000
vt 0.070312 0.375000
vt 0.070312 0.250000
vt 0.062500 0.250000
vt 0.062500 0.375000
vt 0.085938 0.375000
vt 0.085938 0.250000
vt 0.078125 0.250000
vt 0.078125 0.375000
vt 0.085938 0.125000
vt 0.078125 0.125000
vt 0.101562 0.375000
vt 0.101562 0.250000
vt 0.093750 0.250000
vt 0.093750 0.375000
vt 0.117188 0.375000
vt 0.117188 0.250000
vt 0.109375 0.250000
vt 0.109375 0.375000
vt 0.117188 0.125000
vt 0.109375 0.125000
vt 0.132812 0.375000
vt 0.132812 0.250000
vt 0.125000 0.250000
vt 0.125000 0.375000
vt 0.148438 0.375000
vt 0.148438 0.250000
vt 0.140625 0.250000
vt 0.140625 0.375000
vt 0.148438 0.125000
vt 0.140625 0.125000
vt 0.164062 0.375000
vt 0.164062 0.250000
vt 0.156250 0.250000
vt 0.156250 0.375000
vt 0.179688 0.375000
vt 0.179688 0.250000
vt 0.171875 0.250000
vt 0.171875 0.375000
vt 0.179688 0.125000
vt 0.171875 0.125000
vt 0.195312 0.375000
vt 0.195312 0.250000
vt 0.187500 0.250000
vt 0.187500 0.375000
vt 0.210938 0.375000
vt 0.210938 0.250000
vt 0.203125 0.250000
vt 0.203125 0.375000
vt 0.210938 0.125000
vt 0.203125 0.125000
vt 0.226562 0.375000
vt 0.226562 0.250000
vt 0.218750 0.250000
vt 0.218750 0.375000
vt 0.242188 0.375000
vt 0.242188 0.250000
vt 0.234375 0.250000
vt 0.234375 0.375000
vt 0.242188 0.125000
vt 0.234375 0.125000
vt 0.757812 0.375000
vt 0.757812 0.250000
vt 0.750000 0.250000
vt 0.750000 0.375000
vt 0.773438 0.375000
vt 0.773438 0.250000
vt 0.765625 0.250000
vt 0.765625 0.375000
vt 0.773438 0.125000
vt 0.765625 0.125000
vt 0.789062 0.375000
vt 0.789062 0.250000
vt 0.781250 0.250000
vt 0.781250 0.375000
vt 0.804688 0.375000
vt 0.804688 0.250000
vt 0.796875 0.250000
vt 0.796875 0.375000
vt 0.804688 0.125000
vt 0.796875 0.125000
vt 0.820312 0.375000
vt 0.820312 0.250000
vt 0.812500 0.250000
vt 0.812500 0.375000
vt 0.835938 0.375000
vt 0.835938 0.250000
vt 0.828125 0.250000
vt 0.828125 0.375000
vt 0.835938 0.125000
vt 0.828125 0.125000
vt 0.851562 0.375000
vt 0.851562 0.250000
vt 0.843750 0.250000
vt 0.843750 0.375000
vt 0.867188 0.375000
vt 0.867188 0.250000
vt 0.859375 0.250000
vt 0.859375 0.375000
vt 0.867188 0.125000
vt 0.859375 0.125000
vt 0.882812 0.375000
vt 0.882812 0.250000
vt 0.875000 0.250000
vt 0.875000 0.375000
vt 0.898438 0.375000
vt 0.898438 0.250000
vt 0.890625 0.250000
vt 0.890625 0.375000
vt 0.898438 0.125000
vt 0.890625 0.125000
vt 0.914062 0.375000
vt 0.914062 0.250000
vt 0.906250 0.250000
vt 0.906250 0.375000
vt 0.929688 0.375000
vt 0.929688 0.250000
vt 0.921875 0.250000
vt 0.921875 0.375000
vt 0.929688 0.125000
vt 0.921875 0.125000
vt 0.945312 0.375000
vt 0.945312 0.250000
vt 0.937500 0.250000
vt 0.937500 0.375000
vt 0.960938 0.375000
vt 0.960938 0.250000
vt 0.953125 0.250000
vt 0.953125 0.375000
vt 0.960938 0.125000
vt 0.953125 0.125000
vt 0.976562 0.375000
vt 0.976562 0.250000
vt 0.968750 0.250000
vt 0.968750 0.375000
vt 0.992188 0.375000
vt 0.992188 0.250000
vt 0.984375 0.250000
vt 0.984375 0.375000
vt 0.992188 0.125000
vt 0.984375 0.125000
vt 1.000000 0.375000
vt 1.000000 0.250000
vt 1.000000 0.125000
vt 1.000000 0.000000
vt 0.250000 0.375000
vt 0.250000 0.250000
vt 0.250000 0.125000
vt 0.000000 0.500000
s 0
usemtl Material.002
f 1/1/1 2/2/1 3/3/1
f 1/1/1 3/3/1 4/4/1
f 5/5/2 6/6/2 7/7/2
f 5/5/2 7/7/2 8/8/2
f 9/9/3 10/10/3 11/11/3
f 9/9/3 11/11/3 12/12/3
f 13/13/4 14/14/4 15/15/4
f 13/13/4 15/15/4 16/16/4
f 17/17/5 18/18/5 19/19/5
f 17/17/5 19/19/5 20/20/5
f 21/21/6 22/22/6 23/23/6
f 21/21/6 23/23/6 24/24/6
f 25/25/7 26/26/7 27/27/7
f 25/25/7 27/27/7 28/28/7
f 29/29/8 30/30/8 31/31/8
f 29/29/8 31/31/8 32/32/8
f 33/33/9 34/34/9 35/35/9
f 33/33/9 35/35/9 36/36/9
f 37/37/10 38/38/10 39/39/10
f 37/37/10 39/39/10 40/40/10
f 41/41/11 42/42/11 43/43/11
f 41/41/11 43/43/11 44/44/11
f 45/45/12 46/46/12 47/47/12
f 45/45/12 47/47/12 48/48/12
f 49/49/13 50/50/13 51/51/13
f 49/49/13 51/51/13 52/52/13
f 53/53/14 54/54/14 55/55/14
f 53/53/14 55/55/14 56/56/14
f 57/57/15 58/58/15 59/59/15
f 57/57/15 59/59/15 60/60/15
f 61/61/16 62/62/16 63/63/16
f 61/61/16 63/63/16 64/64/16
f 65/1/17 66/4/17 67/3/17
f 65/1/17 67/3/17 68/2/17
f 69/5/18 70/8/18 71/7/18
f 69/5/18 71/7/18 72/6/18
f 73/9/19 74/12/19 75/11/19
f 73/9/19 75/11/19 76/10/19
f 77/13/20 78/16/20 79/15/20
f 77/13/20 79/15/20 80/14/20
f 81/17/21 82/20/21 83/19/21
f 81/17/21 83/19/21 84/18/21
f 85/21/22 86/24/22 87/23/22
f 85/21/22 87/23/22 88/22/22
f 89/25/23 90/28/23 91/27/23
f 89/25/23 91/27/23 92/26/23
f 93/29/24 94/32/24 95/31/24
f 93/29/24 95/31/24 96/30/24
f 97/33/25 98/36/25 99/35/25
f 97/33/25 99/35/25 100/34/25
f 101/37/26 102/40/26 103/39/26
f 101/37/26 103/39/26 104/38/26
f 105/41/27 106/44/27 107/43/27
f 105/41/27 107/43/27 108/42/27
f 109/45/28 110/48/28 111/47/28
f 109/45/28 111/47/28 112/46/28
f 113/49/29 114/52/29 115/51/29
f 113/49/29 115/51/29 116/50/29
f 117/53/30 118/56/30 119/55/30
f 117/53/30 119/55/30 120/54/30
f 121/57/31 122/60/31 123/59/31
f 121/57/31 123/59/31 124/58/31
f 125/61/32 126/64/32 127/63/32
f 125/61/32 127/63/32 128/62/32
f 129/65/33 130/66/33 131/66/33
f 129/65/33 131/66/33 132/65/33
f 133/48/34 134/47/34 135/47/34
f 133/48/34 135/47/34 136/48/34
f 137/8/35 138/7/35 139/7/35
f 137/8/35 139/7/35 140/8/35
f 141/67/36 142/68/36 143/68/36
f 141/67/36 143/68/36 144/67/36
f 145/69/37 146/70/37 147/70/37
f 145/69/37 147/70/37 148/69/37
f 149/52/38 150/51/38 151/51/38
f 149/52/38 151/51/38 152/52/38
f 153/12/39 154/11/39 155/11/39
s 1
f 153/12/39 155/11/39 156/12/39
s 0
f 157/71/40 158/72/40 159/72/40
f 157/71/40 159/72/40 160/71/40
f 161/73/41 162/74/41 163/74/41
f 161/73/41 163/74/41 164/73/41
f 165/56/42 166/55/42 167/55/42
f 165/56/42 167/55/42 168/56/42
f 169/16/43 170/15/43 171/15/43
f 169/16/43 171/15/43 172/16/43
f 173/75/44 174/76/44 175/76/44
f 173/75/44 175/76/44 176/75/44
f 177/77/45 178/78/45 179/78/45
f 177/77/45 179/78/45 180/77/45
f 181/60/46 182/59/46 183/59/46
f 181/60/46 183/59/46 184/60/46
f 185/20/47 186/19/47 187/19/47
f 185/20/47 187/19/47 188/20/47
f 189/79/48 190/80/48 191/80/48
f 189/79/48 191/80/48 192/79/48
f 193/81/49 194/82/49 195/82/49
f 193/81/49 195/82/49 196/81/49
f 197/64/50 198/63/50 199/63/50
f 197/64/50 199/63/50 200/64/50
f 201/24/51 202/23/51 203/23/51
f 201/24/51 203/23/51 204/24/51
f 205/83/52 206/84/52 207/84/52
f 205/83/52 207/84/52 208/83/52
f 209/28/53 210/27/53 211/27/53
f 209/28/53 211/27/53 212/28/53
f 213/85/54 214/86/54 215/86/54
f 213/85/54 215/86/54 216/85/54
f 217/36/55 218/35/55 219/35/55
f 217/36/55 219/35/55 220/36/55
f 221/87/56 222/88/56 223/88/56
f 221/87/56 223/88/56 224/87/56
f 225/32/57 226/31/57 227/31/57
f 225/32/57 227/31/57 228/32/57
f 229/89/58 230/90/58 231/90/58
f 229/89/58 231/90/58 232/89/58
f 233/40/59 234/39/59 235/39/59
f 233/40/59 235/39/59 236/40/59
f 237/91/60 238/92/60 239/92/60
f 237/91/60 239/92/60 240/91/60
f 241/93/61 242/94/61 243/94/61
f 241/93/61 243/94/61 244/93/61
f 245/4/62 246/3/62 247/3/62
f 245/4/62 247/3/62 248/4/62
f 249/44/63 250/43/63 251/43/63
f 249/44/63 251/43/63 252/44/63
f 253/95/64 254/96/64 255/96/64
f 253/95/64 255/96/64 256/95/64
f 257/97/65 258/97/65 259/97/65
f 257/97/65 259/97/65 260/97/65
f 261/86/65 262/86/65 263/86/65
f 261/86/65 263/86/65 264/86/65
f 265/31/65 266/31/65 267/31/65
f 265/31/65 267/31/65 268/31/65
f 269/98/65 270/98/65 271/98/65
f 269/98/65 271/98/65 272/98/65
f 273/98/65 274/98/65 275/98/65
f 273/98/65 275/98/65 276/98/65
f 277/98/65 278/98/65 279/98/65
f 277/98/65 279/98/65 280/98/65
f 281/98/65 282/98/65 283/98/65
f 281/98/65 283/98/65 284/98/65
f 285/31/65 286/31/65 287/31/65
f 285/31/65 287/31/65 288/31/65
f 289/31/65 290/31/65 291/31/65
f 289/31/65 291/31/65 292/31/65
f 293/31/65 294/31/65 295/31/65
f 293/31/65 295/31/65 296/31/65
f 297/86/65 298/86/65 299/86/65
f 297/86/65 299/86/65 300/86/65
f 301/86/65 302/86/65 303/86/65
f 301/86/65 303/86/65 304/86/65
f 305/86/65 306/86/65 307/86/65
f 305/86/65 307/86/65 308/86/65
f 309/97/65 310/97/65 311/97/65
f 309/97/65 311/97/65 312/97/65
f 313/97/65 314/97/65 315/97/65
f 313/97/65 315/97/65 316/97/65
f 317/97/65 318/97/65 319/97/65
f 317/97/65 319/97/65 320/97/65
f 321/99/64 322/100/64 323/100/64
f 321/99/64 323/100/64 324/99/64
f 325/99/64 326/100/64 327/100/64
f 325/99/64 327/100/64 328/99/64
f 329/95/64 330/96/64 331/96/64
f 329/95/64 331/96/64 332/95/64
f 333/101/63 334/102/63 335/102/63
f 333/101/63 335/102/63 336/101/63
f 337/101/63 338/102/63 339/102/63
f 337/101/63 339/102/63 340/101/63
f 341/44/63 342/43/63 343/43/63
f 341/44/63 343/43/63 344/44/63
f 345/103/62 346/104/62 347/104/62
f 345/103/62 347/104/62 348/103/62
f 349/103/62 350/104/62 351/104/62
f 349/103/62 351/104/62 352/103/62
f 353/4/62 354/3/62 355/3/62
f 353/4/62 355/3/62 356/4/62
f 357/105/61 358/106/61 359/106/61
f 357/105/61 359/106/61 360/105/61
f 361/105/61 362/106/61 363/106/61
f 361/105/61 363/106/61 364/105/61
f 365/93/61 366/94/61 367/94/61
f 365/93/61 367/94/61 368/93/61
f 369/107/60 370/108/60 371/108/60
f 369/107/60 371/108/60 372/107/60
f 373/107/60 374/108/60 375/108/60
f 373/107/60 375/108/60 376/107/60
f 377/91/60 378/92/60 379/92/60
f 377/91/60 379/92/60 380/91/60
f 381/109/59 382/110/59 383/110/59
f 381/109/59 383/110/59 384/109/59
f 385/109/59 386/110/59 387/110/59
f 385/109/59 387/110/59 388/109/59
f 389/40/59 390/39/59 391/39/59
f 389/40/59 391/39/59 392/40/59
f 393/111/58 394/112/58 395/112/58
f 393/111/58 395/112/58 396/111/58
f 397/111/58 398/112/58 399/112/58
f 397/111/58 399/112/58 400/111/58
f 401/89/58 402/90/58 403/90/58
f 401/89/58 403/90/58 404/89/58
f 405/113/57 406/114/57 407/114/57
f 405/113/57 407/114/57 408/113/57
f 409/113/57 410/114/57 411/114/57
f 409/113/57 411/114/57 412/113/57
f 413/32/57 414/31/57 415/31/57
f 413/32/57 415/31/57 416/32/57
f 417/115/56 418/116/56 419/116/56
f 417/115/56 419/116/56 420/115/56
f 421/115/56 422/116/56 423/116/56
f 421/115/56 423/116/56 424/115/56
f 425/87/56 426/88/56 427/88/56
f 425/87/56 427/88/56 428/87/56
f 429/117/55 430/118/55 431/118/55
f 429/117/55 431/118/55 432/117/55
f 433/117/55 434/118/55 435/118/55
f 433/117/55 435/118/55 436/117/55
f 437/36/55 438/35/55 439/35/55
f 437/36/55 439/35/55 440/36/55
f 441/119/54 442/120/54 443/120/54
f 441/119/54 443/120/54 444/119/54
f 445/119/54 446/120/54 447/120/54
f 445/119/54 447/120/54 448/119/54
f 449/85/54 450/86/54 451/86/54
f 449/85/54 451/86/54 452/85/54
f 453/121/53 454/122/53 455/122/53
f 453/121/53 455/122/53 456/121/53
f 457/121/53 458/122/53 459/122/53
f 457/121/53 459/122/53 460/121/53
f 461/28/53 462/27/53 463/27/53
f 461/28/53 463/27/53 464/28/53
f 465/123/52 466/124/52 467/124/52
f 465/123/52 467/124/52 468/123/52
f 469/123/52 470/124/52 471/124/52
f 469/123/52 471/124/52 472/123/52
f 473/83/52 474/84/52 475/84/52
f 473/83/52 475/84/52 476/83/52
f 477/125/51 478/126/51 479/126/51
f 477/125/51 479/126/51 480/125/51
f 481/125/51 482/126/51 483/126/51
f 481/125/51 483/126/51 484/125/51
f 485/24/51 486/23/51 487/23/51
s 1
f 485/24/51 487/23/51 488/24/51
s 0
f 489/127/50 490/128/50 491/128/50
f 489/127/50 491/128/50 492/127/50
f 493/127/50 494/128/50 495/128/50
f 493/127/50 495/128/50 496/127/50
f 497/64/50 498/63/50 499/63/50
f 497/64/50 499/63/50 500/64/50
f 501/129/49 502/130/49 503/130/49
f 501/129/49 503/130/49 504/129/49
f 505/129/49 506/130/49 507/130/49
f 505/129/49 507/130/49 508/129/49
f 509/81/49 510/82/49 511/82/49
f 509/81/66 511/82/66 512/81/66
f 513/131/48 514/132/48 515/132/48
f 513/131/48 515/132/48 516/131/48
f 517/131/48 518/132/48 519/132/48
f 517/131/48 519/132/48 520/131/48
f 521/79/48 522/80/48 523/80/48
f 521/79/48 523/80/48 524/79/48
f 525/133/47 526/134/47 527/134/47
f 525/133/47 527/134/47 528/133/47
f 529/133/47 530/134/47 531/134/47
f 529/133/47 531/134/47 532/133/47
f 533/20/47 534/19/47 535/19/47
f 533/20/47 535/19/47 536/20/47
f 537/135/46 538/136/46 539/136/46
f 537/135/46 539/136/46 540/135/46
f 541/135/46 542/136/46 543/136/46
f 541/135/46 543/136/46 544/135/46
f 545/60/46 546/59/46 547/59/46
f 545/60/46 547/59/46 548/60/46
s 1
f 549/137/45 550/138/45 551/138/45
s 0
f 549/137/45 551/138/45 552/137/45
f 553/137/45 554/138/45 555/138/45
f 553/137/45 555/138/45 556/137/45
f 557/77/45 558/78/45 559/78/45
f 557/77/45 559/78/45 560/77/45
f 561/139/44 562/140/44 563/140/44
f 561/139/44 563/140/44 564/139/44
f 565/139/44 566/140/44 567/140/44
f 565/139/44 567/140/44 568/139/44
s 1
f 569/75/44 570/76/44 571/76/44
s 0
f 569/75/44 571/76/44 572/75/44
f 573/141/43 574/142/43 575/142/43
f 573/141/43 575/142/43 576/141/43
f 577/141/43 578/142/43 579/142/43
f 577/141/43 579/142/43 580/141/43
f 581/16/43 582/15/43 583/15/43
f 581/16/43 583/15/43 584/16/43
f 585/143/42 586/144/42 587/144/42
f 585/143/42 587/144/42 588/143/42
f 589/143/42 590/144/42 591/144/42
f 589/143/42 591/144/42 592/143/42
f 593/56/42 594/55/42 595/55/42
f 593/56/42 595/55/42 596/56/42
f 597/145/41 598/146/41 599/146/41
f 597/145/41 599/146/41 600/145/41
f 601/145/41 602/146/41 603/146/41
f 601/145/41 603/146/41 604/145/41
f 605/73/41 606/74/41 607/74/41
f 605/73/41 607/74/41 608/73/41
f 609/147/40 610/148/40 611/148/40
f 609/147/40 611/148/40 612/147/40
f 613/147/40 614/148/40 615/148/40
f 613/147/40 615/148/40 616/147/40
f 617/71/40 618/72/40 619/72/40
f 617/71/40 619/72/40 620/71/40
f 621/149/39 622/150/39 623/150/39
f 621/149/39 623/150/39 624/149/39
f 625/149/39 626/150/39 627/150/39
f 625/149/39 627/150/39 628/149/39
f 629/12/39 630/11/39 631/11/39
f 629/12/39 631/11/39 632/12/39
f 633/151/38 634/152/38 635/152/38
f 633/151/38 635/152/38 636/151/38
f 637/151/38 638/152/38 639/152/38
f 637/151/38 639/152/38 640/151/38
f 641/52/38 642/51/38 643/51/38
f 641/52/38 643/51/38 644/52/38
f 645/153/37 646/154/37 647/154/37
f 645/153/37 647/154/37 648/153/37
f 649/153/37 650/154/37 651/154/37
f 649/153/37 651/154/37 652/153/37
f 653/69/37 654/70/37 655/70/37
f 653/69/37 655/70/37 656/69/37
f 657/155/36 658/156/36 659/156/36
f 657/155/36 659/156/36 660/155/36
f 661/155/36 662/156/36 663/156/36
f 661/155/36 663/156/36 664/155/36
f 665/67/36 666/68/36 667/68/36
f 665/67/36 667/68/36 668/67/36
f 669/157/35 670/158/35 671/158/35
f 669/157/35 671/158/35 672/157/35
f 673/157/35 674/158/35 675/158/35
f 673/157/35 675/158/35 676/157/35
f 677/8/35 678/7/35 679/7/35
f 677/8/35 679/7/35 680/8/35
f 681/159/34 682/160/34 683/160/34
f 681/159/34 683/160/34 684/159/34
f 685/159/34 686/160/34 687/160/34
f 685/159/34 687/160/34 688/159/34
f 689/48/34 690/47/34 691/47/34
f 689/48/34 691/47/34 692/48/34
f 693/161/33 694/162/33 695/162/33
f 693/161/33 695/162/33 696/161/33
f 697/161/33 698/162/33 699/162/33
f 697/161/33 699/162/33 700/161/33
f 701/65/33 702/66/33 703/66/33
f 701/65/33 703/66/33 704/65/33
f 705/163/32 706/164/32 707/165/32
f 705/163/32 707/165/32 708/166/32
f 709/167/32 710/168/32 711/169/32
f 709/167/32 711/169/32 712/170/32
f 713/171/32 714/127/32 715/128/32
f 713/171/32 715/128/32 716/172/32
f 717/173/31 718/174/31 719/175/31
f 717/173/31 719/175/31 720/176/31
f 721/177/31 722/178/31 723/179/31
f 721/177/31 723/179/31 724/180/31
f 725/181/31 726/135/31 727/136/31
f 725/181/31 727/136/31 728/182/31
f 729/183/30 730/184/30 731/185/30
f 729/183/30 731/185/30 732/186/30
f 733/187/30 734/188/30 735/189/30
f 733/187/30 735/189/30 736/190/30
f 737/191/30 738/143/30 739/144/30
f 737/191/30 739/144/30 740/192/30
f 741/193/29 742/194/29 743/195/29
f 741/193/29 743/195/29 744/196/29
f 745/197/29 746/198/29 747/199/29
f 745/197/29 747/199/29 748/200/29
f 749/201/29 750/151/29 751/152/29
f 749/201/29 751/152/29 752/202/29
f 753/203/28 754/204/28 755/205/28
f 753/203/28 755/205/28 756/206/28
f 757/207/28 758/208/28 759/209/28
f 757/207/28 759/209/28 760/210/28
f 761/211/28 762/159/28 763/160/28
f 761/211/28 763/160/28 764/212/28
f 765/213/27 766/214/27 767/215/27
f 765/213/27 767/215/27 768/216/27
f 769/217/27 770/218/27 771/219/27
f 769/217/27 771/219/27 772/220/27
f 773/221/27 774/101/27 775/102/27
f 773/221/27 775/102/27 776/222/27
f 777/223/26 778/224/26 779/225/26
f 777/223/26 779/225/26 780/226/26
f 781/227/26 782/228/26 783/229/26
f 781/227/26 783/229/26 784/230/26
f 785/231/26 786/109/26 787/110/26
f 785/231/26 787/110/26 788/232/26
f 789/233/25 790/234/25 791/235/25
f 789/233/25 791/235/25 792/236/25
f 793/237/25 794/238/25 795/239/25
f 793/237/25 795/239/25 796/240/25
f 797/241/25 798/117/25 799/118/25
f 797/241/25 799/118/25 800/242/25
f 801/243/24 802/244/24 803/245/24
f 801/243/24 803/245/24 804/246/24
f 805/247/24 806/248/24 807/249/24
f 805/247/24 807/249/24 808/250/24
f 809/251/24 810/113/24 811/114/24
f 809/251/24 811/114/24 812/252/24
f 813/253/23 814/254/23 815/255/23
f 813/253/23 815/255/23 816/256/23
f 817/257/23 818/258/23 819/259/23
f 817/257/23 819/259/23 820/260/23
f 821/261/23 822/121/23 823/122/23
f 821/261/23 823/122/23 824/262/23
f 825/263/22 826/264/22 827/265/22
f 825/263/22 827/265/22 828/266/22
f 829/267/22 830/268/22 831/269/22
f 829/267/22 831/269/22 832/270/22
f 833/271/22 834/125/22 835/126/22
f 833/271/22 835/126/22 836/272/22
f 837/273/21 838/274/21 839/275/21
f 837/273/21 839/275/21 840/276/21
f 841/277/21 842/278/21 843/279/21
f 841/277/21 843/279/21 844/280/21
f 845/281/21 846/133/21 847/134/21
f 845/281/21 847/134/21 848/282/21
f 849/283/20 850/284/20 851/285/20
f 849/283/20 851/285/20 852/286/20
f 853/287/20 854/288/20 855/289/20
f 853/287/20 855/289/20 856/290/20
f 857/291/20 858/141/20 859/142/20
f 857/291/20 859/142/20 860/292/20
f 861/293/19 862/294/19 863/295/19
f 861/293/19 863/295/19 864/296/19
f 865/297/19 866/298/19 867/299/19
f 865/297/19 867/299/19 868/300/19
f 869/301/19 870/149/19 871/150/19
f 869/301/19 871/150/19 872/302/19
f 873/303/18 874/304/18 875/305/18
f 873/303/18 875/305/18 876/306/18
f 877/307/18 878/308/18 879/309/18
f 877/307/18 879/309/18 880/310/18
f 881/311/18 882/157/18 883/158/18
f 881/311/18 883/158/18 884/312/18
f 885/313/17 886/314/17 887/315/17
f 885/313/17 887/315/17 888/316/17
f 889/317/17 890/318/17 891/319/17
f 889/317/17 891/319/17 892/320/17
f 893/321/17 894/103/17 895/104/17
f 893/321/17 895/104/17 896/322/17
f 897/171/16 898/172/16 899/128/16
f 897/171/16 899/128/16 900/127/16
f 901/167/16 902/170/16 903/169/16
f 901/167/16 903/169/16 904/168/16
f 905/163/16 906/166/16 907/165/16
f 905/163/16 907/165/16 908/164/16
f 909/181/15 910/182/15 911/136/15
f 909/181/15 911/136/15 912/135/15
f 913/177/15 914/180/15 915/179/15
f 913/177/15 915/179/15 916/178/15
f 917/173/15 918/176/15 919/175/15
f 917/173/15 919/175/15 920/174/15
f 921/191/14 922/192/14 923/144/14
f 921/191/14 923/144/14 924/143/14
f 925/187/14 926/190/14 927/189/14
f 925/187/14 927/189/14 928/188/14
f 929/183/14 930/186/14 931/185/14
f 929/183/14 931/185/14 932/184/14
f 933/201/13 934/202/13 935/152/13
f 933/201/13 935/152/13 936/151/13
f 937/197/13 938/200/13 939/199/13
f 937/197/13 939/199/13 940/198/13
f 941/193/13 942/196/13 943/195/13
f 941/193/13 943/195/13 944/194/13
f 945/211/12 946/212/12 947/160/12
f 945/211/12 947/160/12 948/159/12
f 949/207/12 950/210/12 951/209/12
f 949/207/12 951/209/12 952/208/12
f 953/203/12 954/206/12 955/205/12
f 953/203/12 955/205/12 956/204/12
f 957/221/11 958/222/11 959/102/11
f 957/221/11 959/102/11 960/101/11
f 961/217/11 962/220/11 963/219/11
f 961/217/11 963/219/11 964/218/11
f 965/213/11 966/216/11 967/215/11
f 965/213/11 967/215/11 968/214/11
f 969/231/10 970/232/10 971/110/10
f 969/231/10 971/110/10 972/109/10
f 973/227/10 974/230/10 975/229/10
f 973/227/10 975/229/10 976/228/10
f 977/223/10 978/226/10 979/225/10
f 977/223/10 979/225/10 980/224/10
f 981/241/9 982/242/9 983/118/9
f 981/241/9 983/118/9 984/117/9
f 985/237/9 986/240/9 987/239/9
f 985/237/9 987/239/9 988/238/9
f 989/233/9 990/236/9 991/235/9
f 989/233/9 991/235/9 992/234/9
f 993/251/8 994/252/8 995/114/8
f 993/251/8 995/114/8 996/113/8
f 997/247/8 998/250/8 999/249/8
f 997/247/8 999/249/8 1000/248/8
f 1001/243/8 1002/246/8 1003/245/8
f 1001/243/8 1003/245/8 1004/244/8
f 1005/261/7 1006/262/7 1007/122/7
f 1005/261/7 1007/122/7 1008/121/7
f 1009/257/7 1010/260/7 1011/259/7
f 1009/257/7 1011/259/7 1012/258/7
f 1013/253/7 1014/256/7 1015/255/7
f 1013/253/7 1015/255/7 1016/254/7
f 1017/271/6 1018/272/6 1019/126/6
f 1017/271/6 1019/126/6 1020/125/6
f 1021/267/6 1022/270/6 1023/269/6
f 1021/267/6 1023/269/6 1024/268/6
f 1025/263/6 1026/266/6 1027/265/6
f 1025/263/6 1027/265/6 1028/264/6
f 1029/281/5 1030/282/5 1031/134/5
f 1029/281/5 1031/134/5 1032/133/5
f 1033/277/5 1034/280/5 1035/279/5
f 1033/277/5 1035/279/5 1036/278/5
f 1037/273/5 1038/276/5 1039/275/5
f 1037/273/5 1039/275/5 1040/274/5
f 1041/291/4 1042/292/4 1043/142/4
f 1041/291/4 1043/142/4 1044/141/4
f 1045/287/4 1046/290/4 1047/289/4
f 1045/287/4 1047/289/4 1048/288/4
f 1049/283/4 1050/286/4 1051/285/4
f 1049/283/4 1051/285/4 1052/284/4
f 1053/301/3 1054/302/3 1055/150/3
f 1053/301/3 1055/150/3 1056/149/3
f 1057/297/3 1058/300/3 1059/299/3
f 1057/297/3 1059/299/3 1060/298/3
f 1061/293/3 1062/296/3 1063/295/3
f 1061/293/3 1063/295/3 1064/294/3
f 1065/311/2 1066/312/2 1067/158/2
f 1065/311/2 1067/158/2 1068/157/2
f 1069/307/2 1070/310/2 1071/309/2
f 1069/307/2 1071/309/2 1072/308/2
f 1073/303/2 1074/306/2 1075/305/2
f 1073/303/2 1075/305/2 1076/304/2
f 1077/321/1 1078/322/1 1079/104/1
f 1077/321/1 1079/104/1 1080/103/1
f 1081/317/1 1082/320/1 1083/319/1
f 1081/317/1 1083/319/1 1084/318/1
f 1085/313/1 1086/316/1 1087/315/1
f 1085/313/1 1087/315/1 1088/314/1
f 1089/320/1 1090/313/1 1091/314/1
f 1089/320/1 1091/314/1 1092/319/1
f 1093/108/1 1094/107/1 1090/313/1
f 1093/108/1 1090/313/1 1089/320/1
f 1095/107/1 1096/66/1 1086/316/1
f 1095/107/1 1086/316/1 1085/313/1
f 1097/323/1 1098/317/1 1099/318/1
f 1097/323/1 1099/318/1 1100/324/1
f 1101/92/1 1102/91/1 1098/317/1
f 1101/92/1 1098/317/1 1097/323/1
f 1103/91/1 1104/108/1 1082/320/1
f 1103/91/1 1082/320/1 1081/317/1
f 1105/325/1 1106/321/1 1107/103/1
f 1105/325/1 1107/103/1 1108/326/1
f 1100/324/1 1099/318/1 1106/321/1
f 1100/324/1 1106/321/1 1105/325/1
f 1084/318/1 1083/319/1 1078/322/1
f 1084/318/1 1078/322/1 1077/321/1
f 1109/310/2 1073/303/2 1076/304/2
f 1109/310/2 1076/304/2 1110/309/2
f 1111/162/2 1112/161/2 1073/303/2
f 1111/162/2 1073/303/2 1109/310/2
f 1112/161/2 1113/70/2 1074/306/2
f 1112/161/2 1074/306/2 1073/303/2
f 1114/316/2 1069/307/2 1072/308/2
f 1114/316/2 1072/308/2 1115/315/2
f 1116/66/2 1117/65/2 1069/307/2
f 1116/66/2 1069/307/2 1114/316/2
f 1117/65/2 1118/162/2 1070/310/2
f 1117/65/2 1070/310/2 1069/307/2
f 1119/2/2 1065/311/2 1068/157/2
f 1119/2/2 1068/157/2 1120/3/2
f 1115/315/2 1072/308/2 1065/311/2
f 1115/315/2 1065/311/2 1119/2/2
f 1072/308/2 1071/309/2 1066/312/2
f 1072/308/2 1066/312/2 1065/311/2
f 1121/300/3 1122/293/3 1123/294/3
f 1121/300/3 1123/294/3 1124/299/3
f 1125/154/3 1126/153/3 1122/293/3
f 1125/154/3 1122/293/3 1121/300/3
f 1127/153/3 1128/74/3 1062/296/3
f 1127/153/3 1062/296/3 1061/293/3
f 1129/306/3 1130/297/3 1131/298/3
f 1129/306/3 1131/298/3 1132/305/3
f 1133/70/3 1134/69/3 1130/297/3
f 1133/70/3 1130/297/3 1129/306/3
f 1135/69/3 1136/154/3 1058/300/3
f 1135/69/3 1058/300/3 1057/297/3
f 1137/6/3 1138/301/3 1139/149/3
f 1137/6/3 1139/149/3 1140/7/3
f 1132/305/3 1131/298/3 1138/301/3
f 1132/305/3 1138/301/3 1137/6/3
f 1060/298/3 1059/299/3 1054/302/3
f 1060/298/3 1054/302/3 1053/301/3
f 1046/290/4 1141/283/4 1142/284/4
f 1046/290/4 1142/284/4 1047/289/4
f 1143/146/4 1144/145/4 1141/283/4
f 1143/146/4 1141/283/4 1046/290/4
f 1145/145/4 1146/78/4 1050/286/4
f 1145/145/4 1050/286/4 1049/283/4
f 1147/296/4 1148/287/4 1149/288/4
f 1147/296/4 1149/288/4 1150/295/4
f 1151/74/4 1152/73/4 1148/287/4
f 1151/74/4 1148/287/4 1147/296/4
f 1153/73/4 1143/146/4 1046/290/4
f 1153/73/4 1046/290/4 1045/287/4
f 1154/10/4 1155/291/4 1156/141/4
f 1154/10/4 1156/141/4 1157/11/4
f 1150/295/4 1149/288/4 1155/291/4
f 1150/295/4 1155/291/4 1154/10/4
f 1048/288/4 1047/289/4 1042/292/4
f 1048/288/4 1042/292/4 1041/291/4
f 1034/280/5 1158/273/5 1159/274/5
f 1034/280/5 1159/274/5 1035/279/5
f 1160/138/5 1161/137/5 1158/273/5
f 1160/138/5 1158/273/5 1034/280/5
f 1162/137/5 1163/82/5 1038/276/5
f 1162/137/5 1038/276/5 1037/273/5
f 1164/286/5 1165/277/5 1166/278/5
f 1164/286/5 1166/278/5 1167/285/5
f 1168/78/5 1169/77/5 1165/277/5
f 1168/78/5 1165/277/5 1164/286/5
f 1170/77/5 1160/138/5 1034/280/5
f 1170/77/5 1034/280/5 1033/277/5
f 1171/14/5 1172/281/5 1173/133/5
f 1171/14/5 1173/133/5 1174/15/5
f 1167/285/5 1166/278/5 1172/281/5
f 1167/285/5 1172/281/5 1171/14/5
f 1036/278/5 1035/279/5 1030/282/5
f 1036/278/5 1030/282/5 1029/281/5
f 1175/270/6 1176/263/6 1177/264/6
f 1175/270/6 1177/264/6 1178/269/6
f 1179/130/6 1180/129/6 1176/263/6
f 1179/130/6 1176/263/6 1175/270/6
f 1181/129/6 1182/84/6 1026/266/6
f 1181/129/6 1026/266/6 1025/263/6
f 1183/276/6 1184/267/6 1185/268/6
f 1183/276/6 1185/268/6 1186/275/6
f 1187/82/6 1188/81/6 1184/267/6
f 1187/82/6 1184/267/6 1183/276/6
f 1189/81/6 1190/130/6 1022/270/6
f 1189/81/6 1022/270/6 1021/267/6
f 1191/18/6 1192/271/6 1193/125/6
f 1191/18/6 1193/125/6 1194/19/6
f 1186/275/6 1185/268/6 1192/271/6
f 1186/275/6 1192/271/6 1191/18/6
f 1024/268/6 1023/269/6 1018/272/6
f 1024/268/6 1018/272/6 1017/271/6
f 1195/260/7 1013/253/7 1016/254/7
f 1195/260/7 1016/254/7 1196/259/7
f 1197/124/7 1198/123/7 1013/253/7
f 1197/124/7 1013/253/7 1195/260/7
f 1198/123/7 1199/88/7 1014/256/7
f 1198/123/7 1014/256/7 1013/253/7
f 1200/266/7 1009/257/7 1012/258/7
f 1200/266/7 1012/258/7 1201/265/7
f 1202/84/7 1203/83/7 1009/257/7
f 1202/84/7 1009/257/7 1200/266/7
f 1203/83/7 1204/124/7 1010/260/7
f 1203/83/7 1010/260/7 1009/257/7
f 1205/22/7 1005/261/7 1008/121/7
f 1205/22/7 1008/121/7 1206/23/7
f 1201/265/7 1012/258/7 1005/261/7
f 1201/265/7 1005/261/7 1205/22/7
f 1012/258/7 1011/259/7 1006/262/7
f 1012/258/7 1006/262/7 1005/261/7
f 1207/250/8 1208/243/8 1209/244/8
f 1207/250/8 1209/244/8 1210/249/8
f 1211/116/8 1212/115/8 1208/243/8
f 1211/116/8 1208/243/8 1207/250/8
f 1213/115/8 1214/97/8 1002/246/8
f 1213/115/8 1002/246/8 1001/243/8
f 1215/256/8 1216/247/8 1217/248/8
f 1215/256/8 1217/248/8 1218/255/8
f 1219/88/8 1220/87/8 1216/247/8
f 1219/88/8 1216/247/8 1215/256/8
f 1221/87/8 1222/116/8 998/250/8
f 1221/87/8 998/250/8 997/247/8
f 1223/26/8 1224/251/8 1225/113/8
f 1223/26/8 1225/113/8 1226/27/8
f 1218/255/8 1217/248/8 1224/251/8
f 1218/255/8 1224/251/8 1223/26/8
f 1000/248/8 999/249/8 994/252/8
f 1000/248/8 994/252/8 993/251/8
f 1227/240/9 1228/233/9 1229/234/9
f 1227/240/9 1229/234/9 1230/239/9
f 1231/120/9 1232/119/9 1228/233/9
f 1231/120/9 1228/233/9 1227/240/9
f 1233/119/9 1234/90/9 990/236/9
f 1233/119/9 990/236/9 989/233/9
f 1235/327/9 1236/237/9 1237/238/9
f 1235/327/9 1237/238/9 1238/328/9
f 1239/86/9 1240/85/9 1236/237/9
f 1239/86/9 1236/237/9 1235/327/9
f 1241/85/9 1242/120/9 986/240/9
f 1241/85/9 986/240/9 985/237/9
f 1243/329/9 1244/241/9 1245/117/9
f 1243/329/9 1245/117/9 1246/98/9
f 1238/328/9 1237/238/9 1244/241/9
f 1238/328/9 1244/241/9 1243/329/9
f 988/238/9 987/239/9 982/242/9
f 988/238/9 982/242/9 981/241/9
f 1247/230/10 977/223/10 980/224/10
f 1247/230/10 980/224/10 1248/229/10
f 1249/112/10 1250/111/10 977/223/10
f 1249/112/10 977/223/10 1247/230/10
f 1250/111/10 1251/94/10 978/226/10
f 1250/111/10 978/226/10 977/223/10
f 1252/236/10 973/227/10 976/228/10
f 1252/236/10 976/228/10 1253/235/10
f 1254/90/10 1255/89/10 973/227/10
f 1254/90/10 973/227/10 1252/236/10
f 1255/89/10 1256/112/10 974/230/10
f 1255/89/10 974/230/10 973/227/10
f 1257/34/10 969/231/10 972/109/10
f 1257/34/10 972/109/10 1258/35/10
f 1253/235/10 976/228/10 969/231/10
f 1253/235/10 969/231/10 1257/34/10
f 976/228/10 975/229/10 970/232/10
f 976/228/10 970/232/10 969/231/10
f 1259/220/11 1260/213/11 1261/214/11
f 1259/220/11 1261/214/11 1262/219/11
f 1263/106/11 1264/105/11 1260/213/11
f 1263/106/11 1260/213/11 1259/220/11
f 1265/105/11 1266/96/11 966/216/11
f 1265/105/11 966/216/11 965/213/11
f 1267/226/11 1268/217/11 1269/218/11
f 1267/226/11 1269/218/11 1270/225/11
f 1271/94/11 1272/93/11 1268/217/11
f 1271/94/11 1268/217/11 1267/226/11
f 1273/93/11 1274/106/11 962/220/11
f 1273/93/11 962/220/11 961/217/11
f 1275/38/11 1276/221/11 1277/101/11
f 1275/38/11 1277/101/11 1278/39/11
f 1270/225/11 1269/218/11 1276/221/11
f 1270/225/11 1276/221/11 1275/38/11
f 964/218/11 963/219/11 958/222/11
f 964/218/11 958/222/11 957/221/11
f 950/210/12 1279/203/12 1280/204/12
f 950/210/12 1280/204/12 951/209/12
f 1281/100/12 1282/99/12 1279/203/12
f 1281/100/12 1279/203/12 950/210/12
f 1283/99/12 1284/68/12 954/206/12
f 1283/99/12 954/206/12 953/203/12
f 1285/216/12 1286/207/12 1287/208/12
f 1285/216/12 1287/208/12 1288/215/12
f 1289/96/12 1290/95/12 1286/207/12
f 1289/96/12 1286/207/12 1285/216/12
f 1291/95/12 1281/100/12 950/210/12
f 1291/95/12 950/210/12 949/207/12
f 1292/42/12 1293/211/12 1294/159/12
f 1292/42/12 1294/159/12 1295/43/12
f 1288/215/12 1287/208/12 1293/211/12
f 1288/215/12 1293/211/12 1292/42/12
f 952/208/12 951/209/12 946/212/12
f 952/208/12 946/212/12 945/211/12
f 938/200/13 1296/193/13 1297/194/13
f 938/200/13 1297/194/13 939/199/13
f 1298/156/13 1299/155/13 1296/193/13
f 1298/156/13 1296/193/13 938/200/13
f 1300/155/13 1301/72/13 942/196/13
f 1300/155/13 942/196/13 941/193/13
f 1302/206/13 1303/197/13 1304/198/13
f 1302/206/13 1304/198/13 1305/205/13
f 1306/68/13 1307/67/13 1303/197/13
f 1306/68/13 1303/197/13 1302/206/13
f 1308/67/13 1298/156/13 938/200/13
f 1308/67/13 938/200/13 937/197/13
f 1309/46/13 1310/201/13 1311/151/13
f 1309/46/13 1311/151/13 1312/47/13
f 1305/205/13 1304/198/13 1310/201/13
f 1305/205/13 1310/201/13 1309/46/13
f 940/198/13 939/199/13 934/202/13
f 940/198/13 934/202/13 933/201/13
f 1313/190/14 1314/183/14 1315/184/14
f 1313/190/14 1315/184/14 1316/189/14
f 1317/148/14 1318/147/14 1314/183/14
f 1317/148/14 1314/183/14 1313/190/14
f 1319/147/14 1320/76/14 930/186/14
f 1319/147/14 930/186/14 929/183/14
f 1321/196/14 1322/187/14 1323/188/14
f 1321/196/14 1323/188/14 1324/195/14
f 1325/72/14 1326/71/14 1322/187/14
f 1325/72/14 1322/187/14 1321/196/14
f 1327/71/14 1328/148/14 926/190/14
f 1327/71/14 926/190/14 925/187/14
f 1329/50/14 1330/191/14 1331/143/14
f 1329/50/14 1331/143/14 1332/51/14
f 1324/195/14 1323/188/14 1330/191/14
f 1324/195/14 1330/191/14 1329/50/14
f 928/188/14 927/189/14 922/192/14
f 928/188/14 922/192/14 921/191/14
f 1333/180/15 917/173/15 920/174/15
f 1333/180/15 920/174/15 1334/179/15
f 1335/140/15 1336/139/15 917/173/15
f 1335/140/15 917/173/15 1333/180/15
f 1336/139/15 1337/80/15 918/176/15
f 1336/139/15 918/176/15 917/173/15
f 1338/186/15 913/177/15 916/178/15
f 1338/186/15 916/178/15 1339/185/15
f 1340/76/15 1341/75/15 913/177/15
f 1340/76/15 913/177/15 1338/186/15
f 1341/75/15 1342/140/15 914/180/15
f 1341/75/15 914/180/15 913/177/15
f 1343/54/15 909/181/15 912/135/15
f 1343/54/15 912/135/15 1344/55/15
f 1339/185/15 916/178/15 909/181/15
f 1339/185/15 909/181/15 1343/54/15
f 916/178/15 915/179/15 910/182/15
f 916/178/15 910/182/15 909/181/15
f 1345/170/16 1346/163/16 1347/164/16
f 1345/170/16 1347/164/16 1348/169/16
f 1349/132/16 1350/131/16 1346/163/16
f 1349/132/16 1346/163/16 1345/170/16
f 1351/131/16 1352/330/16 906/166/16
f 1351/131/16 906/166/16 905/163/16
f 1353/176/16 1354/167/16 1355/168/16
f 1353/176/16 1355/168/16 1356/175/16
f 1357/80/16 1358/79/16 1354/167/16
f 1357/80/16 1354/167/16 1353/176/16
f 1359/79/16 1360/132/16 902/170/16
f 1359/79/16 902/170/16 901/167/16
f 1361/58/16 1362/171/16 1363/127/16
f 1361/58/16 1363/127/16 1364/59/16
f 1356/175/16 1355/168/16 1362/171/16
f 1356/175/16 1362/171/16 1361/58/16
f 904/168/16 903/169/16 898/172/16
f 904/168/16 898/172/16 897/171/16
f 890/318/17 1365/321/17 1366/322/17
f 890/318/17 1366/322/17 891/319/17
f 1367/324/17 1368/325/17 1369/321/17
f 1367/324/17 1369/321/17 1370/318/17
f 1371/325/17 1372/326/17 1373/103/17
f 1371/325/17 1373/103/17 1374/321/17
f 1375/91/17 889/317/17 892/320/17
f 1375/91/17 892/320/17 1376/108/17
f 1377/92/17 1378/323/17 1379/317/17
f 1377/92/17 1379/317/17 1380/91/17
f 1378/323/17 1367/324/17 1370/318/17
f 1378/323/17 1370/318/17 1379/317/17
f 1381/107/17 885/313/17 888/316/17
f 1381/107/17 888/316/17 1382/66/17
f 1383/108/17 1384/320/17 1385/313/17
f 1383/108/17 1385/313/17 1386/107/17
f 1384/320/17 1387/319/17 1388/314/17
f 1384/320/17 1388/314/17 1385/313/17
f 878/308/18 1389/311/18 1390/312/18
f 878/308/18 1390/312/18 879/309/18
f 1391/315/18 1392/2/18 1393/311/18
f 1391/315/18 1393/311/18 1394/308/18
f 1395/2/18 1396/3/18 1397/157/18
f 1395/2/18 1397/157/18 1398/311/18
f 1399/65/18 1400/307/18 1401/310/18
f 1399/65/18 1401/310/18 1402/162/18
f 1403/66/18 1404/316/18 1405/307/18
f 1403/66/18 1405/307/18 1406/65/18
f 1407/316/18 1391/315/18 1394/308/18
f 1407/316/18 1394/308/18 1408/307/18
f 1409/161/18 1410/303/18 1411/306/18
f 1409/161/18 1411/306/18 1412/70/18
f 1413/162/18 1414/310/18 1415/303/18
f 1413/162/18 1415/303/18 1416/161/18
f 1417/310/18 1418/309/18 1419/304/18
f 1417/310/18 1419/304/18 1420/303/18
f 1421/298/19 869/301/19 872/302/19
f 1421/298/19 872/302/19 1422/299/19
f 1423/305/19 1424/6/19 1425/301/19
f 1423/305/19 1425/301/19 1426/298/19
f 1427/6/19 1428/7/19 1429/149/19
f 1427/6/19 1429/149/19 1430/301/19
f 1431/69/19 865/297/19 868/300/19
f 1431/69/19 868/300/19 1432/154/19
f 1433/70/19 1434/306/19 1435/297/19
f 1433/70/19 1435/297/19 1436/69/19
f 1434/306/19 1437/305/19 1438/298/19
f 1434/306/19 1438/298/19 1435/297/19
f 1439/153/19 861/293/19 864/296/19
f 1439/153/19 864/296/19 1440/74/19
f 1441/154/19 1442/300/19 861/293/19
f 1441/154/19 861/293/19 1439/153/19
f 1442/300/19 1443/299/19 862/294/19
f 1442/300/19 862/294/19 861/293/19
f 1444/288/20 1445/291/20 1446/292/20
f 1444/288/20 1446/292/20 1447/289/20
f 1448/295/20 1449/10/20 1450/291/20
f 1448/295/20 1450/291/20 1451/288/20
f 1452/10/20 1453/11/20 1454/141/20
f 1452/10/20 1454/141/20 1455/291/20
f 1456/73/20 1457/287/20 1458/290/20
f 1456/73/20 1458/290/20 1459/146/20
f 1460/74/20 1461/296/20 1462/287/20
f 1460/74/20 1462/287/20 1463/73/20
f 1464/296/20 1448/295/20 1451/288/20
f 1464/296/20 1451/288/20 1465/287/20
f 1466/145/20 1467/283/20 1468/286/20
f 1466/145/20 1468/286/20 1469/78/20
f 1459/146/20 1458/290/20 1470/283/20
f 1459/146/20 1470/283/20 1471/145/20
f 856/290/20 855/289/20 1472/284/20
f 856/290/20 1472/284/20 1473/283/20
f 842/278/21 845/281/21 848/282/21
f 842/278/21 848/282/21 843/279/21
f 1474/285/21 1475/14/21 1476/281/21
f 1474/285/21 1476/281/21 1477/278/21
f 1475/14/21 1478/15/21 1479/133/21
f 1475/14/21 1479/133/21 1476/281/21
f 1480/77/21 841/277/21 844/280/21
f 1480/77/21 844/280/21 1481/138/21
f 1482/78/21 1483/286/21 1484/277/21
f 1482/78/21 1484/277/21 1485/77/21
f 1483/286/21 1474/285/21 1477/278/21
f 1483/286/21 1477/278/21 1484/277/21
f 1486/137/21 837/273/21 840/276/21
f 1486/137/21 840/276/21 1487/82/21
f 1488/138/21 1489/280/21 1490/273/21
f 1488/138/21 1490/273/21 1491/137/21
f 1489/280/21 1492/279/21 1493/274/21
f 1489/280/21 1493/274/21 1490/273/21
f 830/268/22 833/271/22 836/272/22
f 830/268/22 836/272/22 831/269/22
f 1494/275/22 1495/18/22 1496/271/22
f 1494/275/22 1496/271/22 1497/268/22
f 1495/18/22 1498/19/22 1499/125/22
f 1495/18/22 1499/125/22 1496/271/22
f 1500/81/22 829/267/22 832/270/22
f 1500/81/22 832/270/22 1501/130/22
f 1502/82/22 1503/276/22 1504/267/22
f 1502/82/22 1504/267/22 1505/81/22
f 1503/276/22 1494/275/22 1497/268/22
f 1503/276/22 1497/268/22 1504/267/22
f 1506/129/22 825/263/22 828/266/22
f 1506/129/22 828/266/22 1507/84/22
f 1508/130/22 1509/270/22 825/263/22
f 1508/130/22 825/263/22 1506/129/22
f 1509/270/22 1510/269/22 826/264/22
f 1509/270/22 826/264/22 825/263/22
f 1511/258/23 821/261/23 824/262/23
f 1511/258/23 824/262/23 1512/259/23
f 1513/265/23 1514/22/23 1515/261/23
f 1513/265/23 1515/261/23 1516/258/23
f 1514/22/23 1517/23/23 1518/121/23
f 1514/22/23 1518/121/23 1515/261/23
f 1519/83/23 817/257/23 820/260/23
f 1519/83/23 820/260/23 1520/124/23
f 1521/84/23 1522/266/23 1523/257/23
f 1521/84/23 1523/257/23 1524/83/23
f 1522/266/23 1525/265/23 1526/258/23
f 1522/266/23 1526/258/23 1523/257/23
f 1527/123/23 813/253/23 816/256/23
f 1527/123/23 816/256/23 1528/88/23
f 1520/124/23 820/260/23 1529/253/23
f 1520/124/23 1529/253/23 1530/123/23
f 820/260/23 819/259/23 1531/254/23
f 820/260/23 1531/254/23 1529/253/23
f 1532/248/24 1533/251/24 1534/252/24
f 1532/248/24 1534/252/24 1535/249/24
f 1536/255/24 1537/26/24 809/251/24
f 1536/255/24 809/251/24 806/248/24
f 1537/26/24 1538/27/24 810/113/24
f 1537/26/24 810/113/24 809/251/24
f 1539/87/24 1540/247/24 1541/250/24
f 1539/87/24 1541/250/24 1542/116/24
f 1543/88/24 1544/256/24 805/247/24
f 1543/88/24 805/247/24 1545/87/24
f 1546/256/24 1547/255/24 1548/248/24
f 1546/256/24 1548/248/24 1549/247/24
f 1550/115/24 1551/243/24 1552/246/24
f 1550/115/24 1552/246/24 1553/97/24
f 1542/116/24 1541/250/24 1551/243/24
f 1542/116/24 1551/243/24 1550/115/24
f 808/250/24 807/249/24 802/244/24
f 808/250/24 802/244/24 801/243/24
f 1554/238/25 1555/241/25 1556/242/25
f 1554/238/25 1556/242/25 1557/239/25
f 1558/328/25 1559/329/25 1560/241/25
f 1558/328/25 1560/241/25 1561/238/25
f 1562/329/25 1563/98/25 1564/117/25
f 1562/329/25 1564/117/25 1565/241/25
f 1566/85/25 1567/237/25 1568/240/25
f 1566/85/25 1568/240/25 1569/120/25
f 1570/86/25 1571/327/25 1572/237/25
f 1570/86/25 1572/237/25 1573/85/25
f 1571/327/25 1558/328/25 1561/238/25
f 1571/327/25 1561/238/25 1572/237/25
f 1574/119/25 1575/233/25 1576/236/25
f 1574/119/25 1576/236/25 1577/90/25
f 1578/120/25 1579/240/25 1580/233/25
f 1578/120/25 1580/233/25 1581/119/25
f 1568/240/25 1557/239/25 1582/234/25
f 1568/240/25 1582/234/25 1583/233/25
f 1584/228/26 785/231/26 788/232/26
f 1584/228/26 788/232/26 1585/229/26
f 1586/235/26 1587/34/26 1588/231/26
f 1586/235/26 1588/231/26 1589/228/26
f 1587/34/26 1590/35/26 1591/109/26
f 1587/34/26 1591/109/26 1588/231/26
f 1592/89/26 781/227/26 784/230/26
f 1592/89/26 784/230/26 1593/112/26
f 1594/90/26 1595/236/26 1596/227/26
f 1594/90/26 1596/227/26 1597/89/26
f 1595/236/26 1598/235/26 1599/228/26
f 1595/236/26 1599/228/26 1596/227/26
f 1600/111/26 777/223/26 780/226/26
f 1600/111/26 780/226/26 1601/94/26
f 1593/112/26 784/230/26 1602/223/26
f 1593/112/26 1602/223/26 1603/111/26
f 784/230/26 783/229/26 1604/224/26
f 784/230/26 1604/224/26 1602/223/26
f 770/218/27 773/221/27 776/222/27
f 770/218/27 776/222/27 771/219/27
f 1605/225/27 1606/38/27 773/221/27
f 1605/225/27 773/221/27 770/218/27
f 1606/38/27 1607/39/27 774/101/27
f 1606/38/27 774/101/27 773/221/27
f 1608/93/27 769/217/27 772/220/27
f 1608/93/27 772/220/27 1609/106/27
f 1610/94/27 1611/226/27 769/217/27
f 1610/94/27 769/217/27 1608/93/27
f 1611/226/27 1605/225/27 770/218/27
f 1611/226/27 770/218/27 769/217/27
f 1612/105/27 765/213/27 768/216/27
f 1612/105/27 768/216/27 1613/96/27
f 1614/106/27 1615/220/27 1616/213/27
f 1614/106/27 1616/213/27 1617/105/27
f 1615/220/27 1618/219/27 1619/214/27
f 1615/220/27 1619/214/27 1616/213/27
f 758/208/28 761/211/28 764/212/28
f 758/208/28 764/212/28 759/209/28
f 1620/215/28 1621/42/28 1622/211/28
f 1620/215/28 1622/211/28 1623/208/28
f 1621/42/28 1624/43/28 1625/159/28
f 1621/42/28 1625/159/28 1622/211/28
f 1626/95/28 757/207/28 760/210/28
f 1626/95/28 760/210/28 1627/100/28
f 1628/96/28 1629/216/28 1630/207/28
f 1628/96/28 1630/207/28 1631/95/28
f 1629/216/28 1620/215/28 1623/208/28
f 1629/216/28 1623/208/28 1630/207/28
f 1632/99/28 753/203/28 756/206/28
f 1632/99/28 756/206/28 1633/68/28
f 1634/100/28 1635/210/28 1636/203/28
f 1634/100/28 1636/203/28 1637/99/28
f 1635/210/28 1638/209/28 1639/204/28
f 1635/210/28 1639/204/28 1636/203/28
f 1640/198/29 1641/201/29 1642/202/29
f 1640/198/29 1642/202/29 1643/199/29
f 1644/205/29 1645/46/29 1646/201/29
f 1644/205/29 1646/201/29 1647/198/29
f 1648/46/29 1649/47/29 1650/151/29
f 1648/46/29 1650/151/29 1651/201/29
f 1652/67/29 1653/197/29 1654/200/29
f 1652/67/29 1654/200/29 1655/156/29
f 1656/68/29 1657/206/29 1658/197/29
f 1656/68/29 1658/197/29 1659/67/29
f 1660/206/29 1644/205/29 1647/198/29
f 1660/206/29 1647/198/29 1661/197/29
f 1662/155/29 1663/193/29 1664/196/29
f 1662/155/29 1664/196/29 1665/72/29
f 1666/156/29 1667/200/29 1668/193/29
f 1666/156/29 1668/193/29 1669/155/29
f 1670/200/29 1671/199/29 1672/194/29
f 1670/200/29 1672/194/29 1673/193/29
f 1674/188/30 1675/191/30 1676/192/30
f 1674/188/30 1676/192/30 1677/189/30
f 1678/195/30 1679/50/30 1680/191/30
f 1678/195/30 1680/191/30 1681/188/30
f 1682/50/30 1683/51/30 1684/143/30
f 1682/50/30 1684/143/30 1685/191/30
f 1686/71/30 733/187/30 736/190/30
f 1686/71/30 736/190/30 1687/148/30
f 1688/72/30 1689/196/30 1690/187/30
f 1688/72/30 1690/187/30 1691/71/30
f 1689/196/30 1692/195/30 1693/188/30
f 1689/196/30 1693/188/30 1690/187/30
f 1694/147/30 729/183/30 732/186/30
f 1694/147/30 732/186/30 1695/76/30
f 1696/148/30 1697/190/30 1698/183/30
f 1696/148/30 1698/183/30 1699/147/30
f 1697/190/30 1700/189/30 1701/184/30
f 1697/190/30 1701/184/30 1698/183/30
f 722/178/31 1702/181/31 1703/182/31
f 722/178/31 1703/182/31 723/179/31
f 1704/185/31 1705/54/31 1706/181/31
s 1
f 1704/185/31 1706/181/31 1707/178/31
s 0
f 1708/54/31 1709/55/31 1710/135/31
f 1708/54/31 1710/135/31 1711/181/31
f 1712/75/31 1713/177/31 1714/180/31
f 1712/75/31 1714/180/31 1715/140/31
f 1716/76/31 1717/186/31 1718/177/31
f 1716/76/31 1718/177/31 1719/75/31
s 1
f 1720/186/31 1704/185/31 1707/178/31
s 0
f 1720/186/31 1707/178/31 1721/177/31
f 1722/139/31 1723/173/31 1724/176/31
f 1722/139/31 1724/176/31 1725/80/31
f 1715/140/31 1714/180/31 1726/173/31
f 1715/140/31 1726/173/31 1727/139/31
f 724/180/31 723/179/31 1728/174/31
f 724/180/31 1728/174/31 1729/173/31
f 1730/168/32 1731/171/32 1732/172/32
f 1730/168/32 1732/172/32 1733/169/32
f 1734/175/32 1735/58/32 1736/171/32
f 1734/175/32 1736/171/32 1737/168/32
f 1738/58/32 1739/59/32 1740/127/32
f 1738/58/32 1740/127/32 1741/171/32
f 1742/79/32 709/167/32 712/170/32
f 1742/79/32 712/170/32 1743/132/32
f 1744/80/32 1745/176/32 1746/167/32
f 1744/80/32 1746/167/32 1747/79/32
f 1745/176/32 1748/175/32 1749/168/32
f 1745/176/32 1749/168/32 1746/167/32
f 1750/131/32 705/163/32 708/166/32
f 1750/131/32 708/166/32 1751/330/32
f 1743/132/32 712/170/32 1752/163/32
f 1743/132/32 1752/163/32 1753/131/32
f 712/170/32 711/169/32 1754/164/32
f 712/170/32 1754/164/32 1752/163/32
f 1755/162/33 1756/65/33 1757/65/33
f 1755/162/33 1757/65/33 1758/162/33
f 1759/162/33 1760/65/33 1761/65/33
f 1759/162/33 1761/65/33 1762/162/33
f 1763/65/33 1764/66/33 1765/66/33
f 1763/65/33 1765/66/33 1766/65/33
f 1767/70/33 1768/161/33 1769/161/33
f 1767/70/33 1769/161/33 1770/70/33
s 1
f 1771/70/33 1772/161/33 1773/161/33
s 0
f 1771/70/33 1773/161/33 1774/70/33
f 1775/161/33 1776/162/33 1777/162/33
f 1775/161/33 1777/162/33 1778/161/33
f 1779/70/33 1780/161/33 1781/161/33
f 1779/70/33 1781/161/33 1782/70/33
f 1783/70/33 1784/161/33 1785/161/33
f 1783/70/33 1785/161/33 1786/70/33
f 1787/161/33 1788/162/33 1789/162/33
f 1787/161/33 1789/162/33 1790/161/33
f 1791/160/34 1792/48/34 1793/48/34
f 1791/160/34 1793/48/34 1794/160/34
f 1795/160/34 1796/48/34 1797/48/34
f 1795/160/34 1797/48/34 1798/160/34
f 1799/48/34 1800/47/34 1801/47/34
f 1799/48/34 1801/47/34 1802/48/34
f 1803/43/34 1804/159/34 1805/159/34
f 1803/43/34 1805/159/34 1806/43/34
f 1807/43/34 1808/159/34 1809/159/34
f 1807/43/34 1809/159/34 1810/43/34
f 1811/159/34 1812/160/34 1813/160/34
f 1811/159/34 1813/160/34 1814/159/34
f 1815/43/34 1816/159/34 1817/159/34
f 1815/43/34 1817/159/34 1818/43/34
f 1819/43/34 1820/159/34 1821/159/34
f 1819/43/34 1821/159/34 1822/43/34
f 1823/159/34 1824/160/34 1825/160/34
f 1823/159/34 1825/160/34 1826/159/34
f 1827/158/35 1828/8/35 1829/8/35
f 1827/158/35 1829/8/35 1830/158/35
f 1831/158/35 1832/8/35 1833/8/35
f 1831/158/35 1833/8/35 1834/158/35
f 1835/8/35 1836/7/35 1837/7/35
f 1835/8/35 1837/7/35 1838/8/35
f 1839/3/35 1840/157/35 1841/157/35
f 1839/3/35 1841/157/35 1842/3/35
f 1843/3/35 1844/157/35 1845/157/35
f 1843/3/35 1845/157/35 1846/3/35
f 1847/157/35 1848/158/35 1849/158/35
f 1847/157/35 1849/158/35 1850/157/35
f 1851/3/35 1852/157/35 1853/157/35
f 1851/3/35 1853/157/35 1854/3/35
f 1855/3/35 1856/157/35 1857/157/35
f 1855/3/35 1857/157/35 1858/3/35
f 1859/157/35 1860/158/35 1861/158/35
f 1859/157/35 1861/158/35 1862/157/35
s 1
f 1863/156/36 1864/67/36 1865/67/36
s 0
f 1863/156/36 1865/67/36 1866/156/36
f 1867/156/36 1868/67/36 1869/67/36
f 1867/156/36 1869/67/36 1870/156/36
f 1871/67/36 1872/68/36 1873/68/36
f 1871/67/36 1873/68/36 1874/67/36
f 1875/72/36 1876/155/36 1877/155/36
f 1875/72/36 1877/155/36 1878/72/36
f 1879/72/36 1880/155/36 1881/155/36
f 1879/72/36 1881/155/36 1882/72/36
f 1883/155/36 1884/156/36 1885/156/36
f 1883/155/36 1885/156/36 1886/155/36
f 1887/72/36 1888/155/36 1889/155/36
f 1887/72/36 1889/155/36 1890/72/36
f 1891/72/36 1892/155/36 1893/155/36
f 1891/72/36 1893/155/36 1894/72/36
f 1895/155/36 1896/156/36 1897/156/36
f 1895/155/36 1897/156/36 1898/155/36
f 1899/154/37 1900/69/37 1901/69/37
f 1899/154/37 1901/69/37 1902/154/37
f 1903/154/37 1904/69/37 1905/69/37
f 1903/154/37 1905/69/37 1906/154/37
f 1904/69/37 1907/70/37 1908/70/37
f 1904/69/37 1908/70/37 1905/69/37
f 1909/74/37 1910/153/37 1911/153/37
f 1909/74/37 1911/153/37 1912/74/37
f 1913/74/37 1914/153/37 1915/153/37
f 1913/74/37 1915/153/37 1916/74/37
f 1917/153/37 1903/154/37 1906/154/37
f 1917/153/37 1906/154/37 1918/153/37
f 1919/74/37 1920/153/37 1921/153/37
f 1919/74/37 1921/153/37 1922/74/37
f 1923/74/37 1924/153/37 1925/153/37
f 1923/74/37 1925/153/37 1926/74/37
f 1927/153/37 1928/154/37 1929/154/37
f 1927/153/37 1929/154/37 1930/153/37
f 1931/152/38 1932/52/38 1933/52/38
f 1931/152/38 1933/52/38 1934/152/38
f 1935/152/38 1936/52/38 1937/52/38
f 1935/152/38 1937/52/38 1938/152/38
f 1939/52/38 1940/51/38 1941/51/38
f 1939/52/38 1941/51/38 1942/52/38
f 1943/47/38 1944/151/38 1945/151/38
f 1943/47/38 1945/151/38 1946/47/38
f 1947/47/38 1948/151/38 1949/151/38
f 1947/47/38 1949/151/38 1950/47/38
f 1951/151/38 1952/152/38 1953/152/38
f 1951/151/38 1953/152/38 1954/151/38
f 1955/47/38 1956/151/38 1957/151/38
f 1955/47/38 1957/151/38 1958/47/38
f 1959/47/38 1960/151/38 1961/151/38
f 1959/47/38 1961/151/38 1962/47/38
f 1963/151/38 1964/152/38 1965/152/38
f 1963/151/38 1965/152/38 1966/151/38
f 1967/150/39 1968/12/39 1969/12/39
f 1967/150/39 1969/12/39 1970/150/39
f 1971/150/39 1972/12/39 1973/12/39
f 1971/150/39 1973/12/39 1974/150/39
f 1975/12/39 1976/11/39 1977/11/39
f 1975/12/39 1977/11/39 1978/12/39
f 1979/7/39 1980/149/39 1981/149/39
f 1979/7/39 1981/149/39 1982/7/39
f 1983/7/39 1984/149/39 1985/149/39
f 1983/7/39 1985/149/39 1986/7/39
f 1987/149/39 1988/150/39 1989/150/39
f 1987/149/39 1989/150/39 1990/149/39
f 1991/7/39 1992/149/39 1993/149/39
f 1991/7/39 1993/149/39 1994/7/39
f 1995/7/39 1996/149/39 1997/149/39
f 1995/7/39 1997/149/39 1998/7/39
f 1999/149/39 2000/150/39 2001/150/39
f 1999/149/39 2001/150/39 2002/149/39
f 2003/148/40 2004/71/40 2005/71/40
f 2003/148/40 2005/71/40 2006/148/40
f 2007/148/40 2008/71/40 2009/71/40
f 2007/148/40 2009/71/40 2010/148/40
f 2011/71/40 2012/72/40 2013/72/40
f 2011/71/40 2013/72/40 2014/71/40
f 2015/76/40 2016/147/40 2017/147/40
f 2015/76/40 2017/147/40 2018/76/40
f 2019/76/40 2020/147/40 2021/147/40
f 2019/76/40 2021/147/40 2022/76/40
f 2020/147/40 2007/148/40 2010/148/40
f 2020/147/40 2010/148/40 2021/147/40
f 2023/76/40 2024/147/40 2025/147/40
f 2023/76/40 2025/147/40 2026/76/40
f 2027/76/40 2028/147/40 2029/147/40
f 2027/76/40 2029/147/40 2030/76/40
f 2031/147/40 2032/148/40 2033/148/40
f 2031/147/40 2033/148/40 2034/147/40
f 2035/146/41 2036/73/41 2037/73/41
f 2035/146/41 2037/73/41 2038/146/41
f 2039/146/41 2040/73/41 2041/73/41
f 2039/146/41 2041/73/41 2042/146/41
f 2043/73/41 2044/74/41 2045/74/41
f 2043/73/41 2045/74/41 2046/73/41
f 2047/78/41 601/145/41 604/145/41
f 2047/78/41 604/145/41 2048/78/41
f 2049/78/41 2050/145/41 2051/145/41
f 2049/78/41 2051/145/41 2052/78/41
f 2053/145/41 2054/146/41 2055/146/41
f 2053/145/41 2055/146/41 2056/145/41
f 2057/78/41 2058/145/41 2059/145/41
f 2057/78/41 2059/145/41 2060/78/41
f 2061/78/41 2062/145/41 2063/145/41
f 2061/78/41 2063/145/41 2064/78/41
f 2065/145/41 2066/146/41 2067/146/41
f 2065/145/41 2067/146/41 2068/145/41
f 2069/144/42 2070/56/42 2071/56/42
f 2069/144/42 2071/56/42 2072/144/42
f 2073/144/42 2074/56/42 2075/56/42
f 2073/144/42 2075/56/42 2076/144/42
f 2077/56/42 2078/55/42 2079/55/42
f 2077/56/42 2079/55/42 2080/56/42
f 2081/51/42 2082/143/42 2083/143/42
f 2081/51/42 2083/143/42 2084/51/42
f 2085/51/42 2086/143/42 2087/143/42
f 2085/51/42 2087/143/42 2088/51/42
f 2089/143/42 2090/144/42 2091/144/42
f 2089/143/42 2091/144/42 2092/143/42
f 2093/51/42 2094/143/42 2095/143/42
f 2093/51/42 2095/143/42 2096/51/42
f 2097/51/42 2098/143/42 2099/143/42
f 2097/51/42 2099/143/42 2100/51/42
f 2101/143/42 2102/144/42 2103/144/42
f 2101/143/42 2103/144/42 2104/143/42
f 2105/142/43 2106/16/43 2107/16/43
f 2105/142/43 2107/16/43 2108/142/43
f 2109/142/43 2110/16/43 2111/16/43
f 2109/142/43 2111/16/43 2112/142/43
f 2113/16/43 2114/15/43 2115/15/43
f 2113/16/43 2115/15/43 2116/16/43
f 2117/11/43 2118/141/43 2119/141/43
f 2117/11/43 2119/141/43 2120/11/43
f 2121/11/43 2122/141/43 2123/141/43
f 2121/11/43 2123/141/43 2124/11/43
f 2125/141/43 2126/142/43 2127/142/43
f 2125/141/43 2127/142/43 2128/141/43
f 2129/11/43 2130/141/43 2131/141/43
f 2129/11/43 2131/141/43 2132/11/43
f 2133/11/43 2134/141/43 2135/141/43
f 2133/11/43 2135/141/43 2136/11/43
f 2137/141/43 2138/142/43 2139/142/43
f 2137/141/43 2139/142/43 2140/141/43
f 2141/140/44 2142/75/44 2143/75/44
f 2141/140/44 2143/75/44 2144/140/44
f 2145/140/44 2146/75/44 2147/75/44
f 2145/140/44 2147/75/44 2148/140/44
f 2149/75/44 2150/76/44 2151/76/44
f 2149/75/44 2151/76/44 2152/75/44
f 2153/80/44 2154/139/44 2155/139/44
f 2153/80/44 2155/139/44 2156/80/44
f 2157/80/44 2158/139/44 2159/139/44
f 2157/80/44 2159/139/44 2160/80/44
f 2161/139/44 2162/140/44 2163/140/44
f 2161/139/44 2163/140/44 2164/139/44
f 2165/80/44 2166/139/44 2167/139/44
f 2165/80/44 2167/139/44 2168/80/44
f 2169/80/44 2170/139/44 2171/139/44
f 2169/80/44 2171/139/44 2172/80/44
f 2173/139/44 2174/140/44 2175/140/44
f 2173/139/44 2175/140/44 2176/139/44
f 2177/138/45 2178/77/45 2179/77/45
f 2177/138/45 2179/77/45 2180/138/45
f 2181/138/45 2182/77/45 2183/77/45
f 2181/138/45 2183/77/45 2184/138/45
f 2185/77/45 2186/78/45 2187/78/45
f 2185/77/45 2187/78/45 2188/77/45
f 2189/82/45 2190/137/45 2191/137/45
f 2189/82/45 2191/137/45 2192/82/45
f 2193/82/45 2194/137/45 2195/137/45
f 2193/82/45 2195/137/45 2196/82/45
f 2197/137/45 2198/138/45 2199/138/45
f 2197/137/45 2199/138/45 2200/137/45
f 2201/82/45 2202/137/45 2203/137/45
f 2201/82/45 2203/137/45 2204/82/45
f 2205/82/45 2206/137/45 2207/137/45
f 2205/82/45 2207/137/45 2208/82/45
f 2209/137/45 2210/138/45 2211/138/45
f 2209/137/45 2211/138/45 2212/137/45
f 2213/136/46 2214/60/46 2215/60/46
f 2213/136/46 2215/60/46 2216/136/46
f 2217/136/46 2218/60/46 2219/60/46
f 2217/136/46 2219/60/46 2220/136/46
f 2221/60/46 2222/59/46 2223/59/46
f 2221/60/46 2223/59/46 2224/60/46
f 2225/55/46 2226/135/46 2227/135/46
f 2225/55/46 2227/135/46 2228/55/46
f 2229/55/46 2230/135/46 2231/135/46
f 2229/55/46 2231/135/46 2232/55/46
f 2233/135/46 2234/136/46 2235/136/46
f 2233/135/46 2235/136/46 2236/135/46
s 1
f 2237/55/46 2238/135/46 2239/135/46
s 0
f 2237/55/46 2239/135/46 2240/55/46
f 2241/55/46 2242/135/46 2243/135/46
f 2241/55/46 2243/135/46 2244/55/46
f 2245/135/46 2246/136/46 2247/136/46
f 2245/135/46 2247/136/46 2248/135/46
f 2249/134/47 2250/20/47 2251/20/47
f 2249/134/47 2251/20/47 2252/134/47
f 2253/134/47 2254/20/47 2255/20/47
f 2253/134/47 2255/20/47 2256/134/47
f 2257/20/47 2258/19/47 2259/19/47
f 2257/20/47 2259/19/47 2260/20/47
f 2261/15/47 2262/133/47 2263/133/47
f 2261/15/47 2263/133/47 2264/15/47
f 2265/15/47 2266/133/47 2267/133/47
f 2265/15/47 2267/133/47 2268/15/47
f 2269/133/47 2270/134/47 2271/134/47
f 2269/133/47 2271/134/47 2272/133/47
f 2273/15/47 2274/133/47 2275/133/47
f 2273/15/47 2275/133/47 2276/15/47
f 2277/15/47 2278/133/47 2279/133/47
f 2277/15/47 2279/133/47 2280/15/47
f 2281/133/47 2282/134/47 2283/134/47
f 2281/133/47 2283/134/47 2284/133/47
f 2285/132/48 2286/79/48 2287/79/48
f 2285/132/48 2287/79/48 2288/132/48
f 2289/132/48 2290/79/48 2291/79/48
f 2289/132/48 2291/79/48 2292/132/48
f 2293/79/48 2294/80/48 2295/80/48
f 2293/79/48 2295/80/48 2296/79/48
f 2297/330/48 2298/131/48 2299/131/48
f 2297/330/48 2299/131/48 2300/330/48
f 2301/330/48 2302/131/48 2303/131/48
f 2301/330/48 2303/131/48 2304/330/48
f 2305/131/48 2306/132/48 2307/132/48
f 2305/131/48 2307/132/48 2308/131/48
f 2309/330/48 2310/131/48 2311/131/48
f 2309/330/48 2311/131/48 2312/330/48
f 2313/330/48 2314/131/48 2315/131/48
f 2313/330/48 2315/131/48 2316/330/48
f 2317/131/48 2318/132/48 2319/132/48
f 2317/131/48 2319/132/48 2320/131/48
f 2321/130/49 2322/81/49 2323/81/49
f 2321/130/49 2323/81/49 2324/130/49
f 2325/130/49 2326/81/49 2327/81/49
f 2325/130/49 2327/81/49 2328/130/49
f 2329/81/49 2330/82/49 2331/82/49
f 2329/81/49 2331/82/49 2332/81/49
f 2333/84/49 2334/129/49 2335/129/49
f 2333/84/49 2335/129/49 2336/84/49
f 2337/84/49 2338/129/49 2339/129/49
f 2337/84/49 2339/129/49 2340/84/49
f 2341/129/49 2342/130/49 2343/130/49
f 2341/129/49 2343/130/49 2344/129/49
f 2345/84/49 2346/129/49 2347/129/49
f 2345/84/49 2347/129/49 2348/84/49
f 2349/84/49 2350/129/49 2351/129/49
f 2349/84/49 2351/129/49 2352/84/49
f 2353/129/49 2354/130/49 2355/130/49
f 2353/129/49 2355/130/49 2356/129/49
f 2357/128/50 2358/64/50 2359/64/50
f 2357/128/50 2359/64/50 2360/128/50
f 2361/128/50 2362/64/50 2363/64/50
f 2361/128/50 2363/64/50 2364/128/50
f 2365/64/50 2366/63/50 2367/63/50
f 2365/64/50 2367/63/50 2368/64/50
f 2369/59/50 2370/127/50 2371/127/50
f 2369/59/50 2371/127/50 2372/59/50
f 2373/59/50 2374/127/50 2375/127/50
s 1
f 2373/59/50 2375/127/50 2376/59/50
s 0
f 2377/127/50 2378/128/50 2379/128/50
f 2377/127/50 2379/128/50 2380/127/50
f 2381/59/50 2382/127/50 2383/127/50
f 2381/59/50 2383/127/50 2384/59/50
f 2385/59/50 2386/127/50 2387/127/50
f 2385/59/50 2387/127/50 2388/59/50
f 2389/127/50 2390/128/50 2391/128/50
f 2389/127/50 2391/128/50 2392/127/50
f 2393/126/51 2394/24/51 2395/24/51
f 2393/126/51 2395/24/51 2396/126/51
f 2397/126/51 2398/24/51 2399/24/51
f 2397/126/51 2399/24/51 2400/126/51
f 2401/24/51 2402/23/51 2403/23/51
f 2401/24/51 2403/23/51 2404/24/51
f 2405/19/51 2406/125/51 2407/125/51
f 2405/19/51 2407/125/51 2408/19/51
f 2409/19/51 2410/125/51 2411/125/51
f 2409/19/51 2411/125/51 2412/19/51
f 2413/125/51 2414/126/51 2415/126/51
f 2413/125/51 2415/126/51 2416/125/51
f 2417/19/67 2418/125/67 2419/125/67
f 2417/19/51 2419/125/51 2420/19/51
f 2421/19/51 2422/125/51 2423/125/51
f 2421/19/51 2423/125/51 2424/19/51
f 2425/125/51 2426/126/51 2427/126/51
f 2425/125/51 2427/126/51 2428/125/51
f 2429/124/52 2430/83/52 2431/83/52
f 2429/124/52 2431/83/52 2432/124/52
f 2433/124/52 2434/83/52 2435/83/52
f 2433/124/52 2435/83/52 2436/124/52
f 2437/83/52 2438/84/52 2439/84/52
f 2437/83/52 2439/84/52 2440/83/52
f 2441/88/52 2442/123/52 2443/123/52
f 2441/88/52 2443/123/52 2444/88/52
f 2445/88/52 2446/123/52 2447/123/52
f 2445/88/52 2447/123/52 2448/88/52
f 2449/123/52 2450/124/52 2451/124/52
f 2449/123/52 2451/124/52 2452/123/52
f 2453/88/52 2454/123/52 2455/123/52
f 2453/88/52 2455/123/52 2456/88/52
f 2457/88/52 2458/123/52 2459/123/52
f 2457/88/52 2459/123/52 2460/88/52
f 2461/123/52 2462/124/52 2463/124/52
f 2461/123/52 2463/124/52 2464/123/52
f 2465/122/53 2466/28/53 2467/28/53
f 2465/122/53 2467/28/53 2468/122/53
f 2469/122/53 2470/28/53 2471/28/53
f 2469/122/53 2471/28/53 2472/122/53
f 2473/28/53 2474/27/53 2475/27/53
f 2473/28/53 2475/27/53 2476/28/53
f 2477/23/53 2478/121/53 2479/121/53
f 2477/23/53 2479/121/53 2480/23/53
f 2481/23/53 2482/121/53 2483/121/53
f 2481/23/53 2483/121/53 2484/23/53
f 2485/121/53 2486/122/53 2487/122/53
f 2485/121/53 2487/122/53 2488/121/53
f 2489/23/53 2490/121/53 2491/121/53
f 2489/23/53 2491/121/53 2492/23/53
f 2493/23/53 2494/121/53 2495/121/53
f 2493/23/53 2495/121/53 2496/23/53
f 2497/121/53 2498/122/53 2499/122/53
f 2497/121/53 2499/122/53 2500/121/53
f 2501/120/54 2502/85/54 2503/85/54
f 2501/120/54 2503/85/54 2504/120/54
f 2505/120/54 2506/85/54 2507/85/54
f 2505/120/54 2507/85/54 2508/120/54
f 2509/85/54 2510/86/54 2511/86/54
f 2509/85/54 2511/86/54 2512/85/54
f 2513/90/54 2514/119/54 2515/119/54
f 2513/90/54 2515/119/54 2516/90/54
f 2517/90/54 2518/119/54 2519/119/54
f 2517/90/54 2519/119/54 2520/90/54
f 2521/119/54 2522/120/54 2523/120/54
f 2521/119/54 2523/120/54 2524/119/54
f 2525/90/54 2526/119/54 2527/119/54
f 2525/90/54 2527/119/54 2528/90/54
f 2529/90/54 2530/119/54 2531/119/54
f 2529/90/54 2531/119/54 2532/90/54
f 2533/119/54 2534/120/54 2535/120/54
f 2533/119/54 2535/120/54 2536/119/54
f 2537/118/55 2538/36/55 2539/36/55
f 2537/118/55 2539/36/55 2540/118/55
f 2541/118/55 2542/36/55 2543/36/55
f 2541/118/55 2543/36/55 2544/118/55
f 2545/36/55 2546/35/55 2547/35/55
f 2545/36/55 2547/35/55 2548/36/55
f 2549/98/55 2550/117/55 2551/117/55
f 2549/98/55 2551/117/55 2552/98/55
f 2553/98/55 2554/117/55 2555/117/55
f 2553/98/55 2555/117/55 2556/98/55
f 2557/117/55 2558/118/55 2559/118/55
f 2557/117/55 2559/118/55 2560/117/55
f 2561/98/55 2562/117/55 2563/117/55
f 2561/98/55 2563/117/55 2564/98/55
f 2565/98/55 2566/117/55 2567/117/55
f 2565/98/55 2567/117/55 2568/98/55
f 2569/117/55 2570/118/55 2571/118/55
f 2569/117/55 2571/118/55 2572/117/55
f 2573/116/56 2574/87/56 2575/87/56
f 2573/116/56 2575/87/56 2576/116/56
f 2577/116/56 2578/87/56 2579/87/56
f 2577/116/56 2579/87/56 2580/116/56
f 2581/87/56 2582/88/56 2583/88/56
f 2581/87/56 2583/88/56 2584/87/56
f 2585/97/56 2586/115/56 2587/115/56
f 2585/97/56 2587/115/56 2588/97/56
f 2589/97/56 2590/115/56 2591/115/56
f 2589/97/56 2591/115/56 2592/97/56
f 2593/115/56 2594/116/56 2595/116/56
f 2593/115/56 2595/116/56 2596/115/56
f 2597/97/56 2598/115/56 2599/115/56
f 2597/97/56 2599/115/56 2600/97/56
f 2601/97/56 2602/115/56 2603/115/56
f 2601/97/56 2603/115/56 2604/97/56
f 2605/115/56 2606/116/56 2607/116/56
f 2605/115/56 2607/116/56 2608/115/56
f 2609/114/57 2610/32/57 2611/32/57
f 2609/114/57 2611/32/57 2612/114/57
f 2613/114/57 2614/32/57 2615/32/57
f 2613/114/57 2615/32/57 2616/114/57
f 2617/32/57 2618/31/57 2619/31/57
f 2617/32/57 2619/31/57 2620/32/57
f 2621/27/57 2622/113/57 2623/113/57
f 2621/27/57 2623/113/57 2624/27/57
f 2625/27/57 2626/113/57 2627/113/57
f 2625/27/57 2627/113/57 2628/27/57
f 2629/113/57 2630/114/57 2631/114/57
f 2629/113/57 2631/114/57 2632/113/57
f 2633/27/57 2634/113/57 2635/113/57
f 2633/27/57 2635/113/57 2636/27/57
f 2637/27/57 2638/113/57 2639/113/57
f 2637/27/57 2639/113/57 2640/27/57
f 2641/113/57 2642/114/57 2643/114/57
f 2641/113/57 2643/114/57 2644/113/57
f 2645/112/58 2646/89/58 2647/89/58
f 2645/112/58 2647/89/58 2648/112/58
f 2649/112/58 2650/89/58 2651/89/58
f 2649/112/58 2651/89/58 2652/112/58
f 2653/89/58 2654/90/58 2655/90/58
f 2653/89/58 2655/90/58 2656/89/58
f 2657/94/58 2658/111/58 2659/111/58
f 2657/94/58 2659/111/58 2660/94/58
f 2661/94/58 2662/111/58 2663/111/58
f 2661/94/58 2663/111/58 2664/94/58
f 2665/111/58 2666/112/58 2667/112/58
f 2665/111/58 2667/112/58 2668/111/58
f 2669/94/58 2670/111/58 2671/111/58
f 2669/94/58 2671/111/58 2672/94/58
f 2673/94/58 2674/111/58 2675/111/58
f 2673/94/58 2675/111/58 2676/94/58
f 2677/111/58 2678/112/58 2679/112/58
f 2677/111/58 2679/112/58 2680/111/58
f 2681/110/59 2682/40/59 2683/40/59
f 2681/110/59 2683/40/59 2684/110/59
f 2685/110/59 2686/40/59 2687/40/59
f 2685/110/59 2687/40/59 2688/110/59
f 2689/40/59 2690/39/59 2691/39/59
f 2689/40/59 2691/39/59 2692/40/59
f 2693/35/59 2694/109/59 2695/109/59
f 2693/35/59 2695/109/59 2696/35/59
f 2697/35/59 2698/109/59 2699/109/59
f 2697/35/59 2699/109/59 2700/35/59
f 2701/109/59 2702/110/59 2703/110/59
f 2701/109/59 2703/110/59 2704/109/59
f 2705/35/59 2706/109/59 2707/109/59
f 2705/35/59 2707/109/59 2708/35/59
f 2709/35/59 2710/109/59 2711/109/59
f 2709/35/59 2711/109/59 2712/35/59
f 2713/109/59 2714/110/59 2715/110/59
f 2713/109/59 2715/110/59 2716/109/59
f 2717/108/60 2718/91/60 2719/91/60
f 2717/108/60 2719/91/60 2720/108/60
f 2721/108/60 2722/91/60 2723/91/60
f 2721/108/60 2723/91/60 2724/108/60
f 2725/91/60 2726/92/60 2727/92/60
f 2725/91/60 2727/92/60 2728/91/60
f 2729/66/60 2730/107/60 2731/107/60
f 2729/66/60 2731/107/60 2732/66/60
f 2733/66/60 2734/107/60 2735/107/60
f 2733/66/60 2735/107/60 2736/66/60
f 2737/107/60 2738/108/60 2739/108/60
f 2737/107/60 2739/108/60 2740/107/60
f 2741/66/60 2742/107/60 2743/107/60
f 2741/66/60 2743/107/60 2744/66/60
f 2745/66/60 2746/107/60 2747/107/60
f 2745/66/60 2747/107/60 2748/66/60
f 2749/107/60 2750/108/60 2751/108/60
f 2749/107/60 2751/108/60 2752/107/60
f 2753/106/61 2754/93/61 2755/93/61
f 2753/106/61 2755/93/61 2756/106/61
f 2757/106/61 2758/93/61 2759/93/61
f 2757/106/61 2759/93/61 2760/106/61
f 2761/93/61 2762/94/61 2763/94/61
f 2761/93/61 2763/94/61 2764/93/61
f 2765/96/61 2766/105/61 2767/105/61
f 2765/96/61 2767/105/61 2768/96/61
f 2769/96/61 2770/105/61 2771/105/61
f 2769/96/61 2771/105/61 2772/96/61
f 2773/105/61 2774/106/61 2775/106/61
f 2773/105/61 2775/106/61 2776/105/61
f 2777/96/68 2778/105/68 2779/105/68
f 2777/96/61 2779/105/61 2780/96/61
f 2781/96/61 2782/105/61 2783/105/61
f 2781/96/61 2783/105/61 2784/96/61
f 2785/105/61 2786/106/61 2787/106/61
f 2785/105/61 2787/106/61 2788/105/61
f 2789/104/62 2790/4/62 2791/4/62
f 2789/104/62 2791/4/62 2792/104/62
f 2793/104/62 2794/4/62 2795/4/62
f 2793/104/62 2795/4/62 2796/104/62
f 2797/4/62 2798/3/62 2799/3/62
f 2797/4/62 2799/3/62 2800/4/62
f 2801/326/62 2802/103/62 2803/103/62
f 2801/326/62 2803/103/62 2804/326/62
f 2805/326/62 2806/103/62 2807/103/62
f 2805/326/62 2807/103/62 2808/326/62
f 2809/103/62 2810/104/62 2811/104/62
f 2809/103/62 2811/104/62 2812/103/62
f 2813/326/62 2814/103/62 2815/103/62
f 2813/326/69 2815/103/69 2816/326/69
f 2817/326/62 2818/103/62 2819/103/62
f 2817/326/62 2819/103/62 2820/326/62
f 2821/103/62 2822/104/62 2823/104/62
f 2821/103/62 2823/104/62 2824/103/62
f 2825/102/63 2826/44/63 2827/44/63
f 2825/102/63 2827/44/63 2828/102/63
f 2829/102/63 2830/44/63 2831/44/63
f 2829/102/63 2831/44/63 2832/102/63
f 2833/44/63 2834/43/63 2835/43/63
f 2833/44/63 2835/43/63 2836/44/63
f 2837/39/63 2838/101/63 2839/101/63
f 2837/39/63 2839/101/63 2840/39/63
f 2841/39/63 2842/101/63 2843/101/63
f 2841/39/63 2843/101/63 2844/39/63
f 2845/101/63 2846/102/63 2847/102/63
f 2845/101/63 2847/102/63 2848/101/63
f 2849/39/63 2850/101/63 2851/101/63
f 2849/39/63 2851/101/63 2852/39/63
f 2853/39/63 2854/101/63 2855/101/63
f 2853/39/63 2855/101/63 2856/39/63
f 2857/101/63 2858/102/63 2859/102/63
f 2857/101/63 2859/102/63 2860/101/63
f 2861/100/64 2862/95/64 2863/95/64
f 2861/100/64 2863/95/64 2864/100/64
f 2865/100/64 2866/95/64 2867/95/64
f 2865/100/64 2867/95/64 2868/100/64
f 2869/95/64 2870/96/64 2871/96/64
f 2869/95/64 2871/96/64 2872/95/64
f 2873/68/64 2874/99/64 2875/99/64
f 2873/68/64 2875/99/64 2876/68/64
f 2877/68/64 2878/99/64 2879/99/64
f 2877/68/64 2879/99/64 2880/68/64
f 2881/99/64 2882/100/64 2883/100/64
f 2881/99/64 2883/100/64 2884/99/64
f 2885/68/64 2886/99/64 2887/99/64
f 2885/68/64 2887/99/64 2888/68/64
f 2889/68/64 2890/99/64 2891/99/64
f 2889/68/64 2891/99/64 2892/68/64
f 2893/99/64 2894/100/64 2895/100/64
f 2893/99/64 2895/100/64 2896/99/64
f 2897/97/65 2898/97/65 2899/97/65
f 2897/97/65 2899/97/65 2900/97/65
f 2901/97/65 2902/97/65 2903/97/65
f 2901/97/65 2903/97/65 2904/97/65
f 2905/97/65 2906/97/65 2907/97/65
f 2905/97/65 2907/97/65 2908/97/65
f 2909/97/65 2910/97/65 2911/97/65
f 2909/97/65 2911/97/65 2912/97/65
f 2913/97/65 2914/97/65 2915/97/65
f 2913/97/65 2915/97/65 2916/97/65
f 2917/97/65 2918/97/65 2919/97/65
f 2917/97/65 2919/97/65 2920/97/65
f 2921/97/65 2922/97/65 2923/97/65
f 2921/97/65 2923/97/65 2924/97/65
f 2925/97/65 2926/97/65 2927/97/65
f 2925/97/65 2927/97/65 2928/97/65
f 2929/97/65 2930/97/65 2931/97/65
f 2929/97/65 2931/97/65 2932/97/65
f 2933/86/65 2934/86/65 2935/86/65
f 2933/86/65 2935/86/65 2936/86/65
f 2937/86/65 2938/86/65 2939/86/65
f 2937/86/65 2939/86/65 2940/86/65
f 2941/86/65 2942/86/65 2943/86/65
f 2941/86/65 2943/86/65 2944/86/65
f 2945/86/65 2946/86/65 2947/86/65
f 2945/86/65 2947/86/65 2948/86/65
f 2949/86/65 2950/86/65 2951/86/65
f 2949/86/65 2951/86/65 2952/86/65
f 2953/86/65 2954/86/65 2955/86/65
f 2953/86/65 2955/86/65 2956/86/65
f 2957/86/65 2958/86/65 2959/86/65
f 2957/86/65 2959/86/65 2960/86/65
f 2961/86/65 2962/86/65 2963/86/65
f 2961/86/65 2963/86/65 2964/86/65
f 2965/86/65 2966/86/65 2967/86/65
f 2965/86/65 2967/86/65 2968/86/65
f 2969/31/65 2970/31/65 2971/31/65
f 2969/31/65 2971/31/65 2972/31/65
f 2973/31/65 2974/31/65 2975/31/65
f 2973/31/65 2975/31/65 2976/31/65
f 2977/31/65 2978/31/65 2979/31/65
f 2977/31/65 2979/31/65 2980/31/65
f 2981/31/65 2982/31/65 2983/31/65
f 2981/31/65 2983/31/65 2984/31/65
f 2985/31/65 2986/31/65 2987/31/65
f 2985/31/65 2987/31/65 2988/31/65
f 2989/31/65 2990/31/65 2991/31/65
f 2989/31/65 2991/31/65 2992/31/65
f 2993/31/65 2994/31/65 2995/31/65
f 2993/31/65 2995/31/65 2996/31/65
f 2997/31/65 2998/31/65 2999/31/65
f 2997/31/65 2999/31/65 3000/31/65
f 3001/31/65 3002/31/65 3003/31/65
f 3001/31/65 3003/31/65 3004/31/65
f 3005/98/65 3006/98/65 3007/98/65
f 3005/98/65 3007/98/65 3008/98/65
f 3009/98/65 3010/98/65 3011/98/65
f 3009/98/65 3011/98/65 3012/98/65
f 3013/98/65 3014/98/65 3015/98/65
f 3013/98/65 3015/98/65 3016/98/65
f 3017/98/65 3018/98/65 3019/98/65
f 3017/98/65 3019/98/65 3020/98/65
f 3021/98/65 3022/98/65 3023/98/65
f 3021/98/65 3023/98/65 3024/98/65
f 3025/98/65 3026/98/65 3027/98/65
f 3025/98/65 3027/98/65 3028/98/65
f 3029/98/65 3030/98/65 3031/98/65
f 3029/98/65 3031/98/65 3032/98/65
f 3033/98/65 3034/98/65 3035/98/65
f 3033/98/65 3035/98/65 3036/98/65
f 3037/98/65 3038/98/65 3039/98/65
f 3037/98/65 3039/98/65 3040/98/65
f 3041/98/65 3042/98/65 3043/98/65
f 3041/98/65 3043/98/65 3044/98/65
f 3045/98/65 3046/98/65 3047/98/65
f 3045/98/65 3047/98/65 3048/98/65
f 3049/98/65 3050/98/65 3051/98/65
f 3049/98/65 3051/98/65 3052/98/65
f 3053/31/65 3054/31/65 3055/31/65
f 3053/31/65 3055/31/65 3056/31/65
f 3057/31/65 3058/31/65 3059/31/65
f 3057/31/65 3059/31/65 3060/31/65
f 3061/31/65 3062/31/65 3063/31/65
f 3061/31/65 3063/31/65 3064/31/65
f 3065/86/65 3066/86/65 3067/86/65
f 3065/86/65 3067/86/65 3068/86/65
f 3069/86/65 3070/86/65 3071/86/65
f 3069/86/65 3071/86/65 3072/86/65
f 3073/86/65 3074/86/65 3075/86/65
f 3073/86/65 3075/86/65 3076/86/65
f 3077/97/65 3078/97/65 3079/97/65
f 3077/97/65 3079/97/65 3080/97/65
f 3081/97/65 3082/97/65 3083/97/65
f 3081/97/65 3083/97/65 3084/97/65
f 3085/97/65 3086/97/65 3087/97/65
f 3085/97/65 3087/97/65 3088/97/65
f 3089/100/64 3090/95/64 3091/95/64
f 3089/100/64 3091/95/64 3092/100/64
f 3093/100/64 3094/95/64 3095/95/64
f 3093/100/64 3095/95/64 3096/100/64
f 3097/95/64 3098/96/64 3099/96/64
f 3097/95/64 3099/96/64 3100/95/64
f 3101/102/70 3102/44/70 3103/44/70
f 3101/102/63 3103/44/63 3104/102/63
f 3105/102/63 3106/44/63 3107/44/63
f 3105/102/63 3107/44/63 3108/102/63
f 3109/44/63 3110/43/63 3111/43/63
f 3109/44/63 3111/43/63 3112/44/63
f 3113/104/62 3114/4/62 3115/4/62
f 3113/104/62 3115/4/62 3116/104/62
f 3117/104/62 3118/4/62 3119/4/62
f 3117/104/62 3119/4/62 3120/104/62
f 3121/4/62 3122/3/62 3123/3/62
f 3121/4/62 3123/3/62 3124/4/62
f 3125/106/61 3126/93/61 3127/93/61
f 3125/106/61 3127/93/61 3128/106/61
f 3129/106/61 3130/93/61 3131/93/61
f 3129/106/61 3131/93/61 3132/106/61
f 3133/93/61 3134/94/61 3135/94/61
f 3133/93/61 3135/94/61 3136/93/61
f 3137/108/60 3138/91/60 3139/91/60
f 3137/108/60 3139/91/60 3140/108/60
f 3141/108/60 3142/91/60 3143/91/60
f 3141/108/60 3143/91/60 3144/108/60
f 3145/91/60 3146/92/60 3147/92/60
f 3145/91/60 3147/92/60 3148/91/60
f 3149/110/59 3150/40/59 3151/40/59
f 3149/110/59 3151/40/59 3152/110/59
f 3153/110/59 3154/40/59 3155/40/59
f 3153/110/59 3155/40/59 3156/110/59
f 3157/40/59 3158/39/59 3159/39/59
f 3157/40/59 3159/39/59 3160/40/59
f 3161/112/58 3162/89/58 3163/89/58
f 3161/112/58 3163/89/58 3164/112/58
f 3165/112/58 3166/89/58 3167/89/58
f 3165/112/58 3167/89/58 3168/112/58
f 3169/89/58 3170/90/58 3171/90/58
f 3169/89/58 3171/90/58 3172/89/58
f 3173/114/57 3174/32/57 3175/32/57
f 3173/114/57 3175/32/57 3176/114/57
f 3177/114/57 3178/32/57 3179/32/57
f 3177/114/57 3179/32/57 3180/114/57
f 3181/32/57 3182/31/57 3183/31/57
f 3181/32/57 3183/31/57 3184/32/57
f 3185/116/56 3186/87/56 3187/87/56
f 3185/116/56 3187/87/56 3188/116/56
f 3189/116/56 3190/87/56 3191/87/56
f 3189/116/56 3191/87/56 3192/116/56
f 3193/87/56 3194/88/56 3195/88/56
f 3193/87/56 3195/88/56 3196/87/56
f 3197/118/55 3198/36/55 3199/36/55
f 3197/118/55 3199/36/55 3200/118/55
f 3201/118/55 3202/36/55 3203/36/55
f 3201/118/55 3203/36/55 3204/118/55
f 3205/36/55 3206/35/55 3207/35/55
f 3205/36/55 3207/35/55 3208/36/55
f 3209/120/54 3210/85/54 3211/85/54
f 3209/120/54 3211/85/54 3212/120/54
f 3213/120/54 3214/85/54 3215/85/54
f 3213/120/54 3215/85/54 3216/120/54
f 3217/85/54 3218/86/54 3219/86/54
f 3217/85/54 3219/86/54 3220/85/54
f 3221/122/53 3222/28/53 3223/28/53
f 3221/122/53 3223/28/53 3224/122/53
f 3225/122/53 3226/28/53 3227/28/53
f 3225/122/53 3227/28/53 3228/122/53
f 3229/28/53 3230/27/53 3231/27/53
f 3229/28/53 3231/27/53 3232/28/53
f 3233/124/52 3234/83/52 3235/83/52
f 3233/124/52 3235/83/52 3236/124/52
f 3237/124/52 3238/83/52 3239/83/52
f 3237/124/52 3239/83/52 3240/124/52
f 3241/83/52 3242/84/52 3243/84/52
f 3241/83/52 3243/84/52 3244/83/52
f 3245/126/51 3246/24/51 3247/24/51
f 3245/126/51 3247/24/51 3248/126/51
f 3249/126/51 3250/24/51 3251/24/51
f 3249/126/51 3251/24/51 3252/126/51
f 3253/24/51 3254/23/51 3255/23/51
f 3253/24/51 3255/23/51 3256/24/51
f 3257/128/50 3258/64/50 3259/64/50
f 3257/128/50 3259/64/50 3260/128/50
f 3261/128/50 3262/64/50 3263/64/50
f 3261/128/50 3263/64/50 3264/128/50
f 3262/64/50 3265/63/50 3266/63/50
f 3262/64/50 3266/63/50 3263/64/50
f 3267/130/49 3268/81/49 3269/81/49
f 3267/130/49 3269/81/49 3270/130/49
f 3271/130/49 3272/81/49 3273/81/49
f 3271/130/49 3273/81/49 3274/130/49
f 3275/81/49 3276/82/49 3277/82/49
f 3275/81/49 3277/82/49 3278/81/49
f 3279/132/48 3280/79/48 3281/79/48
f 3279/132/48 3281/79/48 3282/132/48
f 3283/132/48 3284/79/48 3285/79/48
f 3283/132/48 3285/79/48 3286/132/48
f 3287/79/48 3288/80/48 3289/80/48
f 3287/79/48 3289/80/48 3290/79/48
f 526/134/47 3291/20/47 3292/20/47
f 526/134/47 3292/20/47 527/134/47
f 3293/134/47 3294/20/47 3295/20/47
f 3293/134/47 3295/20/47 3296/134/47
f 3297/20/47 3298/19/47 3299/19/47
f 3297/20/47 3299/19/47 3300/20/47
f 3301/136/46 3302/60/46 3303/60/46
f 3301/136/46 3303/60/46 3304/136/46
f 3305/136/46 3306/60/46 3307/60/46
f 3305/136/46 3307/60/46 3308/136/46
f 3306/60/46 3309/59/46 3310/59/46
f 3306/60/46 3310/59/46 3307/60/46
s 1
f 3311/138/45 3312/77/45 3313/77/45
s 0
f 3311/138/45 3313/77/45 3314/138/45
f 3315/138/45 3316/77/45 3317/77/45
f 3315/138/45 3317/77/45 3318/138/45
f 3319/77/45 3320/78/45 3321/78/45
f 3319/77/45 3321/78/45 3322/77/45
f 3323/140/44 3324/75/44 3325/75/44
f 3323/140/44 3325/75/44 3326/140/44
f 3327/140/44 3328/75/44 3329/75/44
f 3327/140/44 3329/75/44 3330/140/44
f 3331/75/44 3332/76/44 3333/76/44
f 3331/75/44 3333/76/44 3334/75/44
f 3335/142/43 3336/16/43 3337/16/43
f 3335/142/43 3337/16/43 3338/142/43
f 3339/142/43 3340/16/43 3341/16/43
f 3339/142/43 3341/16/43 3342/142/43
f 3343/16/43 3344/15/43 3345/15/43
f 3343/16/43 3345/15/43 3346/16/43
f 3347/144/42 3348/56/42 3349/56/42
f 3347/144/42 3349/56/42 3350/144/42
f 3351/144/42 3352/56/42 3353/56/42
f 3351/144/42 3353/56/42 3354/144/42
f 3355/56/42 3356/55/42 3357/55/42
f 3355/56/42 3357/55/42 3358/56/42
f 3359/146/41 3360/73/41 3361/73/41
f 3359/146/41 3361/73/41 3362/146/41
f 3363/146/41 3364/73/41 3365/73/41
f 3363/146/41 3365/73/41 3366/146/41
f 3367/73/41 3368/74/41 3369/74/41
f 3367/73/41 3369/74/41 3370/73/41
f 3371/148/40 3372/71/40 3373/71/40
f 3371/148/40 3373/71/40 3374/148/40
f 3375/148/40 3376/71/40 3377/71/40
f 3375/148/40 3377/71/40 3378/148/40
f 3379/71/40 3380/72/40 3381/72/40
f 3379/71/40 3381/72/40 3382/71/40
f 3383/150/39 3384/12/39 3385/12/39
f 3383/150/39 3385/12/39 3386/150/39
f 3387/150/39 3388/12/39 3389/12/39
f 3387/150/39 3389/12/39 3390/150/39
f 3391/12/39 3392/11/39 3393/11/39
f 3391/12/39 3393/11/39 3394/12/39
f 3395/152/38 3396/52/38 3397/52/38
f 3395/152/38 3397/52/38 3398/152/38
f 3399/152/38 3400/52/38 3401/52/38
f 3399/152/38 3401/52/38 3402/152/38
f 3403/52/38 3404/51/38 3405/51/38
f 3403/52/38 3405/51/38 3406/52/38
f 3407/154/37 3408/69/37 3409/69/37
f 3407/154/37 3409/69/37 3410/154/37
f 3411/154/37 3412/69/37 3413/69/37
f 3411/154/37 3413/69/37 3414/154/37
f 3415/69/37 3416/70/37 3417/70/37
f 3415/69/37 3417/70/37 3418/69/37
f 3419/156/36 3420/67/36 3421/67/36
f 3419/156/36 3421/67/36 3422/156/36
f 3423/156/36 3424/67/36 3425/67/36
f 3423/156/36 3425/67/36 3426/156/36
f 3427/67/36 3428/68/36 3429/68/36
f 3427/67/36 3429/68/36 3430/67/36
f 3431/158/35 3432/8/35 3433/8/35
f 3431/158/35 3433/8/35 3434/158/35
f 3435/158/35 3436/8/35 3437/8/35
f 3435/158/35 3437/8/35 3438/158/35
f 3439/8/35 3440/7/35 3441/7/35
f 3439/8/35 3441/7/35 3442/8/35
f 3443/160/34 3444/48/34 3445/48/34
f 3443/160/34 3445/48/34 3446/160/34
f 3447/160/34 3448/48/34 3449/48/34
f 3447/160/34 3449/48/34 3450/160/34
f 3451/48/34 3452/47/34 3453/47/34
f 3451/48/34 3453/47/34 3454/48/34
f 3455/162/33 3456/65/33 3457/65/33
f 3455/162/33 3457/65/33 3458/162/33
f 3459/162/33 3460/65/33 3461/65/33
f 3459/162/33 3461/65/33 3462/162/33
f 3463/65/33 3464/66/33 3465/66/33
f 3463/65/33 3465/66/33 3466/65/33
f 706/164/32 125/61/32 128/62/32
f 706/164/32 128/62/32 707/165/32
f 3467/169/32 3468/172/32 3469/61/32
f 3467/169/32 3469/61/32 3470/164/32
f 3471/172/32 3472/128/32 3473/64/32
f 3471/172/32 3473/64/32 3474/61/32
f 718/174/31 3475/57/31 3476/58/31
f 718/174/31 3476/58/31 719/175/31
f 723/179/31 1703/182/31 3477/57/31
f 723/179/31 3477/57/31 1728/174/31
f 728/182/31 727/136/31 3478/60/31
f 728/182/31 3478/60/31 3479/57/31
f 3480/184/30 3481/53/30 3482/54/30
f 3480/184/30 3482/54/30 3483/185/30
f 3484/189/30 3485/192/30 3486/53/30
f 3484/189/30 3486/53/30 3487/184/30
f 3485/192/30 3488/144/30 3489/56/30
f 3485/192/30 3489/56/30 3486/53/30
f 742/194/29 3490/49/29 3491/50/29
f 742/194/29 3491/50/29 743/195/29
f 3492/199/29 3493/202/29 3494/49/29
f 3492/199/29 3494/49/29 3495/194/29
f 3496/202/29 3497/152/29 3498/52/29
f 3496/202/29 3498/52/29 3499/49/29
f 754/204/28 109/45/28 112/46/28
f 754/204/28 112/46/28 755/205/28
f 1638/209/28 3500/212/28 3501/45/28
f 1638/209/28 3501/45/28 1639/204/28
f 3500/212/28 3502/160/28 3503/48/28
f 3500/212/28 3503/48/28 3501/45/28
f 766/214/27 105/41/27 108/42/27
f 766/214/27 108/42/27 767/215/27
f 1618/219/27 3504/222/27 3505/41/27
f 1618/219/27 3505/41/27 1619/214/27
f 3504/222/27 3506/102/27 3507/44/27
f 3504/222/27 3507/44/27 3505/41/27
f 3508/224/26 101/37/26 104/38/26
f 3508/224/26 104/38/26 3509/225/26
f 1585/229/26 788/232/26 3510/37/26
f 1585/229/26 3510/37/26 3511/224/26
f 788/232/26 787/110/26 3512/40/26
f 788/232/26 3512/40/26 3510/37/26
f 3513/234/25 3514/33/25 3515/34/25
f 3513/234/25 3515/34/25 3516/235/25
f 3517/239/25 3518/242/25 3519/33/25
f 3517/239/25 3519/33/25 3520/234/25
f 1556/242/25 3521/118/25 3522/36/25
f 1556/242/25 3522/36/25 3523/33/25
f 3524/244/24 3525/29/24 3526/30/24
f 3524/244/24 3526/30/24 3527/245/24
f 3528/249/24 3529/252/24 3530/29/24
f 3528/249/24 3530/29/24 3531/244/24
f 812/252/24 811/114/24 94/32/24
f 812/252/24 94/32/24 93/29/24
f 3532/254/23 89/25/23 92/26/23
f 3532/254/23 92/26/23 3533/255/23
f 1512/259/23 824/262/23 3534/25/23
f 1512/259/23 3534/25/23 3535/254/23
f 824/262/23 823/122/23 3536/28/23
f 824/262/23 3536/28/23 3534/25/23
f 826/264/22 85/21/22 88/22/22
f 826/264/22 88/22/22 827/265/22
f 1510/269/22 3537/272/22 85/21/22
f 1510/269/22 85/21/22 826/264/22
f 3537/272/22 3538/126/22 86/24/22
f 3537/272/22 86/24/22 85/21/22
f 838/274/21 81/17/21 84/18/21
f 838/274/21 84/18/21 839/275/21
f 1492/279/21 3539/282/21 3540/17/21
f 1492/279/21 3540/17/21 1493/274/21
f 3539/282/21 3541/134/21 3542/20/21
f 3539/282/21 3542/20/21 3540/17/21
f 850/284/20 3543/13/20 3544/14/20
f 850/284/20 3544/14/20 851/285/20
f 1447/289/20 1446/292/20 3545/13/20
f 1447/289/20 3545/13/20 3546/284/20
f 860/292/20 859/142/20 3547/16/20
f 860/292/20 3547/16/20 3548/13/20
f 3549/294/19 3550/9/19 3551/10/19
f 3549/294/19 3551/10/19 3552/295/19
f 3553/299/19 3554/302/19 3550/9/19
f 3553/299/19 3550/9/19 3549/294/19
f 3555/302/19 3556/150/19 74/12/19
f 3555/302/19 74/12/19 73/9/19
f 874/304/18 3557/5/18 3558/6/18
f 874/304/18 3558/6/18 875/305/18
f 1418/309/18 3559/312/18 3560/5/18
f 1418/309/18 3560/5/18 1419/304/18
f 3561/312/18 3562/158/18 3563/8/18
f 3561/312/18 3563/8/18 3564/5/18
f 886/314/17 65/1/17 68/2/17
f 886/314/17 68/2/17 887/315/17
f 1387/319/17 3565/322/17 3566/1/17
f 1387/319/17 3566/1/17 1388/314/17
f 3565/322/17 3567/104/17 3568/4/17
f 3565/322/17 3568/4/17 3566/1/17
f 3569/172/16 3570/61/16 3571/64/16
f 3569/172/16 3571/64/16 3572/128/16
f 1348/169/16 1347/164/16 3570/61/16
f 1348/169/16 3570/61/16 3569/172/16
f 908/164/16 907/165/16 62/62/16
f 908/164/16 62/62/16 61/61/16
f 3573/182/15 57/57/15 60/60/15
f 3573/182/15 60/60/15 3574/136/15
f 1334/179/15 920/174/15 57/57/15
f 1334/179/15 57/57/15 3573/182/15
f 920/174/15 919/175/15 58/58/15
f 920/174/15 58/58/15 57/57/15
f 3575/192/14 3576/53/14 3577/56/14
f 3575/192/14 3577/56/14 3578/144/14
f 1316/189/14 1315/184/14 3576/53/14
f 1316/189/14 3576/53/14 3575/192/14
f 932/184/14 931/185/14 54/54/14
f 932/184/14 54/54/14 53/53/14
f 934/202/13 3579/49/13 3580/52/13
f 934/202/13 3580/52/13 935/152/13
f 939/199/13 1297/194/13 3579/49/13
f 939/199/13 3579/49/13 934/202/13
f 944/194/13 943/195/13 50/50/13
f 944/194/13 50/50/13 49/49/13
f 946/212/12 3581/45/12 3582/48/12
f 946/212/12 3582/48/12 947/160/12
f 951/209/12 1280/204/12 3581/45/12
f 951/209/12 3581/45/12 946/212/12
f 956/204/12 955/205/12 46/46/12
f 956/204/12 46/46/12 45/45/12
f 3583/222/11 3584/41/11 3585/44/11
f 3583/222/11 3585/44/11 3586/102/11
f 1262/219/11 1261/214/11 3584/41/11
f 1262/219/11 3584/41/11 3583/222/11
f 968/214/11 967/215/11 42/42/11
f 968/214/11 42/42/11 41/41/11
f 3587/232/10 37/37/10 40/40/10
f 3587/232/10 40/40/10 3588/110/10
f 1248/229/10 980/224/10 37/37/10
f 1248/229/10 37/37/10 3587/232/10
f 980/224/10 979/225/10 38/38/10
f 980/224/10 38/38/10 37/37/10
f 3589/242/9 3590/33/9 3591/36/9
f 3589/242/9 3591/36/9 3592/118/9
f 1230/239/9 1229/234/9 3590/33/9
f 1230/239/9 3590/33/9 3589/242/9
f 992/234/9 991/235/9 34/34/9
f 992/234/9 34/34/9 33/33/9
f 3593/252/8 3594/29/8 3595/32/8
f 3593/252/8 3595/32/8 3596/114/8
f 1210/249/8 1209/244/8 3594/29/8
f 1210/249/8 3594/29/8 3593/252/8
f 1004/244/8 1003/245/8 30/30/8
f 1004/244/8 30/30/8 29/29/8
f 3597/262/7 25/25/7 28/28/7
f 3597/262/7 28/28/7 3598/122/7
f 1196/259/7 1016/254/7 25/25/7
f 1196/259/7 25/25/7 3597/262/7
f 1016/254/7 1015/255/7 26/26/7
f 1016/254/7 26/26/7 25/25/7
f 3599/272/6 3600/21/6 3601/24/6
f 3599/272/6 3601/24/6 3602/126/6
f 1178/269/6 1177/264/6 3600/21/6
f 1178/269/6 3600/21/6 3599/272/6
f 1028/264/6 1027/265/6 22/22/6
f 1028/264/6 22/22/6 21/21/6
f 1030/282/5 3603/17/5 3604/20/5
f 1030/282/5 3604/20/5 1031/134/5
f 1035/279/5 1159/274/5 3603/17/5
f 1035/279/5 3603/17/5 1030/282/5
f 1040/274/5 1039/275/5 18/18/5
f 1040/274/5 18/18/5 17/17/5
f 1042/292/4 3605/13/4 3606/16/4
f 1042/292/4 3606/16/4 1043/142/4
f 1047/289/4 1142/284/4 3605/13/4
f 1047/289/4 3605/13/4 1042/292/4
f 1052/284/4 1051/285/4 14/14/4
f 1052/284/4 14/14/4 13/13/4
f 3607/302/3 3608/9/3 3609/12/3
f 3607/302/3 3609/12/3 3610/150/3
f 1124/299/3 1123/294/3 3608/9/3
f 1124/299/3 3608/9/3 3607/302/3
f 1064/294/3 1063/295/3 10/10/3
f 1064/294/3 10/10/3 9/9/3
f 3611/312/2 5/5/2 8/8/2
f 3611/312/2 8/8/2 3612/158/2
f 1110/309/2 1076/304/2 5/5/2
f 1110/309/2 5/5/2 3611/312/2
f 1076/304/2 1075/305/2 6/6/2
f 1076/304/2 6/6/2 5/5/2
f 3613/322/1 3614/1/1 3615/4/1
f 3613/322/1 3615/4/1 3616/104/1
f 1092/319/1 1091/314/1 3614/1/1
f 1092/319/1 3614/1/1 3613/322/1
f 1088/314/1 1087/315/1 2/2/1
f 1088/314/1 2/2/1 1/1/1
