# Blender 5.2.0 LTS
# www.blender.org
mtllib 02_ControlTower_AIRPORT_0.mtl
o 02.ControlTower_AIRPORT_0
v 0.270411 39.216412 -0.270429
v 0.146347 39.216412 -0.353326
v -0.000000 50.292526 -0.000007
v -0.353310 39.216412 0.146331
v -0.270413 39.216412 0.270396
v 0.353310 39.216412 -0.146362
v -0.382421 39.216412 -0.000017
v 0.353310 39.216412 0.146329
v 0.382420 39.216412 -0.000016
v -0.353311 39.216412 -0.146363
v 0.270411 39.216412 0.270397
v -0.270413 39.216412 -0.270428
v 0.146344 39.216412 0.353295
v -0.146348 39.216412 -0.353326
v 0.000000 39.216412 0.382405
v 0.000001 39.216412 -0.382437
v -0.146346 39.216412 0.353295
v -0.235269 35.512550 3.979753
v 0.000009 35.560547 3.701297
v -0.323920 35.512550 3.868520
v 0.000009 35.560547 3.701297
v -0.363256 35.512550 3.731828
v 0.000009 35.560547 3.701297
v -0.347288 35.512550 3.590489
v 0.000009 35.560547 3.701297
v -0.278447 35.512550 3.466019
v 0.000009 35.560547 3.701297
v -0.167214 35.512550 3.377368
v 0.000009 35.560547 3.701297
v -0.030523 35.512550 3.338032
v 0.000009 35.560547 3.701297
v 0.110817 35.512550 3.354000
v 0.000009 35.560547 3.701297
v 0.235286 35.512550 3.422841
v 0.000009 35.560547 3.701297
v 0.323937 35.512550 3.534074
v 0.000009 35.560547 3.701297
v 0.363273 35.512550 3.670765
v 0.000009 35.560547 3.701297
v 0.347305 35.512550 3.812105
v 0.000009 35.560547 3.701297
v 0.278464 35.512550 3.936575
v 0.278464 35.512550 3.936575
v 0.000009 35.560547 3.701297
v 0.167231 35.512550 4.025226
v 0.000009 35.560547 3.701297
v 0.030540 35.512550 4.064561
v 0.000009 35.560547 3.701297
v -0.110799 35.512550 4.048593
v 0.000009 35.560547 3.701297
v 0.255173 36.023754 3.881977
v -0.018636 36.048054 4.262650
v -0.071342 36.197018 4.171529
v -0.070090 36.323307 4.039917
v -0.015070 36.407688 3.887850
v 0.085340 36.437321 3.738479
v 0.255173 36.023754 3.881977
v 0.215856 36.407688 3.614545
v 0.356605 36.323307 3.534915
v 0.486162 36.197018 3.511713
v 0.255173 36.023754 3.881977
v 0.584802 36.048054 3.548470
v 0.637508 35.899094 3.639590
v 0.636256 35.772804 3.771202
v 0.581236 35.688423 3.923269
v 0.480826 35.658791 4.072640
v 0.255173 36.023754 3.881977
v 0.480826 35.658791 4.072640
v 0.350310 35.688423 4.196574
v 0.209561 35.772804 4.276204
v 0.080004 35.899094 4.299407
v 1.832955 36.530849 3.167406
v 1.503776 37.027981 3.044741
v 0.499010 36.274792 4.069240
v 2.004665 35.612282 3.910706
v 2.008844 36.033726 3.471492
v 0.499010 36.274792 4.069240
v -0.180827 36.530849 5.550754
v 0.148352 36.033726 5.673418
v 0.499010 36.274792 4.069240
v 1.071421 37.449429 3.122172
v 0.601713 37.731030 3.387912
v 0.499010 36.274792 4.069240
v 1.485967 35.231796 4.916658
v 1.821055 35.330688 4.418181
v 0.499010 36.274792 4.069240
v -0.352537 37.449429 4.807454
v -0.356716 37.027981 5.246668
v 0.499010 36.274792 4.069240
v 0.499010 36.274792 4.069240
v 0.166161 37.829914 3.801502
v -0.168928 37.731030 4.299980
v 0.499010 36.274792 4.069240
v 0.499010 36.274792 4.069240
v 1.050414 35.330688 5.330248
v 1.485967 35.231796 4.916658
v 0.499010 36.274792 4.069240
v 0.499010 36.274792 4.069240
v 0.580707 35.612282 5.595987
v 0.499010 36.274792 4.069240
v 0.499010 36.274792 4.069240
v 0.499010 36.274792 4.069240
v 0.499010 36.274792 4.069240
v 0.499010 36.274792 4.069240
v -9.504117 -41.240604 0.000016
v -9.504117 -39.089252 0.000015
v -8.780659 -39.089252 -3.637051
v -8.780659 -41.240604 -3.637051
v -6.720426 -39.089256 -6.720407
v -6.720426 -41.240608 -6.720407
v -3.637069 -39.089256 -8.780641
v -3.637069 -41.240608 -8.780640
v -0.000000 -39.089256 -9.504098
v -0.000000 -41.240608 -9.504097
v 3.637068 -39.089256 -8.780641
v 3.637068 -41.240608 -8.780640
v 6.720425 -39.089256 -6.720408
v 6.720425 -41.240608 -6.720407
v 8.780659 -39.089252 -3.637052
v 8.780659 -41.240604 -3.637052
v 9.504117 -39.089252 0.000014
v 9.504117 -41.240604 0.000015
v 8.780659 -39.089252 3.637081
v 8.780659 -41.240604 3.637081
v 6.720426 -39.089249 6.720437
v 6.720426 -41.240601 6.720437
v 3.637069 -39.089249 8.780669
v 3.637069 -41.240601 8.780670
v 0.000000 -39.089249 9.504127
v 0.000000 -41.240601 9.504128
v -3.637068 -39.089249 8.780669
v -3.637068 -41.240601 8.780670
v -6.720425 -39.089249 6.720438
v -6.720425 -41.240601 6.720438
v -7.582482 -32.447090 0.000013
v -7.005300 -32.447090 2.901702
v -4.813084 6.157762 1.993647
v -5.209645 6.157762 0.000003
v -8.780659 -39.089252 3.637082
v -8.780659 -41.240604 3.637082
v -8.382026 -39.089252 0.000015
v -7.743981 -39.089252 -3.207646
v -8.780659 -39.089252 -3.637051
v -9.504117 -39.089252 0.000015
v -5.926987 -39.089252 -5.926969
v -6.720426 -39.089256 -6.720407
v -3.207663 -39.089256 -7.743963
v -3.637069 -39.089256 -8.780641
v -0.000000 -39.089256 -8.382008
v -0.000000 -39.089256 -9.504098
v 3.207662 -39.089256 -7.743963
v 3.637068 -39.089256 -8.780641
v 5.926986 -39.089252 -5.926970
v 6.720425 -39.089256 -6.720408
v 7.743981 -39.089252 -3.207647
v 8.780659 -39.089252 -3.637052
v 8.382026 -39.089252 0.000014
v 9.504117 -39.089252 0.000014
v 7.743981 -39.089252 3.207675
v 8.780659 -39.089252 3.637081
v 5.926987 -39.089252 5.926998
v 6.720426 -39.089249 6.720437
v 3.207663 -39.089249 7.743992
v 3.637069 -39.089249 8.780669
v 0.000000 -39.089249 8.382036
v 0.000000 -39.089249 9.504127
v -3.207662 -39.089249 7.743992
v -3.637068 -39.089249 8.780669
v -5.926986 -39.089252 5.926999
v -6.720425 -39.089249 6.720438
v -7.743981 -39.089252 3.207676
v -8.780659 -39.089252 3.637082
v -6.526571 6.707761 2.703394
v -4.995221 6.707762 4.995220
v -4.995221 10.104726 4.995220
v -6.526571 10.104725 2.703394
v 7.005300 -32.447090 2.901702
v 7.582482 -32.447090 0.000013
v 5.209645 6.157762 0.000002
v 4.813084 6.157762 1.993646
v -5.361624 -32.447090 -5.361609
v -7.005300 -32.447090 -2.901676
v -4.813084 6.157761 -1.993641
v -3.683775 6.157761 -3.683771
v 5.361624 -32.447090 5.361636
v 3.683775 6.157763 3.683776
v -2.901691 -32.447094 -7.005283
v -1.993645 6.157760 -4.813079
v 2.901691 -32.447086 7.005310
v 1.993645 6.157763 4.813085
v -0.000000 -32.447094 -7.582465
v -0.000000 6.157760 -5.209640
v 0.000000 -32.447086 7.582492
v 0.000000 6.157763 5.209645
v 2.901690 -32.447094 -7.005283
v 1.993645 6.157760 -4.813079
v -2.901690 -32.447086 7.005310
v -1.993645 6.157763 4.813085
v 5.361624 -32.447090 -5.361609
v 3.683775 6.157761 -3.683771
v -5.361624 -32.447090 5.361636
v -3.683775 6.157763 3.683776
v 7.005300 -32.447090 -2.901676
v 4.813084 6.157761 -1.993642
v -0.000000 10.448430 -7.384398
v -2.825889 10.448430 -6.822294
v -2.825889 11.068737 -6.822294
v -0.000000 11.068737 -7.384398
v 7.064310 6.707760 0.000001
v 6.526571 6.707759 -2.703393
v 6.526571 10.104723 -2.703393
v 7.064310 10.104724 0.000000
v 6.526571 6.707761 2.703394
v 6.526571 10.104725 2.703394
v -7.064310 6.707760 0.000001
v -7.064310 10.104724 0.000001
v -4.995221 6.707759 -4.995218
v -6.526571 6.707759 -2.703392
v -6.526571 10.104723 -2.703393
v -4.995221 10.104722 -4.995218
v 4.995221 6.707762 4.995220
v 4.995221 10.104726 4.995220
v -2.703395 6.707758 -6.526566
v -2.703395 10.104722 -6.526567
v 2.703395 6.707762 6.526569
v 2.703395 10.104726 6.526568
v -0.000000 6.707758 -7.064305
v -0.000000 10.104722 -7.064306
v 0.000000 6.707762 7.064308
v 0.000000 10.104726 7.064307
v 2.703394 6.707758 -6.526566
v 2.703394 10.104722 -6.526567
v -2.703394 6.707762 6.526569
v -2.703394 10.104726 6.526568
v 4.995221 6.707759 -4.995218
v 4.995221 10.104722 -4.995218
v 10.873107 22.403469 -0.000007
v 10.045441 22.403471 4.160949
v 9.852184 21.836731 4.080900
v 10.597084 21.836729 0.336039
v 0.000000 10.448434 7.384399
v 2.825889 10.448434 6.822295
v 2.825889 11.068741 6.822295
v 0.000000 11.068741 7.384399
v 2.825888 10.448430 -6.822294
v 2.825888 11.068737 -6.822294
v -2.825888 10.448434 6.822295
v -2.825888 11.068741 6.822295
v 5.221560 10.448430 -5.221558
v 5.221560 11.068737 -5.221558
v -5.221561 10.448434 5.221559
v -5.221561 11.068741 5.221559
v 6.822298 10.448431 -2.825887
v 6.822298 11.068738 -2.825887
v -6.822298 10.448433 2.825888
v -6.822298 11.068740 2.825888
v 7.384402 10.448432 0.000000
v 7.384402 11.068739 0.000000
v -6.822298 10.448431 -2.825886
v -7.384402 10.448432 0.000001
v -7.384402 11.068739 0.000001
v -6.822298 11.068738 -2.825886
v 6.822298 10.448433 2.825888
v 6.822298 11.068740 2.825887
v -5.221561 10.448430 -5.221558
v -5.221561 11.068737 -5.221558
v 5.221560 10.448434 5.221559
v 5.221560 11.068741 5.221559
v -7.688447 22.403471 7.688437
v -4.160957 22.403473 10.045429
v -4.678475 22.403473 11.294827
v -8.644697 22.403471 8.644686
v -10.873107 22.403469 -0.000006
v -10.045441 22.403467 -4.160963
v -9.852184 21.836727 -4.080913
v -10.597084 21.836729 -0.336052
v 6.951355 11.635474 2.879344
v 5.510692 11.635475 5.035449
v -10.045441 22.403471 4.160950
v -10.873107 22.403469 -0.000006
v -10.597084 21.836729 0.336040
v -9.852184 21.836731 4.080901
v 10.045441 22.403467 -4.160964
v 10.873107 22.403469 -0.000007
v 10.597084 21.836729 -0.336053
v 9.852184 21.836727 -4.080914
v -5.035451 11.635471 -5.510689
v -2.879346 11.635471 -6.951352
v -7.688447 22.403471 7.688437
v -7.730890 21.836731 7.255640
v -6.951355 11.635472 -2.879344
v -5.510692 11.635471 -5.035448
v -6.513906 17.006754 6.513901
v -6.679692 17.006739 6.204445
v 7.457249 11.635473 0.336046
v -4.160957 22.403473 10.045429
v -7.688447 22.403471 7.688437
v -7.255650 21.836731 7.730880
v -4.080908 21.836733 9.852172
v 7.688446 22.403467 -7.688451
v 7.730889 21.836727 -7.255653
v -9.212056 17.006752 -0.000003
v -9.110465 17.006737 0.336043
v -6.951355 11.635474 2.879345
v -7.457249 11.635473 0.336046
v 6.513907 17.006754 6.513900
v 7.688447 22.403471 7.688437
v 7.255649 21.836731 7.730879
v 6.204451 17.006739 6.679685
v -0.000000 16.465460 -9.045451
v 0.336046 16.465460 -8.943867
v 0.336046 11.635471 -7.457246
v -0.000001 22.403465 -12.225447
v -4.678476 22.403465 -11.294841
v -4.678476 24.749329 -11.294843
v -0.000001 24.749329 -12.225449
v 10.045441 22.403467 -4.160964
v 7.688446 22.403467 -7.688451
v 8.644695 22.403467 -8.644699
v 11.294840 22.403467 -4.678481
v -10.045441 22.403471 4.160950
v -11.294840 22.403471 4.678468
v 10.873107 22.403469 -0.000007
v 12.225447 22.403469 -0.000007
v -10.045441 22.403467 -4.160963
v -10.873107 22.403469 -0.000006
v -12.225447 22.403469 -0.000006
v -11.294840 22.403467 -4.678480
v 10.045441 22.403471 4.160949
v 11.294840 22.403471 4.678467
v -7.688448 22.403467 -7.688450
v -8.644697 22.403467 -8.644699
v 7.688447 22.403471 7.688437
v 8.644695 22.403471 8.644686
v -4.160958 22.403465 -10.045443
v -4.678476 22.403465 -11.294841
v 4.160959 22.403473 10.045429
v 4.678477 22.403473 11.294827
v -0.000001 22.403465 -10.873108
v -0.000001 22.403465 -12.225447
v 0.000000 22.403473 10.873096
v 0.000001 22.403473 12.225434
v 4.160958 22.403465 -10.045443
v 4.678476 22.403465 -11.294841
v 0.000001 22.403473 12.225434
v 4.678477 22.403473 11.294827
v 4.678477 24.749336 11.294826
v 0.000001 24.749336 12.225432
v 4.678476 22.403465 -11.294841
v 4.678476 24.749329 -11.294843
v -4.678475 22.403473 11.294827
v -4.678475 24.749336 11.294826
v 8.644695 22.403467 -8.644699
v 8.644695 24.749331 -8.644701
v -8.644697 22.403471 8.644686
v -8.644697 24.749334 8.644684
v 11.294840 22.403467 -4.678481
v 11.294840 24.749331 -4.678483
v -11.294840 22.403471 4.678468
v -11.294840 24.749334 4.678466
v 12.225447 22.403469 -0.000007
v 12.225447 24.749332 -0.000009
v -11.294840 22.403467 -4.678480
v -12.225447 22.403469 -0.000006
v -12.225447 24.749332 -0.000008
v -11.294840 24.749331 -4.678482
v 11.294840 22.403471 4.678467
v 11.294840 24.749334 4.678465
v -8.644697 22.403467 -8.644699
v -8.644697 24.749331 -8.644701
v 8.644695 22.403471 8.644686
v 8.644695 24.749334 8.644684
v -6.386260 31.984255 6.386232
v -3.456217 31.984255 8.344019
v -3.456217 34.176662 8.344018
v -6.386260 34.176662 6.386231
v 0.562837 34.176659 1.358790
v 1.039989 34.176659 1.039967
v 0.620106 39.216412 0.620089
v 0.335598 39.216412 0.810192
v 8.344050 31.984251 -3.456241
v 6.386256 31.984251 -6.386280
v 6.386256 34.176655 -6.386281
v 8.344050 34.176659 -3.456242
v -8.344049 31.984255 3.456194
v -8.344049 34.176659 3.456193
v 9.031534 31.984253 -0.000024
v 9.031534 34.176659 -0.000024
v -8.344049 31.984251 -3.456242
v -9.031532 31.984253 -0.000023
v -9.031532 34.176659 -0.000024
v -8.344049 34.176659 -3.456242
v 8.344049 31.984255 3.456190
v 8.344049 34.176659 3.456190
v -6.386261 31.984251 -6.386280
v -6.386261 34.176655 -6.386281
v 6.386258 31.984255 6.386230
v 6.386258 34.176662 6.386229
v -3.456220 31.984251 -8.344068
v -3.456220 34.176655 -8.344069
v 3.456218 31.984255 8.344021
v 3.456218 34.176662 8.344020
v -0.000000 31.984251 -9.031551
v -0.000000 34.176655 -9.031552
v 0.000001 31.984255 9.031505
v 0.000001 34.176662 9.031504
v 3.456219 31.984251 -8.344068
v 3.456219 34.176655 -8.344069
v -1.470768 34.176659 -0.000022
v -1.358812 34.176659 -0.562862
v -8.344049 34.176659 -3.456242
v -9.031532 34.176659 -0.000024
v -1.039991 34.176659 -1.040011
v -6.386261 34.176655 -6.386281
v -0.562841 34.176659 -1.358833
v -3.456220 34.176655 -8.344069
v -0.000000 34.176659 -1.470788
v -0.000000 34.176655 -9.031552
v 0.562838 34.176659 -1.358833
v 3.456219 34.176655 -8.344069
v 1.039990 34.176659 -1.040010
v 6.386256 34.176655 -6.386281
v 1.358813 34.176659 -0.562858
v 8.344050 34.176659 -3.456242
v 1.470768 34.176659 -0.000023
v 9.031534 34.176659 -0.000024
v 1.358812 34.176659 0.562814
v 8.344049 34.176659 3.456190
v 1.039989 34.176659 1.039967
v 6.386258 34.176662 6.386229
v 0.562837 34.176659 1.358790
v 3.456218 34.176662 8.344020
v 0.000001 34.176659 1.470745
v 0.000001 34.176662 9.031504
v -0.562839 34.176659 1.358789
v -3.456217 34.176662 8.344018
v -1.039992 34.176659 1.039965
v -6.386260 34.176662 6.386231
v -1.358812 34.176659 0.562818
v -8.344049 34.176659 3.456193
v -0.000000 34.176659 -1.470788
v -0.562841 34.176659 -1.358833
v -0.335601 39.216412 -0.810223
v -0.000000 39.216412 -0.876977
v 0.000001 34.176659 1.470745
v 0.000000 39.216412 0.876946
v 0.562838 34.176659 -1.358833
v 0.335599 39.216412 -0.810223
v -0.562839 34.176659 1.358789
v -0.335599 39.216412 0.810191
v 1.039990 34.176659 -1.040010
v 0.620106 39.216412 -0.620121
v -1.039992 34.176659 1.039965
v -0.620107 39.216412 0.620089
v 1.358813 34.176659 -0.562858
v 0.810208 39.216412 -0.335614
v -1.358812 34.176659 0.562818
v -0.810208 39.216412 0.335584
v 1.470768 34.176659 -0.000023
v 0.876962 39.216412 -0.000017
v -1.358812 34.176659 -0.562862
v -1.470768 34.176659 -0.000022
v -0.876963 39.216412 -0.000016
v -0.810208 39.216412 -0.335616
v 1.358812 34.176659 0.562814
v 0.810207 39.216412 0.335582
v -1.039991 34.176659 -1.040011
v -0.620107 39.216412 -0.620121
v 0.382420 39.216412 -0.000016
v 0.353310 39.216412 0.146329
v -0.810208 39.216412 -0.335616
v -0.876963 39.216412 -0.000016
v 0.270411 39.216412 0.270397
v -0.620107 39.216412 -0.620121
v 0.146344 39.216412 0.353295
v -0.335601 39.216412 -0.810223
v 0.000000 39.216412 0.382405
v -0.000000 39.216412 -0.876977
v -0.146346 39.216412 0.353295
v 0.335599 39.216412 -0.810223
v -0.270413 39.216412 0.270396
v 0.620106 39.216412 -0.620121
v -0.353310 39.216412 0.146331
v 0.810208 39.216412 -0.335614
v -0.382421 39.216412 -0.000017
v 0.876962 39.216412 -0.000017
v -0.353311 39.216412 -0.146363
v 0.810207 39.216412 0.335582
v -0.270413 39.216412 -0.270428
v 0.620106 39.216412 0.620089
v -0.146348 39.216412 -0.353326
v 0.335598 39.216412 0.810192
v 0.000001 39.216412 -0.382437
v 0.000000 39.216412 0.876946
v 0.146347 39.216412 -0.353326
v -0.335599 39.216412 0.810191
v 0.270411 39.216412 -0.270429
v -0.620107 39.216412 0.620089
v 0.353310 39.216412 -0.146362
v -0.810208 39.216412 0.335584
v -8.780659 -50.292526 3.637085
v -8.780659 -42.986046 3.637083
v -9.504117 -42.986046 0.000016
v -9.504117 -50.292526 0.000019
v -6.720425 -50.292522 6.720441
v -6.720425 -42.986042 6.720438
v -3.637068 -50.292522 8.780673
v -3.637068 -42.986042 8.780671
v 0.000000 -50.292522 9.504130
v 0.000000 -42.986042 9.504128
v 3.637069 -50.292522 8.780673
v 3.637069 -42.986042 8.780671
v 6.720426 -50.292522 6.720440
v 6.720426 -42.986042 6.720438
v 8.780659 -50.292526 3.637084
v 8.780659 -42.986046 3.637082
v 9.504117 -50.292526 0.000018
v 9.504117 -42.986046 0.000015
v 8.780659 -50.292526 -3.637049
v 8.780659 -42.986046 -3.637051
v 6.720425 -50.292530 -6.720405
v 6.720425 -42.986050 -6.720407
v 3.637068 -50.292530 -8.780637
v 3.637068 -42.986050 -8.780639
v -0.000000 -50.292530 -9.504094
v -0.000000 -42.986050 -9.504096
v -3.637069 -50.292530 -8.780637
v -3.637069 -42.986050 -8.780639
v -6.720426 -50.292530 -6.720404
v -6.720426 -42.986050 -6.720406
v -8.780659 -50.292526 -3.637048
v -8.780659 -42.986046 -3.637050
v 8.780659 -42.986046 -3.637051
v 6.720425 -42.986050 -6.720407
v 6.900490 -42.986050 -6.900472
v 9.015925 -42.986046 -3.734502
v 0.000000 -41.240601 9.504128
v -3.637068 -41.240601 8.780670
v -3.734519 -41.240601 9.015936
v 0.000000 -41.240601 9.758779
v 9.504117 -42.986046 0.000015
v 9.758768 -42.986046 0.000016
v -6.720425 -41.240601 6.720438
v -6.900490 -41.240601 6.900503
v 8.780659 -42.986046 3.637082
v 9.015925 -42.986046 3.734533
v -9.504117 -41.240604 0.000016
v -8.780659 -41.240604 -3.637051
v -9.015925 -41.240604 -3.734501
v -9.758768 -41.240604 0.000016
v -8.780659 -41.240604 3.637082
v -9.015925 -41.240604 3.734533
v 6.720426 -42.986042 6.720438
v 6.900491 -42.986042 6.900503
v -6.720426 -41.240608 -6.720407
v -6.900491 -41.240608 -6.900471
v -9.504117 -41.240604 0.000016
v -9.758768 -41.240604 0.000016
v 3.637069 -42.986042 8.780671
v 3.734519 -42.986042 9.015937
v -3.637069 -41.240608 -8.780640
v -3.734519 -41.240608 -9.015905
v 0.000000 -42.986042 9.504128
v 0.000000 -42.986042 9.758780
v -0.000000 -41.240608 -9.504097
v -0.000000 -41.240608 -9.758748
v -3.637068 -42.986042 8.780671
v -3.734519 -42.986042 9.015937
v 3.637068 -41.240608 -8.780640
v 3.734519 -41.240608 -9.015905
v -9.015925 -42.986046 3.734534
v -9.015925 -41.240604 3.734533
v -9.758768 -41.240604 0.000016
v -9.758768 -42.986046 0.000017
v -6.900490 -42.986042 6.900504
v -6.900490 -41.240601 6.900503
v -3.734519 -42.986042 9.015937
v -3.734519 -41.240601 9.015936
v 0.000000 -42.986042 9.758780
v 0.000000 -41.240601 9.758779
v 3.734519 -42.986042 9.015937
v 3.734519 -41.240601 9.015936
v 6.900491 -42.986042 6.900503
v 6.900491 -41.240601 6.900502
v 9.015925 -42.986046 3.734533
v 9.015925 -41.240604 3.734532
v 9.758768 -42.986046 0.000016
v 9.758768 -41.240604 0.000015
v 9.015925 -42.986046 -3.734502
v 9.015925 -41.240604 -3.734502
v 6.900490 -42.986050 -6.900472
v 6.900490 -41.240608 -6.900472
v 3.734519 -42.986050 -9.015904
v 3.734519 -41.240608 -9.015905
v -0.000000 -42.986050 -9.758747
v -0.000000 -41.240608 -9.758748
v -3.734519 -42.986050 -9.015904
v -3.734519 -41.240608 -9.015905
v -6.900491 -42.986050 -6.900471
v -6.900491 -41.240608 -6.900471
v -9.015925 -42.986046 -3.734501
v -9.015925 -41.240604 -3.734501
v -9.758768 -42.986046 0.000017
v -9.758768 -41.240604 0.000016
v 3.637069 -41.240601 8.780670
v 3.734519 -41.240601 9.015936
v 3.637068 -42.986050 -8.780639
v 3.734519 -42.986050 -9.015904
v 6.720426 -41.240601 6.720437
v 6.900491 -41.240601 6.900502
v -0.000000 -42.986050 -9.504096
v -0.000000 -42.986050 -9.758747
v 8.780659 -41.240604 3.637081
v 9.015925 -41.240604 3.734532
v -3.637069 -42.986050 -8.780639
v -3.734519 -42.986050 -9.015904
v 9.504117 -41.240604 0.000015
v 9.758768 -41.240604 0.000015
v -6.720426 -42.986050 -6.720406
v -6.900491 -42.986050 -6.900471
v 8.780659 -41.240604 -3.637052
v 9.015925 -41.240604 -3.734502
v -9.504117 -42.986046 0.000016
v -8.780659 -42.986046 3.637083
v -9.015925 -42.986046 3.734534
v -9.758768 -42.986046 0.000017
v -8.780659 -42.986046 -3.637050
v -9.015925 -42.986046 -3.734501
v 6.720425 -41.240608 -6.720407
v 6.900490 -41.240608 -6.900472
v -6.720425 -42.986042 6.720438
v -6.900490 -42.986042 6.900504
v -9.504117 -42.986046 0.000016
v -9.758768 -42.986046 0.000017
v -8.344049 31.984251 -3.456242
v -6.386261 31.984251 -6.386280
v -6.191214 31.984251 -6.191233
v -8.089210 31.984251 -3.350683
v 11.294840 24.749331 -4.678483
v 8.644695 24.749331 -8.644701
v 4.624797 24.749331 -4.624809
v 6.042592 24.749332 -2.502935
v -6.386260 31.984255 6.386232
v -8.344049 31.984255 3.456194
v -8.089210 31.984255 3.350636
v -6.191213 31.984255 6.191185
v -9.031532 31.984253 -0.000023
v -8.755695 31.984253 -0.000023
v 4.678476 24.749329 -11.294843
v 2.502923 24.749331 -6.042600
v -3.456217 31.984255 8.344019
v -3.350659 31.984255 8.089179
v -0.000001 24.749329 -12.225449
v -0.000000 24.749331 -6.540462
v 0.000001 31.984255 9.031505
v 0.000001 31.984255 8.755669
v -4.678476 24.749329 -11.294843
v -2.502924 24.749331 -6.042600
v 3.456218 31.984255 8.344021
v 3.350659 31.984255 8.089180
v -8.644697 24.749331 -8.644701
v -4.624800 24.749331 -4.624810
v 6.386258 31.984255 6.386230
v 6.191212 31.984255 6.191184
v -12.225447 24.749332 -0.000008
v -11.294840 24.749334 4.678466
v -6.042591 24.749332 2.502910
v -6.540453 24.749332 -0.000012
v -11.294840 24.749331 -4.678482
v -6.042591 24.749332 -2.502936
v 8.344049 31.984255 3.456190
v 8.089208 31.984255 3.350632
v -8.644697 24.749334 8.644684
v -4.624800 24.749334 4.624783
v 9.031534 31.984253 -0.000024
v 8.755696 31.984253 -0.000024
v -4.678475 24.749336 11.294826
v -2.502923 24.749334 6.042573
v 8.344050 31.984251 -3.456241
v 8.089211 31.984251 -3.350682
v 0.000001 24.749336 12.225432
v 0.000001 24.749334 6.540436
v 6.386256 31.984251 -6.386280
v 6.191209 31.984251 -6.191233
v 4.678477 24.749336 11.294826
v 2.502923 24.749334 6.042574
v 3.456219 31.984251 -8.344068
v 3.350660 31.984251 -8.089228
v 8.644695 24.749334 8.644684
v 4.624798 24.749334 4.624782
v -0.000000 31.984251 -9.031551
v -0.000000 31.984251 -8.755714
v 11.294840 24.749334 4.678465
v 6.042590 24.749332 2.502907
v -3.456220 31.984251 -8.344068
v -3.350661 31.984251 -8.089228
v 12.225447 24.749332 -0.000009
v 6.540453 24.749332 -0.000013
v 2.879346 11.635475 6.951353
v 5.035451 11.635475 5.510689
v 6.086649 16.465464 6.561884
v 3.448252 16.465479 8.324808
v -0.336047 11.635471 -7.457246
v -2.879346 11.635471 -6.951352
v -3.448252 16.465475 -8.324814
v -0.336047 16.465460 -8.943867
v 0.336046 11.635475 7.457247
v 0.336046 16.465464 8.943862
v 6.951355 11.635472 -2.879345
v 5.510692 11.635471 -5.035449
v 6.561890 16.465460 -6.086649
v 8.324815 16.465475 -3.448253
v -6.951355 11.635474 2.879345
v -5.510692 11.635475 5.035450
v -6.561890 16.465464 6.086644
v -8.324815 16.465479 3.448247
v -7.457249 11.635473 0.336046
v -8.943869 16.465462 0.336044
v 7.457249 11.635473 -0.336046
v 8.943869 16.465462 -0.336049
v 8.478724 17.006723 3.511998
v 9.110465 17.006737 0.336042
v 10.597084 21.836729 0.336039
v 9.852184 21.836731 4.080900
v 5.035451 11.635475 5.510689
v 2.879346 11.635475 6.951353
v -0.336047 11.635471 -7.457246
v -0.000000 17.006750 -9.212054
v -0.000001 22.403465 -10.873108
v 0.336046 21.836725 -10.597085
v 0.336046 17.006735 -9.110463
v 9.045452 16.465462 -0.000003
v 8.943869 16.465462 0.336043
v 0.336046 11.635475 7.457247
v -9.045452 16.465462 -0.000003
v -8.943869 16.465462 -0.336048
v -7.457249 11.635473 -0.336045
v 0.000000 17.006754 9.212049
v 0.000000 22.403473 10.873096
v -0.336046 21.836733 10.597073
v -0.336046 17.006739 9.110457
v -7.688448 22.403467 -7.688450
v -4.160958 22.403465 -10.045443
v -4.080909 21.836725 -9.852185
v -7.255651 21.836727 -7.730893
v 4.160959 22.403473 10.045429
v 4.080909 21.836733 9.852172
v -0.000001 22.403465 -10.873108
v -0.336047 21.836725 -10.597085
v 0.000000 22.403473 10.873096
v 0.336047 21.836733 10.597073
v 5.510692 11.635471 -5.035449
v 6.951355 11.635472 -2.879345
v -7.688448 22.403467 -7.688450
v -6.513907 17.006750 -6.513907
v -6.679693 17.006735 -6.204452
v -7.730891 21.836727 -7.255652
v -5.510692 11.635475 5.035450
v 7.457249 11.635473 -0.336046
v 7.688446 22.403467 -7.688451
v 6.513906 17.006750 -6.513908
v 6.204450 17.006735 -6.679693
v 7.255648 21.836727 -7.730894
v 6.951355 11.635474 2.879344
v 7.457249 11.635473 0.336046
v 8.943869 16.465462 0.336043
v 8.324815 16.465479 3.448246
v -6.951355 11.635472 -2.879344
v -7.457249 11.635473 -0.336045
v -8.943869 16.465462 -0.336048
v -8.324815 16.465475 -3.448252
v -8.478724 17.006720 -3.512004
v -9.110465 17.006737 -0.336049
v -10.597084 21.836729 -0.336052
v -9.852184 21.836727 -4.080913
v -2.879346 11.635475 6.951353
v -0.336046 11.635475 7.457247
v -0.336046 16.465464 8.943862
v -3.448251 16.465479 8.324808
v 5.035450 11.635471 -5.510689
v 2.879346 11.635471 -6.951352
v 3.448251 16.465475 -8.324814
v 6.086648 16.465460 -6.561890
v -5.035450 11.635475 5.510689
v -6.086649 16.465464 6.561885
v -5.510692 11.635471 -5.035448
v -6.561891 16.465460 -6.086648
v 0.000000 16.465464 9.045445
v -0.336046 16.465464 8.943862
v -0.336046 11.635475 7.457247
v 9.045452 16.465462 -0.000003
v 8.943869 16.465462 -0.336049
v -9.045452 16.465462 -0.000003
v -8.943869 16.465462 0.336044
v 7.688447 22.403471 7.688437
v 7.730890 21.836731 7.255639
v 2.879346 11.635471 -6.951352
v 6.396100 16.465460 -6.396101
v 6.561890 16.465460 -6.086649
v -2.879346 11.635475 6.951353
v 5.035450 11.635471 -5.510689
v -5.035450 11.635475 5.510689
v 4.160958 22.403465 -10.045443
v 4.080908 21.836725 -9.852185
v -6.513907 17.006750 -6.513907
v -6.204452 17.006735 -6.679692
v 6.513906 17.006750 -6.513908
v 6.679691 17.006735 -6.204453
v -6.396101 16.465464 6.396096
v -6.561890 16.465464 6.086644
v 6.396101 16.465464 6.396095
v 6.086649 16.465464 6.561884
v 0.000000 17.006754 9.212049
v 0.336046 17.006739 9.110457
v 9.110465 17.006737 -0.336050
v 8.478724 17.006720 -3.512005
v 9.852184 21.836727 -4.080914
v 10.597084 21.836729 -0.336053
v -6.396101 16.465460 -6.396101
v -6.086650 16.465460 -6.561889
v -0.000000 17.006750 -9.212054
v -0.336047 17.006735 -9.110463
v 0.336046 11.635471 -7.457246
v 0.336046 16.465460 -8.943867
v -6.204451 17.006739 6.679686
v -3.512002 17.006723 8.478718
v -4.080908 21.836733 9.852172
v -7.255650 21.836731 7.730880
v 6.204450 17.006735 -6.679693
v 3.512002 17.006720 -8.478724
v 4.080908 21.836725 -9.852185
v 7.255648 21.836727 -7.730894
v -0.336046 17.006739 9.110457
v -0.336046 21.836733 10.597073
v 0.336046 17.006735 -9.110463
v 0.336046 21.836725 -10.597085
v 6.679692 17.006739 6.204444
v 7.730890 21.836731 7.255639
v -6.679693 17.006735 -6.204452
v -7.730891 21.836727 -7.255652
v 5.510692 11.635475 5.035449
v 6.561891 16.465464 6.086643
v 6.396100 16.465460 -6.396101
v 6.086648 16.465460 -6.561890
v -6.396101 16.465460 -6.396101
v -6.561891 16.465460 -6.086648
v 0.000000 16.465464 9.045445
v 0.336046 16.465464 8.943862
v -9.212056 17.006752 -0.000003
v -9.110465 17.006737 -0.336049
v 9.212056 17.006752 -0.000004
v 9.110465 17.006737 0.336042
v -0.000000 16.465460 -9.045451
v -0.336047 16.465460 -8.943867
v -9.110465 17.006737 0.336043
v -8.478724 17.006723 3.511999
v -9.852184 21.836731 4.080901
v -10.597084 21.836729 0.336040
v -5.035451 11.635471 -5.510689
v -6.086650 16.465460 -6.561889
v -6.679692 17.006739 6.204445
v -7.730890 21.836731 7.255640
v 6.679691 17.006735 -6.204453
v 7.730889 21.836727 -7.255653
v 0.336046 17.006739 9.110457
v 3.512003 17.006723 8.478718
v 4.080909 21.836733 9.852172
v 0.336047 21.836733 10.597073
v -0.336047 17.006735 -9.110463
v -3.512003 17.006720 -8.478724
v -4.080909 21.836725 -9.852185
v -0.336047 21.836725 -10.597085
v 6.204451 17.006739 6.679685
v 7.255649 21.836731 7.730879
v -6.204452 17.006735 -6.679692
v -7.255651 21.836727 -7.730893
v 6.513907 17.006754 6.513900
v 6.679692 17.006739 6.204444
v 6.396101 16.465464 6.396095
v 6.561891 16.465464 6.086643
v -6.513906 17.006754 6.513901
v -6.204451 17.006739 6.679686
v -6.396101 16.465464 6.396096
v -6.086649 16.465464 6.561885
v -8.478724 17.006720 -3.512004
v -8.324815 16.465475 -3.448252
v -3.512002 17.006723 8.478718
v -3.448251 16.465479 8.324808
v 3.512002 17.006720 -8.478724
v 3.448251 16.465475 -8.324814
v 8.478724 17.006723 3.511998
v 8.324815 16.465479 3.448246
v 9.110465 17.006737 -0.336050
v 9.212056 17.006752 -0.000004
v -8.478724 17.006723 3.511999
v -8.324815 16.465479 3.448247
v 8.478724 17.006720 -3.512005
v 8.324815 16.465475 -3.448253
v 3.512003 17.006723 8.478718
v 3.448252 16.465479 8.324808
v -3.512003 17.006720 -8.478724
v -3.448252 16.465475 -8.324814
v 6.191212 31.984255 6.191184
v 4.624798 24.749334 4.624782
v 4.915861 25.452162 4.517686
v 6.251788 31.622507 5.853603
v 3.350660 31.984251 -8.089228
v 6.191209 31.984251 -6.191233
v 5.853628 31.622503 -6.251809
v 3.297134 31.622503 -7.960002
v -6.042591 24.749332 -2.502936
v -6.540453 24.749332 -0.000012
v -6.670537 25.452160 -0.281553
v -6.214513 25.452160 -2.574149
v 4.624798 24.749334 4.624782
v 6.191212 31.984255 6.191184
v 5.853630 31.622507 6.251759
v 4.517703 25.452162 4.915843
v 4.624797 24.749331 -4.624809
v 6.191209 31.984251 -6.191233
v 6.251785 31.622503 -5.853652
v 4.915859 25.452158 -4.517715
v 6.540453 24.749332 -0.000013
v 6.042592 24.749332 -2.502935
v 6.214513 25.452160 -2.574148
v 6.670537 25.452160 -0.281554
v -6.042591 24.749332 2.502910
v -4.624800 24.749334 4.624783
v -4.915863 25.452162 4.517687
v -6.214513 25.452160 2.574121
v 4.624797 24.749331 -4.624809
v 4.517703 25.452158 -4.915872
v 0.000001 31.984255 8.755669
v -3.350659 31.984255 8.089179
v -3.297133 31.622507 7.959955
v -0.281539 31.622507 8.559796
v -6.191214 31.984251 -6.191233
v -4.624800 24.749331 -4.624810
v -4.915863 25.452158 -4.517716
v -6.251790 31.622503 -5.853652
v -0.000000 31.984251 -8.755714
v 0.281540 31.622503 -8.559842
v -4.624800 24.749331 -4.624810
v -6.191214 31.984251 -6.191233
v -5.853632 31.622503 -6.251809
v -4.517705 25.452158 -4.915873
v 3.350659 31.984255 8.089180
v 0.000001 31.984255 8.755669
v 0.281540 31.622507 8.559796
v 3.297133 31.622507 7.959956
v -4.624800 24.749334 4.624783
v -2.502923 24.749334 6.042573
v -2.574135 25.452162 6.214494
v -4.517705 25.452162 4.915844
v -3.350661 31.984251 -8.089228
v -0.000000 31.984251 -8.755714
v -0.281540 31.622503 -8.559842
v -3.297135 31.622503 -7.960002
v -2.574136 25.452158 -6.214522
v -4.517705 25.452158 -4.915873
v -5.853632 31.622503 -6.251809
v -3.297135 31.622503 -7.960002
v 2.574135 25.452162 6.214495
v 4.517703 25.452162 4.915843
v 5.853630 31.622507 6.251759
v 3.297133 31.622507 7.959956
v -0.281540 25.452158 -6.670547
v -0.281540 31.622503 -8.559842
v 0.281540 25.452162 6.670519
v 0.281540 31.622507 8.559796
v 6.214513 25.452160 -2.574148
v 4.915859 25.452158 -4.517715
v 6.251785 31.622503 -5.853652
v 7.959986 31.622503 -3.297156
v -6.214513 25.452160 2.574121
v -4.915863 25.452162 4.517687
v -6.251789 31.622507 5.853604
v -7.959985 31.622507 3.297110
v 6.670537 25.452160 -0.281554
v 8.559824 31.622505 -0.281563
v -6.670537 25.452160 0.281526
v -8.559823 31.622505 0.281517
v -6.540453 24.749332 -0.000012
v -6.670537 25.452160 0.281526
v -6.191213 31.984255 6.191185
v -6.251789 31.622507 5.853604
v 8.089211 31.984251 -3.350682
v 7.959986 31.622503 -3.297156
v -8.089210 31.984255 3.350636
v -7.959985 31.622507 3.297110
v -2.502924 24.749331 -6.042600
v -2.574136 25.452158 -6.214522
v 8.755696 31.984253 -0.000024
v 8.559824 31.622505 -0.281563
v -8.755695 31.984253 -0.000023
v -8.559823 31.622505 0.281517
v 2.502923 24.749334 6.042574
v 2.574135 25.452162 6.214495
v -0.000000 24.749331 -6.540462
v -0.281540 25.452158 -6.670547
v 0.000001 24.749334 6.540436
v 0.281540 25.452162 6.670519
v 6.214512 25.452160 2.574118
v 6.670537 25.452160 0.281525
v 8.559824 31.622505 0.281516
v 7.959984 31.622507 3.297107
v -4.915863 25.452158 -4.517716
v -6.214513 25.452160 -2.574149
v -7.959985 31.622503 -3.297157
v -6.251790 31.622503 -5.853652
v 4.915861 25.452162 4.517686
v 6.251788 31.622507 5.853603
v 2.574136 25.452158 -6.214522
v 0.281539 25.452158 -6.670547
v 0.281540 31.622503 -8.559842
v 3.297134 31.622503 -7.960002
v -2.574135 25.452162 6.214494
v -0.281539 25.452162 6.670519
v -0.281539 31.622507 8.559796
v -3.297133 31.622507 7.959955
v 4.517703 25.452158 -4.915872
v 5.853628 31.622503 -6.251809
v -4.517705 25.452162 4.915844
v -5.853631 31.622507 6.251761
v -6.670537 25.452160 -0.281553
v -8.559823 31.622505 -0.281562
v -6.191213 31.984255 6.191185
v -5.853631 31.622507 6.251761
v 6.042590 24.749332 2.502907
v 6.540453 24.749332 -0.000013
v 6.670537 25.452160 0.281525
v 6.214512 25.452160 2.574118
v -8.755695 31.984253 -0.000023
v -8.089210 31.984251 -3.350683
v -7.959985 31.622503 -3.297157
v -8.559823 31.622505 -0.281562
v 8.755696 31.984253 -0.000024
v 8.089208 31.984255 3.350632
v 7.959984 31.622507 3.297107
v 8.559824 31.622505 0.281516
v -0.000000 24.749331 -6.540462
v 0.281539 25.452158 -6.670547
v 2.502923 24.749331 -6.042600
v 2.574136 25.452158 -6.214522
v 0.000001 24.749334 6.540436
v -0.281539 25.452162 6.670519
v 1.993645 6.157763 4.813085
v 3.683775 6.157763 3.683776
v 4.598691 6.157759 4.598691
v 2.488795 6.157760 6.008480
v -1.993645 6.157760 -4.813079
v -3.683775 6.157761 -3.683771
v -4.598692 6.157756 -4.598688
v -2.488795 6.157756 -6.008476
v 4.813084 6.157762 1.993646
v 6.008481 6.157759 2.488795
v -4.813084 6.157761 -1.993641
v -6.008481 6.157757 -2.488791
v 5.209645 6.157762 0.000002
v 6.503532 6.157758 0.000001
v -5.209645 6.157762 0.000003
v -4.813084 6.157762 1.993647
v -6.008481 6.157759 2.488795
v -6.503532 6.157758 0.000002
v 4.813084 6.157761 -1.993642
v 6.008481 6.157757 -2.488792
v -3.683775 6.157763 3.683776
v -4.598692 6.157759 4.598691
v 3.683775 6.157761 -3.683771
v 4.598691 6.157756 -4.598688
v -1.993645 6.157763 4.813085
v -2.488794 6.157760 6.008480
v 1.993645 6.157760 -4.813079
v 2.488794 6.157756 -6.008476
v 0.000000 6.157763 5.209645
v 0.000000 6.157760 6.503531
v -0.000000 6.157760 -5.209640
v -0.000000 6.157756 -6.503528
v 2.703395 10.104726 6.526568
v 4.995221 10.104726 4.995220
v 5.221560 10.448434 5.221559
v 2.825889 10.448434 6.822295
v -2.703395 10.104722 -6.526567
v -4.995221 10.104722 -4.995218
v -5.221561 10.448430 -5.221558
v -2.825889 10.448430 -6.822294
v 6.526571 10.104725 2.703394
v 6.822298 10.448433 2.825888
v -6.526571 10.104723 -2.703393
v -6.822298 10.448431 -2.825886
v 7.064310 10.104724 0.000000
v 7.384402 10.448432 0.000000
v -7.064310 10.104724 0.000001
v -6.526571 10.104725 2.703394
v -6.822298 10.448433 2.825888
v -7.384402 10.448432 0.000001
v 6.526571 10.104723 -2.703393
v 6.822298 10.448431 -2.825887
v -4.995221 10.104726 4.995220
v -5.221561 10.448434 5.221559
v 4.995221 10.104722 -4.995218
v 5.221560 10.448430 -5.221558
v -2.703394 10.104726 6.526568
v -2.825888 10.448434 6.822295
v 2.703394 10.104722 -6.526567
v 2.825888 10.448430 -6.822294
v 0.000000 10.104726 7.064307
v 0.000000 10.448434 7.384399
v -0.000000 10.104722 -7.064306
v -0.000000 10.448430 -7.384398
v -7.369117 -32.796043 -3.052373
v -7.976274 -32.796043 0.000013
v -7.582482 -32.447090 0.000013
v -7.005300 -32.447090 -2.901676
v 7.976274 -32.796043 0.000012
v 7.369117 -32.796043 -3.052374
v 7.005300 -32.447090 -2.901676
v 7.582482 -32.447090 0.000013
v -7.369117 -32.796043 3.052400
v -5.640077 -32.796043 5.640088
v -5.361624 -32.447090 5.361636
v -7.005300 -32.447090 2.901702
v 5.640077 -32.796043 -5.640061
v 5.361624 -32.447090 -5.361609
v -3.052388 -32.796040 7.369125
v -2.901690 -32.447086 7.005310
v 3.052388 -32.796047 -7.369100
v 2.901690 -32.447094 -7.005283
v 0.000000 -32.796040 7.976284
v 0.000000 -32.447086 7.582492
v -0.000000 -32.796047 -7.976258
v -0.000000 -32.447094 -7.582465
v 3.052388 -32.796040 7.369125
v 2.901691 -32.447086 7.005310
v -3.052388 -32.796047 -7.369100
v -2.901691 -32.447094 -7.005283
v 5.640078 -32.796043 5.640087
v 5.361624 -32.447090 5.361636
v -5.640078 -32.796043 -5.640060
v -5.361624 -32.447090 -5.361609
v 7.369117 -32.796043 3.052399
v 7.005300 -32.447090 2.901702
v -8.382026 -39.089252 0.000015
v -7.743981 -39.089252 3.207676
v -7.369117 -32.796043 3.052400
v -7.976274 -32.796043 0.000013
v 7.743981 -39.089252 3.207675
v 8.382026 -39.089252 0.000014
v 7.976274 -32.796043 0.000012
v 7.369117 -32.796043 3.052399
v -5.926987 -39.089252 -5.926969
v -7.743981 -39.089252 -3.207646
v -7.369117 -32.796043 -3.052373
v -5.640078 -32.796043 -5.640060
v 5.926987 -39.089252 5.926998
v 5.640078 -32.796043 5.640087
v -3.207663 -39.089256 -7.743963
v -3.052388 -32.796047 -7.369100
v 3.207663 -39.089249 7.743992
v 3.052388 -32.796040 7.369125
v -0.000000 -39.089256 -8.382008
v -0.000000 -32.796047 -7.976258
v 0.000000 -39.089249 8.382036
v 0.000000 -32.796040 7.976284
v 3.207662 -39.089256 -7.743963
v 3.052388 -32.796047 -7.369100
v -3.207662 -39.089249 7.743992
v -3.052388 -32.796040 7.369125
v 5.926986 -39.089252 -5.926970
v 5.640077 -32.796043 -5.640061
v -5.926986 -39.089252 5.926999
v -5.640077 -32.796043 5.640088
v 7.743981 -39.089252 -3.207647
v 7.369117 -32.796043 -3.052374
v -6.008481 6.157757 -2.488791
v -6.503532 6.157758 0.000002
v -7.064310 6.707760 0.000001
v -6.526571 6.707759 -2.703392
v -4.598692 6.157756 -4.598688
v -4.995221 6.707759 -4.995218
v -2.488795 6.157756 -6.008476
v -2.703395 6.707758 -6.526566
v -0.000000 6.157756 -6.503528
v -0.000000 6.707758 -7.064305
v 2.488794 6.157756 -6.008476
v 2.703394 6.707758 -6.526566
v 4.598691 6.157756 -4.598688
v 4.995221 6.707759 -4.995218
v 6.008481 6.157757 -2.488792
v 6.526571 6.707759 -2.703393
v 6.503532 6.157758 0.000001
v 7.064310 6.707760 0.000001
v 6.008481 6.157759 2.488795
v 6.526571 6.707761 2.703394
v 4.598691 6.157759 4.598691
v 4.995221 6.707762 4.995220
v 2.488795 6.157760 6.008480
v 2.703395 6.707762 6.526569
v 0.000000 6.157760 6.503531
v 0.000000 6.707762 7.064308
v -2.488794 6.157760 6.008480
v -2.703394 6.707762 6.526569
v -4.598692 6.157759 4.598691
v -4.995221 6.707762 4.995220
v -6.008481 6.157759 2.488795
v -6.526571 6.707761 2.703394
v -0.147005 33.969589 -3.110754
v -0.147005 39.497700 -3.110756
v -0.103946 39.497700 -3.214709
v -0.103946 33.969589 -3.214708
v -0.103946 33.969589 -3.214708
v -0.103946 39.497700 -3.214709
v 0.000008 39.497700 -3.257768
v 0.000008 33.969589 -3.257766
v 0.000008 33.969589 -3.257766
v 0.000008 39.497700 -3.257768
v 0.103962 39.497700 -3.214709
v 0.103962 33.969589 -3.214708
v 0.103962 33.969589 -3.214708
v 0.103962 39.497700 -3.214709
v 0.147021 39.497700 -3.110756
v 0.147021 33.969589 -3.110754
v 0.147021 33.969589 -3.110754
v 0.147021 39.497700 -3.110756
v 0.103962 39.497700 -3.006802
v 0.103962 33.969589 -3.006800
v 0.103962 33.969589 -3.006800
v 0.103962 39.497700 -3.006802
v 0.000008 39.497700 -2.963743
v 0.000008 33.969589 -2.963741
v 0.000008 33.969589 -2.963741
v 0.000008 39.497700 -2.963743
v -0.103946 39.497700 -3.006802
v -0.103946 33.969589 -3.006800
v -0.103946 33.969589 -3.006800
v -0.103946 39.497700 -3.006802
v -0.147005 39.497700 -3.110756
v -0.147005 33.969589 -3.110754
v -0.082214 38.687008 -3.564728
v -0.151173 38.719807 -3.976692
v -0.085860 39.436146 -3.706210
v -0.033411 39.329594 -3.277853
v -0.143807 37.434650 -3.968495
v -0.103107 36.833050 -3.706210
v -0.194042 36.931408 -4.181602
v -0.189162 37.475628 -4.394710
v -0.203393 36.898624 -4.697977
v -0.160433 37.473583 -4.841415
v -0.115974 36.841251 -5.148781
v -0.055879 37.408016 -5.296317
v 0.096691 36.726498 -5.697941
v 0.120597 37.336292 -5.784004
v 0.353133 36.685520 -6.214316
v 0.284512 37.321941 -6.220465
v 0.564953 36.783875 -6.911013
v 0.415182 37.383415 -6.747085
v -0.141635 39.231236 -6.238907
v -0.050303 38.587978 -6.287402
v 0.061060 38.648079 -6.853639
v -0.037056 39.378769 -6.812657
v 0.133246 37.899632 -6.209696
v 0.253565 37.921486 -6.738176
v -0.240193 39.165661 -5.648764
v -0.178464 38.555874 -5.693843
v -0.002188 37.921490 -5.761834
v -0.278838 39.173855 -5.148782
v -0.246217 38.582516 -5.222549
v -0.118271 37.935154 -5.284676
v -0.249947 39.264019 -4.648799
v -0.252467 38.656277 -4.792237
v -0.178147 38.036243 -4.864631
v -0.174604 39.370579 -4.148818
v -0.217717 38.703403 -4.394711
v -0.193511 38.085415 -4.422449
v -0.158468 38.069027 -4.016889
v -0.038400 36.726498 -3.277853
v -0.087551 37.426449 -3.597514
v -0.096663 37.962475 -3.638404
v -0.878060 34.516594 4.740509
v -0.787247 34.856293 4.633029
v -1.083879 34.856293 4.260836
v -1.208910 34.516594 4.325381
v -0.454513 35.371841 4.239233
v -0.625774 35.371841 4.024347
v -0.909035 34.152046 4.777168
v -1.251557 34.152046 4.347396
v -0.642783 35.148003 4.462052
v -0.884982 35.148003 4.158158
v -0.992449 35.148003 3.784710
v -1.215499 34.856293 3.803457
v -1.355714 34.516594 3.815242
v -0.701765 35.371841 3.760279
v -1.403538 34.152046 3.819262
v -0.670917 35.371841 3.487232
v -1.296120 34.516594 3.287756
v -1.341843 34.152046 3.273169
v -0.948824 35.148003 3.398564
v -1.162069 34.856293 3.330526
v -0.931723 34.856293 2.914042
v -1.039203 34.516594 2.823229
v -0.537927 35.371841 3.246775
v -1.075863 34.152046 2.792254
v -0.760747 35.148003 3.058506
v -0.323041 35.371841 3.075514
v -0.456853 35.148003 2.816307
v -0.559530 34.856293 2.617410
v -0.624075 34.516594 2.492378
v -0.646091 34.152046 2.449733
v -0.058974 35.371841 2.999524
v -0.113936 34.516594 2.345576
v -0.117956 34.152046 2.297751
v -0.083405 35.148003 2.708840
v -0.102152 34.856293 2.485790
v 0.302742 35.148003 2.752465
v 0.370779 34.856293 2.539220
v 0.413549 34.516594 2.405169
v 0.214073 35.371841 3.030371
v 0.428138 34.152046 2.359447
v 0.454531 35.371841 3.163362
v 0.642800 35.148003 2.940542
v 0.787264 34.856293 2.769566
v 0.878078 34.516594 2.662086
v 0.909053 34.152046 2.625427
v 1.083896 34.856293 3.141759
v 1.208928 34.516594 3.077214
v 0.625791 35.371841 3.378247
v 1.251574 34.152046 3.055199
v 0.884999 35.148003 3.244437
v 0.992466 35.148003 3.617884
v 1.215516 34.856293 3.599137
v 1.355731 34.516594 3.587353
v 0.701782 35.371841 3.642315
v 1.403556 34.152046 3.583333
v 1.296137 34.516594 4.114838
v 1.341860 34.152046 4.129426
v 0.670934 35.371841 3.915362
v 0.948840 35.148003 4.004030
v 1.162086 34.856293 4.072068
v 0.931740 34.856293 4.488552
v 1.039220 34.516594 4.579366
v 0.537944 35.371841 4.155819
v 1.075879 34.152046 4.610341
v 0.760764 35.148003 4.344089
v 0.931740 34.856293 4.488552
v 0.760764 35.148003 4.344089
v 0.456869 35.148003 4.586287
v 0.559547 34.856293 4.785183
v 1.039220 34.516594 4.579366
v 0.624092 34.516594 4.910216
v 0.537944 35.371841 4.155819
v 0.323058 35.371841 4.327080
v 1.075879 34.152046 4.610341
v 0.646107 34.152046 4.952862
v 0.113953 34.516594 5.057018
v 0.117973 34.152046 5.104844
v 0.058991 35.371841 4.403070
v 0.083422 35.148003 4.693754
v 0.102169 34.856293 4.916804
v -0.370762 34.856293 4.863374
v -0.413533 34.516594 4.997425
v -0.214056 35.371841 4.372223
v -0.428121 34.152046 5.043148
v -0.302725 35.148003 4.650128
v -0.329232 36.232632 5.060270
v -0.344853 36.380329 5.422863
v -0.521210 36.878773 5.117968
v -0.473227 36.639614 4.811324
v -0.217966 36.119297 4.664543
v -0.319786 36.407078 4.488512
v -0.263763 36.552326 5.727612
v -0.460464 37.108273 5.387544
v -0.469807 36.984638 4.451754
v -0.317367 36.651043 4.234257
v -0.455791 37.579578 4.896361
v -0.517021 37.301342 4.677584
v -0.332922 37.583698 4.168759
v -0.319491 37.215183 4.036299
v -0.211077 36.814060 3.940486
v -0.250456 37.894505 4.328840
v -0.017099 36.871304 3.651924
v 0.124282 38.005093 3.771381
v 0.003058 37.682835 3.668955
v -0.045164 37.296131 3.628211
v 0.311410 37.215168 3.289616
v 0.235037 36.814060 3.412501
v 0.611370 37.894505 3.308852
v 0.439770 37.583698 3.254263
v 0.910729 37.301342 2.987817
v 0.695946 36.984638 3.072063
v 0.506945 36.651043 3.258668
v 1.136656 37.579578 3.011670
v 0.757229 36.407078 3.213845
v 1.620168 37.108273 2.925076
v 1.344234 36.878773 2.910179
v 1.049901 36.639606 3.008673
v 1.319390 36.232624 3.109095
v 0.947787 36.119297 3.284853
v 1.988297 36.552326 3.062256
v 1.674289 36.380329 3.033171
v 1.850646 35.881874 3.338067
v 1.463385 35.825653 3.358041
v 1.049607 35.831520 3.460885
v 2.184998 35.996368 3.402323
v 1.047187 35.587555 3.715141
v 2.180325 35.525063 3.893506
v 1.846457 35.459312 3.778449
v 1.459965 35.480621 3.717613
v 1.309649 35.250092 4.133067
v 0.940898 35.424530 4.008911
v 1.974990 35.210136 4.461028
v 1.662358 35.176964 4.287275
v 1.326378 35.077812 4.787078
v 1.035322 35.169128 4.541155
v 0.746920 35.367294 4.297473
v 1.600252 35.099556 5.018486
v 2.184998 35.996368 3.402323
v 1.988297 36.552326 3.062256
v 1.832955 36.530849 3.167406
v 2.008844 36.033726 3.471492
v 0.587878 35.525063 5.778196
v 1.113163 35.210136 5.481015
v 1.050414 35.330688 5.330248
v 0.580707 35.612282 5.595987
v 0.746920 35.367294 4.297473
v 0.494784 35.424530 4.536895
v 1.326378 35.077812 4.787078
v 1.600252 35.099556 5.018486
v 1.113163 35.210136 5.481015
v 0.889665 35.176964 5.201771
v 0.611370 37.894505 3.308852
v 0.124282 38.005093 3.771381
v 0.166161 37.829914 3.801502
v 0.601713 37.731030 3.387912
v 1.035322 35.169128 4.541155
v 0.678748 35.250092 4.879749
v 1.600252 35.099556 5.018486
v 1.974990 35.210136 4.461028
v 1.821055 35.330688 4.418181
v 1.485967 35.231796 4.916658
v -0.250456 37.894505 4.328840
v -0.168928 37.731030 4.299980
v 1.600252 35.099556 5.018486
v 1.485967 35.231796 4.916658
v -0.455791 37.579578 4.896361
v -0.352537 37.449429 4.807454
v 0.294212 35.480629 5.097302
v 0.222876 35.587555 4.690728
v 1.620168 37.108273 2.925076
v 1.503776 37.027981 3.044741
v 2.180325 35.525063 3.893506
v 2.004665 35.612282 3.910706
v 0.587878 35.525063 5.778196
v 0.418707 35.459312 5.468217
v 1.136656 37.579578 3.011670
v 1.071421 37.449429 3.122172
v 0.104366 35.996368 5.864789
v -0.014798 35.881874 5.545854
v -0.263763 36.552326 5.727612
v 0.104366 35.996368 5.864789
v 0.148352 36.033726 5.673418
v -0.180827 36.530849 5.550754
v -0.059744 35.825653 5.160692
v -0.460464 37.108273 5.387544
v -0.356716 37.027981 5.246668
v -0.027408 35.831520 4.735552
v 0.125691 35.620819 3.807495
v 0.026584 35.630684 3.859848
v 0.054775 35.732849 3.883668
v 0.151305 35.713654 3.829136
v 0.099589 35.522774 3.592976
v 0.151203 35.522774 3.692958
v 0.160768 35.630684 3.701039
v 0.111265 35.654503 3.602841
v -0.107588 35.522774 3.610389
v -0.007606 35.522774 3.558774
v 0.006182 35.678314 3.570424
v -0.092926 35.688171 3.622777
v -0.090175 35.522774 3.817565
v -0.141789 35.522774 3.717583
v -0.128002 35.678314 3.729233
v -0.078499 35.654503 3.827430
v 0.151203 35.522774 3.692958
v 0.117002 35.522774 3.800153
v 0.125691 35.620819 3.807495
v 0.160768 35.630684 3.701039
v -0.007606 35.522774 3.558774
v 0.099589 35.522774 3.592976
v 0.111265 35.654503 3.602841
v 0.006182 35.678314 3.570424
v -0.141789 35.522774 3.717583
v -0.107588 35.522774 3.610389
v -0.092926 35.688171 3.622777
v -0.128002 35.678314 3.729233
v 0.017020 35.522774 3.851767
v -0.090175 35.522774 3.817565
v -0.078499 35.654503 3.827430
v 0.026584 35.630684 3.859848
v 0.117002 35.522774 3.800153
v 0.017020 35.522774 3.851767
v -0.087366 35.825569 3.763567
v -0.049712 35.844780 3.659289
v 0.019754 35.984253 3.717984
v -0.022042 35.956734 3.818762
v 0.188959 35.732849 3.724859
v 0.145679 35.779213 3.631918
v 0.046818 35.825569 3.604758
v -0.049712 35.844780 3.659289
v -0.087366 35.825569 3.763567
v -0.044086 35.779213 3.856508
v -0.044086 35.779213 3.856508
v 0.054775 35.732849 3.883668
v 0.151305 35.713654 3.829136
v 0.188959 35.732849 3.724859
v 0.145679 35.779213 3.631918
v 0.046818 35.825569 3.604758
v 0.100094 35.823853 3.921959
v 0.011236 35.890289 3.903251
v 0.084522 35.981819 3.965173
v 0.160130 35.898834 3.972686
v 0.100094 35.823853 3.921959
v 0.192481 35.796326 3.863928
v 0.234278 35.823853 3.763150
v 0.201000 35.890289 3.678661
v 0.112141 35.956734 3.659953
v 0.019754 35.984253 3.717984
v -0.022042 35.956734 3.818762
v 0.011236 35.890289 3.903251
v 0.192481 35.796326 3.863928
v 0.234278 35.823853 3.763150
v 0.201000 35.890289 3.678661
v 0.112141 35.956734 3.659953
v 0.111780 36.099186 3.795740
v 0.198678 36.064808 3.733071
v 0.301826 36.144062 3.820224
v 0.221469 36.183460 3.888421
v 0.247029 35.864456 3.910017
v 0.294314 35.898834 3.813877
v 0.274287 35.981819 3.740584
v 0.198678 36.064808 3.733071
v 0.111780 36.099186 3.795740
v 0.064495 36.064808 3.891880
v 0.160130 35.898834 3.972686
v 0.247029 35.864456 3.910017
v 0.294314 35.898834 3.813877
v 0.274287 35.981819 3.740584
v 0.064495 36.064808 3.891880
v 0.084522 35.981819 3.965173
v 0.167643 36.144062 3.979033
v 0.171877 36.048939 4.038982
v 0.171877 36.048939 4.038982
v 0.231691 35.953812 4.033150
v 0.312048 35.914413 3.964954
v 0.365875 35.953812 3.874341
v 0.361641 36.048939 3.814392
v 0.301826 36.144062 3.820224
v 0.221469 36.183460 3.888421
v 0.167643 36.144062 3.979033
v 0.231691 35.953812 4.033150
v 0.312048 35.914413 3.964954
v 0.365875 35.953812 3.874341
v 0.361641 36.048939 3.814392
v -9.504117 -50.292526 0.000019
v -8.780659 -50.292526 -3.637048
v -6.720426 -50.292530 -6.720404
v -3.637069 -50.292530 -8.780637
v -0.000000 -50.292530 -9.504094
v 3.637068 -50.292530 -8.780637
v 6.720425 -50.292530 -6.720405
v 8.780659 -50.292526 -3.637049
v 9.504117 -50.292526 0.000018
v 8.780659 -50.292526 3.637084
v 6.720426 -50.292522 6.720440
v 3.637069 -50.292522 8.780673
v 0.000000 -50.292522 9.504130
v -3.637068 -50.292522 8.780673
v -6.720425 -50.292522 6.720441
v -8.780659 -50.292526 3.637085
v -0.103946 39.497700 -3.214709
v -0.147005 39.497700 -3.110756
v -0.103946 39.497700 -3.006802
v 0.000008 39.497700 -2.963743
v 0.103962 39.497700 -3.006802
v 0.147021 39.497700 -3.110756
v 0.103962 39.497700 -3.214709
v 0.000008 39.497700 -3.257768
v -0.147005 33.969589 -3.110754
v -0.103946 33.969589 -3.214708
v 0.000008 33.969589 -3.257766
v 0.103962 33.969589 -3.214708
v 0.147021 33.969589 -3.110754
v 0.103962 33.969589 -3.006800
v 0.000008 33.969589 -2.963741
v -0.103946 33.969589 -3.006800
vn 0.7067 0.0345 -0.7067
vn 0.3825 0.0345 -0.9233
vn -0.0000 1.0000 0.0024
vn -0.9233 0.0345 0.3825
vn -0.7067 0.0345 0.7067
vn 0.9233 0.0345 -0.3825
vn -0.9994 0.0345 -0.0000
vn 0.9233 0.0345 0.3825
vn 0.9994 0.0345 -0.0000
vn -0.9233 0.0345 -0.3825
vn 0.7067 0.0345 0.7067
vn -0.7067 0.0345 -0.7067
vn 0.3825 0.0345 0.9233
vn -0.3825 0.0345 -0.9233
vn -0.0000 0.0345 0.9994
vn -0.0000 0.0345 -0.9994
vn -0.3825 0.0345 0.9233
vn -0.1768 0.9618 0.2092
vn -0.0000 1.0000 -0.0000
vn -0.2434 0.9618 0.1256
vn -0.2729 0.9618 0.0229
vn -0.2609 0.9618 -0.0833
vn -0.0000 1.0000 -0.0001
vn -0.2092 0.9618 -0.1768
vn -0.0000 1.0000 0.0001
vn -0.1256 0.9618 -0.2434
vn -0.0229 0.9618 -0.2729
vn 0.0833 0.9618 -0.2609
vn 0.1768 0.9618 -0.2092
vn -0.0000 1.0000 -0.0002
vn 0.2434 0.9618 -0.1257
vn 0.2729 0.9618 -0.0229
vn 0.2609 0.9618 0.0833
vn 0.2092 0.9618 0.1768
vn 0.1256 0.9618 0.2434
vn 0.0229 0.9618 0.2729
vn -0.0833 0.9618 0.2609
vn -0.6361 -0.5538 -0.5374
vn -0.7527 -0.5425 -0.3731
vn -0.7753 -0.4785 -0.4122
vn -0.7748 -0.4242 -0.4687
vn -0.7512 -0.3880 -0.5341
vn -0.7080 -0.3753 -0.5982
vn -0.6360 -0.5538 -0.5374
vn -0.6520 -0.3880 -0.6515
vn -0.5915 -0.4242 -0.6857
vn -0.5358 -0.4785 -0.6956
vn -0.4935 -0.5425 -0.6799
vn -0.4708 -0.6065 -0.6407
vn -0.4714 -0.6607 -0.5842
vn -0.4950 -0.6970 -0.5189
vn -0.5381 -0.7097 -0.4547
vn -0.5942 -0.6970 -0.4015
vn -0.6547 -0.6607 -0.3672
vn -0.7103 -0.6065 -0.3573
vn 0.4157 0.5278 0.7407
vn 0.4761 0.4314 0.7663
vn 0.6371 0.5491 0.5409
vn 0.3904 0.6998 0.5983
vn 0.3860 0.6220 0.6813
vn 0.6371 0.5492 0.5409
vn 0.7961 0.5292 0.2936
vn 0.7342 0.6212 0.2740
vn 0.5585 0.3483 0.7528
vn 0.6496 0.2928 0.7017
vn 0.4898 0.7671 0.4143
vn 0.4270 0.7502 0.5048
vn 0.8321 0.3525 0.4281
vn 0.8308 0.4349 0.3473
vn 0.7343 0.2742 0.6210
vn 0.7985 0.2956 0.5245
vn 0.5694 0.7487 0.3394
vn 0.3904 0.6997 0.5983
vn 0.6370 0.5492 0.5409
vn 0.6548 0.6979 0.2903
vn 0.6548 0.6978 0.2903
vn 0.6496 0.2928 0.7016
vn 0.7342 0.2743 0.6210
vn 0.8321 0.3525 0.4282
vn -1.0000 -0.0000 -0.0000
vn -0.9239 -0.0000 -0.3827
vn -0.7071 -0.0000 -0.7071
vn -0.3827 -0.0000 -0.9239
vn -0.0000 -0.0000 -1.0000
vn 0.3827 -0.0000 -0.9239
vn 0.7071 -0.0000 -0.7071
vn 0.9239 -0.0000 -0.3827
vn 1.0000 -0.0000 -0.0000
vn 0.9239 -0.0000 0.3827
vn 0.7071 -0.0000 0.7071
vn 0.3827 -0.0000 0.9239
vn -0.0000 -0.0000 1.0000
vn -0.3827 -0.0000 0.9239
vn -0.7071 -0.0000 0.7071
vn -0.9981 0.0613 -0.0000
vn -0.9221 0.0613 0.3820
vn -0.9239 -0.0000 0.3827
vn 0.9221 0.0613 0.3820
vn 0.9981 0.0613 -0.0000
vn -0.7058 0.0613 -0.7058
vn -0.9221 0.0613 -0.3820
vn 0.7058 0.0613 0.7058
vn -0.3820 0.0613 -0.9221
vn 0.3820 0.0613 0.9221
vn -0.0000 0.0613 -0.9981
vn -0.0000 0.0613 0.9981
vn 0.3820 0.0613 -0.9221
vn -0.3820 0.0613 0.9221
vn 0.7058 0.0613 -0.7058
vn -0.7058 0.0613 0.7058
vn 0.9221 0.0613 -0.3820
vn -0.3798 -0.1224 -0.9169
vn -0.0000 -0.1320 -0.9912
vn 0.9221 -0.3213 0.2155
vn 0.8667 -0.3463 0.3590
vn 0.8749 -0.3214 0.3624
vn 0.9259 -0.3042 0.2240
vn 0.3798 -0.1224 0.9169
vn -0.0000 -0.1320 0.9912
vn 0.3798 -0.1224 -0.9169
vn -0.3798 -0.1224 0.9169
vn 0.7009 -0.1320 -0.7009
vn -0.7009 -0.1320 0.7009
vn 0.9169 -0.1224 -0.3798
vn -0.9169 -0.1224 0.3798
vn 0.9912 -0.1320 -0.0000
vn -0.9912 -0.1320 -0.0000
vn -0.9169 -0.1224 -0.3798
vn 0.9169 -0.1224 0.3798
vn -0.7009 -0.1320 -0.7009
vn 0.7009 -0.1320 0.7009
vn -0.0000 -1.0000 -0.0000
vn -0.9221 -0.3213 -0.2155
vn -0.8667 -0.3463 -0.3590
vn -0.8749 -0.3214 -0.3624
vn -0.9259 -0.3042 -0.2240
vn 0.8901 -0.2678 0.3687
vn 0.8215 -0.2690 0.5028
vn -0.8667 -0.3463 0.3590
vn -0.9221 -0.3213 0.2155
vn -0.9259 -0.3043 0.2240
vn -0.8749 -0.3214 0.3624
vn 0.8667 -0.3463 -0.3590
vn 0.9221 -0.3213 -0.2155
vn 0.9259 -0.3043 -0.2240
vn 0.8749 -0.3214 -0.3624
vn -0.5028 -0.2690 -0.8215
vn -0.3687 -0.2678 -0.8901
vn -0.8044 -0.3213 0.4997
vn -0.8131 -0.3042 0.4963
vn -0.8901 -0.2678 -0.3687
vn -0.8215 -0.2690 -0.5028
vn -0.8455 -0.2826 0.4530
vn -0.8217 -0.2861 0.4930
vn 0.9364 -0.2690 0.2254
vn -0.3590 -0.3463 0.8667
vn -0.4997 -0.3213 0.8044
vn -0.4963 -0.3042 0.8131
vn -0.3624 -0.3214 0.8749
vn 0.8044 -0.3213 -0.4997
vn 0.8131 -0.3042 -0.4963
vn -0.9182 -0.2826 0.2776
vn -0.9296 -0.2861 0.2324
vn -0.8901 -0.2678 0.3687
vn -0.9364 -0.2690 0.2254
vn 0.4530 -0.2826 0.8455
vn 0.4997 -0.3213 0.8044
vn 0.4963 -0.3042 0.8131
vn 0.4930 -0.2861 0.8217
vn 0.2776 -0.2826 -0.9182
vn 0.2324 -0.2861 -0.9296
vn 0.2254 -0.2689 -0.9364
vn 0.3801 0.1170 0.9175
vn 0.7022 0.1170 0.7022
vn 0.7022 0.1170 0.7023
vn -0.0000 0.1170 -0.9931
vn -0.3801 0.1170 -0.9175
vn -0.0000 0.1170 0.9931
vn 0.3801 0.1170 -0.9175
vn -0.3801 0.1170 0.9175
vn 0.7022 0.1170 -0.7022
vn 0.7023 0.1170 -0.7022
vn -0.7022 0.1170 0.7022
vn -0.7023 0.1170 0.7022
vn 0.9175 0.1170 -0.3801
vn -0.9175 0.1170 0.3801
vn 0.9931 0.1170 -0.0000
vn -0.9175 0.1170 -0.3801
vn -0.9931 0.1170 -0.0000
vn 0.9175 0.1170 0.3801
vn -0.7022 0.1170 -0.7022
vn -0.7022 0.1170 -0.7023
vn 0.0003 1.0000 -0.0000
vn -0.0003 1.0000 -0.0000
vn -0.0000 1.0000 -0.0003
vn -1.0000 0.0001 -0.0000
vn 0.3687 -0.2678 0.8901
vn 0.5028 -0.2690 0.8215
vn 0.3658 -0.2942 0.8830
vn -0.2254 -0.2690 -0.9364
vn -0.3658 -0.2942 -0.8830
vn -0.2324 -0.2861 -0.9296
vn 0.2254 -0.2690 0.9364
vn 0.2324 -0.2861 0.9296
vn 0.8901 -0.2678 -0.3687
vn 0.8215 -0.2690 -0.5028
vn 0.8217 -0.2861 -0.4930
vn 0.8830 -0.2942 -0.3658
vn -0.8215 -0.2690 0.5028
vn -0.8830 -0.2942 0.3658
vn 0.9364 -0.2690 -0.2254
vn 0.9296 -0.2861 -0.2324
vn 0.8830 -0.2942 0.3657
vn 0.9296 -0.2861 0.2324
vn 0.5027 -0.2689 0.8215
vn 0.2155 -0.3213 -0.9221
vn 0.2240 -0.3042 -0.9259
vn 0.9182 -0.2826 0.2776
vn -0.9182 -0.2826 -0.2776
vn -0.9296 -0.2861 -0.2324
vn -0.9364 -0.2690 -0.2254
vn -0.2776 -0.2826 0.9182
vn -0.2155 -0.3213 0.9221
vn -0.2240 -0.3042 0.9259
vn -0.2324 -0.2861 0.9296
vn -0.4997 -0.3213 -0.8044
vn -0.3590 -0.3463 -0.8667
vn -0.3624 -0.3214 -0.8749
vn -0.4963 -0.3042 -0.8131
vn 0.3590 -0.3463 0.8667
vn 0.3624 -0.3214 0.8749
vn -0.2155 -0.3213 -0.9221
vn -0.2240 -0.3042 -0.9259
vn 0.2155 -0.3213 0.9221
vn 0.2240 -0.3043 0.9259
vn 0.8215 -0.2689 -0.5027
vn -0.8044 -0.3213 -0.4997
vn -0.8455 -0.2826 -0.4530
vn -0.8217 -0.2861 -0.4930
vn -0.8131 -0.3043 -0.4963
vn -0.8215 -0.2689 0.5027
vn 0.4997 -0.3213 -0.8044
vn 0.4530 -0.2826 -0.8455
vn 0.4930 -0.2861 -0.8217
vn 0.4963 -0.3042 -0.8131
vn -0.8830 -0.2942 -0.3657
vn -0.8749 -0.3213 -0.3624
vn -0.3687 -0.2678 0.8901
vn -0.2254 -0.2690 0.9364
vn -0.3657 -0.2942 0.8830
vn 0.5028 -0.2690 -0.8215
vn 0.3687 -0.2678 -0.8901
vn 0.3657 -0.2942 -0.8830
vn -0.5028 -0.2690 0.8215
vn -0.4930 -0.2861 0.8217
vn -0.2254 -0.2689 0.9364
vn 0.9182 -0.2826 -0.2776
vn 0.8044 -0.3213 0.4997
vn 0.8131 -0.3042 0.4963
vn 0.8455 -0.2826 -0.4530
vn 0.3590 -0.3463 -0.8667
vn 0.3624 -0.3214 -0.8749
vn -0.4530 -0.2826 -0.8455
vn -0.4930 -0.2861 -0.8217
vn 0.2776 -0.2826 0.9182
vn 0.9259 -0.3042 -0.2240
vn -0.2776 -0.2826 -0.9182
vn 0.2254 -0.2690 -0.9364
vn 0.8217 -0.2861 0.4930
vn -0.8131 -0.3042 -0.4963
vn 0.4929 -0.2861 -0.8217
vn -0.9259 -0.3042 0.2240
vn 0.2240 -0.3042 0.9259
vn 0.8455 -0.2826 0.4530
vn -0.4530 -0.2826 0.8455
vn -0.4929 -0.2861 0.8217
vn 0.8072 -0.3248 0.4929
vn 0.8154 -0.2588 0.5179
vn 0.8216 -0.2742 0.4998
vn 0.8108 -0.3096 0.4968
vn 0.3569 -0.3606 -0.8617
vn 0.4929 -0.3248 -0.8072
vn 0.4968 -0.3096 -0.8108
vn 0.3615 -0.3283 -0.8727
vn -0.8931 -0.2559 -0.3699
vn -0.9428 -0.2588 -0.2104
vn -0.9344 -0.2742 -0.2275
vn -0.8883 -0.2750 -0.3679
vn 0.5179 -0.2588 0.8154
vn 0.4929 -0.3248 0.8072
vn 0.4968 -0.3096 0.8107
vn 0.4998 -0.2742 0.8216
vn 0.8154 -0.2588 -0.5179
vn 0.8072 -0.3248 -0.4929
vn 0.8108 -0.3096 -0.4968
vn 0.8216 -0.2742 -0.4998
vn 0.9428 -0.2588 -0.2104
vn 0.8931 -0.2559 -0.3699
vn 0.8883 -0.2750 -0.3679
vn 0.9344 -0.2742 -0.2275
vn -0.8931 -0.2559 0.3699
vn -0.8154 -0.2588 0.5179
vn -0.8216 -0.2742 0.4998
vn -0.8883 -0.2750 0.3679
vn 0.5179 -0.2588 -0.8154
vn 0.4998 -0.2742 -0.8216
vn -0.2223 -0.3248 0.9193
vn -0.3569 -0.3606 0.8617
vn -0.3615 -0.3283 0.8727
vn -0.2220 -0.3096 0.9246
vn -0.8072 -0.3248 -0.4929
vn -0.8154 -0.2588 -0.5179
vn -0.8216 -0.2742 -0.4998
vn -0.8108 -0.3096 -0.4968
vn 0.2223 -0.3248 -0.9193
vn 0.2220 -0.3096 -0.9246
vn -0.5179 -0.2588 -0.8154
vn -0.4929 -0.3248 -0.8072
vn -0.4968 -0.3096 -0.8107
vn -0.4998 -0.2742 -0.8216
vn 0.3569 -0.3606 0.8617
vn 0.2223 -0.3248 0.9193
vn 0.2220 -0.3096 0.9246
vn 0.3615 -0.3283 0.8727
vn -0.5179 -0.2588 0.8154
vn -0.3699 -0.2559 0.8931
vn -0.3679 -0.2750 0.8883
vn -0.4998 -0.2742 0.8216
vn -0.3569 -0.3606 -0.8617
vn -0.2223 -0.3248 -0.9193
vn -0.2220 -0.3096 -0.9246
vn -0.3615 -0.3283 -0.8727
vn -0.3679 -0.2751 -0.8882
vn -0.4999 -0.2742 -0.8216
vn 0.3679 -0.2750 0.8883
vn 0.4999 -0.2742 0.8216
vn -0.2275 -0.2742 -0.9344
vn 0.2275 -0.2742 0.9344
vn 0.8882 -0.2751 -0.3679
vn 0.8216 -0.2742 -0.4999
vn 0.8107 -0.3096 -0.4968
vn 0.8727 -0.3283 -0.3615
vn -0.8882 -0.2751 0.3679
vn -0.8216 -0.2742 0.4999
vn -0.8107 -0.3096 0.4968
vn -0.8727 -0.3283 0.3615
vn 0.9246 -0.3096 -0.2220
vn -0.9344 -0.2742 0.2275
vn -0.9246 -0.3096 0.2220
vn -0.9428 -0.2588 0.2104
vn -0.8072 -0.3248 0.4929
vn -0.8108 -0.3096 0.4968
vn 0.8617 -0.3606 -0.3569
vn -0.8617 -0.3606 0.3569
vn -0.3699 -0.2559 -0.8931
vn -0.3679 -0.2750 -0.8883
vn 0.9193 -0.3248 -0.2223
vn -0.9193 -0.3248 0.2223
vn 0.3699 -0.2559 0.8931
vn -0.2104 -0.2588 -0.9428
vn 0.2104 -0.2588 0.9428
vn 0.8882 -0.2751 0.3679
vn 0.9344 -0.2742 0.2275
vn 0.9246 -0.3096 0.2220
vn 0.8727 -0.3283 0.3615
vn -0.8216 -0.2742 -0.4999
vn -0.8882 -0.2751 -0.3679
vn -0.8727 -0.3283 -0.3615
vn -0.8107 -0.3096 -0.4968
vn 0.8216 -0.2742 0.4999
vn 0.8107 -0.3096 0.4968
vn 0.3679 -0.2751 -0.8882
vn 0.2275 -0.2742 -0.9344
vn -0.2275 -0.2742 0.9344
vn 0.4999 -0.2742 -0.8216
vn 0.4968 -0.3096 -0.8107
vn -0.4999 -0.2742 0.8216
vn -0.4968 -0.3096 0.8107
vn -0.9246 -0.3096 -0.2220
vn -0.4929 -0.3248 0.8072
vn -0.4968 -0.3096 0.8108
vn 0.8931 -0.2559 0.3699
vn 0.9428 -0.2588 0.2104
vn 0.8883 -0.2750 0.3679
vn -0.9193 -0.3248 -0.2223
vn -0.8617 -0.3606 -0.3569
vn 0.9193 -0.3248 0.2223
vn 0.8617 -0.3606 0.3569
vn 0.2104 -0.2588 -0.9428
vn 0.3699 -0.2559 -0.8931
vn 0.3679 -0.2750 -0.8883
vn -0.2104 -0.2588 0.9428
vn 0.2800 -0.6815 0.6761
vn 0.5175 -0.6815 0.5175
vn 0.2801 -0.6815 0.6761
vn -0.2800 -0.6815 -0.6761
vn -0.5175 -0.6815 -0.5175
vn -0.2801 -0.6815 -0.6761
vn 0.6761 -0.6815 0.2800
vn -0.6761 -0.6815 -0.2800
vn 0.7318 -0.6815 -0.0000
vn -0.7318 -0.6815 -0.0000
vn -0.6761 -0.6815 0.2800
vn -0.6761 -0.6815 0.2801
vn 0.6761 -0.6815 -0.2800
vn 0.6761 -0.6815 -0.2801
vn -0.5175 -0.6815 0.5175
vn 0.5175 -0.6815 -0.5175
vn -0.2800 -0.6815 0.6761
vn 0.2800 -0.6815 -0.6761
vn -0.0000 -0.6815 0.7318
vn -0.0000 -0.6815 -0.7318
vn -0.6127 0.7484 -0.2538
vn -0.6632 0.7484 -0.0000
vn 0.6632 0.7484 -0.0000
vn 0.6127 0.7484 -0.2538
vn -0.6127 0.7484 0.2538
vn -0.4690 0.7484 0.4690
vn 0.4690 0.7484 -0.4690
vn -0.2538 0.7484 0.6127
vn 0.2538 0.7484 -0.6127
vn -0.0000 0.7484 0.6632
vn -0.0000 0.7484 -0.6632
vn 0.2538 0.7484 0.6127
vn -0.2538 0.7484 -0.6127
vn 0.4690 0.7484 0.4690
vn -0.4690 0.7484 -0.4690
vn 0.6127 0.7484 0.2538
vn -0.9979 0.0643 -0.0000
vn -0.9220 0.0643 0.3819
vn 0.9220 0.0643 0.3819
vn 0.9979 0.0643 -0.0000
vn -0.7056 0.0643 -0.7056
vn -0.9220 0.0643 -0.3819
vn 0.7056 0.0643 0.7056
vn -0.3819 0.0643 -0.9220
vn 0.3819 0.0643 0.9220
vn -0.0000 0.0643 -0.9979
vn -0.0000 0.0643 0.9979
vn 0.3819 0.0643 -0.9220
vn -0.3819 0.0643 0.9220
vn 0.7056 0.0643 -0.7056
vn -0.7056 0.0643 0.7056
vn 0.9220 0.0643 -0.3819
vn -0.6469 -0.7139 -0.2680
vn -0.7002 -0.7139 -0.0000
vn -0.4951 -0.7139 -0.4951
vn -0.2680 -0.7139 -0.6469
vn -0.0000 -0.7139 -0.7002
vn 0.2680 -0.7139 -0.6469
vn 0.4951 -0.7139 -0.4951
vn 0.6469 -0.7139 -0.2680
vn 0.7002 -0.7139 -0.0000
vn 0.6469 -0.7139 0.2680
vn 0.4951 -0.7139 0.4951
vn 0.2680 -0.7139 0.6469
vn -0.0000 -0.7139 0.7002
vn -0.2680 -0.7139 0.6469
vn -0.4951 -0.7139 0.4951
vn -0.6469 -0.7139 0.2680
vn 0.9879 -0.0136 -0.1542
vn 0.9880 -0.0041 -0.1546
vn 0.9872 -0.0184 -0.1581
vn 0.9889 -0.0229 -0.1466
vn 0.9901 -0.0064 -0.1404
vn 0.9885 -0.0090 -0.1509
vn 0.9954 -0.0343 -0.0894
vn 0.9993 -0.0093 -0.0349
vn 0.9935 -0.0353 0.1078
vn 0.9928 0.0083 0.1195
vn 0.9607 -0.0171 0.2772
vn 0.9644 0.0515 0.2594
vn 0.9263 0.0324 0.3755
vn 0.9354 0.1067 0.3371
vn 0.9345 0.0973 0.3424
vn 0.9365 0.1634 0.3102
vn 0.9500 0.1317 0.2832
vn 0.9450 0.1920 0.2646
vn 0.9731 0.1129 0.2009
vn 0.9574 0.1925 0.2155
vn 0.9577 0.1942 0.2125
vn 0.9711 0.1205 0.2059
vn 0.9345 0.2497 0.2536
vn 0.9353 0.2685 0.2305
vn 0.9850 0.0856 0.1500
vn 0.9700 0.1620 0.1811
vn 0.9455 0.2076 0.2509
vn 0.9985 0.0466 0.0292
vn 0.9901 0.1173 0.0769
vn 0.9740 0.1455 0.1736
vn 0.9960 0.0123 -0.0883
vn 0.9973 0.0648 -0.0332
vn 0.9946 0.0864 0.0571
vn 0.9873 -0.0070 -0.1588
vn 0.9934 0.0221 -0.1124
vn 0.9981 0.0347 -0.0506
vn 0.9911 0.0085 -0.1331
vn 0.9888 0.0016 -0.1493
vn 0.9885 0.0044 -0.1513
vn 0.9874 0.0039 -0.1583
vn -0.6241 0.2549 0.7386
vn -0.5615 0.4931 0.6645
vn -0.7730 0.4931 0.3991
vn -0.8592 0.2549 0.4436
vn -0.3305 0.8590 0.3911
vn -0.4550 0.8590 0.2349
vn -0.6399 0.1305 0.7573
vn -0.8810 0.1305 0.4548
vn -0.4615 0.6991 0.5462
vn -0.6354 0.6991 0.3280
vn -0.7125 0.6991 0.0599
vn -0.8669 0.4931 0.0729
vn -0.9636 0.2549 0.0810
vn -0.5102 0.8590 0.0429
vn -0.9880 0.1305 0.0830
vn -0.4878 0.8590 -0.1556
vn -0.9212 0.2549 -0.2939
vn -0.9445 0.1305 -0.3014
vn -0.6812 0.6991 -0.2173
vn -0.8288 0.4931 -0.2644
vn -0.6645 0.4931 -0.5615
vn -0.7386 0.2549 -0.6241
vn -0.3911 0.8590 -0.3305
vn -0.7573 0.1305 -0.6399
vn -0.5462 0.6991 -0.4615
vn -0.2349 0.8590 -0.4550
vn -0.3280 0.6991 -0.6354
vn -0.3991 0.4931 -0.7730
vn -0.4436 0.2549 -0.8592
vn -0.4548 0.1305 -0.8810
vn -0.0429 0.8590 -0.5102
vn -0.0810 0.2549 -0.9636
vn -0.0830 0.1305 -0.9880
vn -0.0599 0.6991 -0.7125
vn -0.0729 0.4931 -0.8669
vn 0.2173 0.6991 -0.6812
vn 0.2644 0.4931 -0.8288
vn 0.2939 0.2549 -0.9212
vn 0.1556 0.8590 -0.4878
vn 0.3014 0.1305 -0.9445
vn 0.3305 0.8590 -0.3911
vn 0.4615 0.6991 -0.5462
vn 0.5615 0.4931 -0.6645
vn 0.6241 0.2549 -0.7386
vn 0.6399 0.1305 -0.7573
vn 0.7730 0.4931 -0.3991
vn 0.8592 0.2549 -0.4436
vn 0.4550 0.8590 -0.2349
vn 0.8810 0.1305 -0.4548
vn 0.6354 0.6991 -0.3280
vn 0.7125 0.6991 -0.0599
vn 0.8669 0.4931 -0.0729
vn 0.9636 0.2549 -0.0810
vn 0.5102 0.8590 -0.0429
vn 0.9880 0.1305 -0.0830
vn 0.9212 0.2549 0.2939
vn 0.9445 0.1305 0.3014
vn 0.4878 0.8590 0.1556
vn 0.6812 0.6991 0.2173
vn 0.8288 0.4931 0.2644
vn 0.6645 0.4931 0.5615
vn 0.7387 0.2548 0.6241
vn 0.3911 0.8590 0.3304
vn 0.7573 0.1305 0.6399
vn 0.5462 0.6991 0.4615
vn 0.3280 0.6991 0.6354
vn 0.3991 0.4931 0.7730
vn 0.7386 0.2549 0.6241
vn 0.4436 0.2549 0.8592
vn 0.3911 0.8590 0.3305
vn 0.2349 0.8590 0.4550
vn 0.4548 0.1305 0.8810
vn 0.0810 0.2549 0.9636
vn 0.0830 0.1305 0.9880
vn 0.0429 0.8590 0.5102
vn 0.0599 0.6991 0.7125
vn 0.0729 0.4931 0.8669
vn -0.2644 0.4931 0.8288
vn -0.2939 0.2549 0.9212
vn -0.1556 0.8590 0.4878
vn -0.3014 0.1305 0.9445
vn -0.2174 0.6991 0.6812
vn -0.8952 -0.4452 0.0223
vn -0.9001 -0.3408 0.2713
vn -0.9890 -0.0897 0.1176
vn -0.9622 -0.2556 -0.0936
vn -0.8392 -0.5087 -0.1920
vn -0.8838 -0.3829 -0.2690
vn -0.8776 -0.2782 0.3905
vn -0.9750 -0.0026 0.2220
vn -0.9606 -0.0950 -0.2611
vn -0.8827 -0.2762 -0.3802
vn -0.9727 0.2309 -0.0215
vn -0.9869 0.1232 -0.1042
vn -0.8941 0.2655 -0.3606
vn -0.8906 0.0124 -0.4545
vn -0.8362 -0.2049 -0.5087
vn -0.8710 0.3870 -0.3027
vn -0.7514 -0.1798 -0.6349
vn -0.6853 0.4418 -0.5790
vn -0.7248 0.3154 -0.6125
vn -0.7629 0.0501 -0.6446
vn -0.5968 0.0124 -0.8023
vn -0.6411 -0.2049 -0.7396
vn -0.4438 0.3870 -0.8082
vn -0.5048 0.2655 -0.8214
vn -0.2675 0.1232 -0.9556
vn -0.4178 -0.0950 -0.9036
vn -0.5222 -0.2762 -0.8069
vn -0.1835 0.2309 -0.9555
vn -0.4127 -0.3829 -0.8265
vn 0.0561 -0.0027 -0.9984
vn -0.0491 -0.0897 -0.9948
vn -0.2529 -0.2556 -0.9331
vn -0.1274 -0.4452 -0.8863
vn -0.3294 -0.5087 -0.7954
vn 0.2386 -0.2782 -0.9304
vn 0.1172 -0.3408 -0.9328
vn 0.2061 -0.5920 -0.7792
vn -0.0604 -0.6347 -0.7704
vn -0.2848 -0.6346 -0.7184
vn 0.3360 -0.5537 -0.7619
vn -0.2859 -0.7413 -0.6072
vn 0.3337 -0.7873 -0.5185
vn 0.2040 -0.8049 -0.5573
vn -0.0620 -0.7954 -0.6030
vn -0.1320 -0.9027 -0.4095
vn -0.3324 -0.8126 -0.4787
vn 0.2319 -0.9434 -0.2372
vn 0.1112 -0.9471 -0.3009
vn -0.0581 -0.9971 -0.0491
vn -0.2597 -0.9404 -0.2195
vn -0.4172 -0.8376 -0.3525
vn 0.0463 -0.9982 0.0390
vn 0.3969 0.6223 0.6747
vn 0.4231 0.5318 0.7336
vn 0.6544 0.6917 0.3053
vn 0.5746 0.7390 0.3518
vn -0.4173 -0.8376 -0.3525
vn -0.5275 -0.8126 -0.2478
vn 0.0462 -0.9982 0.0391
vn -0.1952 -0.9434 0.2683
vn -0.2781 -0.9471 0.1599
vn 0.6500 0.2994 0.6985
vn 0.7334 0.2817 0.6187
vn 0.7343 0.2743 0.6210
vn -0.2597 -0.9404 -0.2194
vn -0.4258 -0.9027 -0.0617
vn 0.4998 0.7566 0.4216
vn 0.4400 0.7418 0.5061
vn 0.7956 0.3043 0.5238
vn 0.8268 0.3618 0.4306
vn -0.6048 -0.7954 0.0396
vn -0.6464 -0.7413 -0.1805
vn 0.4802 0.4373 0.7604
vn 0.4035 0.6954 0.5946
vn -0.4555 -0.7873 0.4156
vn -0.5154 -0.8049 0.2941
vn 0.5602 0.3547 0.7485
vn -0.6951 -0.5537 0.4585
vn -0.7338 -0.5920 0.3332
vn 0.7888 0.5335 0.3051
vn 0.7293 0.6203 0.2887
vn -0.7697 -0.6347 0.0691
vn 0.8237 0.4428 0.3542
vn -0.7559 -0.6346 -0.1609
vn -0.4400 0.2116 -0.8727
vn -0.3847 0.4120 -0.8260
vn -0.8877 0.0444 0.4583
vn -0.8808 0.0876 0.4653
vn -0.8808 0.0877 0.4653
vn 0.4561 -0.1066 0.8835
vn 0.4400 -0.2116 0.8727
vn 0.8877 -0.0444 -0.4583
vn 0.8808 -0.0877 -0.4653
vn -0.9473 0.1066 -0.3022
vn -0.9339 0.2116 -0.2881
vn -0.3037 -0.0444 0.9517
vn -0.3117 -0.0877 0.9461
vn 0.9473 -0.1066 0.3022
vn 0.9339 -0.2116 0.2881
vn 0.3037 0.0444 -0.9517
vn 0.3117 0.0876 -0.9461
vn -0.4561 0.1066 -0.8835
vn 0.8786 -0.4120 0.2414
vn 0.7897 -0.5905 0.1663
vn -0.8579 0.1706 0.4846
vn -0.8579 0.1707 0.4846
vn 0.3846 -0.4120 0.8260
vn 0.8579 -0.1707 -0.4846
vn 0.3346 0.1707 -0.9268
vn -0.8786 0.4120 -0.2414
vn -0.3346 -0.1707 0.9268
vn 0.3714 0.2446 -0.8957
vn 0.4202 0.3055 -0.8544
vn -0.2958 0.5905 -0.7509
vn -0.2957 0.5905 -0.7509
vn -0.8211 0.2446 0.5157
vn 0.2958 -0.5905 0.7509
vn 0.8211 -0.2446 -0.5158
vn -0.7898 0.5905 -0.1663
vn -0.3715 -0.2446 0.8957
vn 0.1780 -0.7375 0.6514
vn 0.1120 -0.7976 0.5927
vn -0.6720 0.7375 -0.0668
vn -0.6720 0.7376 -0.0668
vn -0.4202 -0.3055 0.8544
vn 0.6720 -0.7376 0.0667
vn 0.6720 -0.7376 0.0668
vn -0.1780 0.7375 -0.6514
vn -0.1780 0.7376 -0.6514
vn -0.7723 0.3055 0.5570
vn 0.7723 -0.3055 -0.5570
vn 0.7445 -0.3319 -0.5793
vn 0.4469 0.3319 -0.8307
vn -0.6031 0.7976 -0.0115
vn -0.4469 -0.3319 0.8307
vn 0.6031 -0.7976 0.0115
vn -0.1120 0.7976 -0.5927
vn -0.7445 0.3319 0.5793
vt 0.218140 0.027371
vt 0.218140 0.027371
vt 0.218140 0.027371
vt 0.218140 0.027371
vt 0.218140 0.027371
vt 0.218140 0.027371
vt 0.218140 0.027371
vt 0.218140 0.027371
vt 0.218140 0.027371
vt 0.218140 0.027371
vt 0.218140 0.027371
vt 0.218140 0.027371
vt 0.218140 0.027371
vt 0.218140 0.027371
vt 0.218140 0.027371
vt 0.218140 0.027371
vt 0.219333 0.029306
vt 0.219333 0.029305
vt 0.219332 0.029306
vt 0.219332 0.029305
vt 0.219332 0.029306
vt 0.219331 0.029305
vt 0.219331 0.029306
vt 0.219331 0.029305
vt 0.219330 0.029306
vt 0.219330 0.029305
vt 0.219330 0.029306
vt 0.219329 0.029305
vt 0.219329 0.029306
vt 0.219329 0.029305
vt 0.219328 0.029306
vt 0.219328 0.029305
vt 0.219328 0.029306
vt 0.219328 0.029305
vt 0.219327 0.029306
vt 0.219327 0.029305
vt 0.219327 0.029306
vt 0.219326 0.029305
vt 0.219326 0.029306
vt 0.219326 0.029305
vt 0.219325 0.029306
vt 0.219335 0.029306
vt 0.219335 0.029305
vt 0.219335 0.029306
vt 0.219334 0.029305
vt 0.219334 0.029306
vt 0.219334 0.029305
vt 0.219333 0.029306
vt 0.219333 0.029305
vt 0.157937 0.029717
vt 0.157937 0.029717
vt 0.157937 0.029717
vt 0.157937 0.029717
vt 0.157937 0.029717
vt 0.157937 0.029717
vt 0.157937 0.029717
vt 0.157937 0.029717
vt 0.157937 0.029717
vt 0.157937 0.029717
vt 0.157937 0.029717
vt 0.157937 0.029717
vt 0.157937 0.029717
vt 0.157937 0.029717
vt 0.157937 0.029717
vt 0.157937 0.029717
vt 0.157938 0.029717
vt 0.157938 0.029717
vt 0.157937 0.029717
vt 0.157937 0.029717
vt 0.157937 0.029717
vt 0.219328 0.029311
vt 0.219328 0.029311
vt 0.219327 0.029311
vt 0.219327 0.029311
vt 0.219333 0.029311
vt 0.219333 0.029311
vt 0.219329 0.029311
vt 0.219330 0.029311
vt 0.219325 0.029311
vt 0.219326 0.029311
vt 0.219332 0.029311
vt 0.219332 0.029311
vt 0.219330 0.029311
vt 0.219331 0.029311
vt 0.219335 0.029311
vt 0.219335 0.029311
vt 0.219334 0.029311
vt 0.345228 0.652787
vt 0.407695 0.653593
vt 0.407694 0.653593
vt 0.407694 0.653597
vt 0.407695 0.653597
vt 0.407696 0.653594
vt 0.407695 0.653593
vt 0.407693 0.653596
vt 0.407697 0.653594
vt 0.407693 0.653596
vt 0.407697 0.653595
vt 0.407693 0.653595
vt 0.407697 0.653596
vt 0.407693 0.653594
vt 0.407696 0.653596
vt 0.407693 0.653594
vt 0.407695 0.653597
vt 0.158393 0.028889
vt 0.158393 0.028889
vt 0.218140 0.027371
vt 0.218140 0.027371
vt 0.218140 0.027370
vt 0.218140 0.027370
vt 0.218140 0.027371
vt 0.218140 0.027370
vt 0.218140 0.027371
vt 0.218141 0.027371
vt 0.218140 0.027371
vt 0.218141 0.027371
vt 0.218140 0.027371
vt 0.218141 0.027371
vt 0.218140 0.027371
vt 0.218140 0.027372
vt 0.218140 0.027371
vt 0.218140 0.027372
vt 0.218140 0.027371
vt 0.218140 0.027372
vt 0.218140 0.027371
vt 0.218140 0.027372
vt 0.218140 0.027371
vt 0.218139 0.027372
vt 0.218140 0.027371
vt 0.218139 0.027371
vt 0.218140 0.027371
vt 0.218139 0.027371
vt 0.218140 0.027371
vt 0.218139 0.027371
vt 0.218140 0.027371
vt 0.218139 0.027370
vt 0.218140 0.027371
vt 0.218140 0.027370
vt 0.158393 0.028889
vt 0.158393 0.028889
vt 0.158393 0.028889
vt 0.407698 0.653589
vt 0.407698 0.653589
vt 0.407695 0.653588
vt 0.407694 0.653588
vt 0.407697 0.653589
vt 0.407693 0.653588
vt 0.407697 0.653589
vt 0.407702 0.653588
vt 0.407701 0.653588
vt 0.407693 0.653588
vt 0.407696 0.653589
vt 0.407701 0.653588
vt 0.407692 0.653588
vt 0.407695 0.653589
vt 0.407700 0.653588
vt 0.407695 0.653589
vt 0.407700 0.653588
vt 0.407694 0.653589
vt 0.407699 0.653588
vt 0.407693 0.653589
vt 0.407692 0.653589
vt 0.407693 0.653589
vt 0.407695 0.653588
vt 0.407696 0.653588
vt 0.407697 0.653588
vt 0.407697 0.653588
vt 0.407698 0.653588
vt 0.407698 0.653588
vt 0.407699 0.653589
vt 0.407700 0.653589
vt 0.407700 0.653589
vt 0.407701 0.653589
vt 0.407701 0.653589
vt 0.407702 0.653589
vt 0.218141 0.027373
vt 0.218141 0.027372
vt 0.218141 0.027372
vt 0.218142 0.027371
vt 0.218142 0.027370
vt 0.218141 0.027369
vt 0.218140 0.027369
vt 0.218139 0.027369
vt 0.218141 0.027369
vt 0.218138 0.027369
vt 0.218138 0.027370
vt 0.218138 0.027371
vt 0.218138 0.027372
vt 0.218138 0.027372
vt 0.218139 0.027373
vt 0.218140 0.027373
vt 0.845313 0.279892
vt 0.218733 0.030685
vt 0.218733 0.030685
vt 0.218733 0.030685
vt 0.218733 0.030685
vt 0.218733 0.030685
vt 0.218733 0.030685
vt 0.218733 0.030685
vt 0.218733 0.030685
vt 0.218732 0.030685
vt 0.218732 0.030685
vt 0.218732 0.030685
vt 0.218732 0.030685
vt 0.218732 0.030685
vt 0.218732 0.030685
vt 0.218732 0.030685
vt 0.218732 0.030685
vt 0.218732 0.030685
vt 0.218732 0.030685
vt 0.282771 0.027831
vt 0.282772 0.027831
vt 0.282772 0.027828
vt 0.282771 0.027828
vt 0.282772 0.027836
vt 0.282772 0.027838
vt 0.282772 0.027833
vt 0.282771 0.027838
vt 0.282771 0.027836
vt 0.282771 0.027833
vt 0.219333 0.029309
vt 0.219333 0.029308
vt 0.219332 0.029308
vt 0.219332 0.029309
vt 0.219333 0.029307
vt 0.219332 0.029307
vt 0.219333 0.029310
vt 0.219332 0.029310
vt 0.219333 0.029308
vt 0.219332 0.029308
vt 0.219332 0.029308
vt 0.219332 0.029308
vt 0.219332 0.029309
vt 0.219332 0.029307
vt 0.219332 0.029310
vt 0.219331 0.029307
vt 0.219331 0.029309
vt 0.219331 0.029310
vt 0.219331 0.029308
vt 0.219331 0.029308
vt 0.219330 0.029308
vt 0.219330 0.029309
vt 0.219330 0.029307
vt 0.219330 0.029310
vt 0.219330 0.029308
vt 0.219330 0.029307
vt 0.219330 0.029308
vt 0.219330 0.029308
vt 0.219330 0.029309
vt 0.219330 0.029310
vt 0.219329 0.029307
vt 0.219329 0.029309
vt 0.219329 0.029310
vt 0.219329 0.029308
vt 0.219329 0.029308
vt 0.219328 0.029308
vt 0.219328 0.029308
vt 0.219328 0.029309
vt 0.219328 0.029307
vt 0.219328 0.029310
vt 0.219328 0.029307
vt 0.219328 0.029308
vt 0.219328 0.029308
vt 0.219328 0.029309
vt 0.219328 0.029310
vt 0.219327 0.029308
vt 0.219327 0.029309
vt 0.219327 0.029307
vt 0.219327 0.029310
vt 0.219327 0.029308
vt 0.219327 0.029308
vt 0.219327 0.029308
vt 0.219327 0.029309
vt 0.219327 0.029307
vt 0.219327 0.029310
vt 0.219326 0.029309
vt 0.219326 0.029310
vt 0.219326 0.029307
vt 0.219326 0.029308
vt 0.219326 0.029308
vt 0.219325 0.029308
vt 0.219325 0.029309
vt 0.219325 0.029307
vt 0.219325 0.029310
vt 0.219325 0.029308
vt 0.219335 0.029308
vt 0.219335 0.029308
vt 0.219335 0.029308
vt 0.219335 0.029308
vt 0.219335 0.029309
vt 0.219335 0.029309
vt 0.219335 0.029307
vt 0.219335 0.029307
vt 0.219335 0.029310
vt 0.219335 0.029310
vt 0.219334 0.029309
vt 0.219334 0.029310
vt 0.219334 0.029307
vt 0.219334 0.029308
vt 0.219334 0.029308
vt 0.219333 0.029308
vt 0.219333 0.029309
vt 0.219333 0.029307
vt 0.219333 0.029310
vt 0.219333 0.029308
vt 0.157937 0.029717
vt 0.157937 0.029717
vt 0.157937 0.029717
vt 0.157937 0.029717
vt 0.157937 0.029717
vt 0.157937 0.029717
vt 0.157937 0.029717
vt 0.157937 0.029717
vt 0.157937 0.029717
vt 0.157937 0.029717
vt 0.157937 0.029717
vt 0.157937 0.029717
vt 0.157937 0.029717
vt 0.157937 0.029717
vt 0.157937 0.029717
vt 0.157937 0.029717
vt 0.157937 0.029717
vt 0.157937 0.029717
vt 0.157937 0.029717
vt 0.157937 0.029717
vt 0.157937 0.029717
vt 0.157937 0.029717
vt 0.157937 0.029717
vt 0.157937 0.029717
vt 0.157937 0.029717
vt 0.157937 0.029717
vt 0.157937 0.029717
vt 0.157937 0.029717
vt 0.157937 0.029717
vt 0.157937 0.029717
vt 0.157937 0.029717
vt 0.157937 0.029717
vt 0.157937 0.029717
vt 0.157937 0.029717
vt 0.157937 0.029717
vt 0.157937 0.029717
vt 0.157937 0.029717
vt 0.157937 0.029717
vt 0.157937 0.029717
vt 0.157937 0.029717
vt 0.157937 0.029717
vt 0.157937 0.029717
vt 0.157937 0.029717
vt 0.157937 0.029717
vt 0.157937 0.029717
vt 0.157937 0.029717
vt 0.157937 0.029717
vt 0.157937 0.029717
vt 0.157937 0.029717
vt 0.157937 0.029717
vt 0.157937 0.029717
vt 0.157937 0.029717
vt 0.157937 0.029717
vt 0.157937 0.029717
vt 0.157938 0.029717
vt 0.157937 0.029717
vt 0.157938 0.029717
vt 0.157938 0.029717
vt 0.157937 0.029717
vt 0.157938 0.029717
vt 0.157937 0.029717
vt 0.157937 0.029717
vt 0.157937 0.029717
vt 0.157937 0.029717
vt 0.157937 0.029717
vt 0.157937 0.029717
vt 0.157937 0.029717
vt 0.157937 0.029717
vt 0.157937 0.029717
vt 0.158394 0.028889
vt 0.158393 0.028889
vt 0.158394 0.028889
vt 0.158394 0.028889
vt 0.158393 0.028889
vt 0.158394 0.028889
vt 0.158393 0.028889
vt 0.158394 0.028889
vt 0.158393 0.028889
vt 0.158394 0.028889
vt 0.158393 0.028889
vt 0.158394 0.028889
vt 0.158393 0.028889
vt 0.158394 0.028889
vt 0.158393 0.028889
vt 0.158394 0.028889
vt 0.218732 0.030685
vt 0.218732 0.030686
vt 0.218732 0.030686
vt 0.218732 0.030686
vt 0.218732 0.030686
vt 0.218732 0.030686
vt 0.218733 0.030685
vt 0.218733 0.030686
vt 0.218733 0.030686
vt 0.218733 0.030686
s 1
usemtl AIRPORT
f 1/1/1 2/2/2 3/1/3
f 4/3/4 5/4/5 3/1/3
f 6/5/6 1/1/1 3/1/3
f 7/6/7 4/3/4 3/1/3
f 8/7/8 9/8/9 3/1/3
f 9/8/9 6/5/6 3/1/3
f 10/9/10 7/6/7 3/1/3
f 11/10/11 8/7/8 3/1/3
f 12/11/12 10/9/10 3/1/3
f 13/12/13 11/10/11 3/1/3
f 14/13/14 12/11/12 3/1/3
f 15/14/15 13/12/13 3/1/3
f 16/15/16 14/13/14 3/1/3
f 17/16/17 15/14/15 3/1/3
f 2/2/2 16/15/16 3/1/3
f 5/4/5 17/16/17 3/1/3
f 18/17/18 19/18/19 20/19/20
f 20/19/20 21/20/19 22/21/21
f 22/21/21 23/22/19 24/23/22
f 24/23/22 25/24/23 26/25/24
f 26/25/24 27/26/25 28/27/26
f 28/27/26 29/28/19 30/29/27
f 30/29/27 31/30/19 32/31/28
f 32/31/28 33/32/19 34/33/29
f 34/33/29 35/34/30 36/35/31
f 36/35/31 37/36/19 38/37/32
f 38/37/32 39/38/19 40/39/33
f 40/39/33 41/40/19 42/41/34
f 43/42/34 44/43/19 45/44/35
f 45/44/35 46/45/19 47/46/36
f 47/46/36 48/47/19 49/48/37
f 49/48/37 50/49/19 18/17/18
f 51/50/38 52/51/39 53/52/40
f 51/50/38 53/52/40 54/53/41
f 51/50/38 54/53/41 55/54/42
f 51/50/38 55/54/42 56/55/43
f 57/56/44 56/55/43 58/57/45
f 57/56/44 58/57/45 59/58/46
f 57/56/44 59/58/46 60/59/47
f 61/60/44 60/59/47 62/61/48
f 61/60/44 62/61/48 63/62/49
f 61/60/44 63/62/49 64/63/50
f 61/60/44 64/63/50 65/64/51
f 61/60/44 65/64/51 66/65/52
f 67/66/44 68/67/52 69/68/53
f 51/50/38 69/68/53 70/69/54
f 51/50/38 70/69/54 71/70/55
f 51/50/38 71/70/55 52/51/39
f 72/71/56 73/72/57 74/71/58
f 75/73/59 76/74/60 77/73/61
f 78/75/62 79/76/63 80/75/61
f 81/77/64 82/78/65 83/77/58
f 84/79/66 85/80/67 86/79/61
f 87/81/68 88/82/69 89/81/58
f 88/82/69 78/75/62 90/82/61
f 91/83/70 92/84/71 93/83/58
f 76/74/60 72/71/56 94/74/61
f 95/85/72 96/86/66 97/85/61
f 85/80/67 75/73/73 98/80/74
f 99/87/75 95/85/72 100/87/61
f 79/76/63 99/87/76 101/76/61
f 82/78/77 91/83/78 102/78/58
f 92/84/71 87/81/79 103/84/58
f 73/72/57 81/77/64 104/72/58
f 105/88/80 106/88/80 107/88/81
f 105/88/80 107/88/81 108/88/81
f 108/88/81 107/88/81 109/88/82
f 108/88/81 109/88/82 110/88/82
f 110/88/82 109/88/82 111/88/83
f 110/88/82 111/88/83 112/88/83
f 112/88/83 111/88/83 113/88/84
f 112/88/83 113/88/84 114/88/84
f 114/88/84 113/88/84 115/88/85
f 114/88/84 115/88/85 116/88/85
f 116/88/85 115/88/85 117/88/86
f 116/88/85 117/88/86 118/88/86
f 118/88/86 117/88/86 119/88/87
f 118/88/86 119/88/87 120/88/87
f 120/88/87 119/88/87 121/88/88
f 120/88/87 121/88/88 122/88/88
f 122/88/88 121/88/88 123/88/89
f 122/88/88 123/88/89 124/88/89
f 124/88/89 123/88/89 125/88/90
f 124/88/89 125/88/90 126/88/90
f 126/88/90 125/88/90 127/88/91
f 126/88/90 127/88/91 128/88/91
f 128/88/91 127/88/91 129/88/92
f 128/88/91 129/88/92 130/88/92
f 130/88/92 129/88/92 131/88/93
f 130/88/92 131/88/93 132/88/93
f 132/88/93 131/88/93 133/88/94
f 132/88/93 133/88/94 134/88/94
f 135/89/95 136/90/96 137/90/96
f 135/89/95 137/90/96 138/89/95
f 134/88/94 133/88/94 139/88/97
f 134/88/94 139/88/97 140/88/97
f 140/88/97 139/88/97 106/88/80
f 140/88/97 106/88/80 105/88/80
s 0
f 141/88/19 142/88/19 143/88/19
f 141/88/19 143/88/19 144/88/19
f 142/88/19 145/88/19 146/88/19
f 142/88/19 146/88/19 143/88/19
f 145/88/19 147/88/19 148/88/19
f 145/88/19 148/88/19 146/88/19
f 147/88/19 149/88/19 150/88/19
f 147/88/19 150/88/19 148/88/19
f 149/88/19 151/88/19 152/88/19
f 149/88/19 152/88/19 150/88/19
f 151/88/19 153/88/19 154/88/19
f 151/88/19 154/88/19 152/88/19
f 153/88/19 155/88/19 156/88/19
f 153/88/19 156/88/19 154/88/19
f 155/88/19 157/88/19 158/88/19
f 155/88/19 158/88/19 156/88/19
f 157/88/19 159/88/19 160/88/19
f 157/88/19 160/88/19 158/88/19
f 159/88/19 161/88/19 162/88/19
f 159/88/19 162/88/19 160/88/19
f 161/88/19 163/88/19 164/88/19
f 161/88/19 164/88/19 162/88/19
f 163/88/19 165/88/19 166/88/19
f 163/88/19 166/88/19 164/88/19
f 165/88/19 167/88/19 168/88/19
f 165/88/19 168/88/19 166/88/19
f 167/88/19 169/88/19 170/88/19
f 167/88/19 170/88/19 168/88/19
f 169/88/19 171/88/19 172/88/19
f 169/88/19 172/88/19 170/88/19
f 171/88/19 141/88/19 144/88/19
f 171/88/19 144/88/19 172/88/19
s 1
f 173/88/97 174/88/94 175/88/94
f 173/88/97 175/88/94 176/88/97
f 177/91/98 178/92/99 179/92/99
f 177/91/98 179/92/99 180/91/98
f 181/93/100 182/94/101 183/94/101
f 181/93/100 183/94/101 184/93/100
f 185/95/102 177/91/98 180/91/98
f 185/95/102 180/91/98 186/95/102
f 187/96/103 181/93/100 184/93/100
f 187/96/103 184/93/100 188/96/103
f 189/97/104 185/95/102 186/95/102
f 189/97/104 186/95/102 190/97/104
f 191/98/105 187/96/103 188/96/103
f 191/98/105 188/96/103 192/98/105
f 193/99/106 189/97/104 190/97/104
f 193/99/106 190/97/104 194/99/106
f 195/100/107 191/98/105 192/98/105
f 195/100/107 192/98/105 196/100/107
f 197/101/108 193/99/106 194/99/106
f 197/101/108 194/99/106 198/101/108
f 199/102/109 195/100/107 196/100/107
f 199/102/109 196/100/107 200/102/109
f 201/103/110 197/101/108 198/101/108
f 201/103/110 198/101/108 202/103/110
f 203/104/111 199/102/109 200/102/109
f 203/104/111 200/102/109 204/104/111
f 136/90/96 201/103/110 202/103/110
f 136/90/96 202/103/110 137/90/96
f 178/92/99 203/104/111 204/104/111
f 178/92/99 204/104/111 179/92/99
f 182/94/101 135/89/95 138/89/95
f 182/94/101 138/89/95 183/94/101
f 205/88/84 206/88/83 207/88/112
f 205/88/84 207/88/112 208/88/113
f 209/88/88 210/88/87 211/88/87
f 209/88/88 211/88/87 212/88/88
f 213/88/89 209/88/88 212/88/88
f 213/88/89 212/88/88 214/88/89
f 215/88/80 173/88/97 176/88/97
f 215/88/80 176/88/97 216/88/80
f 217/88/82 218/88/81 219/88/81
f 217/88/82 219/88/81 220/88/82
f 221/88/90 213/88/89 214/88/89
f 221/88/90 214/88/89 222/88/90
f 223/88/83 217/88/82 220/88/82
f 223/88/83 220/88/82 224/88/83
f 225/88/91 221/88/90 222/88/90
f 225/88/91 222/88/90 226/88/91
f 227/88/84 223/88/83 224/88/83
f 227/88/84 224/88/83 228/88/84
f 229/88/92 225/88/91 226/88/91
f 229/88/92 226/88/91 230/88/92
f 231/88/85 227/88/84 228/88/84
f 231/88/85 228/88/84 232/88/85
f 233/88/93 229/88/92 230/88/92
f 233/88/93 230/88/92 234/88/93
f 235/88/86 231/88/85 232/88/85
f 235/88/86 232/88/85 236/88/86
f 174/88/94 233/88/93 234/88/93
f 174/88/94 234/88/93 175/88/94
f 210/88/87 235/88/86 236/88/86
f 210/88/87 236/88/86 211/88/87
f 237/88/114 238/88/115 239/88/116
f 237/88/114 239/88/116 240/88/117
f 241/88/92 242/88/91 243/88/118
f 241/88/92 243/88/118 244/88/119
f 245/88/85 205/88/84 208/88/113
f 245/88/85 208/88/113 246/88/120
f 247/88/93 241/88/92 244/88/119
f 247/88/93 244/88/119 248/88/121
f 249/88/86 245/88/85 246/88/120
f 249/88/86 246/88/120 250/88/122
f 251/88/94 247/88/93 248/88/121
f 251/88/94 248/88/121 252/88/123
f 253/88/87 249/88/86 250/88/122
f 253/88/87 250/88/122 254/88/124
f 255/88/97 251/88/94 252/88/123
f 255/88/97 252/88/123 256/88/125
f 257/88/88 253/88/87 254/88/124
f 257/88/88 254/88/124 258/88/126
f 259/88/81 260/88/80 261/88/127
f 259/88/81 261/88/127 262/88/128
f 260/88/80 255/88/97 256/88/125
f 260/88/80 256/88/125 261/88/127
f 263/88/89 257/88/88 258/88/126
f 263/88/89 258/88/126 264/88/129
f 265/88/82 259/88/81 262/88/128
f 265/88/82 262/88/128 266/88/130
f 267/88/90 263/88/89 264/88/129
f 267/88/90 264/88/129 268/88/131
f 206/88/83 265/88/82 266/88/130
f 206/88/83 266/88/130 207/88/112
f 242/88/91 267/88/90 268/88/131
f 242/88/91 268/88/131 243/88/118
s 0
f 269/88/132 270/88/132 271/88/132
f 269/88/132 271/88/132 272/88/132
s 1
f 273/88/133 274/88/134 275/88/135
f 273/88/133 275/88/135 276/88/136
f 268/88/131 264/88/129 277/88/137
f 268/88/131 277/88/137 278/88/138
f 279/88/139 280/88/140 281/88/141
f 279/88/139 281/88/141 282/88/142
f 283/88/143 284/88/144 285/88/145
f 283/88/143 285/88/145 286/88/146
f 207/88/112 266/88/130 287/88/147
f 207/88/112 287/88/147 288/88/148
f 289/88/149 279/88/139 282/88/142
f 289/88/149 282/88/142 290/88/150
f 266/88/130 262/88/128 291/88/151
f 266/88/130 291/88/151 292/88/152
f 293/88/153 289/88/149 290/88/150
f 293/88/153 290/88/150 294/88/154
f 264/88/129 258/88/126 295/88/155
f 264/88/129 295/88/155 277/88/137
f 296/88/156 297/88/157 298/88/158
f 296/88/156 298/88/158 299/88/159
f 300/88/160 283/88/143 286/88/146
f 300/88/160 286/88/146 301/88/161
f 280/88/140 302/88/162 303/88/163
f 280/88/140 303/88/163 281/88/141
f 261/88/127 256/88/125 304/88/164
f 261/88/127 304/88/164 305/88/165
f 306/88/166 307/88/167 308/88/168
f 306/88/166 308/88/168 309/88/169
f 208/88/113 310/88/170 311/88/171
f 208/88/113 311/88/171 312/88/172
f 313/88/84 314/88/83 315/88/83
f 313/88/84 315/88/83 316/88/84
s 0
f 317/88/132 318/88/132 319/88/132
f 317/88/132 319/88/132 320/88/132
f 321/88/132 269/88/132 272/88/132
f 321/88/132 272/88/132 322/88/132
f 323/88/132 317/88/132 320/88/132
f 323/88/132 320/88/132 324/88/132
f 325/88/132 326/88/132 327/88/132
f 325/88/132 327/88/132 328/88/132
f 326/88/132 321/88/132 322/88/132
f 326/88/132 322/88/132 327/88/132
f 329/88/132 323/88/132 324/88/132
f 329/88/132 324/88/132 330/88/132
f 331/88/132 325/88/132 328/88/132
f 331/88/132 328/88/132 332/88/132
f 333/88/132 329/88/132 330/88/132
f 333/88/132 330/88/132 334/88/132
f 335/88/132 331/88/132 332/88/132
f 335/88/132 332/88/132 336/88/132
f 337/88/132 333/88/132 334/88/132
f 337/88/132 334/88/132 338/88/132
f 339/88/132 335/88/132 336/88/132
f 339/88/132 336/88/132 340/88/132
f 341/88/132 337/88/132 338/88/132
f 341/88/132 338/88/132 342/88/132
f 343/88/132 339/88/132 340/88/132
f 343/88/132 340/88/132 344/88/132
f 270/88/132 341/88/132 342/88/132
f 270/88/132 342/88/132 271/88/132
f 318/88/132 343/88/132 344/88/132
f 318/88/132 344/88/132 319/88/132
s 1
f 345/88/92 346/88/91 347/88/91
f 345/88/92 347/88/91 348/88/92
f 349/88/85 313/88/84 316/88/84
f 349/88/85 316/88/84 350/88/85
f 351/88/93 345/88/92 348/88/92
f 351/88/93 348/88/92 352/88/93
f 353/88/86 349/88/85 350/88/85
f 353/88/86 350/88/85 354/88/86
f 355/88/94 351/88/93 352/88/93
f 355/88/94 352/88/93 356/88/94
f 357/88/87 353/88/86 354/88/86
f 357/88/87 354/88/86 358/88/87
f 359/88/97 355/88/94 356/88/94
f 359/88/97 356/88/94 360/88/97
f 361/88/88 357/88/87 358/88/87
f 361/88/88 358/88/87 362/88/88
f 363/88/81 364/88/80 365/88/80
f 363/88/81 365/88/80 366/88/81
f 364/88/80 359/88/97 360/88/97
f 364/88/80 360/88/97 365/88/80
f 367/88/89 361/88/88 362/88/88
f 367/88/89 362/88/88 368/88/89
f 369/88/82 363/88/81 366/88/81
f 369/88/82 366/88/81 370/88/82
f 371/88/90 367/88/89 368/88/89
f 371/88/90 368/88/89 372/88/90
f 314/88/83 369/88/82 370/88/82
f 314/88/83 370/88/82 315/88/83
f 346/88/91 371/88/90 372/88/90
f 346/88/91 372/88/90 347/88/91
f 373/88/94 374/88/93 375/88/93
f 373/88/94 375/88/93 376/88/94
f 377/105/173 378/106/174 379/106/175
f 377/105/173 379/106/175 380/105/173
f 381/88/87 382/88/86 383/88/86
f 381/88/87 383/88/86 384/88/87
f 385/88/97 373/88/94 376/88/94
f 385/88/97 376/88/94 386/88/97
f 387/88/88 381/88/87 384/88/87
f 387/88/88 384/88/87 388/88/88
f 389/88/81 390/88/80 391/88/80
f 389/88/81 391/88/80 392/88/81
f 390/88/80 385/88/97 386/88/97
f 390/88/80 386/88/97 391/88/80
f 393/88/89 387/88/88 388/88/88
f 393/88/89 388/88/88 394/88/89
f 395/88/82 389/88/81 392/88/81
f 395/88/82 392/88/81 396/88/82
f 397/88/90 393/88/89 394/88/89
f 397/88/90 394/88/89 398/88/90
f 399/88/83 395/88/82 396/88/82
f 399/88/83 396/88/82 400/88/83
f 401/88/91 397/88/90 398/88/90
f 401/88/91 398/88/90 402/88/91
f 403/88/84 399/88/83 400/88/83
f 403/88/84 400/88/83 404/88/84
f 405/88/92 401/88/91 402/88/91
f 405/88/92 402/88/91 406/88/92
f 407/88/85 403/88/84 404/88/84
f 407/88/85 404/88/84 408/88/85
f 374/88/93 405/88/92 406/88/92
f 374/88/93 406/88/92 375/88/93
f 382/88/86 407/88/85 408/88/85
f 382/88/86 408/88/85 383/88/86
s 0
f 409/107/19 410/108/19 411/109/19
f 409/107/19 411/109/19 412/110/19
f 410/108/19 413/111/19 414/112/19
f 410/108/19 414/112/19 411/109/19
f 413/111/19 415/113/19 416/114/19
f 413/111/19 416/114/19 414/112/19
f 415/113/19 417/115/19 418/116/19
f 415/113/19 418/116/19 416/114/19
f 417/115/19 419/117/19 420/118/19
f 417/115/19 420/118/19 418/116/19
f 419/117/19 421/119/19 422/120/19
f 419/117/19 422/120/19 420/118/19
f 421/119/19 423/121/19 424/122/19
f 421/119/19 424/122/19 422/120/19
f 423/121/19 425/123/19 426/124/19
f 423/121/19 426/124/19 424/122/19
f 425/123/19 427/125/19 428/126/19
f 425/123/19 428/126/19 426/124/19
f 427/125/19 429/127/19 430/128/19
f 427/125/19 430/128/19 428/126/19
f 429/127/19 431/129/19 432/130/19
f 429/127/19 432/130/19 430/128/19
f 431/129/19 433/131/19 434/132/19
f 431/129/19 434/132/19 432/130/19
f 433/131/19 435/133/19 436/134/19
f 433/131/19 436/134/19 434/132/19
f 435/133/19 437/135/19 438/136/19
f 435/133/19 438/136/19 436/134/19
f 437/135/19 439/137/19 440/138/19
f 437/135/19 440/138/19 438/136/19
f 439/137/19 409/107/19 412/110/19
f 439/137/19 412/110/19 440/138/19
s 1
f 441/139/176 442/139/177 443/139/177
f 441/139/176 443/139/177 444/139/176
f 445/140/178 377/105/173 380/105/173
f 445/140/178 380/105/173 446/140/178
f 447/139/179 441/139/176 444/139/176
f 447/139/179 444/139/176 448/139/179
f 449/105/180 445/140/178 446/140/178
f 449/105/180 446/140/178 450/105/180
f 451/141/181 447/139/179 448/139/179
f 451/141/181 448/139/179 452/141/182
f 453/139/183 449/105/180 450/105/180
f 453/139/183 450/105/180 454/139/184
f 455/141/185 451/141/181 452/141/182
f 455/141/185 452/141/182 456/141/185
f 457/105/186 453/139/183 454/139/184
f 457/105/186 454/139/184 458/105/186
f 459/141/187 455/141/185 456/141/185
f 459/141/187 456/141/185 460/141/187
f 461/139/188 462/139/189 463/139/189
f 461/139/188 463/139/189 464/139/188
f 462/139/189 457/105/186 458/105/186
f 462/139/189 458/105/186 463/139/189
f 465/106/190 459/141/187 460/141/187
f 465/106/190 460/141/187 466/106/190
f 467/139/191 461/139/188 464/139/188
f 467/139/191 464/139/188 468/139/192
f 378/106/174 465/106/190 466/106/190
f 378/106/174 466/106/190 379/106/175
f 442/139/177 467/139/191 468/139/192
f 442/139/177 468/139/192 443/139/177
f 469/139/19 470/105/19 471/139/19
s 0
f 469/139/19 471/139/19 472/139/19
s 1
f 470/105/19 473/140/19 474/139/23
s 0
f 470/105/19 474/139/19 471/139/19
s 1
f 473/140/19 475/105/19 476/139/19
s 0
f 473/140/19 476/139/19 474/139/19
s 1
f 475/105/19 477/140/19 478/139/19
s 0
f 475/105/19 478/139/19 476/139/19
s 1
f 477/140/19 479/139/19 480/139/19
s 0
f 477/140/19 480/139/19 478/139/19
s 1
f 479/139/25 481/105/19 482/141/19
s 0
f 479/139/19 482/141/19 480/139/19
s 1
f 481/105/25 483/140/19 484/141/19
s 0
f 481/105/19 484/141/19 482/141/19
s 1
f 483/140/19 485/139/19 486/141/19
s 0
f 483/140/19 486/141/19 484/141/19
s 1
f 485/139/19 487/139/23 488/106/19
s 0
f 485/139/19 488/106/19 486/141/19
s 1
f 487/139/19 489/139/19 490/106/25
s 0
f 487/139/19 490/106/19 488/106/19
s 1
f 489/139/19 491/139/19 492/105/19
s 0
f 489/139/19 492/105/19 490/106/19
s 1
f 491/139/19 493/139/19 494/140/19
s 0
f 491/139/19 494/140/19 492/105/19
s 1
f 493/139/19 495/139/19 496/105/19
s 0
f 493/139/19 496/105/19 494/140/19
s 1
f 495/139/193 497/139/194 498/139/194
s 0
f 495/139/19 498/139/19 496/105/19
s 1
f 497/139/19 499/139/19 500/105/19
s 0
f 497/139/19 500/105/19 498/139/19
s 1
f 499/139/195 469/139/195 472/139/195
s 0
f 499/139/19 472/139/19 500/105/19
s 1
f 501/88/97 502/88/97 503/88/80
f 501/88/97 503/88/80 504/88/80
f 505/88/94 506/88/94 502/88/97
f 505/88/94 502/88/97 501/88/97
f 507/88/93 508/88/93 506/88/94
f 507/88/93 506/88/94 505/88/94
f 509/88/92 510/88/92 508/88/93
f 509/88/92 508/88/93 507/88/93
f 511/88/91 512/88/91 510/88/92
f 511/88/91 510/88/92 509/88/92
f 513/88/90 514/88/90 512/88/91
f 513/88/90 512/88/91 511/88/91
f 515/88/89 516/88/89 514/88/90
f 515/88/89 514/88/90 513/88/90
f 517/88/88 518/88/88 516/88/89
f 517/88/88 516/88/89 515/88/89
f 519/88/87 520/88/87 518/88/88
f 519/88/87 518/88/88 517/88/88
f 521/88/86 522/88/86 520/88/87
f 521/88/86 520/88/87 519/88/87
f 523/88/85 524/88/85 522/88/86
f 523/88/85 522/88/86 521/88/86
f 525/88/84 526/88/84 524/88/85
f 525/88/84 524/88/85 523/88/85
f 527/88/83 528/88/83 526/88/84
f 527/88/83 526/88/84 525/88/84
f 529/88/82 530/88/82 528/88/83
f 529/88/82 528/88/83 527/88/83
f 531/88/81 532/88/81 530/88/82
f 531/88/81 530/88/82 529/88/82
f 504/88/80 503/88/80 532/88/81
f 504/88/80 532/88/81 531/88/81
s 0
f 533/142/132 534/143/132 535/143/132
f 533/142/132 535/143/132 536/142/132
f 537/144/19 538/145/19 539/145/19
f 537/144/19 539/145/19 540/144/19
f 541/146/132 533/142/132 536/142/132
f 541/146/132 536/142/132 542/146/132
f 538/145/19 543/147/19 544/147/19
f 538/145/19 544/147/19 539/145/19
f 545/148/132 541/146/132 542/146/132
f 545/148/132 542/146/132 546/148/132
f 547/149/19 548/150/19 549/150/19
f 547/149/19 549/150/19 550/149/19
f 543/147/19 551/151/19 552/151/19
f 543/147/19 552/151/19 544/147/19
f 553/152/132 545/148/132 546/148/132
f 553/152/132 546/148/132 554/152/132
f 548/150/19 555/153/19 556/153/19
f 548/150/19 556/153/19 549/150/19
f 551/151/19 557/154/19 558/154/19
f 551/151/19 558/154/19 552/151/19
f 559/155/132 553/152/132 554/152/132
f 559/155/132 554/152/132 560/155/132
f 555/153/19 561/156/19 562/156/19
f 555/153/19 562/156/19 556/153/19
f 563/157/132 559/155/132 560/155/132
f 563/157/132 560/155/132 564/157/132
f 561/156/19 565/158/19 566/158/19
f 561/156/19 566/158/19 562/156/19
f 567/159/132 563/157/132 564/157/132
f 567/159/132 564/157/132 568/159/132
f 565/158/19 569/160/19 570/160/19
f 565/158/19 570/160/19 566/158/19
s 1
f 571/161/97 572/151/97 573/154/80
f 571/161/97 573/154/80 574/162/196
f 575/163/94 576/147/94 572/151/97
f 575/163/94 572/151/97 571/161/97
f 577/159/93 578/145/93 576/147/94
f 577/159/93 576/147/94 575/163/94
f 579/157/92 580/144/92 578/145/93
f 579/157/92 578/145/93 577/159/93
f 581/155/91 582/164/91 580/144/92
f 581/155/91 580/144/92 579/157/92
f 583/152/90 584/165/90 582/164/91
f 583/152/90 582/164/91 581/155/91
f 585/148/89 586/166/89 584/165/90
f 585/148/89 584/165/90 583/152/90
f 587/146/88 588/167/88 586/166/89
f 587/146/88 586/166/89 585/148/89
f 589/142/87 590/168/87 588/167/88
f 589/142/87 588/167/88 587/146/88
f 591/143/86 592/169/86 590/168/87
f 591/143/86 590/168/87 589/142/87
f 593/170/85 594/160/85 592/169/86
f 593/170/85 592/169/86 591/143/86
f 595/171/84 596/158/84 594/160/85
f 595/171/84 594/160/85 593/170/85
f 597/172/83 598/156/83 596/158/84
f 597/172/83 596/158/84 595/171/84
f 599/173/82 600/153/82 598/156/83
f 599/173/82 598/156/83 597/172/83
f 601/174/81 602/150/81 600/153/82
f 601/174/81 600/153/82 599/173/82
f 603/175/80 604/149/80 602/150/81
f 603/175/80 602/150/81 601/174/81
s 0
f 605/164/19 537/144/19 540/144/19
f 605/164/19 540/144/19 606/164/19
f 534/143/132 607/170/132 608/170/132
f 534/143/132 608/170/132 535/143/132
f 609/165/19 605/164/19 606/164/19
f 609/165/19 606/164/19 610/165/19
f 607/170/132 611/171/132 612/171/132
f 607/170/132 612/171/132 608/170/132
f 613/166/19 609/165/19 610/165/19
f 613/166/19 610/165/19 614/166/19
f 611/171/132 615/172/132 616/172/132
f 611/171/132 616/172/132 612/171/132
f 617/167/19 613/166/19 614/166/19
f 617/167/19 614/166/19 618/167/19
f 615/172/132 619/173/132 620/173/132
f 615/172/132 620/173/132 616/172/132
f 621/168/19 617/167/19 618/167/19
f 621/168/19 618/167/19 622/168/19
f 623/162/132 624/161/132 625/161/132
f 623/162/132 625/161/132 626/162/132
f 619/173/132 627/174/132 628/174/132
f 619/173/132 628/174/132 620/173/132
f 629/169/19 621/168/19 622/168/19
f 629/169/19 622/168/19 630/169/19
f 624/161/132 631/163/132 632/163/132
f 624/161/132 632/163/132 625/161/132
f 627/174/132 633/175/132 634/175/132
f 627/174/132 634/175/132 628/174/132
f 569/160/19 629/169/19 630/169/19
f 569/160/19 630/169/19 570/160/19
f 631/163/132 567/159/132 568/159/132
f 631/163/132 568/159/132 632/163/132
f 635/88/132 636/88/132 637/88/132
f 635/88/132 637/88/132 638/88/132
f 639/176/19 640/177/19 641/120/19
f 639/176/19 641/120/19 642/122/19
f 643/88/132 644/88/132 645/88/132
f 643/88/132 645/88/132 646/88/132
f 647/88/132 635/88/132 638/88/132
f 647/88/132 638/88/132 648/88/132
f 640/177/19 649/178/19 650/118/19
f 640/177/19 650/118/19 641/120/19
f 651/88/132 643/88/132 646/88/132
f 651/88/132 646/88/132 652/88/132
f 649/178/19 653/179/19 654/116/19
f 649/178/19 654/116/19 650/118/19
f 655/88/132 651/88/132 652/88/132
f 655/88/132 652/88/132 656/88/132
f 653/179/19 657/180/19 658/114/19
f 653/179/19 658/114/19 654/116/19
f 659/88/132 655/88/132 656/88/132
f 659/88/132 656/88/132 660/88/132
f 657/180/19 661/181/19 662/112/19
f 657/180/19 662/112/19 658/114/19
f 663/88/132 659/88/132 660/88/132
f 663/88/132 660/88/132 664/88/132
f 665/182/19 666/183/19 667/138/19
f 665/182/19 667/138/19 668/110/19
f 661/181/19 669/184/19 670/109/19
f 661/181/19 670/109/19 662/112/19
f 671/88/132 663/88/132 664/88/132
f 671/88/132 664/88/132 672/88/132
f 666/183/19 673/185/19 674/136/19
f 666/183/19 674/136/19 667/138/19
f 669/184/19 665/182/19 668/110/19
f 669/184/19 668/110/19 670/109/19
f 675/88/132 671/88/132 672/88/132
f 675/88/132 672/88/132 676/88/132
f 673/185/19 677/186/19 678/134/19
f 673/185/19 678/134/19 674/136/19
f 679/88/132 675/88/132 676/88/132
f 679/88/132 676/88/132 680/88/132
f 677/186/19 681/187/19 682/132/19
f 677/186/19 682/132/19 678/134/19
f 683/88/132 679/88/132 680/88/132
f 683/88/132 680/88/132 684/88/132
f 681/187/19 685/188/19 686/130/19
f 681/187/19 686/130/19 682/132/19
f 687/88/132 683/88/132 684/88/132
f 687/88/132 684/88/132 688/88/132
f 685/188/19 689/189/19 690/128/19
f 685/188/19 690/128/19 686/130/19
f 691/88/132 687/88/132 688/88/132
f 691/88/132 688/88/132 692/88/132
f 689/189/19 693/190/19 694/126/19
f 689/189/19 694/126/19 690/128/19
f 695/88/132 691/88/132 692/88/132
f 695/88/132 692/88/132 696/88/132
f 693/190/19 697/191/19 698/124/19
f 693/190/19 698/124/19 694/126/19
f 636/88/132 695/88/132 696/88/132
f 636/88/132 696/88/132 637/88/132
f 697/191/19 639/176/19 642/122/19
f 697/191/19 642/122/19 698/124/19
f 644/88/132 647/88/132 648/88/132
f 644/88/132 648/88/132 645/88/132
s 1
f 699/192/197 700/192/198 701/192/169
f 699/192/197 701/192/169 702/192/199
f 703/192/200 704/192/148 705/192/201
f 703/192/200 705/192/201 706/192/202
f 707/192/203 699/192/197 702/192/199
f 707/192/203 702/192/199 708/192/204
f 709/192/205 710/192/206 711/192/207
f 709/192/205 711/192/207 712/192/208
f 713/192/164 714/192/209 715/192/154
f 713/192/164 715/192/154 716/192/210
f 717/192/165 713/192/164 716/192/210
f 717/192/165 716/192/210 718/192/163
f 719/192/211 709/192/205 712/192/208
f 719/192/211 712/192/208 720/192/212
f 721/192/213 722/192/214 723/192/117
f 721/192/213 723/192/117 724/192/116
f 243/88/118 268/88/131 725/88/215
f 243/88/118 725/88/215 726/88/197
f 208/88/113 207/88/112 288/88/148
f 208/88/113 288/88/148 727/88/200
f 728/88/170 729/88/216 730/88/217
f 728/88/170 730/88/217 731/88/171
f 258/88/126 732/88/218 733/88/214
f 258/88/126 733/88/214 295/88/155
f 244/88/119 243/88/118 726/88/197
f 244/88/119 726/88/197 734/88/203
f 261/88/127 735/88/219 736/88/220
f 261/88/127 736/88/220 737/88/221
f 738/88/222 739/88/223 740/88/224
f 738/88/222 740/88/224 741/88/225
f 742/88/226 743/88/227 744/88/228
f 742/88/226 744/88/228 745/88/229
f 307/88/167 746/88/230 747/88/231
f 307/88/167 747/88/231 308/88/168
f 743/88/227 748/88/232 749/88/233
f 743/88/227 749/88/233 744/88/228
f 746/88/230 750/88/234 751/88/235
f 746/88/230 751/88/235 747/88/231
f 254/88/124 250/88/122 752/88/236
f 254/88/124 752/88/236 753/88/205
f 754/88/237 755/88/238 756/88/239
f 754/88/237 756/88/239 757/88/240
f 256/88/125 252/88/123 758/88/241
f 256/88/125 758/88/241 304/88/164
f 258/88/126 254/88/124 753/88/205
f 258/88/126 753/88/205 759/88/211
f 760/88/242 761/88/243 762/88/244
f 760/88/242 762/88/244 763/88/245
f 764/192/137 765/192/155 766/192/214
f 764/192/137 766/192/214 767/192/213
f 768/192/151 769/192/221 770/192/220
f 768/192/151 770/192/220 771/192/246
f 772/192/246 773/192/220 774/192/136
f 772/192/246 774/192/136 775/192/247
f 776/192/248 777/192/249 778/192/225
f 776/192/248 778/192/225 779/192/250
f 780/192/251 781/192/252 782/192/253
f 780/192/251 782/192/253 783/192/244
f 784/192/254 776/192/248 779/192/250
f 784/192/254 779/192/250 785/192/255
f 786/192/152 768/192/151 771/192/246
f 786/192/152 771/192/246 787/192/239
f 244/88/119 788/88/222 789/88/225
f 244/88/119 789/88/225 790/88/256
f 274/88/134 754/88/237 757/88/240
f 274/88/134 757/88/240 275/88/135
f 791/88/257 258/88/126 759/88/211
f 791/88/257 759/88/211 792/88/212
f 793/88/162 261/88/127 305/88/165
f 793/88/162 305/88/165 794/88/163
f 238/88/115 795/88/258 796/88/259
f 238/88/115 796/88/259 239/88/116
f 246/88/120 208/88/113 312/88/172
f 246/88/120 312/88/172 797/88/252
f 250/88/122 798/88/260 799/88/207
f 250/88/122 799/88/207 752/88/236
f 248/88/121 244/88/119 790/88/256
f 248/88/121 790/88/256 800/88/248
f 250/88/122 246/88/120 797/88/252
f 250/88/122 797/88/252 801/88/251
f 252/88/123 248/88/121 800/88/248
f 252/88/123 800/88/248 802/88/254
f 729/88/216 803/88/261 804/88/262
f 729/88/216 804/88/262 730/88/217
f 805/88/263 742/88/226 745/88/229
f 805/88/263 745/88/229 806/88/264
f 739/88/223 296/88/156 299/88/159
f 739/88/223 299/88/159 740/88/224
f 807/88/260 300/88/160 301/88/161
f 807/88/260 301/88/161 808/88/207
f 803/88/261 760/88/242 763/88/245
f 803/88/261 763/88/245 804/88/262
f 262/88/128 261/88/127 737/88/221
f 262/88/128 737/88/221 291/88/151
f 252/88/123 809/88/153 810/88/154
f 252/88/123 810/88/154 758/88/241
f 268/88/131 811/88/166 812/88/169
f 268/88/131 812/88/169 725/88/215
f 750/88/234 813/88/265 814/88/204
f 750/88/234 814/88/204 751/88/235
f 815/192/212 816/192/208 817/192/146
f 815/192/212 817/192/146 818/192/266
f 266/88/130 819/88/263 820/88/264
f 266/88/130 820/88/264 287/88/147
f 748/88/232 821/88/267 822/88/202
f 748/88/232 822/88/202 749/88/233
f 781/192/252 823/192/268 824/192/171
f 781/192/252 824/192/171 782/192/253
f 825/192/255 826/192/250 827/192/159
f 825/192/255 827/192/159 828/192/158
f 829/192/244 830/192/253 831/192/262
f 829/192/244 831/192/262 832/192/245
f 826/192/250 833/192/225 834/192/224
f 826/192/250 834/192/224 827/192/159
f 830/192/253 835/192/171 836/192/217
f 830/192/253 836/192/217 831/192/262
f 837/192/269 721/192/213 724/192/116
f 837/192/269 724/192/116 838/192/259
f 839/192/239 772/192/246 775/192/247
f 839/192/239 775/192/247 840/192/270
f 841/192/138 764/192/137 767/192/213
f 841/192/138 767/192/213 842/192/269
f 843/88/243 250/88/122 801/88/251
f 843/88/243 801/88/251 844/88/271
f 845/88/238 266/88/130 292/88/152
f 845/88/238 292/88/152 846/88/239
f 847/88/265 244/88/119 734/88/203
f 847/88/265 734/88/203 848/88/204
f 849/88/219 273/88/133 276/88/136
f 849/88/219 276/88/136 850/88/220
f 851/88/218 237/88/114 240/88/117
f 851/88/218 240/88/117 852/88/214
f 853/88/267 208/88/113 727/88/200
f 853/88/267 727/88/200 854/88/202
f 855/192/163 856/192/210 857/192/142
f 855/192/163 857/192/142 858/192/272
f 704/192/148 859/192/147 860/192/264
f 704/192/148 860/192/264 705/192/201
f 856/192/210 861/192/154 862/192/150
f 856/192/210 862/192/150 857/192/142
f 816/192/208 863/192/207 864/192/161
f 816/192/208 864/192/161 817/192/146
f 865/192/204 866/192/199 867/192/231
f 865/192/204 867/192/231 868/192/273
f 869/192/202 870/192/201 871/192/228
f 869/192/202 871/192/228 872/192/233
f 866/192/199 873/192/169 874/192/168
f 866/192/199 874/192/168 867/192/231
f 870/192/201 875/192/264 876/192/229
f 870/192/201 876/192/229 871/192/228
f 795/88/258 877/88/274 878/88/269
f 795/88/258 878/88/269 796/88/259
f 879/88/274 268/88/131 278/88/138
f 879/88/274 278/88/138 880/88/269
f 297/88/157 881/88/275 882/88/255
f 297/88/157 882/88/255 298/88/158
f 883/88/275 252/88/123 802/88/254
f 883/88/275 802/88/254 884/88/276
f 843/88/243 844/88/271 762/88/244
f 843/88/243 762/88/244 761/88/243
f 845/88/238 846/88/239 756/88/239
f 845/88/238 756/88/239 755/88/238
f 738/88/222 741/88/225 789/88/225
f 738/88/222 789/88/225 788/88/222
f 849/88/219 850/88/220 736/88/220
f 849/88/219 736/88/220 735/88/219
f 851/88/218 852/88/214 733/88/214
f 851/88/218 733/88/214 732/88/218
f 728/88/170 731/88/171 311/88/171
f 728/88/170 311/88/171 310/88/170
f 850/88/220 885/88/246 886/88/246
f 850/88/220 886/88/246 736/88/220
f 887/88/250 882/88/255 884/88/276
f 887/88/250 884/88/276 888/88/250
f 889/88/253 762/88/244 844/88/271
f 889/88/253 844/88/271 890/88/253
f 741/88/225 887/88/250 888/88/250
f 741/88/225 888/88/250 789/88/225
f 731/88/171 889/88/253 890/88/253
f 731/88/171 890/88/253 311/88/171
f 891/88/213 878/88/269 880/88/269
f 891/88/213 880/88/269 892/88/213
f 885/88/246 756/88/239 846/88/239
f 885/88/246 846/88/239 886/88/246
f 852/88/214 891/88/213 892/88/213
f 852/88/214 892/88/213 733/88/214
f 807/88/260 808/88/207 799/88/207
f 807/88/260 799/88/207 798/88/260
f 805/88/263 806/88/264 820/88/264
f 805/88/263 820/88/264 819/88/263
f 847/88/265 848/88/204 814/88/204
f 847/88/265 814/88/204 813/88/265
f 793/88/162 794/88/163 303/88/163
f 793/88/162 303/88/163 302/88/162
f 791/88/257 792/88/212 893/88/212
f 791/88/257 893/88/212 894/88/257
f 853/88/267 854/88/202 822/88/202
f 853/88/267 822/88/202 821/88/267
f 895/88/210 303/88/163 794/88/163
f 895/88/210 794/88/163 896/88/210
f 897/88/208 893/88/212 792/88/212
f 897/88/208 792/88/212 898/88/208
f 294/88/154 895/88/210 896/88/210
f 294/88/154 896/88/210 810/88/154
f 808/88/207 897/88/208 898/88/208
f 808/88/207 898/88/208 799/88/207
f 899/88/199 814/88/204 848/88/204
f 899/88/199 848/88/204 900/88/199
f 901/88/201 822/88/202 854/88/202
f 901/88/201 854/88/202 902/88/201
f 309/88/169 899/88/199 900/88/199
f 309/88/169 900/88/199 812/88/169
f 806/88/264 901/88/201 902/88/201
f 806/88/264 902/88/201 820/88/264
f 306/88/166 309/88/169 812/88/169
f 306/88/166 812/88/169 811/88/166
f 879/88/274 880/88/269 878/88/269
f 879/88/274 878/88/269 877/88/274
f 293/88/153 294/88/154 810/88/154
f 293/88/153 810/88/154 809/88/153
f 883/88/275 884/88/276 882/88/255
f 883/88/275 882/88/255 881/88/275
f 284/88/144 894/88/257 893/88/212
f 284/88/144 893/88/212 285/88/145
f 903/88/277 904/88/278 905/88/279
f 903/88/277 905/88/279 906/88/280
f 907/88/281 908/88/282 909/88/283
f 907/88/281 909/88/283 910/88/284
f 911/88/285 912/88/286 913/88/287
f 911/88/285 913/88/287 914/88/288
f 915/88/289 916/88/290 917/88/291
f 915/88/289 917/88/291 918/88/292
f 919/88/293 920/88/294 921/88/295
f 919/88/293 921/88/295 922/88/296
f 923/88/297 924/88/298 925/88/299
f 923/88/297 925/88/299 926/88/300
f 927/88/301 928/88/302 929/88/303
f 927/88/301 929/88/303 930/88/304
f 908/88/282 931/88/305 932/88/306
f 908/88/282 932/88/306 909/88/283
f 933/88/307 934/88/308 935/88/309
f 933/88/307 935/88/309 936/88/310
f 937/88/311 938/88/312 939/88/313
f 937/88/311 939/88/313 940/88/314
f 941/88/315 907/88/281 910/88/284
f 941/88/315 910/88/284 942/88/316
f 943/88/317 944/88/318 945/88/319
f 943/88/317 945/88/319 946/88/320
f 924/88/298 919/88/293 922/88/296
f 924/88/298 922/88/296 925/88/299
f 947/88/321 948/88/322 949/88/323
f 947/88/321 949/88/323 950/88/324
f 951/88/325 952/88/326 953/88/327
f 951/88/325 953/88/327 954/88/328
f 955/88/329 956/88/330 957/88/331
f 955/88/329 957/88/331 958/88/332
f 959/192/333 960/192/334 961/192/319
f 959/192/333 961/192/319 962/192/332
f 963/192/335 964/192/336 965/192/291
f 963/192/335 965/192/291 966/192/324
f 967/192/337 959/192/333 962/192/332
f 967/192/337 962/192/332 968/192/331
f 969/192/338 963/192/335 966/192/324
f 969/192/338 966/192/324 970/192/323
f 971/192/339 972/192/340 973/192/341
f 971/192/339 973/192/341 974/192/342
f 975/192/343 976/192/344 977/192/345
f 975/192/343 977/192/345 978/192/346
f 979/192/300 971/192/339 974/192/342
f 979/192/300 974/192/342 980/192/347
f 981/192/348 975/192/343 978/192/346
f 981/192/348 978/192/346 982/192/349
f 983/88/350 927/88/301 930/88/304
f 983/88/350 930/88/304 984/88/348
f 928/88/302 985/88/351 986/88/352
f 928/88/302 986/88/352 929/88/303
f 920/88/294 987/88/353 988/88/342
f 920/88/294 988/88/342 921/88/295
f 985/88/351 989/88/354 990/88/346
f 985/88/351 990/88/346 986/88/352
f 991/88/355 943/88/317 946/88/320
f 991/88/355 946/88/320 992/88/356
f 987/88/353 993/88/357 994/88/347
f 987/88/353 994/88/347 988/88/342
f 989/88/354 995/88/358 996/88/349
f 989/88/354 996/88/349 990/88/346
f 997/88/359 915/88/289 918/88/292
f 997/88/359 918/88/292 998/88/335
f 999/88/360 991/88/355 992/88/356
f 999/88/360 992/88/356 1000/88/337
f 956/88/330 999/88/360 1000/88/337
f 956/88/330 1000/88/337 957/88/331
f 993/88/357 923/88/297 926/88/300
f 993/88/357 926/88/300 994/88/347
f 1001/88/361 997/88/359 998/88/335
f 1001/88/361 998/88/335 1002/88/338
f 995/88/358 983/88/350 984/88/348
f 995/88/358 984/88/348 996/88/349
f 948/88/322 1001/88/361 1002/88/338
f 948/88/322 1002/88/338 949/88/323
f 944/88/318 955/88/329 958/88/332
f 944/88/318 958/88/332 945/88/319
f 916/88/290 947/88/321 950/88/324
f 916/88/290 950/88/324 917/88/291
f 1003/192/362 1004/192/363 1005/192/364
f 1003/192/362 1005/192/364 1006/192/365
f 1007/192/366 1008/192/367 1009/192/368
f 1007/192/366 1009/192/368 1010/192/369
f 1011/192/370 1003/192/362 1006/192/365
f 1011/192/370 1006/192/365 1012/192/371
f 1013/192/372 1014/192/373 1015/192/316
f 1013/192/372 1015/192/316 1016/192/284
f 1017/192/327 1018/192/374 1019/192/310
f 1017/192/327 1019/192/310 1020/192/309
f 1021/192/375 1013/192/372 1016/192/284
f 1021/192/375 1016/192/284 1022/192/376
f 1023/192/377 1017/192/327 1020/192/309
f 1023/192/377 1020/192/309 1024/192/378
f 1008/192/367 1025/192/287 1026/192/379
f 1008/192/367 1026/192/379 1009/192/368
f 934/88/308 1027/88/380 1028/88/381
f 934/88/308 1028/88/381 935/88/309
f 1029/88/382 1030/88/383 1031/88/363
f 1029/88/382 1031/88/363 1032/88/384
f 1027/88/380 951/88/325 954/88/328
f 1027/88/380 954/88/328 1028/88/381
f 938/88/312 911/88/285 914/88/288
f 938/88/312 914/88/288 939/88/313
f 904/88/278 1029/88/382 1032/88/384
f 904/88/278 1032/88/384 905/88/279
f 1033/88/385 1034/88/386 1035/88/368
f 1033/88/385 1035/88/368 1036/88/379
f 1037/88/387 1038/88/388 1039/88/365
f 1037/88/387 1039/88/365 1040/88/364
f 1041/88/389 941/88/315 942/88/316
f 1041/88/389 942/88/316 1042/88/373
f 1034/88/386 937/88/311 940/88/314
f 1034/88/386 940/88/314 1035/88/368
f 1030/88/383 1037/88/387 1040/88/364
f 1030/88/383 1040/88/364 1031/88/363
f 912/88/286 1033/88/385 1036/88/379
f 912/88/286 1036/88/379 913/88/287
f 1038/88/388 903/88/277 906/88/280
f 1038/88/388 906/88/280 1039/88/365
f 1043/88/390 1041/88/389 1042/88/373
f 1043/88/390 1042/88/373 1044/88/391
f 1045/88/392 933/88/307 936/88/310
f 1045/88/392 936/88/310 1046/88/374
f 952/88/326 1045/88/392 1046/88/374
f 952/88/326 1046/88/374 953/88/327
f 931/88/305 1043/88/390 1044/88/391
f 931/88/305 1044/88/391 932/88/306
s 0
f 1047/88/132 1048/88/132 1049/88/132
f 1047/88/132 1049/88/132 1050/88/132
f 1051/88/132 1052/88/132 1053/88/132
f 1051/88/132 1053/88/132 1054/88/132
f 1048/88/132 1055/88/132 1056/88/132
f 1048/88/132 1056/88/132 1049/88/132
f 1052/88/132 1057/88/132 1058/88/132
f 1052/88/132 1058/88/132 1053/88/132
f 1055/88/132 1059/88/132 1060/88/132
f 1055/88/132 1060/88/132 1056/88/132
f 1061/88/132 1062/88/132 1063/88/132
f 1061/88/132 1063/88/132 1064/88/132
f 1057/88/132 1061/88/132 1064/88/132
f 1057/88/132 1064/88/132 1058/88/132
f 1059/88/132 1065/88/132 1066/88/132
f 1059/88/132 1066/88/132 1060/88/132
f 1062/88/132 1067/88/132 1068/88/132
f 1062/88/132 1068/88/132 1063/88/132
f 1065/88/132 1069/88/132 1070/88/132
f 1065/88/132 1070/88/132 1066/88/132
f 1067/88/132 1071/88/132 1072/88/132
f 1067/88/132 1072/88/132 1068/88/132
f 1069/88/132 1073/88/132 1074/88/132
f 1069/88/132 1074/88/132 1070/88/132
f 1071/88/132 1075/88/132 1076/88/132
f 1071/88/132 1076/88/132 1072/88/132
f 1073/88/132 1077/88/132 1078/88/132
f 1073/88/132 1078/88/132 1074/88/132
f 1075/88/132 1047/88/132 1050/88/132
f 1075/88/132 1050/88/132 1076/88/132
f 1077/88/132 1051/88/132 1054/88/132
f 1077/88/132 1054/88/132 1078/88/132
s 1
f 1079/88/393 1080/88/394 1081/88/394
f 1079/88/393 1081/88/394 1082/88/395
f 1083/88/396 1084/88/397 1085/88/397
f 1083/88/396 1085/88/397 1086/88/398
f 1080/88/394 1087/88/399 1088/88/399
f 1080/88/394 1088/88/399 1081/88/394
f 1084/88/397 1089/88/400 1090/88/400
f 1084/88/397 1090/88/400 1085/88/397
f 1087/88/399 1091/88/401 1092/88/401
f 1087/88/399 1092/88/401 1088/88/399
f 1093/88/402 1094/88/403 1095/88/404
f 1093/88/402 1095/88/404 1096/88/402
f 1089/88/400 1093/88/402 1096/88/402
f 1089/88/400 1096/88/402 1090/88/400
f 1091/88/401 1097/88/405 1098/88/406
f 1091/88/401 1098/88/406 1092/88/401
f 1094/88/403 1099/88/407 1100/88/407
f 1094/88/403 1100/88/407 1095/88/404
f 1097/88/405 1101/88/408 1102/88/408
f 1097/88/405 1102/88/408 1098/88/406
f 1099/88/407 1103/88/409 1104/88/409
f 1099/88/407 1104/88/409 1100/88/407
f 1101/88/408 1105/88/410 1106/88/410
f 1101/88/408 1106/88/410 1102/88/408
f 1103/88/409 1107/88/411 1108/88/411
f 1103/88/409 1108/88/411 1104/88/409
f 1105/88/410 1109/88/412 1110/88/412
f 1105/88/410 1110/88/412 1106/88/410
f 1107/88/411 1079/88/393 1082/88/395
f 1107/88/411 1082/88/395 1108/88/411
f 1109/88/412 1083/88/396 1086/88/398
f 1109/88/412 1086/88/398 1110/88/412
f 1111/88/413 1112/88/414 1113/88/414
f 1111/88/413 1113/88/414 1114/88/413
f 1115/88/415 1116/88/416 1117/88/416
f 1115/88/415 1117/88/416 1118/88/415
f 1119/88/417 1120/88/418 1121/88/418
f 1119/88/417 1121/88/418 1122/88/417
f 1116/88/416 1123/88/419 1124/88/419
f 1116/88/416 1124/88/419 1117/88/416
f 1120/88/418 1125/88/420 1126/88/420
f 1120/88/418 1126/88/420 1121/88/418
f 1123/88/419 1127/88/421 1128/88/421
f 1123/88/419 1128/88/421 1124/88/419
f 1125/88/420 1129/88/422 1130/88/422
f 1125/88/420 1130/88/422 1126/88/420
f 1127/88/421 1131/88/423 1132/88/423
f 1127/88/421 1132/88/423 1128/88/421
f 1129/88/422 1133/88/424 1134/88/424
f 1129/88/422 1134/88/424 1130/88/422
f 1131/88/423 1135/88/425 1136/88/425
f 1131/88/423 1136/88/425 1132/88/423
f 1133/88/424 1137/88/426 1138/88/426
f 1133/88/424 1138/88/426 1134/88/424
f 1135/88/425 1139/88/427 1140/88/427
f 1135/88/425 1140/88/427 1136/88/425
f 1137/88/426 1141/88/428 1142/88/428
f 1137/88/426 1142/88/428 1138/88/426
f 1139/88/427 1111/88/413 1114/88/413
f 1139/88/427 1114/88/413 1140/88/427
f 1141/88/428 1115/88/415 1118/88/415
f 1141/88/428 1118/88/415 1142/88/428
f 1112/88/414 1119/88/417 1122/88/417
f 1112/88/414 1122/88/417 1113/88/414
f 1143/88/429 1144/88/430 1145/88/430
f 1143/88/429 1145/88/430 1146/88/429
f 1147/88/431 1148/88/432 1149/88/432
f 1147/88/431 1149/88/432 1150/88/431
f 1151/88/433 1152/88/434 1153/88/434
f 1151/88/433 1153/88/434 1154/88/433
f 1155/88/435 1147/88/431 1150/88/431
f 1155/88/435 1150/88/431 1156/88/435
f 1157/88/436 1151/88/433 1154/88/433
f 1157/88/436 1154/88/433 1158/88/436
f 1159/88/437 1155/88/435 1156/88/435
f 1159/88/437 1156/88/435 1160/88/437
f 1161/88/438 1157/88/436 1158/88/436
f 1161/88/438 1158/88/436 1162/88/438
f 1163/88/439 1159/88/437 1160/88/437
f 1163/88/439 1160/88/437 1164/88/439
f 1165/88/440 1161/88/438 1162/88/438
f 1165/88/440 1162/88/438 1166/88/440
f 1167/88/441 1163/88/439 1164/88/439
f 1167/88/441 1164/88/439 1168/88/441
f 1169/88/442 1165/88/440 1166/88/440
f 1169/88/442 1166/88/440 1170/88/442
f 1171/88/443 1167/88/441 1168/88/441
f 1171/88/443 1168/88/441 1172/88/443
f 1173/88/444 1169/88/442 1170/88/442
f 1173/88/444 1170/88/442 1174/88/444
f 1144/88/430 1171/88/443 1172/88/443
f 1144/88/430 1172/88/443 1145/88/430
f 1148/88/432 1173/88/444 1174/88/444
f 1148/88/432 1174/88/444 1149/88/432
f 1152/88/434 1143/88/429 1146/88/429
f 1152/88/434 1146/88/429 1153/88/434
f 1175/88/445 1176/88/446 1177/88/446
f 1175/88/445 1177/88/446 1178/88/445
f 1179/88/447 1175/88/445 1178/88/445
f 1179/88/447 1178/88/445 1180/88/447
f 1181/88/448 1179/88/447 1180/88/447
f 1181/88/448 1180/88/447 1182/88/448
f 1183/88/449 1181/88/448 1182/88/448
f 1183/88/449 1182/88/448 1184/88/449
f 1185/88/450 1183/88/449 1184/88/449
f 1185/88/450 1184/88/449 1186/88/450
f 1187/88/451 1185/88/450 1186/88/450
f 1187/88/451 1186/88/450 1188/88/451
f 1189/88/452 1187/88/451 1188/88/451
f 1189/88/452 1188/88/451 1190/88/452
f 1191/88/453 1189/88/452 1190/88/452
f 1191/88/453 1190/88/452 1192/88/453
f 1193/88/454 1191/88/453 1192/88/453
f 1193/88/454 1192/88/453 1194/88/454
f 1195/88/455 1193/88/454 1194/88/454
f 1195/88/455 1194/88/454 1196/88/455
f 1197/88/456 1195/88/455 1196/88/455
f 1197/88/456 1196/88/455 1198/88/456
f 1199/88/457 1197/88/456 1198/88/456
f 1199/88/457 1198/88/456 1200/88/457
f 1201/88/458 1199/88/457 1200/88/457
f 1201/88/458 1200/88/457 1202/88/458
f 1203/88/459 1201/88/458 1202/88/458
f 1203/88/459 1202/88/458 1204/88/459
f 1205/88/460 1203/88/459 1204/88/459
f 1205/88/460 1204/88/459 1206/88/460
f 1176/88/446 1205/88/460 1206/88/460
f 1176/88/446 1206/88/460 1177/88/446
f 218/88/81 215/88/80 216/88/80
f 218/88/81 216/88/80 219/88/81
s 0
f 1207/193/81 1208/194/81 1209/195/81
f 1207/193/81 1209/195/81 1210/196/81
f 1211/196/83 1212/195/83 1213/197/83
f 1211/196/83 1213/197/83 1214/198/83
f 1215/198/85 1216/197/85 1217/199/85
f 1215/198/85 1217/199/85 1218/200/85
f 1219/200/87 1220/199/87 1221/201/87
f 1219/200/87 1221/201/87 1222/202/87
f 1223/202/89 1224/201/89 1225/203/89
f 1223/202/89 1225/203/89 1226/204/89
f 1227/204/91 1228/203/91 1229/205/91
f 1227/204/91 1229/205/91 1230/206/91
f 1231/206/93 1232/205/93 1233/207/93
f 1231/206/93 1233/207/93 1234/208/93
f 1235/208/97 1236/207/97 1237/209/97
f 1235/208/97 1237/209/97 1238/210/97
s 1
f 1239/211/461 1240/212/462 1241/213/463
f 1239/211/461 1241/213/463 1242/214/464
f 1243/215/465 1244/216/466 1245/216/467
f 1243/215/465 1245/216/467 1246/215/468
f 1246/215/468 1245/216/467 1247/216/469
f 1246/215/468 1247/216/469 1248/215/470
f 1248/215/470 1247/216/469 1249/216/471
f 1248/215/470 1249/216/471 1250/215/472
f 1250/215/472 1249/216/471 1251/216/473
f 1250/215/472 1251/216/473 1252/215/474
f 1252/215/474 1251/216/473 1253/216/475
f 1252/215/474 1253/216/475 1254/215/476
f 1254/215/476 1253/216/475 1255/216/477
f 1254/215/476 1255/216/477 1256/215/478
f 1257/213/479 1258/212/480 1259/212/481
f 1257/213/479 1259/212/481 1260/213/482
f 1258/212/480 1261/217/483 1262/217/484
f 1258/212/480 1262/217/484 1259/212/481
f 1261/217/483 1254/215/476 1256/215/478
f 1261/217/483 1256/215/478 1262/217/484
f 1263/213/485 1264/212/486 1258/212/480
f 1263/213/485 1258/212/480 1257/213/479
f 1264/212/486 1265/217/487 1261/217/483
f 1264/212/486 1261/217/483 1258/212/480
f 1265/217/487 1252/215/474 1254/215/476
f 1265/217/487 1254/215/476 1261/217/483
f 1266/213/488 1267/212/489 1264/212/486
f 1266/213/488 1264/212/486 1263/213/485
f 1267/212/489 1268/217/490 1265/217/487
f 1267/212/489 1265/217/487 1264/212/486
f 1268/217/490 1250/215/472 1252/215/474
f 1268/217/490 1252/215/474 1265/217/487
f 1269/213/491 1270/212/492 1267/212/489
f 1269/213/491 1267/212/489 1266/213/488
f 1270/212/492 1271/217/493 1268/217/490
f 1270/212/492 1268/217/490 1267/212/489
f 1271/217/493 1248/215/470 1250/215/472
f 1271/217/493 1250/215/472 1268/217/490
f 1272/213/494 1273/212/495 1270/212/492
f 1272/213/494 1270/212/492 1269/213/491
f 1273/212/495 1274/217/496 1271/217/493
f 1273/212/495 1271/217/493 1270/212/492
f 1274/217/496 1246/215/468 1248/215/470
f 1274/217/496 1248/215/470 1271/217/493
f 1241/213/463 1240/212/462 1273/212/495
f 1241/213/463 1273/212/495 1272/213/494
f 1240/212/462 1275/217/497 1274/217/496
f 1240/212/462 1274/217/496 1273/212/495
f 1275/217/497 1243/215/465 1246/215/468
f 1275/217/497 1246/215/468 1274/217/496
f 1276/218/498 1244/216/466 1243/215/465
f 1276/218/498 1243/215/465 1277/219/499
f 1277/219/499 1243/215/465 1275/217/497
f 1277/219/499 1275/217/497 1278/220/500
f 1278/220/500 1275/217/497 1240/212/462
f 1278/220/500 1240/212/462 1239/211/461
f 1279/221/501 1280/222/502 1281/223/503
f 1279/221/501 1281/223/503 1282/224/504
f 1283/225/505 18/17/18 20/19/20
f 1283/225/505 20/19/20 1284/226/506
f 1285/227/507 1279/221/501 1282/224/504
f 1285/227/507 1282/224/504 1286/228/508
f 1287/229/509 1283/225/505 1284/226/506
f 1287/229/509 1284/226/506 1288/230/510
f 1280/222/502 1287/229/509 1288/230/510
f 1280/222/502 1288/230/510 1281/223/503
f 1281/223/503 1288/230/510 1289/231/511
f 1281/223/503 1289/231/511 1290/232/512
f 1282/224/504 1281/223/503 1290/232/512
f 1282/224/504 1290/232/512 1291/233/513
f 1284/226/506 20/19/20 22/21/21
f 1284/226/506 22/21/21 1292/234/514
f 1286/228/508 1282/224/504 1291/233/513
f 1286/228/508 1291/233/513 1293/235/515
f 1288/230/510 1284/226/506 1292/234/514
f 1288/230/510 1292/234/514 1289/231/511
f 1292/234/514 22/21/21 24/23/22
f 1292/234/514 24/23/22 1294/236/516
f 1293/235/515 1291/233/513 1295/237/517
f 1293/235/515 1295/237/517 1296/238/518
f 1289/231/511 1292/234/514 1294/236/516
f 1289/231/511 1294/236/516 1297/239/519
f 1290/232/512 1289/231/511 1297/239/519
f 1290/232/512 1297/239/519 1298/240/520
f 1291/233/513 1290/232/512 1298/240/520
f 1291/233/513 1298/240/520 1295/237/517
f 1295/237/517 1298/240/520 1299/241/521
f 1295/237/517 1299/241/521 1300/242/522
f 1294/236/516 24/23/22 26/25/24
f 1294/236/516 26/25/24 1301/243/523
f 1296/238/518 1295/237/517 1300/242/522
f 1296/238/518 1300/242/522 1302/244/524
f 1297/239/519 1294/236/516 1301/243/523
f 1297/239/519 1301/243/523 1303/245/525
f 1298/240/520 1297/239/519 1303/245/525
f 1298/240/520 1303/245/525 1299/241/521
f 1303/245/525 1301/243/523 1304/246/526
f 1303/245/525 1304/246/526 1305/247/527
f 1299/241/521 1303/245/525 1305/247/527
f 1299/241/521 1305/247/527 1306/248/528
f 1300/242/522 1299/241/521 1306/248/528
f 1300/242/522 1306/248/528 1307/249/529
f 1301/243/523 26/25/24 28/27/26
f 1301/243/523 28/27/26 1304/246/526
f 1302/244/524 1300/242/522 1307/249/529
f 1302/244/524 1307/249/529 1308/250/530
f 1304/246/526 28/27/26 30/29/27
f 1304/246/526 30/29/27 1309/251/531
f 1308/250/530 1307/249/529 1310/252/532
f 1308/250/530 1310/252/532 1311/253/533
f 1305/247/527 1304/246/526 1309/251/531
f 1305/247/527 1309/251/531 1312/254/534
f 1306/248/528 1305/247/527 1312/254/534
f 1306/248/528 1312/254/534 1313/255/535
f 1307/249/529 1306/248/528 1313/255/535
f 1307/249/529 1313/255/535 1310/252/532
f 1313/255/535 1312/254/534 1314/256/536
f 1313/255/535 1314/256/536 1315/257/537
f 1310/252/532 1313/255/535 1315/257/537
f 1310/252/532 1315/257/537 1316/258/538
f 1309/251/531 30/29/27 32/31/28
f 1309/251/531 32/31/28 1317/259/539
f 1311/253/533 1310/252/532 1316/258/538
f 1311/253/533 1316/258/538 1318/260/540
f 1312/254/534 1309/251/531 1317/259/539
f 1312/254/534 1317/259/539 1314/256/536
f 1314/256/536 1317/259/539 1319/261/541
f 1314/256/536 1319/261/541 1320/262/542
f 1315/257/537 1314/256/536 1320/262/542
f 1315/257/537 1320/262/542 1321/263/543
f 1316/258/538 1315/257/537 1321/263/543
f 1316/258/538 1321/263/543 1322/264/544
f 1317/259/539 32/31/28 34/33/29
f 1317/259/539 34/33/29 1319/261/541
f 1318/260/540 1316/258/538 1322/264/544
f 1318/260/540 1322/264/544 1323/265/545
f 1322/264/544 1321/263/543 1324/266/546
f 1322/264/544 1324/266/546 1325/267/547
f 1319/261/541 34/33/29 36/35/31
f 1319/261/541 36/35/31 1326/268/548
f 1323/265/545 1322/264/544 1325/267/547
f 1323/265/545 1325/267/547 1327/269/549
f 1320/262/542 1319/261/541 1326/268/548
f 1320/262/542 1326/268/548 1328/270/550
f 1321/263/543 1320/262/542 1328/270/550
f 1321/263/543 1328/270/550 1324/266/546
f 1324/266/546 1328/270/550 1329/271/551
f 1324/266/546 1329/271/551 1330/272/552
f 1325/267/547 1324/266/546 1330/272/552
f 1325/267/547 1330/272/552 1331/273/553
f 1326/268/548 36/35/31 38/37/32
f 1326/268/548 38/37/32 1332/274/554
f 1327/269/549 1325/267/547 1331/273/553
f 1327/269/549 1331/273/553 1333/275/555
f 1328/270/550 1326/268/548 1332/274/554
f 1328/270/550 1332/274/554 1329/271/551
f 1333/275/555 1331/273/553 1334/276/556
f 1333/275/555 1334/276/556 1335/277/557
f 1329/271/551 1332/274/554 1336/278/558
f 1329/271/551 1336/278/558 1337/279/559
f 1330/272/552 1329/271/551 1337/279/559
f 1330/272/552 1337/279/559 1338/280/560
f 1331/273/553 1330/272/552 1338/280/560
f 1331/273/553 1338/280/560 1334/276/556
f 1332/274/554 38/37/32 40/39/33
f 1332/274/554 40/39/33 1336/278/558
f 1334/276/556 1338/280/560 1339/281/561
f 1334/276/556 1339/281/561 1340/282/562
f 1336/278/558 40/39/33 42/41/34
f 1336/278/558 42/41/34 1341/283/563
f 1335/277/557 1334/276/556 1340/282/562
f 1335/277/557 1340/282/562 1342/284/564
f 1337/279/559 1336/278/558 1341/283/563
f 1337/279/559 1341/283/563 1343/285/565
f 1338/280/560 1337/279/559 1343/285/565
f 1338/280/560 1343/285/565 1339/281/561
f 1344/286/561 1345/287/565 1346/288/566
f 1344/286/561 1346/288/566 1347/289/567
f 1348/290/568 1344/286/561 1347/289/567
f 1348/290/568 1347/289/567 1349/291/569
f 1350/292/570 43/42/34 45/44/35
f 1350/292/570 45/44/35 1351/293/571
f 1352/294/564 1348/290/568 1349/291/569
f 1352/294/564 1349/291/569 1353/295/572
f 1345/287/565 1350/292/570 1351/293/571
f 1345/287/565 1351/293/571 1346/288/566
f 1353/295/572 1349/291/569 1354/296/573
f 1353/295/572 1354/296/573 1355/297/574
f 1346/288/566 1351/293/571 1356/298/575
f 1346/288/566 1356/298/575 1357/299/576
f 1347/289/567 1346/288/566 1357/299/576
f 1347/289/567 1357/299/576 1358/300/577
f 1349/291/569 1347/289/567 1358/300/577
f 1349/291/569 1358/300/577 1354/296/573
f 1351/293/571 45/44/35 47/46/36
f 1351/293/571 47/46/36 1356/298/575
f 1354/296/573 1358/300/577 1359/301/578
f 1354/296/573 1359/301/578 1360/302/579
f 1356/298/575 47/46/36 49/48/37
f 1356/298/575 49/48/37 1361/303/580
f 1355/297/574 1354/296/573 1360/302/579
f 1355/297/574 1360/302/579 1362/304/581
f 1357/299/576 1356/298/575 1361/303/580
f 1357/299/576 1361/303/580 1363/305/582
f 1358/300/577 1357/299/576 1363/305/582
f 1358/300/577 1363/305/582 1359/301/578
f 1359/301/578 1363/305/582 1287/229/509
f 1359/301/578 1287/229/509 1280/222/502
f 1360/302/579 1359/301/578 1280/222/502
f 1360/302/579 1280/222/502 1279/221/501
f 1361/303/580 49/48/37 18/17/18
f 1361/303/580 18/17/18 1283/225/505
f 1362/304/581 1360/302/579 1279/221/501
f 1362/304/581 1279/221/501 1285/227/507
f 1363/305/582 1361/303/580 1283/225/505
f 1363/305/582 1283/225/505 1287/229/509
f 1364/306/583 1365/307/584 1366/308/585
f 1364/306/583 1366/308/585 1367/309/586
f 1368/310/587 1364/306/583 1367/309/586
f 1368/310/587 1367/309/586 1369/311/588
f 52/51/39 1368/310/587 1369/311/588
f 52/51/39 1369/311/588 53/52/40
f 1365/307/584 1370/312/589 1371/313/590
f 1365/307/584 1371/313/590 1366/308/585
f 1369/311/588 1367/309/586 1372/314/591
f 1369/311/588 1372/314/591 1373/315/592
f 53/52/40 1369/311/588 1373/315/592
f 53/52/40 1373/315/592 54/53/41
f 1366/308/585 1371/313/590 1374/316/593
f 1366/308/585 1374/316/593 1375/317/594
f 1367/309/586 1366/308/585 1375/317/594
f 1367/309/586 1375/317/594 1372/314/591
f 1372/314/591 1375/317/594 1376/318/595
f 1372/314/591 1376/318/595 1377/319/596
f 1373/315/592 1372/314/591 1377/319/596
f 1373/315/592 1377/319/596 1378/320/597
f 54/53/41 1373/315/592 1378/320/597
f 54/53/41 1378/320/597 55/54/42
f 1375/317/594 1374/316/593 1379/321/598
f 1375/317/594 1379/321/598 1376/318/595
f 55/54/42 1378/320/597 1380/322/599
f 55/54/42 1380/322/599 56/55/43
f 1376/318/595 1379/321/598 1381/323/600
f 1376/318/595 1381/323/600 1382/324/601
f 1377/319/596 1376/318/595 1382/324/601
f 1377/319/596 1382/324/601 1383/325/602
f 1378/320/597 1377/319/596 1383/325/602
f 1378/320/597 1383/325/602 1380/322/599
f 1380/322/599 1383/325/602 1384/326/603
f 1380/322/599 1384/326/603 1385/327/604
f 56/55/43 1380/322/599 1385/327/604
f 56/55/43 1385/327/604 58/57/45
f 1382/324/601 1381/323/600 1386/328/605
f 1382/324/601 1386/328/605 1387/329/606
f 1383/325/602 1382/324/601 1387/329/606
f 1383/325/602 1387/329/606 1384/326/603
f 1384/326/603 1387/329/606 1388/330/607
f 1384/326/603 1388/330/607 1389/331/608
f 1385/327/604 1384/326/603 1389/331/608
f 1385/327/604 1389/331/608 1390/332/609
f 58/57/45 1385/327/604 1390/332/609
f 58/57/45 1390/332/609 59/58/46
f 1387/329/606 1386/328/605 1391/333/610
f 1387/329/606 1391/333/610 1388/330/607
f 59/58/46 1390/332/609 1392/334/611
f 59/58/46 1392/334/611 60/59/47
f 1388/330/607 1391/333/610 1393/335/612
f 1388/330/607 1393/335/612 1394/336/613
f 1389/331/608 1388/330/607 1394/336/613
f 1389/331/608 1394/336/613 1395/337/614
f 1390/332/609 1389/331/608 1395/337/614
f 1390/332/609 1395/337/614 1392/334/611
f 1392/334/611 1395/337/614 1396/338/615
f 1392/334/611 1396/338/615 1397/339/616
f 60/59/47 1392/334/611 1397/339/616
f 60/59/47 1397/339/616 62/61/48
f 1394/336/613 1393/335/612 1398/340/617
f 1394/336/613 1398/340/617 1399/341/618
f 1395/337/614 1394/336/613 1399/341/618
f 1395/337/614 1399/341/618 1396/338/615
f 1396/338/615 1399/341/618 1400/342/619
f 1396/338/615 1400/342/619 1401/343/620
f 1397/339/616 1396/338/615 1401/343/620
f 1397/339/616 1401/343/620 1402/344/621
f 62/61/48 1397/339/616 1402/344/621
f 62/61/48 1402/344/621 63/62/49
f 1399/341/618 1398/340/617 1403/345/622
f 1399/341/618 1403/345/622 1400/342/619
f 63/62/49 1402/344/621 1404/346/623
f 63/62/49 1404/346/623 64/63/50
f 1400/342/619 1403/345/622 1405/347/624
f 1400/342/619 1405/347/624 1406/348/625
f 1401/343/620 1400/342/619 1406/348/625
f 1401/343/620 1406/348/625 1407/349/626
f 1402/344/621 1401/343/620 1407/349/626
f 1402/344/621 1407/349/626 1404/346/623
f 1404/346/623 1407/349/626 1408/350/627
f 1404/346/623 1408/350/627 1409/351/628
f 64/63/50 1404/346/623 1409/351/628
f 64/63/50 1409/351/628 65/64/51
f 1406/348/625 1405/347/624 1410/352/629
f 1406/348/625 1410/352/629 1411/353/630
f 1407/349/626 1406/348/625 1411/353/630
f 1407/349/626 1411/353/630 1408/350/627
f 1408/350/627 1411/353/630 1412/354/631
f 1408/350/627 1412/354/631 1413/355/632
f 1409/351/628 1408/350/627 1413/355/632
f 1409/351/628 1413/355/632 1414/356/633
f 65/64/51 1409/351/628 1414/356/633
f 65/64/51 1414/356/633 66/65/52
f 1411/353/630 1410/352/629 1415/357/634
f 1411/353/630 1415/357/634 1412/354/631
f 1416/345/635 1417/340/636 1418/340/56
f 1416/345/635 1418/340/56 1419/345/60
f 1420/358/637 1421/359/638 1422/359/72
f 1420/358/637 1422/359/72 1423/358/76
f 68/67/52 1424/360/639 1425/361/640
f 68/67/52 1425/361/640 69/68/53
f 1426/362/631 1427/363/641 1428/359/642
f 1426/362/631 1428/359/642 1429/364/643
f 1430/328/644 1431/323/645 1432/323/646
f 1430/328/644 1432/323/646 1433/328/77
f 1434/365/647 1426/362/631 1429/364/643
f 1434/365/647 1429/364/643 1435/366/648
f 1436/357/649 1437/352/650 1438/352/67
f 1436/357/649 1438/352/67 1439/357/66
f 1431/323/645 1440/321/651 1441/321/71
f 1431/323/645 1441/321/71 1432/323/646
f 1424/360/639 1434/365/647 1435/366/648
f 1424/360/639 1435/366/648 1425/361/640
f 1421/359/638 1442/363/649 1443/363/66
f 1421/359/638 1443/363/66 1422/359/72
f 1440/321/651 1444/316/652 1445/316/79
f 1440/321/651 1445/316/79 1441/321/71
f 1425/361/640 1435/366/648 1446/367/653
f 1425/361/640 1446/367/653 1447/368/654
f 1417/340/636 1448/335/655 1449/335/57
f 1417/340/636 1449/335/57 1418/340/56
f 1437/352/650 1450/347/656 1451/347/73
f 1437/352/650 1451/347/73 1438/352/67
f 69/68/53 1425/361/640 1447/368/654
f 69/68/53 1447/368/654 70/69/54
f 1429/364/643 1428/359/642 1452/358/657
f 1429/364/643 1452/358/657 1453/369/658
f 1450/347/656 1416/345/635 1419/345/60
f 1450/347/656 1419/345/60 1451/347/73
f 1448/335/655 1454/333/659 1455/333/64
f 1448/335/655 1455/333/64 1449/335/57
f 1435/366/648 1429/364/643 1453/369/658
f 1435/366/648 1453/369/658 1446/367/653
f 1453/369/658 1452/358/657 1456/370/660
f 1453/369/658 1456/370/660 1457/371/661
f 1454/333/659 1430/328/644 1433/328/77
f 1454/333/659 1433/328/77 1455/333/64
f 1458/312/662 1459/370/663 1460/370/63
f 1458/312/662 1460/370/63 1461/312/62
f 1446/367/653 1453/369/658 1457/371/661
f 1446/367/653 1457/371/661 1462/372/664
f 1463/313/665 1458/312/662 1461/312/62
f 1463/313/665 1461/312/62 1464/313/69
f 1447/368/654 1446/367/653 1462/372/664
f 1447/368/654 1462/372/664 1465/373/666
f 1444/316/652 1463/313/665 1464/313/69
f 1444/316/652 1464/313/69 1445/316/79
f 1459/370/663 1420/358/637 1423/358/76
f 1459/370/663 1423/358/76 1460/370/63
f 70/69/54 1447/368/654 1465/373/666
f 70/69/54 1465/373/666 71/70/55
f 71/70/55 1465/373/666 1368/310/587
f 71/70/55 1368/310/587 52/51/39
f 1457/371/661 1456/370/660 1370/312/589
f 1457/371/661 1370/312/589 1365/307/584
f 1462/372/664 1457/371/661 1365/307/584
f 1462/372/664 1365/307/584 1364/306/583
f 1465/373/666 1462/372/664 1364/306/583
f 1465/373/666 1364/306/583 1368/310/587
f 1466/325/667 1467/321/667 1468/321/668
f 1466/325/667 1468/321/668 1469/325/668
f 1470/50/669 1471/54/669 1472/54/670
f 1470/50/669 1472/54/670 1473/50/671
f 1474/365/672 1475/68/672 1476/68/673
f 1474/365/672 1476/68/673 1477/365/673
f 1478/374/674 1479/359/674 1480/359/675
f 1478/374/674 1480/359/675 1481/374/675
f 1482/54/676 1483/325/676 1484/325/677
f 1482/54/676 1484/325/677 1485/54/677
f 1486/68/678 1487/50/678 1488/50/679
f 1486/68/678 1488/50/679 1489/68/679
f 1490/359/680 1491/365/680 1492/365/681
f 1490/359/680 1492/365/681 1493/359/681
f 1494/321/682 1495/374/682 1496/374/683
f 1494/321/682 1496/374/683 1497/321/683
f 1498/325/684 1499/321/684 1467/321/667
f 1498/325/684 1467/321/667 1466/325/667
f 1500/359/685 1501/365/685 1502/365/686
f 1500/359/685 1502/365/686 1503/359/686
f 1473/50/671 1472/54/670 1504/54/687
f 1473/50/671 1504/54/687 1505/50/688
f 1477/365/673 1476/68/673 1506/68/689
f 1477/365/673 1506/68/689 1507/365/689
f 1481/374/675 1480/359/675 1508/359/690
f 1481/374/675 1508/359/690 1509/374/690
f 1497/321/683 1496/374/683 1510/374/691
f 1497/321/683 1510/374/691 1511/321/691
f 1485/54/677 1484/325/677 1512/325/692
f 1485/54/677 1512/325/692 1513/54/692
f 1489/68/679 1488/50/679 1514/50/693
f 1489/68/679 1514/50/693 1515/68/693
f 1493/359/681 1492/365/681 1501/365/685
f 1493/359/681 1501/365/685 1500/359/685
f 1516/321/694 1517/374/694 1518/374/695
f 1516/321/694 1518/374/695 1519/321/695
f 1469/325/668 1468/321/668 1520/321/696
f 1469/325/668 1520/321/696 1521/325/697
f 1505/50/688 1504/54/687 1522/54/698
f 1505/50/688 1522/54/698 1523/50/698
f 1507/365/689 1506/68/689 1524/68/699
f 1507/365/689 1524/68/699 1525/365/699
f 1509/374/690 1508/359/690 1526/359/700
f 1509/374/690 1526/359/700 1527/374/700
f 1511/321/691 1510/374/691 1517/374/694
f 1511/321/691 1517/374/694 1516/321/694
f 1513/54/692 1512/325/692 1528/325/701
f 1513/54/692 1528/325/701 1529/54/701
f 1515/68/693 1514/50/693 1530/50/702
f 1515/68/693 1530/50/702 1531/68/702
f 1532/365/703 1533/68/703 1534/68/704
f 1532/365/703 1534/68/704 1535/365/704
f 1529/54/701 1528/325/701 1536/325/705
f 1529/54/701 1536/325/705 1537/54/706
f 1531/68/702 1530/50/702 1538/50/707
f 1531/68/702 1538/50/707 1539/68/707
f 1503/359/686 1502/365/686 1540/365/708
f 1503/359/686 1540/365/708 1541/359/709
f 1521/325/697 1520/321/696 1542/321/710
f 1521/325/697 1542/321/710 1543/325/711
f 1523/50/698 1522/54/698 1544/54/712
f 1523/50/698 1544/54/712 1545/50/712
f 1525/365/699 1524/68/699 1533/68/703
f 1525/365/699 1533/68/703 1532/365/703
f 1527/374/700 1526/359/700 1546/359/713
f 1527/374/700 1546/359/713 1547/374/713
f 1547/374/713 1546/359/713 1548/359/714
f 1547/374/713 1548/359/714 1549/374/714
f 1519/321/695 1518/374/695 1550/374/715
f 1519/321/695 1550/374/715 1551/321/715
f 1537/54/706 1536/325/705 1552/325/716
f 1537/54/706 1552/325/716 1553/54/716
f 1539/68/707 1538/50/707 1554/50/717
f 1539/68/707 1554/50/717 1555/68/717
f 1541/359/709 1540/365/708 1556/365/718
f 1541/359/709 1556/365/718 1557/359/718
f 1543/325/711 1542/321/710 1558/321/719
f 1543/325/711 1558/321/719 1559/325/719
f 1545/50/712 1544/54/712 1560/54/720
f 1545/50/712 1560/54/720 1561/50/720
s 0
f 1563/375/132 1577/376/132 1562/377/132
f 1577/376/132 1563/375/132 1564/378/132
f 1577/376/132 1564/378/132 1576/379/132
f 1576/379/132 1564/378/132 1565/380/132
f 1576/379/132 1565/380/132 1575/381/132
f 1575/381/132 1565/380/132 1566/382/132
f 1575/381/132 1566/382/132 1574/383/132
f 1574/383/132 1566/382/132 1567/384/132
f 1574/383/132 1567/384/132 1573/385/132
f 1573/385/132 1567/384/132 1568/386/132
f 1573/385/132 1568/386/132 1572/387/132
f 1572/387/132 1568/386/132 1569/388/132
f 1572/387/132 1569/388/132 1571/389/132
f 1571/389/132 1569/388/132 1570/390/132
f 1580/207/19 1578/391/19 1579/206/19
f 1578/391/19 1580/207/19 1585/392/19
f 1585/392/19 1580/207/19 1581/393/19
f 1585/392/19 1581/393/19 1584/394/19
f 1584/394/19 1581/393/19 1582/395/19
f 1584/394/19 1582/395/19 1583/396/19
f 1587/196/132 1593/397/132 1586/198/132
f 1593/397/132 1587/196/132 1588/398/132
f 1593/397/132 1588/398/132 1592/392/132
f 1592/392/132 1588/398/132 1589/399/132
f 1592/392/132 1589/399/132 1591/204/132
f 1591/204/132 1589/399/132 1590/400/132
