# Blender 5.2.0 LTS
# www.blender.org
mtllib 05_Container3_AIRPORT_0.mtl
o 05.Container3_AIRPORT_0
v 1.090495 -1.830101 -1.852178
v 1.126811 -1.791342 -1.852384
v 1.170354 -1.849090 -1.795821
v 2.175411 1.833521 -1.858336
v 1.126017 1.832849 -1.858336
v 2.174699 1.896640 -1.795822
v 2.174699 1.896640 -1.795822
v 2.241196 1.832837 -1.795822
v 2.175411 1.833521 -1.858336
v 2.241196 -0.636817 -1.795822
v 2.196859 -0.748171 -1.795822
v 2.175644 -0.671979 -1.858335
v -2.174699 1.896640 -1.795822
v -2.174699 1.832837 -1.858336
v -2.241196 1.832837 -1.795822
v -2.174699 -1.832839 -1.858335
v -2.174699 -1.896641 -1.795821
v -2.241196 -1.832839 -1.795821
v 1.090495 -1.830101 -1.852178
v 1.170354 -1.849090 -1.795821
v 1.059520 -1.896641 -1.795821
v -2.187031 -0.000001 -1.846742
v -2.159934 -0.000082 -1.843912
v -2.149389 -0.033744 -1.858335
v 1.160899 1.808752 -1.858336
v 1.126018 1.818729 -1.843913
v 1.126017 1.832849 -1.858336
v 1.059262 -1.790775 -1.858335
v 1.094010 -1.801543 -1.843912
v 1.090495 -1.830101 -1.852178
v -2.149597 0.033465 -1.858335
v -2.159934 -0.000082 -1.843912
v -2.187031 -0.000001 -1.846742
v 1.090495 -1.830101 -1.852178
v 1.094010 -1.801543 -1.843912
v 1.126811 -1.791342 -1.852384
v 1.126017 1.832849 -1.858336
v 1.126018 1.818729 -1.843913
v 1.091138 1.808753 -1.858336
v 2.206064 0.319744 -0.984518
v 2.206064 0.284252 -1.019294
v 2.206064 0.353293 -1.052164
v 2.206064 0.284252 -1.085035
v 2.206064 0.319744 -1.119811
v 2.206064 0.353293 -1.052164
v 2.206064 0.386842 -1.119811
v 2.206064 0.422334 -1.085035
v 2.206064 0.353293 -1.052164
v 2.206064 0.422334 -1.019294
v 2.206064 0.386842 -0.984518
v 2.206064 0.353293 -1.052164
v 1.090495 -1.830100 1.852179
v 1.170355 -1.849089 1.795822
v 1.126811 -1.791341 1.852385
v 2.175411 1.833523 1.858335
v 2.174699 1.896641 1.795821
v 1.126018 1.832850 1.858335
v 2.174699 1.896641 1.795821
v 2.175411 1.833523 1.858335
v 2.241196 1.832839 1.795821
v 2.241196 -0.636816 1.795822
v 2.175644 -0.671978 1.858336
v 2.196859 -0.748170 1.795822
v -2.174699 1.896641 1.795821
v -2.241196 1.832839 1.795821
v -2.174699 1.832839 1.858335
v -2.174699 -1.832838 1.858336
v -2.241196 -1.832838 1.795822
v -2.174699 -1.896640 1.795822
v 1.090495 -1.830100 1.852179
v 1.059520 -1.896640 1.795822
v 1.170355 -1.849089 1.795822
v -2.187030 0.000000 1.846743
v -2.149389 -0.033743 1.858336
v -2.159933 -0.000081 1.843912
v 1.160900 1.808753 1.858335
v 1.126018 1.832850 1.858335
v 1.126018 1.818730 1.843912
v 1.059263 -1.790774 1.858336
v 1.090495 -1.830100 1.852179
v 1.094010 -1.801542 1.843913
v -2.149597 0.033466 1.858336
v -2.187030 0.000000 1.846743
v -2.159933 -0.000081 1.843912
v 1.090495 -1.830100 1.852179
v 1.126811 -1.791341 1.852385
v 1.094010 -1.801542 1.843913
v 1.126018 1.832850 1.858335
v 1.091138 1.808754 1.858335
v 1.126018 1.818730 1.843912
v 2.206064 0.319745 0.984517
v 2.206064 0.353294 1.052164
v 2.206064 0.284253 1.019293
v 2.206064 0.284253 1.085035
v 2.206064 0.353294 1.052164
v 2.206064 0.319745 1.119810
v 2.206064 0.386842 1.119810
v 2.206064 0.353294 1.052164
v 2.206064 0.422335 1.085035
v 2.206064 0.422335 1.019293
v 2.206064 0.353294 1.052164
v 2.206064 0.386842 0.984517
v 2.003985 0.465604 -1.858336
v 2.003985 -0.596977 -1.858335
v 2.003985 -0.596977 -1.791004
v 2.003985 0.465604 -1.791004
v 0.888806 1.669043 -1.858336
v 0.888806 0.227596 -1.858336
v 0.888806 0.227596 -1.791004
v 0.888806 1.669043 -1.791005
v -2.241196 1.669043 -1.635336
v -2.241196 1.669043 -0.000000
v -2.241196 1.832838 -0.000000
v -2.241196 1.832837 -1.795822
v 1.363229 -1.241486 -1.858335
v 1.363229 -0.000001 -1.858336
v 1.363229 -0.000001 -1.791004
v 1.363229 -1.241486 -1.791004
v -2.003985 0.227596 -1.858336
v -2.003985 1.669043 -1.858336
v -2.003985 1.669043 -1.791004
v -2.003985 0.227596 -1.791004
v 1.284177 -1.727016 -1.635335
v 2.083037 -0.870244 -1.635335
v 2.029658 -0.824426 -1.635335
v 1.230798 -1.681198 -1.635335
v -2.003985 1.669043 -1.858336
v 0.888806 1.669043 -1.858336
v 0.888806 1.669043 -1.791005
v -2.003985 1.669043 -1.791004
v 2.083037 -0.870244 -1.635335
v 2.083037 -0.870244 0.000000
v 2.029658 -0.824425 0.000000
v 2.029658 -0.824426 -1.635335
v 1.284177 -1.727016 0.000000
v 1.284177 -1.727016 -1.635335
v 1.230798 -1.681198 -1.635335
v 1.230798 -1.681198 0.000000
v -2.003985 -0.227598 -1.858335
v 0.888806 -0.227598 -1.858336
v 0.888806 -0.227597 -1.791004
v -2.003985 -0.227597 -1.791004
v 0.888806 -0.227598 -1.858336
v 0.888806 -1.669044 -1.858335
v 0.888806 -1.669044 -1.791004
v 0.888806 -0.227597 -1.791004
v 0.888806 -1.669044 -1.858335
v -2.003985 -1.669044 -1.858335
v -2.003985 -1.669044 -1.791003
v 0.888806 -1.669044 -1.791004
v 1.284177 -1.727016 -1.635335
v 1.284177 -1.727016 0.000000
v 1.170355 -1.849090 0.000001
v 1.170354 -1.849090 -1.795821
v 0.888806 -1.669044 -1.858335
v 0.888806 -0.227598 -1.858336
v 1.090837 -0.033755 -1.858336
v 1.059262 -1.790775 -1.858335
v 1.059520 -1.896641 -1.795821
v -2.174699 -1.896641 -1.795821
v -2.174699 -1.832839 -1.858335
v 1.090495 -1.830101 -1.852178
v 2.083037 -0.870244 -1.635335
v 1.284177 -1.727016 -1.635335
v 1.170354 -1.849090 -1.795821
v 2.196859 -0.748171 -1.795822
v 2.241196 1.669043 -1.635336
v 2.241196 0.465604 -1.635335
v 2.241196 0.465604 -1.795822
v 2.241196 1.832837 -1.795822
v -2.003985 0.227596 -1.858336
v 0.888806 0.227596 -1.858336
v 1.091138 0.033465 -1.858336
v -2.149597 0.033465 -1.858335
v 0.888806 -0.227598 -1.858336
v -2.003985 -0.227598 -1.858335
v -2.149389 -0.033744 -1.858335
v 1.090837 -0.033755 -1.858336
v 2.241196 0.465604 -1.635335
v 2.241196 -0.473023 -1.635335
v 2.241196 -0.636817 -1.795822
v 2.241196 0.465604 -1.795822
v -2.003985 1.896640 -1.635336
v 2.003985 1.896640 -1.635336
v 2.174699 1.896640 -1.795822
v -2.174699 1.896640 -1.795822
v -2.241196 -1.669044 -1.635335
v -2.241196 -0.000001 -1.635335
v -2.241196 -0.000001 -1.795822
v -2.241196 -1.832839 -1.795821
v 0.888806 0.227596 -1.858336
v 0.888806 1.669043 -1.858336
v 1.091138 1.808753 -1.858336
v 1.091138 0.033465 -1.858336
v -2.241196 -0.000001 -1.635335
v -2.241196 1.669043 -1.635336
v -2.241196 1.832837 -1.795822
v -2.241196 -0.000001 -1.795822
v 2.003985 -0.596977 -1.858335
v 2.003985 0.465604 -1.858336
v 2.175496 0.465604 -1.858336
v 2.175644 -0.671979 -1.858335
v 2.241196 1.669043 -0.000001
v 2.241196 1.832838 -0.000001
v 2.003985 0.465604 -1.858336
v 2.003985 1.669043 -1.858336
v 2.175411 1.833521 -1.858336
v 2.175496 0.465604 -1.858336
v 2.003985 1.896640 -1.635336
v 2.003985 1.896641 -0.000001
v 2.174699 1.896641 -0.000001
v 2.174699 1.896640 -1.795822
v 2.083037 -0.870244 0.000000
v 2.083037 -0.870244 -1.635335
v 2.196859 -0.748171 -1.795822
v 2.196859 -0.748170 0.000000
v 2.241196 -0.473023 -1.635335
v 2.241196 -0.473022 0.000000
v 2.241196 -0.636817 0.000000
v 2.241196 -0.636817 -1.795822
v -2.174699 1.832837 -1.858336
v -2.187031 -0.000001 -1.846742
v -2.241196 -0.000001 -1.795822
v -2.241196 1.832837 -1.795822
v -2.003985 1.896641 -0.000000
v -2.003985 1.896640 -1.635336
v -2.174699 1.896640 -1.795822
v -2.174699 1.896641 -0.000000
v 1.363229 1.669043 -1.858336
v 1.363229 -0.000001 -1.858336
v 1.160900 -0.000001 -1.858336
v 1.160899 1.808752 -1.858336
v -2.174699 -1.896641 0.000001
v -2.174699 -1.896641 -1.795821
v 1.059520 -1.896641 -1.795821
v 1.059520 -1.896641 0.000001
v -2.003985 0.227596 -1.791004
v -2.003985 1.669043 -1.791004
v 0.888806 1.669043 -1.791005
v 0.888806 0.227596 -1.791004
v -2.169574 -0.000000 0.000000
v -2.169574 1.669043 -0.000000
v -2.169574 1.669043 -1.635336
v -2.169574 -0.000001 -1.635335
v 1.230798 -1.681198 0.000000
v 1.230798 -1.681198 -1.635335
v 2.029658 -0.824426 -1.635335
v 2.029658 -0.824425 0.000000
v 1.363229 -0.000001 -1.791004
v 1.363229 1.669043 -1.791005
v 2.003985 1.669043 -1.791005
v 2.003985 0.465604 -1.791004
v 1.363229 -1.241486 -1.791004
v 2.003985 -0.596977 -1.791004
v -2.003985 -1.669044 -1.791003
v -2.003985 -0.227597 -1.791004
v 0.888806 -0.227597 -1.791004
v 0.888806 -1.669044 -1.791004
v -2.169574 -1.669044 0.000001
v -2.169574 -0.000000 0.000000
v -2.169574 -0.000001 -1.635335
v -2.169574 -1.669044 -1.635335
v 2.169574 -0.473023 -1.635335
v 2.169574 0.465604 -1.635335
v 2.169574 0.465604 -0.000000
v 2.169574 -0.473022 0.000000
v 2.169574 1.669043 -1.635336
v 2.169574 1.669043 -0.000001
v -2.003985 1.827921 -1.635336
v -2.003985 1.827921 -0.000000
v 2.003985 1.827921 -0.000001
v 2.003985 1.827921 -1.635336
v 2.241196 -0.473023 -1.635335
v 2.241196 0.465604 -1.635335
v 2.169574 0.465604 -1.635335
v 2.169574 -0.473023 -1.635335
v 0.888806 0.227596 -1.858336
v -2.003985 0.227596 -1.858336
v -2.003985 0.227596 -1.791004
v 0.888806 0.227596 -1.791004
v 2.003985 -0.596977 -1.858335
v 1.363229 -1.241486 -1.858335
v 1.363229 -1.241486 -1.791004
v 2.003985 -0.596977 -1.791004
v 2.241196 -0.473022 0.000000
v 2.241196 -0.473023 -1.635335
v 2.169574 -0.473023 -1.635335
v 2.169574 -0.473022 0.000000
v 1.363229 1.669043 -1.858336
v 2.003985 1.669043 -1.858336
v 2.003985 1.669043 -1.791005
v 1.363229 1.669043 -1.791005
v 2.241196 1.669043 -1.635336
v 2.169574 1.669043 -1.635336
v -2.241196 1.669043 -0.000000
v -2.241196 1.669043 -1.635336
v -2.169574 1.669043 -1.635336
v -2.169574 1.669043 -0.000000
v 1.363229 1.669043 -1.858336
v 1.363229 1.669043 -1.791005
v 2.241196 1.669043 -1.635336
v 2.241196 1.669043 -0.000001
v 2.169574 1.669043 -0.000001
v 2.169574 1.669043 -1.635336
v -2.003985 1.896640 -1.635336
v -2.003985 1.896641 -0.000000
v -2.003985 1.827921 -0.000000
v -2.003985 1.827921 -1.635336
v -2.241196 -0.000001 -1.635335
v -2.241196 -1.669044 -1.635335
v -2.169574 -1.669044 -1.635335
v -2.169574 -0.000001 -1.635335
v 2.003985 1.669043 -1.858336
v 2.003985 1.669043 -1.791005
v 2.003985 1.896640 -1.635336
v -2.003985 1.896640 -1.635336
v -2.003985 1.827921 -1.635336
v 2.003985 1.827921 -1.635336
v -2.241196 1.669043 -1.635336
v -2.169574 1.669043 -1.635336
v -2.003985 -1.669044 -1.858335
v -2.003985 -0.227598 -1.858335
v -2.003985 -0.227597 -1.791004
v -2.003985 -1.669044 -1.791003
v -2.241196 -1.669044 -1.635335
v -2.241196 -1.669044 0.000001
v -2.169574 -1.669044 0.000001
v -2.169574 -1.669044 -1.635335
v 2.003985 1.896641 -0.000001
v 2.003985 1.896640 -1.635336
v 2.003985 1.827921 -1.635336
v 2.003985 1.827921 -0.000001
v 2.169574 0.658124 -1.206258
v 2.206064 0.658124 -1.206258
v 2.206064 0.496702 -1.206258
v 2.169574 0.496702 -1.206258
v 2.206064 0.780582 -0.040192
v 2.206064 0.780582 -0.000000
v 2.206064 0.658124 -0.000000
v 2.206064 0.658124 -0.040192
v 2.169574 1.178051 -0.040192
v 2.169574 1.178051 -0.000000
v 2.206064 1.178051 -0.000000
v 2.206064 1.178051 -0.040192
v -2.174699 1.896641 -0.000000
v -2.174699 1.896640 -1.795822
v -2.241196 1.832837 -1.795822
v -2.241196 1.832838 -0.000000
v 1.059520 -1.896641 0.000001
v 1.059520 -1.896641 -1.795821
v 1.170354 -1.849090 -1.795821
v 1.170355 -1.849090 0.000001
v 2.241196 0.465604 -1.795822
v 2.241196 -0.636817 -1.795822
v 2.175644 -0.671979 -1.858335
v 2.175496 0.465604 -1.858336
v 2.196859 -0.748170 0.000000
v 2.196859 -0.748171 -1.795822
v 2.241196 -0.636817 -1.795822
v 2.241196 -0.636817 0.000000
v 1.363229 -1.241486 -1.858335
v 2.003985 -0.596977 -1.858335
v 2.175644 -0.671979 -1.858335
v 1.126811 -1.791342 -1.852384
v -2.174699 1.896640 -1.795822
v 2.174699 1.896640 -1.795822
v 1.126017 1.832849 -1.858336
v -2.174699 1.832837 -1.858336
v -2.187031 -0.000001 -1.846742
v -2.174699 -1.832839 -1.858335
v -2.241196 -1.832839 -1.795821
v -2.241196 -0.000001 -1.795822
v 2.241196 1.832837 -1.795822
v 2.241196 0.465604 -1.795822
v 2.175496 0.465604 -1.858336
v 2.175411 1.833521 -1.858336
v -2.174699 -1.896641 -1.795821
v -2.174699 -1.896641 0.000001
v -2.241196 -1.832838 0.000001
v -2.241196 -1.832839 -1.795821
v 2.174699 1.896640 -1.795822
v 2.174699 1.896641 -0.000001
v 2.241196 1.832838 -0.000001
v 2.241196 1.832837 -1.795822
v -2.241196 -1.669044 0.000001
v -2.241196 -1.669044 -1.635335
v -2.241196 -1.832839 -1.795821
v -2.241196 -1.832838 0.000001
v 1.160899 1.808752 -1.858336
v 1.160900 -0.000001 -1.858336
v 1.126026 -0.000043 -1.843912
v 1.126018 1.818729 -1.843913
v 1.126018 1.818729 -1.843913
v 1.126026 -0.000043 -1.843912
v 1.091138 0.033465 -1.858336
v 1.091138 1.808753 -1.858336
v 1.059262 -1.790775 -1.858335
v 1.090837 -0.033755 -1.858336
v 1.126026 -0.000043 -1.843912
v 1.094010 -1.801543 -1.843912
v 1.094010 -1.801543 -1.843912
v 1.126026 -0.000043 -1.843912
v 1.160900 -0.000001 -1.858336
v 1.126811 -1.791342 -1.852384
v -2.149597 0.033465 -1.858335
v 1.091138 0.033465 -1.858336
v 1.126026 -0.000043 -1.843912
v -2.159934 -0.000082 -1.843912
v -2.159934 -0.000082 -1.843912
v 1.126026 -0.000043 -1.843912
v 1.090837 -0.033755 -1.858336
v -2.149389 -0.033744 -1.858335
v 1.363229 -0.000001 -1.858336
v 1.363229 -1.241486 -1.858335
v 1.126811 -1.791342 -1.852384
v 1.160900 -0.000001 -1.858336
v 1.170354 -1.849090 -1.795821
v 1.126811 -1.791342 -1.852384
v 2.175644 -0.671979 -1.858335
v 2.196859 -0.748171 -1.795822
v 2.206064 0.496702 -0.000000
v 2.206064 0.496702 -0.040192
v 2.169574 0.780582 -1.206258
v 2.206064 0.780582 -1.206258
v 2.169574 0.194313 -1.099823
v 2.169574 0.194313 -1.132111
v 2.206064 0.194313 -1.132111
v 2.206064 0.194313 -1.099823
v 2.206064 1.045393 -0.040192
v 2.206064 1.178051 -0.040192
v 2.206064 1.178051 -0.000000
v 2.206064 1.045393 -0.000000
v 2.206064 0.194314 -0.040192
v 2.206064 0.316812 -0.040192
v 2.206064 0.316812 -0.000000
v 2.206064 0.194314 -0.000000
v 2.169574 1.045393 -0.040192
v 2.169574 1.045393 -0.000000
v 2.169574 1.178051 -0.000000
v 2.169574 1.178051 -0.040192
v 2.169574 0.194314 -0.040192
v 2.169574 0.194314 -0.000000
v 2.169574 0.316812 -0.000000
v 2.169574 0.316812 -0.040192
v 2.169574 0.658124 -1.099823
v 2.169574 0.658124 -1.206258
v 2.169574 0.496702 -1.206258
v 2.169574 0.496702 -1.099823
v 2.169574 1.045393 -1.206258
v 2.206064 1.045393 -1.206258
v 2.206064 0.316812 -1.206258
v 2.169574 0.316812 -1.206258
v 2.206064 1.045393 -0.040192
v 2.206064 1.045393 -0.000000
v 2.206064 0.780582 -0.000000
v 2.206064 0.780582 -0.040192
v 2.169574 1.045393 -1.099823
v 2.169574 1.045393 -1.206258
v 2.169574 0.780582 -1.206258
v 2.169574 0.780582 -1.099823
v 2.169574 0.496702 -0.000000
v 2.169574 0.496702 -0.040192
v 2.169574 0.316812 -1.206258
v 2.169574 0.316812 -1.099823
v 2.169574 1.045393 -0.622594
v 2.169574 1.178051 -0.622594
v 2.206064 0.194314 -0.622594
v 2.206064 0.316812 -0.622594
v 2.206064 1.045393 -1.206258
v 2.206064 1.045393 -1.099823
v 2.206064 0.780582 -1.099823
v 2.206064 0.780582 -1.206258
v 2.206064 0.658124 -1.099823
v 2.206064 0.658124 -0.699024
v 2.206064 0.496702 -0.699024
v 2.206064 0.496702 -1.099823
v 2.169574 1.178051 -1.132111
v 2.169574 1.178051 -1.099823
v 2.206064 1.178051 -1.099823
v 2.206064 1.178051 -1.132111
v 2.169574 1.092974 -1.206258
v 2.206064 1.092974 -1.206258
v 2.206064 0.658124 -1.206258
v 2.206064 0.658124 -1.099823
v 2.206064 0.496702 -1.099823
v 2.206064 0.496702 -1.206258
v 2.169574 0.194313 -1.099823
v 2.169574 0.194314 -0.699024
v 2.169574 0.316812 -0.699024
v 2.169574 0.194314 -0.000000
v 2.169574 0.194314 -0.040192
v 2.206064 0.194314 -0.040192
v 2.206064 0.194314 -0.000000
v 2.169574 0.658124 -0.000000
v 2.169574 0.658124 -0.040192
v 2.169574 0.780582 -0.040192
v 2.169574 0.780582 -0.000000
v 2.169574 0.658124 -0.699024
v 2.169574 0.496702 -0.699024
v 2.169574 0.194314 -0.622594
v 2.206064 0.194314 -0.622594
v 2.169574 0.194314 -0.699024
v 2.169574 0.194313 -1.099823
v 2.206064 0.194313 -1.099823
v 2.206064 0.194314 -0.699024
v 2.169574 1.045393 -0.699024
v 2.169574 1.178051 -0.699024
v 2.169574 1.178051 -1.099823
v 2.206064 1.178051 -1.099823
v 2.206064 1.178051 -0.699024
v 2.206064 1.045393 -0.699024
v 2.206064 0.780582 -0.622594
v 2.206064 0.658124 -0.622594
v 2.169574 1.178051 -0.699024
v 2.206064 1.178051 -0.699024
v 2.206064 1.045393 -1.099823
v 2.206064 1.045393 -0.699024
v 2.206064 0.780582 -0.699024
v 2.206064 0.780582 -1.099823
v 2.206064 0.658124 -0.622594
v 2.206064 0.658124 -0.040192
v 2.206064 0.496702 -0.040192
v 2.206064 0.496702 -0.622594
v 2.206064 1.045393 -0.622594
v 2.206064 1.178051 -0.622594
v 2.206064 0.780582 -0.699024
v 2.206064 0.658124 -0.699024
v 2.169574 0.780582 -0.622594
v 2.169574 0.658124 -0.622594
v 2.206064 0.496702 -0.622594
v 2.169574 1.178051 -0.622594
v 2.169574 1.178051 -0.040192
v 2.206064 1.178051 -0.040192
v 2.206064 1.178051 -0.622594
v 2.206064 1.045393 -0.622594
v 2.206064 0.780582 -0.622594
v 2.169574 0.496702 -0.622594
v 2.169574 0.194314 -0.622594
v 2.169574 0.316812 -0.622594
v 2.169574 0.780582 -0.699024
v 2.206064 0.496702 -0.699024
v 2.206064 0.194314 -0.699024
v 2.206064 0.316812 -0.699024
v 2.169574 0.194314 -0.699024
v 2.206064 0.194314 -0.699024
v 2.169574 1.178051 -1.132111
v 2.206064 1.178051 -1.132111
v 2.206064 1.166653 -1.169184
v 2.169574 1.166653 -1.169184
v 2.169574 1.166653 -1.169184
v 2.206064 1.166653 -1.169184
v 2.206064 1.135512 -1.196324
v 2.169574 1.135512 -1.196324
v 2.169574 1.135512 -1.196324
v 2.206064 1.135512 -1.196324
v 2.206064 1.092974 -1.206258
v 2.169574 1.092974 -1.206258
v 2.206064 0.194313 -1.132111
v 2.169574 0.194313 -1.132111
v 2.169574 0.205711 -1.169184
v 2.206064 0.205711 -1.169184
v 2.206064 0.205711 -1.169184
v 2.169574 0.205711 -1.169184
v 2.169574 0.236852 -1.196324
v 2.206064 0.236852 -1.196324
v 2.206064 0.236852 -1.196324
v 2.169574 0.236852 -1.196324
v 2.169574 0.279391 -1.206258
v 2.206064 0.279391 -1.206258
v 2.169574 0.279391 -1.206258
v 2.206064 0.279391 -1.206258
v 2.206064 0.353293 -0.977952
v 2.206064 0.319744 -0.984518
v 2.206064 0.353293 -1.052164
v 2.206064 0.386842 -0.984518
v 2.206064 0.277551 -1.052164
v 2.206064 0.284252 -1.085035
v 2.206064 0.353293 -1.052164
v 2.206064 0.284252 -1.019294
v 2.206064 0.353293 -1.126376
v 2.206064 0.386842 -1.119811
v 2.206064 0.319744 -1.119811
v 2.206064 0.429035 -1.052164
v 2.206064 0.422334 -1.019294
v 2.206064 0.353293 -1.052164
v 2.206064 0.422334 -1.085035
v 2.003985 0.465605 1.858335
v 2.003985 0.465605 1.791004
v 2.003985 -0.596976 1.791004
v 2.003985 -0.596976 1.858336
v 0.888807 1.669044 1.858335
v 0.888807 1.669044 1.791003
v 0.888807 0.227597 1.791004
v 0.888807 0.227597 1.858335
v -2.241196 1.669044 1.635335
v -2.241196 1.832839 1.795821
v -2.241196 1.832838 -0.000000
v -2.241196 1.669043 -0.000000
v 1.363229 -1.241485 1.858336
v 1.363229 -1.241485 1.791004
v 1.363229 0.000000 1.791004
v 1.363229 0.000001 1.858335
v -2.003985 0.227597 1.858336
v -2.003985 0.227597 1.791004
v -2.003985 1.669044 1.791004
v -2.003985 1.669044 1.858335
v 1.284177 -1.727015 1.635336
v 1.230798 -1.681197 1.635336
v 2.029658 -0.824425 1.635335
v 2.083037 -0.870243 1.635335
v -2.003985 1.669044 1.858335
v -2.003985 1.669044 1.791004
v 0.888807 1.669044 1.791003
v 0.888807 1.669044 1.858335
v 2.083037 -0.870243 1.635335
v 2.029658 -0.824425 1.635335
v 1.284177 -1.727016 0.000000
v 1.230798 -1.681198 0.000000
v 1.230798 -1.681197 1.635336
v 1.284177 -1.727015 1.635336
v -2.003985 -0.227596 1.858336
v -2.003985 -0.227596 1.791004
v 0.888807 -0.227596 1.791004
v 0.888807 -0.227596 1.858336
v 0.888807 -0.227596 1.858336
v 0.888807 -0.227596 1.791004
v 0.888807 -1.669043 1.791004
v 0.888807 -1.669043 1.858336
v 0.888807 -1.669043 1.858336
v 0.888807 -1.669043 1.791004
v -2.003985 -1.669043 1.791005
v -2.003985 -1.669043 1.858336
v 1.284177 -1.727015 1.635336
v 1.170355 -1.849089 1.795822
v 1.170355 -1.849090 0.000001
v 1.284177 -1.727016 0.000000
v 0.888807 -1.669043 1.858336
v 1.059263 -1.790774 1.858336
v 1.090837 -0.033754 1.858335
v 0.888807 -0.227596 1.858336
v 1.059520 -1.896640 1.795822
v 1.090495 -1.830100 1.852179
v -2.174699 -1.832838 1.858336
v -2.174699 -1.896640 1.795822
v 2.083037 -0.870243 1.635335
v 2.196859 -0.748170 1.795822
v 1.170355 -1.849089 1.795822
v 1.284177 -1.727015 1.635336
v 2.241196 1.669044 1.635335
v 2.241196 1.832839 1.795821
v 2.241196 0.465605 1.795821
v 2.241196 0.465605 1.635335
v -2.003985 0.227597 1.858336
v -2.149597 0.033466 1.858336
v 1.091138 0.033466 1.858335
v 0.888807 0.227597 1.858335
v 0.888807 -0.227596 1.858336
v 1.090837 -0.033754 1.858335
v -2.149389 -0.033743 1.858336
v -2.003985 -0.227596 1.858336
v 2.241196 0.465605 1.635335
v 2.241196 0.465605 1.795821
v 2.241196 -0.636816 1.795822
v 2.241196 -0.473022 1.635335
v -2.003985 1.896641 1.635335
v -2.174699 1.896641 1.795821
v 2.174699 1.896641 1.795821
v 2.003985 1.896641 1.635334
v -2.241196 -1.669043 1.635336
v -2.241196 -1.832838 1.795822
v -2.241196 0.000000 1.795822
v -2.241196 0.000000 1.635335
v 0.888807 0.227597 1.858335
v 1.091138 0.033466 1.858335
v 1.091138 1.808754 1.858335
v 0.888807 1.669044 1.858335
v -2.241196 1.832839 1.795821
v -2.241196 1.669044 1.635335
v 2.003985 -0.596976 1.858336
v 2.175644 -0.671978 1.858336
v 2.175496 0.465605 1.858335
v 2.003985 0.465605 1.858335
v 2.175411 1.833523 1.858335
v 2.003985 1.669044 1.858335
v 2.003985 1.896641 1.635334
v 2.174699 1.896641 1.795821
v 2.174699 1.896641 -0.000001
v 2.003985 1.896641 -0.000001
v 2.083037 -0.870244 0.000000
v 2.196859 -0.748170 0.000000
v 2.196859 -0.748170 1.795822
v 2.083037 -0.870243 1.635335
v 2.241196 -0.473022 1.635335
v 2.241196 -0.636816 1.795822
v -2.174699 1.832839 1.858335
v -2.241196 1.832839 1.795821
v -2.241196 0.000000 1.795822
v -2.187030 0.000000 1.846743
v -2.003985 1.896641 -0.000000
v -2.174699 1.896641 -0.000000
v -2.174699 1.896641 1.795821
v -2.003985 1.896641 1.635335
v 1.363229 1.669044 1.858335
v 1.160900 1.808753 1.858335
v 1.160900 0.000001 1.858335
v 1.363229 0.000001 1.858335
v -2.174699 -1.896641 0.000001
v 1.059520 -1.896641 0.000001
v 1.059520 -1.896640 1.795822
v -2.174699 -1.896640 1.795822
v -2.003985 0.227597 1.791004
v 0.888807 0.227597 1.791004
v 0.888807 1.669044 1.791003
v -2.003985 1.669044 1.791004
v -2.169574 0.000000 1.635335
v -2.169574 1.669044 1.635335
v 1.230798 -1.681198 0.000000
v 2.029658 -0.824425 0.000000
v 2.029658 -0.824425 1.635335
v 1.230798 -1.681197 1.635336
v 1.363229 0.000000 1.791004
v 2.003985 0.465605 1.791004
v 2.003985 1.669044 1.791003
v 1.363229 1.669044 1.791003
v 1.363229 -1.241485 1.791004
v 2.003985 -0.596976 1.791004
v -2.003985 -1.669043 1.791005
v 0.888807 -1.669043 1.791004
v 0.888807 -0.227596 1.791004
v -2.003985 -0.227596 1.791004
v -2.169574 -1.669043 1.635336
v -2.169574 0.000000 1.635335
v 2.169574 -0.473022 1.635335
v 2.169574 0.465605 1.635335
v 2.169574 1.669044 1.635335
v -2.003985 1.827922 1.635335
v 2.003985 1.827922 1.635334
v 2.003985 1.827921 -0.000001
v -2.003985 1.827921 -0.000000
v 2.241196 -0.473022 1.635335
v 2.169574 -0.473022 1.635335
v 2.169574 0.465605 1.635335
v 2.241196 0.465605 1.635335
v 0.888807 0.227597 1.858335
v 0.888807 0.227597 1.791004
v -2.003985 0.227597 1.791004
v -2.003985 0.227597 1.858336
v 2.003985 -0.596976 1.858336
v 2.003985 -0.596976 1.791004
v 1.363229 -1.241485 1.791004
v 1.363229 -1.241485 1.858336
v 2.169574 -0.473022 1.635335
v 2.241196 -0.473022 1.635335
v 1.363229 1.669044 1.858335
v 1.363229 1.669044 1.791003
v 2.003985 1.669044 1.791003
v 2.003985 1.669044 1.858335
v 2.169574 1.669044 1.635335
v 2.241196 1.669044 1.635335
v -2.169574 1.669044 1.635335
v -2.241196 1.669044 1.635335
v 1.363229 1.669044 1.791003
v 1.363229 1.669044 1.858335
v 2.241196 1.669044 1.635335
v 2.169574 1.669044 1.635335
v 2.169574 1.669043 -0.000001
v 2.241196 1.669043 -0.000001
v -2.003985 1.896641 1.635335
v -2.003985 1.827922 1.635335
v -2.003985 1.827921 -0.000000
v -2.003985 1.896641 -0.000000
v -2.241196 0.000000 1.635335
v -2.169574 0.000000 1.635335
v -2.169574 -1.669043 1.635336
v -2.241196 -1.669043 1.635336
v 2.003985 1.669044 1.858335
v 2.003985 1.669044 1.791003
v 2.003985 1.896641 1.635334
v 2.003985 1.827922 1.635334
v -2.003985 1.827922 1.635335
v -2.003985 1.896641 1.635335
v -2.241196 1.669044 1.635335
v -2.169574 1.669044 1.635335
v -2.003985 -1.669043 1.858336
v -2.003985 -1.669043 1.791005
v -2.003985 -0.227596 1.791004
v -2.003985 -0.227596 1.858336
v -2.241196 -1.669043 1.635336
v -2.169574 -1.669043 1.635336
v -2.169574 -1.669044 0.000001
v -2.241196 -1.669044 0.000001
v 2.003985 1.827922 1.635334
v 2.003985 1.896641 1.635334
v 2.169574 0.658125 1.206257
v 2.169574 0.496703 1.206257
v 2.206064 0.496703 1.206257
v 2.206064 0.658125 1.206257
v 2.206064 0.780582 0.040191
v 2.206064 0.658124 0.040191
v 2.169574 1.178051 0.040191
v 2.206064 1.178051 0.040191
v 2.206064 1.178051 -0.000000
v 2.169574 1.178051 -0.000000
v -2.174699 1.896641 -0.000000
v -2.241196 1.832838 -0.000000
v -2.241196 1.832839 1.795821
v -2.174699 1.896641 1.795821
v 1.059520 -1.896641 0.000001
v 1.170355 -1.849090 0.000001
v 1.170355 -1.849089 1.795822
v 1.059520 -1.896640 1.795822
v 2.241196 0.465605 1.795821
v 2.175496 0.465605 1.858335
v 2.175644 -0.671978 1.858336
v 2.241196 -0.636816 1.795822
v 2.196859 -0.748170 0.000000
v 2.241196 -0.636817 0.000000
v 2.241196 -0.636816 1.795822
v 2.196859 -0.748170 1.795822
v 1.363229 -1.241485 1.858336
v 1.126811 -1.791341 1.852385
v 2.175644 -0.671978 1.858336
v 2.003985 -0.596976 1.858336
v -2.174699 1.896641 1.795821
v -2.174699 1.832839 1.858335
v 1.126018 1.832850 1.858335
v 2.174699 1.896641 1.795821
v -2.187030 0.000000 1.846743
v -2.241196 0.000000 1.795822
v -2.241196 -1.832838 1.795822
v -2.174699 -1.832838 1.858336
v 2.241196 1.832839 1.795821
v 2.175411 1.833523 1.858335
v 2.175496 0.465605 1.858335
v 2.241196 0.465605 1.795821
v -2.174699 -1.896640 1.795822
v -2.241196 -1.832838 1.795822
v -2.241196 -1.832838 0.000001
v -2.174699 -1.896641 0.000001
v 2.174699 1.896641 1.795821
v 2.241196 1.832839 1.795821
v 2.241196 1.832838 -0.000001
v 2.174699 1.896641 -0.000001
v -2.241196 -1.669044 0.000001
v -2.241196 -1.832838 0.000001
v -2.241196 -1.832838 1.795822
v -2.241196 -1.669043 1.635336
v 1.160900 1.808753 1.858335
v 1.126018 1.818730 1.843912
v 1.126026 -0.000041 1.843912
v 1.160900 0.000001 1.858335
v 1.126018 1.818730 1.843912
v 1.091138 1.808754 1.858335
v 1.091138 0.033466 1.858335
v 1.126026 -0.000041 1.843912
v 1.059263 -1.790774 1.858336
v 1.094010 -1.801542 1.843913
v 1.126026 -0.000041 1.843912
v 1.090837 -0.033754 1.858335
v 1.094010 -1.801542 1.843913
v 1.126811 -1.791341 1.852385
v 1.160900 0.000001 1.858335
v 1.126026 -0.000041 1.843912
v -2.149597 0.033466 1.858336
v -2.159933 -0.000081 1.843912
v 1.126026 -0.000041 1.843912
v 1.091138 0.033466 1.858335
v -2.159933 -0.000081 1.843912
v -2.149389 -0.033743 1.858336
v 1.090837 -0.033754 1.858335
v 1.126026 -0.000041 1.843912
v 1.363229 0.000001 1.858335
v 1.160900 0.000001 1.858335
v 1.126811 -1.791341 1.852385
v 1.363229 -1.241485 1.858336
v 1.170355 -1.849089 1.795822
v 2.196859 -0.748170 1.795822
v 2.175644 -0.671978 1.858336
v 1.126811 -1.791341 1.852385
v 2.206064 0.496702 0.040191
v 2.169574 0.780582 1.206257
v 2.206064 0.780582 1.206257
v 2.169574 0.194314 1.099823
v 2.206064 0.194314 1.099823
v 2.206064 0.194314 1.132110
v 2.169574 0.194314 1.132110
v 2.206064 1.045393 0.040191
v 2.206064 1.178051 0.040191
v 2.206064 0.194314 0.040191
v 2.206064 0.316812 0.040191
v 2.169574 1.045393 0.040191
v 2.169574 1.178051 0.040191
v 2.169574 0.194314 0.040191
v 2.169574 0.316812 0.040191
v 2.169574 0.658125 1.099823
v 2.169574 0.496703 1.099823
v 2.169574 0.496703 1.206257
v 2.169574 0.658125 1.206257
v 2.169574 1.045393 1.206257
v 2.206064 1.045393 1.206257
v 2.206064 0.316813 1.206257
v 2.169574 0.316813 1.206257
v 2.206064 1.045393 0.040191
v 2.206064 0.780582 0.040191
v 2.169574 1.045393 1.099823
v 2.169574 0.780582 1.099823
v 2.169574 0.780582 1.206257
v 2.169574 1.045393 1.206257
v 2.169574 0.496702 0.040191
v 2.169574 0.316813 1.206257
v 2.169574 0.316813 1.099823
v 2.169574 1.045393 0.622593
v 2.169574 1.178052 0.622593
v 2.206064 0.194314 0.622594
v 2.206064 0.316813 0.622593
v 2.206064 1.045393 1.206257
v 2.206064 0.780582 1.206257
v 2.206064 0.780582 1.099823
v 2.206064 1.045393 1.099823
v 2.206064 0.658125 1.099823
v 2.206064 0.496703 1.099823
v 2.206064 0.496703 0.699023
v 2.206064 0.658125 0.699023
v 2.169574 1.178052 1.132110
v 2.206064 1.178052 1.132110
v 2.206064 1.178052 1.099823
v 2.169574 1.178052 1.099823
v 2.206064 1.092975 1.206257
v 2.169574 1.092975 1.206257
v 2.206064 0.658125 1.206257
v 2.206064 0.496703 1.206257
v 2.206064 0.496703 1.099823
v 2.206064 0.658125 1.099823
v 2.169574 0.194314 1.099823
v 2.169574 0.316813 0.699023
v 2.169574 0.194314 0.699023
v 2.206064 0.194314 0.040191
v 2.169574 0.194314 0.040191
v 2.169574 0.658124 0.040191
v 2.169574 0.780582 0.040191
v 2.169574 0.658125 0.699023
v 2.169574 0.496703 0.699023
v 2.206064 0.194314 0.622594
v 2.169574 0.194314 0.622594
v 2.169574 0.194314 0.699023
v 2.206064 0.194314 0.699023
v 2.206064 0.194314 1.099823
v 2.169574 0.194314 1.099823
v 2.169574 1.178052 1.099823
v 2.169574 1.178052 0.699023
v 2.169574 1.045393 0.699023
v 2.206064 1.045393 0.699023
v 2.206064 1.178052 0.699023
v 2.206064 1.178052 1.099823
v 2.206064 0.780582 0.622593
v 2.206064 0.658125 0.622593
v 2.206064 1.178052 0.699023
v 2.169574 1.178052 0.699023
v 2.206064 1.045393 1.099823
v 2.206064 0.780582 1.099823
v 2.206064 0.780582 0.699023
v 2.206064 1.045393 0.699023
v 2.206064 0.658125 0.622593
v 2.206064 0.496703 0.622593
v 2.206064 0.496702 0.040191
v 2.206064 0.658124 0.040191
v 2.206064 1.045393 0.622593
v 2.206064 1.178052 0.622593
v 2.206064 0.658125 0.699023
v 2.206064 0.780582 0.699023
v 2.169574 0.658125 0.622593
v 2.169574 0.780582 0.622593
v 2.206064 0.496703 0.622593
v 2.169574 1.178052 0.622593
v 2.206064 1.178052 0.622593
v 2.206064 1.178051 0.040191
v 2.169574 1.178051 0.040191
v 2.206064 1.045393 0.622593
v 2.206064 0.780582 0.622593
v 2.169574 0.496703 0.622593
v 2.169574 0.194314 0.622594
v 2.169574 0.316813 0.622593
v 2.169574 0.780582 0.699023
v 2.206064 0.496703 0.699023
v 2.206064 0.316813 0.699023
v 2.206064 0.194314 0.699023
v 2.169574 0.194314 0.699023
v 2.206064 0.194314 0.699023
v 2.169574 1.178052 1.132110
v 2.169574 1.166654 1.169183
v 2.206064 1.166654 1.169183
v 2.206064 1.178052 1.132110
v 2.169574 1.166654 1.169183
v 2.169574 1.135513 1.196323
v 2.206064 1.135513 1.196323
v 2.206064 1.166654 1.169183
v 2.169574 1.135513 1.196323
v 2.169574 1.092975 1.206257
v 2.206064 1.092975 1.206257
v 2.206064 1.135513 1.196323
v 2.206064 0.194314 1.132110
v 2.206064 0.205712 1.169184
v 2.169574 0.205712 1.169184
v 2.169574 0.194314 1.132110
v 2.206064 0.205712 1.169184
v 2.206064 0.236852 1.196323
v 2.169574 0.236852 1.196323
v 2.169574 0.205712 1.169184
v 2.206064 0.236852 1.196323
v 2.206064 0.279391 1.206257
v 2.169574 0.279391 1.206257
v 2.169574 0.236852 1.196323
v 2.169574 0.279391 1.206257
v 2.206064 0.279391 1.206257
v 2.206064 0.353294 0.977952
v 2.206064 0.386842 0.984517
v 2.206064 0.353294 1.052164
v 2.206064 0.319745 0.984517
v 2.206064 0.277552 1.052164
v 2.206064 0.284253 1.019293
v 2.206064 0.353294 1.052164
v 2.206064 0.284253 1.085035
v 2.206064 0.353294 1.126376
v 2.206064 0.319745 1.119810
v 2.206064 0.386842 1.119810
v 2.206064 0.429036 1.052164
v 2.206064 0.422335 1.085035
v 2.206064 0.353294 1.052164
v 2.206064 0.422335 1.019293
v -1.919050 1.825992 0.732455
v -1.905224 1.848438 0.732455
v -1.886788 1.848438 0.702435
v -1.893701 1.825992 0.691179
v -1.893701 1.825992 0.691179
v -1.886788 1.848438 0.702435
v -1.849916 1.848438 0.702435
v -1.843003 1.825992 0.691179
v -1.843003 1.825992 0.691179
v -1.849916 1.848438 0.702435
v -1.831480 1.848438 0.732455
v -1.817654 1.825992 0.732455
v -1.817654 1.825992 0.732455
v -1.831480 1.848438 0.732455
v -1.849916 1.848438 0.762474
v -1.843003 1.825992 0.773730
v -1.843003 1.825992 0.773730
v -1.849916 1.848438 0.762474
v -1.886788 1.848438 0.762474
v -1.893701 1.825992 0.773730
v -1.893701 1.825992 0.773730
v -1.886788 1.848438 0.762474
v -1.905224 1.848438 0.732455
v -1.919050 1.825992 0.732455
v -1.919050 1.825992 -0.017111
v -1.905224 1.848438 -0.017111
v -1.886788 1.848438 -0.047130
v -1.893701 1.825992 -0.058386
v -1.893701 1.825992 -0.058386
v -1.886788 1.848438 -0.047130
v -1.849916 1.848438 -0.047130
v -1.843003 1.825992 -0.058386
v -1.843003 1.825992 -0.058386
v -1.849916 1.848438 -0.047130
v -1.831480 1.848438 -0.017111
v -1.817654 1.825992 -0.017111
v -1.817654 1.825992 -0.017111
v -1.831480 1.848438 -0.017111
v -1.849916 1.848438 0.012909
v -1.843003 1.825992 0.024165
v -1.843003 1.825992 0.024165
v -1.849916 1.848438 0.012909
v -1.886788 1.848438 0.012909
v -1.893701 1.825992 0.024165
v -1.893701 1.825992 0.024165
v -1.886788 1.848438 0.012909
v -1.905224 1.848438 -0.017111
v -1.919050 1.825992 -0.017111
v -1.919050 1.825991 -0.766676
v -1.905224 1.848437 -0.766676
v -1.886788 1.848437 -0.796695
v -1.893701 1.825991 -0.807951
v -1.893701 1.825991 -0.807951
v -1.886788 1.848437 -0.796695
v -1.849916 1.848437 -0.796695
v -1.843003 1.825991 -0.807951
v -1.843003 1.825991 -0.807951
v -1.849916 1.848437 -0.796695
v -1.831480 1.848437 -0.766676
v -1.817654 1.825991 -0.766676
v -1.817654 1.825991 -0.766676
v -1.831480 1.848437 -0.766676
v -1.849916 1.848437 -0.736656
v -1.843003 1.825991 -0.725400
v -1.843003 1.825991 -0.725400
v -1.849916 1.848437 -0.736656
v -1.886788 1.848437 -0.736656
v -1.893701 1.825991 -0.725400
v -1.893701 1.825991 -0.725400
v -1.886788 1.848437 -0.736656
v -1.905224 1.848437 -0.766676
v -1.919050 1.825991 -0.766676
v -1.868352 1.825992 1.434359
v -1.868352 1.848438 1.447356
v -1.836420 1.848438 1.464688
v -1.824446 1.825992 1.458189
v -1.824446 1.825992 1.458189
v -1.836420 1.848438 1.464688
v -1.836420 1.848438 1.499351
v -1.824446 1.825992 1.505850
v -1.824446 1.825992 1.505850
v -1.836420 1.848438 1.499351
v -1.868352 1.848438 1.516683
v -1.868352 1.825992 1.529681
v -1.868352 1.825992 1.529681
v -1.868352 1.848438 1.516683
v -1.900284 1.848438 1.499351
v -1.912258 1.825992 1.505850
v -1.912258 1.825992 1.505850
v -1.900284 1.848438 1.499351
v -1.900284 1.848438 1.464688
v -1.912258 1.825992 1.458189
v -1.912258 1.825992 1.458189
v -1.900284 1.848438 1.464688
v -1.868352 1.848438 1.447356
v -1.868352 1.825992 1.434359
v -0.944571 1.825992 1.434359
v -0.944571 1.848438 1.447356
v -0.912639 1.848438 1.464688
v -0.900665 1.825992 1.458189
v -0.900665 1.825992 1.458189
v -0.912639 1.848438 1.464688
v -0.912639 1.848438 1.499351
v -0.900665 1.825992 1.505850
v -0.900665 1.825992 1.505850
v -0.912639 1.848438 1.499351
v -0.944571 1.848438 1.516683
v -0.944571 1.825992 1.529681
v -0.944571 1.825992 1.529681
v -0.944571 1.848438 1.516683
v -0.976503 1.848438 1.499351
v -0.988477 1.825992 1.505850
v -0.988477 1.825992 1.505850
v -0.976503 1.848438 1.499351
v -0.976503 1.848438 1.464688
v -0.988477 1.825992 1.458189
v -0.988477 1.825992 1.458189
v -0.976503 1.848438 1.464688
v -0.944571 1.848438 1.447356
v -0.944571 1.825992 1.434359
v -0.020790 1.825992 1.434359
v -0.020790 1.848438 1.447356
v 0.011142 1.848438 1.464688
v 0.023116 1.825992 1.458189
v 0.023116 1.825992 1.458189
v 0.011142 1.848438 1.464688
v 0.011142 1.848438 1.499351
v 0.023116 1.825992 1.505850
v 0.023116 1.825992 1.505850
v 0.011142 1.848438 1.499351
v -0.020790 1.848438 1.516683
v -0.020790 1.825992 1.529681
v -0.020790 1.825992 1.529681
v -0.020790 1.848438 1.516683
v -0.052723 1.848438 1.499351
v -0.064696 1.825992 1.505850
v -0.064696 1.825992 1.505850
v -0.052723 1.848438 1.499351
v -0.052723 1.848438 1.464688
v -0.064696 1.825992 1.458189
v -0.064696 1.825992 1.458189
v -0.052723 1.848438 1.464688
v -0.020790 1.848438 1.447356
v -0.020790 1.825992 1.434359
v 0.902990 1.825992 1.434359
v 0.902990 1.848438 1.447356
v 0.934923 1.848438 1.464688
v 0.946896 1.825992 1.458189
v 0.946896 1.825992 1.458189
v 0.934923 1.848438 1.464688
v 0.934923 1.848438 1.499351
v 0.946896 1.825992 1.505850
v 0.946896 1.825992 1.505850
v 0.934923 1.848438 1.499351
v 0.902990 1.848438 1.516683
v 0.902990 1.825992 1.529681
v 0.902990 1.825992 1.529681
v 0.902990 1.848438 1.516683
v 0.871058 1.848438 1.499351
v 0.859085 1.825992 1.505850
v 0.859085 1.825992 1.505850
v 0.871058 1.848438 1.499351
v 0.871058 1.848438 1.464688
v 0.859085 1.825992 1.458189
v 0.859085 1.825992 1.458189
v 0.871058 1.848438 1.464688
v 0.902990 1.848438 1.447356
v 0.902990 1.825992 1.434359
v 1.826771 1.825992 1.434359
v 1.826771 1.848438 1.447356
v 1.858704 1.848438 1.464688
v 1.870677 1.825992 1.458189
v 1.870677 1.825992 1.458189
v 1.858704 1.848438 1.464688
v 1.858704 1.848438 1.499351
v 1.870677 1.825992 1.505850
v 1.870677 1.825992 1.505850
v 1.858704 1.848438 1.499351
v 1.826771 1.848438 1.516683
v 1.826771 1.825992 1.529681
v 1.826771 1.825992 1.529681
v 1.826771 1.848438 1.516683
v 1.794839 1.848438 1.499351
v 1.782865 1.825992 1.505850
v 1.782865 1.825992 1.505850
v 1.794839 1.848438 1.499351
v 1.794839 1.848438 1.464688
v 1.782865 1.825992 1.458189
v 1.782865 1.825992 1.458189
v 1.794839 1.848438 1.464688
v 1.826771 1.848438 1.447356
v 1.826771 1.825992 1.434359
v -1.868352 1.825991 -1.564358
v -1.868352 1.848437 -1.551360
v -1.836420 1.848437 -1.534028
v -1.824446 1.825991 -1.540527
v -1.824446 1.825991 -1.540527
v -1.836420 1.848437 -1.534028
v -1.836420 1.848437 -1.499365
v -1.824446 1.825991 -1.492866
v -1.824446 1.825991 -1.492866
v -1.836420 1.848437 -1.499365
v -1.868352 1.848437 -1.482033
v -1.868352 1.825991 -1.469036
v -1.868352 1.825991 -1.469036
v -1.868352 1.848437 -1.482033
v -1.900285 1.848437 -1.499365
v -1.912258 1.825991 -1.492866
v -1.912258 1.825991 -1.492866
v -1.900285 1.848437 -1.499365
v -1.900285 1.848437 -1.534028
v -1.912258 1.825991 -1.540527
v -1.912258 1.825991 -1.540527
v -1.900285 1.848437 -1.534028
v -1.868352 1.848437 -1.551360
v -1.868352 1.825991 -1.564358
v -0.944571 1.825991 -1.564358
v -0.944571 1.848437 -1.551360
v -0.912639 1.848437 -1.534028
v -0.900665 1.825991 -1.540527
v -0.900665 1.825991 -1.540527
v -0.912639 1.848437 -1.534028
v -0.912639 1.848437 -1.499365
v -0.900665 1.825991 -1.492866
v -0.900665 1.825991 -1.492866
v -0.912639 1.848437 -1.499365
v -0.944571 1.848437 -1.482033
v -0.944571 1.825991 -1.469036
v -0.944571 1.825991 -1.469036
v -0.944571 1.848437 -1.482033
v -0.976504 1.848437 -1.499365
v -0.988477 1.825991 -1.492866
v -0.988477 1.825991 -1.492866
v -0.976504 1.848437 -1.499365
v -0.976504 1.848437 -1.534028
v -0.988477 1.825991 -1.540527
v -0.988477 1.825991 -1.540527
v -0.976504 1.848437 -1.534028
v -0.944571 1.848437 -1.551360
v -0.944571 1.825991 -1.564358
v -0.020790 1.825991 -1.564358
v -0.020790 1.848437 -1.551360
v 0.011142 1.848437 -1.534028
v 0.023116 1.825991 -1.540527
v 0.023116 1.825991 -1.540527
v 0.011142 1.848437 -1.534028
v 0.011142 1.848437 -1.499365
v 0.023116 1.825991 -1.492866
v 0.023116 1.825991 -1.492866
v 0.011142 1.848437 -1.499365
v -0.020790 1.848437 -1.482033
v -0.020790 1.825991 -1.469036
v -0.020790 1.825991 -1.469036
v -0.020790 1.848437 -1.482033
v -0.052723 1.848437 -1.499365
v -0.064696 1.825991 -1.492866
v -0.064696 1.825991 -1.492866
v -0.052723 1.848437 -1.499365
v -0.052723 1.848437 -1.534028
v -0.064696 1.825991 -1.540527
v -0.064696 1.825991 -1.540527
v -0.052723 1.848437 -1.534028
v -0.020790 1.848437 -1.551360
v -0.020790 1.825991 -1.564358
v 0.902990 1.825991 -1.564358
v 0.902990 1.848437 -1.551360
v 0.934923 1.848437 -1.534028
v 0.946896 1.825991 -1.540527
v 0.946896 1.825991 -1.540527
v 0.934923 1.848437 -1.534028
v 0.934923 1.848437 -1.499365
v 0.946896 1.825991 -1.492866
v 0.946896 1.825991 -1.492866
v 0.934923 1.848437 -1.499365
v 0.902990 1.848437 -1.482033
v 0.902990 1.825991 -1.469036
v 0.902990 1.825991 -1.469036
v 0.902990 1.848437 -1.482033
v 0.871058 1.848437 -1.499365
v 0.859084 1.825991 -1.492866
v 0.859084 1.825991 -1.492866
v 0.871058 1.848437 -1.499365
v 0.871058 1.848437 -1.534028
v 0.859084 1.825991 -1.540527
v 0.859084 1.825991 -1.540527
v 0.871058 1.848437 -1.534028
v 0.902990 1.848437 -1.551360
v 0.902990 1.825991 -1.564358
v 1.826771 1.825991 -1.564358
v 1.826771 1.848437 -1.551360
v 1.858704 1.848437 -1.534028
v 1.870677 1.825991 -1.540527
v 1.870677 1.825991 -1.540527
v 1.858704 1.848437 -1.534028
v 1.858704 1.848437 -1.499365
v 1.870677 1.825991 -1.492866
v 1.870677 1.825991 -1.492866
v 1.858704 1.848437 -1.499365
v 1.826771 1.848437 -1.482033
v 1.826771 1.825991 -1.469036
v 1.826771 1.825991 -1.469036
v 1.826771 1.848437 -1.482033
v 1.794839 1.848437 -1.499365
v 1.782865 1.825991 -1.492866
v 1.782865 1.825991 -1.492866
v 1.794839 1.848437 -1.499365
v 1.794839 1.848437 -1.534028
v 1.782865 1.825991 -1.540527
v 1.782865 1.825991 -1.540527
v 1.794839 1.848437 -1.534028
v 1.826771 1.848437 -1.551360
v 1.826771 1.825991 -1.564358
v 1.776500 1.825992 0.732454
v 1.790326 1.848438 0.732454
v 1.808763 1.848438 0.702435
v 1.801849 1.825992 0.691179
v 1.801849 1.825992 0.691179
v 1.808763 1.848438 0.702435
v 1.845635 1.848438 0.702435
v 1.852548 1.825992 0.691179
v 1.852548 1.825992 0.691179
v 1.845635 1.848438 0.702435
v 1.864071 1.848438 0.732454
v 1.877897 1.825992 0.732454
v 1.877897 1.825992 0.732454
v 1.864071 1.848438 0.732454
v 1.845635 1.848438 0.762474
v 1.852548 1.825992 0.773730
v 1.852548 1.825992 0.773730
v 1.845635 1.848438 0.762474
v 1.808763 1.848438 0.762474
v 1.801849 1.825992 0.773730
v 1.801849 1.825992 0.773730
v 1.808763 1.848438 0.762474
v 1.790326 1.848438 0.732454
v 1.776500 1.825992 0.732454
v 1.776500 1.825992 -0.017111
v 1.790326 1.848438 -0.017111
v 1.808763 1.848438 -0.047130
v 1.801849 1.825992 -0.058386
v 1.801849 1.825992 -0.058386
v 1.808763 1.848438 -0.047130
v 1.845635 1.848438 -0.047130
v 1.852548 1.825992 -0.058386
v 1.852548 1.825992 -0.058386
v 1.845635 1.848438 -0.047130
v 1.864071 1.848438 -0.017111
v 1.877897 1.825992 -0.017111
v 1.877897 1.825992 -0.017111
v 1.864071 1.848438 -0.017111
v 1.845635 1.848438 0.012909
v 1.852548 1.825992 0.024165
v 1.852548 1.825992 0.024165
v 1.845635 1.848438 0.012909
v 1.808763 1.848438 0.012909
v 1.801849 1.825992 0.024165
v 1.801849 1.825992 0.024165
v 1.808763 1.848438 0.012909
v 1.790326 1.848438 -0.017111
v 1.776500 1.825992 -0.017111
v 1.776500 1.825991 -0.766676
v 1.790326 1.848437 -0.766676
v 1.808763 1.848437 -0.796695
v 1.801849 1.825991 -0.807951
v 1.801849 1.825991 -0.807951
v 1.808763 1.848437 -0.796695
v 1.845635 1.848437 -0.796695
v 1.852548 1.825991 -0.807951
v 1.852548 1.825991 -0.807951
v 1.845635 1.848437 -0.796695
v 1.864071 1.848437 -0.766676
v 1.877897 1.825991 -0.766676
v 1.877897 1.825991 -0.766676
v 1.864071 1.848437 -0.766676
v 1.845635 1.848437 -0.736657
v 1.852548 1.825991 -0.725400
v 1.852548 1.825991 -0.725400
v 1.845635 1.848437 -0.736657
v 1.808763 1.848437 -0.736657
v 1.801849 1.825991 -0.725400
v 1.801849 1.825991 -0.725400
v 1.808763 1.848437 -0.736657
v 1.790326 1.848437 -0.766676
v 1.776500 1.825991 -0.766676
v 0.752136 1.589447 -1.789982
v 0.765962 1.589447 -1.811975
v 0.784398 1.558808 -1.811975
v 0.777485 1.547320 -1.789982
v 0.777485 1.547320 -1.789982
v 0.784398 1.558808 -1.811975
v 0.821270 1.558808 -1.811975
v 0.828183 1.547320 -1.789982
v 0.828183 1.547320 -1.789982
v 0.821270 1.558808 -1.811975
v 0.839707 1.589447 -1.811975
v 0.853532 1.589447 -1.789982
v 0.853532 1.589447 -1.789982
v 0.839707 1.589447 -1.811975
v 0.821270 1.620085 -1.811975
v 0.828183 1.631573 -1.789982
v 0.828183 1.631573 -1.789982
v 0.821270 1.620085 -1.811975
v 0.784398 1.620085 -1.811975
v 0.777485 1.631573 -1.789982
v 0.777485 1.631573 -1.789982
v 0.784398 1.620085 -1.811975
v 0.765962 1.589447 -1.811975
v 0.752136 1.589447 -1.789982
v 0.752136 0.944912 -1.789982
v 0.765962 0.944912 -1.811975
v 0.784398 0.914275 -1.811975
v 0.777485 0.902786 -1.789982
v 0.777485 0.902786 -1.789982
v 0.784398 0.914275 -1.811975
v 0.821271 0.914275 -1.811975
v 0.828184 0.902786 -1.789982
v 0.828184 0.902786 -1.789982
v 0.821271 0.914275 -1.811975
v 0.839707 0.944912 -1.811975
v 0.853533 0.944912 -1.789982
v 0.853533 0.944912 -1.789982
v 0.839707 0.944912 -1.811975
v 0.821271 0.975551 -1.811975
v 0.828184 0.987039 -1.789982
v 0.828184 0.987039 -1.789982
v 0.821271 0.975551 -1.811975
v 0.784398 0.975551 -1.811975
v 0.777485 0.987039 -1.789982
v 0.777485 0.987039 -1.789982
v 0.784398 0.975551 -1.811975
v 0.765962 0.944912 -1.811975
v 0.752136 0.944912 -1.789982
v 0.752136 0.300379 -1.789982
v 0.765962 0.300379 -1.811975
v 0.784398 0.269740 -1.811975
v 0.777486 0.258252 -1.789982
v 0.777486 0.258252 -1.789982
v 0.784398 0.269740 -1.811975
v 0.821271 0.269740 -1.811975
v 0.828184 0.258252 -1.789982
v 0.828184 0.258252 -1.789982
v 0.821271 0.269740 -1.811975
v 0.839707 0.300379 -1.811975
v 0.853533 0.300379 -1.789982
v 0.853533 0.300379 -1.789982
v 0.839707 0.300379 -1.811975
v 0.821271 0.331017 -1.811975
v 0.828184 0.342505 -1.789982
v 0.828184 0.342505 -1.789982
v 0.821271 0.331017 -1.811975
v 0.784398 0.331017 -1.811975
v 0.777485 0.342505 -1.789982
v 0.777485 0.342505 -1.789982
v 0.784398 0.331017 -1.811975
v 0.765962 0.300379 -1.811975
v 0.752136 0.300379 -1.789982
v -1.008581 1.540803 -1.789982
v -1.008581 1.554068 -1.811975
v -0.976649 1.571757 -1.811975
v -0.964675 1.565125 -1.789982
v -0.964675 1.565125 -1.789982
v -0.976649 1.571757 -1.811975
v -0.976649 1.607135 -1.811975
v -0.964675 1.613768 -1.789982
v -0.964675 1.613768 -1.789982
v -0.976649 1.607135 -1.811975
v -1.008581 1.624824 -1.811975
v -1.008581 1.638090 -1.789982
v -1.008581 1.638090 -1.789982
v -1.008581 1.624824 -1.811975
v -1.040513 1.607135 -1.811975
v -1.052487 1.613768 -1.789982
v -1.052487 1.613768 -1.789982
v -1.040513 1.607135 -1.811975
v -1.040513 1.571757 -1.811975
v -1.052487 1.565125 -1.789982
v -1.052487 1.565125 -1.789982
v -1.040513 1.571757 -1.811975
v -1.008581 1.554068 -1.811975
v -1.008581 1.540803 -1.789982
v -0.101485 1.540803 -1.789982
v -0.101485 1.554069 -1.811975
v -0.069552 1.571758 -1.811975
v -0.057579 1.565125 -1.789982
v -0.057579 1.565125 -1.789982
v -0.069552 1.571758 -1.811975
v -0.069552 1.607135 -1.811975
v -0.057579 1.613768 -1.789982
v -0.057579 1.613768 -1.789982
v -0.069552 1.607135 -1.811975
v -0.101485 1.624824 -1.811975
v -0.101485 1.638090 -1.789982
v -0.101485 1.638090 -1.789982
v -0.101485 1.624824 -1.811975
v -0.133417 1.607135 -1.811975
v -0.145390 1.613768 -1.789982
v -0.145390 1.613768 -1.789982
v -0.133417 1.607135 -1.811975
v -0.133417 1.571758 -1.811975
v -0.145390 1.565125 -1.789982
v -0.145390 1.565125 -1.789982
v -0.133417 1.571758 -1.811975
v -0.101485 1.554069 -1.811975
v -0.101485 1.540803 -1.789982
v -1.008581 0.254212 -1.789982
v -1.008581 0.267478 -1.811974
v -0.976648 0.285167 -1.811974
v -0.964675 0.278534 -1.789982
v -0.964675 0.278534 -1.789982
v -0.976648 0.285167 -1.811974
v -0.976648 0.320545 -1.811974
v -0.964675 0.327178 -1.789982
v -0.964675 0.327178 -1.789982
v -0.976648 0.320545 -1.811974
v -1.008581 0.338234 -1.811974
v -1.008581 0.351499 -1.789982
v -1.008581 0.351499 -1.789982
v -1.008581 0.338234 -1.811974
v -1.040513 0.320545 -1.811974
v -1.052487 0.327178 -1.789982
v -1.052487 0.327178 -1.789982
v -1.040513 0.320545 -1.811974
v -1.040513 0.285167 -1.811974
v -1.052487 0.278534 -1.789982
v -1.052487 0.278534 -1.789982
v -1.040513 0.285167 -1.811974
v -1.008581 0.267478 -1.811974
v -1.008581 0.254212 -1.789982
v -0.101484 0.254212 -1.789982
v -0.101484 0.267478 -1.811975
v -0.069552 0.285167 -1.811975
v -0.057578 0.278534 -1.789982
v -0.057578 0.278534 -1.789982
v -0.069552 0.285167 -1.811975
v -0.069552 0.320545 -1.811975
v -0.057578 0.327178 -1.789982
v -0.057578 0.327178 -1.789982
v -0.069552 0.320545 -1.811975
v -0.101484 0.338234 -1.811975
v -0.101484 0.351499 -1.789982
v -0.101484 0.351499 -1.789982
v -0.101484 0.338234 -1.811975
v -0.133417 0.320545 -1.811975
v -0.145390 0.327178 -1.789982
v -0.145390 0.327178 -1.789982
v -0.133417 0.320545 -1.811975
v -0.133417 0.285167 -1.811975
v -0.145390 0.278534 -1.789982
v -0.145390 0.278534 -1.789982
v -0.133417 0.285167 -1.811975
v -0.101484 0.267478 -1.811975
v -0.101484 0.254212 -1.789982
v -1.966376 1.589446 -1.789982
v -1.952550 1.589446 -1.811975
v -1.934114 1.558808 -1.811975
v -1.941027 1.547320 -1.789982
v -1.941027 1.547320 -1.789982
v -1.934114 1.558808 -1.811975
v -1.897242 1.558808 -1.811975
v -1.890329 1.547320 -1.789982
v -1.890329 1.547320 -1.789982
v -1.897242 1.558808 -1.811975
v -1.878805 1.589446 -1.811975
v -1.864980 1.589446 -1.789982
v -1.864980 1.589446 -1.789982
v -1.878805 1.589446 -1.811975
v -1.897242 1.620084 -1.811975
v -1.890329 1.631573 -1.789982
v -1.890329 1.631573 -1.789982
v -1.897242 1.620084 -1.811975
v -1.934114 1.620084 -1.811975
v -1.941027 1.631573 -1.789982
v -1.941027 1.631573 -1.789982
v -1.934114 1.620084 -1.811975
v -1.952550 1.589446 -1.811975
v -1.966376 1.589446 -1.789982
v -1.966376 0.944912 -1.789982
v -1.952550 0.944912 -1.811975
v -1.934114 0.914274 -1.811975
v -1.941026 0.902786 -1.789982
v -1.941026 0.902786 -1.789982
v -1.934114 0.914274 -1.811975
v -1.897241 0.914274 -1.811975
v -1.890328 0.902786 -1.789982
v -1.890328 0.902786 -1.789982
v -1.897241 0.914274 -1.811975
v -1.878805 0.944912 -1.811975
v -1.864979 0.944912 -1.789982
v -1.864979 0.944912 -1.789982
v -1.878805 0.944912 -1.811975
v -1.897241 0.975550 -1.811975
v -1.890329 0.987039 -1.789982
v -1.890329 0.987039 -1.789982
v -1.897241 0.975550 -1.811975
v -1.934114 0.975550 -1.811975
v -1.941027 0.987039 -1.789982
v -1.941027 0.987039 -1.789982
v -1.934114 0.975550 -1.811975
v -1.952550 0.944912 -1.811975
v -1.966376 0.944912 -1.789982
v -1.966376 0.300378 -1.789982
v -1.952550 0.300378 -1.811975
v -1.934114 0.269740 -1.811975
v -1.941026 0.258252 -1.789982
v -1.941026 0.258252 -1.789982
v -1.934114 0.269740 -1.811975
v -1.897241 0.269740 -1.811975
v -1.890328 0.258252 -1.789982
v -1.890328 0.258252 -1.789982
v -1.897241 0.269740 -1.811975
v -1.878805 0.300378 -1.811975
v -1.864979 0.300378 -1.789982
v -1.864979 0.300378 -1.789982
v -1.878805 0.300378 -1.811975
v -1.897241 0.331016 -1.811975
v -1.890328 0.342505 -1.789982
v -1.890328 0.342505 -1.789982
v -1.897241 0.331016 -1.811975
v -1.934114 0.331016 -1.811975
v -1.941026 0.342505 -1.789982
v -1.941026 0.342505 -1.789982
v -1.934114 0.331016 -1.811975
v -1.952550 0.300378 -1.811975
v -1.966376 0.300378 -1.789982
v 0.752136 1.589448 1.789981
v 0.777485 1.547321 1.789981
v 0.784398 1.558810 1.811974
v 0.765962 1.589448 1.811974
v 0.777485 1.547321 1.789981
v 0.828184 1.547321 1.789981
v 0.821271 1.558810 1.811974
v 0.784398 1.558810 1.811974
v 0.828184 1.547321 1.789981
v 0.853533 1.589448 1.789981
v 0.839707 1.589448 1.811974
v 0.821271 1.558810 1.811974
v 0.853533 1.589448 1.789981
v 0.828184 1.631574 1.789981
v 0.821271 1.620086 1.811974
v 0.839707 1.589448 1.811974
v 0.828184 1.631574 1.789981
v 0.777485 1.631574 1.789981
v 0.784398 1.620086 1.811974
v 0.821271 1.620086 1.811974
v 0.777485 1.631574 1.789981
v 0.752136 1.589448 1.789981
v 0.765962 1.589448 1.811974
v 0.784398 1.620086 1.811974
v 0.752136 0.944914 1.789981
v 0.777486 0.902787 1.789981
v 0.784398 0.914276 1.811974
v 0.765962 0.944914 1.811974
v 0.777486 0.902787 1.789981
v 0.828184 0.902787 1.789981
v 0.821271 0.914276 1.811974
v 0.784398 0.914276 1.811974
v 0.828184 0.902787 1.789981
v 0.853533 0.944914 1.789981
v 0.839707 0.944914 1.811974
v 0.821271 0.914276 1.811974
v 0.853533 0.944914 1.789981
v 0.828184 0.987040 1.789981
v 0.821271 0.975552 1.811974
v 0.839707 0.944914 1.811974
v 0.828184 0.987040 1.789981
v 0.777485 0.987040 1.789981
v 0.784398 0.975552 1.811974
v 0.821271 0.975552 1.811974
v 0.777485 0.987040 1.789981
v 0.752136 0.944914 1.789981
v 0.765962 0.944914 1.811974
v 0.784398 0.975552 1.811974
v 0.752137 0.300380 1.789981
v 0.777486 0.258253 1.789981
v 0.784398 0.269742 1.811974
v 0.765962 0.300380 1.811974
v 0.777486 0.258253 1.789981
v 0.828184 0.258253 1.789981
v 0.821271 0.269742 1.811974
v 0.784398 0.269742 1.811974
v 0.828184 0.258253 1.789981
v 0.853533 0.300380 1.789981
v 0.839707 0.300380 1.811974
v 0.821271 0.269742 1.811974
v 0.853533 0.300380 1.789981
v 0.828184 0.342506 1.789981
v 0.821271 0.331018 1.811974
v 0.839707 0.300380 1.811974
v 0.828184 0.342506 1.789981
v 0.777486 0.342506 1.789981
v 0.784398 0.331018 1.811974
v 0.821271 0.331018 1.811974
v 0.777486 0.342506 1.789981
v 0.752137 0.300380 1.789981
v 0.765962 0.300380 1.811974
v 0.784398 0.331018 1.811974
v -1.008581 1.540805 1.789981
v -0.964675 1.565126 1.789981
v -0.976648 1.571759 1.811974
v -1.008581 1.554070 1.811974
v -0.964675 1.565126 1.789981
v -0.964675 1.613769 1.789981
v -0.976648 1.607137 1.811974
v -0.976648 1.571759 1.811974
v -0.964675 1.613769 1.789981
v -1.008581 1.638091 1.789981
v -1.008581 1.624826 1.811974
v -0.976648 1.607137 1.811974
v -1.008581 1.638091 1.789981
v -1.052487 1.613769 1.789981
v -1.040513 1.607137 1.811974
v -1.008581 1.624826 1.811974
v -1.052487 1.613769 1.789981
v -1.052487 1.565126 1.789981
v -1.040513 1.571759 1.811974
v -1.040513 1.607137 1.811974
v -1.052487 1.565126 1.789981
v -1.008581 1.540805 1.789981
v -1.008581 1.554070 1.811974
v -1.040513 1.571759 1.811974
v -0.101484 1.540805 1.789981
v -0.057579 1.565126 1.789981
v -0.069552 1.571759 1.811974
v -0.101484 1.554070 1.811974
v -0.057579 1.565126 1.789981
v -0.057579 1.613770 1.789981
v -0.069552 1.607137 1.811974
v -0.069552 1.571759 1.811974
v -0.057579 1.613770 1.789981
v -0.101484 1.638091 1.789981
v -0.101484 1.624826 1.811974
v -0.069552 1.607137 1.811974
v -0.101484 1.638091 1.789981
v -0.145390 1.613770 1.789981
v -0.133417 1.607137 1.811974
v -0.101484 1.624826 1.811974
v -0.145390 1.613770 1.789981
v -0.145390 1.565126 1.789981
v -0.133417 1.571759 1.811974
v -0.133417 1.607137 1.811974
v -0.145390 1.565126 1.789981
v -0.101484 1.540805 1.789981
v -0.101484 1.554070 1.811974
v -0.133417 1.571759 1.811974
v -1.008581 0.254213 1.789981
v -0.964675 0.278535 1.789981
v -0.976648 0.285168 1.811974
v -1.008581 0.267479 1.811974
v -0.964675 0.278535 1.789981
v -0.964675 0.327179 1.789981
v -0.976648 0.320546 1.811974
v -0.976648 0.285168 1.811974
v -0.964675 0.327179 1.789981
v -1.008581 0.351500 1.789981
v -1.008581 0.338235 1.811974
v -0.976648 0.320546 1.811974
v -1.008581 0.351500 1.789981
v -1.052487 0.327179 1.789981
v -1.040513 0.320546 1.811974
v -1.008581 0.338235 1.811974
v -1.052487 0.327179 1.789981
v -1.052487 0.278535 1.789981
v -1.040513 0.285168 1.811974
v -1.040513 0.320546 1.811974
v -1.052487 0.278535 1.789981
v -1.008581 0.254213 1.789981
v -1.008581 0.267479 1.811974
v -1.040513 0.285168 1.811974
v -0.101484 0.254213 1.789981
v -0.057578 0.278535 1.789981
v -0.069552 0.285168 1.811974
v -0.101484 0.267479 1.811974
v -0.057578 0.278535 1.789981
v -0.057578 0.327179 1.789981
v -0.069552 0.320546 1.811974
v -0.069552 0.285168 1.811974
v -0.057578 0.327179 1.789981
v -0.101484 0.351500 1.789981
v -0.101484 0.338235 1.811974
v -0.069552 0.320546 1.811974
v -0.101484 0.351500 1.789981
v -0.145390 0.327179 1.789981
v -0.133417 0.320546 1.811974
v -0.101484 0.338235 1.811974
v -0.145390 0.327179 1.789981
v -0.145390 0.278535 1.789981
v -0.133417 0.285168 1.811974
v -0.133417 0.320546 1.811974
v -0.145390 0.278535 1.789981
v -0.101484 0.254213 1.789981
v -0.101484 0.267479 1.811974
v -0.133417 0.285168 1.811974
v -1.966376 1.589448 1.789981
v -1.941027 1.547321 1.789981
v -1.934114 1.558810 1.811974
v -1.952550 1.589448 1.811974
v -1.941027 1.547321 1.789981
v -1.890328 1.547321 1.789981
v -1.897241 1.558810 1.811974
v -1.934114 1.558810 1.811974
v -1.890328 1.547321 1.789981
v -1.864980 1.589448 1.789981
v -1.878805 1.589448 1.811974
v -1.897241 1.558810 1.811974
v -1.864980 1.589448 1.789981
v -1.890328 1.631574 1.789981
v -1.897241 1.620086 1.811974
v -1.878805 1.589448 1.811974
v -1.890328 1.631574 1.789981
v -1.941027 1.631574 1.789981
v -1.934114 1.620086 1.811974
v -1.897241 1.620086 1.811974
v -1.941027 1.631574 1.789981
v -1.966376 1.589448 1.789981
v -1.952550 1.589448 1.811974
v -1.934114 1.620086 1.811974
v -1.966376 0.944913 1.789981
v -1.941026 0.902787 1.789981
v -1.934113 0.914275 1.811974
v -1.952550 0.944914 1.811974
v -1.941026 0.902787 1.789981
v -1.890328 0.902787 1.789981
v -1.897241 0.914275 1.811974
v -1.934113 0.914275 1.811974
v -1.890328 0.902787 1.789981
v -1.864979 0.944914 1.789981
v -1.878805 0.944914 1.811974
v -1.897241 0.914275 1.811974
v -1.864979 0.944914 1.789981
v -1.890328 0.987040 1.789981
v -1.897241 0.975551 1.811974
v -1.878805 0.944914 1.811974
v -1.890328 0.987040 1.789981
v -1.941027 0.987040 1.789981
v -1.934113 0.975551 1.811974
v -1.897241 0.975551 1.811974
v -1.941027 0.987040 1.789981
v -1.966376 0.944913 1.789981
v -1.952550 0.944914 1.811974
v -1.934113 0.975551 1.811974
v -1.966376 0.300379 1.789982
v -1.941026 0.258253 1.789982
v -1.934113 0.269741 1.811975
v -1.952550 0.300379 1.811975
v -1.941026 0.258253 1.789982
v -1.890328 0.258253 1.789981
v -1.897241 0.269741 1.811974
v -1.934113 0.269741 1.811975
v -1.890328 0.258253 1.789981
v -1.864979 0.300379 1.789981
v -1.878805 0.300379 1.811974
v -1.897241 0.269741 1.811974
v -1.864979 0.300379 1.789981
v -1.890328 0.342506 1.789981
v -1.897241 0.331017 1.811974
v -1.878805 0.300379 1.811974
v -1.890328 0.342506 1.789981
v -1.941026 0.342506 1.789982
v -1.934113 0.331017 1.811975
v -1.897241 0.331017 1.811974
v -1.941026 0.342506 1.789982
v -1.966376 0.300379 1.789982
v -1.952550 0.300379 1.811975
v -1.934113 0.331017 1.811975
v 0.752136 -0.300367 -1.789981
v 0.765962 -0.300367 -1.811974
v 0.784398 -0.331005 -1.811974
v 0.777485 -0.342494 -1.789981
v 0.777485 -0.342494 -1.789981
v 0.784398 -0.331005 -1.811974
v 0.821270 -0.331005 -1.811974
v 0.828183 -0.342494 -1.789982
v 0.828183 -0.342494 -1.789982
v 0.821270 -0.331005 -1.811974
v 0.839707 -0.300367 -1.811974
v 0.853532 -0.300367 -1.789982
v 0.853532 -0.300367 -1.789982
v 0.839707 -0.300367 -1.811974
v 0.821270 -0.269729 -1.811974
v 0.828183 -0.258241 -1.789982
v 0.828183 -0.258241 -1.789982
v 0.821270 -0.269729 -1.811974
v 0.784398 -0.269729 -1.811974
v 0.777485 -0.258241 -1.789981
v 0.777485 -0.258241 -1.789981
v 0.784398 -0.269729 -1.811974
v 0.765962 -0.300367 -1.811974
v 0.752136 -0.300367 -1.789981
v 0.752136 -0.944901 -1.789981
v 0.765962 -0.944901 -1.811974
v 0.784398 -0.975539 -1.811974
v 0.777485 -0.987028 -1.789981
v 0.777485 -0.987028 -1.789981
v 0.784398 -0.975539 -1.811974
v 0.821271 -0.975539 -1.811974
v 0.828184 -0.987028 -1.789981
v 0.828184 -0.987028 -1.789981
v 0.821271 -0.975539 -1.811974
v 0.839707 -0.944901 -1.811974
v 0.853533 -0.944901 -1.789981
v 0.853533 -0.944901 -1.789981
v 0.839707 -0.944901 -1.811974
v 0.821271 -0.914263 -1.811974
v 0.828184 -0.902775 -1.789981
v 0.828184 -0.902775 -1.789981
v 0.821271 -0.914263 -1.811974
v 0.784398 -0.914263 -1.811974
v 0.777485 -0.902775 -1.789981
v 0.777485 -0.902775 -1.789981
v 0.784398 -0.914263 -1.811974
v 0.765962 -0.944901 -1.811974
v 0.752136 -0.944901 -1.789981
v 0.752136 -1.589435 -1.789981
v 0.765962 -1.589435 -1.811974
v 0.784398 -1.620074 -1.811974
v 0.777486 -1.631562 -1.789981
v 0.777486 -1.631562 -1.789981
v 0.784398 -1.620074 -1.811974
v 0.821271 -1.620074 -1.811974
v 0.828184 -1.631562 -1.789981
v 0.828184 -1.631562 -1.789981
v 0.821271 -1.620074 -1.811974
v 0.839707 -1.589435 -1.811974
v 0.853533 -1.589435 -1.789981
v 0.853533 -1.589435 -1.789981
v 0.839707 -1.589435 -1.811974
v 0.821271 -1.558797 -1.811974
v 0.828184 -1.547309 -1.789981
v 0.828184 -1.547309 -1.789981
v 0.821271 -1.558797 -1.811974
v 0.784398 -1.558797 -1.811974
v 0.777485 -1.547309 -1.789981
v 0.777485 -1.547309 -1.789981
v 0.784398 -1.558797 -1.811974
v 0.765962 -1.589435 -1.811974
v 0.752136 -1.589435 -1.789981
v -1.008581 -0.349011 -1.789981
v -1.008581 -0.335746 -1.811974
v -0.976649 -0.318057 -1.811974
v -0.964675 -0.324689 -1.789981
v -0.964675 -0.324689 -1.789981
v -0.976649 -0.318057 -1.811974
v -0.976649 -0.282679 -1.811974
v -0.964675 -0.276046 -1.789981
v -0.964675 -0.276046 -1.789981
v -0.976649 -0.282679 -1.811974
v -1.008581 -0.264990 -1.811974
v -1.008581 -0.251724 -1.789981
v -1.008581 -0.251724 -1.789981
v -1.008581 -0.264990 -1.811974
v -1.040513 -0.282679 -1.811974
v -1.052487 -0.276046 -1.789981
v -1.052487 -0.276046 -1.789981
v -1.040513 -0.282679 -1.811974
v -1.040513 -0.318057 -1.811974
v -1.052487 -0.324689 -1.789981
v -1.052487 -0.324689 -1.789981
v -1.040513 -0.318057 -1.811974
v -1.008581 -0.335746 -1.811974
v -1.008581 -0.349011 -1.789981
v -0.101485 -0.349011 -1.789981
v -0.101485 -0.335745 -1.811974
v -0.069552 -0.318056 -1.811974
v -0.057579 -0.324689 -1.789981
v -0.057579 -0.324689 -1.789981
v -0.069552 -0.318056 -1.811974
v -0.069552 -0.282679 -1.811974
v -0.057579 -0.276046 -1.789981
v -0.057579 -0.276046 -1.789981
v -0.069552 -0.282679 -1.811974
v -0.101485 -0.264990 -1.811974
v -0.101485 -0.251724 -1.789981
v -0.101485 -0.251724 -1.789981
v -0.101485 -0.264990 -1.811974
v -0.133417 -0.282679 -1.811974
v -0.145390 -0.276046 -1.789981
v -0.145390 -0.276046 -1.789981
v -0.133417 -0.282679 -1.811974
v -0.133417 -0.318056 -1.811974
v -0.145390 -0.324689 -1.789981
v -0.145390 -0.324689 -1.789981
v -0.133417 -0.318056 -1.811974
v -0.101485 -0.335745 -1.811974
v -0.101485 -0.349011 -1.789981
v -1.008581 -1.635602 -1.789981
v -1.008581 -1.622336 -1.811974
v -0.976648 -1.604647 -1.811974
v -0.964675 -1.611280 -1.789981
v -0.964675 -1.611280 -1.789981
v -0.976648 -1.604647 -1.811974
v -0.976648 -1.569269 -1.811974
v -0.964675 -1.562637 -1.789981
v -0.964675 -1.562637 -1.789981
v -0.976648 -1.569269 -1.811974
v -1.008581 -1.551581 -1.811974
v -1.008581 -1.538315 -1.789981
v -1.008581 -1.538315 -1.789981
v -1.008581 -1.551581 -1.811974
v -1.040513 -1.569269 -1.811974
v -1.052487 -1.562637 -1.789981
v -1.052487 -1.562637 -1.789981
v -1.040513 -1.569269 -1.811974
v -1.040513 -1.604647 -1.811974
v -1.052487 -1.611280 -1.789981
v -1.052487 -1.611280 -1.789981
v -1.040513 -1.604647 -1.811974
v -1.008581 -1.622336 -1.811974
v -1.008581 -1.635602 -1.789981
v -0.101484 -1.635602 -1.789981
v -0.101484 -1.622336 -1.811974
v -0.069552 -1.604647 -1.811974
v -0.057578 -1.611280 -1.789981
v -0.057578 -1.611280 -1.789981
v -0.069552 -1.604647 -1.811974
v -0.069552 -1.569269 -1.811974
v -0.057578 -1.562636 -1.789981
v -0.057578 -1.562636 -1.789981
v -0.069552 -1.569269 -1.811974
v -0.101484 -1.551581 -1.811974
v -0.101484 -1.538315 -1.789981
v -0.101484 -1.538315 -1.789981
v -0.101484 -1.551581 -1.811974
v -0.133417 -1.569269 -1.811974
v -0.145390 -1.562637 -1.789981
v -0.145390 -1.562637 -1.789981
v -0.133417 -1.569269 -1.811974
v -0.133417 -1.604647 -1.811974
v -0.145390 -1.611280 -1.789981
v -0.145390 -1.611280 -1.789981
v -0.133417 -1.604647 -1.811974
v -0.101484 -1.622336 -1.811974
v -0.101484 -1.635602 -1.789981
v -1.966376 -0.300368 -1.789981
v -1.952550 -0.300368 -1.811974
v -1.934114 -0.331006 -1.811974
v -1.941027 -0.342494 -1.789981
v -1.941027 -0.342494 -1.789981
v -1.934114 -0.331006 -1.811974
v -1.897242 -0.331006 -1.811974
v -1.890329 -0.342494 -1.789981
v -1.890329 -0.342494 -1.789981
v -1.897242 -0.331006 -1.811974
v -1.878805 -0.300368 -1.811974
v -1.864980 -0.300368 -1.789981
v -1.864980 -0.300368 -1.789981
v -1.878805 -0.300368 -1.811974
v -1.897242 -0.269730 -1.811974
v -1.890329 -0.258241 -1.789981
v -1.890329 -0.258241 -1.789981
v -1.897242 -0.269730 -1.811974
v -1.934114 -0.269730 -1.811974
v -1.941027 -0.258241 -1.789981
v -1.941027 -0.258241 -1.789981
v -1.934114 -0.269730 -1.811974
v -1.952550 -0.300368 -1.811974
v -1.966376 -0.300368 -1.789981
v -1.966376 -0.944902 -1.789981
v -1.952550 -0.944902 -1.811974
v -1.934114 -0.975540 -1.811974
v -1.941026 -0.987028 -1.789981
v -1.941026 -0.987028 -1.789981
v -1.934114 -0.975540 -1.811974
v -1.897241 -0.975540 -1.811974
v -1.890328 -0.987028 -1.789981
v -1.890328 -0.987028 -1.789981
v -1.897241 -0.975540 -1.811974
v -1.878805 -0.944902 -1.811974
v -1.864979 -0.944902 -1.789981
v -1.864979 -0.944902 -1.789981
v -1.878805 -0.944902 -1.811974
v -1.897241 -0.914264 -1.811974
v -1.890329 -0.902775 -1.789981
v -1.890329 -0.902775 -1.789981
v -1.897241 -0.914264 -1.811974
v -1.934114 -0.914264 -1.811974
v -1.941027 -0.902775 -1.789981
v -1.941027 -0.902775 -1.789981
v -1.934114 -0.914264 -1.811974
v -1.952550 -0.944902 -1.811974
v -1.966376 -0.944902 -1.789981
v -1.966376 -1.589436 -1.789981
v -1.952550 -1.589436 -1.811974
v -1.934114 -1.620074 -1.811974
v -1.941026 -1.631562 -1.789981
v -1.941026 -1.631562 -1.789981
v -1.934114 -1.620074 -1.811974
v -1.897241 -1.620074 -1.811974
v -1.890328 -1.631562 -1.789981
v -1.890328 -1.631562 -1.789981
v -1.897241 -1.620074 -1.811974
v -1.878805 -1.589436 -1.811974
v -1.864979 -1.589436 -1.789981
v -1.864979 -1.589436 -1.789981
v -1.878805 -1.589436 -1.811974
v -1.897241 -1.558798 -1.811974
v -1.890328 -1.547310 -1.789981
v -1.890328 -1.547310 -1.789981
v -1.897241 -1.558798 -1.811974
v -1.934114 -1.558798 -1.811974
v -1.941026 -1.547310 -1.789981
v -1.941026 -1.547310 -1.789981
v -1.934114 -1.558798 -1.811974
v -1.952550 -1.589436 -1.811974
v -1.966376 -1.589436 -1.789981
v 0.752136 -0.300366 1.789982
v 0.777485 -0.342493 1.789982
v 0.784398 -0.331004 1.811974
v 0.765962 -0.300366 1.811974
v 0.777485 -0.342493 1.789982
v 0.828184 -0.342493 1.789982
v 0.821271 -0.331004 1.811974
v 0.784398 -0.331004 1.811974
v 0.828184 -0.342493 1.789982
v 0.853533 -0.300366 1.789982
v 0.839707 -0.300366 1.811974
v 0.821271 -0.331004 1.811974
v 0.853533 -0.300366 1.789982
v 0.828184 -0.258240 1.789982
v 0.821271 -0.269728 1.811974
v 0.839707 -0.300366 1.811974
v 0.828184 -0.258240 1.789982
v 0.777485 -0.258240 1.789982
v 0.784398 -0.269728 1.811974
v 0.821271 -0.269728 1.811974
v 0.777485 -0.258240 1.789982
v 0.752136 -0.300366 1.789982
v 0.765962 -0.300366 1.811974
v 0.784398 -0.269728 1.811974
v 0.752136 -0.944900 1.789982
v 0.777486 -0.987027 1.789982
v 0.784398 -0.975538 1.811975
v 0.765962 -0.944900 1.811975
v 0.777486 -0.987027 1.789982
v 0.828184 -0.987027 1.789982
v 0.821271 -0.975538 1.811974
v 0.784398 -0.975538 1.811975
v 0.828184 -0.987027 1.789982
v 0.853533 -0.944900 1.789982
v 0.839707 -0.944900 1.811974
v 0.821271 -0.975538 1.811974
v 0.853533 -0.944900 1.789982
v 0.828184 -0.902774 1.789982
v 0.821271 -0.914262 1.811974
v 0.839707 -0.944900 1.811974
v 0.828184 -0.902774 1.789982
v 0.777485 -0.902774 1.789982
v 0.784398 -0.914262 1.811975
v 0.821271 -0.914262 1.811974
v 0.777485 -0.902774 1.789982
v 0.752136 -0.944900 1.789982
v 0.765962 -0.944900 1.811975
v 0.784398 -0.914262 1.811975
v 0.752137 -1.589435 1.789982
v 0.777486 -1.631561 1.789982
v 0.784398 -1.620073 1.811975
v 0.765962 -1.589435 1.811975
v 0.777486 -1.631561 1.789982
v 0.828184 -1.631561 1.789982
v 0.821271 -1.620073 1.811975
v 0.784398 -1.620073 1.811975
v 0.828184 -1.631561 1.789982
v 0.853533 -1.589435 1.789982
v 0.839707 -1.589435 1.811975
v 0.821271 -1.620073 1.811975
v 0.853533 -1.589435 1.789982
v 0.828184 -1.547308 1.789982
v 0.821271 -1.558796 1.811975
v 0.839707 -1.589435 1.811975
v 0.828184 -1.547308 1.789982
v 0.777486 -1.547308 1.789982
v 0.784398 -1.558796 1.811975
v 0.821271 -1.558796 1.811975
v 0.777486 -1.547308 1.789982
v 0.752137 -1.589435 1.789982
v 0.765962 -1.589435 1.811975
v 0.784398 -1.558796 1.811975
v -1.008581 -0.349010 1.789982
v -0.964675 -0.324688 1.789982
v -0.976648 -0.318055 1.811974
v -1.008581 -0.335744 1.811974
v -0.964675 -0.324688 1.789982
v -0.964675 -0.276045 1.789982
v -0.976648 -0.282678 1.811974
v -0.976648 -0.318055 1.811974
v -0.964675 -0.276045 1.789982
v -1.008581 -0.251723 1.789982
v -1.008581 -0.264989 1.811974
v -0.976648 -0.282678 1.811974
v -1.008581 -0.251723 1.789982
v -1.052487 -0.276045 1.789982
v -1.040513 -0.282678 1.811974
v -1.008581 -0.264989 1.811974
v -1.052487 -0.276045 1.789982
v -1.052487 -0.324688 1.789982
v -1.040513 -0.318055 1.811974
v -1.040513 -0.282678 1.811974
v -1.052487 -0.324688 1.789982
v -1.008581 -0.349010 1.789982
v -1.008581 -0.335744 1.811974
v -1.040513 -0.318055 1.811974
v -0.101484 -0.349010 1.789982
v -0.057579 -0.324688 1.789982
v -0.069552 -0.318055 1.811974
v -0.101484 -0.335744 1.811974
v -0.057579 -0.324688 1.789982
v -0.057579 -0.276045 1.789982
v -0.069552 -0.282678 1.811974
v -0.069552 -0.318055 1.811974
v -0.057579 -0.276045 1.789982
v -0.101484 -0.251723 1.789982
v -0.101484 -0.264989 1.811974
v -0.069552 -0.282678 1.811974
v -0.101484 -0.251723 1.789982
v -0.145390 -0.276045 1.789982
v -0.133417 -0.282678 1.811974
v -0.101484 -0.264989 1.811974
v -0.145390 -0.276045 1.789982
v -0.145390 -0.324688 1.789982
v -0.133417 -0.318055 1.811974
v -0.133417 -0.282678 1.811974
v -0.145390 -0.324688 1.789982
v -0.101484 -0.349010 1.789982
v -0.101484 -0.335744 1.811974
v -0.133417 -0.318055 1.811974
v -1.008581 -1.635601 1.789982
v -0.964675 -1.611279 1.789982
v -0.976648 -1.604646 1.811975
v -1.008581 -1.622335 1.811975
v -0.964675 -1.611279 1.789982
v -0.964675 -1.562636 1.789982
v -0.976648 -1.569268 1.811975
v -0.976648 -1.604646 1.811975
v -0.964675 -1.562636 1.789982
v -1.008581 -1.538314 1.789982
v -1.008581 -1.551579 1.811975
v -0.976648 -1.569268 1.811975
v -1.008581 -1.538314 1.789982
v -1.052487 -1.562636 1.789982
v -1.040513 -1.569268 1.811975
v -1.008581 -1.551579 1.811975
v -1.052487 -1.562636 1.789982
v -1.052487 -1.611279 1.789982
v -1.040513 -1.604646 1.811975
v -1.040513 -1.569268 1.811975
v -1.052487 -1.611279 1.789982
v -1.008581 -1.635601 1.789982
v -1.008581 -1.622335 1.811975
v -1.040513 -1.604646 1.811975
v -0.101484 -1.635601 1.789982
v -0.057578 -1.611279 1.789982
v -0.069552 -1.604646 1.811975
v -0.101484 -1.622335 1.811975
v -0.057578 -1.611279 1.789982
v -0.057578 -1.562636 1.789982
v -0.069552 -1.569268 1.811975
v -0.069552 -1.604646 1.811975
v -0.057578 -1.562636 1.789982
v -0.101484 -1.538314 1.789982
v -0.101484 -1.551579 1.811975
v -0.069552 -1.569268 1.811975
v -0.101484 -1.538314 1.789982
v -0.145390 -1.562636 1.789982
v -0.133417 -1.569268 1.811975
v -0.101484 -1.551579 1.811975
v -0.145390 -1.562636 1.789982
v -0.145390 -1.611279 1.789982
v -0.133417 -1.604646 1.811975
v -0.133417 -1.569268 1.811975
v -0.145390 -1.611279 1.789982
v -0.101484 -1.635601 1.789982
v -0.101484 -1.622335 1.811975
v -0.133417 -1.604646 1.811975
v -1.966376 -0.300367 1.789982
v -1.941027 -0.342493 1.789982
v -1.934114 -0.331005 1.811975
v -1.952550 -0.300367 1.811975
v -1.941027 -0.342493 1.789982
v -1.890328 -0.342493 1.789982
v -1.897241 -0.331005 1.811974
v -1.934114 -0.331005 1.811975
v -1.890328 -0.342493 1.789982
v -1.864980 -0.300367 1.789982
v -1.878805 -0.300367 1.811974
v -1.897241 -0.331005 1.811974
v -1.864980 -0.300367 1.789982
v -1.890328 -0.258240 1.789982
v -1.897241 -0.269729 1.811974
v -1.878805 -0.300367 1.811974
v -1.890328 -0.258240 1.789982
v -1.941027 -0.258240 1.789982
v -1.934114 -0.269729 1.811975
v -1.897241 -0.269729 1.811974
v -1.941027 -0.258240 1.789982
v -1.966376 -0.300367 1.789982
v -1.952550 -0.300367 1.811975
v -1.934114 -0.269729 1.811975
v -1.966376 -0.944901 1.789982
v -1.941026 -0.987027 1.789982
v -1.934113 -0.975539 1.811975
v -1.952550 -0.944901 1.811975
v -1.941026 -0.987027 1.789982
v -1.890328 -0.987027 1.789982
v -1.897241 -0.975539 1.811975
v -1.934113 -0.975539 1.811975
v -1.890328 -0.987027 1.789982
v -1.864979 -0.944901 1.789982
v -1.878805 -0.944901 1.811975
v -1.897241 -0.975539 1.811975
v -1.864979 -0.944901 1.789982
v -1.890328 -0.902774 1.789982
v -1.897241 -0.914263 1.811975
v -1.878805 -0.944901 1.811975
v -1.890328 -0.902774 1.789982
v -1.941027 -0.902774 1.789982
v -1.934113 -0.914263 1.811975
v -1.897241 -0.914263 1.811975
v -1.941027 -0.902774 1.789982
v -1.966376 -0.944901 1.789982
v -1.952550 -0.944901 1.811975
v -1.934113 -0.914263 1.811975
v -1.966376 -1.589435 1.789982
v -1.941026 -1.631561 1.789982
v -1.934113 -1.620073 1.811975
v -1.952550 -1.589435 1.811975
v -1.941026 -1.631561 1.789982
v -1.890328 -1.631561 1.789982
v -1.897241 -1.620073 1.811975
v -1.934113 -1.620073 1.811975
v -1.890328 -1.631561 1.789982
v -1.864979 -1.589435 1.789982
v -1.878805 -1.589435 1.811975
v -1.897241 -1.620073 1.811975
v -1.864979 -1.589435 1.789982
v -1.890328 -1.547309 1.789982
v -1.897241 -1.558797 1.811975
v -1.878805 -1.589435 1.811975
v -1.890328 -1.547309 1.789982
v -1.941026 -1.547309 1.789982
v -1.934113 -1.558797 1.811975
v -1.897241 -1.558797 1.811975
v -1.941026 -1.547309 1.789982
v -1.966376 -1.589435 1.789982
v -1.952550 -1.589435 1.811975
v -1.934113 -1.558797 1.811975
v 1.867517 1.589447 -1.789982
v 1.881343 1.589447 -1.811975
v 1.899779 1.558808 -1.811975
v 1.892866 1.547320 -1.789982
v 1.892866 1.547320 -1.789982
v 1.899779 1.558808 -1.811975
v 1.936651 1.558808 -1.811975
v 1.943564 1.547320 -1.789982
v 1.943564 1.547320 -1.789982
v 1.936651 1.558808 -1.811975
v 1.955088 1.589447 -1.811975
v 1.968914 1.589447 -1.789982
v 1.968914 1.589447 -1.789982
v 1.955088 1.589447 -1.811975
v 1.936651 1.620085 -1.811975
v 1.943564 1.631573 -1.789982
v 1.943564 1.631573 -1.789982
v 1.936651 1.620085 -1.811975
v 1.899779 1.620085 -1.811975
v 1.892866 1.631573 -1.789982
v 1.892866 1.631573 -1.789982
v 1.899779 1.620085 -1.811975
v 1.881343 1.589447 -1.811975
v 1.867517 1.589447 -1.789982
v 1.867517 0.878353 -1.789982
v 1.881343 0.878353 -1.811975
v 1.899779 0.847715 -1.811975
v 1.892866 0.836227 -1.789982
v 1.892866 0.836227 -1.789982
v 1.899779 0.847715 -1.811975
v 1.936652 0.847715 -1.811975
v 1.943564 0.836227 -1.789982
v 1.943564 0.836227 -1.789982
v 1.936652 0.847715 -1.811975
v 1.955088 0.878353 -1.811975
v 1.968914 0.878353 -1.789982
v 1.968914 0.878353 -1.789982
v 1.955088 0.878353 -1.811975
v 1.936652 0.908991 -1.811975
v 1.943564 0.920479 -1.789982
v 1.943564 0.920479 -1.789982
v 1.936652 0.908991 -1.811975
v 1.899779 0.908991 -1.811975
v 1.892866 0.920479 -1.789982
v 1.892866 0.920479 -1.789982
v 1.899779 0.908991 -1.811975
v 1.881343 0.878353 -1.811975
v 1.867517 0.878353 -1.789982
v 1.867517 0.167259 -1.789982
v 1.881343 0.167259 -1.811975
v 1.899779 0.136621 -1.811975
v 1.892866 0.125133 -1.789982
v 1.892866 0.125133 -1.789982
v 1.899779 0.136621 -1.811975
v 1.936652 0.136621 -1.811975
v 1.943565 0.125133 -1.789982
v 1.943565 0.125133 -1.789982
v 1.936652 0.136621 -1.811975
v 1.955088 0.167259 -1.811975
v 1.968914 0.167259 -1.789982
v 1.968914 0.167259 -1.789982
v 1.955088 0.167259 -1.811975
v 1.936652 0.197897 -1.811975
v 1.943565 0.209385 -1.789982
v 1.943565 0.209385 -1.789982
v 1.936652 0.197897 -1.811975
v 1.899779 0.197897 -1.811975
v 1.892866 0.209385 -1.789982
v 1.892866 0.209385 -1.789982
v 1.899779 0.197897 -1.811975
v 1.881343 0.167259 -1.811975
v 1.867517 0.167259 -1.789982
v 1.867517 -0.543835 -1.789982
v 1.881343 -0.543835 -1.811974
v 1.899780 -0.574473 -1.811974
v 1.892867 -0.585961 -1.789982
v 1.892867 -0.585961 -1.789982
v 1.899780 -0.574473 -1.811974
v 1.936652 -0.574473 -1.811974
v 1.943565 -0.585961 -1.789982
v 1.943565 -0.585961 -1.789982
v 1.936652 -0.574473 -1.811974
v 1.955088 -0.543835 -1.811974
v 1.968914 -0.543835 -1.789982
v 1.968914 -0.543835 -1.789982
v 1.955088 -0.543835 -1.811974
v 1.936652 -0.513197 -1.811974
v 1.943565 -0.501708 -1.789982
v 1.943565 -0.501708 -1.789982
v 1.936652 -0.513197 -1.811974
v 1.899780 -0.513197 -1.811974
v 1.892867 -0.501708 -1.789982
v 1.892867 -0.501708 -1.789982
v 1.899780 -0.513197 -1.811974
v 1.881343 -0.543835 -1.811974
v 1.867517 -0.543835 -1.789982
v 1.867517 1.589448 1.789981
v 1.892866 1.547321 1.789981
v 1.899779 1.558810 1.811974
v 1.881343 1.589448 1.811974
v 1.892866 1.547321 1.789981
v 1.943565 1.547321 1.789981
v 1.936652 1.558810 1.811974
v 1.899779 1.558810 1.811974
v 1.943565 1.547321 1.789981
v 1.968914 1.589448 1.789981
v 1.955088 1.589448 1.811974
v 1.936652 1.558810 1.811974
v 1.968914 1.589448 1.789981
v 1.943565 1.631574 1.789981
v 1.936652 1.620086 1.811974
v 1.955088 1.589448 1.811974
v 1.943565 1.631574 1.789981
v 1.892866 1.631574 1.789981
v 1.899779 1.620086 1.811974
v 1.936652 1.620086 1.811974
v 1.892866 1.631574 1.789981
v 1.867517 1.589448 1.789981
v 1.881343 1.589448 1.811974
v 1.899779 1.620086 1.811974
v 1.867517 0.878354 1.789981
v 1.892867 0.836228 1.789981
v 1.899779 0.847716 1.811974
v 1.881343 0.878354 1.811974
v 1.892867 0.836228 1.789981
v 1.943565 0.836228 1.789981
v 1.936652 0.847716 1.811974
v 1.899779 0.847716 1.811974
v 1.943565 0.836228 1.789981
v 1.968914 0.878354 1.789981
v 1.955088 0.878354 1.811974
v 1.936652 0.847716 1.811974
v 1.968914 0.878354 1.789981
v 1.943565 0.920480 1.789981
v 1.936652 0.908992 1.811974
v 1.955088 0.878354 1.811974
v 1.943565 0.920480 1.789981
v 1.892867 0.920480 1.789981
v 1.899779 0.908992 1.811974
v 1.936652 0.908992 1.811974
v 1.892867 0.920480 1.789981
v 1.867517 0.878354 1.789981
v 1.881343 0.878354 1.811974
v 1.899779 0.908992 1.811974
v 1.867517 0.167260 1.789981
v 1.892867 0.125134 1.789981
v 1.899780 0.136622 1.811974
v 1.881343 0.167260 1.811974
v 1.892867 0.125134 1.789981
v 1.943565 0.125134 1.789981
v 1.936652 0.136622 1.811974
v 1.899780 0.136622 1.811974
v 1.943565 0.125134 1.789981
v 1.968914 0.167260 1.789981
v 1.955088 0.167260 1.811974
v 1.936652 0.136622 1.811974
v 1.968914 0.167260 1.789981
v 1.943565 0.209386 1.789981
v 1.936652 0.197898 1.811974
v 1.955088 0.167260 1.811974
v 1.943565 0.209386 1.789981
v 1.892867 0.209386 1.789981
v 1.899780 0.197898 1.811974
v 1.936652 0.197898 1.811974
v 1.892867 0.209386 1.789981
v 1.867517 0.167260 1.789981
v 1.881343 0.167260 1.811974
v 1.899780 0.197898 1.811974
v 1.867518 -0.543834 1.789982
v 1.892867 -0.585960 1.789982
v 1.899780 -0.574472 1.811974
v 1.881344 -0.543834 1.811974
v 1.892867 -0.585960 1.789982
v 1.943565 -0.585960 1.789982
v 1.936652 -0.574472 1.811974
v 1.899780 -0.574472 1.811974
v 1.943565 -0.585960 1.789982
v 1.968914 -0.543834 1.789982
v 1.955088 -0.543834 1.811974
v 1.936652 -0.574472 1.811974
v 1.968914 -0.543834 1.789982
v 1.943565 -0.501707 1.789982
v 1.936652 -0.513196 1.811974
v 1.955088 -0.543834 1.811974
v 1.943565 -0.501707 1.789982
v 1.892867 -0.501707 1.789982
v 1.899780 -0.513196 1.811974
v 1.936652 -0.513196 1.811974
v 1.892867 -0.501707 1.789982
v 1.867518 -0.543834 1.789982
v 1.881344 -0.543834 1.811974
v 1.899780 -0.513196 1.811974
v 1.408557 1.589447 -1.789982
v 1.422383 1.589447 -1.811975
v 1.440820 1.558808 -1.811975
v 1.433907 1.547320 -1.789982
v 1.433907 1.547320 -1.789982
v 1.440820 1.558808 -1.811975
v 1.477692 1.558808 -1.811975
v 1.484605 1.547320 -1.789982
v 1.484605 1.547320 -1.789982
v 1.477692 1.558808 -1.811975
v 1.496128 1.589447 -1.811975
v 1.509954 1.589447 -1.789982
v 1.509954 1.589447 -1.789982
v 1.496128 1.589447 -1.811975
v 1.477692 1.620085 -1.811975
v 1.484605 1.631573 -1.789982
v 1.484605 1.631573 -1.789982
v 1.477692 1.620085 -1.811975
v 1.440820 1.620085 -1.811975
v 1.433907 1.631573 -1.789982
v 1.433907 1.631573 -1.789982
v 1.440820 1.620085 -1.811975
v 1.422383 1.589447 -1.811975
v 1.408557 1.589447 -1.789982
v 1.408558 0.942385 -1.789982
v 1.422384 0.942385 -1.811975
v 1.440820 0.911747 -1.811975
v 1.433907 0.900259 -1.789982
v 1.433907 0.900259 -1.789982
v 1.440820 0.911747 -1.811975
v 1.477692 0.911747 -1.811975
v 1.484605 0.900259 -1.789982
v 1.484605 0.900259 -1.789982
v 1.477692 0.911747 -1.811975
v 1.496128 0.942385 -1.811975
v 1.509954 0.942385 -1.789982
v 1.509954 0.942385 -1.789982
v 1.496128 0.942385 -1.811975
v 1.477692 0.973023 -1.811975
v 1.484605 0.984512 -1.789982
v 1.484605 0.984512 -1.789982
v 1.477692 0.973023 -1.811975
v 1.440820 0.973023 -1.811975
v 1.433907 0.984512 -1.789982
v 1.433907 0.984512 -1.789982
v 1.440820 0.973023 -1.811975
v 1.422384 0.942385 -1.811975
v 1.408558 0.942385 -1.789982
v 1.408558 0.295323 -1.789982
v 1.422384 0.295323 -1.811975
v 1.440820 0.264685 -1.811975
v 1.433907 0.253197 -1.789982
v 1.433907 0.253197 -1.789982
v 1.440820 0.264685 -1.811975
v 1.477692 0.264685 -1.811975
v 1.484605 0.253197 -1.789982
v 1.484605 0.253197 -1.789982
v 1.477692 0.264685 -1.811975
v 1.496128 0.295323 -1.811975
v 1.509954 0.295323 -1.789982
v 1.509954 0.295323 -1.789982
v 1.496128 0.295323 -1.811975
v 1.477692 0.325962 -1.811975
v 1.484605 0.337450 -1.789982
v 1.484605 0.337450 -1.789982
v 1.477692 0.325962 -1.811975
v 1.440820 0.325962 -1.811975
v 1.433907 0.337450 -1.789982
v 1.433907 0.337450 -1.789982
v 1.440820 0.325962 -1.811975
v 1.422384 0.295323 -1.811975
v 1.408558 0.295323 -1.789982
v 1.408558 -0.351738 -1.789982
v 1.422384 -0.351738 -1.811974
v 1.440820 -0.382376 -1.811974
v 1.433907 -0.393865 -1.789982
v 1.433907 -0.393865 -1.789982
v 1.440820 -0.382376 -1.811974
v 1.477692 -0.382376 -1.811974
v 1.484605 -0.393865 -1.789982
v 1.484605 -0.393865 -1.789982
v 1.477692 -0.382376 -1.811974
v 1.496129 -0.351738 -1.811974
v 1.509954 -0.351738 -1.789982
v 1.509954 -0.351738 -1.789982
v 1.496129 -0.351738 -1.811974
v 1.477692 -0.321100 -1.811974
v 1.484605 -0.309612 -1.789982
v 1.484605 -0.309612 -1.789982
v 1.477692 -0.321100 -1.811974
v 1.440820 -0.321100 -1.811974
v 1.433907 -0.309612 -1.789982
v 1.433907 -0.309612 -1.789982
v 1.440820 -0.321100 -1.811974
v 1.422384 -0.351738 -1.811974
v 1.408558 -0.351738 -1.789982
v 1.408558 -0.998800 -1.789981
v 1.422384 -0.998800 -1.811974
v 1.440820 -1.029438 -1.811974
v 1.433907 -1.040926 -1.789981
v 1.433907 -1.040926 -1.789981
v 1.440820 -1.029438 -1.811974
v 1.477692 -1.029438 -1.811974
v 1.484605 -1.040926 -1.789981
v 1.484605 -1.040926 -1.789981
v 1.477692 -1.029438 -1.811974
v 1.496129 -0.998800 -1.811974
v 1.509954 -0.998800 -1.789981
v 1.509954 -0.998800 -1.789981
v 1.496129 -0.998800 -1.811974
v 1.477692 -0.968162 -1.811974
v 1.484605 -0.956674 -1.789981
v 1.484605 -0.956674 -1.789981
v 1.477692 -0.968162 -1.811974
v 1.440820 -0.968162 -1.811974
v 1.433907 -0.956674 -1.789981
v 1.433907 -0.956674 -1.789981
v 1.440820 -0.968162 -1.811974
v 1.422384 -0.998800 -1.811974
v 1.408558 -0.998800 -1.789981
v 1.408558 1.589448 1.789981
v 1.433907 1.547321 1.789981
v 1.440820 1.558810 1.811974
v 1.422384 1.589448 1.811974
v 1.433907 1.547321 1.789981
v 1.484605 1.547321 1.789981
v 1.477692 1.558810 1.811974
v 1.440820 1.558810 1.811974
v 1.484605 1.547321 1.789981
v 1.509954 1.589448 1.789981
v 1.496128 1.589448 1.811974
v 1.477692 1.558810 1.811974
v 1.509954 1.589448 1.789981
v 1.484605 1.631574 1.789981
v 1.477692 1.620086 1.811974
v 1.496128 1.589448 1.811974
v 1.484605 1.631574 1.789981
v 1.433907 1.631574 1.789981
v 1.440820 1.620086 1.811974
v 1.477692 1.620086 1.811974
v 1.433907 1.631574 1.789981
v 1.408558 1.589448 1.789981
v 1.422384 1.589448 1.811974
v 1.440820 1.620086 1.811974
v 1.408558 0.942386 1.789981
v 1.433907 0.900260 1.789981
v 1.440820 0.911748 1.811974
v 1.422384 0.942386 1.811974
v 1.433907 0.900260 1.789981
v 1.484605 0.900260 1.789981
v 1.477692 0.911748 1.811974
v 1.440820 0.911748 1.811974
v 1.484605 0.900260 1.789981
v 1.509954 0.942386 1.789981
v 1.496128 0.942386 1.811974
v 1.477692 0.911748 1.811974
v 1.509954 0.942386 1.789981
v 1.484605 0.984512 1.789981
v 1.477692 0.973024 1.811974
v 1.496128 0.942386 1.811974
v 1.484605 0.984512 1.789981
v 1.433907 0.984512 1.789981
v 1.440820 0.973024 1.811974
v 1.477692 0.973024 1.811974
v 1.433907 0.984512 1.789981
v 1.408558 0.942386 1.789981
v 1.422384 0.942386 1.811974
v 1.440820 0.973024 1.811974
v 1.408558 0.295324 1.789981
v 1.433907 0.253198 1.789981
v 1.440820 0.264686 1.811974
v 1.422384 0.295324 1.811974
v 1.433907 0.253198 1.789981
v 1.484605 0.253198 1.789981
v 1.477692 0.264686 1.811974
v 1.440820 0.264686 1.811974
v 1.484605 0.253198 1.789981
v 1.509954 0.295324 1.789981
v 1.496128 0.295324 1.811974
v 1.477692 0.264686 1.811974
v 1.509954 0.295324 1.789981
v 1.484605 0.337451 1.789981
v 1.477692 0.325963 1.811974
v 1.496128 0.295324 1.811974
v 1.484605 0.337451 1.789981
v 1.433907 0.337451 1.789981
v 1.440820 0.325963 1.811974
v 1.477692 0.325963 1.811974
v 1.433907 0.337451 1.789981
v 1.408558 0.295324 1.789981
v 1.422384 0.295324 1.811974
v 1.440820 0.325963 1.811974
v 1.408558 -0.351737 1.789982
v 1.433907 -0.393864 1.789982
v 1.440820 -0.382376 1.811974
v 1.422384 -0.351737 1.811974
v 1.433907 -0.393864 1.789982
v 1.484605 -0.393864 1.789982
v 1.477692 -0.382376 1.811974
v 1.440820 -0.382376 1.811974
v 1.484605 -0.393864 1.789982
v 1.509954 -0.351737 1.789982
v 1.496129 -0.351737 1.811974
v 1.477692 -0.382376 1.811974
v 1.509954 -0.351737 1.789982
v 1.484605 -0.309611 1.789982
v 1.477692 -0.321099 1.811974
v 1.496129 -0.351737 1.811974
v 1.484605 -0.309611 1.789982
v 1.433907 -0.309611 1.789982
v 1.440820 -0.321099 1.811974
v 1.477692 -0.321099 1.811974
v 1.433907 -0.309611 1.789982
v 1.408558 -0.351737 1.789982
v 1.422384 -0.351737 1.811974
v 1.440820 -0.321099 1.811974
v 1.408558 -0.998799 1.789982
v 1.433907 -1.040926 1.789982
v 1.440820 -1.029437 1.811975
v 1.422384 -0.998799 1.811975
v 1.433907 -1.040926 1.789982
v 1.484605 -1.040926 1.789982
v 1.477692 -1.029437 1.811975
v 1.440820 -1.029437 1.811975
v 1.484605 -1.040926 1.789982
v 1.509954 -0.998799 1.789982
v 1.496129 -0.998799 1.811975
v 1.477692 -1.029437 1.811975
v 1.509954 -0.998799 1.789982
v 1.484605 -0.956673 1.789982
v 1.477692 -0.968161 1.811974
v 1.496129 -0.998799 1.811975
v 1.484605 -0.956673 1.789982
v 1.433907 -0.956673 1.789982
v 1.440820 -0.968161 1.811974
v 1.477692 -0.968161 1.811974
v 1.433907 -0.956673 1.789982
v 1.408558 -0.998799 1.789982
v 1.422384 -0.998799 1.811975
v 1.440820 -0.968161 1.811974
v -2.173339 1.523811 0.732455
v -2.196733 1.537076 0.732455
v -2.196733 1.554765 0.702435
v -2.173339 1.548132 0.691179
v -2.173339 1.548132 0.691179
v -2.196733 1.554765 0.702435
v -2.196733 1.590143 0.702435
v -2.173339 1.596776 0.691179
v -2.173339 1.596776 0.691179
v -2.196733 1.590143 0.702435
v -2.196733 1.607832 0.732455
v -2.173339 1.621097 0.732455
v -2.173339 1.621097 0.732455
v -2.196733 1.607832 0.732455
v -2.196733 1.590143 0.762474
v -2.173339 1.596776 0.773730
v -2.173339 1.596776 0.773730
v -2.196733 1.590143 0.762474
v -2.196733 1.554765 0.762474
v -2.173339 1.548132 0.773730
v -2.173339 1.548132 0.773730
v -2.196733 1.554765 0.762474
v -2.196733 1.537076 0.732455
v -2.173339 1.523811 0.732455
v -2.173339 1.523810 -0.017110
v -2.196733 1.537076 -0.017110
v -2.196733 1.554765 -0.047130
v -2.173339 1.548132 -0.058386
v -2.173339 1.548132 -0.058386
v -2.196733 1.554765 -0.047130
v -2.196733 1.590143 -0.047130
v -2.173339 1.596776 -0.058386
v -2.173339 1.596776 -0.058386
v -2.196733 1.590143 -0.047130
v -2.196733 1.607832 -0.017110
v -2.173339 1.621097 -0.017110
v -2.173339 1.621097 -0.017110
v -2.196733 1.607832 -0.017110
v -2.196733 1.590143 0.012909
v -2.173339 1.596776 0.024165
v -2.173339 1.596776 0.024165
v -2.196733 1.590143 0.012909
v -2.196733 1.554765 0.012909
v -2.173339 1.548132 0.024165
v -2.173339 1.548132 0.024165
v -2.196733 1.554765 0.012909
v -2.196733 1.537076 -0.017110
v -2.173339 1.523810 -0.017110
v -2.173339 1.523810 -0.766676
v -2.196733 1.537076 -0.766676
v -2.196733 1.554765 -0.796695
v -2.173339 1.548132 -0.807951
v -2.173339 1.548132 -0.807951
v -2.196733 1.554765 -0.796695
v -2.196733 1.590142 -0.796695
v -2.173339 1.596775 -0.807951
v -2.173339 1.596775 -0.807951
v -2.196733 1.590142 -0.796695
v -2.196733 1.607831 -0.766676
v -2.173339 1.621097 -0.766676
v -2.173339 1.621097 -0.766676
v -2.196733 1.607831 -0.766676
v -2.196733 1.590142 -0.736656
v -2.173339 1.596775 -0.725400
v -2.173339 1.596775 -0.725400
v -2.196733 1.590142 -0.736656
v -2.196733 1.554765 -0.736656
v -2.173339 1.548132 -0.725400
v -2.173339 1.548132 -0.725400
v -2.196733 1.554765 -0.736656
v -2.196733 1.537076 -0.766676
v -2.173339 1.523810 -0.766676
v -2.173339 -1.605343 0.732456
v -2.196733 -1.592077 0.732456
v -2.196733 -1.574389 0.702436
v -2.173339 -1.581021 0.691180
v -2.173339 -1.581021 0.691180
v -2.196733 -1.574389 0.702436
v -2.196733 -1.539011 0.702436
v -2.173339 -1.532378 0.691180
v -2.173339 -1.532378 0.691180
v -2.196733 -1.539011 0.702436
v -2.196733 -1.521322 0.732456
v -2.173339 -1.508056 0.732456
v -2.173339 -1.508056 0.732456
v -2.196733 -1.521322 0.732456
v -2.196733 -1.539011 0.762475
v -2.173339 -1.532378 0.773731
v -2.173339 -1.532378 0.773731
v -2.196733 -1.539011 0.762475
v -2.196733 -1.574389 0.762475
v -2.173339 -1.581021 0.773731
v -2.173339 -1.581021 0.773731
v -2.196733 -1.574389 0.762475
v -2.196733 -1.592077 0.732456
v -2.173339 -1.605343 0.732456
v -2.173339 -1.605343 -0.017109
v -2.196733 -1.592077 -0.017109
v -2.196733 -1.574389 -0.047129
v -2.173339 -1.581022 -0.058385
v -2.173339 -1.581022 -0.058385
v -2.196733 -1.574389 -0.047129
v -2.196733 -1.539011 -0.047129
v -2.173339 -1.532378 -0.058385
v -2.173339 -1.532378 -0.058385
v -2.196733 -1.539011 -0.047129
v -2.196733 -1.521322 -0.017109
v -2.173339 -1.508056 -0.017109
v -2.173339 -1.508056 -0.017109
v -2.196733 -1.521322 -0.017109
v -2.196733 -1.539011 0.012910
v -2.173339 -1.532378 0.024166
v -2.173339 -1.532378 0.024166
v -2.196733 -1.539011 0.012910
v -2.196733 -1.574389 0.012910
v -2.173339 -1.581022 0.024166
v -2.173339 -1.581022 0.024166
v -2.196733 -1.574389 0.012910
v -2.196733 -1.592077 -0.017109
v -2.173339 -1.605343 -0.017109
v -2.173339 -1.605343 -0.766675
v -2.196733 -1.592078 -0.766675
v -2.196733 -1.574389 -0.796694
v -2.173339 -1.581022 -0.807950
v -2.173339 -1.581022 -0.807950
v -2.196733 -1.574389 -0.796694
v -2.196733 -1.539011 -0.796694
v -2.173339 -1.532378 -0.807950
v -2.173339 -1.532378 -0.807950
v -2.196733 -1.539011 -0.796694
v -2.196733 -1.521322 -0.766675
v -2.173339 -1.508056 -0.766675
v -2.173339 -1.508056 -0.766675
v -2.196733 -1.521322 -0.766675
v -2.196733 -1.539011 -0.736655
v -2.173339 -1.532378 -0.725399
v -2.173339 -1.532378 -0.725399
v -2.196733 -1.539011 -0.736655
v -2.196733 -1.574389 -0.736655
v -2.173339 -1.581022 -0.725399
v -2.173339 -1.581022 -0.725399
v -2.196733 -1.574389 -0.736655
v -2.196733 -1.592078 -0.766675
v -2.173339 -1.605343 -0.766675
v -2.173339 1.572454 1.529681
v -2.196733 1.572454 1.516683
v -2.196733 1.541816 1.499352
v -2.173339 1.530328 1.505850
v -2.173339 1.530328 1.505850
v -2.196733 1.541816 1.499352
v -2.196733 1.541816 1.464688
v -2.173339 1.530328 1.458189
v -2.173339 1.530328 1.458189
v -2.196733 1.541816 1.464688
v -2.196733 1.572454 1.447357
v -2.173339 1.572454 1.434359
v -2.173339 1.572454 1.434359
v -2.196733 1.572454 1.447357
v -2.196733 1.603092 1.464688
v -2.173339 1.614581 1.458189
v -2.173339 1.614581 1.458189
v -2.196733 1.603092 1.464688
v -2.196733 1.603092 1.499352
v -2.173339 1.614581 1.505850
v -2.173339 1.614581 1.505850
v -2.196733 1.603092 1.499352
v -2.196733 1.572454 1.516683
v -2.173339 1.572454 1.529681
v -2.173339 0.791431 1.529680
v -2.196733 0.791431 1.516683
v -2.196733 0.760793 1.499351
v -2.173339 0.749304 1.505850
v -2.173339 0.749304 1.505850
v -2.196733 0.760793 1.499351
v -2.196733 0.760793 1.464687
v -2.173339 0.749304 1.458189
v -2.173339 0.749304 1.458189
v -2.196733 0.760793 1.464687
v -2.196733 0.791431 1.447356
v -2.173339 0.791431 1.434358
v -2.173339 0.791431 1.434358
v -2.196733 0.791431 1.447356
v -2.196733 0.822069 1.464687
v -2.173339 0.833557 1.458189
v -2.173339 0.833557 1.458189
v -2.196733 0.822069 1.464687
v -2.196733 0.822069 1.499351
v -2.173339 0.833557 1.505850
v -2.173339 0.833557 1.505850
v -2.196733 0.822069 1.499351
v -2.196733 0.791431 1.516683
v -2.173339 0.791431 1.529680
v -2.173339 0.010407 1.529679
v -2.196733 0.010407 1.516682
v -2.196733 -0.020231 1.499350
v -2.173339 -0.031719 1.505849
v -2.173339 -0.031719 1.505849
v -2.196733 -0.020231 1.499350
v -2.196733 -0.020231 1.464687
v -2.173339 -0.031719 1.458188
v -2.173339 -0.031719 1.458188
v -2.196733 -0.020231 1.464687
v -2.196733 0.010407 1.447355
v -2.173339 0.010407 1.434357
v -2.173339 0.010407 1.434357
v -2.196733 0.010407 1.447355
v -2.196733 0.041045 1.464687
v -2.173339 0.052534 1.458188
v -2.173339 0.052534 1.458188
v -2.196733 0.041045 1.464687
v -2.196733 0.041045 1.499350
v -2.173339 0.052534 1.505849
v -2.173339 0.052534 1.505849
v -2.196733 0.041045 1.499350
v -2.196733 0.010407 1.516682
v -2.173339 0.010407 1.529679
v -2.173339 -0.770617 1.529679
v -2.196733 -0.770617 1.516681
v -2.196733 -0.801255 1.499349
v -2.173339 -0.812743 1.505848
v -2.173339 -0.812743 1.505848
v -2.196733 -0.801255 1.499349
v -2.196733 -0.801255 1.464686
v -2.173339 -0.812743 1.458187
v -2.173339 -0.812743 1.458187
v -2.196733 -0.801255 1.464686
v -2.196733 -0.770617 1.447354
v -2.173339 -0.770617 1.434357
v -2.173339 -0.770617 1.434357
v -2.196733 -0.770617 1.447354
v -2.196733 -0.739978 1.464686
v -2.173339 -0.728490 1.458187
v -2.173339 -0.728490 1.458187
v -2.196733 -0.739978 1.464686
v -2.196733 -0.739978 1.499349
v -2.173339 -0.728490 1.505848
v -2.173339 -0.728490 1.505848
v -2.196733 -0.739978 1.499349
v -2.196733 -0.770617 1.516681
v -2.173339 -0.770617 1.529679
v -2.173339 -1.551640 1.529678
v -2.196733 -1.551640 1.516680
v -2.196733 -1.582278 1.499349
v -2.173339 -1.593767 1.505847
v -2.173339 -1.593767 1.505847
v -2.196733 -1.582278 1.499349
v -2.196733 -1.582278 1.464685
v -2.173339 -1.593767 1.458186
v -2.173339 -1.593767 1.458186
v -2.196733 -1.582278 1.464685
v -2.196733 -1.551640 1.447353
v -2.173339 -1.551640 1.434356
v -2.173339 -1.551640 1.434356
v -2.196733 -1.551640 1.447353
v -2.196733 -1.521002 1.464685
v -2.173339 -1.509514 1.458186
v -2.173339 -1.509514 1.458186
v -2.196733 -1.521002 1.464685
v -2.196733 -1.521002 1.499349
v -2.173339 -1.509514 1.505847
v -2.173339 -1.509514 1.505847
v -2.196733 -1.521002 1.499349
v -2.196733 -1.551640 1.516680
v -2.173339 -1.551640 1.529678
v -2.173339 1.572453 -1.474133
v -2.196733 1.572453 -1.487131
v -2.196733 1.541815 -1.504462
v -2.173339 1.530327 -1.497963
v -2.173339 1.530327 -1.497963
v -2.196733 1.541815 -1.504462
v -2.196733 1.541816 -1.539126
v -2.173339 1.530327 -1.545624
v -2.173339 1.530327 -1.545624
v -2.196733 1.541816 -1.539126
v -2.196733 1.572453 -1.556457
v -2.173339 1.572453 -1.569455
v -2.173339 1.572453 -1.569455
v -2.196733 1.572453 -1.556457
v -2.196733 1.603091 -1.539126
v -2.173339 1.614580 -1.545624
v -2.173339 1.614580 -1.545624
v -2.196733 1.603091 -1.539126
v -2.196733 1.603091 -1.504462
v -2.173339 1.614580 -1.497963
v -2.173339 1.614580 -1.497963
v -2.196733 1.603091 -1.504462
v -2.196733 1.572453 -1.487131
v -2.173339 1.572453 -1.474133
v -2.173339 0.791430 -1.474134
v -2.196733 0.791430 -1.487131
v -2.196733 0.760792 -1.504463
v -2.173339 0.749303 -1.497964
v -2.173339 0.749303 -1.497964
v -2.196733 0.760792 -1.504463
v -2.196733 0.760792 -1.539127
v -2.173339 0.749303 -1.545625
v -2.173339 0.749303 -1.545625
v -2.196733 0.760792 -1.539127
v -2.196733 0.791430 -1.556458
v -2.173339 0.791430 -1.569456
v -2.173339 0.791430 -1.569456
v -2.196733 0.791430 -1.556458
v -2.196733 0.822068 -1.539127
v -2.173339 0.833556 -1.545625
v -2.173339 0.833556 -1.545625
v -2.196733 0.822068 -1.539127
v -2.196733 0.822068 -1.504463
v -2.173339 0.833556 -1.497964
v -2.173339 0.833556 -1.497964
v -2.196733 0.822068 -1.504463
v -2.196733 0.791430 -1.487131
v -2.173339 0.791430 -1.474134
v -2.173339 0.010406 -1.474134
v -2.196733 0.010406 -1.487132
v -2.196733 -0.020232 -1.504464
v -2.173339 -0.031720 -1.497965
v -2.173339 -0.031720 -1.497965
v -2.196733 -0.020232 -1.504464
v -2.196733 -0.020232 -1.539127
v -2.173339 -0.031720 -1.545626
v -2.173339 -0.031720 -1.545626
v -2.196733 -0.020232 -1.539127
v -2.196733 0.010406 -1.556459
v -2.173339 0.010406 -1.569457
v -2.173339 0.010406 -1.569457
v -2.196733 0.010406 -1.556459
v -2.196733 0.041044 -1.539127
v -2.173339 0.052533 -1.545626
v -2.173339 0.052533 -1.545626
v -2.196733 0.041044 -1.539127
v -2.196733 0.041044 -1.504464
v -2.173339 0.052533 -1.497965
v -2.173339 0.052533 -1.497965
v -2.196733 0.041044 -1.504464
v -2.196733 0.010406 -1.487132
v -2.173339 0.010406 -1.474134
v -2.173339 -0.770617 -1.474135
v -2.196733 -0.770618 -1.487133
v -2.196733 -0.801256 -1.504465
v -2.173339 -0.812744 -1.497966
v -2.173339 -0.812744 -1.497966
v -2.196733 -0.801256 -1.504465
v -2.196733 -0.801256 -1.539128
v -2.173339 -0.812744 -1.545627
v -2.173339 -0.812744 -1.545627
v -2.196733 -0.801256 -1.539128
v -2.196733 -0.770618 -1.556460
v -2.173339 -0.770618 -1.569457
v -2.173339 -0.770618 -1.569457
v -2.196733 -0.770618 -1.556460
v -2.196733 -0.739979 -1.539128
v -2.173339 -0.728491 -1.545627
v -2.173339 -0.728491 -1.545627
v -2.196733 -0.739979 -1.539128
v -2.196733 -0.739979 -1.504465
v -2.173339 -0.728491 -1.497966
v -2.173339 -0.728491 -1.497966
v -2.196733 -0.739979 -1.504465
v -2.196733 -0.770618 -1.487133
v -2.173339 -0.770617 -1.474135
v -2.173339 -1.551641 -1.474136
v -2.196733 -1.551641 -1.487134
v -2.196733 -1.582279 -1.504465
v -2.173339 -1.593768 -1.497967
v -2.173339 -1.593768 -1.497967
v -2.196733 -1.582279 -1.504465
v -2.196733 -1.582279 -1.539129
v -2.173339 -1.593768 -1.545628
v -2.173339 -1.593768 -1.545628
v -2.196733 -1.582279 -1.539129
v -2.196733 -1.551641 -1.556460
v -2.173339 -1.551641 -1.569458
v -2.173339 -1.551641 -1.569458
v -2.196733 -1.551641 -1.556460
v -2.196733 -1.521003 -1.539129
v -2.173339 -1.509515 -1.545628
v -2.173339 -1.509515 -1.545628
v -2.196733 -1.521003 -1.539129
v -2.196733 -1.521003 -1.504465
v -2.173339 -1.509515 -1.497967
v -2.173339 -1.509515 -1.497967
v -2.196733 -1.521003 -1.504465
v -2.196733 -1.551641 -1.487134
v -2.173339 -1.551641 -1.474136
v 2.169135 1.620705 0.758484
v 2.192529 1.607440 0.758484
v 2.192529 1.589751 0.728464
v 2.169135 1.596384 0.717208
v 2.169135 1.596384 0.717208
v 2.192529 1.589751 0.728464
v 2.192529 1.554373 0.728464
v 2.169135 1.547740 0.717208
v 2.169135 1.547740 0.717208
v 2.192529 1.554373 0.728464
v 2.192529 1.536684 0.758484
v 2.169135 1.523419 0.758484
v 2.169135 1.523419 0.758484
v 2.192529 1.536684 0.758484
v 2.192529 1.554373 0.788503
v 2.169135 1.547740 0.799759
v 2.169135 1.547740 0.799759
v 2.192529 1.554373 0.788503
v 2.192529 1.589751 0.788503
v 2.169135 1.596384 0.799759
v 2.169135 1.596384 0.799759
v 2.192529 1.589751 0.788503
v 2.192529 1.607440 0.758484
v 2.169135 1.620705 0.758484
v 2.169135 1.620705 -0.000162
v 2.192529 1.607440 -0.000162
v 2.192529 1.589751 -0.030181
v 2.169135 1.596384 -0.041437
v 2.169135 1.596384 -0.041437
v 2.192529 1.589751 -0.030181
v 2.192529 1.554373 -0.030181
v 2.169135 1.547740 -0.041437
v 2.169135 1.547740 -0.041437
v 2.192529 1.554373 -0.030181
v 2.192529 1.536684 -0.000162
v 2.169135 1.523418 -0.000162
v 2.169135 1.523418 -0.000162
v 2.192529 1.536684 -0.000162
v 2.192529 1.554373 0.029857
v 2.169135 1.547740 0.041114
v 2.169135 1.547740 0.041114
v 2.192529 1.554373 0.029857
v 2.192529 1.589751 0.029857
v 2.169135 1.596384 0.041114
v 2.169135 1.596384 0.041114
v 2.192529 1.589751 0.029857
v 2.192529 1.607440 -0.000162
v 2.169135 1.620705 -0.000162
v 2.169135 1.620705 -0.758808
v 2.192529 1.607440 -0.758808
v 2.192529 1.589751 -0.788827
v 2.169135 1.596383 -0.800083
v 2.169135 1.596383 -0.800083
v 2.192529 1.589751 -0.788827
v 2.192529 1.554373 -0.788827
v 2.169135 1.547740 -0.800083
v 2.169135 1.547740 -0.800083
v 2.192529 1.554373 -0.788827
v 2.192529 1.536684 -0.758808
v 2.169135 1.523418 -0.758808
v 2.169135 1.523418 -0.758808
v 2.192529 1.536684 -0.758808
v 2.192529 1.554373 -0.728788
v 2.169135 1.547740 -0.717532
v 2.169135 1.547740 -0.717532
v 2.192529 1.554373 -0.728788
v 2.192529 1.589751 -0.728788
v 2.169135 1.596383 -0.717532
v 2.169135 1.596383 -0.717532
v 2.192529 1.589751 -0.728788
v 2.192529 1.607440 -0.758808
v 2.169135 1.620705 -0.758808
v 2.169135 -0.309293 0.757157
v 2.192529 -0.322558 0.757157
v 2.192529 -0.340247 0.727138
v 2.169135 -0.333615 0.715881
v 2.169135 -0.333615 0.715881
v 2.192529 -0.340247 0.727138
v 2.192529 -0.375625 0.727138
v 2.169135 -0.382258 0.715881
v 2.169135 -0.382258 0.715881
v 2.192529 -0.375625 0.727138
v 2.192529 -0.393314 0.757157
v 2.169135 -0.406580 0.757157
v 2.169135 -0.406580 0.757157
v 2.192529 -0.393314 0.757157
v 2.192529 -0.375625 0.787176
v 2.169135 -0.382258 0.798433
v 2.169135 -0.382258 0.798433
v 2.192529 -0.375625 0.787176
v 2.192529 -0.340247 0.787176
v 2.169135 -0.333614 0.798433
v 2.169135 -0.333614 0.798433
v 2.192529 -0.340247 0.787176
v 2.192529 -0.322558 0.757157
v 2.169135 -0.309293 0.757157
v 2.169135 -0.309293 -0.001489
v 2.192529 -0.322559 -0.001489
v 2.192529 -0.340248 -0.031508
v 2.169135 -0.333615 -0.042764
v 2.169135 -0.333615 -0.042764
v 2.192529 -0.340248 -0.031508
v 2.192529 -0.375625 -0.031508
v 2.169135 -0.382258 -0.042764
v 2.169135 -0.382258 -0.042764
v 2.192529 -0.375625 -0.031508
v 2.192529 -0.393314 -0.001489
v 2.169135 -0.406580 -0.001489
v 2.169135 -0.406580 -0.001489
v 2.192529 -0.393314 -0.001489
v 2.192529 -0.375625 0.028531
v 2.169135 -0.382258 0.039787
v 2.169135 -0.382258 0.039787
v 2.192529 -0.375625 0.028531
v 2.192529 -0.340248 0.028531
v 2.169135 -0.333615 0.039787
v 2.169135 -0.333615 0.039787
v 2.192529 -0.340248 0.028531
v 2.192529 -0.322559 -0.001489
v 2.169135 -0.309293 -0.001489
v 2.169135 -0.309293 -0.760135
v 2.192529 -0.322559 -0.760135
v 2.192529 -0.340248 -0.790154
v 2.169135 -0.333615 -0.801410
v 2.169135 -0.333615 -0.801410
v 2.192529 -0.340248 -0.790154
v 2.192529 -0.375626 -0.790154
v 2.169135 -0.382258 -0.801410
v 2.169135 -0.382258 -0.801410
v 2.192529 -0.375626 -0.790154
v 2.192529 -0.393315 -0.760135
v 2.169135 -0.406580 -0.760135
v 2.169135 -0.406580 -0.760135
v 2.192529 -0.393315 -0.760135
v 2.192529 -0.375626 -0.730115
v 2.169135 -0.382258 -0.718859
v 2.169135 -0.382258 -0.718859
v 2.192529 -0.375626 -0.730115
v 2.192529 -0.340248 -0.730115
v 2.169135 -0.333615 -0.718859
v 2.169135 -0.333615 -0.718859
v 2.192529 -0.340248 -0.730115
v 2.192529 -0.322559 -0.760135
v 2.169135 -0.309293 -0.760135
v 2.169135 1.572061 -1.566856
v 2.192529 1.572061 -1.553859
v 2.192529 1.541423 -1.536527
v 2.169135 1.529935 -1.543026
v 2.169135 1.529935 -1.543026
v 2.192529 1.541423 -1.536527
v 2.192529 1.541423 -1.501864
v 2.169135 1.529935 -1.495365
v 2.169135 1.529935 -1.495365
v 2.192529 1.541423 -1.501864
v 2.192529 1.572061 -1.484532
v 2.169135 1.572061 -1.471534
v 2.169135 1.572061 -1.471534
v 2.192529 1.572061 -1.484532
v 2.192529 1.602699 -1.501864
v 2.169135 1.614188 -1.495365
v 2.169135 1.614188 -1.495365
v 2.192529 1.602699 -1.501864
v 2.192529 1.602699 -1.536527
v 2.169135 1.614188 -1.543026
v 2.169135 1.614188 -1.543026
v 2.192529 1.602699 -1.536527
v 2.192529 1.572061 -1.553859
v 2.169135 1.572061 -1.566856
v 2.169135 0.928370 -1.566856
v 2.192529 0.928370 -1.553859
v 2.192529 0.897732 -1.536527
v 2.169135 0.886243 -1.543026
v 2.169135 0.886243 -1.543026
v 2.192529 0.897732 -1.536527
v 2.192529 0.897732 -1.501863
v 2.169135 0.886243 -1.495365
v 2.169135 0.886243 -1.495365
v 2.192529 0.897732 -1.501863
v 2.192529 0.928370 -1.484532
v 2.169135 0.928370 -1.471534
v 2.169135 0.928370 -1.471534
v 2.192529 0.928370 -1.484532
v 2.192529 0.959008 -1.501863
v 2.169135 0.970496 -1.495365
v 2.169135 0.970496 -1.495365
v 2.192529 0.959008 -1.501863
v 2.192529 0.959008 -1.536527
v 2.169135 0.970496 -1.543026
v 2.169135 0.970496 -1.543026
v 2.192529 0.959008 -1.536527
v 2.192529 0.928370 -1.553859
v 2.169135 0.928370 -1.566856
v 2.169135 0.284678 -1.566856
v 2.192530 0.284678 -1.553859
v 2.192530 0.254040 -1.536527
v 2.169135 0.242552 -1.543026
v 2.169135 0.242552 -1.543026
v 2.192530 0.254040 -1.536527
v 2.192530 0.254040 -1.501863
v 2.169135 0.242552 -1.495365
v 2.169135 0.242552 -1.495365
v 2.192530 0.254040 -1.501863
v 2.192530 0.284678 -1.484532
v 2.169135 0.284678 -1.471534
v 2.169135 0.284678 -1.471534
v 2.192530 0.284678 -1.484532
v 2.192530 0.315317 -1.501863
v 2.169135 0.326805 -1.495365
v 2.169135 0.326805 -1.495365
v 2.192530 0.315317 -1.501863
v 2.192530 0.315317 -1.536527
v 2.169135 0.326805 -1.543026
v 2.169135 0.326805 -1.543026
v 2.192530 0.315317 -1.536527
v 2.192530 0.284678 -1.553859
v 2.169135 0.284678 -1.566856
v 2.169135 -0.359013 -1.566856
v 2.192530 -0.359013 -1.553858
v 2.192530 -0.389651 -1.536527
v 2.169135 -0.401139 -1.543025
v 2.169135 -0.401139 -1.543025
v 2.192530 -0.389651 -1.536527
v 2.192530 -0.389651 -1.501863
v 2.169135 -0.401139 -1.495364
v 2.169135 -0.401139 -1.495364
v 2.192530 -0.389651 -1.501863
v 2.192530 -0.359013 -1.484531
v 2.169135 -0.359013 -1.471534
v 2.169135 -0.359013 -1.471534
v 2.192530 -0.359013 -1.484531
v 2.192530 -0.328375 -1.501863
v 2.169135 -0.316887 -1.495364
v 2.169135 -0.316887 -1.495364
v 2.192530 -0.328375 -1.501863
v 2.192530 -0.328375 -1.536527
v 2.169135 -0.316887 -1.543025
v 2.169135 -0.316887 -1.543025
v 2.192530 -0.328375 -1.536527
v 2.192530 -0.359013 -1.553858
v 2.169135 -0.359013 -1.566856
v 2.169135 1.572062 1.566855
v 2.169135 1.529936 1.543025
v 2.192529 1.541424 1.536526
v 2.192529 1.572062 1.553858
v 2.169135 1.529936 1.543025
v 2.169135 1.529936 1.495364
v 2.192529 1.541424 1.501863
v 2.192529 1.541424 1.536526
v 2.169135 1.529936 1.495364
v 2.169135 1.572062 1.471533
v 2.192529 1.572062 1.484531
v 2.192529 1.541424 1.501863
v 2.169135 1.572062 1.471533
v 2.169135 1.614188 1.495364
v 2.192529 1.602700 1.501863
v 2.192529 1.572062 1.484531
v 2.169135 1.614188 1.495364
v 2.169135 1.614188 1.543025
v 2.192529 1.602700 1.536526
v 2.192529 1.602700 1.501863
v 2.169135 1.614188 1.543025
v 2.169135 1.572062 1.566855
v 2.192529 1.572062 1.553858
v 2.192529 1.602700 1.536526
v 2.169135 0.928371 1.566855
v 2.169135 0.886244 1.543025
v 2.192529 0.897733 1.536526
v 2.192529 0.928371 1.553858
v 2.169135 0.886244 1.543025
v 2.169135 0.886244 1.495364
v 2.192529 0.897733 1.501863
v 2.192529 0.897733 1.536526
v 2.169135 0.886244 1.495364
v 2.169135 0.928371 1.471534
v 2.192529 0.928371 1.484531
v 2.192529 0.897733 1.501863
v 2.169135 0.928371 1.471534
v 2.169135 0.970497 1.495364
v 2.192529 0.959009 1.501863
v 2.192529 0.928371 1.484531
v 2.169135 0.970497 1.495364
v 2.169135 0.970497 1.543025
v 2.192529 0.959009 1.536526
v 2.192529 0.959009 1.501863
v 2.169135 0.970497 1.543025
v 2.169135 0.928371 1.566855
v 2.192529 0.928371 1.553858
v 2.192529 0.959009 1.536526
v 2.169135 0.284679 1.566855
v 2.169135 0.242553 1.543025
v 2.192530 0.254041 1.536526
v 2.192530 0.284679 1.553858
v 2.169135 0.242553 1.543025
v 2.169135 0.242553 1.495364
v 2.192530 0.254041 1.501863
v 2.192530 0.254041 1.536526
v 2.169135 0.242553 1.495364
v 2.169135 0.284679 1.471534
v 2.192530 0.284679 1.484531
v 2.192530 0.254041 1.501863
v 2.169135 0.284679 1.471534
v 2.169135 0.326805 1.495364
v 2.192530 0.315318 1.501863
v 2.192530 0.284679 1.484531
v 2.169135 0.326805 1.495364
v 2.169135 0.326806 1.543025
v 2.192530 0.315318 1.536526
v 2.192530 0.315318 1.501863
v 2.169135 0.326806 1.543025
v 2.169135 0.284679 1.566855
v 2.192530 0.284679 1.553858
v 2.192530 0.315318 1.536526
v 2.169135 -0.359012 1.566856
v 2.169135 -0.401139 1.543025
v 2.192530 -0.389650 1.536527
v 2.192530 -0.359012 1.553858
v 2.169135 -0.401139 1.543025
v 2.169135 -0.401139 1.495365
v 2.192530 -0.389650 1.501863
v 2.192530 -0.389650 1.536527
v 2.169135 -0.401139 1.495365
v 2.169135 -0.359012 1.471534
v 2.192530 -0.359012 1.484532
v 2.192530 -0.389650 1.501863
v 2.169135 -0.359012 1.471534
v 2.169135 -0.316886 1.495365
v 2.192530 -0.328374 1.501863
v 2.192530 -0.359012 1.484532
v 2.169135 -0.316886 1.495365
v 2.169135 -0.316886 1.543025
v 2.192530 -0.328374 1.536527
v 2.192530 -0.328374 1.501863
v 2.169135 -0.316886 1.543025
v 2.169135 -0.359012 1.566856
v 2.192530 -0.359012 1.553858
v 2.192530 -0.328374 1.536527
v 1.335408 -1.564424 0.756677
v 1.343481 -1.589831 0.756677
v 1.331442 -1.603247 0.726657
v 1.318855 -1.582871 0.715401
v 1.318855 -1.582871 0.715401
v 1.331442 -1.603247 0.726657
v 1.307364 -1.630080 0.726657
v 1.285748 -1.619766 0.715401
v 1.285748 -1.619766 0.715401
v 1.307364 -1.630080 0.726657
v 1.295325 -1.643497 0.756677
v 1.269195 -1.638213 0.756677
v 1.269195 -1.638213 0.756677
v 1.295325 -1.643497 0.756677
v 1.307364 -1.630080 0.786696
v 1.285748 -1.619766 0.797952
v 1.285748 -1.619766 0.797952
v 1.307364 -1.630080 0.786696
v 1.331442 -1.603247 0.786696
v 1.318855 -1.582871 0.797952
v 1.318855 -1.582871 0.797952
v 1.331442 -1.603247 0.786696
v 1.343481 -1.589831 0.756677
v 1.335408 -1.564424 0.756677
v 1.335408 -1.564425 -0.001144
v 1.343481 -1.589831 -0.001144
v 1.331442 -1.603248 -0.031163
v 1.318855 -1.582872 -0.042419
v 1.318855 -1.582872 -0.042419
v 1.331442 -1.603248 -0.031163
v 1.307364 -1.630080 -0.031163
v 1.285748 -1.619766 -0.042419
v 1.285748 -1.619766 -0.042419
v 1.307364 -1.630080 -0.031163
v 1.295325 -1.643497 -0.001144
v 1.269195 -1.638213 -0.001144
v 1.269195 -1.638213 -0.001144
v 1.295325 -1.643497 -0.001144
v 1.307364 -1.630080 0.028876
v 1.285748 -1.619766 0.040132
v 1.285748 -1.619766 0.040132
v 1.307364 -1.630080 0.028876
v 1.331442 -1.603248 0.028876
v 1.318855 -1.582872 0.040132
v 1.318855 -1.582872 0.040132
v 1.331442 -1.603248 0.028876
v 1.343481 -1.589831 -0.001144
v 1.335408 -1.564425 -0.001144
v 1.335408 -1.564425 -0.758964
v 1.343481 -1.589831 -0.758964
v 1.331442 -1.603248 -0.788983
v 1.318855 -1.582872 -0.800239
v 1.318855 -1.582872 -0.800239
v 1.331442 -1.603248 -0.788983
v 1.307364 -1.630081 -0.788983
v 1.285748 -1.619766 -0.800239
v 1.285748 -1.619766 -0.800239
v 1.307364 -1.630081 -0.788983
v 1.295325 -1.643497 -0.758964
v 1.269195 -1.638213 -0.758964
v 1.269195 -1.638213 -0.758964
v 1.295325 -1.643497 -0.758964
v 1.307364 -1.630081 -0.728944
v 1.285748 -1.619766 -0.717688
v 1.285748 -1.619766 -0.717688
v 1.307364 -1.630081 -0.728944
v 1.331442 -1.603248 -0.728944
v 1.318855 -1.582872 -0.717688
v 1.318855 -1.582872 -0.717688
v 1.331442 -1.603248 -0.728944
v 1.343481 -1.589831 -0.758964
v 1.335408 -1.564425 -0.758964
v 1.979448 -0.847171 0.755026
v 1.987521 -0.872578 0.755026
v 1.975482 -0.885994 0.725006
v 1.962895 -0.865618 0.713750
v 1.962895 -0.865618 0.713750
v 1.975482 -0.885994 0.725006
v 1.951404 -0.912827 0.725006
v 1.929789 -0.902513 0.713750
v 1.929789 -0.902513 0.713750
v 1.951404 -0.912827 0.725006
v 1.939364 -0.926244 0.755026
v 1.913235 -0.920960 0.755026
v 1.913235 -0.920960 0.755026
v 1.939364 -0.926244 0.755026
v 1.951404 -0.912827 0.785045
v 1.929789 -0.902513 0.796301
v 1.929789 -0.902513 0.796301
v 1.951404 -0.912827 0.785045
v 1.975482 -0.885994 0.785045
v 1.962895 -0.865618 0.796301
v 1.962895 -0.865618 0.796301
v 1.975482 -0.885994 0.785045
v 1.987521 -0.872578 0.755026
v 1.979448 -0.847171 0.755026
v 1.979448 -0.847172 -0.004446
v 1.987521 -0.872578 -0.004446
v 1.975482 -0.885995 -0.034465
v 1.962895 -0.865619 -0.045721
v 1.962895 -0.865619 -0.045721
v 1.975482 -0.885995 -0.034465
v 1.951404 -0.912827 -0.034465
v 1.929789 -0.902513 -0.045721
v 1.929789 -0.902513 -0.045721
v 1.951404 -0.912827 -0.034465
v 1.939364 -0.926244 -0.004446
v 1.913235 -0.920960 -0.004446
v 1.913235 -0.920960 -0.004446
v 1.939364 -0.926244 -0.004446
v 1.951404 -0.912827 0.025574
v 1.929789 -0.902513 0.036830
v 1.929789 -0.902513 0.036830
v 1.951404 -0.912827 0.025574
v 1.975482 -0.885995 0.025574
v 1.962895 -0.865619 0.036830
v 1.962895 -0.865619 0.036830
v 1.975482 -0.885995 0.025574
v 1.987521 -0.872578 -0.004446
v 1.979448 -0.847172 -0.004446
v 1.979448 -0.847172 -0.763917
v 1.987521 -0.872578 -0.763917
v 1.975482 -0.885995 -0.793936
v 1.962895 -0.865619 -0.805193
v 1.962895 -0.865619 -0.805193
v 1.975482 -0.885995 -0.793936
v 1.951404 -0.912828 -0.793936
v 1.929789 -0.902513 -0.805193
v 1.929789 -0.902513 -0.805193
v 1.951404 -0.912828 -0.793936
v 1.939364 -0.926244 -0.763917
v 1.913235 -0.920960 -0.763917
v 1.913235 -0.920960 -0.763917
v 1.939364 -0.926244 -0.763917
v 1.951404 -0.912828 -0.733898
v 1.929789 -0.902513 -0.722641
v 1.929789 -0.902513 -0.722641
v 1.951404 -0.912828 -0.733898
v 1.975482 -0.885995 -0.733898
v 1.962895 -0.865619 -0.722642
v 1.962895 -0.865619 -0.722642
v 1.975482 -0.885995 -0.733898
v 1.987521 -0.872578 -0.763917
v 1.979448 -0.847172 -0.763917
v 1.961109 -0.897336 -1.566856
v 1.978229 -0.912662 -1.553858
v 1.957405 -0.935923 -1.536526
v 1.932477 -0.929320 -1.543025
v 1.932477 -0.929320 -1.543025
v 1.957405 -0.935923 -1.536526
v 1.957405 -0.935923 -1.501863
v 1.932477 -0.929320 -1.495364
v 1.932477 -0.929320 -1.495364
v 1.957405 -0.935923 -1.501863
v 1.978229 -0.912662 -1.484531
v 1.961109 -0.897336 -1.471534
v 1.961109 -0.897336 -1.471534
v 1.978229 -0.912662 -1.484531
v 1.999052 -0.889400 -1.501863
v 1.989741 -0.865352 -1.495364
v 1.989741 -0.865352 -1.495364
v 1.999052 -0.889400 -1.501863
v 1.999052 -0.889400 -1.536526
v 1.989741 -0.865352 -1.543025
v 1.989741 -0.865352 -1.543025
v 1.999052 -0.889400 -1.536526
v 1.978229 -0.912662 -1.553858
v 1.961109 -0.897336 -1.566856
v 1.639287 -1.256834 -1.566856
v 1.656407 -1.272159 -1.553858
v 1.635583 -1.295421 -1.536526
v 1.610655 -1.288818 -1.543025
v 1.610655 -1.288818 -1.543025
v 1.635583 -1.295421 -1.536526
v 1.635583 -1.295421 -1.501863
v 1.610655 -1.288818 -1.495364
v 1.610655 -1.288818 -1.495364
v 1.635583 -1.295421 -1.501863
v 1.656407 -1.272159 -1.484531
v 1.639287 -1.256834 -1.471534
v 1.639287 -1.256834 -1.471534
v 1.656407 -1.272159 -1.484531
v 1.677231 -1.248898 -1.501863
v 1.667919 -1.224850 -1.495364
v 1.667919 -1.224850 -1.495364
v 1.677231 -1.248898 -1.501863
v 1.677231 -1.248898 -1.536526
v 1.667919 -1.224850 -1.543025
v 1.667919 -1.224850 -1.543025
v 1.677231 -1.248898 -1.536526
v 1.656407 -1.272159 -1.553858
v 1.639287 -1.256834 -1.566856
v 1.317466 -1.616332 -1.566856
v 1.334586 -1.631657 -1.553858
v 1.313762 -1.654919 -1.536526
v 1.288834 -1.648315 -1.543025
v 1.288834 -1.648315 -1.543025
v 1.313762 -1.654919 -1.536526
v 1.313762 -1.654919 -1.501863
v 1.288834 -1.648315 -1.495364
v 1.288834 -1.648315 -1.495364
v 1.313762 -1.654919 -1.501863
v 1.334586 -1.631657 -1.484531
v 1.317466 -1.616332 -1.471534
v 1.317466 -1.616332 -1.471534
v 1.334586 -1.631657 -1.484531
v 1.355409 -1.608396 -1.501863
v 1.346097 -1.584348 -1.495364
v 1.346097 -1.584348 -1.495364
v 1.355409 -1.608396 -1.501863
v 1.355409 -1.608396 -1.536526
v 1.346097 -1.584348 -1.543025
v 1.346097 -1.584348 -1.543025
v 1.355409 -1.608396 -1.536526
v 1.334586 -1.631657 -1.553858
v 1.317466 -1.616332 -1.566856
v 1.961109 -0.897335 1.566856
v 1.932477 -0.929319 1.543025
v 1.957405 -0.935922 1.536527
v 1.978229 -0.912661 1.553858
v 1.932477 -0.929319 1.543025
v 1.932477 -0.929319 1.495364
v 1.957405 -0.935922 1.501863
v 1.957405 -0.935922 1.536527
v 1.932477 -0.929319 1.495364
v 1.961109 -0.897335 1.471534
v 1.978229 -0.912661 1.484531
v 1.957405 -0.935922 1.501863
v 1.961109 -0.897335 1.471534
v 1.989741 -0.865351 1.495364
v 1.999052 -0.889399 1.501863
v 1.978229 -0.912661 1.484531
v 1.989741 -0.865351 1.495364
v 1.989741 -0.865351 1.543025
v 1.999052 -0.889399 1.536527
v 1.999052 -0.889399 1.501863
v 1.989741 -0.865351 1.543025
v 1.961109 -0.897335 1.566856
v 1.978229 -0.912661 1.553858
v 1.999052 -0.889399 1.536527
v 1.639287 -1.256833 1.566856
v 1.610655 -1.288817 1.543025
v 1.635584 -1.295420 1.536527
v 1.656407 -1.272159 1.553859
v 1.610655 -1.288817 1.543025
v 1.610656 -1.288817 1.495365
v 1.635584 -1.295420 1.501863
v 1.635584 -1.295420 1.536527
v 1.610656 -1.288817 1.495365
v 1.639287 -1.256833 1.471534
v 1.656407 -1.272159 1.484532
v 1.635584 -1.295420 1.501863
v 1.639287 -1.256833 1.471534
v 1.667919 -1.224849 1.495365
v 1.677231 -1.248897 1.501863
v 1.656407 -1.272159 1.484532
v 1.667919 -1.224849 1.495365
v 1.667919 -1.224849 1.543025
v 1.677231 -1.248897 1.536527
v 1.677231 -1.248897 1.501863
v 1.667919 -1.224849 1.543025
v 1.639287 -1.256833 1.566856
v 1.656407 -1.272159 1.553859
v 1.677231 -1.248897 1.536527
v 1.317466 -1.616331 1.566856
v 1.288834 -1.648314 1.543026
v 1.313762 -1.654918 1.536527
v 1.334586 -1.631656 1.553858
v 1.288834 -1.648314 1.543026
v 1.288834 -1.648314 1.495365
v 1.313762 -1.654918 1.501863
v 1.313762 -1.654918 1.536527
v 1.288834 -1.648314 1.495365
v 1.317466 -1.616331 1.471534
v 1.334586 -1.631656 1.484532
v 1.313762 -1.654918 1.501863
v 1.317466 -1.616331 1.471534
v 1.346098 -1.584347 1.495365
v 1.355410 -1.608395 1.501863
v 1.334586 -1.631656 1.484532
v 1.346098 -1.584347 1.495365
v 1.346098 -1.584347 1.543026
v 1.355409 -1.608395 1.536527
v 1.355410 -1.608395 1.501863
v 1.346098 -1.584347 1.543026
v 1.317466 -1.616331 1.566856
v 1.334586 -1.631656 1.553858
v 1.355409 -1.608395 1.536527
v 0.888806 1.669043 -1.858336
v -2.003985 1.669043 -1.858336
v -2.174699 1.832837 -1.858336
v 1.126017 1.832849 -1.858336
v 1.091138 1.808753 -1.858336
v -2.003985 -0.227598 -1.858335
v -2.003985 -1.669044 -1.858335
v -2.174699 -1.832839 -1.858335
v -2.187031 -0.000001 -1.846742
v -2.149389 -0.033744 -1.858335
v 2.169574 0.279391 -1.206258
v 2.169574 0.236852 -1.196324
v 2.169574 0.205711 -1.169184
v 2.169574 0.194313 -1.132111
v -2.003985 -1.669044 -1.858335
v 0.888806 -1.669044 -1.858335
v 1.059262 -1.790775 -1.858335
v 1.090495 -1.830101 -1.852178
v -2.174699 -1.832839 -1.858335
v -2.003985 1.669043 -1.858336
v -2.003985 0.227596 -1.858336
v -2.149597 0.033465 -1.858335
v -2.187031 -0.000001 -1.846742
v -2.174699 1.832837 -1.858336
v 2.003985 1.669043 -1.858336
v 1.363229 1.669043 -1.858336
v 1.160899 1.808752 -1.858336
v 1.126017 1.832849 -1.858336
v 2.175411 1.833521 -1.858336
v 2.206064 0.194313 -1.099823
v 2.206064 0.277551 -1.052164
v 2.206064 0.284252 -1.019294
v 2.206064 0.319744 -0.984518
v 2.206064 0.353293 -0.977952
v 2.206064 0.316812 -0.699024
v 2.206064 0.194314 -0.699024
v 2.206064 0.194313 -1.132111
v 2.206064 0.205711 -1.169184
v 2.206064 0.236852 -1.196324
v 2.206064 0.279391 -1.206258
v 2.206064 0.316812 -1.206258
v 2.206064 0.353293 -1.126376
v 2.206064 0.319744 -1.119811
v 2.206064 0.284252 -1.085035
v 2.206064 0.277551 -1.052164
v 2.206064 0.194313 -1.099823
v 2.206064 1.045393 -1.206258
v 2.206064 1.092974 -1.206258
v 2.206064 1.135512 -1.196324
v 2.206064 1.166653 -1.169184
v 2.206064 1.178051 -1.132111
v 2.206064 1.178051 -1.099823
v 2.206064 1.045393 -1.099823
v 2.169574 1.045393 -1.206258
v 2.169574 1.045393 -1.099823
v 2.169574 1.178051 -1.099823
v 2.169574 1.178051 -1.132111
v 2.169574 1.166653 -1.169184
v 2.169574 1.135512 -1.196324
v 2.169574 1.092974 -1.206258
v 2.206064 0.429035 -1.052164
v 2.206064 0.422334 -1.085035
v 2.206064 0.386842 -1.119811
v 2.206064 0.353293 -1.126376
v 2.206064 0.316812 -1.206258
v 2.206064 0.496702 -1.206258
v 2.206064 0.496702 -1.099823
v 2.206064 0.316812 -0.699024
v 2.206064 0.353293 -0.977952
v 2.206064 0.386842 -0.984518
v 2.206064 0.422334 -1.019294
v 2.206064 0.429035 -1.052164
v 2.206064 0.496702 -1.099823
v 2.206064 0.496702 -0.699024
v 0.888807 1.669044 1.858335
v 1.091138 1.808754 1.858335
v 1.126018 1.832850 1.858335
v -2.174699 1.832839 1.858335
v -2.003985 1.669044 1.858335
v -2.003985 -0.227596 1.858336
v -2.149389 -0.033743 1.858336
v -2.187030 0.000000 1.846743
v -2.174699 -1.832838 1.858336
v -2.003985 -1.669043 1.858336
v 2.169574 0.279391 1.206257
v 2.169574 0.316813 1.206257
v 2.169574 0.316813 1.099823
v 2.169574 0.194314 1.099823
v 2.169574 0.194314 1.132110
v 2.169574 0.205712 1.169184
v 2.169574 0.236852 1.196323
v -2.003985 -1.669043 1.858336
v -2.174699 -1.832838 1.858336
v 1.090495 -1.830100 1.852179
v 1.059263 -1.790774 1.858336
v 0.888807 -1.669043 1.858336
v -2.003985 1.669044 1.858335
v -2.174699 1.832839 1.858335
v -2.187030 0.000000 1.846743
v -2.149597 0.033466 1.858336
v -2.003985 0.227597 1.858336
v 2.003985 1.669044 1.858335
v 2.175411 1.833523 1.858335
v 1.126018 1.832850 1.858335
v 1.160900 1.808753 1.858335
v 1.363229 1.669044 1.858335
v 2.206064 0.194314 1.099823
v 2.206064 0.194314 0.699023
v 2.206064 0.316813 0.699023
v 2.206064 0.353294 0.977952
v 2.206064 0.319745 0.984517
v 2.206064 0.284253 1.019293
v 2.206064 0.277552 1.052164
v 2.206064 0.194314 1.132110
v 2.206064 0.194314 1.099823
v 2.206064 0.277552 1.052164
v 2.206064 0.284253 1.085035
v 2.206064 0.319745 1.119810
v 2.206064 0.353294 1.126376
v 2.206064 0.316813 1.206257
v 2.206064 0.279391 1.206257
v 2.206064 0.236852 1.196323
v 2.206064 0.205712 1.169184
v 2.206064 1.178052 1.132110
v 2.206064 1.166654 1.169183
v 2.206064 1.135513 1.196323
v 2.206064 1.092975 1.206257
v 2.169574 1.092975 1.206257
v 2.169574 1.135513 1.196323
v 2.169574 1.166654 1.169183
v 2.169574 1.178052 1.132110
v 2.206064 0.429036 1.052164
v 2.206064 0.496703 1.099823
v 2.206064 0.496703 1.206257
v 2.206064 0.316813 1.206257
v 2.206064 0.353294 1.126376
v 2.206064 0.386842 1.119810
v 2.206064 0.422335 1.085035
v 2.206064 0.316813 0.699023
v 2.206064 0.496703 0.699023
v 2.206064 0.496703 1.099823
v 2.206064 0.429036 1.052164
v 2.206064 0.422335 1.019293
v 2.206064 0.386842 0.984517
v 2.206064 0.353294 0.977952
v -1.886788 1.848438 0.702435
v -1.905224 1.848438 0.732455
v -1.886788 1.848438 0.762474
v -1.849916 1.848438 0.762474
v -1.831480 1.848438 0.732455
v -1.849916 1.848438 0.702435
v -1.886788 1.848438 -0.047130
v -1.905224 1.848438 -0.017111
v -1.886788 1.848438 0.012909
v -1.849916 1.848438 0.012909
v -1.831480 1.848438 -0.017111
v -1.849916 1.848438 -0.047130
v -1.886788 1.848437 -0.796695
v -1.905224 1.848437 -0.766676
v -1.886788 1.848437 -0.736656
v -1.849916 1.848437 -0.736656
v -1.831480 1.848437 -0.766676
v -1.849916 1.848437 -0.796695
v -1.836420 1.848438 1.464688
v -1.868352 1.848438 1.447356
v -1.900284 1.848438 1.464688
v -1.900284 1.848438 1.499351
v -1.868352 1.848438 1.516683
v -1.836420 1.848438 1.499351
v -0.912639 1.848438 1.464688
v -0.944571 1.848438 1.447356
v -0.976503 1.848438 1.464688
v -0.976503 1.848438 1.499351
v -0.944571 1.848438 1.516683
v -0.912639 1.848438 1.499351
v 0.011142 1.848438 1.464688
v -0.020790 1.848438 1.447356
v -0.052723 1.848438 1.464688
v -0.052723 1.848438 1.499351
v -0.020790 1.848438 1.516683
v 0.011142 1.848438 1.499351
v 0.934923 1.848438 1.464688
v 0.902990 1.848438 1.447356
v 0.871058 1.848438 1.464688
v 0.871058 1.848438 1.499351
v 0.902990 1.848438 1.516683
v 0.934923 1.848438 1.499351
v 1.858704 1.848438 1.464688
v 1.826771 1.848438 1.447356
v 1.794839 1.848438 1.464688
v 1.794839 1.848438 1.499351
v 1.826771 1.848438 1.516683
v 1.858704 1.848438 1.499351
v -1.836420 1.848437 -1.534028
v -1.868352 1.848437 -1.551360
v -1.900285 1.848437 -1.534028
v -1.900285 1.848437 -1.499365
v -1.868352 1.848437 -1.482033
v -1.836420 1.848437 -1.499365
v -0.912639 1.848437 -1.534028
v -0.944571 1.848437 -1.551360
v -0.976504 1.848437 -1.534028
v -0.976504 1.848437 -1.499365
v -0.944571 1.848437 -1.482033
v -0.912639 1.848437 -1.499365
v 0.011142 1.848437 -1.534028
v -0.020790 1.848437 -1.551360
v -0.052723 1.848437 -1.534028
v -0.052723 1.848437 -1.499365
v -0.020790 1.848437 -1.482033
v 0.011142 1.848437 -1.499365
v 0.934923 1.848437 -1.534028
v 0.902990 1.848437 -1.551360
v 0.871058 1.848437 -1.534028
v 0.871058 1.848437 -1.499365
v 0.902990 1.848437 -1.482033
v 0.934923 1.848437 -1.499365
v 1.858704 1.848437 -1.534028
v 1.826771 1.848437 -1.551360
v 1.794839 1.848437 -1.534028
v 1.794839 1.848437 -1.499365
v 1.826771 1.848437 -1.482033
v 1.858704 1.848437 -1.499365
v 1.808763 1.848438 0.702435
v 1.790326 1.848438 0.732454
v 1.808763 1.848438 0.762474
v 1.845635 1.848438 0.762474
v 1.864071 1.848438 0.732454
v 1.845635 1.848438 0.702435
v 1.808763 1.848438 -0.047130
v 1.790326 1.848438 -0.017111
v 1.808763 1.848438 0.012909
v 1.845635 1.848438 0.012909
v 1.864071 1.848438 -0.017111
v 1.845635 1.848438 -0.047130
v 1.808763 1.848437 -0.796695
v 1.790326 1.848437 -0.766676
v 1.808763 1.848437 -0.736657
v 1.845635 1.848437 -0.736657
v 1.864071 1.848437 -0.766676
v 1.845635 1.848437 -0.796695
v 0.784398 1.558808 -1.811975
v 0.765962 1.589447 -1.811975
v 0.784398 1.620085 -1.811975
v 0.821270 1.620085 -1.811975
v 0.839707 1.589447 -1.811975
v 0.821270 1.558808 -1.811975
v 0.784398 0.914275 -1.811975
v 0.765962 0.944912 -1.811975
v 0.784398 0.975551 -1.811975
v 0.821271 0.975551 -1.811975
v 0.839707 0.944912 -1.811975
v 0.821271 0.914275 -1.811975
v 0.784398 0.269740 -1.811975
v 0.765962 0.300379 -1.811975
v 0.784398 0.331017 -1.811975
v 0.821271 0.331017 -1.811975
v 0.839707 0.300379 -1.811975
v 0.821271 0.269740 -1.811975
v -0.976649 1.571757 -1.811975
v -1.008581 1.554068 -1.811975
v -1.040513 1.571757 -1.811975
v -1.040513 1.607135 -1.811975
v -1.008581 1.624824 -1.811975
v -0.976649 1.607135 -1.811975
v -0.069552 1.571758 -1.811975
v -0.101485 1.554069 -1.811975
v -0.133417 1.571758 -1.811975
v -0.133417 1.607135 -1.811975
v -0.101485 1.624824 -1.811975
v -0.069552 1.607135 -1.811975
v -0.976648 0.285167 -1.811974
v -1.008581 0.267478 -1.811974
v -1.040513 0.285167 -1.811974
v -1.040513 0.320545 -1.811974
v -1.008581 0.338234 -1.811974
v -0.976648 0.320545 -1.811974
v -0.069552 0.285167 -1.811975
v -0.101484 0.267478 -1.811975
v -0.133417 0.285167 -1.811975
v -0.133417 0.320545 -1.811975
v -0.101484 0.338234 -1.811975
v -0.069552 0.320545 -1.811975
v -1.934114 1.558808 -1.811975
v -1.952550 1.589446 -1.811975
v -1.934114 1.620084 -1.811975
v -1.897242 1.620084 -1.811975
v -1.878805 1.589446 -1.811975
v -1.897242 1.558808 -1.811975
v -1.934114 0.914274 -1.811975
v -1.952550 0.944912 -1.811975
v -1.934114 0.975550 -1.811975
v -1.897241 0.975550 -1.811975
v -1.878805 0.944912 -1.811975
v -1.897241 0.914274 -1.811975
v -1.934114 0.269740 -1.811975
v -1.952550 0.300378 -1.811975
v -1.934114 0.331016 -1.811975
v -1.897241 0.331016 -1.811975
v -1.878805 0.300378 -1.811975
v -1.897241 0.269740 -1.811975
v 0.784398 1.558810 1.811974
v 0.821271 1.558810 1.811974
v 0.839707 1.589448 1.811974
v 0.821271 1.620086 1.811974
v 0.784398 1.620086 1.811974
v 0.765962 1.589448 1.811974
v 0.784398 0.914276 1.811974
v 0.821271 0.914276 1.811974
v 0.839707 0.944914 1.811974
v 0.821271 0.975552 1.811974
v 0.784398 0.975552 1.811974
v 0.765962 0.944914 1.811974
v 0.784398 0.269742 1.811974
v 0.821271 0.269742 1.811974
v 0.839707 0.300380 1.811974
v 0.821271 0.331018 1.811974
v 0.784398 0.331018 1.811974
v 0.765962 0.300380 1.811974
v -0.976648 1.571759 1.811974
v -0.976648 1.607137 1.811974
v -1.008581 1.624826 1.811974
v -1.040513 1.607137 1.811974
v -1.040513 1.571759 1.811974
v -1.008581 1.554070 1.811974
v -0.069552 1.571759 1.811974
v -0.069552 1.607137 1.811974
v -0.101484 1.624826 1.811974
v -0.133417 1.607137 1.811974
v -0.133417 1.571759 1.811974
v -0.101484 1.554070 1.811974
v -0.976648 0.285168 1.811974
v -0.976648 0.320546 1.811974
v -1.008581 0.338235 1.811974
v -1.040513 0.320546 1.811974
v -1.040513 0.285168 1.811974
v -1.008581 0.267479 1.811974
v -0.069552 0.285168 1.811974
v -0.069552 0.320546 1.811974
v -0.101484 0.338235 1.811974
v -0.133417 0.320546 1.811974
v -0.133417 0.285168 1.811974
v -0.101484 0.267479 1.811974
v -1.934114 1.558810 1.811974
v -1.897241 1.558810 1.811974
v -1.878805 1.589448 1.811974
v -1.897241 1.620086 1.811974
v -1.934114 1.620086 1.811974
v -1.952550 1.589448 1.811974
v -1.934113 0.914275 1.811974
v -1.897241 0.914275 1.811974
v -1.878805 0.944914 1.811974
v -1.897241 0.975551 1.811974
v -1.934113 0.975551 1.811974
v -1.952550 0.944914 1.811974
v -1.934113 0.269741 1.811975
v -1.897241 0.269741 1.811974
v -1.878805 0.300379 1.811974
v -1.897241 0.331017 1.811974
v -1.934113 0.331017 1.811975
v -1.952550 0.300379 1.811975
v 0.784398 -0.331005 -1.811974
v 0.765962 -0.300367 -1.811974
v 0.784398 -0.269729 -1.811974
v 0.821270 -0.269729 -1.811974
v 0.839707 -0.300367 -1.811974
v 0.821270 -0.331005 -1.811974
v 0.784398 -0.975539 -1.811974
v 0.765962 -0.944901 -1.811974
v 0.784398 -0.914263 -1.811974
v 0.821271 -0.914263 -1.811974
v 0.839707 -0.944901 -1.811974
v 0.821271 -0.975539 -1.811974
v 0.784398 -1.620074 -1.811974
v 0.765962 -1.589435 -1.811974
v 0.784398 -1.558797 -1.811974
v 0.821271 -1.558797 -1.811974
v 0.839707 -1.589435 -1.811974
v 0.821271 -1.620074 -1.811974
v -0.976649 -0.318057 -1.811974
v -1.008581 -0.335746 -1.811974
v -1.040513 -0.318057 -1.811974
v -1.040513 -0.282679 -1.811974
v -1.008581 -0.264990 -1.811974
v -0.976649 -0.282679 -1.811974
v -0.069552 -0.318056 -1.811974
v -0.101485 -0.335745 -1.811974
v -0.133417 -0.318056 -1.811974
v -0.133417 -0.282679 -1.811974
v -0.101485 -0.264990 -1.811974
v -0.069552 -0.282679 -1.811974
v -0.976648 -1.604647 -1.811974
v -1.008581 -1.622336 -1.811974
v -1.040513 -1.604647 -1.811974
v -1.040513 -1.569269 -1.811974
v -1.008581 -1.551581 -1.811974
v -0.976648 -1.569269 -1.811974
v -0.069552 -1.604647 -1.811974
v -0.101484 -1.622336 -1.811974
v -0.133417 -1.604647 -1.811974
v -0.133417 -1.569269 -1.811974
v -0.101484 -1.551581 -1.811974
v -0.069552 -1.569269 -1.811974
v -1.934114 -0.331006 -1.811974
v -1.952550 -0.300368 -1.811974
v -1.934114 -0.269730 -1.811974
v -1.897242 -0.269730 -1.811974
v -1.878805 -0.300368 -1.811974
v -1.897242 -0.331006 -1.811974
v -1.934114 -0.975540 -1.811974
v -1.952550 -0.944902 -1.811974
v -1.934114 -0.914264 -1.811974
v -1.897241 -0.914264 -1.811974
v -1.878805 -0.944902 -1.811974
v -1.897241 -0.975540 -1.811974
v -1.934114 -1.620074 -1.811974
v -1.952550 -1.589436 -1.811974
v -1.934114 -1.558798 -1.811974
v -1.897241 -1.558798 -1.811974
v -1.878805 -1.589436 -1.811974
v -1.897241 -1.620074 -1.811974
v 0.784398 -0.331004 1.811974
v 0.821271 -0.331004 1.811974
v 0.839707 -0.300366 1.811974
v 0.821271 -0.269728 1.811974
v 0.784398 -0.269728 1.811974
v 0.765962 -0.300366 1.811974
v 0.784398 -0.975538 1.811975
v 0.821271 -0.975538 1.811974
v 0.839707 -0.944900 1.811974
v 0.821271 -0.914262 1.811974
v 0.784398 -0.914262 1.811975
v 0.765962 -0.944900 1.811975
v 0.784398 -1.620073 1.811975
v 0.821271 -1.620073 1.811975
v 0.839707 -1.589435 1.811975
v 0.821271 -1.558796 1.811975
v 0.784398 -1.558796 1.811975
v 0.765962 -1.589435 1.811975
v -0.976648 -0.318055 1.811974
v -0.976648 -0.282678 1.811974
v -1.008581 -0.264989 1.811974
v -1.040513 -0.282678 1.811974
v -1.040513 -0.318055 1.811974
v -1.008581 -0.335744 1.811974
v -0.069552 -0.318055 1.811974
v -0.069552 -0.282678 1.811974
v -0.101484 -0.264989 1.811974
v -0.133417 -0.282678 1.811974
v -0.133417 -0.318055 1.811974
v -0.101484 -0.335744 1.811974
v -0.976648 -1.604646 1.811975
v -0.976648 -1.569268 1.811975
v -1.008581 -1.551579 1.811975
v -1.040513 -1.569268 1.811975
v -1.040513 -1.604646 1.811975
v -1.008581 -1.622335 1.811975
v -0.069552 -1.604646 1.811975
v -0.069552 -1.569268 1.811975
v -0.101484 -1.551579 1.811975
v -0.133417 -1.569268 1.811975
v -0.133417 -1.604646 1.811975
v -0.101484 -1.622335 1.811975
v -1.934114 -0.331005 1.811975
v -1.897241 -0.331005 1.811974
v -1.878805 -0.300367 1.811974
v -1.897241 -0.269729 1.811974
v -1.934114 -0.269729 1.811975
v -1.952550 -0.300367 1.811975
v -1.934113 -0.975539 1.811975
v -1.897241 -0.975539 1.811975
v -1.878805 -0.944901 1.811975
v -1.897241 -0.914263 1.811975
v -1.934113 -0.914263 1.811975
v -1.952550 -0.944901 1.811975
v -1.934113 -1.620073 1.811975
v -1.897241 -1.620073 1.811975
v -1.878805 -1.589435 1.811975
v -1.897241 -1.558797 1.811975
v -1.934113 -1.558797 1.811975
v -1.952550 -1.589435 1.811975
v 1.899779 1.558808 -1.811975
v 1.881343 1.589447 -1.811975
v 1.899779 1.620085 -1.811975
v 1.936651 1.620085 -1.811975
v 1.955088 1.589447 -1.811975
v 1.936651 1.558808 -1.811975
v 1.899779 0.847715 -1.811975
v 1.881343 0.878353 -1.811975
v 1.899779 0.908991 -1.811975
v 1.936652 0.908991 -1.811975
v 1.955088 0.878353 -1.811975
v 1.936652 0.847715 -1.811975
v 1.899779 0.136621 -1.811975
v 1.881343 0.167259 -1.811975
v 1.899779 0.197897 -1.811975
v 1.936652 0.197897 -1.811975
v 1.955088 0.167259 -1.811975
v 1.936652 0.136621 -1.811975
v 1.899780 -0.574473 -1.811974
v 1.881343 -0.543835 -1.811974
v 1.899780 -0.513197 -1.811974
v 1.936652 -0.513197 -1.811974
v 1.955088 -0.543835 -1.811974
v 1.936652 -0.574473 -1.811974
v 1.899779 1.558810 1.811974
v 1.936652 1.558810 1.811974
v 1.955088 1.589448 1.811974
v 1.936652 1.620086 1.811974
v 1.899779 1.620086 1.811974
v 1.881343 1.589448 1.811974
v 1.899779 0.847716 1.811974
v 1.936652 0.847716 1.811974
v 1.955088 0.878354 1.811974
v 1.936652 0.908992 1.811974
v 1.899779 0.908992 1.811974
v 1.881343 0.878354 1.811974
v 1.899780 0.136622 1.811974
v 1.936652 0.136622 1.811974
v 1.955088 0.167260 1.811974
v 1.936652 0.197898 1.811974
v 1.899780 0.197898 1.811974
v 1.881343 0.167260 1.811974
v 1.899780 -0.574472 1.811974
v 1.936652 -0.574472 1.811974
v 1.955088 -0.543834 1.811974
v 1.936652 -0.513196 1.811974
v 1.899780 -0.513196 1.811974
v 1.881344 -0.543834 1.811974
v 1.440820 1.558808 -1.811975
v 1.422383 1.589447 -1.811975
v 1.440820 1.620085 -1.811975
v 1.477692 1.620085 -1.811975
v 1.496128 1.589447 -1.811975
v 1.477692 1.558808 -1.811975
v 1.440820 0.911747 -1.811975
v 1.422384 0.942385 -1.811975
v 1.440820 0.973023 -1.811975
v 1.477692 0.973023 -1.811975
v 1.496128 0.942385 -1.811975
v 1.477692 0.911747 -1.811975
v 1.440820 0.264685 -1.811975
v 1.422384 0.295323 -1.811975
v 1.440820 0.325962 -1.811975
v 1.477692 0.325962 -1.811975
v 1.496128 0.295323 -1.811975
v 1.477692 0.264685 -1.811975
v 1.440820 -0.382376 -1.811974
v 1.422384 -0.351738 -1.811974
v 1.440820 -0.321100 -1.811974
v 1.477692 -0.321100 -1.811974
v 1.496129 -0.351738 -1.811974
v 1.477692 -0.382376 -1.811974
v 1.440820 -1.029438 -1.811974
v 1.422384 -0.998800 -1.811974
v 1.440820 -0.968162 -1.811974
v 1.477692 -0.968162 -1.811974
v 1.496129 -0.998800 -1.811974
v 1.477692 -1.029438 -1.811974
v 1.440820 1.558810 1.811974
v 1.477692 1.558810 1.811974
v 1.496128 1.589448 1.811974
v 1.477692 1.620086 1.811974
v 1.440820 1.620086 1.811974
v 1.422384 1.589448 1.811974
v 1.440820 0.911748 1.811974
v 1.477692 0.911748 1.811974
v 1.496128 0.942386 1.811974
v 1.477692 0.973024 1.811974
v 1.440820 0.973024 1.811974
v 1.422384 0.942386 1.811974
v 1.440820 0.264686 1.811974
v 1.477692 0.264686 1.811974
v 1.496128 0.295324 1.811974
v 1.477692 0.325963 1.811974
v 1.440820 0.325963 1.811974
v 1.422384 0.295324 1.811974
v 1.440820 -0.382376 1.811974
v 1.477692 -0.382376 1.811974
v 1.496129 -0.351737 1.811974
v 1.477692 -0.321099 1.811974
v 1.440820 -0.321099 1.811974
v 1.422384 -0.351737 1.811974
v 1.440820 -1.029437 1.811975
v 1.477692 -1.029437 1.811975
v 1.496129 -0.998799 1.811975
v 1.477692 -0.968161 1.811974
v 1.440820 -0.968161 1.811974
v 1.422384 -0.998799 1.811975
v -2.196733 1.554765 0.702435
v -2.196733 1.537076 0.732455
v -2.196733 1.554765 0.762474
v -2.196733 1.590143 0.762474
v -2.196733 1.607832 0.732455
v -2.196733 1.590143 0.702435
v -2.196733 1.554765 -0.047130
v -2.196733 1.537076 -0.017110
v -2.196733 1.554765 0.012909
v -2.196733 1.590143 0.012909
v -2.196733 1.607832 -0.017110
v -2.196733 1.590143 -0.047130
v -2.196733 1.554765 -0.796695
v -2.196733 1.537076 -0.766676
v -2.196733 1.554765 -0.736656
v -2.196733 1.590142 -0.736656
v -2.196733 1.607831 -0.766676
v -2.196733 1.590142 -0.796695
v -2.196733 -1.574389 0.702436
v -2.196733 -1.592077 0.732456
v -2.196733 -1.574389 0.762475
v -2.196733 -1.539011 0.762475
v -2.196733 -1.521322 0.732456
v -2.196733 -1.539011 0.702436
v -2.196733 -1.574389 -0.047129
v -2.196733 -1.592077 -0.017109
v -2.196733 -1.574389 0.012910
v -2.196733 -1.539011 0.012910
v -2.196733 -1.521322 -0.017109
v -2.196733 -1.539011 -0.047129
v -2.196733 -1.574389 -0.796694
v -2.196733 -1.592078 -0.766675
v -2.196733 -1.574389 -0.736655
v -2.196733 -1.539011 -0.736655
v -2.196733 -1.521322 -0.766675
v -2.196733 -1.539011 -0.796694
v -2.196733 1.541816 1.499352
v -2.196733 1.572454 1.516683
v -2.196733 1.603092 1.499352
v -2.196733 1.603092 1.464688
v -2.196733 1.572454 1.447357
v -2.196733 1.541816 1.464688
v -2.196733 0.760793 1.499351
v -2.196733 0.791431 1.516683
v -2.196733 0.822069 1.499351
v -2.196733 0.822069 1.464687
v -2.196733 0.791431 1.447356
v -2.196733 0.760793 1.464687
v -2.196733 -0.020231 1.499350
v -2.196733 0.010407 1.516682
v -2.196733 0.041045 1.499350
v -2.196733 0.041045 1.464687
v -2.196733 0.010407 1.447355
v -2.196733 -0.020231 1.464687
v -2.196733 -0.801255 1.499349
v -2.196733 -0.770617 1.516681
v -2.196733 -0.739978 1.499349
v -2.196733 -0.739978 1.464686
v -2.196733 -0.770617 1.447354
v -2.196733 -0.801255 1.464686
v -2.196733 -1.582278 1.499349
v -2.196733 -1.551640 1.516680
v -2.196733 -1.521002 1.499349
v -2.196733 -1.521002 1.464685
v -2.196733 -1.551640 1.447353
v -2.196733 -1.582278 1.464685
v -2.196733 1.541815 -1.504462
v -2.196733 1.572453 -1.487131
v -2.196733 1.603091 -1.504462
v -2.196733 1.603091 -1.539126
v -2.196733 1.572453 -1.556457
v -2.196733 1.541816 -1.539126
v -2.196733 0.760792 -1.504463
v -2.196733 0.791430 -1.487131
v -2.196733 0.822068 -1.504463
v -2.196733 0.822068 -1.539127
v -2.196733 0.791430 -1.556458
v -2.196733 0.760792 -1.539127
v -2.196733 -0.020232 -1.504464
v -2.196733 0.010406 -1.487132
v -2.196733 0.041044 -1.504464
v -2.196733 0.041044 -1.539127
v -2.196733 0.010406 -1.556459
v -2.196733 -0.020232 -1.539127
v -2.196733 -0.801256 -1.504465
v -2.196733 -0.770618 -1.487133
v -2.196733 -0.739979 -1.504465
v -2.196733 -0.739979 -1.539128
v -2.196733 -0.770618 -1.556460
v -2.196733 -0.801256 -1.539128
v -2.196733 -1.582279 -1.504465
v -2.196733 -1.551641 -1.487134
v -2.196733 -1.521003 -1.504465
v -2.196733 -1.521003 -1.539129
v -2.196733 -1.551641 -1.556460
v -2.196733 -1.582279 -1.539129
v 2.192529 1.589751 0.728464
v 2.192529 1.607440 0.758484
v 2.192529 1.589751 0.788503
v 2.192529 1.554373 0.788503
v 2.192529 1.536684 0.758484
v 2.192529 1.554373 0.728464
v 2.192529 1.589751 -0.030181
v 2.192529 1.607440 -0.000162
v 2.192529 1.589751 0.029857
v 2.192529 1.554373 0.029857
v 2.192529 1.536684 -0.000162
v 2.192529 1.554373 -0.030181
v 2.192529 1.589751 -0.788827
v 2.192529 1.607440 -0.758808
v 2.192529 1.589751 -0.728788
v 2.192529 1.554373 -0.728788
v 2.192529 1.536684 -0.758808
v 2.192529 1.554373 -0.788827
v 2.192529 -0.340247 0.727138
v 2.192529 -0.322558 0.757157
v 2.192529 -0.340247 0.787176
v 2.192529 -0.375625 0.787176
v 2.192529 -0.393314 0.757157
v 2.192529 -0.375625 0.727138
v 2.192529 -0.340248 -0.031508
v 2.192529 -0.322559 -0.001489
v 2.192529 -0.340248 0.028531
v 2.192529 -0.375625 0.028531
v 2.192529 -0.393314 -0.001489
v 2.192529 -0.375625 -0.031508
v 2.192529 -0.340248 -0.790154
v 2.192529 -0.322559 -0.760135
v 2.192529 -0.340248 -0.730115
v 2.192529 -0.375626 -0.730115
v 2.192529 -0.393315 -0.760135
v 2.192529 -0.375626 -0.790154
v 2.192529 1.541423 -1.536527
v 2.192529 1.572061 -1.553859
v 2.192529 1.602699 -1.536527
v 2.192529 1.602699 -1.501864
v 2.192529 1.572061 -1.484532
v 2.192529 1.541423 -1.501864
v 2.192529 0.897732 -1.536527
v 2.192529 0.928370 -1.553859
v 2.192529 0.959008 -1.536527
v 2.192529 0.959008 -1.501863
v 2.192529 0.928370 -1.484532
v 2.192529 0.897732 -1.501863
v 2.192530 0.254040 -1.536527
v 2.192530 0.284678 -1.553859
v 2.192530 0.315317 -1.536527
v 2.192530 0.315317 -1.501863
v 2.192530 0.284678 -1.484532
v 2.192530 0.254040 -1.501863
v 2.192530 -0.389651 -1.536527
v 2.192530 -0.359013 -1.553858
v 2.192530 -0.328375 -1.536527
v 2.192530 -0.328375 -1.501863
v 2.192530 -0.359013 -1.484531
v 2.192530 -0.389651 -1.501863
v 2.192529 1.541424 1.536526
v 2.192529 1.541424 1.501863
v 2.192529 1.572062 1.484531
v 2.192529 1.602700 1.501863
v 2.192529 1.602700 1.536526
v 2.192529 1.572062 1.553858
v 2.192529 0.897733 1.536526
v 2.192529 0.897733 1.501863
v 2.192529 0.928371 1.484531
v 2.192529 0.959009 1.501863
v 2.192529 0.959009 1.536526
v 2.192529 0.928371 1.553858
v 2.192530 0.254041 1.536526
v 2.192530 0.254041 1.501863
v 2.192530 0.284679 1.484531
v 2.192530 0.315318 1.501863
v 2.192530 0.315318 1.536526
v 2.192530 0.284679 1.553858
v 2.192530 -0.389650 1.536527
v 2.192530 -0.389650 1.501863
v 2.192530 -0.359012 1.484532
v 2.192530 -0.328374 1.501863
v 2.192530 -0.328374 1.536527
v 2.192530 -0.359012 1.553858
v 1.331442 -1.603247 0.726657
v 1.343481 -1.589831 0.756677
v 1.331442 -1.603247 0.786696
v 1.307364 -1.630080 0.786696
v 1.295325 -1.643497 0.756677
v 1.307364 -1.630080 0.726657
v 1.331442 -1.603248 -0.031163
v 1.343481 -1.589831 -0.001144
v 1.331442 -1.603248 0.028876
v 1.307364 -1.630080 0.028876
v 1.295325 -1.643497 -0.001144
v 1.307364 -1.630080 -0.031163
v 1.331442 -1.603248 -0.788983
v 1.343481 -1.589831 -0.758964
v 1.331442 -1.603248 -0.728944
v 1.307364 -1.630081 -0.728944
v 1.295325 -1.643497 -0.758964
v 1.307364 -1.630081 -0.788983
v 1.975482 -0.885994 0.725006
v 1.987521 -0.872578 0.755026
v 1.975482 -0.885994 0.785045
v 1.951404 -0.912827 0.785045
v 1.939364 -0.926244 0.755026
v 1.951404 -0.912827 0.725006
v 1.975482 -0.885995 -0.034465
v 1.987521 -0.872578 -0.004446
v 1.975482 -0.885995 0.025574
v 1.951404 -0.912827 0.025574
v 1.939364 -0.926244 -0.004446
v 1.951404 -0.912827 -0.034465
v 1.975482 -0.885995 -0.793936
v 1.987521 -0.872578 -0.763917
v 1.975482 -0.885995 -0.733898
v 1.951404 -0.912828 -0.733898
v 1.939364 -0.926244 -0.763917
v 1.951404 -0.912828 -0.793936
v 1.957405 -0.935923 -1.536526
v 1.978229 -0.912662 -1.553858
v 1.999052 -0.889400 -1.536526
v 1.999052 -0.889400 -1.501863
v 1.978229 -0.912662 -1.484531
v 1.957405 -0.935923 -1.501863
v 1.635583 -1.295421 -1.536526
v 1.656407 -1.272159 -1.553858
v 1.677231 -1.248898 -1.536526
v 1.677231 -1.248898 -1.501863
v 1.656407 -1.272159 -1.484531
v 1.635583 -1.295421 -1.501863
v 1.313762 -1.654919 -1.536526
v 1.334586 -1.631657 -1.553858
v 1.355409 -1.608396 -1.536526
v 1.355409 -1.608396 -1.501863
v 1.334586 -1.631657 -1.484531
v 1.313762 -1.654919 -1.501863
v 1.957405 -0.935922 1.536527
v 1.957405 -0.935922 1.501863
v 1.978229 -0.912661 1.484531
v 1.999052 -0.889399 1.501863
v 1.999052 -0.889399 1.536527
v 1.978229 -0.912661 1.553858
v 1.635584 -1.295420 1.536527
v 1.635584 -1.295420 1.501863
v 1.656407 -1.272159 1.484532
v 1.677231 -1.248897 1.501863
v 1.677231 -1.248897 1.536527
v 1.656407 -1.272159 1.553859
v 1.313762 -1.654918 1.536527
v 1.313762 -1.654918 1.501863
v 1.334586 -1.631656 1.484532
v 1.355410 -1.608395 1.501863
v 1.355409 -1.608395 1.536527
v 1.334586 -1.631656 1.553858
vn 0.4514 -0.4271 -0.7835
vn -0.0005 0.7037 -0.7105
vn 0.5617 0.5854 -0.5847
vn 0.7375 -0.2936 -0.6082
vn -0.5575 0.5810 -0.5930
vn -0.5575 -0.5810 -0.5930
vn 0.2977 -0.6939 -0.6557
vn 0.0956 0.4172 -0.9038
vn -0.4427 -0.6408 -0.6273
vn 0.4283 0.2022 -0.8807
vn 0.0932 -0.4174 -0.9040
vn -0.3249 0.2996 -0.8970
vn 0.4426 -0.6407 -0.6273
vn 1.0000 -0.0000 -0.0000
vn 0.4514 -0.4271 0.7835
vn -0.0005 0.7037 0.7105
vn 0.5617 0.5854 0.5847
vn 0.7375 -0.2936 0.6082
vn -0.5575 0.5810 0.5930
vn -0.5575 -0.5810 0.5930
vn 0.2977 -0.6939 0.6557
vn 0.0956 0.4172 0.9038
vn -0.4427 -0.6408 0.6273
vn 0.4282 0.2022 0.8807
vn 0.0932 -0.4174 0.9040
vn -0.3249 0.2996 0.8970
vn 0.4426 -0.6407 0.6273
vn -1.0000 -0.0000 -0.0000
vn -0.0000 -0.0000 1.0000
vn -0.0000 -1.0000 -0.0000
vn -0.6513 -0.7588 -0.0000
vn 0.6513 0.7588 -0.0000
vn -0.0000 1.0000 -0.0000
vn 0.7314 -0.6820 -0.0000
vn -0.0000 -0.0000 -1.0000
vn 0.0010 -0.6740 -0.7388
vn 0.0010 -0.6740 -0.7387
vn -0.6849 -0.0000 -0.7286
vn -0.7092 0.7050 -0.0000
vn -0.6923 0.7216 -0.0000
vn 0.3943 -0.9190 -0.0000
vn 0.6901 -0.0000 -0.7237
vn 0.6897 -0.0000 -0.7241
vn 0.9291 -0.3699 -0.0000
vn 0.0072 -0.0103 -0.9999
vn -0.0000 0.6999 -0.7142
vn -0.0000 0.6999 -0.7143
vn 0.6893 -0.0000 -0.7245
vn 0.6891 -0.0000 -0.7247
vn -0.6923 -0.7216 -0.0000
vn 0.6923 0.7216 -0.0000
vn -0.3822 -0.0000 -0.9241
vn -0.3821 -0.0000 -0.9241
vn 0.3821 -0.0000 -0.9241
vn 0.3832 -0.0068 -0.9236
vn -0.3210 0.0043 -0.9471
vn -0.3211 0.0043 -0.9470
vn -0.0000 -0.3954 -0.9185
vn -0.0000 -0.3953 -0.9186
vn -0.0000 0.3934 -0.9194
vn -0.0000 0.3938 -0.9192
vn -0.0113 -0.0018 -0.9999
vn 0.4745 -0.4455 -0.7592
vn -0.0000 0.9558 -0.2939
vn -0.0000 0.6570 -0.7539
vn -0.0000 0.2274 -0.9738
vn -0.0000 -0.9558 -0.2939
vn -0.0000 -0.6570 -0.7539
vn -0.0000 -0.2274 -0.9738
vn 0.0010 -0.6740 0.7388
vn 0.0010 -0.6740 0.7387
vn -0.6849 -0.0000 0.7286
vn 0.6894 0.0001 0.7244
vn 0.6897 -0.0000 0.7241
vn 0.6898 -0.0000 0.7240
vn 0.0072 -0.0103 0.9999
vn -0.0000 0.6999 0.7143
vn -0.0000 0.6999 0.7142
vn 0.6891 -0.0000 0.7247
vn 0.6893 -0.0000 0.7245
vn -0.3821 -0.0000 0.9241
vn -0.3822 -0.0000 0.9241
vn 0.3821 -0.0000 0.9241
vn 0.3832 -0.0068 0.9237
vn 0.3831 -0.0068 0.9237
vn 0.3833 -0.0069 0.9236
vn -0.3210 0.0043 0.9471
vn -0.3211 0.0043 0.9470
vn -0.0000 -0.3950 0.9187
vn -0.0000 -0.3951 0.9187
vn -0.0000 0.3938 0.9192
vn -0.0000 0.3934 0.9194
vn -0.0113 -0.0018 0.9999
vn 0.4745 -0.4455 0.7592
vn -0.0000 0.9558 0.2939
vn -0.0000 0.6570 0.7539
vn -0.0000 0.2274 0.9738
vn -0.0000 -0.9558 0.2939
vn -0.0000 -0.6570 0.7539
vn -0.0000 -0.2274 0.9738
vn -0.7545 0.4647 -0.4634
vn -0.7545 0.4648 -0.4634
vn -0.0000 0.4483 -0.8939
vn 0.7545 0.4647 -0.4634
vn 0.7545 0.4647 0.4634
vn -0.0000 0.4483 0.8939
vn -0.7545 0.4647 0.4634
vn -0.7545 0.4648 0.4634
vn 0.7545 0.4648 -0.4634
vn 0.4251 0.4536 -0.7833
vn 0.8823 0.4707 -0.0000
vn 0.4251 0.4536 0.7833
vn -0.4251 0.4536 0.7833
vn -0.8823 0.4707 -0.0000
vn -0.4251 0.4536 -0.7833
vn 0.7545 0.4648 0.4634
vn -0.7544 -0.4539 -0.4742
vn -0.0000 -0.8864 -0.4630
vn 0.7544 -0.4539 -0.4742
vn 0.7544 0.4539 -0.4742
vn -0.0000 0.8864 -0.4630
vn -0.7544 0.4539 -0.4742
vn 0.4286 -0.7737 -0.4667
vn 0.8783 -0.0000 -0.4782
vn 0.4286 0.7737 -0.4667
vn -0.4286 0.7737 -0.4667
vn -0.8783 -0.0000 -0.4782
vn -0.4286 -0.7737 -0.4667
vn -0.4286 -0.7737 -0.4666
vn 0.4286 -0.7737 -0.4666
vn -0.0000 -0.8863 -0.4630
vn -0.7544 -0.4539 0.4742
vn -0.0000 -0.8864 0.4630
vn -0.0000 -0.8863 0.4630
vn 0.7544 -0.4539 0.4742
vn 0.7544 0.4539 0.4742
vn -0.0000 0.8864 0.4630
vn -0.7544 0.4539 0.4742
vn 0.4286 -0.7737 0.4666
vn 0.4286 -0.7737 0.4667
vn 0.8783 -0.0000 0.4782
vn 0.4286 0.7737 0.4667
vn 0.4286 0.7737 0.4666
vn -0.4286 0.7737 0.4667
vn -0.8783 -0.0000 0.4782
vn -0.4286 -0.7737 0.4667
vn -0.4286 -0.7737 0.4666
vn -0.7543 0.4539 0.4742
vn -0.8783 -0.0000 -0.4781
vn -0.4286 0.7737 -0.4666
vn 0.8783 -0.0000 0.4781
vn -0.7543 -0.4539 0.4742
vn 0.7543 -0.4539 0.4742
vn -0.4390 -0.7741 -0.4561
vn -0.4336 -0.0000 -0.9011
vn -0.4390 0.7741 -0.4561
vn -0.4389 0.7741 -0.4561
vn -0.4390 0.7741 0.4561
vn -0.4336 -0.0000 0.9011
vn -0.4390 -0.7741 0.4562
vn -0.4390 -0.7741 0.4561
vn -0.4390 -0.7741 -0.4562
vn -0.4389 -0.7741 -0.4561
vn -0.4390 0.7741 -0.4562
vn -0.4389 0.7741 0.4561
vn -0.4390 0.7741 0.4562
vn -0.4389 -0.7741 0.4561
vn -0.4353 -0.4433 0.7836
vn -0.4354 -0.4433 0.7836
vn -0.4408 -0.8976 -0.0000
vn -0.4353 -0.4433 -0.7836
vn -0.4354 0.4433 -0.7836
vn -0.4353 0.4433 -0.7836
vn -0.4408 0.8976 -0.0000
vn -0.4353 0.4433 0.7836
vn -0.4354 -0.4433 -0.7836
vn -0.4354 0.4433 0.7836
vn 0.4390 0.7741 -0.4561
vn 0.4336 -0.0000 -0.9011
vn 0.4389 -0.7741 -0.4561
vn 0.4390 -0.7741 -0.4561
vn 0.4390 -0.7741 0.4561
vn 0.4389 -0.7741 0.4561
vn 0.4336 -0.0000 0.9011
vn 0.4390 0.7741 0.4562
vn 0.4389 0.7741 0.4561
vn 0.4390 0.7741 -0.4562
vn 0.4389 0.7741 -0.4561
vn 0.4389 -0.7741 -0.4562
vn 0.4390 -0.7741 0.4562
vn 0.4390 0.7741 0.4561
vn 0.4354 -0.4433 -0.7836
vn 0.4353 -0.4433 -0.7836
vn 0.4408 -0.8976 -0.0000
vn 0.4353 -0.4433 0.7836
vn 0.4353 0.4433 0.7836
vn 0.4408 0.8976 -0.0000
vn 0.4353 0.4433 -0.7836
vn 0.4354 0.4433 0.7836
vn 0.8464 0.2689 -0.4596
vn 0.3274 -0.2938 -0.8980
vn -0.1760 -0.8705 -0.4596
vn -0.1760 -0.8705 0.4596
vn 0.3274 -0.2938 0.8980
vn 0.8464 0.2689 0.4596
vn 0.0401 -0.6198 -0.7837
vn -0.2561 -0.9667 -0.0000
vn 0.0401 -0.6198 0.7837
vn 0.6205 0.0285 0.7837
vn 0.9325 0.3611 -0.0000
vn 0.6205 0.0285 -0.7837
vn -0.0359 0.0005 -0.9994
vn -0.0358 0.0005 -0.9994
vn 0.0003 -0.0198 -0.9998
vn 0.0002 -0.0199 -0.9998
vn 0.0003 -0.0199 -0.9998
vn -0.0359 -0.0005 -0.9994
vn -0.0358 -0.0005 -0.9994
vn 1.0000 -0.0001 -0.0000
vn -0.0359 0.0005 0.9994
vn -0.0358 0.0005 0.9994
vn 0.0003 -0.0199 0.9998
vn 0.0003 -0.0198 0.9998
vn -0.0359 -0.0005 0.9994
vn -0.0358 -0.0005 0.9994
vn 0.7443 -0.6679 -0.0000
vn 0.7451 -0.6670 -0.0000
vt 0.032248 0.531489
vt 0.032248 0.341489
vt 0.595031 0.096469
vt 0.595031 0.096469
vt 0.595031 0.096468
vt 0.595031 0.096468
vt 0.595031 0.096469
vt 0.595031 0.096469
vt 0.595031 0.096468
vt 0.595031 0.096468
vt 0.595031 0.096469
vt 0.595031 0.096469
vt 0.595031 0.096469
vt 0.595031 0.096468
vt 0.595031 0.096468
vt 0.595031 0.096469
vt 0.595031 0.096469
vt 0.595031 0.096468
vt 0.595031 0.096468
vt 0.595031 0.096468
vt 0.595031 0.096469
vt 0.595032 0.096469
vt 0.595032 0.096468
vt 0.595031 0.096468
vt 0.096206 0.653862
vt 0.096206 0.653861
vt 0.096206 0.653861
vt 0.096206 0.653862
vt 0.096206 0.653861
vt 0.096206 0.653862
vt 0.784047 0.529739
vt 0.784047 0.529739
vt 0.784047 0.529739
vt 0.784047 0.529739
vt 0.096206 0.653862
vt 0.096206 0.653862
vt 0.659898 0.096255
vt 0.659898 0.096254
vt 0.659898 0.096254
vt 0.659898 0.096255
vt 0.096206 0.653862
vt 0.784047 0.529740
vt 0.784047 0.529740
vt 0.784047 0.529740
vt 0.784047 0.529740
vt 0.471394 0.469293
vt 0.471394 0.469293
vt 0.471394 0.469293
vt 0.471394 0.469293
vt 0.784047 0.529740
vt 0.784047 0.529740
vt 0.469898 0.468755
vt 0.469898 0.468755
vt 0.469898 0.468754
vt 0.469898 0.468754
vt 0.654433 0.089762
vt 0.654433 0.089762
vt 0.654433 0.089762
vt 0.654433 0.089762
s 0
usemtl AIRPORT
f 1/1/1 2/1/1 3/1/1
f 4/1/2 5/1/2 6/1/2
f 7/1/3 8/1/3 9/1/3
f 10/1/4 11/1/4 12/1/4
f 13/1/5 14/1/5 15/1/5
f 16/1/6 17/1/6 18/1/6
f 19/1/7 20/1/7 21/1/7
f 22/1/8 23/1/8 24/1/8
f 25/1/9 26/1/9 27/1/9
f 28/1/10 29/1/10 30/1/10
f 31/1/11 32/1/11 33/1/11
f 34/1/12 35/1/12 36/1/12
f 37/1/13 38/1/13 39/1/13
f 40/2/14 41/2/14 42/2/14
f 43/2/14 44/2/14 45/2/14
f 46/2/14 47/2/14 48/2/14
f 49/2/14 50/2/14 51/2/14
f 52/1/15 53/1/15 54/1/15
f 55/1/16 56/1/16 57/1/16
f 58/1/17 59/1/17 60/1/17
f 61/1/18 62/1/18 63/1/18
f 64/1/19 65/1/19 66/1/19
f 67/1/20 68/1/20 69/1/20
f 70/1/21 71/1/21 72/1/21
f 73/1/22 74/1/22 75/1/22
f 76/1/23 77/1/23 78/1/23
f 79/1/24 80/1/24 81/1/24
f 82/1/25 83/1/25 84/1/25
f 85/1/26 86/1/26 87/1/26
f 88/1/27 89/1/27 90/1/27
f 91/2/14 92/2/14 93/2/14
f 94/2/14 95/2/14 96/2/14
f 97/2/14 98/2/14 99/2/14
f 100/2/14 101/2/14 102/2/14
f 103/1/28 104/1/28 105/1/28
f 103/1/28 105/1/28 106/1/28
f 107/1/28 108/1/28 109/1/28
f 107/1/28 109/1/28 110/1/28
f 111/1/28 112/1/28 113/1/28
f 111/1/28 113/1/28 114/1/28
f 115/1/14 116/1/14 117/1/14
f 115/1/14 117/1/14 118/1/14
f 119/1/14 120/1/14 121/1/14
f 119/1/14 121/1/14 122/1/14
f 123/1/29 124/1/29 125/1/29
f 123/1/29 125/1/29 126/1/29
f 127/1/30 128/1/30 129/1/30
f 127/1/30 129/1/30 130/1/30
f 131/1/31 132/1/31 133/1/31
f 131/1/31 133/1/31 134/1/31
f 135/1/32 136/1/32 137/1/32
f 135/1/32 137/1/32 138/1/32
f 139/1/30 140/1/30 141/1/30
f 139/1/30 141/1/30 142/1/30
f 143/1/28 144/1/28 145/1/28
f 143/1/28 145/1/28 146/1/28
f 147/1/33 148/1/33 149/1/33
f 147/1/33 149/1/33 150/1/33
f 151/1/34 152/1/34 153/1/34
f 151/1/34 153/1/34 154/1/34
f 155/1/35 156/1/35 157/1/35
f 155/1/35 157/1/35 158/1/35
s 1
f 159/1/36 160/1/37 161/1/37
f 159/1/36 161/1/37 162/1/36
s 0
f 163/1/34 164/1/34 165/1/34
f 163/1/34 165/1/34 166/1/34
f 167/1/14 168/1/14 169/1/14
f 167/1/14 169/1/14 170/1/14
f 171/1/35 172/1/35 173/1/35
f 171/1/35 173/1/35 174/1/35
f 175/1/35 176/1/35 177/1/35
f 175/1/35 177/1/35 178/1/35
f 179/1/14 180/1/14 181/1/14
f 179/1/14 181/1/14 182/1/14
f 183/1/33 184/1/33 185/1/33
f 183/1/33 185/1/33 186/1/33
f 187/1/28 188/1/28 189/1/28
f 187/1/28 189/1/28 190/1/28
f 191/1/35 192/1/35 193/1/35
f 191/1/35 193/1/35 194/1/35
f 195/1/28 196/1/28 197/1/28
f 195/1/28 197/1/28 198/1/28
f 199/1/35 200/1/35 201/1/35
f 199/1/35 201/1/35 202/1/35
f 203/1/14 167/1/14 170/1/14
f 203/1/14 170/1/14 204/1/14
f 205/1/35 206/1/35 207/1/35
f 205/1/35 207/1/35 208/1/35
f 209/1/33 210/1/33 211/1/33
f 209/1/33 211/1/33 212/1/33
f 213/1/34 214/1/34 215/1/34
f 213/1/34 215/1/34 216/1/34
f 217/1/14 218/1/14 219/1/14
f 217/1/14 219/1/14 220/1/14
s 1
f 221/1/38 222/1/38 223/1/38
s 0
f 221/1/38 223/1/38 224/1/38
f 225/1/33 226/1/33 227/1/33
f 225/1/33 227/1/33 228/1/33
f 229/1/35 230/1/35 231/1/35
f 229/1/35 231/1/35 232/1/35
f 233/3/30 234/4/30 235/5/30
f 233/3/30 235/5/30 236/6/30
f 237/7/35 238/8/35 239/9/35
f 237/7/35 239/9/35 240/10/35
f 241/11/28 242/12/28 243/8/28
f 241/11/28 243/8/28 244/13/28
f 245/6/34 246/5/34 247/5/34
f 245/6/34 247/5/34 248/6/34
f 249/14/35 250/9/35 251/9/35
f 249/14/35 251/9/35 252/10/35
f 253/15/35 249/14/35 252/10/35
f 253/15/35 252/10/35 254/15/35
f 255/16/35 256/13/35 257/14/35
f 255/16/35 257/14/35 258/15/35
f 259/17/28 260/11/28 261/13/28
f 259/17/28 261/13/28 262/16/28
f 263/15/14 264/14/14 265/18/14
f 263/15/14 265/18/14 266/19/14
f 264/14/14 267/9/14 268/20/14
f 264/14/14 268/20/14 265/18/14
f 269/21/33 270/22/33 271/23/33
f 269/21/33 271/23/33 272/24/33
f 273/1/29 274/1/29 275/1/29
f 273/1/29 275/1/29 276/1/29
f 277/1/33 278/1/33 279/1/33
f 277/1/33 279/1/33 280/1/33
f 281/1/39 282/1/39 283/1/39
f 281/1/39 283/1/39 284/1/39
f 285/1/33 286/1/33 287/1/33
f 285/1/33 287/1/33 288/1/33
f 289/1/30 290/1/30 291/1/30
f 289/1/30 291/1/30 292/1/30
f 274/1/29 293/1/29 294/1/29
f 274/1/29 294/1/29 275/1/29
f 295/1/30 296/1/30 297/1/30
f 295/1/30 297/1/30 298/1/30
f 116/1/14 299/1/14 300/1/14
f 116/1/14 300/1/14 117/1/14
f 301/1/30 302/1/30 303/1/30
f 301/1/30 303/1/30 304/1/30
f 305/1/14 306/1/14 307/1/14
f 305/1/14 307/1/14 308/1/14
f 309/1/29 310/1/29 311/1/29
f 309/1/29 311/1/29 312/1/29
f 313/1/28 103/1/28 106/1/28
f 313/1/28 106/1/28 314/1/28
f 315/1/29 316/1/29 317/1/29
f 315/1/29 317/1/29 318/1/29
f 319/1/29 309/1/29 312/1/29
f 319/1/29 312/1/29 320/1/29
f 321/1/14 322/1/14 323/1/14
f 321/1/14 323/1/14 324/1/14
f 325/1/33 326/1/33 327/1/33
f 325/1/33 327/1/33 328/1/33
f 329/1/28 330/1/28 331/1/28
f 329/1/28 331/1/28 332/1/28
f 333/25/35 334/25/35 335/25/35
f 333/25/35 335/25/35 336/25/35
f 337/26/14 338/26/14 339/26/14
f 337/26/14 339/26/14 340/26/14
f 341/27/33 342/27/33 343/27/33
f 341/27/33 343/27/33 344/27/33
f 345/1/40 346/1/40 347/1/40
f 345/1/40 347/1/40 348/1/40
f 349/1/41 350/1/41 351/1/41
f 349/1/41 351/1/41 352/1/41
f 353/1/42 354/1/42 355/1/42
s 1
f 353/1/43 355/1/43 356/1/43
s 0
f 357/1/44 358/1/44 359/1/44
f 357/1/44 359/1/44 360/1/44
s 1
f 361/1/45 362/1/45 363/1/45
f 361/1/45 363/1/45 364/1/45
s 0
f 365/1/46 366/1/46 367/1/46
f 365/1/47 367/1/47 368/1/47
f 369/1/38 370/1/38 371/1/38
f 369/1/38 371/1/38 372/1/38
f 373/1/48 374/1/48 375/1/48
f 373/1/49 375/1/49 376/1/49
f 377/1/50 378/1/50 379/1/50
f 377/1/50 379/1/50 380/1/50
f 381/1/51 382/1/51 383/1/51
f 381/1/51 383/1/51 384/1/51
f 385/1/28 386/1/28 387/1/28
f 385/1/28 387/1/28 388/1/28
f 389/1/52 390/1/52 391/1/52
f 389/1/53 391/1/53 392/1/53
f 393/1/54 394/1/54 395/1/54
f 393/1/54 395/1/54 396/1/54
s 1
f 397/1/55 398/1/55 399/1/55
f 397/1/55 399/1/55 400/1/55
f 401/1/56 402/1/57 403/1/57
f 401/1/56 403/1/57 404/1/56
s 0
f 405/1/58 406/1/58 407/1/58
f 405/1/59 407/1/59 408/1/59
f 409/1/60 410/1/60 411/1/60
f 409/1/61 411/1/61 412/1/61
s 1
f 413/1/62 414/1/62 415/1/62
f 413/1/62 415/1/62 416/1/62
f 417/1/63 418/1/63 419/1/63
f 417/1/63 419/1/63 420/1/63
s 0
f 340/26/14 339/26/14 421/26/14
f 340/26/14 421/26/14 422/26/14
f 423/25/35 424/25/35 334/25/35
f 423/25/35 334/25/35 333/25/35
f 425/28/30 426/28/30 427/28/30
f 425/28/30 427/28/30 428/28/30
f 429/27/14 430/27/14 431/27/14
f 429/27/14 431/27/14 432/27/14
f 433/29/14 434/29/14 435/29/14
f 433/29/14 435/29/14 436/29/14
f 437/27/28 438/27/28 439/27/28
f 437/27/28 439/27/28 440/27/28
f 441/29/28 442/29/28 443/29/28
f 441/29/28 443/29/28 444/29/28
f 445/25/28 446/25/28 447/25/28
f 445/25/28 447/25/28 448/25/28
f 449/30/35 450/30/35 424/25/35
f 449/30/35 424/25/35 423/25/35
f 451/28/35 452/28/35 336/25/35
f 451/28/35 336/25/35 335/25/35
f 453/31/14 454/32/14 455/33/14
f 453/31/14 455/33/14 456/34/14
f 457/30/28 458/30/28 459/25/28
f 457/30/28 459/25/28 460/25/28
f 444/29/28 443/29/28 461/26/28
f 444/29/28 461/26/28 462/26/28
f 460/25/28 459/25/28 446/25/28
f 460/25/28 446/25/28 445/25/28
f 463/28/28 464/28/28 448/25/28
f 463/28/28 448/25/28 447/25/28
f 465/35/28 437/27/28 440/27/28
f 465/35/28 440/27/28 466/35/28
f 467/36/14 468/36/14 434/29/14
f 467/36/14 434/29/14 433/29/14
f 469/30/14 470/30/14 471/25/14
f 469/30/14 471/25/14 472/25/14
f 473/37/14 474/38/14 475/39/14
f 473/37/14 475/39/14 476/40/14
f 477/30/33 478/30/33 479/30/33
f 477/30/33 479/30/33 480/30/33
f 449/30/35 481/30/35 482/30/35
f 449/30/35 482/30/35 450/30/35
f 483/25/14 484/25/14 485/25/14
f 483/25/14 485/25/14 486/25/14
f 487/28/28 488/36/28 489/36/28
f 487/28/28 489/36/28 464/28/28
f 472/25/14 471/25/14 484/25/14
f 472/25/14 484/25/14 483/25/14
f 490/29/30 491/29/30 492/29/30
f 490/29/30 492/29/30 493/29/30
f 494/26/28 495/26/28 462/26/28
f 494/26/28 462/26/28 461/26/28
f 435/29/14 434/29/14 422/26/14
f 435/29/14 422/26/14 421/26/14
f 438/27/28 437/27/28 496/26/28
f 438/27/28 496/26/28 497/26/28
f 498/41/28 445/25/28 448/25/28
f 498/41/28 448/25/28 499/41/28
f 491/29/30 500/36/30 501/36/30
f 491/29/30 501/36/30 492/29/30
f 502/36/30 503/28/30 504/28/30
f 502/36/30 504/28/30 505/36/30
f 464/28/28 489/36/28 499/41/28
f 464/28/28 499/41/28 448/25/28
f 457/30/28 506/35/28 507/35/28
f 457/30/28 507/35/28 508/30/28
f 470/30/14 509/30/14 510/35/14
f 470/30/14 510/35/14 511/35/14
f 512/41/14 337/26/14 340/26/14
f 512/41/14 340/26/14 513/41/14
f 478/30/33 514/35/33 515/35/33
f 478/30/33 515/35/33 479/30/33
f 497/26/28 496/26/28 495/26/28
f 497/26/28 495/26/28 494/26/28
f 516/42/14 517/43/14 518/44/14
f 516/42/14 518/44/14 519/45/14
f 520/46/14 521/47/14 522/48/14
f 520/46/14 522/48/14 523/49/14
f 524/35/14 525/35/14 430/27/14
f 524/35/14 430/27/14 429/27/14
f 471/25/14 526/41/14 527/41/14
f 471/25/14 527/41/14 484/25/14
f 496/26/28 528/41/28 529/41/28
f 496/26/28 529/41/28 495/26/28
f 434/29/14 468/36/14 530/41/14
f 434/29/14 530/41/14 422/26/14
f 437/27/28 465/35/28 528/41/28
f 437/27/28 528/41/28 496/26/28
f 531/35/33 532/27/33 533/27/33
f 531/35/33 533/27/33 534/35/33
f 535/50/14 453/31/14 456/34/14
f 535/50/14 456/34/14 536/51/14
f 495/26/28 529/41/28 537/41/28
f 495/26/28 537/41/28 462/26/28
f 538/36/28 441/29/28 444/29/28
f 538/36/28 444/29/28 539/36/28
f 539/36/28 444/29/28 462/26/28
f 539/36/28 462/26/28 537/41/28
f 506/35/28 457/30/28 460/25/28
f 506/35/28 460/25/28 540/41/28
f 540/41/28 460/25/28 445/25/28
f 540/41/28 445/25/28 498/41/28
f 512/41/14 513/41/14 527/41/14
f 512/41/14 527/41/14 526/41/14
f 531/35/33 534/35/33 515/35/33
f 531/35/33 515/35/33 514/35/33
f 513/41/14 530/41/14 541/41/14
f 513/41/14 541/41/14 527/41/14
f 525/35/14 524/35/14 511/35/14
f 525/35/14 511/35/14 510/35/14
f 468/36/14 467/36/14 542/36/14
f 468/36/14 542/36/14 543/36/14
f 465/35/28 466/35/28 507/35/28
f 465/35/28 507/35/28 506/35/28
f 538/36/28 539/36/28 489/36/28
f 538/36/28 489/36/28 488/36/28
f 535/50/14 536/51/14 518/44/14
f 535/50/14 518/44/14 517/43/14
f 539/36/28 537/41/28 499/41/28
f 539/36/28 499/41/28 489/36/28
f 544/36/30 545/36/30 501/36/30
f 544/36/30 501/36/30 500/36/30
f 498/41/28 499/41/28 537/41/28
f 498/41/28 537/41/28 529/41/28
f 543/36/14 541/41/14 530/41/14
f 543/36/14 530/41/14 468/36/14
f 506/35/28 540/41/28 528/41/28
f 506/35/28 528/41/28 465/35/28
f 540/41/28 498/41/28 529/41/28
f 540/41/28 529/41/28 528/41/28
f 546/30/64 547/30/64 548/30/64
f 546/30/64 548/30/64 549/30/64
f 550/30/65 551/30/65 552/30/65
f 550/30/65 552/30/65 553/30/65
f 554/30/66 555/30/66 556/30/66
f 554/30/66 556/30/66 557/30/66
f 558/28/67 559/28/67 560/28/67
f 558/28/67 560/28/67 561/28/67
f 562/28/68 563/28/68 564/28/68
f 562/28/68 564/28/68 565/28/68
f 566/28/69 567/28/69 568/28/69
f 566/28/69 568/28/69 569/28/69
f 570/28/35 452/28/35 451/28/35
f 570/28/35 451/28/35 571/28/35
f 572/2/14 573/2/14 574/2/14
f 572/2/14 574/2/14 575/2/14
f 576/2/14 577/2/14 578/2/14
f 576/2/14 578/2/14 579/2/14
f 580/2/14 581/2/14 574/2/14
f 580/2/14 574/2/14 582/2/14
f 583/2/14 584/2/14 585/2/14
f 583/2/14 585/2/14 586/2/14
f 587/1/28 588/1/28 589/1/28
f 587/1/28 589/1/28 590/1/28
f 591/1/28 592/1/28 593/1/28
f 591/1/28 593/1/28 594/1/28
f 595/1/28 596/1/28 597/1/28
f 595/1/28 597/1/28 598/1/28
f 599/1/14 600/1/14 601/1/14
f 599/1/14 601/1/14 602/1/14
f 603/1/14 604/1/14 605/1/14
f 603/1/14 605/1/14 606/1/14
f 607/1/35 608/1/35 609/1/35
f 607/1/35 609/1/35 610/1/35
f 611/1/30 612/1/30 613/1/30
f 611/1/30 613/1/30 614/1/30
f 615/1/31 616/1/31 133/1/31
f 615/1/31 133/1/31 132/1/31
f 617/1/32 618/1/32 619/1/32
f 617/1/32 619/1/32 620/1/32
f 621/1/30 622/1/30 623/1/30
f 621/1/30 623/1/30 624/1/30
f 625/1/28 626/1/28 627/1/28
f 625/1/28 627/1/28 628/1/28
f 629/1/33 630/1/33 631/1/33
f 629/1/33 631/1/33 632/1/33
f 633/1/34 634/1/34 635/1/34
f 633/1/34 635/1/34 636/1/34
f 637/1/29 638/1/29 639/1/29
f 637/1/29 639/1/29 640/1/29
s 1
f 641/1/70 642/1/70 643/1/71
f 641/1/70 643/1/71 644/1/71
s 0
f 645/1/34 646/1/34 647/1/34
f 645/1/34 647/1/34 648/1/34
f 649/1/14 650/1/14 651/1/14
f 649/1/14 651/1/14 652/1/14
f 653/1/29 654/1/29 655/1/29
f 653/1/29 655/1/29 656/1/29
f 657/1/29 658/1/29 659/1/29
f 657/1/29 659/1/29 660/1/29
f 661/1/14 662/1/14 663/1/14
f 661/1/14 663/1/14 664/1/14
f 665/1/33 666/1/33 667/1/33
f 665/1/33 667/1/33 668/1/33
f 669/1/28 670/1/28 671/1/28
f 669/1/28 671/1/28 672/1/28
f 673/1/29 674/1/29 675/1/29
f 673/1/29 675/1/29 676/1/29
f 672/1/28 671/1/28 677/1/28
f 672/1/28 677/1/28 678/1/28
f 679/1/29 680/1/29 681/1/29
f 679/1/29 681/1/29 682/1/29
f 203/1/14 204/1/14 650/1/14
f 203/1/14 650/1/14 649/1/14
f 682/1/29 681/1/29 683/1/29
f 682/1/29 683/1/29 684/1/29
f 685/1/33 686/1/33 687/1/33
f 685/1/33 687/1/33 688/1/33
f 689/1/34 690/1/34 691/1/34
f 689/1/34 691/1/34 692/1/34
f 693/1/14 694/1/14 219/1/14
f 693/1/14 219/1/14 218/1/14
f 695/1/72 696/1/72 697/1/72
f 695/1/72 697/1/72 698/1/72
f 699/1/33 700/1/33 701/1/33
f 699/1/33 701/1/33 702/1/33
f 703/1/29 704/1/29 705/1/29
f 703/1/29 705/1/29 706/1/29
f 707/3/30 708/6/30 709/5/30
f 707/3/30 709/5/30 710/4/30
f 711/7/29 712/10/29 713/9/29
f 711/7/29 713/9/29 714/8/29
f 241/11/28 715/13/28 716/8/28
f 241/11/28 716/8/28 242/12/28
f 717/6/34 718/6/34 719/5/34
f 717/6/34 719/5/34 720/5/34
f 721/14/29 722/10/29 723/9/29
f 721/14/29 723/9/29 724/9/29
f 725/15/29 726/15/29 722/10/29
f 725/15/29 722/10/29 721/14/29
f 727/16/29 728/15/29 729/14/29
f 727/16/29 729/14/29 730/13/29
f 259/17/28 731/16/28 732/13/28
f 259/17/28 732/13/28 260/11/28
f 733/15/14 266/19/14 265/18/14
f 733/15/14 265/18/14 734/14/14
f 734/14/14 265/18/14 268/20/14
f 734/14/14 268/20/14 735/9/14
f 736/21/33 737/24/33 738/23/33
f 736/21/33 738/23/33 739/22/33
f 740/1/35 741/1/35 742/1/35
f 740/1/35 742/1/35 743/1/35
f 744/1/33 745/1/33 746/1/33
f 744/1/33 746/1/33 747/1/33
f 748/1/39 749/1/39 750/1/39
f 748/1/39 750/1/39 751/1/39
f 285/1/33 288/1/33 752/1/33
f 285/1/33 752/1/33 753/1/33
f 754/1/30 755/1/30 756/1/30
f 754/1/30 756/1/30 757/1/30
f 743/1/35 742/1/35 758/1/35
f 743/1/35 758/1/35 759/1/35
f 295/1/30 298/1/30 760/1/30
f 295/1/30 760/1/30 761/1/30
f 602/1/14 601/1/14 762/1/14
f 602/1/14 762/1/14 763/1/14
f 764/1/30 765/1/30 766/1/30
f 764/1/30 766/1/30 767/1/30
f 768/1/14 769/1/14 770/1/14
f 768/1/14 770/1/14 771/1/14
f 772/1/35 773/1/35 774/1/35
f 772/1/35 774/1/35 775/1/35
f 776/1/28 777/1/28 588/1/28
f 776/1/28 588/1/28 587/1/28
f 778/1/35 779/1/35 780/1/35
f 778/1/35 780/1/35 781/1/35
f 782/1/35 783/1/35 773/1/35
f 782/1/35 773/1/35 772/1/35
f 784/1/14 785/1/14 786/1/14
f 784/1/14 786/1/14 787/1/14
f 788/1/33 789/1/33 790/1/33
f 788/1/33 790/1/33 791/1/33
f 329/1/28 332/1/28 792/1/28
f 329/1/28 792/1/28 793/1/28
f 794/25/29 795/25/29 796/25/29
f 794/25/29 796/25/29 797/25/29
f 798/26/14 799/26/14 339/26/14
f 798/26/14 339/26/14 338/26/14
f 800/27/33 801/27/33 802/27/33
f 800/27/33 802/27/33 803/27/33
f 804/1/40 805/1/40 806/1/40
f 804/1/40 806/1/40 807/1/40
f 808/1/41 809/1/41 810/1/41
f 808/1/41 810/1/41 811/1/41
s 1
f 812/1/73 813/1/74 814/1/74
f 812/1/73 814/1/74 815/1/75
s 0
f 816/1/44 817/1/44 818/1/44
f 816/1/44 818/1/44 819/1/44
s 1
f 820/1/76 821/1/76 822/1/76
f 820/1/76 822/1/76 823/1/76
s 0
f 824/1/77 825/1/77 826/1/77
f 824/1/78 826/1/78 827/1/78
f 828/1/72 829/1/72 830/1/72
f 828/1/72 830/1/72 831/1/72
f 832/1/79 833/1/79 834/1/79
f 832/1/80 834/1/80 835/1/80
f 836/1/50 837/1/50 838/1/50
f 836/1/50 838/1/50 839/1/50
f 840/1/51 841/1/51 842/1/51
f 840/1/51 842/1/51 843/1/51
f 844/1/28 845/1/28 846/1/28
f 844/1/28 846/1/28 847/1/28
f 848/1/81 849/1/81 850/1/81
f 848/1/82 850/1/82 851/1/82
f 852/1/83 853/1/83 854/1/83
f 852/1/83 854/1/83 855/1/83
s 1
f 856/1/84 857/1/85 858/1/86
f 856/1/84 858/1/86 859/1/86
f 860/1/87 861/1/87 862/1/88
f 860/1/87 862/1/88 863/1/88
s 0
f 864/1/89 865/1/89 866/1/89
f 864/1/90 866/1/90 867/1/90
f 868/1/91 869/1/91 870/1/91
f 868/1/92 870/1/92 871/1/92
s 1
f 872/1/93 873/1/93 874/1/93
f 872/1/93 874/1/93 875/1/93
f 876/1/94 877/1/94 878/1/94
f 876/1/94 878/1/94 879/1/94
s 0
f 799/26/14 880/26/14 421/26/14
f 799/26/14 421/26/14 339/26/14
f 881/25/29 794/25/29 797/25/29
f 881/25/29 797/25/29 882/25/29
f 883/28/30 884/28/30 885/28/30
f 883/28/30 885/28/30 886/28/30
f 887/27/14 432/27/14 431/27/14
f 887/27/14 431/27/14 888/27/14
f 889/29/14 436/29/14 435/29/14
f 889/29/14 435/29/14 890/29/14
f 891/27/28 892/27/28 439/27/28
f 891/27/28 439/27/28 438/27/28
f 893/29/28 894/29/28 443/29/28
f 893/29/28 443/29/28 442/29/28
f 895/25/28 896/25/28 897/25/28
f 895/25/28 897/25/28 898/25/28
f 899/30/29 881/25/29 882/25/29
f 899/30/29 882/25/29 900/30/29
f 901/28/29 796/25/29 795/25/29
f 901/28/29 795/25/29 902/28/29
f 903/31/14 904/34/14 455/33/14
f 903/31/14 455/33/14 454/32/14
f 905/30/28 906/25/28 907/25/28
f 905/30/28 907/25/28 908/30/28
f 894/29/28 909/26/28 461/26/28
f 894/29/28 461/26/28 443/29/28
f 906/25/28 895/25/28 898/25/28
f 906/25/28 898/25/28 907/25/28
f 910/28/28 897/25/28 896/25/28
f 910/28/28 896/25/28 911/28/28
f 912/35/28 913/35/28 892/27/28
f 912/35/28 892/27/28 891/27/28
f 914/36/14 889/29/14 890/29/14
f 914/36/14 890/29/14 915/36/14
f 916/30/14 917/25/14 918/25/14
f 916/30/14 918/25/14 919/30/14
f 920/52/14 921/53/14 922/54/14
f 920/52/14 922/54/14 923/55/14
f 924/30/33 925/30/33 926/30/33
f 924/30/33 926/30/33 927/30/33
f 899/30/29 900/30/29 928/30/29
f 899/30/29 928/30/29 929/30/29
f 930/25/14 931/25/14 932/25/14
f 930/25/14 932/25/14 933/25/14
f 934/28/28 911/28/28 935/36/28
f 934/28/28 935/36/28 936/36/28
f 917/25/14 930/25/14 933/25/14
f 917/25/14 933/25/14 918/25/14
f 490/29/30 493/29/30 937/29/30
f 490/29/30 937/29/30 938/29/30
f 494/26/28 461/26/28 909/26/28
f 494/26/28 909/26/28 939/26/28
f 435/29/14 421/26/14 880/26/14
f 435/29/14 880/26/14 890/29/14
f 438/27/28 497/26/28 940/26/28
f 438/27/28 940/26/28 891/27/28
f 941/41/28 942/41/28 896/25/28
f 941/41/28 896/25/28 895/25/28
f 938/29/30 937/29/30 943/36/30
f 938/29/30 943/36/30 944/36/30
f 945/36/30 946/36/30 947/28/30
f 945/36/30 947/28/30 948/28/30
f 911/28/28 896/25/28 942/41/28
f 911/28/28 942/41/28 935/36/28
f 905/30/28 949/30/28 950/35/28
f 905/30/28 950/35/28 951/35/28
f 919/30/14 952/35/14 953/35/14
f 919/30/14 953/35/14 954/30/14
f 955/41/14 956/41/14 799/26/14
f 955/41/14 799/26/14 798/26/14
f 927/30/33 926/30/33 957/35/33
f 927/30/33 957/35/33 958/35/33
f 497/26/28 494/26/28 939/26/28
f 497/26/28 939/26/28 940/26/28
f 959/42/14 960/45/14 961/44/14
f 959/42/14 961/44/14 962/43/14
f 963/56/14 964/57/14 965/58/14
f 963/56/14 965/58/14 966/59/14
f 967/35/14 887/27/14 888/27/14
f 967/35/14 888/27/14 968/35/14
f 918/25/14 933/25/14 969/41/14
f 918/25/14 969/41/14 970/41/14
f 940/26/28 939/26/28 971/41/28
f 940/26/28 971/41/28 972/41/28
f 890/29/14 880/26/14 973/41/14
f 890/29/14 973/41/14 915/36/14
f 891/27/28 940/26/28 972/41/28
f 891/27/28 972/41/28 912/35/28
f 974/35/33 975/35/33 976/27/33
f 974/35/33 976/27/33 977/27/33
f 978/50/14 979/51/14 904/34/14
f 978/50/14 904/34/14 903/31/14
f 939/26/28 909/26/28 980/41/28
f 939/26/28 980/41/28 971/41/28
f 981/36/28 982/36/28 894/29/28
f 981/36/28 894/29/28 893/29/28
f 982/36/28 980/41/28 909/26/28
f 982/36/28 909/26/28 894/29/28
f 951/35/28 983/41/28 906/25/28
f 951/35/28 906/25/28 905/30/28
f 983/41/28 941/41/28 895/25/28
f 983/41/28 895/25/28 906/25/28
f 955/41/14 970/41/14 969/41/14
f 955/41/14 969/41/14 956/41/14
f 974/35/33 958/35/33 957/35/33
f 974/35/33 957/35/33 975/35/33
f 956/41/14 969/41/14 984/41/14
f 956/41/14 984/41/14 973/41/14
f 968/35/14 953/35/14 952/35/14
f 968/35/14 952/35/14 967/35/14
f 915/36/14 985/36/14 986/36/14
f 915/36/14 986/36/14 914/36/14
f 912/35/28 951/35/28 950/35/28
f 912/35/28 950/35/28 913/35/28
f 981/36/28 936/36/28 935/36/28
f 981/36/28 935/36/28 982/36/28
f 978/50/14 962/43/14 961/44/14
f 978/50/14 961/44/14 979/51/14
f 982/36/28 935/36/28 942/41/28
f 982/36/28 942/41/28 980/41/28
f 987/36/30 944/36/30 943/36/30
f 987/36/30 943/36/30 988/36/30
f 941/41/28 971/41/28 980/41/28
f 941/41/28 980/41/28 942/41/28
f 985/36/14 915/36/14 973/41/14
f 985/36/14 973/41/14 984/41/14
f 951/35/28 912/35/28 972/41/28
f 951/35/28 972/41/28 983/41/28
f 983/41/28 972/41/28 971/41/28
f 983/41/28 971/41/28 941/41/28
f 989/30/95 990/30/95 991/30/95
f 989/30/95 991/30/95 992/30/95
f 993/30/96 994/30/96 995/30/96
f 993/30/96 995/30/96 996/30/96
f 997/30/97 998/30/97 999/30/97
f 997/30/97 999/30/97 1000/30/97
f 1001/28/98 1002/28/98 1003/28/98
f 1001/28/98 1003/28/98 1004/28/98
f 1005/28/99 1006/28/99 1007/28/99
f 1005/28/99 1007/28/99 1008/28/99
f 1009/28/100 1010/28/100 1011/28/100
f 1009/28/100 1011/28/100 1012/28/100
f 1013/28/29 1014/28/29 901/28/29
f 1013/28/29 901/28/29 902/28/29
f 1015/2/14 1016/2/14 1017/2/14
f 1015/2/14 1017/2/14 1018/2/14
f 1019/2/14 1020/2/14 1021/2/14
f 1019/2/14 1021/2/14 1022/2/14
f 1023/2/14 1024/2/14 1017/2/14
f 1023/2/14 1017/2/14 1025/2/14
f 1026/2/14 1027/2/14 1028/2/14
f 1026/2/14 1028/2/14 1029/2/14
f 1030/1/101 1031/1/101 1032/1/101
f 1030/1/102 1032/1/102 1033/1/102
f 1034/1/103 1035/1/103 1036/1/103
f 1034/1/103 1036/1/103 1037/1/103
f 1038/1/104 1039/1/104 1040/1/104
f 1038/1/104 1040/1/104 1041/1/104
f 1042/1/105 1043/1/105 1044/1/105
f 1042/1/105 1044/1/105 1045/1/105
f 1046/1/106 1047/1/106 1048/1/106
f 1046/1/106 1048/1/106 1049/1/106
f 1050/1/107 1051/1/107 1052/1/107
f 1050/1/108 1052/1/108 1053/1/108
f 1054/1/101 1055/1/101 1056/1/101
f 1054/1/101 1056/1/101 1057/1/101
f 1058/1/103 1059/1/103 1060/1/103
f 1058/1/103 1060/1/103 1061/1/103
f 1062/1/109 1063/1/109 1064/1/109
f 1062/1/104 1064/1/104 1065/1/104
f 1066/1/105 1067/1/105 1068/1/105
f 1066/1/105 1068/1/105 1069/1/105
f 1070/1/106 1071/1/106 1072/1/106
f 1070/1/106 1072/1/106 1073/1/106
f 1074/1/108 1075/1/108 1076/1/108
f 1074/1/107 1076/1/107 1077/1/107
f 1078/1/101 1079/1/101 1080/1/101
f 1078/1/101 1080/1/101 1081/1/101
f 1082/1/103 1083/1/103 1084/1/103
f 1082/1/103 1084/1/103 1085/1/103
f 1086/1/104 1087/1/104 1088/1/104
f 1086/1/104 1088/1/104 1089/1/104
f 1090/1/105 1091/1/105 1092/1/105
f 1090/1/105 1092/1/105 1093/1/105
f 1094/1/106 1095/1/106 1096/1/106
f 1094/1/106 1096/1/106 1097/1/106
f 1098/1/108 1099/1/108 1100/1/108
f 1098/1/107 1100/1/107 1101/1/107
f 1102/1/110 1103/1/110 1104/1/110
f 1102/1/110 1104/1/110 1105/1/110
f 1106/1/111 1107/1/111 1108/1/111
f 1106/1/111 1108/1/111 1109/1/111
f 1110/1/112 1111/1/112 1112/1/112
f 1110/1/112 1112/1/112 1113/1/112
f 1114/1/113 1115/1/113 1116/1/113
f 1114/1/113 1116/1/113 1117/1/113
f 1118/1/114 1119/1/114 1120/1/114
f 1118/1/114 1120/1/114 1121/1/114
f 1122/1/115 1123/1/115 1124/1/115
f 1122/1/115 1124/1/115 1125/1/115
f 1126/1/110 1127/1/110 1128/1/110
f 1126/1/110 1128/1/110 1129/1/110
f 1130/1/111 1131/1/111 1132/1/111
f 1130/1/111 1132/1/111 1133/1/111
f 1134/1/112 1135/1/112 1136/1/112
f 1134/1/112 1136/1/112 1137/1/112
f 1138/1/113 1139/1/113 1140/1/113
f 1138/1/113 1140/1/113 1141/1/113
f 1142/1/114 1143/1/114 1144/1/114
f 1142/1/114 1144/1/114 1145/1/114
f 1146/1/115 1147/1/115 1148/1/115
f 1146/1/115 1148/1/115 1149/1/115
f 1150/1/110 1151/1/110 1152/1/110
f 1150/1/110 1152/1/110 1153/1/110
f 1154/1/111 1155/1/111 1156/1/111
f 1154/1/111 1156/1/111 1157/1/111
f 1158/1/112 1159/1/112 1160/1/112
f 1158/1/112 1160/1/112 1161/1/112
f 1162/1/113 1163/1/113 1164/1/113
f 1162/1/113 1164/1/113 1165/1/113
f 1166/1/114 1167/1/114 1168/1/114
f 1166/1/114 1168/1/114 1169/1/114
f 1170/1/115 1171/1/115 1172/1/115
f 1170/1/115 1172/1/115 1173/1/115
f 1174/1/110 1175/1/110 1176/1/110
f 1174/1/110 1176/1/110 1177/1/110
f 1178/1/111 1179/1/111 1180/1/111
f 1178/1/111 1180/1/111 1181/1/111
f 1182/1/112 1183/1/112 1184/1/112
f 1182/1/112 1184/1/112 1185/1/112
f 1186/1/113 1187/1/113 1188/1/113
f 1186/1/113 1188/1/113 1189/1/113
f 1190/1/114 1191/1/114 1192/1/114
f 1190/1/114 1192/1/114 1193/1/114
f 1194/1/115 1195/1/115 1196/1/115
f 1194/1/115 1196/1/115 1197/1/115
f 1198/1/110 1199/1/110 1200/1/110
f 1198/1/110 1200/1/110 1201/1/110
f 1202/1/111 1203/1/111 1204/1/111
f 1202/1/111 1204/1/111 1205/1/111
f 1206/1/112 1207/1/112 1208/1/112
f 1206/1/112 1208/1/112 1209/1/112
f 1210/1/113 1211/1/113 1212/1/113
f 1210/1/113 1212/1/113 1213/1/113
f 1214/1/114 1215/1/114 1216/1/114
f 1214/1/114 1216/1/114 1217/1/114
f 1218/1/115 1219/1/115 1220/1/115
f 1218/1/115 1220/1/115 1221/1/115
f 1222/1/110 1223/1/110 1224/1/110
f 1222/1/110 1224/1/110 1225/1/110
f 1226/1/111 1227/1/111 1228/1/111
f 1226/1/111 1228/1/111 1229/1/111
f 1230/1/112 1231/1/112 1232/1/112
f 1230/1/112 1232/1/112 1233/1/112
f 1234/1/113 1235/1/113 1236/1/113
f 1234/1/113 1236/1/113 1237/1/113
f 1238/1/114 1239/1/114 1240/1/114
f 1238/1/114 1240/1/114 1241/1/114
f 1242/1/115 1243/1/115 1244/1/115
f 1242/1/115 1244/1/115 1245/1/115
f 1246/1/110 1247/1/110 1248/1/110
f 1246/1/110 1248/1/110 1249/1/110
f 1250/1/111 1251/1/111 1252/1/111
f 1250/1/111 1252/1/111 1253/1/111
f 1254/1/112 1255/1/112 1256/1/112
f 1254/1/112 1256/1/112 1257/1/112
f 1258/1/113 1259/1/113 1260/1/113
f 1258/1/113 1260/1/113 1261/1/113
f 1262/1/114 1263/1/114 1264/1/114
f 1262/1/114 1264/1/114 1265/1/114
f 1266/1/115 1267/1/115 1268/1/115
f 1266/1/115 1268/1/115 1269/1/115
f 1270/1/110 1271/1/110 1272/1/110
f 1270/1/110 1272/1/110 1273/1/110
f 1274/1/111 1275/1/111 1276/1/111
f 1274/1/111 1276/1/111 1277/1/111
f 1278/1/112 1279/1/112 1280/1/112
s 1
f 1278/1/112 1280/1/112 1281/1/112
s 0
f 1282/1/113 1283/1/113 1284/1/113
f 1282/1/113 1284/1/113 1285/1/113
f 1286/1/114 1287/1/114 1288/1/114
f 1286/1/114 1288/1/114 1289/1/114
f 1290/1/115 1291/1/115 1292/1/115
f 1290/1/115 1292/1/115 1293/1/115
f 1294/1/110 1295/1/110 1296/1/110
f 1294/1/110 1296/1/110 1297/1/110
f 1298/1/111 1299/1/111 1300/1/111
s 1
f 1298/1/111 1300/1/111 1301/1/111
s 0
f 1302/1/112 1303/1/112 1304/1/112
f 1302/1/112 1304/1/112 1305/1/112
f 1306/1/113 1307/1/113 1308/1/113
f 1306/1/113 1308/1/113 1309/1/113
f 1310/1/114 1311/1/114 1312/1/114
f 1310/1/114 1312/1/114 1313/1/114
f 1314/1/115 1315/1/115 1316/1/115
f 1314/1/115 1316/1/115 1317/1/115
f 1318/1/110 1319/1/110 1320/1/110
f 1318/1/110 1320/1/110 1321/1/110
f 1322/1/111 1323/1/111 1324/1/111
f 1322/1/111 1324/1/111 1325/1/111
f 1326/1/112 1327/1/112 1328/1/112
f 1326/1/112 1328/1/112 1329/1/112
f 1330/1/113 1331/1/113 1332/1/113
f 1330/1/113 1332/1/113 1333/1/113
f 1334/1/114 1335/1/114 1336/1/114
f 1334/1/114 1336/1/114 1337/1/114
f 1338/1/115 1339/1/115 1340/1/115
f 1338/1/115 1340/1/115 1341/1/115
f 1342/1/102 1343/1/102 1344/1/102
f 1342/1/102 1344/1/102 1345/1/102
f 1346/1/103 1347/1/103 1348/1/103
f 1346/1/103 1348/1/103 1349/1/103
f 1350/1/109 1351/1/109 1352/1/109
f 1350/1/104 1352/1/104 1353/1/104
f 1354/1/105 1355/1/105 1356/1/105
f 1354/1/105 1356/1/105 1357/1/105
f 1358/1/106 1359/1/106 1360/1/106
f 1358/1/106 1360/1/106 1361/1/106
f 1362/1/108 1363/1/108 1364/1/108
f 1362/1/108 1364/1/108 1365/1/108
f 1366/1/102 1367/1/102 1368/1/102
f 1366/1/102 1368/1/102 1369/1/102
f 1370/1/103 1371/1/103 1372/1/103
f 1370/1/103 1372/1/103 1373/1/103
f 1374/1/109 1375/1/109 1376/1/109
f 1374/1/104 1376/1/104 1377/1/104
f 1378/1/105 1379/1/105 1380/1/105
f 1378/1/105 1380/1/105 1381/1/105
f 1382/1/106 1383/1/106 1384/1/106
f 1382/1/106 1384/1/106 1385/1/106
f 1386/1/108 1387/1/108 1388/1/108
f 1386/1/108 1388/1/108 1389/1/108
f 1390/1/102 1391/1/102 1392/1/102
f 1390/1/102 1392/1/102 1393/1/102
f 1394/1/103 1395/1/103 1396/1/103
f 1394/1/103 1396/1/103 1397/1/103
f 1398/1/104 1399/1/104 1400/1/104
f 1398/1/104 1400/1/104 1401/1/104
f 1402/1/116 1403/1/116 1404/1/116
f 1402/1/105 1404/1/105 1405/1/105
f 1406/1/106 1407/1/106 1408/1/106
f 1406/1/106 1408/1/106 1409/1/106
f 1410/1/108 1411/1/108 1412/1/108
f 1410/1/107 1412/1/107 1413/1/107
f 1414/1/117 1415/1/117 1416/1/117
f 1414/1/117 1416/1/117 1417/1/117
f 1418/1/118 1419/1/118 1420/1/118
f 1418/1/118 1420/1/118 1421/1/118
f 1422/1/119 1423/1/119 1424/1/119
f 1422/1/119 1424/1/119 1425/1/119
f 1426/1/120 1427/1/120 1428/1/120
f 1426/1/120 1428/1/120 1429/1/120
f 1430/1/121 1431/1/121 1432/1/121
f 1430/1/121 1432/1/121 1433/1/121
f 1434/1/122 1435/1/122 1436/1/122
f 1434/1/122 1436/1/122 1437/1/122
f 1438/1/117 1439/1/117 1440/1/117
f 1438/1/117 1440/1/117 1441/1/117
f 1442/1/118 1443/1/118 1444/1/118
f 1442/1/118 1444/1/118 1445/1/118
f 1446/1/119 1447/1/119 1448/1/119
f 1446/1/119 1448/1/119 1449/1/119
f 1450/1/120 1451/1/120 1452/1/120
f 1450/1/120 1452/1/120 1453/1/120
f 1454/1/121 1455/1/121 1456/1/121
f 1454/1/121 1456/1/121 1457/1/121
s 1
f 1458/1/122 1459/1/122 1460/1/122
s 0
f 1458/1/122 1460/1/122 1461/1/122
f 1462/1/117 1463/1/117 1464/1/117
f 1462/1/117 1464/1/117 1465/1/117
f 1466/1/118 1467/1/118 1468/1/118
f 1466/1/118 1468/1/118 1469/1/118
f 1470/1/119 1471/1/119 1472/1/119
f 1470/1/119 1472/1/119 1473/1/119
f 1474/1/120 1475/1/120 1476/1/120
f 1474/1/120 1476/1/120 1477/1/120
f 1478/1/121 1479/1/121 1480/1/121
f 1478/1/121 1480/1/121 1481/1/121
f 1482/1/122 1483/1/122 1484/1/122
f 1482/1/122 1484/1/122 1485/1/122
f 1486/1/123 1487/1/123 1488/1/123
f 1486/1/123 1488/1/123 1489/1/123
f 1490/1/124 1491/1/124 1492/1/124
f 1490/1/124 1492/1/124 1493/1/124
f 1494/1/125 1495/1/125 1496/1/125
f 1494/1/125 1496/1/125 1497/1/125
f 1498/1/126 1499/1/126 1500/1/126
f 1498/1/126 1500/1/126 1501/1/126
f 1502/1/127 1503/1/127 1504/1/127
f 1502/1/127 1504/1/127 1505/1/127
f 1506/1/128 1507/1/128 1508/1/128
f 1506/1/128 1508/1/128 1509/1/128
f 1510/1/123 1511/1/123 1512/1/123
f 1510/1/123 1512/1/123 1513/1/123
f 1514/1/124 1515/1/124 1516/1/124
f 1514/1/124 1516/1/124 1517/1/124
f 1518/1/125 1519/1/125 1520/1/125
f 1518/1/125 1520/1/125 1521/1/125
f 1522/1/126 1523/1/126 1524/1/126
f 1522/1/126 1524/1/126 1525/1/126
f 1526/1/127 1527/1/127 1528/1/127
f 1526/1/127 1528/1/127 1529/1/127
f 1530/1/129 1531/1/129 1532/1/129
s 1
f 1530/1/128 1532/1/128 1533/1/128
s 0
f 1534/1/123 1535/1/123 1536/1/123
f 1534/1/123 1536/1/123 1537/1/123
f 1538/1/124 1539/1/124 1540/1/124
f 1538/1/124 1540/1/124 1541/1/124
f 1542/1/125 1543/1/125 1544/1/125
f 1542/1/125 1544/1/125 1545/1/125
f 1546/1/126 1547/1/126 1548/1/126
f 1546/1/126 1548/1/126 1549/1/126
f 1550/1/127 1551/1/127 1552/1/127
f 1550/1/127 1552/1/127 1553/1/127
s 1
f 1554/1/128 1555/1/128 1556/1/128
f 1554/1/128 1556/1/128 1557/1/128
s 0
f 1558/1/123 1559/1/123 1560/1/123
f 1558/1/130 1560/1/130 1561/1/130
f 1562/1/124 1563/1/124 1564/1/124
f 1562/1/124 1564/1/124 1565/1/124
f 1566/1/125 1567/1/125 1568/1/125
f 1566/1/125 1568/1/125 1569/1/125
f 1570/1/126 1571/1/126 1572/1/126
f 1570/1/126 1572/1/126 1573/1/126
f 1574/1/127 1575/1/127 1576/1/127
f 1574/1/127 1576/1/127 1577/1/127
f 1578/1/128 1579/1/128 1580/1/128
f 1578/1/128 1580/1/128 1581/1/128
f 1582/1/117 1583/1/117 1584/1/117
f 1582/1/117 1584/1/117 1585/1/117
f 1586/1/131 1587/1/131 1588/1/131
f 1586/1/118 1588/1/118 1589/1/118
f 1590/1/119 1591/1/119 1592/1/119
f 1590/1/119 1592/1/119 1593/1/119
f 1594/1/120 1595/1/120 1596/1/120
s 1
f 1594/1/120 1596/1/120 1597/1/120
s 0
f 1598/1/121 1599/1/121 1600/1/121
f 1598/1/121 1600/1/121 1601/1/121
f 1602/1/122 1603/1/122 1604/1/122
f 1602/1/122 1604/1/122 1605/1/122
f 1606/1/117 1607/1/117 1608/1/117
s 1
f 1606/1/117 1608/1/117 1609/1/117
s 0
f 1610/1/118 1611/1/118 1612/1/118
f 1610/1/118 1612/1/118 1613/1/118
f 1614/1/119 1615/1/119 1616/1/119
f 1614/1/119 1616/1/119 1617/1/119
f 1618/1/120 1619/1/120 1620/1/120
f 1618/1/120 1620/1/120 1621/1/120
f 1622/1/121 1623/1/121 1624/1/121
f 1622/1/121 1624/1/121 1625/1/121
f 1626/1/122 1627/1/122 1628/1/122
f 1626/1/122 1628/1/122 1629/1/122
f 1630/1/117 1631/1/117 1632/1/117
f 1630/1/117 1632/1/117 1633/1/117
f 1634/1/118 1635/1/118 1636/1/118
f 1634/1/118 1636/1/118 1637/1/118
f 1638/1/119 1639/1/119 1640/1/119
f 1638/1/119 1640/1/119 1641/1/119
f 1642/1/120 1643/1/120 1644/1/120
f 1642/1/120 1644/1/120 1645/1/120
f 1646/1/121 1647/1/121 1648/1/121
f 1646/1/121 1648/1/121 1649/1/121
f 1650/1/122 1651/1/122 1652/1/122
f 1650/1/122 1652/1/122 1653/1/122
f 1654/1/132 1655/1/132 1656/1/132
f 1654/1/132 1656/1/132 1657/1/132
f 1658/1/133 1659/1/133 1660/1/133
f 1658/1/134 1660/1/134 1661/1/134
f 1662/1/135 1663/1/135 1664/1/135
f 1662/1/135 1664/1/135 1665/1/135
f 1666/1/136 1667/1/136 1668/1/136
f 1666/1/136 1668/1/136 1669/1/136
f 1670/1/137 1671/1/137 1672/1/137
f 1670/1/137 1672/1/137 1673/1/137
f 1674/1/138 1675/1/138 1676/1/138
f 1674/1/138 1676/1/138 1677/1/138
f 1678/1/132 1679/1/132 1680/1/132
f 1678/1/132 1680/1/132 1681/1/132
f 1682/1/133 1683/1/133 1684/1/133
f 1682/1/133 1684/1/133 1685/1/133
f 1686/1/135 1687/1/135 1688/1/135
f 1686/1/135 1688/1/135 1689/1/135
f 1690/1/136 1691/1/136 1692/1/136
f 1690/1/136 1692/1/136 1693/1/136
f 1694/1/137 1695/1/137 1696/1/137
f 1694/1/137 1696/1/137 1697/1/137
f 1698/1/138 1699/1/138 1700/1/138
f 1698/1/138 1700/1/138 1701/1/138
f 1702/1/132 1703/1/132 1704/1/132
f 1702/1/132 1704/1/132 1705/1/132
f 1706/1/133 1707/1/133 1708/1/133
f 1706/1/133 1708/1/133 1709/1/133
f 1710/1/135 1711/1/135 1712/1/135
f 1710/1/135 1712/1/135 1713/1/135
f 1714/1/136 1715/1/136 1716/1/136
f 1714/1/136 1716/1/136 1717/1/136
f 1718/1/137 1719/1/137 1720/1/137
f 1718/1/137 1720/1/137 1721/1/137
f 1722/1/138 1723/1/138 1724/1/138
f 1722/1/138 1724/1/138 1725/1/138
f 1726/1/139 1727/1/139 1728/1/139
f 1726/1/140 1728/1/140 1729/1/140
f 1730/1/141 1731/1/141 1732/1/141
f 1730/1/141 1732/1/141 1733/1/141
f 1734/1/142 1735/1/142 1736/1/142
f 1734/1/143 1736/1/143 1737/1/143
f 1738/1/144 1739/1/144 1740/1/144
f 1738/1/144 1740/1/144 1741/1/144
f 1742/1/145 1743/1/145 1744/1/145
f 1742/1/145 1744/1/145 1745/1/145
f 1746/1/146 1747/1/146 1748/1/146
f 1746/1/147 1748/1/147 1749/1/147
f 1750/1/140 1751/1/140 1752/1/140
f 1750/1/140 1752/1/140 1753/1/140
f 1754/1/141 1755/1/141 1756/1/141
f 1754/1/141 1756/1/141 1757/1/141
f 1758/1/142 1759/1/142 1760/1/142
f 1758/1/142 1760/1/142 1761/1/142
f 1762/1/144 1763/1/144 1764/1/144
f 1762/1/144 1764/1/144 1765/1/144
f 1766/1/145 1767/1/145 1768/1/145
f 1766/1/145 1768/1/145 1769/1/145
f 1770/1/146 1771/1/146 1772/1/146
f 1770/1/147 1772/1/147 1773/1/147
f 1774/1/140 1775/1/140 1776/1/140
f 1774/1/140 1776/1/140 1777/1/140
f 1778/1/141 1779/1/141 1780/1/141
f 1778/1/141 1780/1/141 1781/1/141
f 1782/1/142 1783/1/142 1784/1/142
f 1782/1/142 1784/1/142 1785/1/142
f 1786/1/144 1787/1/144 1788/1/144
f 1786/1/144 1788/1/144 1789/1/144
f 1790/1/145 1791/1/145 1792/1/145
f 1790/1/145 1792/1/145 1793/1/145
f 1794/1/146 1795/1/146 1796/1/146
f 1794/1/146 1796/1/146 1797/1/146
f 1798/1/140 1799/1/140 1800/1/140
f 1798/1/140 1800/1/140 1801/1/140
f 1802/1/141 1803/1/141 1804/1/141
f 1802/1/141 1804/1/141 1805/1/141
f 1806/1/142 1807/1/142 1808/1/142
f 1806/1/142 1808/1/142 1809/1/142
f 1810/1/144 1811/1/144 1812/1/144
f 1810/1/144 1812/1/144 1813/1/144
f 1814/1/145 1815/1/145 1816/1/145
f 1814/1/145 1816/1/145 1817/1/145
f 1818/1/146 1819/1/146 1820/1/146
f 1818/1/146 1820/1/146 1821/1/146
f 1822/1/132 1823/1/132 1824/1/132
f 1822/1/132 1824/1/132 1825/1/132
f 1826/1/133 1827/1/133 1828/1/133
f 1826/1/133 1828/1/133 1829/1/133
f 1830/1/135 1831/1/135 1832/1/135
f 1830/1/135 1832/1/135 1833/1/135
f 1834/1/136 1835/1/136 1836/1/136
f 1834/1/136 1836/1/136 1837/1/136
f 1838/1/137 1839/1/137 1840/1/137
f 1838/1/137 1840/1/137 1841/1/137
f 1842/1/138 1843/1/138 1844/1/138
f 1842/1/138 1844/1/138 1845/1/138
f 1846/1/132 1847/1/132 1848/1/132
f 1846/1/132 1848/1/132 1849/1/132
f 1850/1/133 1851/1/133 1852/1/133
f 1850/1/133 1852/1/133 1853/1/133
f 1854/1/135 1855/1/135 1856/1/135
f 1854/1/135 1856/1/135 1857/1/135
f 1858/1/136 1859/1/136 1860/1/136
f 1858/1/136 1860/1/136 1861/1/136
f 1862/1/137 1863/1/137 1864/1/137
f 1862/1/137 1864/1/137 1865/1/137
f 1866/1/138 1867/1/138 1868/1/138
f 1866/1/148 1868/1/148 1869/1/148
f 1870/1/132 1871/1/132 1872/1/132
f 1870/1/132 1872/1/132 1873/1/132
f 1874/1/133 1875/1/133 1876/1/133
f 1874/1/133 1876/1/133 1877/1/133
f 1878/1/135 1879/1/135 1880/1/135
f 1878/1/135 1880/1/135 1881/1/135
f 1882/1/136 1883/1/136 1884/1/136
s 1
f 1882/1/136 1884/1/136 1885/1/136
s 0
f 1886/1/137 1887/1/137 1888/1/137
f 1886/1/137 1888/1/137 1889/1/137
f 1890/1/138 1891/1/138 1892/1/138
f 1890/1/138 1892/1/138 1893/1/138
f 1894/1/117 1895/1/117 1896/1/117
f 1894/1/117 1896/1/117 1897/1/117
f 1898/1/118 1899/1/118 1900/1/118
f 1898/1/118 1900/1/118 1901/1/118
f 1902/1/119 1903/1/119 1904/1/119
f 1902/1/119 1904/1/119 1905/1/119
f 1906/1/120 1907/1/120 1908/1/120
f 1906/1/120 1908/1/120 1909/1/120
f 1910/1/121 1911/1/121 1912/1/121
f 1910/1/121 1912/1/121 1913/1/121
f 1914/1/122 1915/1/122 1916/1/122
f 1914/1/122 1916/1/122 1917/1/122
f 1918/1/117 1919/1/117 1920/1/117
f 1918/1/117 1920/1/117 1921/1/117
f 1922/1/118 1923/1/118 1924/1/118
f 1922/1/118 1924/1/118 1925/1/118
f 1926/1/119 1927/1/119 1928/1/119
f 1926/1/119 1928/1/119 1929/1/119
f 1930/1/120 1931/1/120 1932/1/120
f 1930/1/120 1932/1/120 1933/1/120
f 1934/1/121 1935/1/121 1936/1/121
f 1934/1/121 1936/1/121 1937/1/121
f 1938/1/122 1939/1/122 1940/1/122
f 1938/1/122 1940/1/122 1941/1/122
f 1942/1/117 1943/1/117 1944/1/117
f 1942/1/117 1944/1/117 1945/1/117
f 1946/1/118 1947/1/118 1948/1/118
f 1946/1/118 1948/1/118 1949/1/118
f 1950/1/119 1951/1/119 1952/1/119
f 1950/1/119 1952/1/119 1953/1/119
f 1954/1/120 1955/1/120 1956/1/120
f 1954/1/120 1956/1/120 1957/1/120
f 1958/1/121 1959/1/121 1960/1/121
f 1958/1/121 1960/1/121 1961/1/121
f 1962/1/122 1963/1/122 1964/1/122
f 1962/1/122 1964/1/122 1965/1/122
f 1966/1/123 1967/1/123 1968/1/123
f 1966/1/123 1968/1/123 1969/1/123
f 1970/1/124 1971/1/124 1972/1/124
f 1970/1/124 1972/1/124 1973/1/124
f 1974/1/125 1975/1/125 1976/1/125
f 1974/1/125 1976/1/125 1977/1/125
f 1978/1/126 1979/1/126 1980/1/126
f 1978/1/126 1980/1/126 1981/1/126
f 1982/1/127 1983/1/127 1984/1/127
f 1982/1/127 1984/1/127 1985/1/127
s 1
f 1986/1/128 1987/1/128 1988/1/128
f 1986/1/128 1988/1/128 1989/1/128
s 0
f 1990/1/123 1991/1/123 1992/1/123
f 1990/1/123 1992/1/123 1993/1/123
f 1994/1/124 1995/1/124 1996/1/124
f 1994/1/124 1996/1/124 1997/1/124
f 1998/1/125 1999/1/125 2000/1/125
f 1998/1/125 2000/1/125 2001/1/125
f 2002/1/126 2003/1/126 2004/1/126
s 1
f 2002/1/126 2004/1/126 2005/1/126
s 0
f 2006/1/149 2007/1/149 2008/1/149
f 2006/1/127 2008/1/127 2009/1/127
f 2010/1/128 2011/1/128 2012/1/128
f 2010/1/128 2012/1/128 2013/1/128
f 2014/1/123 2015/1/123 2016/1/123
f 2014/1/123 2016/1/123 2017/1/123
f 2018/1/124 2019/1/124 2020/1/124
f 2018/1/124 2020/1/124 2021/1/124
f 2022/1/125 2023/1/125 2024/1/125
f 2022/1/125 2024/1/125 2025/1/125
f 2026/1/126 2027/1/126 2028/1/126
f 2026/1/150 2028/1/150 2029/1/150
f 2030/1/127 2031/1/127 2032/1/127
f 2030/1/127 2032/1/127 2033/1/127
f 2034/1/128 2035/1/128 2036/1/128
f 2034/1/128 2036/1/128 2037/1/128
f 2038/1/123 2039/1/123 2040/1/123
f 2038/1/123 2040/1/123 2041/1/123
f 2042/1/124 2043/1/124 2044/1/124
f 2042/1/124 2044/1/124 2045/1/124
f 2046/1/125 2047/1/125 2048/1/125
f 2046/1/125 2048/1/125 2049/1/125
f 2050/1/126 2051/1/126 2052/1/126
f 2050/1/126 2052/1/126 2053/1/126
f 2054/1/149 2055/1/149 2056/1/149
f 2054/1/127 2056/1/127 2057/1/127
f 2058/1/128 2059/1/128 2060/1/128
f 2058/1/129 2060/1/129 2061/1/129
f 2062/1/117 2063/1/117 2064/1/117
f 2062/1/117 2064/1/117 2065/1/117
f 2066/1/118 2067/1/118 2068/1/118
f 2066/1/118 2068/1/118 2069/1/118
f 2070/1/119 2071/1/119 2072/1/119
f 2070/1/119 2072/1/119 2073/1/119
f 2074/1/120 2075/1/120 2076/1/120
f 2074/1/120 2076/1/120 2077/1/120
f 2078/1/121 2079/1/121 2080/1/121
f 2078/1/121 2080/1/121 2081/1/121
f 2082/1/122 2083/1/122 2084/1/122
f 2082/1/122 2084/1/122 2085/1/122
f 2086/1/117 2087/1/117 2088/1/117
f 2086/1/117 2088/1/117 2089/1/117
f 2090/1/118 2091/1/118 2092/1/118
f 2090/1/118 2092/1/118 2093/1/118
f 2094/1/119 2095/1/119 2096/1/119
f 2094/1/119 2096/1/119 2097/1/119
f 2098/1/120 2099/1/120 2100/1/120
f 2098/1/120 2100/1/120 2101/1/120
f 2102/1/121 2103/1/121 2104/1/121
f 2102/1/121 2104/1/121 2105/1/121
f 2106/1/122 2107/1/122 2108/1/122
f 2106/1/122 2108/1/122 2109/1/122
f 2110/1/117 2111/1/117 2112/1/117
f 2110/1/117 2112/1/117 2113/1/117
f 2114/1/118 2115/1/118 2116/1/118
f 2114/1/118 2116/1/118 2117/1/118
f 2118/1/119 2119/1/119 2120/1/119
f 2118/1/119 2120/1/119 2121/1/119
f 2122/1/120 2123/1/120 2124/1/120
f 2122/1/120 2124/1/120 2125/1/120
f 2126/1/121 2127/1/121 2128/1/121
f 2126/1/121 2128/1/121 2129/1/121
f 2130/1/122 2131/1/122 2132/1/122
f 2130/1/122 2132/1/122 2133/1/122
f 2134/1/132 2135/1/132 2136/1/132
f 2134/1/132 2136/1/132 2137/1/132
f 2138/1/133 2139/1/133 2140/1/133
f 2138/1/133 2140/1/133 2141/1/133
f 2142/1/135 2143/1/135 2144/1/135
f 2142/1/135 2144/1/135 2145/1/135
f 2146/1/136 2147/1/136 2148/1/136
f 2146/1/136 2148/1/136 2149/1/136
f 2150/1/137 2151/1/137 2152/1/137
f 2150/1/137 2152/1/137 2153/1/137
f 2154/1/138 2155/1/138 2156/1/138
s 1
f 2154/1/138 2156/1/138 2157/1/138
s 0
f 2158/1/132 2159/1/132 2160/1/132
f 2158/1/132 2160/1/132 2161/1/132
f 2162/1/133 2163/1/133 2164/1/133
f 2162/1/133 2164/1/133 2165/1/133
f 2166/1/135 2167/1/135 2168/1/135
f 2166/1/135 2168/1/135 2169/1/135
f 2170/1/136 2171/1/136 2172/1/136
f 2170/1/136 2172/1/136 2173/1/136
s 1
f 2174/1/137 2175/1/137 2176/1/137
s 0
f 2174/1/137 2176/1/137 2177/1/137
f 2178/1/138 2179/1/138 2180/1/138
f 2178/1/138 2180/1/138 2181/1/138
f 2182/1/132 2183/1/132 2184/1/132
f 2182/1/132 2184/1/132 2185/1/132
f 2186/1/133 2187/1/133 2188/1/133
f 2186/1/133 2188/1/133 2189/1/133
f 2190/1/135 2191/1/135 2192/1/135
f 2190/1/135 2192/1/135 2193/1/135
f 2194/1/136 2195/1/136 2196/1/136
f 2194/1/136 2196/1/136 2197/1/136
f 2198/1/137 2199/1/137 2200/1/137
f 2198/1/137 2200/1/137 2201/1/137
f 2202/1/138 2203/1/138 2204/1/138
f 2202/1/138 2204/1/138 2205/1/138
f 2206/1/140 2207/1/140 2208/1/140
f 2206/1/140 2208/1/140 2209/1/140
f 2210/1/141 2211/1/141 2212/1/141
f 2210/1/141 2212/1/141 2213/1/141
f 2214/1/142 2215/1/142 2216/1/142
f 2214/1/142 2216/1/142 2217/1/142
f 2218/1/144 2219/1/144 2220/1/144
f 2218/1/144 2220/1/144 2221/1/144
f 2222/1/145 2223/1/145 2224/1/145
f 2222/1/145 2224/1/145 2225/1/145
f 2226/1/146 2227/1/146 2228/1/146
f 2226/1/146 2228/1/146 2229/1/146
f 2230/1/140 2231/1/140 2232/1/140
f 2230/1/140 2232/1/140 2233/1/140
f 2234/1/141 2235/1/141 2236/1/141
f 2234/1/141 2236/1/141 2237/1/141
f 2238/1/142 2239/1/142 2240/1/142
f 2238/1/142 2240/1/142 2241/1/142
f 2242/1/144 2243/1/144 2244/1/144
f 2242/1/144 2244/1/144 2245/1/144
f 2246/1/145 2247/1/145 2248/1/145
f 2246/1/145 2248/1/145 2249/1/145
f 2250/1/146 2251/1/146 2252/1/146
f 2250/1/146 2252/1/146 2253/1/146
f 2254/1/140 2255/1/140 2256/1/140
f 2254/1/140 2256/1/140 2257/1/140
f 2258/1/141 2259/1/141 2260/1/141
f 2258/1/151 2260/1/151 2261/1/151
f 2262/1/142 2263/1/142 2264/1/142
f 2262/1/143 2264/1/143 2265/1/143
f 2266/1/144 2267/1/144 2268/1/144
f 2266/1/144 2268/1/144 2269/1/144
f 2270/1/145 2271/1/145 2272/1/145
f 2270/1/145 2272/1/145 2273/1/145
f 2274/1/146 2275/1/146 2276/1/146
f 2274/1/146 2276/1/146 2277/1/146
f 2278/1/139 2279/1/139 2280/1/139
f 2278/1/140 2280/1/140 2281/1/140
f 2282/1/141 2283/1/141 2284/1/141
f 2282/1/141 2284/1/141 2285/1/141
f 2286/1/142 2287/1/142 2288/1/142
f 2286/1/142 2288/1/142 2289/1/142
f 2290/1/144 2291/1/144 2292/1/144
f 2290/1/144 2292/1/144 2293/1/144
f 2294/1/145 2295/1/145 2296/1/145
f 2294/1/145 2296/1/145 2297/1/145
f 2298/1/146 2299/1/146 2300/1/146
f 2298/1/146 2300/1/146 2301/1/146
f 2302/1/132 2303/1/132 2304/1/132
f 2302/1/132 2304/1/132 2305/1/132
f 2306/1/133 2307/1/133 2308/1/133
f 2306/1/133 2308/1/133 2309/1/133
f 2310/1/135 2311/1/135 2312/1/135
f 2310/1/135 2312/1/135 2313/1/135
f 2314/1/136 2315/1/136 2316/1/136
f 2314/1/136 2316/1/136 2317/1/136
f 2318/1/137 2319/1/137 2320/1/137
f 2318/1/137 2320/1/137 2321/1/137
f 2322/1/138 2323/1/138 2324/1/138
f 2322/1/148 2324/1/148 2325/1/148
f 2326/1/132 2327/1/132 2328/1/132
f 2326/1/152 2328/1/152 2329/1/152
f 2330/1/133 2331/1/133 2332/1/133
f 2330/1/133 2332/1/133 2333/1/133
f 2334/1/135 2335/1/135 2336/1/135
f 2334/1/135 2336/1/135 2337/1/135
f 2338/1/136 2339/1/136 2340/1/136
f 2338/1/136 2340/1/136 2341/1/136
f 2342/1/137 2343/1/137 2344/1/137
f 2342/1/137 2344/1/137 2345/1/137
f 2346/1/138 2347/1/138 2348/1/138
f 2346/1/148 2348/1/148 2349/1/148
f 2350/1/132 2351/1/132 2352/1/132
f 2350/1/132 2352/1/132 2353/1/132
f 2354/1/133 2355/1/133 2356/1/133
f 2354/1/133 2356/1/133 2357/1/133
f 2358/1/135 2359/1/135 2360/1/135
f 2358/1/135 2360/1/135 2361/1/135
f 2362/1/136 2363/1/136 2364/1/136
f 2362/1/136 2364/1/136 2365/1/136
f 2366/1/137 2367/1/137 2368/1/137
f 2366/1/137 2368/1/137 2369/1/137
f 2370/1/138 2371/1/138 2372/1/138
f 2370/1/138 2372/1/138 2373/1/138
f 2374/1/117 2375/1/117 2376/1/117
f 2374/1/117 2376/1/117 2377/1/117
f 2378/1/118 2379/1/118 2380/1/118
f 2378/1/118 2380/1/118 2381/1/118
f 2382/1/119 2383/1/119 2384/1/119
f 2382/1/119 2384/1/119 2385/1/119
f 2386/1/120 2387/1/120 2388/1/120
f 2386/1/120 2388/1/120 2389/1/120
f 2390/1/121 2391/1/121 2392/1/121
f 2390/1/121 2392/1/121 2393/1/121
f 2394/1/122 2395/1/122 2396/1/122
f 2394/1/122 2396/1/122 2397/1/122
f 2398/1/117 2399/1/117 2400/1/117
f 2398/1/117 2400/1/117 2401/1/117
s 1
f 2402/1/118 2403/1/118 2404/1/118
s 0
f 2402/1/118 2404/1/118 2405/1/118
f 2406/1/119 2407/1/119 2408/1/119
f 2406/1/119 2408/1/119 2409/1/119
f 2410/1/120 2411/1/120 2412/1/120
f 2410/1/120 2412/1/120 2413/1/120
f 2414/1/121 2415/1/121 2416/1/121
f 2414/1/121 2416/1/121 2417/1/121
f 2418/1/122 2419/1/122 2420/1/122
f 2418/1/122 2420/1/122 2421/1/122
f 2422/1/117 2423/1/117 2424/1/117
f 2422/1/117 2424/1/117 2425/1/117
f 2426/1/118 2427/1/118 2428/1/118
f 2426/1/118 2428/1/118 2429/1/118
f 2430/1/119 2431/1/119 2432/1/119
f 2430/1/119 2432/1/119 2433/1/119
f 2434/1/120 2435/1/120 2436/1/120
f 2434/1/120 2436/1/120 2437/1/120
f 2438/1/121 2439/1/121 2440/1/121
f 2438/1/121 2440/1/121 2441/1/121
f 2442/1/122 2443/1/122 2444/1/122
f 2442/1/122 2444/1/122 2445/1/122
f 2446/1/117 2447/1/117 2448/1/117
f 2446/1/117 2448/1/117 2449/1/117
f 2450/1/118 2451/1/118 2452/1/118
f 2450/1/118 2452/1/118 2453/1/118
f 2454/1/119 2455/1/119 2456/1/119
f 2454/1/119 2456/1/119 2457/1/119
f 2458/1/120 2459/1/120 2460/1/120
f 2458/1/120 2460/1/120 2461/1/120
f 2462/1/121 2463/1/121 2464/1/121
f 2462/1/121 2464/1/121 2465/1/121
f 2466/1/122 2467/1/122 2468/1/122
f 2466/1/122 2468/1/122 2469/1/122
f 2470/1/132 2471/1/132 2472/1/132
s 1
f 2470/1/132 2472/1/132 2473/1/132
s 0
f 2474/1/133 2475/1/133 2476/1/133
f 2474/1/133 2476/1/133 2477/1/133
s 1
f 2478/1/135 2479/1/135 2480/1/135
s 0
f 2478/1/135 2480/1/135 2481/1/135
f 2482/1/136 2483/1/136 2484/1/136
f 2482/1/136 2484/1/136 2485/1/136
f 2486/1/137 2487/1/137 2488/1/137
f 2486/1/137 2488/1/137 2489/1/137
f 2490/1/138 2491/1/138 2492/1/138
f 2490/1/138 2492/1/138 2493/1/138
f 2494/1/132 2495/1/132 2496/1/132
f 2494/1/132 2496/1/132 2497/1/132
f 2498/1/133 2499/1/133 2500/1/133
f 2498/1/133 2500/1/133 2501/1/133
f 2502/1/135 2503/1/135 2504/1/135
f 2502/1/135 2504/1/135 2505/1/135
f 2506/1/136 2507/1/136 2508/1/136
f 2506/1/136 2508/1/136 2509/1/136
f 2510/1/137 2511/1/137 2512/1/137
f 2510/1/137 2512/1/137 2513/1/137
f 2514/1/138 2515/1/138 2516/1/138
f 2514/1/138 2516/1/138 2517/1/138
f 2518/1/132 2519/1/132 2520/1/132
f 2518/1/132 2520/1/132 2521/1/132
f 2522/1/133 2523/1/133 2524/1/133
f 2522/1/133 2524/1/133 2525/1/133
f 2526/1/135 2527/1/135 2528/1/135
f 2526/1/135 2528/1/135 2529/1/135
f 2530/1/136 2531/1/136 2532/1/136
f 2530/1/136 2532/1/136 2533/1/136
f 2534/1/137 2535/1/137 2536/1/137
f 2534/1/137 2536/1/137 2537/1/137
f 2538/1/138 2539/1/138 2540/1/138
f 2538/1/138 2540/1/138 2541/1/138
f 2542/1/132 2543/1/132 2544/1/132
f 2542/1/132 2544/1/132 2545/1/132
f 2546/1/133 2547/1/133 2548/1/133
f 2546/1/133 2548/1/133 2549/1/133
f 2550/1/135 2551/1/135 2552/1/135
f 2550/1/135 2552/1/135 2553/1/135
f 2554/1/136 2555/1/136 2556/1/136
f 2554/1/136 2556/1/136 2557/1/136
f 2558/1/137 2559/1/137 2560/1/137
f 2558/1/137 2560/1/137 2561/1/137
s 1
f 2562/1/138 2563/1/138 2564/1/138
s 0
f 2562/1/138 2564/1/138 2565/1/138
f 2566/1/117 2567/1/117 2568/1/117
f 2566/1/117 2568/1/117 2569/1/117
f 2570/1/118 2571/1/118 2572/1/118
f 2570/1/118 2572/1/118 2573/1/118
f 2574/1/119 2575/1/119 2576/1/119
s 1
f 2574/1/119 2576/1/119 2577/1/119
s 0
f 2578/1/120 2579/1/120 2580/1/120
f 2578/1/120 2580/1/120 2581/1/120
f 2582/1/121 2583/1/121 2584/1/121
f 2582/1/121 2584/1/121 2585/1/121
f 2586/1/122 2587/1/122 2588/1/122
f 2586/1/122 2588/1/122 2589/1/122
f 2590/1/117 2591/1/117 2592/1/117
f 2590/1/117 2592/1/117 2593/1/117
f 2594/1/118 2595/1/118 2596/1/118
f 2594/1/118 2596/1/118 2597/1/118
f 2598/1/119 2599/1/119 2600/1/119
f 2598/1/119 2600/1/119 2601/1/119
f 2602/1/120 2603/1/120 2604/1/120
f 2602/1/120 2604/1/120 2605/1/120
f 2606/1/121 2607/1/121 2608/1/121
f 2606/1/121 2608/1/121 2609/1/121
f 2610/1/122 2611/1/122 2612/1/122
f 2610/1/122 2612/1/122 2613/1/122
f 2614/1/117 2615/1/117 2616/1/117
f 2614/1/117 2616/1/117 2617/1/117
f 2618/1/118 2619/1/118 2620/1/118
f 2618/1/118 2620/1/118 2621/1/118
f 2622/1/119 2623/1/119 2624/1/119
f 2622/1/119 2624/1/119 2625/1/119
f 2626/1/120 2627/1/120 2628/1/120
f 2626/1/120 2628/1/120 2629/1/120
f 2630/1/121 2631/1/121 2632/1/121
f 2630/1/121 2632/1/121 2633/1/121
f 2634/1/122 2635/1/122 2636/1/122
f 2634/1/122 2636/1/122 2637/1/122
f 2638/1/117 2639/1/117 2640/1/117
f 2638/1/117 2640/1/117 2641/1/117
f 2642/1/118 2643/1/118 2644/1/118
f 2642/1/118 2644/1/118 2645/1/118
f 2646/1/119 2647/1/119 2648/1/119
f 2646/1/119 2648/1/119 2649/1/119
f 2650/1/120 2651/1/120 2652/1/120
f 2650/1/120 2652/1/120 2653/1/120
f 2654/1/121 2655/1/121 2656/1/121
f 2654/1/121 2656/1/121 2657/1/121
f 2658/1/122 2659/1/122 2660/1/122
f 2658/1/122 2660/1/122 2661/1/122
f 2662/1/117 2663/1/117 2664/1/117
f 2662/1/117 2664/1/117 2665/1/117
f 2666/1/118 2667/1/118 2668/1/118
f 2666/1/118 2668/1/118 2669/1/118
f 2670/1/119 2671/1/119 2672/1/119
f 2670/1/119 2672/1/119 2673/1/119
f 2674/1/120 2675/1/120 2676/1/120
f 2674/1/120 2676/1/120 2677/1/120
f 2678/1/121 2679/1/121 2680/1/121
f 2678/1/121 2680/1/121 2681/1/121
f 2682/1/122 2683/1/122 2684/1/122
f 2682/1/122 2684/1/122 2685/1/122
f 2686/1/132 2687/1/132 2688/1/132
f 2686/1/132 2688/1/132 2689/1/132
f 2690/1/133 2691/1/133 2692/1/133
f 2690/1/133 2692/1/133 2693/1/133
s 1
f 2694/1/135 2695/1/135 2696/1/135
f 2694/1/135 2696/1/135 2697/1/135
s 0
f 2698/1/136 2699/1/136 2700/1/136
f 2698/1/136 2700/1/136 2701/1/136
f 2702/1/137 2703/1/137 2704/1/137
f 2702/1/137 2704/1/137 2705/1/137
f 2706/1/138 2707/1/138 2708/1/138
f 2706/1/138 2708/1/138 2709/1/138
f 2710/1/132 2711/1/132 2712/1/132
f 2710/1/132 2712/1/132 2713/1/132
f 2714/1/133 2715/1/133 2716/1/133
f 2714/1/133 2716/1/133 2717/1/133
f 2718/1/135 2719/1/135 2720/1/135
f 2718/1/135 2720/1/135 2721/1/135
f 2722/1/136 2723/1/136 2724/1/136
f 2722/1/136 2724/1/136 2725/1/136
f 2726/1/137 2727/1/137 2728/1/137
f 2726/1/137 2728/1/137 2729/1/137
f 2730/1/138 2731/1/138 2732/1/138
f 2730/1/138 2732/1/138 2733/1/138
f 2734/1/132 2735/1/132 2736/1/132
f 2734/1/132 2736/1/132 2737/1/132
f 2738/1/133 2739/1/133 2740/1/133
f 2738/1/134 2740/1/134 2741/1/134
f 2742/1/135 2743/1/135 2744/1/135
f 2742/1/153 2744/1/153 2745/1/153
f 2746/1/136 2747/1/136 2748/1/136
f 2746/1/136 2748/1/136 2749/1/136
f 2750/1/137 2751/1/137 2752/1/137
f 2750/1/137 2752/1/137 2753/1/137
f 2754/1/138 2755/1/138 2756/1/138
f 2754/1/138 2756/1/138 2757/1/138
f 2758/1/132 2759/1/132 2760/1/132
f 2758/1/132 2760/1/132 2761/1/132
f 2762/1/133 2763/1/133 2764/1/133
f 2762/1/133 2764/1/133 2765/1/133
f 2766/1/135 2767/1/135 2768/1/135
f 2766/1/135 2768/1/135 2769/1/135
f 2770/1/136 2771/1/136 2772/1/136
f 2770/1/136 2772/1/136 2773/1/136
f 2774/1/137 2775/1/137 2776/1/137
f 2774/1/137 2776/1/137 2777/1/137
f 2778/1/138 2779/1/138 2780/1/138
f 2778/1/138 2780/1/138 2781/1/138
f 2782/1/132 2783/1/132 2784/1/132
f 2782/1/132 2784/1/132 2785/1/132
f 2786/1/133 2787/1/133 2788/1/133
f 2786/1/133 2788/1/133 2789/1/133
f 2790/1/135 2791/1/135 2792/1/135
f 2790/1/135 2792/1/135 2793/1/135
f 2794/1/136 2795/1/136 2796/1/136
f 2794/1/136 2796/1/136 2797/1/136
f 2798/1/137 2799/1/137 2800/1/137
f 2798/1/137 2800/1/137 2801/1/137
f 2802/1/138 2803/1/138 2804/1/138
f 2802/1/138 2804/1/138 2805/1/138
f 2806/1/154 2807/1/154 2808/1/154
f 2806/1/154 2808/1/154 2809/1/154
f 2810/1/155 2811/1/155 2812/1/155
f 2810/1/155 2812/1/155 2813/1/155
f 2814/1/156 2815/1/156 2816/1/156
f 2814/1/157 2816/1/157 2817/1/157
f 2818/1/158 2819/1/158 2820/1/158
f 2818/1/158 2820/1/158 2821/1/158
f 2822/1/159 2823/1/159 2824/1/159
f 2822/1/159 2824/1/159 2825/1/159
f 2826/1/160 2827/1/160 2828/1/160
f 2826/1/161 2828/1/161 2829/1/161
f 2830/1/154 2831/1/154 2832/1/154
f 2830/1/154 2832/1/154 2833/1/154
f 2834/1/155 2835/1/155 2836/1/155
f 2834/1/155 2836/1/155 2837/1/155
f 2838/1/156 2839/1/156 2840/1/156
f 2838/1/157 2840/1/157 2841/1/157
f 2842/1/158 2843/1/158 2844/1/158
f 2842/1/158 2844/1/158 2845/1/158
f 2846/1/159 2847/1/159 2848/1/159
f 2846/1/159 2848/1/159 2849/1/159
f 2850/1/161 2851/1/161 2852/1/161
f 2850/1/161 2852/1/161 2853/1/161
f 2854/1/162 2855/1/162 2856/1/162
f 2854/1/163 2856/1/163 2857/1/163
f 2858/1/155 2859/1/155 2860/1/155
f 2858/1/155 2860/1/155 2861/1/155
s 1
f 2862/1/164 2863/1/164 2864/1/164
s 0
f 2862/1/157 2864/1/157 2865/1/157
f 2866/1/165 2867/1/165 2868/1/165
s 1
f 2866/1/158 2868/1/158 2869/1/158
s 0
f 2870/1/159 2871/1/159 2872/1/159
f 2870/1/159 2872/1/159 2873/1/159
f 2874/1/161 2875/1/161 2876/1/161
f 2874/1/161 2876/1/161 2877/1/161
f 2878/1/154 2879/1/154 2880/1/154
f 2878/1/154 2880/1/154 2881/1/154
f 2882/1/155 2883/1/155 2884/1/155
f 2882/1/155 2884/1/155 2885/1/155
f 2886/1/164 2887/1/164 2888/1/164
f 2886/1/156 2888/1/156 2889/1/156
f 2890/1/166 2891/1/166 2892/1/166
f 2890/1/158 2892/1/158 2893/1/158
f 2894/1/159 2895/1/159 2896/1/159
s 1
f 2894/1/159 2896/1/159 2897/1/159
s 0
f 2898/1/161 2899/1/161 2900/1/161
f 2898/1/161 2900/1/161 2901/1/161
f 2902/1/154 2903/1/154 2904/1/154
f 2902/1/154 2904/1/154 2905/1/154
f 2906/1/155 2907/1/155 2908/1/155
f 2906/1/155 2908/1/155 2909/1/155
f 2910/1/164 2911/1/164 2912/1/164
f 2910/1/156 2912/1/156 2913/1/156
f 2914/1/166 2915/1/166 2916/1/166
f 2914/1/158 2916/1/158 2917/1/158
f 2918/1/159 2919/1/159 2920/1/159
f 2918/1/159 2920/1/159 2921/1/159
f 2922/1/161 2923/1/161 2924/1/161
f 2922/1/167 2924/1/167 2925/1/167
f 2926/1/154 2927/1/154 2928/1/154
f 2926/1/154 2928/1/154 2929/1/154
f 2930/1/155 2931/1/155 2932/1/155
f 2930/1/155 2932/1/155 2933/1/155
f 2934/1/164 2935/1/164 2936/1/164
f 2934/1/156 2936/1/156 2937/1/156
f 2938/1/158 2939/1/158 2940/1/158
f 2938/1/165 2940/1/165 2941/1/165
f 2942/1/159 2943/1/159 2944/1/159
f 2942/1/159 2944/1/159 2945/1/159
f 2946/1/167 2947/1/167 2948/1/167
f 2946/1/161 2948/1/161 2949/1/161
f 2950/1/168 2951/1/168 2952/1/168
f 2950/1/169 2952/1/169 2953/1/169
f 2954/1/170 2955/1/170 2956/1/170
f 2954/1/170 2956/1/170 2957/1/170
f 2958/1/171 2959/1/171 2960/1/171
f 2958/1/171 2960/1/171 2961/1/171
f 2962/1/172 2963/1/172 2964/1/172
f 2962/1/173 2964/1/173 2965/1/173
f 2966/1/174 2967/1/174 2968/1/174
f 2966/1/174 2968/1/174 2969/1/174
f 2970/1/175 2971/1/175 2972/1/175
f 2970/1/175 2972/1/175 2973/1/175
f 2974/1/168 2975/1/168 2976/1/168
f 2974/1/169 2976/1/169 2977/1/169
f 2978/1/170 2979/1/170 2980/1/170
f 2978/1/170 2980/1/170 2981/1/170
f 2982/1/171 2983/1/171 2984/1/171
f 2982/1/176 2984/1/176 2985/1/176
f 2986/1/172 2987/1/172 2988/1/172
f 2986/1/173 2988/1/173 2989/1/173
f 2990/1/174 2991/1/174 2992/1/174
f 2990/1/174 2992/1/174 2993/1/174
f 2994/1/175 2995/1/175 2996/1/175
f 2994/1/175 2996/1/175 2997/1/175
f 2998/1/168 2999/1/168 3000/1/168
f 2998/1/168 3000/1/168 3001/1/168
f 3002/1/170 3003/1/170 3004/1/170
f 3002/1/170 3004/1/170 3005/1/170
f 3006/1/171 3007/1/171 3008/1/171
f 3006/1/171 3008/1/171 3009/1/171
f 3010/1/173 3011/1/173 3012/1/173
f 3010/1/172 3012/1/172 3013/1/172
f 3014/1/174 3015/1/174 3016/1/174
f 3014/1/174 3016/1/174 3017/1/174
f 3018/1/177 3019/1/177 3020/1/177
f 3018/1/175 3020/1/175 3021/1/175
f 3022/1/168 3023/1/168 3024/1/168
f 3022/1/168 3024/1/168 3025/1/168
f 3026/1/170 3027/1/170 3028/1/170
f 3026/1/170 3028/1/170 3029/1/170
f 3030/1/171 3031/1/171 3032/1/171
f 3030/1/171 3032/1/171 3033/1/171
f 3034/1/173 3035/1/173 3036/1/173
f 3034/1/173 3036/1/173 3037/1/173
f 3038/1/174 3039/1/174 3040/1/174
f 3038/1/174 3040/1/174 3041/1/174
f 3042/1/175 3043/1/175 3044/1/175
f 3042/1/175 3044/1/175 3045/1/175
f 3046/1/168 3047/1/168 3048/1/168
f 3046/1/168 3048/1/168 3049/1/168
f 3050/1/170 3051/1/170 3052/1/170
f 3050/1/170 3052/1/170 3053/1/170
s 1
f 3054/1/171 3055/1/171 3056/1/171
s 0
f 3054/1/176 3056/1/176 3057/1/176
f 3058/1/173 3059/1/173 3060/1/173
f 3058/1/173 3060/1/173 3061/1/173
f 3062/1/174 3063/1/174 3064/1/174
f 3062/1/174 3064/1/174 3065/1/174
f 3066/1/175 3067/1/175 3068/1/175
f 3066/1/175 3068/1/175 3069/1/175
f 3070/1/168 3071/1/168 3072/1/168
f 3070/1/169 3072/1/169 3073/1/169
f 3074/1/170 3075/1/170 3076/1/170
f 3074/1/170 3076/1/170 3077/1/170
f 3078/1/171 3079/1/171 3080/1/171
f 3078/1/171 3080/1/171 3081/1/171
f 3082/1/172 3083/1/172 3084/1/172
f 3082/1/173 3084/1/173 3085/1/173
f 3086/1/174 3087/1/174 3088/1/174
f 3086/1/174 3088/1/174 3089/1/174
f 3090/1/177 3091/1/177 3092/1/177
f 3090/1/175 3092/1/175 3093/1/175
f 3094/1/168 3095/1/168 3096/1/168
f 3094/1/168 3096/1/168 3097/1/168
f 3098/1/170 3099/1/170 3100/1/170
f 3098/1/170 3100/1/170 3101/1/170
f 3102/1/171 3103/1/171 3104/1/171
s 1
f 3102/1/176 3104/1/176 3105/1/176
s 0
f 3106/1/172 3107/1/172 3108/1/172
f 3106/1/173 3108/1/173 3109/1/173
f 3110/1/174 3111/1/174 3112/1/174
f 3110/1/174 3112/1/174 3113/1/174
f 3114/1/175 3115/1/175 3116/1/175
f 3114/1/175 3116/1/175 3117/1/175
f 3118/1/168 3119/1/168 3120/1/168
f 3118/1/168 3120/1/168 3121/1/168
f 3122/1/170 3123/1/170 3124/1/170
f 3122/1/170 3124/1/170 3125/1/170
s 1
f 3126/1/171 3127/1/171 3128/1/171
s 0
f 3126/1/171 3128/1/171 3129/1/171
f 3130/1/173 3131/1/173 3132/1/173
f 3130/1/173 3132/1/173 3133/1/173
f 3134/1/174 3135/1/174 3136/1/174
f 3134/1/174 3136/1/174 3137/1/174
f 3138/1/177 3139/1/177 3140/1/177
f 3138/1/175 3140/1/175 3141/1/175
f 3142/1/168 3143/1/168 3144/1/168
f 3142/1/168 3144/1/168 3145/1/168
f 3146/1/170 3147/1/170 3148/1/170
f 3146/1/170 3148/1/170 3149/1/170
f 3150/1/171 3151/1/171 3152/1/171
f 3150/1/171 3152/1/171 3153/1/171
f 3154/1/173 3155/1/173 3156/1/173
f 3154/1/173 3156/1/173 3157/1/173
f 3158/1/174 3159/1/174 3160/1/174
f 3158/1/174 3160/1/174 3161/1/174
f 3162/1/177 3163/1/177 3164/1/177
f 3162/1/177 3164/1/177 3165/1/177
f 3166/1/168 3167/1/168 3168/1/168
f 3166/1/168 3168/1/168 3169/1/168
f 3170/1/170 3171/1/170 3172/1/170
f 3170/1/170 3172/1/170 3173/1/170
f 3174/1/176 3175/1/176 3176/1/176
f 3174/1/176 3176/1/176 3177/1/176
f 3178/1/173 3179/1/173 3180/1/173
f 3178/1/173 3180/1/173 3181/1/173
f 3182/1/174 3183/1/174 3184/1/174
f 3182/1/174 3184/1/174 3185/1/174
f 3186/1/175 3187/1/175 3188/1/175
f 3186/1/175 3188/1/175 3189/1/175
f 3190/1/178 3191/1/178 3192/1/178
f 3190/1/178 3192/1/178 3193/1/178
f 3194/1/179 3195/1/179 3196/1/179
f 3194/1/179 3196/1/179 3197/1/179
f 3198/1/180 3199/1/180 3200/1/180
f 3198/1/181 3200/1/181 3201/1/181
f 3202/1/182 3203/1/182 3204/1/182
f 3202/1/183 3204/1/183 3205/1/183
f 3206/1/184 3207/1/184 3208/1/184
f 3206/1/184 3208/1/184 3209/1/184
f 3210/1/185 3211/1/185 3212/1/185
f 3210/1/186 3212/1/186 3213/1/186
f 3214/1/178 3215/1/178 3216/1/178
f 3214/1/187 3216/1/187 3217/1/187
f 3218/1/179 3219/1/179 3220/1/179
f 3218/1/179 3220/1/179 3221/1/179
f 3222/1/180 3223/1/180 3224/1/180
f 3222/1/181 3224/1/181 3225/1/181
f 3226/1/182 3227/1/182 3228/1/182
f 3226/1/183 3228/1/183 3229/1/183
f 3230/1/184 3231/1/184 3232/1/184
f 3230/1/184 3232/1/184 3233/1/184
f 3234/1/185 3235/1/185 3236/1/185
f 3234/1/186 3236/1/186 3237/1/186
f 3238/1/178 3239/1/178 3240/1/178
f 3238/1/188 3240/1/188 3241/1/188
f 3242/1/179 3243/1/179 3244/1/179
f 3242/1/179 3244/1/179 3245/1/179
f 3246/1/189 3247/1/189 3248/1/189
f 3246/1/180 3248/1/180 3249/1/180
f 3250/1/182 3251/1/182 3252/1/182
f 3250/1/183 3252/1/183 3253/1/183
f 3254/1/184 3255/1/184 3256/1/184
f 3254/1/184 3256/1/184 3257/1/184
f 3258/1/186 3259/1/186 3260/1/186
f 3258/1/186 3260/1/186 3261/1/186
f 3262/1/178 3263/1/178 3264/1/178
f 3262/1/178 3264/1/178 3265/1/178
f 3266/1/179 3267/1/179 3268/1/179
f 3266/1/179 3268/1/179 3269/1/179
f 3270/1/181 3271/1/181 3272/1/181
f 3270/1/181 3272/1/181 3273/1/181
f 3274/1/190 3275/1/190 3276/1/190
f 3274/1/182 3276/1/182 3277/1/182
f 3278/1/184 3279/1/184 3280/1/184
f 3278/1/184 3280/1/184 3281/1/184
f 3282/1/185 3283/1/185 3284/1/185
f 3282/1/191 3284/1/191 3285/1/191
f 3286/1/178 3287/1/178 3288/1/178
f 3286/1/178 3288/1/178 3289/1/178
f 3290/1/179 3291/1/179 3292/1/179
f 3290/1/179 3292/1/179 3293/1/179
f 3294/1/181 3295/1/181 3296/1/181
f 3294/1/181 3296/1/181 3297/1/181
f 3298/1/190 3299/1/190 3300/1/190
f 3298/1/182 3300/1/182 3301/1/182
f 3302/1/184 3303/1/184 3304/1/184
f 3302/1/184 3304/1/184 3305/1/184
f 3306/1/185 3307/1/185 3308/1/185
f 3306/1/186 3308/1/186 3309/1/186
f 3310/1/187 3311/1/187 3312/1/187
f 3310/1/178 3312/1/178 3313/1/178
f 3314/1/179 3315/1/179 3316/1/179
f 3314/1/179 3316/1/179 3317/1/179
f 3318/1/181 3319/1/181 3320/1/181
f 3318/1/180 3320/1/180 3321/1/180
f 3322/1/182 3323/1/182 3324/1/182
f 3322/1/183 3324/1/183 3325/1/183
f 3326/1/184 3327/1/184 3328/1/184
f 3326/1/184 3328/1/184 3329/1/184
f 3330/1/191 3331/1/191 3332/1/191
f 3330/1/191 3332/1/191 3333/1/191
f 3334/1/192 3335/1/192 3336/1/192
f 3334/1/193 3336/1/193 3337/1/193
f 3338/1/194 3339/1/194 3340/1/194
f 3338/1/194 3340/1/194 3341/1/194
f 3342/1/195 3343/1/195 3344/1/195
f 3342/1/195 3344/1/195 3345/1/195
f 3346/1/196 3347/1/196 3348/1/196
f 3346/1/196 3348/1/196 3349/1/196
f 3350/1/197 3351/1/197 3352/1/197
f 3350/1/197 3352/1/197 3353/1/197
f 3354/1/198 3355/1/198 3356/1/198
f 3354/1/198 3356/1/198 3357/1/198
f 3358/1/192 3359/1/192 3360/1/192
f 3358/1/193 3360/1/193 3361/1/193
f 3362/1/194 3363/1/194 3364/1/194
f 3362/1/194 3364/1/194 3365/1/194
f 3366/1/195 3367/1/195 3368/1/195
f 3366/1/195 3368/1/195 3369/1/195
f 3370/1/199 3371/1/199 3372/1/199
f 3370/1/196 3372/1/196 3373/1/196
f 3374/1/197 3375/1/197 3376/1/197
f 3374/1/197 3376/1/197 3377/1/197
f 3378/1/198 3379/1/198 3380/1/198
f 3378/1/198 3380/1/198 3381/1/198
f 3382/1/193 3383/1/193 3384/1/193
f 3382/1/193 3384/1/193 3385/1/193
f 3386/1/194 3387/1/194 3388/1/194
f 3386/1/194 3388/1/194 3389/1/194
f 3390/1/195 3391/1/195 3392/1/195
f 3390/1/195 3392/1/195 3393/1/195
f 3394/1/196 3395/1/196 3396/1/196
f 3394/1/196 3396/1/196 3397/1/196
f 3398/1/197 3399/1/197 3400/1/197
f 3398/1/197 3400/1/197 3401/1/197
f 3402/1/198 3403/1/198 3404/1/198
f 3402/1/198 3404/1/198 3405/1/198
f 3406/1/192 3407/1/192 3408/1/192
f 3406/1/193 3408/1/193 3409/1/193
f 3410/1/194 3411/1/194 3412/1/194
f 3410/1/194 3412/1/194 3413/1/194
f 3414/1/195 3415/1/195 3416/1/195
f 3414/1/195 3416/1/195 3417/1/195
f 3418/1/196 3419/1/196 3420/1/196
f 3418/1/196 3420/1/196 3421/1/196
f 3422/1/197 3423/1/197 3424/1/197
f 3422/1/197 3424/1/197 3425/1/197
f 3426/1/198 3427/1/198 3428/1/198
f 3426/1/198 3428/1/198 3429/1/198
f 3430/1/195 3431/1/195 3432/1/195
f 3430/1/195 3432/1/195 3433/1/195
f 3434/1/194 3435/1/194 3436/1/194
f 3434/1/194 3436/1/194 3437/1/194
f 3438/1/193 3439/1/193 3440/1/193
f 3438/1/192 3440/1/192 3441/1/192
f 3442/1/198 3443/1/198 3444/1/198
f 3442/1/198 3444/1/198 3445/1/198
f 3446/1/197 3447/1/197 3448/1/197
f 3446/1/197 3448/1/197 3449/1/197
f 3450/1/196 3451/1/196 3452/1/196
f 3450/1/199 3452/1/199 3453/1/199
f 3454/1/195 3455/1/195 3456/1/195
f 3454/1/195 3456/1/195 3457/1/195
f 3458/1/194 3459/1/194 3460/1/194
f 3458/1/194 3460/1/194 3461/1/194
f 3462/1/193 3463/1/193 3464/1/193
f 3462/1/192 3464/1/192 3465/1/192
f 3466/1/198 3467/1/198 3468/1/198
f 3466/1/198 3468/1/198 3469/1/198
f 3470/1/197 3471/1/197 3472/1/197
f 3470/1/197 3472/1/197 3473/1/197
f 3474/1/196 3475/1/196 3476/1/196
f 3474/1/196 3476/1/196 3477/1/196
f 3478/1/195 3479/1/195 3480/1/195
f 3478/1/195 3480/1/195 3481/1/195
f 3482/1/194 3483/1/194 3484/1/194
f 3482/1/194 3484/1/194 3485/1/194
f 3486/1/193 3487/1/193 3488/1/193
f 3486/1/192 3488/1/192 3489/1/192
f 3490/1/198 3491/1/198 3492/1/198
f 3490/1/198 3492/1/198 3493/1/198
f 3494/1/197 3495/1/197 3496/1/197
f 3494/1/197 3496/1/197 3497/1/197
f 3498/1/196 3499/1/196 3500/1/196
f 3498/1/196 3500/1/196 3501/1/196
f 3502/1/195 3503/1/195 3504/1/195
f 3502/1/195 3504/1/195 3505/1/195
f 3506/1/194 3507/1/194 3508/1/194
f 3506/1/194 3508/1/194 3509/1/194
f 3510/1/193 3511/1/193 3512/1/193
f 3510/1/192 3512/1/192 3513/1/192
f 3514/1/198 3515/1/198 3516/1/198
f 3514/1/198 3516/1/198 3517/1/198
f 3518/1/197 3519/1/197 3520/1/197
f 3518/1/197 3520/1/197 3521/1/197
f 3522/1/196 3523/1/196 3524/1/196
s 1
f 3522/1/196 3524/1/196 3525/1/196
s 0
f 3526/1/200 3527/1/200 3528/1/200
f 3526/1/200 3528/1/200 3529/1/200
f 3530/1/201 3531/1/201 3532/1/201
s 1
f 3530/1/201 3532/1/201 3533/1/201
s 0
f 3534/1/202 3535/1/202 3536/1/202
f 3534/1/202 3536/1/202 3537/1/202
f 3538/1/203 3539/1/203 3540/1/203
f 3538/1/203 3540/1/203 3541/1/203
f 3542/1/204 3543/1/204 3544/1/204
f 3542/1/204 3544/1/204 3545/1/204
f 3546/1/205 3547/1/205 3548/1/205
f 3546/1/205 3548/1/205 3549/1/205
f 3550/1/200 3551/1/200 3552/1/200
f 3550/1/200 3552/1/200 3553/1/200
f 3554/1/201 3555/1/201 3556/1/201
f 3554/1/201 3556/1/201 3557/1/201
f 3558/1/202 3559/1/202 3560/1/202
f 3558/1/202 3560/1/202 3561/1/202
f 3562/1/203 3563/1/203 3564/1/203
f 3562/1/203 3564/1/203 3565/1/203
f 3566/1/204 3567/1/204 3568/1/204
f 3566/1/204 3568/1/204 3569/1/204
f 3570/1/205 3571/1/205 3572/1/205
f 3570/1/205 3572/1/205 3573/1/205
f 3574/1/200 3575/1/200 3576/1/200
f 3574/1/200 3576/1/200 3577/1/200
f 3578/1/201 3579/1/201 3580/1/201
f 3578/1/201 3580/1/201 3581/1/201
f 3582/1/202 3583/1/202 3584/1/202
f 3582/1/202 3584/1/202 3585/1/202
s 1
f 3586/1/203 3587/1/203 3588/1/203
s 0
f 3586/1/203 3588/1/203 3589/1/203
f 3590/1/204 3591/1/204 3592/1/204
f 3590/1/204 3592/1/204 3593/1/204
f 3594/1/205 3595/1/205 3596/1/205
f 3594/1/205 3596/1/205 3597/1/205
f 3598/1/200 3599/1/200 3600/1/200
f 3598/1/200 3600/1/200 3601/1/200
f 3602/1/201 3603/1/201 3604/1/201
f 3602/1/201 3604/1/201 3605/1/201
f 3606/1/202 3607/1/202 3608/1/202
f 3606/1/202 3608/1/202 3609/1/202
f 3610/1/203 3611/1/203 3612/1/203
f 3610/1/203 3612/1/203 3613/1/203
f 3614/1/204 3615/1/204 3616/1/204
f 3614/1/204 3616/1/204 3617/1/204
f 3618/1/205 3619/1/205 3620/1/205
f 3618/1/205 3620/1/205 3621/1/205
f 3622/1/200 3623/1/200 3624/1/200
f 3622/1/200 3624/1/200 3625/1/200
f 3626/1/201 3627/1/201 3628/1/201
f 3626/1/201 3628/1/201 3629/1/201
f 3630/1/202 3631/1/202 3632/1/202
f 3630/1/202 3632/1/202 3633/1/202
f 3634/1/203 3635/1/203 3636/1/203
f 3634/1/203 3636/1/203 3637/1/203
f 3638/1/204 3639/1/204 3640/1/204
f 3638/1/204 3640/1/204 3641/1/204
f 3642/1/205 3643/1/205 3644/1/205
f 3642/1/205 3644/1/205 3645/1/205
f 3646/1/200 3647/1/200 3648/1/200
f 3646/1/200 3648/1/200 3649/1/200
f 3650/1/201 3651/1/201 3652/1/201
f 3650/1/201 3652/1/201 3653/1/201
f 3654/1/202 3655/1/202 3656/1/202
f 3654/1/202 3656/1/202 3657/1/202
f 3658/1/203 3659/1/203 3660/1/203
f 3658/1/203 3660/1/203 3661/1/203
f 3662/1/204 3663/1/204 3664/1/204
f 3662/1/204 3664/1/204 3665/1/204
f 3666/1/205 3667/1/205 3668/1/205
f 3666/1/205 3668/1/205 3669/1/205
f 3670/1/206 3671/1/206 3672/1/206
f 3670/1/206 3672/1/206 3673/1/206
f 3674/1/207 3675/1/207 3676/1/207
f 3674/1/207 3676/1/207 3677/1/207
f 3678/1/208 3679/1/208 3680/1/208
f 3678/1/208 3680/1/208 3681/1/208
f 3682/1/209 3683/1/209 3684/1/209
f 3682/1/209 3684/1/209 3685/1/209
f 3686/1/210 3687/1/210 3688/1/210
f 3686/1/210 3688/1/210 3689/1/210
f 3690/1/211 3691/1/211 3692/1/211
f 3690/1/211 3692/1/211 3693/1/211
f 3694/1/206 3695/1/206 3696/1/206
f 3694/1/206 3696/1/206 3697/1/206
f 3698/1/207 3699/1/207 3700/1/207
f 3698/1/207 3700/1/207 3701/1/207
f 3702/1/208 3703/1/208 3704/1/208
f 3702/1/208 3704/1/208 3705/1/208
f 3706/1/209 3707/1/209 3708/1/209
f 3706/1/209 3708/1/209 3709/1/209
f 3710/1/210 3711/1/210 3712/1/210
s 1
f 3710/1/210 3712/1/210 3713/1/210
s 0
f 3714/1/211 3715/1/211 3716/1/211
f 3714/1/211 3716/1/211 3717/1/211
f 3718/1/206 3719/1/206 3720/1/206
f 3718/1/206 3720/1/206 3721/1/206
f 3722/1/207 3723/1/207 3724/1/207
f 3722/1/207 3724/1/207 3725/1/207
f 3726/1/208 3727/1/208 3728/1/208
f 3726/1/208 3728/1/208 3729/1/208
f 3730/1/209 3731/1/209 3732/1/209
f 3730/1/209 3732/1/209 3733/1/209
f 3734/1/210 3735/1/210 3736/1/210
f 3734/1/210 3736/1/210 3737/1/210
f 3738/1/211 3739/1/211 3740/1/211
f 3738/1/211 3740/1/211 3741/1/211
f 3742/1/208 3743/1/208 3744/1/208
f 3742/1/208 3744/1/208 3745/1/208
f 3746/1/207 3747/1/207 3748/1/207
f 3746/1/207 3748/1/207 3749/1/207
f 3750/1/206 3751/1/206 3752/1/206
f 3750/1/206 3752/1/206 3753/1/206
f 3754/1/211 3755/1/211 3756/1/211
f 3754/1/211 3756/1/211 3757/1/211
f 3758/1/210 3759/1/210 3760/1/210
f 3758/1/210 3760/1/210 3761/1/210
f 3762/1/209 3763/1/209 3764/1/209
f 3762/1/209 3764/1/209 3765/1/209
f 3766/1/208 3767/1/208 3768/1/208
f 3766/1/208 3768/1/208 3769/1/208
f 3770/1/207 3771/1/207 3772/1/207
f 3770/1/207 3772/1/207 3773/1/207
f 3774/1/206 3775/1/206 3776/1/206
f 3774/1/206 3776/1/206 3777/1/206
f 3778/1/211 3779/1/211 3780/1/211
f 3778/1/211 3780/1/211 3781/1/211
f 3782/1/210 3783/1/210 3784/1/210
f 3782/1/210 3784/1/210 3785/1/210
f 3786/1/209 3787/1/209 3788/1/209
f 3786/1/209 3788/1/209 3789/1/209
f 3790/1/208 3791/1/208 3792/1/208
f 3790/1/208 3792/1/208 3793/1/208
f 3794/1/207 3795/1/207 3796/1/207
f 3794/1/207 3796/1/207 3797/1/207
f 3798/1/206 3799/1/206 3800/1/206
f 3798/1/206 3800/1/206 3801/1/206
f 3802/1/211 3803/1/211 3804/1/211
f 3802/1/211 3804/1/211 3805/1/211
f 3806/1/210 3807/1/210 3808/1/210
f 3806/1/210 3808/1/210 3809/1/210
f 3810/1/209 3811/1/209 3812/1/209
f 3810/1/209 3812/1/209 3813/1/209
f 3816/1/35 3814/1/35 3815/1/35
f 3814/1/35 3816/1/35 3818/1/35
f 3818/1/35 3816/1/35 3817/1/35
s 1
f 3822/1/212 3820/1/212 3821/1/212
f 3820/1/212 3822/1/212 3819/1/212
f 3819/1/212 3822/1/212 3823/1/213
s 0
f 463/28/28 487/28/28 464/28/28
f 487/28/28 463/28/28 3827/28/28
f 3827/28/28 463/28/28 3826/28/28
f 3826/28/28 463/28/28 3825/28/28
f 3825/28/28 463/28/28 3824/28/28
s 1
f 3828/1/214 3831/1/215 3832/1/214
f 3831/1/215 3828/1/214 3830/1/216
f 3830/1/216 3828/1/214 3829/1/214
f 3837/1/217 3835/1/217 3836/1/217
f 3835/1/217 3837/1/217 3834/1/218
f 3834/1/218 3837/1/217 3833/1/218
s 0
f 3840/1/35 3838/1/35 3839/1/35
f 3838/1/35 3840/1/35 3842/1/35
f 3842/1/35 3840/1/35 3841/1/35
f 3843/28/14 3848/36/14 3849/36/14
f 3848/36/14 3843/28/14 3846/28/14
f 3848/36/14 3846/28/14 3847/28/14
f 3846/28/219 3843/28/219 3845/28/219
f 3845/28/14 3843/28/14 3844/28/14
f 3859/28/14 3857/28/14 3858/28/14
f 3857/28/14 3859/28/14 3856/28/14
f 3856/28/14 3859/28/14 3850/28/14
f 3856/28/14 3850/28/14 3855/28/14
f 3855/28/14 3850/28/14 3854/28/14
f 3854/28/14 3850/28/14 3851/28/14
f 3854/28/14 3851/28/14 3852/28/14
f 3854/28/14 3852/28/14 3853/28/14
f 3860/30/14 3865/30/14 3866/30/14
f 3865/30/14 3860/30/14 3864/30/14
f 3864/30/14 3860/30/14 3863/30/14
f 3863/30/14 3860/30/14 3862/30/14
f 3862/30/14 3860/30/14 3861/30/14
f 3870/30/28 3868/30/28 3869/30/28
f 3868/30/28 3870/30/28 3867/30/28
f 3867/30/28 3870/30/28 3871/30/28
f 3867/30/28 3871/30/28 3872/30/28
f 3867/30/28 3872/30/28 3873/30/28
f 3875/28/14 3880/25/14 3874/25/14
f 3880/25/14 3875/28/14 3876/28/14
f 3880/25/14 3876/28/14 3879/25/14
f 3879/25/14 3876/28/14 3877/28/14
f 3879/25/14 3877/28/14 3878/28/14
f 3882/28/14 3887/41/14 3881/36/14
f 3887/41/14 3882/28/14 3883/28/14
f 3887/41/14 3883/28/14 3884/28/14
f 3887/41/14 3884/28/14 3886/25/14
f 3886/25/14 3884/28/14 3885/25/14
f 3889/1/29 3892/1/29 3888/1/29
f 3892/1/29 3889/1/29 3891/1/29
f 3891/1/29 3889/1/29 3890/1/29
s 1
f 3897/1/220 3895/1/220 3896/1/220
f 3895/1/220 3897/1/220 3893/1/220
f 3895/1/220 3893/1/220 3894/1/221
s 0
f 3900/28/28 3898/28/28 3899/28/28
f 3898/28/28 3900/28/28 3904/28/28
f 3904/28/28 3900/28/28 3903/28/28
f 3903/28/28 3900/28/28 3902/28/28
f 3902/28/28 3900/28/28 3901/28/28
s 1
f 3907/1/222 3905/1/223 3906/1/223
f 3905/1/223 3907/1/222 3908/1/222
f 3905/1/223 3908/1/222 3909/1/223
f 3913/1/224 3911/1/224 3912/1/224
f 3911/1/224 3913/1/224 3914/1/225
f 3911/1/224 3914/1/225 3910/1/225
s 0
f 3916/1/29 3919/1/29 3915/1/29
f 3919/1/29 3916/1/29 3918/1/29
f 3918/1/29 3916/1/29 3917/1/29
f 3921/36/14 3926/28/14 3920/28/14
f 3926/28/14 3921/36/14 3925/28/14
f 3925/28/14 3921/36/14 3924/28/14
f 3924/28/14 3921/36/14 3923/28/14
f 3923/28/14 3921/36/14 3922/36/14
f 3935/28/14 3933/28/14 3934/28/14
f 3933/28/14 3935/28/14 3932/28/14
f 3932/28/14 3935/28/14 3936/28/14
f 3932/28/14 3936/28/14 3927/28/14
f 3932/28/14 3927/28/14 3928/28/14
f 3932/28/14 3928/28/14 3931/28/14
f 3931/28/14 3928/28/14 3930/28/14
f 3930/28/14 3928/28/14 3929/28/14
f 919/30/14 3940/30/14 916/30/14
f 3940/30/14 919/30/14 3939/30/14
f 3939/30/14 919/30/14 3938/30/14
f 3938/30/14 919/30/14 3937/30/14
f 3937/30/14 919/30/14 954/30/14
f 3942/30/28 908/30/28 3941/30/28
f 908/30/28 3942/30/28 905/30/28
f 905/30/28 3942/30/28 3943/30/28
f 905/30/28 3943/30/28 3944/30/28
f 905/30/28 3944/30/28 949/30/28
f 3949/28/14 3947/25/14 3948/28/14
f 3947/25/14 3949/28/14 3946/25/14
f 3946/25/219 3949/28/219 3950/28/219
f 3946/25/14 3950/28/14 3951/28/14
f 3946/25/14 3951/28/14 3945/25/14
f 3955/25/14 3953/41/14 3954/25/14
f 3953/41/14 3955/25/14 3956/28/14
f 3953/41/14 3956/28/14 3957/28/14
f 3953/41/14 3957/28/14 3958/28/14
f 3953/41/14 3958/28/14 3952/36/14
f 3961/1/33 3959/1/33 3960/1/33
f 3959/1/33 3961/1/33 3962/1/33
f 3959/1/33 3962/1/33 3964/1/33
f 3964/1/33 3962/1/33 3963/1/33
f 3967/1/33 3965/1/33 3966/1/33
f 3965/1/33 3967/1/33 3968/1/33
f 3965/1/33 3968/1/33 3970/1/33
f 3970/1/33 3968/1/33 3969/1/33
f 3973/1/33 3971/1/33 3972/1/33
f 3971/1/33 3973/1/33 3974/1/33
f 3971/1/33 3974/1/33 3976/1/33
f 3976/1/33 3974/1/33 3975/1/33
f 3981/1/33 3979/1/33 3980/1/33
f 3979/1/33 3981/1/33 3978/1/33
f 3978/1/33 3981/1/33 3982/1/33
f 3978/1/33 3982/1/33 3977/1/33
f 3987/1/33 3985/1/33 3986/1/33
f 3985/1/33 3987/1/33 3984/1/33
f 3984/1/33 3987/1/33 3988/1/33
f 3984/1/33 3988/1/33 3983/1/33
f 3993/1/33 3991/1/33 3992/1/33
f 3991/1/33 3993/1/33 3990/1/33
f 3990/1/33 3993/1/33 3994/1/33
f 3990/1/33 3994/1/33 3989/1/33
f 3999/1/33 3997/1/33 3998/1/33
f 3997/1/33 3999/1/33 3996/1/33
f 3996/1/33 3999/1/33 4000/1/33
f 3996/1/33 4000/1/33 3995/1/33
f 4005/1/33 4003/1/33 4004/1/33
f 4003/1/33 4005/1/33 4002/1/33
f 4002/1/33 4005/1/33 4006/1/33
f 4002/1/33 4006/1/33 4001/1/33
f 4011/1/33 4009/1/33 4010/1/33
f 4009/1/33 4011/1/33 4008/1/33
f 4008/1/33 4011/1/33 4012/1/33
f 4008/1/33 4012/1/33 4007/1/33
f 4017/1/33 4015/1/33 4016/1/33
f 4015/1/33 4017/1/33 4014/1/33
f 4014/1/33 4017/1/33 4018/1/33
f 4014/1/33 4018/1/33 4013/1/33
f 4023/1/33 4021/1/33 4022/1/33
f 4021/1/33 4023/1/33 4020/1/33
f 4020/1/33 4023/1/33 4024/1/33
f 4020/1/33 4024/1/33 4019/1/33
f 4029/1/33 4027/1/33 4028/1/33
f 4027/1/33 4029/1/33 4026/1/33
f 4026/1/33 4029/1/33 4030/1/33
f 4026/1/33 4030/1/33 4025/1/33
f 4035/1/33 4033/1/33 4034/1/33
f 4033/1/33 4035/1/33 4032/1/33
f 4032/1/33 4035/1/33 4036/1/33
f 4032/1/33 4036/1/33 4031/1/33
f 4039/1/33 4037/1/33 4038/1/33
f 4037/1/33 4039/1/33 4040/1/33
f 4037/1/33 4040/1/33 4042/1/33
f 4042/1/33 4040/1/33 4041/1/33
f 4045/1/33 4043/1/33 4044/1/33
f 4043/1/33 4045/1/33 4046/1/33
f 4043/1/33 4046/1/33 4048/1/33
f 4048/1/33 4046/1/33 4047/1/33
f 4051/1/33 4049/1/33 4050/1/33
f 4049/1/33 4051/1/33 4052/1/33
f 4049/1/33 4052/1/33 4054/1/33
f 4054/1/33 4052/1/33 4053/1/33
f 4056/1/35 4060/1/35 4055/1/35
f 4060/1/35 4056/1/35 4059/1/35
f 4059/1/35 4056/1/35 4057/1/35
f 4059/1/35 4057/1/35 4058/1/35
f 4062/1/35 4066/1/35 4061/1/35
f 4066/1/35 4062/1/35 4065/1/35
f 4065/1/35 4062/1/35 4063/1/35
f 4065/1/35 4063/1/35 4064/1/35
f 4068/1/35 4072/1/35 4067/1/35
f 4072/1/35 4068/1/35 4071/1/35
f 4071/1/35 4068/1/35 4069/1/35
f 4071/1/35 4069/1/35 4070/1/35
f 4075/1/35 4073/1/35 4074/1/35
f 4073/1/35 4075/1/35 4076/1/35
f 4073/1/35 4076/1/35 4078/1/35
f 4078/1/35 4076/1/35 4077/1/35
f 4081/1/35 4079/1/35 4080/1/35
f 4079/1/35 4081/1/35 4082/1/35
f 4079/1/35 4082/1/35 4084/1/35
f 4084/1/35 4082/1/35 4083/1/35
f 4087/1/35 4085/1/35 4086/1/35
f 4085/1/35 4087/1/35 4088/1/35
f 4085/1/35 4088/1/35 4090/1/35
f 4090/1/35 4088/1/35 4089/1/35
f 4093/1/35 4091/1/35 4092/1/35
f 4091/1/35 4093/1/35 4094/1/35
f 4091/1/35 4094/1/35 4096/1/35
f 4096/1/35 4094/1/35 4095/1/35
f 4098/1/35 4102/1/35 4097/1/35
f 4102/1/35 4098/1/35 4101/1/35
f 4101/1/35 4098/1/35 4099/1/35
f 4101/1/35 4099/1/35 4100/1/35
f 4104/1/35 4108/1/35 4103/1/35
f 4108/1/35 4104/1/35 4107/1/35
f 4107/1/35 4104/1/35 4105/1/35
f 4107/1/35 4105/1/35 4106/1/35
f 4110/1/35 4114/1/35 4109/1/35
f 4114/1/35 4110/1/35 4113/1/35
f 4113/1/35 4110/1/35 4111/1/35
f 4113/1/35 4111/1/35 4112/1/35
f 4117/1/29 4115/1/29 4116/1/29
f 4115/1/29 4117/1/29 4120/1/29
f 4120/1/29 4117/1/29 4118/1/29
f 4120/1/29 4118/1/29 4119/1/29
f 4123/1/29 4121/1/29 4122/1/29
f 4121/1/29 4123/1/29 4126/1/29
f 4126/1/29 4123/1/29 4124/1/29
f 4126/1/29 4124/1/29 4125/1/29
f 4129/1/29 4127/1/29 4128/1/29
f 4127/1/29 4129/1/29 4132/1/29
f 4132/1/29 4129/1/29 4130/1/29
f 4132/1/29 4130/1/29 4131/1/29
f 4133/1/29 4137/1/29 4138/1/29
f 4137/1/29 4133/1/29 4134/1/29
f 4137/1/29 4134/1/29 4136/1/29
f 4136/1/29 4134/1/29 4135/1/29
f 4139/1/29 4143/1/29 4144/1/29
f 4143/1/29 4139/1/29 4140/1/29
f 4143/1/29 4140/1/29 4142/1/29
f 4142/1/29 4140/1/29 4141/1/29
f 4145/1/29 4149/1/29 4150/1/29
f 4149/1/29 4145/1/29 4146/1/29
f 4149/1/29 4146/1/29 4148/1/29
f 4148/1/29 4146/1/29 4147/1/29
f 4151/1/29 4155/1/29 4156/1/29
f 4155/1/29 4151/1/29 4152/1/29
f 4155/1/29 4152/1/29 4154/1/29
f 4154/1/29 4152/1/29 4153/1/29
f 4159/1/29 4157/1/29 4158/1/29
f 4157/1/29 4159/1/29 4162/1/29
f 4162/1/29 4159/1/29 4161/1/29
f 4161/1/29 4159/1/29 4160/1/29
f 4165/1/29 4163/1/29 4164/1/29
f 4163/1/29 4165/1/29 4168/1/29
f 4168/1/29 4165/1/29 4166/1/29
f 4168/1/29 4166/1/29 4167/1/29
f 4171/1/29 4169/1/29 4170/1/29
f 4169/1/29 4171/1/29 4174/1/29
f 4174/1/29 4171/1/29 4172/1/29
f 4174/1/29 4172/1/29 4173/1/29
f 4176/1/35 4180/1/35 4175/1/35
f 4180/1/35 4176/1/35 4179/1/35
f 4179/1/35 4176/1/35 4177/1/35
f 4179/1/35 4177/1/35 4178/1/35
f 4182/1/35 4186/1/35 4181/1/35
f 4186/1/35 4182/1/35 4185/1/35
f 4185/1/35 4182/1/35 4183/1/35
f 4185/1/35 4183/1/35 4184/1/35
f 4188/1/35 4192/1/35 4187/1/35
f 4192/1/35 4188/1/35 4191/1/35
f 4191/1/35 4188/1/35 4189/1/35
f 4191/1/35 4189/1/35 4190/1/35
f 4195/1/35 4193/1/35 4194/1/35
f 4193/1/35 4195/1/35 4196/1/35
f 4193/1/35 4196/1/35 4198/1/35
f 4198/1/35 4196/1/35 4197/1/35
f 4201/1/35 4199/1/35 4200/1/35
f 4199/1/35 4201/1/35 4202/1/35
f 4199/1/35 4202/1/35 4204/1/35
f 4204/1/35 4202/1/35 4203/1/35
f 4207/1/35 4205/1/35 4206/1/35
f 4205/1/35 4207/1/35 4208/1/35
f 4205/1/35 4208/1/35 4210/1/35
f 4210/1/35 4208/1/35 4209/1/35
f 4213/1/35 4211/1/35 4212/1/35
f 4211/1/35 4213/1/35 4216/1/35
f 4216/1/35 4213/1/35 4214/1/35
f 4216/1/35 4214/1/35 4215/1/35
f 4218/1/35 4222/1/35 4217/1/35
f 4222/1/35 4218/1/35 4221/1/35
f 4221/1/35 4218/1/35 4219/1/35
f 4221/1/35 4219/1/35 4220/1/35
f 4224/1/35 4228/1/35 4223/1/35
f 4228/1/35 4224/1/35 4227/1/35
f 4227/1/35 4224/1/35 4225/1/35
f 4227/1/35 4225/1/35 4226/1/35
f 4230/1/35 4234/1/35 4229/1/35
f 4234/1/35 4230/1/35 4233/1/35
f 4233/1/35 4230/1/35 4231/1/35
f 4233/1/35 4231/1/35 4232/1/35
f 4237/1/29 4235/1/29 4236/1/29
f 4235/1/29 4237/1/29 4240/1/29
f 4240/1/29 4237/1/29 4238/1/29
f 4240/1/29 4238/1/29 4239/1/29
f 4243/1/29 4241/1/29 4242/1/29
f 4241/1/29 4243/1/29 4246/1/29
f 4246/1/29 4243/1/29 4244/1/29
f 4246/1/29 4244/1/29 4245/1/29
f 4249/1/29 4247/1/29 4248/1/29
f 4247/1/29 4249/1/29 4252/1/29
f 4252/1/29 4249/1/29 4250/1/29
f 4252/1/29 4250/1/29 4251/1/29
f 4253/1/29 4257/1/29 4258/1/29
f 4257/1/29 4253/1/29 4254/1/29
f 4257/1/29 4254/1/29 4256/1/29
f 4256/1/29 4254/1/29 4255/1/29
f 4259/1/29 4263/1/29 4264/1/29
f 4263/1/29 4259/1/29 4260/1/29
f 4263/1/29 4260/1/29 4262/1/29
f 4262/1/29 4260/1/29 4261/1/29
f 4265/1/29 4269/1/29 4270/1/29
f 4269/1/29 4265/1/29 4266/1/29
f 4269/1/29 4266/1/29 4268/1/29
f 4268/1/29 4266/1/29 4267/1/29
f 4271/1/29 4275/1/29 4276/1/29
f 4275/1/29 4271/1/29 4272/1/29
f 4275/1/29 4272/1/29 4274/1/29
f 4274/1/29 4272/1/29 4273/1/29
f 4279/1/29 4277/1/29 4278/1/29
f 4277/1/29 4279/1/29 4282/1/29
f 4282/1/29 4279/1/29 4280/1/29
f 4282/1/29 4280/1/29 4281/1/29
f 4285/1/29 4283/1/29 4284/1/29
f 4283/1/29 4285/1/29 4288/1/29
f 4288/1/29 4285/1/29 4286/1/29
f 4288/1/29 4286/1/29 4287/1/29
f 4291/1/29 4289/1/29 4290/1/29
f 4289/1/29 4291/1/29 4294/1/29
f 4294/1/29 4291/1/29 4292/1/29
f 4294/1/29 4292/1/29 4293/1/29
f 4296/1/35 4300/1/35 4295/1/35
f 4300/1/35 4296/1/35 4299/1/35
f 4299/1/35 4296/1/35 4297/1/35
f 4299/1/35 4297/1/35 4298/1/35
f 4302/1/35 4306/1/35 4301/1/35
f 4306/1/35 4302/1/35 4305/1/35
f 4305/1/35 4302/1/35 4303/1/35
f 4305/1/35 4303/1/35 4304/1/35
f 4308/1/35 4312/1/35 4307/1/35
f 4312/1/35 4308/1/35 4311/1/35
f 4311/1/35 4308/1/35 4309/1/35
f 4311/1/35 4309/1/35 4310/1/35
f 4314/1/35 4318/1/35 4313/1/35
f 4318/1/35 4314/1/35 4317/1/35
f 4317/1/35 4314/1/35 4315/1/35
f 4317/1/35 4315/1/35 4316/1/35
f 4321/1/29 4319/1/29 4320/1/29
f 4319/1/29 4321/1/29 4324/1/29
f 4324/1/29 4321/1/29 4322/1/29
f 4324/1/29 4322/1/29 4323/1/29
f 4327/1/29 4325/1/29 4326/1/29
f 4325/1/29 4327/1/29 4330/1/29
f 4330/1/29 4327/1/29 4328/1/29
f 4330/1/29 4328/1/29 4329/1/29
f 4333/1/29 4331/1/29 4332/1/29
f 4331/1/29 4333/1/29 4336/1/29
f 4336/1/29 4333/1/29 4334/1/29
f 4336/1/29 4334/1/29 4335/1/29
f 4339/1/29 4337/1/29 4338/1/29
f 4337/1/29 4339/1/29 4342/1/29
f 4342/1/29 4339/1/29 4340/1/29
f 4342/1/29 4340/1/29 4341/1/29
f 4344/1/35 4348/1/35 4343/1/35
f 4348/1/35 4344/1/35 4347/1/35
f 4347/1/35 4344/1/35 4345/1/35
f 4347/1/35 4345/1/35 4346/1/35
f 4350/1/35 4354/1/35 4349/1/35
f 4354/1/35 4350/1/35 4353/1/35
f 4353/1/35 4350/1/35 4351/1/35
f 4353/1/35 4351/1/35 4352/1/35
f 4356/1/35 4360/1/35 4355/1/35
f 4360/1/35 4356/1/35 4359/1/35
f 4359/1/35 4356/1/35 4357/1/35
f 4359/1/35 4357/1/35 4358/1/35
f 4362/1/35 4366/1/35 4361/1/35
f 4366/1/35 4362/1/35 4365/1/35
f 4365/1/35 4362/1/35 4363/1/35
f 4365/1/35 4363/1/35 4364/1/35
f 4368/1/35 4372/1/35 4367/1/35
f 4372/1/35 4368/1/35 4371/1/35
f 4371/1/35 4368/1/35 4369/1/35
f 4371/1/35 4369/1/35 4370/1/35
f 4375/1/29 4373/1/29 4374/1/29
f 4373/1/29 4375/1/29 4378/1/29
f 4378/1/29 4375/1/29 4376/1/29
f 4378/1/29 4376/1/29 4377/1/29
f 4381/1/29 4379/1/29 4380/1/29
f 4379/1/29 4381/1/29 4384/1/29
f 4384/1/29 4381/1/29 4382/1/29
f 4384/1/29 4382/1/29 4383/1/29
f 4387/1/29 4385/1/29 4386/1/29
f 4385/1/29 4387/1/29 4390/1/29
f 4390/1/29 4387/1/29 4388/1/29
f 4390/1/29 4388/1/29 4389/1/29
f 4393/1/29 4391/1/29 4392/1/29
f 4391/1/29 4393/1/29 4396/1/29
f 4396/1/29 4393/1/29 4394/1/29
f 4396/1/29 4394/1/29 4395/1/29
f 4399/1/29 4397/1/29 4398/1/29
f 4397/1/29 4399/1/29 4402/1/29
f 4402/1/29 4399/1/29 4400/1/29
f 4402/1/29 4400/1/29 4401/1/29
f 4407/1/28 4405/1/28 4406/1/28
f 4405/1/28 4407/1/28 4404/1/28
f 4404/1/28 4407/1/28 4408/1/28
f 4404/1/28 4408/1/28 4403/1/28
f 4413/1/28 4411/1/28 4412/1/28
f 4411/1/28 4413/1/28 4410/1/28
f 4410/1/28 4413/1/28 4414/1/28
f 4410/1/28 4414/1/28 4409/1/28
f 4419/1/28 4417/1/28 4418/1/28
f 4417/1/28 4419/1/28 4416/1/28
f 4416/1/28 4419/1/28 4420/1/28
f 4416/1/28 4420/1/28 4415/1/28
f 4425/1/28 4423/1/28 4424/1/28
f 4423/1/28 4425/1/28 4422/1/28
f 4422/1/28 4425/1/28 4426/1/28
f 4422/1/28 4426/1/28 4421/1/28
f 4431/1/28 4429/1/28 4430/1/28
f 4429/1/28 4431/1/28 4428/1/28
f 4428/1/28 4431/1/28 4432/1/28
f 4428/1/28 4432/1/28 4427/1/28
f 4437/1/28 4435/1/28 4436/1/28
f 4435/1/28 4437/1/28 4434/1/28
f 4434/1/28 4437/1/28 4438/1/28
f 4434/1/28 4438/1/28 4433/1/28
f 4441/1/28 4439/1/28 4440/1/28
f 4439/1/28 4441/1/28 4442/1/28
f 4439/1/28 4442/1/28 4444/1/28
f 4444/1/28 4442/1/28 4443/1/28
f 4447/1/28 4445/1/28 4446/1/28
f 4445/1/28 4447/1/28 4448/1/28
f 4445/1/28 4448/1/28 4450/1/28
f 4450/1/28 4448/1/28 4449/1/28
f 4453/1/28 4451/1/28 4452/1/28
f 4451/1/28 4453/1/28 4454/1/28
f 4451/1/28 4454/1/28 4456/1/28
f 4456/1/28 4454/1/28 4455/1/28
f 4459/1/28 4457/1/28 4458/1/28
f 4457/1/28 4459/1/28 4460/1/28
f 4457/1/28 4460/1/28 4462/1/28
f 4462/1/28 4460/1/28 4461/1/28
f 4465/1/28 4463/1/28 4464/1/28
f 4463/1/28 4465/1/28 4466/1/28
f 4463/1/28 4466/1/28 4468/1/28
f 4468/1/28 4466/1/28 4467/1/28
f 4471/1/28 4469/1/28 4470/1/28
f 4469/1/28 4471/1/28 4472/1/28
f 4469/1/28 4472/1/28 4474/1/28
f 4474/1/28 4472/1/28 4473/1/28
f 4477/1/28 4475/1/28 4476/1/28
f 4475/1/28 4477/1/28 4478/1/28
f 4475/1/28 4478/1/28 4480/1/28
f 4480/1/28 4478/1/28 4479/1/28
f 4483/1/28 4481/1/28 4482/1/28
f 4481/1/28 4483/1/28 4484/1/28
f 4481/1/28 4484/1/28 4486/1/28
f 4486/1/28 4484/1/28 4485/1/28
f 4489/1/28 4487/1/28 4488/1/28
f 4487/1/28 4489/1/28 4490/1/28
f 4487/1/28 4490/1/28 4492/1/28
f 4492/1/28 4490/1/28 4491/1/28
f 4495/1/28 4493/1/28 4494/1/28
f 4493/1/28 4495/1/28 4496/1/28
f 4493/1/28 4496/1/28 4498/1/28
f 4498/1/28 4496/1/28 4497/1/28
f 4503/1/14 4501/1/14 4502/1/14
f 4501/1/14 4503/1/14 4500/1/14
f 4500/1/14 4503/1/14 4504/1/14
f 4500/1/14 4504/1/14 4499/1/14
f 4509/1/14 4507/1/14 4508/1/14
f 4507/1/14 4509/1/14 4506/1/14
f 4506/1/14 4509/1/14 4510/1/14
f 4506/1/14 4510/1/14 4505/1/14
f 4515/1/14 4513/1/14 4514/1/14
f 4513/1/14 4515/1/14 4512/1/14
f 4512/1/14 4515/1/14 4516/1/14
f 4512/1/14 4516/1/14 4511/1/14
f 4521/1/14 4519/1/14 4520/1/14
f 4519/1/14 4521/1/14 4518/1/14
f 4518/1/14 4521/1/14 4522/1/14
f 4518/1/14 4522/1/14 4517/1/14
f 4527/1/14 4525/1/14 4526/1/14
f 4525/1/14 4527/1/14 4524/1/14
f 4524/1/14 4527/1/14 4528/1/14
f 4524/1/14 4528/1/14 4523/1/14
f 4533/1/14 4531/1/14 4532/1/14
f 4531/1/14 4533/1/14 4530/1/14
f 4530/1/14 4533/1/14 4534/1/14
f 4530/1/14 4534/1/14 4529/1/14
f 4540/1/14 4538/1/14 4539/1/14
f 4538/1/14 4540/1/14 4535/1/14
f 4538/1/14 4535/1/14 4537/1/14
f 4537/1/14 4535/1/14 4536/1/14
f 4546/1/14 4544/1/14 4545/1/14
f 4544/1/14 4546/1/14 4541/1/14
f 4544/1/14 4541/1/14 4543/1/14
f 4543/1/14 4541/1/14 4542/1/14
f 4552/1/14 4550/1/14 4551/1/14
f 4550/1/14 4552/1/14 4547/1/14
f 4550/1/14 4547/1/14 4549/1/14
f 4549/1/14 4547/1/14 4548/1/14
f 4558/1/14 4556/1/14 4557/1/14
f 4556/1/14 4558/1/14 4553/1/14
f 4556/1/14 4553/1/14 4555/1/14
f 4555/1/14 4553/1/14 4554/1/14
f 4559/1/14 4563/1/14 4564/1/14
f 4563/1/14 4559/1/14 4560/1/14
f 4563/1/14 4560/1/14 4562/1/14
f 4562/1/14 4560/1/14 4561/1/14
f 4565/1/14 4569/1/14 4570/1/14
f 4569/1/14 4565/1/14 4566/1/14
f 4569/1/14 4566/1/14 4568/1/14
f 4568/1/14 4566/1/14 4567/1/14
f 4571/1/14 4575/1/14 4576/1/14
f 4575/1/14 4571/1/14 4572/1/14
f 4575/1/14 4572/1/14 4574/1/14
f 4574/1/14 4572/1/14 4573/1/14
f 4577/1/14 4581/1/14 4582/1/14
f 4581/1/14 4577/1/14 4578/1/14
f 4581/1/14 4578/1/14 4580/1/14
f 4580/1/14 4578/1/14 4579/1/14
f 4587/1/226 4585/1/226 4586/1/226
f 4585/1/226 4587/1/226 4584/1/226
f 4584/1/226 4587/1/226 4588/1/226
f 4584/1/226 4588/1/226 4583/1/226
f 4593/1/226 4591/1/226 4592/1/226
f 4591/1/226 4593/1/226 4590/1/226
f 4590/1/226 4593/1/226 4594/1/226
f 4590/1/226 4594/1/226 4589/1/226
f 4599/1/226 4597/1/226 4598/1/226
f 4597/1/226 4599/1/226 4596/1/226
f 4596/1/226 4599/1/226 4600/1/226
f 4596/1/226 4600/1/226 4595/1/226
f 4605/1/226 4603/1/226 4604/1/226
f 4603/1/226 4605/1/226 4602/1/226
f 4602/1/226 4605/1/226 4606/1/226
f 4602/1/226 4606/1/226 4601/1/226
f 4611/1/226 4609/1/226 4610/1/226
f 4609/1/226 4611/1/226 4608/1/226
f 4608/1/226 4611/1/226 4612/1/226
f 4608/1/226 4612/1/226 4607/1/226
f 4617/1/226 4615/1/226 4616/1/226
f 4615/1/226 4617/1/226 4614/1/226
f 4614/1/226 4617/1/226 4618/1/226
f 4614/1/226 4618/1/226 4613/1/226
f 4624/1/227 4622/1/227 4623/1/227
f 4622/1/227 4624/1/227 4619/1/227
f 4622/1/227 4619/1/227 4621/1/227
f 4621/1/227 4619/1/227 4620/1/227
f 4630/1/227 4628/1/227 4629/1/227
f 4628/1/227 4630/1/227 4625/1/227
f 4628/1/227 4625/1/227 4627/1/227
f 4627/1/227 4625/1/227 4626/1/227
f 4636/1/227 4634/1/227 4635/1/227
f 4634/1/227 4636/1/227 4631/1/227
f 4634/1/227 4631/1/227 4633/1/227
f 4633/1/227 4631/1/227 4632/1/227
f 4637/1/227 4641/1/227 4642/1/227
f 4641/1/227 4637/1/227 4638/1/227
f 4641/1/227 4638/1/227 4640/1/227
f 4640/1/227 4638/1/227 4639/1/227
f 4643/1/227 4647/1/227 4648/1/227
f 4647/1/227 4643/1/227 4644/1/227
s 1
f 4647/1/227 4644/1/227 4646/1/227
s 0
f 4646/1/227 4644/1/227 4645/1/227
f 4649/1/227 4653/1/227 4654/1/227
f 4653/1/227 4649/1/227 4650/1/227
f 4653/1/227 4650/1/227 4652/1/227
f 4652/1/227 4650/1/227 4651/1/227
