# Blender 5.2.0 LTS
# www.blender.org
mtllib 06_Tunnel_AIRPORT_0.mtl
o 06.Tunnel_AIRPORT_0
v -14.319124 -4.978415 -0.785521
v -13.755701 -4.978415 -0.222068
v -13.780148 -3.762562 -0.246516
v -14.292948 -4.978416 -0.811697
v -13.753973 -3.762562 -0.272693
v -13.729523 -4.978415 -0.248245
v -12.721933 -4.978416 -0.811668
v -13.285385 -4.978415 -0.248245
v -13.260939 -3.762562 -0.272693
v -12.695755 -4.978415 -0.785492
v -13.234760 -3.762562 -0.246516
v -13.259209 -4.978415 -0.222068
v -12.695786 -4.978415 0.785523
v -13.259209 -4.978415 0.222070
v -13.234760 -3.762562 0.246518
v -12.721962 -4.978415 0.811699
v -13.260939 -3.762562 0.272694
v -13.285385 -4.978415 0.248247
v -14.292976 -4.978415 0.811670
v -13.729523 -4.978415 0.248247
v -13.753973 -3.762562 0.272694
v -14.319155 -4.978415 0.785494
v -13.780148 -3.762562 0.246517
v -13.755701 -4.978415 0.222070
v 5.651118 4.478797 -2.641121
v 5.744853 4.478797 -2.560646
v 5.647689 4.478796 -2.481694
v 5.783679 4.478797 -2.471942
v 5.783679 4.478798 -1.942910
v 5.744853 4.478798 -1.854206
v 5.647688 4.478796 -1.933158
v 5.651118 4.478798 -1.773731
v 4.848310 4.478798 -1.773732
v 4.754576 4.478798 -1.854207
v 4.851740 4.478796 -1.933158
v 4.715750 4.478798 -1.942910
v 4.715750 4.478797 -2.471942
v 4.754576 4.478797 -2.560646
v 4.851740 4.478796 -2.481695
v 4.848311 4.478797 -2.641121
v 5.825267 -0.987239 -1.880482
v 5.745078 -0.987238 -1.800294
v 5.647688 -0.987239 -1.933156
v 5.745078 -0.987239 -2.614555
v 5.825267 -0.987239 -2.534366
v 5.647689 -0.987239 -2.481693
v 5.825267 -0.607758 -2.534366
v 5.745078 -0.607758 -2.614555
v 5.647689 -0.607758 -2.481693
v 5.745078 -0.607757 -1.800294
v 5.825267 -0.607757 -1.880482
v 5.647688 -0.607757 -1.933156
v 4.754350 -0.987238 -1.800294
v 4.674161 -0.987239 -1.880483
v 4.851740 -0.987239 -1.933156
v 4.674161 -0.607757 -1.880483
v 4.754350 -0.607757 -1.800294
v 4.851740 -0.607757 -1.933157
v 4.674161 -0.987239 -2.534367
v 4.754350 -0.987239 -2.614556
v 4.851740 -0.987239 -2.481693
v 4.754350 -0.607758 -2.614556
v 4.674161 -0.607758 -2.534367
v 4.851740 -0.607758 -2.481693
v 5.651116 4.478799 2.641119
v 5.647687 4.478797 2.481692
v 5.744851 4.478799 2.560643
v 5.783677 4.478799 2.471940
v 5.783677 4.478799 1.942908
v 5.647687 4.478797 1.933156
v 5.744852 4.478799 1.854204
v 5.651116 4.478799 1.773729
v 4.848310 4.478799 1.773729
v 4.851739 4.478797 1.933155
v 4.754575 4.478799 1.854204
v 4.715749 4.478799 1.942907
v 4.715748 4.478799 2.471939
v 4.851738 4.478797 2.481692
v 4.754574 4.478799 2.560643
v 4.848309 4.478799 2.641118
v 5.825266 -0.987237 1.880484
v 5.647687 -0.987237 1.933157
v 5.745077 -0.987237 1.800295
v 5.745077 -0.987237 2.614556
v 5.647687 -0.987237 2.481694
v 5.825265 -0.987237 2.534367
v 5.825265 -0.607756 2.534367
v 5.647687 -0.607756 2.481694
v 5.745077 -0.607756 2.614556
v 5.745077 -0.607756 1.800295
v 5.647687 -0.607756 1.933157
v 5.825266 -0.607756 1.880483
v 4.754348 -0.987237 1.800295
v 4.851739 -0.987237 1.933157
v 4.674160 -0.987237 1.880483
v 4.674160 -0.607756 1.880483
v 4.851739 -0.607756 1.933157
v 4.754348 -0.607756 1.800295
v 4.674160 -0.987237 2.534367
v 4.851738 -0.987237 2.481693
v 4.754348 -0.987237 2.614555
v 4.754348 -0.607756 2.614555
v 4.851738 -0.607756 2.481693
v 4.674160 -0.607756 2.534367
v 10.614286 3.514426 -1.915421
v 10.080858 3.514425 -2.136375
v 9.508418 3.514426 -0.000003
v 9.508418 0.399842 -0.000002
v 9.508419 0.399841 -2.211737
v 10.080858 0.399841 -2.136374
v 10.614286 0.399842 -1.915420
v 11.072352 0.399842 -1.563934
v 11.072353 0.399842 -1.461720
v 11.072353 0.399842 -1.237918
v 11.072353 0.399842 -0.000002
v 9.508419 3.514425 -2.211738
v 11.072353 3.514426 -0.000003
v 11.072352 3.514426 -1.563935
v 11.736313 1.719236 -1.461720
v 11.827793 1.745916 -1.461720
v 13.264856 0.583004 -1.461719
v 11.865686 1.810328 -1.461720
v 11.865686 1.810328 -1.296880
v 11.827793 1.745916 -1.296880
v 13.264856 0.583004 -1.296879
v 11.736313 1.719236 -1.296880
v 11.865686 2.726170 -1.461720
v 11.827793 2.790582 -1.461720
v 13.264856 3.331263 -1.461720
v 11.736313 2.817262 -1.461720
v 11.736313 2.817262 -1.296880
v 11.827793 2.790582 -1.296880
v 13.264856 3.331263 -1.296880
v 11.865686 2.726170 -1.296880
v 11.431836 1.719236 -1.296880
v 11.340355 1.745916 -1.296880
v 11.072433 0.583004 -1.296880
v 11.302464 1.810328 -1.296880
v 11.302464 2.726170 -1.296880
v 11.340355 2.790582 -1.296880
v 11.072433 3.331263 -1.296880
v 11.431836 2.817262 -1.296880
v 11.431836 2.817262 -1.461720
v 11.340355 2.790582 -1.461720
v 10.970139 3.331263 -1.461721
v 11.302464 2.726170 -1.461720
v 11.302464 1.810328 -1.461720
v 11.340355 1.745916 -1.461720
v 10.970139 0.583004 -1.461720
v 11.431836 1.719236 -1.461720
v 14.688860 3.443508 -1.461720
v 14.688860 3.514426 -1.361000
v 14.688860 3.446794 -1.431422
v 10.614286 3.514426 1.915416
v 10.080856 3.514427 2.136369
v 10.080856 0.399843 2.136370
v 9.508417 0.399843 2.211733
v 10.614286 0.399843 1.915417
v 11.072352 0.399843 1.461716
v 11.072351 0.399843 1.563931
v 11.072352 0.399842 1.237915
v 9.508417 3.514427 2.211732
v 11.072351 3.514426 1.563930
v 11.736312 1.719236 1.461716
v 13.264856 0.583005 1.461717
v 11.827792 1.745917 1.461716
v 11.865685 1.810329 1.461716
v 11.865685 1.810329 1.296876
v 13.264856 0.583005 1.296877
v 11.827792 1.745917 1.296876
v 11.736312 1.719236 1.296876
v 11.865685 2.726171 1.461716
v 13.264856 3.331264 1.461716
v 11.827792 2.790583 1.461716
v 11.736312 2.817263 1.461716
v 11.736312 2.817263 1.296876
v 13.264856 3.331264 1.296876
v 11.827792 2.790583 1.296876
v 11.865685 2.726171 1.296876
v 11.431835 1.719236 1.296876
v 11.072432 0.583005 1.296876
v 11.340355 1.745917 1.296876
v 11.302462 1.810329 1.296876
v 11.302462 2.726171 1.296876
v 11.072432 3.331264 1.296876
v 11.340355 2.790583 1.296876
v 11.431835 2.817263 1.296876
v 11.431835 2.817263 1.461716
v 10.970137 3.331264 1.461716
v 11.340355 2.790583 1.461716
v 11.302462 2.726171 1.461716
v 11.302462 1.810329 1.461716
v 10.970137 0.583005 1.461716
v 11.340355 1.745917 1.461716
v 11.431835 1.719236 1.461716
v 14.688860 3.443509 1.461717
v 14.688860 3.446795 1.431419
v 14.688860 3.514426 1.360998
v 9.841797 3.489530 -0.192479
v 9.780621 3.489530 -0.272205
v 11.075327 3.489530 -0.920676
v 9.780621 3.646085 -0.272205
v 9.841797 3.646085 -0.192479
v 11.075327 3.646084 -0.920676
v 9.841797 3.489530 0.192473
v 11.075327 3.489531 0.920671
v 9.780621 3.489530 0.272199
v 9.780621 3.646085 0.272199
v 11.075327 3.646085 0.920671
v 9.841797 3.646085 0.192473
v 13.236532 1.030605 -1.123607
v 13.236532 0.942585 -1.100022
v 13.236532 0.544600 -1.340472
v 13.236532 0.878150 -1.035587
v 13.236532 0.854564 -0.947566
v 13.236532 3.141145 -0.947566
v 13.236532 3.117559 -1.035587
v 13.236532 3.369667 -1.340473
v 13.236532 3.053124 -1.100023
v 13.236532 2.965103 -1.123608
v 13.109869 0.854564 -0.947566
v 13.109869 0.878150 -1.035587
v 13.109869 0.544600 -1.340472
v 13.109869 0.942585 -1.100022
v 13.109869 1.030605 -1.123608
v 13.109869 2.965103 -1.123608
v 13.109869 3.053124 -1.100023
v 13.109869 3.369667 -1.340473
v 13.109869 3.117559 -1.035587
v 13.109869 3.141145 -0.947566
v 13.236532 0.854564 -0.392907
v 13.236532 0.878150 -0.304886
v 13.236532 0.544600 -0.000001
v 13.236532 0.942585 -0.240451
v 13.236532 1.030606 -0.216866
v 13.236532 2.965103 -0.216866
v 13.236532 3.053124 -0.240451
v 13.236532 3.369668 -0.000002
v 13.236532 3.117559 -0.304887
v 13.236532 3.141145 -0.392908
v 13.109868 1.030606 -0.216866
v 13.109868 0.942585 -0.240451
v 13.109868 0.544600 -0.000001
v 13.109868 0.878150 -0.304886
v 13.109868 0.854564 -0.392907
v 13.109868 3.141145 -0.392908
v 13.109868 3.117559 -0.304887
v 13.109868 3.369668 -0.000002
v 13.109868 3.053124 -0.240451
v 13.109868 2.965103 -0.216866
v 12.988834 1.030606 1.123605
v 12.988834 0.942585 1.100020
v 12.988834 0.544601 1.340470
v 12.988834 0.878150 1.035584
v 12.988834 0.854565 0.947564
v 12.988834 3.141145 0.947563
v 12.988834 3.117560 1.035584
v 12.988834 3.369668 1.340469
v 12.988834 3.053125 1.100019
v 12.988834 2.965103 1.123604
v 13.115499 0.854565 0.947564
v 13.115499 0.878150 1.035584
v 13.115499 0.544601 1.340470
v 13.115499 0.942585 1.100020
v 13.115499 1.030606 1.123605
v 13.115499 2.965103 1.123604
v 13.115499 3.053125 1.100019
v 13.115499 3.369668 1.340469
v 13.115499 3.117560 1.035584
v 13.115499 3.141145 0.947563
v 12.988834 0.854564 0.392905
v 12.988834 0.878150 0.304884
v 12.988834 0.544600 -0.000001
v 12.988834 0.942585 0.240449
v 12.988834 1.030606 0.216863
v 12.988834 2.965103 0.216863
v 12.988834 3.053124 0.240448
v 12.988834 3.369668 -0.000002
v 12.988834 3.117559 0.304884
v 12.988834 3.141145 0.392904
v 13.115499 1.030606 0.216863
v 13.115499 0.942585 0.240449
v 13.115499 0.544600 -0.000001
v 13.115499 0.878150 0.304884
v 13.115499 0.854564 0.392905
v 13.115499 3.141145 0.392904
v 13.115499 3.117559 0.304884
v 13.115499 3.369668 -0.000002
v 13.115499 3.053124 0.240448
v 13.115499 2.965103 0.216863
v 5.767757 -4.085055 -1.179948
v 5.837680 -3.970710 -1.339206
v 5.837679 -3.970709 1.339214
v 5.767757 -4.085054 1.179955
v 5.767757 -4.085054 1.179955
v 5.837679 -3.970709 1.339214
v 4.661711 -3.970709 1.339214
v 4.731634 -4.085054 1.179955
v 4.731634 -4.085054 1.179955
v 4.661711 -3.970709 1.339214
v 4.661712 -3.970710 -1.339207
v 4.731635 -4.085055 -1.179948
v 4.731635 -4.085055 -1.179948
v 4.661712 -3.970710 -1.339207
v 5.837680 -3.970710 -1.339206
v 5.767757 -4.085055 -1.179948
v 5.837679 -5.001592 1.339215
v 4.661711 -5.001592 1.339214
v 4.661712 -5.001593 -1.339207
v 5.837680 -5.001593 -1.339206
v 4.795288 -3.970709 1.197167
v 5.704102 -3.970709 1.197167
v 5.704102 -3.771308 1.197167
v 4.795288 -3.771308 1.197167
v 4.661712 -5.001593 -1.339207
v 4.731635 -4.887247 -1.179948
v 5.767757 -4.887247 -1.179947
v 5.837680 -5.001593 -1.339206
v 4.731635 -4.887247 -1.179948
v 4.731635 -4.085055 -1.179948
v 5.767757 -4.085055 -1.179948
v 5.767757 -4.887247 -1.179947
v 4.661711 -5.001592 1.339214
v 4.731634 -4.887246 1.179955
v 4.731635 -4.887247 -1.179948
v 4.661712 -5.001593 -1.339207
v 4.731634 -4.887246 1.179955
v 4.731634 -4.085054 1.179955
v 4.731635 -4.085055 -1.179948
v 4.731635 -4.887247 -1.179948
v 5.837679 -5.001592 1.339215
v 5.767757 -4.887246 1.179955
v 4.731634 -4.887246 1.179955
v 4.661711 -5.001592 1.339214
v 5.767757 -4.887246 1.179955
v 5.767757 -4.085054 1.179955
v 4.731634 -4.085054 1.179955
v 4.731634 -4.887246 1.179955
v 5.837680 -5.001593 -1.339206
v 5.767757 -4.887247 -1.179947
v 5.767757 -4.887246 1.179955
v 5.837679 -5.001592 1.339215
v 5.767757 -4.887247 -1.179947
v 5.767757 -4.085055 -1.179948
v 5.767757 -4.085054 1.179955
v 5.767757 -4.887246 1.179955
v 5.704103 -3.970710 -1.197159
v 5.704102 -3.970709 1.197167
v 5.837679 -3.970709 1.339214
v 5.837680 -3.970710 -1.339206
v 5.704102 -3.970709 1.197167
v 4.795288 -3.970709 1.197167
v 4.661711 -3.970709 1.339214
v 5.837679 -3.970709 1.339214
v 4.795288 -3.970709 1.197167
v 4.795289 -3.970710 -1.197160
v 4.661712 -3.970710 -1.339207
v 4.661711 -3.970709 1.339214
v 4.795289 -3.970710 -1.197160
v 5.704103 -3.970710 -1.197159
v 5.837680 -3.970710 -1.339206
v 4.661712 -3.970710 -1.339207
v 4.795288 -3.771308 1.197167
v 5.704102 -3.771308 1.197167
v 5.704103 -3.771309 -1.197159
v 4.795289 -3.771309 -1.197160
v 4.795289 -3.970710 -1.197160
v 4.795288 -3.970709 1.197167
v 4.795288 -3.771308 1.197167
v 4.795289 -3.771309 -1.197160
v 5.704102 -3.970709 1.197167
v 5.704103 -3.970710 -1.197159
v 5.704103 -3.771309 -1.197159
v 5.704102 -3.771308 1.197167
v 5.704103 -3.970710 -1.197159
v 4.795289 -3.970710 -1.197160
v 4.795289 -3.771309 -1.197160
v 5.704103 -3.771309 -1.197159
v -8.354383 3.242248 -0.000003
v -8.354383 3.242247 -1.285117
v -11.944321 3.242247 -1.285118
v -11.944321 3.242248 -0.000004
v -4.095697 0.502856 -0.000001
v -8.354383 0.502856 -0.000002
v -8.354382 0.502855 -1.533102
v -4.095696 0.502855 -1.533101
v -4.095697 3.411413 -0.000002
v 0.162989 3.411413 -0.000000
v 0.162990 3.411412 -1.533100
v -4.095696 3.411412 -1.533102
v -8.354383 0.672021 -0.000002
v -8.354383 0.672020 -1.285116
v -8.354382 0.502855 -1.533102
v -8.354383 0.502856 -0.000002
v -8.354383 0.672020 -1.285116
v -8.354383 3.242247 -1.285117
v -8.354382 3.411412 -1.533103
v -8.354382 0.502855 -1.533102
v -8.354383 3.242247 -1.285117
v -8.354383 3.242248 -0.000003
v -8.354383 3.411413 -0.000003
v -8.354382 3.411412 -1.533103
v -8.354383 0.672020 -1.285116
v -8.354383 0.672021 -0.000002
v -11.944321 0.672021 -0.000003
v -11.944321 0.672020 -1.285117
v -0.024585 0.784141 -1.533100
v -0.024585 3.223838 -1.533100
v 0.162990 3.411412 -1.533100
v 0.162990 0.502855 -1.533099
v -8.166807 3.223838 -1.533103
v -8.166807 0.784141 -1.533102
v -8.354382 0.502855 -1.533102
v -8.354382 3.411412 -1.533103
v -4.095696 0.784141 -1.533101
v -0.024585 0.784141 -1.533100
v 0.162990 0.502855 -1.533099
v -4.095696 0.502855 -1.533101
v -4.095696 3.223838 -1.533102
v -8.166807 3.223838 -1.533103
v -8.354382 3.411412 -1.533103
v -4.095696 3.411412 -1.533102
v -8.541958 0.953306 -1.285116
v -8.541958 3.054673 -1.285117
v -8.354383 3.242247 -1.285117
v -8.354383 0.672020 -1.285116
v -11.756746 3.054673 -1.285118
v -11.756746 0.953306 -1.285117
v -11.944321 0.672020 -1.285117
v -11.944321 3.242247 -1.285118
v -8.541958 3.054673 -1.285117
v -11.756746 3.054673 -1.285118
v -11.944321 3.242247 -1.285118
v -8.354383 3.242247 -1.285117
v -11.756746 0.953306 -1.285117
v -8.541958 0.953306 -1.285116
v -8.354383 0.672020 -1.285116
v -11.944321 0.672020 -1.285117
v -8.287374 3.176806 -0.000003
v -11.944321 3.149699 -0.000004
v -11.944321 3.176806 -1.195844
v -8.287374 3.214344 -1.195843
v -4.062975 0.575846 -0.000001
v -4.068981 0.562292 -1.441216
v -8.287374 0.556288 -1.441218
v -8.287374 0.556288 -0.000002
v -4.062976 3.332417 -0.000002
v -4.068981 3.351975 -1.441217
v 0.162990 3.345970 -1.441216
v 0.162989 3.318865 -0.000000
v -8.287374 0.718693 -0.000002
v -8.287374 0.556288 -0.000002
v -8.287374 0.556288 -1.441218
v -8.287374 0.718693 -1.195842
v -8.287374 0.718693 -1.195842
v -8.287374 0.556288 -1.441218
v -8.287374 3.357979 -1.441218
v -8.287374 3.214344 -1.195843
v -8.287374 3.214344 -1.195843
v -8.287374 3.357979 -1.441218
v -8.287374 3.345971 -0.000003
v -8.287374 3.176806 -0.000003
v -8.287374 0.718693 -1.195842
v -11.944321 0.718693 -1.195843
v -11.944321 0.718693 -0.000003
v -8.287374 0.718693 -0.000002
v -0.024585 0.784141 -1.441215
v 0.162990 0.568297 -1.441215
v 0.162990 3.345970 -1.441216
v -0.024585 3.223838 -1.441216
v -8.166809 3.223838 -1.441218
v -8.287374 3.357979 -1.441218
v -8.287374 0.556288 -1.441218
v -8.166809 0.784141 -1.441218
v -4.095697 0.784141 -1.441216
v -4.068981 0.562292 -1.441216
v 0.162990 0.568297 -1.441215
v -0.024585 0.784141 -1.441215
v -4.095697 3.223838 -1.441217
v -4.068981 3.351975 -1.441217
v -8.287374 3.357979 -1.441218
v -8.166809 3.223838 -1.441218
v -8.541958 0.953306 -1.195842
v -8.287374 0.718693 -1.195842
v -8.287374 3.214344 -1.195843
v -8.541958 3.054673 -1.195843
v -11.756746 3.054673 -1.195844
v -11.944321 3.176806 -1.195844
v -11.944321 0.718693 -1.195843
v -11.756746 0.953306 -1.195843
v -8.541958 3.054673 -1.195843
v -8.287374 3.214344 -1.195843
v -11.944321 3.176806 -1.195844
v -11.756746 3.054673 -1.195844
v -11.756746 0.953306 -1.195843
v -11.944321 0.718693 -1.195843
v -8.287374 0.718693 -1.195842
v -8.541958 0.953306 -1.195842
v 0.162989 0.502856 0.000001
v 0.162990 0.502855 -1.533099
v 0.162990 0.568297 -1.441215
v 0.162989 0.595404 0.000001
v -0.024585 3.223838 -1.471401
v -0.024585 0.784141 -1.471400
v -0.024585 0.784141 -1.441215
v -0.024585 3.223838 -1.441216
v -11.944321 3.242248 -0.000004
v -11.944321 3.242247 -1.285118
v -11.944321 3.176806 -1.195844
v -11.944321 3.149699 -0.000004
v -11.756746 0.953306 -1.223418
v -11.756746 3.054673 -1.223419
v -11.756746 3.054673 -1.195844
v -11.756746 0.953306 -1.195843
v 0.162990 3.411412 -1.533100
v 0.162989 3.411413 -0.000000
v 0.162989 3.318865 -0.000000
v 0.162990 3.345970 -1.441216
v -11.944321 0.672020 -1.285117
v -11.944321 0.672021 -0.000003
v -11.944321 0.718693 -0.000003
v -11.944321 0.718693 -1.195843
v 0.162990 0.502855 -1.533099
v 0.162990 3.411412 -1.533100
v 0.162990 3.345970 -1.441216
v 0.162990 0.568297 -1.441215
v -8.166807 0.784141 -1.471403
v -8.166807 3.223838 -1.471404
v -8.166809 3.223838 -1.441218
v -8.166809 0.784141 -1.441218
v -4.095696 0.784141 -1.471402
v -8.166807 0.784141 -1.471403
v -8.166809 0.784141 -1.441218
v -4.095697 0.784141 -1.441216
v -4.095696 3.223838 -1.471403
v -0.024585 3.223838 -1.471401
v -0.024585 3.223838 -1.441216
v -4.095697 3.223838 -1.441217
v -8.541958 3.054673 -1.223418
v -8.541958 0.953306 -1.223417
v -8.541958 0.953306 -1.195842
v -8.541958 3.054673 -1.195843
v -11.944321 3.242247 -1.285118
v -11.944321 3.176806 -1.195844
v -11.756746 3.054673 -1.223419
v -8.541958 3.054673 -1.223418
v -8.541958 3.054673 -1.195843
v -11.756746 3.054673 -1.195844
v -8.541958 0.953306 -1.223417
v -11.756746 0.953306 -1.223418
v -11.756746 0.953306 -1.195843
v -8.541958 0.953306 -1.195842
v -8.166807 3.223838 -1.471404
v -4.095696 3.223838 -1.471403
v -4.095697 3.223838 -1.441217
v -8.166809 3.223838 -1.441218
v -0.024585 3.223838 -1.441216
v 0.162990 3.345970 -1.441216
v -4.068981 3.351975 -1.441217
v -4.095697 3.223838 -1.441217
v -8.287374 3.345971 -0.000003
v -8.287374 3.357979 -1.441218
v -4.068981 3.351975 -1.441217
v -4.062976 3.332417 -0.000002
v -0.024585 3.223838 -1.533100
v -4.095696 3.223838 -1.533102
v -4.095696 3.411412 -1.533102
v 0.162990 3.411412 -1.533100
v -8.354383 3.411413 -0.000003
v -4.095697 3.411413 -0.000002
v -4.095696 3.411412 -1.533102
v -8.354382 3.411412 -1.533103
v -0.024585 0.784141 -1.471400
v -4.095696 0.784141 -1.471402
v -4.095697 0.784141 -1.441216
v -0.024585 0.784141 -1.441215
v -8.166809 0.784141 -1.441218
v -8.287374 0.556288 -1.441218
v -4.068981 0.562292 -1.441216
v -4.095697 0.784141 -1.441216
v 0.162989 0.595404 0.000001
v 0.162990 0.568297 -1.441215
v -4.068981 0.562292 -1.441216
v -4.062975 0.575846 -0.000001
v -8.166807 0.784141 -1.533102
v -4.095696 0.784141 -1.533101
v -4.095696 0.502855 -1.533101
v -8.354382 0.502855 -1.533102
v 0.162989 0.502856 0.000001
v -4.095697 0.502856 -0.000001
v -4.095696 0.502855 -1.533101
v 0.162990 0.502855 -1.533099
v -0.024585 0.784141 -1.533100
v -4.095696 0.784141 -1.533101
v -4.095696 0.784141 -1.502252
v -0.024585 0.784141 -1.502250
v -4.095696 3.223838 -1.471403
v -8.166807 3.223838 -1.471404
v -8.166807 0.784141 -1.471403
v -4.095696 0.784141 -1.471402
v -8.166807 3.223838 -1.533103
v -4.095696 3.223838 -1.533102
v -4.095696 3.223838 -1.502252
v -8.166807 3.223838 -1.502254
v -0.024585 3.223838 -1.471401
v -4.095696 3.223838 -1.471403
v -4.095696 0.784141 -1.471402
v -0.024585 0.784141 -1.471400
v -4.095696 3.223838 -1.533102
v -0.024585 3.223838 -1.533100
v -0.024585 3.223838 -1.502251
v -4.095696 3.223838 -1.502252
v -4.095696 3.223838 -1.502252
v -0.024585 3.223838 -1.502251
v -0.024585 0.784141 -1.502250
v -4.095696 0.784141 -1.502252
v -4.095696 0.784141 -1.533101
v -8.166807 0.784141 -1.533102
v -8.166807 0.784141 -1.502253
v -4.095696 0.784141 -1.502252
v -8.166807 3.223838 -1.502254
v -4.095696 3.223838 -1.502252
v -4.095696 0.784141 -1.502252
v -8.166807 0.784141 -1.502253
v -8.166807 0.784141 -1.533102
v -8.166807 3.223838 -1.533103
v -8.166807 3.223838 -1.502254
v -8.166807 0.784141 -1.502253
v -0.024585 3.223838 -1.533100
v -0.024585 0.784141 -1.533100
v -0.024585 0.784141 -1.502250
v -0.024585 3.223838 -1.502251
v -8.541958 0.953306 -1.285116
v -11.756746 0.953306 -1.285117
v -11.756746 0.953306 -1.254268
v -8.541958 0.953306 -1.254267
v -11.756746 3.054673 -1.254268
v -8.541958 3.054673 -1.254267
v -8.541958 0.953306 -1.254267
v -11.756746 0.953306 -1.254268
v -11.756746 3.054673 -1.285118
v -8.541958 3.054673 -1.285117
v -8.541958 3.054673 -1.254267
v -11.756746 3.054673 -1.254268
v -8.541958 3.054673 -1.223418
v -11.756746 3.054673 -1.223419
v -11.756746 0.953306 -1.223418
v -8.541958 0.953306 -1.223417
v -8.541958 3.054673 -1.285117
v -8.541958 0.953306 -1.285116
v -8.541958 0.953306 -1.254267
v -8.541958 3.054673 -1.254267
v -11.756746 0.953306 -1.285117
v -11.756746 3.054673 -1.285118
v -11.756746 3.054673 -1.254268
v -11.756746 0.953306 -1.254268
v -8.354383 3.242248 -0.000003
v -11.944321 3.242248 -0.000004
v -11.944321 3.242248 1.285110
v -8.354383 3.242248 1.285111
v -4.095697 0.502856 -0.000001
v -4.095698 0.502856 1.533099
v -8.354383 0.502856 1.533098
v -8.354383 0.502856 -0.000002
v -4.095697 3.411413 -0.000002
v -4.095698 3.411413 1.533098
v 0.162989 3.411413 1.533100
v 0.162989 3.411413 -0.000000
v -8.354383 0.672021 -0.000002
v -8.354383 0.502856 -0.000002
v -8.354383 0.502856 1.533098
v -8.354383 0.672021 1.285112
v -8.354383 0.672021 1.285112
v -8.354383 0.502856 1.533098
v -8.354383 3.411413 1.533097
v -8.354383 3.242248 1.285111
v -8.354383 3.242248 1.285111
v -8.354383 3.411413 1.533097
v -8.354383 3.411413 -0.000003
v -8.354383 3.242248 -0.000003
v -8.354383 0.672021 1.285112
v -11.944321 0.672021 1.285110
v -11.944321 0.672021 -0.000003
v -8.354383 0.672021 -0.000002
v -0.024586 0.784142 1.533101
v 0.162989 0.502856 1.533101
v 0.162989 3.411413 1.533100
v -0.024586 3.223839 1.533100
v -8.166809 3.223839 1.533097
v -8.354383 3.411413 1.533097
v -8.354383 0.502856 1.533098
v -8.166809 0.784142 1.533098
v -4.095698 0.784142 1.533099
v -4.095698 0.502856 1.533099
v 0.162989 0.502856 1.533101
v -0.024586 0.784142 1.533101
v -4.095698 3.223839 1.533098
v -4.095698 3.411413 1.533098
v -8.354383 3.411413 1.533097
v -8.166809 3.223839 1.533097
v -8.541958 0.953307 1.285112
v -8.354383 0.672021 1.285112
v -8.354383 3.242248 1.285111
v -8.541958 3.054674 1.285111
v -11.756746 3.054674 1.285110
v -11.944321 3.242248 1.285110
v -11.944321 0.672021 1.285110
v -11.756746 0.953307 1.285111
v -8.541958 3.054674 1.285111
v -8.354383 3.242248 1.285111
v -11.944321 3.242248 1.285110
v -11.756746 3.054674 1.285110
v -11.756746 0.953307 1.285111
v -11.944321 0.672021 1.285110
v -8.354383 0.672021 1.285112
v -8.541958 0.953307 1.285112
v -8.287374 3.176806 -0.000003
v -8.287374 3.214345 1.195837
v -11.944321 3.176807 1.195836
v -11.944321 3.149699 -0.000004
v -4.062975 0.575846 -0.000001
v -8.287374 0.556288 -0.000002
v -8.287374 0.556289 1.441213
v -4.068981 0.562293 1.441215
v -4.062976 3.332417 -0.000002
v 0.162989 3.318865 -0.000000
v 0.162989 3.345971 1.441215
v -4.068981 3.351976 1.441214
v -8.287374 0.718694 1.195838
v -8.287374 0.556289 1.441213
v -8.287374 3.214345 1.195837
v -8.287374 3.357980 1.441212
v -8.287374 0.718694 1.195838
v -8.287374 0.718693 -0.000002
v -11.944321 0.718693 -0.000003
v -11.944321 0.718694 1.195836
v -0.024586 0.784142 1.441216
v -0.024586 3.223839 1.441215
v 0.162989 3.345971 1.441215
v 0.162989 0.568298 1.441216
v -8.166809 3.223839 1.441213
v -8.166809 0.784142 1.441213
v -8.287374 0.556289 1.441213
v -8.287374 3.357980 1.441212
v -4.095697 0.784142 1.441215
v -0.024586 0.784142 1.441216
v 0.162989 0.568298 1.441216
v -4.068981 0.562293 1.441215
v -4.095697 3.223839 1.441214
v -8.166809 3.223839 1.441213
v -8.287374 3.357980 1.441212
v -4.068981 3.351976 1.441214
v -8.541958 0.953307 1.195837
v -8.541958 3.054674 1.195837
v -8.287374 3.214345 1.195837
v -8.287374 0.718694 1.195838
v -11.756746 3.054674 1.195836
v -11.756746 0.953307 1.195837
v -11.944321 0.718694 1.195836
v -11.944321 3.176807 1.195836
v -8.541958 3.054674 1.195837
v -11.756746 3.054674 1.195836
v -11.944321 3.176807 1.195836
v -8.287374 3.214345 1.195837
v -11.756746 0.953307 1.195837
v -8.541958 0.953307 1.195837
v -8.287374 0.718694 1.195838
v -11.944321 0.718694 1.195836
v 0.162989 0.502856 0.000001
v 0.162989 0.595404 0.000001
v 0.162989 0.568298 1.441216
v 0.162989 0.502856 1.533101
v -0.024586 3.223839 1.471401
v -0.024586 3.223839 1.441215
v -0.024586 0.784142 1.441216
v -0.024586 0.784142 1.471402
v -11.944321 3.242248 -0.000004
v -11.944321 3.149699 -0.000004
v -11.944321 3.176807 1.195836
v -11.944321 3.242248 1.285110
v -11.756746 0.953307 1.223412
v -11.756746 0.953307 1.195837
v -11.756746 3.054674 1.195836
v -11.756746 3.054674 1.223411
v 0.162989 3.411413 1.533100
v 0.162989 3.345971 1.441215
v 0.162989 3.318865 -0.000000
v 0.162989 3.411413 -0.000000
v -11.944321 0.672021 1.285110
v -11.944321 0.718694 1.195836
v 0.162989 0.502856 1.533101
v 0.162989 0.568298 1.441216
v 0.162989 3.345971 1.441215
v 0.162989 3.411413 1.533100
v -8.166809 0.784142 1.471399
v -8.166809 0.784142 1.441213
v -8.166809 3.223839 1.441213
v -8.166809 3.223839 1.471398
v -4.095698 0.784142 1.471400
v -4.095697 0.784142 1.441215
v -8.166809 0.784142 1.441213
v -8.166809 0.784142 1.471399
v -4.095698 3.223839 1.471399
v -4.095697 3.223839 1.441214
v -0.024586 3.223839 1.441215
v -0.024586 3.223839 1.471401
v -8.541958 3.054674 1.223412
v -8.541958 3.054674 1.195837
v -8.541958 0.953307 1.195837
v -8.541958 0.953307 1.223413
v -11.944321 3.242248 1.285110
v -11.944321 3.176807 1.195836
v -11.944321 0.718694 1.195836
v -11.944321 0.672021 1.285110
v -11.756746 3.054674 1.223411
v -11.756746 3.054674 1.195836
v -8.541958 3.054674 1.195837
v -8.541958 3.054674 1.223412
v -8.541958 0.953307 1.223413
v -8.541958 0.953307 1.195837
v -11.756746 0.953307 1.195837
v -11.756746 0.953307 1.223412
v -8.166809 3.223839 1.471398
v -8.166809 3.223839 1.441213
v -0.024586 3.223839 1.441215
v -4.095697 3.223839 1.441214
v -4.068981 3.351976 1.441214
v 0.162989 3.345971 1.441215
v -8.287374 3.345971 -0.000003
v -4.062976 3.332417 -0.000002
v -4.068981 3.351976 1.441214
v -8.287374 3.357980 1.441212
v -0.024586 3.223839 1.533100
v 0.162989 3.411413 1.533100
v -4.095698 3.411413 1.533098
v -4.095698 3.223839 1.533098
v -8.354383 3.411413 -0.000003
v -8.354383 3.411413 1.533097
v -0.024586 0.784142 1.471402
v -0.024586 0.784142 1.441216
v -8.166809 0.784142 1.441213
v -4.095697 0.784142 1.441215
v -4.068981 0.562293 1.441215
v -8.287374 0.556289 1.441213
v 0.162989 0.595404 0.000001
v -4.062975 0.575846 -0.000001
v -4.068981 0.562293 1.441215
v 0.162989 0.568298 1.441216
v -8.166809 0.784142 1.533098
v -8.354383 0.502856 1.533098
v -4.095698 0.502856 1.533099
v -4.095698 0.784142 1.533099
v 0.162989 0.502856 0.000001
v 0.162989 0.502856 1.533101
v -0.024586 0.784142 1.533101
v -0.024586 0.784142 1.502251
v -4.095698 0.784142 1.502250
v -4.095698 0.784142 1.533099
v -4.095698 3.223839 1.471399
v -4.095698 0.784142 1.471400
v -8.166809 0.784142 1.471399
v -8.166809 3.223839 1.471398
v -8.166809 3.223839 1.533097
v -8.166809 3.223839 1.502248
v -4.095698 3.223839 1.502249
v -4.095698 3.223839 1.533098
v -0.024586 3.223839 1.471401
v -0.024586 0.784142 1.471402
v -4.095698 0.784142 1.471400
v -4.095698 3.223839 1.471399
v -0.024586 3.223839 1.502250
v -0.024586 3.223839 1.533100
v -4.095698 3.223839 1.502249
v -4.095698 0.784142 1.502250
v -0.024586 0.784142 1.502251
v -0.024586 3.223839 1.502250
v -8.166809 0.784142 1.502248
v -8.166809 0.784142 1.533098
v -8.166809 3.223839 1.502248
v -8.166809 0.784142 1.502248
v -4.095698 0.784142 1.502250
v -4.095698 3.223839 1.502249
v -8.166809 0.784142 1.533098
v -8.166809 0.784142 1.502248
v -8.166809 3.223839 1.502248
v -8.166809 3.223839 1.533097
v -8.166809 0.784142 1.471399
v -8.166809 3.223839 1.471398
v -0.024586 3.223839 1.533100
v -0.024586 3.223839 1.502250
v -0.024586 0.784142 1.502251
v -0.024586 0.784142 1.533101
v -8.541958 0.953307 1.285112
v -8.541958 0.953307 1.254262
v -11.756746 0.953307 1.254261
v -11.756746 0.953307 1.285111
v -11.756746 3.054674 1.254260
v -11.756746 0.953307 1.254261
v -8.541958 0.953307 1.254262
v -8.541958 3.054674 1.254261
v -11.756746 3.054674 1.285110
v -11.756746 3.054674 1.254260
v -8.541958 3.054674 1.254261
v -8.541958 3.054674 1.285111
v -8.541958 3.054674 1.223412
v -8.541958 0.953307 1.223413
v -11.756746 0.953307 1.223412
v -11.756746 3.054674 1.223411
v -8.541958 3.054674 1.285111
v -8.541958 3.054674 1.254261
v -8.541958 0.953307 1.254262
v -8.541958 0.953307 1.285112
v -11.756746 0.953307 1.285111
v -11.756746 0.953307 1.254261
v -11.756746 3.054674 1.254260
v -11.756746 3.054674 1.285110
v -13.507456 3.173079 -1.888964
v -13.996355 3.173079 -1.824599
v -13.996355 3.252255 -1.824599
v -13.507456 3.252255 -1.888964
v -14.451937 3.173079 -1.635891
v -14.451937 3.252255 -1.635891
v -13.507456 0.662012 -1.888963
v -13.507456 0.662013 1.888961
v -13.996355 0.662013 1.824596
v -13.996355 0.662012 -1.824599
v -14.696909 3.252255 -1.447919
v -14.696909 3.252256 1.447914
v -14.451937 3.252256 1.635887
v -14.451937 3.252255 -1.635891
v -13.996355 3.252256 1.824596
v -13.996355 3.252255 -1.824599
v -13.507456 3.252256 1.888961
v -13.507456 3.252255 -1.888964
v -14.696909 3.173080 1.447914
v -14.451937 3.173080 1.635887
v -14.451937 3.252256 1.635887
v -14.696909 3.252256 1.447914
v -13.996355 3.173080 1.824596
v -13.996355 3.252256 1.824596
v -13.507456 3.173080 1.888961
v -13.507456 3.252256 1.888961
v -14.451937 0.662013 1.635888
v -14.451937 0.662012 -1.635890
v -15.103817 0.750584 -1.285115
v -15.103817 0.661811 -1.523995
v -15.103817 0.577467 -1.523995
v -15.103817 0.672020 -1.285115
v -14.696909 0.662013 1.447915
v -14.692049 0.577468 1.523993
v -14.692049 0.577467 -1.523995
v -14.696909 0.662012 -1.447918
v -15.103817 3.163684 1.285112
v -15.103817 3.252456 1.523992
v -15.103817 3.336802 1.523992
v -15.103817 3.242248 1.285112
v -14.696909 3.173079 -1.447919
v -14.692049 3.252455 -1.523996
v -14.692049 3.336801 -1.523996
v -14.696909 3.252255 -1.447919
v -15.103817 3.252456 1.523992
v -14.692049 3.252456 1.523992
v -14.692049 3.336802 1.523992
v -15.103817 3.336802 1.523992
v -15.103817 0.661811 -1.523995
v -14.692049 0.661811 -1.523995
v -14.692049 0.577467 -1.523995
v -15.103817 0.577467 -1.523995
v -15.103817 0.577467 -1.523995
v -14.692049 0.577467 -1.523995
v -14.692049 0.577468 1.523993
v -15.103817 0.577468 1.523992
v -15.103817 3.336802 1.523992
v -14.692049 3.336802 1.523992
v -14.692049 3.336801 -1.523996
v -15.103817 3.336801 -1.523996
v -15.103817 0.577468 1.523992
v -15.103817 0.672021 1.285112
v -14.692049 3.336802 1.523992
v -14.696909 3.252256 1.447914
v -14.696909 0.741189 1.447915
v -14.692049 0.661812 1.523992
v -15.103817 3.336801 -1.523996
v -15.103817 3.242247 -1.285116
v -14.696909 0.662013 1.447915
v -14.696909 0.662012 -1.447918
v -14.696909 3.173079 -1.447919
v -14.696909 3.252255 -1.447919
v -13.507456 3.163683 -1.743809
v -13.507456 3.242247 -1.743809
v -13.507456 3.242247 -1.686062
v -13.507456 3.163683 -1.686062
v -14.379358 3.242248 1.510179
v -13.958786 3.242248 1.684386
v -13.943840 3.242248 1.628607
v -14.350487 3.242248 1.460169
v -13.507456 0.672020 -1.743808
v -13.958786 0.672020 -1.684389
v -13.958786 0.672021 1.684387
v -13.507456 0.672021 1.743806
v -14.803133 3.242247 -1.285116
v -14.379358 3.242247 -1.510183
v -14.379358 3.242248 1.510179
v -14.803133 3.242248 1.285112
v -13.958786 3.242247 -1.684390
v -13.958786 3.242248 1.684386
v -13.507456 3.242247 -1.743809
v -13.507456 3.242248 1.743805
v -14.803133 0.672021 1.285112
v -15.103817 0.672021 1.285112
v -15.050953 0.672021 1.242555
v -14.700996 0.672021 1.242555
v -13.958786 0.672021 1.684387
v -14.379358 0.672021 1.510180
v -14.350487 0.672021 1.460170
v -13.943840 0.672021 1.628608
v -13.958786 3.163683 -1.684390
v -13.507456 3.163683 -1.743809
v -13.507456 3.163683 -1.686062
v -13.943840 3.163683 -1.628611
v -14.379358 0.672020 -1.510182
v -14.379358 0.672021 1.510180
v -14.803133 0.672020 -1.285115
v -14.803133 0.672021 1.285112
v -15.103817 3.242248 1.285112
v -14.803133 3.242248 1.285112
v -14.732082 3.242248 1.242555
v -15.050953 3.242248 1.242555
v -15.103817 0.672020 -1.285115
v -15.103817 0.672021 1.285112
v -15.103817 3.242248 1.285112
v -15.103817 3.242247 -1.285116
v -13.507456 0.750584 -1.743808
v -13.958786 0.750584 -1.684389
v -13.943840 0.750584 -1.628610
v -13.507456 0.750584 -1.686061
v -14.803133 0.672020 -1.285115
v -14.379358 0.672020 -1.510182
v -14.350487 0.672020 -1.460172
v -14.700996 0.672020 -1.242558
v -15.103817 3.163683 -1.285116
v -15.103817 0.750584 -1.285115
v -14.803133 0.750584 -1.285115
v -14.803133 3.163683 -1.285116
v -13.507456 3.242248 1.743805
v -13.507456 3.163684 1.743805
v -13.507456 3.163684 1.686059
v -13.507456 3.242248 1.686059
v -14.379358 3.163683 -1.510183
v -14.350487 3.163683 -1.460173
v -14.451937 0.662012 -1.635890
v -14.696909 0.662012 -1.447918
v -14.696909 0.741188 -1.447918
v -14.451937 0.741188 -1.635890
v -15.103817 3.336801 -1.523996
v -14.692049 3.336801 -1.523996
v -14.692049 3.252455 -1.523996
v -15.103817 3.252455 -1.523996
v -14.692049 0.661811 -1.523995
v -14.696909 0.741188 -1.447918
v -15.103817 3.252455 -1.523996
v -15.103817 3.163683 -1.285116
v -13.996355 0.662012 -1.824599
v -13.996355 0.741188 -1.824599
v -13.507456 0.662012 -1.888963
v -13.507456 0.741188 -1.888963
v -15.103817 0.750584 -1.285115
v -15.103817 0.672020 -1.285115
v -15.050953 0.672020 -1.242558
v -15.050953 0.750584 -1.242558
v -15.103817 0.750585 1.285112
v -15.103817 3.163684 1.285112
v -14.803133 3.163684 1.285112
v -14.803133 0.750585 1.285112
v -14.379358 0.750584 -1.510182
v -14.350487 0.750584 -1.460172
v -14.379358 3.242247 -1.510183
v -14.803133 3.242247 -1.285116
v -14.742430 3.242247 -1.242559
v -14.350487 3.242247 -1.460173
v -14.692049 3.252456 1.523992
v -14.696909 3.173080 1.447914
v -15.103817 0.577468 1.523992
v -14.692049 0.577468 1.523993
v -14.692049 0.661812 1.523992
v -15.103817 0.661812 1.523992
v -15.103817 0.661812 1.523992
v -15.103817 0.750585 1.285112
v -13.996355 0.662013 1.824596
v -13.507456 0.662013 1.888961
v -13.507456 0.741189 1.888961
v -13.996355 0.741189 1.824596
v -14.451937 0.662013 1.635888
v -14.451937 0.741189 1.635888
v -14.696909 0.662013 1.447915
v -14.696909 0.741189 1.447915
v -14.451937 0.741189 1.635888
v -13.996355 0.741189 1.824596
v -13.958786 0.750585 1.684387
v -14.379358 0.750585 1.510180
v -13.507456 0.741188 -1.888963
v -13.996355 0.741188 -1.824599
v -14.451937 0.741188 -1.635890
v -14.696909 0.741188 -1.447918
v -14.803133 0.750584 -1.285115
v -13.996355 3.173080 1.824596
v -14.451937 3.173080 1.635887
v -14.379358 3.163684 1.510179
v -13.958786 3.163684 1.684386
v -13.996355 3.173079 -1.824599
v -13.507456 3.173079 -1.888964
v -13.507456 0.741189 1.888961
v -13.507456 0.750585 1.743806
v -14.696909 3.173079 -1.447919
v -14.451937 3.173079 -1.635891
v -14.803133 3.163683 -1.285116
v -14.696909 0.741189 1.447915
v -14.803133 0.750585 1.285112
v -13.507456 3.173080 1.888961
v -13.507456 3.163684 1.743805
v -14.696909 3.173080 1.447914
v -14.803133 3.163684 1.285112
v -13.507456 3.163683 -1.686062
v -13.507456 3.242247 -1.686062
v -13.943840 3.242247 -1.628611
v -13.943840 3.163683 -1.628611
v -14.350487 3.242247 -1.460173
v -14.350487 3.163683 -1.460173
v -14.732082 3.163684 1.242555
v -14.732082 3.242248 1.242555
v -14.350487 3.242248 1.460169
v -14.350487 3.163684 1.460169
v -13.943840 3.242248 1.628607
v -13.943840 3.163684 1.628607
v -13.507456 3.242248 1.686059
v -13.507456 3.163684 1.686059
v -14.742430 3.242247 -1.242559
v -14.742430 3.163683 -1.242559
v -15.050953 3.163684 1.242555
v -15.050953 3.242248 1.242555
v -15.050953 0.750584 -1.242558
v -15.050953 0.672020 -1.242558
v -14.700996 0.672020 -1.242558
v -14.700996 0.750584 -1.242558
v -15.050953 3.242247 -1.242559
v -15.050953 3.163683 -1.242559
v -14.350487 0.672020 -1.460172
v -14.350487 0.750584 -1.460172
v -14.700996 0.750584 -1.242558
v -14.700996 0.672020 -1.242558
v -13.943840 0.672020 -1.628610
v -13.943840 0.750584 -1.628610
v -13.507456 0.672020 -1.686061
v -13.507456 0.750584 -1.686061
v -15.050953 0.672021 1.242555
v -15.050953 0.750585 1.242555
v -14.700996 0.750585 1.242555
v -14.700996 0.672021 1.242555
v -13.943840 0.672021 1.628608
v -13.943840 0.750585 1.628608
v -13.507456 0.750585 1.686059
v -13.507456 0.672021 1.686059
v -14.350487 0.672021 1.460170
v -14.350487 0.750585 1.460170
v -14.700996 0.672021 1.242555
v -14.700996 0.750585 1.242555
v -15.103817 0.672020 -1.285115
v -15.050953 0.672020 -1.242558
v -15.103817 0.750585 1.285112
v -14.700996 0.750585 1.242555
v -15.050953 0.750585 1.242555
v -15.103817 3.163684 1.285112
v -15.103817 3.242248 1.285112
v -15.050953 3.242248 1.242555
v -15.050953 3.163684 1.242555
v -13.958786 0.672020 -1.684389
v -13.507456 0.672020 -1.743808
v -13.507456 0.672020 -1.686061
v -13.943840 0.672020 -1.628610
v -15.103817 3.242247 -1.285116
v -15.050953 3.242247 -1.242559
v -15.103817 3.163684 1.285112
v -15.050953 3.163684 1.242555
v -14.732082 3.163684 1.242555
v -13.507456 0.672021 1.743806
v -13.507456 0.672021 1.686059
v -13.507456 3.242247 -1.743809
v -13.958786 3.242247 -1.684390
v -13.943840 3.242247 -1.628611
v -13.507456 3.242247 -1.686062
v -13.507456 0.750585 1.686059
v -13.943840 0.750585 1.628608
v -13.507456 3.242248 1.743805
v -13.507456 3.242248 1.686059
v -13.943840 3.163684 1.628607
v -13.507456 3.163684 1.686059
v -14.350487 0.750585 1.460170
v -15.103817 3.163683 -1.285116
v -14.742430 3.163683 -1.242559
v -15.050953 3.163683 -1.242559
v -15.103817 3.242247 -1.285116
v -15.103817 3.163683 -1.285116
v -15.050953 3.163683 -1.242559
v -15.050953 3.242247 -1.242559
v -14.350487 3.163684 1.460169
v -15.103817 0.750584 -1.285115
v -15.050953 0.750584 -1.242558
v -14.700996 0.750584 -1.242558
v -15.103817 0.672021 1.285112
v -15.103817 0.750585 1.285112
v -15.050953 0.750585 1.242555
v -15.050953 0.672021 1.242555
v -14.696909 0.741188 -1.447918
v -14.696909 3.173079 -1.447919
v -14.803133 3.163683 -1.285116
v -14.803133 0.750584 -1.285115
v -14.696909 0.741189 1.447915
v -14.803133 0.750585 1.285112
v -14.803133 3.163684 1.285112
v -14.696909 3.173080 1.447914
v -13.018555 3.252255 -1.824599
v -13.018555 3.173079 -1.824599
v -12.562973 3.252255 -1.635890
v -12.562973 3.173079 -1.635890
v -13.018555 0.662012 -1.824598
v -13.018555 0.662013 1.824597
v -12.318001 3.252255 -1.447918
v -12.562973 3.252255 -1.635890
v -12.562973 3.252256 1.635888
v -12.318001 3.252256 1.447915
v -13.018555 3.252255 -1.824599
v -13.018555 3.252256 1.824596
v -12.318001 3.173080 1.447915
v -12.318001 3.252256 1.447915
v -12.562973 3.252256 1.635888
v -12.562973 3.173080 1.635888
v -13.018555 3.252256 1.824596
v -13.018555 3.173080 1.824596
v -12.562973 0.662012 -1.635890
v -12.562973 0.662013 1.635888
v -11.911093 0.750584 -1.285114
v -11.911093 0.672020 -1.285114
v -11.911093 0.577467 -1.523994
v -11.911093 0.661811 -1.523994
v -12.318001 0.662013 1.447916
v -12.318001 0.662012 -1.447917
v -12.322861 0.577467 -1.523994
v -12.322861 0.577468 1.523993
v -11.911093 3.163684 1.285113
v -11.911093 3.242248 1.285113
v -11.911093 3.336802 1.523993
v -11.911093 3.252456 1.523993
v -12.318001 3.173079 -1.447918
v -12.318001 3.252255 -1.447918
v -12.322861 3.336801 -1.523995
v -12.322861 3.252455 -1.523995
v -11.911093 3.252456 1.523993
v -11.911093 3.336802 1.523993
v -12.322861 3.336802 1.523993
v -12.322861 3.252456 1.523993
v -11.911093 0.661811 -1.523994
v -11.911093 0.577467 -1.523994
v -12.322861 0.577467 -1.523994
v -12.322861 0.661811 -1.523994
v -11.911093 0.577467 -1.523994
v -11.911093 0.577468 1.523993
v -12.322861 0.577468 1.523993
v -12.322861 0.577467 -1.523994
v -11.911093 3.336802 1.523993
v -11.911093 3.336801 -1.523995
v -12.322861 3.336801 -1.523995
v -12.322861 3.336802 1.523993
v -11.911093 0.672021 1.285113
v -11.911093 0.577468 1.523993
v -12.318001 3.252256 1.447915
v -12.322861 3.336802 1.523993
v -12.318001 0.741189 1.447916
v -12.322861 0.661812 1.523993
v -11.911093 3.242247 -1.285115
v -11.911093 3.336801 -1.523995
v -12.318001 0.662012 -1.447917
v -12.318001 0.662013 1.447916
v -12.318001 3.252255 -1.447918
v -12.318001 3.173079 -1.447918
v -12.635551 3.242248 1.510180
v -12.664425 3.242248 1.460170
v -13.071070 3.242248 1.628608
v -13.056124 3.242248 1.684387
v -13.056124 0.672021 1.684387
v -13.056124 0.672020 -1.684389
v -12.211775 3.242247 -1.285115
v -12.211775 3.242248 1.285113
v -12.635551 3.242248 1.510180
v -12.635551 3.242247 -1.510182
v -13.056124 3.242248 1.684387
v -13.056124 3.242247 -1.684390
v -12.211775 0.672021 1.285113
v -12.313913 0.672021 1.242556
v -11.963957 0.672021 1.242556
v -11.911093 0.672021 1.285113
v -13.056124 0.672021 1.684387
v -13.071070 0.672021 1.628608
v -12.664425 0.672021 1.460170
v -12.635551 0.672021 1.510180
v -13.056124 3.163683 -1.684390
v -13.071070 3.163683 -1.628611
v -13.507456 3.163683 -1.686062
v -12.635551 0.672021 1.510180
v -12.635551 0.672020 -1.510182
v -12.211775 0.672021 1.285113
v -12.211775 0.672020 -1.285114
v -11.911093 3.242248 1.285113
v -11.963957 3.242248 1.242556
v -12.282827 3.242248 1.242555
v -12.211775 3.242248 1.285113
v -11.911093 0.672020 -1.285114
v -11.911093 0.672021 1.285113
v -11.911093 3.242248 1.285113
v -11.911093 3.242247 -1.285115
v -13.071070 0.750584 -1.628610
v -13.056124 0.750584 -1.684389
v -12.211775 0.672020 -1.285114
v -12.313913 0.672020 -1.242557
v -12.664425 0.672020 -1.460172
v -12.635551 0.672020 -1.510182
v -11.911093 3.163683 -1.285115
v -12.211775 3.163683 -1.285115
v -12.211775 0.750584 -1.285114
v -11.911093 0.750584 -1.285114
v -12.635551 3.163683 -1.510182
v -12.664425 3.163683 -1.460172
v -12.562973 0.662012 -1.635890
v -12.562973 0.741188 -1.635890
v -12.318001 0.741188 -1.447917
v -12.318001 0.662012 -1.447917
v -11.911093 3.336801 -1.523995
v -11.911093 3.252455 -1.523995
v -12.322861 3.252455 -1.523995
v -12.322861 3.336801 -1.523995
v -12.318001 0.741188 -1.447917
v -12.322861 0.661811 -1.523994
v -11.911093 3.163683 -1.285115
v -11.911093 3.252455 -1.523995
v -13.018555 0.662012 -1.824598
v -13.018555 0.741188 -1.824598
v -11.911093 0.750584 -1.285114
v -11.963957 0.750584 -1.242557
v -11.963957 0.672020 -1.242557
v -11.911093 0.672020 -1.285114
v -11.911093 0.750585 1.285113
v -12.211775 0.750585 1.285113
v -12.211775 3.163684 1.285113
v -11.911093 3.163684 1.285113
v -12.664425 0.750584 -1.460172
v -12.635551 0.750584 -1.510182
v -12.635551 3.242247 -1.510182
v -12.664425 3.242247 -1.460172
v -12.272480 3.242247 -1.242558
v -12.211775 3.242247 -1.285115
v -12.318001 3.173080 1.447915
v -12.322861 3.252456 1.523993
v -11.911093 0.577468 1.523993
v -11.911093 0.661812 1.523993
v -12.322861 0.661812 1.523993
v -12.322861 0.577468 1.523993
v -11.911093 0.750585 1.285113
v -11.911093 0.661812 1.523993
v -13.018555 0.662013 1.824597
v -13.018555 0.741189 1.824597
v -12.562973 0.662013 1.635888
v -12.562973 0.741189 1.635888
v -12.318001 0.662013 1.447916
v -12.318001 0.741189 1.447916
v -12.562973 0.741189 1.635888
v -12.635551 0.750585 1.510180
v -13.056124 0.750585 1.684387
v -13.018555 0.741189 1.824597
v -13.018555 0.741188 -1.824598
v -12.562973 0.741188 -1.635890
v -12.211775 0.750584 -1.285114
v -12.318001 0.741188 -1.447917
v -13.018555 3.173080 1.824596
v -13.056124 3.163684 1.684387
v -12.635551 3.163684 1.510180
v -12.562973 3.173080 1.635888
v -13.018555 3.173079 -1.824599
v -12.318001 3.173079 -1.447918
v -12.211775 3.163683 -1.285115
v -12.562973 3.173079 -1.635890
v -12.318001 0.741189 1.447916
v -12.211775 0.750585 1.285113
v -12.211775 3.163684 1.285113
v -12.318001 3.173080 1.447915
v -13.507456 3.163683 -1.686062
v -13.071070 3.163683 -1.628611
v -13.071070 3.242247 -1.628611
v -13.507456 3.242247 -1.686062
v -12.664425 3.163683 -1.460172
v -12.664425 3.242247 -1.460172
v -12.282827 3.163684 1.242555
v -12.664425 3.163684 1.460170
v -12.664425 3.242248 1.460170
v -12.282827 3.242248 1.242555
v -13.071070 3.163684 1.628608
v -13.071070 3.242248 1.628608
v -13.507456 3.163684 1.686059
v -13.507456 3.242248 1.686059
v -12.272480 3.163683 -1.242558
v -12.272480 3.242247 -1.242558
v -11.963957 3.163684 1.242556
v -11.963957 3.242248 1.242556
v -11.963957 0.750584 -1.242557
v -12.313913 0.750584 -1.242557
v -12.313913 0.672020 -1.242557
v -11.963957 0.672020 -1.242557
v -11.963957 3.242247 -1.242558
v -11.963957 3.163683 -1.242558
v -12.664425 0.672020 -1.460172
v -12.313913 0.672020 -1.242557
v -12.313913 0.750584 -1.242557
v -12.664425 0.750584 -1.460172
v -13.071070 0.672020 -1.628610
v -13.071070 0.750584 -1.628610
v -11.963957 0.672021 1.242556
v -12.313913 0.672021 1.242556
v -12.313913 0.750585 1.242556
v -11.963957 0.750585 1.242556
v -13.071070 0.672021 1.628608
v -13.071070 0.750585 1.628608
v -12.664425 0.672021 1.460170
v -12.664425 0.750585 1.460170
v -12.313913 0.672021 1.242556
v -12.313913 0.750585 1.242556
v -11.911093 0.672020 -1.285114
v -11.963957 0.672020 -1.242557
v -11.911093 0.750585 1.285113
v -11.963957 0.750585 1.242556
v -12.313913 0.750585 1.242556
v -11.911093 3.163684 1.285113
v -11.963957 3.163684 1.242556
v -11.963957 3.242248 1.242556
v -11.911093 3.242248 1.285113
v -13.056124 0.672020 -1.684389
v -13.071070 0.672020 -1.628610
v -11.963957 3.242247 -1.242558
v -11.911093 3.242247 -1.285115
v -12.282827 3.163684 1.242555
v -11.963957 3.163684 1.242556
v -11.911093 3.163684 1.285113
v -13.071070 3.242247 -1.628611
v -13.056124 3.242247 -1.684390
v -13.071070 0.750585 1.628608
v -13.507456 3.242248 1.686059
v -13.507456 3.242248 1.743805
v -13.507456 3.163684 1.686059
v -13.071070 3.163684 1.628608
v -12.664425 0.750585 1.460170
v -11.911093 3.163683 -1.285115
v -11.963957 3.163683 -1.242558
v -12.272480 3.163683 -1.242558
v -11.911093 3.242247 -1.285115
v -11.963957 3.242247 -1.242558
v -11.963957 3.163683 -1.242558
v -11.911093 3.163683 -1.285115
v -12.664425 3.163684 1.460170
v -12.313913 0.750584 -1.242557
v -11.963957 0.750584 -1.242557
v -11.911093 0.750584 -1.285114
v -11.911093 0.672021 1.285113
v -11.963957 0.672021 1.242556
v -11.963957 0.750585 1.242556
v -11.911093 0.750585 1.285113
v -12.318001 0.741188 -1.447917
v -12.211775 0.750584 -1.285114
v -12.211775 3.163683 -1.285115
v -12.318001 3.173079 -1.447918
v -12.318001 0.741189 1.447916
v -12.318001 3.173080 1.447915
v -12.211775 3.163684 1.285113
v -12.211775 0.750585 1.285113
v -13.888130 0.546251 -0.000001
v -13.875158 0.546251 0.098525
v -14.018438 0.546251 0.136916
v -14.036463 0.546251 -0.000001
v -13.177782 0.546251 0.190336
v -13.139751 0.546251 0.098525
v -12.996473 0.546251 0.136917
v -13.049322 0.546251 0.264503
v -13.875158 0.546251 -0.098527
v -14.018438 0.546251 -0.136918
v -13.238277 0.546251 0.269177
v -13.133390 0.546251 0.374064
v -13.837128 0.546251 -0.190338
v -13.965591 0.546251 -0.264505
v -13.317118 0.546251 0.329673
v -13.242950 0.546251 0.458133
v -13.776632 0.546251 -0.269179
v -13.881521 0.546251 -0.374066
v -13.408928 0.546251 0.367702
v -13.370537 0.546251 0.510981
v -13.697792 0.546251 -0.329675
v -13.771959 0.546251 -0.458135
v -13.507456 0.546251 0.380674
v -13.507456 0.546251 0.529007
v -13.605980 0.546251 -0.367704
v -13.644373 0.546251 -0.510983
v -13.507456 0.546251 -0.380675
v -13.507456 0.546251 -0.529009
v -13.408928 0.546251 -0.367704
v -13.370537 0.546251 -0.510983
v -13.373491 -2.169127 0.499958
v -13.507454 -2.169127 0.517595
v -13.507454 -2.169128 0.344841
v -13.418201 -2.169128 0.333091
v -13.781591 -1.918541 0.474822
v -13.781591 -1.738026 0.474822
v -13.895145 -1.738026 0.387690
v -13.895145 -1.918541 0.387690
v -13.982277 -1.738026 0.274138
v -13.982277 -1.918541 0.274139
v -14.037050 -1.738026 0.141904
v -14.037050 -1.918541 0.141904
v -14.055731 -1.738026 -0.000000
v -14.055731 -1.918541 -0.000000
v -14.037050 -1.738026 -0.141905
v -14.037050 -1.918541 -0.141905
v -13.982277 -1.738026 -0.274139
v -13.982277 -1.918541 -0.274139
v -13.895145 -1.738026 -0.387691
v -13.895145 -1.918541 -0.387691
v -13.781591 -1.738026 -0.474823
v -13.781591 -1.918541 -0.474822
v -13.649359 -1.738026 -0.529596
v -13.649359 -1.918541 -0.529596
v -13.507454 -1.738026 -0.548278
v -13.507454 -1.918541 -0.548278
v -13.365549 -1.738026 -0.529596
v -13.365549 -1.918541 -0.529596
v -13.233315 -1.738026 -0.474822
v -13.233315 -1.918541 -0.474822
v -13.119764 -1.738026 -0.387691
v -13.119764 -1.918541 -0.387691
v -13.032631 -1.738026 -0.274139
v -13.032631 -1.918541 -0.274139
v -12.977859 -1.738026 -0.141905
v -12.977859 -1.918541 -0.141905
v -12.959175 -1.738026 -0.000000
v -12.959175 -1.918541 0.000000
v -12.977859 -1.738026 0.141905
v -12.977859 -1.918541 0.141905
v -13.032631 -1.738026 0.274139
v -13.032631 -1.918541 0.274139
v -13.119764 -1.738026 0.387691
v -13.119764 -1.918541 0.387691
v -13.233315 -1.738026 0.474822
v -13.233315 -1.918541 0.474822
v -13.365549 -1.738026 0.529595
v -13.365549 -1.918541 0.529595
v -13.507454 -1.918541 0.548277
v -13.507454 -1.738026 0.548277
v -13.649359 -1.738026 0.529595
v -13.649359 -1.918541 0.529595
v -12.977859 -2.138707 -0.141905
v -12.977859 -1.958194 -0.141905
v -12.959175 -1.958194 0.000000
v -12.959175 -2.138707 0.000000
v -13.873449 -2.169128 -0.365995
v -13.766253 -2.169128 -0.448250
v -13.679874 -2.169128 -0.298641
v -13.751293 -2.169128 -0.243840
v -12.989859 -2.169128 0.000000
v -13.007496 -2.169128 0.133963
v -13.174364 -2.169128 0.089251
v -13.162613 -2.169128 0.000000
v -13.982277 -2.138707 0.274139
v -13.982277 -1.958194 0.274139
v -14.037050 -1.958194 0.141904
v -14.037050 -2.138707 0.141904
v -13.365549 -2.138708 -0.529595
v -13.365549 -1.958194 -0.529596
v -13.233315 -1.958194 -0.474822
v -13.233315 -2.138708 -0.474822
v -13.233315 -2.138707 0.474822
v -13.233315 -1.958194 0.474822
v -13.365549 -1.958194 0.529595
v -13.365549 -2.138707 0.529595
v -13.507454 -1.958194 0.548277
v -13.507454 -2.138707 0.548277
v -14.007414 -2.169128 0.133963
v -14.025049 -2.169128 -0.000000
v -13.852295 -2.169128 -0.000000
v -13.840544 -2.169128 0.089251
v -13.248657 -2.169128 -0.448250
v -13.141460 -2.169128 -0.365995
v -13.263615 -2.169128 -0.243840
v -13.335033 -2.169128 -0.298641
v -13.895145 -2.138707 -0.387691
v -13.895145 -1.958194 -0.387691
v -13.781591 -1.958194 -0.474822
v -13.781591 -2.138708 -0.474822
v -12.977859 -1.958194 0.141905
v -12.977859 -2.138707 0.141905
v -13.641417 -2.169128 -0.499958
v -13.596704 -2.169128 -0.333091
v -13.059204 -2.169128 0.258798
v -13.208813 -2.169128 0.172421
v -14.055731 -1.958194 -0.000000
v -14.055731 -2.138707 -0.000000
v -13.119764 -1.958194 -0.387691
v -13.119764 -2.138707 -0.387691
v -13.649359 -1.958194 0.529595
v -13.649359 -2.138707 0.529595
v -14.007414 -2.169128 -0.133964
v -13.840544 -2.169128 -0.089252
v -13.059204 -2.169128 -0.258797
v -13.208813 -2.169128 -0.172421
v -13.641417 -1.707606 0.499958
v -13.507454 -1.707606 0.517595
v -13.507454 -1.707606 0.344841
v -13.596704 -1.707606 0.333091
v -13.649359 -1.958194 -0.529596
v -13.649359 -2.138708 -0.529596
v -13.032631 -1.958194 0.274139
v -13.032631 -2.138707 0.274139
v -13.766253 -2.169127 0.448250
v -13.873449 -2.169128 0.365995
v -13.751293 -2.169128 0.243839
v -13.679874 -2.169128 0.298641
v -13.507454 -2.169128 -0.517595
v -13.507454 -2.169128 -0.344841
v -13.141460 -2.169128 0.365995
v -13.263615 -2.169128 0.243840
v -14.037050 -1.958194 -0.141905
v -14.037050 -2.138707 -0.141905
v -13.032631 -1.958194 -0.274139
v -13.032631 -2.138707 -0.274139
v -13.955706 -2.169128 -0.258798
v -13.806097 -2.169128 -0.172421
v -13.007496 -2.169128 -0.133963
v -13.174364 -2.169128 -0.089251
v -13.781591 -2.138707 0.474822
v -13.781591 -1.958194 0.474822
v -13.895145 -1.958194 0.387690
v -13.895145 -2.138707 0.387691
v -13.507454 -1.958194 -0.548278
v -13.507454 -2.138708 -0.548278
v -13.119764 -1.958194 0.387691
v -13.119764 -2.138707 0.387691
v -13.955706 -2.169128 0.258797
v -13.806097 -2.169128 0.172420
v -13.373491 -2.169128 -0.499958
v -13.418201 -2.169128 -0.333091
v -13.248657 -2.169127 0.448250
v -13.335033 -2.169128 0.298641
v -13.982277 -1.958194 -0.274139
v -13.982277 -2.138707 -0.274139
v -13.641417 -2.169127 0.499958
v -13.596704 -2.169128 0.333091
v -13.373491 -1.707606 0.499958
v -13.248657 -1.707606 0.448250
v -13.335033 -1.707606 0.298641
v -13.418201 -1.707606 0.333091
v -13.141460 -1.707606 0.365995
v -13.263615 -1.707606 0.243839
v -13.059204 -1.707606 0.258797
v -13.208813 -1.707606 0.172420
v -13.007496 -1.707606 0.133963
v -13.174364 -1.707606 0.089251
v -12.989859 -1.707606 -0.000000
v -13.162613 -1.707606 -0.000000
v -13.007496 -1.707606 -0.133963
v -13.174364 -1.707606 -0.089252
v -13.059204 -1.707607 -0.258798
v -13.208813 -1.707606 -0.172421
v -13.141460 -1.707607 -0.365995
v -13.263615 -1.707607 -0.243840
v -13.248657 -1.707607 -0.448250
v -13.335033 -1.707607 -0.298641
v -13.373491 -1.707607 -0.499958
v -13.418201 -1.707607 -0.333091
v -13.507454 -1.707607 -0.517595
v -13.507454 -1.707607 -0.344841
v -13.641417 -1.707607 -0.499959
v -13.596704 -1.707607 -0.333091
v -13.766253 -1.707607 -0.448251
v -13.679874 -1.707607 -0.298642
v -13.873449 -1.707607 -0.365995
v -13.751293 -1.707607 -0.243840
v -13.955706 -1.707607 -0.258798
v -13.806097 -1.707606 -0.172421
v -14.007414 -1.707606 -0.133964
v -13.840544 -1.707606 -0.089252
v -14.025049 -1.707606 -0.000000
v -13.852295 -1.707606 -0.000000
v -14.007414 -1.707606 0.133963
v -13.840544 -1.707606 0.089251
v -13.955706 -1.707606 0.258797
v -13.806097 -1.707606 0.172420
v -13.873449 -1.707606 0.365995
v -13.751293 -1.707606 0.243839
v -13.766253 -1.707606 0.448250
v -13.679874 -1.707606 0.298641
v -13.365549 -1.918541 0.529595
v -13.507454 -1.918541 0.548277
v -13.507454 -1.938367 0.516052
v -13.373890 -1.938367 0.498468
v -13.373890 -1.938367 0.498468
v -13.507454 -1.938367 0.516052
v -13.507454 -1.958194 0.548277
v -13.365549 -1.958194 0.529595
v -13.233315 -1.918541 0.474822
v -13.249428 -1.938367 0.446914
v -13.249428 -1.938367 0.446914
v -13.233315 -1.958194 0.474822
v -13.119764 -1.918541 0.387691
v -13.142550 -1.938367 0.364904
v -13.142550 -1.938367 0.364904
v -13.119764 -1.958194 0.387691
v -13.032631 -1.918541 0.274139
v -13.060539 -1.938367 0.258026
v -13.060539 -1.938367 0.258026
v -13.032631 -1.958194 0.274139
v -12.977859 -1.918541 0.141905
v -13.008986 -1.938367 0.133564
v -13.008986 -1.938367 0.133564
v -12.977859 -1.958194 0.141905
v -12.959175 -1.918541 0.000000
v -12.991402 -1.938367 0.000000
v -12.991402 -1.938367 0.000000
v -12.959175 -1.958194 0.000000
v -12.977859 -1.918541 -0.141905
v -13.008986 -1.938367 -0.133564
v -13.008986 -1.938367 -0.133564
v -12.977859 -1.958194 -0.141905
v -13.032631 -1.918541 -0.274139
v -13.060539 -1.938367 -0.258026
v -13.060539 -1.938367 -0.258026
v -13.032631 -1.958194 -0.274139
v -13.119764 -1.918541 -0.387691
v -13.142550 -1.938367 -0.364904
v -13.142550 -1.938367 -0.364904
v -13.119764 -1.958194 -0.387691
v -13.233315 -1.918541 -0.474822
v -13.249428 -1.938367 -0.446914
v -13.249428 -1.938367 -0.446914
v -13.233315 -1.958194 -0.474822
v -13.365549 -1.918541 -0.529596
v -13.373890 -1.938367 -0.498468
v -13.373890 -1.938367 -0.498468
v -13.365549 -1.958194 -0.529596
v -13.507454 -1.918541 -0.548278
v -13.507454 -1.938367 -0.516052
v -13.507454 -1.938367 -0.516052
v -13.507454 -1.958194 -0.548278
v -13.649359 -1.918541 -0.529596
v -13.641018 -1.938367 -0.498468
v -13.641018 -1.938367 -0.498468
v -13.649359 -1.958194 -0.529596
v -13.781591 -1.918541 -0.474822
v -13.765480 -1.938367 -0.446914
v -13.765480 -1.938367 -0.446914
v -13.781591 -1.958194 -0.474822
v -13.895145 -1.918541 -0.387691
v -13.872358 -1.938367 -0.364904
v -13.872358 -1.938367 -0.364904
v -13.895145 -1.958194 -0.387691
v -13.982277 -1.918541 -0.274139
v -13.954369 -1.938367 -0.258026
v -13.954369 -1.938367 -0.258026
v -13.982277 -1.958194 -0.274139
v -14.037050 -1.918541 -0.141905
v -14.005922 -1.938367 -0.133564
v -14.005922 -1.938367 -0.133564
v -14.037050 -1.958194 -0.141905
v -14.055731 -1.918541 -0.000000
v -14.023506 -1.938367 -0.000000
v -14.023506 -1.938367 -0.000000
v -14.055731 -1.958194 -0.000000
v -14.037050 -1.918541 0.141904
v -14.005922 -1.938367 0.133564
v -14.005922 -1.938367 0.133564
v -14.037050 -1.958194 0.141904
v -13.982277 -1.918541 0.274139
v -13.954369 -1.938367 0.258026
v -13.954369 -1.938367 0.258026
v -13.982277 -1.958194 0.274139
v -13.895145 -1.918541 0.387690
v -13.872358 -1.938367 0.364903
v -13.872358 -1.938367 0.364903
v -13.895145 -1.958194 0.387690
v -13.781591 -1.918541 0.474822
v -13.765480 -1.938367 0.446914
v -13.765480 -1.938367 0.446914
v -13.781591 -1.958194 0.474822
v -13.649359 -1.918541 0.529595
v -13.641018 -1.938367 0.498468
v -13.641018 -1.938367 0.498468
v -13.649359 -1.958194 0.529595
v -13.507454 -2.138707 0.548277
v -13.649359 -2.138707 0.529595
v -13.641417 -2.169127 0.499958
v -13.507454 -2.169127 0.517595
v -13.649359 -1.738026 0.529595
v -13.507454 -1.738026 0.548277
v -13.507454 -1.707606 0.517595
v -13.641417 -1.707606 0.499958
v -13.781591 -2.138707 0.474822
v -13.766253 -2.169127 0.448250
v -13.781591 -1.738026 0.474822
v -13.766253 -1.707606 0.448250
v -13.895145 -2.138707 0.387691
v -13.873449 -2.169128 0.365995
v -13.895145 -1.738026 0.387690
v -13.873449 -1.707606 0.365995
v -13.982277 -2.138707 0.274139
v -13.955706 -2.169128 0.258797
v -13.982277 -1.738026 0.274138
v -13.955706 -1.707606 0.258797
v -14.037050 -2.138707 0.141904
v -14.007414 -2.169128 0.133963
v -14.037050 -1.738026 0.141904
v -14.007414 -1.707606 0.133963
v -14.055731 -2.138707 -0.000000
v -14.025049 -2.169128 -0.000000
v -14.055731 -1.738026 -0.000000
v -14.025049 -1.707606 -0.000000
v -14.037050 -2.138707 -0.141905
v -14.007414 -2.169128 -0.133964
v -14.037050 -1.738026 -0.141905
v -14.007414 -1.707606 -0.133964
v -13.982277 -2.138707 -0.274139
v -13.955706 -2.169128 -0.258798
v -13.982277 -1.738026 -0.274139
v -13.955706 -1.707607 -0.258798
v -13.895145 -2.138707 -0.387691
v -13.873449 -2.169128 -0.365995
v -13.895145 -1.738026 -0.387691
v -13.873449 -1.707607 -0.365995
v -13.781591 -2.138708 -0.474822
v -13.766253 -2.169128 -0.448250
v -13.781591 -1.738026 -0.474823
v -13.766253 -1.707607 -0.448251
v -13.649359 -2.138708 -0.529596
v -13.641417 -2.169128 -0.499958
v -13.649359 -1.738026 -0.529596
v -13.641417 -1.707607 -0.499959
v -13.507454 -2.138708 -0.548278
v -13.507454 -2.169128 -0.517595
v -13.507454 -1.738026 -0.548278
v -13.507454 -1.707607 -0.517595
v -13.365549 -2.138708 -0.529595
v -13.373491 -2.169128 -0.499958
v -13.365549 -1.738026 -0.529596
v -13.373491 -1.707607 -0.499958
v -13.233315 -2.138708 -0.474822
v -13.248657 -2.169128 -0.448250
v -13.233315 -1.738026 -0.474822
v -13.248657 -1.707607 -0.448250
v -13.119764 -2.138707 -0.387691
v -13.141460 -2.169128 -0.365995
v -13.119764 -1.738026 -0.387691
v -13.141460 -1.707607 -0.365995
v -13.032631 -2.138707 -0.274139
v -13.059204 -2.169128 -0.258797
v -13.032631 -1.738026 -0.274139
v -13.059204 -1.707607 -0.258798
v -12.977859 -2.138707 -0.141905
v -13.007496 -2.169128 -0.133963
v -12.977859 -1.738026 -0.141905
v -13.007496 -1.707606 -0.133963
v -12.959175 -2.138707 0.000000
v -12.989859 -2.169128 0.000000
v -12.959175 -1.738026 -0.000000
v -12.989859 -1.707606 -0.000000
v -12.977859 -2.138707 0.141905
v -13.007496 -2.169128 0.133963
v -12.977859 -1.738026 0.141905
v -13.007496 -1.707606 0.133963
v -13.032631 -2.138707 0.274139
v -13.059204 -2.169128 0.258798
v -13.032631 -1.738026 0.274139
v -13.059204 -1.707606 0.258797
v -13.119764 -2.138707 0.387691
v -13.141460 -2.169128 0.365995
v -13.119764 -1.738026 0.387691
v -13.141460 -1.707606 0.365995
v -13.233315 -2.138707 0.474822
v -13.248657 -2.169127 0.448250
v -13.233315 -1.738026 0.474822
v -13.248657 -1.707606 0.448250
v -13.365549 -2.138707 0.529595
v -13.373491 -2.169127 0.499958
v -13.365549 -1.738026 0.529595
v -13.373491 -1.707606 0.499958
v -13.408928 -4.995925 0.367704
v -13.408928 0.546251 0.367702
v -13.507456 0.546251 0.380674
v -13.507456 -4.995925 0.380675
v -13.317118 -4.995925 0.329675
v -13.317118 0.546251 0.329673
v -13.238277 -4.995925 0.269178
v -13.238277 0.546251 0.269177
v -13.177782 -4.995925 0.190338
v -13.177782 0.546251 0.190336
v -13.139751 -4.995925 0.098527
v -13.139751 0.546251 0.098525
v -13.126781 -4.995925 0.000001
v -13.126781 0.546251 -0.000001
v -13.139751 -4.995925 -0.098525
v -13.139751 0.546251 -0.098527
v -13.177782 -4.995925 -0.190336
v -13.177782 0.546251 -0.190338
v -13.238277 -4.995925 -0.269177
v -13.238277 0.546251 -0.269178
v -13.317118 -4.995925 -0.329673
v -13.317118 0.546251 -0.329675
v -13.408928 -4.995925 -0.367703
v -13.408928 0.546251 -0.367704
v -13.507456 -4.995925 -0.380674
v -13.507456 0.546251 -0.380675
v -13.605980 -4.995925 -0.367703
v -13.605980 0.546251 -0.367704
v -13.697792 -4.995925 -0.329673
v -13.697792 0.546251 -0.329675
v -13.776632 -4.995925 -0.269177
v -13.776632 0.546251 -0.269179
v -13.837128 -4.995925 -0.190337
v -13.837128 0.546251 -0.190338
v -13.875158 -4.995925 -0.098525
v -13.875158 0.546251 -0.098527
v -13.888130 -4.995925 0.000001
v -13.888130 0.546251 -0.000001
v -13.875158 -4.995925 0.098526
v -13.875158 0.546251 0.098525
v -13.837128 -4.995925 0.190338
v -13.837128 0.546251 0.190336
v -13.776632 -4.995925 0.269178
v -13.776632 0.546251 0.269177
v -13.697792 -4.995925 0.329675
v -13.697792 0.546251 0.329673
v -13.605980 -4.995925 0.367704
v -13.605980 0.546251 0.367702
v -13.507456 0.546251 0.529007
v -13.507456 0.665672 0.546397
v -13.648872 0.665672 0.527779
v -13.644373 0.546251 0.510981
v -13.780655 0.665672 0.473193
v -13.771959 0.546251 0.458133
v -13.893818 0.665672 0.386360
v -13.881521 0.546251 0.374064
v -13.980650 0.665672 0.273198
v -13.965591 0.546251 0.264503
v -14.035234 0.665672 0.141417
v -14.018438 0.546251 0.136916
v -14.053854 0.665672 -0.000001
v -14.036463 0.546251 -0.000001
v -14.035234 0.665672 -0.141419
v -14.018438 0.546251 -0.136918
v -13.980650 0.665672 -0.273200
v -13.965591 0.546251 -0.264505
v -13.893818 0.665672 -0.386363
v -13.881521 0.546251 -0.374066
v -13.780655 0.665672 -0.473195
v -13.771959 0.546251 -0.458135
v -13.648872 0.665672 -0.527781
v -13.644373 0.546251 -0.510983
v -13.507456 0.665672 -0.546399
v -13.507456 0.546251 -0.529009
v -13.366037 0.665672 -0.527781
v -13.370537 0.546251 -0.510983
v -13.234257 0.665672 -0.473195
v -13.242950 0.546251 -0.458135
v -13.121094 0.665672 -0.386362
v -13.133390 0.546251 -0.374066
v -13.034262 0.665672 -0.273200
v -13.049322 0.546251 -0.264505
v -12.979675 0.665672 -0.141419
v -12.996473 0.546251 -0.136918
v -12.961058 0.665672 -0.000001
v -12.978447 0.546251 -0.000001
v -12.979675 0.665672 0.141417
v -12.996473 0.546251 0.136917
v -13.034262 0.665672 0.273198
v -13.049322 0.546251 0.264503
v -13.121094 0.665672 0.386361
v -13.133390 0.546251 0.374064
v -13.234257 0.665672 0.473193
v -13.242950 0.546251 0.458133
v -13.366037 0.665672 0.527779
v -13.370537 0.546251 0.510981
v -13.126781 0.546251 -0.000001
v -12.978447 0.546251 -0.000001
v -13.837128 0.546251 0.190336
v -13.965591 0.546251 0.264503
v -13.139751 0.546251 -0.098527
v -12.996473 0.546251 -0.136918
v -13.776632 0.546251 0.269177
v -13.881521 0.546251 0.374064
v -13.177782 0.546251 -0.190338
v -13.049322 0.546251 -0.264505
v -13.697792 0.546251 0.329673
v -13.771959 0.546251 0.458133
v -13.238277 0.546251 -0.269178
v -13.133390 0.546251 -0.374066
v -13.605980 0.546251 0.367702
v -13.644373 0.546251 0.510981
v -13.317118 0.546251 -0.329675
v -13.242950 0.546251 -0.458135
v -12.695560 -4.976250 -0.811892
v -14.319349 -4.976250 -0.811893
v -14.319349 -4.976249 0.811894
v -12.695560 -4.976249 0.811894
v -12.695560 -5.361743 -0.811892
v -12.695560 -5.361742 0.811895
v -14.319349 -5.361742 0.811894
v -14.319349 -5.361743 -0.811893
v -14.319349 -4.976249 0.811894
v -14.319349 -5.361742 0.811894
v -12.695560 -5.361742 0.811895
v -12.695560 -4.976249 0.811894
v -12.695560 -4.976250 -0.811892
v -12.695560 -5.361743 -0.811892
v -14.319349 -5.361743 -0.811893
v -14.319349 -4.976250 -0.811893
v -14.319349 -4.976250 -0.811893
v -14.319349 -5.361743 -0.811893
v -14.319349 -5.361742 0.811894
v -14.319349 -4.976249 0.811894
v -12.695560 -4.976249 0.811894
v -12.695560 -5.361742 0.811895
v -12.695560 -5.361743 -0.811892
v -12.695560 -4.976250 -0.811892
v -14.319124 -4.978415 -0.785521
v -13.780148 -3.762562 -0.246516
v -13.753973 -3.762562 -0.272693
v -14.292948 -4.978416 -0.811697
v -12.721933 -4.978416 -0.811668
v -13.260939 -3.762562 -0.272693
v -13.234760 -3.762562 -0.246516
v -12.695755 -4.978415 -0.785492
v -12.695786 -4.978415 0.785523
v -13.234760 -3.762562 0.246518
v -13.260939 -3.762562 0.272694
v -12.721962 -4.978415 0.811699
v -14.292976 -4.978415 0.811670
v -13.753973 -3.762562 0.272694
v -13.780148 -3.762562 0.246517
v -14.319155 -4.978415 0.785494
v 0.151030 0.707093 -1.868366
v 0.151030 3.207174 -1.868366
v 4.341595 3.207174 -1.868365
v 4.341595 0.707093 -1.868364
v 0.151030 0.367063 -1.930433
v 0.151031 0.707093 -1.930433
v 4.341595 0.707093 -1.930431
v 4.341595 0.367063 -1.930431
v 9.508400 0.449648 -1.868363
v 9.508400 0.449648 -1.367461
v 9.508400 0.367063 -1.367461
v 9.508400 0.367063 -1.930430
v 0.151030 3.362488 -1.472530
v 0.151030 3.464619 -1.367465
v 0.151030 3.464619 -1.868367
v 0.151030 3.207174 -1.868366
v 9.508398 3.362488 -1.472527
v 9.508400 3.464619 -1.367462
v 9.508400 3.464619 -0.000000
v 9.508398 3.362489 -0.000000
v 9.508400 0.449648 -1.367461
v 9.508398 0.551779 -1.472526
v 9.508398 0.551780 0.000001
v 9.508400 0.449649 0.000001
v 0.151030 0.449648 -1.367464
v 0.151030 0.551779 -1.472529
v 0.151030 0.707093 -1.868366
v 0.151030 0.449648 -1.868366
v 0.151030 0.551779 -1.472529
v 0.151030 3.362488 -1.472530
v 0.151030 3.207174 -1.868366
v 0.151030 0.707093 -1.868366
v 0.151030 0.449648 -1.868366
v 0.151030 0.707093 -1.868366
v 0.151031 0.707093 -1.930433
v 0.151030 0.367063 -1.930433
v 0.151030 0.707093 -1.868366
v 4.341595 0.707093 -1.868364
v 4.341595 0.707093 -1.930431
v 0.151031 0.707093 -1.930433
v 0.151029 0.449649 -0.000002
v 0.151030 0.551780 -0.000002
v 0.151030 0.551779 -1.472529
v 0.151030 0.449648 -1.367464
v 9.508400 0.707093 -1.868362
v 9.508400 3.207174 -1.868363
v 9.508398 3.362488 -1.472527
v 9.508398 0.551779 -1.472526
v 9.508400 0.449648 -1.868363
v 9.508400 0.707093 -1.868362
v 9.508398 0.551779 -1.472526
v 9.508400 0.449648 -1.367461
v 9.508400 3.207174 -1.868363
v 9.508400 3.464619 -1.868363
v 9.508400 3.464619 -1.367462
v 9.508398 3.362488 -1.472527
v 0.151030 3.362489 -0.000003
v 0.151029 3.464619 -0.000003
v 0.151030 3.464619 -1.367465
v 0.151030 3.362488 -1.472530
v 9.508400 0.449649 0.000001
v 6.157834 0.449649 -0.000000
v 6.157834 0.449648 -1.367462
v 9.508400 0.449648 -1.367461
v 6.157835 0.707093 -1.868364
v 6.157835 3.207174 -1.868364
v 9.508400 3.207174 -1.868363
v 9.508400 0.707093 -1.868362
v 0.151030 3.547204 -1.367465
v 4.160424 3.547204 -1.367464
v 4.160423 3.547204 -1.930432
v 0.151030 3.547204 -1.930434
v 6.339006 3.547204 -1.367463
v 9.508400 3.547204 -1.367462
v 9.508400 3.547204 -1.930431
v 6.339005 3.547204 -1.930432
v 0.151031 3.207174 -1.930433
v 0.151030 3.547204 -1.930434
v 4.160423 3.547204 -1.930432
v 4.341595 3.207174 -1.930432
v 4.341594 0.367063 -1.367463
v 0.151030 0.367063 -1.367464
v 0.151030 0.367063 -1.930433
v 4.341595 0.367063 -1.930431
v 0.151030 3.207174 -1.868366
v 0.151030 3.464619 -1.868367
v 0.151030 3.547204 -1.930434
v 0.151031 3.207174 -1.930433
v 9.508400 3.464619 -1.367462
v 9.508400 3.464619 -1.868363
v 9.508400 3.547204 -1.930431
v 9.508400 3.547204 -1.367462
v 9.508400 3.464619 -1.868363
v 9.508400 3.207174 -1.868363
v 9.508398 3.207174 -1.930430
v 9.508400 3.547204 -1.930431
v 0.151030 3.464619 -1.367465
v 4.341595 3.464619 -1.367463
v 4.160424 3.547204 -1.367464
v 0.151030 3.547204 -1.367465
v 0.151030 0.449648 -1.367464
v 0.151030 0.449648 -1.868366
v 0.151030 0.367063 -1.930433
v 0.151030 0.367063 -1.367464
v 9.508400 0.707093 -1.868362
v 9.508400 0.449648 -1.868363
v 9.508400 0.367063 -1.930430
v 9.508398 0.707093 -1.930430
v 0.151030 3.464619 -1.868367
v 0.151030 3.464619 -1.367465
v 0.151030 3.547204 -1.367465
v 0.151030 3.547204 -1.930434
v 9.508400 0.449648 -1.367461
v 6.157834 0.449648 -1.367462
v 6.157834 0.367063 -1.367462
v 9.508400 0.367063 -1.367461
v 6.157835 3.464619 -1.367463
v 9.508400 3.464619 -1.367462
v 9.508400 3.547204 -1.367462
v 6.339006 3.547204 -1.367463
v 4.341595 3.207174 -1.868365
v 0.151030 3.207174 -1.868366
v 0.151031 3.207174 -1.930433
v 4.341595 3.207174 -1.930432
v 9.508400 0.367063 -1.367461
v 6.157834 0.367063 -1.367462
v 6.157835 0.367063 -1.930431
v 9.508400 0.367063 -1.930430
v 5.653892 4.067546 -1.367463
v 5.653892 4.067546 -1.930432
v 4.845537 4.067546 -1.930432
v 4.845537 4.067546 -1.367463
v 6.157835 0.367063 -1.930431
v 6.157835 0.707093 -1.930431
v 9.508398 0.707093 -1.930430
v 9.508400 0.367063 -1.930430
v 6.157835 3.207174 -1.930431
v 6.339005 3.547204 -1.930432
v 9.508400 3.547204 -1.930431
v 9.508398 3.207174 -1.930430
v 4.341594 0.449649 -0.000001
v 0.151029 0.449649 -0.000002
v 0.151030 0.449648 -1.367464
v 4.341594 0.449648 -1.367463
v 6.157834 3.464619 -0.000001
v 9.508400 3.464619 -0.000000
v 9.508400 3.464619 -1.367462
v 6.157835 3.464619 -1.367463
v 9.508400 3.207174 -1.868363
v 6.157835 3.207174 -1.868364
v 6.157835 3.207174 -1.930431
v 9.508398 3.207174 -1.930430
v 4.341594 0.449648 -1.367463
v 0.151030 0.449648 -1.367464
v 0.151030 0.367063 -1.367464
v 4.341594 0.367063 -1.367463
v 6.157835 0.707093 -1.868364
v 9.508400 0.707093 -1.868362
v 9.508398 0.707093 -1.930430
v 6.157835 0.707093 -1.930431
v 6.157835 3.464619 -1.367463
v 6.339006 3.547204 -1.367463
v 4.160424 3.547204 -1.367464
v 4.341595 3.464619 -1.367463
v 4.341595 3.207174 -1.868365
v 4.341595 3.207174 -1.930432
v 6.157835 3.207174 -1.930431
v 6.157835 3.207174 -1.868364
v 6.157835 0.707093 -1.930431
v 6.157835 0.367063 -1.930431
v 4.341595 0.367063 -1.930431
v 4.341595 0.707093 -1.930431
v 4.160424 3.547204 -1.367464
v 6.339006 3.547204 -1.367463
v 5.653892 4.067546 -1.367463
v 4.845537 4.067546 -1.367463
v 4.341594 0.367063 -1.367463
v 4.341595 0.367063 -1.930431
v 6.157835 0.367063 -1.930431
v 6.157834 0.367063 -1.367462
v 6.339005 3.547204 -1.930432
v 6.157835 3.207174 -1.930431
v 4.341595 3.207174 -1.930432
v 4.160423 3.547204 -1.930432
v 4.341594 0.449649 -0.000001
v 4.341594 0.449648 -1.367463
v 6.157834 0.449648 -1.367462
v 6.157834 0.449649 -0.000000
v 6.157834 3.464619 -0.000001
v 6.157835 3.464619 -1.367463
v 4.341595 3.464619 -1.367463
v 4.341594 3.464619 -0.000002
v 6.157835 3.207174 -1.868364
v 6.157835 0.707093 -1.868364
v 4.341595 0.707093 -1.868364
v 4.341595 3.207174 -1.868365
v 4.341594 0.449648 -1.367463
v 4.341594 0.367063 -1.367463
v 6.157834 0.367063 -1.367462
v 6.157834 0.449648 -1.367462
v 6.157835 0.707093 -1.868364
v 6.157835 0.707093 -1.930431
v 4.341595 0.707093 -1.930431
v 4.341595 0.707093 -1.868364
v 0.151029 3.464619 -0.000003
v 4.341594 3.464619 -0.000002
v 4.341595 3.464619 -1.367463
v 0.151030 3.464619 -1.367465
v 6.339005 3.547204 -1.930432
v 4.160423 3.547204 -1.930432
v 4.845537 4.067546 -1.930432
v 5.653892 4.067546 -1.930432
v 4.160423 3.547204 -1.930432
v 4.160424 3.547204 -1.367464
v 4.845537 4.067546 -1.367463
v 4.845537 4.067546 -1.930432
v 6.339006 3.547204 -1.367463
v 6.339005 3.547204 -1.930432
v 5.653892 4.067546 -1.930432
v 5.653892 4.067546 -1.367463
v 9.508398 0.551779 -1.472526
v 0.151030 0.551779 -1.472529
v 0.151030 0.551780 -0.000002
v 9.508398 0.551780 0.000001
v 0.151030 0.551779 -1.472529
v 9.508398 0.551779 -1.472526
v 9.508398 3.362488 -1.472527
v 0.151030 3.362488 -1.472530
v 9.508398 3.362488 -1.472527
v 9.508398 3.362489 -0.000000
v 0.151030 3.362489 -0.000003
v 0.151030 3.362488 -1.472530
v 0.151029 0.707094 1.868361
v 4.341593 0.707094 1.868362
v 4.341593 3.207175 1.868361
v 0.151029 3.207175 1.868360
v 0.151029 0.367064 1.930428
v 4.341594 0.367064 1.930430
v 4.341594 0.707094 1.930429
v 0.151031 0.707094 1.930428
v 9.508399 0.449649 1.868364
v 9.508398 0.367064 1.930431
v 9.508398 0.367064 1.367463
v 9.508399 0.449649 1.367463
v 0.151029 3.362489 1.472524
v 0.151029 3.207175 1.868360
v 0.151029 3.464620 1.868360
v 0.151029 3.464620 1.367458
v 9.508398 3.362489 1.472527
v 9.508398 3.362489 -0.000000
v 9.508400 3.464619 -0.000000
v 9.508399 3.464620 1.367462
v 9.508399 0.449649 1.367463
v 9.508400 0.449649 0.000001
v 9.508398 0.551780 0.000001
v 9.508398 0.551780 1.472528
v 0.151029 0.449649 1.367459
v 0.151029 0.449649 1.868361
v 0.151029 0.707094 1.868361
v 0.151029 0.551780 1.472525
v 0.151029 0.551780 1.472525
v 0.151029 0.707094 1.868361
v 0.151029 3.207175 1.868360
v 0.151029 3.362489 1.472524
v 0.151029 0.449649 1.868361
v 0.151029 0.367064 1.930428
v 0.151031 0.707094 1.930428
v 0.151029 0.707094 1.868361
v 0.151029 0.707094 1.868361
v 0.151031 0.707094 1.930428
v 4.341594 0.707094 1.930429
v 4.341593 0.707094 1.868362
v 0.151029 0.449649 -0.000002
v 0.151029 0.449649 1.367459
v 0.151029 0.551780 1.472525
v 0.151030 0.551780 -0.000002
v 9.508398 0.707094 1.868364
v 9.508398 0.551780 1.472528
v 9.508398 3.362489 1.472527
v 9.508398 3.207175 1.868363
v 9.508399 0.449649 1.868364
v 9.508399 0.449649 1.367463
v 9.508398 0.551780 1.472528
v 9.508398 0.707094 1.868364
v 9.508398 3.207175 1.868363
v 9.508398 3.362489 1.472527
v 9.508399 3.464620 1.367462
v 9.508399 3.464620 1.868363
v 0.151030 3.362489 -0.000003
v 0.151029 3.362489 1.472524
v 0.151029 3.464620 1.367458
v 0.151029 3.464619 -0.000003
v 9.508400 0.449649 0.000001
v 9.508399 0.449649 1.367463
v 6.157833 0.449649 1.367461
v 6.157834 0.449649 -0.000000
v 6.157833 0.707094 1.868363
v 9.508398 0.707094 1.868364
v 9.508398 3.207175 1.868363
v 6.157833 3.207175 1.868362
v 0.151029 3.547205 1.367458
v 0.151029 3.547205 1.930427
v 4.160422 3.547205 1.930429
v 4.160423 3.547205 1.367460
v 6.339005 3.547205 1.367460
v 6.339005 3.547205 1.930429
v 9.508398 3.547205 1.930430
v 9.508398 3.547205 1.367462
v 0.151031 3.207175 1.930427
v 4.341594 3.207175 1.930429
v 4.160422 3.547205 1.930429
v 0.151029 3.547205 1.930427
v 4.341594 0.367064 1.367461
v 4.341594 0.367064 1.930430
v 0.151029 0.367064 1.930428
v 0.151029 0.367064 1.367459
v 0.151029 3.207175 1.868360
v 0.151031 3.207175 1.930427
v 0.151029 3.547205 1.930427
v 0.151029 3.464620 1.868360
v 9.508399 3.464620 1.367462
v 9.508398 3.547205 1.367462
v 9.508398 3.547205 1.930430
v 9.508399 3.464620 1.868363
v 9.508399 3.464620 1.868363
v 9.508398 3.547205 1.930430
v 9.508398 3.207175 1.930430
v 9.508398 3.207175 1.868363
v 0.151029 3.464620 1.367458
v 0.151029 3.547205 1.367458
v 4.160423 3.547205 1.367460
v 4.341594 3.464620 1.367460
v 0.151029 0.449649 1.367459
v 0.151029 0.367064 1.367459
v 0.151029 0.367064 1.930428
v 0.151029 0.449649 1.868361
v 9.508398 0.707094 1.868364
v 9.508398 0.707094 1.930431
v 9.508398 0.367064 1.930431
v 9.508399 0.449649 1.868364
v 0.151029 3.464620 1.868360
v 0.151029 3.547205 1.930427
v 0.151029 3.547205 1.367458
v 0.151029 3.464620 1.367458
v 9.508399 0.449649 1.367463
v 9.508398 0.367064 1.367463
v 6.157833 0.367064 1.367461
v 6.157833 0.449649 1.367461
v 6.157834 3.464620 1.367460
v 6.339005 3.547205 1.367460
v 9.508398 3.547205 1.367462
v 9.508399 3.464620 1.367462
v 4.341593 3.207175 1.868361
v 4.341594 3.207175 1.930429
v 0.151031 3.207175 1.930427
v 0.151029 3.207175 1.868360
v 9.508398 0.367064 1.367463
v 9.508398 0.367064 1.930431
v 6.157834 0.367064 1.930430
v 6.157833 0.367064 1.367461
v 5.653891 4.067547 1.367460
v 4.845536 4.067547 1.367460
v 4.845536 4.067547 1.930429
v 5.653891 4.067547 1.930429
v 6.157834 0.367064 1.930430
v 9.508398 0.367064 1.930431
v 9.508398 0.707094 1.930431
v 6.157834 0.707094 1.930430
v 6.157834 3.207175 1.930429
v 9.508398 3.207175 1.930430
v 9.508398 3.547205 1.930430
v 6.339005 3.547205 1.930429
v 4.341594 0.449649 -0.000001
v 4.341594 0.449649 1.367461
v 0.151029 0.449649 1.367459
v 0.151029 0.449649 -0.000002
v 6.157834 3.464619 -0.000001
v 6.157834 3.464620 1.367460
v 9.508399 3.464620 1.367462
v 9.508400 3.464619 -0.000000
v 9.508398 3.207175 1.868363
v 9.508398 3.207175 1.930430
v 6.157834 3.207175 1.930429
v 6.157833 3.207175 1.868362
v 4.341594 0.449649 1.367461
v 4.341594 0.367064 1.367461
v 0.151029 0.367064 1.367459
v 0.151029 0.449649 1.367459
v 6.157833 0.707094 1.868363
v 6.157834 0.707094 1.930430
v 9.508398 0.707094 1.930431
v 9.508398 0.707094 1.868364
v 6.157834 3.464620 1.367460
v 4.341594 3.464620 1.367460
v 4.160423 3.547205 1.367460
v 6.339005 3.547205 1.367460
v 4.341593 3.207175 1.868361
v 6.157833 3.207175 1.868362
v 6.157834 3.207175 1.930429
v 4.341594 3.207175 1.930429
v 6.157834 0.707094 1.930430
v 4.341594 0.707094 1.930429
v 4.341594 0.367064 1.930430
v 6.157834 0.367064 1.930430
v 4.160423 3.547205 1.367460
v 4.845536 4.067547 1.367460
v 5.653891 4.067547 1.367460
v 6.339005 3.547205 1.367460
v 4.341594 0.367064 1.367461
v 6.157833 0.367064 1.367461
v 6.157834 0.367064 1.930430
v 4.341594 0.367064 1.930430
v 6.339005 3.547205 1.930429
v 4.160422 3.547205 1.930429
v 4.341594 3.207175 1.930429
v 6.157834 3.207175 1.930429
v 4.341594 0.449649 -0.000001
v 6.157834 0.449649 -0.000000
v 6.157833 0.449649 1.367461
v 4.341594 0.449649 1.367461
v 6.157834 3.464619 -0.000001
v 4.341594 3.464619 -0.000002
v 4.341594 3.464620 1.367460
v 6.157834 3.464620 1.367460
v 6.157833 3.207175 1.868362
v 4.341593 3.207175 1.868361
v 4.341593 0.707094 1.868362
v 6.157833 0.707094 1.868363
v 4.341594 0.449649 1.367461
v 6.157833 0.449649 1.367461
v 6.157833 0.367064 1.367461
v 4.341594 0.367064 1.367461
v 6.157833 0.707094 1.868363
v 4.341593 0.707094 1.868362
v 4.341594 0.707094 1.930429
v 6.157834 0.707094 1.930430
v 0.151029 3.464619 -0.000003
v 0.151029 3.464620 1.367458
v 4.341594 3.464620 1.367460
v 4.341594 3.464619 -0.000002
v 6.339005 3.547205 1.930429
v 5.653891 4.067547 1.930429
v 4.845536 4.067547 1.930429
v 4.160422 3.547205 1.930429
v 4.160422 3.547205 1.930429
v 4.845536 4.067547 1.930429
v 4.845536 4.067547 1.367460
v 4.160423 3.547205 1.367460
v 6.339005 3.547205 1.367460
v 5.653891 4.067547 1.367460
v 5.653891 4.067547 1.930429
v 6.339005 3.547205 1.930429
v 9.508398 0.551780 1.472528
v 9.508398 0.551780 0.000001
v 0.151030 0.551780 -0.000002
v 0.151029 0.551780 1.472525
v 0.151029 0.551780 1.472525
v 0.151029 3.362489 1.472524
v 9.508398 3.362489 1.472527
v 9.508398 0.551780 1.472528
v 9.508398 3.362489 1.472527
v 0.151029 3.362489 1.472524
v 0.151030 3.362489 -0.000003
v 9.508398 3.362489 -0.000000
v 5.647689 -2.967552 -2.481692
v 5.647689 4.478796 -2.481694
v 5.647688 4.478796 -1.933158
v 5.647688 -2.967551 -1.933156
v 5.647688 -2.967551 -1.933156
v 5.647688 4.478796 -1.933158
v 4.851740 4.478796 -1.933158
v 4.851740 -2.967551 -1.933156
v 4.851740 -2.967551 -1.933156
v 4.851740 4.478796 -1.933158
v 4.851740 4.478796 -2.481695
v 4.851740 -2.967552 -2.481692
v 4.851740 -2.967552 -2.481692
v 4.851740 4.478796 -2.481695
v 5.647689 4.478796 -2.481694
v 5.647689 -2.967552 -2.481692
v 5.647688 -2.967551 -1.933156
v 4.851740 -2.967551 -1.933156
v 4.851740 -2.967552 -2.481692
v 5.647689 -2.967552 -2.481692
v 5.879537 4.562499 -1.872079
v 5.879537 4.562498 -2.542773
v 5.879537 5.278041 -2.542391
v 5.879537 5.278041 -1.872461
v 5.851461 4.503312 -2.521884
v 5.851460 4.503313 -1.892968
v 5.720719 4.503313 -1.718678
v 4.778709 4.503313 -1.718678
v 4.647968 4.503313 -1.892968
v 4.647968 4.503312 -2.521885
v 5.524415 5.361742 -2.465376
v 4.975013 5.361742 -2.465376
v 4.974364 4.704065 -2.465376
v 5.525064 4.704065 -2.465376
v 4.845668 5.361742 -2.339501
v 4.845668 5.361742 -2.075352
v 4.845668 4.704066 -2.074837
v 4.845668 4.704066 -2.340016
v 4.619892 4.562499 -1.872080
v 4.619892 4.562498 -2.542773
v 4.647968 4.503312 -2.521885
v 4.647968 4.503313 -1.892968
v 4.772582 5.337227 -2.688566
v 5.726847 5.337227 -2.688566
v 5.750637 5.278041 -2.718979
v 4.748793 5.278041 -2.718979
v 4.749154 4.562498 -2.718979
v 5.750276 4.562498 -2.718978
v 5.720719 4.503312 -2.696175
v 4.778709 4.503312 -2.696175
v 5.653761 5.361742 -2.339501
v 5.653761 5.361742 -2.075352
v 5.800758 5.361742 -1.967763
v 5.800758 5.361742 -2.447089
v 4.975013 5.361742 -1.949477
v 5.524415 5.361742 -1.949476
v 5.525064 4.704066 -1.949476
v 4.974364 4.704066 -1.949476
v 4.778709 4.503312 -2.696175
v 5.720719 4.503312 -2.696175
v 4.845668 5.361742 -2.075352
v 4.845668 5.361742 -2.339501
v 4.698670 5.361742 -2.447090
v 4.698670 5.361742 -1.967764
v 4.975013 5.361742 -2.465376
v 5.524415 5.361742 -2.465376
v 5.670063 5.361742 -2.615143
v 4.829365 5.361742 -2.615144
v 5.524415 5.361742 -1.949476
v 4.975013 5.361742 -1.949477
v 4.829365 5.361742 -1.799710
v 5.670063 5.361742 -1.799709
v 5.647689 -0.987239 -2.481693
v 5.647688 -0.987239 -1.933156
v 5.647688 -0.607757 -1.933156
v 5.647689 -0.607758 -2.481693
v 5.647688 -0.987239 -1.933156
v 4.851740 -0.987239 -1.933156
v 4.851740 -0.607757 -1.933157
v 5.647688 -0.607757 -1.933156
v 4.851740 -0.987239 -1.933156
v 4.851740 -0.987239 -2.481693
v 4.851740 -0.607758 -2.481693
v 4.851740 -0.607757 -1.933157
v 4.851740 -0.987239 -2.481693
v 5.647689 -0.987239 -2.481693
v 5.647689 -0.607758 -2.481693
v 4.851740 -0.607758 -2.481693
v 5.745078 -0.987238 -1.800294
v 5.745078 -0.607757 -1.800294
v 4.754350 -0.607757 -1.800294
v 4.754350 -0.987238 -1.800294
v 4.754350 -0.987239 -2.614556
v 4.754350 -0.607758 -2.614556
v 5.745078 -0.607758 -2.614555
v 5.745078 -0.987239 -2.614555
v 5.825267 -0.987239 -2.534366
v 5.825267 -0.607758 -2.534366
v 5.825267 -0.607757 -1.880482
v 5.825267 -0.987239 -1.880482
v 4.674161 -0.987239 -1.880483
v 4.674161 -0.607757 -1.880483
v 4.674161 -0.607758 -2.534367
v 4.674161 -0.987239 -2.534367
v 4.749153 4.562499 -1.695874
v 5.750275 4.562499 -1.695874
v 5.750636 5.278041 -1.695874
v 4.748792 5.278041 -1.695874
v 4.619892 5.278041 -1.872462
v 4.619892 5.278041 -2.542392
v 5.851460 4.503313 -1.892968
v 5.851461 4.503312 -2.521884
v 4.772582 5.337227 -1.726287
v 5.726846 5.337227 -1.726287
v 5.726847 5.337227 -2.688566
v 4.772582 5.337227 -2.688566
v 5.726846 5.337227 -1.726287
v 4.772582 5.337227 -1.726287
v 4.642965 5.337227 -2.513897
v 4.642965 5.337227 -1.900956
v 4.642965 5.337227 -1.900956
v 4.642965 5.337227 -2.513897
v 5.856463 5.337227 -1.900956
v 5.856463 5.337227 -2.513897
v 5.856463 5.337227 -2.513897
v 5.856463 5.337227 -1.900956
v 4.778709 4.503313 -1.718678
v 5.720719 4.503313 -1.718678
v 5.653761 5.361742 -2.075352
v 5.653761 4.704066 -2.074836
v 5.616066 4.704066 -1.986193
v 5.615876 5.361742 -1.986345
v 5.615876 5.361742 -1.986345
v 5.616066 4.704066 -1.986193
v 4.883552 5.361742 -1.986345
v 4.883362 4.704066 -1.986194
v 4.883362 4.704066 -1.986194
v 4.883552 5.361742 -1.986345
v 4.883552 5.361742 -2.428509
v 4.883362 4.704065 -2.428659
v 4.883362 4.704065 -2.428659
v 4.883552 5.361742 -2.428509
v 5.616066 4.704065 -2.428659
v 5.615877 5.361742 -2.428508
v 5.615877 5.361742 -2.428508
v 5.616066 4.704065 -2.428659
v 5.653761 4.704066 -2.340016
v 5.653761 5.361742 -2.339501
v 5.841677 4.562498 -2.630894
v 5.813168 4.503312 -2.610277
v 5.813168 4.503313 -1.804575
v 5.841677 4.562499 -1.783958
v 5.813168 4.503312 -2.610277
v 5.813168 4.503313 -1.804575
v 4.686261 4.503313 -1.804576
v 4.657752 4.562499 -1.783959
v 4.686261 4.503313 -1.804576
v 4.686261 4.503312 -2.610277
v 4.657752 4.562498 -2.630894
v 4.686261 4.503312 -2.610277
v 5.762479 5.361742 -2.536850
v 5.818500 5.337227 -2.603100
v 5.818499 5.337227 -1.811753
v 5.762479 5.361742 -1.878003
v 5.818500 5.337227 -2.603100
v 5.841783 5.278041 -2.630782
v 5.841783 5.278041 -1.784070
v 5.818499 5.337227 -1.811753
v 4.680929 5.337227 -1.811754
v 4.736949 5.361742 -1.878003
v 4.657646 5.278041 -1.784071
v 4.680929 5.337227 -1.811754
v 4.680929 5.337227 -2.603100
v 4.736950 5.361742 -2.536851
v 4.657646 5.278041 -2.630783
v 4.680929 5.337227 -2.603100
v 5.615877 5.361742 -2.428508
v 5.615876 5.361742 -1.986345
v 4.883552 5.361742 -2.428509
v 4.883552 5.361742 -1.986345
v 5.745078 -0.987239 -2.614555
v 5.745078 -0.607758 -2.614555
v 5.825267 -0.607758 -2.534366
v 5.825267 -0.987239 -2.534366
v 5.745078 -0.607757 -1.800294
v 5.745078 -0.987238 -1.800294
v 5.825267 -0.987239 -1.880482
v 5.825267 -0.607757 -1.880482
v 4.674161 -0.607757 -1.880483
v 4.674161 -0.987239 -1.880483
v 4.754350 -0.987238 -1.800294
v 4.754350 -0.607757 -1.800294
v 4.754350 -0.607758 -2.614556
v 4.754350 -0.987239 -2.614556
v 4.674161 -0.987239 -2.534367
v 4.674161 -0.607758 -2.534367
v 5.647687 -2.967550 2.481694
v 5.647687 -2.967551 1.933158
v 5.647687 4.478797 1.933156
v 5.647687 4.478797 2.481692
v 5.647687 -2.967551 1.933158
v 4.851739 -2.967551 1.933158
v 4.851739 4.478797 1.933155
v 5.647687 4.478797 1.933156
v 4.851739 -2.967551 1.933158
v 4.851738 -2.967550 2.481694
v 4.851738 4.478797 2.481692
v 4.851739 4.478797 1.933155
v 4.851738 -2.967550 2.481694
v 5.647687 -2.967550 2.481694
v 5.647687 4.478797 2.481692
v 4.851738 4.478797 2.481692
v 5.647687 -2.967551 1.933158
v 5.647687 -2.967550 2.481694
v 4.851738 -2.967550 2.481694
v 4.851739 -2.967551 1.933158
v 5.879536 4.562500 1.872077
v 5.879536 5.278042 1.872459
v 5.879536 5.278043 2.542388
v 5.879536 4.562500 2.542771
v 5.851459 4.503314 2.521882
v 5.851460 4.503314 1.892966
v 5.720718 4.503314 1.718675
v 4.778708 4.503314 1.718675
v 4.647966 4.503314 1.892965
v 4.647966 4.503314 2.521882
v 5.524414 5.361744 2.465373
v 5.525063 4.704067 2.465374
v 4.974363 4.704067 2.465374
v 4.975012 5.361744 2.465373
v 4.845666 5.361743 2.339498
v 4.845666 4.704067 2.340013
v 4.845666 4.704067 2.074833
v 4.845666 5.361743 2.075349
v 4.619890 4.562500 1.872077
v 4.647966 4.503314 1.892965
v 4.647966 4.503314 2.521882
v 4.619890 4.562500 2.542771
v 4.772581 5.337229 2.688563
v 4.748791 5.278043 2.718975
v 5.750635 5.278043 2.718976
v 5.726845 5.337229 2.688563
v 4.749152 4.562500 2.718976
v 4.778708 4.503314 2.696172
v 5.720718 4.503314 2.696172
v 5.750274 4.562500 2.718976
v 5.653759 5.361743 2.339498
v 5.800757 5.361744 2.447087
v 5.800757 5.361743 1.967760
v 5.653759 5.361743 2.075349
v 4.975012 5.361743 1.949473
v 4.974363 4.704067 1.949474
v 5.525063 4.704067 1.949474
v 5.524414 5.361743 1.949474
v 4.778708 4.503314 2.696172
v 5.720718 4.503314 2.696172
v 4.845666 5.361743 2.075349
v 4.698668 5.361743 1.967760
v 4.698668 5.361744 2.447086
v 4.845666 5.361743 2.339498
v 4.975012 5.361744 2.465373
v 4.829364 5.361744 2.615140
v 5.670062 5.361744 2.615141
v 5.524414 5.361744 2.465373
v 5.524414 5.361743 1.949474
v 5.670062 5.361743 1.799707
v 4.829364 5.361743 1.799706
v 4.975012 5.361743 1.949473
v 5.647687 -0.987237 2.481694
v 5.647687 -0.607756 2.481694
v 5.647687 -0.607756 1.933157
v 5.647687 -0.987237 1.933157
v 5.647687 -0.987237 1.933157
v 5.647687 -0.607756 1.933157
v 4.851739 -0.607756 1.933157
v 4.851739 -0.987237 1.933157
v 4.851739 -0.987237 1.933157
v 4.851739 -0.607756 1.933157
v 4.851738 -0.607756 2.481693
v 4.851738 -0.987237 2.481693
v 4.851738 -0.987237 2.481693
v 4.851738 -0.607756 2.481693
v 5.647687 -0.607756 2.481694
v 5.647687 -0.987237 2.481694
v 5.745077 -0.987237 1.800295
v 4.754348 -0.987237 1.800295
v 4.754348 -0.607756 1.800295
v 5.745077 -0.607756 1.800295
v 4.754348 -0.987237 2.614555
v 5.745077 -0.987237 2.614556
v 5.745077 -0.607756 2.614556
v 4.754348 -0.607756 2.614555
v 5.825265 -0.987237 2.534367
v 5.825266 -0.987237 1.880484
v 5.825266 -0.607756 1.880483
v 5.825265 -0.607756 2.534367
v 4.674160 -0.987237 1.880483
v 4.674160 -0.987237 2.534367
v 4.674160 -0.607756 2.534367
v 4.674160 -0.607756 1.880483
v 4.749152 4.562500 1.695871
v 4.748791 5.278042 1.695871
v 5.750635 5.278042 1.695871
v 5.750274 4.562500 1.695871
v 4.619890 5.278043 2.542388
v 4.619890 5.278042 1.872458
v 5.851459 4.503314 2.521882
v 5.851460 4.503314 1.892966
v 5.726845 5.337228 1.726284
v 4.772581 5.337228 1.726283
v 4.772581 5.337229 2.688563
v 5.726845 5.337229 2.688563
v 5.726845 5.337228 1.726284
v 4.772581 5.337228 1.726283
v 4.642964 5.337228 1.900953
v 4.642964 5.337229 2.513893
v 4.642964 5.337228 1.900953
v 4.642964 5.337229 2.513893
v 5.856462 5.337229 2.513894
v 5.856462 5.337228 1.900953
v 5.856462 5.337229 2.513894
v 5.856462 5.337228 1.900953
v 5.720718 4.503314 1.718675
v 4.778708 4.503314 1.718675
v 5.653759 5.361743 2.075349
v 5.615875 5.361743 1.986342
v 5.616065 4.704067 1.986191
v 5.653759 4.704067 2.074834
v 5.615875 5.361743 1.986342
v 5.616065 4.704067 1.986191
v 4.883361 4.704067 1.986191
v 4.883551 5.361743 1.986341
v 4.883361 4.704067 1.986191
v 4.883551 5.361743 1.986341
v 4.883361 4.704067 2.428656
v 4.883551 5.361744 2.428505
v 4.883361 4.704067 2.428656
v 4.883551 5.361744 2.428505
v 5.615875 5.361744 2.428505
v 5.616065 4.704067 2.428656
v 5.615875 5.361744 2.428505
v 5.653759 5.361743 2.339498
v 5.653759 4.704067 2.340014
v 5.616065 4.704067 2.428656
v 5.813166 4.503314 2.610275
v 5.841676 4.562500 2.630892
v 5.841676 4.562500 1.783956
v 5.813166 4.503314 1.804573
v 5.813166 4.503314 2.610275
v 5.813166 4.503314 1.804573
v 4.657750 4.562500 1.783956
v 4.686260 4.503314 1.804573
v 4.686260 4.503314 1.804573
v 4.657750 4.562500 2.630891
v 4.686260 4.503314 2.610274
v 4.686260 4.503314 2.610274
v 5.818498 5.337229 2.603097
v 5.762477 5.361744 2.536847
v 5.762478 5.361743 1.878000
v 5.818498 5.337228 1.811750
v 5.841782 5.278043 2.630779
v 5.818498 5.337229 2.603097
v 5.818498 5.337228 1.811750
v 5.841782 5.278042 1.784068
v 4.736948 5.361743 1.878000
v 4.680928 5.337228 1.811750
v 4.680928 5.337228 1.811750
v 4.657644 5.278042 1.784068
v 4.736948 5.361744 2.536847
v 4.680928 5.337229 2.603097
v 4.680928 5.337229 2.603097
v 4.657644 5.278043 2.630779
v 5.615875 5.361744 2.428505
v 5.615875 5.361743 1.986342
v 4.883551 5.361744 2.428505
v 4.883551 5.361743 1.986341
v 5.745077 -0.987237 2.614556
v 5.825265 -0.987237 2.534367
v 5.825265 -0.607756 2.534367
v 5.745077 -0.607756 2.614556
v 5.745077 -0.607756 1.800295
v 5.825266 -0.607756 1.880483
v 5.825266 -0.987237 1.880484
v 5.745077 -0.987237 1.800295
v 4.674160 -0.607756 1.880483
v 4.754348 -0.607756 1.800295
v 4.754348 -0.987237 1.800295
v 4.674160 -0.987237 1.880483
v 4.754348 -0.607756 2.614555
v 4.674160 -0.607756 2.534367
v 4.674160 -0.987237 2.534367
v 4.754348 -0.987237 2.614555
v 6.095463 -3.558341 1.666244
v 6.095463 -2.912445 1.666243
v 6.095463 -2.912445 2.690758
v 6.095463 -3.558341 2.690758
v 6.095463 -3.558341 2.690758
v 6.095463 -2.912445 2.690758
v 4.403963 -2.912445 2.690758
v 4.403963 -3.558341 2.690758
v 4.403964 -3.558342 -1.666242
v 4.403964 -2.912446 -1.666243
v 4.403965 -2.912446 -2.690757
v 4.403965 -3.558342 -2.690757
v 4.403965 -3.558342 -2.690757
v 4.403965 -2.912446 -2.690757
v 6.095465 -2.912446 -2.690757
v 6.095465 -3.558342 -2.690756
v 6.095464 -3.558342 -1.666242
v 4.403964 -3.558342 -1.666242
v 4.403965 -3.558342 -2.690757
v 6.095465 -3.558342 -2.690756
v 4.403964 -2.912446 -1.666243
v 6.095464 -2.912446 -1.666242
v 6.095465 -2.912446 -2.690757
v 4.403965 -2.912446 -2.690757
v 4.403963 -2.912445 2.690758
v 6.095463 -2.912445 2.690758
v 6.095463 -2.912445 1.666243
v 4.403963 -2.912445 1.666243
v 4.403964 -3.558342 -1.666242
v 6.095464 -3.558342 -1.666242
v 6.018754 -3.497166 -1.666241
v 4.480675 -3.497166 -1.666242
v 6.095463 -3.558341 2.690758
v 4.403963 -3.558341 2.690758
v 4.403963 -3.558341 1.666243
v 6.095463 -3.558341 1.666244
v 4.403964 -2.912446 -1.666243
v 4.403964 -3.558342 -1.666242
v 4.480675 -3.497166 -1.666242
v 4.480675 -2.973623 -1.666242
v 4.403963 -3.558341 2.690758
v 4.403963 -2.912445 2.690758
v 4.403963 -2.912445 1.666243
v 4.403963 -3.558341 1.666243
v 6.095463 -2.912445 1.666243
v 6.095463 -3.558341 1.666244
v 6.018753 -3.497165 1.666243
v 6.018753 -2.973622 1.666243
v 6.095465 -3.558342 -2.690756
v 6.095465 -2.912446 -2.690757
v 6.095464 -2.912446 -1.666242
v 6.095464 -3.558342 -1.666242
v 4.403963 -2.912445 1.666243
v 6.095463 -2.912445 1.666243
v 6.018753 -2.973622 1.666243
v 4.480674 -2.973622 1.666242
v 4.480674 -2.973622 1.666242
v 6.018753 -2.973622 1.666243
v 6.018754 -2.973623 -1.666241
v 4.480675 -2.973623 -1.666242
v 6.018753 -3.497165 1.666243
v 4.480674 -3.497165 1.666242
v 4.480675 -3.497166 -1.666242
v 6.018754 -3.497166 -1.666241
v 4.480674 -3.497165 1.666242
v 4.480674 -2.973622 1.666242
v 4.480675 -2.973623 -1.666242
v 4.480675 -3.497166 -1.666242
v 6.018754 -3.497166 -1.666241
v 6.018754 -2.973623 -1.666241
v 6.018753 -2.973622 1.666243
v 6.018753 -3.497165 1.666243
v 6.095464 -2.912446 -1.666242
v 4.403964 -2.912446 -1.666243
v 4.480675 -2.973623 -1.666242
v 6.018754 -2.973623 -1.666241
v 6.095464 -3.558342 -1.666242
v 6.095464 -2.912446 -1.666242
v 6.018754 -2.973623 -1.666241
v 6.018754 -3.497166 -1.666241
v 4.403963 -3.558341 1.666243
v 4.403963 -2.912445 1.666243
v 4.480674 -2.973622 1.666242
v 4.480674 -3.497165 1.666242
v 6.095463 -3.558341 1.666244
v 4.403963 -3.558341 1.666243
v 4.480674 -3.497165 1.666242
v 6.018753 -3.497165 1.666243
v 5.958139 -3.558342 -1.749418
v 5.958139 -3.558342 -2.607580
v 4.541290 -3.558342 -2.607581
v 4.541290 -3.558342 -1.749418
v 5.958138 -3.558341 2.607582
v 5.958138 -3.558341 1.749419
v 4.541288 -3.558341 1.749419
v 4.541288 -3.558341 2.607582
v 5.958139 -3.802025 -1.749418
v 4.541290 -3.802025 -1.749418
v 4.541290 -3.802025 -2.607581
v 5.958139 -3.802025 -2.607580
v 5.958138 -3.802024 2.607582
v 4.541288 -3.802024 2.607582
v 4.541288 -3.802024 1.749419
v 5.958138 -3.802024 1.749419
v 4.541290 -3.558342 -1.749418
v 4.541290 -3.558342 -2.607581
v 4.541290 -3.802025 -2.607581
v 4.541290 -3.802025 -1.749418
v 4.541290 -3.558342 -2.607581
v 5.958139 -3.558342 -2.607580
v 5.958139 -3.802025 -2.607580
v 4.541290 -3.802025 -2.607581
v 5.958138 -3.558341 2.607582
v 4.541288 -3.558341 2.607582
v 4.541288 -3.802024 2.607582
v 5.958138 -3.802024 2.607582
v 4.541288 -3.558341 1.749419
v 5.958138 -3.558341 1.749419
v 5.958138 -3.802024 1.749419
v 4.541288 -3.802024 1.749419
v 5.958138 -3.558341 1.749419
v 5.958138 -3.558341 2.607582
v 5.958138 -3.802024 2.607582
v 5.958138 -3.802024 1.749419
v 4.541288 -3.558341 2.607582
v 4.541288 -3.558341 1.749419
v 4.541288 -3.802024 1.749419
v 4.541288 -3.802024 2.607582
v 5.958139 -3.558342 -2.607580
v 5.958139 -3.558342 -1.749418
v 5.958139 -3.802025 -1.749418
v 5.958139 -3.802025 -2.607580
v 5.958139 -3.558342 -1.749418
v 4.541290 -3.558342 -1.749418
v 4.541290 -3.802025 -1.749418
v 5.958139 -3.802025 -1.749418
v 5.892303 -3.497165 1.595376
v 5.892303 -3.497166 -1.595375
v 4.607125 -3.497166 -1.595375
v 4.607124 -3.497165 1.595376
v 5.892303 -3.805262 1.158963
v 4.607124 -3.805262 1.158962
v 4.607125 -3.805262 -1.158961
v 5.892303 -3.805262 -1.158961
v 5.892303 -3.497165 1.595376
v 4.607124 -3.497165 1.595376
v 4.607124 -3.805262 1.158962
v 5.892303 -3.805262 1.158963
v 5.892303 -3.497166 -1.595375
v 5.892303 -3.497165 1.595376
v 5.892303 -3.805262 1.158963
v 5.892303 -3.805262 -1.158961
v 4.607125 -3.497166 -1.595375
v 5.892303 -3.497166 -1.595375
v 5.892303 -3.805262 -1.158961
v 4.607125 -3.805262 -1.158961
v 4.607124 -3.497165 1.595376
v 4.607125 -3.497166 -1.595375
v 4.607125 -3.805262 -1.158961
v 4.607124 -3.805262 1.158962
v 5.448707 -3.847468 -1.882297
v 5.448707 -3.847468 -2.406341
v 5.249714 -3.821270 -2.406341
v 5.249714 -3.821270 -1.882297
v 4.865290 -3.924276 -1.882297
v 4.865291 -3.924277 -2.406342
v 4.706057 -4.046461 -2.406342
v 4.706057 -4.046461 -1.882297
v 4.583873 -4.205695 -2.406342
v 4.583872 -4.205694 -1.882297
v 4.507064 -4.391126 -2.406341
v 4.507064 -4.391126 -1.882297
v 4.480866 -4.590118 -2.406341
v 4.480866 -4.590117 -1.882297
v 4.507064 -4.789111 -2.406341
v 4.507064 -4.789110 -1.882297
v 4.583873 -4.974542 -2.406341
v 4.583872 -4.974542 -1.882297
v 4.706057 -5.133776 -2.406341
v 4.706057 -5.133775 -1.882297
v 4.865291 -5.255960 -2.406341
v 4.865290 -5.255960 -1.882297
v 5.050722 -5.332768 -2.406341
v 5.050722 -5.332767 -1.882296
v 5.249714 -5.358966 -2.406341
v 5.249714 -5.358965 -1.882296
v 5.448707 -5.332768 -2.406341
v 5.448707 -5.332767 -1.882296
v 5.634138 -5.255960 -2.406341
v 5.634138 -5.255960 -1.882296
v 5.793372 -5.133776 -2.406341
v 5.793372 -5.133775 -1.882296
v 5.915556 -4.974542 -2.406341
v 5.915556 -4.974542 -1.882296
v 5.992364 -4.789111 -2.406341
v 5.992364 -4.789110 -1.882296
v 6.018562 -4.590118 -2.406341
v 6.018562 -4.590117 -1.882296
v 5.992364 -4.391126 -2.406341
v 5.992364 -4.391126 -1.882296
v 5.915556 -4.205695 -2.406341
v 5.915556 -4.205694 -1.882296
v 5.793372 -4.046461 -2.406341
v 5.793372 -4.046461 -1.882297
v 5.634138 -3.924277 -2.406341
v 5.634138 -3.924276 -1.882297
v 5.050722 -3.847468 -1.882297
v 5.050722 -3.847468 -2.406341
v 4.871372 -4.371682 -2.555310
v 4.940799 -4.281203 -2.555310
v 4.940799 -4.281203 -2.453499
v 4.871372 -4.371682 -2.453499
v 5.055932 -3.866912 -1.807813
v 5.249714 -3.841400 -1.807813
v 5.070166 -3.920035 -1.753286
v 5.249714 -3.896397 -1.753286
v 5.089611 -3.992602 -1.733328
v 5.249714 -3.971524 -1.733328
v 5.249714 -3.841400 -2.480825
v 5.055932 -3.866912 -2.480825
v 5.249714 -3.896397 -2.535352
v 5.070166 -3.920035 -2.535352
v 5.249714 -3.971524 -2.555310
v 5.089611 -3.992603 -2.555310
v 4.875355 -3.941710 -1.807813
v 4.902853 -3.989338 -1.753286
v 4.940417 -4.054400 -1.733328
v 4.875356 -3.941710 -2.480826
v 4.902854 -3.989338 -2.535352
v 4.940417 -4.054400 -2.555310
v 4.720291 -4.060695 -1.807813
v 4.759180 -4.099583 -1.753286
v 4.812302 -4.152706 -1.733328
v 4.720291 -4.060695 -2.480826
v 4.759180 -4.099584 -2.535352
v 4.812303 -4.152707 -2.555310
v 4.601305 -4.215759 -1.807813
v 4.648934 -4.243258 -1.753286
v 4.713996 -4.280821 -1.733328
v 4.601306 -4.215760 -2.480826
v 4.648934 -4.243258 -2.535352
v 4.713996 -4.280822 -2.555310
v 4.526508 -4.396336 -1.807813
v 4.579631 -4.410570 -1.753286
v 4.652198 -4.430014 -1.733328
v 4.526508 -4.396336 -2.480825
v 4.579631 -4.410571 -2.535352
v 4.652199 -4.430015 -2.555310
v 4.500997 -4.590117 -1.807812
v 4.555994 -4.590117 -1.753286
v 4.631120 -4.590117 -1.733328
v 4.500997 -4.590118 -2.480825
v 4.555994 -4.590118 -2.535352
v 4.631121 -4.590118 -2.555310
v 4.526508 -4.783900 -1.807812
v 4.579631 -4.769666 -1.753286
v 4.652198 -4.750221 -1.733328
v 4.526508 -4.783901 -2.480825
v 4.579631 -4.769666 -2.535352
v 4.652199 -4.750222 -2.555310
v 4.601305 -4.964477 -1.807812
v 4.648934 -4.936978 -1.753286
v 4.713996 -4.899415 -1.733328
v 4.601306 -4.964477 -2.480825
v 4.648934 -4.936979 -2.535352
v 4.713996 -4.899415 -2.555310
v 4.720291 -5.119541 -1.807812
v 4.759179 -5.080652 -1.753286
v 4.812302 -5.027529 -1.733328
v 4.720291 -5.119542 -2.480825
v 4.759180 -5.080653 -2.535352
v 4.812303 -5.027530 -2.555310
v 4.875355 -5.238526 -1.807812
v 4.902853 -5.190897 -1.753286
v 4.940417 -5.125835 -1.733328
v 4.875356 -5.238527 -2.480825
v 4.902854 -5.190898 -2.535351
v 4.940417 -5.125836 -2.555309
v 5.055932 -5.313323 -1.807812
v 5.070166 -5.260201 -1.753286
v 5.089611 -5.187634 -1.733328
v 5.055932 -5.313324 -2.480825
v 5.070166 -5.260201 -2.535351
v 5.089611 -5.187634 -2.555309
v 5.249714 -5.338835 -1.807812
v 5.249714 -5.283838 -1.753286
v 5.249714 -5.208712 -1.733328
v 5.249714 -5.338836 -2.480825
v 5.249714 -5.283839 -2.535351
v 5.249714 -5.208712 -2.555309
v 5.443497 -5.313323 -1.807812
v 5.429262 -5.260201 -1.753286
v 5.409818 -5.187634 -1.733328
v 5.443497 -5.313324 -2.480825
v 5.429263 -5.260201 -2.535351
v 5.409818 -5.187634 -2.555309
v 5.624073 -5.238526 -1.807812
v 5.596575 -5.190897 -1.753286
v 5.559011 -5.125835 -1.733328
v 5.624074 -5.238527 -2.480825
v 5.596575 -5.190898 -2.535351
v 5.559011 -5.125836 -2.555309
v 5.779138 -5.119541 -1.807812
v 5.740249 -5.080652 -1.753286
v 5.687126 -5.027529 -1.733328
v 5.779138 -5.119542 -2.480825
v 5.740249 -5.080653 -2.535351
v 5.687126 -5.027530 -2.555309
v 5.898123 -4.964477 -1.807812
v 5.850494 -4.936978 -1.753286
v 5.785432 -4.899415 -1.733328
v 5.898123 -4.964477 -2.480825
v 5.850494 -4.936979 -2.535351
v 5.785432 -4.899415 -2.555309
v 5.972920 -4.783900 -1.807812
v 5.919797 -4.769666 -1.753286
v 5.847230 -4.750221 -1.733328
v 5.972920 -4.783901 -2.480825
v 5.919797 -4.769666 -2.535351
v 5.847230 -4.750222 -2.555309
v 5.998432 -4.590117 -1.807812
v 5.943435 -4.590117 -1.753286
v 5.868308 -4.590117 -1.733328
v 5.998432 -4.590118 -2.480825
v 5.943435 -4.590118 -2.535351
v 5.868308 -4.590118 -2.555309
v 5.972920 -4.396336 -1.807812
v 5.919797 -4.410570 -1.753286
v 5.847230 -4.430014 -1.733328
v 5.972920 -4.396336 -2.480825
v 5.919797 -4.410571 -2.535351
v 5.847230 -4.430015 -2.555309
v 5.898123 -4.215759 -1.807812
v 5.850494 -4.243258 -1.753286
v 5.785432 -4.280821 -1.733328
v 5.898123 -4.215760 -2.480825
v 5.850494 -4.243258 -2.535352
v 5.785432 -4.280822 -2.555310
v 5.779138 -4.060695 -1.807813
v 5.740249 -4.099583 -1.753286
v 5.687126 -4.152706 -1.733328
v 5.779138 -4.060695 -2.480825
v 5.740249 -4.099584 -2.535352
v 5.687126 -4.152707 -2.555310
v 5.624073 -3.941710 -1.807813
v 5.596575 -3.989338 -1.753286
v 5.559011 -4.054400 -1.733328
v 5.624074 -3.941710 -2.480825
v 5.596575 -3.989338 -2.535352
v 5.559011 -4.054400 -2.555310
v 5.443497 -3.866912 -1.807813
v 5.429262 -3.920035 -1.753286
v 5.409818 -3.992602 -1.733328
v 5.443497 -3.866912 -2.480825
v 5.429263 -3.920035 -2.535352
v 5.409818 -3.992603 -2.555310
v 5.249714 -4.153246 -2.555310
v 5.136643 -4.168132 -2.555310
v 5.031278 -4.211776 -2.555310
v 4.940799 -4.281203 -2.555310
v 4.871372 -4.371682 -2.555310
v 4.827728 -4.477048 -2.555310
v 4.812842 -4.590118 -2.555310
v 4.827728 -4.703189 -2.555310
v 4.871372 -4.808555 -2.555310
v 4.940799 -4.899034 -2.555310
v 5.031278 -4.968461 -2.555310
v 5.136643 -5.012105 -2.555310
v 5.249714 -5.026991 -2.555310
v 5.362785 -5.012105 -2.555310
v 5.468151 -4.968461 -2.555310
v 5.558630 -4.899034 -2.555310
v 5.628057 -4.808555 -2.555309
v 5.671701 -4.703189 -2.555309
v 5.686587 -4.590118 -2.555309
v 5.671701 -4.477048 -2.555309
v 5.628057 -4.371682 -2.555309
v 5.558630 -4.281203 -2.555310
v 5.468151 -4.211776 -2.555310
v 5.362785 -4.168132 -2.555310
v 5.628057 -4.808555 -2.453498
v 5.558630 -4.899034 -2.453498
v 5.556312 -4.896716 -2.460573
v 5.625218 -4.806915 -2.460573
v 5.671701 -4.477048 -2.555309
v 5.686587 -4.590118 -2.555309
v 5.686587 -4.590118 -2.453498
v 5.671701 -4.477048 -2.453498
v 5.249714 -5.026991 -2.555310
v 5.136643 -5.012105 -2.555310
v 5.136643 -5.012105 -2.453498
v 5.249714 -5.026991 -2.453498
v 4.827728 -4.477048 -2.555310
v 4.827728 -4.477048 -2.453499
v 5.628057 -4.371682 -2.555309
v 5.628057 -4.371682 -2.453498
v 5.362785 -5.012105 -2.555310
v 5.362785 -5.012105 -2.453498
v 4.812842 -4.590118 -2.555310
v 4.812842 -4.590118 -2.453499
v 5.558630 -4.281203 -2.555310
v 5.558630 -4.281203 -2.453499
v 5.468151 -4.968461 -2.555310
v 5.468151 -4.968461 -2.453498
v 4.827728 -4.703189 -2.555310
v 4.827728 -4.703189 -2.453499
v 5.468151 -4.211776 -2.555310
v 5.468151 -4.211776 -2.453499
v 5.558630 -4.899034 -2.555310
v 5.558630 -4.899034 -2.453498
v 4.871372 -4.808555 -2.555310
v 4.871372 -4.808555 -2.453499
v 5.362785 -4.168132 -2.555310
v 5.362785 -4.168132 -2.453499
v 5.136643 -4.168132 -2.555310
v 5.249714 -4.153246 -2.555310
v 5.249714 -4.153246 -2.453499
v 5.136643 -4.168132 -2.453499
v 5.628057 -4.808555 -2.555309
v 5.628057 -4.808555 -2.453498
v 4.940799 -4.899034 -2.555310
v 4.940799 -4.899034 -2.453498
v 5.031278 -4.211776 -2.555310
v 5.031278 -4.211776 -2.453499
v 5.671701 -4.703189 -2.555309
v 5.671701 -4.703189 -2.453498
v 5.031278 -4.968461 -2.555310
v 5.031278 -4.968461 -2.453498
v 5.249714 -4.153246 -2.453499
v 5.362785 -4.168132 -2.453499
v 5.361937 -4.171298 -2.460574
v 5.249714 -4.156524 -2.460574
v 4.940799 -4.899034 -2.453498
v 4.871372 -4.808555 -2.453499
v 4.874210 -4.806915 -2.460574
v 4.943117 -4.896716 -2.460573
v 5.437559 -4.539785 -2.565110
v 5.444185 -4.590118 -2.565110
v 5.444185 -4.590118 -2.437083
v 5.437559 -4.539785 -2.437083
v 5.671701 -4.703189 -2.453498
v 5.668535 -4.702341 -2.460573
v 5.031278 -4.968461 -2.453498
v 5.032917 -4.965622 -2.460573
v 5.031278 -4.211776 -2.453499
v 5.136643 -4.168132 -2.453499
v 5.137492 -4.171298 -2.460574
v 5.032917 -4.214615 -2.460574
v 4.940799 -4.281203 -2.453499
v 4.943117 -4.283521 -2.460574
v 5.686587 -4.590118 -2.453498
v 5.683309 -4.590118 -2.460573
v 5.136643 -5.012105 -2.453498
v 5.137492 -5.008938 -2.460573
v 4.871372 -4.371682 -2.453499
v 4.874210 -4.373321 -2.460574
v 5.671701 -4.477048 -2.453498
v 5.668535 -4.477896 -2.460573
v 5.249714 -5.026991 -2.453498
v 5.249714 -5.023713 -2.460573
v 4.827728 -4.477048 -2.453499
v 4.830894 -4.477896 -2.460574
v 5.628057 -4.371682 -2.453498
v 5.625218 -4.373321 -2.460573
v 5.362785 -5.012105 -2.453498
v 5.361937 -5.008938 -2.460573
v 4.812842 -4.590118 -2.453499
v 4.816120 -4.590118 -2.460574
v 5.558630 -4.281203 -2.453499
v 5.556312 -4.283521 -2.460574
v 5.468151 -4.968461 -2.453498
v 5.466512 -4.965622 -2.460573
v 4.827728 -4.703189 -2.453499
v 4.830894 -4.702341 -2.460574
v 5.468151 -4.211776 -2.453499
v 5.466512 -4.214615 -2.460574
v 5.249714 -4.283875 -2.542017
v 5.170453 -4.294311 -2.542017
v 5.149652 -4.216681 -2.511471
v 5.249714 -4.203507 -2.511471
v 5.137492 -4.171298 -2.460574
v 5.249714 -4.156524 -2.460574
v 5.096593 -4.324904 -2.542017
v 5.056409 -4.255303 -2.511471
v 5.032917 -4.214615 -2.460574
v 5.033168 -4.373572 -2.542017
v 4.976339 -4.316743 -2.511471
v 4.943117 -4.283521 -2.460574
v 4.984500 -4.436997 -2.542017
v 4.914899 -4.396813 -2.511471
v 4.874210 -4.373321 -2.460574
v 4.953906 -4.510857 -2.542017
v 4.876276 -4.490057 -2.511471
v 4.830894 -4.477896 -2.460574
v 4.943471 -4.590118 -2.542017
v 4.863103 -4.590118 -2.511471
v 4.816120 -4.590118 -2.460574
v 4.953906 -4.669380 -2.542017
v 4.876276 -4.690180 -2.511471
v 4.830894 -4.702341 -2.460574
v 4.984500 -4.743240 -2.542017
v 4.914899 -4.783424 -2.511471
v 4.874210 -4.806915 -2.460574
v 5.033168 -4.806664 -2.542017
v 4.976339 -4.863493 -2.511471
v 4.943117 -4.896716 -2.460573
v 5.096593 -4.855332 -2.542017
v 5.056409 -4.924933 -2.511471
v 5.032917 -4.965622 -2.460573
v 5.170453 -4.885926 -2.542017
v 5.149652 -4.963556 -2.511471
v 5.137492 -5.008938 -2.460573
v 5.249714 -4.896361 -2.542017
v 5.249714 -4.976729 -2.511471
v 5.249714 -5.023713 -2.460573
v 5.328976 -4.885926 -2.542017
v 5.349777 -4.963556 -2.511471
v 5.361937 -5.008938 -2.460573
v 5.402836 -4.855332 -2.542017
v 5.443020 -4.924933 -2.511471
v 5.466512 -4.965622 -2.460573
v 5.466261 -4.806664 -2.542017
v 5.523090 -4.863493 -2.511471
v 5.556312 -4.896716 -2.460573
v 5.514929 -4.743240 -2.542017
v 5.584529 -4.783424 -2.511471
v 5.625218 -4.806915 -2.460573
v 5.545523 -4.669380 -2.542017
v 5.623152 -4.690180 -2.511470
v 5.668535 -4.702341 -2.460573
v 5.555957 -4.590118 -2.542017
v 5.636325 -4.590118 -2.511470
v 5.683309 -4.590118 -2.460573
v 5.545523 -4.510857 -2.542017
v 5.623152 -4.490057 -2.511471
v 5.668535 -4.477896 -2.460573
v 5.514929 -4.436997 -2.542017
v 5.584529 -4.396813 -2.511471
v 5.625218 -4.373321 -2.460573
v 5.466261 -4.373572 -2.542017
v 5.523090 -4.316743 -2.511471
v 5.556312 -4.283521 -2.460574
v 5.402836 -4.324904 -2.542017
v 5.443020 -4.255303 -2.511471
v 5.466512 -4.214615 -2.460574
v 5.328976 -4.294311 -2.542017
v 5.349777 -4.216681 -2.511471
v 5.361937 -4.171298 -2.460574
v 5.249714 -4.395648 -2.565110
v 5.199382 -4.402274 -2.565110
v 5.152479 -4.421702 -2.565110
v 5.112203 -4.452607 -2.565110
v 5.081297 -4.492883 -2.565110
v 5.061870 -4.539785 -2.565110
v 5.055243 -4.590118 -2.565110
v 5.061870 -4.640451 -2.565110
v 5.081297 -4.687354 -2.565110
v 5.112203 -4.727630 -2.565110
v 5.152479 -4.758535 -2.565110
v 5.199382 -4.777963 -2.565110
v 5.249714 -4.784589 -2.565110
v 5.300047 -4.777963 -2.565110
v 5.346950 -4.758535 -2.565110
v 5.387226 -4.727630 -2.565110
v 5.418131 -4.687354 -2.565110
v 5.437559 -4.640451 -2.565110
v 5.444185 -4.590118 -2.565110
v 5.437559 -4.539785 -2.565110
v 5.418131 -4.492883 -2.565110
v 5.387226 -4.452607 -2.565110
v 5.346950 -4.421702 -2.565110
v 5.300047 -4.402274 -2.565110
v 5.249714 -4.784589 -2.565110
v 5.199382 -4.777963 -2.565110
v 5.199381 -4.777963 -2.437083
v 5.249714 -4.784589 -2.437083
v 5.061870 -4.539785 -2.565110
v 5.081297 -4.492883 -2.565110
v 5.081297 -4.492883 -2.437083
v 5.061870 -4.539785 -2.437083
v 5.418131 -4.492883 -2.565110
v 5.418131 -4.492883 -2.437083
v 5.300047 -4.777963 -2.565110
v 5.300047 -4.777963 -2.437083
v 5.055243 -4.590118 -2.565110
v 5.055243 -4.590118 -2.437083
v 5.387226 -4.452607 -2.565110
v 5.387226 -4.452607 -2.437083
v 5.346950 -4.758535 -2.565110
v 5.346950 -4.758535 -2.437083
v 5.061870 -4.640451 -2.565110
v 5.061870 -4.640451 -2.437083
v 5.346950 -4.421702 -2.565110
v 5.346950 -4.421702 -2.437083
v 5.387226 -4.727630 -2.565110
v 5.387226 -4.727630 -2.437083
v 5.081297 -4.687354 -2.565110
v 5.081297 -4.687354 -2.437083
v 5.300047 -4.402274 -2.565110
v 5.300047 -4.402274 -2.437083
v 5.199382 -4.402274 -2.565110
v 5.249714 -4.395648 -2.565110
v 5.249714 -4.395648 -2.437083
v 5.199381 -4.402274 -2.437083
v 5.418131 -4.687354 -2.565110
v 5.418131 -4.687354 -2.437083
v 5.112203 -4.727630 -2.565110
v 5.112203 -4.727630 -2.437083
v 5.152479 -4.421702 -2.565110
v 5.152479 -4.421702 -2.437083
v 5.437559 -4.640451 -2.565110
v 5.437559 -4.640451 -2.437083
v 5.152479 -4.758535 -2.565110
v 5.152479 -4.758535 -2.437083
v 5.112203 -4.452607 -2.565110
v 5.112203 -4.452607 -2.437083
v 5.448706 -3.847467 1.882300
v 5.249713 -3.821269 1.882300
v 5.249713 -3.821269 2.406344
v 5.448705 -3.847467 2.406344
v 4.865289 -3.924275 1.882300
v 4.706056 -4.046460 1.882299
v 4.706055 -4.046459 2.406344
v 4.865289 -3.924275 2.406344
v 4.583871 -4.205693 1.882299
v 4.583871 -4.205692 2.406344
v 4.507063 -4.391124 1.882299
v 4.507063 -4.391124 2.406344
v 4.480865 -4.590117 1.882300
v 4.480865 -4.590116 2.406344
v 4.507063 -4.789109 1.882300
v 4.507063 -4.789109 2.406344
v 4.583871 -4.974541 1.882300
v 4.583871 -4.974540 2.406344
v 4.706056 -5.133774 1.882300
v 4.706055 -5.133774 2.406344
v 4.865289 -5.255958 1.882300
v 4.865289 -5.255958 2.406344
v 5.050721 -5.332767 1.882300
v 5.050720 -5.332766 2.406344
v 5.249713 -5.358964 1.882300
v 5.249713 -5.358964 2.406344
v 5.448706 -5.332767 1.882300
v 5.448705 -5.332766 2.406344
v 5.634137 -5.255958 1.882300
v 5.634137 -5.255958 2.406344
v 5.793371 -5.133774 1.882300
v 5.793370 -5.133774 2.406344
v 5.915555 -4.974541 1.882300
v 5.915555 -4.974540 2.406344
v 5.992363 -4.789109 1.882300
v 5.992363 -4.789109 2.406344
v 6.018561 -4.590117 1.882300
v 6.018561 -4.590116 2.406344
v 5.992363 -4.391124 1.882300
v 5.992363 -4.391124 2.406344
v 5.915555 -4.205693 1.882300
v 5.915555 -4.205692 2.406345
v 5.793371 -4.046460 1.882300
v 5.793370 -4.046459 2.406345
v 5.634137 -3.924275 1.882300
v 5.634137 -3.924275 2.406345
v 5.050721 -3.847467 1.882300
v 5.050720 -3.847467 2.406344
v 4.871370 -4.371680 2.555313
v 4.871370 -4.371680 2.453502
v 4.940797 -4.281201 2.453502
v 4.940797 -4.281201 2.555313
v 5.249713 -3.841399 1.807816
v 5.055931 -3.866911 1.807816
v 5.249713 -3.896396 1.753289
v 5.070165 -3.920034 1.753289
v 5.249713 -3.971523 1.733331
v 5.089609 -3.992601 1.733331
v 5.055931 -3.866911 2.480829
v 5.249713 -3.841399 2.480829
v 5.070165 -3.920034 2.535355
v 5.249713 -3.896396 2.535355
v 5.089609 -3.992601 2.555313
v 5.249713 -3.971523 2.555313
v 4.875354 -3.941708 1.807816
v 4.902853 -3.989337 1.753289
v 4.940416 -4.054399 1.733331
v 4.875354 -3.941708 2.480829
v 4.902852 -3.989337 2.535355
v 4.940416 -4.054399 2.555313
v 4.720290 -4.060694 1.807816
v 4.759178 -4.099582 1.753289
v 4.812301 -4.152705 1.733331
v 4.720289 -4.060693 2.480829
v 4.759178 -4.099582 2.535354
v 4.812301 -4.152705 2.555312
v 4.601305 -4.215758 1.807816
v 4.648933 -4.243257 1.753289
v 4.713995 -4.280820 1.733331
v 4.601304 -4.215757 2.480829
v 4.648933 -4.243256 2.535354
v 4.713995 -4.280820 2.555312
v 4.526507 -4.396335 1.807816
v 4.579630 -4.410569 1.753289
v 4.652197 -4.430013 1.733331
v 4.526507 -4.396334 2.480829
v 4.579630 -4.410568 2.535355
v 4.652197 -4.430013 2.555313
v 4.500996 -4.590117 1.807816
v 4.555992 -4.590117 1.753289
v 4.631119 -4.590117 1.733331
v 4.500995 -4.590116 2.480829
v 4.555992 -4.590116 2.535355
v 4.631119 -4.590116 2.555313
v 4.526507 -4.783899 1.807816
v 4.579630 -4.769665 1.753289
v 4.652197 -4.750220 1.733331
v 4.526507 -4.783898 2.480829
v 4.579630 -4.769664 2.535355
v 4.652197 -4.750220 2.555313
v 4.601305 -4.964476 1.807815
v 4.648933 -4.936977 1.753289
v 4.713995 -4.899414 1.733331
v 4.601304 -4.964475 2.480829
v 4.648933 -4.936976 2.535355
v 4.713995 -4.899413 2.555313
v 4.720290 -5.119540 1.807816
v 4.759178 -5.080651 1.753289
v 4.812301 -5.027528 1.733331
v 4.720289 -5.119540 2.480829
v 4.759178 -5.080651 2.535355
v 4.812301 -5.027528 2.555313
v 4.875354 -5.238525 1.807816
v 4.902853 -5.190897 1.753289
v 4.940416 -5.125834 1.733331
v 4.875354 -5.238524 2.480829
v 4.902852 -5.190896 2.535355
v 4.940416 -5.125834 2.555313
v 5.055931 -5.313323 1.807816
v 5.070165 -5.260200 1.753289
v 5.089609 -5.187633 1.733331
v 5.055931 -5.313322 2.480829
v 5.070165 -5.260199 2.535355
v 5.089609 -5.187632 2.555313
v 5.249713 -5.338834 1.807816
v 5.249713 -5.283837 1.753289
v 5.249713 -5.208710 1.733331
v 5.249713 -5.338834 2.480829
v 5.249713 -5.283837 2.535355
v 5.249713 -5.208710 2.555313
v 5.443495 -5.313323 1.807816
v 5.429261 -5.260200 1.753289
v 5.409817 -5.187633 1.733331
v 5.443495 -5.313322 2.480829
v 5.429261 -5.260199 2.535355
v 5.409816 -5.187632 2.555313
v 5.624072 -5.238525 1.807816
v 5.596573 -5.190897 1.753289
v 5.559010 -5.125834 1.733332
v 5.624072 -5.238524 2.480829
v 5.596573 -5.190896 2.535355
v 5.559010 -5.125834 2.555313
v 5.779136 -5.119540 1.807816
v 5.740248 -5.080651 1.753289
v 5.687125 -5.027528 1.733332
v 5.779136 -5.119540 2.480829
v 5.740248 -5.080651 2.535355
v 5.687125 -5.027528 2.555313
v 5.898121 -4.964476 1.807816
v 5.850493 -4.936977 1.753290
v 5.785431 -4.899414 1.733331
v 5.898121 -4.964475 2.480829
v 5.850492 -4.936976 2.535355
v 5.785431 -4.899413 2.555313
v 5.972919 -4.783899 1.807816
v 5.919796 -4.769665 1.753289
v 5.847229 -4.750220 1.733332
v 5.972919 -4.783898 2.480829
v 5.919796 -4.769664 2.535355
v 5.847229 -4.750220 2.555313
v 5.998431 -4.590117 1.807816
v 5.943434 -4.590117 1.753289
v 5.868307 -4.590117 1.733332
v 5.998430 -4.590116 2.480829
v 5.943434 -4.590116 2.535355
v 5.868307 -4.590116 2.555313
v 5.972919 -4.396335 1.807816
v 5.919796 -4.410569 1.753289
v 5.847229 -4.430013 1.733331
v 5.972919 -4.396334 2.480829
v 5.919796 -4.410568 2.535355
v 5.847229 -4.430013 2.555313
v 5.898121 -4.215758 1.807816
v 5.850493 -4.243257 1.753289
v 5.785431 -4.280820 1.733331
v 5.898121 -4.215757 2.480829
v 5.850492 -4.243256 2.535355
v 5.785431 -4.280820 2.555313
v 5.779136 -4.060694 1.807816
v 5.740248 -4.099582 1.753289
v 5.687125 -4.152705 1.733331
v 5.779136 -4.060693 2.480829
v 5.740248 -4.099582 2.535355
v 5.687125 -4.152705 2.555313
v 5.624072 -3.941708 1.807816
v 5.596573 -3.989337 1.753289
v 5.559010 -4.054399 1.733331
v 5.624072 -3.941708 2.480829
v 5.596573 -3.989337 2.535355
v 5.559010 -4.054399 2.555313
v 5.443495 -3.866911 1.807816
v 5.429261 -3.920034 1.753289
v 5.409817 -3.992601 1.733331
v 5.443495 -3.866911 2.480829
v 5.429261 -3.920034 2.535355
v 5.409816 -3.992601 2.555313
v 5.249713 -4.153244 2.555313
v 5.136642 -4.168130 2.555313
v 5.031276 -4.211774 2.555313
v 4.940797 -4.281201 2.555313
v 4.871370 -4.371680 2.555313
v 4.827726 -4.477046 2.555313
v 4.812840 -4.590116 2.555313
v 4.827726 -4.703187 2.555313
v 4.871370 -4.808552 2.555313
v 4.940797 -4.899032 2.555313
v 5.031276 -4.968459 2.555313
v 5.136642 -5.012103 2.555313
v 5.249713 -5.026989 2.555313
v 5.362783 -5.012103 2.555313
v 5.468149 -4.968459 2.555313
v 5.558628 -4.899032 2.555313
v 5.628056 -4.808552 2.555313
v 5.671700 -4.703187 2.555313
v 5.686585 -4.590116 2.555313
v 5.671700 -4.477046 2.555313
v 5.628056 -4.371680 2.555313
v 5.558628 -4.281201 2.555313
v 5.468149 -4.211774 2.555313
v 5.362783 -4.168130 2.555313
v 5.628056 -4.808552 2.453502
v 5.625216 -4.806913 2.460577
v 5.556310 -4.896714 2.460577
v 5.558629 -4.899032 2.453501
v 5.671700 -4.477046 2.555313
v 5.671700 -4.477046 2.453502
v 5.686585 -4.590116 2.453502
v 5.686585 -4.590116 2.555313
v 5.249713 -5.026989 2.555313
v 5.249713 -5.026989 2.453501
v 5.136642 -5.012103 2.453501
v 5.136642 -5.012103 2.555313
v 4.827726 -4.477046 2.555313
v 4.827726 -4.477046 2.453502
v 5.628056 -4.371680 2.555313
v 5.628056 -4.371680 2.453502
v 5.362783 -5.012103 2.555313
v 5.362783 -5.012103 2.453501
v 4.812840 -4.590116 2.555313
v 4.812840 -4.590116 2.453502
v 5.558628 -4.281201 2.555313
v 5.558629 -4.281201 2.453502
v 5.468149 -4.968459 2.555313
v 5.468149 -4.968459 2.453501
v 4.827726 -4.703187 2.555313
v 4.827726 -4.703187 2.453502
v 5.468149 -4.211774 2.555313
v 5.468149 -4.211774 2.453502
v 5.558628 -4.899032 2.555313
v 5.558629 -4.899032 2.453501
v 4.871370 -4.808552 2.555313
v 4.871370 -4.808552 2.453502
v 5.362783 -4.168130 2.555313
v 5.362783 -4.168130 2.453502
v 5.136642 -4.168130 2.555313
v 5.136642 -4.168130 2.453502
v 5.249713 -4.153244 2.453502
v 5.249713 -4.153244 2.555313
v 5.628056 -4.808552 2.555313
v 5.628056 -4.808552 2.453502
v 4.940797 -4.899032 2.555313
v 4.940797 -4.899032 2.453501
v 5.031276 -4.211774 2.555313
v 5.031276 -4.211774 2.453502
v 5.671700 -4.703187 2.555313
v 5.671700 -4.703187 2.453502
v 5.031276 -4.968459 2.555313
v 5.031276 -4.968459 2.453501
v 5.249713 -4.153244 2.453502
v 5.249713 -4.156522 2.460577
v 5.361935 -4.171296 2.460577
v 5.362783 -4.168130 2.453502
v 4.940797 -4.899032 2.453501
v 4.943115 -4.896714 2.460577
v 4.874209 -4.806913 2.460577
v 4.871370 -4.808552 2.453502
v 5.437557 -4.539783 2.565114
v 5.437557 -4.539783 2.437086
v 5.444183 -4.590116 2.437086
v 5.444183 -4.590116 2.565114
v 5.671700 -4.703187 2.453502
v 5.668533 -4.702339 2.460577
v 5.031276 -4.968459 2.453501
v 5.032916 -4.965620 2.460577
v 5.031276 -4.211774 2.453502
v 5.032916 -4.214613 2.460577
v 5.137490 -4.171296 2.460577
v 5.136642 -4.168130 2.453502
v 4.940797 -4.281201 2.453502
v 4.943115 -4.283519 2.460577
v 5.686585 -4.590116 2.453502
v 5.683307 -4.590116 2.460577
v 5.136642 -5.012103 2.453501
v 5.137490 -5.008936 2.460577
v 4.871370 -4.371680 2.453502
v 4.874209 -4.373319 2.460577
v 5.671700 -4.477046 2.453502
v 5.668533 -4.477894 2.460577
v 5.249713 -5.026989 2.453501
v 5.249713 -5.023711 2.460577
v 4.827726 -4.477046 2.453502
v 4.830893 -4.477894 2.460577
v 5.628056 -4.371680 2.453502
v 5.625216 -4.373319 2.460577
v 5.362783 -5.012103 2.453501
v 5.361935 -5.008936 2.460577
v 4.812840 -4.590116 2.453502
v 4.816118 -4.590116 2.460577
v 5.558629 -4.281201 2.453502
v 5.556310 -4.283519 2.460577
v 5.468149 -4.968459 2.453501
v 5.466510 -4.965620 2.460577
v 4.827726 -4.703187 2.453502
v 4.830893 -4.702339 2.460577
v 5.468149 -4.211774 2.453502
v 5.466510 -4.214613 2.460577
v 5.249712 -4.283874 2.542020
v 5.249713 -4.203506 2.511474
v 5.149651 -4.216679 2.511474
v 5.170451 -4.294308 2.542020
v 5.249713 -4.156522 2.460577
v 5.137490 -4.171296 2.460577
v 5.056407 -4.255301 2.511474
v 5.096591 -4.324902 2.542020
v 5.032916 -4.214613 2.460577
v 4.976337 -4.316741 2.511474
v 5.033166 -4.373570 2.542020
v 4.943115 -4.283519 2.460577
v 4.914898 -4.396811 2.511474
v 4.984499 -4.436995 2.542020
v 4.874209 -4.373319 2.460577
v 4.876275 -4.490054 2.511474
v 4.953905 -4.510855 2.542020
v 4.830893 -4.477894 2.460577
v 4.863101 -4.590116 2.511474
v 4.943470 -4.590116 2.542020
v 4.816118 -4.590116 2.460577
v 4.876275 -4.690178 2.511474
v 4.953905 -4.669378 2.542020
v 4.830893 -4.702339 2.460577
v 4.914898 -4.783422 2.511474
v 4.984499 -4.743237 2.542020
v 4.874209 -4.806913 2.460577
v 4.976337 -4.863492 2.511474
v 5.033166 -4.806663 2.542020
v 4.943115 -4.896714 2.460577
v 5.056407 -4.924931 2.511474
v 5.096591 -4.855330 2.542020
v 5.032916 -4.965620 2.460577
v 5.149651 -4.963554 2.511474
v 5.170451 -4.885924 2.542020
v 5.137490 -5.008936 2.460577
v 5.249713 -4.976727 2.511474
v 5.249712 -4.896359 2.542020
v 5.249713 -5.023711 2.460577
v 5.349775 -4.963554 2.511474
v 5.328974 -4.885924 2.542020
v 5.361935 -5.008936 2.460577
v 5.443018 -4.924931 2.511474
v 5.402834 -4.855330 2.542020
v 5.466510 -4.965620 2.460577
v 5.523088 -4.863492 2.511474
v 5.466259 -4.806663 2.542020
v 5.556310 -4.896714 2.460577
v 5.584528 -4.783422 2.511474
v 5.514927 -4.743237 2.542020
v 5.625216 -4.806913 2.460577
v 5.623150 -4.690178 2.511474
v 5.545521 -4.669378 2.542020
v 5.668533 -4.702339 2.460577
v 5.636324 -4.590116 2.511474
v 5.555956 -4.590116 2.542020
v 5.683307 -4.590116 2.460577
v 5.623150 -4.490054 2.511474
v 5.545521 -4.510854 2.542020
v 5.668533 -4.477894 2.460577
v 5.584528 -4.396811 2.511474
v 5.514927 -4.436995 2.542020
v 5.625216 -4.373319 2.460577
v 5.523088 -4.316741 2.511474
v 5.466259 -4.373570 2.542020
v 5.556310 -4.283519 2.460577
v 5.443018 -4.255301 2.511474
v 5.402834 -4.324903 2.542020
v 5.466510 -4.214613 2.460577
v 5.349775 -4.216679 2.511474
v 5.328974 -4.294308 2.542020
v 5.361935 -4.171296 2.460577
v 5.249712 -4.395646 2.565114
v 5.199380 -4.402272 2.565114
v 5.152477 -4.421700 2.565114
v 5.112201 -4.452605 2.565114
v 5.081296 -4.492881 2.565114
v 5.061868 -4.539783 2.565114
v 5.055242 -4.590116 2.565114
v 5.061868 -4.640449 2.565114
v 5.081296 -4.687352 2.565114
v 5.112201 -4.727628 2.565114
v 5.152477 -4.758533 2.565114
v 5.199380 -4.777961 2.565114
v 5.249712 -4.784587 2.565114
v 5.300045 -4.777961 2.565114
v 5.346948 -4.758533 2.565114
v 5.387224 -4.727628 2.565114
v 5.418129 -4.687352 2.565114
v 5.437557 -4.640449 2.565114
v 5.444183 -4.590116 2.565114
v 5.437557 -4.539783 2.565114
v 5.418129 -4.492881 2.565114
v 5.387224 -4.452605 2.565114
v 5.346948 -4.421700 2.565114
v 5.300045 -4.402272 2.565114
v 5.249712 -4.784587 2.565114
v 5.249712 -4.784587 2.437086
v 5.199380 -4.777961 2.437086
v 5.199380 -4.777961 2.565114
v 5.061868 -4.539783 2.565114
v 5.061868 -4.539783 2.437086
v 5.081296 -4.492881 2.437086
v 5.081296 -4.492881 2.565114
v 5.418129 -4.492881 2.565114
v 5.418129 -4.492881 2.437086
v 5.300045 -4.777961 2.565114
v 5.300045 -4.777961 2.437086
v 5.055242 -4.590116 2.565114
v 5.055242 -4.590116 2.437086
v 5.387224 -4.452605 2.565114
v 5.387225 -4.452605 2.437086
v 5.346948 -4.758533 2.565114
v 5.346948 -4.758533 2.437086
v 5.061868 -4.640449 2.565114
v 5.061868 -4.640449 2.437086
v 5.346948 -4.421700 2.565114
v 5.346948 -4.421700 2.437086
v 5.387224 -4.727628 2.565114
v 5.387225 -4.727628 2.437086
v 5.081296 -4.687352 2.565114
v 5.081296 -4.687352 2.437086
v 5.300045 -4.402272 2.565114
v 5.300045 -4.402272 2.437086
v 5.199380 -4.402272 2.565114
v 5.199380 -4.402272 2.437086
v 5.249712 -4.395646 2.437086
v 5.249712 -4.395646 2.565114
v 5.418129 -4.687352 2.565114
v 5.418129 -4.687352 2.437086
v 5.112201 -4.727628 2.565114
v 5.112201 -4.727628 2.437086
v 5.152477 -4.421700 2.565114
v 5.152477 -4.421700 2.437086
v 5.437557 -4.640449 2.565114
v 5.437557 -4.640449 2.437086
v 5.152477 -4.758533 2.565114
v 5.152477 -4.758533 2.437086
v 5.112201 -4.452605 2.565114
v 5.112201 -4.452605 2.437086
v 9.008954 0.470794 -0.000002
v 9.008955 0.470793 -1.852414
v 9.008955 0.160531 -2.389556
v 9.008954 0.160532 -0.000002
v 9.508419 3.331263 -2.211738
v 9.508419 3.514425 -2.211738
v 10.080858 3.514425 -2.136375
v 10.080858 3.331263 -2.136375
v 10.614286 3.514426 -1.915421
v 10.614286 3.331263 -1.915421
v 11.072352 3.514426 -1.563935
v 11.072352 3.331263 -1.563935
v 9.508418 3.514426 -0.000003
v 9.508419 3.514425 -2.211738
v 9.508419 3.753735 -2.389557
v 9.508418 3.753736 -0.000003
v 9.508418 3.753736 -0.000003
v 9.508419 3.753735 -2.389557
v 9.008955 3.753735 -2.389557
v 9.008954 3.753736 -0.000003
v 9.508419 0.371840 -2.389555
v 9.508419 0.160531 -2.389555
v 9.008955 0.160531 -2.389556
v 9.008955 0.371840 -2.389556
v 9.008955 3.268656 -1.852415
v 9.008955 3.443474 -1.852415
v 9.008955 3.753735 -2.389557
v 9.008955 3.542426 -2.389557
v 9.508419 0.583004 -2.211737
v 9.508419 0.399841 -2.211737
v 9.508419 0.160531 -2.389555
v 9.508419 0.371840 -2.389555
v 9.508419 3.331263 -2.211738
v 9.508419 3.542426 -2.389557
v 9.008955 0.645610 -1.852414
v 9.008955 0.371840 -2.389556
v 9.508419 3.753735 -2.389557
v 9.508419 3.542426 -2.389557
v 9.008955 3.542426 -2.389557
v 9.008955 3.753735 -2.389557
v 13.264856 0.399842 -1.237918
v 13.264856 0.399842 -0.000001
v 9.508419 3.331263 -2.211738
v 10.080858 3.331263 -2.136375
v 10.043446 3.331263 -1.461721
v 9.508419 3.331263 -1.571793
v 11.072352 0.583004 -1.563934
v 10.970139 0.583004 -1.461720
v 13.264856 0.583004 -1.461719
v 13.264856 0.583004 -1.563934
v 13.264856 0.399842 -1.361000
v 14.688860 0.399842 -1.360999
v 14.688860 0.399842 -1.237917
v 10.614286 0.399842 -1.915420
v 10.614286 0.583004 -1.915420
v 11.072352 0.583004 -1.563934
v 11.072352 0.399842 -1.563934
v 10.080858 0.399841 -2.136374
v 10.080858 0.583004 -2.136374
v 9.508419 0.399841 -2.211737
v 9.508419 0.583004 -2.211737
v 10.080858 0.583004 -2.136374
v 9.508419 0.583004 -2.211737
v 9.508419 0.583004 -1.571792
v 10.043446 0.583004 -1.461720
v 11.072352 3.331263 -1.563935
v 11.072352 3.514426 -1.563935
v 13.264856 3.514426 -1.563935
v 13.264856 3.331263 -1.563935
v 9.508419 3.331263 -1.571793
v 9.508419 0.583004 -1.571792
v 10.614286 0.583004 -1.915420
v 10.542010 0.583004 -1.461720
v 10.970139 3.331263 -1.461721
v 11.072352 3.331263 -1.563935
v 13.264856 3.331263 -1.563935
v 13.264856 3.331263 -1.461720
v 10.614286 3.331263 -1.915421
v 10.542010 3.331263 -1.461721
v 11.072352 3.688112 -1.563935
v 13.264856 3.688112 -1.563935
v 11.072352 0.399842 -1.563934
v 11.072352 0.583004 -1.563934
v 13.264856 0.583004 -1.563934
v 13.264856 0.399842 -1.563934
v 14.688860 3.434036 -1.425707
v 14.688860 3.331263 -1.461719
v 14.688860 0.399842 -1.237917
v 14.688860 0.477069 -1.425706
v 14.688860 0.477069 -0.000000
v 14.688860 0.399842 -0.000000
v 13.264856 3.514426 -0.000002
v 13.264856 3.331263 -0.000002
v 14.688860 3.434037 -0.000001
v 14.688860 3.514426 -0.000001
v 11.072433 0.583005 -0.000002
v 11.072433 0.583004 -1.296880
v 9.510824 0.583004 -1.528998
v 9.510824 0.583005 -0.000002
v 9.510824 3.331263 -1.528999
v 9.510824 0.583004 -1.528998
v 13.264856 3.443508 -1.461720
v 14.688860 3.443508 -1.461720
v 14.688860 3.331263 -1.461719
v 14.688860 0.477069 -1.425706
v 14.688860 3.434036 -1.425707
v 13.264856 0.470759 -1.461719
v 14.688860 0.583004 -1.461719
v 14.688860 0.470759 -1.461719
v 11.072433 3.331263 -1.296880
v 11.072433 3.331263 -0.000003
v 9.510824 3.331263 -0.000003
v 9.510824 3.331263 -1.528999
v 13.264856 3.331263 -1.296880
v 13.264856 3.331263 -0.000002
v 13.264856 0.583005 -0.000001
v 13.264856 0.583004 -1.296879
v 11.072352 3.688112 -1.563935
v 11.072353 3.688112 -0.000003
v 13.264856 3.688112 -0.000002
v 13.264856 3.688112 -1.563935
v 11.072352 3.514426 -1.563935
v 11.072353 3.514426 -0.000003
v 11.072353 3.688112 -0.000003
v 11.072352 3.688112 -1.563935
v 9.008954 3.443475 -0.000003
v 9.008954 3.753736 -0.000003
v 9.508418 0.399842 -0.000002
v 9.508418 0.160532 -0.000002
v 9.508419 0.160531 -2.389555
v 9.508418 0.160532 -0.000002
v 9.008954 0.160532 -0.000002
v 9.008955 0.160531 -2.389556
v 11.302464 2.726170 -1.430839
v 11.302464 1.810328 -1.430839
v 11.302464 1.810328 -1.461720
v 11.302464 2.726170 -1.461720
v 11.431836 1.719236 -1.430839
v 11.736313 1.719236 -1.430839
v 11.736313 1.719236 -1.461720
v 11.431836 1.719236 -1.461720
v 11.736313 2.817262 -1.430839
v 11.431836 2.817262 -1.430839
v 11.431836 2.817262 -1.461720
v 11.736313 2.817262 -1.461720
v 11.865686 1.810328 -1.430839
v 11.865686 2.726170 -1.430839
v 11.865686 2.726170 -1.461720
v 11.865686 1.810328 -1.461720
v 11.302464 1.810328 -1.327761
v 11.302464 1.810328 -1.296880
v 11.340355 1.745916 -1.296880
v 11.340355 1.745916 -1.327760
v 11.340355 1.745916 -1.327760
v 11.340355 1.745916 -1.296880
v 11.431836 1.719236 -1.296880
v 11.431836 1.719236 -1.327760
v 11.827793 1.745916 -1.461720
v 11.827793 1.745916 -1.430839
v 11.827793 1.745916 -1.430839
v 11.827793 1.745916 -1.461720
v 11.827793 2.790582 -1.461720
v 11.827793 2.790582 -1.430839
v 11.827793 2.790582 -1.430839
v 11.827793 2.790582 -1.461720
v 11.340355 2.790582 -1.461720
v 11.340355 2.790582 -1.430839
v 11.340355 2.790582 -1.430839
v 11.340355 2.790582 -1.461720
v 9.501240 0.581149 -2.083074
v 9.501240 3.338647 -2.083075
v 9.607378 3.338647 -2.014360
v 9.607378 0.581149 -2.014360
v 9.607378 0.581149 -2.014360
v 9.607378 3.338647 -2.014360
v 9.712597 3.338647 -2.073044
v 9.712597 0.581149 -2.073044
v 9.712597 0.581149 -2.073044
v 9.712597 3.338647 -2.073044
v 9.804344 3.338647 -1.994961
v 9.804344 0.581149 -1.994960
v 9.804344 0.581149 -1.994960
v 9.804344 3.338647 -1.994961
v 9.914807 3.338647 -2.043049
v 9.914807 0.581149 -2.043048
v 9.914807 0.581149 -2.043048
v 9.914807 3.338647 -2.043049
v 9.998459 3.338647 -1.956349
v 9.998459 0.581149 -1.956348
v 9.998459 0.581149 -1.956348
v 9.998459 3.338647 -1.956349
v 10.113104 3.338647 -1.993378
v 10.113104 0.581149 -1.993377
v 10.113104 0.581149 -1.993377
v 10.113104 3.338647 -1.993378
v 10.187855 3.338647 -1.898897
v 10.187855 0.581149 -1.898896
v 10.187855 0.581149 -1.898896
v 10.187855 3.338647 -1.898897
v 10.305577 3.338647 -1.924510
v 10.305577 0.581149 -1.924509
v 10.305577 0.581149 -1.924509
v 10.305577 3.338647 -1.924510
v 10.370708 3.338647 -1.823157
v 10.370708 0.581149 -1.823156
v 10.370708 0.581149 -1.823156
v 10.370708 3.338647 -1.823157
v 10.490374 3.338647 -1.837108
v 10.490374 0.581149 -1.837107
v 10.490374 0.581149 -1.837107
v 10.490374 3.338647 -1.837108
v 10.545256 3.338647 -1.729859
v 10.545256 0.581149 -1.729858
v 10.545256 0.581149 -1.729858
v 10.545256 3.338647 -1.729859
v 10.665713 3.338647 -1.732013
v 10.665713 0.581149 -1.732013
v 10.665713 0.581149 -1.732013
v 10.665713 3.338647 -1.732013
v 10.709820 3.338647 -1.619901
v 10.709820 0.581149 -1.619900
v 10.709820 0.581149 -1.619900
v 10.709820 3.338647 -1.619901
v 10.829907 3.338647 -1.610239
v 10.829907 0.581149 -1.610238
v 10.829907 0.581149 -1.610238
v 10.829907 3.338647 -1.610239
v 10.862812 3.338647 -1.494343
v 10.862812 0.581149 -1.494342
v 10.862812 0.581149 -1.494342
v 10.862812 3.338647 -1.494343
v 10.970139 3.331263 -1.461721
v 10.970139 0.583004 -1.461720
v 11.340355 2.790582 -1.296880
v 11.340355 2.790582 -1.327761
v 11.431836 2.817262 -1.327761
v 11.431836 2.817262 -1.296880
v 11.340355 1.745916 -1.327760
v 11.431836 1.719236 -1.327760
v 11.452438 1.759277 -1.327760
v 11.373338 1.784011 -1.327761
v 11.302464 2.726170 -1.296880
v 11.302464 2.726170 -1.327761
v 11.340355 2.790582 -1.327761
v 11.340355 2.790582 -1.296880
v 11.736313 1.719236 -1.327761
v 11.715712 1.759277 -1.327761
v 11.827793 2.790582 -1.296880
v 11.827793 2.790582 -1.327761
v 11.865686 2.726170 -1.327761
v 11.865686 2.726170 -1.296880
v 11.827793 2.790582 -1.430839
v 11.865686 2.726170 -1.430839
v 11.827576 2.692774 -1.430839
v 11.794811 2.752488 -1.430839
v 11.736313 2.817262 -1.296880
v 11.736313 2.817262 -1.327761
v 11.827793 2.790582 -1.327761
v 11.827793 2.790582 -1.296880
v 11.431836 1.719236 -1.430839
v 11.340355 1.745916 -1.430839
v 11.373338 1.784011 -1.430839
v 11.452438 1.759277 -1.430839
v 11.827793 1.745916 -1.296880
v 11.827793 1.745916 -1.327761
v 11.736313 1.719236 -1.327761
v 11.736313 1.719236 -1.296880
v 11.431836 2.817262 -1.430839
v 11.736313 2.817262 -1.430839
v 11.715712 2.777222 -1.430839
v 11.452438 2.777222 -1.430839
v 11.865686 1.810328 -1.296880
v 11.865686 1.810328 -1.327760
v 11.827793 1.745916 -1.327761
v 11.827793 1.745916 -1.296880
v 11.865686 2.726170 -1.327761
v 11.827793 2.790582 -1.327761
v 11.794811 2.752488 -1.327761
v 11.827576 2.692774 -1.327761
v 11.340355 1.745916 -1.461720
v 11.340355 1.745916 -1.430839
v 11.865686 1.810328 -1.430839
v 11.827793 1.745916 -1.430839
v 11.794811 1.784011 -1.430839
v 11.827576 1.843725 -1.430839
v 11.340355 1.745916 -1.430839
v 11.340355 1.745916 -1.461720
v 11.736313 2.817262 -1.327761
v 11.431836 2.817262 -1.327761
v 11.452438 2.777222 -1.327761
v 11.715712 2.777222 -1.327761
v 11.302464 2.726170 -1.430839
v 11.340355 2.790582 -1.430839
v 11.373338 2.752488 -1.430839
v 11.340574 2.692774 -1.430839
v 11.827793 1.745916 -1.327761
v 11.865686 1.810328 -1.327760
v 11.827576 1.843725 -1.327760
v 11.794811 1.784011 -1.327761
v 11.340355 2.790582 -1.327761
v 11.302464 2.726170 -1.327761
v 11.340574 2.692774 -1.327761
v 11.373338 2.752488 -1.327761
v 11.373338 2.752488 -1.327761
v 11.373338 2.752488 -1.430839
v 11.452438 2.777222 -1.430839
v 11.452438 2.777222 -1.327761
v 11.340574 2.692774 -1.327761
v 11.340574 2.692774 -1.430839
v 11.373338 2.752488 -1.430839
v 11.373338 2.752488 -1.327761
v 11.794811 2.752488 -1.327761
v 11.794811 2.752488 -1.430839
v 11.827576 2.692774 -1.430839
v 11.827576 2.692774 -1.327761
v 11.715712 2.777222 -1.327761
v 11.715712 2.777222 -1.430839
v 11.794811 2.752488 -1.430839
v 11.794811 2.752488 -1.327761
v 11.794811 1.784011 -1.327761
v 11.794811 1.784011 -1.430839
v 11.715712 1.759277 -1.430839
v 11.715712 1.759277 -1.327761
v 11.827576 1.843725 -1.327760
v 11.827576 1.843725 -1.430839
v 11.794811 1.784011 -1.430839
v 11.794811 1.784011 -1.327761
v 11.373338 1.784011 -1.430839
v 11.373338 1.784011 -1.327761
v 11.452438 1.759277 -1.327760
v 11.452438 1.759277 -1.430839
v 11.340574 1.843725 -1.430839
v 11.340574 1.843725 -1.327761
v 11.373338 1.784011 -1.327761
v 11.373338 1.784011 -1.430839
v 11.736313 1.719236 -1.430839
v 11.715712 1.759277 -1.430839
v 11.302464 1.810328 -1.430839
v 11.340574 1.843725 -1.430839
v 11.302464 1.810328 -1.327761
v 11.340574 1.843725 -1.327761
v 13.264856 3.514426 -1.361001
v 13.264856 3.514426 -0.000002
v 14.688860 3.514426 -0.000001
v 14.688860 3.514426 -1.361000
v 13.264856 0.583005 -0.000001
v 13.264856 0.399842 -0.000001
v 14.688860 0.399842 -0.000000
v 14.688860 0.477069 -0.000000
v 14.688860 0.583004 -1.461719
v 14.688860 0.477069 -0.000000
v 14.688860 0.477069 -1.425706
v 14.688860 0.399842 -0.000000
v 14.688860 3.434036 -1.425707
v 14.688860 3.434037 -0.000001
v 13.264856 3.688112 -1.563935
v 13.264856 3.579940 -1.500276
v 13.264856 3.514426 -1.562439
v 13.264856 3.514426 -1.563935
v 13.264856 0.470759 -1.461719
v 13.264856 0.399842 -1.361000
v 13.164138 0.399842 -1.461719
v 13.264856 0.399842 -1.562438
v 13.264856 3.514426 -1.361001
v 13.264856 3.443508 -1.461720
v 14.688860 3.443508 -1.461720
v 13.264856 3.443508 -1.461720
v 13.264856 3.514426 -1.361001
v 14.688860 3.514426 -1.361000
v 13.264856 0.470759 -1.461719
v 14.688860 0.470759 -1.461719
v 14.688860 0.399842 -1.360999
v 13.264856 0.399842 -1.361000
v 9.008955 0.470793 -1.852414
v 9.008954 0.470794 -0.000002
v 9.008954 3.443475 -0.000003
v 9.008955 3.443474 -1.852415
v 9.008953 0.160533 2.389551
v 9.008953 0.470795 1.852410
v 9.508417 3.331264 2.211732
v 10.080856 3.331264 2.136369
v 10.080856 3.514427 2.136369
v 9.508417 3.514427 2.211732
v 10.614286 3.331264 1.915416
v 10.614286 3.514426 1.915416
v 11.072351 3.331264 1.563930
v 11.072351 3.514426 1.563930
v 9.508417 3.753737 2.389550
v 9.508417 3.514427 2.211732
v 9.008953 3.753737 2.389550
v 9.508417 3.753737 2.389550
v 9.508417 0.371841 2.389552
v 9.008953 0.371841 2.389551
v 9.008953 0.160533 2.389551
v 9.508417 0.160533 2.389552
v 9.008953 3.268657 1.852409
v 9.008953 3.542428 2.389550
v 9.008953 3.753737 2.389550
v 9.008953 3.443475 1.852409
v 9.508417 0.583005 2.211733
v 9.508417 0.371841 2.389552
v 9.508417 0.160533 2.389552
v 9.508417 0.399843 2.211733
v 9.508417 3.542428 2.389550
v 9.508417 3.331264 2.211732
v 9.008953 0.371841 2.389551
v 9.008953 0.645612 1.852409
v 9.508417 3.753737 2.389550
v 9.008953 3.753737 2.389550
v 9.008953 3.542428 2.389550
v 9.508417 3.542428 2.389550
v 13.264856 0.399842 1.237916
v 9.508417 3.331264 2.211732
v 9.508417 3.331264 1.571787
v 10.043444 3.331264 1.461715
v 10.080856 3.331264 2.136369
v 11.072351 0.583005 1.563931
v 13.264854 0.583005 1.563932
v 13.264856 0.583005 1.461717
v 10.970137 0.583005 1.461716
v 14.688860 0.399842 1.237916
v 14.688860 0.399843 1.360999
v 13.264856 0.399843 1.360998
v 10.614286 0.399843 1.915417
v 11.072351 0.399843 1.563931
v 11.072351 0.583005 1.563931
v 10.614286 0.583005 1.915417
v 10.080856 0.399843 2.136370
v 10.080856 0.583005 2.136370
v 9.508417 0.399843 2.211733
v 9.508417 0.583005 2.211733
v 10.080856 0.583005 2.136370
v 10.043444 0.583005 1.461716
v 9.508417 0.583005 1.571788
v 9.508417 0.583005 2.211733
v 11.072351 3.331264 1.563930
v 13.264854 3.331264 1.563931
v 13.264854 3.514426 1.563931
v 11.072351 3.514426 1.563930
v 9.508417 0.583005 1.571788
v 9.508417 3.331264 1.571787
v 10.542009 0.583005 1.461716
v 10.614286 0.583005 1.915417
v 10.970137 3.331264 1.461716
v 13.264856 3.331264 1.461716
v 13.264854 3.331264 1.563931
v 11.072351 3.331264 1.563930
v 10.614286 3.331264 1.915416
v 10.542009 3.331264 1.461715
v 13.264854 3.688112 1.563931
v 11.072351 3.688112 1.563930
v 11.072351 0.399843 1.563931
v 13.264854 0.399843 1.563932
v 13.264854 0.583005 1.563932
v 11.072351 0.583005 1.563931
v 14.688860 3.331264 1.461717
v 14.688860 3.434037 1.425704
v 14.688860 0.399842 1.237916
v 14.688860 0.477070 1.425705
v 9.510824 0.583005 1.528994
v 11.072432 0.583005 1.296876
v 9.510824 0.583005 1.528994
v 9.510824 3.331264 1.528993
v 14.688860 3.331264 1.461717
v 14.688860 3.443509 1.461717
v 13.264856 3.443509 1.461716
v 14.688860 3.434037 1.425704
v 14.688860 0.477070 1.425705
v 13.264856 0.470760 1.461717
v 14.688860 0.470760 1.461718
v 14.688860 0.583005 1.461718
v 11.072432 3.331264 1.296876
v 9.510824 3.331264 1.528993
v 13.264856 3.331264 1.296876
v 13.264856 0.583005 1.296877
v 11.072351 3.688112 1.563930
v 13.264854 3.688112 1.563931
v 11.072351 3.514426 1.563930
v 11.072351 3.688112 1.563930
v 9.508417 0.160533 2.389552
v 9.008953 0.160533 2.389551
v 11.302462 2.726171 1.430835
v 11.302462 2.726171 1.461716
v 11.302462 1.810329 1.461716
v 11.302462 1.810329 1.430835
v 11.431835 1.719236 1.430835
v 11.431835 1.719236 1.461716
v 11.736312 1.719236 1.461716
v 11.736312 1.719236 1.430835
v 11.736312 2.817263 1.430835
v 11.736312 2.817263 1.461716
v 11.431835 2.817263 1.461716
v 11.431835 2.817263 1.430835
v 11.865685 1.810329 1.430835
v 11.865685 1.810329 1.461716
v 11.865685 2.726171 1.461716
v 11.865685 2.726171 1.430835
v 11.302462 1.810329 1.327757
v 11.340355 1.745917 1.327757
v 11.340355 1.745917 1.296876
v 11.302462 1.810329 1.296876
v 11.340355 1.745917 1.327757
v 11.431835 1.719236 1.327757
v 11.431835 1.719236 1.296876
v 11.340355 1.745917 1.296876
v 11.827792 1.745917 1.430835
v 11.827792 1.745917 1.461716
v 11.827792 1.745917 1.430835
v 11.827792 1.745917 1.461716
v 11.827792 2.790583 1.430835
v 11.827792 2.790583 1.461716
v 11.827792 2.790583 1.430835
v 11.827792 2.790583 1.461716
v 11.340355 2.790583 1.430835
v 11.340355 2.790583 1.461716
v 11.340355 2.790583 1.430835
v 11.340355 2.790583 1.461716
v 9.501238 0.581150 2.083070
v 9.607378 0.581150 2.014355
v 9.607378 3.338648 2.014355
v 9.501238 3.338648 2.083069
v 9.607378 0.581150 2.014355
v 9.712596 0.581150 2.073039
v 9.712596 3.338648 2.073039
v 9.607378 3.338648 2.014355
v 9.712596 0.581150 2.073039
v 9.804342 0.581150 1.994956
v 9.804342 3.338648 1.994955
v 9.712596 3.338648 2.073039
v 9.804342 0.581150 1.994956
v 9.914806 0.581150 2.043044
v 9.914806 3.338648 2.043043
v 9.804342 3.338648 1.994955
v 9.914806 0.581150 2.043044
v 9.998459 0.581150 1.956344
v 9.998459 3.338648 1.956344
v 9.914806 3.338648 2.043043
v 9.998459 0.581150 1.956344
v 10.113103 0.581150 1.993374
v 10.113103 3.338648 1.993373
v 9.998459 3.338648 1.956344
v 10.113103 0.581150 1.993374
v 10.187855 0.581150 1.898892
v 10.187855 3.338648 1.898891
v 10.113103 3.338648 1.993373
v 10.187855 0.581150 1.898892
v 10.305576 0.581150 1.924505
v 10.305576 3.338648 1.924505
v 10.187855 3.338648 1.898891
v 10.305576 0.581150 1.924505
v 10.370707 0.581150 1.823152
v 10.370707 3.338648 1.823151
v 10.305576 3.338648 1.924505
v 10.370707 0.581150 1.823152
v 10.490373 0.581150 1.837103
v 10.490373 3.338648 1.837103
v 10.370707 3.338648 1.823151
v 10.490373 0.581150 1.837103
v 10.545256 0.581150 1.729854
v 10.545256 3.338648 1.729853
v 10.490373 3.338648 1.837103
v 10.545256 0.581150 1.729854
v 10.665712 0.581150 1.732009
v 10.665712 3.338648 1.732008
v 10.545256 3.338648 1.729853
v 10.665712 0.581150 1.732009
v 10.709818 0.581150 1.619897
v 10.709818 3.338648 1.619896
v 10.665712 3.338648 1.732008
v 10.709818 0.581150 1.619897
v 10.829906 0.581150 1.610235
v 10.829906 3.338648 1.610234
v 10.709818 3.338648 1.619896
v 10.829906 0.581150 1.610235
v 10.862810 0.581150 1.494339
v 10.862810 3.338648 1.494338
v 10.829906 3.338648 1.610234
v 10.862810 0.581150 1.494339
v 10.970137 0.583005 1.461716
v 10.970137 3.331264 1.461716
v 10.862810 3.338648 1.494338
v 11.340355 2.790583 1.296876
v 11.431835 2.817263 1.296876
v 11.431835 2.817263 1.327757
v 11.340355 2.790583 1.327757
v 11.340355 1.745917 1.327757
v 11.373337 1.784012 1.327757
v 11.452438 1.759277 1.327757
v 11.431835 1.719236 1.327757
v 11.302462 2.726171 1.296876
v 11.340355 2.790583 1.296876
v 11.340355 2.790583 1.327757
v 11.302462 2.726171 1.327756
v 11.715710 1.759277 1.327757
v 11.736312 1.719236 1.327757
v 11.827792 2.790583 1.296876
v 11.865685 2.726171 1.296876
v 11.865685 2.726171 1.327757
v 11.827792 2.790583 1.327757
v 11.827792 2.790583 1.430835
v 11.794810 2.752489 1.430835
v 11.827576 2.692775 1.430835
v 11.865685 2.726171 1.430835
v 11.736312 2.817263 1.296876
v 11.827792 2.790583 1.296876
v 11.827792 2.790583 1.327757
v 11.736312 2.817263 1.327757
v 11.431835 1.719236 1.430835
v 11.452438 1.759277 1.430835
v 11.373337 1.784012 1.430835
v 11.340355 1.745917 1.430835
v 11.827792 1.745917 1.296876
v 11.736312 1.719236 1.296876
v 11.736312 1.719236 1.327757
v 11.827792 1.745917 1.327757
v 11.431835 2.817263 1.430835
v 11.452438 2.777223 1.430835
v 11.715710 2.777223 1.430835
v 11.736312 2.817263 1.430835
v 11.865685 1.810329 1.296876
v 11.827792 1.745917 1.296876
v 11.827792 1.745917 1.327757
v 11.865685 1.810329 1.327757
v 11.865685 2.726171 1.327757
v 11.827576 2.692775 1.327757
v 11.794810 2.752489 1.327757
v 11.827792 2.790583 1.327757
v 11.340355 1.745917 1.461716
v 11.340355 1.745917 1.430835
v 11.865685 1.810329 1.430835
v 11.827576 1.843726 1.430835
v 11.794810 1.784012 1.430835
v 11.827792 1.745917 1.430835
v 11.340355 1.745917 1.461716
v 11.340355 1.745917 1.430835
v 11.736312 2.817263 1.327757
v 11.715710 2.777223 1.327757
v 11.452438 2.777223 1.327757
v 11.431835 2.817263 1.327757
v 11.302462 2.726171 1.430835
v 11.340572 2.692775 1.430835
v 11.373337 2.752489 1.430835
v 11.340355 2.790583 1.430835
v 11.827792 1.745917 1.327757
v 11.794810 1.784012 1.327757
v 11.827576 1.843726 1.327757
v 11.865685 1.810329 1.327757
v 11.340355 2.790583 1.327757
v 11.373337 2.752489 1.327757
v 11.340572 2.692775 1.327756
v 11.302462 2.726171 1.327756
v 11.373337 2.752489 1.327757
v 11.452438 2.777223 1.327757
v 11.452438 2.777223 1.430835
v 11.373337 2.752489 1.430835
v 11.340572 2.692775 1.327756
v 11.373337 2.752489 1.327757
v 11.373337 2.752489 1.430835
v 11.340572 2.692775 1.430835
v 11.794810 2.752489 1.327757
v 11.827576 2.692775 1.327757
v 11.827576 2.692775 1.430835
v 11.794810 2.752489 1.430835
v 11.715710 2.777223 1.327757
v 11.794810 2.752489 1.327757
v 11.794810 2.752489 1.430835
v 11.715710 2.777223 1.430835
v 11.794810 1.784012 1.327757
v 11.715710 1.759277 1.327757
v 11.715710 1.759277 1.430835
v 11.794810 1.784012 1.430835
v 11.827576 1.843726 1.327757
v 11.794810 1.784012 1.327757
v 11.794810 1.784012 1.430835
v 11.827576 1.843726 1.430835
v 11.373337 1.784012 1.430835
v 11.452438 1.759277 1.430835
v 11.452438 1.759277 1.327757
v 11.373337 1.784012 1.327757
v 11.340572 1.843726 1.430835
v 11.373337 1.784012 1.430835
v 11.373337 1.784012 1.327757
v 11.340572 1.843726 1.327757
v 11.736312 1.719236 1.430835
v 11.715710 1.759277 1.430835
v 11.340572 1.843726 1.430835
v 11.302462 1.810329 1.430835
v 11.340572 1.843726 1.327757
v 11.302462 1.810329 1.327757
v 13.264856 3.514426 1.360997
v 14.688860 3.514426 1.360998
v 14.688860 3.514426 -0.000001
v 13.264856 3.514426 -0.000002
v 14.688860 0.583005 1.461718
v 14.688860 0.477070 1.425705
v 14.688860 0.477069 -0.000000
v 14.688860 0.399842 -0.000000
v 14.688860 3.434037 -0.000001
v 14.688860 3.434037 1.425704
v 13.264854 3.688112 1.563931
v 13.264854 3.514426 1.563931
v 13.264854 3.514426 1.562435
v 13.264854 3.579941 1.500272
v 13.264856 0.470760 1.461717
v 13.264854 0.399843 1.562436
v 13.164137 0.399843 1.461717
v 13.264856 0.399843 1.360998
v 13.264856 3.514426 1.360997
v 13.264856 3.443509 1.461716
v 14.688860 3.443509 1.461717
v 14.688860 3.514426 1.360998
v 13.264856 3.514426 1.360997
v 13.264856 3.443509 1.461716
v 13.264856 0.470760 1.461717
v 13.264856 0.399843 1.360998
v 14.688860 0.399843 1.360999
v 14.688860 0.470760 1.461718
v 9.008953 0.470795 1.852410
v 9.008953 3.443475 1.852409
v 9.123466 3.489530 -0.000003
v 9.123466 3.646085 -0.000003
v 9.136583 3.646085 -0.099636
v 9.136583 3.489530 -0.099636
v 9.136583 3.489530 -0.099636
v 9.136583 3.646085 -0.099636
v 9.175039 3.646085 -0.192479
v 9.175039 3.489530 -0.192479
v 9.175039 3.489530 -0.192479
v 9.175039 3.646085 -0.192479
v 9.236216 3.646085 -0.272205
v 9.236216 3.489530 -0.272205
v 9.236216 3.489530 -0.272205
v 9.236216 3.646085 -0.272205
v 9.315942 3.646085 -0.333382
v 9.315942 3.489530 -0.333381
v 9.315942 3.489530 -0.333381
v 9.315942 3.646085 -0.333382
v 9.408785 3.646085 -0.371838
v 9.408785 3.489530 -0.371838
v 9.408785 3.489530 -0.371838
v 9.408785 3.646085 -0.371838
v 9.508418 3.646085 -0.384955
v 9.508418 3.489530 -0.384955
v 9.508418 3.489530 -0.384955
v 9.508418 3.646085 -0.384955
v 9.608051 3.646085 -0.371838
v 9.608051 3.489530 -0.371838
v 9.608051 3.489530 -0.371838
v 9.608051 3.646085 -0.371838
v 9.700894 3.646085 -0.333381
v 9.700894 3.489530 -0.333381
v 9.700894 3.489530 -0.333381
v 9.700894 3.646085 -0.333381
v 9.780621 3.646085 -0.272205
v 9.780621 3.489530 -0.272205
v 9.841797 3.646085 -0.192479
v 9.880253 3.646085 -0.099636
v 11.075327 3.646084 -0.476578
v 11.075327 3.646084 -0.920676
v 9.880253 3.489530 -0.099636
v 9.841797 3.489530 -0.192479
v 11.075327 3.489530 -0.920676
v 11.075327 3.489530 -0.476578
v 11.075327 3.489530 -0.920676
v 11.075327 3.646084 -0.920676
v 11.075327 3.646084 -0.476578
v 11.075327 3.489530 -0.476578
v 11.075327 3.489530 -0.476578
v 11.075327 3.646084 -0.476578
v 11.075327 3.646085 -0.000003
v 11.075327 3.489530 -0.000003
v 9.893371 3.489530 -0.000003
v 9.880253 3.489530 -0.099636
v 11.075327 3.489530 -0.476578
v 11.075327 3.489530 -0.000003
v 9.780621 3.489530 -0.272205
v 9.780621 3.646085 -0.272205
v 11.075327 3.646084 -0.920676
v 11.075327 3.489530 -0.920676
v 9.880253 3.646085 -0.099636
v 9.893371 3.646085 -0.000003
v 11.075327 3.646085 -0.000003
v 11.075327 3.646084 -0.476578
v 9.123466 3.489530 -0.000003
v 9.136583 3.489530 0.099630
v 9.136583 3.646085 0.099630
v 9.123466 3.646085 -0.000003
v 9.136583 3.489530 0.099630
v 9.175039 3.489530 0.192473
v 9.175039 3.646085 0.192473
v 9.136583 3.646085 0.099630
v 9.175039 3.489530 0.192473
v 9.236216 3.489530 0.272199
v 9.236216 3.646085 0.272199
v 9.175039 3.646085 0.192473
v 9.236216 3.489530 0.272199
v 9.315942 3.489530 0.333375
v 9.315942 3.646085 0.333375
v 9.236216 3.646085 0.272199
v 9.315942 3.489530 0.333375
v 9.408785 3.489530 0.371832
v 9.408785 3.646085 0.371832
v 9.315942 3.646085 0.333375
v 9.408785 3.489530 0.371832
v 9.508418 3.489530 0.384949
v 9.508418 3.646085 0.384949
v 9.408785 3.646085 0.371832
v 9.508418 3.489530 0.384949
v 9.608051 3.489530 0.371832
v 9.608051 3.646085 0.371832
v 9.508418 3.646085 0.384949
v 9.608051 3.489530 0.371832
v 9.700894 3.489530 0.333375
v 9.700894 3.646085 0.333375
v 9.608051 3.646085 0.371832
v 9.700894 3.489530 0.333375
v 9.780621 3.489530 0.272199
v 9.780621 3.646085 0.272199
v 9.700894 3.646085 0.333375
v 9.841797 3.646085 0.192473
v 11.075327 3.646085 0.920671
v 11.075327 3.646085 0.476573
v 9.880253 3.646085 0.099630
v 9.880253 3.489530 0.099630
v 11.075327 3.489531 0.476573
v 11.075327 3.489531 0.920671
v 9.841797 3.489530 0.192473
v 11.075327 3.489531 0.920671
v 11.075327 3.489531 0.476573
v 11.075327 3.646085 0.476573
v 11.075327 3.646085 0.920671
v 11.075327 3.489531 0.476573
v 11.075327 3.646085 0.476573
v 9.893371 3.489530 -0.000003
v 11.075327 3.489530 -0.000003
v 11.075327 3.489531 0.476573
v 9.880253 3.489530 0.099630
v 9.780621 3.489530 0.272199
v 11.075327 3.489531 0.920671
v 11.075327 3.646085 0.920671
v 9.780621 3.646085 0.272199
v 9.880253 3.646085 0.099630
v 11.075327 3.646085 0.476573
v 11.075327 3.646085 -0.000003
v 9.893371 3.646085 -0.000003
v 12.155241 3.355871 -1.321732
v 12.155241 3.355872 -0.000002
v 12.155241 3.780447 -0.000002
v 12.155241 3.780446 -1.649569
v 12.155241 0.283293 -1.649568
v 12.155241 0.283294 -0.000001
v 12.155241 0.565292 -0.000001
v 12.155241 0.565291 -1.321731
v 12.155241 0.283293 -1.649568
v 12.155241 0.565291 -1.321731
v 12.155241 3.355871 -1.321732
v 12.155241 3.780446 -1.649569
v 12.820200 3.355871 -1.321732
v 12.820200 3.780446 -1.649569
v 12.820200 3.780447 -0.000002
v 12.820200 3.355872 -0.000002
v 12.820200 0.283293 -1.649568
v 12.820200 0.565291 -1.321731
v 12.820200 0.565292 -0.000001
v 12.820200 0.283294 -0.000001
v 12.820200 0.283293 -1.649568
v 12.820200 3.780446 -1.649569
v 12.820200 3.355871 -1.321732
v 12.820200 0.565291 -1.321731
v 12.155241 0.283293 -1.649568
v 12.155241 3.780446 -1.649569
v 12.820200 3.780446 -1.649569
v 12.820200 0.283293 -1.649568
v 12.155241 3.780446 -1.649569
v 12.155241 3.780447 -0.000002
v 12.820200 3.780447 -0.000002
v 12.820200 3.780446 -1.649569
v 12.155241 0.283294 -0.000001
v 12.155241 0.283293 -1.649568
v 12.820200 0.283293 -1.649568
v 12.820200 0.283294 -0.000001
v 12.155240 3.355872 1.321728
v 12.155240 3.780447 1.649565
v 12.155241 3.780447 -0.000002
v 12.155241 3.355872 -0.000002
v 12.155240 0.283294 1.649566
v 12.155240 0.565292 1.321729
v 12.155241 0.565292 -0.000001
v 12.155241 0.283294 -0.000001
v 12.155240 0.283294 1.649566
v 12.155240 3.780447 1.649565
v 12.155240 3.355872 1.321728
v 12.155240 0.565292 1.321729
v 12.820200 3.355872 1.321728
v 12.820200 3.355872 -0.000002
v 12.820200 3.780447 -0.000002
v 12.820200 3.780447 1.649565
v 12.820200 0.283294 1.649566
v 12.820200 0.283294 -0.000001
v 12.820200 0.565292 -0.000001
v 12.820200 0.565292 1.321729
v 12.820200 0.283294 1.649566
v 12.820200 0.565292 1.321729
v 12.820200 3.355872 1.321728
v 12.820200 3.780447 1.649565
v 12.155240 0.283294 1.649566
v 12.820200 0.283294 1.649566
v 12.820200 3.780447 1.649565
v 12.155240 3.780447 1.649565
v 12.155240 3.780447 1.649565
v 12.820200 3.780447 1.649565
v 12.820200 3.780447 -0.000002
v 12.155241 3.780447 -0.000002
v 12.155241 0.283294 -0.000001
v 12.820200 0.283294 -0.000001
v 12.820200 0.283294 1.649566
v 12.155240 0.283294 1.649566
v 5.885863 -5.063398 -0.238914
v 5.885863 -3.908904 -0.238915
v 5.885863 -3.908904 0.238916
v 5.885863 -5.063398 0.238917
v 5.885863 -5.063398 0.238917
v 5.885863 -3.908904 0.238916
v 4.613564 -3.908904 0.238916
v 4.613564 -5.063398 0.238916
v 4.613564 -5.063398 0.238916
v 4.613564 -3.908904 0.238916
v 4.613564 -3.908904 -0.238915
v 4.613564 -5.063398 -0.238915
v 4.613564 -5.063398 -0.238915
v 4.613564 -3.908904 -0.238915
v 5.885863 -3.908904 -0.238915
v 5.885863 -5.063398 -0.238914
v 5.885863 -5.063398 0.238917
v 4.613564 -5.063398 0.238916
v 4.613564 -5.063398 -0.238915
v 5.885863 -5.063398 -0.238914
v 4.613564 -3.908904 0.238916
v 5.885863 -3.908904 0.238916
v 5.885863 -3.908904 -0.238915
v 4.613564 -3.908904 -0.238915
v 13.318033 0.499364 1.479322
v 13.386997 0.333285 1.633913
v 13.369699 1.372022 1.633913
v 13.305828 1.427381 1.479322
v 13.316484 3.414904 -1.479325
v 13.386181 3.580983 -1.633916
v 13.370056 2.542247 -1.633916
v 13.305967 2.486887 -1.479324
v 13.316418 3.546394 1.355522
v 13.386358 3.712474 1.510112
v 13.372972 3.712474 0.544636
v 13.305973 3.546393 0.493106
v 13.318888 0.367874 -1.355524
v 13.387997 0.201795 -1.510115
v 13.379622 0.201795 -0.544639
v 13.312178 0.367874 -0.493109
v 13.267452 0.404385 -1.332541
v 13.318888 0.367874 -1.355524
v 13.312178 0.367874 -0.493109
v 13.261177 0.404385 -0.480595
v 13.265219 3.564787 1.332538
v 13.316418 3.546394 1.355522
v 13.305973 3.546393 0.493106
v 13.264406 3.549170 0.480592
v 13.265547 3.446416 -1.441784
v 13.316484 3.414904 -1.479325
v 13.305967 2.486887 -1.479324
v 13.256638 2.511319 -1.441784
v 13.266964 0.522756 1.441781
v 13.318033 0.499364 1.479322
v 13.305828 1.427381 1.479322
v 13.256590 1.457853 1.441781
v 13.305973 3.546393 -0.493109
v 13.372972 3.712473 -0.544640
v 13.386360 3.712473 -1.510116
v 13.316418 3.546393 -1.355525
v 13.305965 2.486888 1.479321
v 13.256638 2.511320 1.441781
v 13.256590 1.457852 -1.441783
v 13.305830 1.427380 -1.479324
v 13.318035 0.499363 -1.479324
v 13.266964 0.522755 -1.441783
v 13.305830 1.427380 -1.479324
v 13.369701 1.372021 -1.633915
v 13.386999 0.333284 -1.633915
v 13.318035 0.499363 -1.479324
v 13.370054 2.542248 1.633913
v 13.305965 2.486888 1.479321
v 13.316483 3.414905 1.479321
v 13.265547 3.446417 1.441780
v 13.312178 0.367875 0.493107
v 13.261177 0.404386 0.480593
v 13.318888 0.367875 1.355523
v 13.267452 0.404386 1.332539
v 13.305973 3.546393 -0.493109
v 13.264406 3.549169 -0.480596
v 13.312178 0.367875 0.493107
v 13.379622 0.201795 0.544637
v 13.387995 0.201795 1.510113
v 13.318888 0.367875 1.355523
v 13.386179 3.580984 1.633912
v 13.316483 3.414905 1.479321
v 13.319052 0.406387 1.443062
v 13.388134 0.240308 1.597653
v 13.319052 0.406387 -1.443064
v 13.267616 0.439055 -1.409786
v 13.319052 0.406387 -1.443064
v 13.267616 0.439055 -1.409786
v 13.317114 3.507881 -1.443065
v 13.387016 3.673960 -1.597656
v 13.317114 3.507881 1.443061
v 13.265888 3.530117 1.409784
v 13.317114 3.507881 1.443061
v 13.265888 3.530117 1.409784
v 13.267616 0.439056 1.409785
v 13.319052 0.406387 1.443062
v 13.267616 0.439056 1.409785
v 13.319052 0.406387 1.443062
v 13.388136 0.240307 -1.597655
v 13.319052 0.406387 -1.443064
v 13.265888 3.530116 -1.409787
v 13.317114 3.507881 -1.443065
v 13.265888 3.530116 -1.409787
v 13.265219 3.564786 -1.332542
v 13.316418 3.546393 -1.355525
v 13.317114 3.507881 -1.443065
v 13.387014 3.673961 1.597652
v 13.317114 3.507881 1.443061
v 13.446905 0.499364 1.479322
v 13.515450 0.333285 1.633913
v 13.490192 1.372022 1.633913
v 13.428270 1.427381 1.479322
v 13.446245 3.414904 -1.479325
v 13.515978 3.580983 -1.633916
v 13.491142 2.542247 -1.633915
v 13.428804 2.486887 -1.479324
v 13.446869 3.546394 1.355522
v 13.516823 3.712474 1.510112
v 13.501228 3.712474 0.544636
v 13.434618 3.546393 0.493106
v 13.448412 0.367874 -1.355524
v 13.517065 0.201795 -1.510115
v 13.506502 0.201795 -0.544639
v 13.439919 0.367874 -0.493109
v 13.387997 0.201795 -1.510115
v 13.448412 0.367874 -1.355524
v 13.439919 0.367874 -0.493109
v 13.379622 0.201795 -0.544639
v 13.386358 3.712474 1.510112
v 13.446869 3.546394 1.355522
v 13.434618 3.546393 0.493106
v 13.372972 3.712474 0.544636
v 13.386181 3.580983 -1.633916
v 13.446245 3.414904 -1.479325
v 13.428804 2.486887 -1.479324
v 13.370056 2.542247 -1.633916
v 13.386997 0.333285 1.633913
v 13.446905 0.499364 1.479322
v 13.428270 1.427381 1.479322
v 13.369699 1.372022 1.633913
v 13.434620 3.546393 -0.493109
v 13.501228 3.712473 -0.544640
v 13.516825 3.712473 -1.510116
v 13.446869 3.546393 -1.355525
v 13.428802 2.486888 1.479321
v 13.370054 2.542248 1.633913
v 13.369701 1.372021 -1.633915
v 13.428272 1.427380 -1.479324
v 13.446907 0.499363 -1.479324
v 13.386999 0.333284 -1.633915
v 13.428272 1.427380 -1.479324
v 13.490194 1.372021 -1.633915
v 13.515451 0.333284 -1.633915
v 13.446907 0.499363 -1.479324
v 13.491140 2.542248 1.633913
v 13.428802 2.486888 1.479321
v 13.446243 3.414905 1.479321
v 13.386179 3.580984 1.633912
v 13.439919 0.367875 0.493107
v 13.379622 0.201795 0.544637
v 13.448412 0.367875 1.355523
v 13.387995 0.201795 1.510113
v 13.434620 3.546393 -0.493109
v 13.372972 3.712473 -0.544640
v 13.439919 0.367875 0.493107
v 13.506502 0.201795 0.544637
v 13.517063 0.201795 1.510113
v 13.448412 0.367875 1.355523
v 13.515976 3.580984 1.633912
v 13.446243 3.414905 1.479321
v 13.448517 0.406387 1.443062
v 13.517155 0.240308 1.597653
v 13.448517 0.406387 -1.443064
v 13.388136 0.240307 -1.597655
v 13.447498 3.507881 -1.443065
v 13.517420 3.673960 -1.597656
v 13.447498 3.507881 1.443061
v 13.387014 3.673961 1.597652
v 13.388134 0.240308 1.597653
v 13.448517 0.406387 1.443062
v 13.517157 0.240307 -1.597655
v 13.448517 0.406387 -1.443064
v 13.387016 3.673960 -1.597656
v 13.447498 3.507881 -1.443065
v 13.386360 3.712473 -1.510116
v 13.446869 3.546393 -1.355525
v 13.517418 3.673961 1.597652
v 13.447498 3.507881 1.443061
v 13.571468 0.499364 1.479322
v 13.639359 0.333285 1.633913
v 13.605259 1.372022 1.633913
v 13.545477 1.427381 1.479322
v 13.572502 3.414904 -1.479325
v 13.642250 3.580983 -1.633916
v 13.607210 2.542247 -1.633915
v 13.546722 2.486887 -1.479324
v 13.573997 3.546394 1.355522
v 13.643921 3.712474 1.510112
v 13.626108 3.712474 0.544636
v 13.559843 3.546393 0.493106
v 13.573751 0.367874 -1.355524
v 13.641689 0.201795 -1.510115
v 13.628899 0.201795 -0.544639
v 13.563358 0.367874 -0.493109
v 13.517065 0.201795 -1.510115
v 13.573751 0.367874 -1.355524
v 13.563358 0.367874 -0.493109
v 13.506502 0.201795 -0.544639
v 13.516823 3.712474 1.510112
v 13.573997 3.546394 1.355522
v 13.559843 3.546393 0.493106
v 13.501228 3.712474 0.544636
v 13.515978 3.580983 -1.633916
v 13.572502 3.414904 -1.479325
v 13.546722 2.486887 -1.479324
v 13.491142 2.542247 -1.633915
v 13.515450 0.333285 1.633913
v 13.571468 0.499364 1.479322
v 13.545477 1.427381 1.479322
v 13.490192 1.372022 1.633913
v 13.559843 3.546393 -0.493109
v 13.626108 3.712473 -0.544640
v 13.643923 3.712473 -1.510116
v 13.573997 3.546393 -1.355525
v 13.546721 2.486888 1.479322
v 13.491140 2.542248 1.633913
v 13.490194 1.372021 -1.633915
v 13.545479 1.427380 -1.479324
v 13.571470 0.499363 -1.479324
v 13.515451 0.333284 -1.633915
v 13.545479 1.427380 -1.479324
v 13.605261 1.372021 -1.633915
v 13.639360 0.333284 -1.633915
v 13.571470 0.499363 -1.479324
v 13.607208 2.542248 1.633913
v 13.546721 2.486888 1.479322
v 13.572500 3.414905 1.479321
v 13.515976 3.580984 1.633912
v 13.563358 0.367875 0.493107
v 13.506502 0.201795 0.544637
v 13.573751 0.367875 1.355523
v 13.517063 0.201795 1.510113
v 13.559843 3.546393 -0.493109
v 13.501228 3.712473 -0.544640
v 13.563358 0.367875 0.493107
v 13.628899 0.201795 0.544637
v 13.641687 0.201795 1.510113
v 13.573751 0.367875 1.355523
v 13.642248 3.580984 1.633912
v 13.572500 3.414905 1.479321
v 13.573771 0.406387 1.443062
v 13.641706 0.240308 1.597653
v 13.573771 0.406387 -1.443064
v 13.517157 0.240307 -1.597655
v 13.574514 3.507881 -1.443065
v 13.644415 3.673960 -1.597656
v 13.574514 3.507881 1.443061
v 13.517418 3.673961 1.597652
v 13.517155 0.240308 1.597653
v 13.573771 0.406387 1.443062
v 13.641708 0.240307 -1.597655
v 13.573771 0.406387 -1.443064
v 13.517420 3.673960 -1.597656
v 13.574514 3.507881 -1.443065
v 13.516825 3.712473 -1.510116
v 13.573997 3.546393 -1.355525
v 13.644413 3.673961 1.597652
v 13.574514 3.507881 1.443061
v 13.691090 0.499364 1.479322
v 13.758509 0.333285 1.633913
v 13.715076 1.372022 1.633913
v 13.657166 1.427381 1.479322
v 13.694878 3.414904 -1.479325
v 13.764942 3.580983 -1.633916
v 13.718504 2.542247 -1.633915
v 13.659534 2.486887 -1.479324
v 13.697422 3.546394 1.355522
v 13.767582 3.712474 1.510112
v 13.747677 3.712474 0.544636
v 13.681429 3.546393 0.493106
v 13.694250 0.367874 -1.355524
v 13.761631 0.201795 -1.510115
v 13.746695 0.201795 -0.544639
v 13.681997 0.367874 -0.493108
v 13.641689 0.201795 -1.510115
v 13.694250 0.367874 -1.355524
v 13.681997 0.367874 -0.493108
v 13.628899 0.201795 -0.544639
v 13.643921 3.712474 1.510112
v 13.697422 3.546394 1.355522
v 13.681429 3.546393 0.493106
v 13.626108 3.712474 0.544636
v 13.642250 3.580983 -1.633916
v 13.694878 3.414904 -1.479325
v 13.659534 2.486887 -1.479324
v 13.607210 2.542247 -1.633915
v 13.639359 0.333285 1.633913
v 13.691090 0.499364 1.479322
v 13.657166 1.427381 1.479322
v 13.605259 1.372022 1.633913
v 13.681429 3.546393 -0.493109
v 13.747677 3.712473 -0.544640
v 13.767584 3.712473 -1.510116
v 13.697422 3.546393 -1.355525
v 13.659533 2.486888 1.479322
v 13.607208 2.542248 1.633913
v 13.605261 1.372021 -1.633915
v 13.657167 1.427380 -1.479324
v 13.691092 0.499363 -1.479324
v 13.639360 0.333284 -1.633915
v 13.657167 1.427380 -1.479324
v 13.715078 1.372021 -1.633915
v 13.758511 0.333284 -1.633915
v 13.691092 0.499363 -1.479324
v 13.718502 2.542248 1.633913
v 13.659533 2.486888 1.479322
v 13.694876 3.414905 1.479321
v 13.642248 3.580984 1.633912
v 13.681997 0.367875 0.493107
v 13.628899 0.201795 0.544637
v 13.694250 0.367875 1.355523
v 13.641687 0.201795 1.510113
v 13.681429 3.546393 -0.493109
v 13.626108 3.712473 -0.544640
v 13.681997 0.367875 0.493107
v 13.746695 0.201795 0.544637
v 13.761629 0.201795 1.510113
v 13.694250 0.367875 1.355523
v 13.764940 3.580984 1.633912
v 13.694876 3.414905 1.479321
v 13.694151 0.406387 1.443062
v 13.761551 0.240308 1.597653
v 13.694151 0.406387 -1.443064
v 13.641708 0.240307 -1.597655
v 13.697771 3.507881 -1.443065
v 13.767925 3.673960 -1.597656
v 13.697771 3.507881 1.443061
v 13.644413 3.673961 1.597652
v 13.641706 0.240308 1.597653
v 13.694151 0.406387 1.443062
v 13.761553 0.240307 -1.597655
v 13.694151 0.406387 -1.443064
v 13.644415 3.673960 -1.597656
v 13.697771 3.507881 -1.443065
v 13.643923 3.712473 -1.510116
v 13.697422 3.546393 -1.355525
v 13.767923 3.673961 1.597652
v 13.697771 3.507881 1.443061
v 13.806284 0.499364 1.479322
v 13.873745 0.333285 1.633913
v 13.820860 1.372022 1.633913
v 13.764185 1.427381 1.479322
v 13.813906 3.414904 -1.479325
v 13.884832 3.580983 -1.633916
v 13.826248 2.542247 -1.633915
v 13.768116 2.486887 -1.479324
v 13.817635 3.546394 1.355522
v 13.888531 3.712474 1.510113
v 13.866669 3.712474 0.544636
v 13.799913 3.546393 0.493106
v 13.810385 0.367874 -1.355524
v 13.877693 0.201795 -1.510115
v 13.860703 0.201795 -0.544639
v 13.796354 0.367874 -0.493108
v 13.761631 0.201795 -1.510115
v 13.810385 0.367874 -1.355524
v 13.796354 0.367874 -0.493108
v 13.746695 0.201795 -0.544639
v 13.767582 3.712474 1.510112
v 13.817635 3.546394 1.355522
v 13.799913 3.546393 0.493106
v 13.747677 3.712474 0.544636
v 13.764942 3.580983 -1.633916
v 13.813906 3.414904 -1.479325
v 13.768116 2.486887 -1.479324
v 13.718504 2.542247 -1.633915
v 13.758509 0.333285 1.633913
v 13.806284 0.499364 1.479322
v 13.764185 1.427381 1.479322
v 13.715076 1.372022 1.633913
v 13.799913 3.546393 -0.493109
v 13.866669 3.712473 -0.544640
v 13.888533 3.712473 -1.510116
v 13.817635 3.546393 -1.355525
v 13.768114 2.486888 1.479322
v 13.718502 2.542248 1.633913
v 13.715078 1.372021 -1.633915
v 13.764187 1.427380 -1.479324
v 13.806286 0.499363 -1.479324
v 13.758511 0.333284 -1.633915
v 13.764187 1.427380 -1.479324
v 13.820862 1.372021 -1.633915
v 13.873747 0.333284 -1.633915
v 13.806286 0.499363 -1.479324
v 13.826246 2.542248 1.633913
v 13.768114 2.486888 1.479322
v 13.813904 3.414905 1.479321
v 13.764940 3.580984 1.633912
v 13.796354 0.367875 0.493107
v 13.746695 0.201795 0.544637
v 13.810385 0.367875 1.355523
v 13.761629 0.201795 1.510113
v 13.799913 3.546393 -0.493109
v 13.747677 3.712473 -0.544640
v 13.796354 0.367875 0.493107
v 13.860703 0.201795 0.544637
v 13.877691 0.201795 1.510113
v 13.810385 0.367875 1.355523
v 13.884830 3.580984 1.633912
v 13.813904 3.414905 1.479321
v 13.810144 0.406387 1.443062
v 13.877499 0.240308 1.597653
v 13.810144 0.406387 -1.443064
v 13.761553 0.240307 -1.597655
v 13.817768 3.507881 -1.443065
v 13.888687 3.673960 -1.597656
v 13.817768 3.507881 1.443061
v 13.767923 3.673961 1.597652
v 13.761551 0.240308 1.597653
v 13.810144 0.406387 1.443062
v 13.877501 0.240307 -1.597655
v 13.810144 0.406387 -1.443064
v 13.767925 3.673960 -1.597656
v 13.817768 3.507881 -1.443065
v 13.767584 3.712473 -1.510116
v 13.817635 3.546393 -1.355525
v 13.888687 3.673961 1.597652
v 13.817768 3.507881 1.443061
v 13.918045 0.499364 1.479322
v 13.986004 0.333285 1.633913
v 13.923927 1.372022 1.633913
v 13.867865 1.427381 1.479322
v 13.930508 3.414904 -1.479325
v 14.002769 3.580983 -1.633916
v 13.931749 2.542247 -1.633915
v 13.873791 2.486887 -1.479324
v 13.935499 3.546394 1.355522
v 14.007563 3.712474 1.510113
v 13.983877 3.712474 0.544636
v 13.916157 3.546393 0.493106
v 13.923103 0.367874 -1.355524
v 13.990774 0.201795 -1.510115
v 13.971827 0.201795 -0.544639
v 13.907377 0.367874 -0.493108
v 13.877693 0.201795 -1.510115
v 13.923103 0.367874 -1.355524
v 13.907377 0.367874 -0.493108
v 13.860703 0.201795 -0.544639
v 13.888531 3.712474 1.510113
v 13.935499 3.546394 1.355522
v 13.916157 3.546393 0.493106
v 13.866669 3.712474 0.544636
v 13.884832 3.580983 -1.633916
v 13.930508 3.414904 -1.479325
v 13.873791 2.486887 -1.479324
v 13.826248 2.542247 -1.633915
v 13.873745 0.333285 1.633913
v 13.918045 0.499364 1.479322
v 13.867865 1.427381 1.479322
v 13.820860 1.372022 1.633913
v 13.916157 3.546393 -0.493109
v 13.983877 3.712473 -0.544640
v 14.007565 3.712473 -1.510116
v 13.935497 3.546393 -1.355525
v 13.873789 2.486888 1.479322
v 13.826246 2.542248 1.633913
v 13.820862 1.372021 -1.633915
v 13.867867 1.427380 -1.479324
v 13.918047 0.499363 -1.479324
v 13.873747 0.333284 -1.633915
v 13.867867 1.427380 -1.479324
v 13.923929 1.372021 -1.633915
v 13.986006 0.333284 -1.633915
v 13.918047 0.499363 -1.479324
v 13.931747 2.542248 1.633913
v 13.873789 2.486888 1.479322
v 13.930506 3.414905 1.479321
v 13.884830 3.580984 1.633912
v 13.907377 0.367875 0.493107
v 13.860703 0.201795 0.544637
v 13.923103 0.367875 1.355523
v 13.877691 0.201795 1.510113
v 13.916157 3.546393 -0.493109
v 13.866669 3.712473 -0.544640
v 13.907377 0.367875 0.493107
v 13.971827 0.201795 0.544637
v 13.990772 0.201795 1.510113
v 13.923103 0.367875 1.355523
v 14.002768 3.580984 1.633912
v 13.930506 3.414905 1.479321
v 13.922712 0.406387 1.443062
v 13.990461 0.240308 1.597653
v 13.922712 0.406387 -1.443063
v 13.877501 0.240307 -1.597655
v 13.935387 3.507881 -1.443064
v 14.007517 3.673960 -1.597656
v 13.935387 3.507881 1.443061
v 13.888687 3.673961 1.597652
v 13.877499 0.240308 1.597653
v 13.922712 0.406387 1.443062
v 13.990463 0.240307 -1.597655
v 13.922712 0.406387 -1.443063
v 13.888687 3.673960 -1.597656
v 13.935387 3.507881 -1.443064
v 13.888533 3.712473 -1.510116
v 13.935497 3.546393 -1.355525
v 14.007515 3.673961 1.597652
v 13.935387 3.507881 1.443061
v 14.027374 0.499364 1.479322
v 14.096233 0.333285 1.633913
v 14.025597 1.372022 1.633913
v 13.969526 1.427381 1.479322
v 14.045607 3.414904 -1.479325
v 14.119606 3.580983 -1.633916
v 14.036318 2.542247 -1.633915
v 13.977882 2.486887 -1.479324
v 14.051874 3.546394 1.355522
v 14.125486 3.712474 1.510113
v 14.100107 3.712474 0.544636
v 14.031019 3.546393 0.493106
v 14.033358 0.367874 -1.355524
v 14.101782 0.201795 -1.510115
v 14.080973 0.201795 -0.544639
v 14.016016 0.367874 -0.493108
v 13.990774 0.201795 -1.510115
v 14.033358 0.367874 -1.355524
v 14.016016 0.367874 -0.493108
v 13.971827 0.201795 -0.544639
v 14.007563 3.712474 1.510113
v 14.051874 3.546394 1.355522
v 14.031019 3.546393 0.493106
v 13.983877 3.712474 0.544636
v 14.002769 3.580983 -1.633916
v 14.045607 3.414904 -1.479325
v 13.977882 2.486887 -1.479324
v 13.931749 2.542247 -1.633915
v 13.986004 0.333285 1.633913
v 14.027374 0.499364 1.479322
v 13.969526 1.427381 1.479322
v 13.923927 1.372022 1.633913
v 14.031019 3.546393 -0.493109
v 14.100107 3.712473 -0.544640
v 14.125488 3.712473 -1.510116
v 14.051874 3.546393 -1.355525
v 13.977880 2.486888 1.479322
v 13.931747 2.542248 1.633913
v 13.923929 1.372021 -1.633915
v 13.969528 1.427380 -1.479324
v 14.027376 0.499363 -1.479324
v 13.986006 0.333284 -1.633915
v 13.969528 1.427380 -1.479324
v 14.025599 1.372021 -1.633915
v 14.096235 0.333284 -1.633915
v 14.027376 0.499363 -1.479324
v 14.036316 2.542248 1.633913
v 13.977880 2.486888 1.479322
v 14.045605 3.414905 1.479321
v 14.002768 3.580984 1.633912
v 14.016016 0.367875 0.493107
v 13.971827 0.201795 0.544637
v 14.033358 0.367875 1.355523
v 13.990772 0.201795 1.510113
v 14.031019 3.546393 -0.493109
v 13.983877 3.712473 -0.544640
v 14.016016 0.367875 0.493107
v 14.080973 0.201795 0.544637
v 14.101780 0.201795 1.510113
v 14.033358 0.367875 1.355523
v 14.119604 3.580984 1.633912
v 14.045605 3.414905 1.479321
v 14.032816 0.406387 1.443062
v 14.101357 0.240308 1.597653
v 14.032816 0.406387 -1.443063
v 13.990463 0.240307 -1.597655
v 14.051506 3.507881 -1.443064
v 14.125233 3.673960 -1.597656
v 14.051506 3.507881 1.443061
v 14.007515 3.673961 1.597652
v 13.990461 0.240308 1.597653
v 14.032816 0.406387 1.443062
v 14.101358 0.240307 -1.597655
v 14.032816 0.406387 -1.443063
v 14.007517 3.673960 -1.597656
v 14.051506 3.507881 -1.443064
v 14.007565 3.712473 -1.510116
v 14.051874 3.546393 -1.355525
v 14.125231 3.673961 1.597652
v 14.051506 3.507881 1.443061
v 14.135307 0.499364 1.479322
v 14.205494 0.333285 1.633913
v 14.127190 1.372022 1.633913
v 14.070503 1.427381 1.479322
v 14.160172 3.414904 -1.479325
v 14.236343 3.580983 -1.633916
v 14.141262 2.542247 -1.633915
v 14.081709 2.486887 -1.479324
v 14.167679 3.546394 1.355522
v 14.243265 3.712474 1.510113
v 14.216330 3.712474 0.544636
v 14.145414 3.546393 0.493106
v 14.142145 0.367874 -1.355524
v 14.211746 0.201795 -1.510115
v 14.189173 0.201795 -0.544639
v 14.123264 0.367874 -0.493108
v 14.101782 0.201795 -1.510115
v 14.142145 0.367874 -1.355524
v 14.123264 0.367874 -0.493108
v 14.080973 0.201795 -0.544639
v 14.125486 3.712474 1.510113
v 14.167679 3.546394 1.355522
v 14.145414 3.546393 0.493106
v 14.100107 3.712474 0.544636
v 14.119606 3.580983 -1.633916
v 14.160172 3.414904 -1.479325
v 14.081709 2.486887 -1.479324
v 14.036318 2.542247 -1.633915
v 14.096233 0.333285 1.633913
v 14.135307 0.499364 1.479322
v 14.070503 1.427381 1.479322
v 14.025597 1.372022 1.633913
v 14.145414 3.546393 -0.493109
v 14.216330 3.712473 -0.544640
v 14.243267 3.712473 -1.510116
v 14.167679 3.546393 -1.355525
v 14.081707 2.486888 1.479322
v 14.036316 2.542248 1.633913
v 14.025599 1.372021 -1.633915
v 14.070505 1.427380 -1.479324
v 14.135309 0.499363 -1.479324
v 14.096235 0.333284 -1.633915
v 14.070505 1.427380 -1.479324
v 14.127192 1.372021 -1.633915
v 14.205496 0.333284 -1.633915
v 14.135309 0.499363 -1.479324
v 14.141260 2.542248 1.633913
v 14.081707 2.486888 1.479322
v 14.160170 3.414905 1.479321
v 14.119604 3.580984 1.633912
v 14.123264 0.367875 0.493107
v 14.080973 0.201795 0.544637
v 14.142145 0.367875 1.355523
v 14.101780 0.201795 1.510113
v 14.145414 3.546393 -0.493109
v 14.100107 3.712473 -0.544640
v 14.123264 0.367875 0.493107
v 14.189173 0.201795 0.544638
v 14.211744 0.201795 1.510113
v 14.142145 0.367875 1.355523
v 14.236341 3.580984 1.633913
v 14.160170 3.414905 1.479321
v 14.141466 0.406387 1.443062
v 14.211224 0.240308 1.597653
v 14.141466 0.406387 -1.443063
v 14.101358 0.240307 -1.597655
v 14.167055 3.507881 -1.443064
v 14.242807 3.673961 -1.597655
v 14.167055 3.507881 1.443061
v 14.125231 3.673961 1.597652
v 14.101357 0.240308 1.597653
v 14.141466 0.406387 1.443062
v 14.211226 0.240307 -1.597655
v 14.141466 0.406387 -1.443063
v 14.125233 3.673960 -1.597656
v 14.167055 3.507881 -1.443064
v 14.125488 3.712473 -1.510116
v 14.167679 3.546393 -1.355525
v 14.242805 3.673962 1.597652
v 14.167055 3.507881 1.443061
v 14.243008 0.499365 1.479322
v 14.314941 0.333285 1.633914
v 14.230051 1.372022 1.633913
v 14.172132 1.427381 1.479322
v 14.275316 3.414904 -1.479324
v 14.354088 3.580983 -1.633916
v 14.247883 2.542247 -1.633915
v 14.186584 2.486887 -1.479324
v 14.284002 3.546394 1.355522
v 14.361986 3.712474 1.510113
v 14.333647 3.712474 0.544636
v 14.260441 3.546393 0.493106
v 14.250597 0.367874 -1.355524
v 14.321800 0.201795 -1.510115
v 14.297554 0.201795 -0.544639
v 14.230253 0.367874 -0.493108
v 14.211746 0.201795 -1.510115
v 14.250597 0.367874 -1.355524
v 14.230253 0.367874 -0.493108
v 14.189173 0.201795 -0.544639
v 14.243265 3.712474 1.510113
v 14.284002 3.546394 1.355522
v 14.260441 3.546393 0.493106
v 14.216330 3.712474 0.544636
v 14.236343 3.580983 -1.633916
v 14.275316 3.414904 -1.479324
v 14.186584 2.486887 -1.479324
v 14.141262 2.542247 -1.633915
v 14.205494 0.333285 1.633913
v 14.243008 0.499365 1.479322
v 14.172132 1.427381 1.479322
v 14.127190 1.372022 1.633913
v 14.260441 3.546393 -0.493109
v 14.333647 3.712473 -0.544640
v 14.361990 3.712473 -1.510116
v 14.284002 3.546393 -1.355525
v 14.186583 2.486888 1.479322
v 14.141260 2.542248 1.633913
v 14.127192 1.372021 -1.633915
v 14.172134 1.427380 -1.479324
v 14.243010 0.499364 -1.479324
v 14.205496 0.333284 -1.633915
v 14.172134 1.427380 -1.479324
v 14.230051 1.372021 -1.633915
v 14.314943 0.333284 -1.633915
v 14.243010 0.499364 -1.479324
v 14.247881 2.542248 1.633913
v 14.186583 2.486888 1.479322
v 14.275314 3.414905 1.479321
v 14.236341 3.580984 1.633913
v 14.230253 0.367875 0.493107
v 14.189173 0.201795 0.544638
v 14.250597 0.367875 1.355523
v 14.211744 0.201795 1.510113
v 14.260441 3.546393 -0.493109
v 14.216330 3.712473 -0.544640
v 14.230253 0.367875 0.493107
v 14.297554 0.201795 0.544638
v 14.321798 0.201795 1.510114
v 14.250597 0.367875 1.355523
v 14.354088 3.580984 1.633913
v 14.275314 3.414905 1.479321
v 14.249805 0.406388 1.443062
v 14.321201 0.240308 1.597653
v 14.249805 0.406387 -1.443063
v 14.211226 0.240307 -1.597655
v 14.283133 3.507881 -1.443064
v 14.361334 3.673961 -1.597655
v 14.283133 3.507882 1.443061
v 14.242805 3.673962 1.597652
v 14.211224 0.240308 1.597653
v 14.249805 0.406388 1.443062
v 14.321205 0.240307 -1.597654
v 14.249805 0.406387 -1.443063
v 14.242807 3.673961 -1.597655
v 14.283133 3.507881 -1.443064
v 14.243267 3.712473 -1.510116
v 14.284002 3.546393 -1.355525
v 14.361334 3.673962 1.597652
v 14.283133 3.507882 1.443061
v 14.351662 0.499365 1.479322
v 14.425732 0.333285 1.633914
v 14.335512 1.372022 1.633913
v 14.275761 1.427381 1.479322
v 14.392181 3.414904 -1.479324
v 14.473953 3.580983 -1.633916
v 14.357483 2.542247 -1.633915
v 14.293821 2.486887 -1.479324
v 14.401962 3.546394 1.355522
v 14.482746 3.712474 1.510113
v 14.453163 3.712474 0.544636
v 14.377226 3.546393 0.493106
v 14.359879 0.367874 -1.355524
v 14.433079 0.201795 -1.510115
v 14.407248 0.201795 -0.544639
v 14.338144 0.367874 -0.493108
v 14.321800 0.201795 -1.510115
v 14.359879 0.367874 -1.355524
v 14.338144 0.367874 -0.493108
v 14.297554 0.201795 -0.544639
v 14.361986 3.712474 1.510113
v 14.401962 3.546394 1.355522
v 14.377226 3.546393 0.493106
v 14.333647 3.712474 0.544636
v 14.354088 3.580983 -1.633916
v 14.392181 3.414904 -1.479324
v 14.293821 2.486887 -1.479324
v 14.247883 2.542247 -1.633915
v 14.314941 0.333285 1.633914
v 14.351662 0.499365 1.479322
v 14.275761 1.427381 1.479322
v 14.230051 1.372022 1.633913
v 14.377226 3.546393 -0.493109
v 14.453163 3.712473 -0.544640
v 14.482748 3.712473 -1.510116
v 14.401962 3.546393 -1.355525
v 14.293819 2.486888 1.479322
v 14.247881 2.542248 1.633913
v 14.230051 1.372021 -1.633915
v 14.275763 1.427380 -1.479324
v 14.351664 0.499364 -1.479324
v 14.314943 0.333284 -1.633915
v 14.275763 1.427380 -1.479324
v 14.335514 1.372021 -1.633915
v 14.425734 0.333284 -1.633915
v 14.351664 0.499364 -1.479324
v 14.357481 2.542248 1.633913
v 14.293819 2.486888 1.479322
v 14.392179 3.414905 1.479321
v 14.354088 3.580984 1.633913
v 14.338144 0.367875 0.493107
v 14.297554 0.201795 0.544638
v 14.359879 0.367875 1.355523
v 14.321798 0.201795 1.510114
v 14.377226 3.546393 -0.493109
v 14.333647 3.712473 -0.544640
v 14.338144 0.367875 0.493107
v 14.407248 0.201795 0.544638
v 14.433077 0.201795 1.510114
v 14.359879 0.367875 1.355523
v 14.473951 3.580984 1.633913
v 14.392179 3.414905 1.479321
v 14.359005 0.406388 1.443062
v 14.432432 0.240308 1.597653
v 14.359003 0.406387 -1.443063
v 14.321205 0.240307 -1.597654
v 14.400860 3.507881 -1.443064
v 14.481911 3.673961 -1.597655
v 14.400860 3.507882 1.443061
v 14.361334 3.673962 1.597652
v 14.321201 0.240308 1.597653
v 14.359005 0.406388 1.443062
v 14.432434 0.240307 -1.597654
v 14.359003 0.406387 -1.443063
v 14.361334 3.673961 -1.597655
v 14.400860 3.507881 -1.443064
v 14.361990 3.712473 -1.510116
v 14.401962 3.546393 -1.355525
v 14.481909 3.673962 1.597652
v 14.400860 3.507882 1.443061
v 14.462446 0.499365 1.479322
v 14.538904 0.333285 1.633914
v 14.444771 1.372022 1.633913
v 14.382717 1.427381 1.479322
v 14.511900 3.414904 -1.479324
v 14.596916 3.580983 -1.633915
v 14.471216 2.542247 -1.633915
v 14.404715 2.486887 -1.479324
v 14.522669 3.546394 1.355522
v 14.606504 3.712474 1.510113
v 14.575853 3.712474 0.544637
v 14.496893 3.546393 0.493106
v 14.471144 0.367874 -1.355524
v 14.546606 0.201795 -1.510115
v 14.519279 0.201795 -0.544638
v 14.448086 0.367874 -0.493108
v 14.433079 0.201795 -1.510115
v 14.471144 0.367874 -1.355524
v 14.448086 0.367874 -0.493108
v 14.407248 0.201795 -0.544639
v 14.482746 3.712474 1.510113
v 14.522669 3.546394 1.355522
v 14.496893 3.546393 0.493106
v 14.453163 3.712474 0.544636
v 14.473953 3.580983 -1.633916
v 14.511900 3.414904 -1.479324
v 14.404715 2.486887 -1.479324
v 14.357483 2.542247 -1.633915
v 14.425732 0.333285 1.633914
v 14.462446 0.499365 1.479322
v 14.382717 1.427381 1.479322
v 14.335512 1.372022 1.633913
v 14.496893 3.546393 -0.493109
v 14.575853 3.712473 -0.544640
v 14.606506 3.712473 -1.510116
v 14.522669 3.546393 -1.355525
v 14.404713 2.486888 1.479322
v 14.357481 2.542248 1.633913
v 14.335514 1.372021 -1.633915
v 14.382719 1.427380 -1.479324
v 14.462448 0.499364 -1.479324
v 14.425734 0.333284 -1.633915
v 14.382719 1.427380 -1.479324
v 14.444773 1.372021 -1.633915
v 14.538906 0.333284 -1.633915
v 14.462448 0.499364 -1.479324
v 14.471214 2.542248 1.633913
v 14.404713 2.486888 1.479322
v 14.511898 3.414905 1.479321
v 14.473951 3.580984 1.633913
v 14.448086 0.367875 0.493107
v 14.407248 0.201795 0.544638
v 14.471144 0.367875 1.355523
v 14.433077 0.201795 1.510114
v 14.496893 3.546393 -0.493109
v 14.453163 3.712473 -0.544640
v 14.448086 0.367875 0.493107
v 14.519279 0.201795 0.544638
v 14.546604 0.201795 1.510114
v 14.471144 0.367875 1.355523
v 14.596914 3.580984 1.633913
v 14.511898 3.414905 1.479321
v 14.470221 0.406388 1.443062
v 14.545942 0.240308 1.597653
v 14.470221 0.406387 -1.443063
v 14.432434 0.240307 -1.597654
v 14.521355 3.507881 -1.443064
v 14.605505 3.673961 -1.597655
v 14.521355 3.507882 1.443061
v 14.481909 3.673962 1.597652
v 14.432432 0.240308 1.597653
v 14.470221 0.406388 1.443062
v 14.545944 0.240307 -1.597654
v 14.470221 0.406387 -1.443063
v 14.481911 3.673961 -1.597655
v 14.521355 3.507881 -1.443064
v 14.482748 3.712473 -1.510116
v 14.522669 3.546393 -1.355525
v 14.605503 3.673962 1.597653
v 14.521355 3.507882 1.443061
v 14.576097 0.499365 1.479322
v 14.654778 0.333285 1.633914
v 14.558111 1.372022 1.633913
v 14.493797 1.427382 1.479322
v 14.635101 3.414904 -1.479324
v 14.723129 3.580983 -1.633915
v 14.589289 2.542247 -1.633915
v 14.520010 2.486887 -1.479324
v 14.646740 3.546394 1.355522
v 14.733408 3.712474 1.510113
v 14.701868 3.712474 0.544637
v 14.620066 3.546393 0.493106
v 14.585114 0.367874 -1.355524
v 14.662701 0.201795 -1.510115
v 14.633991 0.201795 -0.544638
v 14.560812 0.367874 -0.493108
v 14.546606 0.201795 -1.510115
v 14.585114 0.367874 -1.355524
v 14.560812 0.367874 -0.493108
v 14.519279 0.201795 -0.544638
v 14.606504 3.712474 1.510113
v 14.646740 3.546394 1.355522
v 14.620066 3.546393 0.493106
v 14.575853 3.712474 0.544637
v 14.596916 3.580983 -1.633915
v 14.635101 3.414904 -1.479324
v 14.520010 2.486887 -1.479324
v 14.471216 2.542247 -1.633915
v 14.538904 0.333285 1.633914
v 14.576097 0.499365 1.479322
v 14.493797 1.427382 1.479322
v 14.444771 1.372022 1.633913
v 14.620066 3.546393 -0.493109
v 14.701868 3.712473 -0.544639
v 14.733410 3.712473 -1.510116
v 14.646740 3.546393 -1.355525
v 14.520008 2.486888 1.479322
v 14.471214 2.542248 1.633913
v 14.444773 1.372021 -1.633915
v 14.493799 1.427381 -1.479324
v 14.576099 0.499364 -1.479324
v 14.538906 0.333284 -1.633915
v 14.493799 1.427381 -1.479324
v 14.558113 1.372021 -1.633915
v 14.654779 0.333284 -1.633914
v 14.576099 0.499364 -1.479324
v 14.589287 2.542248 1.633913
v 14.520008 2.486888 1.479322
v 14.635099 3.414905 1.479322
v 14.596914 3.580984 1.633913
v 14.560812 0.367875 0.493107
v 14.519279 0.201795 0.544638
v 14.585114 0.367875 1.355523
v 14.546604 0.201795 1.510114
v 14.620066 3.546393 -0.493109
v 14.575853 3.712473 -0.544640
v 14.560812 0.367875 0.493107
v 14.633991 0.201795 0.544638
v 14.662699 0.201795 1.510114
v 14.585114 0.367875 1.355523
v 14.723127 3.580984 1.633913
v 14.635099 3.414905 1.479322
v 14.584183 0.406388 1.443062
v 14.662052 0.240308 1.597654
v 14.584183 0.406387 -1.443063
v 14.545944 0.240307 -1.597654
v 14.645239 3.507881 -1.443064
v 14.732262 3.673961 -1.597655
v 14.645239 3.507882 1.443061
v 14.605503 3.673962 1.597653
v 14.545942 0.240308 1.597653
v 14.584183 0.406388 1.443062
v 14.662054 0.240307 -1.597654
v 14.584183 0.406387 -1.443063
v 14.605505 3.673961 -1.597655
v 14.645239 3.507881 -1.443064
v 14.606506 3.712473 -1.510116
v 14.646740 3.546393 -1.355525
v 14.732260 3.673962 1.597653
v 14.645239 3.507882 1.443061
v 14.882103 1.504666 -1.390596
v 14.963757 0.599729 -1.390596
v 14.984474 0.407300 -1.718849
v 14.891434 1.440522 -1.718850
v 15.036827 3.417967 -0.430715
v 15.066292 3.417967 -1.292142
v 15.103308 3.763104 -1.475451
v 15.070168 3.763105 -0.491818
v 14.639782 0.496301 -1.292141
v 14.640003 0.510158 -1.341368
v 14.668354 0.185376 -1.597358
v 14.667408 0.151163 -1.475450
v 14.549829 1.504667 1.390595
v 14.632053 0.599730 1.390595
v 14.651688 0.407301 1.718849
v 14.558687 1.440523 1.718848
v 14.728519 0.129151 1.639382
v 14.949703 0.129151 1.639382
v 14.943842 0.234950 1.740093
v 14.722677 0.234950 1.740093
v 14.637197 0.548016 1.377405
v 14.640003 0.510159 1.341368
v 14.668352 0.185377 1.597357
v 14.662855 0.279180 1.686469
v 15.048235 3.785118 1.639381
v 14.806229 3.785118 1.639381
v 14.798536 3.679320 1.740092
v 15.039894 3.679320 1.740093
v 15.061977 3.366253 1.377404
v 15.066185 3.404110 1.341367
v 15.103815 3.728893 1.597356
v 15.095772 3.635089 1.686469
v 15.054655 3.314539 1.390594
v 15.080193 3.506968 1.718848
v 14.949705 0.129150 -1.639382
v 14.728521 0.129150 -1.639382
v 14.722679 0.234948 -1.740094
v 14.943844 0.234948 -1.740094
v 14.969017 0.548015 -1.377405
v 14.971825 0.510158 -1.341368
v 15.001478 0.185376 -1.597357
v 14.995951 0.279179 -1.686470
v 14.806231 3.785117 -1.639384
v 15.048235 3.785117 -1.639384
v 15.039896 3.679319 -1.740095
v 14.798538 3.679319 -1.740095
v 14.701832 3.366252 -1.377406
v 14.705545 3.404109 -1.341369
v 14.739771 3.728892 -1.597359
v 14.732656 3.635088 -1.686471
v 14.695280 3.314538 -1.390597
v 14.718647 3.506967 -1.718850
v 14.614052 0.496301 -0.430714
v 14.638683 0.151163 -0.491817
v 14.919037 2.409602 1.390594
v 14.931387 2.473746 1.718848
v 15.066292 3.417968 1.292139
v 15.103306 3.763105 1.475448
v 14.948250 0.090425 -1.501808
v 14.727266 0.090425 -1.501808
v 15.047411 3.823843 1.501806
v 14.805286 3.823843 1.501806
v 14.916260 0.090426 -0.500603
v 14.697300 0.090426 -0.500603
v 14.882103 1.504667 1.390595
v 14.963757 0.599730 1.390595
v 14.632053 0.599730 1.390595
v 14.549829 1.504667 1.390595
v 14.701832 3.366253 1.377404
v 14.695280 3.314539 1.390594
v 14.718645 3.506968 1.718848
v 14.732655 3.635089 1.686468
v 14.782845 3.534797 1.776955
v 15.023075 3.534797 1.776955
v 14.644747 2.483021 -1.776958
v 14.782846 3.534796 -1.776958
v 15.023077 3.534796 -1.776958
v 14.873795 2.483021 -1.776958
v 14.772499 3.823842 -0.500604
v 15.013655 3.823842 -0.500604
v 15.047413 3.823842 -1.501809
v 14.805288 3.823842 -1.501809
v 14.677675 3.417968 0.430712
v 14.705547 3.417968 1.292139
v 14.739082 3.763105 1.475448
v 14.707434 3.763105 0.491815
v 14.575552 2.409601 -1.390597
v 14.586555 2.473745 -1.718850
v 14.971478 0.496301 1.292140
v 14.971823 0.510159 1.341368
v 15.001474 0.185377 1.597357
v 15.000263 0.151163 1.475449
v 14.637197 0.548015 -1.377406
v 14.662857 0.279179 -1.686470
v 14.971478 0.496301 -1.292141
v 15.000265 0.151163 -1.475450
v 14.705547 3.417967 -1.292142
v 14.739084 3.763104 -1.475451
v 15.061977 3.366252 -1.377406
v 15.054655 3.314538 -1.390597
v 15.080194 3.506967 -1.718850
v 15.095774 3.635088 -1.686471
v 14.727264 0.090426 1.501807
v 14.948248 0.090426 1.501807
v 14.873793 2.483022 1.776956
v 14.644745 2.483022 1.776956
v 15.066185 3.404109 -1.341369
v 15.103817 3.728892 -1.597358
v 15.036827 3.417968 0.430712
v 15.066292 3.417968 1.292139
v 14.705547 3.417968 1.292139
v 14.677675 3.417968 0.430712
v 14.943081 0.496301 -0.430714
v 14.971478 0.496301 -1.292141
v 14.639782 0.496301 -1.292141
v 14.614052 0.496301 -0.430714
v 14.705545 3.404110 1.341367
v 14.739769 3.728893 1.597356
v 14.632053 0.599729 -1.390596
v 14.651690 0.407300 -1.718850
v 14.931232 0.379473 1.776956
v 14.710293 0.379473 1.776956
v 14.710295 0.379472 -1.776957
v 14.931234 0.379472 -1.776957
v 14.969017 0.548016 1.377405
v 14.963757 0.599730 1.390595
v 14.984472 0.407301 1.718849
v 14.995949 0.279180 1.686470
v 14.943081 0.496301 0.430713
v 14.968565 0.151163 0.491816
v 15.054655 3.314539 1.390594
v 14.695280 3.314539 1.390594
v 14.701832 3.366253 1.377404
v 15.061977 3.366253 1.377404
v 14.705545 3.404110 1.341367
v 15.066185 3.404110 1.341367
v 15.066185 3.404110 1.341367
v 14.705545 3.404110 1.341367
v 14.963757 0.599729 -1.390596
v 14.632053 0.599729 -1.390596
v 14.637197 0.548015 -1.377406
v 14.969017 0.548015 -1.377405
v 14.640003 0.510158 -1.341368
v 14.971825 0.510158 -1.341368
v 14.971825 0.510158 -1.341368
v 14.640003 0.510158 -1.341368
v 14.971478 0.496301 1.292140
v 14.639782 0.496301 1.292140
v 14.640003 0.510159 1.341368
v 14.971823 0.510159 1.341368
v 14.971823 0.510159 1.341368
v 14.640003 0.510159 1.341368
v 14.637197 0.548016 1.377405
v 14.969017 0.548016 1.377405
v 15.066292 3.417967 -1.292142
v 14.705547 3.417967 -1.292142
v 14.705545 3.404109 -1.341369
v 15.066185 3.404109 -1.341369
v 15.066185 3.404109 -1.341369
v 14.705545 3.404109 -1.341369
v 14.701832 3.366252 -1.377406
v 15.061977 3.366252 -1.377406
v 14.695280 3.314538 -1.390597
v 15.054655 3.314538 -1.390597
v 14.919037 2.409601 -1.390597
v 14.575552 2.409601 -1.390597
v 14.667406 0.151163 1.475449
v 14.687057 0.108215 1.494087
v 14.688196 0.145619 1.627073
v 14.688196 0.145619 1.627073
v 14.687057 0.108215 1.494087
v 14.988657 0.145619 1.627073
v 14.987255 0.108215 1.494087
v 14.987255 0.108215 1.494087
v 14.988657 0.145619 1.627073
v 14.682461 0.247904 1.724387
v 14.682461 0.247904 1.724387
v 14.982893 0.247904 1.724388
v 14.982893 0.247904 1.724388
v 14.670475 0.387624 1.759937
v 14.670475 0.387624 1.759937
v 14.970606 0.387624 1.759937
v 14.970606 0.387624 1.759937
v 15.089790 3.806054 1.494086
v 15.090508 3.768650 1.627072
v 15.090508 3.768650 1.627072
v 15.089790 3.806054 1.494086
v 14.761908 3.768650 1.627072
v 14.761032 3.806054 1.494086
v 14.761032 3.806054 1.494086
v 14.761908 3.768650 1.627072
v 15.082182 3.666365 1.724387
v 15.082182 3.666365 1.724387
v 14.754452 3.666365 1.724386
v 14.754452 3.666365 1.724386
v 15.065617 3.526646 1.759936
v 15.065617 3.526646 1.759936
v 14.739386 3.526646 1.759936
v 14.739386 3.526646 1.759936
v 14.987257 0.108214 -1.494088
v 14.988659 0.145618 -1.627074
v 14.988659 0.145618 -1.627074
v 14.987257 0.108214 -1.494088
v 14.688200 0.145618 -1.627074
v 14.687059 0.108214 -1.494088
v 14.687059 0.108214 -1.494088
v 14.688200 0.145618 -1.627074
v 14.982895 0.247903 -1.724388
v 14.982895 0.247903 -1.724388
v 14.682463 0.247903 -1.724388
v 14.682463 0.247903 -1.724388
v 14.970608 0.387623 -1.759938
v 14.970608 0.387623 -1.759938
v 14.670477 0.387623 -1.759938
v 14.670477 0.387623 -1.759938
v 14.761034 3.806053 -1.494089
v 14.761909 3.768649 -1.627075
v 14.761909 3.768649 -1.627075
v 14.761034 3.806053 -1.494089
v 15.090509 3.768649 -1.627075
v 15.089792 3.806053 -1.494089
v 15.089792 3.806053 -1.494089
v 15.090509 3.768649 -1.627075
v 14.754454 3.666364 -1.724389
v 14.754454 3.666364 -1.724389
v 15.082184 3.666364 -1.724389
v 15.082184 3.666364 -1.724389
v 14.739388 3.526645 -1.759939
v 14.739388 3.526645 -1.759939
v 15.065619 3.526645 -1.759939
v 15.065619 3.526645 -1.759939
v 14.955175 0.108215 0.498029
v 14.955175 0.108215 0.498029
v 14.916260 0.090426 0.500602
v 14.657703 0.108215 -0.498029
v 14.657703 0.108215 -0.498029
v 14.915501 2.480304 -1.759938
v 14.915501 2.480304 -1.759938
v 14.931389 2.473745 -1.718850
v 15.013655 3.823843 0.500601
v 15.056147 3.806054 0.498028
v 15.056147 3.806054 0.498028
v 15.070168 3.763105 0.491815
v 14.835230 1.431247 1.776956
v 14.875668 1.433964 1.759937
v 14.875668 1.433964 1.759937
v 14.891432 1.440523 1.718848
v 14.604437 2.480304 -1.759938
v 14.604437 2.480304 -1.759938
v 14.728714 3.806054 0.498028
v 14.728714 3.806054 0.498028
v 14.772499 3.823843 0.500601
v 14.575638 1.433964 1.759937
v 14.575638 1.433964 1.759937
v 14.614361 1.431247 1.776956
v 14.639782 0.496301 1.292140
v 14.575640 1.433964 -1.759938
v 14.614363 1.431246 -1.776958
v 14.558689 1.440522 -1.718850
v 14.575640 1.433964 -1.759938
v 14.875669 1.433964 -1.759938
v 14.835232 1.431246 -1.776958
v 14.875669 1.433964 -1.759938
v 14.882103 1.504666 -1.390596
v 14.549829 1.504666 -1.390597
v 14.549829 1.504666 -1.390597
v 14.919037 2.409601 -1.390597
v 14.604435 2.480305 1.759936
v 14.586554 2.473746 1.718848
v 14.604435 2.480305 1.759936
v 14.915499 2.480305 1.759936
v 14.915499 2.480305 1.759936
v 14.919037 2.409602 1.390594
v 14.575552 2.409602 1.390594
v 14.882103 1.504667 1.390595
v 14.575552 2.409602 1.390594
v 14.728714 3.806053 -0.498031
v 14.707434 3.763105 -0.491818
v 14.728714 3.806053 -0.498031
v 15.056147 3.806053 -0.498031
v 15.056147 3.806053 -0.498031
v 15.036827 3.417967 -0.430715
v 14.677675 3.417967 -0.430715
v 14.677675 3.417967 -0.430715
v 15.036827 3.417968 0.430712
v 14.657703 0.108215 0.498029
v 14.697300 0.090426 0.500602
v 14.638683 0.151163 0.491816
v 14.657703 0.108215 0.498029
v 14.955175 0.108215 -0.498029
v 14.968565 0.151163 -0.491817
v 14.955175 0.108215 -0.498029
v 14.943081 0.496301 -0.430714
v 14.943081 0.496301 0.430713
v 14.614052 0.496301 0.430713
v 14.614052 0.496301 0.430713
v -14.668026 0.736407 -1.414160
v -14.668026 3.177860 -1.414161
v -14.624226 3.177860 -1.505794
v -14.624226 0.736407 -1.505793
v -14.624226 0.736407 -1.505793
v -14.624226 3.177860 -1.505794
v -14.523827 3.177860 -1.521107
v -14.523827 0.736407 -1.521107
v -14.523827 0.736407 -1.521107
v -14.523827 3.177860 -1.521107
v -14.471254 3.177860 -1.608006
v -14.471254 0.736407 -1.608005
v -14.471254 0.736407 -1.608005
v -14.471254 3.177860 -1.608006
v -14.369837 3.177860 -1.613404
v -14.369837 0.736407 -1.613404
v -14.369837 0.736407 -1.613404
v -14.369837 3.177860 -1.613404
v -14.309002 3.177860 -1.694731
v -14.309002 0.736407 -1.694731
v -14.309002 0.736407 -1.694731
v -14.309002 3.177860 -1.694731
v -14.207542 3.177860 -1.690163
v -14.207542 0.736407 -1.690163
v -14.207542 0.736407 -1.690163
v -14.207542 3.177860 -1.690163
v -14.139032 3.177860 -1.765136
v -14.139032 0.736407 -1.765136
v -14.139032 0.736407 -1.765136
v -14.139032 3.177860 -1.765136
v -14.038507 3.177860 -1.750646
v -14.038507 0.736407 -1.750645
v -14.038507 0.736407 -1.750645
v -14.038507 3.177860 -1.750646
v -13.962975 3.177860 -1.818542
v -13.962975 0.736407 -1.818541
v -13.962975 0.736407 -1.818541
v -13.962975 3.177860 -1.818542
v -13.864355 3.177860 -1.794268
v -13.864355 0.736407 -1.794267
v -13.864355 0.736407 -1.794267
v -13.864355 3.177860 -1.794268
v -13.782534 3.177860 -1.854434
v -13.782534 0.736407 -1.854433
v -13.782534 0.736407 -1.854433
v -13.782534 3.177860 -1.854434
v -13.686769 3.177860 -1.820610
v -13.686769 0.736407 -1.820610
v -13.686769 0.736407 -1.820610
v -13.686769 3.177860 -1.820610
v -13.599443 3.177860 -1.872466
v -13.599443 0.736407 -1.872466
v -13.599443 0.736407 -1.872466
v -13.599443 3.177860 -1.872466
v -13.507456 3.177860 -1.829419
v -13.507456 0.736407 -1.829419
v -13.507456 0.736407 -1.829419
v -13.507456 3.177860 -1.829419
v -13.415466 3.177860 -1.872466
v -13.415466 0.736407 -1.872466
v -13.415466 0.736407 -1.872466
v -13.415466 3.177860 -1.872466
v -13.328140 3.177860 -1.820610
v -13.328140 0.736407 -1.820610
v -13.328140 0.736407 -1.820610
v -13.328140 3.177860 -1.820610
v -13.232376 3.177860 -1.854433
v -13.232376 0.736407 -1.854433
v -13.232376 0.736407 -1.854433
v -13.232376 3.177860 -1.854433
v -13.150553 3.177860 -1.794268
v -13.150553 0.736407 -1.794267
v -13.150553 0.736407 -1.794267
v -13.150553 3.177860 -1.794268
v -13.051935 3.177860 -1.818541
v -13.051935 0.736407 -1.818541
v -13.051935 0.736407 -1.818541
v -13.051935 3.177860 -1.818541
v -12.976402 3.177860 -1.750645
v -12.976402 0.736407 -1.750644
v -12.976402 0.736407 -1.750644
v -12.976402 3.177860 -1.750645
v -12.875879 3.177860 -1.765136
v -12.875879 0.736407 -1.765135
v -12.875879 0.736407 -1.765135
v -12.875879 3.177860 -1.765136
v -12.807367 3.177860 -1.690163
v -12.807367 0.736407 -1.690162
v -12.807367 0.736407 -1.690162
v -12.807367 3.177860 -1.690163
v -12.705908 3.177860 -1.694731
v -12.705908 0.736407 -1.694730
v -12.705908 0.736407 -1.694730
v -12.705908 3.177860 -1.694731
v -12.645073 3.177860 -1.613404
v -12.645073 0.736407 -1.613403
v -12.645073 0.736407 -1.613403
v -12.645073 3.177860 -1.613404
v -12.543655 3.177860 -1.608005
v -12.543655 0.736407 -1.608004
v -12.543655 0.736407 -1.608004
v -12.543655 3.177860 -1.608005
v -12.491085 3.177860 -1.521107
v -12.491085 0.736407 -1.521106
v -12.491085 0.736407 -1.521106
v -12.491085 3.177860 -1.521107
v -12.390684 3.177860 -1.505793
v -12.390684 0.736407 -1.505792
v -12.390684 0.736407 -1.505792
v -12.390684 3.177860 -1.505793
v -12.346884 3.177860 -1.414160
v -12.346884 0.736407 -1.414159
v -12.346884 0.736407 -1.414159
v -12.346884 3.177860 -1.414160
v -12.226900 3.177860 -1.414160
v -12.226900 0.736407 -1.414159
v -14.668026 3.177860 -1.414161
v -14.668026 0.736407 -1.414160
v -14.788012 0.736407 -1.414160
v -14.788012 3.177860 -1.414161
v -14.668026 0.736408 1.414158
v -14.624226 0.736408 1.505790
v -14.624226 3.177861 1.505790
v -14.668026 3.177861 1.414157
v -14.624226 0.736408 1.505790
v -14.523827 0.736408 1.521104
v -14.523827 3.177861 1.521103
v -14.624226 3.177861 1.505790
v -14.523827 0.736408 1.521104
v -14.471254 0.736408 1.608002
v -14.471254 3.177861 1.608002
v -14.523827 3.177861 1.521103
v -14.471254 0.736408 1.608002
v -14.369837 0.736408 1.613401
v -14.369837 3.177861 1.613400
v -14.471254 3.177861 1.608002
v -14.369837 0.736408 1.613401
v -14.309002 0.736408 1.694728
v -14.309002 3.177861 1.694728
v -14.369837 3.177861 1.613400
v -14.309002 0.736408 1.694728
v -14.207542 0.736408 1.690160
v -14.207542 3.177861 1.690160
v -14.309002 3.177861 1.694728
v -14.207542 0.736408 1.690160
v -14.139032 0.736408 1.765133
v -14.139032 3.177861 1.765132
v -14.207542 3.177861 1.690160
v -14.139032 0.736408 1.765133
v -14.038507 0.736408 1.750643
v -14.038507 3.177861 1.750642
v -14.139032 3.177861 1.765132
v -14.038507 0.736408 1.750643
v -13.962975 0.736408 1.818539
v -13.962975 3.177861 1.818538
v -14.038507 3.177861 1.750642
v -13.962975 0.736408 1.818539
v -13.864355 0.736408 1.794265
v -13.864355 3.177861 1.794264
v -13.962975 3.177861 1.818538
v -13.864355 0.736408 1.794265
v -13.782534 0.736408 1.854431
v -13.782534 3.177861 1.854430
v -13.864355 3.177861 1.794264
v -13.782534 0.736408 1.854431
v -13.686769 0.736408 1.820608
v -13.686769 3.177861 1.820607
v -13.782534 3.177861 1.854430
v -13.686769 0.736408 1.820608
v -13.599443 0.736408 1.872464
v -13.599443 3.177861 1.872463
v -13.686769 3.177861 1.820607
v -13.599443 0.736408 1.872464
v -13.507456 0.736408 1.829417
v -13.507456 3.177861 1.829416
v -13.599443 3.177861 1.872463
v -13.507456 0.736408 1.829417
v -13.415466 0.736408 1.872464
v -13.415466 3.177861 1.872463
v -13.507456 3.177861 1.829416
v -13.415466 0.736408 1.872464
v -13.328140 0.736408 1.820608
v -13.328140 3.177861 1.820607
v -13.415466 3.177861 1.872463
v -13.328140 0.736408 1.820608
v -13.232376 0.736408 1.854431
v -13.232376 3.177861 1.854430
v -13.328140 3.177861 1.820607
v -13.232376 0.736408 1.854431
v -13.150553 0.736408 1.794265
v -13.150553 3.177861 1.794264
v -13.232376 3.177861 1.854430
v -13.150553 0.736408 1.794265
v -13.051935 0.736408 1.818539
v -13.051935 3.177861 1.818538
v -13.150553 3.177861 1.794264
v -13.051935 0.736408 1.818539
v -12.976402 0.736408 1.750643
v -12.976402 3.177861 1.750642
v -13.051935 3.177861 1.818538
v -12.976402 0.736408 1.750643
v -12.875879 0.736408 1.765134
v -12.875879 3.177861 1.765133
v -12.976402 3.177861 1.750642
v -12.875879 0.736408 1.765134
v -12.807367 0.736408 1.690161
v -12.807367 3.177861 1.690160
v -12.875879 3.177861 1.765133
v -12.807367 0.736408 1.690161
v -12.705908 0.736408 1.694729
v -12.705908 3.177861 1.694728
v -12.807367 3.177861 1.690160
v -12.705908 0.736408 1.694729
v -12.645073 0.736408 1.613402
v -12.645073 3.177861 1.613401
v -12.705908 3.177861 1.694728
v -12.645073 0.736408 1.613402
v -12.543655 0.736408 1.608003
v -12.543655 3.177861 1.608002
v -12.645073 3.177861 1.613401
v -12.543655 0.736408 1.608003
v -12.491085 0.736408 1.521105
v -12.491085 3.177861 1.521104
v -12.543655 3.177861 1.608002
v -12.491085 0.736408 1.521105
v -12.390684 0.736408 1.505791
v -12.390684 3.177861 1.505790
v -12.491085 3.177861 1.521104
v -12.390684 0.736408 1.505791
v -12.346884 0.736408 1.414158
v -12.346884 3.177861 1.414158
v -12.390684 3.177861 1.505790
v -12.346884 0.736408 1.414158
v -12.226900 0.736408 1.414158
v -12.226900 3.177861 1.414158
v -12.346884 3.177861 1.414158
v -14.668026 3.177861 1.414157
v -14.788012 3.177861 1.414157
v -14.788012 0.736408 1.414157
v -14.668026 0.736408 1.414158
v -14.608801 0.736407 -1.320211
v -14.558069 0.736407 -1.416590
v -14.558069 3.177860 -1.416591
v -14.608801 3.177860 -1.320212
v -14.558069 0.736407 -1.416590
v -14.462124 0.736407 -1.428765
v -14.462124 3.177860 -1.428766
v -14.558069 3.177860 -1.416591
v -14.462124 0.736407 -1.428765
v -14.414160 0.736407 -1.512747
v -14.414160 3.177860 -1.512748
v -14.462124 3.177860 -1.428766
v -14.414160 0.736407 -1.512747
v -14.317486 0.736407 -1.515459
v -14.317486 3.177860 -1.515459
v -14.414160 3.177860 -1.512748
v -14.317486 0.736407 -1.515459
v -14.261518 0.736407 -1.594336
v -14.261518 3.177860 -1.594336
v -14.317486 3.177860 -1.515459
v -14.261518 0.736407 -1.594336
v -14.165043 0.736407 -1.587558
v -14.165043 3.177860 -1.587559
v -14.261518 3.177860 -1.594336
v -14.165043 0.736407 -1.587558
v -14.101616 0.736407 -1.660569
v -14.101616 3.177860 -1.660570
v -14.165043 3.177860 -1.587559
v -14.101616 0.736407 -1.660569
v -14.006269 0.736407 -1.644369
v -14.006269 3.177860 -1.644369
v -14.101616 3.177860 -1.660570
v -14.006269 0.736407 -1.644369
v -13.935989 0.736407 -1.710811
v -13.935989 3.177860 -1.710812
v -14.006269 3.177860 -1.644369
v -13.935989 0.736407 -1.710811
v -13.842691 0.736407 -1.685343
v -13.842691 3.177860 -1.685343
v -13.935989 3.177860 -1.710812
v -13.842691 0.736407 -1.685343
v -13.766239 0.736407 -1.744577
v -13.766239 3.177860 -1.744578
v -13.842691 3.177860 -1.685343
v -13.766239 0.736407 -1.744577
v -13.675882 0.736407 -1.710086
v -13.675882 3.177860 -1.710087
v -13.766239 3.177860 -1.744578
v -13.675882 0.736407 -1.710086
v -13.593994 0.736407 -1.761541
v -13.593994 3.177860 -1.761542
v -13.675882 3.177860 -1.710087
v -13.593994 0.736407 -1.761541
v -13.507456 0.736407 -1.718361
v -13.507456 3.177860 -1.718361
v -13.593994 3.177860 -1.761542
v -13.507456 0.736407 -1.718361
v -13.420916 0.736407 -1.761541
v -13.420916 3.177860 -1.761542
v -13.507456 3.177860 -1.718361
v -13.420916 0.736407 -1.761541
v -13.339025 0.736407 -1.710086
v -13.339025 3.177860 -1.710087
v -13.420916 3.177860 -1.761542
v -13.339025 0.736407 -1.710086
v -13.248671 0.736407 -1.744577
v -13.248671 3.177860 -1.744577
v -13.339025 3.177860 -1.710087
v -13.248671 0.736407 -1.744577
v -13.172218 0.736407 -1.685342
v -13.172218 3.177860 -1.685343
v -13.248671 3.177860 -1.744577
v -13.172218 0.736407 -1.685342
v -13.078918 0.736407 -1.710811
v -13.078918 3.177860 -1.710811
v -13.172218 3.177860 -1.685343
v -13.078918 0.736407 -1.710811
v -13.008642 0.736407 -1.644368
v -13.008642 3.177860 -1.644369
v -13.078918 3.177860 -1.710811
v -13.008642 0.736407 -1.644368
v -12.913294 0.736407 -1.660569
v -12.913294 3.177860 -1.660570
v -13.008642 3.177860 -1.644369
v -12.913294 0.736407 -1.660569
v -12.849867 0.736407 -1.587558
v -12.849867 3.177860 -1.587559
v -12.913294 3.177860 -1.660570
v -12.849867 0.736407 -1.587558
v -12.753389 0.736407 -1.594335
v -12.753389 3.177860 -1.594336
v -12.849867 3.177860 -1.587559
v -12.753389 0.736407 -1.594335
v -12.697426 0.736407 -1.515458
v -12.697426 3.177860 -1.515459
v -12.753389 3.177860 -1.594336
v -12.697426 0.736407 -1.515458
v -12.600750 0.736407 -1.512746
v -12.600750 3.177860 -1.512747
v -12.697426 3.177860 -1.515459
v -12.600750 0.736407 -1.512746
v -12.552784 0.736407 -1.428764
v -12.552784 3.177860 -1.428765
v -12.600750 3.177860 -1.512747
v -12.552784 0.736407 -1.428764
v -12.456841 0.736407 -1.416589
v -12.456841 3.177860 -1.416590
v -12.552784 3.177860 -1.428765
v -12.456841 0.736407 -1.416589
v -12.406107 0.736407 -1.320210
v -12.406107 3.177860 -1.320211
v -12.456841 3.177860 -1.416590
v -12.406107 0.736407 -1.320210
v -12.226900 0.736407 -1.303101
v -12.226900 3.177860 -1.303102
v -12.406107 3.177860 -1.320211
v -14.608801 3.177860 -1.320212
v -14.788012 3.177860 -1.303103
v -14.788012 0.736407 -1.303102
v -14.608801 0.736407 -1.320211
v -14.608801 0.736408 1.320208
v -14.608801 3.177861 1.320207
v -14.558069 3.177861 1.416587
v -14.558069 0.736408 1.416587
v -14.558069 0.736408 1.416587
v -14.558069 3.177861 1.416587
v -14.462124 3.177861 1.428762
v -14.462124 0.736408 1.428762
v -14.462124 0.736408 1.428762
v -14.462124 3.177861 1.428762
v -14.414160 3.177861 1.512744
v -14.414160 0.736408 1.512744
v -14.414160 0.736408 1.512744
v -14.414160 3.177861 1.512744
v -14.317486 3.177861 1.515456
v -14.317486 0.736408 1.515456
v -14.317486 0.736408 1.515456
v -14.317486 3.177861 1.515456
v -14.261518 3.177861 1.594332
v -14.261518 0.736408 1.594333
v -14.261518 0.736408 1.594333
v -14.261518 3.177861 1.594332
v -14.165043 3.177861 1.587555
v -14.165043 0.736408 1.587556
v -14.165043 0.736408 1.587556
v -14.165043 3.177861 1.587555
v -14.101616 3.177861 1.660566
v -14.101616 0.736408 1.660567
v -14.101616 0.736408 1.660567
v -14.101616 3.177861 1.660566
v -14.006269 3.177861 1.644366
v -14.006269 0.736408 1.644366
v -14.006269 0.736408 1.644366
v -14.006269 3.177861 1.644366
v -13.935989 3.177861 1.710808
v -13.935989 0.736408 1.710809
v -13.935989 0.736408 1.710809
v -13.935989 3.177861 1.710808
v -13.842691 3.177861 1.685340
v -13.842691 0.736408 1.685341
v -13.842691 0.736408 1.685341
v -13.842691 3.177861 1.685340
v -13.766239 3.177861 1.744574
v -13.766239 0.736408 1.744575
v -13.766239 0.736408 1.744575
v -13.766239 3.177861 1.744574
v -13.675882 3.177861 1.710083
v -13.675882 0.736408 1.710084
v -13.675882 0.736408 1.710084
v -13.675882 3.177861 1.710083
v -13.593994 3.177861 1.761539
v -13.593994 0.736408 1.761539
v -13.593994 0.736408 1.761539
v -13.593994 3.177861 1.761539
v -13.507456 3.177861 1.718358
v -13.507456 0.736408 1.718359
v -13.507456 0.736408 1.718359
v -13.507456 3.177861 1.718358
v -13.420916 3.177861 1.761539
v -13.420916 0.736408 1.761539
v -13.420916 0.736408 1.761539
v -13.420916 3.177861 1.761539
v -13.339025 3.177861 1.710083
v -13.339025 0.736408 1.710084
v -13.339025 0.736408 1.710084
v -13.339025 3.177861 1.710083
v -13.248671 3.177861 1.744574
v -13.248671 0.736408 1.744575
v -13.248671 0.736408 1.744575
v -13.248671 3.177861 1.744574
v -13.172218 3.177861 1.685340
v -13.172218 0.736408 1.685341
v -13.172218 0.736408 1.685341
v -13.172218 3.177861 1.685340
v -13.078918 3.177861 1.710809
v -13.078918 0.736408 1.710809
v -13.078918 0.736408 1.710809
v -13.078918 3.177861 1.710809
v -13.008642 3.177861 1.644366
v -13.008642 0.736408 1.644367
v -13.008642 0.736408 1.644367
v -13.008642 3.177861 1.644366
v -12.913294 3.177861 1.660566
v -12.913294 0.736408 1.660567
v -12.913294 0.736408 1.660567
v -12.913294 3.177861 1.660566
v -12.849867 3.177861 1.587556
v -12.849867 0.736408 1.587556
v -12.849867 0.736408 1.587556
v -12.849867 3.177861 1.587556
v -12.753389 3.177861 1.594333
v -12.753389 0.736408 1.594334
v -12.753389 0.736408 1.594334
v -12.753389 3.177861 1.594333
v -12.697426 3.177861 1.515456
v -12.697426 0.736408 1.515457
v -12.697426 0.736408 1.515457
v -12.697426 3.177861 1.515456
v -12.600750 3.177861 1.512744
v -12.600750 0.736408 1.512745
v -12.600750 0.736408 1.512745
v -12.600750 3.177861 1.512744
v -12.552784 3.177861 1.428762
v -12.552784 0.736408 1.428763
v -12.552784 0.736408 1.428763
v -12.552784 3.177861 1.428762
v -12.456841 3.177861 1.416587
v -12.456841 0.736408 1.416588
v -12.456841 0.736408 1.416588
v -12.456841 3.177861 1.416587
v -12.406107 3.177861 1.320208
v -12.406107 0.736408 1.320209
v -12.406107 0.736408 1.320209
v -12.406107 3.177861 1.320208
v -12.226900 3.177861 1.303100
v -12.226900 0.736408 1.303100
v -14.608801 3.177861 1.320207
v -14.608801 0.736408 1.320208
v -14.788012 0.736408 1.303099
v -14.788012 3.177861 1.303099
v -14.668026 0.736407 -1.414160
v -14.624226 0.736407 -1.505793
v -14.558069 0.736407 -1.416590
v -14.608801 0.736407 -1.320211
v -14.624226 3.177860 -1.505794
v -14.668026 3.177860 -1.414161
v -14.608801 3.177860 -1.320212
v -14.558069 3.177860 -1.416591
v -14.624226 0.736407 -1.505793
v -14.523827 0.736407 -1.521107
v -14.462124 0.736407 -1.428765
v -14.558069 0.736407 -1.416590
v -14.523827 3.177860 -1.521107
v -14.624226 3.177860 -1.505794
v -14.558069 3.177860 -1.416591
v -14.462124 3.177860 -1.428766
v -14.523827 0.736407 -1.521107
v -14.471254 0.736407 -1.608005
v -14.414160 0.736407 -1.512747
v -14.462124 0.736407 -1.428765
v -14.471254 3.177860 -1.608006
v -14.523827 3.177860 -1.521107
v -14.462124 3.177860 -1.428766
v -14.414160 3.177860 -1.512748
v -14.471254 0.736407 -1.608005
v -14.369837 0.736407 -1.613404
v -14.317486 0.736407 -1.515459
v -14.414160 0.736407 -1.512747
v -14.369837 3.177860 -1.613404
v -14.471254 3.177860 -1.608006
v -14.414160 3.177860 -1.512748
v -14.317486 3.177860 -1.515459
v -14.369837 0.736407 -1.613404
v -14.309002 0.736407 -1.694731
v -14.261518 0.736407 -1.594336
v -14.317486 0.736407 -1.515459
v -14.309002 3.177860 -1.694731
v -14.369837 3.177860 -1.613404
v -14.317486 3.177860 -1.515459
v -14.261518 3.177860 -1.594336
v -14.309002 0.736407 -1.694731
v -14.207542 0.736407 -1.690163
v -14.165043 0.736407 -1.587558
v -14.261518 0.736407 -1.594336
v -14.207542 3.177860 -1.690163
v -14.309002 3.177860 -1.694731
v -14.261518 3.177860 -1.594336
v -14.165043 3.177860 -1.587559
v -14.207542 0.736407 -1.690163
v -14.139032 0.736407 -1.765136
v -14.101616 0.736407 -1.660569
v -14.165043 0.736407 -1.587558
v -14.139032 3.177860 -1.765136
v -14.207542 3.177860 -1.690163
v -14.165043 3.177860 -1.587559
v -14.101616 3.177860 -1.660570
v -14.139032 0.736407 -1.765136
v -14.038507 0.736407 -1.750645
v -14.006269 0.736407 -1.644369
v -14.101616 0.736407 -1.660569
v -14.038507 3.177860 -1.750646
v -14.139032 3.177860 -1.765136
v -14.101616 3.177860 -1.660570
v -14.006269 3.177860 -1.644369
v -14.038507 0.736407 -1.750645
v -13.962975 0.736407 -1.818541
v -13.935989 0.736407 -1.710811
v -14.006269 0.736407 -1.644369
v -13.962975 3.177860 -1.818542
v -14.038507 3.177860 -1.750646
v -14.006269 3.177860 -1.644369
v -13.935989 3.177860 -1.710812
v -13.962975 0.736407 -1.818541
v -13.864355 0.736407 -1.794267
v -13.842691 0.736407 -1.685343
v -13.935989 0.736407 -1.710811
v -13.864355 3.177860 -1.794268
v -13.962975 3.177860 -1.818542
v -13.935989 3.177860 -1.710812
v -13.842691 3.177860 -1.685343
v -13.864355 0.736407 -1.794267
v -13.782534 0.736407 -1.854433
v -13.766239 0.736407 -1.744577
v -13.842691 0.736407 -1.685343
v -13.782534 3.177860 -1.854434
v -13.864355 3.177860 -1.794268
v -13.842691 3.177860 -1.685343
v -13.766239 3.177860 -1.744578
v -13.782534 0.736407 -1.854433
v -13.686769 0.736407 -1.820610
v -13.675882 0.736407 -1.710086
v -13.766239 0.736407 -1.744577
v -13.686769 3.177860 -1.820610
v -13.782534 3.177860 -1.854434
v -13.766239 3.177860 -1.744578
v -13.675882 3.177860 -1.710087
v -13.686769 0.736407 -1.820610
v -13.599443 0.736407 -1.872466
v -13.593994 0.736407 -1.761541
v -13.675882 0.736407 -1.710086
v -13.599443 3.177860 -1.872466
v -13.686769 3.177860 -1.820610
v -13.675882 3.177860 -1.710087
v -13.593994 3.177860 -1.761542
v -13.599443 0.736407 -1.872466
v -13.507456 0.736407 -1.829419
v -13.507456 0.736407 -1.718361
v -13.593994 0.736407 -1.761541
v -13.507456 3.177860 -1.829419
v -13.599443 3.177860 -1.872466
v -13.593994 3.177860 -1.761542
v -13.507456 3.177860 -1.718361
v -13.415466 0.736407 -1.872466
v -13.420916 0.736407 -1.761541
v -13.415466 3.177860 -1.872466
v -13.420916 3.177860 -1.761542
v -13.328140 0.736407 -1.820610
v -13.339025 0.736407 -1.710086
v -13.328140 3.177860 -1.820610
v -13.415466 3.177860 -1.872466
v -13.420916 3.177860 -1.761542
v -13.339025 3.177860 -1.710087
v -13.328140 0.736407 -1.820610
v -13.232376 0.736407 -1.854433
v -13.248671 0.736407 -1.744577
v -13.339025 0.736407 -1.710086
v -13.232376 3.177860 -1.854433
v -13.328140 3.177860 -1.820610
v -13.339025 3.177860 -1.710087
v -13.248671 3.177860 -1.744577
v -13.232376 0.736407 -1.854433
v -13.150553 0.736407 -1.794267
v -13.172218 0.736407 -1.685342
v -13.248671 0.736407 -1.744577
v -13.150553 3.177860 -1.794268
v -13.232376 3.177860 -1.854433
v -13.248671 3.177860 -1.744577
v -13.172218 3.177860 -1.685343
v -13.150553 0.736407 -1.794267
v -13.051935 0.736407 -1.818541
v -13.078918 0.736407 -1.710811
v -13.172218 0.736407 -1.685342
v -13.051935 3.177860 -1.818541
v -13.150553 3.177860 -1.794268
v -13.172218 3.177860 -1.685343
v -13.078918 3.177860 -1.710811
v -13.051935 0.736407 -1.818541
v -12.976402 0.736407 -1.750644
v -13.008642 0.736407 -1.644368
v -13.078918 0.736407 -1.710811
v -12.976402 3.177860 -1.750645
v -13.051935 3.177860 -1.818541
v -13.078918 3.177860 -1.710811
v -13.008642 3.177860 -1.644369
v -12.976402 0.736407 -1.750644
v -12.875879 0.736407 -1.765135
v -12.913294 0.736407 -1.660569
v -13.008642 0.736407 -1.644368
v -12.875879 3.177860 -1.765136
v -12.976402 3.177860 -1.750645
v -13.008642 3.177860 -1.644369
v -12.913294 3.177860 -1.660570
v -12.875879 0.736407 -1.765135
v -12.807367 0.736407 -1.690162
v -12.849867 0.736407 -1.587558
v -12.913294 0.736407 -1.660569
v -12.807367 3.177860 -1.690163
v -12.875879 3.177860 -1.765136
v -12.913294 3.177860 -1.660570
v -12.849867 3.177860 -1.587559
v -12.807367 0.736407 -1.690162
v -12.705908 0.736407 -1.694730
v -12.753389 0.736407 -1.594335
v -12.849867 0.736407 -1.587558
v -12.705908 3.177860 -1.694731
v -12.807367 3.177860 -1.690163
v -12.849867 3.177860 -1.587559
v -12.753389 3.177860 -1.594336
v -12.705908 0.736407 -1.694730
v -12.645073 0.736407 -1.613403
v -12.697426 0.736407 -1.515458
v -12.753389 0.736407 -1.594335
v -12.645073 3.177860 -1.613404
v -12.705908 3.177860 -1.694731
v -12.753389 3.177860 -1.594336
v -12.697426 3.177860 -1.515459
v -12.645073 0.736407 -1.613403
v -12.543655 0.736407 -1.608004
v -12.600750 0.736407 -1.512746
v -12.697426 0.736407 -1.515458
v -12.543655 3.177860 -1.608005
v -12.645073 3.177860 -1.613404
v -12.697426 3.177860 -1.515459
v -12.600750 3.177860 -1.512747
v -12.543655 0.736407 -1.608004
v -12.491085 0.736407 -1.521106
v -12.552784 0.736407 -1.428764
v -12.600750 0.736407 -1.512746
v -12.491085 3.177860 -1.521107
v -12.543655 3.177860 -1.608005
v -12.600750 3.177860 -1.512747
v -12.552784 3.177860 -1.428765
v -12.491085 0.736407 -1.521106
v -12.390684 0.736407 -1.505792
v -12.456841 0.736407 -1.416589
v -12.552784 0.736407 -1.428764
v -12.390684 3.177860 -1.505793
v -12.491085 3.177860 -1.521107
v -12.552784 3.177860 -1.428765
v -12.456841 3.177860 -1.416590
v -12.390684 0.736407 -1.505792
v -12.346884 0.736407 -1.414159
v -12.406107 0.736407 -1.320210
v -12.456841 0.736407 -1.416589
v -12.346884 3.177860 -1.414160
v -12.390684 3.177860 -1.505793
v -12.456841 3.177860 -1.416590
v -12.406107 3.177860 -1.320211
v -14.788012 3.177860 -1.414161
v -14.788012 0.736407 -1.414160
v -14.788012 0.736407 -1.303102
v -14.788012 3.177860 -1.303103
v -12.226900 0.736407 -1.414159
v -12.226900 3.177860 -1.414160
v -12.226900 3.177860 -1.303102
v -12.226900 0.736407 -1.303101
v -12.346884 0.736407 -1.414159
v -12.226900 0.736407 -1.414159
v -12.226900 0.736407 -1.303101
v -12.406107 0.736407 -1.320210
v -12.226900 3.177860 -1.414160
v -12.346884 3.177860 -1.414160
v -12.406107 3.177860 -1.320211
v -12.226900 3.177860 -1.303102
v -14.668026 3.177860 -1.414161
v -14.788012 3.177860 -1.414161
v -14.788012 3.177860 -1.303103
v -14.608801 3.177860 -1.320212
v -14.788012 0.736407 -1.414160
v -14.668026 0.736407 -1.414160
v -14.608801 0.736407 -1.320211
v -14.788012 0.736407 -1.303102
v -14.624226 0.736408 1.505790
v -14.668026 0.736408 1.414158
v -14.608801 0.736408 1.320208
v -14.558069 0.736408 1.416587
v -14.668026 3.177861 1.414157
v -14.624226 3.177861 1.505790
v -14.558069 3.177861 1.416587
v -14.608801 3.177861 1.320207
v -14.523827 0.736408 1.521104
v -14.624226 0.736408 1.505790
v -14.558069 0.736408 1.416587
v -14.462124 0.736408 1.428762
v -14.624226 3.177861 1.505790
v -14.523827 3.177861 1.521103
v -14.462124 3.177861 1.428762
v -14.558069 3.177861 1.416587
v -14.471254 0.736408 1.608002
v -14.523827 0.736408 1.521104
v -14.462124 0.736408 1.428762
v -14.414160 0.736408 1.512744
v -14.523827 3.177861 1.521103
v -14.471254 3.177861 1.608002
v -14.414160 3.177861 1.512744
v -14.462124 3.177861 1.428762
v -14.369837 0.736408 1.613401
v -14.471254 0.736408 1.608002
v -14.414160 0.736408 1.512744
v -14.317486 0.736408 1.515456
v -14.471254 3.177861 1.608002
v -14.369837 3.177861 1.613400
v -14.317486 3.177861 1.515456
v -14.414160 3.177861 1.512744
v -14.309002 0.736408 1.694728
v -14.369837 0.736408 1.613401
v -14.317486 0.736408 1.515456
v -14.261518 0.736408 1.594333
v -14.369837 3.177861 1.613400
v -14.309002 3.177861 1.694728
v -14.261518 3.177861 1.594332
v -14.317486 3.177861 1.515456
v -14.207542 0.736408 1.690160
v -14.309002 0.736408 1.694728
v -14.261518 0.736408 1.594333
v -14.165043 0.736408 1.587556
v -14.309002 3.177861 1.694728
v -14.207542 3.177861 1.690160
v -14.165043 3.177861 1.587555
v -14.261518 3.177861 1.594332
v -14.139032 0.736408 1.765133
v -14.207542 0.736408 1.690160
v -14.165043 0.736408 1.587556
v -14.101616 0.736408 1.660567
v -14.207542 3.177861 1.690160
v -14.139032 3.177861 1.765132
v -14.101616 3.177861 1.660566
v -14.165043 3.177861 1.587555
v -14.038507 0.736408 1.750643
v -14.139032 0.736408 1.765133
v -14.101616 0.736408 1.660567
v -14.006269 0.736408 1.644366
v -14.139032 3.177861 1.765132
v -14.038507 3.177861 1.750642
v -14.006269 3.177861 1.644366
v -14.101616 3.177861 1.660566
v -13.962975 0.736408 1.818539
v -14.038507 0.736408 1.750643
v -14.006269 0.736408 1.644366
v -13.935989 0.736408 1.710809
v -14.038507 3.177861 1.750642
v -13.962975 3.177861 1.818538
v -13.935989 3.177861 1.710808
v -14.006269 3.177861 1.644366
v -13.864355 0.736408 1.794265
v -13.962975 0.736408 1.818539
v -13.935989 0.736408 1.710809
v -13.842691 0.736408 1.685341
v -13.962975 3.177861 1.818538
v -13.864355 3.177861 1.794264
v -13.842691 3.177861 1.685340
v -13.935989 3.177861 1.710808
v -13.782534 0.736408 1.854431
v -13.766239 0.736408 1.744575
v -13.864355 3.177861 1.794264
v -13.782534 3.177861 1.854430
v -13.766239 3.177861 1.744574
v -13.842691 3.177861 1.685340
v -13.686769 0.736408 1.820608
v -13.675882 0.736408 1.710084
v -13.782534 3.177861 1.854430
v -13.686769 3.177861 1.820607
v -13.675882 3.177861 1.710083
v -13.766239 3.177861 1.744574
v -13.599443 0.736408 1.872464
v -13.593994 0.736408 1.761539
v -13.686769 3.177861 1.820607
v -13.599443 3.177861 1.872463
v -13.593994 3.177861 1.761539
v -13.675882 3.177861 1.710083
v -13.507456 0.736408 1.829417
v -13.599443 0.736408 1.872464
v -13.593994 0.736408 1.761539
v -13.507456 0.736408 1.718359
v -13.599443 3.177861 1.872463
v -13.507456 3.177861 1.829416
v -13.507456 3.177861 1.718358
v -13.593994 3.177861 1.761539
v -13.415466 0.736408 1.872464
v -13.507456 0.736408 1.829417
v -13.507456 0.736408 1.718359
v -13.420916 0.736408 1.761539
v -13.507456 3.177861 1.829416
v -13.415466 3.177861 1.872463
v -13.420916 3.177861 1.761539
v -13.507456 3.177861 1.718358
v -13.328140 0.736408 1.820608
v -13.415466 0.736408 1.872464
v -13.420916 0.736408 1.761539
v -13.339025 0.736408 1.710084
v -13.415466 3.177861 1.872463
v -13.328140 3.177861 1.820607
v -13.339025 3.177861 1.710083
v -13.420916 3.177861 1.761539
v -13.232376 0.736408 1.854431
v -13.328140 0.736408 1.820608
v -13.339025 0.736408 1.710084
v -13.248671 0.736408 1.744575
v -13.328140 3.177861 1.820607
v -13.232376 3.177861 1.854430
v -13.248671 3.177861 1.744574
v -13.339025 3.177861 1.710083
v -13.150553 0.736408 1.794265
v -13.232376 0.736408 1.854431
v -13.248671 0.736408 1.744575
v -13.172218 0.736408 1.685341
v -13.232376 3.177861 1.854430
v -13.150553 3.177861 1.794264
v -13.172218 3.177861 1.685340
v -13.248671 3.177861 1.744574
v -13.051935 0.736408 1.818539
v -13.150553 0.736408 1.794265
v -13.172218 0.736408 1.685341
v -13.078918 0.736408 1.710809
v -13.150553 3.177861 1.794264
v -13.051935 3.177861 1.818538
v -13.078918 3.177861 1.710809
v -13.172218 3.177861 1.685340
v -12.976402 0.736408 1.750643
v -13.051935 0.736408 1.818539
v -13.078918 0.736408 1.710809
v -13.008642 0.736408 1.644367
v -13.051935 3.177861 1.818538
v -12.976402 3.177861 1.750642
v -13.008642 3.177861 1.644366
v -13.078918 3.177861 1.710809
v -12.875879 0.736408 1.765134
v -12.976402 0.736408 1.750643
v -13.008642 0.736408 1.644367
v -12.913294 0.736408 1.660567
v -12.875879 3.177861 1.765133
v -12.913294 3.177861 1.660566
v -12.807367 0.736408 1.690161
v -12.875879 0.736408 1.765134
v -12.913294 0.736408 1.660567
v -12.849867 0.736408 1.587556
v -12.807367 3.177861 1.690160
v -12.849867 3.177861 1.587556
v -12.705908 0.736408 1.694729
v -12.807367 0.736408 1.690161
v -12.849867 0.736408 1.587556
v -12.753389 0.736408 1.594334
v -12.807367 3.177861 1.690160
v -12.705908 3.177861 1.694728
v -12.753389 3.177861 1.594333
v -12.849867 3.177861 1.587556
v -12.645073 0.736408 1.613402
v -12.705908 0.736408 1.694729
v -12.753389 0.736408 1.594334
v -12.697426 0.736408 1.515457
v -12.705908 3.177861 1.694728
v -12.645073 3.177861 1.613401
v -12.697426 3.177861 1.515456
v -12.753389 3.177861 1.594333
v -12.543655 0.736408 1.608003
v -12.645073 0.736408 1.613402
v -12.697426 0.736408 1.515457
v -12.600750 0.736408 1.512745
v -12.645073 3.177861 1.613401
v -12.543655 3.177861 1.608002
v -12.600750 3.177861 1.512744
v -12.697426 3.177861 1.515456
v -12.491085 0.736408 1.521105
v -12.543655 0.736408 1.608003
v -12.600750 0.736408 1.512745
v -12.552784 0.736408 1.428763
v -12.543655 3.177861 1.608002
v -12.491085 3.177861 1.521104
v -12.552784 3.177861 1.428762
v -12.600750 3.177861 1.512744
v -12.390684 0.736408 1.505791
v -12.491085 0.736408 1.521105
v -12.552784 0.736408 1.428763
v -12.456841 0.736408 1.416588
v -12.491085 3.177861 1.521104
v -12.390684 3.177861 1.505790
v -12.456841 3.177861 1.416587
v -12.552784 3.177861 1.428762
v -12.346884 0.736408 1.414158
v -12.390684 0.736408 1.505791
v -12.456841 0.736408 1.416588
v -12.406107 0.736408 1.320209
v -12.390684 3.177861 1.505790
v -12.346884 3.177861 1.414158
v -12.406107 3.177861 1.320208
v -12.456841 3.177861 1.416587
v -14.788012 0.736408 1.414157
v -14.788012 3.177861 1.414157
v -14.788012 3.177861 1.303099
v -14.788012 0.736408 1.303099
v -12.226900 3.177861 1.414158
v -12.226900 0.736408 1.414158
v -12.226900 0.736408 1.303100
v -12.226900 3.177861 1.303100
v -12.226900 0.736408 1.414158
v -12.346884 0.736408 1.414158
v -12.406107 0.736408 1.320209
v -12.226900 0.736408 1.303100
v -12.346884 3.177861 1.414158
v -12.226900 3.177861 1.414158
v -12.226900 3.177861 1.303100
v -12.406107 3.177861 1.320208
v -14.788012 3.177861 1.414157
v -14.668026 3.177861 1.414157
v -14.608801 3.177861 1.320207
v -14.788012 3.177861 1.303099
v -14.668026 0.736408 1.414158
v -14.788012 0.736408 1.414157
v -14.788012 0.736408 1.303099
v -14.608801 0.736408 1.320208
v 5.249713 -4.291868 1.751699
v 5.249714 -4.291869 -1.751697
v 5.099359 -4.332157 -1.751697
v 5.099358 -4.332156 1.751699
v 4.989292 -4.442224 -1.751697
v 4.989291 -4.442223 1.751699
v 4.949004 -4.592579 -1.751697
v 4.949003 -4.592578 1.751699
v 4.989292 -4.742934 -1.751697
v 4.989291 -4.742933 1.751699
v 5.099359 -4.853001 -1.751697
v 5.099358 -4.853000 1.751699
v 5.249714 -4.893289 -1.751697
v 5.249713 -4.893288 1.751699
v 5.400069 -4.853001 -1.751697
v 5.400068 -4.853000 1.751699
v 5.510137 -4.742934 -1.751697
v 5.510136 -4.742933 1.751699
v 5.550424 -4.592579 -1.751697
v 5.550423 -4.592578 1.751699
v 5.510137 -4.442224 -1.751697
v 5.510136 -4.442223 1.751699
v 5.400069 -4.332157 -1.751697
v 5.400068 -4.332156 1.751699
v 11.880070 1.696746 -1.409178
v 11.880070 2.839753 -1.409178
v 11.880070 2.839753 -1.349428
v 11.880070 1.696746 -1.349428
v 11.880070 1.696746 -1.349428
v 11.880070 2.839753 -1.349428
v 11.288078 2.839753 -1.349428
v 11.288078 1.696746 -1.349428
v 11.288078 1.696746 -1.349428
v 11.288078 2.839753 -1.349428
v 11.288078 2.839753 -1.409178
v 11.288078 1.696746 -1.409178
v 11.288078 1.696746 -1.409178
v 11.288078 2.839753 -1.409178
v 11.880070 2.839753 -1.409178
v 11.880070 1.696746 -1.409178
v 11.880070 1.696746 -1.349428
v 11.288078 1.696746 -1.349428
v 11.288078 1.696746 -1.409178
v 11.880070 1.696746 -1.409178
v 11.288078 2.839753 -1.349428
v 11.880070 2.839753 -1.349428
v 11.880070 2.839753 -1.409178
v 11.288078 2.839753 -1.409178
v 11.880070 1.696747 1.409169
v 11.880070 1.696747 1.349419
v 11.880070 2.839754 1.349418
v 11.880070 2.839754 1.409168
v 11.880070 1.696747 1.349419
v 11.288077 1.696747 1.349418
v 11.288077 2.839754 1.349418
v 11.880070 2.839754 1.349418
v 11.288077 1.696747 1.349418
v 11.288077 1.696747 1.409168
v 11.288077 2.839754 1.409168
v 11.288077 2.839754 1.349418
v 11.288077 1.696747 1.409168
v 11.880070 1.696747 1.409169
v 11.880070 2.839754 1.409168
v 11.288077 2.839754 1.409168
v 11.880070 1.696747 1.349419
v 11.880070 1.696747 1.409169
v 11.288077 1.696747 1.409168
v 11.288077 1.696747 1.349418
v 11.288077 2.839754 1.349418
v 11.288077 2.839754 1.409168
v 11.880070 2.839754 1.409168
v 11.880070 2.839754 1.349418
v -3.436067 1.439247 -1.528664
v -1.986775 3.236298 -1.528664
v -1.986775 3.236298 -1.457898
v -3.436068 1.439247 -1.457898
v -3.436068 1.439247 -1.457898
v -1.986775 3.236298 -1.457898
v -2.048709 3.313094 -1.457898
v -3.498003 1.516043 -1.457898
v -3.498003 1.516043 -1.457898
v -2.048709 3.313094 -1.457898
v -2.048709 3.313094 -1.528664
v -3.498003 1.516043 -1.528664
v -3.498003 1.516043 -1.528664
v -2.048709 3.313094 -1.528664
v -1.986775 3.236298 -1.528664
v -3.436067 1.439247 -1.528664
v -3.498003 1.516043 -1.528664
v -3.436067 1.439247 -1.528664
v -4.033125 0.698924 -1.528664
v -4.095061 0.775720 -1.528664
v -2.048709 3.313094 -1.457898
v -1.986775 3.236298 -1.457898
v -1.986775 3.236298 -1.528664
v -2.048709 3.313094 -1.528664
v -4.033126 0.698924 -1.457898
v -4.095062 0.775721 -1.457898
v -4.095061 0.775720 -1.528664
v -4.033125 0.698924 -1.528664
v -3.436068 1.439247 -1.457898
v -3.498003 1.516043 -1.457898
v -4.095062 0.775721 -1.457898
v -4.033126 0.698924 -1.457898
v -3.436067 1.439247 -1.528664
v -3.436068 1.439247 -1.457898
v -4.033126 0.698924 -1.457898
v -4.033125 0.698924 -1.528664
v -3.498003 1.516043 -1.457898
v -3.498003 1.516043 -1.528664
v -4.095061 0.775720 -1.528664
v -4.095062 0.775721 -1.457898
v -1.973947 0.733281 -1.528663
v -1.973948 3.274697 -1.528664
v -1.973948 3.274697 -1.457898
v -1.973947 0.733281 -1.457897
v -1.973947 0.733281 -1.457897
v -1.973948 3.274697 -1.457898
v -2.061537 3.274697 -1.457898
v -2.061537 0.733282 -1.457897
v -2.061537 0.733282 -1.457897
v -2.061537 3.274697 -1.457898
v -2.061537 3.274697 -1.528664
v -2.061537 0.733282 -1.528663
v -2.061537 0.733282 -1.528663
v -2.061537 3.274697 -1.528664
v -1.973948 3.274697 -1.528664
v -1.973947 0.733281 -1.528663
v -1.973947 0.733281 -1.457897
v -2.061537 0.733282 -1.457897
v -2.061537 0.733282 -1.528663
v -1.973947 0.733281 -1.528663
v -2.061537 3.274697 -1.457898
v -1.973948 3.274697 -1.457898
v -1.973948 3.274697 -1.528664
v -2.061537 3.274697 -1.528664
v -0.537482 1.516043 -1.528663
v -1.986775 3.313094 -1.528664
v -1.986775 3.313094 -1.457898
v -0.537482 1.516043 -1.457897
v -0.537482 1.516043 -1.457897
v -1.986775 3.313094 -1.457898
v -2.048709 3.236298 -1.457898
v -0.599417 1.439247 -1.457897
v -0.599417 1.439247 -1.457897
v -2.048709 3.236298 -1.457898
v -2.048709 3.236298 -1.528664
v -0.599417 1.439247 -1.528663
v -0.599417 1.439247 -1.528663
v -2.048709 3.236298 -1.528664
v -1.986775 3.313094 -1.528664
v -0.537482 1.516043 -1.528663
v -0.599417 1.439247 -1.528663
v -0.537482 1.516043 -1.528663
v 0.059577 0.775721 -1.528663
v -0.002358 0.698924 -1.528663
v -2.048709 3.236298 -1.457898
v -1.986775 3.313094 -1.457898
v -1.986775 3.313094 -1.528664
v -2.048709 3.236298 -1.528664
v 0.059577 0.775721 -1.457897
v -0.002358 0.698924 -1.457897
v -0.002358 0.698924 -1.528663
v 0.059577 0.775721 -1.528663
v -0.537482 1.516043 -1.457897
v -0.599417 1.439247 -1.457897
v -0.002358 0.698924 -1.457897
v 0.059577 0.775721 -1.457897
v -0.537482 1.516043 -1.528663
v -0.537482 1.516043 -1.457897
v 0.059577 0.775721 -1.457897
v 0.059577 0.775721 -1.528663
v -0.599417 1.439247 -1.457897
v -0.599417 1.439247 -1.528663
v -0.002358 0.698924 -1.528663
v -0.002358 0.698924 -1.457897
v -7.590705 1.439247 -1.528666
v -6.141411 3.236298 -1.528665
v -6.141412 3.236298 -1.457899
v -7.590706 1.439247 -1.457900
v -7.590706 1.439247 -1.457900
v -6.141412 3.236298 -1.457899
v -6.203348 3.313094 -1.457899
v -7.652642 1.516043 -1.457900
v -7.652642 1.516043 -1.457900
v -6.203348 3.313094 -1.457899
v -6.203347 3.313094 -1.528665
v -7.652641 1.516043 -1.528666
v -7.652641 1.516043 -1.528666
v -6.203347 3.313094 -1.528665
v -6.141411 3.236298 -1.528665
v -7.590705 1.439247 -1.528666
v -7.652641 1.516043 -1.528666
v -7.590705 1.439247 -1.528666
v -8.187763 0.698924 -1.528666
v -8.249699 0.775720 -1.528666
v -6.203348 3.313094 -1.457899
v -6.141412 3.236298 -1.457899
v -6.141411 3.236298 -1.528665
v -6.203347 3.313094 -1.528665
v -8.187765 0.698924 -1.457900
v -8.249701 0.775720 -1.457900
v -8.249699 0.775720 -1.528666
v -8.187763 0.698924 -1.528666
v -7.590706 1.439247 -1.457900
v -7.652642 1.516043 -1.457900
v -8.249701 0.775720 -1.457900
v -8.187765 0.698924 -1.457900
v -7.590705 1.439247 -1.528666
v -7.590706 1.439247 -1.457900
v -8.187765 0.698924 -1.457900
v -8.187763 0.698924 -1.528666
v -7.652642 1.516043 -1.457900
v -7.652641 1.516043 -1.528666
v -8.249699 0.775720 -1.528666
v -8.249701 0.775720 -1.457900
v -6.128585 0.733281 -1.528665
v -6.128585 3.274697 -1.528665
v -6.128586 3.274697 -1.457899
v -6.128586 0.733281 -1.457899
v -6.128586 0.733281 -1.457899
v -6.128586 3.274697 -1.457899
v -6.216176 3.274697 -1.457899
v -6.216176 0.733282 -1.457899
v -6.216176 0.733282 -1.457899
v -6.216176 3.274697 -1.457899
v -6.216175 3.274697 -1.528665
v -6.216175 0.733282 -1.528665
v -6.216175 0.733282 -1.528665
v -6.216175 3.274697 -1.528665
v -6.128585 3.274697 -1.528665
v -6.128585 0.733281 -1.528665
v -6.128586 0.733281 -1.457899
v -6.216176 0.733282 -1.457899
v -6.216175 0.733282 -1.528665
v -6.128585 0.733281 -1.528665
v -6.216176 3.274697 -1.457899
v -6.128586 3.274697 -1.457899
v -6.128585 3.274697 -1.528665
v -6.216175 3.274697 -1.528665
v -4.692119 1.516043 -1.528664
v -6.141411 3.313094 -1.528665
v -6.141412 3.313094 -1.457899
v -4.692120 1.516043 -1.457899
v -4.692120 1.516043 -1.457899
v -6.141412 3.313094 -1.457899
v -6.203348 3.236298 -1.457899
v -4.754055 1.439247 -1.457899
v -4.754055 1.439247 -1.457899
v -6.203348 3.236298 -1.457899
v -6.203347 3.236298 -1.528665
v -4.754054 1.439247 -1.528664
v -4.754054 1.439247 -1.528664
v -6.203347 3.236298 -1.528665
v -6.141411 3.313094 -1.528665
v -4.692119 1.516043 -1.528664
v -4.754054 1.439247 -1.528664
v -4.692119 1.516043 -1.528664
v -4.095061 0.775721 -1.528664
v -4.156996 0.698924 -1.528664
v -6.203348 3.236298 -1.457899
v -6.141412 3.313094 -1.457899
v -6.141411 3.313094 -1.528665
v -6.203347 3.236298 -1.528665
v -4.095062 0.775721 -1.457898
v -4.156997 0.698924 -1.457898
v -4.156996 0.698924 -1.528664
v -4.095061 0.775721 -1.528664
v -4.692120 1.516043 -1.457899
v -4.754055 1.439247 -1.457899
v -4.156997 0.698924 -1.457898
v -4.095062 0.775721 -1.457898
v -4.692119 1.516043 -1.528664
v -4.692120 1.516043 -1.457899
v -4.095062 0.775721 -1.457898
v -4.095061 0.775721 -1.528664
v -4.754055 1.439247 -1.457899
v -4.754054 1.439247 -1.528664
v -4.156996 0.698924 -1.528664
v -4.156997 0.698924 -1.457898
v -4.044936 0.733281 -1.528664
v -4.044936 3.274697 -1.528665
v -4.044937 3.274697 -1.457899
v -4.044937 0.733281 -1.457898
v -4.044937 0.733281 -1.457898
v -4.044937 3.274697 -1.457899
v -4.132527 3.274697 -1.457899
v -4.132527 0.733282 -1.457898
v -4.132527 0.733282 -1.457898
v -4.132527 3.274697 -1.457899
v -4.132526 3.274697 -1.528665
v -4.132526 0.733282 -1.528664
v -4.132526 0.733282 -1.528664
v -4.132526 3.274697 -1.528665
v -4.044936 3.274697 -1.528665
v -4.044936 0.733281 -1.528664
v -4.044937 0.733281 -1.457898
v -4.132527 0.733282 -1.457898
v -4.132526 0.733282 -1.528664
v -4.044936 0.733281 -1.528664
v -4.132527 3.274697 -1.457899
v -4.044937 3.274697 -1.457899
v -4.044936 3.274697 -1.528665
v -4.132526 3.274697 -1.528665
v -3.436069 1.439248 1.528665
v -3.436068 1.439248 1.457899
v -1.986776 3.236299 1.457899
v -1.986776 3.236299 1.528665
v -3.436068 1.439248 1.457899
v -3.498003 1.516044 1.457899
v -2.048710 3.313095 1.457899
v -1.986776 3.236299 1.457899
v -3.498003 1.516044 1.457899
v -3.498004 1.516044 1.528665
v -2.048710 3.313095 1.528665
v -2.048710 3.313095 1.457899
v -3.498004 1.516044 1.528665
v -3.436069 1.439248 1.528665
v -1.986776 3.236299 1.528665
v -2.048710 3.313095 1.528665
v -3.498004 1.516044 1.528665
v -4.095063 0.775722 1.528666
v -4.033127 0.698925 1.528666
v -3.436069 1.439248 1.528665
v -2.048710 3.313095 1.457899
v -2.048710 3.313095 1.528665
v -1.986776 3.236299 1.528665
v -1.986776 3.236299 1.457899
v -4.033126 0.698925 1.457900
v -4.033127 0.698925 1.528666
v -4.095063 0.775722 1.528666
v -4.095062 0.775722 1.457899
v -3.436068 1.439248 1.457899
v -4.033126 0.698925 1.457900
v -4.095062 0.775722 1.457899
v -3.498003 1.516044 1.457899
v -3.436069 1.439248 1.528665
v -4.033127 0.698925 1.528666
v -4.033126 0.698925 1.457900
v -3.436068 1.439248 1.457899
v -3.498003 1.516044 1.457899
v -4.095062 0.775722 1.457899
v -4.095063 0.775722 1.528666
v -3.498004 1.516044 1.528665
v -1.973948 0.733283 1.528666
v -1.973948 0.733283 1.457900
v -1.973948 3.274698 1.457899
v -1.973948 3.274698 1.528665
v -1.973948 0.733283 1.457900
v -2.061538 0.733283 1.457900
v -2.061538 3.274698 1.457899
v -1.973948 3.274698 1.457899
v -2.061538 0.733283 1.457900
v -2.061538 0.733283 1.528666
v -2.061538 3.274698 1.528665
v -2.061538 3.274698 1.457899
v -2.061538 0.733283 1.528666
v -1.973948 0.733283 1.528666
v -1.973948 3.274698 1.528665
v -2.061538 3.274698 1.528665
v -1.973948 0.733283 1.457900
v -1.973948 0.733283 1.528666
v -2.061538 0.733283 1.528666
v -2.061538 0.733283 1.457900
v -2.061538 3.274698 1.457899
v -2.061538 3.274698 1.528665
v -1.973948 3.274698 1.528665
v -1.973948 3.274698 1.457899
v -0.537482 1.516044 1.528666
v -0.537482 1.516044 1.457900
v -1.986775 3.313095 1.457899
v -1.986775 3.313095 1.528665
v -0.537482 1.516044 1.457900
v -0.599418 1.439248 1.457900
v -2.048710 3.236299 1.457899
v -1.986775 3.313095 1.457899
v -0.599418 1.439248 1.457900
v -0.599418 1.439248 1.528666
v -2.048710 3.236299 1.528665
v -2.048710 3.236299 1.457899
v -0.599418 1.439248 1.528666
v -0.537482 1.516044 1.528666
v -1.986775 3.313095 1.528665
v -2.048710 3.236299 1.528665
v -0.599418 1.439248 1.528666
v -0.002359 0.698925 1.528667
v 0.059576 0.775722 1.528667
v -0.537482 1.516044 1.528666
v -2.048710 3.236299 1.457899
v -2.048710 3.236299 1.528665
v -1.986775 3.313095 1.528665
v -1.986775 3.313095 1.457899
v 0.059576 0.775722 1.457901
v 0.059576 0.775722 1.528667
v -0.002359 0.698925 1.528667
v -0.002359 0.698925 1.457901
v -0.537482 1.516044 1.457900
v 0.059576 0.775722 1.457901
v -0.002359 0.698925 1.457901
v -0.599418 1.439248 1.457900
v -0.537482 1.516044 1.528666
v 0.059576 0.775722 1.528667
v 0.059576 0.775722 1.457901
v -0.537482 1.516044 1.457900
v -0.599418 1.439248 1.457900
v -0.002359 0.698925 1.457901
v -0.002359 0.698925 1.528667
v -0.599418 1.439248 1.528666
v -7.590707 1.439248 1.528664
v -7.590706 1.439248 1.457898
v -6.141412 3.236299 1.457898
v -6.141413 3.236299 1.528664
v -7.590706 1.439248 1.457898
v -7.652642 1.516044 1.457898
v -6.203348 3.313095 1.457898
v -6.141412 3.236299 1.457898
v -7.652642 1.516044 1.457898
v -7.652643 1.516044 1.528664
v -6.203349 3.313095 1.528664
v -6.203348 3.313095 1.457898
v -7.652643 1.516044 1.528664
v -7.590707 1.439248 1.528664
v -6.141413 3.236299 1.528664
v -6.203349 3.313095 1.528664
v -7.652643 1.516044 1.528664
v -8.249701 0.775722 1.528664
v -8.187765 0.698925 1.528664
v -7.590707 1.439248 1.528664
v -6.203348 3.313095 1.457898
v -6.203349 3.313095 1.528664
v -6.141413 3.236299 1.528664
v -6.141412 3.236299 1.457898
v -8.187765 0.698925 1.457898
v -8.187765 0.698925 1.528664
v -8.249701 0.775722 1.528664
v -8.249701 0.775722 1.457898
v -7.590706 1.439248 1.457898
v -8.187765 0.698925 1.457898
v -8.249701 0.775722 1.457898
v -7.652642 1.516044 1.457898
v -7.590707 1.439248 1.528664
v -8.187765 0.698925 1.528664
v -8.187765 0.698925 1.457898
v -7.590706 1.439248 1.457898
v -7.652642 1.516044 1.457898
v -8.249701 0.775722 1.457898
v -8.249701 0.775722 1.528664
v -7.652643 1.516044 1.528664
v -6.128587 0.733283 1.528665
v -6.128586 0.733283 1.457899
v -6.128586 3.274698 1.457898
v -6.128587 3.274698 1.528664
v -6.128586 0.733283 1.457899
v -6.216176 0.733283 1.457899
v -6.216176 3.274698 1.457898
v -6.128586 3.274698 1.457898
v -6.216176 0.733283 1.457899
v -6.216177 0.733283 1.528665
v -6.216177 3.274698 1.528664
v -6.216176 3.274698 1.457898
v -6.216177 0.733283 1.528665
v -6.128587 0.733283 1.528665
v -6.128587 3.274698 1.528664
v -6.216177 3.274698 1.528664
v -6.128586 0.733283 1.457899
v -6.128587 0.733283 1.528665
v -6.216177 0.733283 1.528665
v -6.216176 0.733283 1.457899
v -6.216176 3.274698 1.457898
v -6.216177 3.274698 1.528664
v -6.128587 3.274698 1.528664
v -6.128586 3.274698 1.457898
v -4.692121 1.516044 1.528665
v -4.692120 1.516044 1.457899
v -6.141412 3.313095 1.457898
v -6.141413 3.313095 1.528664
v -4.692120 1.516044 1.457899
v -4.754055 1.439248 1.457899
v -6.203348 3.236299 1.457898
v -6.141412 3.313095 1.457898
v -4.754055 1.439248 1.457899
v -4.754056 1.439248 1.528665
v -6.203349 3.236299 1.528664
v -6.203348 3.236299 1.457898
v -4.754056 1.439248 1.528665
v -4.692121 1.516044 1.528665
v -6.141413 3.313095 1.528664
v -6.203349 3.236299 1.528664
v -4.754056 1.439248 1.528665
v -4.156998 0.698925 1.528665
v -4.095063 0.775722 1.528665
v -4.692121 1.516044 1.528665
v -6.203348 3.236299 1.457898
v -6.203349 3.236299 1.528664
v -6.141413 3.313095 1.528664
v -6.141412 3.313095 1.457898
v -4.095062 0.775722 1.457899
v -4.095063 0.775722 1.528665
v -4.156998 0.698925 1.528665
v -4.156997 0.698925 1.457899
v -4.692120 1.516044 1.457899
v -4.095062 0.775722 1.457899
v -4.156997 0.698925 1.457899
v -4.754055 1.439248 1.457899
v -4.692121 1.516044 1.528665
v -4.095063 0.775722 1.528665
v -4.095062 0.775722 1.457899
v -4.692120 1.516044 1.457899
v -4.754055 1.439248 1.457899
v -4.156997 0.698925 1.457899
v -4.156998 0.698925 1.528665
v -4.754056 1.439248 1.528665
v -4.044938 0.733283 1.528665
v -4.044937 0.733283 1.457899
v -4.044937 3.274698 1.457899
v -4.044938 3.274698 1.528665
v -4.044937 0.733283 1.457899
v -4.132527 0.733283 1.457899
v -4.132527 3.274698 1.457898
v -4.044937 3.274698 1.457899
v -4.132527 0.733283 1.457899
v -4.132528 0.733283 1.528665
v -4.132528 3.274698 1.528664
v -4.132527 3.274698 1.457898
v -4.132528 0.733283 1.528665
v -4.044938 0.733283 1.528665
v -4.044938 3.274698 1.528665
v -4.132528 3.274698 1.528664
v -4.044937 0.733283 1.457899
v -4.044938 0.733283 1.528665
v -4.132528 0.733283 1.528665
v -4.132527 0.733283 1.457899
v -4.132527 3.274698 1.457898
v -4.132528 3.274698 1.528664
v -4.044938 3.274698 1.528665
v -4.044937 3.274698 1.457899
v -11.298790 1.501083 -1.277062
v -10.120249 3.042195 -1.277062
v -10.120249 3.042195 -1.205871
v -11.298790 1.501083 -1.205871
v -11.298790 1.501083 -1.205871
v -10.120249 3.042195 -1.205871
v -10.170612 3.108054 -1.205871
v -11.349155 1.566942 -1.205871
v -11.349155 1.566942 -1.205871
v -10.170612 3.108054 -1.205871
v -10.170612 3.108054 -1.277062
v -11.349155 1.566942 -1.277062
v -11.349155 1.566942 -1.277062
v -10.170612 3.108054 -1.277062
v -10.120249 3.042195 -1.277062
v -11.298790 1.501083 -1.277062
v -11.349155 1.566942 -1.277062
v -11.298790 1.501083 -1.277062
v -11.784309 0.866198 -1.277062
v -11.834675 0.932058 -1.277062
v -10.170612 3.108054 -1.205871
v -10.120249 3.042195 -1.205871
v -10.120249 3.042195 -1.277062
v -10.170612 3.108054 -1.277062
v -11.784309 0.866198 -1.205871
v -11.834675 0.932058 -1.205871
v -11.834675 0.932058 -1.277062
v -11.784309 0.866198 -1.277062
v -11.298790 1.501083 -1.205871
v -11.349155 1.566942 -1.205871
v -11.834675 0.932058 -1.205871
v -11.784309 0.866198 -1.205871
v -11.298790 1.501083 -1.277062
v -11.298790 1.501083 -1.205871
v -11.784309 0.866198 -1.205871
v -11.784309 0.866198 -1.277062
v -11.349155 1.566942 -1.205871
v -11.349155 1.566942 -1.277062
v -11.834675 0.932058 -1.277062
v -11.834675 0.932058 -1.205871
v -10.109818 0.895663 -1.277061
v -10.109818 3.075124 -1.277062
v -10.109818 3.075124 -1.205871
v -10.109818 0.895663 -1.205871
v -10.109818 0.895663 -1.205871
v -10.109818 3.075124 -1.205871
v -10.181044 3.075124 -1.205871
v -10.181044 0.895663 -1.205871
v -10.181044 0.895663 -1.205871
v -10.181044 3.075124 -1.205871
v -10.181044 3.075124 -1.277062
v -10.181044 0.895663 -1.277061
v -10.181044 0.895663 -1.277061
v -10.181044 3.075124 -1.277062
v -10.109818 3.075124 -1.277062
v -10.109818 0.895663 -1.277061
v -10.109818 0.895663 -1.205871
v -10.181044 0.895663 -1.205871
v -10.181044 0.895663 -1.277061
v -10.109818 0.895663 -1.277061
v -10.181044 3.075124 -1.205871
v -10.109818 3.075124 -1.205871
v -10.109818 3.075124 -1.277062
v -10.181044 3.075124 -1.277062
v -8.941708 1.566942 -1.277061
v -10.120249 3.108054 -1.277062
v -10.120249 3.108054 -1.205871
v -8.941708 1.566942 -1.205871
v -8.941708 1.566942 -1.205871
v -10.120249 3.108054 -1.205871
v -10.170612 3.042195 -1.205871
v -8.992071 1.501083 -1.205871
v -8.992071 1.501083 -1.205871
v -10.170612 3.042195 -1.205871
v -10.170612 3.042195 -1.277062
v -8.992071 1.501083 -1.277061
v -8.992071 1.501083 -1.277061
v -10.170612 3.042195 -1.277062
v -10.120249 3.108054 -1.277062
v -8.941708 1.566942 -1.277061
v -8.992071 1.501083 -1.277061
v -8.941708 1.566942 -1.277061
v -8.456188 0.932058 -1.277061
v -8.506554 0.866198 -1.277061
v -10.170612 3.042195 -1.205871
v -10.120249 3.108054 -1.205871
v -10.120249 3.108054 -1.277062
v -10.170612 3.042195 -1.277062
v -8.456188 0.932058 -1.205870
v -8.506554 0.866198 -1.205870
v -8.506554 0.866198 -1.277061
v -8.456188 0.932058 -1.277061
v -8.941708 1.566942 -1.205871
v -8.992071 1.501083 -1.205871
v -8.506554 0.866198 -1.205870
v -8.456188 0.932058 -1.205870
v -8.941708 1.566942 -1.277061
v -8.941708 1.566942 -1.205871
v -8.456188 0.932058 -1.205870
v -8.456188 0.932058 -1.277061
v -8.992071 1.501083 -1.205871
v -8.992071 1.501083 -1.277061
v -8.506554 0.866198 -1.277061
v -8.506554 0.866198 -1.205870
v -11.298792 1.501084 1.277054
v -11.298792 1.501084 1.205864
v -10.120249 3.042196 1.205864
v -10.120249 3.042196 1.277054
v -11.298792 1.501084 1.205864
v -11.349157 1.566943 1.205864
v -10.170614 3.108055 1.205864
v -10.120249 3.042196 1.205864
v -11.349157 1.566943 1.205864
v -11.349157 1.566943 1.277054
v -10.170614 3.108055 1.277054
v -10.170614 3.108055 1.205864
v -11.349157 1.566943 1.277054
v -11.298792 1.501084 1.277054
v -10.120249 3.042196 1.277054
v -10.170614 3.108055 1.277054
v -11.349157 1.566943 1.277054
v -11.834675 0.932058 1.277054
v -11.784309 0.866199 1.277054
v -11.298792 1.501084 1.277054
v -10.170614 3.108055 1.205864
v -10.170614 3.108055 1.277054
v -10.120249 3.042196 1.277054
v -10.120249 3.042196 1.205864
v -11.784309 0.866199 1.205864
v -11.784309 0.866199 1.277054
v -11.834675 0.932058 1.277054
v -11.834675 0.932058 1.205864
v -11.298792 1.501084 1.205864
v -11.784309 0.866199 1.205864
v -11.834675 0.932058 1.205864
v -11.349157 1.566943 1.205864
v -11.298792 1.501084 1.277054
v -11.784309 0.866199 1.277054
v -11.784309 0.866199 1.205864
v -11.298792 1.501084 1.205864
v -11.349157 1.566943 1.205864
v -11.834675 0.932058 1.205864
v -11.834675 0.932058 1.277054
v -11.349157 1.566943 1.277054
v -10.109818 0.895664 1.277055
v -10.109818 0.895664 1.205864
v -10.109819 3.075125 1.205864
v -10.109819 3.075125 1.277054
v -10.109818 0.895664 1.205864
v -10.181046 0.895664 1.205864
v -10.181046 3.075125 1.205864
v -10.109819 3.075125 1.205864
v -10.181046 0.895664 1.205864
v -10.181046 0.895664 1.277055
v -10.181046 3.075125 1.277054
v -10.181046 3.075125 1.205864
v -10.181046 0.895664 1.277055
v -10.109818 0.895664 1.277055
v -10.109819 3.075125 1.277054
v -10.181046 3.075125 1.277054
v -10.109818 0.895664 1.205864
v -10.109818 0.895664 1.277055
v -10.181046 0.895664 1.277055
v -10.181046 0.895664 1.205864
v -10.181046 3.075125 1.205864
v -10.181046 3.075125 1.277054
v -10.109819 3.075125 1.277054
v -10.109819 3.075125 1.205864
v -8.941708 1.566943 1.277055
v -8.941708 1.566943 1.205865
v -10.120249 3.108055 1.205864
v -10.120249 3.108055 1.277054
v -8.941708 1.566943 1.205865
v -8.992071 1.501084 1.205865
v -10.170614 3.042196 1.205863
v -10.120249 3.108055 1.205864
v -8.992071 1.501084 1.205865
v -8.992071 1.501084 1.277055
v -10.170614 3.042196 1.277054
v -10.170614 3.042196 1.205863
v -8.992071 1.501084 1.277055
v -8.941708 1.566943 1.277055
v -10.120249 3.108055 1.277054
v -10.170614 3.042196 1.277054
v -8.992071 1.501084 1.277055
v -8.506554 0.866199 1.277055
v -8.456190 0.932058 1.277055
v -8.941708 1.566943 1.277055
v -10.170614 3.042196 1.205863
v -10.170614 3.042196 1.277054
v -10.120249 3.108055 1.277054
v -10.120249 3.108055 1.205864
v -8.456190 0.932058 1.205865
v -8.456190 0.932058 1.277055
v -8.506554 0.866199 1.277055
v -8.506554 0.866199 1.205865
v -8.941708 1.566943 1.205865
v -8.456190 0.932058 1.205865
v -8.506554 0.866199 1.205865
v -8.992071 1.501084 1.205865
v -8.941708 1.566943 1.277055
v -8.456190 0.932058 1.277055
v -8.456190 0.932058 1.205865
v -8.941708 1.566943 1.205865
v -8.992071 1.501084 1.205865
v -8.506554 0.866199 1.205865
v -8.506554 0.866199 1.277055
v -8.992071 1.501084 1.277055
v 13.109869 0.544600 -1.340472
v 13.109869 3.369667 -1.340473
v 13.236532 3.369667 -1.340473
v 13.236532 0.544600 -1.340472
v 13.236532 0.544600 -0.000001
v 13.109868 0.544600 -0.000001
v 13.109869 0.544600 -1.340472
v 13.236532 0.544600 -1.340472
v 13.109868 3.369668 -0.000002
v 13.236532 3.369668 -0.000002
v 13.236532 3.369667 -1.340473
v 13.109869 3.369667 -1.340473
v 13.236532 3.369668 -0.000002
v 13.109868 3.369668 -0.000002
v 13.109868 0.544600 -0.000001
v 13.236532 0.544600 -0.000001
v 13.109869 2.965103 -1.123608
v 13.109869 1.030605 -1.123608
v 13.236532 1.030605 -1.123607
v 13.236532 2.965103 -1.123608
v 13.109868 3.141145 -0.392908
v 13.109869 3.141145 -0.947566
v 13.236532 3.141145 -0.947566
v 13.236532 3.141145 -0.392908
v 13.109868 1.030606 -0.216866
v 13.109868 2.965103 -0.216866
v 13.236532 2.965103 -0.216866
v 13.236532 1.030606 -0.216866
v 13.236532 0.854564 -0.392907
v 13.109868 0.854564 -0.392907
v 13.109868 0.878150 -0.304886
v 13.236532 0.878150 -0.304886
v 13.109868 0.942585 -0.240451
v 13.236532 0.942585 -0.240451
v 13.236532 0.942585 -0.240451
v 13.109868 0.942585 -0.240451
v 13.236532 3.117559 -0.304887
v 13.109868 3.117559 -0.304887
v 13.236532 3.053124 -0.240451
v 13.109868 3.053124 -0.240451
v 13.109868 3.053124 -0.240451
v 13.236532 3.053124 -0.240451
v 13.236532 3.053124 -1.100023
v 13.109869 3.053124 -1.100023
v 13.109869 3.053124 -1.100023
v 13.236532 3.053124 -1.100023
v 13.236532 3.117559 -1.035587
v 13.109869 3.117559 -1.035587
v 13.109869 0.854564 -0.947566
v 13.236532 0.854564 -0.947566
v 13.236532 0.878150 -1.035587
v 13.109869 0.878150 -1.035587
v 13.236532 0.942585 -1.100022
v 13.109869 0.942585 -1.100022
v 13.109869 0.942585 -1.100022
v 13.236532 0.942585 -1.100022
v 13.193348 0.808742 -1.170430
v 13.193348 3.186967 -1.170431
v 13.193348 3.186967 -0.170043
v 13.193348 0.808742 -0.170043
v 13.153051 0.808742 -0.170043
v 13.153051 3.186967 -0.170043
v 13.153052 3.186967 -1.170431
v 13.153052 0.808742 -1.170430
v 13.115499 0.544601 1.340470
v 13.115499 3.369668 1.340469
v 12.988834 3.369668 1.340469
v 12.988834 0.544601 1.340470
v 12.988834 0.544600 -0.000001
v 13.115499 0.544600 -0.000001
v 13.115499 0.544601 1.340470
v 12.988834 0.544601 1.340470
v 13.115499 3.369668 -0.000002
v 12.988834 3.369668 -0.000002
v 12.988834 3.369668 1.340469
v 13.115499 3.369668 1.340469
v 12.988834 3.369668 -0.000002
v 13.115499 3.369668 -0.000002
v 13.115499 0.544600 -0.000001
v 12.988834 0.544600 -0.000001
v 13.115499 2.965103 1.123604
v 13.115499 1.030606 1.123605
v 12.988834 1.030606 1.123605
v 12.988834 2.965103 1.123604
v 13.115499 3.141145 0.392904
v 13.115499 3.141145 0.947563
v 12.988834 3.141145 0.947563
v 12.988834 3.141145 0.392904
v 13.115499 1.030606 0.216863
v 13.115499 2.965103 0.216863
v 12.988834 2.965103 0.216863
v 12.988834 1.030606 0.216863
v 12.988834 0.854564 0.392905
v 13.115499 0.854564 0.392905
v 13.115499 0.878150 0.304884
v 12.988834 0.878150 0.304884
v 13.115499 0.942585 0.240449
v 12.988834 0.942585 0.240449
v 12.988834 0.942585 0.240449
v 13.115499 0.942585 0.240449
v 12.988834 3.117559 0.304884
v 13.115499 3.117559 0.304884
v 12.988834 3.053124 0.240448
v 13.115499 3.053124 0.240448
v 13.115499 3.053124 0.240448
v 12.988834 3.053124 0.240448
v 12.988834 3.053125 1.100019
v 13.115499 3.053125 1.100019
v 13.115499 3.053125 1.100019
v 12.988834 3.053125 1.100019
v 12.988834 3.117560 1.035584
v 13.115499 3.117560 1.035584
v 13.115499 0.854565 0.947564
v 12.988834 0.854565 0.947564
v 12.988834 0.878150 1.035584
v 13.115499 0.878150 1.035584
v 12.988834 0.942585 1.100020
v 13.115499 0.942585 1.100020
v 13.115499 0.942585 1.100020
v 12.988834 0.942585 1.100020
v 13.032019 0.808743 1.170428
v 13.032019 3.186967 1.170427
v 13.032019 3.186967 0.170040
v 13.032019 0.808742 0.170041
v 13.072315 0.808742 0.170041
v 13.072315 3.186967 0.170040
v 13.072315 3.186967 1.170427
v 13.072315 0.808743 1.170428
v -13.507456 -4.995925 0.380675
v -13.605980 -4.995925 0.367704
v -13.697792 -4.995925 0.329675
v -13.776632 -4.995925 0.269178
v -13.837128 -4.995925 0.190338
v -13.875158 -4.995925 0.098526
v -13.888130 -4.995925 0.000001
v -13.875158 -4.995925 -0.098525
v -13.837128 -4.995925 -0.190337
v -13.776632 -4.995925 -0.269177
v -13.697792 -4.995925 -0.329673
v -13.605980 -4.995925 -0.367703
v -13.507456 -4.995925 -0.380674
v -13.408928 -4.995925 -0.367703
v -13.317118 -4.995925 -0.329673
v -13.238277 -4.995925 -0.269177
v -13.177782 -4.995925 -0.190336
v -13.139751 -4.995925 -0.098525
v -13.126781 -4.995925 0.000001
v -13.139751 -4.995925 0.098527
v -13.177782 -4.995925 0.190338
v -13.238277 -4.995925 0.269178
v -13.317118 -4.995925 0.329675
v -13.408928 -4.995925 0.367704
v 4.845668 4.704066 -2.074837
v 4.883362 4.704066 -1.986194
v 4.974364 4.704066 -1.949476
v 5.525064 4.704066 -1.949476
v 5.616066 4.704066 -1.986193
v 5.653761 4.704066 -2.074836
v 5.653761 4.704066 -2.340016
v 5.616066 4.704065 -2.428659
v 5.525064 4.704065 -2.465376
v 4.974364 4.704065 -2.465376
v 4.883362 4.704065 -2.428659
v 4.845668 4.704066 -2.340016
v 4.845666 4.704067 2.074833
v 4.845666 4.704067 2.340013
v 4.883361 4.704067 2.428656
v 4.974363 4.704067 2.465374
v 5.525063 4.704067 2.465374
v 5.616065 4.704067 2.428656
v 5.653759 4.704067 2.340014
v 5.653759 4.704067 2.074834
v 5.616065 4.704067 1.986191
v 5.525063 4.704067 1.949474
v 4.974363 4.704067 1.949474
v 4.883361 4.704067 1.986191
v 5.199381 -4.402274 -2.437083
v 5.249714 -4.395648 -2.437083
v 5.300047 -4.402274 -2.437083
v 5.346950 -4.421702 -2.437083
v 5.387226 -4.452607 -2.437083
v 5.418131 -4.492883 -2.437083
v 5.437559 -4.539785 -2.437083
v 5.444185 -4.590118 -2.437083
v 5.437559 -4.640451 -2.437083
v 5.418131 -4.687354 -2.437083
v 5.387226 -4.727630 -2.437083
v 5.346950 -4.758535 -2.437083
v 5.300047 -4.777963 -2.437083
v 5.249714 -4.784589 -2.437083
v 5.199381 -4.777963 -2.437083
v 5.152479 -4.758535 -2.437083
v 5.112203 -4.727630 -2.437083
v 5.081297 -4.687354 -2.437083
v 5.061870 -4.640451 -2.437083
v 5.055243 -4.590118 -2.437083
v 5.061870 -4.539785 -2.437083
v 5.081297 -4.492883 -2.437083
v 5.112203 -4.452607 -2.437083
v 5.152479 -4.421702 -2.437083
v 5.199380 -4.402272 2.437086
v 5.152477 -4.421700 2.437086
v 5.112201 -4.452605 2.437086
v 5.081296 -4.492881 2.437086
v 5.061868 -4.539783 2.437086
v 5.055242 -4.590116 2.437086
v 5.061868 -4.640449 2.437086
v 5.081296 -4.687352 2.437086
v 5.112201 -4.727628 2.437086
v 5.152477 -4.758533 2.437086
v 5.199380 -4.777961 2.437086
v 5.249712 -4.784587 2.437086
v 5.300045 -4.777961 2.437086
v 5.346948 -4.758533 2.437086
v 5.387225 -4.727628 2.437086
v 5.418129 -4.687352 2.437086
v 5.437557 -4.640449 2.437086
v 5.444183 -4.590116 2.437086
v 5.437557 -4.539783 2.437086
v 5.418129 -4.492881 2.437086
v 5.387225 -4.452605 2.437086
v 5.346948 -4.421700 2.437086
v 5.300045 -4.402272 2.437086
v 5.249712 -4.395646 2.437086
v 13.264856 0.399842 -1.563934
v 13.264856 0.583004 -1.563934
v 13.264856 0.583004 -1.461719
v 13.264856 0.470759 -1.461719
v 13.264856 0.399842 -1.562438
v 13.264856 3.514426 -0.000002
v 13.264856 3.688112 -0.000002
v 13.264856 3.331263 -1.461720
v 13.264856 3.331263 -1.563935
v 14.688860 3.514426 -0.000001
v 14.688860 3.434037 -0.000001
v 14.688860 0.399842 -1.360999
v 14.688860 0.470759 -1.461719
v 13.164138 0.399842 -1.461719
v 13.264856 0.399842 -1.563934
v 13.264856 0.399842 -1.562438
v 13.264854 0.399843 1.563932
v 13.264854 0.399843 1.562436
v 13.264856 0.470760 1.461717
v 13.264856 0.583005 1.461717
v 13.264854 0.583005 1.563932
v 13.264854 3.331264 1.563931
v 13.264856 3.331264 1.461716
v 14.688860 0.399843 1.360999
v 14.688860 0.470760 1.461718
v 13.164137 0.399843 1.461717
v 13.264854 0.399843 1.562436
v 13.264854 0.399843 1.563932
v 9.123466 3.646085 -0.000003
v 9.893371 3.646085 -0.000003
v 9.880253 3.646085 -0.099636
v 9.700894 3.646085 -0.333381
v 9.608051 3.646085 -0.371838
v 9.508418 3.646085 -0.384955
v 9.408785 3.646085 -0.371838
v 9.315942 3.646085 -0.333382
v 9.236216 3.646085 -0.272205
v 9.175039 3.646085 -0.192479
v 9.136583 3.646085 -0.099636
v 9.123466 3.646085 -0.000003
v 9.136583 3.646085 0.099630
v 9.175039 3.646085 0.192473
v 9.236216 3.646085 0.272199
v 9.315942 3.646085 0.333375
v 9.408785 3.646085 0.371832
v 9.508418 3.646085 0.384949
v 9.608051 3.646085 0.371832
v 9.700894 3.646085 0.333375
v 9.780621 3.646085 0.272199
v 9.841797 3.646085 0.192473
v 9.880253 3.646085 0.099630
v 9.893371 3.646085 -0.000003
v 5.099359 -4.332157 -1.751697
v 5.249714 -4.291869 -1.751697
v 5.400069 -4.332157 -1.751697
v 5.510137 -4.442224 -1.751697
v 5.550424 -4.592579 -1.751697
v 5.510137 -4.742934 -1.751697
v 5.400069 -4.853001 -1.751697
v 5.249714 -4.893289 -1.751697
v 5.099359 -4.853001 -1.751697
v 4.989292 -4.742934 -1.751697
v 4.949004 -4.592579 -1.751697
v 4.989292 -4.442224 -1.751697
v 5.249713 -4.291868 1.751699
v 5.099358 -4.332156 1.751699
v 4.989291 -4.442223 1.751699
v 4.949003 -4.592578 1.751699
v 4.989291 -4.742933 1.751699
v 5.099358 -4.853000 1.751699
v 5.249713 -4.893288 1.751699
v 5.400068 -4.853000 1.751699
v 5.510136 -4.742933 1.751699
v 5.550423 -4.592578 1.751699
v 5.510136 -4.442223 1.751699
v 5.400068 -4.332156 1.751699
vn -0.7071 -0.0000 0.7071
vn 0.7071 -0.0000 -0.7071
vn -0.7071 -0.0000 -0.7071
vn 0.7071 -0.0000 0.7071
vn 0.0418 -0.9773 -0.2077
vn 0.1286 -0.9874 -0.0925
vn -0.0000 -1.0000 -0.0000
vn 0.1773 -0.9838 -0.0247
vn 0.1774 -0.9838 0.0251
vn 0.1289 -0.9873 0.0927
vn 0.0418 -0.9772 0.2081
vn -0.0418 -0.9772 0.2083
vn -0.1286 -0.9874 0.0926
vn -0.1775 -0.9838 0.0252
vn -0.1774 -0.9838 -0.0251
vn -0.1286 -0.9874 -0.0925
vn -0.0418 -0.9772 -0.2082
vn -0.0000 1.0000 -0.0000
vn 0.1286 -0.9874 0.0925
vn 0.1775 -0.9838 0.0252
vn 0.1774 -0.9838 -0.0251
vn 0.1289 -0.9873 -0.0927
vn 0.0418 -0.9772 -0.2081
vn -0.0418 -0.9773 -0.2077
vn -0.1773 -0.9838 -0.0249
vn -0.1774 -0.9838 0.0251
vn -0.1289 -0.9873 0.0927
vn -0.0417 -0.9772 0.2081
vn -0.0000 -0.0000 -1.0000
vn -0.0000 -0.0000 1.0000
vn 0.0461 -0.0000 0.9989
vn -0.0737 -0.0000 0.9973
vn 0.1500 -0.0000 -0.9887
vn 0.1477 -0.0000 -0.9890
vn 1.0000 -0.0001 -0.0000
vn 0.0461 -0.0000 -0.9989
vn -0.0737 -0.0000 -0.9973
vn 0.1500 -0.0000 0.9887
vn 0.1477 -0.0000 0.9890
vn 1.0000 -0.0000 -0.0000
vn -1.0000 -0.0000 -0.0000
vn 0.8531 -0.5217 -0.0000
vn -0.0000 -0.8123 0.5832
vn -0.8531 -0.5217 -0.0000
vn -0.0000 -0.8123 -0.5832
vn -0.0000 0.8123 -0.5832
vn -0.8531 0.5217 -0.0000
vn -0.0000 0.8123 0.5832
vn 0.8531 0.5217 -0.0000
vn 0.0088 -0.9996 -0.0270
vn 0.0088 -0.9996 -0.0271
vn -0.0030 1.0000 -0.0047
vn -0.0023 -0.9999 -0.0162
vn 1.0000 -0.0000 0.0001
vn -0.0023 -0.9999 -0.0110
vn -0.0023 -0.9999 -0.0109
vn -0.0030 0.9999 -0.0141
vn 0.0088 -0.9996 0.0270
vn 0.0088 -0.9996 0.0271
vn -0.0030 1.0000 0.0047
vn -0.0023 -0.9999 0.0162
vn -0.0023 -0.9999 0.0110
vn -0.0023 -0.9999 0.0109
vn -0.0030 0.9999 0.0141
vn -0.2588 -0.0000 -0.9659
vn -0.5000 -0.0000 -0.8660
vn -0.6088 -0.0000 0.7934
vn -0.5000 -0.0000 0.8660
vn -0.2588 -0.0000 0.9659
vn 0.9991 0.0281 -0.0326
vn 0.9991 0.0306 -0.0298
vn 0.9991 0.0306 0.0298
vn 0.9991 0.0281 0.0326
vn 0.9737 -0.0000 0.2278
vn 0.9980 -0.0000 0.0638
vn 0.9991 -0.0306 0.0298
vn 0.9991 -0.0281 0.0326
vn 0.9991 -0.0306 -0.0298
vn 0.9991 -0.0281 -0.0326
vn 0.9737 -0.0000 -0.2278
vn 0.9980 -0.0000 -0.0638
vn -0.6088 -0.0000 -0.7934
vn -0.0091 -0.9994 -0.0338
vn -0.0000 -0.9994 -0.0350
vn -0.0000 0.9994 -0.0350
vn -0.0091 0.9994 -0.0338
vn -0.0173 -0.9993 -0.0334
vn -0.6271 -0.0000 0.7790
vn -0.0173 0.9993 -0.0334
vn -0.0341 0.9973 0.0650
vn -0.0167 0.9979 0.0624
vn -0.0091 0.9994 0.0338
vn -0.0173 0.9993 0.0334
vn -0.0000 0.9979 -0.0646
vn -0.0167 0.9979 -0.0624
vn -0.0341 0.9973 -0.0651
vn -0.0432 0.9966 -0.0699
vn -0.0053 0.9999 -0.0086
vn -0.0167 -0.9979 0.0624
vn -0.0341 -0.9973 0.0651
vn -0.0173 -0.9993 0.0334
vn -0.0091 -0.9994 0.0338
vn -0.0167 -0.9979 -0.0624
vn -0.0000 -0.9979 -0.0646
vn -0.0000 0.9979 0.0646
vn -0.0000 0.9994 0.0350
vn -0.0432 -0.9966 -0.0700
vn -0.0341 -0.9973 -0.0651
vn -0.0053 -0.9999 -0.0085
vn -0.0432 0.9966 0.0700
vn -0.0053 0.9999 0.0086
vn -0.0000 -0.9979 0.0646
vn -0.0000 -0.9994 0.0350
vn -0.0432 -0.9966 0.0700
vn -0.0053 -0.9999 0.0086
vn 0.1305 -0.0000 0.9914
vn 0.2588 -0.0000 0.9659
vn 0.4348 -0.0000 0.9005
vn 0.2562 -0.0000 -0.9666
vn 0.2563 -0.0000 -0.9666
vn 0.4399 -0.0000 -0.8980
vn 0.2588 -0.0000 -0.9659
vn 0.1305 -0.0000 -0.9914
vn 0.2507 -0.0000 0.9681
vn 0.4566 -0.0000 0.8897
vn 0.5275 -0.0000 0.8496
vn 0.4566 -0.0000 -0.8897
vn 0.5275 -0.0000 -0.8496
vn -0.6271 -0.0000 -0.7790
vn 0.9737 -0.0000 0.2279
vn 0.8375 -0.0000 0.5464
vn 0.9737 -0.0000 -0.2279
vn 0.8375 -0.0000 -0.5464
vn 0.5000 -0.0000 -0.8660
vn 0.6088 -0.0000 0.7934
vn 0.5000 -0.0000 0.8660
vn -0.9991 0.0281 -0.0326
vn -0.9991 0.0281 0.0326
vn -0.9991 0.0306 0.0298
vn -0.9991 0.0306 -0.0298
vn -0.9737 -0.0000 0.2279
vn -0.9991 -0.0281 0.0326
vn -0.9991 -0.0306 0.0298
vn -0.9980 -0.0000 0.0638
vn -0.9991 -0.0281 -0.0326
vn -0.9991 -0.0307 -0.0298
vn -0.9737 -0.0000 -0.2279
vn -0.9980 -0.0000 -0.0638
vn 0.6088 -0.0000 -0.7934
vn 0.0091 -0.9994 -0.0338
vn 0.0091 0.9994 -0.0338
vn 0.0173 -0.9993 -0.0334
vn 0.6271 -0.0000 0.7790
vn 0.0173 0.9993 -0.0334
vn 0.0341 0.9973 0.0651
vn 0.0173 0.9993 0.0334
vn 0.0091 0.9994 0.0338
vn 0.0167 0.9979 0.0624
vn 0.0167 0.9979 -0.0624
vn 0.0341 0.9973 -0.0651
vn 0.0053 0.9999 -0.0086
vn 0.0432 0.9966 -0.0700
vn 0.0167 -0.9979 0.0624
vn 0.0091 -0.9994 0.0338
vn 0.0173 -0.9993 0.0334
vn 0.0341 -0.9973 0.0651
vn 0.0167 -0.9979 -0.0624
vn 0.0432 -0.9966 -0.0700
vn 0.0053 -0.9999 -0.0086
vn 0.0341 -0.9973 -0.0650
vn 0.0432 0.9966 0.0700
vn 0.0053 0.9999 0.0085
vn 0.0053 -0.9999 0.0086
vn 0.0432 -0.9966 0.0700
vn -0.1305 -0.0000 0.9914
vn -0.4348 -0.0000 0.9005
vn -0.2562 -0.0000 -0.9666
vn -0.4399 -0.0000 -0.8980
vn -0.2563 -0.0000 -0.9666
vn -0.1305 -0.0000 -0.9914
vn -0.2507 -0.0000 0.9681
vn -0.4566 -0.0000 0.8897
vn -0.5275 -0.0000 0.8496
vn -0.4566 -0.0000 -0.8897
vn -0.5275 -0.0000 -0.8496
vn 0.6271 -0.0000 -0.7790
vn -0.8375 -0.0000 0.5464
vn -0.8375 -0.0000 -0.5464
vn -0.8660 -0.0000 0.5000
vn -0.9659 -0.0000 0.2588
vn -0.9659 -0.0000 -0.2588
vn -0.8660 -0.0000 -0.5000
vn 0.8660 -0.0000 -0.5000
vn 0.9659 -0.0000 -0.2588
vn 0.9659 -0.0000 0.2588
vn 0.8660 -0.0000 0.5000
vn 0.1356 -0.8517 0.5062
vn -0.0000 -0.8517 0.5240
vn 0.1356 0.8517 0.5062
vn -0.0000 0.8517 0.5240
vn 0.2620 -0.8517 0.4538
vn 0.2620 0.8517 0.4538
vn 0.3705 -0.8517 0.3705
vn 0.3705 0.8517 0.3705
vn 0.4538 -0.8517 0.2620
vn 0.4538 0.8517 0.2620
vn 0.5062 -0.8517 0.1356
vn 0.5062 0.8517 0.1356
vn 0.5240 -0.8517 -0.0000
vn 0.5240 0.8517 -0.0000
vn 0.5062 -0.8517 -0.1356
vn 0.5062 0.8517 -0.1356
vn 0.4538 -0.8517 -0.2620
vn 0.4538 0.8517 -0.2620
vn 0.3705 -0.8517 -0.3705
vn 0.3705 0.8517 -0.3705
vn 0.2620 -0.8517 -0.4538
vn 0.2620 0.8517 -0.4538
vn 0.1356 -0.8517 -0.5061
vn 0.1356 0.8517 -0.5062
vn -0.0000 -0.8517 -0.5240
vn -0.0000 0.8517 -0.5240
vn -0.1356 -0.8517 -0.5061
vn -0.1356 -0.8517 -0.5062
vn -0.1356 0.8517 -0.5062
vn -0.2620 -0.8517 -0.4538
vn -0.2620 0.8517 -0.4538
vn -0.3705 -0.8517 -0.3705
vn -0.3705 0.8517 -0.3705
vn -0.4538 -0.8517 -0.2620
vn -0.4538 0.8517 -0.2620
vn -0.5061 -0.8517 -0.1356
vn -0.5061 0.8517 -0.1356
vn -0.5240 -0.8517 -0.0000
vn -0.5240 0.8517 -0.0000
vn -0.5061 -0.8517 0.1356
vn -0.5061 0.8517 0.1356
vn -0.5062 0.8517 0.1356
vn -0.4538 -0.8517 0.2620
vn -0.4538 0.8517 0.2620
vn -0.3705 -0.8517 0.3705
vn -0.3705 0.8517 0.3705
vn -0.2620 -0.8517 0.4538
vn -0.2620 0.8517 0.4538
vn -0.1356 -0.8517 0.5062
vn -0.1356 0.8517 0.5062
vn -0.0000 -0.7101 0.7041
vn -0.1822 -0.7101 0.6801
vn -0.1822 0.7101 0.6801
vn -0.0000 0.7101 0.7041
vn -0.3520 -0.7101 0.6097
vn -0.3520 0.7101 0.6097
vn -0.4978 -0.7101 0.4979
vn -0.4979 -0.7101 0.4979
vn -0.4978 0.7101 0.4978
vn -0.6097 -0.7101 0.3520
vn -0.6097 0.7101 0.3520
vn -0.6801 -0.7101 0.1822
vn -0.6801 0.7101 0.1822
vn -0.7041 -0.7101 -0.0000
vn -0.7041 0.7101 -0.0000
vn -0.6801 -0.7101 -0.1822
vn -0.6801 0.7101 -0.1822
vn -0.6097 -0.7101 -0.3520
vn -0.6098 -0.7101 -0.3520
vn -0.6097 0.7101 -0.3520
vn -0.4979 -0.7101 -0.4978
vn -0.4978 -0.7101 -0.4978
vn -0.4978 0.7101 -0.4979
vn -0.3520 -0.7101 -0.6098
vn -0.3520 0.7101 -0.6097
vn -0.1822 -0.7101 -0.6801
vn -0.1822 0.7101 -0.6801
vn -0.0000 -0.7101 -0.7041
vn -0.0000 0.7101 -0.7041
vn 0.1822 -0.7101 -0.6801
vn 0.1822 0.7101 -0.6801
vn 0.3520 -0.7101 -0.6097
vn 0.3520 -0.7102 -0.6097
vn 0.3520 0.7102 -0.6097
vn 0.4978 -0.7101 -0.4979
vn 0.4979 -0.7101 -0.4978
vn 0.4978 0.7102 -0.4978
vn 0.6097 -0.7101 -0.3520
vn 0.6097 0.7101 -0.3520
vn 0.6801 -0.7101 -0.1822
vn 0.6801 0.7101 -0.1822
vn 0.7041 -0.7102 -0.0000
vn 0.7040 -0.7102 -0.0000
vn 0.7041 0.7101 -0.0000
vn 0.6801 -0.7101 0.1822
vn 0.6801 0.7101 0.1822
vn 0.6097 -0.7101 0.3520
vn 0.6097 0.7102 0.3520
vn 0.4978 -0.7101 0.4978
vn 0.4978 0.7101 0.4978
vn 0.4979 0.7101 0.4978
vn 0.3520 -0.7102 0.6097
vn 0.3520 -0.7101 0.6097
vn 0.3520 0.7101 0.6097
vn 0.1822 -0.7101 0.6801
vn 0.1822 0.7101 0.6801
vn -0.0000 -0.1441 0.9896
vn -0.2561 -0.1441 0.9558
vn -0.4948 -0.1441 0.8570
vn -0.6997 -0.1441 0.6997
vn -0.8570 -0.1441 0.4948
vn -0.9558 -0.1441 0.2561
vn -0.9896 -0.1441 -0.0000
vn -0.9558 -0.1441 -0.2561
vn -0.8570 -0.1441 -0.4948
vn -0.6997 -0.1441 -0.6997
vn -0.4948 -0.1441 -0.8570
vn -0.2561 -0.1441 -0.9558
vn -0.0000 -0.1441 -0.9896
vn 0.2561 -0.1441 -0.9558
vn 0.4948 -0.1441 -0.8570
vn 0.6997 -0.1441 -0.6997
vn 0.8570 -0.1441 -0.4948
vn 0.9558 -0.1441 -0.2561
vn 0.9896 -0.1441 -0.0000
vn 0.9558 -0.1441 0.2561
vn 0.8570 -0.1441 0.4948
vn 0.6997 -0.1441 0.6997
vn 0.4948 -0.1441 0.8570
vn 0.2561 -0.1441 0.9558
vn -0.5991 0.5312 -0.5991
vn 0.5991 0.5311 -0.5991
vn 0.5991 0.5312 -0.5991
vn 0.5991 0.5312 0.5991
vn -0.5991 0.5312 0.5991
vn -0.6048 0.7964 -0.0000
vn 0.6048 0.7964 -0.0000
vn 0.9488 -0.2389 0.2067
vn 0.9487 -0.2391 -0.2068
vn 0.9516 0.2213 -0.2132
vn 0.9517 0.2211 0.2129
vn 0.2899 -0.9542 -0.0742
vn 0.2900 -0.9541 0.0742
vn 0.1316 -0.9545 0.2675
vn -0.1315 -0.9545 0.2675
vn -0.2899 -0.9542 0.0742
vn -0.2900 -0.9541 -0.0742
vn -0.1903 -0.0002 0.9817
vn 0.1903 -0.0002 0.9817
vn 0.1907 -0.0002 0.9817
vn -0.1907 -0.0002 0.9816
vn 0.9798 -0.0002 0.1997
vn 0.9798 -0.0002 -0.1998
vn 0.9798 -0.0002 0.1998
vn -0.9487 -0.2391 0.2068
vn -0.9487 -0.2392 -0.2068
vn -0.8708 -0.4675 -0.1521
vn -0.8707 -0.4677 0.1522
vn -0.2822 0.5197 -0.8064
vn 0.2822 0.5197 -0.8064
vn 0.3726 0.2582 -0.8914
vn -0.3726 0.2581 -0.8914
vn -0.3844 -0.2352 -0.8927
vn 0.3845 -0.2351 -0.8927
vn 0.2657 -0.4531 -0.8510
vn -0.2657 -0.4530 -0.8510
vn 0.2082 0.9779 0.0215
vn 0.2082 0.9779 -0.0215
vn 0.1903 -0.0002 -0.9817
vn -0.1903 -0.0002 -0.9817
vn -0.1907 -0.0002 -0.9817
vn 0.1907 -0.0002 -0.9816
vn -0.1316 -0.9545 -0.2675
vn 0.1315 -0.9545 -0.2675
vn -0.2082 0.9779 -0.0215
vn -0.2082 0.9779 0.0215
vn 0.0457 0.9853 -0.1645
vn -0.0458 0.9853 -0.1646
vn -0.0458 0.9853 0.1645
vn 0.0458 0.9853 0.1644
vn -0.3845 -0.2352 0.8927
vn 0.3844 -0.2352 0.8927
vn 0.3726 0.2581 0.8914
vn -0.3726 0.2582 0.8914
vn -0.9516 0.2213 0.2132
vn -0.9516 0.2210 -0.2134
vn 0.8708 -0.4675 0.1521
vn 0.8707 -0.4676 -0.1522
vn -0.1079 0.9636 0.2447
vn 0.1079 0.9636 0.2447
vn 0.1079 0.9636 -0.2447
vn -0.1079 0.9636 -0.2447
vn 0.2822 0.5197 0.8064
vn -0.2822 0.5197 0.8064
vn -0.3120 0.9461 -0.0869
vn -0.3122 0.9461 0.0869
vn -0.8981 0.4171 0.1398
vn -0.8980 0.4172 -0.1395
vn 0.3120 0.9461 0.0869
vn 0.3121 0.9461 -0.0869
vn 0.8981 0.4171 -0.1398
vn 0.8981 0.4170 0.1397
vn -0.2657 -0.4531 0.8510
vn 0.2657 -0.4530 0.8510
vn -0.9798 -0.0002 -0.1997
vn -0.9798 -0.0002 -0.1998
vn -0.9202 -0.0003 -0.3914
vn -0.9201 -0.0004 -0.3916
vn -0.3739 -0.0004 -0.9275
vn 0.9201 -0.0003 -0.3916
vn 0.9203 -0.0004 -0.3913
vn 0.3738 -0.0003 -0.9275
vn 0.3739 -0.0003 -0.9275
vn 0.3739 -0.0004 0.9275
vn 0.3742 -0.0003 0.9274
vn 0.9202 -0.0003 0.3914
vn 0.9203 -0.0003 0.3912
vn -0.3741 -0.0004 0.9274
vn -0.3739 -0.0003 0.9275
vn -0.9201 -0.0003 0.3916
vn -0.9203 -0.0004 0.3913
vn -0.9798 -0.0002 0.1998
vn 0.7933 -0.2597 -0.5507
vn 0.7027 -0.5164 -0.4894
vn 0.7028 -0.5163 0.4894
vn 0.7933 -0.2597 0.5507
vn 0.2233 -0.9613 -0.1612
vn 0.2233 -0.9613 0.1611
vn -0.7028 -0.5164 0.4894
vn -0.7933 -0.2597 0.5507
vn -0.2233 -0.9614 0.1610
vn -0.7028 -0.5163 -0.4894
vn -0.7933 -0.2597 -0.5507
vn -0.2233 -0.9613 -0.1611
vn 0.1352 0.9869 -0.0885
vn 0.2177 0.9620 -0.1651
vn 0.2177 0.9620 0.1651
vn 0.1348 0.9869 0.0885
vn 0.7151 0.5121 -0.4757
vn 0.7903 0.2599 -0.5549
vn 0.7903 0.2598 0.5549
vn 0.7152 0.5121 0.4757
vn -0.2177 0.9620 0.1651
vn -0.1352 0.9869 0.0885
vn -0.7903 0.2598 0.5549
vn -0.7152 0.5121 0.4757
vn -0.2177 0.9620 -0.1651
vn -0.1348 0.9869 -0.0885
vn -0.7903 0.2598 -0.5549
vn -0.7152 0.5121 -0.4757
vn 0.9487 -0.2391 -0.2067
vn 0.9517 0.2211 -0.2129
vn 0.9516 0.2213 0.2132
vn 0.9487 -0.2390 0.2071
vn 0.2899 -0.9542 0.0742
vn 0.2900 -0.9541 -0.0742
vn -0.1315 -0.9545 -0.2675
vn -0.2899 -0.9542 -0.0742
vn 0.1907 -0.0002 -0.9817
vn 0.9798 -0.0002 -0.1997
vn -0.9487 -0.2390 -0.2071
vn -0.8707 -0.4677 -0.1522
vn -0.8708 -0.4675 0.1521
vn -0.9487 -0.2393 0.2068
vn -0.2822 0.5198 0.8064
vn -0.3726 0.2581 0.8914
vn 0.3726 0.2582 0.8914
vn -0.3845 -0.2351 0.8927
vn -0.2657 -0.4530 0.8510
vn 0.3845 -0.2351 0.8927
vn -0.1907 -0.0002 0.9817
vn -0.1316 -0.9545 0.2675
vn 0.1315 -0.9545 0.2675
vn -0.0458 0.9854 0.1641
vn 0.0457 0.9853 0.1645
vn 0.0458 0.9854 -0.1641
vn -0.0458 0.9853 -0.1645
vn -0.3845 -0.2351 -0.8927
vn -0.3726 0.2582 -0.8914
vn 0.3726 0.2581 -0.8914
vn -0.9517 0.2211 0.2129
vn -0.9517 0.2208 -0.2133
vn 0.8707 -0.4677 0.1522
vn 0.8708 -0.4675 -0.1521
vn 0.2822 0.5198 -0.8064
vn -0.3122 0.9461 -0.0869
vn -0.3120 0.9461 0.0869
vn -0.8981 0.4171 -0.1398
vn -0.8981 0.4170 0.1398
vn 0.3122 0.9461 0.0869
vn 0.3120 0.9461 -0.0869
vn 0.8981 0.4171 0.1398
vn 0.8981 0.4170 -0.1398
vn 0.2657 -0.4530 -0.8510
vn -0.2657 -0.4531 -0.8510
vn -0.9798 -0.0002 0.1997
vn -0.9201 -0.0004 0.3916
vn -0.9202 -0.0003 0.3914
vn -0.3739 -0.0004 0.9275
vn -0.3742 -0.0003 0.9274
vn 0.9203 -0.0004 0.3913
vn 0.9201 -0.0003 0.3916
vn 0.3741 -0.0004 0.9274
vn 0.3739 -0.0003 0.9275
vn 0.3742 -0.0003 -0.9274
vn 0.3739 -0.0004 -0.9275
vn 0.9202 -0.0003 -0.3914
vn 0.9203 -0.0003 -0.3913
vn -0.3739 -0.0003 -0.9275
vn -0.3741 -0.0004 -0.9274
vn -0.9201 -0.0003 -0.3916
vn -0.9203 -0.0004 -0.3913
vn 0.7933 -0.2598 0.5506
vn 0.2233 -0.9613 0.1613
vn 0.2234 -0.9613 -0.1611
vn -0.7028 -0.5164 -0.4894
vn -0.2233 -0.9613 -0.1612
vn -0.7028 -0.5163 0.4894
vn -0.2233 -0.9613 0.1611
vn 0.1352 0.9869 0.0885
vn 0.1348 0.9869 -0.0884
vn 0.2177 0.9619 -0.1652
vn 0.7152 0.5121 -0.4757
vn 0.7903 0.2598 -0.5549
vn -0.1346 0.9869 -0.0884
vn -0.1348 0.9869 0.0885
vn -0.0000 -0.8169 0.5767
vn -0.0000 -0.8169 -0.5767
vn 0.2566 0.9577 0.1302
vn 0.2566 0.9577 -0.1302
vn -0.0000 0.9915 -0.1302
vn -0.0000 0.9915 0.1302
vn -0.4957 0.8587 0.1302
vn -0.4957 0.8587 -0.1302
vn -0.7011 0.7011 -0.1302
vn -0.7011 0.7011 0.1302
vn -0.8587 0.4957 -0.1302
vn -0.8587 0.4957 0.1302
vn -0.9577 0.2566 -0.1302
vn -0.9577 0.2566 0.1302
vn -0.9915 -0.0000 -0.1302
vn -0.9915 -0.0000 0.1302
vn -0.9577 -0.2566 -0.1302
vn -0.9577 -0.2566 0.1302
vn -0.8587 -0.4957 -0.1302
vn -0.8587 -0.4957 0.1302
vn -0.7011 -0.7011 -0.1302
vn -0.7011 -0.7011 0.1302
vn -0.4957 -0.8587 -0.1302
vn -0.4957 -0.8587 0.1302
vn -0.2566 -0.9577 -0.1302
vn -0.2566 -0.9577 0.1302
vn -0.0000 -0.9915 -0.1302
vn -0.0000 -0.9915 0.1302
vn 0.2566 -0.9577 -0.1302
vn 0.2566 -0.9577 0.1302
vn 0.4957 -0.8587 -0.1302
vn 0.4957 -0.8587 0.1302
vn 0.7011 -0.7011 -0.1302
vn 0.7011 -0.7011 0.1302
vn 0.8587 -0.4957 -0.1302
vn 0.8587 -0.4957 0.1302
vn 0.9577 -0.2566 -0.1302
vn 0.9577 -0.2566 0.1302
vn 0.9915 -0.0000 -0.1302
vn 0.9915 -0.0000 0.1302
vn 0.9577 0.2566 -0.1302
vn 0.9577 0.2566 0.1302
vn 0.8587 0.4957 -0.1302
vn 0.8587 0.4957 0.1302
vn 0.7011 0.7011 -0.1302
vn 0.7011 0.7011 0.1302
vn 0.4957 0.8587 -0.1302
vn 0.4957 0.8587 0.1302
vn -0.2566 0.9577 0.1302
vn -0.2566 0.9577 -0.1302
vn 0.8660 -0.5000 -0.0000
vn 0.7071 -0.7071 -0.0000
vn -0.2251 0.8400 0.4936
vn -0.0000 0.8697 0.4936
vn -0.1328 0.4955 0.8584
vn -0.0000 0.5130 0.8584
vn -0.0362 0.1353 0.9901
vn -0.0000 0.1400 0.9901
vn -0.0000 0.8697 -0.4936
vn -0.2251 0.8400 -0.4936
vn -0.0000 0.5130 -0.8584
vn -0.1328 0.4955 -0.8584
vn -0.0000 0.1400 -0.9901
vn -0.0362 0.1353 -0.9901
vn -0.4348 0.7532 0.4936
vn -0.2565 0.4443 0.8584
vn -0.0700 0.1213 0.9901
vn -0.4348 0.7532 -0.4936
vn -0.2565 0.4443 -0.8584
vn -0.0700 0.1213 -0.9901
vn -0.6150 0.6150 0.4936
vn -0.3628 0.3628 0.8584
vn -0.0990 0.0990 0.9901
vn -0.6150 0.6150 -0.4936
vn -0.3628 0.3628 -0.8584
vn -0.0990 0.0990 -0.9901
vn -0.7532 0.4348 0.4936
vn -0.4443 0.2565 0.8584
vn -0.1213 0.0700 0.9901
vn -0.7532 0.4348 -0.4936
vn -0.4443 0.2565 -0.8584
vn -0.1213 0.0700 -0.9901
vn -0.8400 0.2251 0.4936
vn -0.4955 0.1328 0.8584
vn -0.1353 0.0362 0.9901
vn -0.8400 0.2251 -0.4936
vn -0.4955 0.1328 -0.8584
vn -0.1353 0.0362 -0.9901
vn -0.8697 -0.0000 0.4936
vn -0.5130 -0.0000 0.8584
vn -0.1400 -0.0000 0.9901
vn -0.8697 -0.0000 -0.4936
vn -0.5130 -0.0000 -0.8584
vn -0.1400 -0.0000 -0.9901
vn -0.8400 -0.2251 0.4936
vn -0.4955 -0.1328 0.8584
vn -0.1353 -0.0362 0.9901
vn -0.8400 -0.2251 -0.4936
vn -0.4955 -0.1328 -0.8584
vn -0.1353 -0.0362 -0.9901
vn -0.7532 -0.4348 0.4936
vn -0.4443 -0.2565 0.8584
vn -0.1213 -0.0700 0.9901
vn -0.7532 -0.4348 -0.4936
vn -0.4443 -0.2565 -0.8584
vn -0.1213 -0.0700 -0.9901
vn -0.6150 -0.6150 0.4936
vn -0.3628 -0.3628 0.8584
vn -0.0990 -0.0990 0.9901
vn -0.6150 -0.6150 -0.4936
vn -0.3628 -0.3628 -0.8584
vn -0.0990 -0.0990 -0.9901
vn -0.4348 -0.7532 0.4936
vn -0.2565 -0.4443 0.8584
vn -0.0700 -0.1213 0.9901
vn -0.4348 -0.7532 -0.4936
vn -0.2565 -0.4443 -0.8584
vn -0.0700 -0.1213 -0.9901
vn -0.2251 -0.8400 0.4936
vn -0.1328 -0.4955 0.8584
vn -0.0362 -0.1353 0.9901
vn -0.2251 -0.8400 -0.4936
vn -0.1328 -0.4955 -0.8584
vn -0.0362 -0.1353 -0.9901
vn -0.0000 -0.8697 0.4936
vn -0.0000 -0.5130 0.8584
vn -0.0000 -0.1400 0.9901
vn -0.0000 -0.8697 -0.4936
vn -0.0000 -0.5130 -0.8584
vn -0.0000 -0.1400 -0.9901
vn 0.2251 -0.8400 0.4936
vn 0.1328 -0.4955 0.8584
vn 0.0362 -0.1353 0.9901
vn 0.2251 -0.8400 -0.4936
vn 0.1328 -0.4955 -0.8584
vn 0.0362 -0.1353 -0.9901
vn 0.4348 -0.7532 0.4936
vn 0.2565 -0.4443 0.8584
vn 0.0700 -0.1213 0.9901
vn 0.4348 -0.7532 -0.4936
vn 0.2565 -0.4443 -0.8584
vn 0.0700 -0.1213 -0.9901
vn 0.6150 -0.6150 0.4936
vn 0.3628 -0.3628 0.8584
vn 0.0990 -0.0990 0.9901
vn 0.6150 -0.6150 -0.4936
vn 0.3628 -0.3628 -0.8584
vn 0.0990 -0.0990 -0.9901
vn 0.7532 -0.4348 0.4936
vn 0.4443 -0.2565 0.8584
vn 0.1213 -0.0700 0.9901
vn 0.7532 -0.4348 -0.4936
vn 0.4443 -0.2565 -0.8584
vn 0.1213 -0.0700 -0.9901
vn 0.8400 -0.2251 0.4936
vn 0.4955 -0.1328 0.8584
vn 0.1353 -0.0362 0.9901
vn 0.8400 -0.2251 -0.4936
vn 0.4955 -0.1328 -0.8584
vn 0.1353 -0.0362 -0.9901
vn 0.8697 -0.0000 0.4936
vn 0.5130 -0.0000 0.8584
vn 0.1400 -0.0000 0.9901
vn 0.8697 -0.0000 -0.4936
vn 0.5130 -0.0000 -0.8584
vn 0.1400 -0.0000 -0.9901
vn 0.8400 0.2251 0.4936
vn 0.4955 0.1328 0.8584
vn 0.1353 0.0362 0.9901
vn 0.8400 0.2251 -0.4936
vn 0.4955 0.1328 -0.8584
vn 0.1353 0.0362 -0.9901
vn 0.7532 0.4348 0.4936
vn 0.4443 0.2565 0.8584
vn 0.1213 0.0700 0.9901
vn 0.7532 0.4348 -0.4936
vn 0.4443 0.2565 -0.8584
vn 0.1213 0.0700 -0.9901
vn 0.6150 0.6150 0.4936
vn 0.3628 0.3628 0.8584
vn 0.0990 0.0990 0.9901
vn 0.6150 0.6150 -0.4936
vn 0.3628 0.3628 -0.8584
vn 0.0990 0.0990 -0.9901
vn 0.4348 0.7532 0.4936
vn 0.2565 0.4443 0.8584
vn 0.0700 0.1213 0.9901
vn 0.4348 0.7532 -0.4936
vn 0.2565 0.4443 -0.8584
vn 0.0700 0.1213 -0.9901
vn 0.2251 0.8400 0.4936
vn 0.1328 0.4955 0.8584
vn 0.0362 0.1353 0.9901
vn 0.2251 0.8400 -0.4936
vn 0.1328 0.4955 -0.8584
vn 0.0362 0.1353 -0.9901
vn 0.7858 -0.4537 -0.4204
vn 0.6416 -0.6416 -0.4204
vn 0.5905 -0.5905 -0.5501
vn 0.7232 -0.4176 -0.5501
vn -0.9659 -0.2588 -0.0000
vn 0.2588 0.9659 -0.0000
vn 0.9659 -0.2588 -0.0000
vn -0.8660 -0.5000 -0.0000
vn -0.2588 0.9659 -0.0000
vn -0.7071 -0.7071 -0.0000
vn -0.5000 0.8660 -0.0000
vn 0.9659 0.2588 -0.0000
vn -0.5000 -0.8660 -0.0000
vn -0.7071 0.7071 -0.0000
vn 0.8660 0.5000 -0.0000
vn -0.2588 -0.9659 -0.0000
vn 0.2588 -0.9659 -0.0000
vn -0.8660 0.5000 -0.0000
vn 0.7071 0.7071 -0.0000
vn 0.5000 -0.8660 -0.0000
vn -0.9659 0.2588 -0.0000
vn 0.5000 0.8660 -0.0000
vn -0.0000 0.9074 -0.4204
vn 0.2348 0.8764 -0.4204
vn 0.2161 0.8066 -0.5502
vn -0.0000 0.8351 -0.5501
vn -0.6416 -0.6416 -0.4204
vn -0.7858 -0.4537 -0.4204
vn -0.7232 -0.4175 -0.5502
vn -0.5905 -0.5905 -0.5501
vn 0.8764 -0.2348 -0.4204
vn 0.8066 -0.2161 -0.5502
vn -0.4537 -0.7858 -0.4204
vn -0.4176 -0.7232 -0.5501
vn -0.4537 0.7858 -0.4204
vn -0.2348 0.8764 -0.4204
vn -0.2161 0.8066 -0.5502
vn -0.4175 0.7232 -0.5502
vn -0.6416 0.6416 -0.4204
vn -0.5905 0.5905 -0.5501
vn 0.9074 -0.0000 -0.4204
vn 0.8351 -0.0000 -0.5501
vn -0.2348 -0.8764 -0.4204
vn -0.2161 -0.8066 -0.5502
vn -0.7858 0.4537 -0.4203
vn -0.7232 0.4175 -0.5501
vn 0.8764 0.2348 -0.4204
vn 0.8066 0.2161 -0.5501
vn -0.0000 -0.9073 -0.4204
vn -0.0000 -0.8351 -0.5502
vn -0.8764 0.2348 -0.4204
vn -0.8066 0.2161 -0.5501
vn 0.7858 0.4537 -0.4204
vn 0.7232 0.4176 -0.5501
vn 0.2348 -0.8764 -0.4204
vn 0.2161 -0.8066 -0.5502
vn -0.9074 -0.0000 -0.4204
vn -0.8351 -0.0000 -0.5501
vn 0.6416 0.6416 -0.4204
vn 0.5905 0.5905 -0.5501
vn 0.4537 -0.7858 -0.4203
vn 0.4175 -0.7232 -0.5501
vn -0.8764 -0.2348 -0.4204
vn -0.8066 -0.2161 -0.5501
vn 0.4537 0.7858 -0.4204
vn 0.4175 0.7232 -0.5501
vn -0.0000 0.2858 -0.9583
vn -0.0740 0.2761 -0.9583
vn -0.1482 0.5532 -0.8197
vn -0.0000 0.5727 -0.8197
vn -0.0000 0.8350 -0.5502
vn -0.1429 0.2475 -0.9583
vn -0.2864 0.4960 -0.8197
vn -0.2021 0.2021 -0.9583
vn -0.4050 0.4050 -0.8197
vn -0.5904 0.5905 -0.5502
vn -0.2475 0.1429 -0.9583
vn -0.4960 0.2864 -0.8197
vn -0.7231 0.4175 -0.5502
vn -0.2761 0.0740 -0.9583
vn -0.5532 0.1482 -0.8197
vn -0.8066 0.2161 -0.5502
vn -0.2858 -0.0000 -0.9583
vn -0.5727 -0.0000 -0.8197
vn -0.8350 -0.0000 -0.5502
vn -0.2761 -0.0740 -0.9583
vn -0.5532 -0.1482 -0.8197
vn -0.8066 -0.2161 -0.5502
vn -0.2475 -0.1429 -0.9583
vn -0.4960 -0.2864 -0.8197
vn -0.7231 -0.4175 -0.5502
vn -0.2021 -0.2021 -0.9583
vn -0.4050 -0.4050 -0.8197
vn -0.5904 -0.5904 -0.5502
vn -0.1429 -0.2475 -0.9583
vn -0.2864 -0.4960 -0.8197
vn -0.4175 -0.7231 -0.5502
vn -0.0740 -0.2761 -0.9583
vn -0.1482 -0.5532 -0.8197
vn -0.0000 -0.2858 -0.9583
vn -0.0000 -0.5727 -0.8197
vn -0.0000 -0.8350 -0.5502
vn 0.0740 -0.2761 -0.9583
vn 0.1482 -0.5532 -0.8197
vn 0.1429 -0.2475 -0.9583
vn 0.2864 -0.4960 -0.8197
vn 0.4175 -0.7231 -0.5502
vn 0.2021 -0.2021 -0.9583
vn 0.4050 -0.4050 -0.8197
vn 0.5904 -0.5905 -0.5502
vn 0.2475 -0.1429 -0.9583
vn 0.4960 -0.2864 -0.8197
vn 0.7231 -0.4175 -0.5502
vn 0.2761 -0.0740 -0.9583
vn 0.5532 -0.1482 -0.8197
vn 0.2858 -0.0000 -0.9583
vn 0.5727 -0.0000 -0.8197
vn 0.8350 -0.0000 -0.5502
vn 0.2761 0.0740 -0.9583
vn 0.5532 0.1482 -0.8197
vn 0.8066 0.2161 -0.5502
vn 0.2475 0.1429 -0.9583
vn 0.4960 0.2864 -0.8197
vn 0.7231 0.4175 -0.5502
vn 0.2021 0.2021 -0.9583
vn 0.4050 0.4050 -0.8197
vn 0.5904 0.5904 -0.5502
vn 0.1429 0.2475 -0.9583
vn 0.2864 0.4960 -0.8197
vn 0.4175 0.7231 -0.5502
vn 0.0740 0.2761 -0.9583
vn 0.1482 0.5532 -0.8197
vn -0.0000 0.2023 -0.9793
vn -0.0524 0.1954 -0.9793
vn -0.1012 0.1752 -0.9793
vn -0.1431 0.1431 -0.9793
vn -0.1752 0.1012 -0.9793
vn -0.1954 0.0524 -0.9793
vn -0.2023 -0.0000 -0.9793
vn -0.1954 -0.0524 -0.9793
vn -0.1752 -0.1012 -0.9793
vn -0.1431 -0.1431 -0.9793
vn -0.1012 -0.1752 -0.9793
vn -0.0524 -0.1954 -0.9793
vn -0.0000 -0.2023 -0.9793
vn 0.0524 -0.1954 -0.9793
vn 0.1012 -0.1752 -0.9793
vn 0.1431 -0.1431 -0.9793
vn 0.1752 -0.1012 -0.9793
vn 0.1954 -0.0524 -0.9793
vn 0.2023 -0.0000 -0.9793
vn 0.1954 0.0524 -0.9793
vn 0.1752 0.1012 -0.9793
vn 0.1431 0.1431 -0.9793
vn 0.1012 0.1752 -0.9793
vn 0.0524 0.1954 -0.9793
vn 0.7858 -0.4537 0.4204
vn 0.7232 -0.4175 0.5501
vn 0.5905 -0.5905 0.5501
vn 0.6416 -0.6416 0.4204
vn -0.0000 0.9073 0.4204
vn -0.0000 0.8351 0.5501
vn 0.2161 0.8066 0.5502
vn 0.2348 0.8764 0.4204
vn -0.6416 -0.6416 0.4203
vn -0.5905 -0.5905 0.5501
vn -0.7232 -0.4175 0.5502
vn -0.7858 -0.4537 0.4204
vn 0.8764 -0.2348 0.4205
vn 0.8066 -0.2161 0.5502
vn -0.4537 -0.7858 0.4204
vn -0.4175 -0.7232 0.5501
vn -0.4537 0.7858 0.4204
vn -0.4175 0.7232 0.5502
vn -0.2161 0.8066 0.5502
vn -0.2348 0.8764 0.4204
vn -0.6416 0.6416 0.4204
vn -0.5905 0.5905 0.5502
vn 0.9073 -0.0000 0.4204
vn 0.8350 -0.0000 0.5502
vn -0.2348 -0.8764 0.4204
vn -0.2161 -0.8066 0.5502
vn -0.7858 0.4537 0.4204
vn -0.7232 0.4175 0.5502
vn 0.8764 0.2348 0.4205
vn 0.8066 0.2161 0.5502
vn -0.0000 -0.9074 0.4204
vn -0.0000 -0.8351 0.5501
vn -0.8764 0.2348 0.4204
vn -0.8066 0.2161 0.5502
vn 0.7858 0.4537 0.4204
vn 0.7232 0.4175 0.5502
vn 0.2348 -0.8764 0.4204
vn 0.2161 -0.8066 0.5501
vn -0.9073 -0.0000 0.4204
vn -0.8350 -0.0000 0.5502
vn 0.6416 0.6416 0.4204
vn 0.5905 0.5905 0.5502
vn 0.4537 -0.7858 0.4203
vn 0.4176 -0.7232 0.5501
vn -0.8764 -0.2349 0.4204
vn -0.8066 -0.2161 0.5502
vn 0.4537 0.7858 0.4204
vn 0.4175 0.7232 0.5502
vn -0.0000 0.2858 0.9583
vn -0.0000 0.5727 0.8197
vn -0.1482 0.5532 0.8197
vn -0.0740 0.2761 0.9583
vn -0.0000 0.8350 0.5502
vn -0.2864 0.4960 0.8197
vn -0.1429 0.2475 0.9583
vn -0.4175 0.7231 0.5502
vn -0.4050 0.4050 0.8197
vn -0.2021 0.2021 0.9583
vn -0.5905 0.5904 0.5502
vn -0.4960 0.2864 0.8197
vn -0.2475 0.1429 0.9583
vn -0.5532 0.1482 0.8197
vn -0.2761 0.0740 0.9583
vn -0.5727 -0.0000 0.8197
vn -0.2858 -0.0000 0.9583
vn -0.5532 -0.1482 0.8197
vn -0.2761 -0.0740 0.9583
vn -0.4960 -0.2864 0.8197
vn -0.2475 -0.1429 0.9583
vn -0.7231 -0.4175 0.5502
vn -0.4050 -0.4050 0.8197
vn -0.2021 -0.2021 0.9583
vn -0.5904 -0.5905 0.5502
vn -0.2864 -0.4960 0.8197
vn -0.1429 -0.2475 0.9583
vn -0.4175 -0.7231 0.5502
vn -0.1482 -0.5532 0.8197
vn -0.0740 -0.2761 0.9583
vn -0.0000 -0.5727 0.8197
vn -0.0000 -0.2858 0.9583
vn -0.0000 -0.8350 0.5502
vn 0.1482 -0.5532 0.8197
vn 0.0740 -0.2761 0.9583
vn 0.2161 -0.8066 0.5502
vn 0.2864 -0.4960 0.8197
vn 0.1429 -0.2475 0.9583
vn 0.4175 -0.7231 0.5502
vn 0.4050 -0.4050 0.8197
vn 0.2021 -0.2021 0.9583
vn 0.5905 -0.5904 0.5502
vn 0.4960 -0.2864 0.8197
vn 0.2475 -0.1429 0.9583
vn 0.7232 -0.4175 0.5502
vn 0.5532 -0.1482 0.8197
vn 0.2761 -0.0740 0.9583
vn 0.5727 -0.0000 0.8197
vn 0.2858 -0.0000 0.9583
vn 0.5532 0.1482 0.8197
vn 0.2761 0.0740 0.9583
vn 0.4960 0.2864 0.8197
vn 0.2475 0.1429 0.9583
vn 0.7231 0.4175 0.5502
vn 0.4050 0.4050 0.8197
vn 0.2021 0.2021 0.9583
vn 0.5904 0.5904 0.5502
vn 0.2864 0.4960 0.8197
vn 0.1429 0.2475 0.9583
vn 0.4175 0.7231 0.5502
vn 0.1482 0.5532 0.8197
vn 0.0740 0.2761 0.9583
vn -0.0000 0.2023 0.9793
vn -0.0524 0.1954 0.9793
vn -0.1012 0.1752 0.9793
vn -0.1431 0.1431 0.9793
vn -0.1752 0.1012 0.9793
vn -0.1955 0.0524 0.9793
vn -0.2023 -0.0000 0.9793
vn -0.1955 -0.0524 0.9793
vn -0.1752 -0.1012 0.9793
vn -0.1431 -0.1431 0.9793
vn -0.1012 -0.1752 0.9793
vn -0.0524 -0.1955 0.9793
vn -0.0000 -0.2023 0.9793
vn 0.0524 -0.1955 0.9793
vn 0.1012 -0.1752 0.9793
vn 0.1431 -0.1431 0.9793
vn 0.1752 -0.1012 0.9793
vn 0.1955 -0.0524 0.9793
vn 0.2023 -0.0000 0.9793
vn 0.1955 0.0524 0.9793
vn 0.1752 0.1012 0.9793
vn 0.1431 0.1431 0.9793
vn 0.1012 0.1752 0.9793
vn 0.0524 0.1954 0.9793
vn -0.1316 0.9913 -0.0000
vn -0.1098 0.9940 -0.0000
vn -0.1470 -0.0000 0.9891
vn 0.0901 -0.0000 0.9959
vn -0.1098 -0.9940 -0.0000
vn -0.1316 -0.9913 -0.0000
vn 0.0370 -0.9993 -0.0000
vn 0.0360 -0.9994 -0.0000
vn 0.0371 0.9993 -0.0000
vn 0.0382 0.9993 -0.0000
vn 0.9649 -0.2627 -0.0000
vn 0.9649 0.2628 -0.0000
vn 0.9649 0.2627 -0.0000
vn 0.9649 -0.2628 -0.0000
vn 0.1414 0.9900 -0.0000
vn -0.1414 0.9900 -0.0000
vn -0.1414 -0.9900 -0.0000
vn 0.1414 -0.9900 -0.0000
vn -0.9649 0.2628 -0.0000
vn -0.9649 -0.2628 -0.0000
vn 0.8619 0.5070 -0.0000
vn 0.2800 0.9600 -0.0000
vn -0.8619 0.5071 -0.0000
vn -0.2800 0.9600 -0.0000
vn -0.2800 -0.9600 -0.0000
vn -0.8619 -0.5071 -0.0000
vn -0.8619 -0.5070 -0.0000
vn 0.8619 -0.5070 -0.0000
vn 0.2800 -0.9600 -0.0000
vn 0.5435 -0.0000 -0.8394
vn -0.4871 -0.0000 -0.8733
vn 0.6481 -0.0000 -0.7615
vn -0.3991 -0.0000 -0.9169
vn 0.7196 -0.0000 -0.6943
vn -0.3074 -0.0000 -0.9516
vn 0.7842 -0.0000 -0.6205
vn -0.2126 -0.0000 -0.9771
vn 0.8413 -0.0000 -0.5406
vn -0.1158 -0.0000 -0.9933
vn 0.8902 -0.0000 -0.4555
vn -0.0179 -0.0000 -0.9998
vn 0.9306 -0.0000 -0.3661
vn 0.0802 -0.0000 -0.9968
vn 0.9620 -0.0000 -0.2731
vn 0.2908 -0.0000 -0.9568
vn 0.1501 -0.0000 -0.9887
vn 0.1478 -0.0000 -0.9890
vn -0.9649 -0.2627 -0.0000
vn 0.2984 -0.9544 -0.0000
vn 0.1510 -0.9885 -0.0000
vn 0.9687 -0.2483 -0.0000
vn 0.8767 -0.4810 -0.0000
vn -0.8767 -0.4810 -0.0000
vn -0.9687 -0.2483 -0.0000
vn -0.1510 -0.9885 -0.0000
vn -0.2984 -0.9544 -0.0000
vn -0.2984 0.9544 -0.0000
vn -0.1510 0.9885 -0.0000
vn -0.9687 0.2483 -0.0000
vn -0.8767 0.4810 -0.0000
vn -0.8767 0.4811 -0.0000
vn 0.2984 0.9544 -0.0000
vn 0.2985 0.9544 -0.0000
vn 0.1510 0.9885 -0.0000
vn 0.9687 0.2483 -0.0000
vn 0.8767 0.4810 -0.0000
vn 0.0742 0.9972 -0.0000
vn 0.0720 -0.9974 -0.0000
vn 0.5757 -0.8177 -0.0000
vn 0.5757 -0.8176 -0.0000
vn -0.0000 0.8177 -0.5757
vn -0.0000 -0.8177 -0.5757
vn -0.2182 0.9759 -0.0000
vn -0.2182 -0.9759 -0.0000
vn 1.0000 0.0001 -0.0000
vn -0.1470 -0.0000 -0.9891
vn 0.0901 -0.0000 -0.9959
vn -0.9649 0.2627 -0.0000
vn 0.8619 0.5071 -0.0000
vn 0.8619 -0.5071 -0.0000
vn 0.5434 -0.0000 0.8394
vn 0.5435 -0.0000 0.8394
vn -0.4871 -0.0000 0.8733
vn 0.6481 -0.0000 0.7615
vn -0.3991 -0.0000 0.9169
vn 0.7196 -0.0000 0.6943
vn -0.3074 -0.0000 0.9516
vn 0.7842 -0.0000 0.6205
vn -0.2126 -0.0000 0.9771
vn 0.8413 -0.0000 0.5406
vn -0.1158 -0.0000 0.9933
vn 0.8902 -0.0000 0.4555
vn -0.0179 -0.0000 0.9998
vn 0.9306 -0.0000 0.3661
vn 0.0802 -0.0000 0.9968
vn 0.9620 -0.0000 0.2731
vn 0.2908 -0.0000 0.9568
vn 0.1478 -0.0000 0.9890
vn 0.1501 -0.0000 0.9887
vn -0.8619 0.5070 -0.0000
vn -0.8767 -0.4811 -0.0000
vn -0.0000 0.8177 0.5757
vn -0.0000 -0.8177 0.5757
vn -0.9914 -0.0000 -0.1305
vn -0.9239 -0.0000 -0.3827
vn -0.7934 -0.0000 -0.6088
vn -0.3827 -0.0000 -0.9239
vn 0.3827 -0.0000 -0.9239
vn -0.4478 -0.0000 -0.8941
vn -0.9914 -0.0000 0.1305
vn -0.9239 -0.0000 0.3827
vn -0.7934 -0.0000 0.6088
vn -0.3827 -0.0000 0.9239
vn 0.3827 -0.0000 0.9239
vn -0.4478 -0.0000 0.8941
vn -0.9332 -0.0500 0.3559
vn -0.9435 -0.0932 0.3181
vn -0.9230 -0.0082 0.3847
vn -0.9233 -0.0054 0.3840
vn -0.9318 0.0486 -0.3598
vn -0.9419 0.0918 -0.3230
vn -0.9222 0.0076 -0.3867
vn -0.9228 0.0051 -0.3852
vn -0.9382 0.3419 0.0540
vn -0.9462 0.3098 0.0937
vn -0.9272 0.3744 0.0071
vn -0.9273 0.3744 0.0050
vn -0.9380 -0.3430 -0.0492
vn -0.9464 -0.3108 -0.0885
vn -0.9265 -0.3762 -0.0045
vn -0.9265 -0.3763 -0.0031
vn -0.6161 -0.7751 -0.1401
vn -0.6249 -0.7585 -0.1850
vn -0.5817 -0.8134 -0.0025
vn -0.5819 -0.8132 -0.0019
vn 0.1999 0.9703 0.1366
vn 0.1738 0.9500 0.2592
vn 0.1620 0.9868 -0.0062
vn 0.1320 0.9912 -0.0042
vn -0.4831 0.2252 -0.8461
vn -0.5483 0.1093 -0.8291
vn -0.6026 0.0024 -0.7981
vn -0.6005 0.0039 -0.7996
vn -0.6266 -0.1253 0.7692
vn -0.6334 -0.1690 0.7551
vn -0.6032 -0.0047 0.7976
vn -0.6045 -0.0025 0.7966
vn -0.9273 0.3744 -0.0049
vn -0.9272 0.3744 -0.0071
vn -0.9462 0.3098 -0.0937
vn -0.9382 0.3419 -0.0540
vn -0.6026 0.0024 0.7980
vn -0.6005 0.0039 0.7996
vn -0.6045 -0.0025 -0.7966
vn -0.6032 -0.0047 -0.7976
vn -0.6333 -0.1689 -0.7552
vn -0.6266 -0.1253 -0.7692
vn -0.9233 -0.0054 -0.3840
vn -0.9230 -0.0083 -0.3848
vn -0.9435 -0.0932 -0.3181
vn -0.9332 -0.0500 -0.3558
vn -0.9222 0.0076 0.3867
vn -0.9228 0.0051 0.3852
vn -0.5483 0.1093 0.8291
vn -0.4832 0.2251 0.8461
vn -0.5818 -0.8133 0.0025
vn -0.5820 -0.8132 0.0019
vn -0.6249 -0.7585 0.1850
vn -0.6162 -0.7751 0.1401
vn 0.1620 0.9868 0.0062
vn 0.1320 0.9912 0.0042
vn -0.9266 -0.3761 0.0032
vn -0.9265 -0.3762 0.0045
vn -0.9462 -0.3112 0.0883
vn -0.9380 -0.3430 0.0492
vn -0.9419 0.0918 0.3230
vn -0.9318 0.0486 0.3598
vn -0.9565 -0.2011 0.2113
vn -0.9566 -0.2070 0.2051
vn -0.6447 -0.2808 -0.7110
vn -0.6418 -0.7004 -0.3123
vn -0.9555 0.2002 -0.2168
vn -0.9557 0.2061 -0.2102
vn -0.4144 0.3300 0.8482
vn 0.1389 0.9055 0.4010
vn -0.6447 -0.2808 0.7110
vn -0.6448 -0.2808 0.7109
vn -0.6419 -0.7004 0.3122
vn -0.6418 -0.7004 0.3123
vn -0.9566 -0.2070 -0.2050
vn -0.9565 -0.2009 -0.2113
vn -0.4143 0.3299 -0.8482
vn 0.1390 0.9055 -0.4010
vn 0.1999 0.9703 -0.1366
vn 0.1738 0.9500 -0.2592
vn 0.1389 0.9055 -0.4010
vn -0.9556 0.2061 0.2105
vn -0.9555 0.1998 0.2169
vn -0.9362 -0.0557 0.3470
vn -0.9454 -0.0979 0.3108
vn -0.9270 -0.0122 0.3748
vn -0.9273 -0.0078 0.3742
vn -0.9342 0.0551 -0.3523
vn -0.9433 0.0973 -0.3172
vn -0.9259 0.0122 -0.3776
vn -0.9266 0.0082 -0.3760
vn -0.9385 0.3407 0.0551
vn -0.9462 0.3095 0.0940
vn -0.9280 0.3725 0.0083
vn -0.9281 0.3724 0.0058
vn -0.9392 -0.3398 -0.0501
vn -0.9471 -0.3085 -0.0883
vn -0.9282 -0.3721 -0.0057
vn -0.9282 -0.3720 -0.0040
vn 0.9572 -0.2802 -0.0721
vn 0.9492 -0.3128 -0.0327
vn 0.9392 -0.3433 0.0035
vn 0.9389 -0.3443 0.0051
vn 0.9562 0.2847 0.0680
vn 0.9476 0.3182 0.0285
vn 0.9369 0.3495 -0.0053
vn 0.9366 0.3504 -0.0077
vn 0.9520 0.0638 -0.2995
vn 0.9411 0.0204 -0.3376
vn 0.9328 -0.0065 -0.3603
vn 0.9317 -0.0097 -0.3631
vn 0.9517 -0.0616 0.3008
vn 0.9409 -0.0188 0.3381
vn 0.9329 0.0065 0.3602
vn 0.9317 0.0101 0.3630
vn -0.9281 0.3724 -0.0058
vn -0.9280 0.3725 -0.0083
vn -0.9462 0.3095 -0.0940
vn -0.9385 0.3408 -0.0551
vn 0.9328 -0.0065 0.3603
vn 0.9317 -0.0097 0.3630
vn 0.9318 0.0101 -0.3630
vn 0.9329 0.0066 -0.3602
vn 0.9409 -0.0188 -0.3380
vn 0.9517 -0.0616 -0.3008
vn -0.9273 -0.0078 -0.3741
vn -0.9270 -0.0122 -0.3748
vn -0.9454 -0.0979 -0.3108
vn -0.9362 -0.0557 -0.3470
vn -0.9259 0.0122 0.3776
vn -0.9266 0.0083 0.3760
vn 0.9411 0.0204 0.3376
vn 0.9520 0.0638 0.2995
vn 0.9392 -0.3433 -0.0036
vn 0.9389 -0.3441 -0.0051
vn 0.9492 -0.3129 0.0327
vn 0.9572 -0.2802 0.0721
vn 0.9368 0.3499 0.0054
vn 0.9366 0.3502 0.0078
vn -0.9283 -0.3719 0.0040
vn -0.9282 -0.3719 0.0057
vn -0.9471 -0.3085 0.0883
vn -0.9392 -0.3398 0.0501
vn -0.9434 0.0973 0.3172
vn -0.9342 0.0550 0.3523
vn -0.9571 -0.2021 0.2078
vn -0.9572 -0.2081 0.2012
vn 0.9661 -0.1698 -0.1943
vn 0.9663 -0.1755 -0.1882
vn -0.9555 0.2027 -0.2142
vn -0.9557 0.2086 -0.2078
vn 0.9661 0.1731 0.1915
vn 0.9663 0.1791 0.1850
vn 0.9663 -0.1755 0.1883
vn 0.9661 -0.1698 0.1943
vn -0.9571 -0.2083 -0.2013
vn -0.9571 -0.2021 -0.2076
vn 0.9663 0.1789 -0.1852
vn 0.9661 0.1729 -0.1915
vn 0.9562 0.2848 -0.0679
vn 0.9475 0.3185 -0.0286
vn -0.9556 0.2086 0.2080
vn -0.9556 0.2023 0.2143
vn -0.9397 -0.0621 0.3363
vn -0.9478 -0.1030 0.3018
vn -0.9315 -0.0166 0.3635
vn -0.9317 -0.0104 0.3632
vn -0.9370 0.0627 -0.3437
vn -0.9450 0.1038 -0.3102
vn -0.9299 0.0179 -0.3674
vn -0.9306 0.0122 -0.3657
vn -0.9389 0.3396 0.0562
vn -0.9463 0.3092 0.0940
vn -0.9288 0.3706 0.0096
vn -0.9288 0.3706 0.0066
vn -0.9407 -0.3355 -0.0508
vn -0.9482 -0.3053 -0.0878
vn -0.9303 -0.3668 -0.0070
vn -0.9303 -0.3667 -0.0048
vn 0.9620 -0.2644 -0.0675
vn 0.9545 -0.2967 -0.0292
vn 0.9453 -0.3261 0.0044
vn 0.9449 -0.3272 0.0064
vn 0.9605 0.2710 0.0637
vn 0.9523 0.3040 0.0252
vn 0.9423 0.3346 -0.0063
vn 0.9421 0.3353 -0.0090
vn 0.9557 0.0539 -0.2895
vn 0.9452 0.0115 -0.3262
vn 0.9386 -0.0101 -0.3449
vn 0.9371 -0.0149 -0.3487
vn 0.9559 -0.0518 0.2891
vn 0.9457 -0.0103 0.3248
vn 0.9389 0.0091 0.3441
vn 0.9376 0.0143 0.3475
vn -0.9287 0.3707 -0.0066
vn -0.9288 0.3706 -0.0096
vn -0.9463 0.3092 -0.0940
vn -0.9389 0.3396 -0.0562
vn 0.9386 -0.0101 0.3449
vn 0.9371 -0.0148 0.3487
vn 0.9376 0.0143 -0.3475
vn 0.9389 0.0091 -0.3441
vn 0.9457 -0.0103 -0.3248
vn 0.9559 -0.0519 -0.2890
vn -0.9317 -0.0104 -0.3632
vn -0.9315 -0.0167 -0.3635
vn -0.9478 -0.1030 -0.3017
vn -0.9397 -0.0621 -0.3364
vn -0.9299 0.0179 0.3674
vn -0.9307 0.0122 0.3657
vn 0.9452 0.0115 0.3262
vn 0.9556 0.0540 0.2895
vn 0.9453 -0.3262 -0.0044
vn 0.9449 -0.3272 -0.0064
vn 0.9545 -0.2966 0.0292
vn 0.9620 -0.2645 0.0675
vn 0.9424 0.3346 0.0063
vn 0.9419 0.3357 0.0090
vn -0.9303 -0.3668 0.0048
vn -0.9303 -0.3667 0.0070
vn -0.9482 -0.3052 0.0878
vn -0.9407 -0.3355 0.0508
vn -0.9450 0.1038 0.3103
vn -0.9370 0.0627 0.3437
vn -0.9579 -0.2030 0.2028
vn -0.9580 -0.2088 0.1966
vn 0.9700 -0.1569 -0.1858
vn 0.9702 -0.1625 -0.1799
vn -0.9556 0.2057 -0.2109
vn -0.9557 0.2115 -0.2046
vn 0.9696 0.1610 0.1843
vn 0.9697 0.1667 0.1784
vn 0.9702 -0.1624 0.1800
vn 0.9700 -0.1569 0.1858
vn -0.9580 -0.2089 -0.1966
vn -0.9580 -0.2030 -0.2027
vn 0.9697 0.1667 -0.1783
vn 0.9696 0.1610 -0.1843
vn 0.9605 0.2709 -0.0639
vn 0.9523 0.3041 -0.0253
vn -0.9557 0.2117 0.2047
vn -0.9556 0.2055 0.2110
vn -0.9427 -0.0692 0.3263
vn -0.9499 -0.1087 0.2930
vn -0.9353 -0.0213 0.3531
vn -0.9354 -0.0130 0.3533
vn -0.9393 0.0716 -0.3357
vn -0.9462 0.1115 -0.3037
vn -0.9333 0.0244 -0.3582
vn -0.9341 0.0168 -0.3566
vn -0.9387 0.3399 0.0572
vn -0.9459 0.3104 0.0941
vn -0.9289 0.3703 0.0108
vn -0.9289 0.3703 0.0074
vn -0.9418 -0.3321 -0.0515
vn -0.9490 -0.3029 -0.0873
vn -0.9320 -0.3624 -0.0082
vn -0.9319 -0.3627 -0.0057
vn 0.9671 -0.2467 -0.0626
vn 0.9601 -0.2784 -0.0255
vn 0.9518 -0.3067 0.0053
vn 0.9514 -0.3079 0.0077
vn 0.9651 0.2551 0.0594
vn 0.9574 0.2879 0.0221
vn 0.9481 0.3180 -0.0072
vn 0.9477 0.3189 -0.0103
vn 0.9594 0.0425 -0.2789
vn 0.9494 0.0010 -0.3141
vn 0.9443 -0.0145 -0.3287
vn 0.9425 -0.0210 -0.3336
vn 0.9603 -0.0409 0.2759
vn 0.9506 -0.0008 0.3104
vn 0.9449 0.0118 0.3271
vn 0.9434 0.0189 0.3310
vn -0.9289 0.3704 -0.0075
vn -0.9289 0.3703 -0.0108
vn -0.9459 0.3104 -0.0941
vn -0.9387 0.3399 -0.0572
vn 0.9443 -0.0145 0.3288
vn 0.9425 -0.0210 0.3336
vn 0.9434 0.0189 -0.3310
vn 0.9449 0.0119 -0.3271
vn 0.9506 -0.0008 -0.3104
vn 0.9603 -0.0409 -0.2759
vn -0.9354 -0.0130 -0.3533
vn -0.9353 -0.0213 -0.3531
vn -0.9499 -0.1087 -0.2930
vn -0.9427 -0.0691 -0.3263
vn -0.9333 0.0244 0.3582
vn -0.9341 0.0168 0.3566
vn 0.9494 0.0010 0.3141
vn 0.9594 0.0425 0.2789
vn 0.9517 -0.3069 -0.0053
vn 0.9513 -0.3081 -0.0077
vn 0.9601 -0.2784 0.0255
vn 0.9670 -0.2468 0.0625
vn 0.9481 0.3180 0.0072
vn 0.9477 0.3189 0.0104
vn -0.9320 -0.3624 0.0057
vn -0.9320 -0.3624 0.0082
vn -0.9490 -0.3029 0.0873
vn -0.9418 -0.3321 0.0515
vn -0.9462 0.1116 0.3038
vn -0.9393 0.0716 0.3356
vn -0.9586 -0.2048 0.1979
vn -0.9586 -0.2103 0.1921
vn 0.9740 -0.1424 -0.1764
vn 0.9741 -0.1477 -0.1710
vn -0.9553 0.2099 -0.2081
vn -0.9554 0.2156 -0.2019
vn 0.9732 0.1473 0.1768
vn 0.9734 0.1528 0.1710
vn 0.9742 -0.1477 0.1709
vn 0.9740 -0.1424 0.1764
vn -0.9586 -0.2102 -0.1920
vn -0.9586 -0.2048 -0.1980
vn 0.9734 0.1528 -0.1710
vn 0.9732 0.1472 -0.1767
vn 0.9651 0.2550 -0.0596
vn 0.9575 0.2877 -0.0220
vn -0.9554 0.2158 0.2017
vn -0.9554 0.2099 0.2079
vn -0.9448 -0.0766 0.3186
vn -0.9511 -0.1152 0.2864
vn -0.9380 -0.0259 0.3458
vn -0.9379 -0.0155 0.3466
vn -0.9405 0.0814 -0.3299
vn -0.9466 0.1204 -0.2991
vn -0.9355 0.0316 -0.3519
vn -0.9363 0.0219 -0.3506
vn -0.9377 0.3427 0.0583
vn -0.9448 0.3138 0.0944
vn -0.9280 0.3724 0.0119
vn -0.9280 0.3726 0.0082
vn -0.9422 -0.3309 -0.0524
vn -0.9491 -0.3026 -0.0871
vn -0.9327 -0.3605 -0.0094
vn -0.9327 -0.3607 -0.0065
vn 0.9714 -0.2302 -0.0580
vn 0.9650 -0.2614 -0.0220
vn 0.9573 -0.2891 0.0062
vn 0.9569 -0.2901 0.0090
vn 0.9692 0.2398 0.0555
vn 0.9620 0.2723 0.0188
vn 0.9532 0.3023 -0.0080
vn 0.9528 0.3033 -0.0116
vn 0.9624 0.0306 -0.2700
vn 0.9525 -0.0102 -0.3042
vn 0.9488 -0.0195 -0.3154
vn 0.9467 -0.0279 -0.3211
vn 0.9639 -0.0299 0.2646
vn 0.9545 0.0089 0.2982
vn 0.9497 0.0145 0.3127
vn 0.9481 0.0235 0.3171
vn -0.9280 0.3726 -0.0082
vn -0.9280 0.3725 -0.0119
vn -0.9448 0.3139 -0.0944
vn -0.9377 0.3426 -0.0583
vn 0.9488 -0.0195 0.3153
vn 0.9467 -0.0279 0.3210
vn 0.9481 0.0235 -0.3171
vn 0.9497 0.0145 -0.3127
vn 0.9545 0.0089 -0.2982
vn 0.9639 -0.0299 -0.2646
vn -0.9379 -0.0155 -0.3466
vn -0.9380 -0.0259 -0.3458
vn -0.9511 -0.1152 -0.2865
vn -0.9448 -0.0766 -0.3187
vn -0.9355 0.0316 0.3520
vn -0.9362 0.0219 0.3507
vn 0.9525 -0.0102 0.3042
vn 0.9624 0.0306 0.2701
vn 0.9573 -0.2889 -0.0062
vn 0.9569 -0.2901 -0.0090
vn 0.9650 -0.2612 0.0220
vn 0.9714 -0.2303 0.0580
vn 0.9532 0.3023 0.0080
vn 0.9528 0.3033 0.0116
vn -0.9326 -0.3608 0.0065
vn -0.9327 -0.3605 0.0094
vn -0.9491 -0.3026 0.0871
vn -0.9422 -0.3309 0.0524
vn -0.9466 0.1204 0.2991
vn -0.9405 0.0814 0.3299
vn -0.9586 -0.2077 0.1947
vn -0.9586 -0.2134 0.1884
vn 0.9774 -0.1284 -0.1682
vn 0.9776 -0.1335 -0.1629
vn -0.9545 0.2160 -0.2057
vn -0.9544 0.2217 -0.1997
vn 0.9763 0.1335 0.1702
vn 0.9765 0.1388 0.1648
vn 0.9776 -0.1335 0.1629
vn 0.9774 -0.1285 0.1681
vn -0.9586 -0.2134 -0.1886
vn -0.9586 -0.2081 -0.1944
vn 0.9765 0.1388 -0.1648
vn 0.9763 0.1334 -0.1703
vn 0.9692 0.2397 -0.0559
vn 0.9621 0.2720 -0.0189
vn -0.9545 0.2216 0.1997
vn -0.9545 0.2161 0.2057
vn -0.9458 -0.0842 0.3136
vn -0.9516 -0.1221 0.2820
vn -0.9394 -0.0302 0.3415
vn -0.9391 -0.0176 0.3432
vn -0.9407 0.0917 -0.3265
vn -0.9462 0.1301 -0.2963
vn -0.9364 0.0391 -0.3487
vn -0.9372 0.0274 -0.3478
vn -0.9359 0.3473 0.0594
vn -0.9429 0.3192 0.0950
vn -0.9262 0.3768 0.0129
vn -0.9262 0.3770 0.0089
vn -0.9418 -0.3318 -0.0535
vn -0.9485 -0.3044 -0.0875
vn -0.9326 -0.3607 -0.0104
vn -0.9325 -0.3611 -0.0072
vn 0.9751 -0.2153 -0.0541
vn 0.9690 -0.2462 -0.0189
vn 0.9619 -0.2732 0.0070
vn 0.9616 -0.2744 0.0102
vn 0.9728 0.2256 0.0527
vn 0.9660 0.2582 0.0162
vn 0.9577 0.2877 -0.0088
vn 0.9572 0.2892 -0.0128
vn 0.9645 0.0185 -0.2634
vn 0.9546 -0.0218 -0.2970
vn 0.9520 -0.0250 -0.3052
vn 0.9495 -0.0353 -0.3118
vn 0.9666 -0.0193 0.2556
vn 0.9573 0.0184 0.2886
vn 0.9533 0.0168 0.3017
vn 0.9515 0.0281 0.3064
vn -0.9261 0.3771 -0.0089
vn -0.9262 0.3768 -0.0129
vn -0.9429 0.3193 -0.0950
vn -0.9358 0.3474 -0.0594
vn 0.9519 -0.0250 0.3053
vn 0.9495 -0.0353 0.3118
vn 0.9515 0.0281 -0.3064
vn 0.9533 0.0168 -0.3017
vn 0.9573 0.0184 -0.2886
vn 0.9666 -0.0194 -0.2556
vn -0.9391 -0.0176 -0.3432
vn -0.9394 -0.0302 -0.3416
vn -0.9516 -0.1221 -0.2819
vn -0.9458 -0.0842 -0.3136
vn -0.9364 0.0391 0.3487
vn -0.9372 0.0274 0.3478
vn 0.9546 -0.0218 0.2970
vn 0.9645 0.0186 0.2634
vn 0.9620 -0.2731 -0.0071
vn 0.9616 -0.2744 -0.0102
vn 0.9691 -0.2461 0.0189
vn 0.9750 -0.2153 0.0541
vn 0.9576 0.2881 0.0088
vn 0.9572 0.2891 0.0127
vn -0.9326 -0.3610 0.0073
vn -0.9326 -0.3608 0.0104
vn -0.9486 -0.3043 0.0874
vn -0.9418 -0.3318 0.0535
vn -0.9462 0.1300 0.2963
vn -0.9407 0.0917 0.3265
vn -0.9582 -0.2121 0.1923
vn -0.9581 -0.2175 0.1865
vn 0.9801 -0.1156 -0.1613
vn 0.9803 -0.1204 -0.1563
vn -0.9530 0.2234 -0.2048
vn -0.9529 0.2290 -0.1989
vn 0.9789 0.1204 0.1652
vn 0.9791 0.1255 0.1599
vn 0.9803 -0.1205 0.1563
vn 0.9801 -0.1156 0.1613
vn -0.9581 -0.2175 -0.1864
vn -0.9582 -0.2120 -0.1923
vn 0.9791 0.1255 -0.1599
vn 0.9789 0.1204 -0.1652
vn 0.9728 0.2255 -0.0528
vn 0.9660 0.2582 -0.0162
vn -0.9529 0.2292 0.1985
vn -0.9530 0.2234 0.2048
vn -0.9459 -0.0916 0.3112
vn -0.9514 -0.1291 0.2797
vn -0.9396 -0.0340 0.3405
vn -0.9391 -0.0193 0.3430
vn -0.9400 0.1022 -0.3254
vn -0.9450 0.1400 -0.2954
vn -0.9362 0.0467 -0.3484
vn -0.9369 0.0330 -0.3481
vn -0.9333 0.3538 0.0607
vn -0.9404 0.3261 0.0959
vn -0.9236 0.3831 0.0138
vn -0.9236 0.3833 0.0096
vn -0.9408 -0.3345 -0.0547
vn -0.9474 -0.3075 -0.0882
vn -0.9317 -0.3630 -0.0115
vn -0.9316 -0.3634 -0.0080
vn 0.9779 -0.2027 -0.0507
vn 0.9723 -0.2333 -0.0163
vn 0.9657 -0.2595 0.0078
vn 0.9653 -0.2610 0.0113
vn 0.9757 0.2131 0.0501
vn 0.9692 0.2458 0.0140
vn 0.9613 0.2754 -0.0096
vn 0.9609 0.2766 -0.0139
vn 0.9659 0.0068 -0.2590
vn 0.9557 -0.0332 -0.2924
vn 0.9539 -0.0308 -0.2986
vn 0.9511 -0.0429 -0.3059
vn 0.9685 -0.0096 0.2490
vn 0.9591 0.0273 0.2818
vn 0.9556 0.0189 0.2942
vn 0.9537 0.0322 0.2991
vn -0.9236 0.3833 -0.0096
vn -0.9236 0.3830 -0.0138
vn -0.9404 0.3261 -0.0959
vn -0.9333 0.3538 -0.0607
vn 0.9539 -0.0308 0.2987
vn 0.9511 -0.0429 0.3059
vn 0.9537 0.0322 -0.2991
vn 0.9556 0.0189 -0.2942
vn 0.9591 0.0273 -0.2818
vn 0.9685 -0.0095 -0.2489
vn -0.9391 -0.0193 -0.3430
vn -0.9396 -0.0340 -0.3405
vn -0.9514 -0.1291 -0.2797
vn -0.9459 -0.0916 -0.3112
vn -0.9362 0.0467 0.3484
vn -0.9369 0.0330 0.3480
vn 0.9557 -0.0332 0.2924
vn 0.9659 0.0069 0.2590
vn 0.9657 -0.2597 -0.0078
vn 0.9653 -0.2610 -0.0114
vn 0.9723 -0.2332 0.0163
vn 0.9779 -0.2026 0.0508
vn 0.9612 0.2758 0.0095
vn 0.9608 0.2769 0.0138
vn -0.9316 -0.3633 0.0080
vn -0.9317 -0.3630 0.0115
vn -0.9475 -0.3075 0.0881
vn -0.9408 -0.3344 0.0547
vn -0.9450 0.1400 0.2955
vn -0.9400 0.1022 0.3254
vn -0.9572 -0.2172 0.1914
vn -0.9571 -0.2226 0.1854
vn 0.9823 -0.1042 -0.1560
vn 0.9825 -0.1089 -0.1510
vn -0.9510 0.2318 -0.2047
vn -0.9509 0.2375 -0.1986
vn 0.9809 0.1083 0.1615
vn 0.9812 0.1133 0.1563
vn 0.9825 -0.1089 0.1511
vn 0.9823 -0.1041 0.1560
vn -0.9571 -0.2226 -0.1854
vn -0.9572 -0.2172 -0.1914
vn 0.9812 0.1133 -0.1563
vn 0.9809 0.1083 -0.1615
vn 0.9757 0.2131 -0.0503
vn 0.9692 0.2459 -0.0139
vn -0.9509 0.2374 0.1986
vn -0.9510 0.2317 0.2049
vn -0.9451 -0.0984 0.3117
vn -0.9504 -0.1360 0.2799
vn -0.9387 -0.0372 0.3428
vn -0.9380 -0.0204 0.3461
vn -0.9383 0.1124 -0.3271
vn -0.9430 0.1500 -0.2969
vn -0.9347 0.0542 -0.3513
vn -0.9354 0.0387 -0.3516
vn -0.9300 0.3622 0.0622
vn -0.9373 0.3347 0.0972
vn -0.9201 0.3914 0.0146
vn -0.9200 0.3918 0.0101
vn -0.9391 -0.3390 -0.0561
vn -0.9458 -0.3124 -0.0892
vn -0.9299 -0.3675 -0.0125
vn -0.9298 -0.3679 -0.0086
vn 0.9801 -0.1924 -0.0483
vn 0.9747 -0.2230 -0.0139
vn 0.9684 -0.2493 0.0085
vn 0.9680 -0.2507 0.0124
vn 0.9780 0.2029 0.0482
vn 0.9717 0.2360 0.0121
vn 0.9640 0.2657 -0.0103
vn 0.9636 0.2669 -0.0149
vn 0.9664 -0.0040 -0.2570
vn 0.9558 -0.0442 -0.2907
vn 0.9545 -0.0368 -0.2958
vn 0.9515 -0.0506 -0.3034
vn 0.9696 -0.0009 0.2448
vn 0.9599 0.0354 0.2780
vn 0.9567 0.0204 0.2903
vn 0.9547 0.0358 0.2954
vn -0.9200 0.3918 -0.0102
vn -0.9201 0.3914 -0.0146
vn -0.9373 0.3348 -0.0972
vn -0.9300 0.3622 -0.0622
vn 0.9546 -0.0368 0.2957
vn 0.9515 -0.0506 0.3034
vn 0.9547 0.0358 -0.2954
vn 0.9567 0.0204 -0.2903
vn 0.9599 0.0354 -0.2780
vn 0.9696 -0.0010 -0.2448
vn -0.9380 -0.0204 -0.3461
vn -0.9387 -0.0372 -0.3428
vn -0.9504 -0.1360 -0.2798
vn -0.9451 -0.0984 -0.3117
vn -0.9347 0.0542 0.3513
vn -0.9354 0.0387 0.3515
vn 0.9558 -0.0441 0.2907
vn 0.9664 -0.0040 0.2570
vn 0.9683 -0.2496 -0.0086
vn 0.9680 -0.2505 -0.0125
vn 0.9747 -0.2232 0.0142
vn 0.9801 -0.1925 0.0482
vn 0.9640 0.2657 0.0103
vn 0.9635 0.2673 0.0147
vn -0.9298 -0.3679 0.0086
vn -0.9300 -0.3674 0.0125
vn -0.9458 -0.3123 0.0893
vn -0.9391 -0.3390 0.0561
vn -0.9431 0.1500 0.2969
vn -0.9383 0.1124 0.3271
vn -0.9557 -0.2232 0.1920
vn -0.9556 -0.2287 0.1859
vn 0.9838 -0.0946 -0.1523
vn 0.9841 -0.0994 -0.1474
vn -0.9484 0.2409 -0.2064
vn -0.9482 0.2468 -0.1999
vn 0.9824 0.0978 0.1593
vn 0.9827 0.1027 0.1542
vn 0.9841 -0.0993 0.1475
vn 0.9838 -0.0947 0.1523
vn -0.9556 -0.2286 -0.1859
vn -0.9557 -0.2233 -0.1919
vn 0.9827 0.1027 -0.1543
vn 0.9824 0.0977 -0.1593
vn 0.9780 0.2029 -0.0485
vn 0.9717 0.2360 -0.0121
vn -0.9482 0.2468 0.1998
vn -0.9484 0.2409 0.2063
vn -0.9432 -0.1046 0.3152
vn -0.9486 -0.1425 0.2827
vn -0.9365 -0.0397 0.3484
vn -0.9356 -0.0210 0.3525
vn -0.9355 0.1222 -0.3315
vn -0.9402 0.1599 -0.3006
vn -0.9320 0.0614 -0.3573
vn -0.9326 0.0443 -0.3583
vn -0.9259 0.3723 0.0638
vn -0.9333 0.3450 0.0992
vn -0.9156 0.4018 0.0153
vn -0.9154 0.4023 0.0107
vn -0.9366 -0.3455 -0.0578
vn -0.9434 -0.3189 -0.0910
vn -0.9274 -0.3738 -0.0133
vn -0.9272 -0.3744 -0.0093
vn 0.9815 -0.1857 -0.0464
vn 0.9762 -0.2164 -0.0121
vn 0.9700 -0.2429 0.0093
vn 0.9697 -0.2440 0.0134
vn 0.9795 0.1957 0.0474
vn 0.9733 0.2292 0.0108
vn 0.9656 0.2597 -0.0110
vn 0.9654 0.2604 -0.0158
vn 0.9661 -0.0136 -0.2578
vn 0.9548 -0.0542 -0.2921
vn 0.9542 -0.0427 -0.2962
vn 0.9507 -0.0580 -0.3046
vn 0.9699 0.0061 0.2435
vn 0.9599 0.0422 0.2773
vn 0.9567 0.0213 0.2903
vn 0.9546 0.0386 0.2954
vn -0.9155 0.4023 -0.0107
vn -0.9156 0.4019 -0.0153
vn -0.9334 0.3449 -0.0990
vn -0.9259 0.3723 -0.0638
vn 0.9541 -0.0427 0.2965
vn 0.9507 -0.0580 0.3046
vn 0.9546 0.0386 -0.2954
vn 0.9567 0.0213 -0.2903
vn 0.9598 0.0422 -0.2773
vn 0.9699 0.0061 -0.2435
vn -0.9356 -0.0210 -0.3525
vn -0.9365 -0.0397 -0.3484
vn -0.9486 -0.1426 -0.2826
vn -0.9432 -0.1046 -0.3152
vn -0.9320 0.0614 0.3573
vn -0.9326 0.0443 0.3582
vn 0.9549 -0.0542 0.2921
vn 0.9661 -0.0136 0.2577
vn 0.9700 -0.2428 -0.0093
vn 0.9697 -0.2441 -0.0135
vn 0.9762 -0.2164 0.0123
vn 0.9815 -0.1857 0.0464
vn 0.9657 0.2595 0.0108
vn 0.9654 0.2604 0.0158
vn -0.9272 -0.3744 0.0093
vn -0.9274 -0.3739 0.0134
vn -0.9434 -0.3190 0.0911
vn -0.9367 -0.3454 0.0578
vn -0.9402 0.1599 0.3007
vn -0.9355 0.1222 0.3315
vn -0.9537 -0.2299 0.1940
vn -0.9535 -0.2354 0.1880
vn 0.9847 -0.0875 -0.1505
vn 0.9850 -0.0922 -0.1457
vn -0.9452 0.2508 -0.2092
vn -0.9450 0.2569 -0.2026
vn 0.9832 0.0893 0.1590
vn 0.9836 0.0942 0.1540
vn 0.9850 -0.0922 0.1456
vn 0.9847 -0.0875 0.1504
vn -0.9536 -0.2353 -0.1880
vn -0.9537 -0.2298 -0.1941
vn 0.9836 0.0942 -0.1540
vn 0.9832 0.0893 -0.1590
vn 0.9795 0.1957 -0.0475
vn 0.9733 0.2292 -0.0108
vn -0.9450 0.2568 0.2025
vn -0.9451 0.2508 0.2093
vn -0.9404 -0.1099 0.3217
vn -0.9460 -0.1487 0.2880
vn -0.9331 -0.0412 0.3572
vn -0.9319 -0.0209 0.3621
vn -0.9317 0.1314 -0.3386
vn -0.9366 0.1695 -0.3067
vn -0.9280 0.0681 -0.3664
vn -0.9285 0.0497 -0.3680
vn -0.9210 0.3841 0.0655
vn -0.9288 0.3566 0.1012
vn -0.9101 0.4140 0.0159
vn -0.9099 0.4146 0.0111
vn -0.9335 -0.3536 -0.0598
vn -0.9405 -0.3269 -0.0932
vn -0.9239 -0.3823 -0.0142
vn -0.9238 -0.3828 -0.0098
vn 0.9822 -0.1823 -0.0453
vn 0.9769 -0.2135 -0.0108
vn 0.9706 -0.2403 0.0099
vn 0.9703 -0.2416 0.0144
vn 0.9803 0.1916 0.0472
vn 0.9741 0.2259 0.0100
vn 0.9665 0.2565 -0.0115
vn 0.9661 0.2576 -0.0166
vn 0.9650 -0.0218 -0.2613
vn 0.9529 -0.0631 -0.2966
vn 0.9522 -0.0487 -0.3015
vn 0.9487 -0.0650 -0.3094
vn 0.9694 0.0116 0.2451
vn 0.9588 0.0476 0.2799
vn 0.9555 0.0217 0.2941
vn 0.9534 0.0407 0.2991
vn -0.9099 0.4146 -0.0111
vn -0.9101 0.4141 -0.0159
vn -0.9287 0.3567 -0.1012
vn -0.9210 0.3841 -0.0655
vn 0.9524 -0.0486 0.3011
vn 0.9487 -0.0650 0.3094
vn 0.9534 0.0407 -0.2991
vn 0.9555 0.0217 -0.2941
vn 0.9588 0.0477 -0.2800
vn 0.9694 0.0116 -0.2451
vn -0.9319 -0.0209 -0.3621
vn -0.9331 -0.0412 -0.3573
vn -0.9460 -0.1487 -0.2880
vn -0.9404 -0.1099 -0.3217
vn -0.9280 0.0681 0.3664
vn -0.9285 0.0497 0.3680
vn 0.9529 -0.0631 0.2966
vn 0.9650 -0.0218 0.2613
vn 0.9706 -0.2403 -0.0100
vn 0.9703 -0.2417 -0.0145
vn 0.9769 -0.2133 0.0110
vn 0.9822 -0.1824 0.0454
vn 0.9665 0.2565 0.0114
vn 0.9661 0.2576 0.0166
vn -0.9237 -0.3829 0.0098
vn -0.9239 -0.3824 0.0142
vn -0.9405 -0.3268 0.0933
vn -0.9335 -0.3535 0.0597
vn -0.9366 0.1695 0.3067
vn -0.9317 0.1314 0.3387
vn -0.9511 -0.2370 0.1978
vn -0.9510 -0.2427 0.1915
vn 0.9851 -0.0830 -0.1504
vn 0.9855 -0.0876 -0.1456
vn -0.9413 0.2613 -0.2136
vn -0.9411 0.2677 -0.2065
vn 0.9835 0.0832 0.1605
vn 0.9839 0.0881 0.1555
vn 0.9854 -0.0877 0.1457
vn 0.9851 -0.0830 0.1504
vn -0.9510 -0.2427 -0.1915
vn -0.9511 -0.2371 -0.1978
vn 0.9839 0.0880 -0.1555
vn 0.9835 0.0831 -0.1605
vn 0.9803 0.1915 -0.0473
vn 0.9741 0.2258 -0.0100
vn -0.9411 0.2676 0.2065
vn -0.9413 0.2613 0.2135
vn -0.9368 -0.1141 0.3306
vn -0.9429 -0.1540 0.2954
vn -0.9287 -0.0418 0.3686
vn -0.9272 -0.0202 0.3741
vn -0.9271 0.1398 -0.3478
vn -0.9323 0.1786 -0.3146
vn -0.9229 0.0743 -0.3778
vn -0.9233 0.0548 -0.3801
vn -0.9154 0.3969 0.0673
vn -0.9237 0.3690 0.1036
vn -0.9040 0.4273 0.0164
vn -0.9037 0.4279 0.0115
vn -0.9299 -0.3627 -0.0618
vn -0.9371 -0.3357 -0.0961
vn -0.9199 -0.3919 -0.0150
vn -0.9196 -0.3926 -0.0104
vn 0.9822 -0.1824 -0.0453
vn 0.9767 -0.2143 -0.0100
vn 0.9703 -0.2418 0.0106
vn 0.9698 -0.2432 0.0154
vn 0.9805 0.1907 0.0481
vn 0.9741 0.2259 0.0097
vn 0.9662 0.2574 -0.0120
vn 0.9658 0.2586 -0.0173
vn 0.9631 -0.0284 -0.2675
vn 0.9500 -0.0708 -0.3041
vn 0.9493 -0.0542 -0.3095
vn 0.9455 -0.0715 -0.3177
vn 0.9683 0.0151 0.2495
vn 0.9570 0.0515 0.2856
vn 0.9532 0.0213 0.3017
vn 0.9510 0.0418 0.3063
vn -0.9037 0.4280 -0.0115
vn -0.9039 0.4273 -0.0164
vn -0.9237 0.3689 -0.1036
vn -0.9154 0.3968 -0.0673
vn 0.9494 -0.0542 0.3093
vn 0.9455 -0.0715 0.3177
vn 0.9510 0.0418 -0.3064
vn 0.9532 0.0213 -0.3016
vn 0.9570 0.0516 -0.2856
vn 0.9683 0.0151 -0.2495
vn -0.9272 -0.0202 -0.3741
vn -0.9286 -0.0418 -0.3686
vn -0.9429 -0.1540 -0.2954
vn -0.9368 -0.1141 -0.3306
vn -0.9229 0.0743 0.3778
vn -0.9233 0.0548 0.3801
vn 0.9500 -0.0708 0.3041
vn 0.9631 -0.0285 0.2675
vn 0.9703 -0.2419 -0.0106
vn 0.9698 -0.2432 -0.0153
vn 0.9768 -0.2141 0.0101
vn 0.9822 -0.1825 0.0452
vn 0.9662 0.2574 0.0119
vn 0.9659 0.2585 0.0173
vn -0.9196 -0.3927 0.0104
vn -0.9199 -0.3920 0.0150
vn -0.9371 -0.3357 0.0960
vn -0.9299 -0.3627 0.0618
vn -0.9323 0.1786 0.3146
vn -0.9271 0.1398 0.3478
vn -0.9483 -0.2443 0.2028
vn -0.9481 -0.2502 0.1962
vn 0.9850 -0.0811 -0.1523
vn 0.9853 -0.0859 -0.1474
vn -0.9371 0.2719 -0.2189
vn -0.9369 0.2786 -0.2114
vn 0.9833 0.0795 0.1639
vn 0.9837 0.0844 0.1589
vn 0.9853 -0.0858 0.1475
vn 0.9850 -0.0810 0.1524
vn -0.9481 -0.2501 -0.1963
vn -0.9482 -0.2444 -0.2028
vn 0.9837 0.0844 -0.1589
vn 0.9833 0.0795 -0.1639
vn 0.9805 0.1907 -0.0479
vn 0.9741 0.2259 -0.0097
vn -0.9369 0.2785 0.2114
vn -0.9371 0.2720 0.2188
vn -0.9332 -0.1172 0.3396
vn -0.9398 -0.1583 0.3029
vn -0.9241 -0.0416 0.3798
vn -0.9224 -0.0188 0.3859
vn -0.9225 0.1472 -0.3567
vn -0.9281 0.1866 -0.3221
vn -0.9179 0.0799 -0.3888
vn -0.9182 0.0596 -0.3917
vn -0.9102 0.4083 0.0689
vn -0.9188 0.3803 0.1059
vn -0.8980 0.4396 0.0168
vn -0.8978 0.4403 0.0118
vn -0.9264 -0.3711 -0.0639
vn -0.9339 -0.3437 -0.0987
vn -0.9159 -0.4010 -0.0157
vn -0.9157 -0.4017 -0.0109
vn 0.9817 -0.1850 -0.0449
vn 0.9760 -0.2175 -0.0095
vn 0.9693 -0.2458 0.0112
vn 0.9688 -0.2473 0.0162
vn 0.9803 0.1915 0.0489
vn 0.9737 0.2276 0.0098
vn 0.9655 0.2599 -0.0124
vn 0.9651 0.2613 -0.0179
vn 0.9609 -0.0339 -0.2747
vn 0.9468 -0.0773 -0.3125
vn 0.9459 -0.0596 -0.3191
vn 0.9417 -0.0774 -0.3273
vn 0.9668 0.0171 0.2550
vn 0.9547 0.0539 0.2926
vn 0.9503 0.0203 0.3107
vn 0.9481 0.0420 0.3153
vn -0.8978 0.4403 -0.0118
vn -0.8980 0.4396 -0.0168
vn -0.9188 0.3803 -0.1058
vn -0.9102 0.4083 -0.0690
vn 0.9458 -0.0598 0.3192
vn 0.9417 -0.0775 0.3273
vn 0.9482 0.0419 -0.3150
vn 0.9503 0.0203 -0.3108
vn 0.9547 0.0539 -0.2926
vn 0.9668 0.0171 -0.2550
vn -0.9224 -0.0188 -0.3859
vn -0.9241 -0.0416 -0.3798
vn -0.9398 -0.1583 -0.3029
vn -0.9333 -0.1172 -0.3396
vn -0.9179 0.0799 0.3888
vn -0.9181 0.0595 0.3919
vn 0.9468 -0.0773 0.3125
vn 0.9609 -0.0339 0.2747
vn 0.9692 -0.2458 -0.0111
vn 0.9688 -0.2473 -0.0162
vn 0.9760 -0.2176 0.0093
vn 0.9817 -0.1850 0.0453
vn 0.9655 0.2601 0.0123
vn 0.9651 0.2612 0.0179
vn -0.9157 -0.4017 0.0109
vn -0.9160 -0.4010 0.0157
vn -0.9339 -0.3437 0.0986
vn -0.9264 -0.3711 0.0639
vn -0.9282 0.1866 0.3220
vn -0.9226 0.1472 0.3567
vn -0.9455 -0.2506 0.2079
vn -0.9453 -0.2567 0.2012
vn 0.9846 -0.0812 -0.1551
vn 0.9849 -0.0860 -0.1501
vn -0.9331 0.2815 -0.2239
vn -0.9328 0.2884 -0.2162
vn 0.9828 0.0773 0.1679
vn 0.9832 0.0822 0.1629
vn 0.9849 -0.0860 0.1501
vn 0.9846 -0.0811 0.1551
vn -0.9453 -0.2567 -0.2011
vn -0.9455 -0.2506 -0.2079
vn 0.9832 0.0822 -0.1629
vn 0.9828 0.0773 -0.1679
vn 0.9803 0.1915 -0.0490
vn 0.9737 0.2276 -0.0097
vn -0.9328 0.2884 0.2161
vn -0.9331 0.2815 0.2239
vn 0.9996 0.0171 0.0232
vn 0.9958 0.0915 0.0089
vn 0.9801 0.0707 -0.1856
vn 0.9843 0.0264 -0.1747
vn 0.9955 -0.0931 0.0150
vn 0.9954 -0.0907 0.0315
vn 0.9927 0.1205 0.0076
vn 0.9935 0.1123 0.0170
vn -0.9975 -0.0657 -0.0279
vn -0.9972 -0.0714 -0.0204
vn -0.9676 -0.2264 -0.1118
vn -0.9681 -0.2459 -0.0472
vn -0.9995 -0.0240 0.0205
vn -0.9959 -0.0906 0.0067
vn -0.9738 -0.1067 0.2008
vn -0.9787 -0.0317 0.2031
vn -0.2212 -0.8355 0.5030
vn 0.2343 -0.8293 0.5072
vn 0.2283 -0.4649 0.8554
vn -0.2198 -0.4870 0.8453
vn -0.9963 -0.0850 0.0090
vn -0.9972 -0.0714 0.0204
vn -0.9677 -0.2261 0.1119
vn -0.9699 -0.1643 0.1798
vn 0.2207 0.8311 0.5105
vn -0.2035 0.8395 0.5039
vn -0.2032 0.4905 0.8474
vn 0.2143 0.4629 0.8601
vn 0.9930 -0.1175 -0.0067
vn 0.9949 -0.0987 -0.0218
vn 0.9935 0.0821 0.0791
vn 0.9851 -0.0184 0.1710
vn 0.9904 -0.1381 -0.0005
vn 0.9734 -0.1100 0.2011
vn 0.2344 -0.8293 -0.5073
vn -0.2209 -0.8356 -0.5030
vn -0.2198 -0.4871 -0.8453
vn 0.2285 -0.4648 -0.8554
vn 0.9961 0.0875 0.0109
vn 0.9970 0.0734 0.0229
vn 0.9932 -0.0926 -0.0707
vn 0.9878 -0.0025 -0.1558
vn -0.2035 0.8394 -0.5039
vn 0.2204 0.8311 -0.5106
vn 0.2140 0.4630 -0.8602
vn -0.2033 0.4904 -0.8475
vn -0.9944 0.1059 -0.0074
vn -0.9958 0.0888 -0.0212
vn -0.9595 0.2548 -0.1201
vn -0.9628 0.1898 -0.1925
vn -0.9924 0.1232 -0.0017
vn -0.9680 0.1369 -0.2103
vn -0.9976 -0.0687 -0.0130
vn -0.9709 -0.2391 -0.0145
vn 0.9961 -0.0860 -0.0190
vn 0.9790 -0.0914 0.1822
vn 0.9954 -0.0906 -0.0316
vn 0.9927 0.1204 -0.0076
vn 0.2187 -0.9666 -0.1337
vn -0.2115 -0.9671 -0.1416
vn 0.2042 0.9696 0.1345
vn -0.1944 0.9706 0.1416
vn 0.2105 -0.9776 0.0035
vn -0.2110 -0.9775 -0.0033
vn -0.0000 0.1320 -0.9913
vn -0.0000 0.1171 -0.9931
vn -0.9944 0.1059 0.0074
vn -0.9924 0.1233 0.0017
vn -0.9680 0.1369 0.2103
vn -0.9628 0.1898 0.1925
vn -0.1949 0.1481 0.9696
vn 0.1944 0.1029 0.9755
vn -0.2041 0.0169 -0.9788
vn -0.1949 0.1481 -0.9696
vn 0.1944 0.1029 -0.9755
vn 0.1852 -0.0165 -0.9826
vn -0.1935 0.9811 -0.0033
vn 0.1947 0.9809 0.0034
vn 0.2042 0.9696 -0.1345
vn -0.1943 0.9707 -0.1416
vn -0.9964 0.0833 0.0143
vn -0.9962 0.0812 0.0301
vn -0.9601 0.2749 0.0511
vn -0.9635 0.2672 0.0158
vn -0.9972 0.0720 -0.0181
vn -0.9757 0.0768 -0.2054
vn 0.9973 0.0672 -0.0306
vn 0.9970 0.0734 -0.0229
vn 0.9932 -0.0926 0.0706
vn 0.9920 -0.1259 -0.0087
vn -0.9963 -0.0850 -0.0090
vn -0.9699 -0.1643 -0.1797
vn 0.9972 0.0675 0.0308
vn 0.9920 -0.1258 0.0087
vn -0.9962 0.0811 -0.0302
vn -0.9600 0.2753 -0.0513
vn 0.9930 -0.1175 0.0067
vn 0.9904 -0.1382 0.0005
vn 0.9734 -0.1100 -0.2010
vn 0.9851 -0.0184 -0.1709
vn -0.2114 -0.9671 0.1416
vn 0.2187 -0.9666 0.1337
vn 0.1854 -0.0165 0.9825
vn -0.2041 0.0168 0.9788
vn 0.9949 -0.0988 0.0217
vn 0.9935 0.0821 -0.0791
vn -0.0000 -0.9904 -0.1382
vn -0.0000 -0.9908 -0.1354
vn -0.0000 0.9904 0.1385
vn -0.0000 0.9908 0.1353
vn -0.9958 0.0888 0.0212
vn -0.9595 0.2549 0.1201
vn -0.9959 -0.0906 -0.0067
vn -0.9738 -0.1067 -0.2008
vn 0.2059 -0.1093 0.9725
vn -0.2090 -0.1436 0.9673
vn -0.2092 -0.1436 -0.9673
vn 0.2057 -0.1093 -0.9725
vn 0.9961 0.0876 -0.0109
vn 0.9958 0.0915 -0.0089
vn 0.9801 0.0707 0.1856
vn 0.9878 -0.0026 0.1558
vn 0.9974 0.0709 -0.0143
vn 0.9930 -0.1171 -0.0163
vn -0.0000 -0.1359 -0.9907
vn -0.0000 -0.1145 -0.9934
vn -0.0000 -0.4702 -0.8826
vn -0.0000 -0.5000 -0.8660
vn -0.0000 -0.6895 -0.7243
vn -0.0000 -0.9626 -0.2710
vn -0.0000 0.1320 0.9913
vn -0.0000 0.1171 0.9931
vn -0.0000 0.4733 0.8809
vn -0.0000 0.4952 0.8688
vn -0.0000 0.6895 0.7243
vn -0.0000 0.9626 0.2710
vn -0.0000 0.9904 -0.1385
vn -0.0000 0.9908 -0.1353
vn -0.0000 0.9626 -0.2710
vn -0.0000 0.6895 -0.7243
vn -0.0000 0.4732 -0.8809
vn -0.0000 0.4952 -0.8688
vn -0.0000 -0.9904 0.1382
vn -0.0000 -0.9908 0.1354
vn -0.0000 -0.9626 0.2710
vn -0.0000 -0.6895 0.7243
vn -0.0000 -0.4702 0.8826
vn -0.0000 -0.5000 0.8660
vn -0.0000 -0.1145 0.9934
vn -0.0000 -0.1359 0.9907
vn -0.9680 -0.2464 0.0473
vn -0.9189 -0.3868 0.0774
vn -0.9272 -0.3272 0.1823
vn -0.4520 -0.7704 0.4496
vn -0.4217 -0.8986 0.1213
vn 0.9685 -0.2021 0.1454
vn 0.9598 -0.2795 0.0251
vn 0.4304 -0.8964 0.1058
vn 0.4650 -0.7601 0.4539
vn -0.9291 -0.2346 0.2860
vn -0.4464 -0.4388 0.7798
vn 0.9611 -0.0824 0.2635
vn 0.4535 -0.4016 0.7956
vn -0.9251 -0.1346 0.3551
vn -0.4135 -0.1333 0.9007
vn 0.9400 0.0351 0.3393
vn 0.4067 -0.0735 0.9106
vn 0.9571 0.2882 0.0290
vn 0.9663 0.2019 0.1597
vn 0.4362 0.7710 0.4640
vn 0.4016 0.9093 0.1093
vn -0.9115 0.3616 0.1959
vn -0.9016 0.4246 0.0832
vn -0.3888 0.9130 0.1234
vn -0.4186 0.7849 0.4569
vn 0.9557 0.0688 0.2864
vn 0.4250 0.4054 0.8093
vn -0.9144 0.2641 0.3067
vn -0.4146 0.4494 0.7913
vn 0.9294 -0.0681 0.3628
vn 0.3834 0.0652 0.9213
vn -0.9120 0.1634 0.3764
vn -0.3888 0.1435 0.9101
vn 0.9599 -0.2793 -0.0251
vn 0.9685 -0.2021 -0.1456
vn 0.4653 -0.7599 -0.4540
vn 0.4302 -0.8965 -0.1058
vn -0.9273 -0.3268 -0.1824
vn -0.9189 -0.3867 -0.0775
vn -0.4217 -0.8986 -0.1213
vn -0.4522 -0.7704 -0.4495
vn 0.9612 -0.0823 -0.2632
vn 0.4535 -0.4017 -0.7956
vn -0.9291 -0.2346 -0.2859
vn -0.4465 -0.4389 -0.7798
vn 0.9400 0.0351 -0.3393
vn 0.4067 -0.0735 -0.9106
vn -0.9251 -0.1346 -0.3550
vn -0.4136 -0.1333 -0.9006
vn -0.9016 0.4245 -0.0832
vn -0.9114 0.3620 -0.1958
vn -0.4186 0.7848 -0.4571
vn -0.3889 0.9130 -0.1234
vn 0.9663 0.2019 -0.1596
vn 0.9571 0.2882 -0.0288
vn 0.4019 0.9091 -0.1093
vn 0.4359 0.7712 -0.4640
vn -0.9144 0.2641 -0.3068
vn -0.4145 0.4493 -0.7914
vn 0.9557 0.0688 -0.2863
vn 0.4251 0.4055 -0.8093
vn -0.9120 0.1633 -0.3764
vn -0.3888 0.1435 -0.9101
vn 0.9293 -0.0682 -0.3630
vn 0.3833 0.0652 -0.9213
vn 0.9539 -0.2998 -0.0166
vn 0.4150 -0.9098 -0.0064
vn 0.2105 -0.9776 -0.0035
vn -0.9145 -0.4044 -0.0146
vn -0.4093 -0.9124 -0.0058
vn 0.3755 -0.0337 -0.9262
vn 0.9243 -0.0874 -0.3715
vn 0.9790 -0.0918 -0.1819
vn 0.1947 0.9809 -0.0034
vn 0.3858 0.9225 -0.0063
vn 0.9499 0.3121 -0.0174
vn 0.9935 0.1124 -0.0171
vn 0.1891 0.0054 0.9819
vn 0.3855 0.0099 0.9227
vn 0.9320 0.0294 0.3613
vn 0.9843 0.0265 0.1746
vn -0.9171 0.0763 -0.3913
vn -0.3892 0.0287 -0.9207
vn -0.8962 0.4433 0.0157
vn -0.3761 0.9266 0.0059
vn -0.1938 0.9810 0.0033
vn -0.9234 -0.0346 0.3823
vn -0.3985 -0.0112 0.9171
vn -0.2112 -0.0074 0.9774
vn -0.9975 -0.0657 0.0277
vn -0.3985 -0.0112 -0.9171
vn -0.2111 -0.0074 -0.9774
vn -0.9787 -0.0317 -0.2030
vn -0.9234 -0.0346 -0.3823
vn 0.9320 0.0295 -0.3613
vn 0.1890 0.0054 -0.9820
vn 0.3854 0.0099 -0.9227
vn -0.9995 -0.0240 -0.0206
vn 0.9961 -0.0860 0.0187
vn -0.3892 0.0287 0.9207
vn -0.9757 0.0768 0.2052
vn -0.9171 0.0763 0.3913
vn 0.9243 -0.0873 0.3715
vn 0.3755 -0.0340 0.9262
vn 0.9996 0.0172 -0.0232
vn -0.9972 0.0721 0.0177
vn -0.3762 0.9265 -0.0059
vn -0.9636 0.2668 -0.0158
vn -0.8962 0.4433 -0.0157
vn 0.9499 0.3121 0.0174
vn 0.3858 0.9226 0.0063
vn -0.9964 0.0834 -0.0143
vn 0.9955 -0.0935 -0.0151
vn -0.4093 -0.9124 0.0058
vn -0.2116 -0.9773 0.0033
vn -0.9708 -0.2394 0.0145
vn -0.9145 -0.4044 0.0146
vn 0.4151 -0.9098 0.0065
vn 0.9930 -0.1169 0.0164
vn 0.9539 -0.2998 0.0167
vn 0.9974 0.0706 0.0144
vn -0.9976 -0.0685 0.0131
vn -0.9022 -0.0000 -0.4313
vn -0.1508 -0.0000 -0.9886
vn -0.8556 -0.0000 -0.5176
vn -0.0532 -0.0000 -0.9986
vn -0.8008 -0.0000 -0.5990
vn 0.0450 -0.0000 -0.9990
vn -0.7382 -0.0000 -0.6746
vn 0.1427 -0.0000 -0.9898
vn -0.6685 -0.0000 -0.7437
vn 0.2390 -0.0000 -0.9710
vn -0.5924 -0.0000 -0.8056
vn 0.3330 -0.0000 -0.9429
vn -0.5106 -0.0000 -0.8598
vn 0.4238 -0.0000 -0.9057
vn 0.4239 -0.0000 -0.9057
vn -0.4238 -0.0000 -0.9057
vn 0.5106 -0.0000 -0.8598
vn -0.3330 -0.0000 -0.9429
vn 0.5924 -0.0000 -0.8056
vn -0.2390 -0.0000 -0.9710
vn 0.6685 -0.0000 -0.7437
vn -0.1427 -0.0000 -0.9898
vn 0.7382 -0.0000 -0.6746
vn -0.0450 -0.0000 -0.9990
vn 0.8008 -0.0000 -0.5990
vn 0.0532 -0.0000 -0.9986
vn 0.8556 -0.0000 -0.5176
vn 0.1508 -0.0000 -0.9886
vn 0.9022 -0.0000 -0.4313
vn -0.9022 -0.0000 0.4313
vn -0.1508 -0.0000 0.9886
vn -0.8556 -0.0000 0.5176
vn -0.0532 -0.0000 0.9986
vn -0.8008 -0.0000 0.5990
vn 0.0450 -0.0000 0.9990
vn -0.7382 -0.0000 0.6746
vn 0.1427 -0.0000 0.9898
vn -0.6685 -0.0000 0.7437
vn 0.2390 -0.0000 0.9710
vn -0.5924 -0.0000 0.8056
vn 0.3330 -0.0000 0.9429
vn -0.5106 -0.0000 0.8598
vn 0.4238 -0.0000 0.9057
vn -0.4238 -0.0000 0.9057
vn 0.5106 -0.0000 0.8598
vn -0.3330 -0.0000 0.9429
vn 0.5924 -0.0000 0.8056
vn -0.2390 -0.0000 0.9710
vn 0.6685 -0.0000 0.7437
vn -0.1427 -0.0000 0.9898
vn 0.7382 -0.0000 0.6746
vn -0.0450 -0.0000 0.9990
vn 0.8008 -0.0000 0.5990
vn 0.0532 -0.0000 0.9986
vn 0.8556 -0.0000 0.5176
vn 0.1508 -0.0000 0.9886
vn 0.9022 -0.0000 0.4313
vn 0.8849 -0.0000 0.4658
vn 0.1259 -0.0000 0.9920
vn 0.8684 -0.0000 0.4959
vn 0.0280 -0.0000 0.9996
vn 0.8156 -0.0000 0.5787
vn -0.0701 -0.0000 0.9975
vn 0.7549 -0.0000 0.6558
vn -0.1675 -0.0000 0.9859
vn 0.6870 -0.0000 0.7267
vn -0.2633 -0.0000 0.9647
vn 0.6125 -0.0000 0.7905
vn -0.3566 -0.0000 0.9342
vn 0.5320 -0.0000 0.8467
vn -0.4465 -0.0000 0.8948
vn 0.4465 -0.0000 0.8948
vn -0.5320 -0.0000 0.8467
vn 0.3566 -0.0000 0.9342
vn -0.6125 -0.0000 0.7905
vn 0.2633 -0.0000 0.9647
vn -0.6870 -0.0000 0.7266
vn 0.1675 -0.0000 0.9859
vn -0.7549 -0.0000 0.6558
vn 0.0701 -0.0000 0.9975
vn -0.8156 -0.0000 0.5787
vn -0.0280 -0.0000 0.9996
vn -0.8683 -0.0000 0.4960
vn -0.1259 -0.0000 0.9920
vn -0.8849 -0.0000 0.4658
vn -0.0950 -0.0000 0.9955
vn 0.0950 -0.0000 0.9955
vn 0.8849 -0.0000 -0.4658
vn 0.1259 -0.0000 -0.9920
vn 0.8684 -0.0000 -0.4959
vn 0.0280 -0.0000 -0.9996
vn 0.8156 -0.0000 -0.5787
vn -0.0701 -0.0000 -0.9975
vn 0.7549 -0.0000 -0.6558
vn -0.1675 -0.0000 -0.9859
vn 0.6870 -0.0000 -0.7267
vn -0.2633 -0.0000 -0.9647
vn 0.6125 -0.0000 -0.7905
vn -0.3566 -0.0000 -0.9342
vn 0.5320 -0.0000 -0.8467
vn -0.4465 -0.0000 -0.8948
vn 0.4465 -0.0000 -0.8948
vn -0.5320 -0.0000 -0.8467
vn 0.3566 -0.0000 -0.9342
vn -0.6125 -0.0000 -0.7905
vn 0.2633 -0.0000 -0.9647
vn -0.6870 -0.0000 -0.7266
vn 0.1675 -0.0000 -0.9859
vn -0.7549 -0.0000 -0.6558
vn 0.0701 -0.0000 -0.9975
vn -0.8156 -0.0000 -0.5787
vn -0.0280 -0.0000 -0.9996
vn -0.8683 -0.0000 -0.4960
vn -0.1259 -0.0000 -0.9920
vn -0.8849 -0.0000 -0.4658
vn -0.0950 -0.0000 -0.9955
vn 0.0950 -0.0000 -0.9955
vn 0.7784 -0.6278 -0.0000
vn -0.7784 0.6278 -0.0000
vn 0.7784 0.6278 -0.0000
vn -0.7784 -0.6278 -0.0000
vn 0.7943 -0.6075 -0.0000
vn -0.7943 0.6075 -0.0000
vn 0.7943 0.6075 -0.0000
vn 0.7944 0.6075 -0.0000
vn -0.7943 -0.6075 -0.0000
vn -0.7944 0.6075 -0.0000
vn 0.7944 -0.6074 -0.0000
vn -0.0000 -0.1305 0.9914
vn -0.0000 0.1305 0.9914
vn -0.0000 -0.9914 -0.1305
vn -0.0000 -0.9914 0.1305
vn -0.0000 0.1305 -0.9914
vn -0.0000 -0.1305 -0.9914
vn -0.0000 0.9914 -0.1305
vn -0.0000 0.8660 -0.5000
vn -0.0000 0.7071 -0.7071
vn -0.0000 0.2588 -0.9659
vn -0.0000 -0.8660 -0.5000
vn -0.0000 -0.7071 -0.7071
vn -0.0000 -0.2588 -0.9659
vn -0.0000 -0.2588 0.9659
vn -0.0000 -0.7071 0.7071
vn -0.0000 -0.8660 0.5000
vn -0.0000 0.9914 0.1305
vn -0.0000 0.8660 0.5000
vn -0.0000 0.7071 0.7071
vn -0.0000 0.2588 0.9659
vn 1.0000 0.0004 -0.0000
vt 0.595016 0.092455
vt 0.470124 0.342079
vt 0.285355 0.967468
vt 0.285355 0.967469
vt 0.285355 0.967469
vt 0.285355 0.967468
vt 0.285355 0.967468
vt 0.285355 0.967468
vt 0.596600 0.091860
vt 0.655702 0.092286
vt 0.595328 0.092457
vt 0.533149 0.092525
vt 0.281930 0.972103
vt 0.281930 0.972102
vt 0.279092 0.967183
vt 0.282088 0.964531
vt 0.282091 0.964531
vt 0.282091 0.964528
vt 0.282088 0.964528
vt 0.282088 0.964526
vt 0.282091 0.964526
vt 0.282091 0.964523
vt 0.282088 0.964523
s 0
usemtl AIRPORT
f 1/1/1 2/1/1 3/1/1
f 4/1/2 5/1/2 6/1/2
f 7/1/3 8/1/3 9/1/3
f 10/1/4 11/1/4 12/1/4
f 13/1/2 14/1/2 15/1/2
f 16/1/1 17/1/1 18/1/1
s 1
f 19/1/4 20/1/4 21/1/4
s 0
f 22/1/3 23/1/3 24/1/3
s 1
f 25/2/5 26/2/6 27/2/7
f 26/2/6 28/2/8 27/2/7
f 29/2/9 30/2/10 31/2/7
f 30/2/10 32/2/11 31/2/7
f 33/2/12 34/2/13 35/2/7
f 34/2/13 36/2/14 35/2/7
f 37/2/15 38/2/16 39/2/7
f 38/2/16 40/2/17 39/2/7
s 0
f 41/1/7 42/1/7 43/1/7
f 44/1/7 45/1/7 46/1/7
f 47/1/18 48/1/18 49/1/18
f 50/1/18 51/1/18 52/1/18
f 53/1/7 54/1/7 55/1/7
f 56/1/18 57/1/18 58/1/18
f 59/1/7 60/1/7 61/1/7
f 62/1/18 63/1/18 64/1/18
s 1
f 65/2/11 66/2/7 67/2/19
f 67/2/19 66/2/7 68/2/20
f 69/2/21 70/2/7 71/2/22
f 71/2/22 70/2/7 72/2/23
f 73/2/24 74/2/7 75/2/16
f 75/2/16 74/2/7 76/2/25
f 77/2/26 78/2/7 79/2/27
f 79/2/27 78/2/7 80/2/28
s 0
f 81/1/7 82/1/7 83/1/7
f 84/1/7 85/1/7 86/1/7
f 87/1/18 88/1/18 89/1/18
f 90/1/18 91/1/18 92/1/18
f 93/1/7 94/1/7 95/1/7
f 96/1/18 97/1/18 98/1/18
f 99/1/7 100/1/7 101/1/7
f 102/1/18 103/1/18 104/1/18
f 105/2/18 106/2/18 107/2/18
f 108/2/7 109/2/7 110/2/7
f 110/2/7 111/2/7 108/2/7
f 111/2/7 112/2/7 113/2/7
f 114/2/7 111/2/7 113/2/7
f 115/2/7 108/2/7 114/2/7
f 111/2/7 114/2/7 108/2/7
f 106/2/18 116/2/18 107/2/18
f 117/2/18 118/2/18 107/2/18
f 118/2/18 105/2/18 107/2/18
f 119/2/29 120/2/29 121/2/29
f 120/2/29 122/2/29 121/2/29
s 1
f 123/2/30 124/2/30 125/2/31
f 124/2/30 126/2/30 125/2/31
s 0
f 127/2/29 128/2/29 129/2/29
f 128/2/29 130/2/29 129/2/29
s 1
f 131/2/30 132/2/30 133/2/31
f 132/2/30 134/2/30 133/2/31
f 135/2/30 136/2/30 137/2/32
f 136/2/30 138/2/30 137/2/32
f 139/2/30 140/2/30 141/2/32
f 140/2/30 142/2/30 141/2/32
f 143/2/29 144/2/29 145/2/33
f 144/2/29 146/2/29 145/2/33
f 147/2/29 148/2/29 149/2/34
f 148/2/29 150/2/29 149/2/34
s 0
f 151/2/35 152/2/35 153/2/35
f 154/2/18 107/2/18 155/2/18
f 108/2/7 156/2/7 157/2/7
f 156/2/7 108/2/7 158/2/7
f 158/2/7 159/2/7 160/2/7
f 161/2/7 159/2/7 158/2/7
f 115/2/7 161/2/7 108/2/7
f 158/2/7 108/2/7 161/2/7
f 155/2/18 107/2/18 162/2/18
f 117/2/18 107/2/18 163/2/18
f 163/2/18 107/2/18 154/2/18
f 164/2/30 165/2/30 166/2/30
f 166/2/30 165/2/30 167/2/30
s 1
f 168/2/29 169/2/36 170/2/29
f 170/2/29 169/2/36 171/2/29
s 0
f 172/2/30 173/2/30 174/2/30
f 174/2/30 173/2/30 175/2/30
s 1
f 176/2/29 177/2/36 178/2/29
f 178/2/29 177/2/36 179/2/29
f 180/2/29 181/2/37 182/2/29
f 182/2/29 181/2/37 183/2/29
f 184/2/29 185/2/37 186/2/29
f 186/2/29 185/2/37 187/2/29
f 188/2/30 189/2/38 190/2/30
f 190/2/30 189/2/38 191/2/30
f 192/2/30 193/2/39 194/2/30
f 194/2/30 193/2/39 195/2/30
s 0
f 196/2/40 197/2/40 198/2/40
f 199/1/7 200/1/7 201/1/7
f 202/1/18 203/1/18 204/1/18
f 205/1/7 206/1/7 207/1/7
f 208/1/18 209/1/18 210/1/18
f 211/2/40 212/2/40 213/2/40
f 212/2/40 214/2/40 213/2/40
f 214/2/40 215/2/40 213/2/40
f 216/2/40 217/2/40 218/2/40
f 217/2/40 219/2/40 218/2/40
f 219/2/40 220/2/40 218/2/40
f 221/2/41 222/2/41 223/2/41
f 222/2/41 224/2/41 223/2/41
f 224/2/41 225/2/41 223/2/41
f 226/2/41 227/2/41 228/2/41
f 227/2/41 229/2/41 228/2/41
f 229/2/41 230/2/41 228/2/41
f 231/2/40 232/2/40 233/2/40
f 232/2/40 234/2/40 233/2/40
f 234/2/40 235/2/40 233/2/40
f 236/2/40 237/2/40 238/2/40
f 237/2/40 239/2/40 238/2/40
f 239/2/40 240/2/40 238/2/40
f 241/2/41 242/2/41 243/2/41
f 242/2/41 244/2/41 243/2/41
f 244/2/41 245/2/41 243/2/41
f 246/2/41 247/2/41 248/2/41
f 247/2/41 249/2/41 248/2/41
f 249/2/41 250/2/41 248/2/41
f 251/2/41 252/2/41 253/2/41
f 252/2/41 254/2/41 253/2/41
f 254/2/41 255/2/41 253/2/41
f 256/2/41 257/2/41 258/2/41
f 257/2/41 259/2/41 258/2/41
f 259/2/41 260/2/41 258/2/41
f 261/2/40 262/2/40 263/2/40
f 262/2/40 264/2/40 263/2/40
f 264/2/40 265/2/40 263/2/40
f 266/2/40 267/2/40 268/2/40
f 267/2/40 269/2/40 268/2/40
f 269/2/40 270/2/40 268/2/40
f 271/2/41 272/2/41 273/2/41
f 272/2/41 274/2/41 273/2/41
f 274/2/41 275/2/41 273/2/41
f 276/2/41 277/2/41 278/2/41
f 277/2/41 279/2/41 278/2/41
f 279/2/41 280/2/41 278/2/41
f 281/2/40 282/2/40 283/2/40
f 282/2/40 284/2/40 283/2/40
f 284/2/40 285/2/40 283/2/40
f 286/2/40 287/2/40 288/2/40
f 287/2/40 289/2/40 288/2/40
f 289/2/40 290/2/40 288/2/40
s 1
f 291/2/42 292/2/42 293/2/42
s 0
f 291/2/42 293/2/42 294/2/42
f 295/2/43 296/2/43 297/2/43
f 295/2/43 297/2/43 298/2/43
f 299/2/44 300/2/44 301/2/44
f 299/2/44 301/2/44 302/2/44
f 303/2/45 304/2/45 305/2/45
f 303/2/45 305/2/45 306/2/45
f 307/2/7 308/2/7 309/2/7
f 307/2/7 309/2/7 310/2/7
f 311/1/30 312/1/30 313/1/30
f 311/1/30 313/1/30 314/1/30
f 315/2/46 316/2/46 317/2/46
f 315/2/46 317/2/46 318/2/46
f 319/2/29 320/2/29 321/2/29
f 319/2/29 321/2/29 322/2/29
f 323/2/47 324/2/47 325/2/47
f 323/2/47 325/2/47 326/2/47
f 327/2/41 328/2/41 329/2/41
f 327/2/41 329/2/41 330/2/41
f 331/2/48 332/2/48 333/2/48
f 331/2/48 333/2/48 334/2/48
f 335/2/30 336/2/30 337/2/30
f 335/2/30 337/2/30 338/2/30
f 339/2/49 340/2/49 341/2/49
f 339/2/49 341/2/49 342/2/49
f 343/2/40 344/2/40 345/2/40
f 343/2/40 345/2/40 346/2/40
f 347/2/18 348/2/18 349/2/18
f 347/2/18 349/2/18 350/2/18
f 351/2/18 352/2/18 353/2/18
f 351/2/18 353/2/18 354/2/18
f 355/2/18 356/2/18 357/2/18
f 355/2/18 357/2/18 358/2/18
f 359/2/18 360/2/18 361/2/18
f 359/2/18 361/2/18 362/2/18
f 363/2/18 364/2/18 365/2/18
f 363/2/18 365/2/18 366/2/18
f 367/1/41 368/1/41 369/1/41
f 367/1/41 369/1/41 370/1/41
f 371/1/40 372/1/40 373/1/40
f 371/1/40 373/1/40 374/1/40
f 375/1/29 376/1/29 377/1/29
f 375/1/29 377/1/29 378/1/29
f 379/2/18 380/2/18 381/2/18
f 379/2/18 381/2/18 382/2/18
f 383/2/7 384/2/7 385/2/7
f 383/2/7 385/2/7 386/2/7
f 387/2/18 388/2/18 389/2/18
f 387/2/18 389/2/18 390/2/18
f 391/2/41 392/2/41 393/2/41
f 391/2/41 393/2/41 394/2/41
f 395/2/41 396/2/41 397/2/41
f 395/2/41 397/2/41 398/2/41
f 399/2/41 400/2/41 401/2/41
f 399/2/41 401/2/41 402/2/41
f 403/2/7 404/2/7 405/2/7
f 403/2/7 405/2/7 406/2/7
f 407/2/29 408/2/29 409/2/29
f 407/2/29 409/2/29 410/2/29
f 411/2/29 412/2/29 413/2/29
f 411/2/29 413/2/29 414/2/29
f 415/2/29 416/2/29 417/2/29
f 415/2/29 417/2/29 418/2/29
f 419/2/29 420/2/29 421/2/29
f 419/2/29 421/2/29 422/2/29
f 423/2/29 424/2/29 425/2/29
f 423/2/29 425/2/29 426/2/29
f 427/2/29 428/2/29 429/2/29
f 427/2/29 429/2/29 430/2/29
f 431/2/29 432/2/29 433/2/29
f 431/2/29 433/2/29 434/2/29
f 435/2/29 436/2/29 437/2/29
f 435/2/29 437/2/29 438/2/29
s 1
f 439/2/50 440/2/50 441/2/51
f 439/2/50 441/2/51 442/2/50
f 443/2/52 444/2/52 445/2/52
f 443/2/52 445/2/52 446/2/52
f 447/2/53 448/2/53 449/2/53
f 447/2/53 449/2/53 450/2/53
s 0
f 451/2/40 452/2/40 453/2/40
f 451/2/40 453/2/40 454/2/40
f 455/2/40 456/2/40 457/2/40
f 455/2/40 457/2/40 458/2/40
f 459/2/40 460/2/40 461/2/40
f 459/2/40 461/2/40 462/2/40
f 463/2/18 464/2/18 465/2/18
f 463/2/18 465/2/18 466/2/18
f 467/2/30 468/2/30 469/2/30
f 467/2/30 469/2/30 470/2/30
f 471/2/30 472/2/30 473/2/30
f 471/2/30 473/2/30 474/2/30
f 475/2/30 476/2/30 477/2/30
f 475/2/30 477/2/30 478/2/30
f 479/2/30 480/2/30 481/2/30
f 479/2/30 481/2/30 482/2/30
f 483/2/30 484/2/30 485/2/30
f 483/2/30 485/2/30 486/2/30
f 487/2/30 488/2/30 489/2/30
f 487/2/30 489/2/30 490/2/30
f 491/2/30 492/2/30 493/2/30
f 491/2/30 493/2/30 494/2/30
f 495/2/30 496/2/30 497/2/30
f 495/2/30 497/2/30 498/2/30
f 499/2/40 500/2/40 501/2/40
f 499/2/40 501/2/40 502/2/40
f 503/2/41 504/2/41 505/2/41
f 503/2/41 505/2/41 506/2/41
f 507/2/41 508/2/41 509/2/41
f 507/2/41 509/2/41 510/2/41
f 511/2/40 512/2/40 513/2/40
f 511/2/40 513/2/40 514/2/40
f 515/2/40 516/2/40 517/2/40
f 515/2/40 517/2/40 518/2/40
f 519/2/41 520/2/41 521/2/41
f 519/2/41 521/2/41 522/2/41
f 523/2/40 524/2/40 525/2/40
f 523/2/40 525/2/40 526/2/40
f 527/2/54 528/2/54 529/2/54
f 527/2/54 529/2/54 530/2/54
f 531/2/18 532/2/18 533/2/18
f 531/2/18 533/2/18 534/2/18
f 535/2/7 536/2/7 537/2/7
f 535/2/7 537/2/7 538/2/7
f 539/2/41 540/2/41 541/2/41
f 539/2/41 541/2/41 542/2/41
f 543/2/41 519/2/41 522/2/41
f 543/2/41 522/2/41 544/2/41
f 545/2/7 546/2/7 547/2/7
f 545/2/7 547/2/7 548/2/7
f 549/2/18 550/2/18 551/2/18
f 549/2/18 551/2/18 552/2/18
f 553/2/7 554/2/7 555/2/7
f 553/2/7 555/2/7 556/2/7
f 557/2/30 558/2/30 559/2/30
f 557/2/30 559/2/30 560/2/30
s 1
f 561/2/55 562/2/55 563/2/56
f 561/2/55 563/2/56 564/2/56
s 0
f 565/2/29 566/2/29 567/2/29
f 565/2/29 567/2/29 568/2/29
f 569/2/18 570/2/18 571/2/18
f 569/2/18 571/2/18 572/2/18
f 573/2/18 574/2/18 575/2/18
f 573/2/18 575/2/18 576/2/18
f 577/2/30 578/2/30 579/2/30
f 577/2/30 579/2/30 580/2/30
s 1
f 581/2/57 582/2/57 583/2/57
f 581/2/57 583/2/57 584/2/57
s 0
f 585/2/29 586/2/29 587/2/29
f 585/2/29 587/2/29 588/2/29
f 589/2/7 590/2/7 591/2/7
f 589/2/7 591/2/7 592/2/7
f 593/2/18 594/2/18 595/2/18
f 593/2/18 595/2/18 596/2/18
f 597/3/30 598/4/30 599/5/30
f 597/3/30 599/5/30 600/6/30
f 601/2/7 602/2/7 603/2/7
f 601/2/7 603/2/7 604/2/7
f 605/7/30 606/3/30 607/6/30
f 605/7/30 607/6/30 608/8/30
f 609/2/7 610/2/7 611/2/7
f 609/2/7 611/2/7 612/2/7
f 613/3/29 614/7/29 615/8/29
f 613/3/29 615/8/29 616/6/29
f 617/2/18 618/2/18 619/2/18
f 617/2/18 619/2/18 620/2/18
f 621/4/29 622/3/29 623/6/29
f 621/4/29 623/6/29 624/5/29
f 625/2/40 626/2/40 627/2/40
f 625/2/40 627/2/40 628/2/40
f 628/2/40 627/2/40 528/2/40
f 628/2/40 528/2/40 527/2/40
f 629/2/41 630/2/41 631/2/41
f 629/2/41 631/2/41 632/2/41
f 632/2/41 631/2/41 504/2/41
f 632/2/41 504/2/41 503/2/41
f 633/2/18 634/2/18 635/2/18
f 633/2/18 635/2/18 636/2/18
f 637/4/29 638/4/29 639/5/29
f 637/4/29 639/5/29 640/5/29
f 641/2/7 642/2/7 643/2/7
f 641/2/7 643/2/7 644/2/7
f 645/4/30 646/4/30 647/5/30
f 645/4/30 647/5/30 648/5/30
f 649/2/41 650/2/41 651/2/41
f 649/2/41 651/2/41 652/2/41
f 652/2/41 651/2/41 540/2/41
f 652/2/41 540/2/41 539/2/41
f 653/2/40 654/2/40 655/2/40
f 653/2/40 655/2/40 656/2/40
f 656/2/40 655/2/40 512/2/40
f 656/2/40 512/2/40 511/2/40
f 657/2/18 658/2/18 659/2/18
f 657/2/18 659/2/18 660/2/18
f 661/2/7 662/2/7 663/2/7
f 661/2/7 663/2/7 664/2/7
f 665/2/18 666/2/18 667/2/18
f 665/2/18 667/2/18 668/2/18
f 669/2/41 670/2/41 671/2/41
f 669/2/41 671/2/41 672/2/41
f 673/2/41 674/2/41 675/2/41
f 673/2/41 675/2/41 676/2/41
f 677/2/41 678/2/41 679/2/41
f 677/2/41 679/2/41 680/2/41
f 681/2/7 682/2/7 683/2/7
f 681/2/7 683/2/7 684/2/7
f 685/2/30 686/2/30 687/2/30
f 685/2/30 687/2/30 688/2/30
f 689/2/30 690/2/30 691/2/30
f 689/2/30 691/2/30 692/2/30
f 693/2/30 694/2/30 695/2/30
f 693/2/30 695/2/30 696/2/30
f 697/2/30 698/2/30 699/2/30
f 697/2/30 699/2/30 700/2/30
f 701/2/30 702/2/30 703/2/30
f 701/2/30 703/2/30 704/2/30
f 705/2/30 706/2/30 707/2/30
f 705/2/30 707/2/30 708/2/30
f 709/2/30 710/2/30 711/2/30
f 709/2/30 711/2/30 712/2/30
f 713/2/30 714/2/30 715/2/30
f 713/2/30 715/2/30 716/2/30
s 1
f 717/2/58 718/2/58 719/2/59
f 717/2/58 719/2/59 720/2/58
f 721/2/60 722/2/60 723/2/60
f 721/2/60 723/2/60 724/2/60
f 725/2/61 726/2/61 727/2/61
f 725/2/61 727/2/61 728/2/61
s 0
f 451/2/40 729/2/40 730/2/40
f 451/2/40 730/2/40 452/2/40
f 729/2/40 731/2/40 732/2/40
f 729/2/40 732/2/40 730/2/40
f 731/2/40 462/2/40 461/2/40
f 731/2/40 461/2/40 732/2/40
f 733/2/18 734/2/18 735/2/18
f 733/2/18 735/2/18 736/2/18
f 737/2/29 738/2/29 739/2/29
f 737/2/29 739/2/29 740/2/29
f 741/2/29 742/2/29 743/2/29
f 741/2/29 743/2/29 744/2/29
f 745/2/29 746/2/29 747/2/29
f 745/2/29 747/2/29 748/2/29
f 749/2/29 750/2/29 751/2/29
f 749/2/29 751/2/29 752/2/29
f 753/2/29 754/2/29 755/2/29
f 753/2/29 755/2/29 756/2/29
f 757/2/29 758/2/29 759/2/29
f 757/2/29 759/2/29 760/2/29
f 761/2/29 762/2/29 763/2/29
f 761/2/29 763/2/29 764/2/29
f 765/2/29 766/2/29 767/2/29
f 765/2/29 767/2/29 768/2/29
f 769/2/40 770/2/40 771/2/40
f 769/2/40 771/2/40 772/2/40
f 773/2/41 774/2/41 775/2/41
f 773/2/41 775/2/41 776/2/41
f 777/2/41 778/2/41 779/2/41
f 777/2/41 779/2/41 780/2/41
f 781/2/40 782/2/40 783/2/40
f 781/2/40 783/2/40 784/2/40
f 785/2/40 786/2/40 787/2/40
f 785/2/40 787/2/40 788/2/40
f 789/2/41 790/2/41 521/2/41
f 789/2/41 521/2/41 520/2/41
f 791/2/40 792/2/40 793/2/40
f 791/2/40 793/2/40 794/2/40
f 795/2/40 796/2/40 797/2/40
f 795/2/40 797/2/40 798/2/40
f 799/2/18 800/2/18 801/2/18
f 799/2/18 801/2/18 802/2/18
f 803/2/7 804/2/7 805/2/7
f 803/2/7 805/2/7 806/2/7
f 807/2/41 808/2/41 809/2/41
f 807/2/41 809/2/41 810/2/41
f 811/2/41 812/2/41 813/2/41
f 811/2/41 813/2/41 814/2/41
f 815/2/7 816/2/7 817/2/7
f 815/2/7 817/2/7 818/2/7
f 819/2/18 820/2/18 821/2/18
f 819/2/18 821/2/18 822/2/18
f 823/2/7 824/2/7 804/2/7
f 823/2/7 804/2/7 803/2/7
f 825/2/29 826/2/29 827/2/29
f 825/2/29 827/2/29 828/2/29
s 1
f 829/2/62 830/2/63 831/2/62
f 829/2/62 831/2/62 832/2/62
s 0
f 833/2/30 834/2/30 835/2/30
f 833/2/30 835/2/30 836/2/30
f 837/2/18 838/2/18 666/2/18
f 837/2/18 666/2/18 665/2/18
f 839/2/18 840/2/18 800/2/18
f 839/2/18 800/2/18 799/2/18
f 841/2/29 842/2/29 843/2/29
f 841/2/29 843/2/29 844/2/29
s 1
f 845/2/64 846/2/64 847/2/64
f 845/2/64 847/2/64 848/2/64
s 0
f 849/2/30 850/2/30 851/2/30
f 849/2/30 851/2/30 852/2/30
f 853/2/7 854/2/7 662/2/7
f 853/2/7 662/2/7 661/2/7
f 855/2/18 856/2/18 857/2/18
f 855/2/18 857/2/18 858/2/18
f 859/3/29 860/6/29 861/5/29
f 859/3/29 861/5/29 862/4/29
f 863/2/7 864/2/7 865/2/7
f 863/2/7 865/2/7 866/2/7
f 867/7/29 868/8/29 869/6/29
f 867/7/29 869/6/29 870/3/29
f 866/2/7 865/2/7 871/2/7
f 866/2/7 871/2/7 872/2/7
f 873/3/30 874/6/30 875/8/30
f 873/3/30 875/8/30 876/7/30
f 858/2/18 857/2/18 877/2/18
f 858/2/18 877/2/18 878/2/18
f 879/4/30 880/5/30 881/6/30
f 879/4/30 881/6/30 882/3/30
f 883/2/40 884/2/40 885/2/40
f 883/2/40 885/2/40 886/2/40
f 884/2/40 887/2/40 888/2/40
f 884/2/40 888/2/40 885/2/40
f 889/2/41 890/2/41 891/2/41
f 889/2/41 891/2/41 892/2/41
f 890/2/41 773/2/41 776/2/41
f 890/2/41 776/2/41 891/2/41
f 893/2/18 894/2/18 895/2/18
f 893/2/18 895/2/18 896/2/18
f 897/4/30 898/5/30 899/5/30
f 897/4/30 899/5/30 900/4/30
f 901/2/7 902/2/7 903/2/7
f 901/2/7 903/2/7 904/2/7
f 905/4/29 906/5/29 907/5/29
f 905/4/29 907/5/29 908/4/29
f 909/2/41 910/2/41 911/2/41
f 909/2/41 911/2/41 912/2/41
f 910/2/41 807/2/41 810/2/41
f 910/2/41 810/2/41 911/2/41
f 913/2/40 914/2/40 915/2/40
f 913/2/40 915/2/40 916/2/40
f 914/2/40 781/2/40 784/2/40
f 914/2/40 784/2/40 915/2/40
s 1
f 917/2/29 918/2/65 919/2/65
f 917/2/29 919/2/65 920/2/29
f 918/2/65 921/2/66 922/2/66
f 918/2/65 922/2/66 919/2/65
s 0
f 923/2/7 924/2/7 925/2/7
f 923/2/7 925/2/7 926/2/7
f 927/2/18 928/2/18 929/2/18
f 927/2/18 929/2/18 930/2/18
f 930/2/18 929/2/18 931/2/18
f 930/2/18 931/2/18 932/2/18
f 932/2/18 931/2/18 933/2/18
f 932/2/18 933/2/18 934/2/18
s 1
f 935/2/67 936/2/68 937/2/68
f 935/2/67 937/2/68 938/2/67
f 936/2/68 939/2/69 940/2/69
f 936/2/68 940/2/69 937/2/68
f 939/2/69 941/2/30 942/2/30
f 939/2/69 942/2/30 940/2/69
s 0
f 926/2/7 925/2/7 943/2/7
f 926/2/7 943/2/7 944/2/7
f 945/9/41 946/9/41 947/9/41
f 945/9/41 947/9/41 948/9/41
s 1
f 949/9/70 950/9/71 951/9/72
f 949/9/70 951/9/72 952/9/73
s 0
f 953/9/41 954/9/41 955/9/41
f 953/9/41 955/9/41 956/9/41
s 1
f 957/9/74 958/9/75 959/9/76
f 957/9/74 959/9/76 960/9/77
s 0
f 961/9/30 962/9/30 963/9/30
f 961/9/30 963/9/30 964/9/30
f 965/9/29 966/9/29 967/9/29
f 965/9/29 967/9/29 968/9/29
f 969/9/7 970/9/7 971/9/7
f 969/9/7 971/9/7 972/9/7
f 973/9/18 974/9/18 975/9/18
f 973/9/18 975/9/18 976/9/18
f 948/9/41 947/9/41 977/9/41
f 948/9/41 977/9/41 978/9/41
s 1
f 960/9/77 959/9/76 979/9/78
f 960/9/77 979/9/78 980/9/79
f 981/9/80 982/9/81 950/9/71
f 981/9/80 950/9/71 949/9/70
s 0
f 956/9/41 955/9/41 983/9/41
f 956/9/41 983/9/41 984/9/41
f 944/2/7 943/2/7 985/2/7
f 944/2/7 985/2/7 986/2/7
s 1
f 921/2/66 987/2/82 988/2/82
f 921/2/66 988/2/82 922/2/66
s 0
f 989/2/40 990/2/40 991/2/40
f 989/2/40 991/2/40 992/2/40
f 993/2/18 994/2/18 995/2/18
f 993/2/18 995/2/18 996/2/18
f 997/2/18 998/2/18 999/2/18
f 997/2/18 999/2/18 1000/2/18
f 1001/2/7 1002/2/7 1003/2/7
f 1001/2/7 1003/2/7 1004/2/7
f 1002/2/7 1005/2/7 1006/2/7
f 1002/2/7 1006/2/7 1003/2/7
f 1005/2/7 1007/2/7 1008/2/7
f 1005/2/7 1008/2/7 1006/2/7
f 1009/2/7 1010/2/7 1011/2/7
f 1009/2/7 1011/2/7 1012/2/7
f 1013/2/7 1014/2/7 1015/2/7
f 1013/2/7 1015/2/7 1016/2/7
s 1
f 1017/2/83 1018/2/84 1019/2/7
f 1017/2/83 1019/2/7 1020/2/7
s 0
f 998/2/18 1021/2/18 1022/2/18
f 998/2/18 1022/2/18 999/2/18
f 1021/2/18 1023/2/18 1024/2/18
f 1021/2/18 1024/2/18 1022/2/18
f 1025/2/18 1026/2/18 1027/2/18
f 1025/2/18 1027/2/18 1028/2/18
f 1029/2/18 1030/2/18 1024/2/18
f 1029/2/18 1024/2/18 1023/2/18
f 1031/2/7 1032/2/7 1001/2/7
f 1031/2/7 1001/2/7 1004/2/7
s 1
f 1033/2/85 1034/2/86 1035/2/18
f 1033/2/85 1035/2/18 1036/2/18
s 0
f 1037/2/7 1038/2/7 1039/2/7
f 1037/2/7 1039/2/7 1040/2/7
f 1041/2/30 1042/2/30 1043/2/30
f 1041/2/30 1043/2/30 1044/2/30
f 1045/2/40 1046/2/40 1047/2/40
f 1045/2/40 1047/2/40 1048/2/40
s 1
f 1049/2/87 1017/2/83 1020/2/7
f 1049/2/87 1020/2/7 1050/2/7
s 0
f 1014/2/7 1009/2/7 1012/2/7
f 1014/2/7 1012/2/7 1015/2/7
s 1
f 1051/2/66 1052/2/82 1053/2/82
f 1051/2/66 1053/2/82 1054/2/66
s 0
f 1055/9/29 1056/9/29 1057/9/29
f 1055/9/29 1057/9/29 1058/9/29
f 1058/9/29 1057/9/29 966/9/29
f 1058/9/29 966/9/29 965/9/29
s 1
f 952/9/73 951/9/72 1059/9/75
f 952/9/73 1059/9/75 1060/9/74
f 1060/9/74 1059/9/75 958/9/75
f 1060/9/74 958/9/75 957/9/74
s 0
f 984/9/41 983/9/41 1061/9/41
f 984/9/41 1061/9/41 1062/9/41
f 1062/9/41 1061/9/41 946/9/41
f 1062/9/41 946/9/41 945/9/41
s 1
f 1063/2/65 1051/2/66 1054/2/66
f 1063/2/65 1054/2/66 1064/2/65
f 1065/2/29 1063/2/65 1064/2/65
f 1065/2/29 1064/2/65 1066/2/29
s 0
f 1067/2/88 1068/2/88 1069/2/88
f 1067/2/88 1069/2/88 1070/2/88
f 1071/2/29 1072/2/29 1073/2/29
f 1071/2/29 1073/2/29 1074/2/29
s 1
f 1034/2/86 1075/2/89 1076/2/18
f 1034/2/86 1076/2/18 1035/2/18
s 0
f 1077/2/18 1078/2/18 1079/2/18
f 1077/2/18 1079/2/18 1080/2/18
s 1
f 980/9/79 979/9/78 1081/9/81
f 980/9/79 1081/9/81 1082/9/80
f 1082/9/80 1081/9/81 982/9/81
f 1082/9/80 982/9/81 981/9/80
s 0
f 1083/9/30 1084/9/30 1085/9/30
f 1083/9/30 1085/9/30 1086/9/30
f 1086/9/30 1085/9/30 962/9/30
f 1086/9/30 962/9/30 961/9/30
f 978/9/41 977/9/41 1087/9/41
f 978/9/41 1087/9/41 1088/9/41
f 1088/9/41 1087/9/41 954/9/41
f 1088/9/41 954/9/41 953/9/41
s 1
f 1089/2/69 1090/2/30 1091/2/30
f 1089/2/69 1091/2/30 1092/2/69
f 1093/2/68 1089/2/69 1092/2/69
f 1093/2/68 1092/2/69 1094/2/68
f 1095/2/67 1093/2/68 1094/2/68
f 1095/2/67 1094/2/68 1096/2/67
f 1097/2/90 1098/2/91 1099/2/92
f 1097/2/90 1099/2/92 1100/2/93
f 1101/2/94 1102/2/95 1034/2/86
f 1101/2/94 1034/2/86 1033/2/85
f 1103/2/96 1104/2/97 1105/2/98
f 1103/2/96 1105/2/98 1075/2/89
f 1106/2/99 1107/2/100 1108/2/101
f 1106/2/99 1108/2/101 1109/2/102
f 1110/2/103 1111/2/104 1018/2/84
f 1110/2/103 1018/2/84 1017/2/83
f 1098/2/91 1112/2/105 1113/2/106
f 1098/2/91 1113/2/106 1099/2/92
f 1114/2/107 1115/2/108 1049/2/87
f 1114/2/107 1049/2/87 1116/2/109
f 1102/2/95 1103/2/96 1075/2/89
f 1102/2/95 1075/2/89 1034/2/86
f 1117/2/110 1097/2/90 1100/2/93
f 1117/2/110 1100/2/93 1118/2/111
f 1119/2/112 1106/2/99 1109/2/102
f 1119/2/112 1109/2/102 1120/2/113
f 1115/2/108 1110/2/103 1017/2/83
f 1115/2/108 1017/2/83 1049/2/87
f 1107/2/100 1121/2/114 1122/2/115
f 1107/2/100 1122/2/115 1108/2/101
f 1123/2/116 1124/2/116 1125/2/117
f 1123/2/116 1125/2/117 1126/2/117
f 1126/2/117 1125/2/117 1127/2/118
f 1126/2/117 1127/2/118 1128/2/118
f 1129/2/119 1130/2/120 1131/2/121
f 1129/2/119 1131/2/121 1132/2/121
f 1132/2/121 1131/2/121 1133/2/122
f 1132/2/121 1133/2/122 1134/2/122
f 1134/2/122 1133/2/122 1135/2/123
f 1134/2/122 1135/2/123 1136/2/123
f 1128/2/118 1127/2/118 1137/2/124
f 1128/2/118 1137/2/124 1138/2/124
f 1139/2/29 1140/2/29 1130/2/120
f 1139/2/29 1130/2/120 1129/2/119
s 0
f 1141/2/30 1142/2/30 1143/2/30
f 1141/2/30 1143/2/30 1144/2/30
s 1
f 1145/2/30 1146/2/30 1138/2/124
f 1145/2/30 1138/2/124 1137/2/124
f 1147/2/125 1148/2/125 1149/2/126
f 1147/2/125 1149/2/126 1150/2/126
f 1151/2/117 1152/2/117 1148/2/125
f 1151/2/117 1148/2/125 1147/2/125
f 1153/2/30 1154/2/30 1152/2/117
f 1153/2/30 1152/2/117 1151/2/117
s 0
f 1155/2/29 1156/2/29 1157/2/29
f 1155/2/29 1157/2/29 1158/2/29
s 1
f 1159/2/122 1160/2/122 1161/2/29
f 1159/2/122 1161/2/29 1162/2/29
f 1163/2/127 1164/2/127 1160/2/122
f 1163/2/127 1160/2/122 1159/2/122
f 1165/2/128 1166/2/128 1164/2/127
f 1165/2/128 1164/2/127 1163/2/127
s 0
f 1167/2/7 1037/2/7 1040/2/7
f 1167/2/7 1040/2/7 1168/2/7
s 1
f 1169/2/18 1118/2/111 1170/2/18
s 0
f 1169/2/18 1170/2/18 1171/2/18
f 1172/2/129 1173/2/129 1174/2/129
f 1172/2/129 1174/2/129 1175/2/129
f 1176/2/7 1177/2/7 1178/2/7
f 1176/2/7 1178/2/7 1179/2/7
f 1078/2/18 1180/2/18 1181/2/18
f 1078/2/18 1181/2/18 1079/2/18
s 1
f 1122/2/115 1182/2/7 1183/2/7
f 1122/2/115 1183/2/7 1184/2/7
s 0
f 1185/2/7 1013/2/7 1016/2/7
f 1185/2/7 1016/2/7 1186/2/7
f 1187/2/18 1188/2/18 1189/2/18
f 1187/2/18 1189/2/18 1190/2/18
s 1
f 1099/2/92 1113/2/106 1191/2/18
f 1099/2/92 1191/2/18 1192/2/18
s 0
f 994/2/18 1193/2/18 1194/2/18
f 994/2/18 1194/2/18 995/2/18
s 1
f 1120/2/113 1109/2/102 1195/2/7
f 1120/2/113 1195/2/7 1196/2/7
s 0
f 1038/2/7 1176/2/7 1179/2/7
f 1038/2/7 1179/2/7 1039/2/7
s 1
f 1100/2/93 1099/2/92 1192/2/18
f 1100/2/93 1192/2/18 1197/2/18
f 1198/2/7 1116/2/109 1199/2/7
s 0
f 1198/2/7 1199/2/7 1200/2/7
f 1188/2/18 1077/2/18 1080/2/18
f 1188/2/18 1080/2/18 1189/2/18
f 1201/2/88 1202/2/88 1203/2/88
f 1201/2/88 1203/2/88 1204/2/88
s 1
f 1109/2/102 1108/2/101 1205/2/7
f 1109/2/102 1205/2/7 1195/2/7
f 1105/2/98 1206/2/18 1207/2/18
f 1105/2/98 1207/2/18 1208/2/18
s 0
f 1209/2/129 1210/2/129 1211/2/129
f 1209/2/129 1211/2/129 1212/2/129
s 1
f 1118/2/111 1100/2/93 1197/2/18
f 1118/2/111 1197/2/18 1170/2/18
f 1075/2/89 1105/2/98 1208/2/18
f 1075/2/89 1208/2/18 1076/2/18
f 1108/2/101 1122/2/115 1184/2/7
f 1108/2/101 1184/2/7 1205/2/7
s 0
f 1026/2/18 993/2/18 996/2/18
f 1026/2/18 996/2/18 1027/2/18
s 1
f 1116/2/109 1049/2/87 1050/2/7
f 1116/2/109 1050/2/7 1199/2/7
f 1213/2/130 1214/2/130 1215/2/131
f 1213/2/130 1215/2/131 1216/2/131
f 1217/2/132 1218/2/133 1219/2/133
f 1217/2/132 1219/2/133 1220/2/132
f 917/2/29 920/2/29 1221/2/122
f 917/2/29 1221/2/122 1222/2/122
f 1222/2/122 1221/2/122 1223/2/134
f 1222/2/122 1223/2/134 1224/2/134
s 0
f 923/2/7 1225/2/7 1226/2/7
f 923/2/7 1226/2/7 924/2/7
f 1227/2/18 1228/2/18 1229/2/18
f 1227/2/18 1229/2/18 1230/2/18
f 1228/2/18 1231/2/18 1232/2/18
f 1228/2/18 1232/2/18 1229/2/18
f 1231/2/18 934/2/18 933/2/18
f 1231/2/18 933/2/18 1232/2/18
s 1
f 1233/2/135 1234/2/135 1235/2/136
f 1233/2/135 1235/2/136 1236/2/136
f 1236/2/136 1235/2/136 1237/2/117
f 1236/2/136 1237/2/117 1238/2/117
f 1238/2/117 1237/2/117 942/2/30
f 1238/2/117 942/2/30 941/2/30
s 0
f 1225/2/7 1239/2/7 1240/2/7
f 1225/2/7 1240/2/7 1226/2/7
f 1241/9/40 1242/9/40 1243/9/40
f 1241/9/40 1243/9/40 1244/9/40
s 1
f 1245/9/137 1246/9/138 1247/9/139
f 1245/9/137 1247/9/139 1248/9/140
s 0
f 1249/9/40 1250/9/40 1251/9/40
f 1249/9/40 1251/9/40 1252/9/40
s 1
f 1253/9/141 1254/9/142 1255/9/143
f 1253/9/141 1255/9/143 1256/9/144
s 0
f 1257/9/30 1258/9/30 1259/9/30
f 1257/9/30 1259/9/30 1260/9/30
f 1261/9/29 1262/9/29 1263/9/29
f 1261/9/29 1263/9/29 1264/9/29
f 1265/9/7 1266/9/7 1267/9/7
f 1265/9/7 1267/9/7 1268/9/7
f 1269/9/18 1270/9/18 1271/9/18
f 1269/9/18 1271/9/18 1272/9/18
f 1242/9/40 1273/9/40 1274/9/40
f 1242/9/40 1274/9/40 1243/9/40
s 1
f 1254/9/142 1275/9/145 1276/9/146
f 1254/9/142 1276/9/146 1255/9/143
f 1277/9/147 1245/9/137 1248/9/140
f 1277/9/147 1248/9/140 1278/9/148
s 0
f 1250/9/40 1279/9/40 1280/9/40
f 1250/9/40 1280/9/40 1251/9/40
f 1239/2/7 1281/2/7 1282/2/7
f 1239/2/7 1282/2/7 1240/2/7
s 1
f 1224/2/134 1223/2/134 1283/2/149
f 1224/2/134 1283/2/149 1284/2/149
s 0
f 1285/2/18 1286/2/18 1287/2/18
f 1285/2/18 1287/2/18 1288/2/18
f 997/2/18 1000/2/18 1289/2/18
f 997/2/18 1289/2/18 1290/2/18
f 1291/2/7 1292/2/7 1293/2/7
f 1291/2/7 1293/2/7 1294/2/7
f 1294/2/7 1293/2/7 1295/2/7
f 1294/2/7 1295/2/7 1296/2/7
f 1296/2/7 1295/2/7 1008/2/7
f 1296/2/7 1008/2/7 1007/2/7
f 1297/2/7 1298/2/7 1299/2/7
f 1297/2/7 1299/2/7 1300/2/7
f 1301/2/7 1302/2/7 1303/2/7
f 1301/2/7 1303/2/7 1304/2/7
s 1
f 1305/2/150 1306/2/7 1307/2/7
f 1305/2/150 1307/2/7 1018/2/84
s 0
f 1290/2/18 1289/2/18 1308/2/18
f 1290/2/18 1308/2/18 1309/2/18
f 1309/2/18 1308/2/18 1310/2/18
f 1309/2/18 1310/2/18 1311/2/18
f 1312/2/18 1313/2/18 1314/2/18
f 1312/2/18 1314/2/18 1315/2/18
f 1316/2/18 1311/2/18 1310/2/18
f 1316/2/18 1310/2/18 1317/2/18
f 1318/2/7 1292/2/7 1291/2/7
f 1318/2/7 1291/2/7 1319/2/7
s 1
f 1033/2/85 1036/2/18 1320/2/18
f 1033/2/85 1320/2/18 1321/2/151
s 0
f 1322/2/7 1323/2/7 1324/2/7
f 1322/2/7 1324/2/7 1325/2/7
f 1326/2/30 1327/2/30 1328/2/30
f 1326/2/30 1328/2/30 1329/2/30
s 1
f 1330/2/152 1331/2/7 1306/2/7
f 1330/2/152 1306/2/7 1305/2/150
s 0
f 1304/2/7 1303/2/7 1298/2/7
f 1304/2/7 1298/2/7 1297/2/7
s 1
f 1332/2/134 1333/2/134 1334/2/149
f 1332/2/134 1334/2/149 1335/2/149
s 0
f 1336/9/29 1337/9/29 1338/9/29
f 1336/9/29 1338/9/29 1339/9/29
f 1337/9/29 1261/9/29 1264/9/29
f 1337/9/29 1264/9/29 1338/9/29
s 1
f 1246/9/138 1340/9/141 1341/9/144
f 1246/9/138 1341/9/144 1247/9/139
f 1340/9/141 1253/9/141 1256/9/144
f 1340/9/141 1256/9/144 1341/9/144
s 0
f 1279/9/40 1342/9/40 1343/9/40
f 1279/9/40 1343/9/40 1280/9/40
f 1342/9/40 1241/9/40 1244/9/40
f 1342/9/40 1244/9/40 1343/9/40
s 1
f 1344/2/122 1345/2/122 1333/2/134
f 1344/2/122 1333/2/134 1332/2/134
f 1065/2/29 1066/2/29 1345/2/122
f 1065/2/29 1345/2/122 1344/2/122
s 0
f 1346/2/153 1347/2/153 1348/2/153
f 1346/2/153 1348/2/153 1349/2/153
f 1350/2/29 1351/2/29 1352/2/29
f 1350/2/29 1352/2/29 1353/2/29
s 1
f 1321/2/151 1320/2/18 1354/2/18
f 1321/2/151 1354/2/18 1355/2/154
s 0
f 1356/2/18 1357/2/18 1358/2/18
f 1356/2/18 1358/2/18 1359/2/18
s 1
f 1275/9/145 1360/9/147 1361/9/148
f 1275/9/145 1361/9/148 1276/9/146
f 1360/9/147 1277/9/147 1278/9/148
f 1360/9/147 1278/9/148 1361/9/148
s 0
f 1362/9/30 1363/9/30 1364/9/30
f 1362/9/30 1364/9/30 1365/9/30
f 1363/9/30 1257/9/30 1260/9/30
f 1363/9/30 1260/9/30 1364/9/30
f 1273/9/40 1366/9/40 1367/9/40
f 1273/9/40 1367/9/40 1274/9/40
f 1366/9/40 1249/9/40 1252/9/40
f 1366/9/40 1252/9/40 1367/9/40
s 1
f 1368/2/117 1369/2/117 1091/2/30
f 1368/2/117 1091/2/30 1090/2/30
f 1370/2/136 1371/2/136 1369/2/117
f 1370/2/136 1369/2/117 1368/2/117
f 1372/2/135 1373/2/135 1371/2/136
f 1372/2/135 1371/2/136 1370/2/136
f 1374/2/155 1375/2/156 1376/2/157
f 1374/2/155 1376/2/157 1377/2/158
f 1101/2/94 1033/2/85 1321/2/151
f 1101/2/94 1321/2/151 1378/2/159
f 1379/2/160 1355/2/154 1380/2/161
f 1379/2/160 1380/2/161 1381/2/162
f 1382/2/163 1383/2/164 1384/2/165
f 1382/2/163 1384/2/165 1385/2/166
f 1386/2/167 1305/2/150 1018/2/84
f 1386/2/167 1018/2/84 1111/2/104
f 1377/2/158 1376/2/157 1113/2/106
f 1377/2/158 1113/2/106 1112/2/105
f 1387/2/168 1388/2/169 1330/2/152
f 1387/2/168 1330/2/152 1389/2/170
f 1378/2/159 1321/2/151 1355/2/154
f 1378/2/159 1355/2/154 1379/2/160
f 1390/2/171 1391/2/172 1375/2/156
f 1390/2/171 1375/2/156 1374/2/155
f 1119/2/112 1120/2/113 1383/2/164
f 1119/2/112 1383/2/164 1382/2/163
f 1389/2/170 1330/2/152 1305/2/150
f 1389/2/170 1305/2/150 1386/2/167
f 1385/2/166 1384/2/165 1392/2/173
f 1385/2/166 1392/2/173 1393/2/174
f 1394/2/175 1395/2/69 1396/2/69
f 1394/2/175 1396/2/69 1397/2/175
f 1395/2/69 1398/2/176 1399/2/176
f 1395/2/69 1399/2/176 1396/2/69
f 1400/2/177 1401/2/178 1402/2/178
f 1400/2/177 1402/2/178 1403/2/179
f 1401/2/178 1404/2/65 1405/2/65
f 1401/2/178 1405/2/65 1402/2/178
f 1404/2/65 1406/2/180 1407/2/180
f 1404/2/65 1407/2/180 1405/2/65
f 1398/2/176 1408/2/181 1409/2/181
f 1398/2/176 1409/2/181 1399/2/176
f 1410/2/29 1400/2/177 1403/2/179
f 1410/2/29 1403/2/179 1411/2/29
s 0
f 1412/2/30 1413/2/30 1414/2/30
f 1412/2/30 1414/2/30 1415/2/30
s 1
f 1416/2/30 1409/2/181 1408/2/181
f 1416/2/30 1408/2/181 1417/2/30
f 1418/2/182 1419/2/183 1420/2/183
f 1418/2/182 1420/2/183 1421/2/182
f 1422/2/69 1418/2/182 1421/2/182
f 1422/2/69 1421/2/182 1423/2/69
f 1153/2/30 1422/2/69 1423/2/69
f 1153/2/30 1423/2/69 1154/2/30
s 0
f 1424/2/29 1425/2/29 1426/2/29
f 1424/2/29 1426/2/29 1427/2/29
s 1
f 1428/2/65 1162/2/29 1161/2/29
f 1428/2/65 1161/2/29 1429/2/65
f 1430/2/184 1428/2/65 1429/2/65
f 1430/2/184 1429/2/65 1431/2/184
f 1432/2/185 1430/2/184 1431/2/184
f 1432/2/185 1431/2/184 1433/2/185
s 0
f 1434/2/7 1435/2/7 1323/2/7
f 1434/2/7 1323/2/7 1322/2/7
f 1436/2/18 1437/2/18 1438/2/18
s 1
f 1436/2/18 1438/2/18 1391/2/172
s 0
f 1439/2/186 1440/2/186 1441/2/186
f 1439/2/186 1441/2/186 1442/2/186
f 1443/2/7 1444/2/7 1178/2/7
f 1443/2/7 1178/2/7 1177/2/7
f 1359/2/18 1358/2/18 1445/2/18
f 1359/2/18 1445/2/18 1446/2/18
s 1
f 1392/2/173 1447/2/7 1448/2/7
f 1392/2/173 1448/2/7 1449/2/7
s 0
f 1185/2/7 1186/2/7 1302/2/7
f 1185/2/7 1302/2/7 1301/2/7
f 1187/2/18 1190/2/18 1450/2/18
f 1187/2/18 1450/2/18 1451/2/18
s 1
f 1376/2/157 1452/2/18 1191/2/18
f 1376/2/157 1191/2/18 1113/2/106
s 0
f 1288/2/18 1287/2/18 1453/2/18
f 1288/2/18 1453/2/18 1454/2/18
s 1
f 1120/2/113 1455/2/7 1456/2/7
f 1120/2/113 1456/2/7 1383/2/164
s 0
f 1325/2/7 1324/2/7 1444/2/7
f 1325/2/7 1444/2/7 1443/2/7
s 1
f 1375/2/156 1457/2/18 1452/2/18
f 1375/2/156 1452/2/18 1376/2/157
s 0
f 1458/2/7 1459/2/7 1460/2/7
s 1
f 1458/2/7 1460/2/7 1388/2/169
s 0
f 1451/2/18 1450/2/18 1357/2/18
f 1451/2/18 1357/2/18 1356/2/18
f 1461/2/153 1462/2/153 1463/2/153
f 1461/2/153 1463/2/153 1464/2/153
s 1
f 1383/2/164 1456/2/7 1465/2/7
f 1383/2/164 1465/2/7 1384/2/165
f 1380/2/161 1466/2/18 1467/2/18
f 1380/2/161 1467/2/18 1468/2/18
s 0
f 1469/2/186 1470/2/186 1471/2/186
f 1469/2/186 1471/2/186 1472/2/186
s 1
f 1391/2/172 1438/2/18 1457/2/18
f 1391/2/172 1457/2/18 1375/2/156
f 1355/2/154 1354/2/18 1466/2/18
f 1355/2/154 1466/2/18 1380/2/161
f 1384/2/165 1465/2/7 1447/2/7
f 1384/2/165 1447/2/7 1392/2/173
s 0
f 1315/2/18 1314/2/18 1286/2/18
f 1315/2/18 1286/2/18 1285/2/18
s 1
f 1388/2/169 1460/2/7 1331/2/7
f 1388/2/169 1331/2/7 1330/2/152
f 1473/2/141 1474/2/187 1475/2/187
f 1473/2/141 1475/2/187 1476/2/141
f 1477/2/147 1478/2/147 1479/2/188
f 1477/2/147 1479/2/188 1480/2/188
s 0
f 1481/2/7 1482/2/7 1483/2/7
f 1481/2/7 1483/2/7 1484/2/7
f 1485/2/7 1486/2/7 1487/2/7
f 1485/2/7 1487/2/7 1488/2/7
f 1489/2/7 1481/2/7 1484/2/7
f 1489/2/7 1484/2/7 1490/2/7
f 1491/2/7 1485/2/7 1488/2/7
f 1491/2/7 1488/2/7 1492/2/7
f 1493/2/7 1489/2/7 1490/2/7
f 1493/2/7 1490/2/7 1494/2/7
f 1495/2/7 1491/2/7 1492/2/7
f 1495/2/7 1492/2/7 1496/2/7
f 1497/2/7 1493/2/7 1494/2/7
f 1497/2/7 1494/2/7 1498/2/7
f 1499/2/7 1495/2/7 1496/2/7
f 1499/2/7 1496/2/7 1500/2/7
f 1501/2/7 1497/2/7 1498/2/7
f 1501/2/7 1498/2/7 1502/2/7
f 1503/2/7 1499/2/7 1500/2/7
f 1503/2/7 1500/2/7 1504/2/7
f 1505/2/7 1501/2/7 1502/2/7
f 1505/2/7 1502/2/7 1506/2/7
f 1507/2/7 1505/2/7 1506/2/7
f 1507/2/7 1506/2/7 1508/2/7
f 1509/2/7 1507/2/7 1508/2/7
f 1509/2/7 1508/2/7 1510/2/7
f 1511/1/7 1512/1/7 1513/1/7
f 1511/1/7 1513/1/7 1514/1/7
s 1
f 1515/1/68 1516/1/68 1517/1/1
f 1515/1/68 1517/1/1 1518/1/1
f 1518/1/1 1517/1/1 1519/1/189
f 1518/1/1 1519/1/189 1520/1/189
f 1520/1/189 1519/1/189 1521/1/190
f 1520/1/189 1521/1/190 1522/1/190
f 1522/1/190 1521/1/190 1523/1/41
f 1522/1/190 1523/1/41 1524/1/41
f 1524/1/41 1523/1/41 1525/1/191
f 1524/1/41 1525/1/191 1526/1/191
f 1526/1/191 1525/1/191 1527/1/192
f 1526/1/191 1527/1/192 1528/1/192
f 1528/1/192 1527/1/192 1529/1/3
f 1528/1/192 1529/1/3 1530/1/3
f 1530/1/3 1529/1/3 1531/1/66
f 1530/1/3 1531/1/66 1532/1/66
f 1532/1/66 1531/1/66 1533/1/65
f 1532/1/66 1533/1/65 1534/1/65
f 1534/1/65 1533/1/65 1535/1/29
f 1534/1/65 1535/1/29 1536/1/29
f 1536/1/29 1535/1/29 1537/1/122
f 1536/1/29 1537/1/122 1538/1/122
f 1538/1/122 1537/1/122 1539/1/134
f 1538/1/122 1539/1/134 1540/1/134
f 1540/1/134 1539/1/134 1541/1/2
f 1540/1/134 1541/1/2 1542/1/2
f 1542/1/2 1541/1/2 1543/1/193
f 1542/1/2 1543/1/193 1544/1/193
f 1544/1/193 1543/1/193 1545/1/194
f 1544/1/193 1545/1/194 1546/1/194
f 1546/1/194 1545/1/194 1547/1/40
f 1546/1/194 1547/1/40 1548/1/40
f 1548/1/40 1547/1/40 1549/1/195
f 1548/1/40 1549/1/195 1550/1/195
f 1550/1/195 1549/1/195 1551/1/196
f 1550/1/195 1551/1/196 1552/1/196
f 1552/1/196 1551/1/196 1553/1/4
f 1552/1/196 1553/1/4 1554/1/4
f 1554/1/4 1553/1/4 1555/1/136
f 1554/1/4 1555/1/136 1556/1/136
f 1556/1/136 1555/1/136 1557/1/117
f 1556/1/136 1557/1/117 1558/1/117
f 1559/1/30 1560/1/30 1561/1/69
f 1559/1/30 1561/1/69 1562/1/69
f 1563/1/194 1564/1/194 1565/1/40
f 1563/1/194 1565/1/40 1566/1/40
s 0
f 1567/1/7 1568/1/7 1569/1/7
f 1567/1/7 1569/1/7 1570/1/7
f 1571/1/7 1572/1/7 1573/1/7
f 1571/1/7 1573/1/7 1574/1/7
s 1
f 1575/1/189 1576/1/189 1577/1/190
f 1575/1/189 1577/1/190 1578/1/190
f 1579/1/122 1580/1/122 1581/1/134
f 1579/1/122 1581/1/134 1582/1/134
f 1583/1/136 1584/1/136 1585/1/117
f 1583/1/136 1585/1/117 1586/1/117
f 1586/1/117 1585/1/117 1587/1/30
f 1586/1/117 1587/1/30 1588/1/30
s 0
f 1589/1/7 1590/1/7 1591/1/7
f 1589/1/7 1591/1/7 1592/1/7
f 1593/1/7 1594/1/7 1595/1/7
f 1593/1/7 1595/1/7 1596/1/7
s 1
f 1558/1/117 1557/1/117 1560/1/30
f 1558/1/117 1560/1/30 1559/1/30
f 1597/1/3 1598/1/3 1599/1/66
f 1597/1/3 1599/1/66 1600/1/66
f 1566/1/40 1565/1/40 1601/1/195
f 1566/1/40 1601/1/195 1602/1/195
s 0
f 1568/1/7 1603/1/7 1604/1/7
f 1568/1/7 1604/1/7 1569/1/7
f 1572/1/7 1605/1/7 1606/1/7
f 1572/1/7 1606/1/7 1573/1/7
s 1
f 1578/1/190 1577/1/190 1607/1/41
f 1578/1/190 1607/1/41 1608/1/41
f 1582/1/134 1581/1/134 1609/1/2
f 1582/1/134 1609/1/2 1610/1/2
f 1588/1/30 1587/1/30 1611/1/69
f 1588/1/30 1611/1/69 1612/1/69
s 0
f 1590/1/7 1613/1/7 1614/1/7
f 1590/1/7 1614/1/7 1591/1/7
f 1594/1/7 1615/1/7 1616/1/7
f 1594/1/7 1616/1/7 1595/1/7
f 1617/1/18 1618/1/18 1619/1/18
f 1617/1/18 1619/1/18 1620/1/18
s 1
f 1562/1/69 1561/1/69 1516/1/68
f 1562/1/69 1516/1/68 1515/1/68
f 1600/1/66 1599/1/66 1621/1/65
f 1600/1/66 1621/1/65 1622/1/65
f 1602/1/195 1601/1/195 1623/1/196
f 1602/1/195 1623/1/196 1624/1/196
s 0
f 1625/1/7 1626/1/7 1627/1/7
f 1625/1/7 1627/1/7 1628/1/7
f 1603/1/7 1629/1/7 1630/1/7
f 1603/1/7 1630/1/7 1604/1/7
f 1605/1/7 1631/1/7 1632/1/7
f 1605/1/7 1632/1/7 1606/1/7
s 1
f 1608/1/41 1607/1/41 1633/1/191
f 1608/1/41 1633/1/191 1634/1/191
f 1610/1/2 1609/1/2 1635/1/193
f 1610/1/2 1635/1/193 1636/1/193
s 0
f 1613/1/7 1637/1/7 1638/1/7
f 1613/1/7 1638/1/7 1614/1/7
f 1615/1/7 1639/1/7 1640/1/7
f 1615/1/7 1640/1/7 1616/1/7
s 1
f 1641/1/68 1642/1/68 1643/1/1
f 1641/1/68 1643/1/1 1644/1/1
f 1622/1/65 1621/1/65 1645/1/29
f 1622/1/65 1645/1/29 1646/1/29
f 1624/1/196 1623/1/196 1647/1/4
f 1624/1/196 1647/1/4 1648/1/4
s 0
f 1626/1/7 1649/1/7 1650/1/7
f 1626/1/7 1650/1/7 1627/1/7
f 1629/1/7 1651/1/7 1652/1/7
f 1629/1/7 1652/1/7 1630/1/7
f 1631/1/7 1653/1/7 1654/1/7
f 1631/1/7 1654/1/7 1632/1/7
s 1
f 1634/1/191 1633/1/191 1655/1/192
f 1634/1/191 1655/1/192 1656/1/192
f 1636/1/193 1635/1/193 1564/1/194
f 1636/1/193 1564/1/194 1563/1/194
s 0
f 1637/1/7 1567/1/7 1570/1/7
f 1637/1/7 1570/1/7 1638/1/7
f 1639/1/7 1571/1/7 1574/1/7
f 1639/1/7 1574/1/7 1640/1/7
s 1
f 1644/1/1 1643/1/1 1576/1/189
f 1644/1/1 1576/1/189 1575/1/189
f 1646/1/29 1645/1/29 1580/1/122
f 1646/1/29 1580/1/122 1579/1/122
f 1648/1/4 1647/1/4 1584/1/136
f 1648/1/4 1584/1/136 1583/1/136
s 0
f 1649/1/7 1589/1/7 1592/1/7
f 1649/1/7 1592/1/7 1650/1/7
f 1651/1/7 1593/1/7 1596/1/7
f 1651/1/7 1596/1/7 1652/1/7
f 1653/1/7 1511/1/7 1514/1/7
f 1653/1/7 1514/1/7 1654/1/7
s 1
f 1656/1/192 1655/1/192 1598/1/3
f 1656/1/192 1598/1/3 1597/1/3
s 0
f 1657/1/7 1625/1/7 1628/1/7
f 1657/1/7 1628/1/7 1658/1/7
f 1659/1/18 1660/1/18 1661/1/18
f 1659/1/18 1661/1/18 1662/1/18
f 1660/1/18 1663/1/18 1664/1/18
f 1660/1/18 1664/1/18 1661/1/18
f 1663/1/18 1665/1/18 1666/1/18
f 1663/1/18 1666/1/18 1664/1/18
f 1665/1/18 1667/1/18 1668/1/18
f 1665/1/18 1668/1/18 1666/1/18
f 1667/1/18 1669/1/18 1670/1/18
f 1667/1/18 1670/1/18 1668/1/18
f 1669/1/18 1671/1/18 1672/1/18
f 1669/1/18 1672/1/18 1670/1/18
f 1671/1/18 1673/1/18 1674/1/18
f 1671/1/18 1674/1/18 1672/1/18
f 1673/1/18 1675/1/18 1676/1/18
f 1673/1/18 1676/1/18 1674/1/18
f 1675/1/18 1677/1/18 1678/1/18
f 1675/1/18 1678/1/18 1676/1/18
f 1677/1/18 1679/1/18 1680/1/18
f 1677/1/18 1680/1/18 1678/1/18
f 1679/1/18 1681/1/18 1682/1/18
f 1679/1/18 1682/1/18 1680/1/18
f 1681/1/18 1683/1/18 1684/1/18
f 1681/1/18 1684/1/18 1682/1/18
f 1683/1/18 1685/1/18 1686/1/18
f 1683/1/18 1686/1/18 1684/1/18
f 1685/1/18 1687/1/18 1688/1/18
f 1685/1/18 1688/1/18 1686/1/18
f 1687/1/18 1689/1/18 1690/1/18
f 1687/1/18 1690/1/18 1688/1/18
f 1689/1/18 1691/1/18 1692/1/18
f 1689/1/18 1692/1/18 1690/1/18
f 1691/1/18 1693/1/18 1694/1/18
f 1691/1/18 1694/1/18 1692/1/18
f 1693/1/18 1695/1/18 1696/1/18
f 1693/1/18 1696/1/18 1694/1/18
f 1695/1/18 1697/1/18 1698/1/18
f 1695/1/18 1698/1/18 1696/1/18
f 1697/1/18 1699/1/18 1700/1/18
f 1697/1/18 1700/1/18 1698/1/18
f 1699/1/18 1701/1/18 1702/1/18
f 1699/1/18 1702/1/18 1700/1/18
f 1701/1/18 1617/1/18 1620/1/18
f 1701/1/18 1620/1/18 1702/1/18
f 1618/1/18 1659/1/18 1662/1/18
f 1618/1/18 1662/1/18 1619/1/18
s 1
f 1703/2/197 1704/2/198 1705/2/198
f 1703/2/197 1705/2/198 1706/2/197
f 1707/2/199 1708/2/200 1709/2/200
f 1707/2/199 1709/2/200 1710/2/199
f 1711/2/201 1703/2/197 1706/2/197
f 1711/2/201 1706/2/197 1712/2/201
f 1713/2/202 1707/2/199 1710/2/199
f 1713/2/202 1710/2/199 1714/2/202
f 1715/2/203 1711/2/201 1712/2/201
f 1715/2/203 1712/2/201 1716/2/203
f 1717/2/204 1713/2/202 1714/2/202
f 1717/2/204 1714/2/202 1718/2/204
f 1719/2/205 1715/2/203 1716/2/203
f 1719/2/205 1716/2/203 1720/2/205
f 1721/2/206 1717/2/204 1718/2/204
f 1721/2/206 1718/2/204 1722/2/206
f 1723/2/207 1719/2/205 1720/2/205
f 1723/2/207 1720/2/205 1724/2/207
f 1725/2/208 1721/2/206 1722/2/206
f 1725/2/208 1722/2/206 1726/2/208
f 1727/2/209 1723/2/207 1724/2/207
f 1727/2/209 1724/2/207 1728/2/209
f 1729/2/210 1725/2/208 1726/2/208
f 1729/2/210 1726/2/208 1730/2/210
f 1731/2/211 1727/2/209 1728/2/209
f 1731/2/211 1728/2/209 1732/2/211
f 1733/2/212 1729/2/210 1730/2/210
f 1733/2/212 1730/2/210 1734/2/212
f 1735/2/213 1731/2/211 1732/2/211
f 1735/2/213 1732/2/211 1736/2/213
f 1737/2/214 1733/2/212 1734/2/212
f 1737/2/214 1734/2/212 1738/2/214
f 1739/2/215 1735/2/213 1736/2/213
f 1739/2/215 1736/2/213 1740/2/215
f 1741/2/216 1737/2/214 1738/2/214
f 1741/2/216 1738/2/214 1742/2/216
f 1743/2/217 1739/2/215 1740/2/215
f 1743/2/217 1740/2/215 1744/2/217
f 1745/2/218 1741/2/216 1742/2/216
f 1745/2/218 1742/2/216 1746/2/218
f 1747/2/219 1743/2/217 1744/2/217
f 1747/2/219 1744/2/217 1748/2/219
f 1749/2/220 1745/2/218 1746/2/218
f 1749/2/220 1746/2/218 1750/2/220
f 1751/2/221 1747/2/219 1748/2/219
f 1751/2/221 1748/2/219 1752/2/221
f 1753/2/222 1749/2/220 1750/2/220
f 1753/2/222 1750/2/220 1754/2/222
f 1755/2/223 1751/2/221 1752/2/221
f 1755/2/223 1752/2/221 1756/2/224
f 1757/2/225 1753/2/222 1754/2/222
f 1757/2/225 1754/2/222 1758/2/225
f 1759/2/226 1755/2/223 1756/2/224
f 1759/2/226 1756/2/224 1760/2/226
f 1761/2/227 1757/2/225 1758/2/225
f 1761/2/227 1758/2/225 1762/2/227
f 1763/2/228 1759/2/226 1760/2/226
f 1763/2/228 1760/2/226 1764/2/228
f 1765/2/229 1761/2/227 1762/2/227
f 1765/2/229 1762/2/227 1766/2/229
f 1767/2/230 1763/2/228 1764/2/228
f 1767/2/230 1764/2/228 1768/2/230
f 1769/2/231 1765/2/229 1766/2/229
f 1769/2/231 1766/2/229 1770/2/231
f 1771/2/232 1767/2/230 1768/2/230
f 1771/2/232 1768/2/230 1772/2/232
f 1773/2/233 1769/2/231 1770/2/231
f 1773/2/233 1770/2/231 1774/2/233
f 1775/2/234 1771/2/232 1772/2/232
f 1775/2/234 1772/2/232 1776/2/234
f 1777/2/235 1773/2/233 1774/2/233
f 1777/2/235 1774/2/233 1778/2/235
f 1779/2/236 1775/2/234 1776/2/234
f 1779/2/236 1776/2/234 1780/2/236
f 1781/2/237 1777/2/235 1778/2/235
f 1781/2/237 1778/2/235 1782/2/238
f 1783/2/239 1779/2/236 1780/2/236
f 1783/2/239 1780/2/236 1784/2/239
f 1785/2/240 1781/2/237 1782/2/238
f 1785/2/240 1782/2/238 1786/2/240
f 1787/2/241 1783/2/239 1784/2/239
f 1787/2/241 1784/2/239 1788/2/241
f 1789/2/242 1785/2/240 1786/2/240
f 1789/2/242 1786/2/240 1790/2/242
f 1791/2/243 1787/2/241 1788/2/241
f 1791/2/243 1788/2/241 1792/2/243
f 1793/2/244 1789/2/242 1790/2/242
f 1793/2/244 1790/2/242 1794/2/244
f 1795/2/245 1791/2/243 1792/2/243
f 1795/2/245 1792/2/243 1796/2/245
f 1797/2/246 1793/2/244 1794/2/244
f 1797/2/246 1794/2/244 1798/2/246
f 1704/2/198 1795/2/245 1796/2/245
f 1704/2/198 1796/2/245 1705/2/198
f 1708/2/200 1797/2/246 1798/2/246
f 1708/2/200 1798/2/246 1709/2/200
f 1612/1/69 1611/1/69 1642/1/68
f 1612/1/69 1642/1/68 1641/1/68
f 1799/1/247 1800/1/248 1801/1/248
f 1799/1/247 1801/1/248 1802/1/247
f 1803/1/249 1804/1/250 1805/1/250
f 1803/1/249 1805/1/250 1806/1/249
f 1800/1/248 1807/1/251 1808/1/251
f 1800/1/248 1808/1/251 1801/1/248
f 1809/1/252 1803/1/249 1806/1/249
f 1809/1/252 1806/1/249 1810/1/252
f 1807/1/251 1811/1/253 1812/1/254
f 1807/1/251 1812/1/254 1808/1/251
f 1813/1/255 1809/1/252 1810/1/252
f 1813/1/255 1810/1/252 1814/1/255
f 1811/1/253 1815/1/256 1816/1/256
f 1811/1/253 1816/1/256 1812/1/254
f 1817/1/257 1813/1/255 1814/1/255
f 1817/1/257 1814/1/255 1818/1/257
f 1815/1/256 1819/1/258 1820/1/258
f 1815/1/256 1820/1/258 1816/1/256
f 1821/1/259 1817/1/257 1818/1/257
f 1821/1/259 1818/1/257 1822/1/259
f 1819/1/258 1823/1/260 1824/1/260
f 1819/1/258 1824/1/260 1820/1/258
f 1825/1/261 1821/1/259 1822/1/259
f 1825/1/261 1822/1/259 1826/1/261
f 1823/1/260 1827/1/262 1828/1/262
f 1823/1/260 1828/1/262 1824/1/260
f 1829/1/263 1825/1/261 1826/1/261
f 1829/1/263 1826/1/261 1830/1/263
f 1827/1/262 1831/1/264 1832/1/265
f 1827/1/262 1832/1/265 1828/1/262
f 1833/1/266 1829/1/263 1830/1/263
f 1833/1/266 1830/1/263 1834/1/266
f 1831/1/264 1835/1/267 1836/1/268
f 1831/1/264 1836/1/268 1832/1/265
f 1837/1/269 1833/1/266 1834/1/266
f 1837/1/269 1834/1/266 1838/1/269
f 1835/1/267 1839/1/270 1840/1/270
f 1835/1/267 1840/1/270 1836/1/268
f 1841/1/271 1837/1/269 1838/1/269
f 1841/1/271 1838/1/269 1842/1/271
f 1839/1/270 1843/1/272 1844/1/272
f 1839/1/270 1844/1/272 1840/1/270
f 1845/1/273 1841/1/271 1842/1/271
f 1845/1/273 1842/1/271 1846/1/273
f 1843/1/272 1847/1/274 1848/1/274
f 1843/1/272 1848/1/274 1844/1/272
f 1849/1/275 1845/1/273 1846/1/273
f 1849/1/275 1846/1/273 1850/1/275
f 1847/1/274 1851/1/276 1852/1/276
f 1847/1/274 1852/1/276 1848/1/274
f 1853/1/277 1849/1/275 1850/1/275
f 1853/1/277 1850/1/275 1854/1/277
f 1851/1/276 1855/1/278 1856/1/279
f 1851/1/276 1856/1/279 1852/1/276
f 1857/1/280 1853/1/277 1854/1/277
f 1857/1/280 1854/1/277 1858/1/280
f 1855/1/278 1859/1/281 1860/1/282
f 1855/1/278 1860/1/282 1856/1/279
f 1861/1/283 1857/1/280 1858/1/280
f 1861/1/283 1858/1/280 1862/1/283
f 1859/1/281 1863/1/284 1864/1/284
f 1859/1/281 1864/1/284 1860/1/282
f 1865/1/285 1861/1/283 1862/1/283
f 1865/1/285 1862/1/283 1866/1/285
f 1863/1/284 1867/1/286 1868/1/286
f 1863/1/284 1868/1/286 1864/1/284
f 1869/1/287 1865/1/285 1866/1/285
f 1869/1/287 1866/1/285 1870/1/287
f 1867/1/286 1871/1/288 1872/1/289
f 1867/1/286 1872/1/289 1868/1/286
f 1873/1/290 1869/1/287 1870/1/287
f 1873/1/290 1870/1/287 1874/1/290
f 1871/1/288 1875/1/291 1876/1/291
f 1871/1/288 1876/1/291 1872/1/289
f 1877/1/292 1873/1/290 1874/1/290
f 1877/1/292 1874/1/290 1878/1/292
f 1875/1/291 1879/1/293 1880/1/293
f 1875/1/291 1880/1/293 1876/1/291
f 1881/1/294 1877/1/292 1878/1/292
f 1881/1/294 1878/1/292 1882/1/294
f 1879/1/293 1883/1/295 1884/1/295
f 1879/1/293 1884/1/295 1880/1/293
f 1885/1/296 1881/1/294 1882/1/294
f 1885/1/296 1882/1/294 1886/1/297
f 1883/1/295 1887/1/298 1888/1/299
f 1883/1/295 1888/1/299 1884/1/295
f 1889/1/300 1885/1/296 1886/1/297
f 1889/1/300 1886/1/297 1890/1/300
f 1887/1/298 1891/1/301 1892/1/301
f 1887/1/298 1892/1/301 1888/1/299
f 1893/1/302 1889/1/300 1890/1/300
f 1893/1/302 1890/1/300 1894/1/302
f 1891/1/301 1799/1/247 1802/1/247
f 1891/1/301 1802/1/247 1892/1/301
f 1804/1/250 1893/1/302 1894/1/302
f 1804/1/250 1894/1/302 1805/1/250
s 0
f 1512/1/7 1657/1/7 1658/1/7
f 1512/1/7 1658/1/7 1513/1/7
s 1
f 1895/2/117 1896/2/117 1897/2/30
f 1895/2/117 1897/2/30 1898/2/30
f 1899/2/136 1900/2/136 1896/2/117
f 1899/2/136 1896/2/117 1895/2/117
f 1901/2/4 1902/2/4 1900/2/136
f 1901/2/4 1900/2/136 1899/2/136
f 1903/2/196 1904/2/196 1902/2/4
f 1903/2/196 1902/2/4 1901/2/4
f 1905/2/195 1906/2/195 1904/2/196
f 1905/2/195 1904/2/196 1903/2/196
f 1907/2/40 1908/2/40 1906/2/195
f 1907/2/40 1906/2/195 1905/2/195
f 1909/2/194 1910/2/194 1908/2/40
f 1909/2/194 1908/2/40 1907/2/40
f 1911/2/193 1912/2/193 1910/2/194
f 1911/2/193 1910/2/194 1909/2/194
f 1913/2/2 1914/2/2 1912/2/193
f 1913/2/2 1912/2/193 1911/2/193
f 1915/2/134 1916/2/134 1914/2/2
f 1915/2/134 1914/2/2 1913/2/2
f 1917/2/122 1918/2/122 1916/2/134
f 1917/2/122 1916/2/134 1915/2/134
f 1919/2/29 1920/2/29 1918/2/122
f 1919/2/29 1918/2/122 1917/2/122
f 1921/2/65 1922/2/65 1920/2/29
f 1921/2/65 1920/2/29 1919/2/29
f 1923/2/66 1924/2/66 1922/2/65
f 1923/2/66 1922/2/65 1921/2/65
f 1925/2/3 1926/2/3 1924/2/66
f 1925/2/3 1924/2/66 1923/2/66
f 1927/2/192 1928/2/192 1926/2/3
f 1927/2/192 1926/2/3 1925/2/3
f 1929/2/191 1930/2/191 1928/2/192
f 1929/2/191 1928/2/192 1927/2/192
f 1931/2/41 1932/2/41 1930/2/191
f 1931/2/41 1930/2/191 1929/2/191
f 1933/2/190 1934/2/190 1932/2/41
f 1933/2/190 1932/2/41 1931/2/41
f 1935/2/189 1936/2/189 1934/2/190
f 1935/2/189 1934/2/190 1933/2/190
f 1937/2/1 1938/2/1 1936/2/189
f 1937/2/1 1936/2/189 1935/2/189
f 1939/2/68 1940/2/68 1938/2/1
f 1939/2/68 1938/2/1 1937/2/1
f 1941/2/69 1942/2/69 1940/2/68
f 1941/2/69 1940/2/68 1939/2/68
f 1898/2/30 1897/2/30 1942/2/69
f 1898/2/30 1942/2/69 1941/2/69
f 1943/2/303 1944/2/303 1945/2/304
f 1943/2/303 1945/2/304 1946/2/304
f 1946/2/304 1945/2/304 1947/2/305
f 1946/2/304 1947/2/305 1948/2/305
f 1948/2/305 1947/2/305 1949/2/306
f 1948/2/305 1949/2/306 1950/2/306
f 1950/2/306 1949/2/306 1951/2/307
f 1950/2/306 1951/2/307 1952/2/307
f 1952/2/307 1951/2/307 1953/2/308
f 1952/2/307 1953/2/308 1954/2/308
f 1954/2/308 1953/2/308 1955/2/309
f 1954/2/308 1955/2/309 1956/2/309
f 1956/2/309 1955/2/309 1957/2/310
f 1956/2/309 1957/2/310 1958/2/310
f 1958/2/310 1957/2/310 1959/2/311
f 1958/2/310 1959/2/311 1960/2/311
f 1960/2/311 1959/2/311 1961/2/312
f 1960/2/311 1961/2/312 1962/2/312
f 1962/2/312 1961/2/312 1963/2/313
f 1962/2/312 1963/2/313 1964/2/313
f 1964/2/313 1963/2/313 1965/2/314
f 1964/2/313 1965/2/314 1966/2/314
f 1966/2/314 1965/2/314 1967/2/315
f 1966/2/314 1967/2/315 1968/2/315
f 1968/2/315 1967/2/315 1969/2/316
f 1968/2/315 1969/2/316 1970/2/316
f 1970/2/316 1969/2/316 1971/2/317
f 1970/2/316 1971/2/317 1972/2/317
f 1972/2/317 1971/2/317 1973/2/318
f 1972/2/317 1973/2/318 1974/2/318
f 1974/2/318 1973/2/318 1975/2/319
f 1974/2/318 1975/2/319 1976/2/319
f 1976/2/319 1975/2/319 1977/2/320
f 1976/2/319 1977/2/320 1978/2/320
f 1978/2/320 1977/2/320 1979/2/321
f 1978/2/320 1979/2/321 1980/2/321
f 1980/2/321 1979/2/321 1981/2/322
f 1980/2/321 1981/2/322 1982/2/322
f 1982/2/322 1981/2/322 1983/2/323
f 1982/2/322 1983/2/323 1984/2/323
f 1984/2/323 1983/2/323 1985/2/324
f 1984/2/323 1985/2/324 1986/2/324
f 1986/2/324 1985/2/324 1987/2/325
f 1986/2/324 1987/2/325 1988/2/325
f 1988/2/325 1987/2/325 1989/2/326
f 1988/2/325 1989/2/326 1990/2/326
f 1990/2/326 1989/2/326 1944/2/303
f 1990/2/326 1944/2/303 1943/2/303
s 0
f 1486/2/7 1991/2/7 1992/2/7
f 1486/2/7 1992/2/7 1487/2/7
f 1482/2/7 1993/2/7 1994/2/7
f 1482/2/7 1994/2/7 1483/2/7
f 1991/2/7 1995/2/7 1996/2/7
f 1991/2/7 1996/2/7 1992/2/7
f 1993/2/7 1997/2/7 1998/2/7
f 1993/2/7 1998/2/7 1994/2/7
f 1995/2/7 1999/2/7 2000/2/7
f 1995/2/7 2000/2/7 1996/2/7
f 1997/2/7 2001/2/7 2002/2/7
f 1997/2/7 2002/2/7 1998/2/7
f 1999/2/7 2003/2/7 2004/2/7
f 1999/2/7 2004/2/7 2000/2/7
f 2001/2/7 2005/2/7 2006/2/7
f 2001/2/7 2006/2/7 2002/2/7
f 2003/2/7 2007/2/7 2008/2/7
f 2003/2/7 2008/2/7 2004/2/7
f 2005/2/7 1503/2/7 1504/2/7
f 2005/2/7 1504/2/7 2006/2/7
f 2007/2/7 1509/2/7 1510/2/7
f 2007/2/7 1510/2/7 2008/2/7
f 2009/1/18 2010/1/18 2011/1/18
f 2009/1/18 2011/1/18 2012/1/18
f 2013/1/7 2014/1/7 2015/1/7
f 2013/1/7 2015/1/7 2016/1/7
f 2017/1/30 2018/1/30 2019/1/30
f 2017/1/30 2019/1/30 2020/1/30
f 2021/1/29 2022/1/29 2023/1/29
f 2021/1/29 2023/1/29 2024/1/29
f 2025/1/41 2026/1/41 2027/1/41
f 2025/1/41 2027/1/41 2028/1/41
f 2029/1/40 2030/1/40 2031/1/40
f 2029/1/40 2031/1/40 2032/1/40
f 2033/1/327 2034/1/327 2035/1/327
f 2033/1/327 2035/1/327 2036/1/327
f 2037/1/328 2038/1/328 2039/1/328
f 2037/1/329 2039/1/329 2040/1/329
f 2041/1/330 2042/1/330 2043/1/330
f 2041/1/330 2043/1/330 2044/1/330
f 2045/1/331 2046/1/331 2047/1/331
f 2045/1/331 2047/1/331 2048/1/331
f 2049/2/29 2050/2/29 2051/2/29
f 2049/2/29 2051/2/29 2052/2/29
f 2053/1/29 2054/1/29 2055/1/29
f 2053/1/29 2055/1/29 2056/1/29
f 2057/2/40 2058/2/40 2059/2/40
f 2057/2/40 2059/2/40 2060/2/40
f 2061/2/41 2062/2/41 2063/2/41
f 2061/2/41 2063/2/41 2064/2/41
f 2065/2/40 2066/2/40 2067/2/40
f 2065/2/40 2067/2/40 2068/2/40
f 2069/2/40 2070/2/40 2071/2/40
f 2069/2/40 2071/2/40 2072/2/40
f 2073/2/41 2074/2/41 2075/2/41
f 2073/2/41 2075/2/41 2076/2/41
f 2077/2/41 2078/2/41 2079/2/41
f 2077/2/41 2079/2/41 2080/2/41
f 2081/2/41 2082/2/41 2083/2/41
f 2081/2/41 2083/2/41 2084/2/41
f 2085/1/18 2086/1/18 2087/1/18
f 2085/1/18 2087/1/18 2088/1/18
f 2089/2/41 2090/2/41 2091/2/41
f 2089/2/41 2091/2/41 2092/2/41
f 2093/2/40 2094/2/40 2095/2/40
f 2093/2/40 2095/2/40 2096/2/40
f 2097/2/40 2098/2/40 2099/2/40
f 2097/2/40 2099/2/40 2100/2/40
f 2101/2/40 2102/2/40 2103/2/40
f 2101/2/40 2103/2/40 2104/2/40
f 2105/2/41 2106/2/41 2107/2/41
f 2105/2/41 2107/2/41 2108/2/41
f 2109/2/7 2110/2/7 2111/2/7
f 2109/2/7 2111/2/7 2112/2/7
f 2113/2/29 2114/2/29 2115/2/29
f 2113/2/29 2115/2/29 2116/2/29
f 2117/1/18 2118/1/18 2119/1/18
f 2117/1/18 2119/1/18 2120/1/18
f 2121/1/18 2122/1/18 2123/1/18
f 2121/1/18 2123/1/18 2124/1/18
f 2125/1/29 2126/1/29 2127/1/29
f 2125/1/29 2127/1/29 2128/1/29
f 2129/1/7 2130/1/7 2131/1/7
f 2129/1/7 2131/1/7 2132/1/7
f 2133/2/41 2134/2/41 2135/2/41
f 2133/2/41 2135/2/41 2136/2/41
f 2137/2/40 2138/2/40 2139/2/40
f 2137/2/40 2139/2/40 2140/2/40
f 2141/2/40 2142/2/40 2143/2/40
f 2141/2/40 2143/2/40 2144/2/40
f 2145/1/30 2146/1/30 2147/1/30
f 2145/1/30 2147/1/30 2148/1/30
f 2149/2/41 2150/2/41 2151/2/41
f 2149/2/41 2151/2/41 2152/2/41
f 2153/2/40 2154/2/40 2155/2/40
f 2153/2/40 2155/2/40 2156/2/40
f 2157/2/41 2158/2/41 2159/2/41
f 2157/2/41 2159/2/41 2160/2/41
f 2161/1/30 2162/1/30 2163/1/30
f 2161/1/30 2163/1/30 2164/1/30
f 2165/1/30 2166/1/30 2167/1/30
f 2165/1/30 2167/1/30 2168/1/30
f 2169/2/7 2170/2/7 2171/2/7
f 2169/2/7 2171/2/7 2172/2/7
f 2173/1/7 2174/1/7 2175/1/7
f 2173/1/7 2175/1/7 2176/1/7
f 2177/1/18 2178/1/18 2179/1/18
f 2177/1/18 2179/1/18 2180/1/18
f 2181/1/29 2182/1/29 2183/1/29
f 2181/1/29 2183/1/29 2184/1/29
f 2185/1/29 2186/1/29 2187/1/29
f 2185/1/29 2187/1/29 2188/1/29
f 2189/2/7 2190/2/7 2191/2/7
f 2189/2/7 2191/2/7 2192/2/7
f 2193/2/18 2194/2/18 2195/2/18
f 2193/2/18 2195/2/18 2196/2/18
f 2197/2/7 2198/2/7 2199/2/7
f 2197/2/7 2199/2/7 2200/2/7
f 2201/1/30 2202/1/30 2203/1/30
f 2201/1/30 2203/1/30 2204/1/30
f 2205/1/18 2206/1/18 2207/1/18
f 2205/1/18 2207/1/18 2208/1/18
f 2209/1/30 2210/1/30 2211/1/30
f 2209/1/30 2211/1/30 2212/1/30
f 2213/2/7 2214/2/7 2215/2/7
f 2213/2/7 2215/2/7 2216/2/7
f 2217/1/29 2218/1/29 2219/1/29
f 2217/1/29 2219/1/29 2220/1/29
f 2221/1/30 2222/1/30 2223/1/30
f 2221/1/30 2223/1/30 2224/1/30
f 2225/1/7 2226/1/7 2227/1/7
f 2225/1/7 2227/1/7 2228/1/7
f 2229/1/29 2230/1/29 2231/1/29
f 2229/1/29 2231/1/29 2232/1/29
f 2233/2/7 2234/2/7 2235/2/7
f 2233/2/7 2235/2/7 2236/2/7
f 2237/2/18 2238/2/18 2239/2/18
f 2237/2/18 2239/2/18 2240/2/18
f 2241/2/29 2242/2/29 2243/2/29
f 2241/2/29 2243/2/29 2244/2/29
f 2245/1/30 2246/1/30 2247/1/30
f 2245/1/30 2247/1/30 2248/1/30
f 2249/1/18 2250/1/18 2251/1/18
f 2249/1/18 2251/1/18 2252/1/18
f 2253/2/18 2254/2/18 2255/2/18
f 2253/2/18 2255/2/18 2256/2/18
f 2257/1/29 2258/1/29 2259/1/29
f 2257/1/29 2259/1/29 2260/1/29
f 2261/1/332 2262/1/332 2263/1/332
f 2261/1/332 2263/1/332 2264/1/332
f 2265/1/333 2266/1/333 2267/1/333
f 2265/1/333 2267/1/333 2268/1/333
f 2269/2/18 2270/2/18 2271/2/18
f 2269/2/18 2271/2/18 2272/2/18
f 2273/2/30 2274/2/30 2275/2/30
f 2273/2/30 2275/2/30 2276/2/30
f 2277/2/7 2278/2/7 2279/2/7
f 2277/2/7 2279/2/7 2280/2/7
f 2281/2/30 2282/2/30 2283/2/30
f 2281/2/30 2283/2/30 2284/2/30
f 2285/1/30 2286/1/30 2287/1/30
f 2285/1/30 2287/1/30 2288/1/30
f 2289/2/40 2290/2/40 2291/2/40
f 2289/2/40 2291/2/40 2292/2/40
f 2293/2/41 2294/2/41 2295/2/41
f 2293/2/41 2295/2/41 2296/2/41
f 2297/2/40 2298/2/40 2299/2/40
f 2297/2/40 2299/2/40 2300/2/40
f 2301/2/40 2302/2/40 2303/2/40
f 2301/2/40 2303/2/40 2304/2/40
f 2305/2/41 2306/2/41 2307/2/41
f 2305/2/41 2307/2/41 2308/2/41
f 2309/2/41 2310/2/41 2311/2/41
f 2309/2/41 2311/2/41 2312/2/41
f 2313/2/41 2314/2/41 2315/2/41
f 2313/2/41 2315/2/41 2316/2/41
f 2317/1/18 2318/1/18 2319/1/18
f 2317/1/18 2319/1/18 2320/1/18
f 2321/2/41 2322/2/41 2323/2/41
f 2321/2/41 2323/2/41 2324/2/41
f 2325/2/40 2326/2/40 2327/2/40
f 2325/2/40 2327/2/40 2328/2/40
f 2329/2/40 2330/2/40 2331/2/40
f 2329/2/40 2331/2/40 2332/2/40
f 2333/2/40 2334/2/40 2335/2/40
f 2333/2/40 2335/2/40 2336/2/40
f 2337/2/41 2338/2/41 2339/2/41
f 2337/2/41 2339/2/41 2340/2/41
f 2341/2/7 2342/2/7 2343/2/7
f 2341/2/7 2343/2/7 2344/2/7
f 2345/2/30 2346/2/30 2347/2/30
f 2345/2/30 2347/2/30 2348/2/30
f 2349/1/18 2350/1/18 2351/1/18
f 2349/1/18 2351/1/18 2352/1/18
f 2353/1/18 2354/1/18 2355/1/18
f 2353/1/18 2355/1/18 2356/1/18
f 2357/1/30 2358/1/30 2359/1/30
f 2357/1/30 2359/1/30 2360/1/30
f 2361/1/7 2362/1/7 2363/1/7
f 2361/1/7 2363/1/7 2364/1/7
f 2365/2/41 2366/2/41 2367/2/41
f 2365/2/41 2367/2/41 2368/2/41
f 2369/2/40 2370/2/40 2371/2/40
f 2369/2/40 2371/2/40 2372/2/40
f 2373/2/40 2374/2/40 2375/2/40
f 2373/2/40 2375/2/40 2376/2/40
f 2377/1/29 2378/1/29 2379/1/29
f 2377/1/29 2379/1/29 2380/1/29
f 2381/2/41 2382/2/41 2383/2/41
f 2381/2/41 2383/2/41 2384/2/41
f 2385/2/40 2386/2/40 2387/2/40
f 2385/2/40 2387/2/40 2388/2/40
f 2389/2/41 2390/2/41 2391/2/41
f 2389/2/41 2391/2/41 2392/2/41
f 2393/1/29 2394/1/29 2395/1/29
f 2393/1/29 2395/1/29 2396/1/29
f 2397/1/29 2398/1/29 2399/1/29
f 2397/1/29 2399/1/29 2400/1/29
f 2401/2/7 2402/2/7 2403/2/7
f 2401/2/7 2403/2/7 2404/2/7
f 2405/1/7 2406/1/7 2407/1/7
f 2405/1/7 2407/1/7 2408/1/7
f 2409/1/18 2410/1/18 2411/1/18
f 2409/1/18 2411/1/18 2412/1/18
f 2413/1/30 2414/1/30 2415/1/30
f 2413/1/30 2415/1/30 2416/1/30
f 2417/1/30 2418/1/30 2419/1/30
f 2417/1/30 2419/1/30 2420/1/30
f 2421/2/7 2422/2/7 2423/2/7
f 2421/2/7 2423/2/7 2424/2/7
f 2425/2/18 2426/2/18 2427/2/18
f 2425/2/18 2427/2/18 2428/2/18
f 2429/2/7 2430/2/7 2431/2/7
f 2429/2/7 2431/2/7 2432/2/7
f 2433/1/29 2434/1/29 2435/1/29
f 2433/1/29 2435/1/29 2436/1/29
f 2437/1/18 2438/1/18 2439/1/18
f 2437/1/18 2439/1/18 2440/1/18
f 2441/1/29 2442/1/29 2443/1/29
f 2441/1/29 2443/1/29 2444/1/29
f 2445/2/7 2446/2/7 2447/2/7
f 2445/2/7 2447/2/7 2448/2/7
f 2449/1/30 2450/1/30 2451/1/30
f 2449/1/30 2451/1/30 2452/1/30
f 2453/1/29 2454/1/29 2455/1/29
f 2453/1/29 2455/1/29 2456/1/29
f 2457/1/7 2458/1/7 2459/1/7
f 2457/1/7 2459/1/7 2460/1/7
f 2461/1/30 2462/1/30 2463/1/30
f 2461/1/30 2463/1/30 2464/1/30
f 2465/2/7 2466/2/7 2467/2/7
f 2465/2/7 2467/2/7 2468/2/7
f 2469/2/18 2470/2/18 2471/2/18
f 2469/2/18 2471/2/18 2472/2/18
f 2473/2/30 2474/2/30 2475/2/30
f 2473/2/30 2475/2/30 2476/2/30
f 2477/1/29 2478/1/29 2479/1/29
f 2477/1/29 2479/1/29 2480/1/29
f 2481/1/18 2482/1/18 2483/1/18
f 2481/1/18 2483/1/18 2484/1/18
f 2485/2/18 2486/2/18 2487/2/18
f 2485/2/18 2487/2/18 2488/2/18
f 2489/1/30 2490/1/30 2491/1/30
f 2489/1/30 2491/1/30 2492/1/30
f 2493/1/332 2494/1/332 2495/1/332
f 2493/1/332 2495/1/332 2496/1/332
f 2497/1/333 2498/1/333 2499/1/333
f 2497/1/333 2499/1/333 2500/1/333
f 2501/2/18 2502/2/18 2503/2/18
f 2501/2/18 2503/2/18 2504/2/18
f 2505/2/29 2506/2/29 2507/2/29
f 2505/2/29 2507/2/29 2508/2/29
f 2509/2/7 2510/2/7 2511/2/7
f 2509/2/7 2511/2/7 2512/2/7
f 2513/2/40 2514/2/40 2515/2/40
f 2513/2/40 2515/2/40 2516/2/40
f 2517/2/30 2518/2/30 2519/2/30
f 2517/2/30 2519/2/30 2520/2/30
f 2521/2/41 2522/2/41 2523/2/41
f 2521/2/41 2523/2/41 2524/2/41
f 2525/2/29 2526/2/29 2527/2/29
f 2525/2/29 2527/2/29 2528/2/29
f 2529/2/7 2530/2/7 2531/2/7
f 2529/2/7 2531/2/7 2532/2/7
s 1
f 2533/2/334 2534/2/335 2535/2/336
f 2533/2/334 2535/2/336 2536/2/337
f 2537/2/338 2538/2/339 29/2/9
f 2537/2/338 29/2/9 28/2/8
f 2539/2/340 2540/2/341 33/2/12
f 2539/2/340 33/2/12 32/2/11
f 2541/2/342 2542/2/343 37/2/15
f 2541/2/342 37/2/15 36/2/14
f 2543/1/344 2544/1/345 2545/1/346
f 2543/1/344 2545/1/346 2546/1/347
f 2547/1/348 2548/1/349 2549/1/349
f 2547/1/348 2549/1/349 2550/1/350
f 2551/2/351 2552/2/352 2553/2/353
f 2551/2/351 2553/2/353 2554/2/354
f 2555/2/355 2556/2/356 2557/2/357
f 2555/2/355 2557/2/357 2558/2/358
f 2559/2/359 2560/2/360 2561/2/361
f 2559/2/359 2561/2/361 2562/2/362
f 2563/2/18 2564/2/18 2565/2/363
f 2563/2/18 2565/2/363 2566/2/364
f 2567/1/365 2568/1/366 2569/1/367
f 2567/1/365 2569/1/367 2570/1/368
f 2571/2/369 2572/2/370 25/2/5
f 2571/2/369 25/2/5 40/2/17
f 2573/2/18 2574/2/18 2575/2/371
f 2573/2/18 2575/2/371 2576/2/372
f 2577/2/18 2578/2/18 2579/2/373
f 2577/2/18 2579/2/373 2580/2/374
f 2581/2/18 2582/2/18 2583/2/375
f 2581/2/18 2583/2/375 2584/2/376
s 0
f 2585/2/41 2586/2/41 2587/2/41
f 2585/2/41 2587/2/41 2588/2/41
f 2589/2/29 2590/2/29 2591/2/29
f 2589/2/29 2591/2/29 2592/2/29
f 2593/2/40 2594/2/40 2595/2/40
f 2593/2/40 2595/2/40 2596/2/40
f 2597/2/30 2598/2/30 2599/2/30
f 2597/2/30 2599/2/30 2600/2/30
f 2601/1/30 2602/1/30 2603/1/30
f 2601/1/30 2603/1/30 2604/1/30
f 55/1/7 43/1/7 42/1/7
f 55/1/7 42/1/7 53/1/7
f 61/1/7 55/1/7 54/1/7
f 61/1/7 54/1/7 59/1/7
f 46/1/7 61/1/7 60/1/7
f 46/1/7 60/1/7 44/1/7
f 2605/1/29 2606/1/29 2607/1/29
f 2605/1/29 2607/1/29 2608/1/29
f 64/1/18 49/1/18 48/1/18
f 64/1/18 48/1/18 62/1/18
f 52/1/18 58/1/18 57/1/18
f 52/1/18 57/1/18 50/1/18
f 2609/1/40 2610/1/40 2611/1/40
f 2609/1/40 2611/1/40 2612/1/40
f 58/1/18 64/1/18 63/1/18
f 58/1/18 63/1/18 56/1/18
f 2613/1/41 2614/1/41 2615/1/41
f 2613/1/41 2615/1/41 2616/1/41
f 49/1/18 52/1/18 51/1/18
f 49/1/18 51/1/18 47/1/18
s 1
f 2560/2/360 2559/2/359 2558/2/358
f 2560/2/360 2558/2/358 2557/2/357
f 31/2/7 27/2/7 28/2/8
f 31/2/7 28/2/8 29/2/9
f 2617/2/377 2618/2/378 2619/2/379
f 2617/2/377 2619/2/379 2620/2/380
f 35/2/7 31/2/7 32/2/11
f 35/2/7 32/2/11 33/2/12
f 2552/2/352 2551/2/351 2621/2/381
f 2552/2/352 2621/2/381 2622/2/382
f 39/2/7 35/2/7 36/2/14
f 39/2/7 36/2/14 37/2/15
f 2534/2/335 2533/2/334 2623/2/383
f 2534/2/335 2623/2/383 2624/2/384
f 27/2/7 39/2/7 40/2/17
f 27/2/7 40/2/17 25/2/5
f 2584/2/376 2583/2/375 2625/2/385
f 2584/2/376 2625/2/385 2626/2/386
f 2580/2/374 2579/2/373 2627/2/387
f 2580/2/374 2627/2/387 2628/2/388
f 2629/2/389 2630/2/390 2620/2/380
f 2629/2/389 2620/2/380 2619/2/379
f 2576/2/372 2575/2/371 2631/2/391
f 2576/2/372 2631/2/391 2632/2/392
f 2633/2/393 2634/2/394 2622/2/382
f 2633/2/393 2622/2/382 2621/2/381
f 2566/2/364 2565/2/363 2635/2/395
f 2566/2/364 2635/2/395 2636/2/396
f 2637/2/397 2638/2/398 2536/2/337
f 2637/2/397 2536/2/337 2535/2/336
f 2618/2/378 2617/2/377 2639/2/399
f 2618/2/378 2639/2/399 2640/2/400
f 2641/1/401 2642/1/402 2643/1/403
f 2641/1/401 2643/1/403 2644/1/404
f 2645/1/405 2646/1/405 2569/1/367
f 2645/1/405 2569/1/367 2568/1/366
f 2549/1/349 2548/1/349 2647/1/406
f 2549/1/349 2647/1/406 2648/1/407
f 2649/1/408 2650/1/409 2567/1/365
f 2649/1/408 2567/1/365 2570/1/368
f 2545/1/346 2544/1/345 2651/1/410
f 2545/1/346 2651/1/410 2652/1/411
f 2653/1/412 2654/1/413 2547/1/348
f 2653/1/412 2547/1/348 2550/1/350
f 2543/1/344 2546/1/347 2655/1/414
f 2543/1/344 2655/1/414 2656/1/415
f 2657/1/416 2658/1/417 2659/1/418
f 2657/1/416 2659/1/418 2660/1/418
f 2561/2/361 2560/2/360 2661/2/419
f 2561/2/361 2661/2/419 2662/2/420
f 2662/2/420 2661/2/419 2534/2/335
f 2662/2/420 2534/2/335 2624/2/384
f 2618/2/378 2640/2/400 2663/2/421
f 2618/2/378 2663/2/421 2664/2/422
f 2664/2/422 2663/2/421 2623/2/383
f 2664/2/422 2623/2/383 2533/2/334
f 25/2/5 2572/2/370 2665/2/423
f 25/2/5 2665/2/423 26/2/6
f 26/2/6 2665/2/423 2537/2/338
f 26/2/6 2537/2/338 28/2/8
f 2539/2/340 32/2/11 30/2/10
f 2539/2/340 30/2/10 2666/2/424
f 2666/2/424 30/2/10 29/2/9
f 2666/2/424 29/2/9 2538/2/339
f 2551/2/351 2554/2/354 2667/2/425
f 2551/2/351 2667/2/425 2668/2/426
f 2668/2/426 2667/2/425 2639/2/399
f 2668/2/426 2639/2/399 2617/2/377
f 2541/2/342 36/2/14 34/2/13
f 2541/2/342 34/2/13 2669/2/427
f 2669/2/427 34/2/13 33/2/12
f 2669/2/427 33/2/12 2540/2/341
f 2559/2/359 2562/2/362 2670/2/428
f 2559/2/359 2670/2/428 2671/2/429
f 2671/2/429 2670/2/428 2553/2/353
f 2671/2/429 2553/2/353 2552/2/352
f 2571/2/369 40/2/17 38/2/16
f 2571/2/369 38/2/16 2672/2/430
f 2672/2/430 38/2/16 37/2/15
f 2672/2/430 37/2/15 2542/2/343
f 2627/2/387 2579/2/373 2673/2/431
f 2627/2/387 2673/2/431 2674/2/432
f 2674/2/432 2673/2/431 2566/2/364
f 2674/2/432 2566/2/364 2636/2/396
f 2584/2/376 2626/2/386 2675/2/433
f 2584/2/376 2675/2/433 2676/2/434
f 2676/2/434 2675/2/433 2635/2/395
f 2676/2/434 2635/2/395 2565/2/363
f 2557/2/357 2556/2/356 2677/2/435
f 2557/2/357 2677/2/435 2678/2/436
f 2678/2/436 2677/2/435 2637/2/397
f 2678/2/436 2637/2/397 2535/2/336
f 2629/2/389 2619/2/379 2679/2/437
f 2629/2/389 2679/2/437 2680/2/438
f 2680/2/438 2679/2/437 2536/2/337
f 2680/2/438 2536/2/337 2638/2/398
f 2576/2/372 2632/2/392 2681/2/439
f 2576/2/372 2681/2/439 2682/2/440
f 2682/2/440 2681/2/439 2625/2/385
f 2682/2/440 2625/2/385 2583/2/375
f 2633/2/393 2621/2/381 2683/2/441
f 2633/2/393 2683/2/441 2684/2/442
f 2684/2/442 2683/2/441 2620/2/380
f 2684/2/442 2620/2/380 2630/2/390
f 2580/2/374 2628/2/388 2685/2/443
f 2580/2/374 2685/2/443 2686/2/444
f 2686/2/444 2685/2/443 2631/2/391
f 2686/2/444 2631/2/391 2575/2/371
f 2555/2/355 2558/2/358 2687/2/445
f 2555/2/355 2687/2/445 2688/2/446
f 2688/2/446 2687/2/445 2622/2/382
f 2688/2/446 2622/2/382 2634/2/394
f 2619/2/379 2618/2/378 2664/2/422
f 2619/2/379 2664/2/422 2679/2/437
f 2679/2/437 2664/2/422 2533/2/334
f 2679/2/437 2533/2/334 2536/2/337
f 2560/2/360 2557/2/357 2678/2/436
f 2560/2/360 2678/2/436 2661/2/419
f 2661/2/419 2678/2/436 2535/2/336
f 2661/2/419 2535/2/336 2534/2/335
f 2552/2/352 2622/2/382 2687/2/445
f 2552/2/352 2687/2/445 2671/2/429
f 2671/2/429 2687/2/445 2558/2/358
f 2671/2/429 2558/2/358 2559/2/359
f 2621/2/381 2551/2/351 2668/2/426
f 2621/2/381 2668/2/426 2683/2/441
f 2683/2/441 2668/2/426 2617/2/377
f 2683/2/441 2617/2/377 2620/2/380
f 2579/2/373 2578/2/18 2689/2/18
f 2579/2/373 2689/2/18 2673/2/431
f 2673/2/431 2689/2/18 2563/2/18
f 2673/2/431 2563/2/18 2566/2/364
f 2581/2/18 2584/2/376 2676/2/434
f 2581/2/18 2676/2/434 2690/2/18
f 2690/2/18 2676/2/434 2565/2/363
f 2690/2/18 2565/2/363 2564/2/18
f 2575/2/371 2574/2/18 2691/2/18
f 2575/2/371 2691/2/18 2686/2/444
f 2686/2/444 2691/2/18 2577/2/18
f 2686/2/444 2577/2/18 2580/2/374
f 2573/2/18 2576/2/372 2682/2/440
f 2573/2/18 2682/2/440 2692/2/18
f 2692/2/18 2682/2/440 2583/2/375
f 2692/2/18 2583/2/375 2582/2/18
f 2641/1/401 2660/1/418 2659/1/418
f 2641/1/401 2659/1/418 2642/1/402
s 0
f 2693/1/2 2694/1/2 2695/1/2
f 2693/1/2 2695/1/2 2696/1/2
f 2697/1/4 2698/1/4 2699/1/4
f 2697/1/4 2699/1/4 2700/1/4
f 2701/1/1 2702/1/1 2703/1/1
f 2701/1/1 2703/1/1 2704/1/1
f 2705/1/3 2706/1/3 2707/1/3
f 2705/1/3 2707/1/3 2708/1/3
f 43/1/7 46/1/7 45/1/7
f 43/1/7 45/1/7 41/1/7
f 2709/2/40 2710/2/40 2711/2/40
f 2709/2/40 2711/2/40 2712/2/40
f 2713/2/29 2714/2/29 2715/2/29
f 2713/2/29 2715/2/29 2716/2/29
f 2717/2/41 2718/2/41 2719/2/41
f 2717/2/41 2719/2/41 2720/2/41
f 2721/2/30 2722/2/30 2723/2/30
f 2721/2/30 2723/2/30 2724/2/30
f 2725/2/7 2726/2/7 2727/2/7
f 2725/2/7 2727/2/7 2728/2/7
s 1
f 2729/2/447 2730/2/448 2731/2/449
f 2729/2/447 2731/2/449 2732/2/450
f 2733/2/451 68/2/20 69/2/21
f 2733/2/451 69/2/21 2734/2/452
f 2735/2/370 72/2/23 73/2/24
f 2735/2/370 73/2/24 2736/2/453
f 2737/2/454 76/2/25 77/2/26
f 2737/2/454 77/2/26 2738/2/342
f 2739/1/366 2740/1/367 2741/1/455
f 2739/1/366 2741/1/455 2742/1/365
f 2743/1/456 2744/1/349 2745/1/350
f 2743/1/456 2745/1/350 2746/1/350
f 2747/2/457 2748/2/458 2749/2/459
f 2747/2/457 2749/2/459 2750/2/460
f 2751/2/461 2752/2/462 2753/2/463
f 2751/2/461 2753/2/463 2754/2/389
f 2755/2/464 2756/2/465 2757/2/400
f 2755/2/464 2757/2/400 2758/2/466
f 2759/2/18 2760/2/363 2761/2/364
f 2759/2/18 2761/2/364 2762/2/18
f 2763/1/345 2764/1/346 2765/1/467
f 2763/1/345 2765/1/467 2766/1/344
f 2767/2/468 80/2/28 65/2/11
f 2767/2/468 65/2/11 2768/2/469
f 2769/2/18 2770/2/371 2771/2/372
f 2769/2/18 2771/2/372 2772/2/18
f 2773/2/18 2774/2/470 2775/2/471
f 2773/2/18 2775/2/471 2776/2/18
f 2777/2/18 2778/2/472 2779/2/473
f 2777/2/18 2779/2/473 2780/2/18
s 0
f 2781/2/41 2782/2/41 2783/2/41
f 2781/2/41 2783/2/41 2784/2/41
f 2785/2/30 2786/2/30 2787/2/30
f 2785/2/30 2787/2/30 2788/2/30
f 2789/2/40 2790/2/40 2791/2/40
f 2789/2/40 2791/2/40 2792/2/40
f 2793/2/29 2794/2/29 2795/2/29
f 2793/2/29 2795/2/29 2796/2/29
f 2797/1/29 2798/1/29 2799/1/29
f 2797/1/29 2799/1/29 2800/1/29
f 94/1/7 93/1/7 83/1/7
f 94/1/7 83/1/7 82/1/7
f 100/1/7 99/1/7 95/1/7
f 100/1/7 95/1/7 94/1/7
f 85/1/7 84/1/7 101/1/7
f 85/1/7 101/1/7 100/1/7
f 2801/1/30 2802/1/30 2803/1/30
f 2801/1/30 2803/1/30 2804/1/30
f 103/1/18 102/1/18 89/1/18
f 103/1/18 89/1/18 88/1/18
f 91/1/18 90/1/18 98/1/18
f 91/1/18 98/1/18 97/1/18
f 2805/1/40 2806/1/40 2807/1/40
f 2805/1/40 2807/1/40 2808/1/40
f 97/1/18 96/1/18 104/1/18
f 97/1/18 104/1/18 103/1/18
f 2809/1/41 2810/1/41 2811/1/41
f 2809/1/41 2811/1/41 2812/1/41
f 88/1/18 87/1/18 92/1/18
f 88/1/18 92/1/18 91/1/18
s 1
f 2758/2/466 2753/2/463 2752/2/462
f 2758/2/466 2752/2/462 2755/2/464
f 70/2/7 69/2/21 68/2/20
f 70/2/7 68/2/20 66/2/7
f 2813/2/474 2814/2/475 2815/2/476
f 2813/2/474 2815/2/476 2816/2/360
f 74/2/7 73/2/24 72/2/23
f 74/2/7 72/2/23 70/2/7
f 2750/2/460 2817/2/477 2818/2/478
f 2750/2/460 2818/2/478 2747/2/457
f 78/2/7 77/2/26 76/2/25
f 78/2/7 76/2/25 74/2/7
f 2732/2/450 2819/2/479 2820/2/480
f 2732/2/450 2820/2/480 2729/2/447
f 66/2/7 65/2/11 80/2/28
f 66/2/7 80/2/28 78/2/7
f 2778/2/472 2821/2/387 2822/2/388
f 2778/2/472 2822/2/388 2779/2/473
f 2774/2/470 2823/2/385 2824/2/386
f 2774/2/470 2824/2/386 2775/2/471
f 2825/2/481 2815/2/476 2814/2/475
f 2825/2/481 2814/2/475 2826/2/355
f 2770/2/371 2827/2/482 2828/2/483
f 2770/2/371 2828/2/483 2771/2/372
f 2829/2/484 2818/2/478 2817/2/477
f 2829/2/484 2817/2/477 2830/2/485
f 2760/2/363 2831/2/486 2832/2/487
f 2760/2/363 2832/2/487 2761/2/364
f 2833/2/488 2731/2/449 2730/2/448
f 2833/2/488 2730/2/448 2834/2/489
f 2816/2/360 2835/2/490 2836/2/491
f 2816/2/360 2836/2/491 2813/2/474
f 2837/1/492 2838/1/493 2839/1/494
f 2837/1/492 2839/1/494 2840/1/418
f 2841/1/495 2766/1/344 2765/1/467
f 2841/1/495 2765/1/467 2842/1/496
f 2745/1/350 2843/1/497 2844/1/498
f 2745/1/350 2844/1/498 2746/1/350
f 2845/1/499 2764/1/346 2763/1/345
f 2845/1/499 2763/1/345 2846/1/500
f 2741/1/455 2847/1/501 2848/1/502
f 2741/1/455 2848/1/502 2742/1/365
f 2849/1/503 2744/1/349 2743/1/456
f 2849/1/503 2743/1/456 2850/1/504
f 2739/1/366 2851/1/505 2852/1/506
f 2739/1/366 2852/1/506 2740/1/367
f 2853/1/507 2854/1/402 2855/1/402
f 2853/1/507 2855/1/402 2856/1/508
f 2757/2/400 2857/2/421 2858/2/509
f 2757/2/400 2858/2/509 2758/2/466
f 2857/2/421 2819/2/479 2732/2/450
f 2857/2/421 2732/2/450 2858/2/509
f 2816/2/360 2859/2/419 2860/2/420
f 2816/2/360 2860/2/420 2835/2/490
f 2859/2/419 2729/2/447 2820/2/480
f 2859/2/419 2820/2/480 2860/2/420
f 65/2/11 67/2/19 2861/2/510
f 65/2/11 2861/2/510 2768/2/469
f 67/2/19 68/2/20 2733/2/451
f 67/2/19 2733/2/451 2861/2/510
f 2735/2/370 2862/2/511 71/2/22
f 2735/2/370 71/2/22 72/2/23
f 2862/2/511 2734/2/452 69/2/21
f 2862/2/511 69/2/21 71/2/22
f 2747/2/457 2863/2/429 2864/2/512
f 2747/2/457 2864/2/512 2748/2/458
f 2863/2/429 2813/2/474 2836/2/491
f 2863/2/429 2836/2/491 2864/2/512
f 2737/2/454 2865/2/513 75/2/16
f 2737/2/454 75/2/16 76/2/25
f 2865/2/513 2736/2/453 73/2/24
f 2865/2/513 73/2/24 75/2/16
f 2755/2/464 2866/2/426 2867/2/514
f 2755/2/464 2867/2/514 2756/2/465
f 2866/2/426 2750/2/460 2749/2/459
f 2866/2/426 2749/2/459 2867/2/514
f 2767/2/468 2868/2/515 79/2/27
f 2767/2/468 79/2/27 80/2/28
f 2868/2/515 2738/2/342 77/2/26
f 2868/2/515 77/2/26 79/2/27
f 2824/2/386 2869/2/433 2870/2/516
f 2824/2/386 2870/2/516 2775/2/471
f 2869/2/433 2831/2/486 2760/2/363
f 2869/2/433 2760/2/363 2870/2/516
f 2778/2/472 2871/2/517 2872/2/518
f 2778/2/472 2872/2/518 2821/2/387
f 2871/2/517 2761/2/364 2832/2/487
f 2871/2/517 2832/2/487 2872/2/518
f 2753/2/463 2873/2/437 2874/2/438
f 2753/2/463 2874/2/438 2754/2/389
f 2873/2/437 2731/2/449 2833/2/488
f 2873/2/437 2833/2/488 2874/2/438
f 2825/2/481 2875/2/519 2876/2/520
f 2825/2/481 2876/2/520 2815/2/476
f 2875/2/519 2834/2/489 2730/2/448
f 2875/2/519 2730/2/448 2876/2/520
f 2770/2/371 2877/2/521 2878/2/443
f 2770/2/371 2878/2/443 2827/2/482
f 2877/2/521 2779/2/473 2822/2/388
f 2877/2/521 2822/2/388 2878/2/443
f 2829/2/484 2879/2/446 2880/2/445
f 2829/2/484 2880/2/445 2818/2/478
f 2879/2/446 2826/2/355 2814/2/475
f 2879/2/446 2814/2/475 2880/2/445
f 2774/2/470 2881/2/522 2882/2/439
f 2774/2/470 2882/2/439 2823/2/385
f 2881/2/522 2771/2/372 2828/2/483
f 2881/2/522 2828/2/483 2882/2/439
f 2751/2/461 2883/2/442 2884/2/441
f 2751/2/461 2884/2/441 2752/2/462
f 2883/2/442 2830/2/485 2817/2/477
f 2883/2/442 2817/2/477 2884/2/441
f 2815/2/476 2876/2/520 2859/2/419
f 2815/2/476 2859/2/419 2816/2/360
f 2876/2/520 2730/2/448 2729/2/447
f 2876/2/520 2729/2/447 2859/2/419
f 2758/2/466 2858/2/509 2873/2/437
f 2758/2/466 2873/2/437 2753/2/463
f 2858/2/509 2732/2/450 2731/2/449
f 2858/2/509 2731/2/449 2873/2/437
f 2750/2/460 2866/2/426 2884/2/441
f 2750/2/460 2884/2/441 2817/2/477
f 2866/2/426 2755/2/464 2752/2/462
f 2866/2/426 2752/2/462 2884/2/441
f 2818/2/478 2880/2/445 2863/2/429
f 2818/2/478 2863/2/429 2747/2/457
f 2880/2/445 2814/2/475 2813/2/474
f 2880/2/445 2813/2/474 2863/2/429
f 2775/2/471 2870/2/516 2885/2/18
f 2775/2/471 2885/2/18 2776/2/18
f 2870/2/516 2760/2/363 2759/2/18
f 2870/2/516 2759/2/18 2885/2/18
f 2777/2/18 2886/2/18 2871/2/517
f 2777/2/18 2871/2/517 2778/2/472
f 2886/2/18 2762/2/18 2761/2/364
f 2886/2/18 2761/2/364 2871/2/517
f 2771/2/372 2881/2/522 2887/2/18
f 2771/2/372 2887/2/18 2772/2/18
f 2881/2/522 2774/2/470 2773/2/18
f 2881/2/522 2773/2/18 2887/2/18
f 2769/2/18 2888/2/18 2877/2/521
f 2769/2/18 2877/2/521 2770/2/371
f 2888/2/18 2780/2/18 2779/2/473
f 2888/2/18 2779/2/473 2877/2/521
f 2837/1/492 2840/1/418 2855/1/402
f 2837/1/492 2855/1/402 2854/1/402
s 0
f 2889/1/4 2890/1/4 2891/1/4
f 2889/1/4 2891/1/4 2892/1/4
f 2893/1/2 2894/1/2 2895/1/2
f 2893/1/2 2895/1/2 2896/1/2
f 2897/1/3 2898/1/3 2899/1/3
f 2897/1/3 2899/1/3 2900/1/3
f 2901/1/1 2902/1/1 2903/1/1
f 2901/1/1 2903/1/1 2904/1/1
f 82/1/7 81/1/7 86/1/7
f 82/1/7 86/1/7 85/1/7
f 2905/1/40 2906/1/40 2907/1/40
f 2905/1/40 2907/1/40 2908/1/40
f 2909/1/30 2910/1/30 2911/1/30
f 2909/1/30 2911/1/30 2912/1/30
f 2913/1/41 2914/1/41 2915/1/41
f 2913/1/41 2915/1/41 2916/1/41
f 2917/1/29 2918/1/29 2919/1/29
f 2917/1/29 2919/1/29 2920/1/29
f 2921/1/7 2922/1/7 2923/1/7
f 2921/1/7 2923/1/7 2924/1/7
f 2925/1/18 2926/1/18 2927/1/18
f 2925/1/18 2927/1/18 2928/1/18
f 2929/1/18 2930/1/18 2931/1/18
f 2929/1/18 2931/1/18 2932/1/18
f 2933/1/30 2934/1/30 2935/1/30
f 2933/1/30 2935/1/30 2936/1/30
f 2937/1/7 2938/1/7 2939/1/7
f 2937/1/7 2939/1/7 2940/1/7
f 2941/1/30 2942/1/30 2943/1/30
f 2941/1/30 2943/1/30 2944/1/30
f 2945/1/41 2946/1/41 2947/1/41
f 2945/1/41 2947/1/41 2948/1/41
f 2949/1/29 2950/1/29 2951/1/29
f 2949/1/29 2951/1/29 2952/1/29
f 2953/1/40 2954/1/40 2955/1/40
f 2953/1/40 2955/1/40 2956/1/40
f 2957/1/29 2958/1/29 2959/1/29
f 2957/1/29 2959/1/29 2960/1/29
f 2961/2/18 2962/2/18 2963/2/18
f 2961/2/18 2963/2/18 2964/2/18
f 2965/2/7 2966/2/7 2967/2/7
f 2965/2/7 2967/2/7 2968/2/7
f 2969/2/41 2970/2/41 2971/2/41
f 2969/2/41 2971/2/41 2972/2/41
f 2973/2/40 2974/2/40 2975/2/40
f 2973/2/40 2975/2/40 2976/2/40
f 2977/1/30 2978/1/30 2979/1/30
f 2977/1/30 2979/1/30 2980/1/30
f 2981/1/30 2982/1/30 2983/1/30
f 2981/1/30 2983/1/30 2984/1/30
f 2985/1/29 2986/1/29 2987/1/29
f 2985/1/29 2987/1/29 2988/1/29
f 2989/1/29 2990/1/29 2991/1/29
f 2989/1/29 2991/1/29 2992/1/29
f 2993/2/18 2994/2/18 2995/2/18
f 2993/2/18 2995/2/18 2996/2/18
f 2997/2/18 2998/2/18 2999/2/18
f 2997/2/18 2999/2/18 3000/2/18
f 3001/1/7 3002/1/7 3003/1/7
f 3001/1/7 3003/1/7 3004/1/7
f 3005/1/7 3006/1/7 3007/1/7
f 3005/1/7 3007/1/7 3008/1/7
f 3009/1/41 3010/1/41 3011/1/41
f 3009/1/41 3011/1/41 3012/1/41
f 3013/1/29 3014/1/29 3015/1/29
f 3013/1/29 3015/1/29 3016/1/29
f 3017/1/30 3018/1/30 3019/1/30
f 3017/1/30 3019/1/30 3020/1/30
f 3021/1/29 3022/1/29 3023/1/29
f 3021/1/29 3023/1/29 3024/1/29
f 3025/1/40 3026/1/40 3027/1/40
f 3025/1/40 3027/1/40 3028/1/40
f 3029/1/41 3030/1/41 3031/1/41
f 3029/1/41 3031/1/41 3032/1/41
f 3033/1/40 3034/1/40 3035/1/40
f 3033/1/40 3035/1/40 3036/1/40
f 3037/1/30 3038/1/30 3039/1/30
f 3037/1/30 3039/1/30 3040/1/30
f 3041/2/18 3042/2/18 3043/2/18
f 3041/2/18 3043/2/18 3044/2/18
f 3045/1/7 3046/1/7 3047/1/7
f 3045/1/7 3047/1/7 3048/1/7
f 3049/1/523 3050/1/523 3051/1/523
f 3049/1/523 3051/1/523 3052/1/523
f 3053/1/40 3054/1/40 3055/1/40
f 3053/1/40 3055/1/40 3056/1/40
f 3057/1/524 3058/1/524 3059/1/524
f 3057/1/524 3059/1/524 3060/1/524
f 3061/1/41 3062/1/41 3063/1/41
f 3061/1/41 3063/1/41 3064/1/41
s 1
f 3065/10/525 3066/10/526 3067/10/527
f 3065/10/525 3067/10/527 3068/10/528
f 3069/10/529 3070/10/530 3071/10/531
f 3069/10/529 3071/10/531 3072/10/532
f 3072/10/532 3071/10/531 3073/10/533
f 3072/10/532 3073/10/533 3074/10/534
f 3074/10/534 3073/10/533 3075/10/535
f 3074/10/534 3075/10/535 3076/10/536
f 3076/10/536 3075/10/535 3077/10/537
f 3076/10/536 3077/10/537 3078/10/538
f 3078/10/538 3077/10/537 3079/10/539
f 3078/10/538 3079/10/539 3080/10/540
f 3080/10/540 3079/10/539 3081/10/541
f 3080/10/540 3081/10/541 3082/10/542
f 3082/10/542 3081/10/541 3083/10/543
f 3082/10/542 3083/10/543 3084/10/544
f 3084/10/544 3083/10/543 3085/10/545
f 3084/10/544 3085/10/545 3086/10/546
f 3086/10/546 3085/10/545 3087/10/547
f 3086/10/546 3087/10/547 3088/10/548
f 3088/10/548 3087/10/547 3089/10/549
f 3088/10/548 3089/10/549 3090/10/550
f 3090/10/550 3089/10/549 3091/10/551
f 3090/10/550 3091/10/551 3092/10/552
f 3092/10/552 3091/10/551 3093/10/553
f 3092/10/552 3093/10/553 3094/10/554
f 3094/10/554 3093/10/553 3095/10/555
f 3094/10/554 3095/10/555 3096/10/556
f 3096/10/556 3095/10/555 3097/10/557
f 3096/10/556 3097/10/557 3098/10/558
f 3098/10/558 3097/10/557 3099/10/559
f 3098/10/558 3099/10/559 3100/10/560
f 3100/10/560 3099/10/559 3101/10/561
f 3100/10/560 3101/10/561 3102/10/562
f 3102/10/562 3101/10/561 3103/10/563
f 3102/10/562 3103/10/563 3104/10/564
f 3104/10/564 3103/10/563 3105/10/565
f 3104/10/564 3105/10/565 3106/10/566
f 3106/10/566 3105/10/565 3107/10/567
f 3106/10/566 3107/10/567 3108/10/568
f 3108/10/568 3107/10/567 3109/10/569
f 3108/10/568 3109/10/569 3110/10/570
f 3110/10/570 3109/10/569 3066/10/526
f 3110/10/570 3066/10/526 3065/10/525
f 3111/10/571 3112/10/572 3070/10/530
f 3111/10/571 3070/10/530 3069/10/529
f 3113/10/573 3114/10/574 3115/10/574
f 3113/10/573 3115/10/574 3116/10/573
f 3068/10/528 3067/10/527 3112/10/572
f 3068/10/528 3112/10/572 3111/10/571
f 3068/10/528 3111/10/571 3117/10/575
f 3068/10/528 3117/10/575 3118/10/576
f 3118/10/576 3117/10/575 3119/10/577
f 3118/10/576 3119/10/577 3120/10/578
f 3120/10/578 3119/10/577 3121/10/579
f 3120/10/578 3121/10/579 3122/10/580
f 3112/10/572 3067/10/527 3123/10/581
f 3112/10/572 3123/10/581 3124/10/582
f 3124/10/582 3123/10/581 3125/10/583
f 3124/10/582 3125/10/583 3126/10/584
f 3126/10/584 3125/10/583 3127/10/585
f 3126/10/584 3127/10/585 3128/10/586
f 3111/10/571 3069/10/529 3129/10/587
f 3111/10/571 3129/10/587 3117/10/575
f 3117/10/575 3129/10/587 3130/10/588
f 3117/10/575 3130/10/588 3119/10/577
f 3119/10/577 3130/10/588 3131/10/589
f 3119/10/577 3131/10/589 3121/10/579
f 3070/10/530 3112/10/572 3124/10/582
f 3070/10/530 3124/10/582 3132/10/590
f 3132/10/590 3124/10/582 3126/10/584
f 3132/10/590 3126/10/584 3133/10/591
f 3133/10/591 3126/10/584 3128/10/586
f 3133/10/591 3128/10/586 3134/10/592
f 3069/10/529 3072/10/532 3135/10/593
f 3069/10/529 3135/10/593 3129/10/587
f 3129/10/587 3135/10/593 3136/10/594
f 3129/10/587 3136/10/594 3130/10/588
f 3130/10/588 3136/10/594 3137/10/595
f 3130/10/588 3137/10/595 3131/10/589
f 3071/10/531 3070/10/530 3132/10/590
f 3071/10/531 3132/10/590 3138/10/596
f 3138/10/596 3132/10/590 3133/10/591
f 3138/10/596 3133/10/591 3139/10/597
f 3139/10/597 3133/10/591 3134/10/592
f 3139/10/597 3134/10/592 3140/10/598
f 3072/10/532 3074/10/534 3141/10/599
f 3072/10/532 3141/10/599 3135/10/593
f 3135/10/593 3141/10/599 3142/10/600
f 3135/10/593 3142/10/600 3136/10/594
f 3136/10/594 3142/10/600 3143/10/601
f 3136/10/594 3143/10/601 3137/10/595
f 3073/10/533 3071/10/531 3138/10/596
f 3073/10/533 3138/10/596 3144/10/602
f 3144/10/602 3138/10/596 3139/10/597
f 3144/10/602 3139/10/597 3145/10/603
f 3145/10/603 3139/10/597 3140/10/598
f 3145/10/603 3140/10/598 3146/10/604
f 3074/10/534 3076/10/536 3147/10/605
f 3074/10/534 3147/10/605 3141/10/599
f 3141/10/599 3147/10/605 3148/10/606
f 3141/10/599 3148/10/606 3142/10/600
f 3142/10/600 3148/10/606 3149/10/607
f 3142/10/600 3149/10/607 3143/10/601
f 3075/10/535 3073/10/533 3144/10/602
f 3075/10/535 3144/10/602 3150/10/608
f 3150/10/608 3144/10/602 3145/10/603
f 3150/10/608 3145/10/603 3151/10/609
f 3151/10/609 3145/10/603 3146/10/604
f 3151/10/609 3146/10/604 3152/10/610
f 3076/10/536 3078/10/538 3153/10/611
f 3076/10/536 3153/10/611 3147/10/605
f 3147/10/605 3153/10/611 3154/10/612
f 3147/10/605 3154/10/612 3148/10/606
f 3148/10/606 3154/10/612 3155/10/613
f 3148/10/606 3155/10/613 3149/10/607
f 3077/10/537 3075/10/535 3150/10/608
f 3077/10/537 3150/10/608 3156/10/614
f 3156/10/614 3150/10/608 3151/10/609
f 3156/10/614 3151/10/609 3157/10/615
f 3157/10/615 3151/10/609 3152/10/610
f 3157/10/615 3152/10/610 3158/10/616
f 3078/10/538 3080/10/540 3159/10/617
f 3078/10/538 3159/10/617 3153/10/611
f 3153/10/611 3159/10/617 3160/10/618
f 3153/10/611 3160/10/618 3154/10/612
f 3154/10/612 3160/10/618 3161/10/619
f 3154/10/612 3161/10/619 3155/10/613
f 3079/10/539 3077/10/537 3156/10/614
f 3079/10/539 3156/10/614 3162/10/620
f 3162/10/620 3156/10/614 3157/10/615
f 3162/10/620 3157/10/615 3163/10/621
f 3163/10/621 3157/10/615 3158/10/616
f 3163/10/621 3158/10/616 3164/10/622
f 3080/10/540 3082/10/542 3165/10/623
f 3080/10/540 3165/10/623 3159/10/617
f 3159/10/617 3165/10/623 3166/10/624
f 3159/10/617 3166/10/624 3160/10/618
f 3160/10/618 3166/10/624 3167/10/625
f 3160/10/618 3167/10/625 3161/10/619
f 3081/10/541 3079/10/539 3162/10/620
f 3081/10/541 3162/10/620 3168/10/626
f 3168/10/626 3162/10/620 3163/10/621
f 3168/10/626 3163/10/621 3169/10/627
f 3169/10/627 3163/10/621 3164/10/622
f 3169/10/627 3164/10/622 3170/10/628
f 3082/10/542 3084/10/544 3171/10/629
f 3082/10/542 3171/10/629 3165/10/623
f 3165/10/623 3171/10/629 3172/10/630
f 3165/10/623 3172/10/630 3166/10/624
f 3166/10/624 3172/10/630 3173/10/631
f 3166/10/624 3173/10/631 3167/10/625
f 3083/10/543 3081/10/541 3168/10/626
f 3083/10/543 3168/10/626 3174/10/632
f 3174/10/632 3168/10/626 3169/10/627
f 3174/10/632 3169/10/627 3175/10/633
f 3175/10/633 3169/10/627 3170/10/628
f 3175/10/633 3170/10/628 3176/10/634
f 3084/10/544 3086/10/546 3177/10/635
f 3084/10/544 3177/10/635 3171/10/629
f 3171/10/629 3177/10/635 3178/10/636
f 3171/10/629 3178/10/636 3172/10/630
f 3172/10/630 3178/10/636 3179/10/637
f 3172/10/630 3179/10/637 3173/10/631
f 3085/10/545 3083/10/543 3174/10/632
f 3085/10/545 3174/10/632 3180/10/638
f 3180/10/638 3174/10/632 3175/10/633
f 3180/10/638 3175/10/633 3181/10/639
f 3181/10/639 3175/10/633 3176/10/634
f 3181/10/639 3176/10/634 3182/10/640
f 3086/10/546 3088/10/548 3183/10/641
f 3086/10/546 3183/10/641 3177/10/635
f 3177/10/635 3183/10/641 3184/10/642
f 3177/10/635 3184/10/642 3178/10/636
f 3178/10/636 3184/10/642 3185/10/643
f 3178/10/636 3185/10/643 3179/10/637
f 3087/10/547 3085/10/545 3180/10/638
f 3087/10/547 3180/10/638 3186/10/644
f 3186/10/644 3180/10/638 3181/10/639
f 3186/10/644 3181/10/639 3187/10/645
f 3187/10/645 3181/10/639 3182/10/640
f 3187/10/645 3182/10/640 3188/10/646
f 3088/10/548 3090/10/550 3189/10/647
f 3088/10/548 3189/10/647 3183/10/641
f 3183/10/641 3189/10/647 3190/10/648
f 3183/10/641 3190/10/648 3184/10/642
f 3184/10/642 3190/10/648 3191/10/649
f 3184/10/642 3191/10/649 3185/10/643
f 3089/10/549 3087/10/547 3186/10/644
f 3089/10/549 3186/10/644 3192/10/650
f 3192/10/650 3186/10/644 3187/10/645
f 3192/10/650 3187/10/645 3193/10/651
f 3193/10/651 3187/10/645 3188/10/646
f 3193/10/651 3188/10/646 3194/10/652
f 3090/10/550 3092/10/552 3195/10/653
f 3090/10/550 3195/10/653 3189/10/647
f 3189/10/647 3195/10/653 3196/10/654
f 3189/10/647 3196/10/654 3190/10/648
f 3190/10/648 3196/10/654 3197/10/655
f 3190/10/648 3197/10/655 3191/10/649
f 3091/10/551 3089/10/549 3192/10/650
f 3091/10/551 3192/10/650 3198/10/656
f 3198/10/656 3192/10/650 3193/10/651
f 3198/10/656 3193/10/651 3199/10/657
f 3199/10/657 3193/10/651 3194/10/652
f 3199/10/657 3194/10/652 3200/10/658
f 3092/10/552 3094/10/554 3201/10/659
f 3092/10/552 3201/10/659 3195/10/653
f 3195/10/653 3201/10/659 3202/10/660
f 3195/10/653 3202/10/660 3196/10/654
f 3196/10/654 3202/10/660 3203/10/661
f 3196/10/654 3203/10/661 3197/10/655
f 3093/10/553 3091/10/551 3198/10/656
f 3093/10/553 3198/10/656 3204/10/662
f 3204/10/662 3198/10/656 3199/10/657
f 3204/10/662 3199/10/657 3205/10/663
f 3205/10/663 3199/10/657 3200/10/658
f 3205/10/663 3200/10/658 3206/10/664
f 3094/10/554 3096/10/556 3207/10/665
f 3094/10/554 3207/10/665 3201/10/659
f 3201/10/659 3207/10/665 3208/10/666
f 3201/10/659 3208/10/666 3202/10/660
f 3202/10/660 3208/10/666 3209/10/667
f 3202/10/660 3209/10/667 3203/10/661
f 3095/10/555 3093/10/553 3204/10/662
f 3095/10/555 3204/10/662 3210/10/668
f 3210/10/668 3204/10/662 3205/10/663
f 3210/10/668 3205/10/663 3211/10/669
f 3211/10/669 3205/10/663 3206/10/664
f 3211/10/669 3206/10/664 3212/10/670
f 3096/10/556 3098/10/558 3213/10/671
f 3096/10/556 3213/10/671 3207/10/665
f 3207/10/665 3213/10/671 3214/10/672
f 3207/10/665 3214/10/672 3208/10/666
f 3208/10/666 3214/10/672 3215/10/673
f 3208/10/666 3215/10/673 3209/10/667
f 3097/10/557 3095/10/555 3210/10/668
f 3097/10/557 3210/10/668 3216/10/674
f 3216/10/674 3210/10/668 3211/10/669
f 3216/10/674 3211/10/669 3217/10/675
f 3217/10/675 3211/10/669 3212/10/670
f 3217/10/675 3212/10/670 3218/10/676
f 3098/10/558 3100/10/560 3219/10/677
f 3098/10/558 3219/10/677 3213/10/671
f 3213/10/671 3219/10/677 3220/10/678
f 3213/10/671 3220/10/678 3214/10/672
f 3214/10/672 3220/10/678 3221/10/679
f 3214/10/672 3221/10/679 3215/10/673
f 3099/10/559 3097/10/557 3216/10/674
f 3099/10/559 3216/10/674 3222/10/680
f 3222/10/680 3216/10/674 3217/10/675
f 3222/10/680 3217/10/675 3223/10/681
f 3223/10/681 3217/10/675 3218/10/676
f 3223/10/681 3218/10/676 3224/10/682
f 3100/10/560 3102/10/562 3225/10/683
f 3100/10/560 3225/10/683 3219/10/677
f 3219/10/677 3225/10/683 3226/10/684
f 3219/10/677 3226/10/684 3220/10/678
f 3220/10/678 3226/10/684 3227/10/685
f 3220/10/678 3227/10/685 3221/10/679
f 3101/10/561 3099/10/559 3222/10/680
f 3101/10/561 3222/10/680 3228/10/686
f 3228/10/686 3222/10/680 3223/10/681
f 3228/10/686 3223/10/681 3229/10/687
f 3229/10/687 3223/10/681 3224/10/682
f 3229/10/687 3224/10/682 3230/10/688
f 3102/10/562 3104/10/564 3231/10/689
f 3102/10/562 3231/10/689 3225/10/683
f 3225/10/683 3231/10/689 3232/10/690
f 3225/10/683 3232/10/690 3226/10/684
f 3226/10/684 3232/10/690 3233/10/691
f 3226/10/684 3233/10/691 3227/10/685
f 3103/10/563 3101/10/561 3228/10/686
f 3103/10/563 3228/10/686 3234/10/692
f 3234/10/692 3228/10/686 3229/10/687
f 3234/10/692 3229/10/687 3235/10/693
f 3235/10/693 3229/10/687 3230/10/688
f 3235/10/693 3230/10/688 3236/10/694
f 3104/10/564 3106/10/566 3237/10/695
f 3104/10/564 3237/10/695 3231/10/689
f 3231/10/689 3237/10/695 3238/10/696
f 3231/10/689 3238/10/696 3232/10/690
f 3232/10/690 3238/10/696 3239/10/697
f 3232/10/690 3239/10/697 3233/10/691
f 3105/10/565 3103/10/563 3234/10/692
f 3105/10/565 3234/10/692 3240/10/698
f 3240/10/698 3234/10/692 3235/10/693
f 3240/10/698 3235/10/693 3241/10/699
f 3241/10/699 3235/10/693 3236/10/694
f 3241/10/699 3236/10/694 3242/10/700
f 3106/10/566 3108/10/568 3243/10/701
f 3106/10/566 3243/10/701 3237/10/695
f 3237/10/695 3243/10/701 3244/10/702
f 3237/10/695 3244/10/702 3238/10/696
f 3238/10/696 3244/10/702 3245/10/703
f 3238/10/696 3245/10/703 3239/10/697
f 3107/10/567 3105/10/565 3240/10/698
f 3107/10/567 3240/10/698 3246/10/704
f 3246/10/704 3240/10/698 3241/10/699
f 3246/10/704 3241/10/699 3247/10/705
f 3247/10/705 3241/10/699 3242/10/700
f 3247/10/705 3242/10/700 3248/10/706
f 3108/10/568 3110/10/570 3249/10/707
f 3108/10/568 3249/10/707 3243/10/701
f 3243/10/701 3249/10/707 3250/10/708
f 3243/10/701 3250/10/708 3244/10/702
f 3244/10/702 3250/10/708 3251/10/709
f 3244/10/702 3251/10/709 3245/10/703
f 3109/10/569 3107/10/567 3246/10/704
f 3109/10/569 3246/10/704 3252/10/710
f 3252/10/710 3246/10/704 3247/10/705
f 3252/10/710 3247/10/705 3253/10/711
f 3253/10/711 3247/10/705 3248/10/706
f 3253/10/711 3248/10/706 3254/10/712
f 3110/10/570 3065/10/525 3255/10/713
f 3110/10/570 3255/10/713 3249/10/707
f 3249/10/707 3255/10/713 3256/10/714
f 3249/10/707 3256/10/714 3250/10/708
f 3250/10/708 3256/10/714 3257/10/715
f 3250/10/708 3257/10/715 3251/10/709
f 3066/10/526 3109/10/569 3252/10/710
f 3066/10/526 3252/10/710 3258/10/716
f 3258/10/716 3252/10/710 3253/10/711
f 3258/10/716 3253/10/711 3259/10/717
f 3259/10/717 3253/10/711 3254/10/712
f 3259/10/717 3254/10/712 3260/10/718
f 3065/10/525 3068/10/528 3118/10/576
f 3065/10/525 3118/10/576 3255/10/713
f 3255/10/713 3118/10/576 3120/10/578
f 3255/10/713 3120/10/578 3256/10/714
f 3256/10/714 3120/10/578 3122/10/580
f 3256/10/714 3122/10/580 3257/10/715
f 3067/10/527 3066/10/526 3258/10/716
f 3067/10/527 3258/10/716 3123/10/581
f 3123/10/581 3258/10/716 3259/10/717
f 3123/10/581 3259/10/717 3125/10/583
f 3125/10/583 3259/10/717 3260/10/718
f 3125/10/583 3260/10/718 3127/10/585
f 3261/10/29 3262/10/29 3128/10/586
f 3261/10/29 3128/10/586 3127/10/585
f 3262/10/29 3263/10/29 3134/10/592
f 3262/10/29 3134/10/592 3128/10/586
f 3263/10/29 3264/10/29 3140/10/598
f 3263/10/29 3140/10/598 3134/10/592
f 3264/10/29 3265/10/29 3146/10/604
f 3264/10/29 3146/10/604 3140/10/598
f 3265/10/29 3266/10/29 3152/10/610
f 3265/10/29 3152/10/610 3146/10/604
f 3266/10/29 3267/10/29 3158/10/616
f 3266/10/29 3158/10/616 3152/10/610
f 3267/10/29 3268/10/29 3164/10/622
f 3267/10/29 3164/10/622 3158/10/616
f 3268/10/29 3269/10/29 3170/10/628
f 3268/10/29 3170/10/628 3164/10/622
f 3269/10/29 3270/10/29 3176/10/634
f 3269/10/29 3176/10/634 3170/10/628
f 3270/10/29 3271/10/29 3182/10/640
f 3270/10/29 3182/10/640 3176/10/634
f 3271/10/29 3272/10/29 3188/10/646
f 3271/10/29 3188/10/646 3182/10/640
f 3272/10/29 3273/10/29 3194/10/652
f 3272/10/29 3194/10/652 3188/10/646
f 3273/10/29 3274/10/29 3200/10/658
f 3273/10/29 3200/10/658 3194/10/652
f 3274/10/29 3275/10/29 3206/10/664
f 3274/10/29 3206/10/664 3200/10/658
f 3275/10/29 3276/10/29 3212/10/670
f 3275/10/29 3212/10/670 3206/10/664
f 3276/10/29 3277/10/29 3218/10/676
f 3276/10/29 3218/10/676 3212/10/670
f 3277/10/29 3278/10/29 3224/10/682
f 3277/10/29 3224/10/682 3218/10/676
f 3278/10/29 3279/10/29 3230/10/688
f 3278/10/29 3230/10/688 3224/10/682
f 3279/10/29 3280/10/29 3236/10/694
f 3279/10/29 3236/10/694 3230/10/688
f 3280/10/29 3281/10/29 3242/10/700
f 3280/10/29 3242/10/700 3236/10/694
f 3281/10/29 3282/10/29 3248/10/706
f 3281/10/29 3248/10/706 3242/10/700
f 3282/10/29 3283/10/29 3254/10/712
f 3282/10/29 3254/10/712 3248/10/706
f 3283/10/29 3284/10/29 3260/10/718
f 3283/10/29 3260/10/718 3254/10/712
f 3284/10/29 3261/10/29 3127/10/585
f 3284/10/29 3127/10/585 3260/10/718
f 3285/10/719 3286/10/720 3287/10/721
f 3285/10/719 3287/10/721 3288/10/722
f 3289/10/723 3290/10/41 3291/10/41
f 3289/10/723 3291/10/41 3292/10/723
f 3293/10/18 3294/10/724 3295/10/724
f 3293/10/18 3295/10/724 3296/10/18
f 3297/10/725 3113/10/573 3116/10/573
f 3297/10/725 3116/10/573 3298/10/725
f 3299/10/726 3289/10/723 3292/10/723
f 3299/10/726 3292/10/723 3300/10/726
f 3301/10/727 3293/10/18 3296/10/18
f 3301/10/727 3296/10/18 3302/10/727
f 3303/10/40 3297/10/725 3298/10/725
f 3303/10/40 3298/10/725 3304/10/40
f 3305/10/728 3299/10/726 3300/10/726
f 3305/10/728 3300/10/726 3306/10/728
f 3307/10/729 3301/10/727 3302/10/727
f 3307/10/729 3302/10/727 3308/10/729
f 3309/10/730 3303/10/40 3304/10/40
f 3309/10/730 3304/10/40 3310/10/730
f 3311/10/731 3305/10/728 3306/10/728
f 3311/10/731 3306/10/728 3312/10/731
f 3313/10/732 3307/10/729 3308/10/729
f 3313/10/732 3308/10/729 3314/10/732
f 3315/10/733 3309/10/730 3310/10/730
f 3315/10/733 3310/10/730 3316/10/733
f 3317/10/734 3311/10/731 3312/10/731
f 3317/10/734 3312/10/731 3318/10/734
f 3319/10/735 3320/10/7 3321/10/7
f 3319/10/735 3321/10/7 3322/10/735
f 3323/10/736 3313/10/732 3314/10/732
f 3323/10/736 3314/10/732 3324/10/736
f 3325/10/737 3315/10/733 3316/10/733
f 3325/10/737 3316/10/733 3326/10/737
f 3320/10/7 3317/10/734 3318/10/734
f 3320/10/7 3318/10/734 3321/10/7
f 3327/10/738 3319/10/735 3322/10/735
f 3327/10/738 3322/10/735 3328/10/738
f 3329/10/739 3323/10/736 3324/10/736
f 3329/10/739 3324/10/736 3330/10/739
f 3331/10/740 3325/10/737 3326/10/737
f 3331/10/740 3326/10/737 3332/10/740
f 3114/10/574 3327/10/738 3328/10/738
f 3114/10/574 3328/10/738 3115/10/574
f 3290/10/41 3329/10/739 3330/10/739
f 3290/10/41 3330/10/739 3291/10/41
f 3294/10/724 3331/10/740 3332/10/740
f 3294/10/724 3332/10/740 3295/10/724
f 3333/10/741 3334/10/742 3335/10/743
f 3333/10/741 3335/10/743 3336/10/744
f 3337/10/745 3338/10/746 3339/10/747
f 3337/10/745 3339/10/747 3340/10/748
f 3341/2/723 3342/2/41 3343/2/41
f 3341/2/723 3343/2/41 3344/2/723
f 3345/10/749 3285/10/719 3288/10/722
f 3345/10/749 3288/10/722 3346/10/750
f 3347/10/751 3337/10/745 3340/10/748
f 3347/10/751 3340/10/748 3348/10/752
f 3349/10/753 3350/10/754 3351/10/755
f 3349/10/753 3351/10/755 3352/10/756
f 3353/10/757 3349/10/753 3352/10/756
f 3353/10/757 3352/10/756 3354/10/758
f 3355/10/759 3345/10/749 3346/10/750
f 3355/10/759 3346/10/750 3356/10/760
f 3357/10/761 3347/10/751 3348/10/752
f 3357/10/761 3348/10/752 3358/10/762
f 3359/10/763 3353/10/757 3354/10/758
f 3359/10/763 3354/10/758 3360/10/764
f 3361/10/765 3355/10/759 3356/10/760
f 3361/10/765 3356/10/760 3362/10/766
f 3363/10/767 3357/10/761 3358/10/762
f 3363/10/767 3358/10/762 3364/10/768
f 3365/10/769 3359/10/763 3360/10/764
f 3365/10/769 3360/10/764 3366/10/770
f 3367/10/771 3361/10/765 3362/10/766
f 3367/10/771 3362/10/766 3368/10/772
f 3369/10/773 3363/10/767 3364/10/768
f 3369/10/773 3364/10/768 3370/10/774
f 3371/10/775 3365/10/769 3366/10/770
f 3371/10/775 3366/10/770 3372/10/776
f 3373/10/777 3367/10/771 3368/10/772
f 3373/10/777 3368/10/772 3374/10/778
f 3375/10/779 3369/10/773 3370/10/774
f 3375/10/779 3370/10/774 3376/10/780
f 3377/10/781 3371/10/775 3372/10/776
f 3377/10/781 3372/10/776 3378/10/782
f 3379/10/783 3373/10/777 3374/10/778
f 3379/10/783 3374/10/778 3380/10/784
f 3286/10/720 3375/10/779 3376/10/780
f 3286/10/720 3376/10/780 3287/10/721
f 3338/10/746 3377/10/781 3378/10/782
f 3338/10/746 3378/10/782 3339/10/747
f 3334/10/742 3379/10/783 3380/10/784
f 3334/10/742 3380/10/784 3335/10/743
f 3381/2/785 3382/2/786 3383/2/787
f 3381/2/785 3383/2/787 3384/2/788
f 3384/2/788 3383/2/787 3385/2/755
f 3384/2/788 3385/2/755 3386/2/789
f 3382/2/786 3387/2/790 3388/2/791
f 3382/2/786 3388/2/791 3383/2/787
f 3383/2/787 3388/2/791 3389/2/756
f 3383/2/787 3389/2/756 3385/2/755
f 3387/2/790 3390/2/792 3391/2/793
f 3387/2/790 3391/2/793 3388/2/791
f 3388/2/791 3391/2/793 3392/2/794
f 3388/2/791 3392/2/794 3389/2/756
f 3390/2/792 3393/2/795 3394/2/796
f 3390/2/792 3394/2/796 3391/2/793
f 3391/2/793 3394/2/796 3395/2/797
f 3391/2/793 3395/2/797 3392/2/794
f 3393/2/795 3396/2/798 3397/2/799
f 3393/2/795 3397/2/799 3394/2/796
f 3394/2/796 3397/2/799 3398/2/800
f 3394/2/796 3398/2/800 3395/2/797
f 3396/2/798 3399/2/801 3400/2/802
f 3396/2/798 3400/2/802 3397/2/799
f 3397/2/799 3400/2/802 3401/2/803
f 3397/2/799 3401/2/803 3398/2/800
f 3399/2/801 3402/2/804 3403/2/805
f 3399/2/801 3403/2/805 3400/2/802
f 3400/2/802 3403/2/805 3404/2/806
f 3400/2/802 3404/2/806 3401/2/803
f 3402/2/804 3405/2/807 3406/2/808
f 3402/2/804 3406/2/808 3403/2/805
f 3403/2/805 3406/2/808 3407/2/809
f 3403/2/805 3407/2/809 3404/2/806
f 3405/2/807 3408/2/810 3409/2/811
f 3405/2/807 3409/2/811 3406/2/808
f 3406/2/808 3409/2/811 3410/2/812
f 3406/2/808 3410/2/812 3407/2/809
f 3408/2/810 3411/2/813 3412/2/814
f 3408/2/810 3412/2/814 3409/2/811
f 3409/2/811 3412/2/814 3413/2/815
f 3409/2/811 3413/2/815 3410/2/812
f 3411/2/813 3414/2/816 3415/2/817
f 3411/2/813 3415/2/817 3412/2/814
f 3412/2/814 3415/2/817 3416/2/762
f 3412/2/814 3416/2/762 3413/2/815
f 3414/2/816 3417/2/818 3418/2/819
f 3414/2/816 3418/2/819 3415/2/817
f 3415/2/817 3418/2/819 3419/2/820
f 3415/2/817 3419/2/820 3416/2/762
f 3417/2/818 3420/2/821 3421/2/822
f 3417/2/818 3421/2/822 3418/2/819
f 3418/2/819 3421/2/822 3422/2/774
f 3418/2/819 3422/2/774 3419/2/820
f 3420/2/821 3423/2/823 3424/2/824
f 3420/2/821 3424/2/824 3421/2/822
f 3421/2/822 3424/2/824 3425/2/825
f 3421/2/822 3425/2/825 3422/2/774
f 3423/2/823 3426/2/826 3427/2/827
f 3423/2/823 3427/2/827 3424/2/824
f 3424/2/824 3427/2/827 3428/2/828
f 3424/2/824 3428/2/828 3425/2/825
f 3426/2/826 3429/2/829 3430/2/830
f 3426/2/826 3430/2/830 3427/2/827
f 3427/2/827 3430/2/830 3431/2/831
f 3427/2/827 3431/2/831 3428/2/828
f 3429/2/829 3432/2/832 3433/2/833
f 3429/2/829 3433/2/833 3430/2/830
f 3430/2/830 3433/2/833 3434/2/750
f 3430/2/830 3434/2/750 3431/2/831
f 3432/2/832 3435/2/834 3436/2/835
f 3432/2/832 3436/2/835 3433/2/833
f 3433/2/833 3436/2/835 3437/2/836
f 3433/2/833 3437/2/836 3434/2/750
f 3435/2/834 3438/2/837 3439/2/838
f 3435/2/834 3439/2/838 3436/2/835
f 3436/2/835 3439/2/838 3440/2/839
f 3436/2/835 3440/2/839 3437/2/836
f 3438/2/837 3441/2/840 3442/2/841
f 3438/2/837 3442/2/841 3439/2/838
f 3439/2/838 3442/2/841 3443/2/842
f 3439/2/838 3443/2/842 3440/2/839
f 3441/2/840 3444/2/843 3445/2/844
f 3441/2/840 3445/2/844 3442/2/841
f 3442/2/841 3445/2/844 3446/2/845
f 3442/2/841 3446/2/845 3443/2/842
f 3444/2/843 3447/2/846 3448/2/847
f 3444/2/843 3448/2/847 3445/2/844
f 3445/2/844 3448/2/847 3449/2/848
f 3445/2/844 3449/2/848 3446/2/845
f 3447/2/846 3450/2/849 3451/2/850
f 3447/2/846 3451/2/850 3448/2/847
f 3448/2/847 3451/2/850 3452/2/743
f 3448/2/847 3452/2/743 3449/2/848
f 3450/2/849 3381/2/785 3384/2/788
f 3450/2/849 3384/2/788 3451/2/850
f 3451/2/850 3384/2/788 3386/2/789
f 3451/2/850 3386/2/789 3452/2/743
f 3350/10/754 3333/10/741 3336/10/744
f 3350/10/754 3336/10/744 3351/10/755
f 3453/2/851 3454/2/852 3382/2/786
f 3453/2/851 3382/2/786 3381/2/785
f 3454/2/852 3455/2/853 3387/2/790
f 3454/2/852 3387/2/790 3382/2/786
f 3455/2/853 3456/2/854 3390/2/792
f 3455/2/853 3390/2/792 3387/2/790
f 3456/2/854 3457/2/855 3393/2/795
f 3456/2/854 3393/2/795 3390/2/792
f 3457/2/855 3458/2/856 3396/2/798
f 3457/2/855 3396/2/798 3393/2/795
f 3458/2/856 3459/2/857 3399/2/801
f 3458/2/856 3399/2/801 3396/2/798
f 3459/2/857 3460/2/858 3402/2/804
f 3459/2/857 3402/2/804 3399/2/801
f 3460/2/858 3461/2/859 3405/2/807
f 3460/2/858 3405/2/807 3402/2/804
f 3461/2/859 3462/2/860 3408/2/810
f 3461/2/859 3408/2/810 3405/2/807
f 3462/2/860 3463/2/861 3411/2/813
f 3462/2/860 3411/2/813 3408/2/810
f 3463/2/861 3464/2/862 3414/2/816
f 3463/2/861 3414/2/816 3411/2/813
f 3464/2/862 3465/2/863 3417/2/818
f 3464/2/862 3417/2/818 3414/2/816
f 3465/2/863 3466/2/864 3420/2/821
f 3465/2/863 3420/2/821 3417/2/818
f 3466/2/864 3467/2/865 3423/2/823
f 3466/2/864 3423/2/823 3420/2/821
f 3467/2/865 3468/2/866 3426/2/826
f 3467/2/865 3426/2/826 3423/2/823
f 3468/2/866 3469/2/867 3429/2/829
f 3468/2/866 3429/2/829 3426/2/826
f 3469/2/867 3470/2/868 3432/2/832
f 3469/2/867 3432/2/832 3429/2/829
f 3470/2/868 3471/2/869 3435/2/834
f 3470/2/868 3435/2/834 3432/2/832
f 3471/2/869 3472/2/870 3438/2/837
f 3471/2/869 3438/2/837 3435/2/834
f 3472/2/870 3473/2/871 3441/2/840
f 3472/2/870 3441/2/840 3438/2/837
f 3473/2/871 3474/2/872 3444/2/843
f 3473/2/871 3444/2/843 3441/2/840
f 3474/2/872 3475/2/873 3447/2/846
f 3474/2/872 3447/2/846 3444/2/843
f 3475/2/873 3476/2/874 3450/2/849
f 3475/2/873 3450/2/849 3447/2/846
f 3476/2/874 3453/2/851 3381/2/785
f 3476/2/874 3381/2/785 3450/2/849
f 3477/2/18 3478/2/724 3479/2/724
f 3477/2/18 3479/2/724 3480/2/18
f 3481/2/725 3482/2/573 3483/2/573
f 3481/2/725 3483/2/573 3484/2/725
f 3485/2/726 3341/2/723 3344/2/723
f 3485/2/726 3344/2/723 3486/2/726
f 3487/2/727 3477/2/18 3480/2/18
f 3487/2/727 3480/2/18 3488/2/727
f 3489/2/40 3481/2/725 3484/2/725
f 3489/2/40 3484/2/725 3490/2/40
f 3491/2/728 3485/2/726 3486/2/726
f 3491/2/728 3486/2/726 3492/2/728
f 3493/2/729 3487/2/727 3488/2/727
f 3493/2/729 3488/2/727 3494/2/729
f 3495/2/730 3489/2/40 3490/2/40
f 3495/2/730 3490/2/40 3496/2/730
f 3497/2/731 3491/2/728 3492/2/728
f 3497/2/731 3492/2/728 3498/2/731
f 3499/2/732 3493/2/729 3494/2/729
f 3499/2/732 3494/2/729 3500/2/732
f 3501/2/733 3495/2/730 3496/2/730
f 3501/2/733 3496/2/730 3502/2/733
f 3503/2/734 3497/2/731 3498/2/731
f 3503/2/734 3498/2/731 3504/2/734
f 3505/2/735 3506/2/7 3507/2/7
f 3505/2/735 3507/2/7 3508/2/735
f 3509/2/736 3499/2/732 3500/2/732
f 3509/2/736 3500/2/732 3510/2/736
f 3511/2/737 3501/2/733 3502/2/733
f 3511/2/737 3502/2/733 3512/2/737
f 3506/2/7 3503/2/734 3504/2/734
f 3506/2/7 3504/2/734 3507/2/7
f 3513/2/738 3505/2/735 3508/2/735
f 3513/2/738 3508/2/735 3514/2/738
f 3515/2/739 3509/2/736 3510/2/736
f 3515/2/739 3510/2/736 3516/2/739
f 3517/2/740 3511/2/737 3512/2/737
f 3517/2/740 3512/2/737 3518/2/740
f 3519/2/574 3513/2/738 3514/2/738
f 3519/2/574 3514/2/738 3520/2/574
f 3342/2/41 3515/2/739 3516/2/739
f 3342/2/41 3516/2/739 3343/2/41
f 3478/2/724 3517/2/740 3518/2/740
f 3478/2/724 3518/2/740 3479/2/724
f 3482/2/573 3519/2/574 3520/2/574
f 3482/2/573 3520/2/574 3483/2/573
f 3521/10/526 3522/10/527 3523/10/528
f 3521/10/526 3523/10/528 3524/10/525
f 3525/10/530 3526/10/531 3527/10/532
f 3525/10/530 3527/10/532 3528/10/529
f 3526/10/531 3529/10/533 3530/10/534
f 3526/10/531 3530/10/534 3527/10/532
f 3529/10/533 3531/10/535 3532/10/536
f 3529/10/533 3532/10/536 3530/10/534
f 3531/10/535 3533/10/537 3534/10/538
f 3531/10/535 3534/10/538 3532/10/536
f 3533/10/537 3535/10/539 3536/10/540
f 3533/10/537 3536/10/540 3534/10/538
f 3535/10/539 3537/10/541 3538/10/542
f 3535/10/539 3538/10/542 3536/10/540
f 3537/10/541 3539/10/543 3540/10/544
f 3537/10/541 3540/10/544 3538/10/542
f 3539/10/543 3541/10/545 3542/10/546
f 3539/10/543 3542/10/546 3540/10/544
f 3541/10/545 3543/10/547 3544/10/548
f 3541/10/545 3544/10/548 3542/10/546
f 3543/10/547 3545/10/549 3546/10/550
f 3543/10/547 3546/10/550 3544/10/548
f 3545/10/549 3547/10/551 3548/10/552
f 3545/10/549 3548/10/552 3546/10/550
f 3547/10/551 3549/10/553 3550/10/554
f 3547/10/551 3550/10/554 3548/10/552
f 3549/10/553 3551/10/555 3552/10/556
f 3549/10/553 3552/10/556 3550/10/554
f 3551/10/555 3553/10/557 3554/10/558
f 3551/10/555 3554/10/558 3552/10/556
f 3553/10/557 3555/10/559 3556/10/560
f 3553/10/557 3556/10/560 3554/10/558
f 3555/10/559 3557/10/561 3558/10/562
f 3555/10/559 3558/10/562 3556/10/560
f 3557/10/561 3559/10/563 3560/10/564
f 3557/10/561 3560/10/564 3558/10/562
f 3559/10/563 3561/10/565 3562/10/566
f 3559/10/563 3562/10/566 3560/10/564
f 3561/10/565 3563/10/567 3564/10/568
f 3561/10/565 3564/10/568 3562/10/566
f 3563/10/567 3565/10/569 3566/10/570
f 3563/10/567 3566/10/570 3564/10/568
f 3565/10/569 3521/10/526 3524/10/525
f 3565/10/569 3524/10/525 3566/10/570
f 3567/10/572 3525/10/530 3528/10/529
f 3567/10/572 3528/10/529 3568/10/571
f 3569/10/573 3570/10/573 3571/10/574
f 3569/10/573 3571/10/574 3572/10/574
f 3522/10/527 3567/10/572 3568/10/571
f 3522/10/527 3568/10/571 3523/10/528
f 3522/10/527 3573/10/581 3574/10/582
f 3522/10/527 3574/10/582 3567/10/572
f 3573/10/581 3575/10/583 3576/10/584
f 3573/10/581 3576/10/584 3574/10/582
f 3575/10/583 3577/10/585 3578/10/586
f 3575/10/583 3578/10/586 3576/10/584
f 3568/10/571 3579/10/575 3580/10/576
f 3568/10/571 3580/10/576 3523/10/528
f 3579/10/575 3581/10/577 3582/10/578
f 3579/10/575 3582/10/578 3580/10/576
f 3581/10/577 3583/10/579 3584/10/580
f 3581/10/577 3584/10/580 3582/10/578
f 3567/10/572 3574/10/582 3585/10/590
f 3567/10/572 3585/10/590 3525/10/530
f 3574/10/582 3576/10/584 3586/10/591
f 3574/10/582 3586/10/591 3585/10/590
f 3576/10/584 3578/10/586 3587/10/592
f 3576/10/584 3587/10/592 3586/10/591
f 3528/10/529 3588/10/587 3579/10/575
f 3528/10/529 3579/10/575 3568/10/571
f 3588/10/587 3589/10/588 3581/10/577
f 3588/10/587 3581/10/577 3579/10/575
f 3589/10/588 3590/10/589 3583/10/579
f 3589/10/588 3583/10/579 3581/10/577
f 3525/10/530 3585/10/590 3591/10/596
f 3525/10/530 3591/10/596 3526/10/531
f 3585/10/590 3586/10/591 3592/10/597
f 3585/10/590 3592/10/597 3591/10/596
f 3586/10/591 3587/10/592 3593/10/598
f 3586/10/591 3593/10/598 3592/10/597
f 3527/10/532 3594/10/593 3588/10/587
f 3527/10/532 3588/10/587 3528/10/529
f 3594/10/593 3595/10/594 3589/10/588
f 3594/10/593 3589/10/588 3588/10/587
f 3595/10/594 3596/10/595 3590/10/589
f 3595/10/594 3590/10/589 3589/10/588
f 3526/10/531 3591/10/596 3597/10/602
f 3526/10/531 3597/10/602 3529/10/533
f 3591/10/596 3592/10/597 3598/10/603
f 3591/10/596 3598/10/603 3597/10/602
f 3592/10/597 3593/10/598 3599/10/604
f 3592/10/597 3599/10/604 3598/10/603
f 3530/10/534 3600/10/599 3594/10/593
f 3530/10/534 3594/10/593 3527/10/532
f 3600/10/599 3601/10/600 3595/10/594
f 3600/10/599 3595/10/594 3594/10/593
f 3601/10/600 3602/10/601 3596/10/595
f 3601/10/600 3596/10/595 3595/10/594
f 3529/10/533 3597/10/602 3603/10/608
f 3529/10/533 3603/10/608 3531/10/535
f 3597/10/602 3598/10/603 3604/10/609
f 3597/10/602 3604/10/609 3603/10/608
f 3598/10/603 3599/10/604 3605/10/610
f 3598/10/603 3605/10/610 3604/10/609
f 3532/10/536 3606/10/605 3600/10/599
f 3532/10/536 3600/10/599 3530/10/534
f 3606/10/605 3607/10/606 3601/10/600
f 3606/10/605 3601/10/600 3600/10/599
f 3607/10/606 3608/10/607 3602/10/601
f 3607/10/606 3602/10/601 3601/10/600
f 3531/10/535 3603/10/608 3609/10/614
f 3531/10/535 3609/10/614 3533/10/537
f 3603/10/608 3604/10/609 3610/10/615
f 3603/10/608 3610/10/615 3609/10/614
f 3604/10/609 3605/10/610 3611/10/616
f 3604/10/609 3611/10/616 3610/10/615
f 3534/10/538 3612/10/611 3606/10/605
f 3534/10/538 3606/10/605 3532/10/536
f 3612/10/611 3613/10/612 3607/10/606
f 3612/10/611 3607/10/606 3606/10/605
f 3613/10/612 3614/10/613 3608/10/607
f 3613/10/612 3608/10/607 3607/10/606
f 3533/10/537 3609/10/614 3615/10/620
f 3533/10/537 3615/10/620 3535/10/539
f 3609/10/614 3610/10/615 3616/10/621
f 3609/10/614 3616/10/621 3615/10/620
f 3610/10/615 3611/10/616 3617/10/622
f 3610/10/615 3617/10/622 3616/10/621
f 3536/10/540 3618/10/617 3612/10/611
f 3536/10/540 3612/10/611 3534/10/538
f 3618/10/617 3619/10/618 3613/10/612
f 3618/10/617 3613/10/612 3612/10/611
f 3619/10/618 3620/10/619 3614/10/613
f 3619/10/618 3614/10/613 3613/10/612
f 3535/10/539 3615/10/620 3621/10/626
f 3535/10/539 3621/10/626 3537/10/541
f 3615/10/620 3616/10/621 3622/10/627
f 3615/10/620 3622/10/627 3621/10/626
f 3616/10/621 3617/10/622 3623/10/628
f 3616/10/621 3623/10/628 3622/10/627
f 3538/10/542 3624/10/623 3618/10/617
f 3538/10/542 3618/10/617 3536/10/540
f 3624/10/623 3625/10/624 3619/10/618
f 3624/10/623 3619/10/618 3618/10/617
f 3625/10/624 3626/10/625 3620/10/619
f 3625/10/624 3620/10/619 3619/10/618
f 3537/10/541 3621/10/626 3627/10/632
f 3537/10/541 3627/10/632 3539/10/543
f 3621/10/626 3622/10/627 3628/10/633
f 3621/10/626 3628/10/633 3627/10/632
f 3622/10/627 3623/10/628 3629/10/634
f 3622/10/627 3629/10/634 3628/10/633
f 3540/10/544 3630/10/629 3624/10/623
f 3540/10/544 3624/10/623 3538/10/542
f 3630/10/629 3631/10/630 3625/10/624
f 3630/10/629 3625/10/624 3624/10/623
f 3631/10/630 3632/10/631 3626/10/625
f 3631/10/630 3626/10/625 3625/10/624
f 3539/10/543 3627/10/632 3633/10/638
f 3539/10/543 3633/10/638 3541/10/545
f 3627/10/632 3628/10/633 3634/10/639
f 3627/10/632 3634/10/639 3633/10/638
f 3628/10/633 3629/10/634 3635/10/640
f 3628/10/633 3635/10/640 3634/10/639
f 3542/10/546 3636/10/635 3630/10/629
f 3542/10/546 3630/10/629 3540/10/544
f 3636/10/635 3637/10/636 3631/10/630
f 3636/10/635 3631/10/630 3630/10/629
f 3637/10/636 3638/10/637 3632/10/631
f 3637/10/636 3632/10/631 3631/10/630
f 3541/10/545 3633/10/638 3639/10/644
f 3541/10/545 3639/10/644 3543/10/547
f 3633/10/638 3634/10/639 3640/10/645
f 3633/10/638 3640/10/645 3639/10/644
f 3634/10/639 3635/10/640 3641/10/646
f 3634/10/639 3641/10/646 3640/10/645
f 3544/10/548 3642/10/641 3636/10/635
f 3544/10/548 3636/10/635 3542/10/546
f 3642/10/641 3643/10/642 3637/10/636
f 3642/10/641 3637/10/636 3636/10/635
f 3643/10/642 3644/10/643 3638/10/637
f 3643/10/642 3638/10/637 3637/10/636
f 3543/10/547 3639/10/644 3645/10/650
f 3543/10/547 3645/10/650 3545/10/549
f 3639/10/644 3640/10/645 3646/10/651
f 3639/10/644 3646/10/651 3645/10/650
f 3640/10/645 3641/10/646 3647/10/652
f 3640/10/645 3647/10/652 3646/10/651
f 3546/10/550 3648/10/647 3642/10/641
f 3546/10/550 3642/10/641 3544/10/548
f 3648/10/647 3649/10/648 3643/10/642
f 3648/10/647 3643/10/642 3642/10/641
f 3649/10/648 3650/10/649 3644/10/643
f 3649/10/648 3644/10/643 3643/10/642
f 3545/10/549 3645/10/650 3651/10/656
f 3545/10/549 3651/10/656 3547/10/551
f 3645/10/650 3646/10/651 3652/10/657
f 3645/10/650 3652/10/657 3651/10/656
f 3646/10/651 3647/10/652 3653/10/658
f 3646/10/651 3653/10/658 3652/10/657
f 3548/10/552 3654/10/653 3648/10/647
f 3548/10/552 3648/10/647 3546/10/550
f 3654/10/653 3655/10/654 3649/10/648
f 3654/10/653 3649/10/648 3648/10/647
f 3655/10/654 3656/10/655 3650/10/649
f 3655/10/654 3650/10/649 3649/10/648
f 3547/10/551 3651/10/656 3657/10/662
f 3547/10/551 3657/10/662 3549/10/553
f 3651/10/656 3652/10/657 3658/10/663
f 3651/10/656 3658/10/663 3657/10/662
f 3652/10/657 3653/10/658 3659/10/664
f 3652/10/657 3659/10/664 3658/10/663
f 3550/10/554 3660/10/659 3654/10/653
f 3550/10/554 3654/10/653 3548/10/552
f 3660/10/659 3661/10/660 3655/10/654
f 3660/10/659 3655/10/654 3654/10/653
f 3661/10/660 3662/10/661 3656/10/655
f 3661/10/660 3656/10/655 3655/10/654
f 3549/10/553 3657/10/662 3663/10/668
f 3549/10/553 3663/10/668 3551/10/555
f 3657/10/662 3658/10/663 3664/10/669
f 3657/10/662 3664/10/669 3663/10/668
f 3658/10/663 3659/10/664 3665/10/670
f 3658/10/663 3665/10/670 3664/10/669
f 3552/10/556 3666/10/665 3660/10/659
f 3552/10/556 3660/10/659 3550/10/554
f 3666/10/665 3667/10/666 3661/10/660
f 3666/10/665 3661/10/660 3660/10/659
f 3667/10/666 3668/10/667 3662/10/661
f 3667/10/666 3662/10/661 3661/10/660
f 3551/10/555 3663/10/668 3669/10/674
f 3551/10/555 3669/10/674 3553/10/557
f 3663/10/668 3664/10/669 3670/10/675
f 3663/10/668 3670/10/675 3669/10/674
f 3664/10/669 3665/10/670 3671/10/676
f 3664/10/669 3671/10/676 3670/10/675
f 3554/10/558 3672/10/671 3666/10/665
f 3554/10/558 3666/10/665 3552/10/556
f 3672/10/671 3673/10/672 3667/10/666
f 3672/10/671 3667/10/666 3666/10/665
f 3673/10/672 3674/10/673 3668/10/667
f 3673/10/672 3668/10/667 3667/10/666
f 3553/10/557 3669/10/674 3675/10/680
f 3553/10/557 3675/10/680 3555/10/559
f 3669/10/674 3670/10/675 3676/10/681
f 3669/10/674 3676/10/681 3675/10/680
f 3670/10/675 3671/10/676 3677/10/682
f 3670/10/675 3677/10/682 3676/10/681
f 3556/10/560 3678/10/677 3672/10/671
f 3556/10/560 3672/10/671 3554/10/558
f 3678/10/677 3679/10/678 3673/10/672
f 3678/10/677 3673/10/672 3672/10/671
f 3679/10/678 3680/10/679 3674/10/673
f 3679/10/678 3674/10/673 3673/10/672
f 3555/10/559 3675/10/680 3681/10/686
f 3555/10/559 3681/10/686 3557/10/561
f 3675/10/680 3676/10/681 3682/10/687
f 3675/10/680 3682/10/687 3681/10/686
f 3676/10/681 3677/10/682 3683/10/688
f 3676/10/681 3683/10/688 3682/10/687
f 3558/10/562 3684/10/683 3678/10/677
f 3558/10/562 3678/10/677 3556/10/560
f 3684/10/683 3685/10/684 3679/10/678
f 3684/10/683 3679/10/678 3678/10/677
f 3685/10/684 3686/10/685 3680/10/679
f 3685/10/684 3680/10/679 3679/10/678
f 3557/10/561 3681/10/686 3687/10/692
f 3557/10/561 3687/10/692 3559/10/563
f 3681/10/686 3682/10/687 3688/10/693
f 3681/10/686 3688/10/693 3687/10/692
f 3682/10/687 3683/10/688 3689/10/694
f 3682/10/687 3689/10/694 3688/10/693
f 3560/10/564 3690/10/689 3684/10/683
f 3560/10/564 3684/10/683 3558/10/562
f 3690/10/689 3691/10/690 3685/10/684
f 3690/10/689 3685/10/684 3684/10/683
f 3691/10/690 3692/10/691 3686/10/685
f 3691/10/690 3686/10/685 3685/10/684
f 3559/10/563 3687/10/692 3693/10/698
f 3559/10/563 3693/10/698 3561/10/565
f 3687/10/692 3688/10/693 3694/10/699
f 3687/10/692 3694/10/699 3693/10/698
f 3688/10/693 3689/10/694 3695/10/700
f 3688/10/693 3695/10/700 3694/10/699
f 3562/10/566 3696/10/695 3690/10/689
f 3562/10/566 3690/10/689 3560/10/564
f 3696/10/695 3697/10/696 3691/10/690
f 3696/10/695 3691/10/690 3690/10/689
f 3697/10/696 3698/10/697 3692/10/691
f 3697/10/696 3692/10/691 3691/10/690
f 3561/10/565 3693/10/698 3699/10/704
f 3561/10/565 3699/10/704 3563/10/567
f 3693/10/698 3694/10/699 3700/10/705
f 3693/10/698 3700/10/705 3699/10/704
f 3694/10/699 3695/10/700 3701/10/706
f 3694/10/699 3701/10/706 3700/10/705
f 3564/10/568 3702/10/701 3696/10/695
f 3564/10/568 3696/10/695 3562/10/566
f 3702/10/701 3703/10/702 3697/10/696
f 3702/10/701 3697/10/696 3696/10/695
f 3703/10/702 3704/10/703 3698/10/697
f 3703/10/702 3698/10/697 3697/10/696
f 3563/10/567 3699/10/704 3705/10/710
f 3563/10/567 3705/10/710 3565/10/569
f 3699/10/704 3700/10/705 3706/10/711
f 3699/10/704 3706/10/711 3705/10/710
f 3700/10/705 3701/10/706 3707/10/712
f 3700/10/705 3707/10/712 3706/10/711
f 3566/10/570 3708/10/707 3702/10/701
f 3566/10/570 3702/10/701 3564/10/568
f 3708/10/707 3709/10/708 3703/10/702
f 3708/10/707 3703/10/702 3702/10/701
f 3709/10/708 3710/10/709 3704/10/703
f 3709/10/708 3704/10/703 3703/10/702
f 3565/10/569 3705/10/710 3711/10/716
f 3565/10/569 3711/10/716 3521/10/526
f 3705/10/710 3706/10/711 3712/10/717
f 3705/10/710 3712/10/717 3711/10/716
f 3706/10/711 3707/10/712 3713/10/718
f 3706/10/711 3713/10/718 3712/10/717
f 3524/10/525 3714/10/713 3708/10/707
f 3524/10/525 3708/10/707 3566/10/570
f 3714/10/713 3715/10/714 3709/10/708
f 3714/10/713 3709/10/708 3708/10/707
f 3715/10/714 3716/10/715 3710/10/709
f 3715/10/714 3710/10/709 3709/10/708
f 3521/10/526 3711/10/716 3573/10/581
f 3521/10/526 3573/10/581 3522/10/527
f 3711/10/716 3712/10/717 3575/10/583
f 3711/10/716 3575/10/583 3573/10/581
f 3712/10/717 3713/10/718 3577/10/585
f 3712/10/717 3577/10/585 3575/10/583
f 3523/10/528 3580/10/576 3714/10/713
f 3523/10/528 3714/10/713 3524/10/525
f 3580/10/576 3582/10/578 3715/10/714
f 3580/10/576 3715/10/714 3714/10/713
f 3582/10/578 3584/10/580 3716/10/715
f 3582/10/578 3716/10/715 3715/10/714
f 3717/10/30 3584/10/580 3583/10/579
f 3717/10/30 3583/10/579 3718/10/30
f 3718/10/30 3583/10/579 3590/10/589
f 3718/10/30 3590/10/589 3719/10/30
f 3719/10/30 3590/10/589 3596/10/595
f 3719/10/30 3596/10/595 3720/10/30
f 3720/10/30 3596/10/595 3602/10/601
f 3720/10/30 3602/10/601 3721/10/30
f 3721/10/30 3602/10/601 3608/10/607
f 3721/10/30 3608/10/607 3722/10/30
f 3722/10/30 3608/10/607 3614/10/613
f 3722/10/30 3614/10/613 3723/10/30
f 3723/10/30 3614/10/613 3620/10/619
f 3723/10/30 3620/10/619 3724/10/30
f 3724/10/30 3620/10/619 3626/10/625
f 3724/10/30 3626/10/625 3725/10/30
f 3725/10/30 3626/10/625 3632/10/631
f 3725/10/30 3632/10/631 3726/10/30
f 3726/10/30 3632/10/631 3638/10/637
f 3726/10/30 3638/10/637 3727/10/30
f 3727/10/30 3638/10/637 3644/10/643
f 3727/10/30 3644/10/643 3728/10/30
f 3728/10/30 3644/10/643 3650/10/649
f 3728/10/30 3650/10/649 3729/10/30
f 3729/10/30 3650/10/649 3656/10/655
f 3729/10/30 3656/10/655 3730/10/30
f 3730/10/30 3656/10/655 3662/10/661
f 3730/10/30 3662/10/661 3731/10/30
f 3731/10/30 3662/10/661 3668/10/667
f 3731/10/30 3668/10/667 3732/10/30
f 3732/10/30 3668/10/667 3674/10/673
f 3732/10/30 3674/10/673 3733/10/30
f 3733/10/30 3674/10/673 3680/10/679
f 3733/10/30 3680/10/679 3734/10/30
f 3734/10/30 3680/10/679 3686/10/685
f 3734/10/30 3686/10/685 3735/10/30
f 3735/10/30 3686/10/685 3692/10/691
f 3735/10/30 3692/10/691 3736/10/30
f 3736/10/30 3692/10/691 3698/10/697
f 3736/10/30 3698/10/697 3737/10/30
f 3737/10/30 3698/10/697 3704/10/703
f 3737/10/30 3704/10/703 3738/10/30
f 3738/10/30 3704/10/703 3710/10/709
f 3738/10/30 3710/10/709 3739/10/30
f 3739/10/30 3710/10/709 3716/10/715
f 3739/10/30 3716/10/715 3740/10/30
f 3740/10/30 3716/10/715 3584/10/580
f 3740/10/30 3584/10/580 3717/10/30
f 3741/10/875 3742/10/876 3743/10/877
f 3741/10/875 3743/10/877 3744/10/878
f 3745/10/723 3746/10/723 3747/10/41
f 3745/10/723 3747/10/41 3748/10/41
f 3749/10/18 3750/10/18 3751/10/724
f 3749/10/18 3751/10/724 3752/10/724
f 3753/10/725 3754/10/725 3570/10/573
f 3753/10/725 3570/10/573 3569/10/573
f 3755/10/726 3756/10/726 3746/10/723
f 3755/10/726 3746/10/723 3745/10/723
f 3757/10/727 3758/10/727 3750/10/18
f 3757/10/727 3750/10/18 3749/10/18
f 3759/10/40 3760/10/40 3754/10/725
f 3759/10/40 3754/10/725 3753/10/725
f 3761/10/728 3762/10/728 3756/10/726
f 3761/10/728 3756/10/726 3755/10/726
f 3763/10/729 3764/10/729 3758/10/727
f 3763/10/729 3758/10/727 3757/10/727
f 3765/10/730 3766/10/730 3760/10/40
f 3765/10/730 3760/10/40 3759/10/40
f 3767/10/731 3768/10/731 3762/10/728
f 3767/10/731 3762/10/728 3761/10/728
f 3769/10/732 3770/10/732 3764/10/729
f 3769/10/732 3764/10/729 3763/10/729
f 3771/10/733 3772/10/733 3766/10/730
f 3771/10/733 3766/10/730 3765/10/730
f 3773/10/734 3774/10/734 3768/10/731
f 3773/10/734 3768/10/731 3767/10/731
f 3775/10/735 3776/10/735 3777/10/7
f 3775/10/735 3777/10/7 3778/10/7
f 3779/10/736 3780/10/736 3770/10/732
f 3779/10/736 3770/10/732 3769/10/732
f 3781/10/737 3782/10/737 3772/10/733
f 3781/10/737 3772/10/733 3771/10/733
f 3778/10/7 3777/10/7 3774/10/734
f 3778/10/7 3774/10/734 3773/10/734
f 3783/10/738 3784/10/738 3776/10/735
f 3783/10/738 3776/10/735 3775/10/735
f 3785/10/739 3786/10/739 3780/10/736
f 3785/10/739 3780/10/736 3779/10/736
f 3787/10/740 3788/10/740 3782/10/737
f 3787/10/740 3782/10/737 3781/10/737
f 3572/10/574 3571/10/574 3784/10/738
f 3572/10/574 3784/10/738 3783/10/738
f 3748/10/41 3747/10/41 3786/10/739
f 3748/10/41 3786/10/739 3785/10/739
f 3752/10/724 3751/10/724 3788/10/740
f 3752/10/724 3788/10/740 3787/10/740
f 3789/10/879 3790/10/880 3791/10/881
f 3789/10/879 3791/10/881 3792/10/882
f 3793/10/883 3794/10/884 3795/10/885
f 3793/10/883 3795/10/885 3796/10/886
f 3797/2/723 3798/2/723 3799/2/41
f 3797/2/723 3799/2/41 3800/2/41
f 3801/10/887 3802/10/888 3742/10/876
f 3801/10/887 3742/10/876 3741/10/875
f 3803/10/889 3804/10/890 3794/10/884
f 3803/10/889 3794/10/884 3793/10/883
f 3805/10/891 3806/10/892 3807/10/893
f 3805/10/891 3807/10/893 3808/10/894
f 3809/10/895 3810/10/896 3806/10/892
f 3809/10/895 3806/10/892 3805/10/891
f 3811/10/897 3812/10/898 3802/10/888
f 3811/10/897 3802/10/888 3801/10/887
f 3813/10/899 3814/10/900 3804/10/890
f 3813/10/899 3804/10/890 3803/10/889
f 3815/10/901 3816/10/902 3810/10/896
f 3815/10/901 3810/10/896 3809/10/895
f 3817/10/903 3818/10/904 3812/10/898
f 3817/10/903 3812/10/898 3811/10/897
f 3819/10/905 3820/10/906 3814/10/900
f 3819/10/905 3814/10/900 3813/10/899
f 3821/10/907 3822/10/908 3816/10/902
f 3821/10/907 3816/10/902 3815/10/901
f 3823/10/909 3824/10/910 3818/10/904
f 3823/10/909 3818/10/904 3817/10/903
f 3825/10/911 3826/10/912 3820/10/906
f 3825/10/911 3820/10/906 3819/10/905
f 3827/10/913 3828/10/914 3822/10/908
f 3827/10/913 3822/10/908 3821/10/907
f 3829/10/915 3830/10/916 3824/10/910
f 3829/10/915 3824/10/910 3823/10/909
f 3831/10/917 3832/10/918 3826/10/912
f 3831/10/917 3826/10/912 3825/10/911
f 3833/10/919 3834/10/920 3828/10/914
f 3833/10/919 3828/10/914 3827/10/913
f 3835/10/921 3836/10/922 3830/10/916
f 3835/10/921 3830/10/916 3829/10/915
f 3744/10/878 3743/10/877 3832/10/918
f 3744/10/878 3832/10/918 3831/10/917
f 3796/10/886 3795/10/885 3834/10/920
f 3796/10/886 3834/10/920 3833/10/919
f 3792/10/882 3791/10/881 3836/10/922
f 3792/10/882 3836/10/922 3835/10/921
f 3837/2/923 3838/2/924 3839/2/925
f 3837/2/923 3839/2/925 3840/2/926
f 3838/2/924 3841/2/927 3842/2/893
f 3838/2/924 3842/2/893 3839/2/925
f 3840/2/926 3839/2/925 3843/2/928
f 3840/2/926 3843/2/928 3844/2/929
f 3839/2/925 3842/2/893 3845/2/930
f 3839/2/925 3845/2/930 3843/2/928
f 3844/2/929 3843/2/928 3846/2/931
f 3844/2/929 3846/2/931 3847/2/932
f 3843/2/928 3845/2/930 3848/2/933
f 3843/2/928 3848/2/933 3846/2/931
f 3847/2/932 3846/2/931 3849/2/934
f 3847/2/932 3849/2/934 3850/2/935
f 3846/2/931 3848/2/933 3851/2/902
f 3846/2/931 3851/2/902 3849/2/934
f 3850/2/935 3849/2/934 3852/2/936
f 3850/2/935 3852/2/936 3853/2/937
f 3849/2/934 3851/2/902 3854/2/908
f 3849/2/934 3854/2/908 3852/2/936
f 3853/2/937 3852/2/936 3855/2/938
f 3853/2/937 3855/2/938 3856/2/939
f 3852/2/936 3854/2/908 3857/2/914
f 3852/2/936 3857/2/914 3855/2/938
f 3856/2/939 3855/2/938 3858/2/940
f 3856/2/939 3858/2/940 3859/2/941
f 3855/2/938 3857/2/914 3860/2/920
f 3855/2/938 3860/2/920 3858/2/940
f 3859/2/941 3858/2/940 3861/2/942
f 3859/2/941 3861/2/942 3862/2/943
f 3858/2/940 3860/2/920 3863/2/944
f 3858/2/940 3863/2/944 3861/2/942
f 3862/2/943 3861/2/942 3864/2/945
f 3862/2/943 3864/2/945 3865/2/946
f 3861/2/942 3863/2/944 3866/2/947
f 3861/2/942 3866/2/947 3864/2/945
f 3865/2/946 3864/2/945 3867/2/948
f 3865/2/946 3867/2/948 3868/2/949
f 3864/2/945 3866/2/947 3869/2/950
f 3864/2/945 3869/2/950 3867/2/948
f 3868/2/949 3867/2/948 3870/2/951
f 3868/2/949 3870/2/951 3871/2/952
f 3867/2/948 3869/2/950 3872/2/900
f 3867/2/948 3872/2/900 3870/2/951
f 3871/2/952 3870/2/951 3873/2/953
f 3871/2/952 3873/2/953 3874/2/954
f 3870/2/951 3872/2/900 3875/2/955
f 3870/2/951 3875/2/955 3873/2/953
f 3874/2/954 3873/2/953 3876/2/956
f 3874/2/954 3876/2/956 3877/2/957
f 3873/2/953 3875/2/955 3878/2/958
f 3873/2/953 3878/2/958 3876/2/956
f 3877/2/957 3876/2/956 3879/2/959
f 3877/2/957 3879/2/959 3880/2/960
f 3876/2/956 3878/2/958 3881/2/961
f 3876/2/956 3881/2/961 3879/2/959
f 3880/2/960 3879/2/959 3882/2/962
f 3880/2/960 3882/2/962 3883/2/963
f 3879/2/959 3881/2/961 3884/2/964
f 3879/2/959 3884/2/964 3882/2/962
f 3883/2/963 3882/2/962 3885/2/965
f 3883/2/963 3885/2/965 3886/2/966
f 3882/2/962 3884/2/964 3887/2/967
f 3882/2/962 3887/2/967 3885/2/965
f 3886/2/966 3885/2/965 3888/2/968
f 3886/2/966 3888/2/968 3889/2/969
f 3885/2/965 3887/2/967 3890/2/888
f 3885/2/965 3890/2/888 3888/2/968
f 3889/2/969 3888/2/968 3891/2/970
f 3889/2/969 3891/2/970 3892/2/971
f 3888/2/968 3890/2/888 3893/2/898
f 3888/2/968 3893/2/898 3891/2/970
f 3892/2/971 3891/2/970 3894/2/972
f 3892/2/971 3894/2/972 3895/2/973
f 3891/2/970 3893/2/898 3896/2/904
f 3891/2/970 3896/2/904 3894/2/972
f 3895/2/973 3894/2/972 3897/2/974
f 3895/2/973 3897/2/974 3898/2/975
f 3894/2/972 3896/2/904 3899/2/976
f 3894/2/972 3899/2/976 3897/2/974
f 3898/2/975 3897/2/974 3900/2/977
f 3898/2/975 3900/2/977 3901/2/978
f 3897/2/974 3899/2/976 3902/2/979
f 3897/2/974 3902/2/979 3900/2/977
f 3901/2/978 3900/2/977 3903/2/980
f 3901/2/978 3903/2/980 3904/2/981
f 3900/2/977 3902/2/979 3905/2/982
f 3900/2/977 3905/2/982 3903/2/980
f 3904/2/981 3903/2/980 3906/2/983
f 3904/2/981 3906/2/983 3907/2/984
f 3903/2/980 3905/2/982 3908/2/881
f 3903/2/980 3908/2/881 3906/2/983
f 3907/2/984 3906/2/983 3838/2/924
f 3907/2/984 3838/2/924 3837/2/923
f 3906/2/983 3908/2/881 3841/2/927
f 3906/2/983 3841/2/927 3838/2/924
f 3808/10/894 3807/10/893 3790/10/880
f 3808/10/894 3790/10/880 3789/10/879
f 3909/2/985 3837/2/923 3840/2/926
f 3909/2/985 3840/2/926 3910/2/986
f 3910/2/986 3840/2/926 3844/2/929
f 3910/2/986 3844/2/929 3911/2/987
f 3911/2/987 3844/2/929 3847/2/932
f 3911/2/987 3847/2/932 3912/2/988
f 3912/2/988 3847/2/932 3850/2/935
f 3912/2/988 3850/2/935 3913/2/989
f 3913/2/989 3850/2/935 3853/2/937
f 3913/2/989 3853/2/937 3914/2/990
f 3914/2/990 3853/2/937 3856/2/939
f 3914/2/990 3856/2/939 3915/2/991
f 3915/2/991 3856/2/939 3859/2/941
f 3915/2/991 3859/2/941 3916/2/992
f 3916/2/992 3859/2/941 3862/2/943
f 3916/2/992 3862/2/943 3917/2/993
f 3917/2/993 3862/2/943 3865/2/946
f 3917/2/993 3865/2/946 3918/2/994
f 3918/2/994 3865/2/946 3868/2/949
f 3918/2/994 3868/2/949 3919/2/995
f 3919/2/995 3868/2/949 3871/2/952
f 3919/2/995 3871/2/952 3920/2/996
f 3920/2/996 3871/2/952 3874/2/954
f 3920/2/996 3874/2/954 3921/2/997
f 3921/2/997 3874/2/954 3877/2/957
f 3921/2/997 3877/2/957 3922/2/998
f 3922/2/998 3877/2/957 3880/2/960
f 3922/2/998 3880/2/960 3923/2/999
f 3923/2/999 3880/2/960 3883/2/963
f 3923/2/999 3883/2/963 3924/2/1000
f 3924/2/1000 3883/2/963 3886/2/966
f 3924/2/1000 3886/2/966 3925/2/1001
f 3925/2/1001 3886/2/966 3889/2/969
f 3925/2/1001 3889/2/969 3926/2/1002
f 3926/2/1002 3889/2/969 3892/2/971
f 3926/2/1002 3892/2/971 3927/2/1003
f 3927/2/1003 3892/2/971 3895/2/973
f 3927/2/1003 3895/2/973 3928/2/1004
f 3928/2/1004 3895/2/973 3898/2/975
f 3928/2/1004 3898/2/975 3929/2/1005
f 3929/2/1005 3898/2/975 3901/2/978
f 3929/2/1005 3901/2/978 3930/2/1006
f 3930/2/1006 3901/2/978 3904/2/981
f 3930/2/1006 3904/2/981 3931/2/1007
f 3931/2/1007 3904/2/981 3907/2/984
f 3931/2/1007 3907/2/984 3932/2/1008
f 3932/2/1008 3907/2/984 3837/2/923
f 3932/2/1008 3837/2/923 3909/2/985
f 3933/2/18 3934/2/18 3935/2/724
f 3933/2/18 3935/2/724 3936/2/724
f 3937/2/725 3938/2/725 3939/2/573
f 3937/2/725 3939/2/573 3940/2/573
f 3941/2/726 3942/2/726 3798/2/723
f 3941/2/726 3798/2/723 3797/2/723
f 3943/2/727 3944/2/727 3934/2/18
f 3943/2/727 3934/2/18 3933/2/18
f 3945/2/40 3946/2/40 3938/2/725
f 3945/2/40 3938/2/725 3937/2/725
f 3947/2/728 3948/2/728 3942/2/726
f 3947/2/728 3942/2/726 3941/2/726
f 3949/2/729 3950/2/729 3944/2/727
f 3949/2/729 3944/2/727 3943/2/727
f 3951/2/730 3952/2/730 3946/2/40
f 3951/2/730 3946/2/40 3945/2/40
f 3953/2/731 3954/2/731 3948/2/728
f 3953/2/731 3948/2/728 3947/2/728
f 3955/2/732 3956/2/732 3950/2/729
f 3955/2/732 3950/2/729 3949/2/729
f 3957/2/733 3958/2/733 3952/2/730
f 3957/2/733 3952/2/730 3951/2/730
f 3959/2/734 3960/2/734 3954/2/731
f 3959/2/734 3954/2/731 3953/2/731
f 3961/2/735 3962/2/735 3963/2/7
f 3961/2/735 3963/2/7 3964/2/7
f 3965/2/736 3966/2/736 3956/2/732
f 3965/2/736 3956/2/732 3955/2/732
f 3967/2/737 3968/2/737 3958/2/733
f 3967/2/737 3958/2/733 3957/2/733
f 3964/2/7 3963/2/7 3960/2/734
f 3964/2/7 3960/2/734 3959/2/734
f 3969/2/738 3970/2/738 3962/2/735
f 3969/2/738 3962/2/735 3961/2/735
f 3971/2/739 3972/2/739 3966/2/736
f 3971/2/739 3966/2/736 3965/2/736
f 3973/2/740 3974/2/740 3968/2/737
f 3973/2/740 3968/2/737 3967/2/737
f 3975/2/574 3976/2/574 3970/2/738
f 3975/2/574 3970/2/738 3969/2/738
f 3800/2/41 3799/2/41 3972/2/739
f 3800/2/41 3972/2/739 3971/2/739
f 3936/2/724 3935/2/724 3974/2/740
f 3936/2/724 3974/2/740 3973/2/740
f 3940/2/573 3939/2/573 3976/2/574
f 3940/2/573 3976/2/574 3975/2/574
s 0
f 3977/11/41 3978/11/41 3979/11/41
f 3977/11/41 3979/11/41 3980/11/41
s 1
f 3981/2/123 3982/2/123 3983/2/122
f 3981/2/123 3983/2/122 3984/2/122
f 3984/2/122 3983/2/122 3985/2/134
f 3984/2/122 3985/2/134 3986/2/134
f 3986/2/134 3985/2/134 3987/2/149
f 3986/2/134 3987/2/149 3988/2/149
s 0
f 3989/11/40 3990/11/40 3991/11/40
f 3989/11/40 3991/11/40 3992/11/40
f 3993/11/18 3994/11/18 3995/11/18
f 3993/11/18 3995/11/18 3996/11/18
f 3997/11/29 3998/11/29 3999/11/29
f 3997/11/29 3999/11/29 4000/11/29
f 4001/11/41 4002/11/41 4003/11/41
f 4001/11/41 4003/11/41 4004/11/41
f 4005/11/40 4006/11/40 4007/11/40
f 4005/11/40 4007/11/40 4008/11/40
f 3990/11/40 4009/11/40 4010/11/40
f 3990/11/40 4010/11/40 3991/11/40
f 4009/11/40 4005/11/40 4008/11/40
f 4009/11/40 4008/11/40 4010/11/40
f 3978/11/41 4011/11/41 4012/11/41
f 3978/11/41 4012/11/41 3979/11/41
f 4011/11/41 4001/11/41 4004/11/41
f 4011/11/41 4004/11/41 4012/11/41
f 4013/11/29 4014/11/29 4015/11/29
f 4013/11/29 4015/11/29 4016/11/29
f 4014/11/29 3997/11/29 4000/11/29
f 4014/11/29 4000/11/29 4015/11/29
f 115/2/7 114/2/7 4017/2/7
f 115/2/7 4017/2/7 4018/2/7
f 4019/2/7 4020/2/7 4021/2/7
f 4019/2/7 4021/2/7 4022/2/7
f 4023/2/18 4024/2/18 4025/2/18
f 4023/2/18 4025/2/18 4026/2/18
f 4017/2/7 4027/2/7 4028/2/7
f 4017/2/7 4028/2/7 4029/2/7
s 1
f 4030/2/134 4031/2/134 4032/2/149
f 4030/2/134 4032/2/149 4033/2/149
f 4034/2/122 4035/2/122 4031/2/134
f 4034/2/122 4031/2/134 4030/2/134
f 4036/2/123 4037/2/123 4035/2/122
f 4036/2/123 4035/2/122 4034/2/122
s 0
f 4038/2/18 4039/2/18 4040/2/18
f 4038/2/18 4040/2/18 4041/2/18
f 4042/2/29 4043/2/29 4044/2/29
f 4042/2/29 4044/2/29 4045/2/29
f 4005/11/40 4009/11/40 4046/11/40
f 4005/11/40 4046/11/40 4047/11/40
f 4023/2/18 4048/2/18 4049/2/18
f 4023/2/18 4049/2/18 4024/2/18
f 4050/2/7 4051/2/7 4052/2/7
f 4050/2/7 4052/2/7 4053/2/7
f 4054/2/7 4051/2/7 4050/2/7
f 4054/2/7 4050/2/7 4055/2/7
f 4048/2/18 4038/2/18 4041/2/18
f 4048/2/18 4041/2/18 4049/2/18
f 4044/2/29 4043/2/29 4056/2/29
f 4044/2/29 4056/2/29 4057/2/29
f 4020/2/7 4054/2/7 4055/2/7
f 4020/2/7 4055/2/7 4021/2/7
f 4058/2/29 4059/2/29 4060/2/29
f 4058/2/29 4060/2/29 4061/2/29
s 1
f 125/2/31 126/2/30 135/2/30
f 125/2/31 135/2/30 137/2/32
s 0
f 151/2/40 153/2/40 4062/2/40
f 151/2/40 4062/2/40 4063/2/40
f 4064/2/40 4065/2/40 4066/2/40
f 4064/2/40 4066/2/40 4067/2/40
f 4068/2/30 4069/2/30 4070/2/30
f 4068/2/30 4070/2/30 4071/2/30
s 1
f 4072/2/18 4073/2/18 4074/2/1009
f 4072/2/18 4074/2/1009 4075/2/1010
f 149/2/34 150/2/29 119/2/29
f 149/2/34 119/2/29 121/2/29
f 137/2/32 141/2/32 4076/2/1011
f 137/2/32 4076/2/1011 4077/2/1011
s 0
f 129/2/29 4078/2/29 4079/2/29
f 129/2/29 4079/2/29 4080/2/29
s 1
f 133/2/31 125/2/31 4081/2/1012
f 133/2/31 4081/2/1012 4082/2/1012
s 0
f 4083/2/29 121/2/29 4084/2/29
f 4083/2/29 4084/2/29 4085/2/29
s 1
f 4086/2/7 4087/2/7 4088/2/1013
f 4086/2/7 4088/2/1013 4089/2/1014
f 4090/2/1015 4091/2/1016 4087/2/7
f 4090/2/1015 4087/2/7 4086/2/7
f 4092/2/1017 4093/2/1018 4073/2/18
f 4092/2/1017 4073/2/18 4072/2/18
s 0
f 4094/2/18 4095/2/18 4096/2/18
f 4094/2/18 4096/2/18 4097/2/18
f 4098/2/41 4099/2/41 4100/2/41
f 4098/2/41 4100/2/41 4101/2/41
f 4002/11/41 4102/11/41 4103/11/41
f 4002/11/41 4103/11/41 4003/11/41
f 4006/11/40 4104/11/40 4105/11/40
f 4006/11/40 4105/11/40 4007/11/40
f 4106/11/7 4107/11/7 4108/11/7
f 4106/11/7 4108/11/7 4109/11/7
s 1
f 133/2/31 134/2/30 123/2/30
f 133/2/31 123/2/30 125/2/31
f 4110/2/1019 4111/2/1020 4112/2/1021
f 4110/2/1019 4112/2/1021 4113/2/1022
f 4114/2/1023 4115/2/1024 4116/2/1024
f 4114/2/1023 4116/2/1024 4117/2/1023
f 145/2/33 146/2/29 147/2/29
f 145/2/33 147/2/29 149/2/34
f 141/2/32 142/2/30 131/2/30
f 141/2/32 131/2/30 133/2/31
f 4118/2/1025 4119/2/1026 4120/2/1026
f 4118/2/1025 4120/2/1026 4121/2/1025
f 4122/2/1027 4123/2/1028 4124/2/1028
f 4122/2/1027 4124/2/1028 4125/2/1027
s 0
f 129/2/29 130/2/29 143/2/29
s 1
f 129/2/29 143/2/29 145/2/33
f 137/2/32 138/2/30 139/2/30
f 137/2/32 139/2/30 141/2/32
f 4126/2/1021 4127/2/1020 4128/2/1029
f 4126/2/1021 4128/2/1029 4129/2/1029
f 4130/2/1030 4131/2/1030 4132/2/1023
f 4130/2/1030 4132/2/1023 4133/2/1023
f 4122/2/1027 4125/2/1027 4134/2/1031
f 4122/2/1027 4134/2/1031 4135/2/1031
f 4136/2/1032 4137/2/1032 4116/2/1024
f 4136/2/1032 4116/2/1024 4115/2/1024
f 4118/2/1025 4121/2/1025 4138/2/1033
f 4118/2/1025 4138/2/1033 4139/2/1033
f 4140/2/1034 4141/2/1035 4124/2/1028
f 4140/2/1034 4124/2/1028 4123/2/1028
f 4110/2/1019 4113/2/1022 4142/2/1036
f 4110/2/1019 4142/2/1036 4143/2/1036
f 4144/2/1037 4145/2/1037 4120/2/1026
f 4144/2/1037 4120/2/1026 4119/2/1026
s 0
f 121/2/29 122/2/29 127/2/29
f 121/2/29 127/2/29 129/2/29
f 4146/12/1038 4147/12/1038 4148/12/1038
f 4146/12/1038 4148/12/1038 4149/12/1038
f 4150/12/1039 4151/12/1039 4152/12/1039
f 4150/12/1039 4152/12/1039 4153/12/1039
f 4154/12/1040 4155/12/1040 4156/12/1040
f 4154/12/1040 4156/12/1040 4157/12/1040
f 4158/12/1041 4159/12/1041 4160/12/1041
f 4158/12/1041 4160/12/1041 4161/12/1041
f 4162/12/1042 4163/12/1042 4164/12/1042
f 4162/12/1042 4164/12/1042 4165/12/1042
f 4166/12/1043 4167/12/1043 4168/12/1043
f 4166/12/1043 4168/12/1043 4169/12/1043
f 4170/12/1044 4171/12/1044 4172/12/1044
f 4170/12/1044 4172/12/1044 4173/12/1044
f 4174/12/1045 4175/12/1045 4176/12/1045
f 4174/12/1045 4176/12/1045 4177/12/1045
f 4178/12/1046 4179/12/1046 4180/12/1046
f 4178/12/1046 4180/12/1046 4181/12/1046
f 4182/12/1047 4183/12/1047 4184/12/1047
f 4182/12/1047 4184/12/1047 4185/12/1047
f 4186/12/1048 4187/12/1048 4188/12/1048
f 4186/12/1048 4188/12/1048 4189/12/1048
f 4190/12/1049 4191/12/1049 4192/12/1049
f 4190/12/1049 4192/12/1049 4193/12/1049
f 4194/12/1050 4195/12/1050 4196/12/1050
f 4194/12/1050 4196/12/1050 4197/12/1050
f 4198/12/1051 4199/12/1051 4200/12/1051
f 4198/12/1051 4200/12/1051 4201/12/1051
f 4202/12/1052 4203/12/1052 4204/12/1052
f 4202/12/1052 4204/12/1052 4205/12/1052
s 1
f 4206/12/1053 4207/12/1053 4208/12/1054
f 4206/12/1053 4208/12/1054 4209/12/1055
f 4210/2/1037 4211/2/1037 4212/2/1026
f 4210/2/1037 4212/2/1026 4213/2/1026
s 0
f 4214/1/30 4215/1/30 4216/1/30
f 4214/1/30 4216/1/30 4217/1/30
s 1
f 4218/2/1019 4219/2/1022 4220/2/1036
f 4218/2/1019 4220/2/1036 4221/2/1036
s 0
f 4215/1/30 4222/1/30 4223/1/30
f 4215/1/30 4223/1/30 4216/1/30
s 1
f 4224/2/1034 4225/2/1034 4226/2/1056
f 4224/2/1034 4226/2/1056 4227/2/1028
s 0
f 4228/1/29 4229/1/29 4230/1/29
f 4228/1/29 4230/1/29 4231/1/29
s 1
f 4232/2/1025 4233/2/1025 4234/2/1033
f 4232/2/1025 4234/2/1033 4235/2/1033
s 0
f 4236/1/29 4237/1/29 4238/1/29
f 4236/1/29 4238/1/29 4239/1/29
s 1
f 4240/2/1032 4241/2/1032 4242/2/1024
f 4240/2/1032 4242/2/1024 4243/2/1024
s 0
f 4244/1/29 4245/1/29 4246/1/29
f 4244/1/29 4246/1/29 4247/1/29
s 1
f 4248/2/1027 4249/2/1027 4250/2/1031
f 4248/2/1027 4250/2/1031 4251/2/1031
s 0
f 4252/1/30 4253/1/30 4254/1/30
f 4252/1/30 4254/1/30 4255/1/30
s 1
f 4256/2/1030 4257/2/1030 4114/2/1023
f 4256/2/1030 4114/2/1023 4117/2/1023
s 0
f 4258/1/29 4259/1/29 4260/1/29
f 4258/1/29 4260/1/29 4261/1/29
s 1
f 4112/2/1021 4111/2/1020 4262/2/1029
f 4112/2/1021 4262/2/1029 4263/2/1029
s 0
f 4264/1/30 4265/1/30 4266/1/30
f 4264/1/30 4266/1/30 4267/1/30
s 1
f 4248/2/1027 4227/2/1028 4226/2/1056
f 4248/2/1027 4226/2/1056 4249/2/1027
s 0
f 4268/1/29 4269/1/29 4270/1/29
f 4268/1/29 4270/1/29 4271/1/29
s 1
f 4232/2/1025 4213/2/1026 4212/2/1026
f 4232/2/1025 4212/2/1026 4233/2/1025
s 0
f 4272/1/30 4273/1/30 4274/1/30
f 4272/1/30 4274/1/30 4275/1/30
s 1
f 4132/2/1023 4243/2/1024 4242/2/1024
f 4132/2/1023 4242/2/1024 4133/2/1023
s 0
f 4229/1/29 4258/1/29 4261/1/29
f 4229/1/29 4261/1/29 4230/1/29
s 1
f 4218/2/1019 4127/2/1020 4126/2/1021
f 4218/2/1019 4126/2/1021 4219/2/1022
s 0
f 4276/1/30 4277/1/30 4278/1/30
f 4276/1/30 4278/1/30 4279/1/30
s 1
f 4280/1/1057 4281/1/1057 4282/1/1058
f 4280/1/1057 4282/1/1058 4283/1/1058
f 4284/1/1059 4285/1/1059 4286/1/1060
f 4284/1/1059 4286/1/1060 4287/1/1060
f 4288/1/1061 4289/1/1061 4290/1/1062
f 4288/1/1061 4290/1/1062 4291/1/1062
f 4292/1/1063 4293/1/1063 4294/1/1064
f 4292/1/1063 4294/1/1064 4295/1/1064
f 4296/1/1065 4297/1/1065 4298/1/1066
f 4296/1/1065 4298/1/1066 4299/1/1066
f 4300/1/1067 4301/1/1067 4302/1/1068
f 4300/1/1067 4302/1/1068 4303/1/1069
f 4304/1/1070 4305/1/1071 4306/1/1072
f 4304/1/1070 4306/1/1072 4307/1/1072
f 4308/1/1073 4309/1/1073 4310/1/1074
f 4308/1/1073 4310/1/1074 4311/1/1074
f 4300/1/1067 4291/1/1062 4290/1/1062
f 4300/1/1067 4290/1/1062 4301/1/1067
f 4292/1/1063 4283/1/1058 4282/1/1058
f 4292/1/1063 4282/1/1058 4293/1/1063
f 4306/1/1072 4299/1/1066 4298/1/1066
f 4306/1/1072 4298/1/1066 4307/1/1072
f 4284/1/1059 4309/1/1073 4308/1/1073
f 4284/1/1059 4308/1/1073 4285/1/1059
s 0
f 4253/1/30 4264/1/30 4267/1/30
f 4253/1/30 4267/1/30 4254/1/30
f 4312/1/29 4236/1/29 4239/1/29
f 4312/1/29 4239/1/29 4313/1/29
f 4237/1/29 4314/1/29 4315/1/29
f 4237/1/29 4315/1/29 4238/1/29
f 4245/1/29 4228/1/29 4231/1/29
f 4245/1/29 4231/1/29 4246/1/29
f 4277/1/30 4316/1/30 4317/1/30
f 4277/1/30 4317/1/30 4278/1/30
f 4265/1/30 4276/1/30 4279/1/30
f 4265/1/30 4279/1/30 4266/1/30
f 4316/1/30 4214/1/30 4217/1/30
f 4316/1/30 4217/1/30 4317/1/30
f 4222/1/30 4272/1/30 4275/1/30
f 4222/1/30 4275/1/30 4223/1/30
f 4314/1/29 4268/1/29 4271/1/29
f 4314/1/29 4271/1/29 4315/1/29
f 4269/1/29 4244/1/29 4247/1/29
f 4269/1/29 4247/1/29 4270/1/29
f 4273/1/30 4252/1/30 4255/1/30
f 4273/1/30 4255/1/30 4274/1/30
f 4259/1/29 4312/1/29 4313/1/29
f 4259/1/29 4313/1/29 4260/1/29
f 4318/2/18 4319/2/18 4320/2/18
f 4318/2/18 4320/2/18 4321/2/18
f 4322/2/30 4323/2/30 4324/2/30
f 4322/2/30 4324/2/30 4325/2/30
f 4326/2/40 4063/2/40 4062/2/40
f 4326/2/40 4062/2/40 4065/2/40
s 1
f 4093/2/1018 4092/2/1017 4327/2/1075
f 4093/2/1018 4327/2/1075 4328/2/1075
s 0
f 121/2/29 129/2/29 4080/2/29
f 121/2/29 4080/2/29 4084/2/29
f 4018/2/7 4017/2/7 4029/2/7
f 4018/2/7 4029/2/7 4329/2/7
s 1
f 4091/2/1016 4090/2/1015 4330/2/1076
f 4091/2/1016 4330/2/1076 4331/2/1076
s 0
f 4332/2/40 4333/2/40 4334/2/40
f 4332/2/40 4334/2/40 4335/2/40
s 1
f 4336/2/1077 4337/2/1078 4338/2/1077
f 4336/2/1077 4338/2/1077 4339/2/1078
s 0
f 4340/2/40 4341/2/40 4334/2/40
f 4340/2/40 4334/2/40 4333/2/40
f 4342/2/1079 4343/2/1079 4344/2/1079
f 4342/2/1079 4344/2/1079 4345/2/1079
f 4346/2/1080 4347/2/1080 4348/2/1080
f 4346/2/1080 4348/2/1080 4349/2/1080
s 1
f 4075/2/1010 4074/2/1009 4350/2/1081
f 4075/2/1010 4350/2/1081 4351/2/1081
f 4088/2/1013 4352/2/1082 4353/2/1082
f 4088/2/1013 4353/2/1082 4089/2/1014
s 0
f 3977/11/41 3980/11/41 4354/11/41
f 3977/11/41 4354/11/41 4355/11/41
s 1
f 4356/2/116 4357/2/117 4358/2/117
f 4356/2/116 4358/2/117 4359/2/116
f 4357/2/117 4360/2/136 4361/2/136
f 4357/2/117 4361/2/136 4358/2/117
f 4360/2/136 4362/2/135 4363/2/135
f 4360/2/136 4363/2/135 4361/2/136
s 0
f 3989/11/40 3992/11/40 4364/11/40
f 3989/11/40 4364/11/40 4365/11/40
f 3993/11/18 3996/11/18 4366/11/18
f 3993/11/18 4366/11/18 4367/11/18
f 4368/11/30 4369/11/30 4370/11/30
f 4368/11/30 4370/11/30 4371/11/30
f 4372/11/41 4373/11/41 4374/11/41
f 4372/11/41 4374/11/41 4375/11/41
f 4376/11/40 4377/11/40 4378/11/40
f 4376/11/40 4378/11/40 4379/11/40
f 4365/11/40 4364/11/40 4380/11/40
f 4365/11/40 4380/11/40 4381/11/40
f 4381/11/40 4380/11/40 4377/11/40
f 4381/11/40 4377/11/40 4376/11/40
f 4355/11/41 4354/11/41 4382/11/41
f 4355/11/41 4382/11/41 4383/11/41
f 4383/11/41 4382/11/41 4373/11/41
f 4383/11/41 4373/11/41 4372/11/41
f 4384/11/30 4385/11/30 4386/11/30
f 4384/11/30 4386/11/30 4387/11/30
f 4387/11/30 4386/11/30 4369/11/30
f 4387/11/30 4369/11/30 4368/11/30
f 115/2/7 4018/2/7 4388/2/7
f 115/2/7 4388/2/7 161/2/7
f 4389/2/7 4390/2/7 4391/2/7
f 4389/2/7 4391/2/7 4392/2/7
f 4393/2/18 4394/2/18 4395/2/18
f 4393/2/18 4395/2/18 4396/2/18
f 4388/2/7 4397/2/7 4398/2/7
f 4388/2/7 4398/2/7 4399/2/7
s 1
f 4400/2/136 4401/2/135 4402/2/135
f 4400/2/136 4402/2/135 4403/2/136
f 4404/2/117 4400/2/136 4403/2/136
f 4404/2/117 4403/2/136 4405/2/117
f 4406/2/116 4404/2/117 4405/2/117
f 4406/2/116 4405/2/117 4407/2/116
s 0
f 4408/2/18 4409/2/18 4410/2/18
f 4408/2/18 4410/2/18 4411/2/18
f 4412/2/30 4413/2/30 4414/2/30
f 4412/2/30 4414/2/30 4415/2/30
f 4376/11/40 4416/11/40 4417/11/40
f 4376/11/40 4417/11/40 4381/11/40
f 4393/2/18 4396/2/18 4418/2/18
f 4393/2/18 4418/2/18 4419/2/18
f 4420/2/7 4421/2/7 4422/2/7
f 4420/2/7 4422/2/7 4423/2/7
f 4424/2/7 4425/2/7 4420/2/7
f 4424/2/7 4420/2/7 4423/2/7
f 4419/2/18 4418/2/18 4409/2/18
f 4419/2/18 4409/2/18 4408/2/18
f 4414/2/30 4426/2/30 4427/2/30
f 4414/2/30 4427/2/30 4415/2/30
f 4392/2/7 4391/2/7 4425/2/7
f 4392/2/7 4425/2/7 4424/2/7
f 4428/2/30 4429/2/30 4430/2/30
f 4428/2/30 4430/2/30 4431/2/30
s 1
f 169/2/36 181/2/37 180/2/29
f 169/2/36 180/2/29 171/2/29
s 0
f 196/2/40 4432/2/40 4433/2/40
f 196/2/1083 4433/2/1083 197/2/1083
f 4434/2/40 4067/2/40 4066/2/40
f 4434/2/40 4066/2/40 4435/2/40
s 1
f 4072/2/18 4075/2/1010 4436/2/1009
f 4072/2/18 4436/2/1009 4437/2/18
f 193/2/39 165/2/30 164/2/30
f 193/2/39 164/2/30 195/2/30
f 181/2/37 4438/2/1084 4439/2/1084
f 181/2/37 4439/2/1084 185/2/37
s 0
f 173/2/30 4440/2/30 4441/2/30
f 173/2/30 4441/2/30 4442/2/30
s 1
f 177/2/36 4443/2/1085 4444/2/1085
f 177/2/36 4444/2/1085 169/2/36
s 0
f 4445/2/30 4446/2/30 4447/2/30
f 4445/2/30 4447/2/30 165/2/30
s 1
f 4448/2/7 4449/2/1014 4088/2/1013
f 4448/2/7 4088/2/1013 4087/2/7
f 4450/2/1015 4448/2/7 4087/2/7
f 4450/2/1015 4087/2/7 4091/2/1016
f 4092/2/1017 4072/2/18 4437/2/18
f 4092/2/1017 4437/2/18 4451/2/1018
s 0
f 4452/2/18 4453/2/18 4096/2/18
f 4452/2/18 4096/2/18 4095/2/18
f 4454/2/41 4455/2/41 4100/2/41
f 4454/2/41 4100/2/41 4099/2/41
f 4375/11/41 4374/11/41 4103/11/41
f 4375/11/41 4103/11/41 4102/11/41
f 4379/11/40 4378/11/40 4105/11/40
f 4379/11/40 4105/11/40 4104/11/40
f 4456/11/7 4457/11/7 4108/11/7
f 4456/11/7 4108/11/7 4107/11/7
s 1
f 177/2/36 169/2/36 168/2/29
f 177/2/36 168/2/29 179/2/29
f 4458/2/1022 4459/2/1022 4460/2/1020
f 4458/2/1022 4460/2/1020 4461/2/1020
f 4462/2/1023 4463/2/1023 4464/2/1024
f 4462/2/1023 4464/2/1024 4465/2/1024
f 189/2/38 193/2/39 192/2/30
f 189/2/38 192/2/30 191/2/30
f 185/2/37 177/2/36 176/2/29
f 185/2/37 176/2/29 187/2/29
f 4466/2/1025 4467/2/1025 4468/2/1026
f 4466/2/1025 4468/2/1026 4469/2/1026
f 4470/2/1086 4471/2/1027 4472/2/1056
f 4470/2/1086 4472/2/1056 4473/2/1056
f 173/2/30 189/2/38 188/2/30
s 0
f 173/2/30 188/2/30 175/2/30
s 1
f 181/2/37 185/2/37 184/2/29
f 181/2/37 184/2/29 183/2/29
f 4474/2/1020 4475/2/1087 4476/2/1087
f 4474/2/1020 4476/2/1087 4477/2/1020
f 4478/2/1030 4479/2/1023 4480/2/1023
f 4478/2/1030 4480/2/1023 4481/2/1030
f 4470/2/1086 4482/2/1031 4483/2/1031
f 4470/2/1086 4483/2/1031 4471/2/1027
f 4484/2/1032 4465/2/1024 4464/2/1024
f 4484/2/1032 4464/2/1024 4485/2/1032
f 4466/2/1025 4486/2/1033 4487/2/1033
f 4466/2/1025 4487/2/1033 4467/2/1025
f 4488/2/1035 4473/2/1056 4472/2/1056
f 4488/2/1035 4472/2/1056 4489/2/1034
f 4458/2/1022 4490/2/1088 4491/2/1088
f 4458/2/1022 4491/2/1088 4459/2/1022
f 4492/2/1037 4469/2/1026 4468/2/1026
f 4492/2/1037 4468/2/1026 4493/2/1037
s 0
f 165/2/30 173/2/30 172/2/30
f 165/2/30 172/2/30 167/2/30
f 4494/12/1089 4495/12/1089 4496/12/1089
f 4494/12/1090 4496/12/1090 4497/12/1090
f 4498/12/1091 4499/12/1091 4500/12/1091
f 4498/12/1091 4500/12/1091 4501/12/1091
f 4502/12/1092 4503/12/1092 4504/12/1092
f 4502/12/1092 4504/12/1092 4505/12/1092
f 4506/12/1093 4507/12/1093 4508/12/1093
f 4506/12/1093 4508/12/1093 4509/12/1093
f 4510/12/1094 4511/12/1094 4512/12/1094
f 4510/12/1094 4512/12/1094 4513/12/1094
f 4514/12/1095 4515/12/1095 4516/12/1095
f 4514/12/1095 4516/12/1095 4517/12/1095
f 4518/12/1096 4519/12/1096 4520/12/1096
f 4518/12/1096 4520/12/1096 4521/12/1096
f 4522/12/1097 4523/12/1097 4524/12/1097
f 4522/12/1097 4524/12/1097 4525/12/1097
f 4526/12/1098 4527/12/1098 4528/12/1098
f 4526/12/1098 4528/12/1098 4529/12/1098
f 4530/12/1099 4531/12/1099 4532/12/1099
f 4530/12/1099 4532/12/1099 4533/12/1099
f 4534/12/1100 4535/12/1100 4536/12/1100
f 4534/12/1100 4536/12/1100 4537/12/1100
f 4538/12/1101 4539/12/1101 4540/12/1101
f 4538/12/1101 4540/12/1101 4541/12/1101
f 4542/12/1102 4543/12/1102 4544/12/1102
f 4542/12/1102 4544/12/1102 4545/12/1102
f 4546/12/1103 4547/12/1103 4548/12/1103
f 4546/12/1103 4548/12/1103 4549/12/1103
f 4550/12/1104 4551/12/1104 4552/12/1104
f 4550/12/1104 4552/12/1104 4553/12/1104
s 1
f 4554/12/1105 4555/12/1106 4556/12/1107
f 4554/12/1105 4556/12/1107 4557/12/1105
f 4558/2/1037 4559/2/1026 4560/2/1026
f 4558/2/1037 4560/2/1026 4561/2/1037
s 0
f 4562/1/29 4563/1/29 4564/1/29
f 4562/1/29 4564/1/29 4565/1/29
s 1
f 4566/2/1022 4567/2/1088 4568/2/1088
f 4566/2/1022 4568/2/1088 4569/2/1022
s 0
f 4565/1/29 4564/1/29 4570/1/29
f 4565/1/29 4570/1/29 4571/1/29
s 1
f 4572/2/1035 4573/2/1056 4574/2/1056
f 4572/2/1035 4574/2/1056 4575/2/1034
s 0
f 4576/1/30 4577/1/30 4578/1/30
f 4576/1/30 4578/1/30 4579/1/30
s 1
f 4580/2/1025 4581/2/1033 4582/2/1033
f 4580/2/1025 4582/2/1033 4583/2/1025
s 0
f 4584/1/30 4585/1/30 4586/1/30
f 4584/1/30 4586/1/30 4587/1/30
s 1
f 4588/2/1032 4589/2/1024 4590/2/1024
f 4588/2/1032 4590/2/1024 4591/2/1032
s 0
f 4592/1/30 4593/1/30 4594/1/30
f 4592/1/30 4594/1/30 4595/1/30
s 1
f 4596/2/1086 4597/2/1031 4598/2/1108
f 4596/2/1086 4598/2/1108 4599/2/1027
s 0
f 4600/1/29 4601/1/29 4602/1/29
f 4600/1/29 4602/1/29 4603/1/29
s 1
f 4604/2/1030 4463/2/1023 4462/2/1023
f 4604/2/1030 4462/2/1023 4605/2/1030
s 0
f 4606/1/30 4607/1/30 4608/1/30
f 4606/1/30 4608/1/30 4609/1/30
s 1
f 4460/2/1020 4610/2/1029 4611/2/1087
f 4460/2/1020 4611/2/1087 4461/2/1020
s 0
f 4612/1/29 4613/1/29 4614/1/29
f 4612/1/29 4614/1/29 4615/1/29
s 1
f 4596/2/1086 4599/2/1027 4574/2/1056
f 4596/2/1086 4574/2/1056 4573/2/1056
s 0
f 4616/1/30 4617/1/30 4618/1/30
f 4616/1/30 4618/1/30 4619/1/30
s 1
f 4580/2/1025 4583/2/1025 4560/2/1026
f 4580/2/1025 4560/2/1026 4559/2/1026
s 0
f 4620/1/29 4621/1/29 4622/1/29
f 4620/1/29 4622/1/29 4623/1/29
s 1
f 4480/2/1023 4479/2/1023 4590/2/1024
f 4480/2/1023 4590/2/1024 4589/2/1024
s 0
f 4579/1/30 4578/1/30 4607/1/30
f 4579/1/30 4607/1/30 4606/1/30
s 1
f 4566/2/1022 4569/2/1022 4474/2/1020
f 4566/2/1022 4474/2/1020 4477/2/1020
s 0
f 4624/1/29 4625/1/29 4626/1/29
f 4624/1/29 4626/1/29 4627/1/29
s 1
f 4628/1/1057 4629/1/1058 4630/1/1058
f 4628/1/1057 4630/1/1058 4631/1/1057
f 4632/1/1059 4633/1/1060 4634/1/1060
f 4632/1/1059 4634/1/1060 4635/1/1059
f 4636/1/1061 4637/1/1062 4638/1/1062
f 4636/1/1061 4638/1/1062 4639/1/1109
f 4640/1/1063 4641/1/1064 4642/1/1064
f 4640/1/1063 4642/1/1064 4643/1/1063
f 4644/1/1065 4645/1/1066 4646/1/1066
f 4644/1/1065 4646/1/1066 4647/1/1065
f 4648/1/1067 4649/1/1069 4650/1/1068
f 4648/1/1067 4650/1/1068 4651/1/1067
f 4652/1/1070 4653/1/1072 4654/1/1072
f 4652/1/1070 4654/1/1072 4655/1/1070
f 4656/1/1073 4657/1/1074 4658/1/1074
f 4656/1/1073 4658/1/1074 4659/1/1073
f 4648/1/1067 4651/1/1067 4638/1/1062
f 4648/1/1067 4638/1/1062 4637/1/1062
f 4640/1/1063 4643/1/1063 4630/1/1058
f 4640/1/1063 4630/1/1058 4629/1/1058
f 4654/1/1072 4653/1/1072 4646/1/1066
f 4654/1/1072 4646/1/1066 4645/1/1066
f 4632/1/1059 4635/1/1059 4656/1/1073
f 4632/1/1059 4656/1/1073 4659/1/1073
s 0
f 4603/1/29 4602/1/29 4613/1/29
f 4603/1/29 4613/1/29 4612/1/29
f 4660/1/30 4661/1/30 4585/1/30
f 4660/1/30 4585/1/30 4584/1/30
f 4587/1/30 4586/1/30 4662/1/30
f 4587/1/30 4662/1/30 4663/1/30
f 4595/1/30 4594/1/30 4577/1/30
f 4595/1/30 4577/1/30 4576/1/30
f 4627/1/29 4626/1/29 4664/1/29
f 4627/1/29 4664/1/29 4665/1/29
f 4615/1/29 4614/1/29 4625/1/29
f 4615/1/29 4625/1/29 4624/1/29
f 4665/1/29 4664/1/29 4563/1/29
f 4665/1/29 4563/1/29 4562/1/29
f 4571/1/29 4570/1/29 4621/1/29
f 4571/1/29 4621/1/29 4620/1/29
f 4663/1/30 4662/1/30 4617/1/30
f 4663/1/30 4617/1/30 4616/1/30
f 4619/1/30 4618/1/30 4593/1/30
f 4619/1/30 4593/1/30 4592/1/30
f 4623/1/29 4622/1/29 4601/1/29
f 4623/1/29 4601/1/29 4600/1/29
f 4609/1/30 4608/1/30 4661/1/30
f 4609/1/30 4661/1/30 4660/1/30
f 4666/2/18 4667/2/18 4668/2/18
f 4666/2/18 4668/2/18 4669/2/18
f 4670/2/40 4435/2/40 4433/2/40
f 4670/2/40 4433/2/40 4432/2/40
s 1
f 4451/2/1018 4671/2/1075 4672/2/1075
f 4451/2/1018 4672/2/1075 4092/2/1017
s 0
f 165/2/30 4447/2/30 4440/2/30
f 165/2/30 4440/2/30 173/2/30
f 4018/2/7 4673/2/7 4397/2/7
f 4018/2/7 4397/2/7 4388/2/7
s 1
f 4091/2/1016 4674/2/1076 4675/2/1076
f 4091/2/1016 4675/2/1076 4450/2/1015
s 0
f 4676/2/40 4677/2/40 4678/2/40
f 4676/2/40 4678/2/40 4679/2/40
s 1
f 4680/2/1078 4681/2/1078 4682/2/1078
f 4680/2/1078 4682/2/1078 4683/2/1078
s 0
f 4684/2/40 4679/2/40 4678/2/40
f 4684/2/40 4678/2/40 4685/2/40
f 4686/2/1110 4687/2/1110 4688/2/1110
f 4686/2/1110 4688/2/1110 4689/2/1110
f 4690/2/1111 4691/2/1111 4692/2/1111
f 4690/2/1111 4692/2/1111 4693/2/1111
s 1
f 4075/2/1010 4351/2/1081 4694/2/1081
f 4075/2/1010 4694/2/1081 4436/2/1009
f 4088/2/1013 4449/2/1014 4695/2/1082
f 4088/2/1013 4695/2/1082 4352/2/1082
s 0
f 4696/1/1112 4697/1/1112 4698/1/1112
f 4696/1/1112 4698/1/1112 4699/1/1112
f 4700/1/1113 4701/1/1113 4702/1/1113
f 4700/1/1113 4702/1/1113 4703/1/1113
f 4704/1/1114 4705/1/1114 4706/1/1114
f 4704/1/1114 4706/1/1114 4707/1/1114
f 4708/1/82 4709/1/82 4710/1/82
f 4708/1/82 4710/1/82 4711/1/82
f 4712/1/1115 4713/1/1115 4714/1/1115
f 4712/1/1115 4714/1/1115 4715/1/1115
f 4716/1/180 4717/1/180 4718/1/180
f 4716/1/180 4718/1/180 4719/1/180
f 4720/1/123 4721/1/123 4722/1/123
f 4720/1/123 4722/1/123 4723/1/123
f 4724/1/1116 4725/1/1116 4726/1/1116
f 4724/1/1116 4726/1/1116 4727/1/1116
f 4728/1/149 4729/1/149 4730/1/149
f 4728/1/149 4730/1/149 4731/1/149
f 4732/1/18 4733/1/18 4734/1/18
f 4732/1/18 4734/1/18 4735/1/18
f 4736/1/7 4737/1/7 4738/1/7
f 4736/1/7 4738/1/7 4739/1/7
f 4740/1/40 4741/1/40 4742/1/40
f 4740/1/40 4742/1/40 4743/1/40
f 4744/1/40 4745/1/40 4746/1/40
f 4744/1/40 4746/1/40 4747/1/40
f 4748/1/7 4749/1/7 4750/1/7
f 4748/1/7 4750/1/7 4751/1/7
f 4752/1/1117 4753/1/1117 4754/1/1117
f 4752/1/1117 4754/1/1117 4755/1/1117
f 4756/1/18 4757/1/18 4758/1/18
f 4756/1/18 4758/1/18 4759/1/18
f 4760/1/1118 4761/1/1118 4762/1/1118
f 4760/1/1118 4762/1/1118 4763/1/1118
f 4764/1/1119 4765/1/1119 4766/1/1119
f 4764/1/1119 4766/1/1119 4767/1/1119
f 4768/1/1120 4769/1/1120 4770/1/1120
f 4768/1/1120 4770/1/1120 4771/1/1120
f 4772/1/67 4773/1/67 4774/1/67
f 4772/1/67 4774/1/67 4775/1/67
f 4776/1/1121 4777/1/1121 4778/1/1121
f 4776/1/1121 4778/1/1121 4779/1/1121
f 4780/1/175 4781/1/175 4782/1/175
f 4780/1/175 4782/1/175 4783/1/175
f 4784/1/116 4785/1/116 4786/1/116
f 4784/1/116 4786/1/116 4787/1/116
f 4788/1/1122 4789/1/1122 4790/1/1122
f 4788/1/1122 4790/1/1122 4791/1/1122
f 4792/1/135 4793/1/135 4794/1/135
f 4792/1/135 4794/1/135 4795/1/135
f 4796/1/18 4797/1/18 4798/1/18
f 4796/1/18 4798/1/18 4799/1/18
f 4800/1/7 4801/1/7 4802/1/7
f 4800/1/7 4802/1/7 4803/1/7
f 4804/1/40 4805/1/40 4806/1/40
f 4804/1/40 4806/1/40 4807/1/40
f 4808/1/40 4747/1/40 4746/1/40
f 4808/1/40 4746/1/40 4809/1/40
f 4810/1/7 4811/1/7 4812/1/7
f 4810/1/7 4812/1/7 4813/1/7
f 4814/1/1123 4815/1/1123 4816/1/1123
f 4814/1/1123 4816/1/1123 4817/1/1123
f 4818/1/18 4819/1/18 4820/1/18
f 4818/1/18 4820/1/18 4821/1/18
f 4822/1/41 4823/1/41 4824/1/41
f 4822/1/41 4824/1/41 4825/1/41
f 4826/1/41 4827/1/41 4828/1/41
f 4826/1/41 4828/1/41 4829/1/41
f 4830/1/41 4831/1/41 4832/1/41
f 4830/1/41 4832/1/41 4833/1/41
f 4834/1/40 4835/1/40 4836/1/40
f 4834/1/40 4836/1/40 4837/1/40
f 4838/1/40 4839/1/40 4840/1/40
f 4838/1/40 4840/1/40 4841/1/40
f 4842/1/40 4843/1/40 4844/1/40
f 4842/1/40 4844/1/40 4845/1/40
f 4846/1/29 4847/1/29 4848/1/29
f 4846/1/29 4848/1/29 4849/1/29
f 4850/1/18 4851/1/18 4852/1/18
f 4850/1/18 4852/1/18 4853/1/18
f 4854/1/7 4855/1/7 4856/1/7
f 4854/1/7 4856/1/7 4857/1/7
f 4858/1/41 4859/1/41 4860/1/41
f 4858/1/41 4860/1/41 4861/1/41
f 4862/1/41 4863/1/41 4864/1/41
f 4862/1/41 4864/1/41 4865/1/41
f 4866/1/41 4867/1/41 4868/1/41
f 4866/1/41 4868/1/41 4869/1/41
f 4870/1/40 4871/1/40 4872/1/40
f 4870/1/40 4872/1/40 4873/1/40
f 4874/1/40 4875/1/40 4876/1/40
f 4874/1/40 4876/1/40 4877/1/40
f 4878/1/40 4879/1/40 4880/1/40
f 4878/1/40 4880/1/40 4881/1/40
f 4882/1/30 4883/1/30 4884/1/30
f 4882/1/30 4884/1/30 4885/1/30
f 4886/1/18 4887/1/18 4888/1/18
f 4886/1/18 4888/1/18 4889/1/18
f 4890/1/7 4891/1/7 4892/1/7
f 4890/1/7 4892/1/7 4893/1/7
f 4894/1/40 4895/1/40 4896/1/40
f 4894/1/40 4896/1/40 4897/1/40
f 4898/1/30 4899/1/30 4900/1/30
f 4898/1/30 4900/1/30 4901/1/30
f 4902/1/41 4903/1/41 4904/1/41
f 4902/1/41 4904/1/41 4905/1/41
f 4906/1/29 4907/1/29 4908/1/29
f 4906/1/29 4908/1/29 4909/1/29
f 4910/1/7 4911/1/7 4912/1/7
f 4910/1/7 4912/1/7 4913/1/7
f 4914/1/18 4915/1/18 4916/1/18
f 4914/1/18 4916/1/18 4917/1/18
s 1
f 4918/12/1124 4919/12/1125 4920/12/1126
f 4918/12/1124 4920/12/1126 4921/12/1127
f 4922/12/1128 4923/12/1129 4924/12/1130
f 4922/12/1128 4924/12/1130 4925/12/1131
f 4926/12/1132 4927/12/1133 4928/12/1134
f 4926/12/1132 4928/12/1134 4929/12/1135
f 4930/12/1136 4931/12/1137 4932/12/1138
f 4930/12/1136 4932/12/1138 4933/12/1139
f 4934/12/1140 4935/12/1141 4936/12/1142
f 4934/12/1140 4936/12/1142 4937/12/1143
f 4938/12/1144 4939/12/1145 4940/12/1146
f 4938/12/1144 4940/12/1146 4941/12/1147
f 4942/12/1148 4943/12/1149 4944/12/1150
f 4942/12/1148 4944/12/1150 4945/12/1151
f 4946/12/1152 4947/12/1153 4948/12/1154
f 4946/12/1152 4948/12/1154 4949/12/1155
f 4950/12/1156 4951/12/1157 4952/12/1158
f 4950/12/1156 4952/12/1158 4953/12/1159
f 4949/12/1155 4948/12/1154 4954/12/1160
f 4949/12/1155 4954/12/1160 4955/12/1161
f 4956/12/1162 4957/12/1163 4958/12/1164
f 4956/12/1162 4958/12/1164 4959/12/1165
f 4945/12/1151 4944/12/1150 4957/12/1163
f 4945/12/1151 4957/12/1163 4956/12/1162
f 4960/12/1166 4961/12/1167 4962/12/1168
f 4960/12/1166 4962/12/1168 4963/12/1169
f 4925/12/1131 4924/12/1130 4961/12/1167
f 4925/12/1131 4961/12/1167 4960/12/1166
f 4921/12/1127 4920/12/1126 4964/12/1170
f 4921/12/1127 4964/12/1170 4965/12/1171
f 4955/12/1161 4954/12/1160 4966/12/1172
f 4955/12/1161 4966/12/1172 4967/12/1173
f 4937/12/1143 4936/12/1142 4968/12/1174
f 4937/12/1143 4968/12/1174 4969/12/1175
f 4969/12/1175 4968/12/1174 4970/12/1176
f 4969/12/1175 4970/12/1176 4971/12/1177
f 4941/12/1147 4940/12/1146 4972/12/1178
f 4941/12/1147 4972/12/1178 4973/12/1179
f 4974/12/1180 4975/12/1181 4976/12/1182
f 4974/12/1180 4976/12/1182 4977/12/1183
f 4929/12/1135 4928/12/1134 4951/12/1157
f 4929/12/1135 4951/12/1157 4950/12/1156
f 4965/12/1171 4964/12/1170 4978/12/1184
f 4965/12/1171 4978/12/1184 4979/12/1185
f 4933/12/1139 4932/12/1138 4975/12/1181
f 4933/12/1139 4975/12/1181 4974/12/1180
f 4918/12/1124 4980/12/1186 4981/12/1187
f 4918/12/1124 4981/12/1187 4919/12/1125
f 4980/12/1186 4977/12/1183 4976/12/1182
f 4980/12/1186 4976/12/1182 4981/12/1187
f 4958/12/1164 4982/12/1188 4983/12/1188
f 4958/12/1164 4983/12/1188 4959/12/1165
f 4984/12/1189 4935/12/1141 4934/12/1140
f 4984/12/1189 4934/12/1140 4985/12/1189
f 4922/12/1128 4986/12/1190 4987/12/1191
f 4922/12/1128 4987/12/1191 4923/12/1129
f 4986/12/1190 4953/12/1159 4952/12/1158
f 4986/12/1190 4952/12/1158 4987/12/1191
f 4966/12/1172 4988/12/1192 4989/12/1192
f 4966/12/1172 4989/12/1192 4967/12/1173
f 4990/12/1193 4939/12/1145 4938/12/1144
f 4990/12/1193 4938/12/1144 4991/12/1193
f 4946/12/1152 4992/12/1194 4993/12/1195
f 4946/12/1152 4993/12/1195 4947/12/1153
f 4994/12/1196 4971/12/1177 4970/12/1176
f 4994/12/1196 4970/12/1176 4995/12/1197
f 4962/12/1168 4996/12/1198 4997/12/1199
f 4962/12/1168 4997/12/1199 4963/12/1169
f 4996/12/1198 4931/12/1137 4930/12/1136
f 4996/12/1198 4930/12/1136 4997/12/1199
f 4942/12/1148 4998/12/1200 4999/12/1200
f 4942/12/1148 4999/12/1200 4943/12/1149
f 5000/12/1201 5001/12/1202 5002/12/1203
f 5000/12/1201 5002/12/1203 5003/12/1204
f 4978/12/1184 5004/12/1205 5005/12/1206
f 4978/12/1184 5005/12/1206 4979/12/1185
f 5004/12/1205 4927/12/1133 4926/12/1132
f 5004/12/1205 4926/12/1132 5005/12/1206
f 4973/12/1179 4972/12/1178 5002/12/1203
f 4973/12/1179 5002/12/1203 5001/12/1202
f 5006/12/1207 5007/12/1208 5008/12/1209
f 5006/12/1207 5008/12/1209 5009/12/1210
f 5010/12/1211 5011/12/1212 5012/12/1213
f 5010/12/1211 5012/12/1213 5013/12/1214
f 5014/12/1215 5015/12/1216 5016/12/1217
f 5014/12/1215 5016/12/1217 5017/12/1218
f 5018/12/1219 5019/12/1220 5020/12/1221
f 5018/12/1219 5020/12/1221 5021/12/1222
f 5022/12/1223 5023/12/1224 5024/12/1225
f 5022/12/1223 5024/12/1225 5025/12/1226
f 5026/12/1227 5027/12/1228 5028/12/1229
f 5026/12/1227 5028/12/1229 5029/12/1230
f 5030/12/1231 5031/12/1232 5032/12/1233
f 5030/12/1231 5032/12/1233 5033/12/1234
f 5034/12/1235 5035/12/1236 5036/12/1237
f 5034/12/1235 5036/12/1237 5037/12/1238
f 5038/12/1239 5039/12/1240 5040/12/1241
f 5038/12/1239 5040/12/1241 5041/12/1242
f 5037/12/1238 5036/12/1237 5042/12/1243
f 5037/12/1238 5042/12/1243 5043/12/1244
f 5044/12/1245 5045/12/1246 5046/12/1247
f 5044/12/1245 5046/12/1247 5047/12/1248
f 5033/12/1234 5032/12/1233 5045/12/1246
f 5033/12/1234 5045/12/1246 5044/12/1245
f 5048/12/1249 5049/12/1250 5050/12/1251
f 5048/12/1249 5050/12/1251 5051/12/1252
f 5013/12/1214 5012/12/1213 5049/12/1250
f 5013/12/1214 5049/12/1250 5048/12/1249
f 5009/12/1210 5008/12/1209 5052/12/1253
f 5009/12/1210 5052/12/1253 5053/12/1254
f 5043/12/1244 5042/12/1243 5054/12/1255
f 5043/12/1244 5054/12/1255 5055/12/1256
f 5025/12/1226 5024/12/1225 5056/12/1257
f 5025/12/1226 5056/12/1257 5057/12/1258
f 5057/12/1258 5056/12/1257 5058/12/1259
f 5057/12/1258 5058/12/1259 5059/12/1260
f 5029/12/1230 5028/12/1229 5060/12/1261
f 5029/12/1230 5060/12/1261 5061/12/1262
f 5062/12/1263 5063/12/1264 5064/12/1265
f 5062/12/1263 5064/12/1265 5065/12/1266
f 5017/12/1218 5016/12/1217 5039/12/1240
f 5017/12/1218 5039/12/1240 5038/12/1239
f 5053/12/1254 5052/12/1253 5066/12/1267
f 5053/12/1254 5066/12/1267 5067/12/1268
f 5021/12/1222 5020/12/1221 5063/12/1264
f 5021/12/1222 5063/12/1264 5062/12/1263
f 5006/12/1207 5068/12/1269 5069/12/1270
f 5006/12/1207 5069/12/1270 5007/12/1208
f 5068/12/1269 5065/12/1266 5064/12/1265
f 5068/12/1269 5064/12/1265 5069/12/1270
f 5046/12/1247 5070/12/1271 5071/12/1272
f 5046/12/1247 5071/12/1272 5047/12/1248
f 5070/12/1271 5023/12/1224 5022/12/1223
f 5070/12/1271 5022/12/1223 5071/12/1272
f 5010/12/1211 5072/12/1273 5073/12/1274
f 5010/12/1211 5073/12/1274 5011/12/1212
f 5072/12/1273 5041/12/1242 5040/12/1241
f 5072/12/1273 5040/12/1241 5073/12/1274
f 5054/12/1255 5074/12/1275 5075/12/1276
f 5054/12/1255 5075/12/1276 5055/12/1256
f 5074/12/1275 5027/12/1228 5026/12/1227
f 5074/12/1275 5026/12/1227 5075/12/1276
f 5034/12/1235 5076/12/1277 5077/12/1278
f 5034/12/1235 5077/12/1278 5035/12/1236
f 5076/12/1277 5059/12/1260 5058/12/1259
f 5076/12/1277 5058/12/1259 5077/12/1278
f 5050/12/1251 5078/12/1279 5079/12/1280
f 5050/12/1251 5079/12/1280 5051/12/1252
f 5078/12/1279 5019/12/1220 5018/12/1219
f 5078/12/1279 5018/12/1219 5079/12/1280
f 5030/12/1231 5080/12/1281 5081/12/1282
f 5030/12/1231 5081/12/1282 5031/12/1232
f 5080/12/1281 5082/12/1283 5083/12/1284
f 5080/12/1281 5083/12/1284 5081/12/1282
f 5066/12/1267 5084/12/1285 5085/12/1286
f 5066/12/1267 5085/12/1286 5067/12/1268
f 5084/12/1285 5015/12/1216 5014/12/1215
f 5084/12/1285 5014/12/1215 5085/12/1286
f 5061/12/1262 5060/12/1261 5083/12/1284
f 5061/12/1262 5083/12/1284 5082/12/1283
f 5086/12/1287 5087/12/1288 5088/12/1289
f 5086/12/1287 5088/12/1289 5089/12/1290
f 5090/12/1291 5091/12/1292 5092/12/1293
f 5090/12/1291 5092/12/1293 5093/12/1294
f 5094/12/1295 5095/12/1296 5096/12/1297
f 5094/12/1295 5096/12/1297 5097/12/1298
f 5098/12/1299 5099/12/1300 5100/12/1301
f 5098/12/1299 5100/12/1301 5101/12/1302
f 5102/12/1303 5103/12/1304 5104/12/1305
f 5102/12/1303 5104/12/1305 5105/12/1306
f 5106/12/1307 5107/12/1308 5108/12/1309
f 5106/12/1307 5108/12/1309 5109/12/1310
f 5110/12/1311 5111/12/1312 5112/12/1313
f 5110/12/1311 5112/12/1313 5113/12/1314
f 5114/12/1315 5115/12/1316 5116/12/1317
f 5114/12/1315 5116/12/1317 5117/12/1318
f 5118/12/1319 5119/12/1320 5120/12/1321
f 5118/12/1319 5120/12/1321 5121/12/1322
f 5117/12/1318 5116/12/1317 5122/12/1323
f 5117/12/1318 5122/12/1323 5123/12/1324
f 5124/12/1325 5125/12/1326 5126/12/1327
f 5124/12/1325 5126/12/1327 5127/12/1328
f 5113/12/1314 5112/12/1313 5125/12/1326
f 5113/12/1314 5125/12/1326 5124/12/1325
f 5128/12/1329 5129/12/1330 5130/12/1331
f 5128/12/1329 5130/12/1331 5131/12/1332
f 5093/12/1294 5092/12/1293 5129/12/1330
f 5093/12/1294 5129/12/1330 5128/12/1329
f 5089/12/1290 5088/12/1289 5132/12/1333
f 5089/12/1290 5132/12/1333 5133/12/1334
f 5123/12/1324 5122/12/1323 5134/12/1335
f 5123/12/1324 5134/12/1335 5135/12/1336
f 5105/12/1306 5104/12/1305 5136/12/1337
f 5105/12/1306 5136/12/1337 5137/12/1338
f 5137/12/1338 5136/12/1337 5138/12/1339
f 5137/12/1338 5138/12/1339 5139/12/1340
f 5109/12/1310 5108/12/1309 5140/12/1341
f 5109/12/1310 5140/12/1341 5141/12/1342
f 5142/12/1343 5143/12/1344 5144/12/1345
f 5142/12/1343 5144/12/1345 5145/12/1346
f 5097/12/1298 5096/12/1297 5119/12/1320
f 5097/12/1298 5119/12/1320 5118/12/1319
f 5133/12/1334 5132/12/1333 5146/12/1347
f 5133/12/1334 5146/12/1347 5147/12/1348
f 5101/12/1302 5100/12/1301 5143/12/1344
f 5101/12/1302 5143/12/1344 5142/12/1343
f 5086/12/1287 5148/12/1349 5149/12/1350
f 5086/12/1287 5149/12/1350 5087/12/1288
f 5148/12/1349 5145/12/1346 5144/12/1345
f 5148/12/1349 5144/12/1345 5149/12/1350
f 5126/12/1327 5150/12/1351 5151/12/1352
f 5126/12/1327 5151/12/1352 5127/12/1328
f 5150/12/1351 5103/12/1304 5102/12/1303
f 5150/12/1351 5102/12/1303 5151/12/1352
f 5090/12/1291 5152/12/1353 5153/12/1354
f 5090/12/1291 5153/12/1354 5091/12/1292
f 5152/12/1353 5121/12/1322 5120/12/1321
f 5152/12/1353 5120/12/1321 5153/12/1354
f 5134/12/1335 5154/12/1355 5155/12/1356
f 5134/12/1335 5155/12/1356 5135/12/1336
f 5154/12/1355 5107/12/1308 5106/12/1307
f 5154/12/1355 5106/12/1307 5155/12/1356
f 5114/12/1315 5156/12/1357 5157/12/1358
f 5114/12/1315 5157/12/1358 5115/12/1316
f 5156/12/1357 5139/12/1340 5138/12/1339
f 5156/12/1357 5138/12/1339 5157/12/1358
f 5130/12/1331 5158/12/1359 5159/12/1360
f 5130/12/1331 5159/12/1360 5131/12/1332
f 5158/12/1359 5099/12/1300 5098/12/1299
f 5158/12/1359 5098/12/1299 5159/12/1360
f 5110/12/1311 5160/12/1361 5161/12/1362
f 5110/12/1311 5161/12/1362 5111/12/1312
f 5160/12/1361 5162/12/1363 5163/12/1364
f 5160/12/1361 5163/12/1364 5161/12/1362
f 5146/12/1347 5164/12/1365 5165/12/1366
f 5146/12/1347 5165/12/1366 5147/12/1348
f 5164/12/1365 5095/12/1296 5094/12/1295
f 5164/12/1365 5094/12/1295 5165/12/1366
f 5141/12/1342 5140/12/1341 5163/12/1364
f 5141/12/1342 5163/12/1364 5162/12/1363
f 5166/12/1367 5167/12/1368 5168/12/1369
f 5166/12/1367 5168/12/1369 5169/12/1370
f 5170/12/1371 5171/12/1372 5172/12/1373
f 5170/12/1371 5172/12/1373 5173/12/1374
f 5174/12/1375 5175/12/1376 5176/12/1377
f 5174/12/1375 5176/12/1377 5177/12/1378
f 5178/12/1379 5179/12/1380 5180/12/1381
f 5178/12/1379 5180/12/1381 5181/12/1382
f 5182/12/1383 5183/12/1384 5184/12/1385
f 5182/12/1383 5184/12/1385 5185/12/1386
f 5186/12/1387 5187/12/1388 5188/12/1389
f 5186/12/1387 5188/12/1389 5189/12/1390
f 5190/12/1391 5191/12/1392 5192/12/1393
f 5190/12/1391 5192/12/1393 5193/12/1394
f 5194/12/1395 5195/12/1396 5196/12/1397
f 5194/12/1395 5196/12/1397 5197/12/1398
f 5198/12/1399 5199/12/1400 5200/12/1401
f 5198/12/1399 5200/12/1401 5201/12/1402
f 5197/12/1398 5196/12/1397 5202/12/1403
f 5197/12/1398 5202/12/1403 5203/12/1404
f 5204/12/1405 5205/12/1406 5206/12/1407
f 5204/12/1405 5206/12/1407 5207/12/1408
f 5193/12/1394 5192/12/1393 5205/12/1406
f 5193/12/1394 5205/12/1406 5204/12/1405
f 5208/12/1409 5209/12/1410 5210/12/1411
f 5208/12/1409 5210/12/1411 5211/12/1412
f 5173/12/1374 5172/12/1373 5209/12/1410
f 5173/12/1374 5209/12/1410 5208/12/1409
f 5169/12/1370 5168/12/1369 5212/12/1413
f 5169/12/1370 5212/12/1413 5213/12/1414
f 5203/12/1404 5202/12/1403 5214/12/1415
f 5203/12/1404 5214/12/1415 5215/12/1416
f 5185/12/1386 5184/12/1385 5216/12/1417
f 5185/12/1386 5216/12/1417 5217/12/1418
f 5217/12/1418 5216/12/1417 5218/12/1419
f 5217/12/1418 5218/12/1419 5219/12/1420
f 5189/12/1390 5188/12/1389 5220/12/1421
f 5189/12/1390 5220/12/1421 5221/12/1422
f 5222/12/1423 5223/12/1424 5224/12/1425
f 5222/12/1423 5224/12/1425 5225/12/1426
f 5177/12/1378 5176/12/1377 5199/12/1400
f 5177/12/1378 5199/12/1400 5198/12/1399
f 5213/12/1414 5212/12/1413 5226/12/1427
f 5213/12/1414 5226/12/1427 5227/12/1428
f 5181/12/1382 5180/12/1381 5223/12/1424
f 5181/12/1382 5223/12/1424 5222/12/1423
f 5166/12/1367 5228/12/1429 5229/12/1430
f 5166/12/1367 5229/12/1430 5167/12/1368
f 5228/12/1429 5225/12/1426 5224/12/1425
f 5228/12/1429 5224/12/1425 5229/12/1430
f 5206/12/1407 5230/12/1431 5231/12/1432
f 5206/12/1407 5231/12/1432 5207/12/1408
f 5230/12/1431 5183/12/1384 5182/12/1383
f 5230/12/1431 5182/12/1383 5231/12/1432
f 5170/12/1371 5232/12/1433 5233/12/1434
f 5170/12/1371 5233/12/1434 5171/12/1372
f 5232/12/1433 5201/12/1402 5200/12/1401
f 5232/12/1433 5200/12/1401 5233/12/1434
f 5214/12/1415 5234/12/1435 5235/12/1436
f 5214/12/1415 5235/12/1436 5215/12/1416
f 5234/12/1435 5187/12/1388 5186/12/1387
f 5234/12/1435 5186/12/1387 5235/12/1436
f 5194/12/1395 5236/12/1437 5237/12/1438
f 5194/12/1395 5237/12/1438 5195/12/1396
f 5236/12/1437 5219/12/1420 5218/12/1419
f 5236/12/1437 5218/12/1419 5237/12/1438
f 5210/12/1411 5238/12/1439 5239/12/1440
f 5210/12/1411 5239/12/1440 5211/12/1412
f 5238/12/1439 5179/12/1380 5178/12/1379
f 5238/12/1439 5178/12/1379 5239/12/1440
f 5190/12/1391 5240/12/1441 5241/12/1442
f 5190/12/1391 5241/12/1442 5191/12/1392
f 5240/12/1441 5242/12/1443 5243/12/1444
f 5240/12/1441 5243/12/1444 5241/12/1442
f 5226/12/1427 5244/12/1445 5245/12/1446
f 5226/12/1427 5245/12/1446 5227/12/1428
f 5244/12/1445 5175/12/1376 5174/12/1375
f 5244/12/1445 5174/12/1375 5245/12/1446
f 5221/12/1422 5220/12/1421 5243/12/1444
f 5221/12/1422 5243/12/1444 5242/12/1443
f 5246/12/1447 5247/12/1448 5248/12/1449
f 5246/12/1447 5248/12/1449 5249/12/1450
f 5250/12/1451 5251/12/1452 5252/12/1453
f 5250/12/1451 5252/12/1453 5253/12/1454
f 5254/12/1455 5255/12/1456 5256/12/1457
f 5254/12/1455 5256/12/1457 5257/12/1458
f 5258/12/1459 5259/12/1460 5260/12/1461
f 5258/12/1459 5260/12/1461 5261/12/1462
f 5262/12/1463 5263/12/1464 5264/12/1465
f 5262/12/1463 5264/12/1465 5265/12/1466
f 5266/12/1467 5267/12/1468 5268/12/1469
f 5266/12/1467 5268/12/1469 5269/12/1470
f 5270/12/1471 5271/12/1472 5272/12/1473
f 5270/12/1471 5272/12/1473 5273/12/1474
f 5274/12/1475 5275/12/1476 5276/12/1477
f 5274/12/1475 5276/12/1477 5277/12/1478
f 5278/12/1479 5279/12/1480 5280/12/1481
f 5278/12/1479 5280/12/1481 5281/12/1482
f 5277/12/1478 5276/12/1477 5282/12/1483
f 5277/12/1478 5282/12/1483 5283/12/1484
f 5284/12/1485 5285/12/1486 5286/12/1487
f 5284/12/1485 5286/12/1487 5287/12/1488
f 5273/12/1474 5272/12/1473 5285/12/1486
f 5273/12/1474 5285/12/1486 5284/12/1485
f 5288/12/1489 5289/12/1490 5290/12/1491
f 5288/12/1489 5290/12/1491 5291/12/1492
f 5253/12/1454 5252/12/1453 5289/12/1490
f 5253/12/1454 5289/12/1490 5288/12/1489
f 5249/12/1450 5248/12/1449 5292/12/1493
f 5249/12/1450 5292/12/1493 5293/12/1494
f 5283/12/1484 5282/12/1483 5294/12/1495
f 5283/12/1484 5294/12/1495 5295/12/1496
f 5265/12/1466 5264/12/1465 5296/12/1497
f 5265/12/1466 5296/12/1497 5297/12/1498
f 5297/12/1498 5296/12/1497 5298/12/1499
f 5297/12/1498 5298/12/1499 5299/12/1500
f 5269/12/1470 5268/12/1469 5300/12/1501
f 5269/12/1470 5300/12/1501 5301/12/1502
f 5302/12/1503 5303/12/1504 5304/12/1505
f 5302/12/1503 5304/12/1505 5305/12/1506
f 5257/12/1458 5256/12/1457 5279/12/1480
f 5257/12/1458 5279/12/1480 5278/12/1479
f 5293/12/1494 5292/12/1493 5306/12/1507
f 5293/12/1494 5306/12/1507 5307/12/1508
f 5261/12/1462 5260/12/1461 5303/12/1504
f 5261/12/1462 5303/12/1504 5302/12/1503
f 5246/12/1447 5308/12/1509 5309/12/1510
f 5246/12/1447 5309/12/1510 5247/12/1448
f 5308/12/1509 5305/12/1506 5304/12/1505
f 5308/12/1509 5304/12/1505 5309/12/1510
f 5286/12/1487 5310/12/1511 5311/12/1512
f 5286/12/1487 5311/12/1512 5287/12/1488
f 5310/12/1511 5263/12/1464 5262/12/1463
f 5310/12/1511 5262/12/1463 5311/12/1512
f 5250/12/1451 5312/12/1513 5313/12/1514
f 5250/12/1451 5313/12/1514 5251/12/1452
f 5312/12/1513 5281/12/1482 5280/12/1481
f 5312/12/1513 5280/12/1481 5313/12/1514
f 5294/12/1495 5314/12/1515 5315/12/1516
f 5294/12/1495 5315/12/1516 5295/12/1496
f 5314/12/1515 5267/12/1468 5266/12/1467
f 5314/12/1515 5266/12/1467 5315/12/1516
f 5274/12/1475 5316/12/1517 5317/12/1518
f 5274/12/1475 5317/12/1518 5275/12/1476
f 5316/12/1517 5299/12/1500 5298/12/1499
f 5316/12/1517 5298/12/1499 5317/12/1518
f 5290/12/1491 5318/12/1519 5319/12/1520
f 5290/12/1491 5319/12/1520 5291/12/1492
f 5318/12/1519 5259/12/1460 5258/12/1459
f 5318/12/1519 5258/12/1459 5319/12/1520
f 5270/12/1471 5320/12/1521 5321/12/1522
f 5270/12/1471 5321/12/1522 5271/12/1472
f 5320/12/1521 5322/12/1523 5323/12/1524
f 5320/12/1521 5323/12/1524 5321/12/1522
f 5306/12/1507 5324/12/1525 5325/12/1526
f 5306/12/1507 5325/12/1526 5307/12/1508
f 5324/12/1525 5255/12/1456 5254/12/1455
f 5324/12/1525 5254/12/1455 5325/12/1526
f 5301/12/1502 5300/12/1501 5323/12/1524
f 5301/12/1502 5323/12/1524 5322/12/1523
f 5326/12/1527 5327/12/1528 5328/12/1529
f 5326/12/1527 5328/12/1529 5329/12/1530
f 5330/12/1531 5331/12/1532 5332/12/1533
f 5330/12/1531 5332/12/1533 5333/12/1534
f 5334/12/1535 5335/12/1536 5336/12/1537
f 5334/12/1535 5336/12/1537 5337/12/1538
f 5338/12/1539 5339/12/1540 5340/12/1541
f 5338/12/1539 5340/12/1541 5341/12/1542
f 5342/12/1543 5343/12/1544 5344/12/1545
f 5342/12/1543 5344/12/1545 5345/12/1546
f 5346/12/1547 5347/12/1548 5348/12/1549
f 5346/12/1547 5348/12/1549 5349/12/1550
f 5350/12/1551 5351/12/1552 5352/12/1553
f 5350/12/1551 5352/12/1553 5353/12/1554
f 5354/12/1555 5355/12/1556 5356/12/1557
f 5354/12/1555 5356/12/1557 5357/12/1558
f 5358/12/1559 5359/12/1560 5360/12/1561
f 5358/12/1559 5360/12/1561 5361/12/1562
f 5357/12/1558 5356/12/1557 5362/12/1563
f 5357/12/1558 5362/12/1563 5363/12/1564
f 5364/12/1565 5365/12/1566 5366/12/1567
f 5364/12/1565 5366/12/1567 5367/12/1568
f 5353/12/1554 5352/12/1553 5365/12/1566
f 5353/12/1554 5365/12/1566 5364/12/1565
f 5368/12/1569 5369/12/1570 5370/12/1571
f 5368/12/1569 5370/12/1571 5371/12/1572
f 5333/12/1534 5332/12/1533 5369/12/1570
f 5333/12/1534 5369/12/1570 5368/12/1569
f 5329/12/1530 5328/12/1529 5372/12/1573
f 5329/12/1530 5372/12/1573 5373/12/1574
f 5363/12/1564 5362/12/1563 5374/12/1575
f 5363/12/1564 5374/12/1575 5375/12/1576
f 5345/12/1546 5344/12/1545 5376/12/1577
f 5345/12/1546 5376/12/1577 5377/12/1578
f 5377/12/1578 5376/12/1577 5378/12/1579
f 5377/12/1578 5378/12/1579 5379/12/1580
f 5349/12/1550 5348/12/1549 5380/12/1581
f 5349/12/1550 5380/12/1581 5381/12/1582
f 5382/12/1583 5383/12/1584 5384/12/1585
f 5382/12/1583 5384/12/1585 5385/12/1586
f 5337/12/1538 5336/12/1537 5359/12/1560
f 5337/12/1538 5359/12/1560 5358/12/1559
f 5373/12/1574 5372/12/1573 5386/12/1587
f 5373/12/1574 5386/12/1587 5387/12/1588
f 5341/12/1542 5340/12/1541 5383/12/1584
f 5341/12/1542 5383/12/1584 5382/12/1583
f 5326/12/1527 5388/12/1589 5389/12/1590
f 5326/12/1527 5389/12/1590 5327/12/1528
f 5388/12/1589 5385/12/1586 5384/12/1585
f 5388/12/1589 5384/12/1585 5389/12/1590
f 5366/12/1567 5390/12/1591 5391/12/1592
f 5366/12/1567 5391/12/1592 5367/12/1568
f 5390/12/1591 5343/12/1544 5342/12/1543
f 5390/12/1591 5342/12/1543 5391/12/1592
f 5330/12/1531 5392/12/1593 5393/12/1594
f 5330/12/1531 5393/12/1594 5331/12/1532
f 5392/12/1593 5361/12/1562 5360/12/1561
f 5392/12/1593 5360/12/1561 5393/12/1594
f 5374/12/1575 5394/12/1595 5395/12/1596
f 5374/12/1575 5395/12/1596 5375/12/1576
f 5394/12/1595 5347/12/1548 5346/12/1547
f 5394/12/1595 5346/12/1547 5395/12/1596
f 5354/12/1555 5396/12/1597 5397/12/1598
f 5354/12/1555 5397/12/1598 5355/12/1556
f 5396/12/1597 5379/12/1580 5378/12/1579
f 5396/12/1597 5378/12/1579 5397/12/1598
f 5370/12/1571 5398/12/1599 5399/12/1600
f 5370/12/1571 5399/12/1600 5371/12/1572
f 5398/12/1599 5339/12/1540 5338/12/1539
f 5398/12/1599 5338/12/1539 5399/12/1600
f 5350/12/1551 5400/12/1601 5401/12/1602
f 5350/12/1551 5401/12/1602 5351/12/1552
f 5400/12/1601 5402/12/1603 5403/12/1604
f 5400/12/1601 5403/12/1604 5401/12/1602
f 5386/12/1587 5404/12/1605 5405/12/1606
f 5386/12/1587 5405/12/1606 5387/12/1588
f 5404/12/1605 5335/12/1536 5334/12/1535
f 5404/12/1605 5334/12/1535 5405/12/1606
f 5381/12/1582 5380/12/1581 5403/12/1604
f 5381/12/1582 5403/12/1604 5402/12/1603
f 5406/12/1607 5407/12/1608 5408/12/1609
f 5406/12/1607 5408/12/1609 5409/12/1610
f 5410/12/1611 5411/12/1612 5412/12/1613
f 5410/12/1611 5412/12/1613 5413/12/1614
f 5414/12/1615 5415/12/1616 5416/12/1617
f 5414/12/1615 5416/12/1617 5417/12/1618
f 5418/12/1619 5419/12/1620 5420/12/1621
f 5418/12/1619 5420/12/1621 5421/12/1622
f 5422/12/1623 5423/12/1624 5424/12/1625
f 5422/12/1623 5424/12/1625 5425/12/1626
f 5426/12/1627 5427/12/1628 5428/12/1629
f 5426/12/1627 5428/12/1629 5429/12/1630
f 5430/12/1631 5431/12/1632 5432/12/1633
f 5430/12/1631 5432/12/1633 5433/12/1634
f 5434/12/1635 5435/12/1636 5436/12/1637
f 5434/12/1635 5436/12/1637 5437/12/1638
f 5438/12/1639 5439/12/1640 5440/12/1641
f 5438/12/1639 5440/12/1641 5441/12/1642
f 5437/12/1638 5436/12/1637 5442/12/1643
f 5437/12/1638 5442/12/1643 5443/12/1644
f 5444/12/1645 5445/12/1646 5446/12/1647
f 5444/12/1645 5446/12/1647 5447/12/1648
f 5433/12/1634 5432/12/1633 5445/12/1646
f 5433/12/1634 5445/12/1646 5444/12/1645
f 5448/12/1649 5449/12/1650 5450/12/1651
f 5448/12/1649 5450/12/1651 5451/12/1652
f 5413/12/1614 5412/12/1613 5449/12/1650
f 5413/12/1614 5449/12/1650 5448/12/1649
f 5409/12/1610 5408/12/1609 5452/12/1653
f 5409/12/1610 5452/12/1653 5453/12/1654
f 5443/12/1644 5442/12/1643 5454/12/1655
f 5443/12/1644 5454/12/1655 5455/12/1656
f 5425/12/1626 5424/12/1625 5456/12/1657
f 5425/12/1626 5456/12/1657 5457/12/1658
f 5457/12/1658 5456/12/1657 5458/12/1659
f 5457/12/1658 5458/12/1659 5459/12/1660
f 5429/12/1630 5428/12/1629 5460/12/1661
f 5429/12/1630 5460/12/1661 5461/12/1662
f 5462/12/1663 5463/12/1664 5464/12/1665
f 5462/12/1663 5464/12/1665 5465/12/1666
f 5417/12/1618 5416/12/1617 5439/12/1640
f 5417/12/1618 5439/12/1640 5438/12/1639
f 5453/12/1654 5452/12/1653 5466/12/1667
f 5453/12/1654 5466/12/1667 5467/12/1668
f 5421/12/1622 5420/12/1621 5463/12/1664
f 5421/12/1622 5463/12/1664 5462/12/1663
f 5406/12/1607 5468/12/1669 5469/12/1670
f 5406/12/1607 5469/12/1670 5407/12/1608
f 5468/12/1669 5465/12/1666 5464/12/1665
f 5468/12/1669 5464/12/1665 5469/12/1670
f 5446/12/1647 5470/12/1671 5471/12/1672
f 5446/12/1647 5471/12/1672 5447/12/1648
f 5470/12/1671 5423/12/1624 5422/12/1623
f 5470/12/1671 5422/12/1623 5471/12/1672
f 5410/12/1611 5472/12/1673 5473/12/1674
f 5410/12/1611 5473/12/1674 5411/12/1612
f 5472/12/1673 5441/12/1642 5440/12/1641
f 5472/12/1673 5440/12/1641 5473/12/1674
f 5454/12/1655 5474/12/1675 5475/12/1676
f 5454/12/1655 5475/12/1676 5455/12/1656
f 5474/12/1675 5427/12/1628 5426/12/1627
f 5474/12/1675 5426/12/1627 5475/12/1676
f 5434/12/1635 5476/12/1677 5477/12/1678
f 5434/12/1635 5477/12/1678 5435/12/1636
f 5476/12/1677 5459/12/1660 5458/12/1659
f 5476/12/1677 5458/12/1659 5477/12/1678
f 5450/12/1651 5478/12/1679 5479/12/1680
f 5450/12/1651 5479/12/1680 5451/12/1652
f 5478/12/1679 5419/12/1620 5418/12/1619
f 5478/12/1679 5418/12/1619 5479/12/1680
f 5430/12/1631 5480/12/1681 5481/12/1682
f 5430/12/1631 5481/12/1682 5431/12/1632
f 5480/12/1681 5482/12/1683 5483/12/1684
f 5480/12/1681 5483/12/1684 5481/12/1682
f 5466/12/1667 5484/12/1685 5485/12/1686
f 5466/12/1667 5485/12/1686 5467/12/1668
f 5484/12/1685 5415/12/1616 5414/12/1615
f 5484/12/1685 5414/12/1615 5485/12/1686
f 5461/12/1662 5460/12/1661 5483/12/1684
f 5461/12/1662 5483/12/1684 5482/12/1683
f 5486/12/1687 5487/12/1688 5488/12/1689
f 5486/12/1687 5488/12/1689 5489/12/1690
f 5490/12/1691 5491/12/1692 5492/12/1693
f 5490/12/1691 5492/12/1693 5493/12/1694
f 5494/12/1695 5495/12/1696 5496/12/1697
f 5494/12/1695 5496/12/1697 5497/12/1698
f 5498/12/1699 5499/12/1700 5500/12/1701
f 5498/12/1699 5500/12/1701 5501/12/1702
f 5502/12/1703 5503/12/1704 5504/12/1705
f 5502/12/1703 5504/12/1705 5505/12/1706
f 5506/12/1707 5507/12/1708 5508/12/1709
f 5506/12/1707 5508/12/1709 5509/12/1710
f 5510/12/1711 5511/12/1712 5512/12/1713
f 5510/12/1711 5512/12/1713 5513/12/1714
f 5514/12/1715 5515/12/1716 5516/12/1717
f 5514/12/1715 5516/12/1717 5517/12/1718
f 5518/12/1719 5519/12/1720 5520/12/1721
f 5518/12/1719 5520/12/1721 5521/12/1722
f 5517/12/1718 5516/12/1717 5522/12/1723
f 5517/12/1718 5522/12/1723 5523/12/1724
f 5524/12/1725 5525/12/1726 5526/12/1727
f 5524/12/1725 5526/12/1727 5527/12/1728
f 5513/12/1714 5512/12/1713 5525/12/1726
f 5513/12/1714 5525/12/1726 5524/12/1725
f 5528/12/1729 5529/12/1730 5530/12/1731
f 5528/12/1729 5530/12/1731 5531/12/1732
f 5493/12/1694 5492/12/1693 5529/12/1730
f 5493/12/1694 5529/12/1730 5528/12/1729
f 5489/12/1690 5488/12/1689 5532/12/1733
f 5489/12/1690 5532/12/1733 5533/12/1734
f 5523/12/1724 5522/12/1723 5534/12/1735
f 5523/12/1724 5534/12/1735 5535/12/1736
f 5505/12/1706 5504/12/1705 5536/12/1737
f 5505/12/1706 5536/12/1737 5537/12/1738
f 5537/12/1738 5536/12/1737 5538/12/1739
f 5537/12/1738 5538/12/1739 5539/12/1740
f 5509/12/1710 5508/12/1709 5540/12/1741
f 5509/12/1710 5540/12/1741 5541/12/1742
f 5542/12/1743 5543/12/1744 5544/12/1745
f 5542/12/1743 5544/12/1745 5545/12/1746
f 5497/12/1698 5496/12/1697 5519/12/1720
f 5497/12/1698 5519/12/1720 5518/12/1719
f 5533/12/1734 5532/12/1733 5546/12/1747
f 5533/12/1734 5546/12/1747 5547/12/1748
f 5501/12/1702 5500/12/1701 5543/12/1744
f 5501/12/1702 5543/12/1744 5542/12/1743
f 5486/12/1687 5548/12/1749 5549/12/1750
f 5486/12/1687 5549/12/1750 5487/12/1688
f 5548/12/1749 5545/12/1746 5544/12/1745
f 5548/12/1749 5544/12/1745 5549/12/1750
f 5526/12/1727 5550/12/1751 5551/12/1752
f 5526/12/1727 5551/12/1752 5527/12/1728
f 5550/12/1751 5503/12/1704 5502/12/1703
f 5550/12/1751 5502/12/1703 5551/12/1752
f 5490/12/1691 5552/12/1753 5553/12/1754
f 5490/12/1691 5553/12/1754 5491/12/1692
f 5552/12/1753 5521/12/1722 5520/12/1721
f 5552/12/1753 5520/12/1721 5553/12/1754
f 5534/12/1735 5554/12/1755 5555/12/1756
f 5534/12/1735 5555/12/1756 5535/12/1736
f 5554/12/1755 5507/12/1708 5506/12/1707
f 5554/12/1755 5506/12/1707 5555/12/1756
f 5514/12/1715 5556/12/1757 5557/12/1758
f 5514/12/1715 5557/12/1758 5515/12/1716
f 5556/12/1757 5539/12/1740 5538/12/1739
f 5556/12/1757 5538/12/1739 5557/12/1758
f 5530/12/1731 5558/12/1759 5559/12/1760
f 5530/12/1731 5559/12/1760 5531/12/1732
f 5558/12/1759 5499/12/1700 5498/12/1699
f 5558/12/1759 5498/12/1699 5559/12/1760
f 5510/12/1711 5560/12/1761 5561/12/1762
f 5510/12/1711 5561/12/1762 5511/12/1712
f 5560/12/1761 5562/12/1763 5563/12/1764
f 5560/12/1761 5563/12/1764 5561/12/1762
f 5546/12/1747 5564/12/1765 5565/12/1766
f 5546/12/1747 5565/12/1766 5547/12/1748
f 5564/12/1765 5495/12/1696 5494/12/1695
f 5564/12/1765 5494/12/1695 5565/12/1766
f 5541/12/1742 5540/12/1741 5563/12/1764
f 5541/12/1742 5563/12/1764 5562/12/1763
f 5566/12/1767 5567/12/1768 5568/12/1769
f 5566/12/1767 5568/12/1769 5569/12/1770
f 5570/12/1771 5571/12/1772 5572/12/1773
f 5570/12/1771 5572/12/1773 5573/12/1774
f 5574/12/1775 5575/12/1776 5576/12/1777
f 5574/12/1775 5576/12/1777 5577/12/1778
f 5578/12/1779 5579/12/1780 5580/12/1781
f 5578/12/1779 5580/12/1781 5581/12/1782
f 5582/12/1783 5583/12/1784 5584/12/1785
f 5582/12/1783 5584/12/1785 5585/12/1786
f 5586/12/1787 5587/12/1788 5588/12/1789
f 5586/12/1787 5588/12/1789 5589/12/1790
f 5590/12/1791 5591/12/1792 5592/12/1793
f 5590/12/1791 5592/12/1793 5593/12/1794
f 5594/12/1795 5595/12/1796 5596/12/1797
f 5594/12/1795 5596/12/1797 5597/12/1798
f 5598/12/1799 5599/12/1800 5600/12/1801
f 5598/12/1799 5600/12/1801 5601/12/1802
f 5597/12/1798 5596/12/1797 5602/12/1803
f 5597/12/1798 5602/12/1803 5603/12/1804
f 5604/12/1805 5605/12/1806 5606/12/1807
f 5604/12/1805 5606/12/1807 5607/12/1808
f 5593/12/1794 5592/12/1793 5605/12/1806
f 5593/12/1794 5605/12/1806 5604/12/1805
f 5608/12/1809 5609/12/1810 5610/12/1811
f 5608/12/1809 5610/12/1811 5611/12/1812
f 5573/12/1774 5572/12/1773 5609/12/1810
f 5573/12/1774 5609/12/1810 5608/12/1809
f 5569/12/1770 5568/12/1769 5612/12/1813
f 5569/12/1770 5612/12/1813 5613/12/1814
f 5603/12/1804 5602/12/1803 5614/12/1815
f 5603/12/1804 5614/12/1815 5615/12/1816
f 5585/12/1786 5584/12/1785 5616/12/1817
f 5585/12/1786 5616/12/1817 5617/12/1818
f 5617/12/1818 5616/12/1817 5618/12/1819
f 5617/12/1818 5618/12/1819 5619/12/1820
f 5589/12/1790 5588/12/1789 5620/12/1821
f 5589/12/1790 5620/12/1821 5621/12/1822
f 5622/12/1823 5623/12/1824 5624/12/1825
f 5622/12/1823 5624/12/1825 5625/12/1826
f 5577/12/1778 5576/12/1777 5599/12/1800
f 5577/12/1778 5599/12/1800 5598/12/1799
f 5613/12/1814 5612/12/1813 5626/12/1827
f 5613/12/1814 5626/12/1827 5627/12/1828
f 5581/12/1782 5580/12/1781 5623/12/1824
f 5581/12/1782 5623/12/1824 5622/12/1823
f 5566/12/1767 5628/12/1829 5629/12/1830
f 5566/12/1767 5629/12/1830 5567/12/1768
f 5628/12/1829 5625/12/1826 5624/12/1825
f 5628/12/1829 5624/12/1825 5629/12/1830
f 5606/12/1807 5630/12/1831 5631/12/1832
f 5606/12/1807 5631/12/1832 5607/12/1808
f 5630/12/1831 5583/12/1784 5582/12/1783
f 5630/12/1831 5582/12/1783 5631/12/1832
f 5570/12/1771 5632/12/1833 5633/12/1834
f 5570/12/1771 5633/12/1834 5571/12/1772
f 5632/12/1833 5601/12/1802 5600/12/1801
f 5632/12/1833 5600/12/1801 5633/12/1834
f 5614/12/1815 5634/12/1835 5635/12/1836
f 5614/12/1815 5635/12/1836 5615/12/1816
f 5634/12/1835 5587/12/1788 5586/12/1787
f 5634/12/1835 5586/12/1787 5635/12/1836
f 5594/12/1795 5636/12/1837 5637/12/1838
f 5594/12/1795 5637/12/1838 5595/12/1796
f 5636/12/1837 5619/12/1820 5618/12/1819
f 5636/12/1837 5618/12/1819 5637/12/1838
f 5610/12/1811 5638/12/1839 5639/12/1840
f 5610/12/1811 5639/12/1840 5611/12/1812
f 5638/12/1839 5579/12/1780 5578/12/1779
f 5638/12/1839 5578/12/1779 5639/12/1840
f 5590/12/1791 5640/12/1841 5641/12/1842
f 5590/12/1791 5641/12/1842 5591/12/1792
f 5640/12/1841 5642/12/1843 5643/12/1844
f 5640/12/1841 5643/12/1844 5641/12/1842
f 5626/12/1827 5644/12/1845 5645/12/1846
f 5626/12/1827 5645/12/1846 5627/12/1828
f 5644/12/1845 5575/12/1776 5574/12/1775
f 5644/12/1845 5574/12/1775 5645/12/1846
f 5621/12/1822 5620/12/1821 5643/12/1844
f 5621/12/1822 5643/12/1844 5642/12/1843
f 5646/12/1847 5647/12/1848 5648/12/1849
f 5646/12/1847 5648/12/1849 5649/12/1850
f 5650/12/1851 5651/12/1852 5652/12/1853
f 5650/12/1851 5652/12/1853 5653/12/1854
f 5654/12/1855 5655/12/1856 5656/12/1857
f 5654/12/1855 5656/12/1857 5657/12/1858
f 5658/12/1859 5659/12/1860 5660/12/1861
f 5658/12/1859 5660/12/1861 5661/12/1862
f 5662/12/1863 5663/12/1864 5664/12/1865
f 5662/12/1863 5664/12/1865 5665/12/1866
f 5666/12/1867 5667/12/1868 5668/12/1869
f 5666/12/1867 5668/12/1869 5669/12/1870
f 5670/12/1871 5671/12/1872 5672/12/1873
f 5670/12/1871 5672/12/1873 5673/12/1874
f 5674/12/1875 5675/12/1876 5676/12/1877
f 5674/12/1875 5676/12/1877 5677/12/1878
f 5678/12/1879 5679/12/1880 5680/12/1881
f 5678/12/1879 5680/12/1881 5681/12/1882
f 5677/12/1878 5676/12/1877 5682/12/1883
f 5677/12/1878 5682/12/1883 5683/12/1884
f 5684/12/1885 5685/12/1886 5686/12/1887
f 5684/12/1885 5686/12/1887 5687/12/1888
f 5673/12/1874 5672/12/1873 5685/12/1886
f 5673/12/1874 5685/12/1886 5684/12/1885
f 5688/12/1889 5689/12/1890 5690/12/1891
f 5688/12/1889 5690/12/1891 5691/12/1892
f 5653/12/1854 5652/12/1853 5689/12/1890
f 5653/12/1854 5689/12/1890 5688/12/1889
f 5649/12/1850 5648/12/1849 5692/12/1893
f 5649/12/1850 5692/12/1893 5693/12/1894
f 5683/12/1884 5682/12/1883 5694/12/1895
f 5683/12/1884 5694/12/1895 5695/12/1896
f 5665/12/1866 5664/12/1865 5696/12/1897
f 5665/12/1866 5696/12/1897 5697/12/1898
f 5697/12/1898 5696/12/1897 5698/12/1899
f 5697/12/1898 5698/12/1899 5699/12/1900
f 5669/12/1870 5668/12/1869 5700/12/1901
f 5669/12/1870 5700/12/1901 5701/12/1902
f 5702/12/1903 5703/12/1904 5704/12/1905
f 5702/12/1903 5704/12/1905 5705/12/1906
f 5657/12/1858 5656/12/1857 5679/12/1880
f 5657/12/1858 5679/12/1880 5678/12/1879
f 5693/12/1894 5692/12/1893 5706/12/1907
f 5693/12/1894 5706/12/1907 5707/12/1908
f 5661/12/1862 5660/12/1861 5703/12/1904
f 5661/12/1862 5703/12/1904 5702/12/1903
f 5646/12/1847 5708/12/1909 5709/12/1910
f 5646/12/1847 5709/12/1910 5647/12/1848
f 5708/12/1909 5705/12/1906 5704/12/1905
f 5708/12/1909 5704/12/1905 5709/12/1910
f 5686/12/1887 5710/12/1911 5711/12/1912
f 5686/12/1887 5711/12/1912 5687/12/1888
f 5710/12/1911 5663/12/1864 5662/12/1863
f 5710/12/1911 5662/12/1863 5711/12/1912
f 5650/12/1851 5712/12/1913 5713/12/1914
f 5650/12/1851 5713/12/1914 5651/12/1852
f 5712/12/1913 5681/12/1882 5680/12/1881
f 5712/12/1913 5680/12/1881 5713/12/1914
f 5694/12/1895 5714/12/1915 5715/12/1916
f 5694/12/1895 5715/12/1916 5695/12/1896
f 5714/12/1915 5667/12/1868 5666/12/1867
f 5714/12/1915 5666/12/1867 5715/12/1916
f 5674/12/1875 5716/12/1917 5717/12/1918
f 5674/12/1875 5717/12/1918 5675/12/1876
f 5716/12/1917 5699/12/1900 5698/12/1899
f 5716/12/1917 5698/12/1899 5717/12/1918
f 5690/12/1891 5718/12/1919 5719/12/1920
f 5690/12/1891 5719/12/1920 5691/12/1892
f 5718/12/1919 5659/12/1860 5658/12/1859
f 5718/12/1919 5658/12/1859 5719/12/1920
f 5670/12/1871 5720/12/1921 5721/12/1922
f 5670/12/1871 5721/12/1922 5671/12/1872
f 5720/12/1921 5722/12/1923 5723/12/1924
f 5720/12/1921 5723/12/1924 5721/12/1922
f 5706/12/1907 5724/12/1925 5725/12/1926
f 5706/12/1907 5725/12/1926 5707/12/1908
f 5724/12/1925 5655/12/1856 5654/12/1855
f 5724/12/1925 5654/12/1855 5725/12/1926
f 5701/12/1902 5700/12/1901 5723/12/1924
f 5701/12/1902 5723/12/1924 5722/12/1923
f 5726/12/1927 5727/12/1928 5728/12/1929
f 5726/12/1927 5728/12/1929 5729/12/1930
f 5730/12/1931 5731/12/1932 5732/12/1933
f 5730/12/1931 5732/12/1933 5733/12/1934
f 5734/12/1935 5735/12/1936 5736/12/1937
f 5734/12/1935 5736/12/1937 5737/12/1938
f 5738/12/1939 5739/12/1940 5740/12/1941
f 5738/12/1939 5740/12/1941 5741/12/1942
f 5742/12/1943 5743/12/1944 5744/12/1945
f 5742/12/1943 5744/12/1945 5745/12/1946
f 5746/12/1947 5747/12/1948 5748/12/1949
f 5746/12/1947 5748/12/1949 5749/12/1950
f 5750/12/1951 5751/12/1952 5752/12/1953
f 5750/12/1951 5752/12/1953 5753/12/1954
f 5754/12/1955 5755/12/1956 5756/12/1957
f 5754/12/1955 5756/12/1957 5757/12/1958
f 5758/12/1959 5759/12/1960 5760/12/1961
f 5758/12/1959 5760/12/1961 5761/12/1962
f 5757/12/1958 5756/12/1957 5762/12/1963
f 5757/12/1958 5762/12/1963 5763/12/1964
f 5764/12/1965 5765/12/1966 5766/12/1967
f 5764/12/1965 5766/12/1967 5767/12/1968
f 5753/12/1954 5752/12/1953 5765/12/1966
f 5753/12/1954 5765/12/1966 5764/12/1965
f 5768/12/1969 5769/12/1970 5770/12/1971
f 5768/12/1969 5770/12/1971 5771/12/1972
f 5733/12/1934 5732/12/1933 5769/12/1970
f 5733/12/1934 5769/12/1970 5768/12/1969
f 5729/12/1930 5728/12/1929 5772/12/1973
f 5729/12/1930 5772/12/1973 5773/12/1974
f 5763/12/1964 5762/12/1963 5774/12/1975
f 5763/12/1964 5774/12/1975 5775/12/1976
f 5745/12/1946 5744/12/1945 5776/12/1977
f 5745/12/1946 5776/12/1977 5777/12/1978
f 5777/12/1978 5776/12/1977 5778/12/1979
f 5777/12/1978 5778/12/1979 5779/12/1980
f 5749/12/1950 5748/12/1949 5780/12/1981
f 5749/12/1950 5780/12/1981 5781/12/1982
f 5782/12/1983 5783/12/1984 5784/12/1985
f 5782/12/1983 5784/12/1985 5785/12/1986
f 5737/12/1938 5736/12/1937 5759/12/1960
f 5737/12/1938 5759/12/1960 5758/12/1959
f 5773/12/1974 5772/12/1973 5786/12/1987
f 5773/12/1974 5786/12/1987 5787/12/1988
f 5741/12/1942 5740/12/1941 5783/12/1984
f 5741/12/1942 5783/12/1984 5782/12/1983
f 5726/12/1927 5788/12/1989 5789/12/1990
f 5726/12/1927 5789/12/1990 5727/12/1928
f 5788/12/1989 5785/12/1986 5784/12/1985
f 5788/12/1989 5784/12/1985 5789/12/1990
f 5766/12/1967 5790/12/1991 5791/12/1992
f 5766/12/1967 5791/12/1992 5767/12/1968
f 5790/12/1991 5743/12/1944 5742/12/1943
f 5790/12/1991 5742/12/1943 5791/12/1992
f 5730/12/1931 5792/12/1993 5793/12/1994
f 5730/12/1931 5793/12/1994 5731/12/1932
f 5792/12/1993 5761/12/1962 5760/12/1961
f 5792/12/1993 5760/12/1961 5793/12/1994
f 5774/12/1975 5794/12/1995 5795/12/1996
f 5774/12/1975 5795/12/1996 5775/12/1976
f 5794/12/1995 5747/12/1948 5746/12/1947
f 5794/12/1995 5746/12/1947 5795/12/1996
f 5754/12/1955 5796/12/1997 5797/12/1998
f 5754/12/1955 5797/12/1998 5755/12/1956
f 5796/12/1997 5779/12/1980 5778/12/1979
f 5796/12/1997 5778/12/1979 5797/12/1998
f 5770/12/1971 5798/12/1999 5799/12/2000
f 5770/12/1971 5799/12/2000 5771/12/1972
f 5798/12/1999 5739/12/1940 5738/12/1939
f 5798/12/1999 5738/12/1939 5799/12/2000
f 5750/12/1951 5800/12/2001 5801/12/2002
f 5750/12/1951 5801/12/2002 5751/12/1952
f 5800/12/2001 5802/12/2003 5803/12/2004
f 5800/12/2001 5803/12/2004 5801/12/2002
f 5786/12/1987 5804/12/2005 5805/12/2006
f 5786/12/1987 5805/12/2006 5787/12/1988
f 5804/12/2005 5735/12/1936 5734/12/1935
f 5804/12/2005 5734/12/1935 5805/12/2006
f 5781/12/1982 5780/12/1981 5803/12/2004
f 5781/12/1982 5803/12/2004 5802/12/2003
f 5806/12/2007 5807/12/2008 5808/12/2009
f 5806/12/2007 5808/12/2009 5809/12/2010
f 5810/12/2011 5811/12/2012 5812/12/2013
f 5810/12/2011 5812/12/2013 5813/12/2014
f 5814/12/2015 5815/12/2016 5816/12/2017
f 5814/12/2015 5816/12/2017 5817/12/2018
f 5818/12/2019 5819/12/2020 5820/12/2021
f 5818/12/2019 5820/12/2021 5821/12/2022
f 5822/12/2023 5823/12/2024 5824/12/2025
f 5822/12/2023 5824/12/2025 5825/12/2026
f 5826/12/2027 5827/12/2028 5828/12/2029
f 5826/12/2027 5828/12/2029 5829/12/2030
f 5830/12/2031 5831/12/2032 5832/12/2033
f 5830/12/2031 5832/12/2033 5833/12/2034
f 5834/12/2035 5835/12/2036 5836/12/2037
f 5834/12/2035 5836/12/2037 5837/12/2038
f 5838/12/2039 5839/12/2040 5840/12/2041
f 5838/12/2039 5840/12/2041 5841/12/2042
f 5837/12/2038 5836/12/2037 5842/12/2043
f 5837/12/2038 5842/12/2043 5843/12/2044
f 5844/12/2045 5845/12/2046 5846/12/2047
f 5844/12/2045 5846/12/2047 5847/12/2048
f 5833/12/2034 5832/12/2033 5845/12/2046
f 5833/12/2034 5845/12/2046 5844/12/2045
f 5848/12/2049 5849/12/2050 5850/12/2051
f 5848/12/2049 5850/12/2051 5851/12/2052
f 5813/12/2014 5812/12/2013 5849/12/2050
f 5813/12/2014 5849/12/2050 5848/12/2049
f 5809/12/2010 5808/12/2009 5852/12/2053
f 5809/12/2010 5852/12/2053 5853/12/2054
f 5843/12/2044 5842/12/2043 5854/12/2055
f 5843/12/2044 5854/12/2055 5855/12/2056
f 5825/12/2026 5824/12/2025 5856/12/2057
f 5825/12/2026 5856/12/2057 5857/12/2058
f 5857/12/2058 5856/12/2057 5858/12/2059
f 5857/12/2058 5858/12/2059 5859/12/2060
f 5829/12/2030 5828/12/2029 5860/12/2061
f 5829/12/2030 5860/12/2061 5861/12/2062
f 5862/12/2063 5863/12/2064 5864/12/2065
f 5862/12/2063 5864/12/2065 5865/12/2066
f 5817/12/2018 5816/12/2017 5839/12/2040
f 5817/12/2018 5839/12/2040 5838/12/2039
f 5853/12/2054 5852/12/2053 5866/12/2067
f 5853/12/2054 5866/12/2067 5867/12/2068
f 5821/12/2022 5820/12/2021 5863/12/2064
f 5821/12/2022 5863/12/2064 5862/12/2063
f 5806/12/2007 5868/12/2069 5869/12/2070
f 5806/12/2007 5869/12/2070 5807/12/2008
f 5868/12/2069 5865/12/2066 5864/12/2065
f 5868/12/2069 5864/12/2065 5869/12/2070
f 5846/12/2047 5870/12/2071 5871/12/2072
f 5846/12/2047 5871/12/2072 5847/12/2048
f 5870/12/2071 5823/12/2024 5822/12/2023
f 5870/12/2071 5822/12/2023 5871/12/2072
f 5810/12/2011 5872/12/2073 5873/12/2074
f 5810/12/2011 5873/12/2074 5811/12/2012
f 5872/12/2073 5841/12/2042 5840/12/2041
f 5872/12/2073 5840/12/2041 5873/12/2074
f 5854/12/2055 5874/12/2075 5875/12/2076
f 5854/12/2055 5875/12/2076 5855/12/2056
f 5874/12/2075 5827/12/2028 5826/12/2027
f 5874/12/2075 5826/12/2027 5875/12/2076
f 5834/12/2035 5876/12/2077 5877/12/2078
f 5834/12/2035 5877/12/2078 5835/12/2036
f 5876/12/2077 5859/12/2060 5858/12/2059
f 5876/12/2077 5858/12/2059 5877/12/2078
f 5850/12/2051 5878/12/2079 5879/12/2080
f 5850/12/2051 5879/12/2080 5851/12/2052
f 5878/12/2079 5819/12/2020 5818/12/2019
f 5878/12/2079 5818/12/2019 5879/12/2080
f 5830/12/2031 5880/12/2081 5881/12/2082
f 5830/12/2031 5881/12/2082 5831/12/2032
f 5880/12/2081 5882/12/2083 5883/12/2084
f 5880/12/2081 5883/12/2084 5881/12/2082
f 5866/12/2067 5884/12/2085 5885/12/2086
f 5866/12/2067 5885/12/2086 5867/12/2068
f 5884/12/2085 5815/12/2016 5814/12/2015
f 5884/12/2085 5814/12/2015 5885/12/2086
f 5861/12/2062 5860/12/2061 5883/12/2084
f 5861/12/2062 5883/12/2084 5882/12/2083
f 5886/12/2087 5887/12/2088 5888/12/2089
f 5886/12/2087 5888/12/2089 5889/12/2090
f 5890/12/2091 5891/12/2092 5892/12/2093
f 5890/12/2091 5892/12/2093 5893/12/2094
f 5894/12/2095 5895/12/2096 5896/12/2097
f 5894/12/2095 5896/12/2097 5897/12/2098
f 5898/12/2099 5899/12/2100 5900/12/2101
f 5898/12/2099 5900/12/2101 5901/12/2102
f 5902/12/2103 5903/12/2104 5904/12/2105
f 5902/12/2103 5904/12/2105 5905/12/2106
f 5906/12/2107 5907/12/2108 5908/12/2109
f 5906/12/2107 5908/12/2109 5909/12/2110
f 5899/12/2100 5906/12/2107 5909/12/2110
f 5899/12/2100 5909/12/2110 5900/12/2101
f 5910/12/2111 5911/12/2112 5912/12/2113
f 5910/12/2111 5912/12/2113 5913/12/2114
f 5914/12/2115 5915/12/2116 5916/12/2117
f 5914/12/2115 5916/12/2117 5917/12/2118
f 5918/12/2119 5914/12/2115 5917/12/2118
f 5918/12/2119 5917/12/2118 5919/12/2120
f 5920/12/2121 5921/12/2122 5922/12/2123
f 5920/12/2121 5922/12/2123 5923/12/2124
f 5924/12/2125 5925/12/2126 5926/12/2127
f 5924/12/2125 5926/12/2127 5927/12/2128
f 5887/12/2088 5924/12/2125 5927/12/2128
f 5887/12/2088 5927/12/2128 5888/12/2089
f 5928/12/2129 5929/12/2130 5930/12/2131
f 5928/12/2129 5930/12/2131 5931/12/2132
f 5932/12/2133 5933/12/2134 5934/12/2135
f 5932/12/2133 5934/12/2135 5935/12/2136
f 5936/12/2137 5932/12/2133 5935/12/2136
f 5936/12/2137 5935/12/2136 5937/12/2138
f 5938/12/2139 5894/12/2095 5897/12/2098
f 5938/12/2139 5897/12/2098 5939/12/2140
f 5940/12/2141 5918/12/2119 5919/12/2120
f 5940/12/2141 5919/12/2120 5941/12/2142
f 5915/12/2116 5942/12/2143 5943/12/2144
f 5915/12/2116 5943/12/2144 5916/12/2117
f 5944/12/2145 5945/12/2146 5921/12/2122
f 5944/12/2145 5921/12/2122 5920/12/2121
f 5946/12/2147 5947/12/2148 5911/12/2112
f 5946/12/2147 5911/12/2112 5910/12/2111
f 5948/12/2149 5949/12/2150 5945/12/2146
f 5948/12/2149 5945/12/2146 5944/12/2145
f 5950/12/29 5951/12/2151 5952/12/2152
f 5950/12/29 5952/12/2152 5953/12/29
f 5954/12/2153 5955/12/2154 5956/12/2155
f 5954/12/2153 5956/12/2155 5957/12/2156
f 5913/12/2114 5912/12/2113 5958/12/2157
f 5913/12/2114 5958/12/2157 5959/12/2158
f 5960/12/2159 5961/12/2160 5962/12/2161
f 5960/12/2159 5962/12/2161 5963/12/2162
f 5964/12/2163 5965/12/2164 5966/12/2165
f 5964/12/2163 5966/12/2165 5967/12/2166
f 5968/12/2167 5969/12/2168 5970/12/2169
f 5968/12/2167 5970/12/2169 5971/12/2170
f 5972/12/2171 5936/12/2137 5937/12/2138
f 5972/12/2171 5937/12/2138 5973/12/2172
f 5974/12/2173 5975/12/2174 5976/12/2175
f 5974/12/2173 5976/12/2175 5977/12/2176
f 5895/12/2096 5978/12/2177 5979/12/2178
f 5895/12/2096 5979/12/2178 5896/12/2097
f 5925/12/2126 5980/12/2179 5981/12/2180
f 5925/12/2126 5981/12/2180 5926/12/2127
f 5933/12/2134 5982/12/2181 5983/12/2182
f 5933/12/2134 5983/12/2182 5934/12/2135
f 5984/12/2183 5985/12/2184 5986/12/2185
f 5984/12/2183 5986/12/2185 5987/12/2186
f 5931/12/2132 5930/12/2131 5962/12/2161
f 5931/12/2132 5962/12/2161 5961/12/2160
f 5988/12/2187 5989/12/2188 5903/12/2104
f 5988/12/2187 5903/12/2104 5902/12/2103
f 5990/12/2189 5959/12/2158 5958/12/2157
f 5990/12/2189 5958/12/2157 5991/12/2190
f 5891/12/2092 5992/12/2191 5993/12/2192
f 5891/12/2092 5993/12/2192 5892/12/2093
f 5994/12/7 5995/12/2193 5996/12/2194
f 5994/12/7 5996/12/2194 5997/12/7
f 5998/12/18 5999/12/2195 6000/12/2196
f 5998/12/18 6000/12/2196 6001/12/18
f 6002/12/2197 5954/12/2153 5957/12/2156
f 6002/12/2197 5957/12/2156 6003/12/2198
f 5978/12/2177 6004/12/2199 6005/12/2200
f 5978/12/2177 6005/12/2200 5979/12/2178
f 5992/12/2191 5984/12/2183 5987/12/2186
f 5992/12/2191 5987/12/2186 5993/12/2192
f 5905/12/2106 5904/12/2105 6006/12/2201
f 5905/12/2106 6006/12/2201 6007/12/2202
f 5923/12/2124 5922/12/2123 6008/12/2203
f 5923/12/2124 6008/12/2203 6009/12/2204
f 5967/12/2166 5966/12/2165 5929/12/2130
f 5967/12/2166 5929/12/2130 5928/12/2129
f 6010/12/2205 6011/12/2206 6012/12/2207
f 6010/12/2205 6012/12/2207 6013/12/2208
f 5975/12/2174 6010/12/2205 6013/12/2208
f 5975/12/2174 6013/12/2208 5976/12/2175
f 5969/12/2168 6002/12/2197 6003/12/2198
f 5969/12/2168 6003/12/2198 5970/12/2169
f 6014/12/2209 5974/12/2173 5977/12/2176
f 6014/12/2209 5977/12/2176 6015/12/2210
f 6016/12/2211 6017/12/2212 6018/12/2213
f 6016/12/2211 6018/12/2213 6019/12/2214
f 6019/12/2214 6018/12/2213 6020/12/2215
f 6019/12/2214 6020/12/2215 6021/12/2215
f 6022/12/2216 6023/12/2216 5996/12/2194
f 6022/12/2216 5996/12/2194 5995/12/2193
f 6024/12/2217 6025/12/2218 6026/12/2219
f 6024/12/2217 6026/12/2219 6027/12/2220
f 6027/12/2220 6026/12/2219 6028/12/2221
f 6027/12/2220 6028/12/2221 6029/12/2221
f 6030/12/2222 6031/12/2222 6000/12/2196
f 6030/12/2222 6000/12/2196 5999/12/2195
f 6032/12/2223 6033/12/2224 6034/12/2225
f 6032/12/2223 6034/12/2225 6035/12/2225
f 6036/12/2226 6037/12/2226 6038/12/2227
f 6036/12/2226 6038/12/2227 6039/12/2228
f 6039/12/2228 6038/12/2227 5952/12/2152
f 6039/12/2228 5952/12/2152 5951/12/2151
f 6040/12/2229 6041/12/2230 6042/12/2231
f 6040/12/2229 6042/12/2231 6043/12/2231
f 6044/12/2232 6045/12/2232 6046/12/2233
f 6044/12/2232 6046/12/2233 6047/12/2234
f 6047/12/2234 6046/12/2233 6048/12/2235
f 6047/12/2234 6048/12/2235 6049/12/2236
f 6050/12/30 6049/12/2236 6048/12/2235
f 6050/12/30 6048/12/2235 6051/12/30
f 5908/12/2109 6052/12/2237 6053/12/2238
f 5908/12/2109 6053/12/2238 6054/12/2239
f 6055/12/2240 6056/12/2241 5988/12/2187
f 6055/12/2240 5988/12/2187 5902/12/2103
f 5977/12/2176 5976/12/2175 6057/12/2242
f 5977/12/2176 6057/12/2242 6058/12/2243
f 6059/12/2244 6060/12/2245 5903/12/2104
f 6059/12/2244 5903/12/2104 5989/12/2188
f 5909/12/2110 5908/12/2109 6054/12/2239
f 5909/12/2110 6054/12/2239 6061/12/2246
f 6062/12/2247 6055/12/2240 5902/12/2103
f 6062/12/2247 5902/12/2103 5905/12/2106
f 5976/12/2175 6013/12/2208 6063/12/2248
f 5976/12/2175 6063/12/2248 6057/12/2242
f 6060/12/2245 6064/12/2249 5904/12/2105
f 6060/12/2245 5904/12/2105 5903/12/2104
f 5900/12/2101 5909/12/2110 6061/12/2246
f 5900/12/2101 6061/12/2246 6065/12/2250
f 6066/12/2251 6062/12/2247 5905/12/2106
f 6066/12/2251 5905/12/2106 6007/12/2202
f 6013/12/2208 6012/12/2207 6067/12/2252
f 6013/12/2208 6067/12/2252 6063/12/2248
f 6064/12/2249 6068/12/2253 6006/12/2201
f 6064/12/2249 6006/12/2201 5904/12/2105
f 5916/12/2117 5943/12/2144 6069/12/2254
f 5916/12/2117 6069/12/2254 6070/12/2255
f 6071/12/2256 6072/12/2257 5946/12/2147
f 6071/12/2256 5946/12/2147 5910/12/2111
f 5970/12/2169 6003/12/2198 6073/12/2258
f 5970/12/2169 6073/12/2258 6074/12/2259
f 6075/12/2260 6076/12/2261 5911/12/2112
f 6075/12/2260 5911/12/2112 5947/12/2148
f 5917/12/2118 5916/12/2117 6070/12/2255
f 5917/12/2118 6070/12/2255 6077/12/2262
f 6078/12/2263 6071/12/2256 5910/12/2111
f 6078/12/2263 5910/12/2111 5913/12/2114
f 6003/12/2198 5957/12/2156 6079/12/2264
f 6003/12/2198 6079/12/2264 6073/12/2258
f 6076/12/2261 6080/12/2265 5912/12/2113
f 6076/12/2261 5912/12/2113 5911/12/2112
f 5919/12/2120 5917/12/2118 6077/12/2262
f 5919/12/2120 6077/12/2262 6081/12/2266
f 6082/12/2267 6078/12/2263 5913/12/2114
f 6082/12/2267 5913/12/2114 5959/12/2158
f 5957/12/2156 5956/12/2155 6083/12/2268
f 5957/12/2156 6083/12/2268 6079/12/2264
f 6080/12/2265 6084/12/2269 5958/12/2157
f 6080/12/2265 5958/12/2157 5912/12/2113
f 5926/12/2127 5981/12/2180 6085/12/2270
f 5926/12/2127 6085/12/2270 6086/12/2271
f 6087/12/2272 6088/12/2273 5944/12/2145
f 6087/12/2272 5944/12/2145 5920/12/2121
f 5897/12/2098 5896/12/2097 6089/12/2274
f 5897/12/2098 6089/12/2274 6090/12/2275
f 6091/12/2276 6092/12/2277 5921/12/2122
f 6091/12/2276 5921/12/2122 5945/12/2146
f 5927/12/2128 5926/12/2127 6086/12/2271
f 5927/12/2128 6086/12/2271 6093/12/2278
f 6094/12/2279 6087/12/2272 5920/12/2121
f 6094/12/2279 5920/12/2121 5923/12/2124
f 5896/12/2097 5979/12/2178 6095/12/2280
f 5896/12/2097 6095/12/2280 6089/12/2274
f 6092/12/2277 6096/12/2281 5922/12/2123
f 6092/12/2277 5922/12/2123 5921/12/2122
f 5888/12/2089 5927/12/2128 6093/12/2278
f 5888/12/2089 6093/12/2278 6097/12/2282
f 6098/12/2283 6094/12/2279 5923/12/2124
f 6098/12/2283 5923/12/2124 6009/12/2204
f 5979/12/2178 6005/12/2200 6099/12/2284
f 5979/12/2178 6099/12/2284 6095/12/2280
f 6096/12/2281 6100/12/2285 6008/12/2203
f 6096/12/2281 6008/12/2203 5922/12/2123
f 5934/12/2135 5983/12/2182 6101/12/2286
f 5934/12/2135 6101/12/2286 6102/12/2287
f 6103/12/2288 6104/12/2289 5967/12/2166
f 6103/12/2288 5967/12/2166 5928/12/2129
f 5892/12/2093 5993/12/2192 6105/12/2290
f 5892/12/2093 6105/12/2290 6106/12/2291
f 6107/12/2292 6108/12/2293 5929/12/2130
f 6107/12/2292 5929/12/2130 5966/12/2165
f 5935/12/2136 5934/12/2135 6102/12/2287
f 5935/12/2136 6102/12/2287 6109/12/2294
f 6110/12/2295 6103/12/2288 5928/12/2129
f 6110/12/2295 5928/12/2129 5931/12/2132
f 5993/12/2192 5987/12/2186 6111/12/2296
f 5993/12/2192 6111/12/2296 6105/12/2290
f 6108/12/2293 6112/12/2297 5930/12/2131
f 6108/12/2293 5930/12/2131 5929/12/2130
f 5937/12/2138 5935/12/2136 6109/12/2294
f 5937/12/2138 6109/12/2294 6113/12/2298
f 6114/12/2299 6110/12/2295 5931/12/2132
f 6114/12/2299 5931/12/2132 5961/12/2160
f 5987/12/2186 5986/12/2185 6115/12/2300
f 5987/12/2186 6115/12/2300 6111/12/2296
f 6112/12/2297 6116/12/2301 5962/12/2161
f 6112/12/2297 5962/12/2161 5930/12/2131
f 6015/12/2210 5977/12/2176 6058/12/2243
f 6015/12/2210 6058/12/2243 6117/12/2302
f 6118/12/2303 6059/12/2244 5989/12/2188
f 6118/12/2303 5989/12/2188 6119/12/2304
f 5939/12/2140 5897/12/2098 6090/12/2275
f 5939/12/2140 6090/12/2275 6120/12/2305
f 6121/12/2306 6091/12/2276 5945/12/2146
f 6121/12/2306 5945/12/2146 5949/12/2150
f 5963/12/2162 5962/12/2161 6116/12/2301
f 5963/12/2162 6116/12/2301 6122/12/2307
f 6123/12/2308 6115/12/2300 5986/12/2185
f 6123/12/2308 5986/12/2185 6124/12/2309
f 6125/12/2310 5946/12/2147 6072/12/2257
f 6125/12/2310 6072/12/2257 6126/12/2311
f 6127/12/2312 6069/12/2254 5943/12/2144
f 6127/12/2312 5943/12/2144 6128/12/2313
f 6129/12/2314 6006/12/2201 6068/12/2253
f 6129/12/2314 6068/12/2253 6130/12/2315
f 6131/12/2316 6067/12/2252 6012/12/2207
f 6131/12/2316 6012/12/2207 6132/12/2317
f 5973/12/2172 5937/12/2138 6113/12/2298
f 5973/12/2172 6113/12/2298 6133/12/2318
f 6134/12/2319 6114/12/2299 5961/12/2160
f 6134/12/2319 5961/12/2160 5960/12/2159
f 5971/12/2170 5970/12/2169 6074/12/2259
f 5971/12/2170 6074/12/2259 6135/12/2320
f 6136/12/2321 6075/12/2260 5947/12/2148
f 6136/12/2321 5947/12/2148 6137/12/2322
f 5901/12/2102 5900/12/2101 6065/12/2250
f 5901/12/2102 6065/12/2250 6138/12/2323
f 6139/12/2324 6066/12/2251 6007/12/2202
f 6139/12/2324 6007/12/2202 6140/12/2325
f 5907/12/2108 6141/12/2326 6052/12/2237
f 5907/12/2108 6052/12/2237 5908/12/2109
f 6100/12/2285 6142/12/2327 6143/12/2328
f 6100/12/2285 6143/12/2328 6008/12/2203
f 6142/12/2327 6134/12/2319 5960/12/2159
f 6142/12/2327 5960/12/2159 6143/12/2328
f 6005/12/2200 6144/12/2329 6145/12/2330
f 6005/12/2200 6145/12/2330 6099/12/2284
f 6144/12/2329 5973/12/2172 6133/12/2318
f 6144/12/2329 6133/12/2318 6145/12/2330
f 6097/12/2282 6146/12/2331 5889/12/2090
f 6097/12/2282 5889/12/2090 5888/12/2089
f 6146/12/2331 6123/12/2308 6124/12/2309
f 6146/12/2331 6124/12/2309 5889/12/2090
f 6009/12/2204 6147/12/2332 6148/12/2333
f 6009/12/2204 6148/12/2333 6098/12/2283
f 6147/12/2332 5963/12/2162 6122/12/2307
f 6147/12/2332 6122/12/2307 6148/12/2333
f 6024/12/2217 6149/12/30 6150/12/30
f 6024/12/2217 6150/12/30 6025/12/2218
s 0
f 6149/12/30 6050/12/30 6051/12/30
f 6149/12/30 6051/12/30 6150/12/30
s 1
f 6004/12/2199 6151/12/2334 6144/12/2329
f 6004/12/2199 6144/12/2329 6005/12/2200
f 6151/12/2334 5972/12/2171 5973/12/2172
f 6151/12/2334 5973/12/2172 6144/12/2329
f 6008/12/2203 6143/12/2328 6147/12/2332
f 6008/12/2203 6147/12/2332 6009/12/2204
f 6143/12/2328 5960/12/2159 5963/12/2162
f 6143/12/2328 5963/12/2162 6147/12/2332
f 5985/12/2184 6152/12/2335 6124/12/2309
f 5985/12/2184 6124/12/2309 5986/12/2185
f 6152/12/2335 5886/12/2087 5889/12/2090
f 6152/12/2335 5889/12/2090 6124/12/2309
f 6084/12/2269 6153/12/2336 5991/12/2190
f 6084/12/2269 5991/12/2190 5958/12/2157
f 6153/12/2336 6139/12/2324 6140/12/2325
f 6153/12/2336 6140/12/2325 5991/12/2190
f 5956/12/2155 6154/12/2337 6155/12/2338
f 5956/12/2155 6155/12/2338 6083/12/2268
f 6154/12/2337 5901/12/2102 6138/12/2323
f 6154/12/2337 6138/12/2323 6155/12/2338
f 6081/12/2266 6156/12/2339 5941/12/2142
f 6081/12/2266 5941/12/2142 5919/12/2120
f 6156/12/2339 6131/12/2316 6132/12/2317
f 6156/12/2339 6132/12/2317 5941/12/2142
f 5959/12/2158 5990/12/2189 6157/12/2340
f 5959/12/2158 6157/12/2340 6082/12/2267
f 5990/12/2189 6129/12/2314 6130/12/2315
f 5990/12/2189 6130/12/2315 6157/12/2340
f 6006/12/2201 6129/12/2314 6140/12/2325
f 6006/12/2201 6140/12/2325 6007/12/2202
f 6129/12/2314 5990/12/2189 5991/12/2190
f 6129/12/2314 5991/12/2190 6140/12/2325
f 6016/12/2211 6158/12/29 6159/12/29
f 6016/12/2211 6159/12/29 6017/12/2212
s 0
f 6158/12/29 5950/12/29 5953/12/29
f 6158/12/29 5953/12/29 6159/12/29
s 1
f 6011/12/2206 6160/12/2341 6132/12/2317
f 6011/12/2206 6132/12/2317 6012/12/2207
f 6160/12/2341 5940/12/2141 5941/12/2142
f 6160/12/2341 5941/12/2142 6132/12/2317
f 5955/12/2154 6161/12/2342 6154/12/2337
f 5955/12/2154 6154/12/2337 5956/12/2155
f 6161/12/2342 5898/12/2099 5901/12/2102
f 6161/12/2342 5901/12/2102 6154/12/2337
f 6104/12/2289 6162/12/2343 5964/12/2163
f 6104/12/2289 5964/12/2163 5967/12/2166
f 6162/12/2343 6136/12/2321 6137/12/2322
f 6162/12/2343 6137/12/2322 5964/12/2163
f 5983/12/2182 6163/12/2344 6164/12/2345
f 5983/12/2182 6164/12/2345 6101/12/2286
f 6163/12/2344 5971/12/2170 6135/12/2320
f 6163/12/2344 6135/12/2320 6164/12/2345
f 6106/12/2291 6165/12/2346 5893/12/2094
f 6106/12/2291 5893/12/2094 5892/12/2093
f 6165/12/2346 6127/12/2312 6128/12/2313
f 6165/12/2346 6128/12/2313 5893/12/2094
f 5966/12/2165 5965/12/2164 6166/12/2347
f 5966/12/2165 6166/12/2347 6107/12/2292
f 5965/12/2164 6125/12/2310 6126/12/2311
f 5965/12/2164 6126/12/2311 6166/12/2347
f 6040/12/2229 6167/12/7 6168/12/7
f 6040/12/2229 6168/12/7 6041/12/2230
s 0
f 6167/12/7 5994/12/7 5997/12/7
f 6167/12/7 5997/12/7 6168/12/7
s 1
f 5982/12/2181 6169/12/2348 6163/12/2344
f 5982/12/2181 6163/12/2344 5983/12/2182
f 6169/12/2348 5968/12/2167 5971/12/2170
f 6169/12/2348 5971/12/2170 6163/12/2344
f 5947/12/2148 5946/12/2147 6125/12/2310
f 5947/12/2148 6125/12/2310 6137/12/2322
f 6137/12/2322 6125/12/2310 5965/12/2164
f 6137/12/2322 5965/12/2164 5964/12/2163
f 5942/12/2143 6170/12/2349 6128/12/2313
f 5942/12/2143 6128/12/2313 5943/12/2144
f 6170/12/2349 5890/12/2091 5893/12/2094
f 6170/12/2349 5893/12/2094 6128/12/2313
f 6056/12/2241 6171/12/2350 6172/12/2351
f 6056/12/2241 6172/12/2351 5988/12/2187
f 6171/12/2350 6121/12/2306 5949/12/2150
f 6171/12/2350 5949/12/2150 6172/12/2351
f 6052/12/2237 6173/12/2352 6174/12/2353
f 6052/12/2237 6174/12/2353 6053/12/2238
f 6173/12/2352 5939/12/2140 6120/12/2305
f 6173/12/2352 6120/12/2305 6174/12/2353
f 6088/12/2273 6175/12/2354 5948/12/2149
f 6088/12/2273 5948/12/2149 5944/12/2145
f 6175/12/2354 6118/12/2303 6119/12/2304
f 6175/12/2354 6119/12/2304 5948/12/2149
f 5981/12/2180 6176/12/2355 6177/12/2356
f 5981/12/2180 6177/12/2356 6085/12/2270
f 6176/12/2355 6015/12/2210 6117/12/2302
f 6176/12/2355 6117/12/2302 6177/12/2356
f 5980/12/2179 6178/12/2357 6176/12/2355
f 5980/12/2179 6176/12/2355 5981/12/2180
f 6178/12/2357 6014/12/2209 6015/12/2210
f 6178/12/2357 6015/12/2210 6176/12/2355
f 6032/12/2223 6179/12/18 6180/12/18
f 6032/12/2223 6180/12/18 6033/12/2224
s 0
f 6179/12/18 5998/12/18 6001/12/18
f 6179/12/18 6001/12/18 6180/12/18
s 1
f 5989/12/2188 5988/12/2187 6172/12/2351
f 5989/12/2188 6172/12/2351 6119/12/2304
f 6119/12/2304 6172/12/2351 5949/12/2150
f 6119/12/2304 5949/12/2150 5948/12/2149
f 6141/12/2326 6181/12/2358 6173/12/2352
f 6141/12/2326 6173/12/2352 6052/12/2237
f 6181/12/2358 5938/12/2139 5939/12/2140
f 6181/12/2358 5939/12/2140 6173/12/2352
f 6182/12/2359 6183/12/2359 6184/12/2359
f 6182/12/2359 6184/12/2359 6185/12/2359
s 0
f 6186/12/2360 6187/12/2360 6188/12/2360
f 6186/12/2360 6188/12/2360 6189/12/2360
f 6190/12/2361 6191/12/2361 6192/12/2361
f 6190/12/2361 6192/12/2361 6193/12/2361
f 6194/12/2362 6195/12/2362 6196/12/2362
f 6194/12/2362 6196/12/2362 6197/12/2362
f 6198/12/2363 6199/12/2363 6200/12/2363
f 6198/12/2363 6200/12/2363 6201/12/2363
f 6202/12/2364 6203/12/2364 6204/12/2364
f 6202/12/2364 6204/12/2364 6205/12/2364
f 6206/12/2365 6207/12/2365 6208/12/2365
f 6206/12/2365 6208/12/2365 6209/12/2365
f 6210/12/2366 6211/12/2366 6212/12/2366
f 6210/12/2366 6212/12/2366 6213/12/2366
f 6214/12/2367 6215/12/2367 6216/12/2367
f 6214/12/2367 6216/12/2367 6217/12/2367
f 6218/12/2368 6219/12/2368 6220/12/2368
f 6218/12/2368 6220/12/2368 6221/12/2368
f 6222/12/2369 6223/12/2369 6224/12/2369
f 6222/12/2369 6224/12/2369 6225/12/2369
f 6226/12/2370 6227/12/2370 6228/12/2370
f 6226/12/2370 6228/12/2370 6229/12/2370
f 6230/12/2371 6231/12/2371 6232/12/2371
f 6230/12/2371 6232/12/2371 6233/12/2371
f 6234/12/2372 6235/12/2372 6236/12/2372
f 6234/12/2373 6236/12/2373 6237/12/2373
f 6238/12/2374 6239/12/2374 6240/12/2374
f 6238/12/2374 6240/12/2374 6241/12/2374
f 6242/12/2375 6243/12/2375 6244/12/2375
f 6242/12/2375 6244/12/2375 6245/12/2375
f 6246/12/2376 6247/12/2376 6248/12/2376
f 6246/12/2376 6248/12/2376 6249/12/2376
f 6250/12/2377 6251/12/2377 6252/12/2377
f 6250/12/2377 6252/12/2377 6253/12/2377
f 6254/12/2378 6255/12/2378 6256/12/2378
f 6254/12/2378 6256/12/2378 6257/12/2378
f 6258/12/2379 6259/12/2379 6260/12/2379
f 6258/12/2379 6260/12/2379 6261/12/2379
f 6262/12/2380 6263/12/2380 6264/12/2380
f 6262/12/2380 6264/12/2380 6265/12/2380
f 6266/12/2381 6267/12/2381 6268/12/2381
f 6266/12/2381 6268/12/2381 6269/12/2381
f 6270/12/2382 6271/12/2382 6272/12/2382
f 6270/12/2382 6272/12/2382 6273/12/2382
f 6274/12/2383 6275/12/2383 6276/12/2383
f 6274/12/2383 6276/12/2383 6277/12/2383
f 6278/12/2384 6279/12/2384 6280/12/2384
f 6278/12/2384 6280/12/2384 6281/12/2384
f 6282/12/2385 6283/12/2385 6284/12/2385
f 6282/12/2385 6284/12/2385 6285/12/2385
f 6286/12/2386 6287/12/2386 6288/12/2386
f 6286/12/2386 6288/12/2386 6289/12/2386
s 1
f 6290/12/2387 6291/12/2387 6292/12/2387
s 0
f 6290/12/2387 6292/12/2387 6293/12/2387
f 6294/12/29 6295/12/29 6296/12/29
f 6294/12/29 6296/12/29 6297/12/29
f 6298/12/29 6299/12/29 6300/12/29
f 6298/12/29 6300/12/29 6301/12/29
s 1
f 6302/12/2388 6303/12/2388 6304/12/2388
f 6302/12/2388 6304/12/2388 6305/12/2388
s 0
f 6306/12/2389 6307/12/2389 6308/12/2389
f 6306/12/2389 6308/12/2389 6309/12/2389
f 6310/12/2390 6311/12/2390 6312/12/2390
f 6310/12/2390 6312/12/2390 6313/12/2390
f 6314/12/2391 6315/12/2391 6316/12/2391
f 6314/12/2391 6316/12/2391 6317/12/2391
f 6318/12/2392 6319/12/2392 6320/12/2392
f 6318/12/2392 6320/12/2392 6321/12/2392
f 6322/12/2393 6323/12/2393 6324/12/2393
f 6322/12/2393 6324/12/2393 6325/12/2393
f 6326/12/2394 6327/12/2394 6328/12/2394
f 6326/12/2394 6328/12/2394 6329/12/2394
f 6330/12/2395 6331/12/2395 6332/12/2395
f 6330/12/2395 6332/12/2395 6333/12/2395
f 6334/12/2396 6335/12/2396 6336/12/2396
f 6334/12/2396 6336/12/2396 6337/12/2396
f 6338/12/2397 6339/12/2397 6340/12/2397
f 6338/12/2397 6340/12/2397 6341/12/2397
f 6342/12/2398 6343/12/2398 6344/12/2398
f 6342/12/2398 6344/12/2398 6345/12/2398
f 6346/12/2399 6347/12/2399 6348/12/2399
f 6346/12/2399 6348/12/2399 6349/12/2399
f 6350/12/2400 6351/12/2400 6352/12/2400
f 6350/12/2400 6352/12/2400 6353/12/2400
f 6354/12/2401 6355/12/2401 6356/12/2401
f 6354/12/2401 6356/12/2401 6357/12/2401
f 6358/12/2402 6359/12/2402 6360/12/2402
f 6358/12/2402 6360/12/2402 6361/12/2402
f 6362/12/2403 6363/12/2403 6364/12/2403
f 6362/12/2403 6364/12/2403 6365/12/2403
f 6366/12/2404 6367/12/2404 6368/12/2404
s 1
f 6366/12/2404 6368/12/2404 6369/12/2404
s 0
f 6370/12/2405 6371/12/2405 6372/12/2405
f 6370/12/2405 6372/12/2405 6373/12/2405
f 6374/12/2406 6375/12/2406 6376/12/2406
f 6374/12/2406 6376/12/2406 6377/12/2406
f 6378/12/2407 6379/12/2407 6380/12/2407
f 6378/12/2407 6380/12/2407 6381/12/2407
f 6382/12/2408 6383/12/2408 6384/12/2408
f 6382/12/2408 6384/12/2408 6385/12/2408
f 6386/12/2409 6387/12/2409 6388/12/2409
f 6386/12/2409 6388/12/2409 6389/12/2409
f 6390/12/2410 6391/12/2410 6392/12/2410
f 6390/12/2410 6392/12/2410 6393/12/2410
f 6394/12/2411 6395/12/2411 6396/12/2411
f 6394/12/2411 6396/12/2411 6397/12/2411
f 6398/12/2412 6399/12/2412 6400/12/2412
f 6398/12/2412 6400/12/2412 6401/12/2412
f 6402/12/2413 6403/12/2413 6404/12/2413
f 6402/12/2413 6404/12/2413 6405/12/2413
f 6406/12/2414 6407/12/2414 6408/12/2414
f 6406/12/2414 6408/12/2414 6409/12/2414
s 1
f 6410/12/2415 6411/12/2415 6412/12/2415
f 6410/12/2415 6412/12/2415 6413/12/2415
s 0
f 6414/12/30 6415/12/30 6416/12/30
f 6414/12/30 6416/12/30 6417/12/30
f 6418/12/30 6419/12/30 6420/12/30
f 6418/12/30 6420/12/30 6421/12/30
f 6422/12/2416 6423/12/2416 6424/12/2416
f 6422/12/2416 6424/12/2416 6425/12/2416
f 6426/12/2417 6427/12/2417 6428/12/2417
f 6426/12/2417 6428/12/2417 6429/12/2417
f 6430/12/2418 6431/12/2418 6432/12/2418
f 6430/12/2418 6432/12/2418 6433/12/2418
f 6434/12/2419 6435/12/2419 6436/12/2419
f 6434/12/2419 6436/12/2419 6437/12/2419
f 6438/12/2420 6439/12/2420 6440/12/2420
f 6438/12/2420 6440/12/2420 6441/12/2420
f 6442/12/2421 6443/12/2421 6444/12/2421
f 6442/12/2421 6444/12/2421 6445/12/2421
f 6446/12/2422 6447/12/2422 6448/12/2422
f 6446/12/2422 6448/12/2422 6449/12/2422
f 6450/12/2423 6451/12/2423 6452/12/2423
f 6450/12/2423 6452/12/2423 6453/12/2423
f 6454/12/2424 6455/12/2424 6456/12/2424
f 6454/12/2424 6456/12/2424 6457/12/2424
s 1
f 6458/12/2425 6459/12/2425 6460/12/2425
s 0
f 6458/12/2425 6460/12/2425 6461/12/2425
f 6462/12/2426 6463/12/2426 6464/12/2426
f 6462/12/2426 6464/12/2426 6465/12/2426
f 6466/12/2427 6467/12/2427 6468/12/2427
f 6466/12/2427 6468/12/2427 6469/12/2427
f 6470/12/2428 6471/12/2428 6472/12/2428
f 6470/12/2428 6472/12/2428 6473/12/2428
f 6474/12/2429 6475/12/2429 6476/12/2429
f 6474/12/2429 6476/12/2429 6477/12/2429
f 6478/12/2430 6479/12/2430 6480/12/2430
f 6478/12/2430 6480/12/2430 6481/12/2430
f 6482/12/2431 6483/12/2431 6484/12/2431
f 6482/12/2431 6484/12/2431 6485/12/2431
f 6486/12/2432 6487/12/2432 6488/12/2432
f 6486/12/2432 6488/12/2432 6489/12/2432
f 6490/12/2433 6491/12/2433 6492/12/2433
f 6490/12/2433 6492/12/2433 6493/12/2433
f 6494/12/2434 6495/12/2434 6496/12/2434
f 6494/12/2434 6496/12/2434 6497/12/2434
f 6498/12/2435 6499/12/2435 6500/12/2435
f 6498/12/2435 6500/12/2435 6501/12/2435
f 6502/12/2436 6503/12/2436 6504/12/2436
f 6502/12/2436 6504/12/2436 6505/12/2436
f 6506/12/2437 6507/12/2437 6508/12/2437
f 6506/12/2437 6508/12/2437 6509/12/2437
f 6510/12/2438 6511/12/2438 6512/12/2438
f 6510/12/2438 6512/12/2438 6513/12/2438
f 6514/12/2439 6515/12/2439 6516/12/2439
f 6514/12/2439 6516/12/2439 6517/12/2439
f 6518/12/2440 6519/12/2440 6520/12/2440
f 6518/12/2440 6520/12/2440 6521/12/2440
f 6522/12/2441 6523/12/2441 6524/12/2441
f 6522/12/2441 6524/12/2441 6525/12/2441
f 6526/12/2442 6527/12/2442 6528/12/2442
f 6526/12/2442 6528/12/2442 6529/12/2442
f 6530/12/2443 6531/12/2443 6532/12/2443
f 6530/12/2443 6532/12/2443 6533/12/2443
f 6534/12/2444 6535/12/2444 6536/12/2444
f 6534/12/2444 6536/12/2444 6537/12/2444
f 6538/12/2445 6539/12/2445 6540/12/2445
f 6538/12/2445 6540/12/2445 6541/12/2445
f 6542/12/2446 6543/12/2446 6544/12/2446
f 6542/12/2446 6544/12/2446 6545/12/2446
f 6546/12/2447 6547/12/2447 6548/12/2447
f 6546/12/2447 6548/12/2447 6549/12/2447
f 6550/12/2448 6551/12/2448 6552/12/2448
f 6550/12/2448 6552/12/2448 6553/12/2448
f 6554/12/2449 6555/12/2449 6556/12/2449
f 6554/12/2449 6556/12/2449 6557/12/2449
f 6558/12/2450 6559/12/2450 6560/12/2450
f 6558/12/2450 6560/12/2450 6561/12/2450
f 6562/12/2451 6563/12/2451 6564/12/2451
f 6562/12/2451 6564/12/2451 6565/12/2451
f 6566/12/2452 6567/12/2452 6568/12/2452
f 6566/12/2452 6568/12/2452 6569/12/2452
f 6570/12/2453 6571/12/2453 6572/12/2453
f 6570/12/2453 6572/12/2453 6573/12/2453
f 6574/12/2454 6575/12/2454 6576/12/2454
f 6574/12/2454 6576/12/2454 6577/12/2454
f 6578/12/2455 6579/12/2455 6580/12/2455
f 6578/12/2455 6580/12/2455 6581/12/2455
f 6582/12/2456 6583/12/2456 6584/12/2456
f 6582/12/2456 6584/12/2456 6585/12/2456
f 6586/12/2457 6587/12/2457 6588/12/2457
f 6586/12/2457 6588/12/2457 6589/12/2457
f 6590/12/2458 6591/12/2458 6592/12/2458
f 6590/12/2458 6592/12/2458 6593/12/2458
f 6594/12/2459 6595/12/2459 6596/12/2459
f 6594/12/2459 6596/12/2459 6597/12/2459
f 6598/12/2460 6599/12/2460 6600/12/2460
f 6598/12/2460 6600/12/2460 6601/12/2460
f 6602/12/2461 6603/12/2461 6604/12/2461
f 6602/12/2461 6604/12/2461 6605/12/2461
f 6606/12/2462 6607/12/2462 6608/12/2462
f 6606/12/2462 6608/12/2462 6609/12/2462
f 6610/12/2463 6611/12/2463 6612/12/2463
f 6610/12/2463 6612/12/2463 6613/12/2463
f 6614/12/2464 6615/12/2464 6616/12/2464
f 6614/12/2464 6616/12/2464 6617/12/2464
f 6618/12/2465 6619/12/2465 6620/12/2465
f 6618/12/2465 6620/12/2465 6621/12/2465
f 6622/12/2466 6623/12/2466 6624/12/2466
f 6622/12/2466 6624/12/2466 6625/12/2466
f 6626/12/2467 6627/12/2467 6628/12/2467
f 6626/12/2467 6628/12/2467 6629/12/2467
f 6630/12/2468 6631/12/2468 6632/12/2468
f 6630/12/2468 6632/12/2468 6633/12/2468
f 6634/12/2469 6635/12/2469 6636/12/2469
f 6634/12/2469 6636/12/2469 6637/12/2469
f 6638/12/2470 6639/12/2470 6640/12/2470
f 6638/12/2470 6640/12/2470 6641/12/2470
f 6642/12/2471 6643/12/2471 6644/12/2471
f 6642/12/2471 6644/12/2471 6645/12/2471
f 6646/12/2472 6647/12/2472 6648/12/2472
f 6646/12/2472 6648/12/2472 6649/12/2472
f 6650/12/2473 6651/12/2473 6652/12/2473
f 6650/12/2473 6652/12/2473 6653/12/2473
f 6654/12/2474 6655/12/2474 6656/12/2474
f 6654/12/2474 6656/12/2474 6657/12/2474
f 6658/12/2475 6659/12/2475 6660/12/2475
f 6658/12/2475 6660/12/2475 6661/12/2475
f 6662/12/7 6663/12/7 6664/12/7
f 6662/12/7 6664/12/7 6665/12/7
f 6666/12/18 6667/12/18 6668/12/18
f 6666/12/18 6668/12/18 6669/12/18
f 6670/12/7 6671/12/7 6672/12/7
f 6670/12/7 6672/12/7 6673/12/7
f 6674/12/18 6675/12/18 6676/12/18
f 6674/12/18 6676/12/18 6677/12/18
f 6678/12/7 6679/12/7 6680/12/7
f 6678/12/7 6680/12/7 6681/12/7
f 6682/12/18 6683/12/18 6684/12/18
f 6682/12/18 6684/12/18 6685/12/18
f 6686/12/7 6687/12/7 6688/12/7
f 6686/12/7 6688/12/7 6689/12/7
f 6690/12/18 6691/12/18 6692/12/18
f 6690/12/18 6692/12/18 6693/12/18
f 6694/12/7 6695/12/7 6696/12/7
f 6694/12/7 6696/12/7 6697/12/7
f 6698/12/18 6699/12/18 6700/12/18
f 6698/12/18 6700/12/18 6701/12/18
f 6702/12/7 6703/12/7 6704/12/7
f 6702/12/7 6704/12/7 6705/12/7
f 6706/12/18 6707/12/18 6708/12/18
f 6706/12/18 6708/12/18 6709/12/18
f 6710/12/7 6711/12/7 6712/12/7
f 6710/12/7 6712/12/7 6713/12/7
f 6714/12/18 6715/12/18 6716/12/18
f 6714/12/18 6716/12/18 6717/12/18
f 6718/12/7 6719/12/7 6720/12/7
f 6718/12/7 6720/12/7 6721/12/7
f 6722/12/18 6723/12/18 6724/12/18
f 6722/12/18 6724/12/18 6725/12/18
f 6726/12/7 6727/12/7 6728/12/7
f 6726/12/7 6728/12/7 6729/12/7
f 6730/12/18 6731/12/18 6732/12/18
f 6730/12/18 6732/12/18 6733/12/18
f 6734/12/7 6735/12/7 6736/12/7
f 6734/12/7 6736/12/7 6737/12/7
f 6738/12/18 6739/12/18 6740/12/18
f 6738/12/18 6740/12/18 6741/12/18
f 6742/12/7 6743/12/7 6744/12/7
f 6742/12/7 6744/12/7 6745/12/7
f 6746/12/18 6747/12/18 6748/12/18
f 6746/12/18 6748/12/18 6749/12/18
f 6750/12/7 6751/12/7 6752/12/7
f 6750/12/7 6752/12/7 6753/12/7
f 6754/12/18 6755/12/18 6756/12/18
f 6754/12/18 6756/12/18 6757/12/18
f 6758/12/7 6759/12/7 6760/12/7
f 6758/12/7 6760/12/7 6761/12/7
f 6762/12/18 6763/12/18 6764/12/18
f 6762/12/18 6764/12/18 6765/12/18
f 6766/12/7 6767/12/7 6768/12/7
f 6766/12/7 6768/12/7 6769/12/7
f 6770/12/18 6771/12/18 6772/12/18
f 6770/12/18 6772/12/18 6773/12/18
f 6767/12/7 6774/12/7 6775/12/7
f 6767/12/7 6775/12/7 6768/12/7
f 6776/12/18 6770/12/18 6773/12/18
f 6776/12/18 6773/12/18 6777/12/18
f 6774/12/7 6778/12/7 6779/12/7
f 6774/12/7 6779/12/7 6775/12/7
f 6780/12/18 6781/12/18 6782/12/18
f 6780/12/18 6782/12/18 6783/12/18
f 6784/12/7 6785/12/7 6786/12/7
f 6784/12/7 6786/12/7 6787/12/7
f 6788/12/18 6789/12/18 6790/12/18
f 6788/12/18 6790/12/18 6791/12/18
f 6792/12/7 6793/12/7 6794/12/7
f 6792/12/7 6794/12/7 6795/12/7
f 6796/12/18 6797/12/18 6798/12/18
f 6796/12/18 6798/12/18 6799/12/18
f 6800/12/7 6801/12/7 6802/12/7
f 6800/12/7 6802/12/7 6803/12/7
f 6804/12/18 6805/12/18 6806/12/18
f 6804/12/18 6806/12/18 6807/12/18
f 6808/12/7 6809/12/7 6810/12/7
f 6808/12/7 6810/12/7 6811/12/7
f 6812/12/18 6813/12/18 6814/12/18
f 6812/12/18 6814/12/18 6815/12/18
f 6816/12/7 6817/12/7 6818/12/7
f 6816/12/7 6818/12/7 6819/12/7
f 6820/12/18 6821/12/18 6822/12/18
f 6820/12/18 6822/12/18 6823/12/18
f 6824/12/7 6825/12/7 6826/12/7
f 6824/12/7 6826/12/7 6827/12/7
f 6828/12/18 6829/12/18 6830/12/18
f 6828/12/18 6830/12/18 6831/12/18
f 6832/12/7 6833/12/7 6834/12/7
f 6832/12/7 6834/12/7 6835/12/7
f 6836/12/18 6837/12/18 6838/12/18
f 6836/12/18 6838/12/18 6839/12/18
f 6840/12/7 6841/12/7 6842/12/7
f 6840/12/7 6842/12/7 6843/12/7
f 6844/12/18 6845/12/18 6846/12/18
f 6844/12/18 6846/12/18 6847/12/18
f 6848/12/7 6849/12/7 6850/12/7
f 6848/12/7 6850/12/7 6851/12/7
f 6852/12/18 6853/12/18 6854/12/18
f 6852/12/18 6854/12/18 6855/12/18
f 6856/12/7 6857/12/7 6858/12/7
f 6856/12/7 6858/12/7 6859/12/7
f 6860/12/18 6861/12/18 6862/12/18
f 6860/12/18 6862/12/18 6863/12/18
f 6864/12/7 6865/12/7 6866/12/7
f 6864/12/7 6866/12/7 6867/12/7
f 6868/12/18 6869/12/18 6870/12/18
f 6868/12/18 6870/12/18 6871/12/18
f 6872/12/7 6873/12/7 6874/12/7
f 6872/12/7 6874/12/7 6875/12/7
f 6876/12/18 6877/12/18 6878/12/18
f 6876/12/18 6878/12/18 6879/12/18
f 6880/12/41 6881/12/41 6882/12/41
f 6880/12/41 6882/12/41 6883/12/41
f 6884/12/40 6885/12/40 6886/12/40
f 6884/12/40 6886/12/40 6887/12/40
f 6888/12/7 6889/12/7 6890/12/7
f 6888/12/7 6890/12/7 6891/12/7
f 6892/12/18 6893/12/18 6894/12/18
f 6892/12/18 6894/12/18 6895/12/18
f 6896/12/18 6897/12/18 6898/12/18
f 6896/12/18 6898/12/18 6899/12/18
f 6900/12/7 6901/12/7 6902/12/7
f 6900/12/7 6902/12/7 6903/12/7
f 6904/12/7 6905/12/7 6906/12/7
f 6904/12/7 6906/12/7 6907/12/7
f 6908/12/18 6909/12/18 6910/12/18
f 6908/12/18 6910/12/18 6911/12/18
f 6912/12/7 6913/12/7 6914/12/7
f 6912/12/7 6914/12/7 6915/12/7
f 6916/12/18 6917/12/18 6918/12/18
f 6916/12/18 6918/12/18 6919/12/18
f 6920/12/7 6921/12/7 6922/12/7
f 6920/12/7 6922/12/7 6923/12/7
f 6924/12/18 6925/12/18 6926/12/18
f 6924/12/18 6926/12/18 6927/12/18
f 6928/12/7 6929/12/7 6930/12/7
f 6928/12/7 6930/12/7 6931/12/7
f 6932/12/18 6933/12/18 6934/12/18
f 6932/12/18 6934/12/18 6935/12/18
f 6936/12/7 6937/12/7 6938/12/7
f 6936/12/7 6938/12/7 6939/12/7
f 6940/12/18 6941/12/18 6942/12/18
f 6940/12/18 6942/12/18 6943/12/18
f 6944/12/7 6945/12/7 6946/12/7
f 6944/12/7 6946/12/7 6947/12/7
f 6948/12/18 6949/12/18 6950/12/18
f 6948/12/18 6950/12/18 6951/12/18
f 6952/12/7 6953/12/7 6954/12/7
f 6952/12/7 6954/12/7 6955/12/7
f 6956/12/18 6957/12/18 6958/12/18
f 6956/12/18 6958/12/18 6959/12/18
f 6960/12/7 6961/12/7 6962/12/7
f 6960/12/7 6962/12/7 6963/12/7
f 6964/12/18 6965/12/18 6966/12/18
f 6964/12/18 6966/12/18 6967/12/18
f 6968/12/7 6969/12/7 6970/12/7
f 6968/12/7 6970/12/7 6971/12/7
f 6972/12/18 6973/12/18 6974/12/18
f 6972/12/18 6974/12/18 6975/12/18
f 6976/12/7 6977/12/7 6978/12/7
f 6976/12/7 6978/12/7 6979/12/7
f 6980/12/18 6981/12/18 6982/12/18
f 6980/12/18 6982/12/18 6983/12/18
f 6984/12/7 6976/12/7 6979/12/7
f 6984/12/7 6979/12/7 6985/12/7
f 6986/12/18 6987/12/18 6988/12/18
f 6986/12/18 6988/12/18 6989/12/18
f 6990/12/7 6984/12/7 6985/12/7
f 6990/12/7 6985/12/7 6991/12/7
f 6992/12/18 6993/12/18 6994/12/18
f 6992/12/18 6994/12/18 6995/12/18
f 6996/12/7 6990/12/7 6991/12/7
f 6996/12/7 6991/12/7 6997/12/7
f 6998/12/18 6999/12/18 7000/12/18
f 6998/12/18 7000/12/18 7001/12/18
f 7002/12/7 7003/12/7 7004/12/7
f 7002/12/7 7004/12/7 7005/12/7
f 7006/12/18 7007/12/18 7008/12/18
f 7006/12/18 7008/12/18 7009/12/18
f 7010/12/7 7011/12/7 7012/12/7
f 7010/12/7 7012/12/7 7013/12/7
f 7014/12/18 7015/12/18 7016/12/18
f 7014/12/18 7016/12/18 7017/12/18
f 7018/12/7 7019/12/7 7020/12/7
f 7018/12/7 7020/12/7 7021/12/7
f 7022/12/18 7023/12/18 7024/12/18
f 7022/12/18 7024/12/18 7025/12/18
f 7026/12/7 7027/12/7 7028/12/7
f 7026/12/7 7028/12/7 7029/12/7
f 7030/12/18 7031/12/18 7032/12/18
f 7030/12/18 7032/12/18 7033/12/18
f 7034/12/7 7035/12/7 7036/12/7
f 7034/12/7 7036/12/7 7037/12/7
f 7038/12/18 7039/12/18 7040/12/18
f 7038/12/18 7040/12/18 7041/12/18
f 7042/12/7 7043/12/7 7044/12/7
f 7042/12/7 7044/12/7 7045/12/7
f 7046/12/18 7047/12/18 7048/12/18
f 7046/12/18 7048/12/18 7049/12/18
f 7050/12/7 7051/12/7 7052/12/7
f 7050/12/7 7052/12/7 7053/12/7
f 7054/12/18 7055/12/18 7056/12/18
f 7054/12/18 7056/12/18 7057/12/18
f 7058/12/7 7059/12/7 7060/12/7
f 7058/12/7 7060/12/7 7061/12/7
f 7055/12/18 7062/12/18 7063/12/18
f 7055/12/18 7063/12/18 7056/12/18
f 7064/12/7 7065/12/7 7066/12/7
f 7064/12/7 7066/12/7 7067/12/7
f 7062/12/18 7068/12/18 7069/12/18
f 7062/12/18 7069/12/18 7063/12/18
f 7070/12/7 7071/12/7 7072/12/7
f 7070/12/7 7072/12/7 7073/12/7
f 7074/12/18 7075/12/18 7076/12/18
f 7074/12/18 7076/12/18 7077/12/18
f 7078/12/7 7079/12/7 7080/12/7
f 7078/12/7 7080/12/7 7081/12/7
f 7082/12/18 7083/12/18 7084/12/18
f 7082/12/18 7084/12/18 7085/12/18
f 7086/12/7 7087/12/7 7088/12/7
f 7086/12/7 7088/12/7 7089/12/7
f 7090/12/18 7091/12/18 7092/12/18
f 7090/12/18 7092/12/18 7093/12/18
f 7094/12/7 7095/12/7 7096/12/7
f 7094/12/7 7096/12/7 7097/12/7
f 7098/12/18 7099/12/18 7100/12/18
f 7098/12/18 7100/12/18 7101/12/18
f 7102/12/7 7103/12/7 7104/12/7
f 7102/12/7 7104/12/7 7105/12/7
f 7106/12/18 7107/12/18 7108/12/18
f 7106/12/18 7108/12/18 7109/12/18
f 7110/12/7 7111/12/7 7112/12/7
f 7110/12/7 7112/12/7 7113/12/7
f 7114/12/18 7115/12/18 7116/12/18
f 7114/12/18 7116/12/18 7117/12/18
f 7118/12/41 7119/12/41 7120/12/41
f 7118/12/41 7120/12/41 7121/12/41
f 7122/12/40 7123/12/40 7124/12/40
f 7122/12/40 7124/12/40 7125/12/40
f 7126/12/7 7127/12/7 7128/12/7
f 7126/12/7 7128/12/7 7129/12/7
f 7130/12/18 7131/12/18 7132/12/18
f 7130/12/18 7132/12/18 7133/12/18
f 7134/12/18 7135/12/18 7136/12/18
f 7134/12/18 7136/12/18 7137/12/18
f 7138/12/7 7139/12/7 7140/12/7
f 7138/12/7 7140/12/7 7141/12/7
s 1
f 7142/2/18 7143/2/18 7144/2/729
f 7142/2/18 7144/2/729 7145/2/729
f 7145/2/729 7144/2/729 7146/2/736
f 7145/2/729 7146/2/736 7147/2/736
f 7147/2/736 7146/2/736 7148/2/41
f 7147/2/736 7148/2/41 7149/2/41
f 7149/2/41 7148/2/41 7150/2/726
f 7149/2/41 7150/2/726 7151/2/726
f 7151/2/726 7150/2/726 7152/2/731
f 7151/2/726 7152/2/731 7153/2/731
f 7153/2/731 7152/2/731 7154/2/7
f 7153/2/731 7154/2/7 7155/2/7
f 7155/2/7 7154/2/7 7156/2/738
f 7155/2/7 7156/2/738 7157/2/738
f 7157/2/738 7156/2/738 7158/2/573
f 7157/2/738 7158/2/573 7159/2/573
f 7159/2/573 7158/2/573 7160/2/40
f 7159/2/573 7160/2/40 7161/2/40
f 7161/2/40 7160/2/40 7162/2/733
f 7161/2/40 7162/2/733 7163/2/733
f 7163/2/733 7162/2/733 7164/2/740
f 7163/2/733 7164/2/740 7165/2/740
f 7165/2/740 7164/2/740 7143/2/18
f 7165/2/740 7143/2/18 7142/2/18
s 0
f 7166/13/40 7167/13/40 7168/13/40
f 7166/13/40 7168/13/40 7169/13/40
f 7170/13/30 7171/13/30 7172/13/30
f 7170/13/30 7172/13/30 7173/13/30
f 7174/13/41 7175/13/41 7176/13/41
f 7174/13/41 7176/13/41 7177/13/41
f 7178/13/29 7179/13/29 7180/14/29
f 7178/13/29 7180/14/29 7181/14/29
f 7182/13/7 7183/13/7 7184/13/7
f 7182/13/7 7184/13/7 7185/13/7
f 7186/13/18 7187/13/18 7188/13/18
f 7186/13/18 7188/13/18 7189/13/18
f 7190/13/40 7191/13/40 7192/13/40
f 7190/13/40 7192/13/40 7193/13/40
f 7194/13/29 7195/13/29 7196/13/29
f 7194/13/29 7196/13/29 7197/13/29
f 7198/13/41 7199/13/41 7200/13/41
f 7198/13/41 7200/13/41 7201/13/41
f 7202/13/30 7203/14/30 7204/14/30
f 7202/13/30 7204/14/30 7205/13/30
f 7206/13/7 7207/13/7 7208/13/7
f 7206/13/7 7208/13/7 7209/13/7
f 7210/13/18 7211/13/18 7212/13/18
f 7210/13/18 7212/13/18 7213/13/18
f 7214/2/2476 7215/2/2476 7216/2/2476
f 7214/2/2476 7216/2/2476 7217/2/2476
f 7218/2/30 7219/2/30 7220/2/30
f 7218/2/30 7220/2/30 7221/2/30
f 7222/2/2477 7223/2/2477 7224/2/2477
f 7222/2/2477 7224/2/2477 7225/2/2477
f 7226/2/29 7227/2/29 7228/2/29
f 7226/2/29 7228/2/29 7229/2/29
f 7230/2/29 7231/2/29 7232/2/29
f 7230/2/29 7232/2/29 7233/2/29
f 7234/2/2478 7235/2/2478 7236/2/2478
f 7234/2/2478 7236/2/2478 7237/2/2478
f 7238/2/2479 7239/2/2479 7240/2/2479
f 7238/2/2479 7240/2/2479 7241/2/2479
f 7242/2/30 7243/2/30 7244/2/30
f 7242/2/30 7244/2/30 7245/2/30
f 7246/2/2476 7247/2/2476 7248/2/2476
f 7246/2/2476 7248/2/2476 7249/2/2476
f 7250/2/2477 7251/2/2477 7252/2/2477
f 7250/2/2477 7252/2/2477 7253/2/2477
f 7254/2/40 7255/2/40 7256/2/40
f 7254/2/40 7256/2/40 7257/2/40
f 7258/2/30 7259/2/30 7260/2/30
f 7258/2/30 7260/2/30 7261/2/30
f 7262/2/41 7263/2/41 7264/2/41
f 7262/2/41 7264/2/41 7265/2/41
f 7266/2/29 7267/2/29 7268/2/29
f 7266/2/29 7268/2/29 7269/2/29
f 7270/2/7 7271/2/7 7272/2/7
f 7270/2/7 7272/2/7 7273/2/7
f 7274/2/18 7275/2/18 7276/2/18
f 7274/2/18 7276/2/18 7277/2/18
f 7278/2/2478 7279/2/2478 7280/2/2478
f 7278/2/2478 7280/2/2478 7281/2/2478
f 7282/2/30 7283/2/30 7284/2/30
f 7282/2/30 7284/2/30 7285/2/30
f 7286/2/2479 7287/2/2479 7288/2/2479
f 7286/2/2479 7288/2/2479 7289/2/2479
f 7290/2/29 7291/2/29 7292/2/29
f 7290/2/29 7292/2/29 7293/2/29
f 7294/2/29 7295/2/29 7296/2/29
f 7294/2/29 7296/2/29 7297/2/29
f 7298/2/2477 7299/2/2477 7300/2/2477
f 7298/2/2477 7300/2/2477 7301/2/2477
f 7302/2/2476 7303/2/2476 7304/2/2476
f 7302/2/2476 7304/2/2476 7305/2/2476
f 7306/2/30 7307/2/30 7308/2/30
f 7306/2/30 7308/2/30 7309/2/30
f 7310/2/2478 7311/2/2478 7312/2/2478
f 7310/2/2478 7312/2/2478 7313/2/2478
f 7314/2/2479 7315/2/2479 7316/2/2479
f 7314/2/2479 7316/2/2479 7317/2/2479
f 7318/2/2476 7319/2/2476 7320/2/2476
f 7318/2/2476 7320/2/2476 7321/2/2476
f 7322/2/30 7323/2/30 7324/2/30
f 7322/2/30 7324/2/30 7325/2/30
f 7326/2/2477 7327/2/2477 7328/2/2477
f 7326/2/2477 7328/2/2477 7329/2/2477
f 7330/2/29 7331/2/29 7332/2/29
f 7330/2/29 7332/2/29 7333/2/29
f 7334/2/29 7335/2/29 7336/2/29
f 7334/2/29 7336/2/29 7337/2/29
f 7338/2/2478 7339/2/2478 7340/2/2478
f 7338/2/2478 7340/2/2478 7341/2/2478
f 7342/2/2479 7343/2/2479 7344/2/2479
f 7342/2/2479 7344/2/2479 7345/2/2479
f 7346/2/30 7347/2/30 7348/2/30
f 7346/2/30 7348/2/30 7349/2/30
f 7350/2/2476 7351/2/2476 7352/2/2476
f 7350/2/2476 7352/2/2476 7353/2/2476
f 7354/2/2477 7355/2/2477 7356/2/2477
f 7354/2/2477 7356/2/2477 7357/2/2477
f 7358/2/40 7359/2/40 7360/2/40
f 7358/2/40 7360/2/40 7361/2/40
f 7362/2/30 7363/2/30 7364/2/30
f 7362/2/30 7364/2/30 7365/2/30
f 7366/2/41 7367/2/41 7368/2/41
f 7366/2/41 7368/2/41 7369/2/41
f 7370/2/29 7371/2/29 7372/2/29
f 7370/2/29 7372/2/29 7373/2/29
f 7374/2/7 7375/2/7 7376/2/7
f 7374/2/7 7376/2/7 7377/2/7
f 7378/2/18 7379/2/18 7380/2/18
f 7378/2/18 7380/2/18 7381/2/18
f 7382/2/2478 7383/2/2478 7384/2/2478
f 7382/2/2478 7384/2/2478 7385/2/2478
f 7386/2/30 7387/2/30 7388/2/30
f 7386/2/30 7388/2/30 7389/2/30
f 7390/2/2479 7391/2/2479 7392/2/2479
f 7390/2/2479 7392/2/2479 7393/2/2479
f 7394/2/29 7395/2/29 7396/2/29
f 7394/2/29 7396/2/29 7397/2/29
f 7398/2/29 7399/2/29 7400/2/29
f 7398/2/29 7400/2/29 7401/2/29
f 7402/2/2477 7403/2/2477 7404/2/2477
f 7402/2/2477 7404/2/2477 7405/2/2477
f 7406/2/2476 7407/2/2476 7408/2/2476
f 7406/2/2476 7408/2/2476 7409/2/2476
f 7410/2/30 7411/2/30 7412/2/30
f 7410/2/30 7412/2/30 7413/2/30
f 7414/2/2478 7415/2/2478 7416/2/2478
f 7414/2/2478 7416/2/2478 7417/2/2478
f 7418/2/2479 7419/2/2479 7420/2/2479
f 7418/2/2479 7420/2/2479 7421/2/2479
f 7422/2/40 7423/2/40 7424/2/40
f 7422/2/40 7424/2/40 7425/2/40
f 7426/2/30 7427/2/30 7428/2/30
f 7426/2/30 7428/2/30 7429/2/30
f 7430/2/41 7431/2/41 7432/2/41
f 7430/2/41 7432/2/41 7433/2/41
f 7434/2/29 7435/2/29 7436/2/29
f 7434/2/29 7436/2/29 7437/2/29
f 7438/2/7 7439/2/7 7440/2/7
f 7438/2/7 7440/2/7 7441/2/7
f 7442/2/18 7443/2/18 7444/2/18
f 7442/2/18 7444/2/18 7445/2/18
f 7446/2/2476 7447/2/2476 7448/2/2476
f 7446/2/2476 7448/2/2476 7449/2/2476
f 7450/2/29 7451/2/29 7452/2/29
f 7450/2/29 7452/2/29 7453/2/29
f 7454/2/2477 7455/2/2477 7456/2/2477
f 7454/2/2477 7456/2/2477 7457/2/2477
f 7458/2/30 7459/2/30 7460/2/30
f 7458/2/30 7460/2/30 7461/2/30
f 7462/2/30 7463/2/30 7464/2/30
f 7462/2/30 7464/2/30 7465/2/30
f 7466/2/2478 7467/2/2478 7468/2/2478
f 7466/2/2478 7468/2/2478 7469/2/2478
f 7470/2/2479 7471/2/2479 7472/2/2479
f 7470/2/2479 7472/2/2479 7473/2/2479
f 7474/2/29 7475/2/29 7476/2/29
f 7474/2/29 7476/2/29 7477/2/29
f 7478/2/2476 7479/2/2476 7480/2/2476
f 7478/2/2476 7480/2/2476 7481/2/2476
f 7482/2/2477 7483/2/2477 7484/2/2477
f 7482/2/2477 7484/2/2477 7485/2/2477
f 7486/2/40 7487/2/40 7488/2/40
f 7486/2/40 7488/2/40 7489/2/40
f 7490/2/29 7491/2/29 7492/2/29
f 7490/2/29 7492/2/29 7493/2/29
f 7494/2/41 7495/2/41 7496/2/41
f 7494/2/41 7496/2/41 7497/2/41
f 7498/2/30 7499/2/30 7500/2/30
f 7498/2/30 7500/2/30 7501/2/30
f 7502/2/7 7503/2/7 7504/2/7
f 7502/2/7 7504/2/7 7505/2/7
f 7506/2/18 7507/2/18 7508/2/18
f 7506/2/18 7508/2/18 7509/2/18
f 7510/2/2478 7511/2/2478 7512/2/2478
f 7510/2/2478 7512/2/2478 7513/2/2478
f 7514/2/29 7515/2/29 7516/2/29
f 7514/2/29 7516/2/29 7517/2/29
s 1
f 7518/2/2479 7519/2/2479 7520/2/2479
s 0
f 7518/2/2479 7520/2/2479 7521/2/2479
f 7522/2/30 7523/2/30 7524/2/30
f 7522/2/30 7524/2/30 7525/2/30
f 7526/2/30 7527/2/30 7528/2/30
f 7526/2/30 7528/2/30 7529/2/30
f 7530/2/2477 7531/2/2477 7532/2/2477
f 7530/2/2477 7532/2/2477 7533/2/2477
f 7534/2/2476 7535/2/2476 7536/2/2476
f 7534/2/2476 7536/2/2476 7537/2/2476
f 7538/2/29 7539/2/29 7540/2/29
f 7538/2/29 7540/2/29 7541/2/29
f 7542/2/2478 7543/2/2478 7544/2/2478
f 7542/2/2478 7544/2/2478 7545/2/2478
f 7546/2/2479 7547/2/2479 7548/2/2479
f 7546/2/2479 7548/2/2479 7549/2/2479
f 7550/2/2476 7551/2/2476 7552/2/2476
f 7550/2/2476 7552/2/2476 7553/2/2476
f 7554/2/29 7555/2/29 7556/2/29
f 7554/2/29 7556/2/29 7557/2/29
f 7558/2/2477 7559/2/2477 7560/2/2477
f 7558/2/2477 7560/2/2477 7561/2/2477
f 7562/2/30 7563/2/30 7564/2/30
f 7562/2/30 7564/2/30 7565/2/30
f 7566/2/30 7567/2/30 7568/2/30
f 7566/2/30 7568/2/30 7569/2/30
f 7570/2/2478 7571/2/2478 7572/2/2478
f 7570/2/2478 7572/2/2478 7573/2/2478
f 7574/2/2479 7575/2/2479 7576/2/2479
f 7574/2/2479 7576/2/2479 7577/2/2479
f 7578/2/29 7579/2/29 7580/2/29
f 7578/2/29 7580/2/29 7581/2/29
f 7582/2/2476 7583/2/2476 7584/2/2476
f 7582/2/2476 7584/2/2476 7585/2/2476
f 7586/2/2477 7587/2/2477 7588/2/2477
f 7586/2/2477 7588/2/2477 7589/2/2477
f 7590/2/40 7591/2/40 7592/2/40
f 7590/2/40 7592/2/40 7593/2/40
f 7594/2/29 7595/2/29 7596/2/29
f 7594/2/29 7596/2/29 7597/2/29
f 7598/2/41 7599/2/41 7600/2/41
f 7598/2/41 7600/2/41 7601/2/41
f 7602/2/30 7603/2/30 7604/2/30
f 7602/2/30 7604/2/30 7605/2/30
f 7606/2/7 7607/2/7 7608/2/7
f 7606/2/7 7608/2/7 7609/2/7
f 7610/2/18 7611/2/18 7612/2/18
f 7610/2/18 7612/2/18 7613/2/18
f 7614/2/2478 7615/2/2478 7616/2/2478
f 7614/2/2478 7616/2/2478 7617/2/2478
f 7618/2/29 7619/2/29 7620/2/29
f 7618/2/29 7620/2/29 7621/2/29
f 7622/2/2479 7623/2/2479 7624/2/2479
f 7622/2/2479 7624/2/2479 7625/2/2479
f 7626/2/30 7627/2/30 7628/2/30
f 7626/2/30 7628/2/30 7629/2/30
f 7630/2/30 7631/2/30 7632/2/30
f 7630/2/30 7632/2/30 7633/2/30
f 7634/2/2477 7635/2/2477 7636/2/2477
f 7634/2/2477 7636/2/2477 7637/2/2477
f 7638/2/2476 7639/2/2476 7640/2/2476
f 7638/2/2476 7640/2/2476 7641/2/2476
f 7642/2/29 7643/2/29 7644/2/29
f 7642/2/29 7644/2/29 7645/2/29
f 7646/2/2478 7647/2/2478 7648/2/2478
f 7646/2/2478 7648/2/2478 7649/2/2478
f 7650/2/2479 7651/2/2479 7652/2/2479
f 7650/2/2479 7652/2/2479 7653/2/2479
f 7654/2/40 7655/2/40 7656/2/40
f 7654/2/40 7656/2/40 7657/2/40
f 7658/2/29 7659/2/29 7660/2/29
f 7658/2/29 7660/2/29 7661/2/29
f 7662/2/41 7663/2/41 7664/2/41
f 7662/2/41 7664/2/41 7665/2/41
f 7666/2/30 7667/2/30 7668/2/30
f 7666/2/30 7668/2/30 7669/2/30
f 7670/2/7 7671/2/7 7672/2/7
f 7670/2/7 7672/2/7 7673/2/7
f 7674/2/18 7675/2/18 7676/2/18
f 7674/2/18 7676/2/18 7677/2/18
f 7678/2/2480 7679/2/2480 7680/2/2480
f 7678/2/2480 7680/2/2480 7681/2/2480
f 7682/2/30 7683/2/30 7684/2/30
f 7682/2/30 7684/2/30 7685/2/30
f 7686/2/2481 7687/2/2481 7688/2/2481
f 7686/2/2481 7688/2/2481 7689/2/2481
f 7690/2/29 7691/2/29 7692/2/29
f 7690/2/29 7692/2/29 7693/2/29
f 7694/2/29 7695/2/29 7696/2/29
f 7694/2/29 7696/2/29 7697/2/29
f 7698/2/2482 7699/2/2482 7700/2/2482
f 7698/2/2483 7700/2/2483 7701/2/2483
f 7702/2/2484 7703/2/2484 7704/2/2484
f 7702/2/2484 7704/2/2484 7705/2/2484
f 7706/2/30 7707/2/30 7708/2/30
f 7706/2/30 7708/2/30 7709/2/30
f 7710/2/2480 7711/2/2480 7712/2/2480
f 7710/2/2480 7712/2/2480 7713/2/2480
f 7714/2/2481 7715/2/2481 7716/2/2481
f 7714/2/2481 7716/2/2481 7717/2/2481
f 7718/2/40 7719/2/40 7720/2/40
f 7718/2/40 7720/2/40 7721/2/40
f 7722/2/30 7723/2/30 7724/2/30
f 7722/2/30 7724/2/30 7725/2/30
f 7726/2/41 7727/2/41 7728/2/41
f 7726/2/41 7728/2/41 7729/2/41
f 7730/2/29 7731/2/29 7732/2/29
f 7730/2/29 7732/2/29 7733/2/29
f 7734/2/7 7735/2/7 7736/2/7
f 7734/2/7 7736/2/7 7737/2/7
f 7738/2/18 7739/2/18 7740/2/18
f 7738/2/18 7740/2/18 7741/2/18
f 7742/2/2482 7743/2/2482 7744/2/2482
f 7742/2/2482 7744/2/2482 7745/2/2482
f 7746/2/30 7747/2/30 7748/2/30
f 7746/2/30 7748/2/30 7749/2/30
s 1
f 7750/2/2484 7751/2/2484 7752/2/2484
s 0
f 7750/2/2484 7752/2/2484 7753/2/2484
f 7754/2/29 7755/2/29 7756/2/29
f 7754/2/29 7756/2/29 7757/2/29
f 7758/2/29 7759/2/29 7760/2/29
f 7758/2/29 7760/2/29 7761/2/29
f 7762/2/2481 7763/2/2481 7764/2/2481
f 7762/2/2485 7764/2/2485 7765/2/2485
f 7766/2/2480 7767/2/2480 7768/2/2480
f 7766/2/2480 7768/2/2480 7769/2/2480
f 7770/2/30 7771/2/30 7772/2/30
f 7770/2/30 7772/2/30 7773/2/30
f 7774/2/2482 7775/2/2482 7776/2/2482
f 7774/2/2482 7776/2/2482 7777/2/2482
f 7778/2/2484 7779/2/2484 7780/2/2484
f 7778/2/2484 7780/2/2484 7781/2/2484
f 7782/2/2480 7783/2/2480 7784/2/2480
f 7782/2/2480 7784/2/2480 7785/2/2480
f 7786/2/29 7787/2/29 7788/2/29
f 7786/2/29 7788/2/29 7789/2/29
f 7790/2/2481 7791/2/2481 7792/2/2481
f 7790/2/2481 7792/2/2481 7793/2/2481
f 7794/2/30 7795/2/30 7796/2/30
f 7794/2/30 7796/2/30 7797/2/30
f 7798/2/30 7799/2/30 7800/2/30
f 7798/2/30 7800/2/30 7801/2/30
f 7802/2/2482 7803/2/2482 7804/2/2482
f 7802/2/2482 7804/2/2482 7805/2/2482
f 7806/2/2484 7807/2/2484 7808/2/2484
f 7806/2/2484 7808/2/2484 7809/2/2484
f 7810/2/29 7811/2/29 7812/2/29
f 7810/2/29 7812/2/29 7813/2/29
f 7814/2/2480 7815/2/2480 7816/2/2480
f 7814/2/2480 7816/2/2480 7817/2/2480
f 7818/2/2481 7819/2/2481 7820/2/2481
f 7818/2/2481 7820/2/2481 7821/2/2481
f 7822/2/40 7823/2/40 7824/2/40
f 7822/2/40 7824/2/40 7825/2/40
f 7826/2/29 7827/2/29 7828/2/29
f 7826/2/29 7828/2/29 7829/2/29
f 7830/2/41 7831/2/41 7832/2/41
f 7830/2/41 7832/2/41 7833/2/41
f 7834/2/30 7835/2/30 7836/2/30
f 7834/2/30 7836/2/30 7837/2/30
f 7838/2/7 7839/2/7 7840/2/7
f 7838/2/7 7840/2/7 7841/2/7
f 7842/2/18 7843/2/18 7844/2/18
f 7842/2/18 7844/2/18 7845/2/18
f 7846/2/2482 7847/2/2482 7848/2/2482
f 7846/2/2482 7848/2/2482 7849/2/2482
f 7850/2/29 7851/2/29 7852/2/29
f 7850/2/29 7852/2/29 7853/2/29
f 7854/2/2484 7855/2/2484 7856/2/2484
s 1
f 7854/2/2484 7856/2/2484 7857/2/2484
s 0
f 7858/2/30 7859/2/30 7860/2/30
f 7858/2/30 7860/2/30 7861/2/30
f 7862/2/30 7863/2/30 7864/2/30
f 7862/2/30 7864/2/30 7865/2/30
f 7866/2/2481 7867/2/2481 7868/2/2481
f 7866/2/2481 7868/2/2481 7869/2/2481
f 7870/2/2486 7871/2/2486 7872/2/2486
f 7870/2/2480 7872/2/2480 7873/2/2480
f 7874/2/29 7875/2/29 7876/2/29
f 7874/2/29 7876/2/29 7877/2/29
s 1
f 7878/2/2482 7879/2/2482 7880/2/2482
s 0
f 7878/2/2482 7880/2/2482 7881/2/2482
f 7882/2/2484 7883/2/2484 7884/2/2484
f 7882/2/2484 7884/2/2484 7885/2/2484
f 223/2/41 225/2/41 226/2/41
f 223/2/41 226/2/41 228/2/41
f 7886/2/29 7887/2/29 7888/2/29
f 7886/2/29 7888/2/29 7889/2/29
f 7890/2/7 7891/2/7 7892/2/7
f 7890/2/7 7892/2/7 7893/2/7
f 7894/2/18 7895/2/18 7896/2/18
f 7894/2/18 7896/2/18 7897/2/18
f 7898/2/30 7899/2/30 7900/2/30
f 7898/2/30 7900/2/30 7901/2/30
f 248/2/41 250/2/41 241/2/41
f 248/2/41 241/2/41 243/2/41
s 1
f 7902/2/2487 7903/2/2488 7904/2/2488
f 7902/2/2487 7904/2/2488 7905/2/2487
s 0
f 238/2/40 240/2/40 216/2/40
f 238/2/40 216/2/40 218/2/40
f 233/2/40 235/2/40 236/2/40
f 233/2/40 236/2/40 238/2/40
f 243/2/41 245/2/41 221/2/41
f 243/2/41 221/2/41 223/2/41
s 1
f 7906/2/2489 7907/2/2490 7908/2/2490
f 7906/2/2489 7908/2/2490 7909/2/2489
s 0
f 228/2/41 230/2/41 246/2/41
f 228/2/41 246/2/41 248/2/41
s 1
f 7910/2/2491 7911/2/2492 7912/2/2492
f 7910/2/2491 7912/2/2492 7913/2/2491
s 0
f 218/2/40 220/2/40 211/2/40
f 218/2/40 211/2/40 213/2/40
f 213/2/40 215/2/40 231/2/40
f 213/2/40 231/2/40 233/2/40
s 1
f 7914/2/2493 7915/2/2493 7916/2/2494
f 7914/2/2493 7916/2/2494 7917/2/2494
f 7917/2/2494 7916/2/2494 7918/2/2495
f 7917/2/2494 7918/2/2495 7919/2/2495
f 7920/2/2496 7921/2/2496 7910/2/2491
f 7920/2/2496 7910/2/2491 7913/2/2491
f 7906/2/2489 7909/2/2489 7922/2/2497
f 7906/2/2489 7922/2/2497 7923/2/2497
f 7923/2/2497 7922/2/2497 7924/2/2498
f 7923/2/2497 7924/2/2498 7925/2/2498
f 7926/2/2499 7927/2/2499 7912/2/2492
f 7926/2/2499 7912/2/2492 7911/2/2492
f 7902/2/2487 7905/2/2487 7928/2/2500
f 7902/2/2487 7928/2/2500 7929/2/2500
f 7930/2/2501 7931/2/2501 7932/2/2502
f 7930/2/2501 7932/2/2502 7933/2/2502
f 7933/2/2502 7932/2/2502 7908/2/2490
f 7933/2/2502 7908/2/2490 7907/2/2490
f 7934/2/2503 7935/2/2503 7936/2/2504
f 7934/2/2503 7936/2/2504 7937/2/2504
f 7937/2/2504 7936/2/2504 7938/2/2505
f 7937/2/2504 7938/2/2505 7939/2/2505
f 7940/2/2506 7941/2/2506 7904/2/2488
f 7940/2/2506 7904/2/2488 7903/2/2488
f 7934/2/2503 7915/2/2493 7914/2/2493
f 7934/2/2503 7914/2/2493 7935/2/2503
s 0
f 7942/15/40 7943/15/40 7944/15/40
f 7942/15/40 7944/15/40 7945/15/40
f 7946/15/41 7947/15/41 7948/15/41
f 7946/15/41 7948/15/41 7949/15/41
f 263/2/40 265/2/40 266/2/40
f 263/2/40 266/2/40 268/2/40
f 7950/2/30 7951/2/30 7952/2/30
f 7950/2/30 7952/2/30 7953/2/30
f 7954/2/7 7955/2/7 7956/2/7
f 7954/2/7 7956/2/7 7957/2/7
f 7958/2/18 7959/2/18 7960/2/18
f 7958/2/18 7960/2/18 7961/2/18
f 7962/2/29 7963/2/29 7964/2/29
f 7962/2/29 7964/2/29 7965/2/29
f 288/2/40 290/2/40 281/2/40
f 288/2/40 281/2/40 283/2/40
s 1
f 7966/2/2492 7967/2/2491 7968/2/2491
f 7966/2/2492 7968/2/2491 7969/2/2492
s 0
f 278/2/41 280/2/41 256/2/41
f 278/2/41 256/2/41 258/2/41
f 273/2/41 275/2/41 276/2/41
f 273/2/41 276/2/41 278/2/41
f 283/2/40 285/2/40 261/2/40
f 283/2/40 261/2/40 263/2/40
s 1
f 7970/2/2490 7971/2/2489 7972/2/2489
f 7970/2/2490 7972/2/2489 7973/2/2490
s 0
f 268/2/40 270/2/40 286/2/40
f 268/2/40 286/2/40 288/2/40
s 1
f 7974/2/2488 7975/2/2487 7976/2/2487
f 7974/2/2488 7976/2/2487 7977/2/2488
s 0
f 258/2/41 260/2/41 251/2/41
f 258/2/41 251/2/41 253/2/41
f 253/2/41 255/2/41 271/2/41
f 253/2/41 271/2/41 273/2/41
s 1
f 7978/2/2503 7979/2/2503 7980/2/2504
f 7978/2/2503 7980/2/2504 7981/2/2504
f 7981/2/2504 7980/2/2504 7982/2/2505
f 7981/2/2504 7982/2/2505 7983/2/2505
f 7984/2/2506 7985/2/2506 7974/2/2488
f 7984/2/2506 7974/2/2488 7977/2/2488
f 7970/2/2490 7973/2/2490 7986/2/2502
f 7970/2/2490 7986/2/2502 7987/2/2502
f 7987/2/2502 7986/2/2502 7988/2/2501
f 7987/2/2502 7988/2/2501 7989/2/2501
f 7990/2/2500 7991/2/2500 7976/2/2487
f 7990/2/2500 7976/2/2487 7975/2/2487
f 7966/2/2492 7969/2/2492 7992/2/2499
f 7966/2/2492 7992/2/2499 7993/2/2499
f 7994/2/2498 7995/2/2498 7996/2/2497
f 7994/2/2498 7996/2/2497 7997/2/2497
f 7997/2/2497 7996/2/2497 7972/2/2489
f 7997/2/2497 7972/2/2489 7971/2/2489
f 7998/2/2493 7999/2/2493 8000/2/2494
f 7998/2/2493 8000/2/2494 8001/2/2494
f 8001/2/2494 8000/2/2494 8002/2/2495
f 8001/2/2494 8002/2/2495 8003/2/2495
f 8004/2/2496 8005/2/2496 7968/2/2491
f 8004/2/2496 7968/2/2491 7967/2/2491
f 7998/2/2493 7979/2/2503 7978/2/2503
f 7998/2/2493 7978/2/2503 7999/2/2493
s 0
f 8006/16/41 8007/17/41 8008/18/41
f 8006/16/41 8008/18/41 8009/19/41
f 8010/20/40 8011/21/40 8012/22/40
f 8010/20/40 8012/22/40 8013/23/40
f 8021/2/7 8019/2/7 8020/2/7
f 8019/2/7 8021/2/7 8022/2/7
f 8019/2/7 8022/2/7 8018/2/7
f 8018/2/7 8022/2/7 8023/2/7
f 8018/2/7 8023/2/7 8017/2/7
f 8017/2/7 8023/2/7 8024/2/7
f 8017/2/7 8024/2/7 8016/2/7
f 8016/2/7 8024/2/7 8025/2/7
f 8016/2/7 8025/2/7 8015/2/7
f 8015/2/7 8025/2/7 8026/2/7
f 8015/2/7 8026/2/7 8014/2/7
f 8014/2/7 8026/2/7 8027/2/7
f 8014/2/7 8027/2/7 8037/2/7
f 8037/2/7 8027/2/7 8028/2/7
f 8037/2/7 8028/2/7 8036/2/7
f 8036/2/7 8028/2/7 8029/2/7
f 8036/2/7 8029/2/7 8035/2/7
f 8035/2/7 8029/2/7 8030/2/7
f 8035/2/7 8030/2/7 8034/2/7
f 8034/2/7 8030/2/7 8031/2/7
f 8034/2/7 8031/2/7 8033/2/7
f 8033/2/7 8031/2/7 8032/2/7
f 8039/1/18 8049/1/18 8038/1/18
f 8049/1/18 8039/1/18 8048/1/18
f 8048/1/18 8039/1/18 8040/1/18
f 8048/1/18 8040/1/18 8047/1/18
f 8047/1/18 8040/1/18 8041/1/18
f 8047/1/18 8041/1/18 8046/1/18
f 8046/1/18 8041/1/18 8042/1/18
f 8046/1/18 8042/1/18 8045/1/18
f 8045/1/18 8042/1/18 8043/1/18
f 8045/1/18 8043/1/18 8044/1/18
f 8052/1/18 8050/1/18 8051/1/18
f 8050/1/18 8052/1/18 8061/1/18
f 8061/1/18 8052/1/18 8053/1/18
f 8061/1/18 8053/1/18 8060/1/18
f 8060/1/18 8053/1/18 8054/1/18
f 8060/1/18 8054/1/18 8059/1/18
f 8059/1/18 8054/1/18 8055/1/18
f 8059/1/18 8055/1/18 8058/1/18
f 8058/1/18 8055/1/18 8056/1/18
f 8058/1/18 8056/1/18 8057/1/18
s 1
f 3197/10/655 3185/10/643 3191/10/649
f 3185/10/643 3197/10/655 3203/10/661
f 3185/10/643 3203/10/661 3179/10/637
f 3179/10/637 3203/10/661 3209/10/667
f 3179/10/637 3209/10/667 3173/10/631
f 3173/10/631 3209/10/667 3215/10/673
f 3173/10/631 3215/10/673 3167/10/625
f 3167/10/625 3215/10/673 3221/10/679
f 3167/10/625 3221/10/679 3161/10/619
f 3161/10/619 3221/10/679 3227/10/685
f 3161/10/619 3227/10/685 3155/10/613
f 3155/10/613 3227/10/685 3233/10/691
f 3155/10/613 3233/10/691 3149/10/607
f 3149/10/607 3233/10/691 3239/10/697
f 3149/10/607 3239/10/697 3143/10/601
f 3143/10/601 3239/10/697 3245/10/703
f 3143/10/601 3245/10/703 3137/10/595
f 3137/10/595 3245/10/703 3251/10/709
f 3137/10/595 3251/10/709 3131/10/589
f 3131/10/589 3251/10/709 3257/10/715
f 3131/10/589 3257/10/715 3121/10/579
f 3121/10/579 3257/10/715 3122/10/580
s 0
f 8076/1/29 8074/1/29 8075/1/29
f 8074/1/29 8076/1/29 8077/1/29
f 8074/1/29 8077/1/29 8073/1/29
f 8073/1/29 8077/1/29 8078/1/29
f 8073/1/29 8078/1/29 8072/1/29
f 8072/1/29 8078/1/29 8079/1/29
f 8072/1/29 8079/1/29 8071/1/29
f 8071/1/29 8079/1/29 8080/1/29
f 8071/1/29 8080/1/29 8070/1/29
f 8070/1/29 8080/1/29 8081/1/29
f 8070/1/29 8081/1/29 8069/1/29
f 8069/1/29 8081/1/29 8082/1/29
f 8069/1/29 8082/1/29 8068/1/29
f 8068/1/29 8082/1/29 8083/1/29
f 8068/1/29 8083/1/29 8067/1/29
f 8067/1/29 8083/1/29 8084/1/29
f 8067/1/29 8084/1/29 8066/1/29
f 8066/1/29 8084/1/29 8085/1/29
f 8066/1/29 8085/1/29 8065/1/29
f 8065/1/29 8085/1/29 8062/1/29
f 8065/1/29 8062/1/29 8064/1/29
f 8064/1/29 8062/1/29 8063/1/29
s 1
f 3641/10/646 3653/10/658 3647/10/652
f 3653/10/658 3641/10/646 3635/10/640
f 3653/10/658 3635/10/640 3659/10/664
f 3659/10/664 3635/10/640 3629/10/634
f 3659/10/664 3629/10/634 3665/10/670
f 3665/10/670 3629/10/634 3623/10/628
f 3665/10/670 3623/10/628 3671/10/676
f 3671/10/676 3623/10/628 3617/10/622
f 3671/10/676 3617/10/622 3677/10/682
f 3677/10/682 3617/10/622 3611/10/616
f 3677/10/682 3611/10/616 3683/10/688
f 3683/10/688 3611/10/616 3605/10/610
f 3683/10/688 3605/10/610 3689/10/694
f 3689/10/694 3605/10/610 3599/10/604
f 3689/10/694 3599/10/604 3695/10/700
f 3695/10/700 3599/10/604 3593/10/598
f 3695/10/700 3593/10/598 3701/10/706
f 3701/10/706 3593/10/598 3587/10/592
f 3701/10/706 3587/10/592 3707/10/712
f 3707/10/712 3587/10/592 3578/10/586
f 3707/10/712 3578/10/586 3713/10/718
f 3713/10/718 3578/10/586 3577/10/585
s 0
f 8098/1/30 8096/1/30 8097/1/30
f 8096/1/30 8098/1/30 8099/1/30
f 8096/1/30 8099/1/30 8095/1/30
f 8095/1/30 8099/1/30 8100/1/30
f 8095/1/30 8100/1/30 8094/1/30
f 8094/1/30 8100/1/30 8093/1/30
f 8093/1/30 8100/1/30 8101/1/30
f 8093/1/30 8101/1/30 8102/1/30
f 8093/1/30 8102/1/30 8092/1/30
f 8092/1/30 8102/1/30 8103/1/30
f 8092/1/30 8103/1/30 8091/1/30
f 8091/1/30 8103/1/30 8104/1/30
f 8091/1/30 8104/1/30 8090/1/30
f 8090/1/30 8104/1/30 8105/1/30
f 8090/1/30 8105/1/30 8089/1/30
f 8089/1/30 8105/1/30 8106/1/30
f 8089/1/30 8106/1/30 8088/1/30
f 8088/1/30 8106/1/30 8107/1/30
f 8088/1/30 8107/1/30 8087/1/30
f 8087/1/30 8107/1/30 8108/1/30
f 8087/1/30 8108/1/30 8086/1/30
f 8086/1/30 8108/1/30 8109/1/30
f 8114/2/40 8112/2/40 8113/2/40
f 8112/2/40 8114/2/40 8111/2/40
f 8111/2/40 8114/2/40 8110/2/40
f 4340/2/40 8116/2/40 8115/2/40
f 8116/2/40 4340/2/40 4332/2/40
f 4332/2/40 4340/2/40 4333/2/40
f 8118/2/40 4341/2/40 8117/2/40
f 4341/2/40 8118/2/40 4334/2/40
f 4334/2/40 8118/2/40 4335/2/40
f 4062/2/40 8119/2/40 8120/2/40
f 8119/2/40 4062/2/40 152/2/40
f 152/2/40 4062/2/40 153/2/40
f 8121/2/40 4065/2/40 4064/2/40
f 4065/2/40 8121/2/40 8122/2/40
f 4065/2/40 8122/2/40 4326/2/40
f 8123/2/7 114/2/7 113/2/7
f 114/2/7 8123/2/7 4017/2/7
f 4017/2/7 8123/2/7 4027/2/7
f 8124/2/7 113/2/7 112/2/7
f 113/2/7 8124/2/7 8123/2/7
f 8123/2/7 8124/2/7 8125/2/7
f 8127/2/40 8130/2/40 8126/2/40
f 8130/2/40 8127/2/40 8129/2/40
f 8129/2/40 8127/2/40 8128/2/40
f 4679/2/40 8116/2/40 4676/2/40
f 8116/2/40 4679/2/40 4684/2/40
f 8116/2/40 4684/2/40 8115/2/40
f 8132/2/40 4677/2/40 8131/2/40
s 1
f 4677/2/2507 8132/2/2507 4678/2/2507
s 0
f 4678/2/40 8132/2/40 4685/2/40
f 4433/2/40 198/2/40 197/2/40
f 198/2/40 4433/2/40 8120/2/40
f 198/2/40 8120/2/40 8119/2/40
f 8134/2/40 4435/2/40 4670/2/40
f 4435/2/40 8134/2/40 8133/2/40
f 4435/2/40 8133/2/40 4434/2/40
f 4388/2/7 159/2/7 161/2/7
f 159/2/7 4388/2/7 8135/2/7
f 8135/2/7 4388/2/7 4399/2/7
f 159/2/7 8137/2/7 160/2/7
f 8137/2/7 159/2/7 8135/2/7
f 8137/2/7 8135/2/7 8136/2/7
f 8139/1/18 8148/1/18 8138/1/18
f 8148/1/18 8139/1/18 8147/1/18
f 8147/1/18 8139/1/18 8146/1/18
f 8146/1/18 8139/1/18 8145/1/18
f 8145/1/18 8139/1/18 8144/1/18
f 8144/1/18 8139/1/18 8143/1/18
f 8143/1/18 8139/1/18 8142/1/18
f 8142/1/18 8139/1/18 8141/1/18
f 8141/1/18 8139/1/18 202/1/18
f 202/1/18 8139/1/18 203/1/18
f 203/1/18 8139/1/18 8140/1/18
f 8150/1/18 8161/1/18 8149/1/18
f 8161/1/18 8150/1/18 8151/1/18
f 8161/1/18 8151/1/18 8152/1/18
f 8161/1/18 8152/1/18 8153/1/18
f 8161/1/18 8153/1/18 8154/1/18
f 8161/1/18 8154/1/18 8155/1/18
f 8161/1/18 8155/1/18 8156/1/18
f 8161/1/18 8156/1/18 8157/1/18
f 8161/1/18 8157/1/18 8158/1/18
f 8161/1/18 8158/1/18 8159/1/18
f 8161/1/18 8159/1/18 8160/1/18
f 8170/2/29 8168/2/29 8169/2/29
f 8168/2/29 8170/2/29 8171/2/29
f 8168/2/29 8171/2/29 8167/2/29
f 8167/2/29 8171/2/29 8172/2/29
f 8167/2/29 8172/2/29 8166/2/29
f 8166/2/29 8172/2/29 8173/2/29
f 8166/2/29 8173/2/29 8165/2/29
f 8165/2/29 8173/2/29 8162/2/29
f 8165/2/29 8162/2/29 8164/2/29
f 8164/2/29 8162/2/29 8163/2/29
f 8181/2/30 8179/2/30 8180/2/30
f 8179/2/30 8181/2/30 8182/2/30
f 8179/2/30 8182/2/30 8178/2/30
f 8178/2/30 8182/2/30 8183/2/30
f 8178/2/30 8183/2/30 8177/2/30
f 8177/2/30 8183/2/30 8184/2/30
f 8177/2/30 8184/2/30 8176/2/30
f 8176/2/30 8184/2/30 8185/2/30
f 8176/2/30 8185/2/30 8175/2/30
f 8175/2/30 8185/2/30 8174/2/30
