# Blender 5.2.0 LTS
# www.blender.org
mtllib 11_BoardingAreaDesk_AIRPORT_0.mtl
o 11.BoardingAreaDesk_AIRPORT_0
v 0.659803 -0.645559 1.408707
v 0.656383 -0.659409 1.411426
v 0.685629 -0.719727 1.316327
v 0.649762 -0.669548 1.420448
v 0.641714 -0.673259 1.433355
v 0.661910 -0.466856 1.445381
v 0.669260 -0.470687 1.431965
v 0.719197 -0.378132 1.335984
v 0.673888 -0.481153 1.421703
v 0.674553 -0.495450 1.417345
v 0.529308 -0.673259 1.625311
v 0.521989 -0.669548 1.638645
v 0.448734 -0.719727 1.720873
v 0.517360 -0.659409 1.648834
v 0.516663 -0.645559 1.653147
v 0.531414 -0.495450 1.661784
v 0.534889 -0.481153 1.659071
v 0.482302 -0.378132 1.740529
v 0.541574 -0.470687 1.650014
v 0.549677 -0.466856 1.637040
v 0.660328 -0.642715 1.471776
v 0.662295 -0.642000 1.468607
v 0.663501 -0.636404 1.473211
v 0.664339 -0.639448 1.465709
v 0.665759 -0.634889 1.464315
v 0.568073 -0.634889 1.631132
v 0.568595 -0.639448 1.629212
v 0.574727 -0.636404 1.624810
v 0.570122 -0.642000 1.626011
v 0.571923 -0.642715 1.622746
v -0.382253 -1.770080 -0.454526
v -0.400519 -1.789809 -0.430720
v -0.400519 -1.828205 -0.430720
v -0.436415 -1.784709 -0.484410
v -0.447282 -1.789809 -0.496375
v -0.495592 -1.789809 -0.472940
v -0.287977 0.910518 -0.788421
v -0.353936 0.910518 -0.627663
v -0.930126 0.910518 -0.960327
v -0.930126 0.910518 -0.173979
v -0.930126 0.910518 -0.086759
v -0.930126 1.050151 -0.086759
v -0.269480 0.910518 -0.960327
v -0.930126 0.876159 -0.299374
v -0.930126 0.911218 -0.233649
v -0.930126 0.910518 -0.299374
v -0.466311 0.910518 -0.475214
v -0.595877 0.910518 -0.392423
v -0.759750 0.910518 -0.323861
v -0.930126 0.910518 -0.299374
v -0.382253 -1.770081 -1.466127
v -0.400519 -1.828205 -1.489932
v -0.400519 -1.789810 -1.489932
v -0.436415 -1.784710 -1.436243
v -0.495592 -1.789810 -1.447713
v -0.447282 -1.789810 -1.424278
v -0.287977 0.910518 -1.132233
v -0.353936 0.910518 -1.292991
v -0.930126 0.910518 -1.746676
v -0.930126 1.050151 -1.833895
v -0.930126 0.910518 -1.833895
v -0.930126 0.876159 -1.621281
v -0.930126 0.910518 -1.621281
v -0.930126 0.911218 -1.687005
v -0.466311 0.910518 -1.445440
v -0.595877 0.910518 -1.528232
v -0.759750 0.910518 -1.596794
v -0.930126 0.910518 -1.621281
v 0.753013 -0.782121 1.833895
v 0.753013 -0.782121 0.929957
v 0.138830 -0.782121 0.929957
v 0.138830 -0.782121 1.833895
v 0.753013 -1.144964 1.833895
v 0.753013 -1.096186 1.833895
v 0.138830 -1.096186 1.833895
v 0.138830 -1.144964 1.833895
v 0.753013 -1.144964 1.833895
v 0.753013 -1.144965 0.929957
v 0.753013 -1.096186 0.929957
v 0.753013 -1.096186 1.833895
v 0.753013 -1.056928 1.833895
v 0.930139 -0.972148 1.833895
v 0.930139 -0.948394 1.833895
v 0.753013 -1.096186 1.833895
v 0.753013 -1.096186 0.929957
v 0.930139 -0.972148 0.929957
v 0.930139 -0.972148 1.833895
v 0.138830 -0.815406 1.833895
v 0.753013 -0.815406 1.833895
v 0.753013 -0.782121 1.833895
v 0.138830 -0.782121 1.833895
v 0.930139 -0.802261 1.833895
v 0.930139 -0.802261 0.929957
v 0.930139 -0.782121 0.929957
v 0.930139 -0.782121 1.833895
v 0.138830 -1.062903 1.786091
v 0.697130 -1.062903 1.786091
v 0.697130 -1.096186 1.786091
v 0.138830 -1.096186 1.786091
v 0.138830 -1.473837 1.786091
v 0.697130 -1.473837 1.786091
v 0.697130 -1.780400 1.786091
v 0.138830 -1.780400 1.786091
v 0.138830 -1.828204 1.833895
v 0.138830 -1.828205 0.929957
v 0.753013 -1.828205 0.929957
v 0.753013 -1.828204 1.833896
v 0.930139 -0.782121 1.833895
v 0.930139 -0.782121 0.929957
v 0.138830 -0.829926 0.929957
v 0.695982 -0.829926 0.929956
v 0.697130 -0.829926 1.786090
v 0.138830 -0.829926 1.786091
v 0.138830 -1.141779 1.786091
v 0.138830 -1.144964 1.833895
v 0.138830 -1.096186 1.833895
v 0.138830 -1.096186 1.786091
v 0.138830 -0.858144 1.786091
v 0.138830 -0.815406 1.833895
v 0.138830 -0.782121 1.833895
v 0.138830 -0.829926 1.786091
v 0.138830 -1.780400 0.929957
v 0.138830 -1.828205 0.929957
v 0.138830 -1.828204 1.833895
v 0.138830 -1.780400 1.786091
v 0.138830 -0.782121 0.929957
v 0.138830 -0.829926 0.929957
v 0.697130 -1.062903 1.786091
v 0.695982 -1.062904 0.929956
v 0.695982 -1.096186 0.929957
v 0.697130 -1.096186 1.786091
v 0.697130 -1.473837 1.786091
v 0.695982 -1.473837 0.929957
v 0.695982 -1.780400 0.929957
v 0.697130 -1.780400 1.786091
v 0.138830 -1.780400 1.786091
v 0.697130 -1.780400 1.786091
v 0.695982 -1.780400 0.929957
v 0.138830 -1.780400 0.929957
v 0.695982 -1.096186 0.929957
v 0.138770 -1.096186 0.929957
v 0.138830 -1.096186 1.786091
v 0.697130 -1.096186 1.786091
v 0.138830 -1.473837 1.786091
v 0.138830 -1.473837 1.833895
v 0.753013 -1.473837 1.833896
v 0.753013 -1.473837 0.929957
v 0.753013 -1.473837 1.833896
v 0.138830 -1.473837 1.833895
v 0.138830 -1.096186 1.786091
v 0.138770 -1.096186 0.929957
v 0.138770 -1.141779 0.929957
v 0.138830 -1.141779 1.786091
v 0.697130 -1.141779 1.786091
v 0.138830 -1.141779 1.786091
v 0.138770 -1.141779 0.929957
v 0.695982 -1.141779 0.929957
v 0.135600 -1.141779 0.897774
v 0.682106 -1.141779 0.789068
v 0.135659 -1.780400 0.897763
v 0.135659 -1.828205 0.897763
v 0.738041 -0.782121 0.777941
v 0.135659 -0.782121 0.897762
v 0.135659 -0.782121 0.897762
v 0.135659 -0.829926 0.897762
v 0.682106 -1.062904 0.789068
v 0.682106 -1.096186 0.789068
v 0.911764 -0.782121 0.743386
v 0.738041 -1.144965 0.777941
v 0.738041 -1.096186 0.777941
v 0.738041 -1.096186 0.777941
v 0.911764 -0.972148 0.743386
v 0.682106 -1.096186 0.789068
v 0.135600 -1.096186 0.897774
v 0.135600 -1.096186 0.897774
v 0.135600 -1.141779 0.897774
v 0.682106 -1.473837 0.789068
v 0.682106 -1.780400 0.789068
v 0.738041 -1.473837 0.777941
v 0.135659 -0.829926 0.897762
v 0.682106 -0.829926 0.789068
v 0.911764 -0.802261 0.743386
v 0.911764 -0.782121 0.743386
v 0.135659 -1.828205 0.897763
v 0.738041 -1.828205 0.777942
v 0.682106 -1.780400 0.789068
v 0.135659 -1.780400 0.897763
v 0.641010 -1.473837 0.653593
v 0.641010 -1.780400 0.653593
v 0.126269 -0.829926 0.866806
v 0.641010 -0.829926 0.653593
v 0.126213 -1.096186 0.866829
v 0.126213 -1.141779 0.866829
v 0.641010 -1.780400 0.653593
v 0.126269 -1.780400 0.866806
v 0.693699 -1.096186 0.631768
v 0.857343 -0.972148 0.563985
v 0.126269 -1.780400 0.866806
v 0.126269 -1.828205 0.866806
v 0.693699 -0.782121 0.631768
v 0.126269 -0.782121 0.866806
v 0.126213 -1.141779 0.866829
v 0.641010 -1.141779 0.653593
v 0.126269 -0.782121 0.866806
v 0.126269 -0.829926 0.866806
v 0.693699 -1.473837 0.631768
v 0.693699 -1.144965 0.631768
v 0.641010 -1.062904 0.653593
v 0.641010 -1.096186 0.653593
v 0.857343 -0.782121 0.563985
v 0.641010 -1.096186 0.653593
v 0.126213 -1.096186 0.866829
v 0.857343 -0.802261 0.563985
v 0.857343 -0.782121 0.563985
v 0.693699 -1.096186 0.631768
v 0.126269 -1.828205 0.866806
v 0.693699 -1.828205 0.631768
v 0.621693 -0.782121 0.497054
v 0.111019 -0.782121 0.838275
v 0.110969 -1.141779 0.838309
v 0.574274 -1.141779 0.528739
v 0.111019 -0.782121 0.838275
v 0.111019 -0.829926 0.838275
v 0.621693 -1.473837 0.497054
v 0.621693 -1.144965 0.497054
v 0.574274 -1.062904 0.528739
v 0.574274 -1.096186 0.528739
v 0.768968 -0.782121 0.398648
v 0.574274 -1.096186 0.528739
v 0.110969 -1.096186 0.838309
v 0.768968 -0.802261 0.398648
v 0.768968 -0.782121 0.398648
v 0.621693 -1.096186 0.497054
v 0.111019 -1.828205 0.838276
v 0.621693 -1.828205 0.497054
v 0.574274 -1.473837 0.528739
v 0.574274 -1.780400 0.528739
v 0.111019 -0.829926 0.838275
v 0.574274 -0.829926 0.528739
v 0.110969 -1.096186 0.838309
v 0.110969 -1.141779 0.838309
v 0.574274 -1.780400 0.528739
v 0.111019 -1.780400 0.838276
v 0.621693 -1.096186 0.497054
v 0.768968 -0.972148 0.398648
v 0.111019 -1.780400 0.838276
v 0.111019 -1.828205 0.838276
v 0.650037 -0.802261 0.253729
v 0.650037 -0.782122 0.253729
v 0.524789 -1.144965 0.378976
v 0.524789 -1.096186 0.378976
v 0.090496 -1.828205 0.813269
v 0.524789 -1.828205 0.378977
v 0.484462 -1.473837 0.419303
v 0.484462 -1.780400 0.419303
v 0.090496 -0.829926 0.813269
v 0.484462 -0.829926 0.419303
v 0.090454 -1.096186 0.813311
v 0.090454 -1.141779 0.813311
v 0.484462 -1.780400 0.419303
v 0.090496 -1.780400 0.813269
v 0.524789 -1.096186 0.378976
v 0.650037 -0.972148 0.253729
v 0.090496 -1.780400 0.813269
v 0.090496 -1.828205 0.813269
v 0.524789 -0.782121 0.378976
v 0.090496 -0.782121 0.813269
v 0.090454 -1.141779 0.813311
v 0.484462 -1.141779 0.419303
v 0.090496 -0.782121 0.813269
v 0.090496 -0.829926 0.813269
v 0.524789 -1.473837 0.378976
v 0.484462 -1.062904 0.419303
v 0.484462 -1.096186 0.419303
v 0.650037 -0.782122 0.253729
v 0.484462 -1.096186 0.419303
v 0.090454 -1.096186 0.813311
v -0.930139 -0.782122 0.150753
v -0.930139 -0.782121 0.764935
v -0.026192 -0.782121 0.764935
v -0.026192 -0.782122 0.150752
v -0.930139 -1.144965 0.150753
v -0.930139 -1.144965 0.764935
v -0.930139 -1.096186 0.764935
v -0.930139 -1.096186 0.150753
v -0.930139 -1.144965 0.150753
v -0.930139 -1.096186 0.150753
v -0.026192 -1.096186 0.150752
v -0.026192 -1.144965 0.150753
v -0.930139 -1.056928 0.150753
v -0.930139 -0.948395 -0.026374
v -0.930139 -0.972148 -0.026374
v -0.930139 -1.096186 0.150753
v -0.930139 -0.972148 -0.026374
v -0.026192 -0.972148 -0.026374
v -0.026192 -1.096186 0.150752
v -0.930139 -0.815407 0.764935
v -0.930139 -0.782121 0.764935
v -0.930139 -0.782122 0.150753
v -0.930139 -0.815407 0.150753
v -0.930139 -0.802261 -0.026374
v -0.930139 -0.782122 -0.026374
v -0.026192 -0.782122 -0.026374
v -0.026192 -0.802261 -0.026374
v -0.882326 -1.062904 0.764935
v -0.882326 -1.096186 0.764935
v -0.882326 -1.096186 0.206635
v -0.882326 -1.062904 0.206635
v -0.882326 -1.473837 0.764935
v -0.882326 -1.780400 0.764935
v -0.882326 -1.780400 0.206636
v -0.882326 -1.473837 0.206636
v -0.930139 -1.828205 0.764935
v -0.930139 -1.828205 0.150753
v -0.026192 -1.828205 0.150753
v -0.026192 -1.828205 0.764935
v -0.930139 -0.782122 -0.026374
v -0.026192 -0.782122 -0.026374
v -0.026192 -0.829926 0.764935
v -0.882326 -0.829926 0.764935
v -0.882326 -0.829926 0.206635
v -0.026191 -0.829926 0.207784
v -0.882326 -1.141779 0.764935
v -0.882326 -1.096186 0.764935
v -0.930139 -1.096186 0.764935
v -0.930139 -1.144965 0.764935
v -0.882326 -0.858145 0.764935
v -0.882326 -0.829926 0.764935
v -0.930139 -0.782121 0.764935
v -0.930139 -0.815407 0.764935
v -0.026192 -1.780400 0.764935
v -0.882326 -1.780400 0.764935
v -0.930139 -1.828205 0.764935
v -0.026192 -1.828205 0.764935
v -0.026192 -0.829926 0.764935
v -0.026192 -0.782121 0.764935
v -0.882326 -1.062904 0.206635
v -0.882326 -1.096186 0.206635
v -0.026191 -1.096186 0.207784
v -0.026191 -1.062904 0.207784
v -0.882326 -1.473837 0.206636
v -0.882326 -1.780400 0.206636
v -0.026191 -1.780400 0.207784
v -0.026191 -1.473837 0.207784
v -0.882326 -1.780400 0.764935
v -0.026192 -1.780400 0.764935
v -0.026191 -1.780400 0.207784
v -0.882326 -1.780400 0.206636
v -0.026191 -1.096186 0.207784
v -0.882326 -1.096186 0.206635
v -0.882326 -1.096186 0.764935
v -0.026192 -1.096186 0.764995
v -0.882326 -1.473837 0.764935
v -0.930139 -1.473837 0.764935
v -0.930139 -1.473837 0.150753
v -0.026192 -1.473837 0.150753
v -0.930139 -1.473837 0.150753
v -0.930139 -1.473837 0.764935
v -0.882326 -1.096186 0.764935
v -0.882326 -1.141779 0.764935
v -0.026192 -1.141779 0.764995
v -0.026192 -1.096186 0.764995
v -0.882326 -1.141779 0.206635
v -0.026191 -1.141779 0.207784
v -0.026192 -1.141779 0.764995
v -0.882326 -1.141779 0.764935
v 0.114697 -1.141779 0.221660
v 0.005991 -1.141779 0.768165
v 0.006003 -1.828205 0.768106
v 0.006003 -1.780400 0.768106
v 0.006003 -0.782121 0.768106
v 0.125824 -0.782122 0.165725
v 0.006003 -0.829926 0.768106
v 0.006003 -0.782121 0.768106
v 0.114697 -1.096186 0.221660
v 0.114697 -1.062904 0.221660
v 0.160379 -0.782122 -0.007998
v 0.125824 -1.096186 0.165725
v 0.125824 -1.144965 0.165725
v 0.160379 -0.972148 -0.007998
v 0.125824 -1.096186 0.165725
v 0.005991 -1.096186 0.768165
v 0.114697 -1.096186 0.221660
v 0.005991 -1.141779 0.768165
v 0.005991 -1.096186 0.768165
v 0.114697 -1.780400 0.221660
v 0.114697 -1.473837 0.221660
v 0.125824 -1.473837 0.165725
v 0.114697 -0.829926 0.221660
v 0.006003 -0.829926 0.768106
v 0.160379 -0.782122 -0.007998
v 0.160379 -0.802261 -0.007998
v 0.125824 -1.828205 0.165725
v 0.006003 -1.828205 0.768106
v 0.006003 -1.780400 0.768106
v 0.114697 -1.780400 0.221660
v 0.250172 -1.780400 0.262756
v 0.250172 -1.473837 0.262756
v 0.250172 -0.829926 0.262756
v 0.036959 -0.829926 0.777496
v 0.036937 -1.141779 0.777552
v 0.036937 -1.096186 0.777552
v 0.036959 -1.780400 0.777497
v 0.250172 -1.780400 0.262756
v 0.339781 -0.972148 0.046422
v 0.271997 -1.096186 0.210066
v 0.036959 -1.828205 0.777497
v 0.036959 -1.780400 0.777497
v 0.036959 -0.782121 0.777496
v 0.271997 -0.782122 0.210066
v 0.250172 -1.141779 0.262756
v 0.036937 -1.141779 0.777552
v 0.036959 -0.829926 0.777496
v 0.036959 -0.782121 0.777496
v 0.271997 -1.144965 0.210066
v 0.271997 -1.473837 0.210066
v 0.250172 -1.096186 0.262756
v 0.250172 -1.062904 0.262756
v 0.339781 -0.782122 0.046422
v 0.036937 -1.096186 0.777552
v 0.250172 -1.096186 0.262756
v 0.339781 -0.782122 0.046422
v 0.339781 -0.802261 0.046422
v 0.271997 -1.096186 0.210066
v 0.271997 -1.828205 0.210066
v 0.036959 -1.828205 0.777497
v 0.065490 -0.782121 0.792746
v 0.406711 -0.782122 0.282072
v 0.375027 -1.141779 0.329492
v 0.065456 -1.141779 0.792796
v 0.065490 -0.829926 0.792746
v 0.065490 -0.782121 0.792746
v 0.406711 -1.144965 0.282072
v 0.406711 -1.473837 0.282072
v 0.375027 -1.096186 0.329492
v 0.375027 -1.062904 0.329492
v 0.505118 -0.782122 0.134797
v 0.065456 -1.096186 0.792796
v 0.375027 -1.096186 0.329492
v 0.505118 -0.782122 0.134797
v 0.505118 -0.802261 0.134797
v 0.406711 -1.096186 0.282072
v 0.406711 -1.828205 0.282072
v 0.065490 -1.828205 0.792746
v 0.375027 -1.780400 0.329492
v 0.375027 -1.473837 0.329492
v 0.375027 -0.829926 0.329492
v 0.065490 -0.829926 0.792746
v 0.065456 -1.141779 0.792796
v 0.065456 -1.096186 0.792796
v 0.065490 -1.780400 0.792746
v 0.375027 -1.780400 0.329492
v 0.505118 -0.972148 0.134797
v 0.406711 -1.096186 0.282072
v 0.065490 -1.828205 0.792746
v 0.065490 -1.780400 0.792746
v 0.375027 -0.858145 0.329492
v 0.484462 -0.858145 0.419303
v 0.505118 -0.972148 0.134797
v 0.505118 -0.948395 0.134797
v 0.650037 -0.948395 0.253729
v 0.650037 -0.972148 0.253729
v 0.339781 -0.972148 0.046422
v 0.339781 -0.948395 0.046422
v 0.250172 -0.858145 0.262756
v 0.160379 -0.972148 -0.007998
v 0.160379 -0.948395 -0.007998
v 0.114697 -0.858145 0.221660
v -0.026192 -0.972148 -0.026374
v -0.026192 -0.948395 -0.026374
v -0.026191 -0.858145 0.207784
v -0.882326 -0.858145 0.206635
v -0.882326 -1.062904 0.764935
v -0.930139 -1.056928 0.764935
v -0.882326 -0.858145 0.764935
v -0.882326 -0.858145 0.206635
v -0.930139 -0.972148 -0.026374
v -0.930139 -0.948395 -0.026374
v -0.930139 -1.056928 0.764935
v -0.930139 -0.802261 -0.026374
v 0.574274 -0.858145 0.528739
v 0.768968 -0.972148 0.398648
v 0.768968 -0.948395 0.398648
v 0.857343 -0.972148 0.563985
v 0.857343 -0.948395 0.563985
v 0.641010 -0.858145 0.653593
v 0.911764 -0.972148 0.743386
v 0.911764 -0.948395 0.743386
v 0.682106 -0.858145 0.789068
v 0.930139 -0.972148 0.929957
v 0.930139 -0.948394 0.929957
v 0.695982 -0.858145 0.929956
v 0.697130 -0.858144 1.786090
v 0.138830 -1.056928 1.833895
v 0.138830 -1.062903 1.786091
v 0.138830 -0.858144 1.786091
v 0.697130 -0.858144 1.786090
v 0.930139 -0.972148 1.833895
v 0.930139 -0.948394 1.833895
v 0.138830 -1.056928 1.833895
v 0.930139 -0.802261 1.833895
v 0.930139 -0.782121 1.833895
v 0.138830 -0.829926 1.786091
v 0.697130 -0.829926 1.786090
v 0.697130 -0.829926 1.786090
v 0.695982 -0.829926 0.929956
v 0.682106 -0.829926 0.789068
v 0.641010 -0.829926 0.653593
v 0.574274 -0.829926 0.528739
v 0.484462 -0.829926 0.419303
v -0.930139 -0.782122 -0.026374
v -0.882326 -0.829926 0.764935
v -0.882326 -0.829926 0.206635
v -0.882326 -0.829926 0.206635
v -0.026191 -0.829926 0.207784
v 0.114697 -0.829926 0.221660
v 0.250172 -0.829926 0.262756
v 0.375027 -0.829926 0.329492
v 0.505118 -0.948395 0.134797
v 0.505118 -0.802261 0.134797
v 0.650037 -0.802261 0.253729
v 0.650037 -0.948395 0.253729
v 0.339781 -0.948395 0.046422
v 0.339781 -0.802261 0.046422
v 0.160379 -0.948395 -0.007998
v 0.160379 -0.802261 -0.007998
v -0.026192 -0.948395 -0.026374
v -0.026192 -0.802261 -0.026374
v -0.930139 -0.948395 -0.026374
v -0.930139 -0.802261 -0.026374
v 0.768968 -0.948395 0.398648
v 0.768968 -0.802261 0.398648
v 0.857343 -0.948395 0.563985
v 0.857343 -0.802261 0.563985
v 0.911764 -0.948395 0.743386
v 0.911764 -0.802261 0.743386
v 0.930139 -0.948394 0.929957
v 0.930139 -0.802261 0.929957
v 0.930139 -0.948394 1.833895
v 0.930139 -0.802261 1.833895
v 0.406711 -1.828205 0.282072
v 0.406711 -1.473837 0.282072
v 0.524789 -1.473837 0.378976
v 0.524789 -1.828205 0.378977
v 0.375027 -1.141779 0.329492
v 0.375027 -1.473837 0.329492
v 0.484462 -1.473837 0.419303
v 0.484462 -1.141779 0.419303
v 0.250172 -1.141779 0.262756
v 0.250172 -1.473837 0.262756
v 0.271997 -1.828205 0.210066
v 0.271997 -1.473837 0.210066
v 0.125824 -1.828205 0.165725
v 0.125824 -1.473837 0.165725
v 0.114697 -1.141779 0.221660
v 0.114697 -1.473837 0.221660
v -0.026192 -1.828205 0.150753
v -0.026192 -1.473837 0.150753
v -0.026191 -1.141779 0.207784
v -0.026191 -1.473837 0.207784
v -0.930139 -1.828205 0.150753
v -0.930139 -1.828205 0.764935
v -0.930139 -1.473837 0.764935
v -0.930139 -1.473837 0.150753
v -0.930139 -1.828205 0.150753
v -0.930139 -1.473837 0.150753
v -0.882326 -1.473837 0.764935
v -0.930139 -1.473837 0.764935
v -0.882326 -1.141779 0.206635
v -0.882326 -1.473837 0.206636
v -0.882326 -1.141779 0.764935
v -0.882326 -1.473837 0.764935
v -0.882326 -1.473837 0.206636
v -0.882326 -1.141779 0.206635
v 0.621693 -1.828205 0.497054
v 0.621693 -1.473837 0.497054
v 0.574274 -1.141779 0.528739
v 0.574274 -1.473837 0.528739
v 0.641010 -1.141779 0.653593
v 0.641010 -1.473837 0.653593
v 0.693699 -1.828205 0.631768
v 0.693699 -1.473837 0.631768
v 0.738041 -1.828205 0.777942
v 0.738041 -1.473837 0.777941
v 0.682106 -1.141779 0.789068
v 0.682106 -1.473837 0.789068
v 0.753013 -1.828205 0.929957
v 0.753013 -1.473837 0.929957
v 0.695982 -1.141779 0.929957
v 0.695982 -1.473837 0.929957
v 0.753013 -1.828204 1.833896
v 0.753013 -1.473837 1.833896
v 0.138830 -1.473837 1.833895
v 0.138830 -1.828204 1.833895
v 0.753013 -1.828204 1.833896
v 0.753013 -1.473837 1.833896
v 0.138830 -1.473837 1.833895
v 0.138830 -1.473837 1.786091
v 0.697130 -1.141779 1.786091
v 0.697130 -1.473837 1.786091
v 0.138830 -1.141779 1.786091
v 0.697130 -1.141779 1.786091
v 0.697130 -1.473837 1.786091
v 0.138830 -1.473837 1.786091
v 0.682324 -0.727564 1.300115
v 0.717657 -0.368013 1.320805
v 0.719197 -0.378132 1.335984
v 0.685629 -0.719727 1.316327
v 0.610347 -0.615062 1.593882
v 0.611636 -0.560972 1.594637
v 0.586949 -0.542959 1.624998
v 0.448734 -0.719727 1.720873
v 0.482302 -0.378132 1.740529
v 0.468310 -0.368013 1.746614
v 0.432978 -0.727564 1.725923
v 0.428118 -0.723693 1.718427
v 0.673409 -0.723693 1.299544
v 0.677376 -0.733110 1.290648
v 0.422301 -0.733110 1.726240
v 0.685629 -0.719727 1.316327
v 0.448734 -0.719727 1.720873
v 0.432978 -0.727564 1.725923
v 0.682324 -0.727564 1.300115
v 0.482302 -0.378132 1.740529
v 0.719197 -0.378132 1.335984
v 0.717657 -0.368013 1.320805
v 0.468310 -0.368013 1.746614
v 0.653957 -0.615062 1.519409
v 0.669249 -0.528332 1.487750
v 0.653708 -0.546576 1.522789
v 0.655246 -0.560972 1.520164
v 0.669645 -0.542959 1.483778
v 0.653957 -0.615062 1.519409
v 0.655246 -0.560972 1.520164
v 0.663665 -0.561008 1.525094
v 0.662375 -0.615062 1.524339
v 0.610347 -0.615062 1.593882
v 0.653957 -0.615062 1.519409
v 0.648801 -0.767806 1.516390
v 0.605191 -0.767806 1.590863
v 0.643771 -0.532179 1.539758
v 0.623110 -0.532179 1.575042
v 0.631464 -0.532179 1.580084
v 0.652256 -0.532179 1.544577
v 0.639264 -0.534328 1.582651
v 0.658311 -0.534328 1.550123
v 0.611636 -0.560972 1.594637
v 0.610347 -0.615062 1.593882
v 0.618765 -0.615062 1.598811
v 0.620055 -0.561008 1.599567
v 0.660658 -0.647554 1.435366
v 0.656383 -0.659409 1.411426
v 0.659803 -0.645559 1.408707
v 0.664082 -0.633700 1.432656
v 0.670856 -0.485748 1.454281
v 0.669260 -0.470687 1.431965
v 0.661910 -0.466856 1.445381
v 0.663459 -0.481847 1.467584
v 0.670119 -0.615062 1.542890
v 0.638733 -0.615062 1.596488
v 0.643568 -0.767806 1.599319
v 0.674954 -0.767806 1.545721
v 0.646706 -0.540198 1.581571
v 0.661011 -0.540198 1.557142
v 0.605191 -0.767806 1.590863
v 0.623599 -0.767806 1.601642
v 0.529308 -0.673259 1.625311
v 0.552052 -0.661477 1.617342
v 0.544868 -0.657722 1.630667
v 0.521989 -0.669548 1.638645
v 0.667209 -0.767806 1.527169
v 0.648801 -0.767806 1.516390
v 0.626512 -0.615062 1.601470
v 0.627801 -0.563429 1.602225
v 0.651694 -0.548217 1.577310
v 0.659736 -0.548217 1.563577
v 0.669773 -0.563429 1.530549
v 0.668484 -0.615062 1.529794
v 0.672608 -0.569740 1.537339
v 0.671319 -0.615062 1.536584
v 0.671408 -0.577992 1.543645
v 0.635110 -0.569740 1.601374
v 0.633821 -0.615062 1.600620
v 0.640022 -0.577992 1.597243
v 0.676153 -0.767806 1.539415
v 0.673319 -0.767806 1.532625
v 0.638655 -0.767806 1.603451
v 0.631346 -0.767806 1.604301
v 0.674553 -0.495450 1.417345
v 0.676182 -0.510578 1.439742
v 0.645893 -0.661477 1.457090
v 0.641714 -0.673259 1.433355
v 0.649762 -0.669548 1.420448
v 0.653999 -0.657722 1.444305
v 0.517360 -0.659409 1.648834
v 0.540331 -0.647554 1.640849
v 0.539643 -0.633700 1.645161
v 0.516663 -0.645559 1.653147
v 0.531414 -0.495450 1.661784
v 0.551744 -0.510577 1.652246
v 0.555214 -0.496267 1.649534
v 0.534889 -0.481153 1.659071
v 0.613173 -0.546576 1.592011
v 0.590219 -0.528332 1.622709
v 0.617373 -0.536037 1.584839
v 0.596856 -0.517848 1.613738
v 0.561817 -0.485748 1.640487
v 0.541574 -0.470687 1.650014
v 0.549677 -0.466856 1.637040
v 0.569798 -0.481847 1.627527
v 0.623110 -0.532179 1.575042
v 0.643771 -0.532179 1.539758
v 0.657243 -0.514192 1.511439
v 0.605004 -0.514192 1.600648
v 0.675515 -0.496267 1.444096
v 0.673888 -0.481153 1.421703
v 0.665572 -0.552206 1.553611
v 0.666809 -0.544156 1.547240
v 0.669844 -0.563104 1.546315
v 0.671054 -0.554969 1.539992
v 0.664042 -0.538227 1.540336
v 0.668238 -0.548878 1.533171
v 0.657961 -0.536041 1.534835
v 0.662136 -0.546594 1.527704
v 0.629337 -0.548878 1.599603
v 0.621583 -0.546594 1.596956
v 0.633533 -0.538227 1.592438
v 0.625759 -0.536041 1.589825
v 0.636663 -0.554969 1.598721
v 0.640908 -0.544156 1.591473
v 0.641585 -0.563104 1.594572
v 0.645858 -0.552206 1.587276
v 0.649508 -0.536037 1.529961
v 0.653708 -0.546576 1.522789
v 0.613173 -0.546576 1.592011
v 0.617373 -0.536037 1.584839
v 0.664673 -0.517848 1.497927
v 0.649508 -0.536037 1.529961
v 0.708167 -0.369990 1.319898
v 0.673409 -0.723693 1.299544
v 0.673977 -0.721897 1.303104
v 0.708335 -0.372254 1.323224
v 0.432978 -0.727564 1.725923
v 0.468310 -0.368013 1.746614
v 0.466084 -0.361520 1.751878
v 0.429476 -0.734057 1.730441
v 0.717657 -0.368013 1.320805
v 0.721159 -0.361520 1.316287
v 0.708167 -0.369990 1.319898
v 0.713984 -0.360573 1.312086
v 0.466084 -0.361520 1.751878
v 0.721159 -0.361520 1.316287
v 0.713984 -0.360573 1.312086
v 0.458909 -0.360573 1.747677
v 0.429476 -0.734057 1.730441
v 0.466084 -0.361520 1.751878
v 0.458909 -0.360573 1.747677
v 0.422301 -0.733110 1.726240
v 0.721159 -0.361520 1.316287
v 0.684551 -0.734057 1.294850
v 0.677376 -0.733110 1.290648
v 0.713984 -0.360573 1.312086
v 0.684551 -0.734057 1.294850
v 0.429476 -0.734057 1.730441
v 0.422301 -0.733110 1.726240
v 0.677376 -0.733110 1.290648
v 0.682324 -0.727564 1.300115
v 0.684551 -0.734057 1.294850
v 0.462876 -0.369990 1.738781
v 0.458909 -0.360573 1.747677
v 0.431500 -0.721897 1.717180
v 0.465859 -0.372254 1.737300
v 0.708335 -0.372254 1.323224
v 0.673977 -0.721897 1.303104
v 0.673409 -0.723693 1.299544
v 0.428118 -0.723693 1.718427
v 0.431500 -0.721897 1.717180
v 0.673977 -0.721897 1.303104
v 0.428118 -0.723693 1.718427
v 0.462876 -0.369990 1.738781
v 0.465859 -0.372254 1.737300
v 0.431500 -0.721897 1.717180
v 0.462876 -0.369990 1.738781
v 0.708167 -0.369990 1.319898
v 0.708335 -0.372254 1.323224
v 0.465859 -0.372254 1.737300
v 0.659165 -0.651253 1.457105
v 0.652720 -0.654182 1.467346
v 0.664578 -0.643133 1.449763
v 0.667463 -0.631771 1.447403
v 0.554804 -0.643133 1.637223
v 0.554158 -0.631771 1.640894
v 0.558559 -0.651253 1.628909
v 0.564337 -0.654182 1.618278
v 0.581373 -0.517044 1.634977
v 0.577999 -0.531515 1.637478
v 0.568560 -0.505307 1.644796
v 0.565113 -0.519662 1.647451
v 0.588023 -0.506557 1.625964
v 0.575198 -0.494808 1.635755
v 0.596133 -0.502802 1.612933
v 0.583247 -0.490963 1.622771
v 0.676150 -0.531515 1.469866
v 0.675619 -0.517044 1.474032
v 0.678543 -0.519662 1.453748
v 0.677913 -0.505308 1.458053
v 0.671013 -0.506557 1.484242
v 0.673277 -0.494808 1.468266
v 0.663617 -0.502802 1.497692
v 0.665892 -0.490963 1.481639
v 0.643455 -0.782390 1.457838
v 0.643455 -0.770508 1.457838
v 0.659349 -0.770508 1.458769
v 0.659349 -0.782390 1.458769
v 0.548416 -0.770508 1.583552
v 0.548416 -0.782390 1.583552
v 0.547485 -0.782390 1.599446
v 0.547485 -0.770508 1.599446
v 0.604549 -0.782390 1.482764
v 0.604549 -0.770508 1.482764
v 0.614645 -0.770508 1.470453
v 0.614645 -0.782390 1.470453
v 0.727129 -0.770508 1.498459
v 0.727129 -0.782390 1.498459
v 0.714817 -0.782390 1.488364
v 0.714817 -0.770508 1.488364
v 0.554213 -0.782390 1.568723
v 0.554213 -0.770508 1.568723
v 0.733016 -0.770508 1.557992
v 0.733016 -0.782390 1.557992
v 0.738813 -0.782390 1.543164
v 0.738813 -0.770508 1.543164
v 0.628051 -0.770508 1.461864
v 0.628051 -0.782390 1.461864
v 0.674178 -0.782390 1.464566
v 0.674178 -0.770508 1.464566
v 0.682680 -0.770508 1.643951
v 0.682680 -0.782390 1.643951
v 0.739744 -0.770508 1.527269
v 0.739744 -0.782390 1.527269
v 0.735718 -0.782390 1.511865
v 0.735718 -0.770508 1.511865
v 0.672584 -0.770508 1.656263
v 0.672584 -0.782390 1.656263
v 0.643774 -0.770508 1.668878
v 0.643774 -0.782390 1.668878
v 0.659178 -0.782390 1.664852
v 0.659178 -0.770508 1.664852
v 0.627880 -0.770508 1.667947
v 0.627880 -0.782390 1.667947
v 0.560100 -0.770508 1.628256
v 0.560100 -0.782390 1.628256
v 0.572412 -0.782390 1.638352
v 0.572412 -0.770508 1.638352
v 0.551511 -0.782390 1.614850
v 0.551511 -0.770508 1.614850
v 0.613051 -0.770508 1.662150
v 0.613051 -0.782390 1.662150
v 0.607324 -0.767137 1.484697
v 0.616913 -0.767137 1.473003
v 0.614645 -0.770508 1.470453
v 0.604549 -0.770508 1.482764
v 0.629420 -0.767137 1.464990
v 0.628051 -0.770508 1.461864
v 0.643791 -0.767137 1.461233
v 0.643455 -0.770508 1.457838
v 0.658619 -0.767137 1.462102
v 0.659349 -0.770508 1.458769
v 0.672704 -0.767137 1.467608
v 0.674178 -0.770508 1.464566
v 0.735479 -0.767137 1.542434
v 0.729973 -0.767137 1.556518
v 0.733016 -0.770508 1.557992
v 0.738813 -0.770508 1.543164
v 0.736348 -0.767137 1.527605
v 0.739744 -0.770508 1.527269
v 0.732592 -0.767137 1.513234
v 0.735718 -0.770508 1.511865
v 0.724579 -0.767137 1.500727
v 0.727129 -0.770508 1.498459
v 0.712885 -0.767137 1.491138
v 0.714817 -0.770508 1.488364
v 0.628610 -0.767137 1.664613
v 0.614525 -0.767137 1.659107
v 0.613051 -0.770508 1.662150
v 0.627880 -0.770508 1.667947
v 0.643438 -0.767137 1.665482
v 0.643774 -0.770508 1.668878
v 0.657809 -0.767137 1.661726
v 0.659178 -0.770508 1.664852
v 0.670316 -0.767137 1.653713
v 0.672584 -0.770508 1.656263
v 0.679905 -0.767137 1.642019
v 0.682680 -0.770508 1.643951
v 0.551750 -0.767137 1.584282
v 0.557256 -0.767137 1.570197
v 0.554213 -0.770508 1.568723
v 0.548416 -0.770508 1.583552
v 0.550881 -0.767137 1.599110
v 0.547485 -0.770508 1.599446
v 0.554637 -0.767137 1.613482
v 0.551511 -0.770508 1.614850
v 0.562650 -0.767137 1.625989
v 0.560100 -0.770508 1.628256
v 0.574344 -0.767137 1.635578
v 0.572412 -0.770508 1.638352
v 0.434804 -0.766285 1.316338
v 0.320910 -0.771928 1.320480
v 0.316604 -0.776053 1.325501
v 0.439406 -0.770029 1.320700
v 0.305252 -0.771928 0.890004
v 0.419146 -0.766285 0.885862
v 0.423420 -0.770029 0.881177
v 0.300593 -0.776053 0.885309
v 0.440556 -0.781867 1.322193
v 0.439406 -0.770029 1.320700
v 0.316604 -0.776053 1.325501
v 0.315935 -0.781867 1.326725
v 0.299837 -0.781867 0.884137
v 0.300593 -0.776053 0.885309
v 0.423420 -0.770029 0.881177
v 0.424458 -0.781867 0.879604
v 0.292713 -0.781867 1.304481
v 0.293192 -0.777160 1.303245
v 0.278860 -0.777160 0.909207
v 0.278293 -0.781867 0.908010
v 0.297414 -0.773050 1.298039
v 0.283449 -0.773050 0.914093
v 0.278860 -0.777160 0.909207
v 0.293192 -0.777160 1.303245
v 0.442322 -0.765178 0.907863
v 0.456320 -0.765178 1.292711
v 0.460799 -0.768939 1.297142
v 0.446468 -0.768939 0.903117
v 0.447526 -0.781867 0.901404
v 0.446468 -0.768939 0.903117
v 0.460799 -0.768939 1.297142
v 0.461979 -0.781867 1.298775
v 0.423420 -0.770029 0.881177
v 0.419146 -0.766285 0.885862
v 0.430430 -0.765732 0.888512
v 0.434642 -0.769484 0.883843
v 0.434642 -0.769484 0.883843
v 0.430430 -0.765732 0.888512
v 0.438913 -0.765327 0.896565
v 0.443078 -0.769085 0.891873
v 0.443078 -0.769085 0.891873
v 0.438913 -0.765327 0.896565
v 0.442322 -0.765178 0.907863
v 0.446468 -0.768939 0.903117
v 0.434804 -0.766285 1.316338
v 0.439406 -0.770029 1.320700
v 0.450405 -0.769484 1.317225
v 0.445865 -0.765732 1.312874
v 0.445865 -0.765732 1.312874
v 0.450405 -0.769484 1.317225
v 0.458235 -0.769085 1.308603
v 0.453741 -0.765327 1.304227
v 0.453741 -0.765327 1.304227
v 0.458235 -0.769085 1.308603
v 0.460799 -0.768939 1.297142
v 0.456320 -0.765178 1.292711
v 0.297414 -0.773050 1.298039
v 0.293192 -0.777160 1.303245
v 0.296637 -0.777011 1.314696
v 0.300871 -0.772900 1.309561
v 0.300871 -0.772900 1.309561
v 0.296637 -0.777011 1.314696
v 0.305206 -0.776606 1.322842
v 0.309472 -0.772489 1.317775
v 0.309472 -0.772489 1.317775
v 0.305206 -0.776606 1.322842
v 0.316604 -0.776053 1.325501
v 0.320910 -0.771928 1.320480
v 0.305252 -0.771928 0.890004
v 0.300593 -0.776053 0.885309
v 0.289418 -0.776606 0.888789
v 0.294041 -0.772489 0.893533
v 0.294041 -0.772489 0.893533
v 0.289418 -0.776606 0.888789
v 0.281464 -0.777012 0.897536
v 0.286060 -0.772900 0.902350
v 0.286060 -0.772900 0.902350
v 0.281464 -0.777012 0.897536
v 0.278860 -0.777160 0.909207
v 0.283449 -0.773050 0.914093
v 0.278293 -0.781867 0.908010
v 0.278860 -0.777160 0.909207
v 0.281464 -0.777012 0.897536
v 0.280872 -0.781867 0.896371
v 0.280872 -0.781867 0.896371
v 0.281464 -0.777012 0.897536
v 0.289418 -0.776606 0.888789
v 0.288758 -0.781867 0.887633
v 0.288758 -0.781867 0.887633
v 0.289418 -0.776606 0.888789
v 0.300593 -0.776053 0.885309
v 0.299837 -0.781867 0.884137
v 0.446468 -0.768939 0.903117
v 0.447526 -0.781867 0.901404
v 0.444135 -0.781867 0.890208
v 0.443078 -0.769085 0.891873
v 0.443078 -0.769085 0.891873
v 0.444135 -0.781867 0.890208
v 0.435691 -0.781867 0.882229
v 0.434642 -0.769484 0.883843
v 0.434642 -0.769484 0.883843
v 0.435691 -0.781867 0.882229
v 0.424458 -0.781867 0.879604
v 0.423420 -0.770029 0.881177
v 0.439406 -0.770029 1.320700
v 0.440556 -0.781867 1.322193
v 0.451569 -0.781867 1.318759
v 0.450405 -0.769484 1.317225
v 0.450405 -0.769484 1.317225
v 0.451569 -0.781867 1.318759
v 0.459410 -0.781867 1.310187
v 0.458235 -0.769085 1.308603
v 0.458235 -0.769085 1.308603
v 0.459410 -0.781867 1.310187
v 0.461979 -0.781867 1.298775
v 0.460799 -0.768939 1.297142
v 0.293192 -0.777160 1.303245
v 0.292713 -0.781867 1.304481
v 0.296131 -0.781867 1.315901
v 0.296637 -0.777011 1.314696
v 0.296637 -0.777011 1.314696
v 0.296131 -0.781867 1.315901
v 0.304631 -0.781867 1.324043
v 0.305206 -0.776606 1.322842
v 0.305206 -0.776606 1.322842
v 0.304631 -0.781867 1.324043
v 0.315935 -0.781867 1.326725
v 0.316604 -0.776053 1.325501
v 0.305252 -0.771928 0.890004
v 0.320910 -0.771928 1.320480
v 0.434804 -0.766285 1.316338
v 0.419146 -0.766285 0.885862
v 0.339262 -0.773163 1.439525
v 0.340214 -0.769413 1.438955
v 0.338086 -0.769447 1.426324
v 0.337053 -0.773216 1.426362
v 0.342587 -0.765786 1.437687
v 0.340700 -0.765707 1.426229
v 0.339291 -0.769413 1.413572
v 0.338300 -0.773163 1.413072
v 0.341750 -0.765786 1.414664
v 0.344655 -0.776343 1.450293
v 0.344839 -0.772989 1.450124
v 0.339040 -0.776440 1.439624
v 0.345581 -0.769203 1.449138
v 0.347270 -0.765713 1.446760
v 0.349323 -0.763396 1.443841
v 0.347053 -0.762736 1.436649
v 0.345659 -0.762416 1.426049
v 0.346280 -0.762736 1.415375
v 0.348021 -0.763396 1.408038
v 0.345761 -0.765713 1.405275
v 0.343904 -0.769203 1.403026
v 0.343093 -0.772989 1.402097
v 0.338071 -0.776440 1.412990
v 0.342897 -0.776343 1.401942
v 0.336815 -0.776472 1.426370
v 0.362767 -0.764650 1.396612
v 0.363206 -0.761554 1.403099
v 0.409016 -0.765047 1.403231
v 0.408947 -0.767530 1.397285
v 0.362003 -0.776057 1.391768
v 0.362086 -0.772493 1.391981
v 0.409161 -0.773846 1.393043
v 0.409198 -0.776763 1.392844
v 0.409074 -0.770578 1.394204
v 0.417715 -0.771566 1.397292
v 0.418024 -0.774484 1.396254
v 0.417100 -0.768830 1.400004
v 0.362317 -0.768462 1.393248
v 0.409217 -0.781020 1.392970
v 0.361974 -0.781020 1.391909
v 0.416790 -0.766604 1.405133
v 0.421397 -0.767703 1.407490
v 0.422955 -0.769580 1.405060
v 0.424233 -0.772200 1.403101
v 0.424786 -0.774942 1.402290
v 0.418107 -0.777100 1.396076
v 0.424915 -0.777375 1.402151
v 0.409974 -0.762804 1.423709
v 0.363747 -0.758868 1.425391
v 0.364332 -0.759533 1.437558
v 0.410271 -0.763349 1.434912
v 0.429098 -0.775327 1.411648
v 0.428382 -0.772669 1.412105
v 0.430054 -0.772828 1.422979
v 0.430833 -0.775456 1.422951
v 0.426578 -0.769897 1.413111
v 0.428064 -0.769978 1.423051
v 0.429176 -0.772669 1.433945
v 0.429923 -0.775327 1.434349
v 0.427304 -0.769897 1.433073
v 0.429256 -0.777588 1.411569
v 0.423167 -0.767387 1.413864
v 0.424279 -0.767237 1.423189
v 0.423848 -0.767387 1.432570
v 0.422546 -0.767703 1.439055
v 0.424276 -0.769580 1.441366
v 0.425692 -0.772200 1.443228
v 0.426303 -0.774942 1.443996
v 0.430087 -0.777588 1.434417
v 0.426442 -0.777375 1.444125
v 0.431003 -0.777658 1.422944
v 0.410869 -0.767530 1.450139
v 0.364860 -0.764650 1.454165
v 0.364656 -0.768462 1.457552
v 0.411220 -0.770578 1.453202
v 0.410506 -0.765047 1.444203
v 0.364827 -0.761554 1.447663
v 0.364517 -0.772493 1.458833
v 0.353967 -0.768835 1.455133
v 0.353542 -0.772717 1.456339
v 0.354799 -0.765252 1.451999
v 0.411391 -0.773846 1.454354
v 0.364450 -0.776057 1.459052
v 0.411443 -0.776763 1.454549
v 0.355245 -0.762431 1.446175
v 0.349323 -0.763396 1.443841
v 0.347270 -0.765713 1.446760
v 0.345581 -0.769203 1.449138
v 0.344839 -0.772989 1.450124
v 0.353417 -0.776194 1.456545
v 0.344655 -0.776343 1.450293
v 0.363447 -0.759533 1.413213
v 0.409456 -0.763349 1.412514
v 0.353558 -0.760741 1.414475
v 0.353487 -0.760188 1.425764
v 0.363206 -0.761554 1.403099
v 0.354377 -0.760741 1.437018
v 0.364827 -0.761554 1.447663
v 0.353757 -0.762431 1.405279
v 0.348021 -0.763396 1.408038
v 0.346280 -0.762736 1.415375
v 0.345659 -0.762416 1.426049
v 0.347053 -0.762736 1.436649
v 0.349323 -0.763396 1.443841
v 0.355245 -0.762431 1.446175
v 0.417501 -0.765336 1.413319
v 0.418237 -0.764955 1.423409
v 0.418236 -0.765336 1.433525
v 0.418122 -0.766604 1.441741
v 0.419997 -0.774484 1.450507
v 0.419613 -0.771566 1.449494
v 0.418803 -0.768830 1.446834
v 0.420093 -0.777100 1.450678
v 0.351320 -0.772717 1.395266
v 0.351832 -0.768835 1.396438
v 0.352889 -0.765252 1.399503
v 0.351181 -0.776194 1.395069
v 0.353757 -0.762431 1.405279
v 0.342915 -0.781020 1.402048
v 0.351171 -0.781020 1.395201
v 0.364412 -0.781020 1.458913
v 0.411452 -0.781020 1.454422
v 0.426417 -0.781020 1.444040
v 0.420088 -0.781020 1.450566
v 0.353398 -0.781020 1.456414
v 0.344666 -0.781020 1.450185
v 0.424896 -0.781020 1.402238
v 0.429222 -0.781020 1.411618
v 0.430963 -0.781020 1.422946
v 0.430050 -0.781020 1.434371
v 0.418111 -0.781020 1.396189
v 0.344666 -0.781020 1.450185
v 0.339069 -0.781020 1.439563
v 0.336852 -0.781020 1.426369
v 0.338105 -0.781020 1.413049
v 0.394148 -0.768047 0.895171
v 0.390686 -0.763911 0.898657
v 0.391227 -0.763911 0.913530
v 0.394933 -0.768047 0.916755
v 0.394933 -0.768047 0.916755
v 0.391227 -0.763911 0.913530
v 0.376376 -0.764713 0.914070
v 0.373379 -0.769211 0.917539
v 0.373379 -0.769211 0.917539
v 0.376376 -0.764713 0.914070
v 0.375835 -0.764713 0.899197
v 0.372595 -0.769211 0.895955
v 0.372595 -0.769211 0.895955
v 0.375835 -0.764713 0.899197
v 0.390686 -0.763911 0.898657
v 0.394148 -0.768047 0.895171
v 0.394933 -0.768047 0.916755
v 0.373379 -0.769211 0.917539
v 0.372595 -0.769211 0.895955
v 0.394148 -0.768047 0.895171
v 0.376376 -0.764713 0.914070
v 0.391227 -0.763911 0.913530
v 0.390686 -0.763911 0.898657
v 0.375835 -0.764713 0.899197
v 0.395152 -0.768047 0.922799
v 0.391691 -0.763911 0.926285
v 0.392232 -0.763911 0.941158
v 0.395937 -0.768047 0.944383
v 0.395937 -0.768047 0.944383
v 0.392232 -0.763911 0.941158
v 0.377381 -0.764713 0.941698
v 0.374384 -0.769211 0.945167
v 0.374384 -0.769211 0.945167
v 0.377381 -0.764713 0.941698
v 0.376839 -0.764713 0.926825
v 0.373599 -0.769211 0.923583
v 0.373599 -0.769211 0.923583
v 0.376839 -0.764713 0.926825
v 0.391691 -0.763911 0.926285
v 0.395152 -0.768047 0.922799
v 0.395937 -0.768047 0.944383
v 0.374384 -0.769211 0.945167
v 0.373599 -0.769211 0.923583
v 0.395152 -0.768047 0.922799
v 0.377381 -0.764713 0.941698
v 0.392232 -0.763911 0.941158
v 0.391691 -0.763911 0.926285
v 0.376839 -0.764713 0.926825
v 0.396157 -0.768047 0.950427
v 0.392696 -0.763911 0.953913
v 0.393237 -0.763911 0.968785
v 0.396942 -0.768047 0.972011
v 0.396942 -0.768047 0.972011
v 0.393237 -0.763911 0.968785
v 0.378385 -0.764713 0.969326
v 0.375389 -0.769211 0.972795
v 0.375389 -0.769211 0.972795
v 0.378385 -0.764713 0.969326
v 0.377844 -0.764713 0.954453
v 0.374604 -0.769211 0.951211
v 0.374604 -0.769211 0.951211
v 0.377844 -0.764713 0.954453
v 0.392696 -0.763911 0.953913
v 0.396157 -0.768047 0.950427
v 0.396942 -0.768047 0.972011
v 0.375389 -0.769211 0.972795
v 0.374604 -0.769211 0.951211
v 0.396157 -0.768047 0.950427
v 0.378385 -0.764713 0.969326
v 0.393237 -0.763911 0.968785
v 0.392696 -0.763911 0.953913
v 0.377844 -0.764713 0.954453
v 0.397162 -0.768047 0.978055
v 0.393701 -0.763911 0.981541
v 0.394242 -0.763911 0.996414
v 0.397947 -0.768047 0.999639
v 0.397947 -0.768047 0.999639
v 0.394242 -0.763911 0.996414
v 0.379390 -0.764713 0.996954
v 0.376394 -0.769211 1.000423
v 0.376394 -0.769211 1.000423
v 0.379390 -0.764713 0.996954
v 0.378849 -0.764713 0.982081
v 0.375609 -0.769211 0.978839
v 0.375609 -0.769211 0.978839
v 0.378849 -0.764713 0.982081
v 0.393701 -0.763911 0.981541
v 0.397162 -0.768047 0.978055
v 0.397947 -0.768047 0.999639
v 0.376394 -0.769211 1.000423
v 0.375609 -0.769211 0.978839
v 0.397162 -0.768047 0.978055
v 0.379390 -0.764713 0.996954
v 0.394242 -0.763911 0.996414
v 0.393701 -0.763911 0.981541
v 0.378849 -0.764713 0.982081
v 0.398167 -0.768047 1.005683
v 0.394705 -0.763911 1.009169
v 0.395246 -0.763911 1.024042
v 0.398952 -0.768047 1.027267
v 0.398952 -0.768047 1.027267
v 0.395246 -0.763911 1.024042
v 0.380395 -0.764713 1.024582
v 0.377399 -0.769211 1.028051
v 0.377399 -0.769211 1.028051
v 0.380395 -0.764713 1.024582
v 0.379854 -0.764713 1.009709
v 0.376614 -0.769211 1.006467
v 0.376614 -0.769211 1.006467
v 0.379854 -0.764713 1.009709
v 0.394705 -0.763911 1.009169
v 0.398167 -0.768047 1.005683
v 0.398952 -0.768047 1.027267
v 0.377399 -0.769211 1.028051
v 0.376614 -0.769211 1.006467
v 0.398167 -0.768047 1.005683
v 0.380395 -0.764713 1.024582
v 0.395246 -0.763911 1.024042
v 0.394705 -0.763911 1.009169
v 0.379854 -0.764713 1.009709
v 0.399172 -0.768047 1.033311
v 0.395710 -0.763911 1.036797
v 0.396251 -0.763911 1.051670
v 0.399957 -0.768047 1.054895
v 0.399957 -0.768047 1.054895
v 0.396251 -0.763911 1.051670
v 0.381400 -0.764713 1.052210
v 0.378404 -0.769211 1.055679
v 0.378404 -0.769211 1.055679
v 0.381400 -0.764713 1.052210
v 0.380859 -0.764713 1.037337
v 0.377619 -0.769211 1.034095
v 0.377619 -0.769211 1.034095
v 0.380859 -0.764713 1.037337
v 0.395710 -0.763911 1.036797
v 0.399172 -0.768047 1.033311
v 0.399957 -0.768047 1.054895
v 0.378404 -0.769211 1.055679
v 0.377619 -0.769211 1.034095
v 0.399172 -0.768047 1.033311
v 0.381400 -0.764713 1.052210
v 0.396251 -0.763911 1.051670
v 0.395710 -0.763911 1.036797
v 0.380859 -0.764713 1.037337
v 0.400177 -0.768047 1.060939
v 0.396715 -0.763911 1.064425
v 0.397256 -0.763911 1.079298
v 0.400962 -0.768047 1.082523
v 0.400962 -0.768047 1.082523
v 0.397256 -0.763911 1.079298
v 0.382405 -0.764713 1.079838
v 0.379409 -0.769211 1.083307
v 0.379409 -0.769211 1.083307
v 0.382405 -0.764713 1.079838
v 0.381864 -0.764713 1.064965
v 0.378624 -0.769211 1.061723
v 0.378624 -0.769211 1.061723
v 0.381864 -0.764713 1.064965
v 0.396715 -0.763911 1.064425
v 0.400177 -0.768047 1.060939
v 0.400962 -0.768047 1.082523
v 0.379409 -0.769211 1.083307
v 0.378624 -0.769211 1.061723
v 0.400177 -0.768047 1.060939
v 0.382405 -0.764713 1.079838
v 0.397256 -0.763911 1.079298
v 0.396715 -0.763911 1.064425
v 0.381864 -0.764713 1.064965
v 0.401182 -0.768047 1.088567
v 0.397720 -0.763911 1.092053
v 0.398261 -0.763911 1.106926
v 0.401967 -0.768047 1.110151
v 0.401967 -0.768047 1.110151
v 0.398261 -0.763911 1.106926
v 0.383410 -0.764713 1.107466
v 0.380414 -0.769211 1.110935
v 0.380414 -0.769211 1.110935
v 0.383410 -0.764713 1.107466
v 0.382869 -0.764713 1.092593
v 0.379629 -0.769211 1.089351
v 0.379629 -0.769211 1.089351
v 0.382869 -0.764713 1.092593
v 0.397720 -0.763911 1.092053
v 0.401182 -0.768047 1.088567
v 0.401967 -0.768047 1.110151
v 0.380414 -0.769211 1.110935
v 0.379629 -0.769211 1.089351
v 0.401182 -0.768047 1.088567
v 0.383410 -0.764713 1.107466
v 0.398261 -0.763911 1.106926
v 0.397720 -0.763911 1.092053
v 0.382869 -0.764713 1.092593
v 0.402187 -0.768047 1.116195
v 0.398725 -0.763911 1.119681
v 0.399266 -0.763911 1.134554
v 0.402972 -0.768047 1.137779
v 0.402972 -0.768047 1.137779
v 0.399266 -0.763911 1.134554
v 0.384415 -0.764713 1.135094
v 0.381419 -0.769211 1.138563
v 0.381419 -0.769211 1.138563
v 0.384415 -0.764713 1.135094
v 0.383874 -0.764713 1.120221
v 0.380634 -0.769211 1.116979
v 0.380634 -0.769211 1.116979
v 0.383874 -0.764713 1.120221
v 0.398725 -0.763911 1.119681
v 0.402187 -0.768047 1.116195
v 0.402972 -0.768047 1.137779
v 0.381419 -0.769211 1.138563
v 0.380634 -0.769211 1.116979
v 0.402187 -0.768047 1.116195
v 0.384415 -0.764713 1.135094
v 0.399266 -0.763911 1.134554
v 0.398725 -0.763911 1.119681
v 0.383874 -0.764713 1.120221
v 0.403191 -0.768047 1.143823
v 0.399730 -0.763911 1.147309
v 0.400271 -0.763911 1.162182
v 0.403977 -0.768047 1.165407
v 0.403977 -0.768047 1.165407
v 0.400271 -0.763911 1.162182
v 0.385420 -0.764713 1.162722
v 0.382423 -0.769211 1.166191
v 0.382423 -0.769211 1.166191
v 0.385420 -0.764713 1.162722
v 0.384879 -0.764713 1.147849
v 0.381638 -0.769211 1.144607
v 0.381638 -0.769211 1.144607
v 0.384879 -0.764713 1.147849
v 0.399730 -0.763911 1.147309
v 0.403191 -0.768047 1.143823
v 0.403977 -0.768047 1.165407
v 0.382423 -0.769211 1.166191
v 0.381638 -0.769211 1.144607
v 0.403191 -0.768047 1.143823
v 0.385420 -0.764713 1.162722
v 0.400271 -0.763911 1.162182
v 0.399730 -0.763911 1.147309
v 0.384879 -0.764713 1.147849
v 0.404196 -0.768047 1.171450
v 0.400735 -0.763911 1.174937
v 0.401276 -0.763911 1.189810
v 0.404981 -0.768047 1.193035
v 0.404981 -0.768047 1.193035
v 0.401276 -0.763911 1.189810
v 0.386424 -0.764713 1.190350
v 0.383428 -0.769211 1.193819
v 0.383428 -0.769211 1.193819
v 0.386424 -0.764713 1.190350
v 0.385883 -0.764713 1.175477
v 0.382643 -0.769211 1.172235
v 0.382643 -0.769211 1.172235
v 0.385883 -0.764713 1.175477
v 0.400735 -0.763911 1.174937
v 0.404196 -0.768047 1.171450
v 0.404981 -0.768047 1.193035
v 0.383428 -0.769211 1.193819
v 0.382643 -0.769211 1.172235
v 0.404196 -0.768047 1.171450
v 0.386424 -0.764713 1.190350
v 0.401276 -0.763911 1.189810
v 0.400735 -0.763911 1.174937
v 0.385883 -0.764713 1.175477
v 0.405201 -0.768047 1.199079
v 0.401740 -0.763911 1.202565
v 0.402281 -0.763911 1.217438
v 0.405986 -0.768047 1.220663
v 0.405986 -0.768047 1.220663
v 0.402281 -0.763911 1.217438
v 0.387429 -0.764713 1.217978
v 0.384433 -0.769211 1.221447
v 0.384433 -0.769211 1.221447
v 0.387429 -0.764713 1.217978
v 0.386888 -0.764713 1.203105
v 0.383648 -0.769211 1.199863
v 0.383648 -0.769211 1.199863
v 0.386888 -0.764713 1.203105
v 0.401740 -0.763911 1.202565
v 0.405201 -0.768047 1.199079
v 0.405986 -0.768047 1.220663
v 0.384433 -0.769211 1.221447
v 0.383648 -0.769211 1.199863
v 0.405201 -0.768047 1.199079
v 0.387429 -0.764713 1.217978
v 0.402281 -0.763911 1.217438
v 0.401740 -0.763911 1.202565
v 0.386888 -0.764713 1.203105
v 0.406206 -0.768047 1.226707
v 0.402744 -0.763911 1.230193
v 0.403285 -0.763911 1.245066
v 0.406991 -0.768047 1.248291
v 0.406991 -0.768047 1.248291
v 0.403285 -0.763911 1.245066
v 0.388434 -0.764713 1.245606
v 0.385438 -0.769211 1.249075
v 0.385438 -0.769211 1.249075
v 0.388434 -0.764713 1.245606
v 0.387893 -0.764713 1.230733
v 0.384653 -0.769211 1.227491
v 0.384653 -0.769211 1.227491
v 0.387893 -0.764713 1.230733
v 0.402744 -0.763911 1.230193
v 0.406206 -0.768047 1.226707
v 0.406991 -0.768047 1.248291
v 0.385438 -0.769211 1.249075
v 0.384653 -0.769211 1.227491
v 0.406206 -0.768047 1.226707
v 0.388434 -0.764713 1.245606
v 0.403285 -0.763911 1.245066
v 0.402744 -0.763911 1.230193
v 0.387893 -0.764713 1.230733
v 0.407211 -0.768047 1.254335
v 0.403750 -0.763911 1.257821
v 0.404290 -0.763911 1.272694
v 0.407996 -0.768047 1.275919
v 0.407996 -0.768047 1.275919
v 0.404290 -0.763911 1.272694
v 0.389439 -0.764713 1.273234
v 0.386443 -0.769211 1.276703
v 0.386443 -0.769211 1.276703
v 0.389439 -0.764713 1.273234
v 0.388898 -0.764713 1.258361
v 0.385658 -0.769211 1.255119
v 0.385658 -0.769211 1.255119
v 0.388898 -0.764713 1.258361
v 0.403750 -0.763911 1.257821
v 0.407211 -0.768047 1.254335
v 0.407996 -0.768047 1.275919
v 0.386443 -0.769211 1.276703
v 0.385658 -0.769211 1.255119
v 0.407211 -0.768047 1.254335
v 0.389439 -0.764713 1.273234
v 0.404290 -0.763911 1.272694
v 0.403750 -0.763911 1.257821
v 0.388898 -0.764713 1.258361
v 0.408216 -0.768047 1.281963
v 0.404755 -0.763911 1.285449
v 0.405295 -0.763911 1.300322
v 0.409001 -0.768047 1.303547
v 0.409001 -0.768047 1.303547
v 0.405295 -0.763911 1.300322
v 0.390444 -0.764713 1.300862
v 0.387448 -0.769211 1.304331
v 0.387448 -0.769211 1.304331
v 0.390444 -0.764713 1.300862
v 0.389903 -0.764713 1.285989
v 0.386663 -0.769211 1.282747
v 0.386663 -0.769211 1.282747
v 0.389903 -0.764713 1.285989
v 0.404755 -0.763911 1.285449
v 0.408216 -0.768047 1.281963
v 0.409001 -0.768047 1.303547
v 0.387448 -0.769211 1.304331
v 0.386663 -0.769211 1.282747
v 0.408216 -0.768047 1.281963
v 0.390444 -0.764713 1.300862
v 0.405295 -0.763911 1.300322
v 0.404755 -0.763911 1.285449
v 0.389903 -0.764713 1.285989
v 0.366991 -0.769514 0.896158
v 0.363529 -0.765378 0.899645
v 0.364070 -0.765378 0.914517
v 0.367776 -0.769514 0.917743
v 0.367776 -0.769514 0.917743
v 0.364070 -0.765378 0.914517
v 0.349219 -0.766180 0.915058
v 0.346223 -0.770678 0.918527
v 0.346223 -0.770678 0.918527
v 0.349219 -0.766180 0.915058
v 0.348678 -0.766180 0.900185
v 0.345438 -0.770678 0.896942
v 0.345438 -0.770678 0.896942
v 0.348678 -0.766180 0.900185
v 0.363529 -0.765378 0.899645
v 0.366991 -0.769514 0.896158
v 0.367776 -0.769514 0.917743
v 0.346223 -0.770678 0.918527
v 0.345438 -0.770678 0.896942
v 0.366991 -0.769514 0.896158
v 0.349219 -0.766180 0.915058
v 0.364070 -0.765378 0.914517
v 0.363529 -0.765378 0.899645
v 0.348678 -0.766180 0.900185
v 0.367996 -0.769514 0.923786
v 0.364534 -0.765378 0.927273
v 0.365075 -0.765378 0.942146
v 0.368781 -0.769514 0.945371
v 0.368781 -0.769514 0.945371
v 0.365075 -0.765378 0.942146
v 0.350224 -0.766180 0.942686
v 0.347228 -0.770678 0.946155
v 0.347228 -0.770678 0.946155
v 0.350224 -0.766180 0.942686
v 0.349682 -0.766180 0.927813
v 0.346443 -0.770678 0.924570
v 0.346443 -0.770678 0.924570
v 0.349682 -0.766180 0.927813
v 0.364534 -0.765378 0.927273
v 0.367996 -0.769514 0.923786
v 0.368781 -0.769514 0.945371
v 0.347228 -0.770678 0.946155
v 0.346443 -0.770678 0.924570
v 0.367996 -0.769514 0.923786
v 0.350224 -0.766180 0.942686
v 0.365075 -0.765378 0.942146
v 0.364534 -0.765378 0.927273
v 0.349682 -0.766180 0.927813
v 0.369001 -0.769514 0.951415
v 0.365539 -0.765378 0.954901
v 0.366080 -0.765378 0.969773
v 0.369785 -0.769514 0.972999
v 0.369785 -0.769514 0.972999
v 0.366080 -0.765378 0.969773
v 0.351229 -0.766180 0.970314
v 0.348233 -0.770678 0.973783
v 0.348233 -0.770678 0.973783
v 0.351229 -0.766180 0.970314
v 0.350688 -0.766180 0.955441
v 0.347447 -0.770678 0.952198
v 0.347447 -0.770678 0.952198
v 0.350688 -0.766180 0.955441
v 0.365539 -0.765378 0.954901
v 0.369001 -0.769514 0.951415
v 0.369785 -0.769514 0.972999
v 0.348233 -0.770678 0.973783
v 0.347447 -0.770678 0.952198
v 0.369001 -0.769514 0.951415
v 0.351229 -0.766180 0.970314
v 0.366080 -0.765378 0.969773
v 0.365539 -0.765378 0.954901
v 0.350688 -0.766180 0.955441
v 0.370005 -0.769514 0.979042
v 0.366544 -0.765378 0.982529
v 0.367085 -0.765378 0.997402
v 0.370790 -0.769514 1.000627
v 0.370790 -0.769514 1.000627
v 0.367085 -0.765378 0.997402
v 0.352233 -0.766180 0.997941
v 0.349237 -0.770678 1.001411
v 0.349237 -0.770678 1.001411
v 0.352233 -0.766180 0.997941
v 0.351692 -0.766180 0.983069
v 0.348452 -0.770678 0.979826
v 0.348452 -0.770678 0.979826
v 0.351692 -0.766180 0.983069
v 0.366544 -0.765378 0.982529
v 0.370005 -0.769514 0.979042
v 0.370790 -0.769514 1.000627
v 0.349237 -0.770678 1.001411
v 0.348452 -0.770678 0.979826
v 0.370005 -0.769514 0.979042
v 0.352233 -0.766180 0.997941
v 0.367085 -0.765378 0.997402
v 0.366544 -0.765378 0.982529
v 0.351692 -0.766180 0.983069
v 0.371010 -0.769514 1.006670
v 0.367549 -0.765378 1.010157
v 0.368090 -0.765378 1.025029
v 0.371796 -0.769514 1.028255
v 0.371796 -0.769514 1.028255
v 0.368090 -0.765378 1.025029
v 0.353238 -0.766180 1.025570
v 0.350242 -0.770678 1.029039
v 0.350242 -0.770678 1.029039
v 0.353238 -0.766180 1.025570
v 0.352697 -0.766180 1.010697
v 0.349457 -0.770678 1.007454
v 0.349457 -0.770678 1.007454
v 0.352697 -0.766180 1.010697
v 0.367549 -0.765378 1.010157
v 0.371010 -0.769514 1.006670
v 0.371796 -0.769514 1.028255
v 0.350242 -0.770678 1.029039
v 0.349457 -0.770678 1.007454
v 0.371010 -0.769514 1.006670
v 0.353238 -0.766180 1.025570
v 0.368090 -0.765378 1.025029
v 0.367549 -0.765378 1.010157
v 0.352697 -0.766180 1.010697
v 0.372015 -0.769514 1.034299
v 0.368554 -0.765378 1.037785
v 0.369094 -0.765378 1.052657
v 0.372800 -0.769514 1.055883
v 0.372800 -0.769514 1.055883
v 0.369094 -0.765378 1.052657
v 0.354243 -0.766180 1.053198
v 0.351247 -0.770678 1.056667
v 0.351247 -0.770678 1.056667
v 0.354243 -0.766180 1.053198
v 0.353702 -0.766180 1.038325
v 0.350462 -0.770678 1.035083
v 0.350462 -0.770678 1.035083
v 0.353702 -0.766180 1.038325
v 0.368554 -0.765378 1.037785
v 0.372015 -0.769514 1.034299
v 0.372800 -0.769514 1.055883
v 0.351247 -0.770678 1.056667
v 0.350462 -0.770678 1.035083
v 0.372015 -0.769514 1.034299
v 0.354243 -0.766180 1.053198
v 0.369094 -0.765378 1.052657
v 0.368554 -0.765378 1.037785
v 0.353702 -0.766180 1.038325
v 0.373020 -0.769514 1.061926
v 0.369558 -0.765378 1.065413
v 0.370099 -0.765378 1.080286
v 0.373805 -0.769514 1.083511
v 0.373805 -0.769514 1.083511
v 0.370099 -0.765378 1.080286
v 0.355248 -0.766180 1.080826
v 0.352252 -0.770678 1.084295
v 0.352252 -0.770678 1.084295
v 0.355248 -0.766180 1.080826
v 0.354707 -0.766180 1.065953
v 0.351467 -0.770678 1.062710
v 0.351467 -0.770678 1.062710
v 0.354707 -0.766180 1.065953
v 0.369558 -0.765378 1.065413
v 0.373020 -0.769514 1.061926
v 0.373805 -0.769514 1.083511
v 0.352252 -0.770678 1.084295
v 0.351467 -0.770678 1.062710
v 0.373020 -0.769514 1.061926
v 0.355248 -0.766180 1.080826
v 0.370099 -0.765378 1.080286
v 0.369558 -0.765378 1.065413
v 0.354707 -0.766180 1.065953
v 0.374025 -0.769514 1.089555
v 0.370563 -0.765377 1.093041
v 0.371104 -0.765377 1.107913
v 0.374810 -0.769514 1.111139
v 0.374810 -0.769514 1.111139
v 0.371104 -0.765377 1.107913
v 0.356253 -0.766180 1.108454
v 0.353257 -0.770678 1.111923
v 0.353257 -0.770678 1.111923
v 0.356253 -0.766180 1.108454
v 0.355712 -0.766180 1.093581
v 0.352472 -0.770678 1.090338
v 0.352472 -0.770678 1.090338
v 0.355712 -0.766180 1.093581
v 0.370563 -0.765377 1.093041
v 0.374025 -0.769514 1.089555
v 0.374810 -0.769514 1.111139
v 0.353257 -0.770678 1.111923
v 0.352472 -0.770678 1.090338
v 0.374025 -0.769514 1.089555
v 0.356253 -0.766180 1.108454
v 0.371104 -0.765377 1.107913
v 0.370563 -0.765377 1.093041
v 0.355712 -0.766180 1.093581
v 0.375030 -0.769514 1.117182
v 0.371568 -0.765377 1.120669
v 0.372109 -0.765377 1.135542
v 0.375815 -0.769514 1.138767
v 0.375815 -0.769514 1.138767
v 0.372109 -0.765377 1.135542
v 0.357258 -0.766180 1.136082
v 0.354262 -0.770678 1.139551
v 0.354262 -0.770678 1.139551
v 0.357258 -0.766180 1.136082
v 0.356717 -0.766180 1.121209
v 0.353477 -0.770678 1.117967
v 0.353477 -0.770678 1.117967
v 0.356717 -0.766180 1.121209
v 0.371568 -0.765377 1.120669
v 0.375030 -0.769514 1.117182
v 0.375815 -0.769514 1.138767
v 0.354262 -0.770678 1.139551
v 0.353477 -0.770678 1.117967
v 0.375030 -0.769514 1.117182
v 0.357258 -0.766180 1.136082
v 0.372109 -0.765377 1.135542
v 0.371568 -0.765377 1.120669
v 0.356717 -0.766180 1.121209
v 0.376035 -0.769514 1.144811
v 0.372573 -0.765377 1.148297
v 0.373114 -0.765377 1.163170
v 0.376820 -0.769514 1.166395
v 0.376820 -0.769514 1.166395
v 0.373114 -0.765377 1.163170
v 0.358263 -0.766180 1.163710
v 0.355267 -0.770678 1.167179
v 0.355267 -0.770678 1.167179
v 0.358263 -0.766180 1.163710
v 0.357722 -0.766180 1.148837
v 0.354482 -0.770678 1.145594
v 0.354482 -0.770678 1.145594
v 0.357722 -0.766180 1.148837
v 0.372573 -0.765377 1.148297
v 0.376035 -0.769514 1.144811
v 0.376820 -0.769514 1.166395
v 0.355267 -0.770678 1.167179
v 0.354482 -0.770678 1.145594
v 0.376035 -0.769514 1.144811
v 0.358263 -0.766180 1.163710
v 0.373114 -0.765377 1.163170
v 0.372573 -0.765377 1.148297
v 0.357722 -0.766180 1.148837
v 0.377040 -0.769514 1.172439
v 0.373578 -0.765377 1.175924
v 0.374119 -0.765377 1.190798
v 0.377825 -0.769514 1.194023
v 0.377825 -0.769514 1.194023
v 0.374119 -0.765377 1.190798
v 0.359268 -0.766180 1.191338
v 0.356272 -0.770678 1.194807
v 0.356272 -0.770678 1.194807
v 0.359268 -0.766180 1.191338
v 0.358727 -0.766180 1.176465
v 0.355487 -0.770678 1.173222
v 0.355487 -0.770678 1.173222
v 0.358727 -0.766180 1.176465
v 0.373578 -0.765377 1.175924
v 0.377040 -0.769514 1.172439
v 0.377825 -0.769514 1.194023
v 0.356272 -0.770678 1.194807
v 0.355487 -0.770678 1.173222
v 0.377040 -0.769514 1.172439
v 0.359268 -0.766180 1.191338
v 0.374119 -0.765377 1.190798
v 0.373578 -0.765377 1.175924
v 0.358727 -0.766180 1.176465
v 0.378045 -0.769514 1.200066
v 0.374583 -0.765377 1.203553
v 0.375124 -0.765377 1.218425
v 0.378829 -0.769514 1.221651
v 0.378829 -0.769514 1.221651
v 0.375124 -0.765377 1.218425
v 0.360273 -0.766180 1.218966
v 0.357276 -0.770678 1.222435
v 0.357276 -0.770678 1.222435
v 0.360273 -0.766180 1.218966
v 0.359732 -0.766180 1.204093
v 0.356492 -0.770678 1.200851
v 0.356492 -0.770678 1.200851
v 0.359732 -0.766180 1.204093
v 0.374583 -0.765377 1.203553
v 0.378045 -0.769514 1.200066
v 0.378829 -0.769514 1.221651
v 0.357276 -0.770678 1.222435
v 0.356492 -0.770678 1.200851
v 0.378045 -0.769514 1.200066
v 0.360273 -0.766180 1.218966
v 0.375124 -0.765377 1.218425
v 0.374583 -0.765377 1.203553
v 0.359732 -0.766180 1.204093
v 0.379049 -0.769514 1.227694
v 0.375588 -0.765377 1.231181
v 0.376129 -0.765377 1.246054
v 0.379835 -0.769514 1.249279
v 0.379835 -0.769514 1.249279
v 0.376129 -0.765377 1.246054
v 0.361277 -0.766180 1.246594
v 0.358282 -0.770678 1.250063
v 0.358282 -0.770678 1.250063
v 0.361277 -0.766180 1.246594
v 0.360737 -0.766180 1.231721
v 0.357496 -0.770678 1.228478
v 0.357496 -0.770678 1.228478
v 0.360737 -0.766180 1.231721
v 0.375588 -0.765377 1.231181
v 0.379049 -0.769514 1.227694
v 0.379835 -0.769514 1.249279
v 0.358282 -0.770678 1.250063
v 0.357496 -0.770678 1.228478
v 0.379049 -0.769514 1.227694
v 0.361277 -0.766180 1.246594
v 0.376129 -0.765377 1.246054
v 0.375588 -0.765377 1.231181
v 0.360737 -0.766180 1.231721
v 0.380054 -0.769514 1.255322
v 0.376593 -0.765377 1.258808
v 0.377134 -0.765377 1.273682
v 0.380839 -0.769514 1.276907
v 0.380839 -0.769514 1.276907
v 0.377134 -0.765377 1.273682
v 0.362282 -0.766180 1.274222
v 0.359286 -0.770678 1.277691
v 0.359286 -0.770678 1.277691
v 0.362282 -0.766180 1.274222
v 0.361741 -0.766180 1.259349
v 0.358501 -0.770678 1.256106
v 0.358501 -0.770678 1.256106
v 0.361741 -0.766180 1.259349
v 0.376593 -0.765377 1.258808
v 0.380054 -0.769514 1.255322
v 0.380839 -0.769514 1.276907
v 0.359286 -0.770678 1.277691
v 0.358501 -0.770678 1.256106
v 0.380054 -0.769514 1.255322
v 0.362282 -0.766180 1.274222
v 0.377134 -0.765377 1.273682
v 0.376593 -0.765377 1.258808
v 0.361741 -0.766180 1.259349
v 0.381059 -0.769513 1.282951
v 0.377598 -0.765377 1.286437
v 0.378139 -0.765377 1.301310
v 0.381844 -0.769513 1.304535
v 0.381844 -0.769513 1.304535
v 0.378139 -0.765377 1.301310
v 0.363287 -0.766179 1.301850
v 0.360291 -0.770678 1.305319
v 0.360291 -0.770678 1.305319
v 0.363287 -0.766179 1.301850
v 0.362746 -0.766179 1.286977
v 0.359506 -0.770678 1.283734
v 0.359506 -0.770678 1.283734
v 0.362746 -0.766179 1.286977
v 0.377598 -0.765377 1.286437
v 0.381059 -0.769513 1.282951
v 0.381844 -0.769513 1.304535
v 0.360291 -0.770678 1.305319
v 0.359506 -0.770678 1.283734
v 0.381059 -0.769513 1.282951
v 0.363287 -0.766179 1.301850
v 0.378139 -0.765377 1.301310
v 0.377598 -0.765377 1.286437
v 0.362746 -0.766179 1.286977
v 0.339834 -0.770980 0.897146
v 0.336372 -0.766844 0.900632
v 0.336913 -0.766844 0.915505
v 0.340619 -0.770980 0.918730
v 0.340619 -0.770980 0.918730
v 0.336913 -0.766844 0.915505
v 0.322062 -0.767646 0.916045
v 0.319066 -0.772144 0.919514
v 0.319066 -0.772144 0.919514
v 0.322062 -0.767646 0.916045
v 0.321521 -0.767646 0.901173
v 0.318281 -0.772144 0.897930
v 0.318281 -0.772144 0.897930
v 0.321521 -0.767646 0.901173
v 0.336372 -0.766844 0.900632
v 0.339834 -0.770980 0.897146
v 0.340619 -0.770980 0.918730
v 0.319066 -0.772144 0.919514
v 0.318281 -0.772144 0.897930
v 0.339834 -0.770980 0.897146
v 0.322062 -0.767646 0.916045
v 0.336913 -0.766844 0.915505
v 0.336372 -0.766844 0.900632
v 0.321521 -0.767646 0.901173
v 0.340839 -0.770980 0.924774
v 0.337377 -0.766844 0.928260
v 0.337918 -0.766844 0.943133
v 0.341624 -0.770980 0.946359
v 0.341624 -0.770980 0.946359
v 0.337918 -0.766844 0.943133
v 0.323067 -0.767646 0.943673
v 0.320071 -0.772144 0.947142
v 0.320071 -0.772144 0.947142
v 0.323067 -0.767646 0.943673
v 0.322526 -0.767646 0.928801
v 0.319286 -0.772144 0.925558
v 0.319286 -0.772144 0.925558
v 0.322526 -0.767646 0.928801
v 0.337377 -0.766844 0.928260
v 0.340839 -0.770980 0.924774
v 0.341624 -0.770980 0.946359
v 0.320071 -0.772144 0.947142
v 0.319286 -0.772144 0.925558
v 0.340839 -0.770980 0.924774
v 0.323067 -0.767646 0.943673
v 0.337918 -0.766844 0.943133
v 0.337377 -0.766844 0.928260
v 0.322526 -0.767646 0.928801
v 0.341844 -0.770980 0.952402
v 0.338382 -0.766844 0.955888
v 0.338923 -0.766844 0.970761
v 0.342629 -0.770980 0.973987
v 0.342629 -0.770980 0.973987
v 0.338923 -0.766844 0.970761
v 0.324072 -0.767646 0.971301
v 0.321076 -0.772144 0.974770
v 0.321076 -0.772144 0.974770
v 0.324072 -0.767646 0.971301
v 0.323531 -0.767646 0.956428
v 0.320291 -0.772144 0.953186
v 0.320291 -0.772144 0.953186
v 0.323531 -0.767646 0.956428
v 0.338382 -0.766844 0.955888
v 0.341844 -0.770980 0.952402
v 0.342629 -0.770980 0.973987
v 0.321076 -0.772144 0.974770
v 0.320291 -0.772144 0.953186
v 0.341844 -0.770980 0.952402
v 0.324072 -0.767646 0.971301
v 0.338923 -0.766844 0.970761
v 0.338382 -0.766844 0.955888
v 0.323531 -0.767646 0.956428
v 0.342849 -0.770980 0.980030
v 0.339387 -0.766844 0.983516
v 0.339928 -0.766844 0.998389
v 0.343634 -0.770980 1.001615
v 0.343634 -0.770980 1.001615
v 0.339928 -0.766844 0.998389
v 0.325077 -0.767646 0.998929
v 0.322081 -0.772144 1.002398
v 0.322081 -0.772144 1.002398
v 0.325077 -0.767646 0.998929
v 0.324536 -0.767646 0.984056
v 0.321296 -0.772144 0.980814
v 0.321296 -0.772144 0.980814
v 0.324536 -0.767646 0.984056
v 0.339387 -0.766844 0.983516
v 0.342849 -0.770980 0.980030
v 0.343634 -0.770980 1.001615
v 0.322081 -0.772144 1.002398
v 0.321296 -0.772144 0.980814
v 0.342849 -0.770980 0.980030
v 0.325077 -0.767646 0.998929
v 0.339928 -0.766844 0.998389
v 0.339387 -0.766844 0.983516
v 0.324536 -0.767646 0.984056
v 0.343853 -0.770980 1.007658
v 0.340392 -0.766844 1.011144
v 0.340933 -0.766844 1.026017
v 0.344638 -0.770980 1.029243
v 0.344638 -0.770980 1.029243
v 0.340933 -0.766844 1.026017
v 0.326081 -0.767646 1.026557
v 0.323085 -0.772144 1.030026
v 0.323085 -0.772144 1.030026
v 0.326081 -0.767646 1.026557
v 0.325540 -0.767646 1.011684
v 0.322300 -0.772144 1.008442
v 0.322300 -0.772144 1.008442
v 0.325540 -0.767646 1.011684
v 0.340392 -0.766844 1.011144
v 0.343853 -0.770980 1.007658
v 0.344638 -0.770980 1.029243
v 0.323085 -0.772144 1.030026
v 0.322300 -0.772144 1.008442
v 0.343853 -0.770980 1.007658
v 0.326081 -0.767646 1.026557
v 0.340933 -0.766844 1.026017
v 0.340392 -0.766844 1.011144
v 0.325540 -0.767646 1.011684
v 0.344858 -0.770980 1.035286
v 0.341397 -0.766844 1.038772
v 0.341938 -0.766844 1.053645
v 0.345643 -0.770980 1.056871
v 0.345643 -0.770980 1.056871
v 0.341938 -0.766844 1.053645
v 0.327086 -0.767646 1.054185
v 0.324091 -0.772144 1.057655
v 0.324091 -0.772144 1.057655
v 0.327086 -0.767646 1.054185
v 0.326545 -0.767646 1.039313
v 0.323305 -0.772144 1.036070
v 0.323305 -0.772144 1.036070
v 0.326545 -0.767646 1.039313
v 0.341397 -0.766844 1.038772
v 0.344858 -0.770980 1.035286
v 0.345643 -0.770980 1.056871
v 0.324091 -0.772144 1.057655
v 0.323305 -0.772144 1.036070
v 0.344858 -0.770980 1.035286
v 0.327086 -0.767646 1.054185
v 0.341938 -0.766844 1.053645
v 0.341397 -0.766844 1.038772
v 0.326545 -0.767646 1.039313
v 0.345863 -0.770980 1.062914
v 0.342402 -0.766844 1.066401
v 0.342943 -0.766844 1.081274
v 0.346648 -0.770980 1.084499
v 0.346648 -0.770980 1.084499
v 0.342943 -0.766844 1.081274
v 0.328091 -0.767646 1.081813
v 0.325095 -0.772144 1.085283
v 0.325095 -0.772144 1.085283
v 0.328091 -0.767646 1.081813
v 0.327550 -0.767646 1.066941
v 0.324310 -0.772144 1.063698
v 0.324310 -0.772144 1.063698
v 0.327550 -0.767646 1.066941
v 0.342402 -0.766844 1.066401
v 0.345863 -0.770980 1.062914
v 0.346648 -0.770980 1.084499
v 0.325095 -0.772144 1.085283
v 0.324310 -0.772144 1.063698
v 0.345863 -0.770980 1.062914
v 0.328091 -0.767646 1.081813
v 0.342943 -0.766844 1.081274
v 0.342402 -0.766844 1.066401
v 0.327550 -0.767646 1.066941
v 0.346868 -0.770980 1.090542
v 0.343406 -0.766844 1.094028
v 0.343947 -0.766844 1.108901
v 0.347653 -0.770980 1.112127
v 0.347653 -0.770980 1.112127
v 0.343947 -0.766844 1.108901
v 0.329096 -0.767646 1.109441
v 0.326100 -0.772144 1.112911
v 0.326100 -0.772144 1.112911
v 0.329096 -0.767646 1.109441
v 0.328555 -0.767646 1.094569
v 0.325315 -0.772144 1.091326
v 0.325315 -0.772144 1.091326
v 0.328555 -0.767646 1.094569
v 0.343406 -0.766844 1.094028
v 0.346868 -0.770980 1.090542
v 0.347653 -0.770980 1.112127
v 0.326100 -0.772144 1.112911
v 0.325315 -0.772144 1.091326
v 0.346868 -0.770980 1.090542
v 0.329096 -0.767646 1.109441
v 0.343947 -0.766844 1.108901
v 0.343406 -0.766844 1.094028
v 0.328555 -0.767646 1.094569
v 0.347873 -0.770980 1.118170
v 0.344412 -0.766844 1.121656
v 0.344952 -0.766844 1.136529
v 0.348658 -0.770980 1.139755
v 0.348658 -0.770980 1.139755
v 0.344952 -0.766844 1.136529
v 0.330101 -0.767646 1.137069
v 0.327105 -0.772144 1.140539
v 0.327105 -0.772144 1.140539
v 0.330101 -0.767646 1.137069
v 0.329560 -0.767646 1.122197
v 0.326320 -0.772144 1.118954
v 0.326320 -0.772144 1.118954
v 0.329560 -0.767646 1.122197
v 0.344412 -0.766844 1.121656
v 0.347873 -0.770980 1.118170
v 0.348658 -0.770980 1.139755
v 0.327105 -0.772144 1.140539
v 0.326320 -0.772144 1.118954
v 0.347873 -0.770980 1.118170
v 0.330101 -0.767646 1.137069
v 0.344952 -0.766844 1.136529
v 0.344412 -0.766844 1.121656
v 0.329560 -0.767646 1.122197
v 0.348878 -0.770980 1.145798
v 0.345416 -0.766844 1.149284
v 0.345957 -0.766844 1.164157
v 0.349663 -0.770980 1.167382
v 0.349663 -0.770980 1.167382
v 0.345957 -0.766844 1.164157
v 0.331106 -0.767646 1.164698
v 0.328110 -0.772144 1.168167
v 0.328110 -0.772144 1.168167
v 0.331106 -0.767646 1.164698
v 0.330565 -0.767646 1.149825
v 0.327325 -0.772144 1.146582
v 0.327325 -0.772144 1.146582
v 0.330565 -0.767646 1.149825
v 0.345416 -0.766844 1.149284
v 0.348878 -0.770980 1.145798
v 0.349663 -0.770980 1.167382
v 0.328110 -0.772144 1.168167
v 0.327325 -0.772144 1.146582
v 0.348878 -0.770980 1.145798
v 0.331106 -0.767646 1.164698
v 0.345957 -0.766844 1.164157
v 0.345416 -0.766844 1.149284
v 0.330565 -0.767646 1.149825
v 0.349883 -0.770980 1.173426
v 0.346421 -0.766844 1.176912
v 0.346962 -0.766844 1.191785
v 0.350668 -0.770980 1.195011
v 0.350668 -0.770980 1.195011
v 0.346962 -0.766844 1.191785
v 0.332111 -0.767646 1.192325
v 0.329115 -0.772144 1.195795
v 0.329115 -0.772144 1.195795
v 0.332111 -0.767646 1.192325
v 0.331570 -0.767646 1.177452
v 0.328330 -0.772144 1.174210
v 0.328330 -0.772144 1.174210
v 0.331570 -0.767646 1.177452
v 0.346421 -0.766844 1.176912
v 0.349883 -0.770980 1.173426
v 0.350668 -0.770980 1.195011
v 0.329115 -0.772144 1.195795
v 0.328330 -0.772144 1.174210
v 0.349883 -0.770980 1.173426
v 0.332111 -0.767646 1.192325
v 0.346962 -0.766844 1.191785
v 0.346421 -0.766844 1.176912
v 0.331570 -0.767646 1.177452
v 0.350888 -0.770980 1.201054
v 0.347426 -0.766844 1.204540
v 0.347967 -0.766844 1.219413
v 0.351673 -0.770980 1.222638
v 0.351673 -0.770980 1.222638
v 0.347967 -0.766844 1.219413
v 0.333116 -0.767646 1.219953
v 0.330120 -0.772144 1.223423
v 0.330120 -0.772144 1.223423
v 0.333116 -0.767646 1.219953
v 0.332575 -0.767646 1.205080
v 0.329335 -0.772144 1.201838
v 0.329335 -0.772144 1.201838
v 0.332575 -0.767646 1.205080
v 0.347426 -0.766844 1.204540
v 0.350888 -0.770980 1.201054
v 0.351673 -0.770980 1.222638
v 0.330120 -0.772144 1.223423
v 0.329335 -0.772144 1.201838
v 0.350888 -0.770980 1.201054
v 0.333116 -0.767646 1.219953
v 0.347967 -0.766844 1.219413
v 0.347426 -0.766844 1.204540
v 0.332575 -0.767646 1.205080
v 0.351893 -0.770980 1.228682
v 0.348431 -0.766844 1.232168
v 0.348972 -0.766844 1.247041
v 0.352678 -0.770980 1.250267
v 0.352678 -0.770980 1.250267
v 0.348972 -0.766844 1.247041
v 0.334121 -0.767646 1.247582
v 0.331125 -0.772144 1.251050
v 0.331125 -0.772144 1.251050
v 0.334121 -0.767646 1.247582
v 0.333580 -0.767646 1.232709
v 0.330340 -0.772144 1.229466
v 0.330340 -0.772144 1.229466
v 0.333580 -0.767646 1.232709
v 0.348431 -0.766844 1.232168
v 0.351893 -0.770980 1.228682
v 0.352678 -0.770980 1.250267
v 0.331125 -0.772144 1.251050
v 0.330340 -0.772144 1.229466
v 0.351893 -0.770980 1.228682
v 0.334121 -0.767646 1.247582
v 0.348972 -0.766844 1.247041
v 0.348431 -0.766844 1.232168
v 0.333580 -0.767646 1.232709
v 0.352897 -0.770980 1.256310
v 0.349436 -0.766844 1.259796
v 0.349977 -0.766844 1.274669
v 0.353682 -0.770980 1.277895
v 0.353682 -0.770980 1.277895
v 0.349977 -0.766844 1.274669
v 0.335126 -0.767646 1.275210
v 0.332130 -0.772144 1.278679
v 0.332130 -0.772144 1.278679
v 0.335126 -0.767646 1.275210
v 0.334585 -0.767646 1.260337
v 0.331344 -0.772144 1.257094
v 0.331344 -0.772144 1.257094
v 0.334585 -0.767646 1.260337
v 0.349436 -0.766844 1.259796
v 0.352897 -0.770980 1.256310
v 0.353682 -0.770980 1.277895
v 0.332130 -0.772144 1.278679
v 0.331344 -0.772144 1.257094
v 0.352897 -0.770980 1.256310
v 0.335126 -0.767646 1.275210
v 0.349977 -0.766844 1.274669
v 0.349436 -0.766844 1.259796
v 0.334585 -0.767646 1.260337
v 0.353902 -0.770980 1.283938
v 0.350441 -0.766844 1.287424
v 0.350982 -0.766844 1.302297
v 0.354688 -0.770980 1.305523
v 0.354688 -0.770980 1.305523
v 0.350982 -0.766844 1.302297
v 0.336130 -0.767646 1.302837
v 0.333134 -0.772144 1.306307
v 0.333134 -0.772144 1.306307
v 0.336130 -0.767646 1.302837
v 0.335589 -0.767646 1.287964
v 0.332349 -0.772144 1.284722
v 0.332349 -0.772144 1.284722
v 0.335589 -0.767646 1.287964
v 0.350441 -0.766844 1.287424
v 0.353902 -0.770980 1.283938
v 0.354688 -0.770980 1.305523
v 0.333134 -0.772144 1.306307
v 0.332349 -0.772144 1.284722
v 0.353902 -0.770980 1.283938
v 0.336130 -0.767646 1.302837
v 0.350982 -0.766844 1.302297
v 0.350441 -0.766844 1.287424
v 0.335589 -0.767646 1.287964
v 0.312677 -0.772447 0.898134
v 0.309215 -0.768311 0.901620
v 0.309756 -0.768311 0.916493
v 0.313462 -0.772447 0.919718
v 0.313462 -0.772447 0.919718
v 0.309756 -0.768311 0.916493
v 0.294905 -0.769113 0.917033
v 0.291909 -0.773611 0.920502
v 0.291909 -0.773611 0.920502
v 0.294905 -0.769113 0.917033
v 0.294364 -0.769113 0.902160
v 0.291124 -0.773611 0.898918
v 0.291124 -0.773611 0.898918
v 0.294364 -0.769113 0.902160
v 0.309215 -0.768311 0.901620
v 0.312677 -0.772447 0.898134
v 0.313462 -0.772447 0.919718
v 0.291909 -0.773611 0.920502
v 0.291124 -0.773611 0.898918
v 0.312677 -0.772447 0.898134
v 0.294905 -0.769113 0.917033
v 0.309756 -0.768311 0.916493
v 0.309215 -0.768311 0.901620
v 0.294364 -0.769113 0.902160
v 0.313682 -0.772447 0.925762
v 0.310220 -0.768311 0.929248
v 0.310761 -0.768311 0.944121
v 0.314467 -0.772447 0.947346
v 0.314467 -0.772447 0.947346
v 0.310761 -0.768311 0.944121
v 0.295910 -0.769113 0.944661
v 0.292914 -0.773611 0.948130
v 0.292914 -0.773611 0.948130
v 0.295910 -0.769113 0.944661
v 0.295369 -0.769113 0.929788
v 0.292129 -0.773611 0.926546
v 0.292129 -0.773611 0.926546
v 0.295369 -0.769113 0.929788
v 0.310220 -0.768311 0.929248
v 0.313682 -0.772447 0.925762
v 0.314467 -0.772447 0.947346
v 0.292914 -0.773611 0.948130
v 0.292129 -0.773611 0.926546
v 0.313682 -0.772447 0.925762
v 0.295910 -0.769113 0.944661
v 0.310761 -0.768311 0.944121
v 0.310220 -0.768311 0.929248
v 0.295369 -0.769113 0.929788
v 0.314687 -0.772447 0.953390
v 0.311225 -0.768311 0.956876
v 0.311766 -0.768311 0.971749
v 0.315472 -0.772447 0.974974
v 0.315472 -0.772447 0.974974
v 0.311766 -0.768311 0.971749
v 0.296915 -0.769113 0.972289
v 0.293919 -0.773611 0.975758
v 0.293919 -0.773611 0.975758
v 0.296915 -0.769113 0.972289
v 0.296374 -0.769113 0.957416
v 0.293134 -0.773611 0.954174
v 0.293134 -0.773611 0.954174
v 0.296374 -0.769113 0.957416
v 0.311225 -0.768311 0.956876
v 0.314687 -0.772447 0.953390
v 0.315472 -0.772447 0.974974
v 0.293919 -0.773611 0.975758
v 0.293134 -0.773611 0.954174
v 0.314687 -0.772447 0.953390
v 0.296915 -0.769113 0.972289
v 0.311766 -0.768311 0.971749
v 0.311225 -0.768311 0.956876
v 0.296374 -0.769113 0.957416
v 0.315692 -0.772447 0.981018
v 0.312230 -0.768311 0.984504
v 0.312771 -0.768311 0.999377
v 0.316477 -0.772447 1.002602
v 0.316477 -0.772447 1.002602
v 0.312771 -0.768311 0.999377
v 0.297920 -0.769113 0.999917
v 0.294924 -0.773611 1.003386
v 0.294924 -0.773611 1.003386
v 0.297920 -0.769113 0.999917
v 0.297379 -0.769113 0.985044
v 0.294139 -0.773611 0.981802
v 0.294139 -0.773611 0.981802
v 0.297379 -0.769113 0.985044
v 0.312230 -0.768311 0.984504
v 0.315692 -0.772447 0.981018
v 0.316477 -0.772447 1.002602
v 0.294924 -0.773611 1.003386
v 0.294139 -0.773611 0.981802
v 0.315692 -0.772447 0.981018
v 0.297920 -0.769113 0.999917
v 0.312771 -0.768311 0.999377
v 0.312230 -0.768311 0.984504
v 0.297379 -0.769113 0.985044
v 0.316697 -0.772447 1.008646
v 0.313235 -0.768311 1.012132
v 0.313776 -0.768311 1.027005
v 0.317482 -0.772447 1.030230
v 0.317482 -0.772447 1.030230
v 0.313776 -0.768311 1.027005
v 0.298925 -0.769113 1.027545
v 0.295929 -0.773611 1.031014
v 0.295929 -0.773611 1.031014
v 0.298925 -0.769113 1.027545
v 0.298384 -0.769113 1.012672
v 0.295144 -0.773611 1.009430
v 0.295144 -0.773611 1.009430
v 0.298384 -0.769113 1.012672
v 0.313235 -0.768311 1.012132
v 0.316697 -0.772447 1.008646
v 0.317482 -0.772447 1.030230
v 0.295929 -0.773611 1.031014
v 0.295144 -0.773611 1.009430
v 0.316697 -0.772447 1.008646
v 0.298925 -0.769113 1.027545
v 0.313776 -0.768311 1.027005
v 0.313235 -0.768311 1.012132
v 0.298384 -0.769113 1.012672
v 0.317702 -0.772447 1.036274
v 0.314240 -0.768311 1.039760
v 0.314781 -0.768311 1.054633
v 0.318487 -0.772447 1.057858
v 0.318487 -0.772447 1.057858
v 0.314781 -0.768311 1.054633
v 0.299930 -0.769113 1.055173
v 0.296933 -0.773611 1.058642
v 0.296933 -0.773611 1.058642
v 0.299930 -0.769113 1.055173
v 0.299389 -0.769113 1.040300
v 0.296148 -0.773611 1.037058
v 0.296148 -0.773611 1.037058
v 0.299389 -0.769113 1.040300
v 0.314240 -0.768311 1.039760
v 0.317702 -0.772447 1.036274
v 0.318487 -0.772447 1.057858
v 0.296933 -0.773611 1.058642
v 0.296148 -0.773611 1.037058
v 0.317702 -0.772447 1.036274
v 0.299930 -0.769113 1.055173
v 0.314781 -0.768311 1.054633
v 0.314240 -0.768311 1.039760
v 0.299389 -0.769113 1.040300
v 0.318706 -0.772447 1.063902
v 0.315245 -0.768311 1.067388
v 0.315786 -0.768311 1.082261
v 0.319492 -0.772447 1.085486
v 0.319492 -0.772447 1.085486
v 0.315786 -0.768311 1.082261
v 0.300934 -0.769113 1.082801
v 0.297939 -0.773611 1.086270
v 0.297939 -0.773611 1.086270
v 0.300934 -0.769113 1.082801
v 0.300393 -0.769113 1.067928
v 0.297153 -0.773611 1.064686
v 0.297153 -0.773611 1.064686
v 0.300393 -0.769113 1.067928
v 0.315245 -0.768311 1.067388
v 0.318706 -0.772447 1.063902
v 0.319492 -0.772447 1.085486
v 0.297939 -0.773611 1.086270
v 0.297153 -0.773611 1.064686
v 0.318706 -0.772447 1.063902
v 0.300934 -0.769113 1.082801
v 0.315786 -0.768311 1.082261
v 0.315245 -0.768311 1.067388
v 0.300393 -0.769113 1.067928
v 0.319711 -0.772447 1.091530
v 0.316250 -0.768311 1.095016
v 0.316791 -0.768311 1.109889
v 0.320496 -0.772447 1.113115
v 0.320496 -0.772447 1.113115
v 0.316791 -0.768311 1.109889
v 0.301939 -0.769113 1.110429
v 0.298943 -0.773611 1.113898
v 0.298943 -0.773611 1.113898
v 0.301939 -0.769113 1.110429
v 0.301399 -0.769113 1.095556
v 0.298158 -0.773611 1.092314
v 0.298158 -0.773611 1.092314
v 0.301399 -0.769113 1.095556
v 0.316250 -0.768311 1.095016
v 0.319711 -0.772447 1.091530
v 0.320496 -0.772447 1.113115
v 0.298943 -0.773611 1.113898
v 0.298158 -0.773611 1.092314
v 0.319711 -0.772447 1.091530
v 0.301939 -0.769113 1.110429
v 0.316791 -0.768311 1.109889
v 0.316250 -0.768311 1.095016
v 0.301399 -0.769113 1.095556
v 0.320716 -0.772447 1.119158
v 0.317255 -0.768311 1.122644
v 0.317795 -0.768311 1.137517
v 0.321501 -0.772447 1.140742
v 0.321501 -0.772447 1.140742
v 0.317795 -0.768311 1.137517
v 0.302944 -0.769113 1.138057
v 0.299948 -0.773611 1.141526
v 0.299948 -0.773611 1.141526
v 0.302944 -0.769113 1.138057
v 0.302403 -0.769113 1.123184
v 0.299163 -0.773611 1.119942
v 0.299163 -0.773611 1.119942
v 0.302403 -0.769113 1.123184
v 0.317255 -0.768311 1.122644
v 0.320716 -0.772447 1.119158
v 0.321501 -0.772447 1.140742
v 0.299948 -0.773611 1.141526
v 0.299163 -0.773611 1.119942
v 0.320716 -0.772447 1.119158
v 0.302944 -0.769113 1.138057
v 0.317795 -0.768311 1.137517
v 0.317255 -0.768311 1.122644
v 0.302403 -0.769113 1.123184
v 0.321721 -0.772447 1.146786
v 0.318260 -0.768311 1.150272
v 0.318800 -0.768311 1.165145
v 0.322506 -0.772447 1.168370
v 0.322506 -0.772447 1.168370
v 0.318800 -0.768311 1.165145
v 0.303949 -0.769113 1.165685
v 0.300953 -0.773611 1.169154
v 0.300953 -0.773611 1.169154
v 0.303949 -0.769113 1.165685
v 0.303408 -0.769113 1.150812
v 0.300168 -0.773611 1.147570
v 0.300168 -0.773611 1.147570
v 0.303408 -0.769113 1.150812
v 0.318260 -0.768311 1.150272
v 0.321721 -0.772447 1.146786
v 0.322506 -0.772447 1.168370
v 0.300953 -0.773611 1.169154
v 0.300168 -0.773611 1.147570
v 0.321721 -0.772447 1.146786
v 0.303949 -0.769113 1.165685
v 0.318800 -0.768311 1.165145
v 0.318260 -0.768311 1.150272
v 0.303408 -0.769113 1.150812
v 0.322726 -0.772447 1.174414
v 0.319264 -0.768311 1.177900
v 0.319805 -0.768311 1.192773
v 0.323511 -0.772447 1.195998
v 0.323511 -0.772447 1.195998
v 0.319805 -0.768311 1.192773
v 0.304954 -0.769113 1.193313
v 0.301958 -0.773611 1.196782
v 0.301958 -0.773611 1.196782
v 0.304954 -0.769113 1.193313
v 0.304413 -0.769113 1.178440
v 0.301173 -0.773611 1.175198
v 0.301173 -0.773611 1.175198
v 0.304413 -0.769113 1.178440
v 0.319264 -0.768311 1.177900
v 0.322726 -0.772447 1.174414
v 0.323511 -0.772447 1.195998
v 0.301958 -0.773611 1.196782
v 0.301173 -0.773611 1.175198
v 0.322726 -0.772447 1.174414
v 0.304954 -0.769113 1.193313
v 0.319805 -0.768311 1.192773
v 0.319264 -0.768311 1.177900
v 0.304413 -0.769113 1.178440
v 0.323731 -0.772447 1.202042
v 0.320269 -0.768311 1.205528
v 0.320810 -0.768311 1.220401
v 0.324516 -0.772447 1.223626
v 0.324516 -0.772447 1.223626
v 0.320810 -0.768311 1.220401
v 0.305959 -0.769113 1.220941
v 0.302963 -0.773611 1.224410
v 0.302963 -0.773611 1.224410
v 0.305959 -0.769113 1.220941
v 0.305418 -0.769113 1.206068
v 0.302178 -0.773611 1.202826
v 0.302178 -0.773611 1.202826
v 0.305418 -0.769113 1.206068
v 0.320269 -0.768311 1.205528
v 0.323731 -0.772447 1.202042
v 0.324516 -0.772447 1.223626
v 0.302963 -0.773611 1.224410
v 0.302178 -0.773611 1.202826
v 0.323731 -0.772447 1.202042
v 0.305959 -0.769113 1.220941
v 0.320810 -0.768311 1.220401
v 0.320269 -0.768311 1.205528
v 0.305418 -0.769113 1.206068
v 0.324736 -0.772447 1.229670
v 0.321274 -0.768311 1.233156
v 0.321815 -0.768311 1.248029
v 0.325521 -0.772447 1.251254
v 0.325521 -0.772447 1.251254
v 0.321815 -0.768311 1.248029
v 0.306964 -0.769113 1.248569
v 0.303968 -0.773611 1.252038
v 0.303968 -0.773611 1.252038
v 0.306964 -0.769113 1.248569
v 0.306423 -0.769113 1.233696
v 0.303183 -0.773611 1.230454
v 0.303183 -0.773611 1.230454
v 0.306423 -0.769113 1.233696
v 0.321274 -0.768311 1.233156
v 0.324736 -0.772447 1.229670
v 0.325521 -0.772447 1.251254
v 0.303968 -0.773611 1.252038
v 0.303183 -0.773611 1.230454
v 0.324736 -0.772447 1.229670
v 0.306964 -0.769113 1.248569
v 0.321815 -0.768311 1.248029
v 0.321274 -0.768311 1.233156
v 0.306423 -0.769113 1.233696
v 0.325741 -0.772447 1.257298
v 0.322279 -0.768311 1.260784
v 0.322820 -0.768311 1.275657
v 0.326526 -0.772447 1.278882
v 0.326526 -0.772447 1.278882
v 0.322820 -0.768311 1.275657
v 0.307969 -0.769113 1.276197
v 0.304973 -0.773611 1.279666
v 0.304973 -0.773611 1.279666
v 0.307969 -0.769113 1.276197
v 0.307428 -0.769113 1.261324
v 0.304188 -0.773611 1.258082
v 0.304188 -0.773611 1.258082
v 0.307428 -0.769113 1.261324
v 0.322279 -0.768311 1.260784
v 0.325741 -0.772447 1.257298
v 0.326526 -0.772447 1.278882
v 0.304973 -0.773611 1.279666
v 0.304188 -0.773611 1.258082
v 0.325741 -0.772447 1.257298
v 0.307969 -0.769113 1.276197
v 0.322820 -0.768311 1.275657
v 0.322279 -0.768311 1.260784
v 0.307428 -0.769113 1.261324
v 0.326745 -0.772447 1.284926
v 0.323284 -0.768311 1.288412
v 0.323825 -0.768311 1.303285
v 0.327531 -0.772447 1.306510
v 0.327531 -0.772447 1.306510
v 0.323825 -0.768311 1.303285
v 0.308974 -0.769113 1.303825
v 0.305977 -0.773611 1.307294
v 0.305977 -0.773611 1.307294
v 0.308974 -0.769113 1.303825
v 0.308433 -0.769113 1.288952
v 0.305193 -0.773611 1.285710
v 0.305193 -0.773611 1.285710
v 0.308433 -0.769113 1.288952
v 0.323284 -0.768311 1.288412
v 0.326745 -0.772447 1.284926
v 0.327531 -0.772447 1.306510
v 0.305977 -0.773611 1.307294
v 0.305193 -0.773611 1.285710
v 0.326745 -0.772447 1.284926
v 0.308974 -0.769113 1.303825
v 0.323825 -0.768311 1.303285
v 0.323284 -0.768311 1.288412
v 0.308433 -0.769113 1.288952
v 0.433874 -0.765717 0.893728
v 0.430413 -0.761581 0.897214
v 0.430954 -0.761581 0.912087
v 0.434659 -0.765717 0.915313
v 0.434659 -0.765717 0.915313
v 0.430954 -0.761581 0.912087
v 0.416102 -0.762383 0.912627
v 0.413106 -0.766881 0.916097
v 0.413106 -0.766881 0.916097
v 0.416102 -0.762383 0.912627
v 0.415561 -0.762383 0.897755
v 0.412321 -0.766881 0.894512
v 0.412321 -0.766881 0.894512
v 0.415561 -0.762383 0.897755
v 0.430413 -0.761581 0.897214
v 0.433874 -0.765717 0.893728
v 0.434659 -0.765717 0.915313
v 0.413106 -0.766881 0.916097
v 0.412321 -0.766881 0.894512
v 0.433874 -0.765717 0.893728
v 0.416102 -0.762383 0.912627
v 0.430954 -0.761581 0.912087
v 0.430413 -0.761581 0.897214
v 0.415561 -0.762383 0.897755
v 0.434879 -0.765717 0.921356
v 0.431418 -0.761581 0.924843
v 0.431958 -0.761581 0.939715
v 0.435664 -0.765717 0.942941
v 0.435664 -0.765717 0.942941
v 0.431958 -0.761581 0.939715
v 0.417107 -0.762383 0.940255
v 0.414111 -0.766881 0.943725
v 0.414111 -0.766881 0.943725
v 0.417107 -0.762383 0.940255
v 0.416566 -0.762383 0.925383
v 0.413326 -0.766881 0.922140
v 0.413326 -0.766881 0.922140
v 0.416566 -0.762383 0.925383
v 0.431418 -0.761581 0.924843
v 0.434879 -0.765717 0.921356
v 0.435664 -0.765717 0.942941
v 0.414111 -0.766881 0.943725
v 0.413326 -0.766881 0.922140
v 0.434879 -0.765717 0.921356
v 0.417107 -0.762383 0.940255
v 0.431958 -0.761581 0.939715
v 0.431418 -0.761581 0.924843
v 0.416566 -0.762383 0.925383
v 0.435884 -0.765717 0.948984
v 0.432422 -0.761581 0.952470
v 0.432963 -0.761581 0.967343
v 0.436669 -0.765717 0.970569
v 0.436669 -0.765717 0.970569
v 0.432963 -0.761581 0.967343
v 0.418112 -0.762383 0.967884
v 0.415116 -0.766881 0.971353
v 0.415116 -0.766881 0.971353
v 0.418112 -0.762383 0.967884
v 0.417571 -0.762383 0.953010
v 0.414331 -0.766881 0.949768
v 0.414331 -0.766881 0.949768
v 0.417571 -0.762383 0.953010
v 0.432422 -0.761581 0.952470
v 0.435884 -0.765717 0.948984
v 0.436669 -0.765717 0.970569
v 0.415116 -0.766881 0.971353
v 0.414331 -0.766881 0.949768
v 0.435884 -0.765717 0.948984
v 0.418112 -0.762383 0.967884
v 0.432963 -0.761581 0.967343
v 0.432422 -0.761581 0.952470
v 0.417571 -0.762383 0.953010
v 0.436889 -0.765717 0.976612
v 0.433427 -0.761581 0.980098
v 0.433968 -0.761581 0.994971
v 0.437674 -0.765717 0.998197
v 0.437674 -0.765717 0.998197
v 0.433968 -0.761581 0.994971
v 0.419117 -0.762383 0.995511
v 0.416121 -0.766881 0.998981
v 0.416121 -0.766881 0.998981
v 0.419117 -0.762383 0.995511
v 0.418576 -0.762383 0.980639
v 0.415336 -0.766881 0.977396
v 0.415336 -0.766881 0.977396
v 0.418576 -0.762383 0.980639
v 0.433427 -0.761581 0.980098
v 0.436889 -0.765717 0.976612
v 0.437674 -0.765717 0.998197
v 0.416121 -0.766881 0.998981
v 0.415336 -0.766881 0.977396
v 0.436889 -0.765717 0.976612
v 0.419117 -0.762383 0.995511
v 0.433968 -0.761581 0.994971
v 0.433427 -0.761581 0.980098
v 0.418576 -0.762383 0.980639
v 0.437894 -0.765717 1.004241
v 0.434432 -0.761581 1.007726
v 0.434973 -0.761581 1.022599
v 0.438679 -0.765717 1.025825
v 0.438679 -0.765717 1.025825
v 0.434973 -0.761581 1.022599
v 0.420122 -0.762383 1.023139
v 0.417126 -0.766881 1.026609
v 0.417126 -0.766881 1.026609
v 0.420122 -0.762383 1.023139
v 0.419581 -0.762383 1.008267
v 0.416341 -0.766881 1.005024
v 0.416341 -0.766881 1.005024
v 0.419581 -0.762383 1.008267
v 0.434432 -0.761581 1.007726
v 0.437894 -0.765717 1.004241
v 0.438679 -0.765717 1.025825
v 0.417126 -0.766881 1.026609
v 0.416341 -0.766881 1.005024
v 0.437894 -0.765717 1.004241
v 0.420122 -0.762383 1.023139
v 0.434973 -0.761581 1.022599
v 0.434432 -0.761581 1.007726
v 0.419581 -0.762383 1.008267
v 0.438899 -0.765717 1.031868
v 0.435437 -0.761581 1.035354
v 0.435978 -0.761581 1.050227
v 0.439684 -0.765717 1.053453
v 0.439684 -0.765717 1.053453
v 0.435978 -0.761581 1.050227
v 0.421127 -0.762383 1.050768
v 0.418131 -0.766881 1.054237
v 0.418131 -0.766881 1.054237
v 0.421127 -0.762383 1.050768
v 0.420586 -0.762383 1.035895
v 0.417346 -0.766881 1.032652
v 0.417346 -0.766881 1.032652
v 0.420586 -0.762383 1.035895
v 0.435437 -0.761581 1.035354
v 0.438899 -0.765717 1.031868
v 0.439684 -0.765717 1.053453
v 0.418131 -0.766881 1.054237
v 0.417346 -0.766881 1.032652
v 0.438899 -0.765717 1.031868
v 0.421127 -0.762383 1.050768
v 0.435978 -0.761581 1.050227
v 0.435437 -0.761581 1.035354
v 0.420586 -0.762383 1.035895
v 0.439904 -0.765717 1.059496
v 0.436442 -0.761581 1.062983
v 0.436983 -0.761581 1.077856
v 0.440689 -0.765717 1.081081
v 0.440689 -0.765717 1.081081
v 0.436983 -0.761581 1.077856
v 0.422132 -0.762383 1.078396
v 0.419136 -0.766881 1.081865
v 0.419136 -0.766881 1.081865
v 0.422132 -0.762383 1.078396
v 0.421591 -0.762383 1.063523
v 0.418351 -0.766881 1.060281
v 0.418351 -0.766881 1.060281
v 0.421591 -0.762383 1.063523
v 0.436442 -0.761581 1.062983
v 0.439904 -0.765717 1.059496
v 0.440689 -0.765717 1.081081
v 0.419136 -0.766881 1.081865
v 0.418351 -0.766881 1.060281
v 0.439904 -0.765717 1.059496
v 0.422132 -0.762383 1.078396
v 0.436983 -0.761581 1.077856
v 0.436442 -0.761581 1.062983
v 0.421591 -0.762383 1.063523
v 0.440908 -0.765717 1.087124
v 0.437447 -0.761581 1.090611
v 0.437988 -0.761581 1.105484
v 0.441693 -0.765717 1.108709
v 0.441693 -0.765717 1.108709
v 0.437988 -0.761581 1.105484
v 0.423136 -0.762383 1.106023
v 0.420140 -0.766881 1.109493
v 0.420140 -0.766881 1.109493
v 0.423136 -0.762383 1.106023
v 0.422596 -0.762383 1.091151
v 0.419355 -0.766881 1.087908
v 0.419355 -0.766881 1.087908
v 0.422596 -0.762383 1.091151
v 0.437447 -0.761581 1.090611
v 0.440908 -0.765717 1.087124
v 0.441693 -0.765717 1.108709
v 0.420140 -0.766881 1.109493
v 0.419355 -0.766881 1.087908
v 0.440908 -0.765717 1.087124
v 0.423136 -0.762383 1.106023
v 0.437988 -0.761581 1.105484
v 0.437447 -0.761581 1.090611
v 0.422596 -0.762383 1.091151
v 0.441913 -0.765717 1.114752
v 0.438452 -0.761581 1.118238
v 0.438993 -0.761581 1.133111
v 0.442698 -0.765717 1.136337
v 0.442698 -0.765717 1.136337
v 0.438993 -0.761581 1.133111
v 0.424141 -0.762383 1.133652
v 0.421145 -0.766881 1.137121
v 0.421145 -0.766881 1.137121
v 0.424141 -0.762383 1.133652
v 0.423600 -0.762383 1.118779
v 0.420360 -0.766881 1.115536
v 0.420360 -0.766881 1.115536
v 0.423600 -0.762383 1.118779
v 0.438452 -0.761581 1.118238
v 0.441913 -0.765717 1.114752
v 0.442698 -0.765717 1.136337
v 0.421145 -0.766881 1.137121
v 0.420360 -0.766881 1.115536
v 0.441913 -0.765717 1.114752
v 0.424141 -0.762383 1.133652
v 0.438993 -0.761581 1.133111
v 0.438452 -0.761581 1.118238
v 0.423600 -0.762383 1.118779
v 0.442918 -0.765717 1.142380
v 0.439457 -0.761581 1.145867
v 0.439998 -0.761581 1.160740
v 0.443703 -0.765717 1.163965
v 0.443703 -0.765717 1.163965
v 0.439998 -0.761581 1.160740
v 0.425146 -0.762383 1.161280
v 0.422150 -0.766881 1.164749
v 0.422150 -0.766881 1.164749
v 0.425146 -0.762383 1.161280
v 0.424605 -0.762383 1.146407
v 0.421365 -0.766881 1.143164
v 0.421365 -0.766881 1.143164
v 0.424605 -0.762383 1.146407
v 0.439457 -0.761581 1.145867
v 0.442918 -0.765717 1.142380
v 0.443703 -0.765717 1.163965
v 0.422150 -0.766881 1.164749
v 0.421365 -0.766881 1.143164
v 0.442918 -0.765717 1.142380
v 0.425146 -0.762383 1.161280
v 0.439998 -0.761581 1.160740
v 0.439457 -0.761581 1.145867
v 0.424605 -0.762383 1.146407
v 0.443923 -0.765717 1.170008
v 0.440462 -0.761581 1.173494
v 0.441002 -0.761581 1.188367
v 0.444708 -0.765717 1.191593
v 0.444708 -0.765717 1.191593
v 0.441002 -0.761581 1.188367
v 0.426151 -0.762383 1.188908
v 0.423155 -0.766881 1.192376
v 0.423155 -0.766881 1.192376
v 0.426151 -0.762383 1.188908
v 0.425610 -0.762383 1.174035
v 0.422370 -0.766881 1.170792
v 0.422370 -0.766881 1.170792
v 0.425610 -0.762383 1.174035
v 0.440462 -0.761581 1.173494
v 0.443923 -0.765717 1.170008
v 0.444708 -0.765717 1.191593
v 0.423155 -0.766881 1.192376
v 0.422370 -0.766881 1.170792
v 0.443923 -0.765717 1.170008
v 0.426151 -0.762383 1.188908
v 0.441002 -0.761581 1.188367
v 0.440462 -0.761581 1.173494
v 0.425610 -0.762383 1.174035
v 0.444928 -0.765717 1.197636
v 0.441466 -0.761581 1.201122
v 0.442007 -0.761581 1.215995
v 0.445713 -0.765717 1.219221
v 0.445713 -0.765717 1.219221
v 0.442007 -0.761581 1.215995
v 0.427156 -0.762383 1.216535
v 0.424160 -0.766881 1.220005
v 0.424160 -0.766881 1.220005
v 0.427156 -0.762383 1.216535
v 0.426615 -0.762383 1.201662
v 0.423375 -0.766881 1.198420
v 0.423375 -0.766881 1.198420
v 0.426615 -0.762383 1.201662
v 0.441466 -0.761581 1.201122
v 0.444928 -0.765717 1.197636
v 0.445713 -0.765717 1.219221
v 0.424160 -0.766881 1.220005
v 0.423375 -0.766881 1.198420
v 0.444928 -0.765717 1.197636
v 0.427156 -0.762383 1.216535
v 0.442007 -0.761581 1.215995
v 0.441466 -0.761581 1.201122
v 0.426615 -0.762383 1.201662
v 0.445933 -0.765717 1.225264
v 0.442471 -0.761581 1.228751
v 0.443012 -0.761581 1.243623
v 0.446718 -0.765717 1.246849
v 0.446718 -0.765717 1.246849
v 0.443012 -0.761581 1.243623
v 0.428161 -0.762383 1.244164
v 0.425165 -0.766881 1.247633
v 0.425165 -0.766881 1.247633
v 0.428161 -0.762383 1.244164
v 0.427620 -0.762383 1.229291
v 0.424380 -0.766881 1.226048
v 0.424380 -0.766881 1.226048
v 0.427620 -0.762383 1.229291
v 0.442471 -0.761581 1.228751
v 0.445933 -0.765717 1.225264
v 0.446718 -0.765717 1.246849
v 0.425165 -0.766881 1.247633
v 0.424380 -0.766881 1.226048
v 0.445933 -0.765717 1.225264
v 0.428161 -0.762383 1.244164
v 0.443012 -0.761581 1.243623
v 0.442471 -0.761581 1.228751
v 0.427620 -0.762383 1.229291
v 0.446938 -0.765717 1.252892
v 0.443476 -0.761581 1.256379
v 0.444017 -0.761581 1.271252
v 0.447723 -0.765717 1.274477
v 0.447723 -0.765717 1.274477
v 0.444017 -0.761581 1.271252
v 0.429166 -0.762383 1.271792
v 0.426170 -0.766881 1.275261
v 0.426170 -0.766881 1.275261
v 0.429166 -0.762383 1.271792
v 0.428625 -0.762383 1.256919
v 0.425385 -0.766881 1.253676
v 0.425385 -0.766881 1.253676
v 0.428625 -0.762383 1.256919
v 0.443476 -0.761581 1.256379
v 0.446938 -0.765717 1.252892
v 0.447723 -0.765717 1.274477
v 0.426170 -0.766881 1.275261
v 0.425385 -0.766881 1.253676
v 0.446938 -0.765717 1.252892
v 0.429166 -0.762383 1.271792
v 0.444017 -0.761581 1.271252
v 0.443476 -0.761581 1.256379
v 0.428625 -0.762383 1.256919
v 0.447943 -0.765717 1.280520
v 0.444481 -0.761580 1.284007
v 0.445022 -0.761580 1.298880
v 0.448728 -0.765717 1.302105
v 0.448728 -0.765717 1.302105
v 0.445022 -0.761580 1.298880
v 0.430171 -0.762383 1.299420
v 0.427175 -0.766881 1.302889
v 0.427175 -0.766881 1.302889
v 0.430171 -0.762383 1.299420
v 0.429630 -0.762383 1.284546
v 0.426390 -0.766881 1.281304
v 0.426390 -0.766881 1.281304
v 0.429630 -0.762383 1.284546
v 0.444481 -0.761580 1.284007
v 0.447943 -0.765717 1.280520
v 0.448728 -0.765717 1.302105
v 0.427175 -0.766881 1.302889
v 0.426390 -0.766881 1.281304
v 0.447943 -0.765717 1.280520
v 0.430171 -0.762383 1.299420
v 0.445022 -0.761580 1.298880
v 0.444481 -0.761580 1.284007
v 0.429630 -0.762383 1.284546
v -0.726562 0.910518 -0.200619
v -0.536871 0.910518 -0.279191
v -0.493342 0.910518 -0.203795
v -0.704030 0.910518 -0.116525
v -0.930126 0.910518 -0.173979
v -0.930126 0.910518 -0.086759
v -0.382253 0.880512 -0.454527
v -0.382253 -1.472092 -0.454526
v -0.391056 -1.472092 -0.469972
v -0.391056 0.876159 -0.469973
v -0.206670 0.880512 -0.766478
v -0.281493 0.880512 -0.585839
v -0.295690 0.876159 -0.594036
v -0.222504 0.876159 -0.770721
v -0.185066 -1.770080 -0.920161
v -0.185066 -1.472092 -0.920161
v -0.202132 -1.472092 -0.916480
v -0.202132 -1.770080 -0.916480
v -0.056595 1.172841 -0.960327
v -0.081767 1.172841 -0.768845
v -0.095428 1.172841 -0.770641
v -0.070256 1.172841 -0.960327
v -0.086324 1.050151 -0.734231
v -0.086324 1.207754 -0.734231
v -0.173593 1.207754 -0.523543
v -0.173593 1.050151 -0.523543
v -0.312420 1.207754 -0.342622
v -0.312420 1.050151 -0.342622
v -0.493342 1.207754 -0.203795
v -0.493342 1.050151 -0.203795
v -0.704030 1.207754 -0.116525
v -0.704030 1.050151 -0.116525
v -0.930126 1.207754 -0.086759
v -0.930126 1.050151 -0.086759
v -0.399807 0.910518 -0.384186
v -0.312420 0.910518 -0.342621
v -0.248872 0.910518 -0.567006
v -0.173593 0.910518 -0.523543
v -0.170286 0.910518 -0.756729
v -0.086324 0.910518 -0.734231
v -0.143114 0.910518 -0.960327
v -0.056557 0.910518 -0.960327
v -0.726597 -1.828205 -0.200749
v -0.726597 -1.789809 -0.200746
v -0.930126 -1.789809 -0.174266
v -0.930126 -1.828205 -0.174274
v -0.536939 -1.828205 -0.279308
v -0.536938 -1.789809 -0.279305
v -0.399807 -1.828205 -0.384185
v -0.399807 -1.789809 -0.384185
v -0.400519 -1.828205 -0.430720
v -0.400519 -1.789809 -0.430720
v -0.399807 -1.789809 -0.384185
v -0.399807 -1.828205 -0.384185
v -0.185066 0.880512 -0.920161
v -0.185066 -1.472092 -0.920161
v -0.181149 -1.472092 -0.960327
v -0.181149 0.910518 -0.960327
v -0.185066 -1.770080 -0.920161
v -0.206670 -1.770080 -0.766477
v -0.206670 -1.828205 -0.766477
v -0.181149 -1.828205 -0.960326
v -0.281493 -1.770080 -0.585838
v -0.281493 -1.828205 -0.585838
v -0.382253 0.880512 -0.454527
v -0.281493 0.880512 -0.585839
v -0.281493 0.910518 -0.585839
v -0.400519 0.910518 -0.430721
v -0.206670 0.880512 -0.766478
v -0.206670 0.910518 -0.766478
v -0.295690 -1.770080 -0.594035
v -0.295690 -1.472092 -0.594035
v -0.391056 -1.472092 -0.469972
v -0.391056 -1.770080 -0.469972
v -0.222504 -1.770080 -0.770720
v -0.222504 -1.472092 -0.770720
v -0.202132 -1.770080 -0.916480
v -0.202132 -1.472092 -0.916480
v -0.281493 -1.770080 -0.585838
v -0.206670 -1.770080 -0.766477
v -0.222504 -1.770080 -0.770720
v -0.295690 -1.770080 -0.594035
v -0.185066 0.880512 -0.920161
v -0.202132 0.876159 -0.916481
v -0.382253 0.880512 -0.454527
v -0.391056 0.876159 -0.469973
v -0.382253 -1.770080 -0.454526
v -0.391056 -1.770080 -0.469972
v -0.185066 -1.770080 -0.920161
v -0.202132 -1.770080 -0.916480
v -0.206670 0.910518 -0.766478
v -0.181149 0.910518 -0.960327
v -0.281493 0.910518 -0.585839
v -0.400519 0.910518 -0.430721
v -0.466311 0.876159 -0.475214
v -0.436565 0.876159 -0.484567
v -0.436436 -1.472092 -0.484431
v -0.491602 -1.472092 -0.473250
v -0.287977 0.876159 -0.788421
v -0.263770 0.876159 -0.782053
v -0.332712 0.876159 -0.615435
v -0.353936 0.876159 -0.627663
v -0.081767 0.945430 -0.768845
v -0.056595 0.945430 -0.960327
v -0.070256 0.945430 -0.960327
v -0.095428 0.945430 -0.770641
v -0.759750 0.876159 -0.323861
v -0.930126 0.876159 -0.299374
v -0.930126 0.910518 -0.299374
v -0.759750 0.910518 -0.323861
v -0.353936 0.876159 -0.627663
v -0.466311 0.876159 -0.475214
v -0.466311 0.910518 -0.475214
v -0.353936 0.910518 -0.627663
v -0.086324 0.910518 -0.734231
v -0.173593 0.910518 -0.523543
v -0.930126 1.050151 -0.960327
v -0.930126 0.910518 -0.960327
v -0.312420 0.910518 -0.342621
v -0.269480 0.876159 -0.960327
v -0.287977 0.876159 -0.788421
v -0.287977 0.910518 -0.788421
v -0.269480 0.910518 -0.960327
v -0.281120 -1.796658 -0.787683
v -0.346894 -1.797159 -0.622469
v -0.332525 -1.790738 -0.615326
v -0.263561 -1.790636 -0.781996
v -0.930126 -1.828200 -0.237183
v -0.930126 -1.789809 -0.237159
v -0.930126 -1.789809 -0.302250
v -0.930126 -1.828045 -0.302294
v -0.930126 -1.472092 -0.236685
v -0.930126 -1.472092 -0.301858
v -0.595877 0.876159 -0.392423
v -0.595877 0.910518 -0.392423
v -0.493342 0.910518 -0.203795
v -0.704030 0.910518 -0.116525
v -0.332379 -1.780316 -0.615510
v -0.429122 -1.774703 -0.493602
v -0.416291 -1.774701 -0.488272
v -0.319548 -1.780315 -0.610180
v -0.429270 0.865737 -0.493757
v -0.332712 0.865737 -0.615435
v -0.319881 0.865738 -0.610105
v -0.416440 0.865738 -0.488427
v -0.263769 0.865737 -0.782053
v -0.243998 0.865737 -0.948675
v -0.231168 0.865738 -0.943345
v -0.250938 0.865738 -0.776723
v -0.269480 0.876159 -0.960327
v -0.242617 0.876159 -0.960327
v -0.436565 0.876159 -0.484567
v -0.466311 0.876159 -0.475214
v -0.181149 -1.828205 -0.960326
v -0.206670 -1.828205 -0.766477
v -0.243246 -1.828205 -0.773911
v -0.219114 -1.828205 -0.960326
v -0.281493 -1.828205 -0.585838
v -0.308464 -1.828205 -0.601410
v -0.400519 -1.828205 -0.430720
v -0.422694 -1.828205 -0.446359
v -0.930126 1.207754 -0.086759
v -0.930126 1.207754 -0.960327
v -0.399807 -1.828205 -0.384185
v -0.536939 -1.828205 -0.279308
v -0.568898 -1.828202 -0.334740
v -0.467400 -1.828205 -0.410183
v -0.726597 -1.828205 -0.200749
v -0.743125 -1.828201 -0.262573
v -0.930126 -1.828205 -0.174274
v -0.930126 -1.828200 -0.237183
v -0.930126 -1.828205 -0.174274
v -0.930126 -1.789809 -0.174266
v -0.495680 -1.828205 -0.473181
v -0.495592 -1.789809 -0.472940
v -0.447282 -1.789809 -0.496375
v -0.447282 -1.828205 -0.496375
v -0.347407 -1.828205 -0.622294
v -0.447282 -1.828205 -0.496375
v -0.896145 -0.382600 -0.307142
v -0.896146 0.777180 -0.304335
v -0.888889 0.777165 -0.292360
v -0.888888 -0.382615 -0.295166
v -0.930126 0.910518 -0.086759
v -0.597591 -1.827879 -0.395273
v -0.597565 -1.789809 -0.395230
v -0.930126 -1.828045 -0.302294
v -0.760692 -1.828040 -0.327076
v -0.597591 -1.827879 -0.395273
v -0.495680 -1.828205 -0.473181
v -0.760692 -1.828040 -0.327076
v -0.760678 -1.789809 -0.327028
v -0.930126 -1.472092 -0.174227
v -0.930126 -1.828045 -0.302294
v -0.930126 -1.789809 -0.302250
v -0.760668 -0.382600 -0.326994
v -0.896145 -0.382600 -0.307142
v -0.888888 -0.382615 -0.295166
v -0.753411 -0.382615 -0.315018
v -0.494829 -0.382596 -0.455572
v -0.597526 -0.382600 -0.395172
v -0.590269 -0.382615 -0.383197
v -0.487572 -0.382611 -0.443596
v -0.536937 -0.380358 -0.279304
v -0.457215 -0.380358 -0.340242
v -0.464199 -0.380356 -0.357140
v -0.543921 -0.380356 -0.296201
v -0.536873 0.778735 -0.279194
v -0.726563 0.778735 -0.200623
v -0.733547 0.778737 -0.217521
v -0.543857 0.778737 -0.296091
v -0.858438 0.778735 -0.183339
v -0.858438 -0.380358 -0.183615
v -0.865422 -0.380356 -0.200513
v -0.865422 0.778737 -0.200237
v -0.382253 -1.472092 -0.454526
v -0.400519 -1.472092 -0.430720
v -0.400519 -1.472092 -0.430720
v -0.399807 -1.472092 -0.384185
v -0.242401 -1.785086 -0.960326
v -0.262391 -1.790153 -0.960326
v -0.081767 1.172841 -0.768845
v -0.056595 1.172841 -0.960327
v -0.056557 1.207754 -0.960327
v -0.081767 0.945430 -0.768845
v -0.081767 1.050151 -0.768845
v -0.056595 0.945430 -0.960327
v -0.056557 0.910518 -0.960327
v -0.070256 1.050151 -0.960327
v -0.070256 1.172841 -0.960327
v -0.095428 1.172841 -0.770641
v -0.095428 1.050151 -0.770641
v -0.070256 0.945430 -0.960327
v -0.095428 0.945430 -0.770641
v -0.081767 1.172841 -0.768845
v -0.081767 1.050151 -0.768845
v -0.095428 1.050151 -0.770641
v -0.095428 1.172841 -0.770641
v -0.081767 0.945430 -0.768845
v -0.095428 0.945430 -0.770641
v -0.858438 0.778735 -0.183339
v -0.726563 0.778735 -0.200623
v -0.726562 0.910518 -0.200619
v -0.930126 0.910518 -0.173979
v -0.536873 0.778735 -0.279194
v -0.536871 0.910518 -0.279191
v -0.457217 0.778735 -0.340246
v -0.399807 0.910518 -0.384186
v -0.858438 -0.380358 -0.183615
v -0.930126 -1.472092 -0.174227
v -0.457215 -0.380358 -0.340242
v -0.399807 -1.472092 -0.384185
v -0.536937 -0.380358 -0.279304
v -0.726596 -0.380358 -0.200742
v -0.726597 -1.472092 -0.200745
v -0.536938 -1.472092 -0.279305
v -0.849092 0.762269 -0.202370
v -0.849093 -0.363888 -0.202641
v -0.856586 -0.363886 -0.220770
v -0.856585 0.762271 -0.220500
v -0.733579 -0.363888 -0.217638
v -0.543920 -0.363888 -0.296200
v -0.551413 -0.363886 -0.314329
v -0.741072 -0.363886 -0.235767
v -0.849093 -0.363888 -0.202641
v -0.856586 -0.363886 -0.220770
v -0.457215 -0.380358 -0.340242
v -0.457217 0.778735 -0.340246
v -0.464201 0.778737 -0.357143
v -0.464199 -0.380356 -0.357140
v -0.457217 0.778735 -0.340246
v -0.464201 0.778737 -0.357143
v -0.858438 0.778735 -0.183339
v -0.865422 0.778737 -0.200237
v -0.858438 -0.380358 -0.183615
v -0.726596 -0.380358 -0.200742
v -0.733580 -0.380356 -0.217640
v -0.865422 -0.380356 -0.200513
v -0.849092 0.762269 -0.202370
v -0.733548 0.762269 -0.217523
v -0.733547 0.778737 -0.217521
v -0.865422 0.778737 -0.200237
v -0.543857 0.762269 -0.296092
v -0.543857 0.778737 -0.296091
v -0.477278 0.762269 -0.347135
v -0.464201 0.778737 -0.357143
v -0.849093 -0.363888 -0.202641
v -0.865422 -0.380356 -0.200513
v -0.477275 -0.363888 -0.347130
v -0.464199 -0.380356 -0.357140
v -0.543920 -0.363888 -0.296200
v -0.733579 -0.363888 -0.217638
v -0.733580 -0.380356 -0.217640
v -0.543921 -0.380356 -0.296201
v -0.741072 -0.363886 -0.235767
v -0.551413 -0.363886 -0.314329
v -0.551350 0.762271 -0.314222
v -0.741041 0.762271 -0.235652
v -0.484768 -0.363886 -0.365259
v -0.484771 0.762271 -0.365264
v -0.856586 -0.363886 -0.220770
v -0.856585 0.762271 -0.220500
v -0.543857 0.762269 -0.296092
v -0.733548 0.762269 -0.217523
v -0.741041 0.762271 -0.235652
v -0.551350 0.762271 -0.314222
v -0.477275 -0.363888 -0.347130
v -0.484768 -0.363886 -0.365259
v -0.477275 -0.363888 -0.347130
v -0.477278 0.762269 -0.347135
v -0.484771 0.762271 -0.365264
v -0.484768 -0.363886 -0.365259
v -0.477278 0.762269 -0.347135
v -0.484771 0.762271 -0.365264
v -0.849092 0.762269 -0.202370
v -0.856585 0.762271 -0.220500
v -0.243784 -1.775020 -0.948674
v -0.243812 -1.472092 -0.948674
v -0.242430 -1.472092 -0.960327
v -0.242401 -1.785086 -0.960326
v -0.263587 -1.780214 -0.781791
v -0.263561 -1.790636 -0.781996
v -0.332379 -1.780316 -0.615510
v -0.332525 -1.790738 -0.615326
v -0.429122 -1.774703 -0.493602
v -0.436415 -1.784709 -0.484410
v -0.429270 0.865737 -0.493757
v -0.429142 -1.472092 -0.493622
v -0.436436 -1.472092 -0.484431
v -0.436565 0.876159 -0.484567
v -0.332712 0.865737 -0.615435
v -0.332712 0.876159 -0.615435
v -0.263769 0.865737 -0.782053
v -0.263770 0.876159 -0.782053
v -0.243998 0.865737 -0.948675
v -0.242617 0.876159 -0.960327
v -0.319548 -1.780315 -0.610180
v -0.416291 -1.774701 -0.488272
v -0.416311 -1.472092 -0.488293
v -0.319593 -1.472092 -0.610170
v -0.250756 -1.780213 -0.776461
v -0.250780 -1.472092 -0.776496
v -0.230954 -1.775020 -0.943344
v -0.230982 -1.472092 -0.943345
v -0.243784 -1.775020 -0.948674
v -0.263587 -1.780214 -0.781791
v -0.250756 -1.780213 -0.776461
v -0.230954 -1.775020 -0.943344
v -0.429122 -1.774703 -0.493602
v -0.429142 -1.472092 -0.493622
v -0.416311 -1.472092 -0.488293
v -0.416291 -1.774701 -0.488272
v -0.243998 0.865737 -0.948675
v -0.243812 -1.472092 -0.948674
v -0.230982 -1.472092 -0.943345
v -0.231168 0.865738 -0.943345
v -0.494829 -0.382596 -0.455572
v -0.494829 0.777177 -0.455572
v -0.491602 -1.472092 -0.473250
v -0.759760 0.777180 -0.323895
v -0.896146 0.777180 -0.304335
v -0.896145 -0.382600 -0.307142
v -0.930126 -1.472092 -0.301858
v -0.760668 -0.382600 -0.326994
v -0.597526 -0.382600 -0.395172
v -0.597555 -1.472092 -0.395215
v -0.760675 -1.472092 -0.327019
v -0.595912 0.777180 -0.392483
v -0.504569 -0.364947 -0.433268
v -0.590254 -0.364950 -0.383164
v -0.574617 -0.364982 -0.357359
v -0.488931 -0.364979 -0.407464
v -0.869206 0.759501 -0.295259
v -0.752515 0.759501 -0.311965
v -0.736878 0.759469 -0.286160
v -0.853569 0.759469 -0.269454
v -0.753398 -0.364950 -0.314974
v -0.737761 -0.364982 -0.289169
v -0.494829 0.777177 -0.455572
v -0.494829 -0.382596 -0.455572
v -0.487572 -0.382611 -0.443596
v -0.487572 0.777162 -0.443597
v -0.595912 0.777180 -0.392483
v -0.494829 0.777177 -0.455572
v -0.487572 0.777162 -0.443597
v -0.588655 0.777165 -0.380508
v -0.759760 0.777180 -0.323895
v -0.752503 0.777165 -0.311920
v -0.896146 0.777180 -0.304335
v -0.888889 0.777165 -0.292360
v -0.504569 -0.364947 -0.433268
v -0.504593 0.759499 -0.433310
v -0.487572 0.777162 -0.443597
v -0.487572 -0.382611 -0.443596
v -0.752515 0.759501 -0.311965
v -0.869206 0.759501 -0.295259
v -0.888889 0.777165 -0.292360
v -0.752503 0.777165 -0.311920
v -0.869204 -0.364950 -0.297973
v -0.888888 -0.382615 -0.295166
v -0.753398 -0.364950 -0.314974
v -0.590254 -0.364950 -0.383164
v -0.590269 -0.382615 -0.383197
v -0.753411 -0.382615 -0.315018
v -0.588671 0.759501 -0.380540
v -0.588655 0.777165 -0.380508
v -0.737761 -0.364982 -0.289169
v -0.853567 -0.364982 -0.272169
v -0.853569 0.759469 -0.269454
v -0.736878 0.759469 -0.286160
v -0.488931 -0.364979 -0.407464
v -0.574617 -0.364982 -0.357359
v -0.573033 0.759469 -0.354735
v -0.488956 0.759467 -0.407505
v -0.869204 -0.364950 -0.297973
v -0.853567 -0.364982 -0.272169
v -0.869204 -0.364950 -0.297973
v -0.869206 0.759501 -0.295259
v -0.853569 0.759469 -0.269454
v -0.853567 -0.364982 -0.272169
v -0.504593 0.759499 -0.433310
v -0.504569 -0.364947 -0.433268
v -0.488931 -0.364979 -0.407464
v -0.488956 0.759467 -0.407505
v -0.588671 0.759501 -0.380540
v -0.504593 0.759499 -0.433310
v -0.488956 0.759467 -0.407505
v -0.573033 0.759469 -0.354735
v -0.429270 0.865737 -0.493757
v -0.416440 0.865738 -0.488427
v -0.760675 -1.472092 -0.327019
v -0.597555 -1.472092 -0.395215
v -0.202132 0.876159 -0.916481
v -0.222504 0.876159 -0.770721
v -0.295690 0.876159 -0.594036
v -0.726597 -1.472092 -0.200745
v -0.930126 -1.472092 -0.174227
v -0.185066 0.880512 -0.920161
v -0.202132 0.876159 -0.916481
v -0.399807 -1.472092 -0.384185
v -0.400519 -1.472092 -0.430720
v -0.400519 0.910518 -0.430721
v -0.399807 0.910518 -0.384186
v -0.391056 0.876159 -0.469973
v -0.399807 -1.472092 -0.384185
v -0.536938 -1.472092 -0.279305
v -0.250938 0.865738 -0.776723
v -0.231168 0.865738 -0.943345
v -0.436415 -1.784709 -0.484410
v -0.382253 -1.770080 -0.454526
v -0.391056 -1.770080 -0.469972
v -0.319881 0.865738 -0.610105
v -0.416440 0.865738 -0.488427
v -0.243784 -1.775020 -0.948674
v -0.230954 -1.775020 -0.943344
v -0.930126 -1.472092 -0.301858
v -0.281189 -1.828205 -0.787660
v -0.281120 -1.796658 -0.787683
v -0.262391 -1.790153 -0.960326
v -0.262391 -1.828205 -0.960326
v -0.346894 -1.797159 -0.622469
v -0.347407 -1.828205 -0.622294
v -0.281189 -1.828205 -0.787660
v -0.262391 -1.828205 -0.960326
v -0.726562 0.910518 -1.720036
v -0.704030 0.910518 -1.804129
v -0.493342 0.910518 -1.716859
v -0.536872 0.910518 -1.641463
v -0.930126 0.910518 -1.746676
v -0.930126 0.910518 -1.833895
v -0.382253 0.880512 -1.466128
v -0.391056 0.876159 -1.450682
v -0.391056 -1.472092 -1.450681
v -0.382253 -1.472092 -1.466127
v -0.206670 0.880512 -1.154177
v -0.222505 0.876159 -1.149934
v -0.295690 0.876159 -1.326619
v -0.281493 0.880512 -1.334815
v -0.185066 -1.770081 -1.000492
v -0.202132 -1.770081 -1.004173
v -0.202132 -1.472092 -1.004173
v -0.185066 -1.472092 -1.000492
v -0.095428 1.172841 -1.150014
v -0.081766 1.172841 -1.151809
v -0.086324 1.050151 -1.186423
v -0.173593 1.050151 -1.397111
v -0.173593 1.207753 -1.397111
v -0.086324 1.207753 -1.186423
v -0.312420 1.050151 -1.578033
v -0.312420 1.207753 -1.578033
v -0.493342 1.050151 -1.716860
v -0.493342 1.207753 -1.716860
v -0.704030 1.050151 -1.804129
v -0.704030 1.207753 -1.804129
v -0.930126 1.050151 -1.833895
v -0.930126 1.207753 -1.833895
v -0.312420 0.910518 -1.578033
v -0.399807 0.910518 -1.536469
v -0.173593 0.910518 -1.397111
v -0.248872 0.910518 -1.353649
v -0.086324 0.910518 -1.186423
v -0.170286 0.910518 -1.163926
v -0.726597 -1.828205 -1.719904
v -0.930126 -1.828205 -1.746379
v -0.930126 -1.789810 -1.746387
v -0.726597 -1.789810 -1.719906
v -0.536939 -1.828205 -1.641345
v -0.536938 -1.789810 -1.641347
v -0.399807 -1.828205 -1.536468
v -0.399807 -1.789810 -1.536468
v -0.400519 -1.828205 -1.489932
v -0.399807 -1.828205 -1.536468
v -0.399807 -1.789810 -1.536468
v -0.400519 -1.789810 -1.489932
v -0.185066 0.880512 -1.000493
v -0.185066 -1.472092 -1.000492
v -0.185066 -1.770081 -1.000492
v -0.206670 -1.828205 -1.154176
v -0.206670 -1.770081 -1.154176
v -0.281493 -1.828205 -1.334815
v -0.281493 -1.770081 -1.334815
v -0.382253 0.880512 -1.466128
v -0.400519 0.910518 -1.489933
v -0.281493 0.910518 -1.334815
v -0.281493 0.880512 -1.334815
v -0.206670 0.910518 -1.154177
v -0.206670 0.880512 -1.154177
v -0.295690 -1.770081 -1.326618
v -0.391056 -1.770081 -1.450681
v -0.391056 -1.472092 -1.450681
v -0.295690 -1.472092 -1.326618
v -0.222505 -1.770081 -1.149933
v -0.222505 -1.472092 -1.149933
v -0.202132 -1.770081 -1.004173
v -0.202132 -1.472092 -1.004173
v -0.281493 -1.770081 -1.334815
v -0.295690 -1.770081 -1.326618
v -0.222505 -1.770081 -1.149933
v -0.206670 -1.770081 -1.154176
v -0.185066 0.880512 -1.000493
v -0.202132 0.876159 -1.004174
v -0.391056 0.876159 -1.450682
v -0.382253 0.880512 -1.466128
v -0.382253 -1.770081 -1.466127
v -0.391056 -1.770081 -1.450681
v -0.202132 -1.770081 -1.004173
v -0.185066 -1.770081 -1.000492
v -0.206670 0.910518 -1.154177
v -0.281493 0.910518 -1.334815
v -0.400519 0.910518 -1.489933
v -0.466311 0.876159 -1.445440
v -0.491602 -1.472092 -1.447403
v -0.436436 -1.472092 -1.436222
v -0.436565 0.876159 -1.436088
v -0.287977 0.876159 -1.132233
v -0.353936 0.876159 -1.292991
v -0.332712 0.876159 -1.305219
v -0.263770 0.876159 -1.138601
v -0.081766 0.945430 -1.151809
v -0.095428 0.945430 -1.150014
v -0.759750 0.876159 -1.596793
v -0.759750 0.910518 -1.596794
v -0.930126 0.910518 -1.621281
v -0.930126 0.876159 -1.621281
v -0.353936 0.876159 -1.292991
v -0.353936 0.910518 -1.292991
v -0.466311 0.910518 -1.445440
v -0.466311 0.876159 -1.445440
v -0.086324 0.910518 -1.186423
v -0.173593 0.910518 -1.397111
v -0.312420 0.910518 -1.578033
v -0.287977 0.910518 -1.132233
v -0.287977 0.876159 -1.132233
v -0.281120 -1.796659 -1.132969
v -0.263561 -1.790636 -1.138656
v -0.332525 -1.790738 -1.305327
v -0.346894 -1.797159 -1.298184
v -0.930126 -1.828200 -1.683470
v -0.930126 -1.828046 -1.618359
v -0.930126 -1.789810 -1.618403
v -0.930126 -1.789810 -1.683494
v -0.930126 -1.472092 -1.618796
v -0.930126 -1.472092 -1.683967
v -0.595877 0.910518 -1.528232
v -0.595877 0.876159 -1.528232
v -0.493342 0.910518 -1.716859
v -0.704030 0.910518 -1.804129
v -0.332379 -1.780316 -1.305143
v -0.319548 -1.780315 -1.310473
v -0.416291 -1.774702 -1.432381
v -0.429122 -1.774703 -1.427051
v -0.429270 0.865737 -1.426897
v -0.416440 0.865738 -1.432227
v -0.319881 0.865738 -1.310550
v -0.332712 0.865737 -1.305220
v -0.263769 0.865737 -1.138601
v -0.250938 0.865738 -1.143931
v -0.231168 0.865738 -0.977309
v -0.243998 0.865737 -0.971979
v -0.466311 0.876159 -1.445440
v -0.436565 0.876159 -1.436088
v -0.243246 -1.828205 -1.146742
v -0.206670 -1.828205 -1.154176
v -0.308464 -1.828205 -1.319243
v -0.281493 -1.828205 -1.334815
v -0.422694 -1.828205 -1.474294
v -0.400519 -1.828205 -1.489932
v -0.930126 1.207753 -1.833895
v -0.399807 -1.828205 -1.536468
v -0.467400 -1.828205 -1.510470
v -0.568898 -1.828203 -1.585913
v -0.536939 -1.828205 -1.641345
v -0.743125 -1.828201 -1.658080
v -0.726597 -1.828205 -1.719904
v -0.930126 -1.828200 -1.683470
v -0.930126 -1.828205 -1.746379
v -0.930126 -1.828205 -1.746379
v -0.930126 -1.789810 -1.746387
v -0.495680 -1.828205 -1.447471
v -0.447282 -1.828205 -1.424278
v -0.447282 -1.789810 -1.424278
v -0.495592 -1.789810 -1.447713
v -0.347407 -1.828205 -1.298358
v -0.447282 -1.828205 -1.424278
v -0.896145 -0.382600 -1.613512
v -0.888888 -0.382615 -1.625488
v -0.888889 0.777165 -1.628295
v -0.896146 0.777180 -1.616319
v -0.930126 0.910518 -1.833895
v -0.597565 -1.789810 -1.525423
v -0.597591 -1.827879 -1.525380
v -0.760692 -1.828040 -1.593577
v -0.930126 -1.828046 -1.618359
v -0.597591 -1.827879 -1.525380
v -0.495680 -1.828205 -1.447471
v -0.760678 -1.789810 -1.593625
v -0.760692 -1.828040 -1.593577
v -0.930126 -1.472092 -1.746426
v -0.930126 -1.789810 -1.618403
v -0.930126 -1.828046 -1.618359
v -0.760668 -0.382600 -1.593660
v -0.753411 -0.382615 -1.605636
v -0.888888 -0.382615 -1.625488
v -0.896145 -0.382600 -1.613512
v -0.494829 -0.382596 -1.465082
v -0.487572 -0.382611 -1.477058
v -0.590269 -0.382615 -1.537457
v -0.597526 -0.382600 -1.525482
v -0.536937 -0.380358 -1.641350
v -0.543921 -0.380356 -1.624453
v -0.464199 -0.380356 -1.563514
v -0.457215 -0.380358 -1.580411
v -0.536873 0.778735 -1.641461
v -0.543857 0.778737 -1.624563
v -0.733547 0.778737 -1.703134
v -0.726563 0.778735 -1.720031
v -0.858438 0.778734 -1.737316
v -0.865422 0.778737 -1.720418
v -0.865422 -0.380356 -1.720141
v -0.858438 -0.380359 -1.737039
v -0.400519 -1.472092 -1.489933
v -0.382253 -1.472092 -1.466127
v -0.399807 -1.472092 -1.536468
v -0.400519 -1.472092 -1.489933
v -0.081766 1.172841 -1.151809
v -0.081766 0.945430 -1.151809
v -0.081766 1.050151 -1.151809
v -0.095428 1.050151 -1.150014
v -0.095428 1.172841 -1.150014
v -0.095428 0.945430 -1.150014
v -0.081766 1.172841 -1.151809
v -0.095428 1.172841 -1.150014
v -0.095428 1.050151 -1.150014
v -0.081766 1.050151 -1.151809
v -0.095428 0.945430 -1.150014
v -0.081766 0.945430 -1.151809
v -0.858438 0.778734 -1.737316
v -0.930126 0.910518 -1.746676
v -0.726562 0.910518 -1.720036
v -0.726563 0.778735 -1.720031
v -0.536872 0.910518 -1.641463
v -0.536873 0.778735 -1.641461
v -0.399807 0.910518 -1.536469
v -0.457217 0.778735 -1.580409
v -0.858438 -0.380359 -1.737039
v -0.930126 -1.472092 -1.746426
v -0.399807 -1.472092 -1.536468
v -0.457215 -0.380358 -1.580411
v -0.536937 -0.380358 -1.641350
v -0.536938 -1.472092 -1.641348
v -0.726596 -1.472092 -1.719908
v -0.726596 -0.380358 -1.719911
v -0.849092 0.762269 -1.718284
v -0.856585 0.762271 -1.700155
v -0.856586 -0.363886 -1.699884
v -0.849093 -0.363889 -1.718013
v -0.733579 -0.363889 -1.703016
v -0.741072 -0.363886 -1.684887
v -0.551413 -0.363886 -1.606324
v -0.543920 -0.363889 -1.624454
v -0.849093 -0.363889 -1.718013
v -0.856586 -0.363886 -1.699884
v -0.457215 -0.380358 -1.580411
v -0.464199 -0.380356 -1.563514
v -0.464201 0.778737 -1.563511
v -0.457217 0.778735 -1.580409
v -0.457217 0.778735 -1.580409
v -0.464201 0.778737 -1.563511
v -0.865422 0.778737 -1.720418
v -0.858438 0.778734 -1.737316
v -0.858438 -0.380359 -1.737039
v -0.865422 -0.380356 -1.720141
v -0.733580 -0.380356 -1.703014
v -0.726596 -0.380358 -1.719911
v -0.849092 0.762269 -1.718284
v -0.865422 0.778737 -1.720418
v -0.733547 0.778737 -1.703134
v -0.733548 0.762269 -1.703132
v -0.543857 0.778737 -1.624563
v -0.543857 0.762269 -1.624562
v -0.464201 0.778737 -1.563511
v -0.477278 0.762269 -1.573520
v -0.849093 -0.363889 -1.718013
v -0.865422 -0.380356 -1.720141
v -0.464199 -0.380356 -1.563514
v -0.477275 -0.363889 -1.573524
v -0.543920 -0.363889 -1.624454
v -0.543921 -0.380356 -1.624453
v -0.733580 -0.380356 -1.703014
v -0.733579 -0.363889 -1.703016
v -0.741072 -0.363886 -1.684887
v -0.741041 0.762271 -1.685002
v -0.551350 0.762271 -1.606433
v -0.551413 -0.363886 -1.606324
v -0.484771 0.762271 -1.555391
v -0.484768 -0.363886 -1.555395
v -0.856586 -0.363886 -1.699884
v -0.856585 0.762271 -1.700155
v -0.543857 0.762269 -1.624562
v -0.551350 0.762271 -1.606433
v -0.741041 0.762271 -1.685002
v -0.733548 0.762269 -1.703132
v -0.484768 -0.363886 -1.555395
v -0.477275 -0.363889 -1.573524
v -0.477275 -0.363889 -1.573524
v -0.484768 -0.363886 -1.555395
v -0.484771 0.762271 -1.555391
v -0.477278 0.762269 -1.573520
v -0.477278 0.762269 -1.573520
v -0.484771 0.762271 -1.555391
v -0.856585 0.762271 -1.700155
v -0.849092 0.762269 -1.718284
v -0.243784 -1.775020 -0.971978
v -0.243812 -1.472092 -0.971979
v -0.263587 -1.780215 -1.138862
v -0.263561 -1.790636 -1.138656
v -0.332379 -1.780316 -1.305143
v -0.332525 -1.790738 -1.305327
v -0.429122 -1.774703 -1.427051
v -0.436415 -1.784710 -1.436243
v -0.429270 0.865737 -1.426897
v -0.436565 0.876159 -1.436088
v -0.436436 -1.472092 -1.436222
v -0.429142 -1.472092 -1.427031
v -0.332712 0.865737 -1.305220
v -0.332712 0.876159 -1.305219
v -0.263769 0.865737 -1.138601
v -0.263770 0.876159 -1.138601
v -0.243998 0.865737 -0.971979
v -0.319548 -1.780315 -1.310473
v -0.319593 -1.472092 -1.310483
v -0.416311 -1.472092 -1.432360
v -0.416291 -1.774702 -1.432381
v -0.250756 -1.780213 -1.144192
v -0.250780 -1.472092 -1.144157
v -0.230954 -1.775020 -0.977308
v -0.230982 -1.472092 -0.977308
v -0.243784 -1.775020 -0.971978
v -0.230954 -1.775020 -0.977308
v -0.250756 -1.780213 -1.144192
v -0.263587 -1.780215 -1.138862
v -0.429122 -1.774703 -1.427051
v -0.416291 -1.774702 -1.432381
v -0.416311 -1.472092 -1.432360
v -0.429142 -1.472092 -1.427031
v -0.243998 0.865737 -0.971979
v -0.231168 0.865738 -0.977309
v -0.230982 -1.472092 -0.977308
v -0.243812 -1.472092 -0.971979
v -0.494829 -0.382596 -1.465082
v -0.491602 -1.472092 -1.447403
v -0.494829 0.777177 -1.465082
v -0.759760 0.777180 -1.596759
v -0.896146 0.777180 -1.616319
v -0.930126 -1.472092 -1.618796
v -0.896145 -0.382600 -1.613512
v -0.760668 -0.382600 -1.593660
v -0.760675 -1.472092 -1.593634
v -0.597555 -1.472092 -1.525438
v -0.597526 -0.382600 -1.525482
v -0.595912 0.777180 -1.528171
v -0.504569 -0.364948 -1.487385
v -0.488931 -0.364979 -1.513190
v -0.574617 -0.364982 -1.563294
v -0.590254 -0.364950 -1.537490
v -0.869206 0.759500 -1.625395
v -0.853569 0.759469 -1.651200
v -0.736878 0.759469 -1.634494
v -0.752515 0.759500 -1.608690
v -0.737761 -0.364982 -1.631485
v -0.753398 -0.364950 -1.605680
v -0.494829 0.777177 -1.465082
v -0.487572 0.777162 -1.477058
v -0.487572 -0.382611 -1.477058
v -0.494829 -0.382596 -1.465082
v -0.595912 0.777180 -1.528171
v -0.588655 0.777165 -1.540147
v -0.487572 0.777162 -1.477058
v -0.494829 0.777177 -1.465082
v -0.759760 0.777180 -1.596759
v -0.752503 0.777165 -1.608735
v -0.896146 0.777180 -1.616319
v -0.888889 0.777165 -1.628295
v -0.504569 -0.364948 -1.487385
v -0.487572 -0.382611 -1.477058
v -0.487572 0.777162 -1.477058
v -0.504593 0.759498 -1.487345
v -0.752515 0.759500 -1.608690
v -0.752503 0.777165 -1.608735
v -0.888889 0.777165 -1.628295
v -0.869206 0.759500 -1.625395
v -0.888888 -0.382615 -1.625488
v -0.869204 -0.364951 -1.622681
v -0.753398 -0.364950 -1.605680
v -0.753411 -0.382615 -1.605636
v -0.590269 -0.382615 -1.537457
v -0.590254 -0.364950 -1.537490
v -0.588671 0.759500 -1.540115
v -0.588655 0.777165 -1.540147
v -0.737761 -0.364982 -1.631485
v -0.736878 0.759469 -1.634494
v -0.853569 0.759469 -1.651200
v -0.853567 -0.364982 -1.648485
v -0.488931 -0.364979 -1.513190
v -0.488956 0.759466 -1.513149
v -0.573033 0.759469 -1.565919
v -0.574617 -0.364982 -1.563294
v -0.853567 -0.364982 -1.648485
v -0.869204 -0.364951 -1.622681
v -0.869204 -0.364951 -1.622681
v -0.853567 -0.364982 -1.648485
v -0.853569 0.759469 -1.651200
v -0.869206 0.759500 -1.625395
v -0.504593 0.759498 -1.487345
v -0.488956 0.759466 -1.513149
v -0.488931 -0.364979 -1.513190
v -0.504569 -0.364948 -1.487385
v -0.588671 0.759500 -1.540115
v -0.573033 0.759469 -1.565919
v -0.488956 0.759466 -1.513149
v -0.504593 0.759498 -1.487345
v -0.416440 0.865738 -1.432227
v -0.429270 0.865737 -1.426897
v -0.760675 -1.472092 -1.593634
v -0.597555 -1.472092 -1.525438
v -0.222505 0.876159 -1.149934
v -0.202132 0.876159 -1.004174
v -0.295690 0.876159 -1.326619
v -0.726596 -1.472092 -1.719908
v -0.930126 -1.472092 -1.746426
v -0.202132 0.876159 -1.004174
v -0.185066 0.880512 -1.000493
v -0.399807 -1.472092 -1.536468
v -0.399807 0.910518 -1.536469
v -0.400519 0.910518 -1.489933
v -0.400519 -1.472092 -1.489933
v -0.391056 0.876159 -1.450682
v -0.399807 -1.472092 -1.536468
v -0.536938 -1.472092 -1.641348
v -0.231168 0.865738 -0.977309
v -0.250938 0.865738 -1.143931
v -0.436415 -1.784710 -1.436243
v -0.391056 -1.770081 -1.450681
v -0.382253 -1.770081 -1.466127
v -0.319881 0.865738 -1.310550
v -0.416440 0.865738 -1.432227
v -0.230954 -1.775020 -0.977308
v -0.243784 -1.775020 -0.971978
v -0.930126 -1.472092 -1.618796
v -0.281189 -1.828205 -1.132993
v -0.281120 -1.796659 -1.132969
v -0.347407 -1.828205 -1.298358
v -0.346894 -1.797159 -1.298184
v -0.281189 -1.828205 -1.132993
v -0.654082 1.202730 -0.351237
v -0.491972 1.828205 -0.351237
v -0.491972 1.828205 -1.569418
v -0.654082 1.202730 -1.569418
v -0.654082 1.202730 -1.569418
v -0.491972 1.828205 -1.569418
v -0.328022 1.828205 -1.569418
v -0.328022 1.202730 -1.569418
v -0.328022 1.239208 -0.387715
v -0.328022 1.239208 -1.532939
v -0.343805 1.239208 -1.532939
v -0.343805 1.239208 -0.387715
v -0.328022 1.202730 -0.351237
v -0.328022 1.828205 -0.351237
v -0.491972 1.828205 -0.351237
v -0.654082 1.202730 -0.351237
v -0.654082 1.202730 -1.569418
v -0.328022 1.202730 -1.569418
v -0.328022 1.202730 -0.351237
v -0.654082 1.202730 -0.351237
v -0.328022 1.828205 -1.569418
v -0.491972 1.828205 -1.569418
v -0.491972 1.828205 -0.351237
v -0.328022 1.828205 -0.351237
v -0.328022 1.791726 -1.532940
v -0.328022 1.239208 -1.532939
v -0.328022 1.202730 -1.569418
v -0.328022 1.828205 -1.569418
v -0.328022 1.239208 -1.532939
v -0.328022 1.239208 -0.387715
v -0.328022 1.202730 -0.351237
v -0.328022 1.202730 -1.569418
v -0.328022 1.791727 -0.387716
v -0.328022 1.791726 -1.532940
v -0.328022 1.828205 -1.569418
v -0.328022 1.828205 -0.351237
v -0.328022 1.239208 -0.387715
v -0.328022 1.791727 -0.387716
v -0.328022 1.828205 -0.351237
v -0.328022 1.202730 -0.351237
v -0.343805 1.239208 -1.532939
v -0.343805 1.791726 -1.532940
v -0.343805 1.791727 -0.387716
v -0.343805 1.239208 -0.387715
v -0.328022 1.791726 -1.532940
v -0.328022 1.791727 -0.387716
v -0.343805 1.791727 -0.387716
v -0.343805 1.791726 -1.532940
v -0.328022 1.239208 -1.532939
v -0.328022 1.791726 -1.532940
v -0.343805 1.791726 -1.532940
v -0.343805 1.239208 -1.532939
v -0.328022 1.791727 -0.387716
v -0.328022 1.239208 -0.387715
v -0.343805 1.239208 -0.387715
v -0.343805 1.791727 -0.387716
v 0.605191 -0.767806 1.590863
v 0.648801 -0.767806 1.516390
v 0.667209 -0.767806 1.527169
v 0.673319 -0.767806 1.532625
v 0.676153 -0.767806 1.539415
v 0.674954 -0.767806 1.545721
v 0.643568 -0.767806 1.599319
v 0.638655 -0.767806 1.603451
v 0.631346 -0.767806 1.604301
v 0.623599 -0.767806 1.601642
v 0.614525 -0.767137 1.659107
v 0.628610 -0.767137 1.664613
v 0.643438 -0.767137 1.665482
v 0.657809 -0.767137 1.661726
v 0.670316 -0.767137 1.653713
v 0.679905 -0.767137 1.642019
v 0.729973 -0.767137 1.556518
v 0.735479 -0.767137 1.542434
v 0.736348 -0.767137 1.527605
v 0.732592 -0.767137 1.513234
v 0.724579 -0.767137 1.500727
v 0.712885 -0.767137 1.491138
v 0.672704 -0.767137 1.467608
v 0.658619 -0.767137 1.462102
v 0.643791 -0.767137 1.461233
v 0.629420 -0.767137 1.464990
v 0.616913 -0.767137 1.473003
v 0.607324 -0.767137 1.484697
v 0.557256 -0.767137 1.570197
v 0.551750 -0.767137 1.584282
v 0.550881 -0.767137 1.599110
v 0.554637 -0.767137 1.613482
v 0.562650 -0.767137 1.625989
v 0.574344 -0.767137 1.635578
v 0.297414 -0.773050 1.298039
v 0.300871 -0.772900 1.309561
v 0.309472 -0.772489 1.317775
v 0.320910 -0.771928 1.320480
v 0.305252 -0.771928 0.890004
v 0.294041 -0.772489 0.893533
v 0.286060 -0.772900 0.902350
v 0.283449 -0.773050 0.914093
v 0.461979 -0.781867 1.298775
v 0.459410 -0.781867 1.310187
v 0.451569 -0.781867 1.318759
v 0.440556 -0.781867 1.322193
v 0.315935 -0.781867 1.326725
v 0.304631 -0.781867 1.324043
v 0.296131 -0.781867 1.315901
v 0.292713 -0.781867 1.304481
v 0.278293 -0.781867 0.908010
v 0.280872 -0.781867 0.896371
v 0.288758 -0.781867 0.887633
v 0.299837 -0.781867 0.884137
v 0.424458 -0.781867 0.879604
v 0.435691 -0.781867 0.882229
v 0.444135 -0.781867 0.890208
v 0.447526 -0.781867 0.901404
v 0.419146 -0.766285 0.885862
v 0.434804 -0.766285 1.316338
v 0.445865 -0.765732 1.312874
v 0.453741 -0.765327 1.304227
v 0.456320 -0.765178 1.292711
v 0.442322 -0.765178 0.907863
v 0.438913 -0.765327 0.896565
v 0.430430 -0.765732 0.888512
v -0.056557 1.207754 -0.960327
v -0.930126 1.207754 -0.960327
v -0.930126 1.207754 -0.086759
v -0.704030 1.207754 -0.116525
v -0.493342 1.207754 -0.203795
v -0.312420 1.207754 -0.342622
v -0.173593 1.207754 -0.523543
v -0.086324 1.207754 -0.734231
v -0.086324 1.207753 -1.186423
v -0.173593 1.207753 -1.397111
v -0.312420 1.207753 -1.578033
v -0.493342 1.207753 -1.716860
v -0.704030 1.207753 -1.804129
v -0.930126 1.207753 -1.833895
vn 0.9249 -0.1252 0.3591
vn 0.9010 -0.1832 0.3933
vn 0.8960 -0.2090 0.3919
vn 0.8597 -0.2767 0.4295
vn 0.7969 -0.3959 0.4563
vn 0.8660 0.0539 0.4972
vn 0.8875 -0.0009 0.4609
vn 0.9032 -0.0275 0.4284
vn 0.9095 -0.0574 0.4117
vn 0.9267 -0.1019 0.3616
vn 0.7878 -0.3959 0.4718
vn 0.7952 -0.2766 0.5396
vn 0.7802 -0.2090 0.5896
vn 0.7838 -0.1832 0.5933
vn 0.7657 -0.1253 0.6308
vn 0.7688 -0.1019 0.6313
vn 0.8041 -0.0574 0.5917
vn 0.8155 -0.0275 0.5781
vn 0.8362 -0.0009 0.5485
vn 0.8573 0.0539 0.5120
vn 0.7428 -0.5513 0.3800
vn 0.8186 -0.5080 0.2681
vn 0.8860 -0.3091 0.3457
vn 0.9220 -0.3538 0.1572
vn 0.9722 -0.1745 0.1561
vn 0.6118 -0.1744 0.7715
vn 0.5883 -0.3537 0.7272
vn 0.7350 -0.3091 0.6035
vn 0.6344 -0.5080 0.5827
vn 0.6948 -0.5513 0.4618
vn 0.7934 -0.0000 0.6088
vn -0.1992 0.9450 -0.2596
vn -0.1891 0.9461 -0.2631
vn -0.1363 0.9500 -0.2811
vn -0.0000 -1.0000 -0.0000
vn -1.0000 -0.0000 -0.0000
vn 0.7934 -0.0000 -0.6088
vn -0.1991 0.9450 0.2596
vn -0.1363 0.9500 0.2811
vn -0.1891 0.9461 0.2631
vn -0.0000 1.0000 -0.0000
vn -0.0000 -0.0000 1.0000
vn 1.0000 -0.0000 -0.0000
vn 0.9988 -0.0000 -0.0491
vn 0.5736 -0.8191 -0.0000
vn 0.5734 -0.8188 -0.0289
vn 0.5734 -0.8188 -0.0275
vn -0.0000 -0.0000 -1.0000
vn -0.9988 -0.0000 0.0491
vn -1.0000 -0.0000 0.0013
vn -0.9988 -0.0000 0.0497
vn -1.0000 -0.0000 0.0001
vn -0.9808 -0.0000 0.1951
vn 0.9808 -0.0000 -0.1951
vn 0.5626 -0.8191 -0.1119
vn -0.9239 -0.0000 0.3827
vn 0.5300 -0.8191 -0.2195
vn 0.9239 -0.0000 -0.3827
vn -0.8315 -0.0000 0.5556
vn 0.8315 -0.0000 -0.5556
vn 0.4769 -0.8191 -0.3187
vn 0.7071 -0.0000 -0.7071
vn -0.7071 -0.0000 0.7071
vn 0.4056 -0.8191 -0.4056
vn 0.0491 -0.0000 -0.9988
vn -0.0000 -0.8191 -0.5736
vn 0.0275 -0.8188 -0.5734
vn 0.0289 -0.8188 -0.5734
vn -0.0491 -0.0000 0.9988
vn -0.0013 -0.0000 1.0000
vn -0.0497 -0.0000 0.9988
vn -0.0001 -0.0000 1.0000
vn -0.1951 -0.0000 0.9808
vn 0.1951 -0.0000 -0.9808
vn 0.1119 -0.8191 -0.5626
vn -0.3827 -0.0000 0.9239
vn 0.2195 -0.8191 -0.5300
vn 0.3827 -0.0000 -0.9239
vn -0.5556 -0.0000 0.8315
vn 0.5556 -0.0000 -0.8315
vn 0.3187 -0.8191 -0.4769
vn 0.9835 -0.0876 -0.1581
vn 0.9835 -0.0875 -0.1582
vn 0.7396 -0.3731 0.5602
vn 0.7416 -0.0513 0.6689
vn 0.7502 -0.0697 0.6575
vn 0.3433 -0.0875 0.9351
vn -0.8574 0.1132 -0.5021
vn -0.8574 0.1131 -0.5021
vn 0.4993 -0.8156 0.2924
vn 0.6448 0.6646 0.3776
vn 0.8504 -0.3731 0.3709
vn 0.9180 -0.0255 0.3957
vn 0.9157 0.0004 0.4018
vn 0.9462 -0.0513 0.3194
vn 0.9405 -0.0697 0.3326
vn 0.5053 -0.0000 -0.8629
vn 0.5025 0.1030 -0.8584
vn 0.5986 0.1098 -0.7935
vn 0.5869 0.0004 -0.8096
vn -0.8623 0.0391 -0.5049
vn 0.0806 0.9867 -0.1408
vn -0.0833 0.9868 0.1391
vn 0.0375 0.9749 0.2193
vn 0.2101 0.9748 -0.0744
vn 0.3823 0.8379 0.3894
vn 0.5266 0.8381 0.1426
vn -0.5027 0.1028 0.8584
vn -0.5053 -0.0000 0.8629
vn -0.4189 0.0004 0.9080
vn -0.3991 0.1093 0.9104
vn 0.9181 -0.3944 -0.0395
vn 0.9252 -0.3787 0.0227
vn 0.9781 -0.1922 -0.0796
vn 0.9752 -0.1667 -0.1455
vn 0.8773 0.4405 0.1904
vn 0.9048 0.3801 0.1919
vn 0.7674 0.5551 0.3209
vn 0.7152 0.6191 0.3244
vn 0.9384 0.0033 0.3454
vn 0.7604 0.0033 0.6494
vn 0.7644 0.0361 0.6438
vn 0.9355 0.0361 0.3516
vn 0.7187 0.4838 0.4994
vn 0.7873 0.4838 0.3823
vn -0.4149 0.0037 0.9098
vn 0.5293 -0.7279 0.4358
vn 0.4899 -0.7887 0.3715
vn 0.4695 -0.6454 0.6025
vn 0.5175 -0.5716 0.6368
vn 0.5905 0.0037 -0.8071
vn -0.1135 0.0014 0.9935
vn -0.0567 0.0929 0.9941
vn 0.8491 0.1229 0.5138
vn 0.8636 0.1228 0.4890
vn 0.8391 0.0930 -0.5359
vn 0.8109 0.0014 -0.5851
vn 0.9965 0.0354 -0.0758
vn 0.9934 0.0012 -0.1147
vn 0.9394 -0.0174 0.3423
vn 0.4214 0.0354 0.9062
vn 0.3861 0.0012 0.9225
vn 0.7582 -0.0174 0.6518
vn 0.9946 0.0296 -0.0996
vn 0.8173 0.0152 -0.5761
vn 0.3998 0.0296 0.9161
vn -0.1025 0.0152 0.9946
vn 0.9976 0.0045 -0.0695
vn 0.9924 -0.0089 -0.1230
vn 0.5635 -0.7888 0.2454
vn 0.6391 -0.7279 0.2483
vn 0.8087 -0.5714 0.1396
vn 0.7550 -0.6456 0.1146
vn 0.4725 -0.3790 0.7957
vn 0.4147 -0.3944 0.8200
vn 0.3503 -0.1667 0.9217
vn 0.4091 -0.1921 0.8920
vn 0.4275 0.0045 0.9040
vn 0.3786 -0.0092 0.9255
vn 0.4943 0.1952 0.8471
vn 0.5263 0.1831 0.8304
vn 0.7985 0.0004 0.6020
vn 0.7943 -0.0255 0.6070
vn 0.8306 0.0634 0.5532
vn 0.8251 0.0408 0.5635
vn 0.5953 0.4408 0.6718
vn 0.6100 0.3802 0.6953
vn 0.6552 0.5551 0.5124
vn 0.6331 0.6190 0.4648
vn 0.8503 0.1326 0.5093
vn 0.8602 0.1326 0.4924
vn 0.8687 0.1048 0.4841
vn 0.8473 0.1048 0.5207
vn 0.9806 0.1953 0.0164
vn 0.9817 0.1831 0.0523
vn 0.8932 0.0911 0.4403
vn 0.9011 0.3729 0.2213
vn 0.9220 0.0375 0.3853
vn 0.9809 0.1900 0.0425
vn 0.7236 0.6768 -0.1359
vn 0.8430 0.3599 -0.3997
vn 0.4263 0.8041 -0.4144
vn 0.5763 0.4272 -0.6967
vn 0.0637 0.3600 0.9308
vn -0.3259 0.4270 0.8435
vn 0.2358 0.6767 0.6974
vn -0.1530 0.8041 0.5745
vn 0.5171 0.1904 0.8345
vn 0.6341 0.3727 0.6775
vn 0.7872 0.0375 0.6156
vn 0.8211 0.0911 0.5635
vn 0.2893 0.8164 -0.4997
vn 0.4565 0.4234 -0.7825
vn -0.4591 0.4234 0.7810
vn -0.2944 0.8164 0.4967
vn 0.8952 0.0408 0.4438
vn 0.8889 0.0635 0.4537
vn -0.9896 0.0908 0.1119
vn -0.9896 0.0908 0.1118
vn 0.8574 -0.1131 0.5021
vn 0.0977 0.9936 0.0572
vn -0.0976 -0.9936 -0.0572
vn 0.8574 -0.1132 0.5021
vn -0.5327 0.7867 -0.3119
vn -0.3867 0.0908 -0.9177
vn -0.3866 0.0908 -0.9177
vn -0.6717 -0.6278 -0.3933
vn -0.6717 -0.6277 -0.3934
vn 0.7596 -0.6370 0.1312
vn 0.6212 -0.7279 0.2903
vn 0.9163 -0.3998 -0.0226
vn 0.9826 -0.1697 -0.0749
vn 0.4287 -0.3998 0.8102
vn 0.4155 -0.1698 0.8936
vn 0.4862 -0.6370 0.5981
vn 0.5571 -0.7279 0.3998
vn 0.7156 0.0304 0.6978
vn 0.6653 -0.0753 0.7428
vn 0.5440 0.1608 0.8236
vn 0.4537 -0.0285 0.8907
vn 0.7754 0.1699 0.6082
vn 0.6406 0.3892 0.6619
vn 0.8133 0.2725 0.5141
vn 0.6872 0.5438 0.4817
vn 0.9733 -0.0753 0.2168
vn 0.9587 0.0302 0.2827
vn 0.9988 -0.0286 -0.0402
vn 0.9843 0.1612 0.0714
vn 0.9097 0.1703 0.3788
vn 0.8905 0.3895 0.2349
vn 0.8463 0.2727 0.4577
vn 0.7565 0.5436 0.3636
vn -0.0984 -0.0000 -0.9951
vn 0.2139 -0.0000 -0.9769
vn -0.9769 -0.0000 -0.2139
vn -0.9951 -0.0000 0.0984
vn -0.8206 -0.0000 -0.5715
vn -0.6646 -0.0000 -0.7472
vn -0.6645 -0.0000 -0.7472
vn 0.7472 -0.0000 -0.6645
vn 0.7473 -0.0000 -0.6645
vn 0.5715 -0.0000 -0.8206
vn -0.8999 -0.0000 -0.4361
vn 0.8999 -0.0000 0.4361
vn 0.9769 -0.0000 0.2139
vn -0.4011 -0.0000 -0.9160
vn 0.4361 -0.0000 -0.8999
vn 0.8206 -0.0000 0.5715
vn 0.9951 -0.0000 -0.0984
vn 0.9160 -0.0000 -0.4011
vn 0.6645 -0.0000 0.7472
vn 0.6645 -0.0000 0.7473
vn 0.0984 -0.0000 0.9951
vn 0.4011 -0.0000 0.9160
vn -0.2139 -0.0000 0.9769
vn -0.2139 -0.0000 0.9768
vn -0.7472 -0.0000 0.6645
vn -0.7473 -0.0000 0.6645
vn -0.5715 -0.0000 0.8206
vn -0.9160 -0.0000 0.4011
vn -0.4361 -0.0000 0.8999
vn -0.5794 0.7082 -0.4035
vn -0.4670 0.7115 -0.5251
vn -0.2819 0.7115 -0.6437
vn -0.0692 0.7114 -0.6993
vn 0.1503 0.7115 -0.6865
vn 0.3079 0.7082 -0.6354
vn 0.6865 0.7115 0.1503
vn 0.6354 0.7082 0.3079
vn 0.6993 0.7115 -0.0691
vn 0.6437 0.7115 -0.2819
vn 0.5251 0.7115 -0.4670
vn 0.4035 0.7082 -0.5794
vn -0.1503 0.7115 0.6864
vn -0.3079 0.7082 0.6354
vn 0.0692 0.7115 0.6993
vn 0.0691 0.7115 0.6993
vn 0.2819 0.7115 0.6437
vn 0.4670 0.7115 0.5251
vn 0.5794 0.7082 0.4035
vn -0.6864 0.7115 -0.1503
vn -0.6354 0.7082 -0.3079
vn -0.6353 0.7082 -0.3079
vn -0.6993 0.7115 0.0692
vn -0.6993 0.7115 0.0691
vn -0.6437 0.7115 0.2819
vn -0.5251 0.7114 0.4670
vn -0.4035 0.7082 0.5794
vn -0.0135 0.7660 0.6427
vn -0.0135 0.7659 0.6428
vn -0.0601 0.7660 -0.6401
vn -0.0601 0.7659 -0.6401
vn 0.0335 0.1530 0.9877
vn -0.0383 0.1529 -0.9875
vn -0.9932 0.1106 0.0361
vn -0.6815 0.7314 0.0248
vn 0.6566 0.7539 -0.0239
vn 0.9956 0.0863 -0.0362
vn 0.0941 0.8171 -0.5687
vn 0.0946 0.8169 -0.5690
vn 0.0945 0.8169 -0.5690
vn 0.3314 0.8583 -0.3918
vn 0.3316 0.8582 -0.3918
vn 0.3319 0.8581 -0.3919
vn 0.3317 0.8582 -0.3918
vn 0.5438 0.8208 -0.1749
vn 0.5440 0.8207 -0.1748
vn 0.1356 0.8170 0.5605
vn 0.1356 0.8169 0.5605
vn 0.1356 0.8169 0.5606
vn 0.3592 0.8583 0.3664
vn 0.3593 0.8582 0.3666
vn 0.3593 0.8581 0.3669
vn 0.3593 0.8581 0.3668
vn 0.5552 0.8207 0.1347
vn 0.5553 0.8207 0.1347
vn -0.5780 0.7996 0.1632
vn -0.5781 0.7995 0.1632
vn -0.3856 0.8484 0.3626
vn -0.3859 0.8483 0.3627
vn -0.3862 0.8481 0.3627
vn -0.3859 0.8482 0.3627
vn -0.1662 0.8281 0.5353
vn -0.1662 0.8281 0.5354
vn -0.1661 0.8281 0.5353
vn -0.2046 0.8281 -0.5219
vn -0.2046 0.8281 -0.5218
vn -0.4112 0.8483 -0.3337
vn -0.4112 0.8483 -0.3336
vn -0.4112 0.8482 -0.3338
vn -0.5881 0.7997 -0.1207
vn -0.5880 0.7998 -0.1205
vn -0.9623 0.1694 -0.2128
vn -0.9623 0.1693 -0.2129
vn -0.9623 0.1692 -0.2130
vn -0.7225 0.2383 -0.6490
vn -0.2962 0.2325 -0.9264
vn -0.2962 0.2326 -0.9264
vn 0.9506 0.1160 -0.2880
vn 0.9505 0.1161 -0.2881
vn 0.6784 0.1505 -0.7191
vn 0.6785 0.1505 -0.7191
vn 0.6785 0.1505 -0.7190
vn 0.2234 0.1461 -0.9637
vn 0.2235 0.1461 -0.9637
vn 0.2235 0.1460 -0.9637
vn 0.2929 0.1460 0.9449
vn 0.2930 0.1461 0.9449
vn 0.7289 0.1505 0.6679
vn 0.7289 0.1505 0.6678
vn 0.7290 0.1506 0.6678
vn 0.9690 0.1161 0.2181
vn 0.9690 0.1160 0.2183
vn -0.9442 0.1694 0.2823
vn -0.9443 0.1692 0.2822
vn -0.9444 0.1688 0.2821
vn -0.9443 0.1693 0.2822
vn -0.6734 0.2384 0.6998
vn -0.6734 0.2383 0.6998
vn -0.2281 0.2326 0.9454
vn -0.0494 0.9988 0.0018
vn -0.9327 0.1744 0.3158
vn -0.8558 0.4318 0.2849
vn -0.9062 0.4216 0.0330
vn -0.9850 0.1685 0.0358
vn -0.6717 0.7093 0.2137
vn -0.7035 0.7103 0.0256
vn -0.8741 0.4319 -0.2221
vn -0.9532 0.1741 -0.2470
vn -0.6854 0.7093 -0.1643
vn -0.7525 0.0284 0.6580
vn -0.7402 0.1855 0.6463
vn -0.9468 0.0315 0.3202
vn -0.6742 0.4622 0.5760
vn -0.5285 0.7323 0.4296
vn -0.3693 0.8867 0.2782
vn -0.4088 0.9007 0.1473
vn -0.4225 0.9062 0.0154
vn -0.4184 0.9007 -0.1172
vn -0.3885 0.8867 -0.2507
vn -0.5582 0.7323 -0.3901
vn -0.7143 0.4622 -0.5255
vn -0.7852 0.1856 -0.5908
vn -0.9676 0.0315 -0.2505
vn -0.7983 0.0283 -0.6016
vn -0.9988 0.0318 0.0363
vn -0.0769 0.8042 -0.5894
vn -0.0426 0.9497 -0.3103
vn 0.1641 0.9407 -0.2969
vn 0.1770 0.8064 -0.5642
vn -0.1364 0.0189 -0.9905
vn -0.1331 0.1910 -0.9725
vn 0.1886 0.1991 -0.9617
vn 0.1847 0.0205 -0.9826
vn 0.1895 0.5165 -0.8351
vn 0.4744 0.5055 -0.7207
vn 0.5092 0.2023 -0.8365
vn 0.3905 0.7747 -0.4973
vn -0.1153 0.5045 -0.8557
vn 0.1846 -0.0284 -0.9824
vn -0.1372 -0.0274 -0.9902
vn 0.3135 0.9086 -0.2759
vn 0.4383 0.8674 -0.2357
vn 0.5821 0.7252 -0.3677
vn 0.7223 0.4727 -0.5048
vn 0.7905 0.1946 -0.5807
vn 0.5124 0.0247 -0.8584
vn 0.8030 0.0288 -0.5953
vn 0.1676 0.9858 -0.0059
vn -0.0220 0.9998 0.0009
vn -0.0181 0.9920 0.1249
vn 0.1713 0.9791 0.1101
vn 0.9421 0.1823 -0.2813
vn 0.8645 0.4379 -0.2469
vn 0.9032 0.4279 -0.0329
vn 0.9833 0.1785 -0.0358
vn 0.6949 0.6961 -0.1803
vn 0.7179 0.6957 -0.0261
vn 0.8801 0.4379 0.1834
vn 0.9601 0.1822 0.2121
vn 0.7062 0.6961 0.1293
vn 0.9570 0.0312 -0.2883
vn 0.4668 0.8755 -0.1246
vn 0.4760 0.8793 -0.0173
vn 0.4747 0.8755 0.0903
vn 0.4543 0.8673 0.2033
vn 0.6072 0.7253 0.3245
vn 0.7571 0.4727 0.4509
vn 0.8307 0.1946 0.5216
vn 0.9755 0.0312 0.2179
vn 0.8441 0.0288 0.5354
vn 0.9988 0.0319 -0.0364
vn 0.2176 0.8064 0.5499
vn -0.0338 0.8042 0.5934
vn -0.0529 0.5045 0.8618
vn 0.2497 0.5165 0.8191
vn 0.1852 0.9407 0.2842
vn -0.0199 0.9497 0.3125
vn -0.0621 0.1910 0.9796
vn -0.3695 0.4857 0.7922
vn -0.4043 0.1895 0.8948
vn -0.2870 0.7719 0.5673
vn 0.2580 0.1990 0.9454
vn -0.0641 0.0190 0.9978
vn 0.2553 0.0206 0.9666
vn -0.2108 0.9257 0.3142
vn -0.3692 0.8867 0.2782
vn -0.5284 0.7323 0.4296
vn -0.6741 0.4622 0.5761
vn -0.7401 0.1855 0.6464
vn -0.4092 0.0229 0.9121
vn -0.7524 0.0283 0.6581
vn -0.0272 0.9920 -0.1233
vn 0.1629 0.9790 -0.1223
vn -0.2007 0.9732 -0.1121
vn -0.2007 0.9796 0.0073
vn -0.0426 0.9497 -0.3102
vn -0.1921 0.9732 0.1263
vn -0.2330 0.9257 -0.2980
vn -0.3884 0.8867 -0.2506
vn -0.2108 0.9257 0.3141
vn 0.2924 0.9497 -0.1122
vn 0.3007 0.9536 -0.0109
vn 0.2998 0.9497 0.0907
vn 0.3327 0.9086 0.2524
vn 0.5686 0.2022 0.7974
vn 0.5255 0.5055 0.6844
vn 0.4256 0.7747 0.4676
vn 0.5734 0.0246 0.8189
vn -0.4683 0.1893 -0.8630
vn -0.4261 0.4858 -0.7632
vn -0.3275 0.7719 -0.5449
vn -0.4744 0.0229 -0.8800
vn -0.8002 -0.0167 -0.5995
vn -0.4757 -0.0231 -0.8793
vn -0.0649 -0.0274 0.9975
vn 0.2556 -0.0283 0.9664
vn 0.8457 -0.0183 0.5334
vn 0.5745 -0.0240 0.8182
vn -0.4106 -0.0232 0.9115
vn -0.7545 -0.0165 0.6560
vn 0.8047 -0.0185 -0.5934
vn 0.9578 -0.0134 -0.2872
vn 0.9993 -0.0118 -0.0364
vn 0.9761 -0.0135 0.2169
vn 0.5135 -0.0243 -0.8577
vn -0.7546 -0.0165 0.6560
vn -0.9477 -0.0103 0.3189
vn -0.9993 -0.0086 0.0363
vn -0.9684 -0.0105 -0.2491
vn 0.7551 0.6551 -0.0275
vn -0.0043 0.6125 0.7905
vn -0.8211 0.5700 0.0299
vn -0.8211 0.5699 0.0299
vn -0.0617 0.6125 -0.7881
vn -0.0618 0.6125 -0.7880
vn 0.0539 -0.9985 -0.0020
vn -0.0539 0.9985 0.0020
vn -0.0043 0.6125 0.7904
vn 0.7550 0.6551 -0.0275
vn -0.0043 0.6126 0.7904
vn -0.0617 0.6125 -0.7880
vn 0.7551 0.6550 -0.0275
vn -0.0618 0.6126 -0.7880
vn -0.8212 0.5699 0.0299
vn -0.0618 0.6125 -0.7881
vn -0.0044 0.6125 0.7905
vn 0.7551 0.6551 -0.0274
vn -0.8212 0.5699 0.0298
vn -0.0617 0.6126 -0.7880
vn 0.7551 0.6550 -0.0274
vn 0.8688 -0.0000 -0.4952
vn 0.2473 -0.9666 0.0674
vn 0.2222 -0.9665 0.1284
vn 0.2217 -0.9667 0.1280
vn 0.2472 -0.9666 0.0675
vn 0.2108 -0.0000 0.9775
vn 0.9659 -0.0000 0.2588
vn 0.8660 -0.0000 0.5000
vn 0.7071 -0.0000 0.7071
vn 0.5000 -0.0000 0.8660
vn 0.2588 -0.0000 0.9659
vn 0.1305 -0.0000 0.9914
vn 0.2581 -0.0001 0.9661
vn 0.2581 -0.0000 0.9661
vn 0.1290 -0.0001 0.9916
vn 0.1290 -0.0002 0.9916
vn 0.4993 -0.0001 0.8664
vn 0.4993 -0.0000 0.8664
vn 0.6075 -0.0000 0.7943
vn 0.9999 -0.0000 -0.0153
vn 0.9931 0.0134 0.1169
vn 0.9953 -0.0000 0.0971
vn 0.9999 0.0104 -0.0000
vn 0.9934 -0.0060 0.1143
vn 0.9654 -0.0066 0.2607
vn 1.0000 -0.0080 -0.0000
vn 0.9653 0.0127 0.2607
vn 0.8658 -0.0000 0.5004
vn 0.7928 -0.0000 0.6094
vn 0.9649 -0.0000 0.2627
vn 0.9904 -0.0000 0.1384
vn 0.2549 -0.9663 0.0357
vn 0.2550 -0.9663 0.0357
vn 0.2043 -0.9662 0.1569
vn 0.2044 -0.9662 0.1570
vn -0.2350 -0.0001 -0.9720
vn -0.2350 0.0008 -0.9720
vn -0.2147 0.0008 -0.9767
vn -0.4038 0.0028 -0.9148
vn -0.2663 0.0002 -0.9639
vn -0.1452 0.0004 -0.9894
vn -0.1423 -0.0000 -0.9898
vn -0.2662 -0.0000 -0.9639
vn -0.8716 -0.0000 -0.4902
vn -0.6470 -0.0014 -0.7625
vn -0.6832 -0.0000 -0.7303
vn -0.9693 -0.0000 -0.2457
vn -0.2996 0.9521 -0.0607
vn -0.2797 0.9417 -0.1870
vn -0.2822 0.9418 -0.1829
vn -0.3007 0.9515 -0.0652
vn -0.4628 -0.0013 -0.8865
vn -0.4639 -0.0000 -0.8859
vn 0.0076 0.9998 -0.0185
vn 0.0143 0.9993 -0.0347
vn 0.0063 0.9999 -0.0154
vn 0.0001 -1.0000 -0.0000
vn -0.0008 -1.0000 -0.0012
vn -0.0007 -1.0000 -0.0001
vn -0.0000 -1.0000 -0.0001
vn -0.0003 -1.0000 -0.0011
vn -0.0002 -1.0000 -0.0011
vn -0.5231 0.0037 -0.8523
vn -0.4710 0.0030 -0.8821
vn -0.6217 0.0038 -0.7833
vn -0.6243 0.0039 -0.7812
vn 0.8552 0.0013 -0.5183
vn -0.5004 0.0026 -0.8658
vn -0.4984 0.0021 -0.8669
vn -0.0003 -1.0000 -0.0024
vn -0.0007 -1.0000 -0.0029
vn -0.0019 -1.0000 -0.0024
vn -0.0012 -1.0000 -0.0006
vn -0.2673 0.0013 -0.9636
vn -0.2675 0.0009 -0.9636
vn -0.1447 0.0011 -0.9895
vn -0.1452 0.0009 -0.9894
vn 0.0002 1.0000 0.0011
vn 0.0005 1.0000 0.0009
vn 0.0001 1.0000 0.0001
vn 0.9242 0.0001 -0.3820
vn -0.2833 0.9590 -0.0000
vn 0.9915 -0.0005 0.1304
vn 1.0000 -0.0005 -0.0000
vn 1.0000 -0.0004 -0.0000
vn 0.9915 -0.0001 0.1304
vn 0.9914 -0.0000 0.1305
vn 1.0000 0.0004 -0.0000
vn 1.0000 0.0005 -0.0000
vn 0.9913 -0.0000 0.1315
vn 0.1303 -0.0000 -0.9915
vn 0.1301 -0.0001 0.9915
vn 0.2585 -0.0000 0.9660
vn 0.1296 -0.0000 0.9916
vn 0.4997 -0.0001 0.8662
vn 0.4996 -0.0000 0.8662
vn 0.6080 -0.0001 0.7939
vn 0.6082 -0.0002 0.7938
vn 0.1305 -0.0000 0.9915
vn 0.1293 -0.0000 0.9916
vn 0.6079 -0.0000 0.7940
vn 0.6077 -0.0000 0.7942
vn 0.6078 -0.0000 0.7941
vn 0.4992 -0.0000 0.8665
vn 0.2580 -0.0000 0.9661
vn 0.2582 -0.0000 0.9661
vn -0.0000 1.0000 0.0001
vn -0.9242 -0.0000 0.3820
vn -0.0001 -1.0000 -0.0001
vn 0.1297 -0.0000 0.9916
vn 0.2586 -0.0001 0.9660
vn 0.1297 -0.0001 0.9916
vn 0.4998 -0.0006 0.8661
vn 0.4998 -0.0001 0.8662
vn 0.6081 -0.0003 0.7938
vn 0.6082 -0.0003 0.7938
vn 0.1293 -0.0002 0.9916
vn 0.1294 -0.0002 0.9916
vn 0.1292 -0.0001 0.9916
vn 0.6081 -0.0002 0.7939
vn 0.6076 -0.0003 0.7943
vn 0.4991 -0.0001 0.8665
vn 0.2580 -0.0001 0.9661
vn 0.4992 -0.0001 0.8665
vn 0.1290 0.0001 0.9916
vn 0.2580 -0.0001 0.9662
vn 0.4995 -0.0001 0.8663
vn 0.4998 -0.0001 0.8661
vn 0.2585 -0.0002 0.9660
vn 0.6078 -0.0001 0.7941
vn 0.1295 -0.0002 0.9916
vn -0.9930 -0.0001 -0.1178
vn -1.0000 -0.0001 -0.0000
vn -0.9675 0.0026 -0.2527
vn -0.9677 0.0026 -0.2521
vn -0.8622 0.0028 -0.5065
vn -0.8618 0.0031 -0.5072
vn -0.7833 -0.0001 -0.6216
vn -0.8620 -0.0001 -0.5069
vn -0.9676 -0.0001 -0.2525
vn -0.8628 -0.0001 -0.5055
vn -0.9673 -0.0001 -0.2538
vn -0.9676 -0.0001 -0.2524
vn -0.0124 0.9995 0.0296
vn -0.0068 0.9998 0.0162
vn -0.0058 0.9999 0.0137
vn 0.3836 -0.0000 -0.9235
vn -0.3836 -0.0000 0.9235
vn -0.6516 0.0051 -0.7585
vn -0.6350 0.0001 -0.7725
vn -0.4039 0.0028 -0.9148
vn -0.2661 0.0008 -0.9639
vn -0.1589 0.0011 -0.9873
vn -0.1620 0.0009 -0.9868
vn -0.1463 0.0002 -0.9892
vn -0.2680 -0.0001 -0.9634
vn -0.4714 0.0030 -0.8819
vn -0.4839 0.0024 -0.8751
vn -0.2683 -0.0001 -0.9633
vn -0.4619 -0.0030 -0.8869
vn 0.0004 1.0000 0.0010
vn 0.0001 1.0000 0.0012
vn -0.8552 -0.0000 0.5182
vn -0.8552 -0.0000 0.5183
vn -0.0006 -1.0000 -0.0009
vn -0.0004 -1.0000 -0.0010
vn -0.0002 -1.0000 -0.0012
vn -0.5120 0.0050 -0.8590
vn -0.5245 0.0050 -0.8514
vn -0.5239 0.0045 -0.8518
vn -0.5126 0.0045 -0.8586
vn -0.2662 0.0027 -0.9639
vn -0.1426 0.0029 -0.9898
vn -0.1428 0.0032 -0.9898
vn -0.2662 0.0026 -0.9639
vn -0.1443 0.0030 -0.9895
vn -0.1443 0.0028 -0.9895
vn -0.2675 0.0026 -0.9636
vn -0.4468 0.0060 -0.8946
vn -0.2675 0.0027 -0.9636
vn -0.4598 0.0060 -0.8880
vn -0.2669 0.0027 -0.9637
vn -0.1435 0.0026 -0.9896
vn -0.1434 0.0026 -0.9897
vn -0.2668 0.0027 -0.9637
vn -0.5183 0.0013 -0.8552
vn -0.4533 0.0020 -0.8914
vn -0.4533 0.0020 -0.8913
vn -0.2684 -0.0000 -0.9633
vn -0.1944 0.0007 -0.9809
vn -0.1462 0.0004 -0.9893
vn -0.9703 0.0042 -0.2417
vn -0.9708 0.0042 -0.2399
vn -1.0000 0.0010 -0.0000
vn -0.8646 0.0059 -0.5025
vn -0.8643 0.0059 -0.5029
vn 0.8688 -0.0000 0.4952
vn 0.2473 -0.9666 -0.0674
vn 0.2470 -0.9667 -0.0674
vn 0.2217 -0.9667 -0.1280
vn 0.2219 -0.9666 -0.1281
vn 0.2108 -0.0000 -0.9775
vn 0.2109 -0.0000 -0.9775
vn 0.9659 -0.0000 -0.2588
vn 0.8660 -0.0000 -0.5000
vn 0.5000 -0.0000 -0.8660
vn 0.2588 -0.0000 -0.9659
vn 0.1305 -0.0000 -0.9914
vn 0.2581 -0.0001 -0.9661
vn 0.1290 -0.0002 -0.9916
vn 0.1290 -0.0001 -0.9916
vn 0.2581 -0.0000 -0.9661
vn 0.4993 -0.0001 -0.8664
vn 0.4993 -0.0000 -0.8664
vn 0.6075 -0.0000 -0.7943
vn 0.9999 -0.0000 0.0153
vn 0.9931 0.0134 -0.1169
vn 0.9953 -0.0000 -0.0971
vn 0.9934 -0.0060 -0.1143
vn 0.9654 -0.0066 -0.2607
vn 0.9653 0.0127 -0.2607
vn 0.8658 -0.0000 -0.5004
vn 0.7928 -0.0000 -0.6094
vn 0.9649 -0.0000 -0.2627
vn 0.9904 -0.0000 -0.1384
vn 0.2550 -0.9663 -0.0357
vn 0.2551 -0.9663 -0.0358
vn 0.2044 -0.9662 -0.1569
vn 0.2044 -0.9662 -0.1570
vn -0.2350 0.0008 0.9720
vn -0.4038 0.0028 0.9148
vn -0.2147 0.0008 0.9767
vn -0.2663 0.0002 0.9639
vn -0.2662 -0.0000 0.9639
vn -0.1423 -0.0000 0.9898
vn -0.1451 0.0004 0.9894
vn -0.8716 -0.0000 0.4902
vn -0.6832 -0.0000 0.7303
vn -0.6470 -0.0014 0.7625
vn -0.9693 -0.0000 0.2457
vn -0.2996 0.9521 0.0607
vn -0.3008 0.9515 0.0652
vn -0.2822 0.9418 0.1829
vn -0.2797 0.9417 0.1870
vn -0.4639 -0.0000 0.8859
vn -0.4628 -0.0013 0.8865
vn 0.0076 0.9998 0.0185
vn 0.0063 0.9999 0.0154
vn 0.0143 0.9993 0.0347
vn -0.0007 -1.0000 0.0001
vn -0.0008 -1.0000 0.0012
vn -0.0003 -1.0000 0.0011
vn -0.0000 -1.0000 0.0001
vn -0.0002 -1.0000 0.0011
vn -0.5231 0.0037 0.8523
vn -0.6243 0.0038 0.7812
vn -0.6217 0.0038 0.7833
vn -0.4711 0.0030 0.8821
vn 0.8552 0.0013 0.5182
vn 0.8552 0.0013 0.5183
vn -0.4984 0.0021 0.8669
vn -0.5004 0.0026 0.8658
vn -0.0007 -1.0000 0.0029
vn -0.0003 -1.0000 0.0024
vn -0.0019 -1.0000 0.0024
vn -0.0012 -1.0000 0.0006
vn -0.2675 0.0009 0.9636
vn -0.2673 0.0013 0.9636
vn -0.1451 0.0010 0.9894
vn -0.1447 0.0011 0.9895
vn 0.0002 1.0000 -0.0011
vn 0.0005 1.0000 -0.0009
vn 0.0001 1.0000 -0.0001
vn 0.9242 0.0001 0.3820
vn 0.9914 -0.0000 -0.1305
vn 0.9915 0.0002 -0.1305
vn 0.9913 -0.0000 -0.1315
vn 0.1303 -0.0000 0.9915
vn 0.1302 -0.0001 -0.9915
vn 0.1299 -0.0000 -0.9915
vn 0.2585 -0.0000 -0.9660
vn 0.4996 -0.0000 -0.8662
vn 0.4997 -0.0001 -0.8662
vn 0.6081 -0.0001 -0.7939
vn 0.6080 -0.0002 -0.7939
vn 0.1305 -0.0000 -0.9915
vn 0.1293 -0.0000 -0.9916
vn 0.6077 -0.0000 -0.7942
vn 0.4992 -0.0000 -0.8665
vn 0.2582 -0.0000 -0.9661
vn 0.2580 -0.0000 -0.9661
vn -0.0000 1.0000 -0.0001
vn -0.9242 -0.0000 -0.3820
vn -0.0001 -1.0000 0.0001
vn 0.1298 0.0001 -0.9915
vn 0.1297 -0.0001 -0.9916
vn 0.2585 0.0002 -0.9660
vn 0.2586 -0.0001 -0.9660
vn 0.4998 -0.0001 -0.8662
vn 0.6082 -0.0003 -0.7938
vn 0.1295 -0.0002 -0.9916
vn 0.1292 -0.0001 -0.9916
vn 0.1293 -0.0002 -0.9916
vn 0.1296 -0.0001 -0.9916
vn 0.6080 -0.0001 -0.7939
vn 0.6078 -0.0000 -0.7941
vn 0.4991 -0.0001 -0.8665
vn 0.4992 -0.0001 -0.8665
vn 0.2580 -0.0001 -0.9661
vn 0.6075 -0.0002 -0.7943
vn 0.6075 -0.0003 -0.7943
vn 0.1290 0.0001 -0.9916
vn 0.1291 -0.0000 -0.9916
vn 0.2584 -0.0002 -0.9660
vn 0.4998 -0.0001 -0.8661
vn 0.6080 -0.0001 -0.7940
vn 0.6077 -0.0000 -0.7941
vn 0.1294 -0.0002 -0.9916
vn -0.9930 -0.0001 0.1178
vn -0.9675 0.0026 0.2527
vn -0.9677 0.0026 0.2521
vn -0.8622 0.0031 0.5066
vn -0.8618 0.0031 0.5072
vn -0.7833 -0.0001 0.6216
vn -0.8620 -0.0001 0.5069
vn -0.9676 -0.0001 0.2525
vn -0.8628 -0.0001 0.5055
vn -0.9673 -0.0001 0.2538
vn -0.9676 -0.0001 0.2524
vn -0.0124 0.9995 -0.0296
vn -0.0058 0.9999 -0.0137
vn -0.0068 0.9998 -0.0162
vn 0.3836 -0.0000 0.9235
vn -0.3836 -0.0000 -0.9235
vn -0.6516 0.0051 0.7586
vn -0.4039 0.0028 0.9148
vn -0.6350 0.0001 0.7725
vn -0.2663 0.0004 0.9639
vn -0.1589 0.0011 0.9873
vn -0.1461 0.0003 0.9893
vn -0.1620 0.0009 0.9868
vn -0.2679 -0.0000 0.9635
vn -0.2683 -0.0001 0.9633
vn -0.4839 0.0024 0.8751
vn -0.4714 0.0030 0.8819
vn -0.4619 -0.0030 0.8869
vn 0.0004 1.0000 -0.0010
vn -0.0000 1.0000 -0.0013
vn 0.0001 1.0000 -0.0012
vn -0.8552 -0.0000 -0.5182
vn -0.0006 -1.0000 0.0009
vn -0.0004 -1.0000 0.0010
vn -0.0002 -1.0000 0.0012
vn -0.5120 0.0050 0.8590
vn -0.5126 0.0045 0.8586
vn -0.5239 0.0045 0.8518
vn -0.5245 0.0050 0.8514
vn -0.2662 0.0027 0.9639
vn -0.2661 0.0031 0.9639
vn -0.1428 0.0032 0.9898
vn -0.1426 0.0032 0.9898
vn -0.1441 0.0033 0.9896
vn -0.1443 0.0030 0.9895
vn -0.2675 0.0026 0.9636
vn -0.2674 0.0031 0.9636
vn -0.4468 0.0060 0.8946
vn -0.4598 0.0060 0.8880
vn -0.2669 0.0027 0.9637
vn -0.2667 0.0027 0.9638
vn -0.1435 0.0026 0.9897
vn -0.1435 0.0026 0.9896
vn -0.5183 0.0013 0.8552
vn -0.4533 0.0020 0.8913
vn -0.4533 0.0020 0.8914
vn 0.0005 1.0000 -0.0010
vn -0.8552 -0.0000 -0.5183
vn -0.0001 -1.0000 0.0012
vn -0.2684 -0.0000 0.9633
vn -0.1944 0.0007 0.9809
vn -0.1462 0.0004 0.9893
vn -0.9703 0.0043 0.2417
vn -0.9708 0.0041 0.2399
vn -0.8643 0.0059 0.5029
vn -0.8646 0.0059 0.5025
vn -0.9680 0.2509 -0.0000
vt 0.844891 0.091838
vt 0.781908 0.091037
vt 0.970477 0.091193
vt 0.970502 0.091193
vt 0.970502 0.091168
vt 0.970477 0.091168
vt 0.719691 0.094375
vt 0.719689 0.094375
vt 0.719691 0.094375
vt 0.719689 0.094373
vt 0.719691 0.094373
vt 0.719691 0.094373
vt 0.719686 0.094377
vt 0.719688 0.094377
vt 0.719688 0.094375
vt 0.719686 0.094375
vt 0.719686 0.094372
vt 0.719688 0.094372
vt 0.719688 0.094370
vt 0.719686 0.094370
vt 0.719686 0.094375
vt 0.719688 0.094375
vt 0.719688 0.094373
vt 0.719686 0.094373
vt 0.719689 0.094375
vt 0.719689 0.094373
vt 0.719691 0.094373
vt 0.719691 0.094375
vt 0.719691 0.094375
vt 0.719691 0.094373
vt 0.719686 0.094380
vt 0.719688 0.094380
vt 0.719688 0.094378
vt 0.719686 0.094378
vt 0.719691 0.094373
vt 0.719691 0.094373
vt 0.719691 0.094375
vt 0.719691 0.094375
vt 0.719691 0.094375
vt 0.719688 0.094375
vt 0.719689 0.094375
vt 0.719689 0.094375
vt 0.719689 0.094375
vt 0.719689 0.094373
vt 0.719689 0.094373
vt 0.719688 0.094373
vt 0.719689 0.094373
vt 0.719686 0.094373
vt 0.719688 0.094372
vt 0.719686 0.094372
vt 0.719686 0.094380
vt 0.719688 0.094380
vt 0.719686 0.094380
vt 0.719688 0.094380
vt 0.719688 0.094370
vt 0.719686 0.094370
vt 0.719686 0.094377
vt 0.719688 0.094377
vt 0.719686 0.094378
vt 0.719688 0.094378
vt 0.719686 0.094375
vt 0.719686 0.094375
vt 0.719688 0.094375
vt 0.719129 0.089376
vt 0.719129 0.089376
vt 0.719129 0.089375
vt 0.719129 0.089375
vt 0.719130 0.089376
vt 0.719130 0.089375
vt 0.719129 0.089375
vt 0.719129 0.089375
vt 0.719130 0.089375
vt 0.719128 0.089377
vt 0.719129 0.089377
vt 0.719128 0.089376
vt 0.719129 0.089377
vt 0.719130 0.089377
vt 0.719130 0.089377
vt 0.719130 0.089376
vt 0.719130 0.089375
vt 0.719130 0.089375
vt 0.719130 0.089374
vt 0.719130 0.089374
vt 0.719129 0.089374
vt 0.719129 0.089374
vt 0.719128 0.089375
vt 0.719128 0.089374
vt 0.719128 0.089375
vt 0.719130 0.089373
vt 0.719130 0.089373
vt 0.719130 0.089372
vt 0.719130 0.089372
vt 0.719128 0.089374
vt 0.719129 0.089374
vt 0.719129 0.089372
vt 0.719128 0.089372
vt 0.719129 0.089372
vt 0.719129 0.089372
vt 0.719129 0.089372
vt 0.719130 0.089372
vt 0.719129 0.089373
vt 0.719128 0.089372
vt 0.719128 0.089374
vt 0.719130 0.089372
vt 0.719130 0.089372
vt 0.719130 0.089372
vt 0.719129 0.089371
vt 0.719129 0.089371
vt 0.719128 0.089372
vt 0.719128 0.089371
vt 0.719130 0.089370
vt 0.719132 0.089370
vt 0.719132 0.089370
vt 0.719130 0.089370
vt 0.719129 0.089371
vt 0.719129 0.089371
vt 0.719129 0.089370
vt 0.719129 0.089370
vt 0.719130 0.089371
vt 0.719130 0.089370
vt 0.719129 0.089370
vt 0.719129 0.089370
vt 0.719130 0.089370
vt 0.719128 0.089371
vt 0.719130 0.089371
vt 0.719130 0.089370
vt 0.719130 0.089370
vt 0.719130 0.089369
vt 0.719130 0.089369
vt 0.719129 0.089369
vt 0.719129 0.089369
vt 0.719128 0.089370
vt 0.719128 0.089369
vt 0.719128 0.089370
vt 0.719130 0.089369
vt 0.719130 0.089367
vt 0.719129 0.089367
vt 0.719129 0.089369
vt 0.719130 0.089369
vt 0.719130 0.089367
vt 0.719129 0.089367
vt 0.719129 0.089367
vt 0.719129 0.089367
vt 0.719130 0.089367
vt 0.719129 0.089369
vt 0.719128 0.089367
vt 0.719128 0.089369
vt 0.719130 0.089367
vt 0.719130 0.089367
vt 0.719130 0.089367
vt 0.719129 0.089367
vt 0.719129 0.089367
vt 0.719128 0.089367
vt 0.719128 0.089367
vt 0.719132 0.089371
vt 0.719130 0.089371
vt 0.719132 0.089371
vt 0.719132 0.089370
vt 0.719132 0.089372
vt 0.719132 0.089370
vt 0.719132 0.089369
vt 0.719132 0.089372
vt 0.719132 0.089372
vt 0.719132 0.089371
vt 0.719132 0.089370
vt 0.719132 0.089370
vt 0.719132 0.089369
vt 0.719132 0.089369
vt 0.719130 0.089371
vt 0.719130 0.089370
vt 0.719130 0.089370
vt 0.719130 0.089369
vt 0.719129 0.089369
vt 0.719129 0.089369
vt 0.719130 0.089369
vt 0.719128 0.089369
vt 0.719129 0.089374
vt 0.719129 0.089374
vt 0.719130 0.089374
vt 0.719128 0.089374
vt 0.719130 0.089374
vt 0.719128 0.089374
vt 0.719128 0.089374
vt 0.719128 0.089367
vt 0.719128 0.089369
vt 0.719128 0.089369
vt 0.719128 0.089369
vt 0.719128 0.089367
vt 0.719128 0.089367
vt 0.719128 0.089371
vt 0.719128 0.089371
vt 0.719128 0.089370
vt 0.719128 0.089370
vt 0.719128 0.089372
vt 0.719128 0.089377
vt 0.719128 0.089376
vt 0.719128 0.089375
vt 0.719128 0.089375
vt 0.093318 0.156325
vt 0.282734 0.967079
vt 0.282734 0.967079
vt 0.282734 0.967079
vt 0.282734 0.967079
vt 0.282734 0.967079
vt 0.282734 0.967079
vt 0.969792 0.091847
vt 0.969792 0.091847
vt 0.969791 0.091847
vt 0.969791 0.091847
vt 0.969792 0.091847
vt 0.969791 0.091847
vt 0.282734 0.967079
vt 0.282734 0.967078
vt 0.282734 0.967078
vt 0.282734 0.967079
vt 0.282734 0.967078
vt 0.282734 0.967079
vt 0.282734 0.967079
vt 0.282734 0.967078
vt 0.282734 0.967078
vt 0.282734 0.967078
vt 0.282734 0.967078
vt 0.282734 0.967078
vt 0.969626 0.092831
vt 0.969628 0.092831
vt 0.969628 0.092829
vt 0.969626 0.092829
vt 0.719684 0.094373
vt 0.719684 0.094375
vt 0.719684 0.094373
vt 0.719684 0.094373
vt 0.719684 0.094375
vt 0.719684 0.094373
vt 0.719684 0.094375
s 1
usemtl AIRPORT
f 1/1/1 2/1/2 3/1/3
f 2/1/2 4/1/4 3/1/3
f 4/1/4 5/1/5 3/1/3
f 6/1/6 7/1/7 8/1/8
f 7/1/7 9/1/9 8/1/8
f 9/1/9 10/1/10 8/1/8
f 11/1/11 12/1/12 13/1/13
f 12/1/12 14/1/14 13/1/13
f 14/1/14 15/1/15 13/1/13
f 16/1/16 17/1/17 18/1/18
f 17/1/17 19/1/19 18/1/18
f 19/1/19 20/1/20 18/1/18
f 21/1/21 22/1/22 23/1/23
f 22/1/22 24/1/24 23/1/23
f 24/1/24 25/1/25 23/1/23
f 26/1/26 27/1/27 28/1/28
f 27/1/27 29/1/29 28/1/28
f 29/1/29 30/1/30 28/1/28
s 0
f 31/1/31 32/1/31 33/1/31
s 1
f 34/1/32 35/1/33 36/1/34
s 0
f 37/1/35 38/1/35 39/1/35
f 40/1/36 41/1/36 42/1/36
f 43/1/35 37/1/35 39/1/35
f 44/1/36 45/1/36 46/1/36
f 38/1/35 47/1/35 39/1/35
f 47/1/35 48/1/35 39/1/35
f 48/1/35 49/1/35 39/1/35
f 49/1/35 50/1/35 39/1/35
f 46/1/36 45/1/36 42/1/36
f 45/1/36 40/1/36 42/1/36
f 51/1/37 52/1/37 53/1/37
s 1
f 54/1/38 55/1/39 56/1/40
s 0
f 57/1/35 39/1/35 58/1/35
f 59/1/36 60/1/36 61/1/36
f 43/1/35 39/1/35 57/1/35
f 62/1/36 63/1/36 64/1/36
f 58/1/35 39/1/35 65/1/35
f 65/1/35 39/1/35 66/1/35
f 66/1/35 39/1/35 67/1/35
f 67/1/35 39/1/35 68/1/35
f 63/1/36 60/1/36 64/1/36
f 64/1/36 60/1/36 59/1/36
f 69/2/41 70/2/41 71/2/41
f 69/2/41 71/2/41 72/2/41
f 73/2/42 74/2/42 75/2/42
f 73/2/42 75/2/42 76/2/42
s 1
f 77/2/43 78/2/44 79/2/44
f 77/2/43 79/2/44 80/2/43
s 0
f 81/2/42 74/2/42 82/2/42
f 81/2/42 82/2/42 83/2/42
s 1
f 84/2/45 85/2/46 86/2/47
f 84/2/45 86/2/47 87/2/45
s 0
f 88/2/42 89/2/42 90/2/42
f 88/2/42 90/2/42 91/2/42
s 1
f 92/2/43 93/2/44 94/2/44
f 92/2/43 94/2/44 95/2/43
s 0
f 96/2/48 97/2/48 98/2/48
f 96/2/48 98/2/48 99/2/48
f 100/1/48 101/1/48 102/1/48
f 100/1/48 102/1/48 103/1/48
f 104/1/35 105/1/35 106/1/35
f 104/1/35 106/1/35 107/1/35
f 108/2/41 109/2/41 70/2/41
f 108/2/41 70/2/41 69/2/41
f 110/2/35 111/2/35 112/2/35
f 110/2/35 112/2/35 113/2/35
f 114/2/36 115/2/36 116/2/36
f 114/2/36 116/2/36 117/2/36
f 118/2/36 119/2/36 120/2/36
f 118/2/36 120/2/36 121/2/36
s 1
f 122/1/49 123/1/49 124/1/36
f 122/1/49 124/1/36 125/1/36
f 121/2/36 120/2/36 126/2/49
f 121/2/36 126/2/49 127/2/49
f 128/2/50 129/2/51 130/2/51
f 128/2/50 130/2/51 131/2/50
f 132/1/50 133/1/51 134/1/51
f 132/1/50 134/1/51 135/1/50
s 0
f 136/1/41 137/1/41 138/1/41
f 136/1/41 138/1/41 139/1/41
f 140/1/41 141/1/41 142/1/41
f 140/1/41 142/1/41 143/1/41
f 144/2/36 145/2/36 115/2/36
f 144/2/36 115/2/36 114/2/36
s 1
f 146/2/43 147/2/44 78/2/44
f 146/2/43 78/2/44 77/2/43
s 0
f 148/2/42 73/2/42 76/2/42
f 148/2/42 76/2/42 149/2/42
s 1
f 150/1/52 151/1/49 152/1/49
f 150/1/52 152/1/49 153/1/52
s 0
f 154/1/35 155/1/35 156/1/35
f 154/1/35 156/1/35 157/1/35
f 156/1/35 158/1/35 159/1/35
f 156/1/35 159/1/35 157/1/35
s 1
f 122/1/49 160/1/53 161/1/53
f 122/1/49 161/1/53 123/1/49
s 0
f 70/2/41 162/2/41 163/2/41
f 70/2/41 163/2/41 71/2/41
s 1
f 126/2/49 164/2/53 165/2/53
f 126/2/49 165/2/53 127/2/49
f 129/2/51 166/2/53 167/2/53
f 129/2/51 167/2/53 130/2/51
s 0
f 109/2/41 168/2/41 162/2/41
f 109/2/41 162/2/41 70/2/41
s 1
f 78/2/44 169/2/54 170/2/54
f 78/2/44 170/2/54 79/2/44
f 85/2/46 171/2/55 172/2/55
f 85/2/46 172/2/55 86/2/47
s 0
f 140/1/41 173/1/41 174/1/41
f 140/1/41 174/1/41 141/1/41
s 1
f 151/1/49 175/1/53 176/1/53
f 151/1/49 176/1/53 152/1/49
f 133/1/51 177/1/53 178/1/53
f 133/1/51 178/1/53 134/1/51
f 147/2/44 179/2/54 169/2/54
f 147/2/44 169/2/54 78/2/44
s 0
f 110/2/35 180/2/35 181/2/35
f 110/2/35 181/2/35 111/2/35
s 1
f 93/2/44 182/2/54 183/2/54
f 93/2/44 183/2/54 94/2/44
s 0
f 105/1/35 184/1/35 185/1/35
f 105/1/35 185/1/35 106/1/35
f 138/1/41 186/1/41 187/1/41
f 138/1/41 187/1/41 139/1/41
s 1
f 177/1/53 188/1/56 189/1/56
f 177/1/53 189/1/56 178/1/53
s 0
f 180/2/35 190/2/35 191/2/35
f 180/2/35 191/2/35 181/2/35
s 1
f 175/1/53 192/1/56 193/1/56
f 175/1/53 193/1/56 176/1/53
s 0
f 186/1/41 194/1/41 195/1/41
f 186/1/41 195/1/41 187/1/41
s 1
f 171/2/55 196/2/57 197/2/57
f 171/2/55 197/2/57 172/2/55
f 160/1/53 198/1/56 199/1/56
f 160/1/53 199/1/56 161/1/53
s 0
f 162/2/41 200/2/41 201/2/41
f 162/2/41 201/2/41 163/2/41
f 158/1/35 202/1/35 203/1/35
f 158/1/35 203/1/35 159/1/35
s 1
f 164/2/53 204/2/56 205/2/56
f 164/2/53 205/2/56 165/2/53
f 179/2/54 206/2/58 207/2/58
f 179/2/54 207/2/58 169/2/54
f 166/2/53 208/2/56 209/2/56
f 166/2/53 209/2/56 167/2/53
s 0
f 168/2/41 210/2/41 200/2/41
f 168/2/41 200/2/41 162/2/41
f 173/1/41 211/1/41 212/1/41
f 173/1/41 212/1/41 174/1/41
s 1
f 182/2/54 213/2/58 214/2/58
f 182/2/54 214/2/58 183/2/54
f 169/2/54 207/2/58 215/2/58
f 169/2/54 215/2/58 170/2/54
s 0
f 184/1/35 216/1/35 217/1/35
f 184/1/35 217/1/35 185/1/35
f 200/2/41 218/2/41 219/2/41
f 200/2/41 219/2/41 201/2/41
f 202/1/35 220/1/35 221/1/35
f 202/1/35 221/1/35 203/1/35
s 1
f 204/2/56 222/2/59 223/2/59
f 204/2/56 223/2/59 205/2/56
f 206/2/58 224/2/60 225/2/60
f 206/2/58 225/2/60 207/2/58
f 208/2/56 226/2/59 227/2/59
f 208/2/56 227/2/59 209/2/56
s 0
f 210/2/41 228/2/41 218/2/41
f 210/2/41 218/2/41 200/2/41
f 211/1/41 229/1/41 230/1/41
f 211/1/41 230/1/41 212/1/41
s 1
f 213/2/58 231/2/60 232/2/60
f 213/2/58 232/2/60 214/2/58
f 207/2/58 225/2/60 233/2/60
f 207/2/58 233/2/60 215/2/58
s 0
f 216/1/35 234/1/35 235/1/35
f 216/1/35 235/1/35 217/1/35
s 1
f 188/1/56 236/1/59 237/1/59
f 188/1/56 237/1/59 189/1/56
s 0
f 190/2/35 238/2/35 239/2/35
f 190/2/35 239/2/35 191/2/35
s 1
f 192/1/56 240/1/59 241/1/59
f 192/1/56 241/1/59 193/1/56
s 0
f 194/1/41 242/1/41 243/1/41
f 194/1/41 243/1/41 195/1/41
s 1
f 196/2/57 244/2/61 245/2/61
f 196/2/57 245/2/61 197/2/57
f 198/1/56 246/1/59 247/1/59
f 198/1/56 247/1/59 199/1/56
f 231/2/60 248/2/62 249/2/62
f 231/2/60 249/2/62 232/2/60
f 225/2/60 250/2/62 251/2/62
f 225/2/60 251/2/62 233/2/60
s 0
f 234/1/35 252/1/35 253/1/35
f 234/1/35 253/1/35 235/1/35
s 1
f 236/1/59 254/1/63 255/1/63
f 236/1/59 255/1/63 237/1/59
s 0
f 238/2/35 256/2/35 257/2/35
f 238/2/35 257/2/35 239/2/35
s 1
f 240/1/59 258/1/63 259/1/63
f 240/1/59 259/1/63 241/1/59
s 0
f 242/1/41 260/1/41 261/1/41
f 242/1/41 261/1/41 243/1/41
s 1
f 244/2/61 262/2/64 263/2/64
f 244/2/61 263/2/64 245/2/61
f 246/1/59 264/1/63 265/1/63
f 246/1/59 265/1/63 247/1/59
s 0
f 218/2/41 266/2/41 267/2/41
f 218/2/41 267/2/41 219/2/41
f 220/1/35 268/1/35 269/1/35
f 220/1/35 269/1/35 221/1/35
s 1
f 222/2/59 270/2/63 271/2/63
f 222/2/59 271/2/63 223/2/59
f 224/2/60 272/2/62 250/2/62
f 224/2/60 250/2/62 225/2/60
f 226/2/59 273/2/63 274/2/63
f 226/2/59 274/2/63 227/2/59
s 0
f 228/2/41 275/2/41 266/2/41
f 228/2/41 266/2/41 218/2/41
f 229/1/41 276/1/41 277/1/41
f 229/1/41 277/1/41 230/1/41
f 278/2/41 279/2/41 280/2/41
f 278/2/41 280/2/41 281/2/41
f 282/2/36 283/2/36 284/2/36
f 282/2/36 284/2/36 285/2/36
s 1
f 286/2/48 287/2/48 288/2/65
f 286/2/48 288/2/65 289/2/65
s 0
f 290/2/36 291/2/36 292/2/36
f 290/2/36 292/2/36 285/2/36
s 1
f 293/2/66 294/2/66 295/2/67
f 293/2/66 295/2/67 296/2/68
s 0
f 297/2/36 298/2/36 299/2/36
f 297/2/36 299/2/36 300/2/36
s 1
f 301/2/48 302/2/48 303/2/65
f 301/2/48 303/2/65 304/2/65
s 0
f 305/2/43 306/2/43 307/2/43
f 305/2/43 307/2/43 308/2/43
f 309/1/43 310/1/43 311/1/43
f 309/1/43 311/1/43 312/1/43
f 313/1/35 314/1/35 315/1/35
f 313/1/35 315/1/35 316/1/35
f 317/2/41 278/2/41 281/2/41
f 317/2/41 281/2/41 318/2/41
f 319/2/35 320/2/35 321/2/35
f 319/2/35 321/2/35 322/2/35
f 323/2/42 324/2/42 325/2/42
f 323/2/42 325/2/42 326/2/42
f 327/2/42 328/2/42 329/2/42
f 327/2/42 329/2/42 330/2/42
s 1
f 331/1/69 332/1/42 333/1/42
f 331/1/69 333/1/42 334/1/69
f 328/2/42 335/2/69 336/2/69
f 328/2/42 336/2/69 329/2/42
f 337/2/70 338/2/70 339/2/71
f 337/2/70 339/2/71 340/2/71
f 341/1/70 342/1/70 343/1/71
f 341/1/70 343/1/71 344/1/71
s 0
f 345/1/41 346/1/41 347/1/41
f 345/1/41 347/1/41 348/1/41
f 349/1/41 350/1/41 351/1/41
f 349/1/41 351/1/41 352/1/41
f 353/2/42 323/2/42 326/2/42
f 353/2/42 326/2/42 354/2/42
s 1
f 355/2/48 286/2/48 289/2/65
f 355/2/48 289/2/65 356/2/65
s 0
f 357/2/36 358/2/36 283/2/36
f 357/2/36 283/2/36 282/2/36
s 1
f 359/1/72 360/1/72 361/1/69
f 359/1/72 361/1/69 362/1/69
s 0
f 363/1/35 364/1/35 365/1/35
f 363/1/35 365/1/35 366/1/35
f 365/1/35 364/1/35 367/1/35
f 365/1/35 367/1/35 368/1/35
s 1
f 331/1/69 334/1/69 369/1/73
f 331/1/69 369/1/73 370/1/73
s 0
f 281/2/41 280/2/41 371/2/41
f 281/2/41 371/2/41 372/2/41
s 1
f 336/2/69 335/2/69 373/2/73
f 336/2/69 373/2/73 374/2/73
f 340/2/71 339/2/71 375/2/73
f 340/2/71 375/2/73 376/2/73
s 0
f 318/2/41 281/2/41 372/2/41
f 318/2/41 372/2/41 377/2/41
s 1
f 289/2/65 288/2/65 378/2/74
f 289/2/65 378/2/74 379/2/74
f 296/2/68 295/2/67 380/2/75
f 296/2/68 380/2/75 381/2/75
s 0
f 349/1/41 352/1/41 382/1/41
f 349/1/41 382/1/41 383/1/41
s 1
f 362/1/69 361/1/69 384/1/73
f 362/1/69 384/1/73 385/1/73
f 344/1/71 343/1/71 386/1/73
f 344/1/71 386/1/73 387/1/73
f 356/2/65 289/2/65 379/2/74
f 356/2/65 379/2/74 388/2/74
s 0
f 319/2/35 322/2/35 389/2/35
f 319/2/35 389/2/35 390/2/35
s 1
f 304/2/65 303/2/65 391/2/74
f 304/2/65 391/2/74 392/2/74
s 0
f 316/1/35 315/1/35 393/1/35
f 316/1/35 393/1/35 394/1/35
f 347/1/41 346/1/41 395/1/41
f 347/1/41 395/1/41 396/1/41
s 1
f 387/1/73 386/1/73 397/1/76
f 387/1/73 397/1/76 398/1/76
s 0
f 390/2/35 389/2/35 399/2/35
f 390/2/35 399/2/35 400/2/35
s 1
f 385/1/73 384/1/73 401/1/76
f 385/1/73 401/1/76 402/1/76
s 0
f 396/1/41 395/1/41 403/1/41
f 396/1/41 403/1/41 404/1/41
s 1
f 381/2/75 380/2/75 405/2/77
f 381/2/75 405/2/77 406/2/77
f 370/1/73 369/1/73 407/1/76
f 370/1/73 407/1/76 408/1/76
s 0
f 372/2/41 371/2/41 409/2/41
f 372/2/41 409/2/41 410/2/41
f 368/1/35 367/1/35 411/1/35
f 368/1/35 411/1/35 412/1/35
s 1
f 374/2/73 373/2/73 413/2/76
f 374/2/73 413/2/76 414/2/76
f 388/2/74 379/2/74 415/2/78
f 388/2/74 415/2/78 416/2/78
f 376/2/73 375/2/73 417/2/76
f 376/2/73 417/2/76 418/2/76
s 0
f 377/2/41 372/2/41 410/2/41
f 377/2/41 410/2/41 419/2/41
f 383/1/41 382/1/41 420/1/41
f 383/1/41 420/1/41 421/1/41
s 1
f 392/2/74 391/2/74 422/2/78
f 392/2/74 422/2/78 423/2/78
f 379/2/74 378/2/74 424/2/78
f 379/2/74 424/2/78 415/2/78
s 0
f 394/1/35 393/1/35 425/1/35
f 394/1/35 425/1/35 426/1/35
f 410/2/41 409/2/41 427/2/41
f 410/2/41 427/2/41 428/2/41
f 412/1/35 411/1/35 429/1/35
f 412/1/35 429/1/35 430/1/35
s 1
f 414/2/76 413/2/76 431/2/79
f 414/2/76 431/2/79 432/2/79
f 416/2/78 415/2/78 433/2/80
f 416/2/78 433/2/80 434/2/80
f 418/2/76 417/2/76 435/2/79
f 418/2/76 435/2/79 436/2/79
s 0
f 419/2/41 410/2/41 428/2/41
f 419/2/41 428/2/41 437/2/41
f 421/1/41 420/1/41 438/1/41
f 421/1/41 438/1/41 439/1/41
s 1
f 423/2/78 422/2/78 440/2/80
f 423/2/78 440/2/80 441/2/80
f 415/2/78 424/2/78 442/2/80
f 415/2/78 442/2/80 433/2/80
s 0
f 426/1/35 425/1/35 443/1/35
f 426/1/35 443/1/35 444/1/35
s 1
f 398/1/76 397/1/76 445/1/79
f 398/1/76 445/1/79 446/1/79
s 0
f 400/2/35 399/2/35 447/2/35
f 400/2/35 447/2/35 448/2/35
s 1
f 402/1/76 401/1/76 449/1/79
f 402/1/76 449/1/79 450/1/79
s 0
f 404/1/41 403/1/41 451/1/41
f 404/1/41 451/1/41 452/1/41
s 1
f 406/2/77 405/2/77 453/2/81
f 406/2/77 453/2/81 454/2/81
f 408/1/76 407/1/76 455/1/79
f 408/1/76 455/1/79 456/1/79
f 441/2/80 440/2/80 249/2/62
f 441/2/80 249/2/62 248/2/62
f 433/2/80 442/2/80 251/2/62
f 433/2/80 251/2/62 250/2/62
s 0
f 444/1/35 443/1/35 253/1/35
f 444/1/35 253/1/35 252/1/35
s 1
f 446/1/79 445/1/79 255/1/63
f 446/1/79 255/1/63 254/1/63
s 0
f 448/2/35 447/2/35 257/2/35
f 448/2/35 257/2/35 256/2/35
s 1
f 450/1/79 449/1/79 259/1/63
f 450/1/79 259/1/63 258/1/63
s 0
f 452/1/41 451/1/41 261/1/41
f 452/1/41 261/1/41 260/1/41
s 1
f 454/2/81 453/2/81 263/2/64
f 454/2/81 263/2/64 262/2/64
f 456/1/79 455/1/79 265/1/63
f 456/1/79 265/1/63 264/1/63
s 0
f 428/2/41 427/2/41 267/2/41
f 428/2/41 267/2/41 266/2/41
f 430/1/35 429/1/35 269/1/35
f 430/1/35 269/1/35 268/1/35
s 1
f 432/2/79 431/2/79 271/2/63
f 432/2/79 271/2/63 270/2/63
f 434/2/80 433/2/80 250/2/62
f 434/2/80 250/2/62 272/2/62
f 436/2/79 435/2/79 274/2/63
f 436/2/79 274/2/63 273/2/63
s 0
f 437/2/41 428/2/41 266/2/41
f 437/2/41 266/2/41 275/2/41
f 439/1/41 438/1/41 277/1/41
f 439/1/41 277/1/41 276/1/41
s 1
f 457/2/79 436/2/79 273/2/63
f 457/2/79 273/2/63 458/2/63
f 459/2/80 460/2/80 461/2/62
f 459/2/80 461/2/62 462/2/62
f 463/2/78 464/2/78 460/2/80
f 463/2/78 460/2/80 459/2/80
f 465/2/76 418/2/76 436/2/79
f 465/2/76 436/2/79 457/2/79
f 466/2/74 467/2/74 464/2/78
f 466/2/74 464/2/78 463/2/78
f 468/2/73 376/2/73 418/2/76
f 468/2/73 418/2/76 465/2/76
f 469/2/65 470/2/65 467/2/74
f 469/2/65 467/2/74 466/2/74
f 471/2/71 340/2/71 376/2/73
f 471/2/71 376/2/73 468/2/73
f 472/2/70 337/2/70 340/2/71
f 472/2/70 340/2/71 471/2/71
s 0
f 324/2/42 473/2/42 474/2/42
f 324/2/42 474/2/42 325/2/42
f 475/2/43 305/2/43 308/2/43
f 475/2/43 308/2/43 476/2/43
s 1
f 477/2/48 478/2/48 470/2/65
f 477/2/48 470/2/65 469/2/65
s 0
f 284/2/36 479/2/36 290/2/36
f 284/2/36 290/2/36 285/2/36
f 300/2/36 480/2/36 291/2/36
f 300/2/36 291/2/36 290/2/36
s 1
f 481/2/59 458/2/63 273/2/63
f 481/2/59 273/2/63 226/2/59
f 482/2/60 462/2/62 461/2/62
f 482/2/60 461/2/62 483/2/60
f 484/2/58 482/2/60 483/2/60
f 484/2/58 483/2/60 485/2/58
f 486/2/56 481/2/59 226/2/59
f 486/2/56 226/2/59 208/2/56
f 487/2/54 484/2/58 485/2/58
f 487/2/54 485/2/58 488/2/54
f 489/2/53 486/2/56 208/2/56
f 489/2/53 208/2/56 166/2/53
f 490/2/44 487/2/54 488/2/54
f 490/2/44 488/2/54 491/2/44
f 492/2/51 489/2/53 166/2/53
f 492/2/51 166/2/53 129/2/51
f 493/2/50 492/2/51 129/2/51
f 493/2/50 129/2/51 128/2/50
s 0
f 117/2/36 116/2/36 494/2/36
f 117/2/36 494/2/36 495/2/36
f 496/2/48 497/2/48 97/2/48
f 496/2/48 97/2/48 96/2/48
s 1
f 498/2/43 490/2/44 491/2/44
f 498/2/43 491/2/44 499/2/43
s 0
f 75/2/42 74/2/42 81/2/42
f 75/2/42 81/2/42 500/2/42
f 89/2/42 81/2/42 83/2/42
f 89/2/42 83/2/42 501/2/42
f 90/2/42 89/2/42 501/2/42
f 90/2/42 501/2/42 502/2/42
f 503/2/48 504/2/48 497/2/48
f 503/2/48 497/2/48 496/2/48
s 1
f 505/2/50 506/2/51 492/2/51
f 505/2/50 492/2/51 493/2/50
f 506/2/51 507/2/53 489/2/53
f 506/2/51 489/2/53 492/2/51
f 507/2/53 508/2/56 486/2/56
f 507/2/53 486/2/56 489/2/53
f 508/2/56 509/2/59 481/2/59
f 508/2/56 481/2/59 486/2/56
f 509/2/59 510/2/63 458/2/63
f 509/2/59 458/2/63 481/2/59
s 0
f 299/2/36 511/2/36 480/2/36
f 299/2/36 480/2/36 300/2/36
f 512/2/43 475/2/43 476/2/43
f 512/2/43 476/2/43 513/2/43
s 1
f 514/2/70 472/2/70 471/2/71
f 514/2/70 471/2/71 515/2/71
f 515/2/71 471/2/71 468/2/73
f 515/2/71 468/2/73 516/2/73
f 516/2/73 468/2/73 465/2/76
f 516/2/73 465/2/76 517/2/76
f 517/2/76 465/2/76 457/2/79
f 517/2/76 457/2/79 518/2/79
f 518/2/79 457/2/79 458/2/63
f 518/2/79 458/2/63 510/2/63
f 519/1/80 520/1/80 521/1/62
f 519/1/80 521/1/62 522/1/62
f 523/1/78 524/1/78 520/1/80
f 523/1/78 520/1/80 519/1/80
f 525/1/74 526/1/74 524/1/78
f 525/1/74 524/1/78 523/1/78
f 527/1/65 528/1/65 526/1/74
f 527/1/65 526/1/74 525/1/74
s 0
f 473/2/42 327/2/42 330/2/42
f 473/2/42 330/2/42 474/2/42
s 1
f 529/1/48 530/1/48 528/1/65
f 529/1/48 528/1/65 527/1/65
s 0
f 479/2/36 297/2/36 300/2/36
f 479/2/36 300/2/36 290/2/36
s 1
f 531/1/60 522/1/62 521/1/62
f 531/1/60 521/1/62 532/1/60
f 533/1/58 531/1/60 532/1/60
f 533/1/58 532/1/60 534/1/58
f 535/1/54 533/1/58 534/1/58
f 535/1/54 534/1/58 536/1/54
f 537/1/44 535/1/54 536/1/54
f 537/1/44 536/1/54 538/1/44
s 0
f 495/2/36 494/2/36 119/2/36
f 495/2/36 119/2/36 118/2/36
s 1
f 539/1/43 537/1/44 538/1/44
f 539/1/43 538/1/44 540/1/43
s 0
f 500/2/42 81/2/42 89/2/42
f 500/2/42 89/2/42 88/2/42
s 1
f 541/1/80 542/1/80 543/1/62
f 541/1/80 543/1/62 544/1/62
f 545/2/79 546/2/79 547/2/63
f 545/2/79 547/2/63 548/2/63
f 549/2/76 550/2/76 546/2/79
f 549/2/76 546/2/79 545/2/79
f 551/1/78 552/1/78 542/1/80
f 551/1/78 542/1/80 541/1/80
f 553/1/74 554/1/74 552/1/78
f 553/1/74 552/1/78 551/1/78
f 555/2/73 556/2/73 550/2/76
f 555/2/73 550/2/76 549/2/76
f 557/1/65 558/1/65 554/1/74
f 557/1/65 554/1/74 553/1/74
f 559/2/71 560/2/71 556/2/73
f 559/2/71 556/2/73 555/2/73
s 0
f 561/1/36 562/1/36 563/1/36
f 561/1/36 563/1/36 564/1/36
s 1
f 565/1/48 566/1/48 558/1/65
f 565/1/48 558/1/65 557/1/65
s 0
f 332/1/42 567/1/42 568/1/42
f 332/1/42 568/1/42 333/1/42
s 1
f 569/2/70 570/2/70 560/2/71
f 569/2/70 560/2/71 559/2/71
s 0
f 571/2/43 572/2/43 573/2/43
f 571/2/43 573/2/43 574/2/43
s 1
f 575/1/60 544/1/62 543/1/62
f 575/1/60 543/1/62 576/1/60
f 577/2/59 548/2/63 547/2/63
f 577/2/59 547/2/63 578/2/59
f 579/2/56 577/2/59 578/2/59
f 579/2/56 578/2/59 580/2/56
f 581/1/58 575/1/60 576/1/60
f 581/1/58 576/1/60 582/1/58
f 583/1/54 581/1/58 582/1/58
f 583/1/54 582/1/58 584/1/54
f 585/2/53 579/2/56 580/2/56
f 585/2/53 580/2/56 586/2/53
f 587/1/44 583/1/54 584/1/54
f 587/1/44 584/1/54 588/1/44
f 589/2/51 585/2/53 586/2/53
f 589/2/51 586/2/53 590/2/51
s 0
f 591/1/42 592/1/42 593/1/42
f 591/1/42 593/1/42 594/1/42
s 1
f 595/1/43 587/1/44 588/1/44
f 595/1/43 588/1/44 596/1/43
s 0
f 125/1/36 124/1/36 597/1/36
f 125/1/36 597/1/36 598/1/36
s 1
f 599/2/50 589/2/51 590/2/51
f 599/2/50 590/2/51 600/2/50
s 0
f 601/2/48 602/2/48 603/2/48
f 601/2/48 603/2/48 604/2/48
f 605/1/82 606/1/82 607/1/82
f 605/1/83 607/1/83 608/1/83
s 1
f 609/1/84 610/1/85 611/1/86
f 609/1/84 611/1/86 28/1/28
s 0
f 612/1/87 613/1/87 614/1/87
f 612/1/87 614/1/87 615/1/87
f 616/1/88 617/1/88 618/1/88
f 616/1/89 618/1/89 619/1/89
f 620/1/90 621/1/90 622/1/90
f 620/1/90 622/1/90 623/1/90
f 624/1/91 625/1/91 626/1/91
f 624/1/91 626/1/91 627/1/91
s 1
f 628/1/92 609/1/84 28/1/28
f 628/1/92 28/1/28 23/1/23
f 8/1/8 10/1/10 1/1/1
f 8/1/8 1/1/1 3/1/3
f 629/1/93 630/1/94 631/1/95
f 629/1/93 631/1/95 632/1/96
f 633/1/97 634/1/98 635/1/99
f 633/1/97 635/1/99 636/1/100
s 0
f 637/1/101 638/1/101 639/1/101
f 637/1/101 639/1/101 640/1/101
s 1
f 3/1/3 5/1/5 11/1/11
f 3/1/3 11/1/11 13/1/13
f 13/1/13 15/1/15 16/1/16
f 13/1/13 16/1/16 18/1/18
f 18/1/18 20/1/20 6/1/6
f 18/1/18 6/1/6 8/1/8
f 641/1/102 642/1/103 643/1/104
f 641/1/102 643/1/104 644/1/105
f 644/1/105 643/1/104 645/1/106
f 644/1/105 645/1/106 646/1/107
f 647/1/108 648/1/109 649/1/110
f 647/1/108 649/1/110 650/1/111
f 651/1/112 652/1/113 653/1/114
f 651/1/112 653/1/114 654/1/115
f 655/1/116 656/1/117 657/1/118
f 655/1/116 657/1/118 658/1/119
f 659/1/120 660/1/121 661/1/122
f 659/1/120 661/1/122 662/1/123
f 646/1/107 645/1/106 663/1/124
f 646/1/107 663/1/124 664/1/125
f 649/1/110 648/1/109 665/1/109
f 649/1/110 665/1/109 666/1/126
f 667/1/127 668/1/128 669/1/129
f 667/1/127 669/1/129 670/1/130
f 633/1/97 636/1/100 671/1/131
f 633/1/97 671/1/131 672/1/97
f 650/1/111 649/1/110 673/1/132
f 650/1/111 673/1/132 674/1/133
f 664/1/125 663/1/124 675/1/134
f 664/1/125 675/1/134 676/1/135
f 677/1/136 678/1/137 636/1/100
f 677/1/136 636/1/100 635/1/99
f 679/1/138 680/1/139 678/1/137
f 679/1/138 678/1/137 677/1/136
f 681/1/140 659/1/120 680/1/139
f 681/1/140 680/1/139 679/1/138
f 682/1/141 683/1/142 660/1/121
f 682/1/141 660/1/121 684/1/143
f 674/1/133 673/1/132 683/1/142
f 674/1/133 683/1/142 682/1/141
f 659/1/120 662/1/123 685/1/144
f 659/1/120 685/1/144 680/1/139
f 680/1/139 685/1/144 686/1/145
f 680/1/139 686/1/145 678/1/137
f 678/1/137 686/1/145 671/1/131
f 678/1/137 671/1/131 636/1/100
f 661/1/122 660/1/121 683/1/142
f 661/1/122 683/1/142 687/1/146
f 687/1/146 683/1/142 673/1/132
f 687/1/146 673/1/132 688/1/147
f 688/1/147 673/1/132 649/1/110
f 688/1/147 649/1/110 666/1/126
f 653/1/114 689/1/148 690/1/149
f 653/1/114 690/1/149 654/1/115
f 691/1/150 692/1/151 693/1/152
f 691/1/150 693/1/152 694/1/153
f 694/1/153 693/1/152 652/1/113
f 694/1/153 652/1/113 651/1/112
f 695/1/154 696/1/155 697/1/156
f 695/1/154 697/1/156 698/1/157
f 699/1/158 700/1/159 701/1/160
f 699/1/158 701/1/160 702/1/161
f 670/1/130 669/1/129 696/1/155
f 670/1/130 696/1/155 695/1/154
f 611/1/86 610/1/85 703/1/162
f 611/1/86 703/1/162 704/1/163
f 704/1/163 703/1/162 705/1/164
f 704/1/163 705/1/164 706/1/165
f 702/1/161 701/1/160 707/1/166
f 702/1/161 707/1/166 708/1/167
f 631/1/95 628/1/92 23/1/23
f 631/1/95 23/1/23 632/1/96
f 657/1/118 709/1/168 710/1/169
f 657/1/118 710/1/169 658/1/119
f 667/1/127 692/1/151 691/1/150
f 667/1/127 691/1/150 668/1/128
f 699/1/158 698/1/157 697/1/156
f 699/1/158 697/1/156 700/1/159
f 711/1/170 712/1/171 713/1/172
f 711/1/170 713/1/172 714/1/173
f 715/1/174 716/1/175 656/1/117
f 715/1/174 656/1/117 655/1/116
f 690/1/149 689/1/148 716/1/175
f 690/1/149 716/1/175 715/1/174
f 706/1/165 705/1/164 711/1/170
f 706/1/165 711/1/170 714/1/173
f 708/1/167 707/1/166 710/1/169
f 708/1/167 710/1/169 709/1/168
f 664/1/125 676/1/135 717/1/176
f 664/1/125 717/1/176 718/1/177
f 718/1/177 717/1/176 719/1/178
f 718/1/177 719/1/178 720/1/179
f 720/1/179 719/1/178 681/1/140
f 720/1/179 681/1/140 679/1/138
f 646/1/107 664/1/125 718/1/177
f 646/1/107 718/1/177 721/1/180
f 721/1/180 718/1/177 720/1/179
f 721/1/180 720/1/179 722/1/181
f 722/1/181 720/1/179 679/1/138
f 722/1/181 679/1/138 677/1/136
f 644/1/105 646/1/107 721/1/180
f 644/1/105 721/1/180 723/1/182
f 723/1/182 721/1/180 722/1/181
f 723/1/182 722/1/181 724/1/183
f 724/1/183 722/1/181 677/1/136
f 724/1/183 677/1/136 635/1/99
f 650/1/111 674/1/133 725/1/184
f 650/1/111 725/1/184 726/1/185
f 726/1/185 725/1/184 727/1/186
f 726/1/185 727/1/186 728/1/187
f 728/1/187 727/1/186 645/1/106
f 728/1/187 645/1/106 643/1/104
f 674/1/133 682/1/141 729/1/188
f 674/1/133 729/1/188 725/1/184
f 725/1/184 729/1/188 730/1/189
f 725/1/184 730/1/189 727/1/186
f 727/1/186 730/1/189 663/1/124
f 727/1/186 663/1/124 645/1/106
f 682/1/141 684/1/143 731/1/190
f 682/1/141 731/1/190 729/1/188
f 729/1/188 731/1/190 732/1/191
f 729/1/188 732/1/191 730/1/189
f 730/1/189 732/1/191 675/1/134
f 730/1/189 675/1/134 663/1/124
f 641/1/102 644/1/105 723/1/182
f 641/1/102 723/1/182 733/1/192
f 733/1/192 723/1/182 724/1/183
f 733/1/192 724/1/183 734/1/193
f 734/1/193 724/1/183 635/1/99
f 734/1/193 635/1/99 634/1/98
f 647/1/108 650/1/111 726/1/185
f 647/1/108 726/1/185 735/1/194
f 735/1/194 726/1/185 728/1/187
f 735/1/194 728/1/187 736/1/195
f 736/1/195 728/1/187 643/1/104
f 736/1/195 643/1/104 642/1/103
f 737/1/196 738/1/197 630/1/94
f 737/1/196 630/1/94 629/1/93
f 739/1/198 740/1/198 741/1/198
s 0
f 739/1/199 741/1/199 742/1/199
f 743/1/200 744/1/200 745/1/200
f 743/1/200 745/1/200 746/1/200
f 744/1/200 747/1/200 748/1/200
f 744/1/200 748/1/200 745/1/200
f 617/1/89 749/1/89 750/1/89
f 617/1/89 750/1/89 618/1/89
f 751/1/201 752/1/201 753/1/201
f 751/1/201 753/1/201 754/1/201
f 755/1/109 756/1/109 757/1/109
f 755/1/109 757/1/109 758/1/109
f 759/1/97 760/1/97 761/1/97
f 759/1/97 761/1/97 762/1/97
f 763/1/202 764/1/202 765/1/202
f 763/1/202 765/1/202 766/1/202
f 747/1/200 767/1/200 768/1/200
f 747/1/200 768/1/200 748/1/200
f 767/1/203 743/1/203 746/1/203
s 1
f 767/1/200 746/1/200 768/1/200
s 0
f 769/1/89 616/1/89 619/1/89
f 769/1/89 619/1/89 770/1/89
s 1
f 749/1/89 769/1/89 770/1/89
s 0
f 749/1/88 770/1/88 750/1/88
f 771/3/89 772/4/89 773/5/89
f 771/3/89 773/5/89 774/6/89
f 775/1/204 776/1/204 777/1/204
f 775/1/204 777/1/204 778/1/204
f 779/1/205 780/1/205 781/1/205
f 779/1/206 781/1/206 782/1/206
f 783/1/207 784/1/207 785/1/207
f 783/1/208 785/1/208 786/1/208
s 1
f 691/1/150 694/1/153 787/1/209
f 691/1/150 787/1/209 788/1/210
f 788/1/210 787/1/209 22/1/22
f 788/1/210 22/1/22 21/1/21
f 694/1/153 651/1/112 789/1/211
f 694/1/153 789/1/211 787/1/209
f 787/1/209 789/1/211 24/1/24
f 787/1/209 24/1/24 22/1/22
f 651/1/112 654/1/115 790/1/212
f 651/1/112 790/1/212 789/1/211
f 789/1/211 790/1/212 25/1/25
f 789/1/211 25/1/25 24/1/24
f 697/1/156 696/1/155 791/1/213
f 697/1/156 791/1/213 792/1/214
f 792/1/214 791/1/213 27/1/27
f 792/1/214 27/1/27 26/1/26
f 696/1/155 669/1/129 793/1/215
f 696/1/155 793/1/215 791/1/213
f 791/1/213 793/1/215 29/1/29
f 791/1/213 29/1/29 27/1/27
f 669/1/129 668/1/128 794/1/216
f 669/1/129 794/1/216 793/1/215
f 793/1/215 794/1/216 30/1/30
f 793/1/215 30/1/30 29/1/29
f 611/1/86 704/1/163 795/1/217
f 611/1/86 795/1/217 796/1/218
f 796/1/218 795/1/217 797/1/219
f 796/1/218 797/1/219 798/1/220
f 798/1/220 797/1/219 701/1/160
f 798/1/220 701/1/160 700/1/159
f 704/1/163 706/1/165 799/1/221
f 704/1/163 799/1/221 795/1/217
f 795/1/217 799/1/221 800/1/222
f 795/1/217 800/1/222 797/1/219
f 797/1/219 800/1/222 707/1/166
f 797/1/219 707/1/166 701/1/160
f 706/1/165 714/1/173 801/1/223
f 706/1/165 801/1/223 799/1/221
f 799/1/221 801/1/223 802/1/224
f 799/1/221 802/1/224 800/1/222
f 800/1/222 802/1/224 710/1/169
f 800/1/222 710/1/169 707/1/166
f 629/1/93 632/1/96 803/1/225
f 629/1/93 803/1/225 804/1/226
f 804/1/226 803/1/225 805/1/227
f 804/1/226 805/1/227 806/1/228
f 806/1/228 805/1/227 690/1/149
f 806/1/228 690/1/149 715/1/174
f 737/1/196 629/1/93 804/1/226
f 737/1/196 804/1/226 807/1/229
f 807/1/229 804/1/226 806/1/228
f 807/1/229 806/1/228 808/1/230
f 808/1/230 806/1/228 715/1/174
f 808/1/230 715/1/174 655/1/116
f 713/1/172 737/1/196 807/1/229
f 713/1/172 807/1/229 809/1/231
f 809/1/231 807/1/229 808/1/230
f 809/1/231 808/1/230 810/1/232
f 810/1/232 808/1/230 655/1/116
f 810/1/232 655/1/116 658/1/119
f 632/1/96 23/1/23 25/1/25
f 632/1/96 25/1/25 803/1/225
f 803/1/225 25/1/25 790/1/212
f 803/1/225 790/1/212 805/1/227
f 805/1/227 790/1/212 654/1/115
f 805/1/227 654/1/115 690/1/149
f 23/1/23 28/1/28 30/1/30
f 23/1/23 30/1/30 21/1/21
f 21/1/21 30/1/30 794/1/216
f 21/1/21 794/1/216 788/1/210
f 788/1/210 794/1/216 668/1/128
f 788/1/210 668/1/128 691/1/150
f 714/1/173 713/1/172 809/1/231
f 714/1/173 809/1/231 801/1/223
f 801/1/223 809/1/231 810/1/232
f 801/1/223 810/1/232 802/1/224
f 802/1/224 810/1/232 658/1/119
f 802/1/224 658/1/119 710/1/169
f 28/1/28 611/1/86 796/1/218
f 28/1/28 796/1/218 26/1/26
f 26/1/26 796/1/218 798/1/220
f 26/1/26 798/1/220 792/1/214
f 792/1/214 798/1/220 700/1/159
f 792/1/214 700/1/159 697/1/156
f 713/1/172 712/1/171 738/1/197
f 713/1/172 738/1/197 737/1/196
f 811/1/233 812/1/233 813/1/234
f 811/1/233 813/1/234 814/1/234
f 815/1/235 816/1/235 817/1/236
f 815/1/235 817/1/236 818/1/236
f 819/1/237 820/1/237 821/1/238
f 819/1/237 821/1/238 822/1/239
f 823/1/240 824/1/241 825/1/242
f 823/1/240 825/1/242 826/1/242
f 827/1/243 828/1/243 820/1/237
f 827/1/243 820/1/237 819/1/237
f 829/1/244 830/1/244 831/1/245
f 829/1/244 831/1/245 832/1/245
f 822/1/239 821/1/238 833/1/246
f 822/1/239 833/1/246 834/1/246
f 834/1/246 833/1/246 812/1/233
f 834/1/246 812/1/233 811/1/233
f 835/1/247 836/1/247 826/1/242
f 835/1/247 826/1/242 825/1/242
f 830/1/244 829/1/244 837/1/248
f 830/1/244 837/1/248 838/1/248
f 839/1/249 840/1/249 841/1/250
f 839/1/249 841/1/250 842/1/250
f 842/1/250 841/1/250 824/1/241
f 842/1/250 824/1/241 823/1/240
f 828/1/243 827/1/243 816/1/235
f 828/1/243 816/1/235 815/1/235
f 832/1/245 831/1/245 840/1/249
f 832/1/245 840/1/249 839/1/249
f 843/1/251 844/1/252 838/1/248
f 843/1/251 838/1/248 837/1/248
f 845/1/253 846/1/253 847/1/254
f 845/1/253 847/1/254 848/1/254
f 848/1/254 847/1/254 844/1/252
f 848/1/254 844/1/252 843/1/251
f 849/1/255 850/1/256 846/1/253
f 849/1/255 846/1/253 845/1/253
f 851/1/257 852/1/258 853/1/259
f 851/1/257 853/1/259 854/1/259
f 818/1/236 817/1/236 855/1/260
f 818/1/236 855/1/260 856/1/260
f 856/1/260 855/1/260 852/1/258
f 856/1/260 852/1/258 851/1/257
f 857/1/261 858/1/261 850/1/256
f 857/1/261 850/1/256 849/1/255
f 858/1/261 857/1/261 854/1/259
f 858/1/261 854/1/259 853/1/259
f 859/1/262 860/1/263 861/1/263
f 859/1/262 861/1/263 862/1/262
f 860/1/263 863/1/264 864/1/264
f 860/1/263 864/1/264 861/1/263
f 863/1/264 865/1/265 866/1/265
f 863/1/264 866/1/265 864/1/264
f 865/1/265 867/1/266 868/1/266
f 865/1/265 868/1/266 866/1/265
f 867/1/266 869/1/267 870/1/267
f 867/1/266 870/1/267 868/1/266
f 871/1/268 872/1/269 873/1/269
f 871/1/268 873/1/269 874/1/268
f 875/1/270 871/1/268 874/1/268
f 875/1/270 874/1/268 876/1/270
f 877/1/271 875/1/270 876/1/270
f 877/1/271 876/1/270 878/1/271
f 879/1/272 877/1/271 878/1/271
f 879/1/272 878/1/271 880/1/272
f 881/1/273 879/1/272 880/1/272
f 881/1/273 880/1/272 882/1/273
f 883/1/274 884/1/275 885/1/275
f 883/1/274 885/1/275 886/1/274
f 887/1/276 883/1/274 886/1/274
f 887/1/276 886/1/274 888/1/277
f 889/1/278 887/1/276 888/1/277
f 889/1/278 888/1/277 890/1/278
f 891/1/279 889/1/278 890/1/278
f 891/1/279 890/1/278 892/1/279
f 893/1/280 891/1/279 892/1/279
f 893/1/280 892/1/279 894/1/280
f 895/1/281 896/1/282 897/1/283
f 895/1/281 897/1/283 898/1/281
f 899/1/284 895/1/281 898/1/281
f 899/1/284 898/1/281 900/1/285
f 901/1/286 899/1/284 900/1/285
f 901/1/286 900/1/285 902/1/286
f 903/1/287 901/1/286 902/1/286
f 903/1/287 902/1/286 904/1/287
f 905/1/288 903/1/287 904/1/287
f 905/1/288 904/1/287 906/1/288
f 869/1/267 881/1/273 882/1/273
f 869/1/267 882/1/273 870/1/267
f 896/1/282 859/1/262 862/1/262
f 896/1/282 862/1/262 897/1/283
f 906/1/288 885/1/275 884/1/275
f 906/1/288 884/1/275 905/1/288
f 894/1/280 873/1/269 872/1/269
f 894/1/280 872/1/269 893/1/280
f 814/1/234 813/1/234 836/1/247
f 814/1/234 836/1/247 835/1/247
f 907/7/289 908/8/290 909/8/290
f 907/7/289 909/8/290 910/9/289
f 911/10/291 912/11/291 913/12/291
f 911/10/291 913/12/291 914/10/292
f 915/13/293 916/14/293 917/15/293
f 915/13/293 917/15/293 918/16/293
f 919/17/294 920/18/294 921/19/294
f 919/17/294 921/19/294 922/20/294
s 0
f 923/21/295 924/22/295 925/23/295
f 923/21/295 925/23/295 926/24/295
f 927/25/296 928/26/296 929/23/296
f 927/25/296 929/23/296 930/22/296
f 931/27/297 932/28/297 933/29/297
f 931/27/297 933/29/297 934/30/297
f 935/31/298 936/32/298 937/33/298
f 935/31/298 937/33/298 938/34/298
s 1
f 939/12/299 940/11/300 941/35/301
f 939/12/299 941/35/301 942/35/301
f 943/35/302 944/35/303 945/27/304
f 943/35/302 945/27/304 946/36/305
s 0
f 947/36/306 948/27/306 949/27/306
f 947/36/307 949/27/307 950/30/307
s 1
f 951/7/308 952/9/309 953/37/310
f 951/7/308 953/37/310 954/38/310
f 955/38/311 956/37/312 957/29/313
f 955/38/311 957/29/313 958/39/314
s 0
f 959/39/315 960/29/315 961/29/315
f 959/39/316 961/29/316 962/28/316
s 1
f 963/25/317 964/22/317 965/40/317
s 0
f 963/25/318 965/40/318 966/41/318
s 1
f 967/41/319 968/40/320 969/42/321
f 967/41/319 969/42/321 970/43/322
f 971/43/323 972/42/324 973/8/324
f 971/43/323 973/8/324 974/8/325
f 975/10/326 976/10/326 977/44/327
f 975/10/326 977/44/327 978/45/326
f 979/45/328 980/44/329 981/46/330
f 979/45/328 981/46/330 982/47/328
f 983/47/331 984/46/331 985/23/331
s 0
f 983/47/332 985/23/332 986/26/332
s 1
f 987/24/333 988/23/334 989/46/335
f 987/24/333 989/46/335 990/48/334
f 991/48/336 992/46/336 993/49/336
f 991/48/336 993/49/336 994/50/336
f 995/50/337 996/49/337 997/18/338
f 995/50/337 997/18/338 998/17/337
s 0
f 999/32/339 1000/31/339 1001/51/339
f 999/32/340 1001/51/340 1002/52/340
s 1
f 1003/52/341 1004/51/342 1005/53/343
f 1003/52/341 1005/53/343 1006/54/342
f 1007/55/344 1008/56/345 1009/20/346
f 1007/55/344 1009/20/346 1010/19/346
f 1011/14/347 1012/13/347 1013/57/348
f 1011/14/347 1013/57/348 1014/58/347
f 1015/58/349 1016/57/349 1017/59/350
f 1015/58/349 1017/59/350 1018/60/351
s 0
f 1019/60/352 1020/59/352 1021/34/352
f 1019/60/353 1021/34/353 1022/33/353
s 1
f 1023/22/354 1024/21/355 1025/61/356
f 1023/22/354 1025/61/356 1026/40/357
f 1027/40/358 1028/61/358 1029/62/359
f 1027/40/358 1029/62/359 1030/63/358
f 1031/63/360 1032/62/360 1033/16/360
f 1031/63/360 1033/16/360 1034/15/360
s 0
f 1035/10/361 1036/8/361 1037/7/361
f 1035/10/361 1037/7/361 1038/11/361
s 1
f 1039/64/362 1040/65/363 1041/66/364
f 1039/64/362 1041/66/364 1042/67/365
f 1040/65/363 1043/68/366 1044/69/367
f 1040/65/363 1044/69/367 1041/66/364
f 1042/67/365 1041/66/364 1045/70/368
f 1042/67/365 1045/70/368 1046/71/369
f 1041/66/364 1044/69/367 1047/72/370
f 1041/66/364 1047/72/370 1045/70/368
f 1048/73/371 1049/74/372 1039/64/362
f 1048/73/371 1039/64/362 1050/75/373
f 1049/74/372 1051/76/374 1040/65/363
f 1049/74/372 1040/65/363 1039/64/362
f 1051/76/374 1052/77/375 1043/68/366
f 1051/76/374 1043/68/366 1040/65/363
f 1052/77/375 1053/78/376 1054/79/377
f 1052/77/375 1054/79/377 1043/68/366
f 1043/68/366 1054/79/377 1055/80/378
f 1043/68/366 1055/80/378 1044/69/367
f 1044/69/367 1055/80/378 1056/81/379
f 1044/69/367 1056/81/379 1047/72/370
f 1047/72/370 1056/81/379 1057/82/380
f 1047/72/370 1057/82/380 1058/83/381
f 1045/70/368 1047/72/370 1058/83/381
f 1045/70/368 1058/83/381 1059/84/382
f 1046/71/369 1045/70/368 1059/84/382
f 1046/71/369 1059/84/382 1060/85/383
f 1061/86/384 1046/71/369 1060/85/383
f 1061/86/384 1060/85/383 1062/87/385
f 1063/88/386 1042/67/365 1046/71/369
f 1063/88/386 1046/71/369 1061/86/384
f 1050/75/373 1039/64/362 1042/67/365
f 1050/75/373 1042/67/365 1063/88/386
f 1064/89/387 1065/90/388 1066/91/389
f 1064/89/387 1066/91/389 1067/92/390
f 1068/93/391 1069/94/392 1070/95/393
f 1068/93/391 1070/95/393 1071/96/394
f 1070/95/393 1072/97/395 1073/98/396
f 1070/95/393 1073/98/396 1074/99/397
f 1072/97/395 1067/92/390 1075/100/398
f 1072/97/395 1075/100/398 1073/98/396
f 1076/101/399 1064/89/387 1067/92/390
f 1076/101/399 1067/92/390 1072/97/395
f 1068/93/391 1071/96/394 1077/102/400
f 1068/93/391 1077/102/400 1078/103/401
f 1067/92/390 1066/91/389 1079/104/402
f 1067/92/390 1079/104/402 1075/100/398
f 1075/100/398 1079/104/402 1080/105/403
f 1075/100/398 1080/105/403 1081/106/404
f 1073/98/396 1075/100/398 1081/106/404
f 1073/98/396 1081/106/404 1082/107/405
f 1074/99/397 1073/98/396 1082/107/405
f 1074/99/397 1082/107/405 1083/108/406
f 1084/109/407 1074/99/397 1083/108/406
f 1084/109/407 1083/108/406 1085/110/408
f 1071/96/394 1070/95/393 1074/99/397
f 1071/96/394 1074/99/397 1084/109/407
f 1086/111/409 1087/112/410 1088/113/411
f 1086/111/409 1088/113/411 1089/114/412
f 1090/115/413 1091/116/414 1092/117/415
f 1090/115/413 1092/117/415 1093/118/416
f 1091/116/414 1094/119/417 1095/120/418
f 1091/116/414 1095/120/418 1092/117/415
f 1093/118/416 1092/117/415 1096/121/419
f 1093/118/416 1096/121/419 1097/122/420
f 1092/117/415 1095/120/418 1098/123/421
f 1092/117/415 1098/123/421 1096/121/419
f 1085/110/408 1083/108/406 1090/115/413
f 1085/110/408 1090/115/413 1099/124/422
f 1083/108/406 1082/107/405 1091/116/414
f 1083/108/406 1091/116/414 1090/115/413
f 1082/107/405 1081/106/404 1094/119/417
f 1082/107/405 1094/119/417 1091/116/414
f 1081/106/404 1080/105/403 1100/125/423
f 1081/106/404 1100/125/423 1094/119/417
f 1094/119/417 1100/125/423 1101/126/424
f 1094/119/417 1101/126/424 1095/120/418
f 1095/120/418 1101/126/424 1102/127/425
f 1095/120/418 1102/127/425 1098/123/421
f 1098/123/421 1102/127/425 1103/128/426
f 1098/123/421 1103/128/426 1104/129/427
f 1096/121/419 1098/123/421 1104/129/427
f 1096/121/419 1104/129/427 1105/130/428
f 1097/122/420 1096/121/419 1105/130/428
f 1097/122/420 1105/130/428 1106/131/429
f 1107/132/430 1097/122/420 1106/131/429
f 1107/132/430 1106/131/429 1108/133/431
f 1109/134/432 1093/118/416 1097/122/420
f 1109/134/432 1097/122/420 1107/132/430
f 1099/124/422 1090/115/413 1093/118/416
f 1099/124/422 1093/118/416 1109/134/432
f 1110/135/433 1111/136/434 1112/137/435
f 1110/135/433 1112/137/435 1113/138/436
f 1114/139/437 1115/140/438 1111/136/434
f 1114/139/437 1111/136/434 1110/135/433
f 1116/141/439 1112/137/435 1117/142/440
f 1116/141/439 1117/142/440 1118/143/441
f 1112/137/435 1111/136/434 1119/144/442
f 1112/137/435 1119/144/442 1117/142/440
f 1120/145/443 1116/141/439 1121/146/444
f 1120/145/443 1121/146/444 1122/147/445
f 1111/136/434 1115/140/438 1123/148/446
f 1111/136/434 1123/148/446 1119/144/442
f 1119/144/442 1123/148/446 1124/149/447
f 1119/144/442 1124/149/447 1125/150/448
f 1117/142/440 1119/144/442 1125/150/448
f 1117/142/440 1125/150/448 1126/151/449
f 1118/143/441 1117/142/440 1126/151/449
f 1118/143/441 1126/151/449 1127/152/450
f 1128/153/451 1118/143/441 1127/152/450
f 1128/153/451 1127/152/450 1129/154/452
f 1121/146/444 1116/141/439 1118/143/441
f 1121/146/444 1118/143/441 1128/153/451
f 1130/155/453 1087/112/410 1086/111/409
f 1130/155/453 1086/111/409 1131/156/454
f 1130/155/453 1132/157/455 1133/158/456
f 1130/155/453 1133/158/456 1087/112/410
f 1066/91/389 1134/159/457 1130/155/453
f 1066/91/389 1130/155/453 1131/156/454
f 1087/112/410 1133/158/456 1135/160/458
f 1087/112/410 1135/160/458 1088/113/411
f 1089/114/412 1088/113/411 1136/161/438
f 1089/114/412 1136/161/438 1114/139/437
f 1134/159/457 1137/162/459 1132/157/455
f 1134/159/457 1132/157/455 1130/155/453
f 1137/162/459 1138/163/460 1139/164/379
f 1137/162/459 1139/164/379 1132/157/455
f 1132/157/455 1139/164/379 1140/165/378
f 1132/157/455 1140/165/378 1133/158/456
f 1133/158/456 1140/165/378 1141/166/377
f 1133/158/456 1141/166/377 1135/160/458
f 1135/160/458 1141/166/377 1142/167/447
f 1135/160/458 1142/167/447 1143/168/461
f 1088/113/411 1135/160/458 1143/168/461
f 1088/113/411 1143/168/461 1136/161/438
f 1069/94/392 1076/101/399 1072/97/395
f 1069/94/392 1072/97/395 1070/95/393
f 1144/169/462 1131/156/454 1086/111/409
f 1144/169/462 1086/111/409 1145/170/463
f 1145/170/463 1086/111/409 1089/114/412
f 1145/170/463 1089/114/412 1146/171/464
f 1080/105/403 1079/104/402 1144/169/462
f 1080/105/403 1144/169/462 1100/125/423
f 1079/104/402 1066/91/389 1131/156/454
f 1079/104/402 1131/156/454 1144/169/462
f 1146/171/464 1089/114/412 1114/139/437
f 1146/171/464 1114/139/437 1147/172/465
f 1102/127/425 1146/171/464 1147/172/465
f 1102/127/425 1147/172/465 1103/128/426
f 1101/126/424 1145/170/463 1146/171/464
f 1101/126/424 1146/171/464 1102/127/425
f 1100/125/423 1144/169/462 1145/170/463
f 1100/125/423 1145/170/463 1101/126/424
f 1148/173/466 1149/174/467 1113/138/436
f 1148/173/466 1113/138/436 1120/145/443
f 1149/174/467 1150/175/468 1110/135/433
f 1149/174/467 1110/135/433 1113/138/436
f 1108/133/431 1106/131/429 1148/173/466
f 1108/133/431 1148/173/466 1151/176/469
f 1106/131/429 1105/130/428 1149/174/467
f 1106/131/429 1149/174/467 1148/173/466
f 1105/130/428 1104/129/427 1150/175/468
f 1105/130/428 1150/175/468 1149/174/467
f 1104/129/427 1103/128/426 1147/172/465
f 1104/129/427 1147/172/465 1150/175/468
f 1150/175/468 1147/172/465 1114/139/437
f 1150/175/468 1114/139/437 1110/135/433
f 1151/176/469 1148/173/466 1120/145/443
f 1151/176/469 1120/145/443 1122/147/445
f 1152/177/470 1153/178/471 1076/101/399
f 1152/177/470 1076/101/399 1069/94/392
f 1153/178/471 1154/179/472 1064/89/387
f 1153/178/471 1064/89/387 1076/101/399
f 1062/87/385 1060/85/383 1152/177/470
f 1062/87/385 1152/177/470 1155/180/473
f 1060/85/383 1059/84/382 1153/178/471
f 1060/85/383 1153/178/471 1152/177/470
f 1059/84/382 1058/83/381 1154/179/472
f 1059/84/382 1154/179/472 1153/178/471
f 1058/83/381 1057/82/380 1156/181/459
f 1058/83/381 1156/181/459 1154/179/472
f 1154/179/472 1156/181/459 1065/90/388
f 1154/179/472 1065/90/388 1064/89/387
f 1155/180/473 1152/177/470 1069/94/392
f 1155/180/473 1069/94/392 1068/93/391
f 1157/182/474 1062/87/385 1155/180/473
f 1157/182/474 1155/180/473 1158/183/475
f 1158/183/475 1155/180/473 1068/93/391
f 1158/183/475 1068/93/391 1078/103/401
f 1122/147/445 1121/146/444 1159/184/476
f 1122/147/445 1159/184/476 1160/185/477
f 1161/186/478 1108/133/431 1151/176/469
f 1161/186/478 1151/176/469 1162/187/479
f 1162/187/479 1151/176/469 1122/147/445
f 1162/187/479 1122/147/445 1160/185/477
f 1159/184/476 1121/146/444 1128/153/451
f 1159/184/476 1128/153/451 1163/188/480
f 1163/188/480 1128/153/451 1129/154/452
f 1163/188/480 1129/154/452 1164/189/481
f 1165/190/482 1085/110/408 1099/124/422
f 1165/190/482 1099/124/422 1166/191/483
f 1166/191/483 1099/124/422 1109/134/432
f 1166/191/483 1109/134/432 1167/192/484
f 1167/192/484 1109/134/432 1107/132/430
f 1167/192/484 1107/132/430 1168/193/485
f 1168/193/485 1107/132/430 1108/133/431
f 1168/193/485 1108/133/431 1161/186/478
f 1077/102/400 1071/96/394 1084/109/407
f 1077/102/400 1084/109/407 1169/194/486
f 1169/194/486 1084/109/407 1085/110/408
f 1169/194/486 1085/110/408 1165/190/482
f 1170/195/487 1048/73/371 1050/75/373
f 1170/195/487 1050/75/373 1171/196/488
f 1171/196/488 1050/75/373 1063/88/386
f 1171/196/488 1063/88/386 1172/197/489
f 1172/197/489 1063/88/386 1061/86/384
f 1172/197/489 1061/86/384 1173/198/490
f 1173/198/490 1061/86/384 1062/87/385
f 1173/198/490 1062/87/385 1157/182/474
f 1113/138/436 1112/137/435 1116/141/439
f 1113/138/436 1116/141/439 1120/145/443
s 0
f 1174/199/491 1175/199/491 1176/199/491
f 1174/199/491 1176/199/491 1177/199/491
f 1178/199/492 1179/199/492 1180/199/492
f 1178/199/492 1180/199/492 1181/199/492
f 1182/199/493 1183/199/493 1184/199/493
f 1182/199/494 1184/199/494 1185/199/494
f 1186/199/495 1187/199/495 1188/199/495
f 1186/199/496 1188/199/496 1189/199/496
f 1190/199/497 1191/199/497 1192/199/497
f 1190/199/497 1192/199/497 1193/199/497
f 1194/199/498 1195/199/498 1196/199/498
f 1194/199/498 1196/199/498 1197/199/498
f 1198/199/491 1199/199/491 1200/199/491
f 1198/199/491 1200/199/491 1201/199/491
f 1202/199/499 1203/199/499 1204/199/499
f 1202/199/492 1204/199/492 1205/199/492
f 1206/199/493 1207/199/493 1208/199/493
f 1206/199/494 1208/199/494 1209/199/494
f 1210/199/495 1211/199/495 1212/199/495
f 1210/199/495 1212/199/495 1213/199/495
f 1214/199/497 1215/199/497 1216/199/497
f 1214/199/497 1216/199/497 1217/199/497
f 1218/199/498 1219/199/498 1220/199/498
f 1218/199/498 1220/199/498 1221/199/498
f 1222/199/500 1223/199/500 1224/199/500
f 1222/199/491 1224/199/491 1225/199/491
f 1226/199/501 1227/199/501 1228/199/501
f 1226/199/499 1228/199/499 1229/199/499
f 1230/199/493 1231/199/493 1232/199/493
s 1
f 1230/199/494 1232/199/494 1233/199/494
s 0
f 1234/199/495 1235/199/495 1236/199/495
f 1234/199/502 1236/199/502 1237/199/502
f 1238/199/497 1239/199/497 1240/199/497
f 1238/199/497 1240/199/497 1241/199/497
f 1242/199/498 1243/199/498 1244/199/498
f 1242/199/498 1244/199/498 1245/199/498
f 1246/199/491 1247/199/491 1248/199/491
f 1246/199/491 1248/199/491 1249/199/491
f 1250/199/499 1251/199/499 1252/199/499
f 1250/199/492 1252/199/492 1253/199/492
f 1254/199/493 1255/199/493 1256/199/493
f 1254/199/494 1256/199/494 1257/199/494
f 1258/199/495 1259/199/495 1260/199/495
f 1258/199/502 1260/199/502 1261/199/502
f 1262/199/497 1263/199/497 1264/199/497
f 1262/199/497 1264/199/497 1265/199/497
f 1266/199/498 1267/199/498 1268/199/498
f 1266/199/498 1268/199/498 1269/199/498
f 1270/199/491 1271/199/491 1272/199/491
f 1270/199/491 1272/199/491 1273/199/491
f 1274/199/499 1275/199/499 1276/199/499
f 1274/199/492 1276/199/492 1277/199/492
f 1278/199/493 1279/199/493 1280/199/493
f 1278/199/494 1280/199/494 1281/199/494
f 1282/199/502 1283/199/502 1284/199/502
f 1282/199/502 1284/199/502 1285/199/502
f 1286/199/497 1287/199/497 1288/199/497
f 1286/199/497 1288/199/497 1289/199/497
f 1290/199/498 1291/199/498 1292/199/498
f 1290/199/498 1292/199/498 1293/199/498
f 1294/199/491 1295/199/491 1296/199/491
f 1294/199/491 1296/199/491 1297/199/491
f 1298/199/499 1299/199/499 1300/199/499
f 1298/199/499 1300/199/499 1301/199/499
f 1302/199/493 1303/199/493 1304/199/493
f 1302/199/494 1304/199/494 1305/199/494
f 1306/199/495 1307/199/495 1308/199/495
f 1306/199/502 1308/199/502 1309/199/502
f 1310/199/497 1311/199/497 1312/199/497
s 1
f 1310/199/497 1312/199/497 1313/199/497
s 0
f 1314/199/498 1315/199/498 1316/199/498
f 1314/199/498 1316/199/498 1317/199/498
f 1318/199/491 1319/199/491 1320/199/491
f 1318/199/491 1320/199/491 1321/199/491
f 1322/199/501 1323/199/501 1324/199/501
f 1322/199/492 1324/199/492 1325/199/492
f 1326/199/493 1327/199/493 1328/199/493
f 1326/199/494 1328/199/494 1329/199/494
f 1330/199/502 1331/199/502 1332/199/502
f 1330/199/495 1332/199/495 1333/199/495
f 1334/199/497 1335/199/497 1336/199/497
f 1334/199/497 1336/199/497 1337/199/497
f 1338/199/498 1339/199/498 1340/199/498
f 1338/199/498 1340/199/498 1341/199/498
f 1342/199/491 1343/199/491 1344/199/491
f 1342/199/491 1344/199/491 1345/199/491
f 1346/199/492 1347/199/492 1348/199/492
f 1346/199/499 1348/199/499 1349/199/499
f 1350/199/494 1351/199/494 1352/199/494
f 1350/199/494 1352/199/494 1353/199/494
f 1354/199/502 1355/199/502 1356/199/502
f 1354/199/502 1356/199/502 1357/199/502
f 1358/199/497 1359/199/497 1360/199/497
f 1358/199/497 1360/199/497 1361/199/497
f 1362/199/498 1363/199/498 1364/199/498
f 1362/199/498 1364/199/498 1365/199/498
f 1366/199/491 1367/199/491 1368/199/491
f 1366/199/491 1368/199/491 1369/199/491
f 1370/199/499 1371/199/499 1372/199/499
f 1370/199/499 1372/199/499 1373/199/499
f 1374/199/493 1375/199/493 1376/199/493
f 1374/199/494 1376/199/494 1377/199/494
f 1378/199/495 1379/199/495 1380/199/495
f 1378/199/502 1380/199/502 1381/199/502
f 1382/199/497 1383/199/497 1384/199/497
f 1382/199/497 1384/199/497 1385/199/497
f 1386/199/498 1387/199/498 1388/199/498
f 1386/199/498 1388/199/498 1389/199/498
f 1390/199/491 1391/199/491 1392/199/491
f 1390/199/491 1392/199/491 1393/199/491
f 1394/199/492 1395/199/492 1396/199/492
f 1394/199/492 1396/199/492 1397/199/492
f 1398/199/493 1399/199/493 1400/199/493
f 1398/199/493 1400/199/493 1401/199/493
f 1402/199/495 1403/199/495 1404/199/495
f 1402/199/495 1404/199/495 1405/199/495
f 1406/199/497 1407/199/497 1408/199/497
f 1406/199/497 1408/199/497 1409/199/497
f 1410/199/498 1411/199/498 1412/199/498
f 1410/199/498 1412/199/498 1413/199/498
f 1414/199/503 1415/199/503 1416/199/503
f 1414/199/491 1416/199/491 1417/199/491
f 1418/199/499 1419/199/499 1420/199/499
f 1418/199/492 1420/199/492 1421/199/492
f 1422/199/493 1423/199/493 1424/199/493
f 1422/199/494 1424/199/494 1425/199/494
f 1426/199/495 1427/199/495 1428/199/495
f 1426/199/504 1428/199/504 1429/199/504
f 1430/199/497 1431/199/497 1432/199/497
f 1430/199/497 1432/199/497 1433/199/497
f 1434/199/498 1435/199/498 1436/199/498
f 1434/199/498 1436/199/498 1437/199/498
f 1438/199/491 1439/199/491 1440/199/491
f 1438/199/491 1440/199/491 1441/199/491
f 1442/199/501 1443/199/501 1444/199/501
f 1442/199/492 1444/199/492 1445/199/492
f 1446/199/493 1447/199/493 1448/199/493
f 1446/199/494 1448/199/494 1449/199/494
f 1450/199/495 1451/199/495 1452/199/495
f 1450/199/495 1452/199/495 1453/199/495
f 1454/199/497 1455/199/497 1456/199/497
f 1454/199/497 1456/199/497 1457/199/497
f 1458/199/498 1459/199/498 1460/199/498
f 1458/199/498 1460/199/498 1461/199/498
f 1462/199/500 1463/199/500 1464/199/500
f 1462/199/500 1464/199/500 1465/199/500
f 1466/199/492 1467/199/492 1468/199/492
f 1466/199/501 1468/199/501 1469/199/501
f 1470/199/494 1471/199/494 1472/199/494
f 1470/199/494 1472/199/494 1473/199/494
s 1
f 1474/199/495 1475/199/495 1476/199/495
f 1474/199/495 1476/199/495 1477/199/495
s 0
f 1478/199/497 1479/199/497 1480/199/497
f 1478/199/497 1480/199/497 1481/199/497
f 1482/199/498 1483/199/498 1484/199/498
f 1482/199/498 1484/199/498 1485/199/498
f 1486/199/491 1487/199/491 1488/199/491
f 1486/199/491 1488/199/491 1489/199/491
f 1490/199/499 1491/199/499 1492/199/499
f 1490/199/499 1492/199/499 1493/199/499
f 1494/199/493 1495/199/493 1496/199/493
f 1494/199/494 1496/199/494 1497/199/494
f 1498/199/495 1499/199/495 1500/199/495
f 1498/199/502 1500/199/502 1501/199/502
f 1502/199/497 1503/199/497 1504/199/497
f 1502/199/497 1504/199/497 1505/199/497
f 1506/199/498 1507/199/498 1508/199/498
f 1506/199/498 1508/199/498 1509/199/498
f 1510/199/503 1511/199/503 1512/199/503
f 1510/199/491 1512/199/491 1513/199/491
f 1514/199/501 1515/199/501 1516/199/501
f 1514/199/499 1516/199/499 1517/199/499
f 1518/199/494 1519/199/494 1520/199/494
f 1518/199/494 1520/199/494 1521/199/494
f 1522/199/495 1523/199/495 1524/199/495
f 1522/199/496 1524/199/496 1525/199/496
f 1526/199/497 1527/199/497 1528/199/497
f 1526/199/497 1528/199/497 1529/199/497
f 1530/199/498 1531/199/498 1532/199/498
f 1530/199/498 1532/199/498 1533/199/498
f 1534/199/491 1535/199/491 1536/199/491
f 1534/199/500 1536/199/500 1537/199/500
f 1538/199/499 1539/199/499 1540/199/499
f 1538/199/499 1540/199/499 1541/199/499
f 1542/199/505 1543/199/505 1544/199/505
f 1542/199/493 1544/199/493 1545/199/493
f 1546/199/502 1547/199/502 1548/199/502
f 1546/199/502 1548/199/502 1549/199/502
f 1550/199/497 1551/199/497 1552/199/497
f 1550/199/497 1552/199/497 1553/199/497
f 1554/199/498 1555/199/498 1556/199/498
f 1554/199/498 1556/199/498 1557/199/498
f 1558/199/491 1559/199/491 1560/199/491
f 1558/199/491 1560/199/491 1561/199/491
f 1562/199/499 1563/199/499 1564/199/499
f 1562/199/492 1564/199/492 1565/199/492
f 1566/199/494 1567/199/494 1568/199/494
f 1566/199/505 1568/199/505 1569/199/505
s 1
f 1570/199/495 1571/199/495 1572/199/495
s 0
f 1570/199/502 1572/199/502 1573/199/502
f 1574/199/497 1575/199/497 1576/199/497
f 1574/199/497 1576/199/497 1577/199/497
f 1578/199/498 1579/199/498 1580/199/498
f 1578/199/498 1580/199/498 1581/199/498
f 1582/199/491 1583/199/491 1584/199/491
f 1582/199/491 1584/199/491 1585/199/491
f 1586/199/499 1587/199/499 1588/199/499
f 1586/199/492 1588/199/492 1589/199/492
f 1590/199/493 1591/199/493 1592/199/493
f 1590/199/493 1592/199/493 1593/199/493
f 1594/199/502 1595/199/502 1596/199/502
f 1594/199/502 1596/199/502 1597/199/502
f 1598/199/497 1599/199/497 1600/199/497
f 1598/199/497 1600/199/497 1601/199/497
f 1602/199/498 1603/199/498 1604/199/498
f 1602/199/498 1604/199/498 1605/199/498
f 1606/199/491 1607/199/491 1608/199/491
f 1606/199/491 1608/199/491 1609/199/491
f 1610/199/492 1611/199/492 1612/199/492
f 1610/199/499 1612/199/499 1613/199/499
f 1614/199/494 1615/199/494 1616/199/494
f 1614/199/505 1616/199/505 1617/199/505
f 1618/199/495 1619/199/495 1620/199/495
f 1618/199/502 1620/199/502 1621/199/502
f 1622/199/497 1623/199/497 1624/199/497
f 1622/199/497 1624/199/497 1625/199/497
f 1626/199/498 1627/199/498 1628/199/498
f 1626/199/498 1628/199/498 1629/199/498
f 1630/199/500 1631/199/500 1632/199/500
f 1630/199/491 1632/199/491 1633/199/491
f 1634/199/499 1635/199/499 1636/199/499
f 1634/199/499 1636/199/499 1637/199/499
f 1638/199/493 1639/199/493 1640/199/493
f 1638/199/493 1640/199/493 1641/199/493
f 1642/199/495 1643/199/495 1644/199/495
f 1642/199/502 1644/199/502 1645/199/502
f 1646/199/497 1647/199/497 1648/199/497
f 1646/199/497 1648/199/497 1649/199/497
f 1650/199/498 1651/199/498 1652/199/498
f 1650/199/498 1652/199/498 1653/199/498
f 1654/199/491 1655/199/491 1656/199/491
f 1654/199/500 1656/199/500 1657/199/500
f 1658/199/501 1659/199/501 1660/199/501
f 1658/199/492 1660/199/492 1661/199/492
f 1662/199/493 1663/199/493 1664/199/493
f 1662/199/494 1664/199/494 1665/199/494
f 1666/199/502 1667/199/502 1668/199/502
f 1666/199/495 1668/199/495 1669/199/495
f 1670/199/497 1671/199/497 1672/199/497
f 1670/199/497 1672/199/497 1673/199/497
f 1674/199/498 1675/199/498 1676/199/498
f 1674/199/498 1676/199/498 1677/199/498
f 1678/199/491 1679/199/491 1680/199/491
f 1678/199/491 1680/199/491 1681/199/491
f 1682/199/499 1683/199/499 1684/199/499
f 1682/199/492 1684/199/492 1685/199/492
f 1686/199/494 1687/199/494 1688/199/494
f 1686/199/493 1688/199/493 1689/199/493
f 1690/199/504 1691/199/504 1692/199/504
f 1690/199/502 1692/199/502 1693/199/502
f 1694/199/497 1695/199/497 1696/199/497
f 1694/199/497 1696/199/497 1697/199/497
f 1698/199/498 1699/199/498 1700/199/498
f 1698/199/498 1700/199/498 1701/199/498
f 1702/199/500 1703/199/500 1704/199/500
f 1702/199/500 1704/199/500 1705/199/500
f 1706/199/499 1707/199/499 1708/199/499
f 1706/199/499 1708/199/499 1709/199/499
f 1710/199/493 1711/199/493 1712/199/493
f 1710/199/493 1712/199/493 1713/199/493
f 1714/199/495 1715/199/495 1716/199/495
f 1714/199/502 1716/199/502 1717/199/502
f 1718/199/497 1719/199/497 1720/199/497
f 1718/199/497 1720/199/497 1721/199/497
f 1722/199/498 1723/199/498 1724/199/498
f 1722/199/498 1724/199/498 1725/199/498
f 1726/199/491 1727/199/491 1728/199/491
f 1726/199/491 1728/199/491 1729/199/491
f 1730/199/492 1731/199/492 1732/199/492
f 1730/199/499 1732/199/499 1733/199/499
f 1734/199/493 1735/199/493 1736/199/493
f 1734/199/494 1736/199/494 1737/199/494
f 1738/199/495 1739/199/495 1740/199/495
f 1738/199/496 1740/199/496 1741/199/496
f 1742/199/497 1743/199/497 1744/199/497
f 1742/199/497 1744/199/497 1745/199/497
f 1746/199/498 1747/199/498 1748/199/498
f 1746/199/498 1748/199/498 1749/199/498
f 1750/199/491 1751/199/491 1752/199/491
f 1750/199/500 1752/199/500 1753/199/500
f 1754/199/499 1755/199/499 1756/199/499
f 1754/199/492 1756/199/492 1757/199/492
f 1758/199/493 1759/199/493 1760/199/493
f 1758/199/494 1760/199/494 1761/199/494
f 1762/199/502 1763/199/502 1764/199/502
f 1762/199/502 1764/199/502 1765/199/502
f 1766/199/497 1767/199/497 1768/199/497
f 1766/199/497 1768/199/497 1769/199/497
f 1770/199/498 1771/199/498 1772/199/498
f 1770/199/498 1772/199/498 1773/199/498
f 1774/199/491 1775/199/491 1776/199/491
f 1774/199/491 1776/199/491 1777/199/491
f 1778/199/492 1779/199/492 1780/199/492
f 1778/199/499 1780/199/499 1781/199/499
f 1782/199/493 1783/199/493 1784/199/493
f 1782/199/494 1784/199/494 1785/199/494
f 1786/199/502 1787/199/502 1788/199/502
f 1786/199/495 1788/199/495 1789/199/495
f 1790/199/497 1791/199/497 1792/199/497
f 1790/199/497 1792/199/497 1793/199/497
f 1794/199/498 1795/199/498 1796/199/498
f 1794/199/498 1796/199/498 1797/199/498
f 1798/199/491 1799/199/491 1800/199/491
f 1798/199/491 1800/199/491 1801/199/491
f 1802/199/499 1803/199/499 1804/199/499
f 1802/199/492 1804/199/492 1805/199/492
f 1806/199/493 1807/199/493 1808/199/493
f 1806/199/494 1808/199/494 1809/199/494
f 1810/199/502 1811/199/502 1812/199/502
f 1810/199/496 1812/199/496 1813/199/496
f 1814/199/497 1815/199/497 1816/199/497
f 1814/199/497 1816/199/497 1817/199/497
f 1818/199/498 1819/199/498 1820/199/498
f 1818/199/498 1820/199/498 1821/199/498
f 1822/199/500 1823/199/500 1824/199/500
f 1822/199/491 1824/199/491 1825/199/491
f 1826/199/499 1827/199/499 1828/199/499
f 1826/199/492 1828/199/492 1829/199/492
f 1830/199/494 1831/199/494 1832/199/494
f 1830/199/493 1832/199/493 1833/199/493
f 1834/199/502 1835/199/502 1836/199/502
f 1834/199/502 1836/199/502 1837/199/502
f 1838/199/497 1839/199/497 1840/199/497
f 1838/199/497 1840/199/497 1841/199/497
f 1842/199/498 1843/199/498 1844/199/498
f 1842/199/498 1844/199/498 1845/199/498
f 1846/199/491 1847/199/491 1848/199/491
f 1846/199/491 1848/199/491 1849/199/491
s 1
f 1850/199/499 1851/199/499 1852/199/499
s 0
f 1850/199/492 1852/199/492 1853/199/492
f 1854/199/493 1855/199/493 1856/199/493
f 1854/199/494 1856/199/494 1857/199/494
f 1858/199/496 1859/199/496 1860/199/496
f 1858/199/496 1860/199/496 1861/199/496
f 1862/199/497 1863/199/497 1864/199/497
f 1862/199/497 1864/199/497 1865/199/497
f 1866/199/498 1867/199/498 1868/199/498
f 1866/199/498 1868/199/498 1869/199/498
f 1870/199/500 1871/199/500 1872/199/500
f 1870/199/491 1872/199/491 1873/199/491
f 1874/199/499 1875/199/499 1876/199/499
f 1874/199/492 1876/199/492 1877/199/492
f 1878/199/493 1879/199/493 1880/199/493
f 1878/199/493 1880/199/493 1881/199/493
f 1882/199/495 1883/199/495 1884/199/495
f 1882/199/495 1884/199/495 1885/199/495
f 1886/199/497 1887/199/497 1888/199/497
f 1886/199/497 1888/199/497 1889/199/497
f 1890/199/498 1891/199/498 1892/199/498
f 1890/199/498 1892/199/498 1893/199/498
f 1894/199/491 1895/199/491 1896/199/491
f 1894/199/491 1896/199/491 1897/199/491
f 1898/199/499 1899/199/499 1900/199/499
f 1898/199/499 1900/199/499 1901/199/499
f 1902/199/494 1903/199/494 1904/199/494
f 1902/199/493 1904/199/493 1905/199/493
f 1906/199/496 1907/199/496 1908/199/496
f 1906/199/502 1908/199/502 1909/199/502
f 1910/199/497 1911/199/497 1912/199/497
f 1910/199/497 1912/199/497 1913/199/497
f 1914/199/498 1915/199/498 1916/199/498
f 1914/199/498 1916/199/498 1917/199/498
f 1918/199/500 1919/199/500 1920/199/500
f 1918/199/491 1920/199/491 1921/199/491
f 1922/199/499 1923/199/499 1924/199/499
f 1922/199/499 1924/199/499 1925/199/499
f 1926/199/493 1927/199/493 1928/199/493
f 1926/199/493 1928/199/493 1929/199/493
f 1930/199/496 1931/199/496 1932/199/496
f 1930/199/495 1932/199/495 1933/199/495
f 1934/199/497 1935/199/497 1936/199/497
f 1934/199/497 1936/199/497 1937/199/497
f 1938/199/498 1939/199/498 1940/199/498
s 1
f 1938/199/498 1940/199/498 1941/199/498
s 0
f 1942/199/500 1943/199/500 1944/199/500
f 1942/199/500 1944/199/500 1945/199/500
f 1946/199/499 1947/199/499 1948/199/499
f 1946/199/492 1948/199/492 1949/199/492
f 1950/199/494 1951/199/494 1952/199/494
f 1950/199/493 1952/199/493 1953/199/493
f 1954/199/496 1955/199/496 1956/199/496
f 1954/199/502 1956/199/502 1957/199/502
f 1958/199/497 1959/199/497 1960/199/497
f 1958/199/497 1960/199/497 1961/199/497
f 1962/199/498 1963/199/498 1964/199/498
f 1962/199/498 1964/199/498 1965/199/498
f 1966/199/491 1967/199/491 1968/199/491
f 1966/199/491 1968/199/491 1969/199/491
f 1970/199/492 1971/199/492 1972/199/492
f 1970/199/499 1972/199/499 1973/199/499
f 1974/199/493 1975/199/493 1976/199/493
f 1974/199/493 1976/199/493 1977/199/493
f 1978/199/502 1979/199/502 1980/199/502
f 1978/199/502 1980/199/502 1981/199/502
f 1982/199/497 1983/199/497 1984/199/497
f 1982/199/497 1984/199/497 1985/199/497
f 1986/199/498 1987/199/498 1988/199/498
f 1986/199/498 1988/199/498 1989/199/498
f 1990/199/503 1991/199/503 1992/199/503
f 1990/199/491 1992/199/491 1993/199/491
f 1994/199/499 1995/199/499 1996/199/499
f 1994/199/492 1996/199/492 1997/199/492
f 1998/199/493 1999/199/493 2000/199/493
f 1998/199/494 2000/199/494 2001/199/494
f 2002/199/495 2003/199/495 2004/199/495
f 2002/199/504 2004/199/504 2005/199/504
f 2006/199/497 2007/199/497 2008/199/497
f 2006/199/497 2008/199/497 2009/199/497
f 2010/199/498 2011/199/498 2012/199/498
f 2010/199/498 2012/199/498 2013/199/498
f 2014/199/500 2015/199/500 2016/199/500
f 2014/199/500 2016/199/500 2017/199/500
f 2018/199/499 2019/199/499 2020/199/499
f 2018/199/499 2020/199/499 2021/199/499
f 2022/199/494 2023/199/494 2024/199/494
f 2022/199/494 2024/199/494 2025/199/494
f 2026/199/496 2027/199/496 2028/199/496
f 2026/199/495 2028/199/495 2029/199/495
f 2030/199/497 2031/199/497 2032/199/497
f 2030/199/497 2032/199/497 2033/199/497
f 2034/199/498 2035/199/498 2036/199/498
f 2034/199/498 2036/199/498 2037/199/498
f 2038/199/491 2039/199/491 2040/199/491
f 2038/199/491 2040/199/491 2041/199/491
f 2042/199/492 2043/199/492 2044/199/492
f 2042/199/499 2044/199/499 2045/199/499
f 2046/199/505 2047/199/505 2048/199/505
f 2046/199/493 2048/199/493 2049/199/493
f 2050/199/495 2051/199/495 2052/199/495
f 2050/199/502 2052/199/502 2053/199/502
f 2054/199/497 2055/199/497 2056/199/497
f 2054/199/497 2056/199/497 2057/199/497
f 2058/199/498 2059/199/498 2060/199/498
f 2058/199/498 2060/199/498 2061/199/498
f 2062/199/500 2063/199/500 2064/199/500
f 2062/199/500 2064/199/500 2065/199/500
f 2066/199/499 2067/199/499 2068/199/499
f 2066/199/499 2068/199/499 2069/199/499
f 2070/199/493 2071/199/493 2072/199/493
f 2070/199/493 2072/199/493 2073/199/493
f 2074/199/496 2075/199/496 2076/199/496
f 2074/199/495 2076/199/495 2077/199/495
f 2078/199/497 2079/199/497 2080/199/497
f 2078/199/497 2080/199/497 2081/199/497
f 2082/199/498 2083/199/498 2084/199/498
f 2082/199/498 2084/199/498 2085/199/498
f 2086/199/491 2087/199/491 2088/199/491
f 2086/199/491 2088/199/491 2089/199/491
f 2090/199/499 2091/199/499 2092/199/499
f 2090/199/499 2092/199/499 2093/199/499
f 2094/199/494 2095/199/494 2096/199/494
f 2094/199/494 2096/199/494 2097/199/494
f 2098/199/502 2099/199/502 2100/199/502
f 2098/199/502 2100/199/502 2101/199/502
f 2102/199/497 2103/199/497 2104/199/497
f 2102/199/497 2104/199/497 2105/199/497
f 2106/199/498 2107/199/498 2108/199/498
f 2106/199/498 2108/199/498 2109/199/498
f 2110/199/491 2111/199/491 2112/199/491
f 2110/199/503 2112/199/503 2113/199/503
f 2114/199/492 2115/199/492 2116/199/492
f 2114/199/492 2116/199/492 2117/199/492
f 2118/199/493 2119/199/493 2120/199/493
f 2118/199/493 2120/199/493 2121/199/493
f 2122/199/495 2123/199/495 2124/199/495
f 2122/199/502 2124/199/502 2125/199/502
f 2126/199/497 2127/199/497 2128/199/497
f 2126/199/497 2128/199/497 2129/199/497
f 2130/199/498 2131/199/498 2132/199/498
f 2130/199/498 2132/199/498 2133/199/498
f 2134/199/491 2135/199/491 2136/199/491
f 2134/199/500 2136/199/500 2137/199/500
f 2138/199/492 2139/199/492 2140/199/492
f 2138/199/499 2140/199/499 2141/199/499
f 2142/199/494 2143/199/494 2144/199/494
f 2142/199/493 2144/199/493 2145/199/493
f 2146/199/502 2147/199/502 2148/199/502
f 2146/199/495 2148/199/495 2149/199/495
f 2150/199/497 2151/199/497 2152/199/497
f 2150/199/497 2152/199/497 2153/199/497
f 2154/199/498 2155/199/498 2156/199/498
f 2154/199/498 2156/199/498 2157/199/498
f 2158/199/491 2159/199/491 2160/199/491
f 2158/199/491 2160/199/491 2161/199/491
f 2162/199/492 2163/199/492 2164/199/492
f 2162/199/499 2164/199/499 2165/199/499
f 2166/199/494 2167/199/494 2168/199/494
f 2166/199/493 2168/199/493 2169/199/493
f 2170/199/495 2171/199/495 2172/199/495
f 2170/199/502 2172/199/502 2173/199/502
f 2174/199/497 2175/199/497 2176/199/497
f 2174/199/497 2176/199/497 2177/199/497
f 2178/199/498 2179/199/498 2180/199/498
f 2178/199/498 2180/199/498 2181/199/498
f 2182/199/491 2183/199/491 2184/199/491
f 2182/199/491 2184/199/491 2185/199/491
f 2186/199/499 2187/199/499 2188/199/499
f 2186/199/492 2188/199/492 2189/199/492
f 2190/199/493 2191/199/493 2192/199/493
f 2190/199/493 2192/199/493 2193/199/493
f 2194/199/496 2195/199/496 2196/199/496
f 2194/199/502 2196/199/502 2197/199/502
f 2198/199/497 2199/199/497 2200/199/497
f 2198/199/497 2200/199/497 2201/199/497
f 2202/199/498 2203/199/498 2204/199/498
f 2202/199/498 2204/199/498 2205/199/498
f 2206/199/500 2207/199/500 2208/199/500
f 2206/199/491 2208/199/491 2209/199/491
f 2210/199/499 2211/199/499 2212/199/499
s 1
f 2210/199/492 2212/199/492 2213/199/492
s 0
f 2214/199/493 2215/199/493 2216/199/493
f 2214/199/493 2216/199/493 2217/199/493
f 2218/199/495 2219/199/495 2220/199/495
f 2218/199/502 2220/199/502 2221/199/502
f 2222/199/497 2223/199/497 2224/199/497
f 2222/199/497 2224/199/497 2225/199/497
f 2226/199/498 2227/199/498 2228/199/498
f 2226/199/498 2228/199/498 2229/199/498
f 2230/199/491 2231/199/491 2232/199/491
f 2230/199/491 2232/199/491 2233/199/491
f 2234/199/492 2235/199/492 2236/199/492
f 2234/199/499 2236/199/499 2237/199/499
f 2238/199/493 2239/199/493 2240/199/493
f 2238/199/493 2240/199/493 2241/199/493
f 2242/199/495 2243/199/495 2244/199/495
s 1
f 2242/199/502 2244/199/502 2245/199/502
s 0
f 2246/199/497 2247/199/497 2248/199/497
f 2246/199/497 2248/199/497 2249/199/497
f 2250/199/498 2251/199/498 2252/199/498
f 2250/199/498 2252/199/498 2253/199/498
f 2254/199/491 2255/199/491 2256/199/491
f 2254/199/491 2256/199/491 2257/199/491
f 2258/199/499 2259/199/499 2260/199/499
s 1
f 2258/199/492 2260/199/492 2261/199/492
s 0
f 2262/199/494 2263/199/494 2264/199/494
f 2262/199/493 2264/199/493 2265/199/493
f 2266/199/502 2267/199/502 2268/199/502
f 2266/199/495 2268/199/495 2269/199/495
f 2270/199/497 2271/199/497 2272/199/497
f 2270/199/497 2272/199/497 2273/199/497
f 2274/199/498 2275/199/498 2276/199/498
f 2274/199/498 2276/199/498 2277/199/498
f 2278/199/491 2279/199/491 2280/199/491
f 2278/199/491 2280/199/491 2281/199/491
s 1
f 2282/199/499 2283/199/499 2284/199/499
f 2282/199/499 2284/199/499 2285/199/499
s 0
f 2286/199/493 2287/199/493 2288/199/493
f 2286/199/493 2288/199/493 2289/199/493
f 2290/199/502 2291/199/502 2292/199/502
f 2290/199/502 2292/199/502 2293/199/502
f 2294/199/497 2295/199/497 2296/199/497
f 2294/199/497 2296/199/497 2297/199/497
f 2298/199/498 2299/199/498 2300/199/498
f 2298/199/498 2300/199/498 2301/199/498
f 2302/199/491 2303/199/491 2304/199/491
f 2302/199/491 2304/199/491 2305/199/491
f 2306/199/492 2307/199/492 2308/199/492
f 2306/199/499 2308/199/499 2309/199/499
f 2310/199/493 2311/199/493 2312/199/493
f 2310/199/494 2312/199/494 2313/199/494
f 2314/199/506 2315/199/506 2316/199/506
f 2314/199/495 2316/199/495 2317/199/495
f 2318/199/497 2319/199/497 2320/199/497
f 2318/199/497 2320/199/497 2321/199/497
f 2322/199/498 2323/199/498 2324/199/498
s 1
f 2322/199/498 2324/199/498 2325/199/498
s 0
f 2326/199/491 2327/199/491 2328/199/491
f 2326/199/500 2328/199/500 2329/199/500
f 2330/199/499 2331/199/499 2332/199/499
f 2330/199/499 2332/199/499 2333/199/499
f 2334/199/494 2335/199/494 2336/199/494
f 2334/199/494 2336/199/494 2337/199/494
f 2338/199/495 2339/199/495 2340/199/495
f 2338/199/496 2340/199/496 2341/199/496
f 2342/199/497 2343/199/497 2344/199/497
s 1
f 2342/199/497 2344/199/497 2345/199/497
s 0
f 2346/199/498 2347/199/498 2348/199/498
f 2346/199/498 2348/199/498 2349/199/498
f 2350/199/503 2351/199/503 2352/199/503
f 2350/199/491 2352/199/491 2353/199/491
f 2354/199/492 2355/199/492 2356/199/492
f 2354/199/499 2356/199/499 2357/199/499
f 2358/199/505 2359/199/505 2360/199/505
f 2358/199/494 2360/199/494 2361/199/494
f 2362/199/495 2363/199/495 2364/199/495
f 2362/199/496 2364/199/496 2365/199/496
f 2366/199/497 2367/199/497 2368/199/497
f 2366/199/497 2368/199/497 2369/199/497
f 2370/199/498 2371/199/498 2372/199/498
f 2370/199/498 2372/199/498 2373/199/498
f 2374/199/491 2375/199/491 2376/199/491
f 2374/199/491 2376/199/491 2377/199/491
f 2378/199/499 2379/199/499 2380/199/499
f 2378/199/492 2380/199/492 2381/199/492
f 2382/199/493 2383/199/493 2384/199/493
f 2382/199/493 2384/199/493 2385/199/493
f 2386/199/496 2387/199/496 2388/199/496
f 2386/199/495 2388/199/495 2389/199/495
f 2390/199/497 2391/199/497 2392/199/497
f 2390/199/497 2392/199/497 2393/199/497
f 2394/199/498 2395/199/498 2396/199/498
f 2394/199/498 2396/199/498 2397/199/498
f 2398/199/503 2399/199/503 2400/199/503
f 2398/199/491 2400/199/491 2401/199/491
f 2402/199/492 2403/199/492 2404/199/492
f 2402/199/499 2404/199/499 2405/199/499
f 2406/199/505 2407/199/505 2408/199/505
f 2406/199/494 2408/199/494 2409/199/494
f 2410/199/495 2411/199/495 2412/199/495
f 2410/199/504 2412/199/504 2413/199/504
f 2414/199/497 2415/199/497 2416/199/497
f 2414/199/497 2416/199/497 2417/199/497
f 2418/199/498 2419/199/498 2420/199/498
f 2418/199/498 2420/199/498 2421/199/498
f 2422/199/491 2423/199/491 2424/199/491
f 2422/199/491 2424/199/491 2425/199/491
f 2426/199/499 2427/199/499 2428/199/499
f 2426/199/492 2428/199/492 2429/199/492
f 2430/199/493 2431/199/493 2432/199/493
f 2430/199/493 2432/199/493 2433/199/493
f 2434/199/496 2435/199/496 2436/199/496
f 2434/199/504 2436/199/504 2437/199/504
f 2438/199/497 2439/199/497 2440/199/497
f 2438/199/497 2440/199/497 2441/199/497
f 2442/199/498 2443/199/498 2444/199/498
f 2442/199/498 2444/199/498 2445/199/498
f 2446/199/503 2447/199/503 2448/199/503
f 2446/199/491 2448/199/491 2449/199/491
f 2450/199/499 2451/199/499 2452/199/499
f 2450/199/499 2452/199/499 2453/199/499
f 2454/199/493 2455/199/493 2456/199/493
s 1
f 2454/199/494 2456/199/494 2457/199/494
s 0
f 2458/199/495 2459/199/495 2460/199/495
f 2458/199/496 2460/199/496 2461/199/496
f 2462/199/497 2463/199/497 2464/199/497
f 2462/199/497 2464/199/497 2465/199/497
s 1
f 2466/199/498 2467/199/498 2468/199/498
s 0
f 2466/199/498 2468/199/498 2469/199/498
f 2470/199/491 2471/199/491 2472/199/491
f 2470/199/491 2472/199/491 2473/199/491
f 2474/199/492 2475/199/492 2476/199/492
f 2474/199/499 2476/199/499 2477/199/499
f 2478/199/505 2479/199/505 2480/199/505
f 2478/199/494 2480/199/494 2481/199/494
f 2482/199/495 2483/199/495 2484/199/495
f 2482/199/496 2484/199/496 2485/199/496
f 2486/199/497 2487/199/497 2488/199/497
f 2486/199/497 2488/199/497 2489/199/497
f 2490/199/498 2491/199/498 2492/199/498
f 2490/199/498 2492/199/498 2493/199/498
f 2494/199/491 2495/199/491 2496/199/491
f 2494/199/491 2496/199/491 2497/199/491
s 1
f 2498/199/492 2499/199/492 2500/199/492
s 0
f 2498/199/499 2500/199/499 2501/199/499
f 2502/199/505 2503/199/505 2504/199/505
f 2502/199/493 2504/199/493 2505/199/493
f 2506/199/495 2507/199/495 2508/199/495
f 2506/199/502 2508/199/502 2509/199/502
f 2510/199/497 2511/199/497 2512/199/497
f 2510/199/497 2512/199/497 2513/199/497
f 2514/199/498 2515/199/498 2516/199/498
f 2514/199/498 2516/199/498 2517/199/498
f 2518/199/491 2519/199/491 2520/199/491
f 2518/199/503 2520/199/503 2521/199/503
f 2522/199/507 2523/199/507 2524/199/507
f 2522/199/501 2524/199/501 2525/199/501
f 2526/199/505 2527/199/505 2528/199/505
f 2526/199/493 2528/199/493 2529/199/493
f 2530/199/496 2531/199/496 2532/199/496
s 1
f 2530/199/502 2532/199/502 2533/199/502
s 0
f 2534/199/497 2535/199/497 2536/199/497
f 2534/199/497 2536/199/497 2537/199/497
f 2538/199/498 2539/199/498 2540/199/498
f 2538/199/498 2540/199/498 2541/199/498
f 2542/199/503 2543/199/503 2544/199/503
f 2542/199/491 2544/199/491 2545/199/491
f 2546/199/499 2547/199/499 2548/199/499
f 2546/199/492 2548/199/492 2549/199/492
f 2550/199/493 2551/199/493 2552/199/493
f 2550/199/493 2552/199/493 2553/199/493
f 2554/199/496 2555/199/496 2556/199/496
f 2554/199/502 2556/199/502 2557/199/502
f 2558/199/497 2559/199/497 2560/199/497
f 2558/199/497 2560/199/497 2561/199/497
f 2562/199/498 2563/199/498 2564/199/498
f 2562/199/498 2564/199/498 2565/199/498
f 2566/199/500 2567/199/500 2568/199/500
f 2566/199/491 2568/199/491 2569/199/491
f 2570/199/499 2571/199/499 2572/199/499
s 1
f 2570/199/492 2572/199/492 2573/199/492
s 0
f 2574/199/493 2575/199/493 2576/199/493
f 2574/199/493 2576/199/493 2577/199/493
f 2578/199/496 2579/199/496 2580/199/496
f 2578/199/495 2580/199/495 2581/199/495
f 2582/199/497 2583/199/497 2584/199/497
f 2582/199/497 2584/199/497 2585/199/497
f 2586/199/498 2587/199/498 2588/199/498
f 2586/199/498 2588/199/498 2589/199/498
f 2590/199/503 2591/199/503 2592/199/503
f 2590/199/491 2592/199/491 2593/199/491
f 2594/199/499 2595/199/499 2596/199/499
s 1
f 2594/199/492 2596/199/492 2597/199/492
s 0
f 2598/199/493 2599/199/493 2600/199/493
f 2598/199/494 2600/199/494 2601/199/494
f 2602/199/495 2603/199/495 2604/199/495
f 2602/199/504 2604/199/504 2605/199/504
f 2606/199/497 2607/199/497 2608/199/497
f 2606/199/497 2608/199/497 2609/199/497
f 2610/199/498 2611/199/498 2612/199/498
f 2610/199/498 2612/199/498 2613/199/498
f 2614/199/491 2615/199/491 2616/199/491
f 2614/199/491 2616/199/491 2617/199/491
f 2618/199/492 2619/199/492 2620/199/492
f 2618/199/499 2620/199/499 2621/199/499
f 2622/199/493 2623/199/493 2624/199/493
f 2622/199/493 2624/199/493 2625/199/493
f 2626/199/502 2627/199/502 2628/199/502
f 2626/199/502 2628/199/502 2629/199/502
f 2630/199/497 2631/199/497 2632/199/497
f 2630/199/497 2632/199/497 2633/199/497
f 2634/199/498 2635/199/498 2636/199/498
f 2634/199/498 2636/199/498 2637/199/498
f 2638/199/508 2639/199/508 2640/199/508
f 2638/199/491 2640/199/491 2641/199/491
f 2642/199/501 2643/199/501 2644/199/501
f 2642/199/499 2644/199/499 2645/199/499
f 2646/199/505 2647/199/505 2648/199/505
f 2646/199/493 2648/199/493 2649/199/493
f 2650/199/502 2651/199/502 2652/199/502
f 2650/199/502 2652/199/502 2653/199/502
f 2654/199/497 2655/199/497 2656/199/497
f 2654/199/497 2656/199/497 2657/199/497
f 2658/199/498 2659/199/498 2660/199/498
f 2658/199/498 2660/199/498 2661/199/498
f 2662/199/491 2663/199/491 2664/199/491
f 2662/199/491 2664/199/491 2665/199/491
f 2666/199/499 2667/199/499 2668/199/499
f 2666/199/492 2668/199/492 2669/199/492
f 2670/199/494 2671/199/494 2672/199/494
f 2670/199/505 2672/199/505 2673/199/505
f 2674/199/495 2675/199/495 2676/199/495
s 1
f 2674/199/502 2676/199/502 2677/199/502
s 0
f 2678/199/497 2679/199/497 2680/199/497
f 2678/199/497 2680/199/497 2681/199/497
f 2682/199/498 2683/199/498 2684/199/498
f 2682/199/498 2684/199/498 2685/199/498
f 2686/199/500 2687/199/500 2688/199/500
f 2686/199/491 2688/199/491 2689/199/491
f 2690/199/501 2691/199/501 2692/199/501
f 2690/199/499 2692/199/499 2693/199/499
f 2694/199/494 2695/199/494 2696/199/494
f 2694/199/493 2696/199/493 2697/199/493
f 2698/199/502 2699/199/502 2700/199/502
f 2698/199/502 2700/199/502 2701/199/502
f 2702/199/497 2703/199/497 2704/199/497
f 2702/199/497 2704/199/497 2705/199/497
f 2706/199/498 2707/199/498 2708/199/498
f 2706/199/498 2708/199/498 2709/199/498
f 2710/199/508 2711/199/508 2712/199/508
f 2710/199/491 2712/199/491 2713/199/491
s 1
f 2714/199/499 2715/199/492 2716/199/499
f 2714/199/499 2716/199/499 2717/199/499
s 0
f 2718/199/493 2719/199/493 2720/199/493
f 2718/199/494 2720/199/494 2721/199/494
f 2722/199/502 2723/199/502 2724/199/502
f 2722/199/502 2724/199/502 2725/199/502
f 2726/199/497 2727/199/497 2728/199/497
f 2726/199/497 2728/199/497 2729/199/497
f 2730/199/498 2731/199/498 2732/199/498
f 2730/199/498 2732/199/498 2733/199/498
f 2734/199/491 2735/199/491 2736/199/491
f 2734/199/500 2736/199/500 2737/199/500
f 2738/199/499 2739/199/499 2740/199/499
f 2738/199/492 2740/199/492 2741/199/492
f 2742/199/493 2743/199/493 2744/199/493
f 2742/199/493 2744/199/493 2745/199/493
f 2746/199/502 2747/199/502 2748/199/502
f 2746/199/502 2748/199/502 2749/199/502
f 2750/199/497 2751/199/497 2752/199/497
f 2750/199/497 2752/199/497 2753/199/497
f 2754/199/498 2755/199/498 2756/199/498
f 2754/199/498 2756/199/498 2757/199/498
f 2758/199/500 2759/199/500 2760/199/500
f 2758/199/491 2760/199/491 2761/199/491
f 2762/199/492 2763/199/492 2764/199/492
f 2762/199/499 2764/199/499 2765/199/499
f 2766/199/493 2767/199/493 2768/199/493
f 2766/199/494 2768/199/494 2769/199/494
f 2770/199/495 2771/199/495 2772/199/495
f 2770/199/496 2772/199/496 2773/199/496
f 2774/199/497 2775/199/497 2776/199/497
f 2774/199/497 2776/199/497 2777/199/497
f 2778/199/498 2779/199/498 2780/199/498
f 2778/199/498 2780/199/498 2781/199/498
f 2782/199/491 2783/199/491 2784/199/491
f 2782/199/491 2784/199/491 2785/199/491
f 2786/199/492 2787/199/492 2788/199/492
f 2786/199/499 2788/199/499 2789/199/499
f 2790/199/509 2791/199/509 2792/199/509
f 2790/199/493 2792/199/493 2793/199/493
f 2794/199/496 2795/199/496 2796/199/496
f 2794/199/502 2796/199/502 2797/199/502
f 2798/199/497 2799/199/497 2800/199/497
f 2798/199/497 2800/199/497 2801/199/497
f 2802/199/498 2803/199/498 2804/199/498
f 2802/199/498 2804/199/498 2805/199/498
f 2806/199/491 2807/199/491 2808/199/491
f 2806/199/491 2808/199/491 2809/199/491
f 2810/199/499 2811/199/499 2812/199/499
f 2810/199/499 2812/199/499 2813/199/499
f 2814/199/493 2815/199/493 2816/199/493
f 2814/199/494 2816/199/494 2817/199/494
f 2818/199/502 2819/199/502 2820/199/502
f 2818/199/502 2820/199/502 2821/199/502
f 2822/199/497 2823/199/497 2824/199/497
f 2822/199/497 2824/199/497 2825/199/497
f 2826/199/498 2827/199/498 2828/199/498
f 2826/199/498 2828/199/498 2829/199/498
f 2830/199/491 2831/199/491 2832/199/491
f 2830/199/491 2832/199/491 2833/199/491
f 2834/199/492 2835/199/492 2836/199/492
f 2834/199/492 2836/199/492 2837/199/492
f 2838/199/493 2839/199/493 2840/199/493
f 2838/199/494 2840/199/494 2841/199/494
f 2842/199/495 2843/199/495 2844/199/495
f 2842/199/502 2844/199/502 2845/199/502
f 2846/199/497 2847/199/497 2848/199/497
f 2846/199/497 2848/199/497 2849/199/497
f 2850/199/498 2851/199/498 2852/199/498
f 2850/199/498 2852/199/498 2853/199/498
f 2854/199/508 2855/199/508 2856/199/508
f 2854/199/491 2856/199/491 2857/199/491
f 2858/199/499 2859/199/499 2860/199/499
f 2858/199/492 2860/199/492 2861/199/492
f 2862/199/493 2863/199/493 2864/199/493
f 2862/199/493 2864/199/493 2865/199/493
f 2866/199/502 2867/199/502 2868/199/502
f 2866/199/496 2868/199/496 2869/199/496
f 2870/199/497 2871/199/497 2872/199/497
f 2870/199/497 2872/199/497 2873/199/497
f 2874/199/498 2875/199/498 2876/199/498
f 2874/199/498 2876/199/498 2877/199/498
f 2878/199/500 2879/199/500 2880/199/500
f 2878/199/491 2880/199/491 2881/199/491
f 2882/199/492 2883/199/492 2884/199/492
f 2882/199/499 2884/199/499 2885/199/499
f 2886/199/494 2887/199/494 2888/199/494
f 2886/199/494 2888/199/494 2889/199/494
f 2890/199/495 2891/199/495 2892/199/495
f 2890/199/495 2892/199/495 2893/199/495
f 2894/199/497 2895/199/497 2896/199/497
f 2894/199/497 2896/199/497 2897/199/497
f 2898/199/498 2899/199/498 2900/199/498
f 2898/199/498 2900/199/498 2901/199/498
f 2902/199/491 2903/199/491 2904/199/491
f 2902/199/491 2904/199/491 2905/199/491
f 2906/199/501 2907/199/501 2908/199/501
f 2906/199/492 2908/199/492 2909/199/492
f 2910/199/493 2911/199/493 2912/199/493
f 2910/199/493 2912/199/493 2913/199/493
f 2914/199/502 2915/199/502 2916/199/502
f 2914/199/502 2916/199/502 2917/199/502
f 2918/199/497 2919/199/497 2920/199/497
f 2918/199/497 2920/199/497 2921/199/497
f 2922/199/498 2923/199/498 2924/199/498
f 2922/199/498 2924/199/498 2925/199/498
f 2926/199/491 2927/199/491 2928/199/491
f 2926/199/491 2928/199/491 2929/199/491
f 2930/199/492 2931/199/492 2932/199/492
f 2930/199/499 2932/199/499 2933/199/499
f 2934/199/493 2935/199/493 2936/199/493
f 2934/199/493 2936/199/493 2937/199/493
f 2938/199/510 2939/199/510 2940/199/510
f 2938/199/502 2940/199/502 2941/199/502
f 2942/199/497 2943/199/497 2944/199/497
f 2942/199/497 2944/199/497 2945/199/497
f 2946/199/498 2947/199/498 2948/199/498
f 2946/199/498 2948/199/498 2949/199/498
f 2950/199/511 2951/199/511 2952/199/511
f 2950/199/491 2952/199/491 2953/199/491
f 2954/199/499 2955/199/499 2956/199/499
f 2954/199/499 2956/199/499 2957/199/499
f 2958/199/493 2959/199/493 2960/199/493
f 2958/199/493 2960/199/493 2961/199/493
f 2962/199/495 2963/199/495 2964/199/495
f 2962/199/504 2964/199/504 2965/199/504
f 2966/199/497 2967/199/497 2968/199/497
f 2966/199/497 2968/199/497 2969/199/497
f 2970/199/498 2971/199/498 2972/199/498
f 2970/199/498 2972/199/498 2973/199/498
f 2974/1/35 2975/1/35 2976/1/35
f 2974/1/35 2976/1/35 2977/1/35
f 2978/1/35 2974/1/35 2977/1/35
f 2978/1/35 2977/1/35 2979/1/35
f 2980/1/512 2981/1/512 2982/1/512
f 2980/1/512 2982/1/512 2983/1/512
s 1
f 2984/1/513 2985/1/514 2986/1/515
f 2984/1/513 2986/1/515 2987/1/516
s 0
f 2988/1/517 2989/1/517 2990/1/517
f 2988/1/517 2990/1/517 2991/1/517
f 2992/1/35 2993/1/35 2994/1/35
f 2992/1/35 2994/1/35 2995/1/35
s 1
f 2996/1/518 2997/1/518 2998/1/519
f 2996/1/518 2998/1/519 2999/1/519
f 2999/1/519 2998/1/519 3000/1/520
f 2999/1/519 3000/1/520 3001/1/520
f 3001/1/520 3000/1/520 3002/1/521
f 3001/1/520 3002/1/521 3003/1/521
f 3003/1/521 3002/1/521 3004/1/522
f 3003/1/521 3004/1/522 3005/1/522
f 3005/1/522 3004/1/522 3006/1/523
f 3005/1/522 3006/1/523 3007/1/523
s 0
f 2975/1/35 3008/1/35 3009/1/35
f 2975/1/35 3009/1/35 2976/1/35
f 3008/1/35 3010/1/35 3011/1/35
f 3008/1/35 3011/1/35 3009/1/35
f 3010/1/35 3012/1/35 3013/1/35
f 3010/1/35 3013/1/35 3011/1/35
f 3012/1/35 3014/1/35 3015/1/35
f 3012/1/35 3015/1/35 3013/1/35
s 1
f 3016/1/524 3017/1/525 3018/1/526
f 3016/1/524 3018/1/526 3019/1/527
f 3020/1/528 3021/1/529 3017/1/525
f 3020/1/528 3017/1/525 3016/1/524
f 3022/1/530 3023/1/530 3021/1/529
f 3022/1/530 3021/1/529 3020/1/528
s 0
f 3024/1/531 3025/1/531 3026/1/531
f 3024/1/531 3026/1/531 3027/1/531
s 1
f 3028/1/532 3029/1/533 3030/1/43
f 3028/1/532 3030/1/43 3031/1/534
f 3032/1/535 3033/1/536 3034/1/536
f 3032/1/535 3034/1/536 3035/1/537
f 3033/1/536 3036/1/519 3037/1/519
f 3033/1/536 3037/1/519 3034/1/536
f 3036/1/519 31/1/31 33/1/31
f 3036/1/519 33/1/31 3037/1/519
f 3038/1/31 3039/1/519 3040/1/519
f 3038/1/31 3040/1/519 3041/1/31
f 3039/1/519 3042/1/538 3043/1/538
f 3039/1/519 3043/1/538 3040/1/519
f 3042/1/538 3028/1/532 3031/1/534
f 3042/1/538 3031/1/534 3043/1/538
f 3044/200/539 3045/201/539 3046/202/540
f 3044/200/539 3046/202/540 3047/203/540
f 3048/200/541 3049/201/541 3045/201/539
f 3048/200/541 3045/201/539 3044/200/539
f 3050/204/542 3051/205/542 3049/201/541
f 3050/204/542 3049/201/541 3048/200/541
s 0
f 3052/1/41 3053/1/41 3054/1/41
f 3052/1/41 3054/1/41 3055/1/41
s 1
f 3056/1/543 2984/1/513 2987/1/516
f 3056/1/543 2987/1/516 3057/1/544
f 2985/1/514 3058/1/545 3059/1/546
f 2985/1/514 3059/1/546 2986/1/515
s 0
f 3060/1/41 3052/1/41 3055/1/41
f 3060/1/41 3055/1/41 3061/1/41
f 3053/1/41 3062/1/41 3063/1/41
f 3053/1/41 3063/1/41 3054/1/41
f 3064/1/35 3065/1/35 3014/1/35
f 3064/1/35 3014/1/35 3012/1/35
f 3066/1/35 3064/1/35 3012/1/35
f 3066/1/35 3012/1/35 3010/1/35
f 3067/1/35 3066/1/35 3010/1/35
f 3067/1/35 3010/1/35 3008/1/35
s 1
f 3068/1/547 3069/1/548 3070/1/549
f 3068/1/547 3070/1/549 3071/1/550
s 0
f 3072/1/35 3073/1/35 3074/1/35
f 3072/1/35 3074/1/35 3075/1/35
f 3076/1/41 3077/1/41 3078/1/41
f 3076/1/41 3078/1/41 3079/1/41
s 1
f 3080/2/551 3081/2/552 3082/2/553
f 3080/2/551 3082/2/553 3083/2/554
f 3084/2/555 3085/2/556 3086/2/557
f 3084/2/555 3086/2/557 3087/2/555
f 3088/1/518 2996/1/518 2999/1/519
f 3088/1/518 2999/1/519 3089/1/519
s 0
f 46/1/36 42/1/36 3090/1/36
f 46/1/36 3090/1/36 3091/1/36
s 1
f 3089/1/519 2999/1/519 3001/1/520
f 3089/1/519 3001/1/520 3092/1/520
f 3093/2/36 3094/2/558 3095/2/558
f 3093/2/36 3095/2/558 3096/2/36
f 3097/1/559 3098/1/560 3099/1/561
f 3097/1/559 3099/1/561 3100/1/562
s 0
f 3101/1/36 3102/1/36 3103/1/36
f 3101/1/36 3103/1/36 3104/1/36
s 1
f 35/1/33 34/1/32 3099/1/561
f 35/1/33 3099/1/561 3098/1/560
s 0
f 3103/1/36 3102/1/36 3105/1/36
f 3103/1/36 3105/1/36 3106/1/36
s 1
f 3085/2/556 3107/2/563 3108/2/564
f 3085/2/556 3108/2/564 3086/2/557
f 3092/1/520 3001/1/520 3003/1/521
f 3092/1/520 3003/1/521 3109/1/521
f 3109/1/521 3003/1/521 3005/1/522
f 3109/1/521 3005/1/522 3110/1/522
f 3111/1/565 3112/1/566 3113/1/566
f 3111/1/565 3113/1/566 3114/1/567
s 0
f 3115/1/35 3116/1/35 3117/1/35
f 3115/1/35 3117/1/35 3118/1/35
f 3119/1/568 3120/1/568 3121/1/568
f 3119/1/568 3121/1/568 3122/1/568
f 3123/1/35 3124/1/35 3073/1/35
f 3123/1/35 3073/1/35 3072/1/35
f 3075/1/35 3074/1/35 3125/1/35
f 3075/1/35 3125/1/35 3126/1/35
f 3127/1/35 3128/1/35 3129/1/35
f 3127/1/35 3129/1/35 3130/1/35
f 3128/1/35 3131/1/35 3132/1/35
f 3128/1/35 3132/1/35 3129/1/35
f 3131/1/35 3133/1/35 3134/1/35
f 3131/1/35 3134/1/35 3132/1/35
f 3135/1/36 3136/1/36 3090/1/36
f 3135/1/36 3090/1/36 42/1/36
s 1
f 3137/1/35 3138/1/35 3139/1/569
f 3137/1/35 3139/1/569 3140/1/570
f 3138/1/35 3141/1/571 3142/1/572
f 3138/1/35 3142/1/572 3139/1/569
f 3141/1/571 3143/1/571 3144/1/573
f 3141/1/571 3144/1/573 3142/1/572
s 0
f 3145/1/36 3146/1/36 3102/1/36
f 3145/1/36 3102/1/36 3101/1/36
s 1
f 3133/1/35 3137/1/35 3140/1/570
f 3133/1/35 3140/1/570 3134/1/35
f 3147/1/574 3148/1/575 3149/1/576
f 3147/1/574 3149/1/576 3150/1/577
s 0
f 3151/1/35 3132/1/35 3134/1/35
f 3151/1/35 3134/1/35 3152/1/35
f 3153/2/578 3154/2/578 3155/2/578
f 3153/2/578 3155/2/578 3156/2/578
s 1
f 3107/2/563 3080/2/551 3083/2/554
f 3107/2/563 3083/2/554 3108/2/564
f 3110/1/522 3005/1/522 3007/1/523
f 3110/1/522 3007/1/523 3157/1/523
f 3147/1/574 3158/1/579 3159/1/580
f 3147/1/574 3159/1/580 3148/1/575
f 3142/1/572 3144/1/573 3160/1/581
f 3142/1/572 3160/1/581 3161/1/582
f 3139/1/569 3142/1/572 3161/1/582
f 3139/1/569 3161/1/582 3162/1/583
f 3140/1/570 3139/1/569 3162/1/583
f 3140/1/570 3162/1/583 3163/1/584
f 3158/1/579 3164/1/585 3165/1/586
f 3158/1/579 3165/1/586 3159/1/580
s 0
f 3102/1/36 3146/1/36 3166/1/36
f 3102/1/36 3166/1/36 3105/1/36
s 1
f 3164/1/585 3167/1/587 3168/1/588
f 3164/1/585 3168/1/588 3165/1/586
s 0
f 3169/2/589 3170/2/589 3171/2/589
f 3169/2/589 3171/2/589 3172/2/589
f 3173/2/590 3174/2/590 3175/2/590
f 3173/2/590 3175/2/590 3176/2/590
f 3177/2/591 3178/2/591 3179/2/591
f 3177/2/591 3179/2/591 3180/2/591
f 3181/2/571 3182/2/571 3183/2/571
f 3181/2/571 3183/2/571 3184/2/571
f 3185/2/592 3186/2/592 3187/2/592
f 3185/2/592 3187/2/592 3188/2/592
f 32/1/31 31/1/31 3189/1/31
f 32/1/31 3189/1/31 3190/1/31
f 3026/1/531 3025/1/531 3191/1/531
f 3026/1/531 3191/1/531 3192/1/531
s 1
f 3097/1/559 3100/1/562 3193/1/593
f 3097/1/559 3193/1/593 3194/1/593
f 3094/2/558 3084/2/555 3087/2/555
f 3094/2/558 3087/2/555 3095/2/558
f 3195/1/594 3196/1/595 3197/1/596
f 3195/1/594 3197/1/596 2997/1/518
f 3198/1/597 3199/1/598 2996/1/518
f 3198/1/597 2996/1/518 3088/1/518
f 3200/1/599 3198/1/597 3088/1/518
f 3200/1/599 3088/1/518 3201/1/600
f 3199/1/598 3195/1/594 2997/1/518
f 3199/1/598 2997/1/518 2996/1/518
f 3202/206/43 3203/207/43 3204/208/601
f 3202/206/43 3204/208/601 3205/209/601
f 3206/210/43 3202/206/43 3205/209/601
f 3206/210/43 3205/209/601 3207/211/601
s 0
f 3208/1/602 3209/1/602 3210/1/602
f 3208/1/602 3210/1/602 3211/1/602
f 3209/1/602 3212/1/602 3213/1/602
f 3209/1/602 3213/1/602 3210/1/602
s 1
f 3214/2/603 3215/2/604 3216/2/604
f 3214/2/603 3216/2/604 3217/2/605
f 3215/2/604 3218/2/606 3219/2/607
f 3215/2/604 3219/2/607 3216/2/604
f 3218/2/606 3220/2/608 3221/2/609
f 3218/2/606 3221/2/609 3219/2/607
f 3222/2/610 3214/2/603 3217/2/605
f 3222/2/610 3217/2/605 3223/2/611
f 3220/2/612 3224/2/613 3225/2/530
s 0
f 3220/2/614 3225/2/614 3221/2/614
s 1
f 3226/2/615 3227/2/616 3228/2/617
f 3226/2/615 3228/2/617 3229/2/529
f 3224/2/613 3226/2/615 3229/2/529
f 3224/2/613 3229/2/529 3225/2/530
f 3227/2/616 3222/2/610 3223/2/611
f 3227/2/616 3223/2/611 3228/2/617
s 0
f 3230/1/592 3231/1/592 3232/1/592
f 3230/1/592 3232/1/592 3233/1/592
f 3234/1/618 3235/1/618 3236/1/618
f 3234/1/618 3236/1/618 3237/1/618
f 3238/1/618 3234/1/618 3237/1/618
f 3238/1/618 3237/1/618 3239/1/618
f 3240/2/619 3241/2/619 3242/2/619
f 3240/2/619 3242/2/619 3243/2/619
f 3244/2/620 3181/2/620 3184/2/620
f 3244/2/620 3184/2/620 3245/2/620
f 3182/2/571 3246/2/571 3247/2/571
f 3182/2/571 3247/2/571 3183/2/571
f 3248/2/618 3249/2/618 3250/2/618
f 3248/2/618 3250/2/618 3251/2/618
f 3249/2/618 3177/2/618 3180/2/618
f 3249/2/618 3180/2/618 3250/2/618
s 1
f 3252/1/621 3253/1/622 3254/1/622
f 3252/1/621 3254/1/622 3255/1/623
f 3253/1/622 3256/1/624 3257/1/625
f 3253/1/622 3257/1/625 3254/1/622
f 3256/1/624 3258/1/626 3259/1/627
f 3256/1/624 3259/1/627 3257/1/625
s 0
f 3260/1/628 3252/1/628 3255/1/628
f 3260/1/629 3255/1/629 3261/1/630
s 1
f 3258/1/631 3262/1/632 3263/1/632
s 0
f 3258/1/614 3263/1/614 3259/1/614
s 1
f 3264/1/633 3265/1/634 3266/1/634
f 3264/1/633 3266/1/634 3267/1/635
f 3262/1/632 3264/1/633 3267/1/635
f 3262/1/632 3267/1/635 3263/1/632
f 3265/1/634 3260/1/636 3261/1/636
f 3265/1/634 3261/1/636 3266/1/634
f 3268/212/637 3269/212/638 3270/213/639
f 3268/212/637 3270/213/639 3271/213/640
f 3269/212/638 3272/202/641 3273/214/613
f 3269/212/638 3273/214/613 3270/213/639
f 3274/215/642 3268/212/637 3271/213/640
f 3274/215/642 3271/213/640 3275/216/642
s 0
f 3276/1/571 3277/1/571 3278/1/571
f 3276/1/571 3278/1/571 3279/1/571
f 3235/1/591 3280/1/591 3281/1/591
f 3235/1/591 3281/1/591 3236/1/591
f 3282/1/619 3283/1/619 3284/1/619
f 3282/1/619 3284/1/619 3285/1/619
f 3286/1/620 3276/1/620 3279/1/620
f 3286/1/620 3279/1/620 3287/1/620
f 3277/1/571 3288/1/571 3289/1/571
f 3277/1/571 3289/1/571 3278/1/571
s 1
f 3290/1/643 3291/1/643 3292/1/644
f 3290/1/643 3292/1/644 3293/1/644
f 3294/1/645 3290/1/643 3293/1/644
f 3294/1/645 3293/1/644 3295/1/646
f 3296/1/647 3294/1/645 3295/1/646
f 3296/1/647 3295/1/646 3297/1/648
f 3298/1/649 3296/1/647 3297/1/648
f 3298/1/649 3297/1/648 3299/1/649
s 0
f 3300/1/649 3301/1/649 3302/1/649
f 3300/1/649 3302/1/649 3303/1/649
s 1
f 3304/1/650 3300/1/649 3303/1/649
f 3304/1/650 3303/1/649 3305/1/650
f 3306/1/651 3304/1/650 3305/1/650
f 3306/1/651 3305/1/650 3307/1/651
f 3308/1/643 3306/1/651 3307/1/651
f 3308/1/643 3307/1/651 3309/1/644
f 3310/200/652 3311/203/649 3312/202/649
f 3310/200/652 3312/202/649 3313/201/650
f 3314/200/653 3310/200/652 3313/201/650
f 3314/200/653 3313/201/650 3315/201/654
f 3316/204/643 3314/200/653 3315/201/654
f 3316/204/643 3315/201/654 3317/205/643
f 3318/1/655 3319/1/656 3320/1/657
f 3318/1/655 3320/1/657 3321/1/655
s 0
f 3116/1/35 3119/1/35 3122/1/35
f 3116/1/35 3122/1/35 3117/1/35
f 3322/1/658 3323/1/658 3324/1/658
f 3322/1/658 3324/1/658 3325/1/658
f 3326/1/659 3327/1/659 3328/1/659
f 3326/1/659 3328/1/659 3329/1/659
s 1
f 3319/1/656 3111/1/565 3114/1/567
f 3319/1/656 3114/1/567 3320/1/657
f 3330/2/660 3331/2/661 3085/2/556
f 3330/2/660 3085/2/556 3332/2/662
f 3333/2/663 3334/2/664 3081/2/552
f 3333/2/663 3081/2/552 3080/2/551
f 3334/2/664 3335/2/665 3336/2/666
f 3334/2/664 3336/2/666 3081/2/552
f 3337/2/667 3338/2/668 3339/2/669
f 3337/2/667 3339/2/669 3340/2/670
f 3335/2/665 3337/2/667 3340/2/670
f 3335/2/665 3340/2/670 3336/2/666
f 3341/2/671 3333/2/663 3080/2/551
f 3341/2/671 3080/2/551 3107/2/563
f 3338/2/668 3330/2/660 3332/2/662
f 3338/2/668 3332/2/662 3339/2/669
f 3331/2/661 3341/2/671 3107/2/563
f 3331/2/661 3107/2/563 3085/2/556
s 0
f 3342/1/590 3343/1/590 3344/1/590
f 3342/1/590 3344/1/590 3345/1/590
f 3346/1/573 3347/1/573 3348/1/573
f 3346/1/573 3348/1/573 3349/1/573
f 3343/1/672 3350/1/672 3351/1/673
f 3343/1/672 3351/1/672 3344/1/672
f 3352/2/674 3353/2/674 3354/2/674
f 3352/2/675 3354/2/675 3355/2/675
f 3356/2/676 3357/2/676 3358/2/676
f 3356/2/676 3358/2/676 3359/2/676
f 3360/2/677 3356/2/677 3359/2/677
f 3360/2/677 3359/2/677 3361/2/677
f 3174/2/672 3169/2/672 3172/2/672
f 3174/2/672 3172/2/672 3175/2/672
f 3362/2/678 3360/2/678 3361/2/678
f 3362/2/573 3361/2/573 3363/2/573
s 1
f 3364/1/679 3365/1/680 3366/1/681
f 3364/1/679 3366/1/681 3367/1/682
f 3368/1/683 3369/1/684 3370/1/685
f 3368/1/683 3370/1/685 3371/1/686
f 3369/1/684 3372/1/687 3373/1/688
f 3369/1/684 3373/1/688 3370/1/685
f 3374/1/689 3375/1/690 3376/1/690
f 3374/1/689 3376/1/690 3377/1/691
f 3372/1/687 3374/1/689 3377/1/691
f 3372/1/687 3377/1/691 3373/1/688
f 3378/1/692 3368/1/683 3371/1/686
f 3378/1/692 3371/1/686 3379/1/692
f 3375/1/690 3364/1/679 3367/1/682
f 3375/1/690 3367/1/682 3376/1/690
f 3365/1/680 3378/1/692 3379/1/692
f 3365/1/680 3379/1/692 3366/1/681
f 3380/217/693 3381/218/694 3382/219/695
f 3380/217/693 3382/219/695 3383/220/696
f 3384/203/697 3385/217/698 3386/220/699
f 3384/203/697 3386/220/699 3387/221/697
f 3385/217/698 3380/217/693 3383/220/696
f 3385/217/698 3383/220/696 3386/220/699
s 0
f 3350/1/589 3388/1/589 3389/1/589
f 3350/1/589 3389/1/589 3351/1/672
f 3390/1/578 3391/1/578 3392/1/578
f 3390/1/578 3392/1/578 3393/1/578
f 3394/1/675 3395/1/675 3396/1/675
f 3394/1/675 3396/1/675 3397/1/675
f 3398/1/676 3399/1/676 3400/1/676
f 3398/1/676 3400/1/676 3401/1/676
f 3347/1/677 3398/1/677 3401/1/677
s 1
f 3347/1/677 3401/1/677 3348/1/677
s 0
f 3324/1/658 3323/1/658 3402/1/658
f 3324/1/658 3402/1/658 3403/1/658
s 1
f 3404/1/700 3405/1/669 3159/1/580
f 3404/1/700 3159/1/580 3165/1/586
f 3049/201/541 3051/205/542 3406/222/542
f 3049/201/541 3406/222/542 3407/223/541
f 3292/1/644 3291/1/643 3308/1/643
f 3292/1/644 3308/1/643 3309/1/644
f 3045/201/539 3049/201/541 3407/223/541
f 3045/201/539 3407/223/541 3408/223/539
f 3409/1/525 3410/1/630 3018/1/526
f 3409/1/525 3018/1/526 3017/1/525
s 0
f 2990/1/517 2989/1/517 3411/1/517
f 2990/1/517 3411/1/517 3412/1/517
f 3413/2/531 3414/2/531 3415/2/531
f 3413/2/531 3415/2/531 3416/2/531
f 3190/1/31 3189/1/31 3038/1/31
s 1
f 3190/1/31 3038/1/31 3041/1/31
f 3046/202/540 3045/201/539 3408/223/539
f 3046/202/540 3408/223/539 3417/214/540
f 3418/1/530 3419/1/529 3021/1/529
f 3418/1/530 3021/1/529 3023/1/530
s 0
f 3106/1/36 3105/1/36 45/1/36
f 3106/1/36 45/1/36 44/1/36
f 3302/1/649 3301/1/649 3298/1/649
f 3302/1/649 3298/1/649 3299/1/649
s 1
f 3317/205/643 3315/201/654 3420/223/654
f 3317/205/643 3420/223/654 3421/222/643
f 3405/1/669 3071/1/550 3148/1/575
f 3405/1/669 3148/1/575 3159/1/580
f 3071/1/550 3070/1/549 3422/1/701
f 3071/1/550 3422/1/701 3148/1/575
f 3419/1/529 3409/1/525 3017/1/525
f 3419/1/529 3017/1/525 3021/1/529
s 0
f 2982/1/512 2981/1/512 3423/1/512
s 1
f 2982/1/512 3423/1/512 3424/1/512
s 0
f 3105/1/36 3166/1/36 40/1/36
f 3105/1/36 40/1/36 45/1/36
s 1
f 3315/201/654 3313/201/650 3425/223/650
f 3315/201/654 3425/223/650 3420/223/654
f 3030/1/43 3029/1/533 3032/1/535
f 3030/1/43 3032/1/535 3035/1/537
f 3313/201/650 3312/202/649 3426/214/649
f 3313/201/650 3426/214/649 3425/223/650
s 0
f 3328/1/659 3327/1/659 3427/1/659
f 3328/1/659 3427/1/659 3428/1/659
s 1
f 3429/1/702 3404/1/700 3165/1/586
f 3429/1/702 3165/1/586 3168/1/588
f 3430/1/703 3431/1/704 3432/1/705
f 3430/1/703 3432/1/705 3433/1/705
f 3150/1/577 3149/1/576 3434/1/706
f 3150/1/577 3434/1/706 3435/1/707
f 3435/1/707 3434/1/706 3431/1/704
f 3435/1/707 3431/1/704 3430/1/703
s 0
f 3132/1/35 3151/1/35 3436/1/35
f 3132/1/35 3436/1/35 3129/1/35
f 3129/1/35 3436/1/35 3437/1/35
f 3129/1/35 3437/1/35 3130/1/35
s 1
f 3163/1/584 3152/1/35 3134/1/35
f 3163/1/584 3134/1/35 3140/1/570
s 0
f 3438/1/35 3439/1/35 3440/1/35
f 3438/1/35 3440/1/35 3441/1/35
f 3442/1/35 3443/1/35 3439/1/35
f 3442/1/35 3439/1/35 3438/1/35
f 3444/1/708 3445/1/708 3446/1/708
f 3444/1/708 3446/1/708 3447/1/708
s 1
f 3448/1/709 3449/1/710 3450/1/711
f 3448/1/709 3450/1/711 3451/1/712
s 0
f 3452/1/713 3453/1/713 3454/1/713
f 3452/1/714 3454/1/714 3455/1/714
f 2992/1/35 2995/1/35 3456/1/35
f 2992/1/35 3456/1/35 3457/1/35
s 1
f 3458/1/715 3459/1/716 3460/1/716
f 3458/1/715 3460/1/716 3461/1/715
f 3459/1/716 3462/1/62 3463/1/62
f 3459/1/716 3463/1/62 3460/1/716
f 3462/1/62 3464/1/717 3465/1/717
f 3462/1/62 3465/1/717 3463/1/62
f 3464/1/717 3466/1/718 3467/1/718
f 3464/1/717 3467/1/718 3465/1/717
f 3466/1/718 3468/1/719 3469/1/719
f 3466/1/718 3469/1/719 3467/1/718
s 0
f 3441/1/35 3440/1/35 3470/1/35
f 3441/1/35 3470/1/35 3471/1/35
f 3471/1/35 3470/1/35 3472/1/35
f 3471/1/35 3472/1/35 3473/1/35
f 3473/1/35 3472/1/35 3474/1/35
f 3473/1/35 3474/1/35 3475/1/35
f 3475/1/35 3474/1/35 3015/1/35
f 3475/1/35 3015/1/35 3014/1/35
s 1
f 3476/1/720 3477/1/721 3478/1/722
f 3476/1/720 3478/1/722 3479/1/723
f 3480/1/724 3476/1/720 3479/1/723
f 3480/1/724 3479/1/723 3481/1/725
f 3482/1/726 3480/1/724 3481/1/725
f 3482/1/726 3481/1/725 3483/1/726
s 0
f 3484/1/727 3485/1/727 3486/1/727
f 3484/1/727 3486/1/727 3487/1/727
s 1
f 3488/1/728 3031/1/534 3030/1/43
f 3488/1/728 3030/1/43 3489/1/729
f 3490/1/730 3035/1/537 3491/1/731
f 3490/1/730 3491/1/731 3492/1/731
f 3492/1/731 3491/1/731 3493/1/716
f 3492/1/731 3493/1/716 3494/1/716
f 3494/1/716 3493/1/716 52/1/37
f 3494/1/716 52/1/37 51/1/37
f 3495/1/37 3496/1/37 3497/1/716
f 3495/1/37 3497/1/716 3498/1/716
f 3498/1/716 3497/1/716 3499/1/732
f 3498/1/716 3499/1/732 3500/1/732
f 3500/1/732 3499/1/732 3031/1/534
f 3500/1/732 3031/1/534 3488/1/728
f 3501/200/733 3502/203/734 3503/202/734
f 3501/200/733 3503/202/734 3504/201/733
f 3505/200/735 3501/200/733 3504/201/733
f 3505/200/735 3504/201/733 3506/201/735
f 3507/204/736 3505/200/735 3506/201/735
f 3507/204/736 3506/201/735 3508/205/736
s 0
f 3509/1/41 3510/1/41 3511/1/41
f 3509/1/41 3511/1/41 3512/1/41
s 1
f 3513/1/737 3514/1/738 3449/1/710
f 3513/1/737 3449/1/710 3448/1/709
f 3451/1/712 3450/1/711 3515/1/739
f 3451/1/712 3515/1/739 3516/1/740
s 0
f 3517/1/41 3518/1/41 3510/1/41
f 3517/1/41 3510/1/41 3509/1/41
f 3512/1/41 3511/1/41 3519/1/41
f 3512/1/41 3519/1/41 3520/1/41
f 3521/1/35 3475/1/35 3014/1/35
f 3521/1/35 3014/1/35 3065/1/35
f 3522/1/35 3473/1/35 3475/1/35
f 3522/1/35 3475/1/35 3521/1/35
f 3523/1/35 3471/1/35 3473/1/35
f 3523/1/35 3473/1/35 3522/1/35
s 1
f 3524/1/741 3525/1/742 3526/1/743
f 3524/1/741 3526/1/743 3527/1/741
s 0
f 3528/1/35 3529/1/35 3530/1/35
f 3528/1/35 3530/1/35 3531/1/35
f 3532/1/41 3533/1/41 3078/1/41
f 3532/1/41 3078/1/41 3077/1/41
s 1
f 3534/2/744 3535/2/745 3536/2/746
f 3534/2/744 3536/2/746 3537/2/747
f 3538/2/748 3539/2/748 3540/2/749
f 3538/2/748 3540/2/749 3541/2/750
f 3542/1/715 3543/1/716 3459/1/716
f 3542/1/715 3459/1/716 3458/1/715
s 0
f 63/1/36 3091/1/36 3090/1/36
f 63/1/36 3090/1/36 60/1/36
s 1
f 3543/1/716 3544/1/62 3462/1/62
f 3543/1/716 3462/1/62 3459/1/716
f 3093/2/36 3096/2/36 3545/2/751
f 3093/2/36 3545/2/751 3546/2/751
f 3547/1/752 3548/1/753 3549/1/754
f 3547/1/752 3549/1/754 3550/1/755
s 0
f 3551/1/36 3552/1/36 3553/1/36
f 3551/1/36 3553/1/36 3554/1/36
s 1
f 56/1/40 3550/1/755 3549/1/754
f 56/1/40 3549/1/754 54/1/38
s 0
f 3553/1/36 3555/1/36 3556/1/36
f 3553/1/36 3556/1/36 3554/1/36
s 1
f 3541/2/750 3540/2/749 3557/2/756
f 3541/2/750 3557/2/756 3558/2/757
f 3544/1/62 3559/1/717 3464/1/717
f 3544/1/62 3464/1/717 3462/1/62
f 3559/1/717 3560/1/718 3466/1/718
f 3559/1/717 3466/1/718 3464/1/717
f 3561/1/758 3562/1/759 3563/1/760
f 3561/1/758 3563/1/760 3564/1/760
s 0
f 3565/1/35 3566/1/35 3567/1/35
f 3565/1/35 3567/1/35 3568/1/35
f 3569/1/568 3570/1/568 3571/1/568
f 3569/1/568 3571/1/568 3572/1/568
f 3123/1/35 3528/1/35 3531/1/35
f 3123/1/35 3531/1/35 3124/1/35
f 3529/1/35 3573/1/35 3574/1/35
f 3529/1/35 3574/1/35 3530/1/35
f 3127/1/35 3130/1/35 3575/1/35
f 3127/1/35 3575/1/35 3576/1/35
f 3576/1/35 3575/1/35 3577/1/35
f 3576/1/35 3577/1/35 3578/1/35
f 3578/1/35 3577/1/35 3579/1/35
f 3578/1/35 3579/1/35 3580/1/35
f 3581/1/36 60/1/36 3090/1/36
f 3581/1/36 3090/1/36 3136/1/36
s 1
f 3582/1/35 3583/1/761 3584/1/762
f 3582/1/35 3584/1/762 3585/1/35
f 3585/1/35 3584/1/762 3586/1/763
f 3585/1/35 3586/1/763 3587/1/764
f 3587/1/764 3586/1/763 3588/1/765
f 3587/1/764 3588/1/765 3589/1/764
s 0
f 3590/1/36 3551/1/36 3554/1/36
f 3590/1/36 3554/1/36 3591/1/36
s 1
f 3580/1/35 3579/1/35 3583/1/761
f 3580/1/35 3583/1/761 3582/1/35
f 3592/1/766 3593/1/767 3594/1/768
f 3592/1/766 3594/1/768 3595/1/769
s 0
f 3596/1/35 3597/1/35 3579/1/35
f 3596/1/35 3579/1/35 3577/1/35
f 3598/2/770 3599/2/770 3600/2/770
f 3598/2/771 3600/2/771 3601/2/771
s 1
f 3558/2/757 3557/2/756 3535/2/745
f 3558/2/757 3535/2/745 3534/2/744
f 3560/1/718 3602/1/719 3468/1/719
f 3560/1/718 3468/1/719 3466/1/718
f 3592/1/766 3595/1/769 3603/1/772
f 3592/1/766 3603/1/772 3604/1/773
f 3586/1/763 3605/1/774 3606/1/775
f 3586/1/763 3606/1/775 3588/1/765
f 3584/1/762 3607/1/776 3605/1/774
f 3584/1/762 3605/1/774 3586/1/763
f 3583/1/761 3608/1/777 3607/1/776
f 3583/1/761 3607/1/776 3584/1/762
f 3604/1/773 3603/1/772 3609/1/778
f 3604/1/773 3609/1/778 3610/1/779
s 0
f 3554/1/36 3556/1/36 3611/1/36
f 3554/1/36 3611/1/36 3591/1/36
s 1
f 3610/1/779 3609/1/778 3612/1/780
f 3610/1/779 3612/1/780 3613/1/781
s 0
f 3614/2/782 3615/2/782 3616/2/782
f 3614/2/782 3616/2/782 3617/2/782
f 3618/2/783 3619/2/783 3620/2/783
f 3618/2/783 3620/2/783 3621/2/783
f 3622/2/784 3623/2/784 3624/2/784
f 3622/2/784 3624/2/784 3625/2/784
f 3626/2/764 3627/2/764 3628/2/764
f 3626/2/764 3628/2/764 3629/2/764
f 3630/2/785 3631/2/785 3632/2/785
f 3630/2/785 3632/2/785 3633/2/785
f 53/1/37 3634/1/37 3635/1/37
f 53/1/37 3635/1/37 51/1/37
f 3486/1/727 3636/1/727 3637/1/727
f 3486/1/727 3637/1/727 3487/1/727
s 1
f 3547/1/752 3194/1/593 3193/1/593
f 3547/1/752 3193/1/593 3548/1/753
f 3546/2/751 3545/2/751 3539/2/748
f 3546/2/751 3539/2/748 3538/2/748
f 3638/1/786 3461/1/715 3197/1/596
f 3638/1/786 3197/1/596 3196/1/595
f 3639/1/787 3542/1/715 3458/1/715
f 3639/1/787 3458/1/715 3640/1/786
f 3200/1/599 3201/1/600 3542/1/715
f 3200/1/599 3542/1/715 3639/1/787
f 3640/1/786 3458/1/715 3461/1/715
f 3640/1/786 3461/1/715 3638/1/786
f 3202/206/43 3641/209/788 3642/208/788
f 3202/206/43 3642/208/788 3203/207/43
f 3206/210/43 3643/211/788 3641/209/788
f 3206/210/43 3641/209/788 3202/206/43
s 0
f 3644/1/789 3645/1/789 3646/1/789
f 3644/1/789 3646/1/789 3647/1/789
f 3647/1/789 3646/1/789 3648/1/789
f 3647/1/789 3648/1/789 3649/1/789
s 1
f 3650/2/790 3651/2/791 3652/2/792
f 3650/2/790 3652/2/792 3653/2/792
f 3653/2/792 3652/2/792 3654/2/793
f 3653/2/792 3654/2/793 3655/2/794
f 3655/2/794 3654/2/793 3656/2/795
f 3655/2/794 3656/2/795 3657/2/796
f 3658/2/797 3659/2/798 3651/2/791
f 3658/2/797 3651/2/791 3650/2/790
f 3657/2/796 3656/2/795 3660/2/726
f 3657/2/796 3660/2/726 3661/2/799
f 3662/2/800 3663/2/725 3664/2/801
f 3662/2/800 3664/2/801 3665/2/802
f 3661/2/799 3660/2/726 3663/2/725
f 3661/2/799 3663/2/725 3662/2/800
f 3665/2/802 3664/2/801 3659/2/798
f 3665/2/802 3659/2/798 3658/2/797
s 0
f 3666/1/785 3667/1/785 3668/1/785
f 3666/1/785 3668/1/785 3669/1/785
f 3670/1/803 3671/1/803 3672/1/803
f 3670/1/803 3672/1/803 3673/1/803
f 3674/1/803 3675/1/803 3671/1/803
f 3674/1/803 3671/1/803 3670/1/803
f 3676/2/804 3677/2/804 3678/2/804
f 3676/2/804 3678/2/804 3679/2/804
f 3680/2/805 3681/2/805 3627/2/805
f 3680/2/805 3627/2/805 3626/2/805
f 3629/2/764 3628/2/764 3682/2/764
f 3629/2/764 3682/2/764 3683/2/764
f 3684/2/803 3685/2/803 3686/2/803
f 3684/2/803 3686/2/803 3687/2/803
f 3687/2/803 3686/2/803 3623/2/803
f 3687/2/803 3623/2/803 3622/2/803
s 1
f 3688/1/806 3689/1/807 3690/1/808
f 3688/1/806 3690/1/808 3691/1/809
f 3691/1/809 3690/1/808 3692/1/810
f 3691/1/809 3692/1/810 3693/1/810
f 3693/1/810 3692/1/810 3694/1/811
f 3693/1/810 3694/1/811 3695/1/811
s 0
f 3696/1/812 3697/1/813 3689/1/812
f 3696/1/814 3689/1/815 3688/1/815
f 3695/1/816 3694/1/816 3698/1/817
f 3695/1/817 3698/1/817 3699/1/817
s 1
f 3700/1/818 3701/1/819 3702/1/820
f 3700/1/818 3702/1/820 3703/1/820
f 3699/1/821 3698/1/822 3701/1/819
f 3699/1/821 3701/1/819 3700/1/818
f 3703/1/820 3702/1/820 3697/1/823
f 3703/1/820 3697/1/823 3696/1/824
f 3704/212/825 3705/213/820 3706/213/826
f 3704/212/825 3706/213/826 3707/212/819
f 3707/212/819 3706/213/826 3708/214/827
f 3707/212/819 3708/214/827 3709/202/828
f 3710/215/829 3711/216/829 3705/213/820
f 3710/215/829 3705/213/820 3704/212/825
s 0
f 3712/1/764 3713/1/764 3714/1/764
f 3712/1/764 3714/1/764 3715/1/764
f 3673/1/784 3672/1/784 3716/1/784
f 3673/1/784 3716/1/784 3717/1/784
f 3718/1/804 3719/1/804 3720/1/804
f 3718/1/804 3720/1/804 3721/1/804
f 3722/1/805 3723/1/805 3713/1/805
f 3722/1/805 3713/1/805 3712/1/805
f 3715/1/764 3714/1/764 3724/1/764
f 3715/1/764 3724/1/764 3725/1/764
s 1
f 3726/1/830 3293/1/644 3292/1/644
f 3726/1/830 3292/1/644 3727/1/830
f 3728/1/831 3729/1/832 3293/1/644
f 3728/1/831 3293/1/644 3726/1/830
f 3730/1/833 3731/1/834 3729/1/832
f 3730/1/833 3729/1/832 3728/1/831
f 3732/1/835 3733/1/835 3731/1/834
f 3732/1/835 3731/1/834 3730/1/833
s 0
f 3734/1/835 3735/1/835 3736/1/835
f 3734/1/835 3736/1/835 3737/1/835
s 1
f 3738/1/836 3739/1/836 3735/1/835
f 3738/1/836 3735/1/835 3734/1/835
f 3740/1/837 3741/1/837 3739/1/836
f 3740/1/837 3739/1/836 3738/1/836
f 3742/1/830 3309/1/644 3741/1/837
f 3742/1/830 3741/1/837 3740/1/837
f 3743/200/838 3744/201/836 3745/202/835
f 3743/200/838 3745/202/835 3746/203/835
f 3747/200/839 3748/201/840 3744/201/836
f 3747/200/839 3744/201/836 3743/200/838
f 3749/204/830 3750/205/830 3748/201/840
f 3749/204/830 3748/201/840 3747/200/839
f 3751/1/841 3752/1/841 3753/1/842
f 3751/1/841 3753/1/842 3754/1/843
s 0
f 3568/1/35 3567/1/35 3570/1/35
f 3568/1/35 3570/1/35 3569/1/35
f 3755/1/844 3756/1/844 3757/1/844
f 3755/1/844 3757/1/844 3758/1/844
f 3759/1/845 3760/1/845 3761/1/845
f 3759/1/845 3761/1/845 3762/1/845
s 1
f 3754/1/843 3753/1/842 3562/1/759
f 3754/1/843 3562/1/759 3561/1/758
f 3763/2/846 3764/2/847 3541/2/750
f 3763/2/846 3541/2/750 3765/2/848
f 3766/2/849 3534/2/744 3537/2/747
f 3766/2/849 3537/2/747 3767/2/850
f 3767/2/850 3537/2/747 3768/2/851
f 3767/2/850 3768/2/851 3769/2/852
f 3770/2/853 3771/2/854 3772/2/855
f 3770/2/853 3772/2/855 3773/2/856
f 3769/2/852 3768/2/851 3771/2/854
f 3769/2/852 3771/2/854 3770/2/853
f 3774/2/857 3558/2/757 3534/2/744
f 3774/2/857 3534/2/744 3766/2/849
f 3773/2/856 3772/2/855 3764/2/847
f 3773/2/856 3764/2/847 3763/2/846
f 3765/2/848 3541/2/750 3558/2/757
f 3765/2/848 3558/2/757 3774/2/857
s 0
f 3775/1/783 3776/1/783 3777/1/783
f 3775/1/783 3777/1/783 3778/1/783
f 3779/1/765 3780/1/765 3781/1/765
f 3779/1/765 3781/1/765 3782/1/765
f 3778/1/858 3777/1/858 3783/1/858
s 1
f 3778/1/858 3783/1/859 3784/1/860
s 0
f 3785/2/861 3786/2/861 3787/2/861
f 3785/2/861 3787/2/861 3788/2/861
f 3789/2/862 3790/2/862 3791/2/862
f 3789/2/862 3791/2/862 3792/2/862
f 3793/2/863 3794/2/863 3790/2/863
f 3793/2/863 3790/2/863 3789/2/863
f 3621/2/858 3620/2/858 3615/2/858
f 3621/2/858 3615/2/858 3614/2/858
f 3795/2/864 3796/2/864 3794/2/864
f 3795/2/864 3794/2/864 3793/2/864
s 1
f 3797/1/865 3798/1/866 3799/1/867
f 3797/1/865 3799/1/867 3800/1/868
f 3801/1/869 3802/1/870 3803/1/871
f 3801/1/869 3803/1/871 3804/1/872
f 3804/1/872 3803/1/871 3805/1/873
f 3804/1/872 3805/1/873 3806/1/874
f 3807/1/875 3808/1/876 3809/1/877
f 3807/1/875 3809/1/877 3810/1/877
f 3806/1/874 3805/1/873 3808/1/876
f 3806/1/874 3808/1/876 3807/1/875
f 3811/1/878 3812/1/878 3802/1/870
f 3811/1/878 3802/1/870 3801/1/869
f 3810/1/877 3809/1/877 3798/1/866
f 3810/1/877 3798/1/866 3797/1/865
f 3800/1/868 3799/1/867 3812/1/878
f 3800/1/868 3812/1/878 3811/1/878
f 3813/217/879 3814/220/880 3815/219/881
f 3813/217/879 3815/219/881 3816/218/882
f 3817/203/883 3818/221/883 3819/220/884
f 3817/203/883 3819/220/884 3820/217/885
f 3820/217/885 3819/220/884 3814/220/880
f 3820/217/885 3814/220/880 3813/217/879
s 0
f 3784/1/782 3783/1/782 3821/1/782
f 3784/1/886 3821/1/782 3822/1/782
f 3823/1/771 3824/1/771 3825/1/771
f 3823/1/771 3825/1/771 3826/1/771
f 3827/1/887 3828/1/887 3829/1/887
f 3827/1/887 3829/1/887 3830/1/887
f 3831/1/862 3832/1/862 3833/1/862
f 3831/1/862 3833/1/862 3834/1/862
f 3782/1/888 3781/1/888 3832/1/863
f 3782/1/863 3832/1/863 3831/1/863
f 3757/1/844 3835/1/844 3836/1/844
f 3757/1/844 3836/1/844 3758/1/844
s 1
f 3837/1/889 3609/1/778 3603/1/772
f 3837/1/889 3603/1/772 3838/1/855
f 3506/201/735 3839/223/735 3840/222/736
f 3506/201/735 3840/222/736 3508/205/736
f 3292/1/644 3309/1/644 3742/1/830
f 3292/1/644 3742/1/830 3727/1/830
f 3504/201/733 3841/223/733 3839/223/735
f 3504/201/733 3839/223/735 3506/201/735
f 3842/1/723 3479/1/723 3478/1/722
f 3842/1/723 3478/1/722 3843/1/813
s 0
f 3454/1/713 3844/1/713 3845/1/713
f 3454/1/713 3845/1/713 3455/1/713
f 3846/2/727 3847/2/727 3848/2/727
f 3846/2/727 3848/2/727 3849/2/727
f 3634/1/37 3496/1/37 3495/1/37
f 3634/1/37 3495/1/37 3635/1/37
s 1
f 3503/202/734 3850/214/734 3841/223/733
f 3503/202/734 3841/223/733 3504/201/733
f 3851/1/726 3483/1/726 3481/1/725
f 3851/1/726 3481/1/725 3852/1/725
s 0
f 3555/1/36 62/1/36 64/1/36
f 3555/1/36 64/1/36 3556/1/36
f 3736/1/835 3733/1/835 3732/1/835
f 3736/1/835 3732/1/835 3737/1/835
s 1
f 3750/205/830 3853/222/830 3854/223/840
f 3750/205/830 3854/223/840 3748/201/840
f 3838/1/855 3603/1/772 3595/1/769
f 3838/1/855 3595/1/769 3525/1/742
f 3525/1/742 3595/1/769 3855/1/890
f 3525/1/742 3855/1/890 3526/1/743
f 3852/1/725 3481/1/725 3479/1/723
f 3852/1/725 3479/1/723 3842/1/723
s 0
f 3446/1/708 3856/1/708 3857/1/708
f 3446/1/708 3857/1/708 3447/1/708
f 3556/1/36 64/1/36 59/1/36
f 3556/1/36 59/1/36 3611/1/36
s 1
f 3748/201/840 3854/223/840 3858/223/836
f 3748/201/840 3858/223/836 3744/201/836
f 3030/1/43 3035/1/537 3490/1/730
f 3030/1/43 3490/1/730 3489/1/729
f 3744/201/836 3858/223/836 3859/214/835
f 3744/201/836 3859/214/835 3745/202/835
s 0
f 3761/1/845 3860/1/845 3861/1/845
f 3761/1/845 3861/1/845 3762/1/845
s 1
f 3862/1/891 3612/1/780 3609/1/778
f 3862/1/891 3609/1/778 3837/1/889
f 3863/1/892 3433/1/705 3432/1/705
f 3863/1/892 3432/1/705 3864/1/893
f 3593/1/767 3865/1/894 3866/1/895
f 3593/1/767 3866/1/895 3594/1/768
f 3865/1/894 3863/1/892 3864/1/893
f 3865/1/894 3864/1/893 3866/1/895
s 0
f 3577/1/35 3575/1/35 3867/1/35
f 3577/1/35 3867/1/35 3596/1/35
f 3575/1/35 3130/1/35 3437/1/35
f 3575/1/35 3437/1/35 3867/1/35
s 1
f 3608/1/777 3583/1/761 3579/1/35
f 3608/1/777 3579/1/35 3597/1/35
s 0
f 3868/1/896 3869/1/896 3870/1/896
f 3868/1/896 3870/1/896 3871/1/896
f 3872/1/48 3873/1/48 3874/1/48
f 3872/1/48 3874/1/48 3875/1/48
f 3876/1/41 3877/1/41 3878/1/41
f 3876/1/41 3878/1/41 3879/1/41
f 3880/1/42 3881/1/42 3882/1/42
f 3880/1/42 3882/1/42 3883/1/42
f 3884/1/35 3885/1/35 3886/1/35
f 3884/1/35 3886/1/35 3887/1/35
f 3888/1/41 3889/1/41 3890/1/41
f 3888/1/41 3890/1/41 3891/1/41
f 3892/1/43 3893/1/43 3894/1/43
f 3892/1/43 3894/1/43 3895/1/43
f 3896/1/43 3897/1/43 3898/1/43
f 3896/1/43 3898/1/43 3899/1/43
f 3900/1/43 3901/1/43 3902/1/43
f 3900/1/43 3902/1/43 3903/1/43
f 3904/1/43 3905/1/43 3906/1/43
f 3904/1/43 3906/1/43 3907/1/43
f 3908/224/43 3909/225/43 3910/226/43
f 3908/224/43 3910/226/43 3911/227/43
f 3912/1/35 3913/1/35 3914/1/35
f 3912/1/35 3914/1/35 3915/1/35
f 3916/1/42 3917/1/42 3918/1/42
f 3916/1/42 3918/1/42 3919/1/42
f 3920/1/48 3921/1/48 3922/1/48
f 3920/1/48 3922/1/48 3923/1/48
f 3925/1/35 3933/1/35 3924/1/35
f 3933/1/35 3925/1/35 3932/1/35
f 3932/1/35 3925/1/35 3931/1/35
f 3931/1/35 3925/1/35 3930/1/35
f 3930/1/35 3925/1/35 3929/1/35
f 3929/1/35 3925/1/35 3926/1/35
f 3929/1/35 3926/1/35 3927/1/35
f 3929/1/35 3927/1/35 3928/1/35
s 1
f 660/1/121 731/1/190 684/1/143
f 731/1/190 660/1/121 659/1/120
f 731/1/190 659/1/120 732/1/191
f 732/1/191 659/1/120 675/1/134
f 675/1/134 659/1/120 676/1/135
f 676/1/135 659/1/120 717/1/176
f 717/1/176 659/1/120 719/1/178
f 719/1/178 659/1/120 681/1/140
s 0
f 3955/1/41 3953/1/41 3954/1/41
f 3953/1/41 3955/1/41 3952/1/41
f 3952/1/41 3955/1/41 3956/1/41
f 3952/1/41 3956/1/41 3951/1/41
f 3951/1/41 3956/1/41 3957/1/41
f 3951/1/41 3957/1/41 3934/1/41
f 3951/1/41 3934/1/41 3950/1/41
f 3950/1/41 3934/1/41 3935/1/41
f 3950/1/41 3935/1/41 3949/1/41
f 3949/1/41 3935/1/41 3936/1/41
f 3949/1/41 3936/1/41 3948/1/41
f 3948/1/41 3936/1/41 3937/1/41
f 3948/1/41 3937/1/41 3947/1/41
f 3947/1/41 3937/1/41 3938/1/41
f 3947/1/41 3938/1/41 3946/1/41
f 3946/1/41 3938/1/41 3939/1/41
f 3946/1/41 3939/1/41 3945/1/41
f 3945/1/41 3939/1/41 3940/1/41
f 3945/1/41 3940/1/41 3944/1/41
f 3944/1/41 3940/1/41 3943/1/41
f 3943/1/41 3940/1/41 3941/1/41
f 3943/1/41 3941/1/41 3942/1/41
f 3958/25/361 3964/47/361 3965/26/361
f 3964/47/361 3958/25/361 3963/45/361
f 3963/45/361 3958/25/361 3962/10/361
f 3962/10/361 3958/25/361 3959/41/361
f 3962/10/361 3959/41/361 3960/43/361
f 3962/10/361 3960/43/361 3961/8/361
f 3975/48/35 3973/21/35 3974/24/35
f 3973/21/35 3975/48/35 3976/50/35
f 3973/21/35 3976/50/35 3977/17/35
f 3973/21/35 3977/17/35 3972/61/35
f 3972/61/35 3977/17/35 3971/62/35
f 3971/62/35 3977/17/35 3978/228/35
f 3971/62/35 3978/228/35 3970/16/35
f 3970/16/35 3978/228/35 3969/229/35
f 3969/229/35 3978/228/35 3979/230/35
f 3969/229/35 3979/230/35 3980/231/35
f 3969/229/35 3980/231/35 3968/232/35
f 3968/232/35 3980/231/35 3981/233/35
f 3968/232/35 3981/233/35 3966/234/35
f 3968/232/35 3966/234/35 3967/234/35
f 3983/7/361 3989/35/361 3982/11/361
f 3989/35/361 3983/7/361 3988/27/361
f 3988/27/361 3983/7/361 3984/38/361
f 3988/27/361 3984/38/361 3987/27/361
f 3987/27/361 3984/38/361 3986/28/361
f 3986/28/361 3984/38/361 3985/39/361
f 3993/1/41 3991/1/41 3992/1/41
f 3991/1/41 3993/1/41 3990/1/41
f 3990/1/41 3993/1/41 3994/1/41
f 3990/1/41 3994/1/41 3995/1/41
f 3990/1/41 3995/1/41 3996/1/41
f 3990/1/41 3996/1/41 3997/1/41
f 3990/1/41 4003/1/41 3991/1/41
f 4003/1/41 3990/1/41 4002/1/41
f 4002/1/41 3990/1/41 4001/1/41
f 4001/1/41 3990/1/41 4000/1/41
f 4000/1/41 3990/1/41 3999/1/41
f 3999/1/41 3990/1/41 3998/1/41
