# Blender 5.2.0 LTS
# www.blender.org
mtllib 17_3_Model_AIRPORT_0.mtl
o 17.3.Model_AIRPORT_0
v -0.275039 -0.499118 -0.386950
v -0.284764 -0.500399 -0.386950
v -0.284764 -0.462822 -0.386950
v -0.317307 -0.444034 -0.386950
v -0.311335 -0.436251 -0.386950
v -0.284764 -0.462822 -0.386950
v -0.258194 -0.436251 -0.386950
v -0.252222 -0.444034 -0.386950
v -0.284764 -0.462822 -0.386950
v -0.265976 -0.495364 -0.386950
v -0.284764 -0.462822 -0.386950
v -0.321061 -0.453096 -0.386950
v -0.284764 -0.462822 -0.386950
v -0.321061 -0.472548 -0.386950
v -0.322341 -0.462822 -0.386950
v -0.284764 -0.462822 -0.386950
v -0.265976 -0.430280 -0.386950
v -0.284764 -0.462822 -0.386950
v -0.258194 -0.489393 -0.386950
v -0.284764 -0.462822 -0.386950
v -0.284764 -0.462822 -0.386950
v -0.317307 -0.481610 -0.386950
v -0.284764 -0.462822 -0.386950
v -0.275039 -0.426526 -0.386950
v -0.284764 -0.462822 -0.386950
v -0.252222 -0.481610 -0.386950
v -0.284764 -0.462822 -0.386950
v -0.311335 -0.489393 -0.386950
v -0.284764 -0.462822 -0.386950
v -0.284764 -0.425245 -0.386950
v -0.284764 -0.462822 -0.386950
v -0.248468 -0.472548 -0.386950
v -0.284764 -0.462822 -0.386950
v -0.303553 -0.495364 -0.386950
v -0.284764 -0.462822 -0.386950
v -0.294490 -0.426526 -0.386950
v -0.284764 -0.462822 -0.386950
v -0.247188 -0.462822 -0.386950
v -0.284764 -0.462822 -0.386950
v -0.294490 -0.499118 -0.386950
v -0.284764 -0.462822 -0.386950
v -0.303553 -0.430280 -0.386950
v -0.284764 -0.462822 -0.386950
v -0.248468 -0.453096 -0.386950
v -0.284764 -0.462822 -0.386950
v -0.284764 -0.462822 -0.386950
v -0.284764 -0.462822 -0.386950
v -0.284764 -0.462822 -0.386950
v -0.275039 -0.499118 0.386950
v -0.284764 -0.462822 0.386950
v -0.284764 -0.500399 0.386950
v -0.317307 -0.444033 0.386950
v -0.284764 -0.462822 0.386950
v -0.311335 -0.436251 0.386950
v -0.258194 -0.436251 0.386950
v -0.284764 -0.462822 0.386950
v -0.252222 -0.444033 0.386950
v -0.265976 -0.495364 0.386950
v -0.284764 -0.462822 0.386950
v -0.321061 -0.453096 0.386950
v -0.284764 -0.462822 0.386950
v -0.321061 -0.472547 0.386950
v -0.284764 -0.462822 0.386950
v -0.322341 -0.462822 0.386950
v -0.265976 -0.430279 0.386950
v -0.284764 -0.462822 0.386950
v -0.258194 -0.489392 0.386950
v -0.284764 -0.462822 0.386950
v -0.284764 -0.462822 0.386950
v -0.317307 -0.481610 0.386950
v -0.284764 -0.462822 0.386950
v -0.275039 -0.426526 0.386950
v -0.284764 -0.462822 0.386950
v -0.252222 -0.481610 0.386950
v -0.284764 -0.462822 0.386950
v -0.311335 -0.489392 0.386950
v -0.284764 -0.462822 0.386950
v -0.284764 -0.425245 0.386950
v -0.284764 -0.462822 0.386950
v -0.248468 -0.472547 0.386950
v -0.284764 -0.462822 0.386950
v -0.303553 -0.495364 0.386950
v -0.284764 -0.462822 0.386950
v -0.294490 -0.426526 0.386950
v -0.284764 -0.462822 0.386950
v -0.247188 -0.462822 0.386950
v -0.284764 -0.462822 0.386950
v -0.294490 -0.499118 0.386950
v -0.284764 -0.462822 0.386950
v -0.303553 -0.430279 0.386950
v -0.284764 -0.462822 0.386950
v -0.248468 -0.453096 0.386950
v -0.284764 -0.462822 0.386950
v -0.284764 -0.462822 0.386950
v -0.284764 -0.462822 0.386950
v -0.284764 -0.462822 0.386950
v 0.444293 -0.506982 -0.026056
v 0.450716 -0.499869 -0.026056
v 0.471275 -0.526776 -0.026056
v 0.499082 -0.499869 -0.026056
v 0.505505 -0.506982 -0.026056
v 0.478523 -0.526776 -0.026056
v 0.466047 -0.491017 -0.026056
v 0.472971 -0.527389 -0.026056
v 0.457799 -0.494434 -0.026056
v 0.491999 -0.494433 -0.026056
v 0.483751 -0.491017 -0.026056
v 0.476827 -0.527389 -0.026056
v 0.444293 -0.506982 0.026056
v 0.471275 -0.526776 0.026056
v 0.450716 -0.499869 0.026056
v 0.499082 -0.499869 0.026056
v 0.478523 -0.526776 0.026056
v 0.505505 -0.506982 0.026056
v 0.466047 -0.491017 0.026056
v 0.472971 -0.527389 0.026056
v 0.457799 -0.494434 0.026056
v 0.491999 -0.494433 0.026056
v 0.483751 -0.491017 0.026056
v 0.476827 -0.527389 0.026056
v 0.444804 -0.507414 -0.021735
v 0.471275 -0.526776 -0.021728
v 0.451147 -0.500321 -0.021732
v 0.498650 -0.500321 -0.021732
v 0.478523 -0.526776 -0.021728
v 0.504994 -0.507414 -0.021735
v 0.466206 -0.491611 -0.021731
v 0.472971 -0.527389 -0.021728
v 0.458106 -0.494966 -0.021733
v 0.491691 -0.494966 -0.021733
v 0.483591 -0.491611 -0.021731
v 0.476827 -0.527389 -0.021728
v 0.444804 -0.507414 0.021735
v 0.451147 -0.500321 0.021732
v 0.471275 -0.526776 0.021729
v 0.498650 -0.500321 0.021732
v 0.504994 -0.507414 0.021735
v 0.478523 -0.526776 0.021729
v 0.466206 -0.491611 0.021732
v 0.472971 -0.527389 0.021729
v 0.458106 -0.494966 0.021733
v 0.491691 -0.494966 0.021733
v 0.483591 -0.491611 0.021732
v 0.476827 -0.527389 0.021729
v -0.143933 0.416771 0.287869
v -0.143933 0.485271 0.287869
v -0.161446 0.485271 0.292609
v -0.161446 0.416771 0.292609
v -0.126421 0.416771 -0.257229
v -0.126421 0.348272 -0.257229
v -0.131113 0.348272 -0.274919
v -0.131113 0.416771 -0.274919
v -0.357778 0.416771 0.274919
v -0.357778 0.348272 0.274919
v -0.344957 0.348272 0.287869
v -0.344957 0.416771 0.287869
v -0.131113 0.416771 0.274919
v -0.131113 0.485271 0.274919
v -0.126421 0.416771 -0.257229
v -0.126421 0.485270 -0.257229
v -0.126421 0.485271 0.257229
v -0.126421 0.416771 0.257229
v -0.327445 0.348272 0.292609
v -0.327445 0.416771 0.292609
v -0.327445 0.485271 0.292609
v -0.327445 0.416771 0.292609
v -0.362470 0.416771 0.257229
v -0.362470 0.485271 0.257229
v -0.362470 0.485270 -0.257229
v -0.362470 0.416771 -0.257229
v -0.143933 0.416771 -0.287869
v -0.143933 0.348272 -0.287869
v -0.161446 0.348272 -0.292609
v -0.161446 0.416771 -0.292609
v -0.362470 0.416771 0.257229
v -0.362470 0.348272 0.257229
v -0.344957 0.416771 -0.287869
v -0.344957 0.348272 -0.287869
v -0.357778 0.348272 -0.274919
v -0.357778 0.416771 -0.274919
v -0.327445 0.416771 -0.292609
v -0.327445 0.348272 -0.292609
v -0.362470 0.348272 -0.257229
v -0.362470 0.416771 -0.257229
v -0.327445 0.416771 -0.292609
v -0.327445 0.485270 -0.292609
v -0.161446 0.485270 -0.292609
v -0.161446 0.416771 -0.292609
v -0.131113 0.485271 0.274919
v -0.131113 0.416771 0.274919
v -0.150673 0.326456 0.263511
v -0.148237 0.326456 0.254327
v -0.137329 0.329379 0.255778
v -0.140893 0.329379 0.269215
v -0.129344 0.337364 0.256840
v -0.133734 0.337364 0.273390
v -0.126421 0.348272 0.257229
v -0.131113 0.348272 0.274919
v -0.155226 0.326456 0.268111
v -0.149580 0.329379 0.277990
v -0.145446 0.337364 0.285222
v -0.131113 0.348272 0.274919
v -0.143933 0.348272 0.287869
v -0.164318 0.326456 0.270571
v -0.162882 0.329379 0.281590
v -0.161831 0.337364 0.289656
v -0.161446 0.348272 0.292609
v -0.340654 0.326456 0.254327
v -0.338218 0.326456 0.263511
v -0.347998 0.329379 0.269215
v -0.351562 0.329379 0.255778
v -0.355157 0.337364 0.273390
v -0.359547 0.337364 0.256840
v -0.333665 0.326456 0.268111
v -0.339311 0.329379 0.277990
v -0.343444 0.337364 0.285222
v -0.324573 0.326456 0.270571
v -0.326009 0.329379 0.281590
v -0.327060 0.337364 0.289656
v -0.324573 0.326456 -0.270572
v -0.333665 0.326456 -0.268111
v -0.339311 0.329379 -0.277990
v -0.326009 0.329379 -0.281590
v -0.343444 0.337364 -0.285222
v -0.327060 0.337364 -0.289657
v -0.338218 0.326456 -0.263512
v -0.347998 0.329379 -0.269215
v -0.355157 0.337364 -0.273391
v -0.340654 0.326456 -0.254328
v -0.351562 0.329379 -0.255778
v -0.359547 0.337364 -0.256840
v -0.148237 0.326456 -0.254328
v -0.150673 0.326456 -0.263512
v -0.140893 0.329379 -0.269215
v -0.137329 0.329379 -0.255778
v -0.133734 0.337364 -0.273391
v -0.129344 0.337364 -0.256840
v -0.155226 0.326456 -0.268111
v -0.149580 0.329379 -0.277990
v -0.145446 0.337364 -0.285222
v -0.164318 0.326456 -0.270572
v -0.162882 0.329379 -0.281590
v -0.161831 0.337364 -0.289657
v -0.126421 0.416771 0.257229
v -0.131113 0.416771 0.274919
v -0.357778 0.485270 -0.274919
v -0.357778 0.416771 -0.274919
v -0.131113 0.485270 -0.274919
v -0.131113 0.416771 -0.274919
v -0.143933 0.416771 -0.287869
v -0.143933 0.485270 -0.287869
v -0.344957 0.416771 -0.287869
v -0.344957 0.485270 -0.287869
v -0.357778 0.416771 0.274919
v -0.357778 0.485271 0.274919
v -0.161446 0.416771 0.292609
v -0.344957 0.485271 0.287869
v -0.344957 0.416771 0.287869
v -0.131113 0.416771 0.274919
v -0.143933 0.416771 0.287869
v -0.149342 0.416771 0.278405
v -0.162858 0.416771 0.281774
v -0.162858 0.485271 0.281774
v -0.149342 0.485271 0.278405
v -0.137146 0.416771 -0.255802
v -0.140482 0.416771 -0.269455
v -0.140400 0.349700 -0.269503
v -0.137055 0.349681 -0.255815
v -0.348409 0.416771 0.269455
v -0.339548 0.416771 0.278405
v -0.339596 0.349700 0.278488
v -0.348491 0.349700 0.269503
v -0.140482 0.416771 0.269455
v -0.140482 0.485271 0.269455
v -0.137146 0.416771 -0.255802
v -0.137146 0.416771 0.255802
v -0.137146 0.485271 0.255802
v -0.137146 0.485270 -0.255802
v -0.326033 0.416771 0.281774
v -0.326045 0.349681 0.281867
v -0.326033 0.416771 0.281774
v -0.326033 0.485271 0.281774
v -0.351744 0.416771 0.255802
v -0.351744 0.416771 -0.255802
v -0.351744 0.485270 -0.255802
v -0.351744 0.485271 0.255802
v -0.149342 0.416771 -0.278405
v -0.162858 0.416771 -0.281775
v -0.162846 0.349681 -0.281867
v -0.149295 0.349700 -0.278488
v -0.351744 0.416771 0.255802
v -0.351836 0.349681 0.255814
v -0.339548 0.416771 -0.278405
v -0.348409 0.416771 -0.269455
v -0.348491 0.349700 -0.269503
v -0.339596 0.349700 -0.278488
v -0.326033 0.416771 -0.281775
v -0.326045 0.349681 -0.281867
v -0.351744 0.416771 -0.255802
v -0.351836 0.349681 -0.255815
v -0.326033 0.416771 -0.281775
v -0.162858 0.416771 -0.281775
v -0.162858 0.485270 -0.281775
v -0.326033 0.485270 -0.281775
v -0.140482 0.416771 0.269455
v -0.140482 0.485271 0.269455
v -0.152049 0.337157 0.262709
v -0.145762 0.338622 0.266376
v -0.142831 0.338665 0.255046
v -0.149739 0.337168 0.254128
v -0.141885 0.342698 0.268637
v -0.138671 0.342704 0.255599
v -0.142831 0.338665 0.255046
v -0.141885 0.342698 0.268637
v -0.140400 0.349700 0.269503
v -0.137055 0.349681 0.255814
v -0.138671 0.342704 0.255599
v -0.156021 0.337157 0.266720
v -0.152391 0.338622 0.273072
v -0.150152 0.342698 0.276988
v -0.150152 0.342698 0.276988
v -0.149295 0.349700 0.278488
v -0.140400 0.349700 0.269503
v -0.164516 0.337168 0.269054
v -0.163606 0.338665 0.276032
v -0.163606 0.338665 0.276032
v -0.163059 0.342704 0.280234
v -0.163059 0.342704 0.280234
v -0.162846 0.349681 0.281867
v -0.339152 0.337168 0.254128
v -0.346059 0.338665 0.255046
v -0.343129 0.338622 0.266376
v -0.336841 0.337157 0.262709
v -0.346059 0.338665 0.255046
v -0.350219 0.342704 0.255599
v -0.347006 0.342698 0.268637
v -0.350219 0.342704 0.255599
v -0.347006 0.342698 0.268637
v -0.336500 0.338622 0.273072
v -0.332870 0.337157 0.266721
v -0.338739 0.342698 0.276988
v -0.338739 0.342698 0.276988
v -0.325284 0.338665 0.276032
v -0.324375 0.337168 0.269054
v -0.325832 0.342704 0.280234
v -0.325284 0.338665 0.276032
v -0.325832 0.342704 0.280234
v -0.324375 0.337167 -0.269054
v -0.325284 0.338665 -0.276032
v -0.336500 0.338622 -0.273072
v -0.332870 0.337157 -0.266721
v -0.325284 0.338665 -0.276032
v -0.325832 0.342704 -0.280234
v -0.338739 0.342698 -0.276988
v -0.325832 0.342704 -0.280234
v -0.338739 0.342698 -0.276988
v -0.343129 0.338622 -0.266376
v -0.336841 0.337157 -0.262709
v -0.347006 0.342698 -0.268637
v -0.347006 0.342698 -0.268637
v -0.346059 0.338665 -0.255046
v -0.339152 0.337167 -0.254128
v -0.350219 0.342704 -0.255600
v -0.346059 0.338665 -0.255046
v -0.350219 0.342704 -0.255600
v -0.149739 0.337167 -0.254128
v -0.142831 0.338665 -0.255046
v -0.145762 0.338622 -0.266376
v -0.152049 0.337157 -0.262709
v -0.142831 0.338665 -0.255046
v -0.138671 0.342704 -0.255600
v -0.141885 0.342698 -0.268637
v -0.138671 0.342704 -0.255600
v -0.141885 0.342698 -0.268637
v -0.152391 0.338622 -0.273072
v -0.156021 0.337157 -0.266721
v -0.150152 0.342698 -0.276988
v -0.150152 0.342698 -0.276988
v -0.163606 0.338665 -0.276032
v -0.164516 0.337167 -0.269054
v -0.163059 0.342704 -0.280234
v -0.163606 0.338665 -0.276032
v -0.163059 0.342704 -0.280234
v -0.140482 0.416771 0.269455
v -0.137146 0.416771 0.255802
v -0.348409 0.485270 -0.269455
v -0.348409 0.416771 -0.269455
v -0.140482 0.485270 -0.269455
v -0.149342 0.485270 -0.278405
v -0.149342 0.416771 -0.278405
v -0.140482 0.416771 -0.269455
v -0.339548 0.485270 -0.278405
v -0.339548 0.416771 -0.278405
v -0.348409 0.485271 0.269455
v -0.348409 0.416771 0.269455
v -0.162858 0.416771 0.281774
v -0.339548 0.485271 0.278405
v -0.339548 0.416771 0.278405
v -0.149342 0.416771 0.278405
v -0.140482 0.416771 0.269455
v -0.131113 0.485271 0.274919
v -0.126421 0.485271 0.257229
v -0.137146 0.485271 0.255802
v -0.140482 0.485271 0.269455
v -0.143933 0.485271 0.287869
v -0.131113 0.485271 0.274919
v -0.140482 0.485271 0.269455
v -0.149342 0.485271 0.278405
v -0.161446 0.485271 0.292609
v -0.162858 0.485271 0.281774
v -0.362470 0.485271 0.257229
v -0.357778 0.485271 0.274919
v -0.348409 0.485271 0.269455
v -0.351744 0.485271 0.255802
v -0.344957 0.485271 0.287869
v -0.339548 0.485271 0.278405
v -0.327445 0.485271 0.292609
v -0.326033 0.485271 0.281774
v -0.327445 0.485270 -0.292609
v -0.344957 0.485270 -0.287869
v -0.339548 0.485270 -0.278405
v -0.326033 0.485270 -0.281775
v -0.357778 0.485270 -0.274919
v -0.348409 0.485270 -0.269455
v -0.362470 0.485270 -0.257229
v -0.351744 0.485270 -0.255802
v -0.126421 0.485270 -0.257229
v -0.131113 0.485270 -0.274919
v -0.140482 0.485270 -0.269455
v -0.137146 0.485270 -0.255802
v -0.143933 0.485270 -0.287869
v -0.149342 0.485270 -0.278405
v -0.161446 0.485270 -0.292609
v -0.162858 0.485270 -0.281775
v -0.308299 0.040329 0.314185
v -0.308299 0.040329 -0.314185
v -0.307497 0.034238 -0.314185
v -0.307497 0.034238 0.314185
v -0.305146 0.028562 -0.314185
v -0.305146 0.028562 0.314185
v -0.301406 0.023688 -0.314185
v -0.301406 0.023688 0.314185
v -0.296531 0.019948 -0.314185
v -0.296531 0.019948 0.314185
v -0.290855 0.017597 -0.314185
v -0.290855 0.017597 0.314185
v -0.284764 0.016795 -0.314185
v -0.284764 0.016795 0.314185
v -0.278673 0.017597 -0.314185
v -0.278673 0.017597 0.314185
v -0.272997 0.019948 -0.314185
v -0.272997 0.019948 0.314185
v -0.268123 0.023688 -0.314185
v -0.268123 0.023688 0.314185
v -0.264383 0.028562 -0.314185
v -0.264383 0.028562 0.314185
v -0.262032 0.034238 -0.314185
v -0.262032 0.034238 0.314185
v -0.261230 0.040329 -0.314185
v -0.261230 0.040329 0.314185
v -0.262032 0.046420 -0.314185
v -0.262032 0.046420 0.314185
v -0.264383 0.052096 -0.314185
v -0.264383 0.052096 0.314184
v -0.268123 0.056970 -0.314185
v -0.268123 0.056970 0.314184
v -0.272997 0.060710 -0.314185
v -0.272997 0.060710 0.314184
v -0.278673 0.063061 -0.314185
v -0.278673 0.063062 0.314184
v -0.284764 0.063863 -0.314185
v -0.284764 0.063863 0.314184
v -0.290855 0.063061 -0.314185
v -0.290855 0.063062 0.314184
v -0.296531 0.060710 -0.314185
v -0.296531 0.060710 0.314184
v -0.301406 0.056970 -0.314185
v -0.301406 0.056970 0.314185
v -0.305146 0.052096 -0.314185
v -0.305146 0.052096 0.314185
v -0.307497 0.046420 -0.314185
v -0.307497 0.046420 0.314185
v -0.308299 0.040329 -0.314185
v -0.308299 0.040329 0.314185
v -0.308299 0.040426 -0.128018
v -0.308299 0.326346 -0.128018
v -0.307497 0.326346 -0.134109
v -0.307497 0.040426 -0.134109
v -0.305146 0.326346 -0.139785
v -0.305146 0.040426 -0.139785
v -0.301406 0.326346 -0.144659
v -0.301406 0.040426 -0.144659
v -0.296531 0.326346 -0.148399
v -0.296531 0.040426 -0.148399
v -0.290855 0.326346 -0.150750
v -0.290855 0.040426 -0.150750
v -0.284764 0.326346 -0.151552
v -0.284764 0.040426 -0.151552
v -0.278673 0.326346 -0.150750
v -0.278673 0.040426 -0.150750
v -0.272997 0.326346 -0.148399
v -0.272997 0.040426 -0.148399
v -0.268123 0.326346 -0.144659
v -0.268123 0.040426 -0.144659
v -0.264383 0.326346 -0.139785
v -0.264383 0.040426 -0.139785
v -0.262032 0.326346 -0.134109
v -0.262032 0.040426 -0.134109
v -0.261230 0.326346 -0.128018
v -0.261230 0.040426 -0.128018
v -0.262032 0.326346 -0.121927
v -0.262032 0.040426 -0.121927
v -0.264383 0.326346 -0.116251
v -0.264383 0.040426 -0.116251
v -0.268123 0.326346 -0.111377
v -0.268123 0.040426 -0.111376
v -0.272997 0.326346 -0.107636
v -0.272997 0.040426 -0.107636
v -0.278673 0.326346 -0.105285
v -0.278673 0.040426 -0.105285
v -0.284764 0.326346 -0.104483
v -0.284764 0.040426 -0.104483
v -0.290855 0.326346 -0.105285
v -0.290855 0.040426 -0.105285
v -0.296531 0.326346 -0.107636
v -0.296531 0.040426 -0.107636
v -0.301406 0.326346 -0.111377
v -0.301406 0.040426 -0.111376
v -0.305146 0.326346 -0.116251
v -0.305146 0.040426 -0.116251
v -0.307497 0.326346 -0.121927
v -0.307497 0.040426 -0.121927
v -0.308299 0.040426 0.128018
v -0.307497 0.040426 0.134109
v -0.307497 0.326346 0.134109
v -0.308299 0.326346 0.128018
v -0.305146 0.040426 0.139785
v -0.305146 0.326346 0.139785
v -0.301406 0.040426 0.144659
v -0.301406 0.326346 0.144659
v -0.296531 0.040426 0.148399
v -0.296531 0.326346 0.148399
v -0.290855 0.040426 0.150750
v -0.290855 0.326346 0.150750
v -0.284764 0.040426 0.151552
v -0.284764 0.326346 0.151552
v -0.278673 0.040426 0.150750
v -0.278673 0.326346 0.150750
v -0.272997 0.040426 0.148399
v -0.272997 0.326346 0.148399
v -0.268123 0.040426 0.144659
v -0.268123 0.326346 0.144659
v -0.264383 0.040426 0.139785
v -0.264383 0.326346 0.139785
v -0.262032 0.040426 0.134109
v -0.262032 0.326346 0.134109
v -0.261230 0.040426 0.128018
v -0.261230 0.326346 0.128018
v -0.262032 0.040426 0.121927
v -0.262032 0.326346 0.121927
v -0.264383 0.040426 0.116251
v -0.264383 0.326346 0.116250
v -0.268123 0.040426 0.111376
v -0.268123 0.326346 0.111376
v -0.272997 0.040426 0.107636
v -0.272997 0.326346 0.107636
v -0.278673 0.040426 0.105285
v -0.278673 0.326346 0.105285
v -0.284764 0.040426 0.104483
v -0.284764 0.326346 0.104483
v -0.290855 0.040426 0.105285
v -0.290855 0.326346 0.105285
v -0.296531 0.040426 0.107636
v -0.296531 0.326346 0.107636
v -0.301406 0.040426 0.111376
v -0.301406 0.326346 0.111376
v -0.305146 0.040426 0.116251
v -0.305146 0.326346 0.116250
v -0.307497 0.040426 0.121927
v -0.307497 0.326346 0.121927
v -0.308299 -0.200385 -0.316613
v -0.308299 0.501234 -0.316613
v -0.307497 0.501234 -0.322704
v -0.307497 -0.200385 -0.322704
v -0.305146 0.501234 -0.328380
v -0.305146 -0.200385 -0.328380
v -0.301406 0.501234 -0.333254
v -0.301406 -0.200385 -0.333254
v -0.296531 0.501234 -0.336994
v -0.296531 -0.200385 -0.336994
v -0.290855 0.501234 -0.339345
v -0.290855 -0.200385 -0.339345
v -0.284764 0.501234 -0.340147
v -0.284764 -0.200385 -0.340147
v -0.278673 0.501234 -0.339345
v -0.278673 -0.200385 -0.339345
v -0.272997 0.501234 -0.336994
v -0.272997 -0.200385 -0.336994
v -0.268123 0.501234 -0.333254
v -0.268123 -0.200385 -0.333254
v -0.264383 0.501234 -0.328380
v -0.264383 -0.200385 -0.328380
v -0.262032 0.501234 -0.322704
v -0.262032 -0.200385 -0.322704
v -0.261230 0.501234 -0.316613
v -0.261230 -0.200385 -0.316613
v -0.262032 0.501234 -0.310522
v -0.262032 -0.200385 -0.310522
v -0.264383 0.501234 -0.304846
v -0.264383 -0.200385 -0.304845
v -0.268123 0.501234 -0.299972
v -0.268123 -0.200385 -0.299971
v -0.272997 0.501234 -0.296232
v -0.272997 -0.200385 -0.296231
v -0.278673 0.501234 -0.293880
v -0.278673 -0.200385 -0.293880
v -0.284764 0.501234 -0.293078
v -0.284764 -0.200385 -0.293078
v -0.290855 0.501234 -0.293880
v -0.290855 -0.200385 -0.293880
v -0.296531 0.501234 -0.296232
v -0.296531 -0.200385 -0.296231
v -0.301406 0.501234 -0.299972
v -0.301406 -0.200385 -0.299971
v -0.305146 0.501234 -0.304846
v -0.305146 -0.200385 -0.304845
v -0.306355 0.507312 -0.328380
v -0.302899 0.508743 -0.333254
v -0.307497 0.501234 -0.310522
v -0.307497 -0.200385 -0.310522
v -0.264383 -0.433071 -0.304845
v -0.268123 -0.433071 -0.299971
v -0.268123 -0.437193 -0.299318
v -0.264383 -0.438699 -0.303954
v -0.278673 -0.449360 -0.336765
v -0.272997 -0.448634 -0.334529
v -0.272997 -0.462673 -0.327376
v -0.278673 -0.464055 -0.329278
v -0.290855 -0.433071 -0.293880
v -0.296531 -0.433071 -0.296231
v -0.296531 -0.436037 -0.295761
v -0.290855 -0.435311 -0.293525
v -0.305146 -0.433071 -0.328380
v -0.301406 -0.433071 -0.333254
v -0.301406 -0.447478 -0.330972
v -0.305146 -0.445972 -0.326337
v -0.278673 -0.433071 -0.339345
v -0.272997 -0.433071 -0.336994
v -0.308299 -0.433071 -0.316613
v -0.307497 -0.433071 -0.322704
v -0.307497 -0.444218 -0.320938
v -0.308299 -0.442335 -0.315145
v -0.261230 -0.433071 -0.316613
v -0.262032 -0.433071 -0.310521
v -0.262032 -0.440453 -0.309352
v -0.261230 -0.442335 -0.315145
v -0.278673 -0.433071 -0.293880
v -0.284764 -0.433071 -0.293078
v -0.284764 -0.435063 -0.292763
v -0.278673 -0.435311 -0.293525
v -0.305146 -0.433071 -0.304845
v -0.307497 -0.433071 -0.310521
v -0.307497 -0.440453 -0.309352
v -0.305146 -0.438699 -0.303954
v -0.290855 -0.433071 -0.339345
v -0.284764 -0.433071 -0.340147
v -0.284764 -0.449608 -0.337528
v -0.290855 -0.449360 -0.336765
v -0.264383 -0.433071 -0.328380
v -0.262032 -0.433071 -0.322704
v -0.262032 -0.444218 -0.320938
v -0.264383 -0.445972 -0.326337
v -0.272997 -0.433071 -0.296231
v -0.272997 -0.436037 -0.295761
v -0.301406 -0.433071 -0.299971
v -0.301406 -0.437193 -0.299318
v -0.296531 -0.433071 -0.336994
v -0.296531 -0.448634 -0.334529
v -0.268123 -0.433071 -0.333254
v -0.268123 -0.447478 -0.330972
v -0.262032 -0.454273 -0.315815
v -0.261230 -0.450693 -0.310887
v -0.261230 -0.457326 -0.304254
v -0.262032 -0.462253 -0.307835
v -0.307497 -0.447113 -0.305959
v -0.305146 -0.443776 -0.301367
v -0.307497 -0.454273 -0.315815
v -0.308299 -0.450693 -0.310887
v -0.272997 -0.438713 -0.294398
v -0.268123 -0.440911 -0.297424
v -0.268123 -0.460474 -0.324350
v -0.305146 -0.457610 -0.320407
v -0.278673 -0.437331 -0.292496
v -0.264383 -0.457610 -0.320407
v -0.301406 -0.460474 -0.324350
v -0.284764 -0.436860 -0.291847
v -0.296531 -0.462673 -0.327376
v -0.290855 -0.437331 -0.292496
v -0.290855 -0.464055 -0.329278
v -0.296531 -0.438713 -0.294398
v -0.262032 -0.447113 -0.305959
v -0.284764 -0.464526 -0.329927
v -0.301406 -0.440911 -0.297424
v -0.264383 -0.443776 -0.301367
v -0.305146 -0.447806 -0.297338
v -0.307497 -0.452398 -0.300674
v -0.307497 -0.455791 -0.294014
v -0.305146 -0.450393 -0.292260
v -0.290855 -0.475717 -0.317616
v -0.296531 -0.473814 -0.316234
v -0.296531 -0.440837 -0.292274
v -0.290855 -0.438935 -0.290892
v -0.262032 -0.452398 -0.300674
v -0.284764 -0.476365 -0.318087
v -0.301406 -0.443863 -0.294473
v -0.264383 -0.447806 -0.297338
v -0.278673 -0.475717 -0.317616
v -0.268123 -0.443863 -0.294473
v -0.272997 -0.473814 -0.316234
v -0.307497 -0.462253 -0.307835
v -0.308299 -0.457326 -0.304254
v -0.272997 -0.440837 -0.292274
v -0.268123 -0.470789 -0.314036
v -0.305146 -0.466845 -0.311171
v -0.278673 -0.438935 -0.290892
v -0.264383 -0.466845 -0.311171
v -0.301406 -0.470789 -0.314036
v -0.284764 -0.438286 -0.290421
v -0.262032 -0.467377 -0.297779
v -0.261230 -0.461584 -0.295897
v -0.261230 -0.463051 -0.286632
v -0.262032 -0.469142 -0.286632
v -0.307497 -0.467377 -0.297779
v -0.308299 -0.461584 -0.295897
v -0.272997 -0.442200 -0.289599
v -0.268123 -0.445757 -0.290754
v -0.268123 -0.477411 -0.301039
v -0.272997 -0.480968 -0.302195
v -0.305146 -0.472775 -0.299533
v -0.278673 -0.439964 -0.288872
v -0.264383 -0.472775 -0.299533
v -0.301406 -0.477411 -0.301039
v -0.284764 -0.439202 -0.288624
v -0.296531 -0.480968 -0.302195
v -0.290855 -0.439964 -0.288872
v -0.290855 -0.483204 -0.302921
v -0.296531 -0.442200 -0.289599
v -0.262032 -0.455791 -0.294014
v -0.284764 -0.483966 -0.303169
v -0.301406 -0.445757 -0.290754
v -0.264383 -0.450393 -0.292260
v -0.278673 -0.483204 -0.302921
v -0.290855 -0.485784 -0.286632
v -0.296531 -0.483433 -0.286632
v -0.296531 -0.442670 -0.286632
v -0.290855 -0.440319 -0.286632
v -0.262032 -0.456960 -0.286632
v -0.284764 -0.486586 -0.286632
v -0.301406 -0.446410 -0.286632
v -0.264383 -0.451284 -0.286632
v -0.278673 -0.485784 -0.286632
v -0.305146 -0.451284 -0.286632
v -0.268123 -0.446410 -0.286632
v -0.272997 -0.483433 -0.286632
v -0.307497 -0.456960 -0.286632
v -0.307497 -0.469142 -0.286632
v -0.308299 -0.463051 -0.286632
v -0.272997 -0.442670 -0.286632
v -0.268123 -0.479693 -0.286632
v -0.305146 -0.474818 -0.286632
v -0.278673 -0.440319 -0.286632
v -0.264383 -0.474818 -0.286632
v -0.301406 -0.479693 -0.286632
v -0.284764 -0.439517 -0.286632
v -0.307497 -0.456960 -0.247963
v -0.305146 -0.451284 -0.247963
v -0.272997 -0.483433 -0.247963
v -0.278673 -0.485784 -0.247963
v -0.268123 -0.446410 -0.247963
v -0.264383 -0.451284 -0.247963
v -0.301406 -0.446410 -0.247963
v -0.284764 -0.486586 -0.247963
v -0.262032 -0.456960 -0.247963
v -0.296531 -0.442670 -0.247963
v -0.290855 -0.485784 -0.247963
v -0.261230 -0.463051 -0.247963
v -0.290855 -0.440319 -0.247963
v -0.296531 -0.483433 -0.247963
v -0.262032 -0.469142 -0.247963
v -0.284764 -0.439517 -0.247963
v -0.301406 -0.479693 -0.247963
v -0.264383 -0.474818 -0.247963
v -0.278673 -0.440319 -0.247963
v -0.305146 -0.474818 -0.247963
v -0.268123 -0.479693 -0.247963
v -0.272997 -0.442670 -0.247963
v -0.307497 -0.469142 -0.247963
v -0.308299 -0.463051 -0.247963
v -0.293195 -0.442670 -0.229606
v -0.287882 -0.440319 -0.231603
v -0.271166 -0.483433 -0.237886
v -0.266603 -0.479693 -0.239601
v -0.262239 -0.479693 -0.232307
v -0.265906 -0.483433 -0.229097
v -0.266603 -0.446410 -0.239601
v -0.263102 -0.451284 -0.240916
v -0.263102 -0.474818 -0.240916
v -0.287882 -0.485784 -0.231603
v -0.293195 -0.483433 -0.229606
v -0.301259 -0.451284 -0.226575
v -0.297758 -0.446410 -0.227891
v -0.276479 -0.440319 -0.235889
v -0.271166 -0.442670 -0.237886
v -0.260151 -0.463051 -0.242026
v -0.260902 -0.469142 -0.241744
v -0.276479 -0.485784 -0.235889
v -0.282181 -0.486586 -0.233746
v -0.301259 -0.474818 -0.226575
v -0.303460 -0.469142 -0.225748
v -0.282181 -0.439517 -0.233746
v -0.260902 -0.456960 -0.241744
v -0.304210 -0.463051 -0.225465
v -0.303460 -0.456960 -0.225748
v -0.297758 -0.479693 -0.227891
v -0.283614 -0.483433 -0.213595
v -0.279343 -0.485784 -0.217334
v -0.266330 -0.485784 -0.206982
v -0.269012 -0.483433 -0.201980
v -0.257656 -0.469142 -0.236319
v -0.259424 -0.474818 -0.234771
v -0.274760 -0.486586 -0.221346
v -0.265906 -0.442670 -0.229097
v -0.262239 -0.446410 -0.232307
v -0.291865 -0.456960 -0.206373
v -0.290096 -0.451284 -0.207922
v -0.274760 -0.439517 -0.221346
v -0.270177 -0.440319 -0.225358
v -0.257656 -0.456960 -0.236320
v -0.257052 -0.463051 -0.236848
v -0.291865 -0.469142 -0.206373
v -0.292468 -0.463051 -0.205845
v -0.270177 -0.485784 -0.225358
v -0.287281 -0.479693 -0.210385
v -0.290096 -0.474818 -0.207922
v -0.283614 -0.442670 -0.213596
v -0.279343 -0.440319 -0.217334
v -0.259425 -0.451284 -0.234771
v -0.287281 -0.446410 -0.210385
v -0.273083 -0.451284 -0.194389
v -0.271316 -0.446410 -0.197685
v -0.260573 -0.440319 -0.217718
v -0.257890 -0.442670 -0.222721
v -0.252329 -0.463051 -0.233091
v -0.252708 -0.469142 -0.232384
v -0.260573 -0.485784 -0.217718
v -0.263451 -0.486586 -0.212350
v -0.273083 -0.474818 -0.194388
v -0.274194 -0.469142 -0.192317
v -0.266330 -0.440319 -0.206982
v -0.263451 -0.439517 -0.212350
v -0.253820 -0.451284 -0.230312
v -0.252708 -0.456960 -0.232384
v -0.274573 -0.463051 -0.191610
v -0.274194 -0.456960 -0.192317
v -0.271316 -0.479693 -0.197685
v -0.269012 -0.442670 -0.201980
v -0.255587 -0.479693 -0.227016
v -0.257890 -0.483433 -0.222721
v -0.253819 -0.474818 -0.230312
v -0.255587 -0.446410 -0.227016
v 0.336002 -0.486440 -0.112160
v 0.336505 -0.485638 -0.118231
v 0.441094 -0.486440 -0.198861
v -0.246439 -0.486440 -0.310562
v -0.246413 -0.485638 -0.316652
v 0.441597 -0.485638 -0.204931
v -0.246389 -0.483287 -0.322327
v 0.442065 -0.483287 -0.210588
v -0.246369 -0.479547 -0.327201
v 0.442467 -0.479547 -0.215446
v -0.246353 -0.474673 -0.330940
v 0.442776 -0.474673 -0.219173
v -0.246343 -0.468997 -0.333291
v 0.442970 -0.468997 -0.221516
v -0.246339 -0.462906 -0.334093
v 0.443036 -0.462905 -0.222315
v -0.246343 -0.456814 -0.333291
v 0.442970 -0.456814 -0.221516
v -0.246353 -0.451138 -0.330940
v 0.442776 -0.451138 -0.219173
v -0.246369 -0.446264 -0.327201
v 0.442467 -0.446264 -0.215446
v -0.246389 -0.442524 -0.322328
v 0.442065 -0.442524 -0.210588
v -0.246413 -0.440173 -0.316652
v 0.441597 -0.440173 -0.204932
v -0.246439 -0.439371 -0.310562
v 0.441094 -0.439371 -0.198861
v -0.246465 -0.440173 -0.304472
v 0.440592 -0.440173 -0.192791
v -0.246489 -0.442524 -0.298797
v 0.440124 -0.442524 -0.187134
v -0.246510 -0.446264 -0.293924
v 0.439722 -0.446264 -0.182277
v -0.246526 -0.451138 -0.290185
v 0.439413 -0.451138 -0.178549
v -0.246536 -0.456814 -0.287834
v 0.439219 -0.456814 -0.176206
v -0.246539 -0.462906 -0.287032
v 0.439153 -0.462905 -0.175407
v -0.246536 -0.468997 -0.287834
v 0.439219 -0.468997 -0.176206
v -0.246526 -0.474673 -0.290185
v 0.439413 -0.474673 -0.178549
v -0.246510 -0.479547 -0.293924
v 0.439722 -0.479547 -0.182277
v -0.246489 -0.483287 -0.298797
v 0.440124 -0.483287 -0.187134
v -0.246465 -0.485638 -0.304472
v -0.261853 -0.484600 -0.304904
v -0.261828 -0.485359 -0.311000
v 0.440592 -0.485638 -0.192791
v 0.451980 -0.439371 -0.196219
v 0.454245 -0.440173 -0.201874
v 0.449716 -0.440173 -0.190565
v 0.447605 -0.442524 -0.185296
v 0.454216 -0.442524 -0.181339
v 0.457782 -0.440173 -0.185755
v 0.443529 -0.456814 -0.175116
v 0.444403 -0.451138 -0.177299
v 0.447605 -0.483287 -0.185295
v 0.445793 -0.479547 -0.180771
v 0.460432 -0.468997 -0.217322
v 0.459558 -0.474673 -0.215140
v 0.456355 -0.442524 -0.207143
v 0.458167 -0.446264 -0.211668
v 0.445793 -0.446264 -0.180771
v 0.444403 -0.474673 -0.177299
v 0.443529 -0.468997 -0.175116
v 0.458167 -0.479547 -0.211668
v 0.456355 -0.483287 -0.207143
v 0.459558 -0.451138 -0.215140
v 0.460432 -0.456814 -0.217322
v 0.454245 -0.485638 -0.201874
v 0.451980 -0.486440 -0.196219
v 0.443231 -0.462905 -0.174372
v 0.449716 -0.485638 -0.190565
v 0.460730 -0.462905 -0.218067
v 0.469001 -0.483287 -0.199650
v 0.472063 -0.479547 -0.203442
v 0.482927 -0.479547 -0.191495
v 0.478886 -0.483287 -0.188770
v 0.475890 -0.456814 -0.208181
v 0.476393 -0.462905 -0.208805
v 0.454216 -0.483287 -0.181339
v 0.451154 -0.479547 -0.177547
v 0.451154 -0.446264 -0.177547
v 0.474413 -0.451138 -0.206352
v 0.457782 -0.485638 -0.185755
v 0.465435 -0.485638 -0.195233
v 0.461609 -0.486440 -0.190494
v 0.448804 -0.451138 -0.174637
v 0.472063 -0.446264 -0.203442
v 0.447327 -0.456814 -0.172808
v 0.469001 -0.442524 -0.199650
v 0.446824 -0.462905 -0.172184
v 0.465435 -0.440173 -0.195233
v 0.474413 -0.474673 -0.206352
v 0.447327 -0.468997 -0.172808
v 0.461609 -0.439371 -0.190494
v 0.475890 -0.468997 -0.208181
v 0.448804 -0.474673 -0.174637
v 0.464078 -0.440173 -0.178787
v 0.459372 -0.442524 -0.175614
v 0.462617 -0.442524 -0.168627
v 0.468048 -0.440173 -0.170276
v 0.449615 -0.462905 -0.169036
v 0.450280 -0.456814 -0.169485
v 0.474179 -0.440173 -0.185597
v 0.478886 -0.442524 -0.188770
v 0.486028 -0.474673 -0.193586
v 0.450280 -0.468997 -0.169485
v 0.469129 -0.439371 -0.182192
v 0.487978 -0.468997 -0.194900
v 0.452229 -0.474673 -0.170799
v 0.488643 -0.462905 -0.195348
v 0.455330 -0.479547 -0.172890
v 0.487978 -0.456814 -0.194900
v 0.459372 -0.483287 -0.175614
v 0.455330 -0.446264 -0.172890
v 0.486028 -0.451138 -0.193586
v 0.464078 -0.485638 -0.178787
v 0.474179 -0.485638 -0.185597
v 0.469129 -0.486440 -0.182192
v 0.452229 -0.451138 -0.170799
v 0.482927 -0.446264 -0.191495
v 0.485136 -0.483287 -0.175466
v 0.489800 -0.479547 -0.176882
v 0.492074 -0.479547 -0.160895
v 0.487200 -0.483287 -0.160912
v 0.495628 -0.456814 -0.178653
v 0.496395 -0.462905 -0.178886
v 0.462617 -0.483287 -0.168627
v 0.457953 -0.479547 -0.167211
v 0.457953 -0.446264 -0.167211
v 0.493378 -0.451138 -0.177969
v 0.468048 -0.485638 -0.170276
v 0.479705 -0.485638 -0.173817
v 0.473876 -0.486440 -0.172047
v 0.454375 -0.451138 -0.166124
v 0.489800 -0.446264 -0.176882
v 0.452125 -0.456814 -0.165440
v 0.485136 -0.442524 -0.175466
v 0.451358 -0.462905 -0.165207
v 0.479705 -0.440173 -0.173817
v 0.493378 -0.474673 -0.177969
v 0.452125 -0.468996 -0.165440
v 0.473876 -0.439371 -0.172047
v 0.495628 -0.468996 -0.178653
v 0.454375 -0.474673 -0.166124
v 0.498967 -0.462905 -0.160871
v 0.498165 -0.456814 -0.160874
v 0.497635 -0.456814 0.000000
v 0.498437 -0.462905 0.000000
v 0.451898 -0.462905 -0.161035
v 0.452700 -0.456814 -0.161033
v 0.481524 -0.440173 -0.160932
v 0.487200 -0.442524 -0.160912
v 0.495814 -0.474673 -0.160882
v 0.452700 -0.468996 -0.161033
v 0.475432 -0.439371 -0.160953
v 0.498165 -0.468996 -0.160874
v 0.455051 -0.474673 -0.161024
v 0.469341 -0.440173 -0.160975
v 0.458791 -0.479547 -0.161011
v 0.463665 -0.442524 -0.160995
v 0.463665 -0.483287 -0.160994
v 0.458791 -0.446264 -0.161011
v 0.495814 -0.451138 -0.160882
v 0.469341 -0.485638 -0.160975
v 0.481524 -0.485638 -0.160932
v 0.475432 -0.486440 -0.160953
v 0.455051 -0.451138 -0.161024
v 0.492074 -0.446264 -0.160895
v 0.463136 -0.483287 0.000000
v 0.458262 -0.479547 0.000000
v 0.458262 -0.446264 0.000000
v 0.463136 -0.442524 0.000000
v 0.495284 -0.451138 0.000000
v 0.468812 -0.485638 0.000000
v 0.480994 -0.485638 0.000000
v 0.474903 -0.486440 0.000000
v 0.454522 -0.451138 0.000000
v 0.491544 -0.446264 0.000000
v 0.486670 -0.483287 0.000000
v 0.452171 -0.456814 0.000000
v 0.486670 -0.442524 0.000000
v 0.491544 -0.479547 0.000000
v 0.451369 -0.462905 0.000000
v 0.480994 -0.440173 0.000000
v 0.495284 -0.474672 0.000000
v 0.452171 -0.468996 0.000000
v 0.474903 -0.439371 0.000000
v 0.497635 -0.468996 0.000000
v 0.454522 -0.474672 0.000000
v 0.468812 -0.440173 0.000000
v 0.336973 -0.483287 -0.123887
v 0.337375 -0.479547 -0.128745
v 0.337684 -0.474673 -0.132472
v 0.337878 -0.468996 -0.134815
v 0.337944 -0.462905 -0.135614
v 0.337878 -0.456814 -0.134815
v 0.337684 -0.451138 -0.132472
v 0.337375 -0.446264 -0.128745
v 0.336973 -0.442524 -0.123887
v 0.336505 -0.440173 -0.118231
v 0.336002 -0.439371 -0.112160
v 0.335500 -0.440173 -0.106090
v 0.335032 -0.442524 -0.100433
v 0.334629 -0.446264 -0.095576
v 0.334321 -0.451138 -0.091848
v 0.334127 -0.456814 -0.089505
v 0.334061 -0.462905 -0.088706
v 0.334127 -0.468996 -0.089505
v 0.334321 -0.474673 -0.091848
v 0.334629 -0.479547 -0.095576
v 0.335032 -0.483287 -0.100433
v 0.335500 -0.485638 -0.106090
v 0.346888 -0.439371 -0.109518
v 0.349153 -0.440173 -0.115173
v 0.344623 -0.440173 -0.103864
v 0.342513 -0.442524 -0.098595
v 0.349124 -0.442524 -0.094638
v 0.352690 -0.440173 -0.099054
v 0.338436 -0.456814 -0.088415
v 0.339311 -0.451138 -0.090598
v 0.342513 -0.483287 -0.098595
v 0.340701 -0.479547 -0.094070
v 0.355340 -0.468996 -0.130621
v 0.354465 -0.474672 -0.128439
v 0.351263 -0.442524 -0.120442
v 0.353075 -0.446264 -0.124967
v 0.340701 -0.446264 -0.094070
v 0.339311 -0.474672 -0.090598
v 0.338436 -0.468996 -0.088415
v 0.353075 -0.479547 -0.124967
v 0.351263 -0.483287 -0.120442
v 0.354465 -0.451138 -0.128439
v 0.355340 -0.456814 -0.130621
v 0.349153 -0.485638 -0.115173
v 0.346888 -0.486440 -0.109518
v 0.338138 -0.462905 -0.087671
v 0.344623 -0.485638 -0.103864
v 0.355638 -0.462905 -0.131366
v 0.363909 -0.483287 -0.112949
v 0.366971 -0.479547 -0.116741
v 0.377835 -0.479547 -0.104794
v 0.373793 -0.483287 -0.102069
v 0.370797 -0.456814 -0.121480
v 0.371301 -0.462905 -0.122104
v 0.349124 -0.483287 -0.094638
v 0.346062 -0.479547 -0.090846
v 0.346062 -0.446264 -0.090846
v 0.369320 -0.451138 -0.119651
v 0.352690 -0.485638 -0.099054
v 0.360343 -0.485638 -0.108532
v 0.356516 -0.486440 -0.103793
v 0.343712 -0.451138 -0.087936
v 0.366971 -0.446264 -0.116741
v 0.342235 -0.456814 -0.086107
v 0.363909 -0.442524 -0.112949
v 0.341731 -0.462905 -0.085483
v 0.360343 -0.440173 -0.108532
v 0.369320 -0.474672 -0.119651
v 0.342235 -0.468996 -0.086107
v 0.356516 -0.439371 -0.103793
v 0.370797 -0.468996 -0.121480
v 0.343712 -0.474672 -0.087936
v 0.358986 -0.440173 -0.092086
v 0.354280 -0.442524 -0.088913
v 0.357525 -0.442524 -0.081926
v 0.362956 -0.440173 -0.083575
v 0.344523 -0.462905 -0.082335
v 0.345188 -0.456814 -0.082784
v 0.369087 -0.440173 -0.098896
v 0.373793 -0.442524 -0.102069
v 0.380936 -0.474672 -0.106885
v 0.345188 -0.468996 -0.082784
v 0.364037 -0.439371 -0.095491
v 0.382885 -0.468996 -0.108199
v 0.347137 -0.474672 -0.084098
v 0.383550 -0.462905 -0.108647
v 0.350238 -0.479547 -0.086189
v 0.382885 -0.456814 -0.108199
v 0.354280 -0.483287 -0.088913
v 0.350238 -0.446264 -0.086189
v 0.380936 -0.451138 -0.106885
v 0.358986 -0.485638 -0.092086
v 0.369087 -0.485638 -0.098896
v 0.364037 -0.486440 -0.095491
v 0.347137 -0.451138 -0.084098
v 0.377835 -0.446264 -0.104794
v 0.380044 -0.483287 -0.088765
v 0.384708 -0.479547 -0.090181
v 0.386981 -0.479547 -0.074194
v 0.382107 -0.483287 -0.074211
v 0.390536 -0.456814 -0.091952
v 0.391303 -0.462905 -0.092185
v 0.357525 -0.483287 -0.081926
v 0.352861 -0.479547 -0.080510
v 0.352861 -0.446264 -0.080510
v 0.388286 -0.451138 -0.091268
v 0.362956 -0.485638 -0.083575
v 0.374613 -0.485638 -0.087116
v 0.368784 -0.486440 -0.085346
v 0.349283 -0.451138 -0.079423
v 0.384708 -0.446264 -0.090181
v 0.347033 -0.456814 -0.078739
v 0.380044 -0.442524 -0.088765
v 0.346266 -0.462905 -0.078506
v 0.374613 -0.440173 -0.087116
v 0.388286 -0.474672 -0.091268
v 0.347033 -0.468996 -0.078739
v 0.368784 -0.439371 -0.085346
v 0.390536 -0.468996 -0.091952
v 0.349283 -0.474672 -0.079423
v 0.393875 -0.462905 -0.074170
v 0.393073 -0.456814 -0.074173
v 0.392543 -0.456814 0.000000
v 0.393345 -0.462905 0.000000
v 0.346806 -0.462905 -0.074334
v 0.347608 -0.456814 -0.074332
v 0.376431 -0.440173 -0.074231
v 0.382107 -0.442524 -0.074211
v 0.390721 -0.474672 -0.074181
v 0.347608 -0.468996 -0.074332
v 0.370340 -0.439371 -0.074252
v 0.393073 -0.468996 -0.074173
v 0.349959 -0.474672 -0.074323
v 0.364249 -0.440173 -0.074274
v 0.353699 -0.479547 -0.074310
v 0.358573 -0.442524 -0.074294
v 0.358573 -0.483287 -0.074294
v 0.353699 -0.446264 -0.074310
v 0.390721 -0.451138 -0.074181
v 0.364249 -0.485638 -0.074274
v 0.376431 -0.485638 -0.074231
v 0.370340 -0.486440 -0.074252
v 0.349959 -0.451138 -0.074323
v 0.386981 -0.446264 -0.074194
v 0.358043 -0.483287 0.000000
v 0.353170 -0.479547 0.000000
v 0.353170 -0.446264 0.000000
v 0.358043 -0.442524 0.000000
v 0.390192 -0.451138 0.000000
v 0.363720 -0.485638 0.000000
v 0.375902 -0.485638 0.000000
v 0.369811 -0.486440 0.000000
v 0.349430 -0.451138 0.000000
v 0.386452 -0.446264 0.000000
v 0.381578 -0.483287 0.000000
v 0.347078 -0.456814 0.000000
v 0.381578 -0.442524 0.000000
v 0.386452 -0.479547 0.000000
v 0.346277 -0.462905 0.000000
v 0.375902 -0.440173 0.000000
v 0.390192 -0.474672 0.000000
v 0.347078 -0.468996 0.000000
v 0.369811 -0.439371 0.000000
v 0.392543 -0.468996 0.000000
v 0.349430 -0.474672 0.000000
v 0.363720 -0.440173 0.000000
v -0.259276 -0.467903 -0.333575
v -0.260006 -0.473552 -0.331273
v -0.273189 -0.470646 -0.331956
v -0.271398 -0.465201 -0.334166
v -0.261610 -0.484525 -0.317082
v -0.261214 -0.482157 -0.322736
v -0.258527 -0.461852 -0.334325
v -0.257810 -0.455810 -0.333472
v -0.256138 -0.439393 -0.316695
v -0.256163 -0.438634 -0.310600
v -0.257985 -0.450440 -0.290326
v -0.258715 -0.456089 -0.288024
v -0.261330 -0.478618 -0.294306
v -0.261683 -0.482301 -0.299210
v -0.256661 -0.445374 -0.327293
v -0.256308 -0.441692 -0.322389
v -0.256777 -0.441836 -0.298864
v -0.257324 -0.445579 -0.294024
v -0.260181 -0.468183 -0.288128
v -0.260817 -0.473803 -0.290526
v -0.260667 -0.478414 -0.327576
v -0.257173 -0.450190 -0.331073
v -0.256381 -0.439467 -0.304518
v -0.259464 -0.462141 -0.287274
v -0.264914 -0.443574 -0.327526
v -0.266196 -0.448183 -0.331381
v -0.272477 -0.445844 -0.331872
v -0.269845 -0.441789 -0.328082
v -0.273423 -0.465734 -0.288756
v -0.275005 -0.471124 -0.291243
v -0.263607 -0.437190 -0.310737
v -0.264117 -0.438026 -0.304673
v -0.269552 -0.459378 -0.334817
v -0.276287 -0.475733 -0.295098
v -0.265068 -0.440337 -0.299061
v -0.267778 -0.453573 -0.333868
v -0.277181 -0.479245 -0.300058
v -0.266397 -0.443964 -0.294284
v -0.277627 -0.481423 -0.305784
v -0.277594 -0.482117 -0.311888
v -0.277085 -0.481280 -0.317952
v -0.268012 -0.448660 -0.290668
v -0.276133 -0.478970 -0.323563
v -0.269803 -0.454106 -0.288458
v -0.264020 -0.440061 -0.322566
v -0.274805 -0.475343 -0.328340
v -0.271649 -0.459929 -0.287807
v -0.263574 -0.437884 -0.316840
v -0.285945 -0.465666 -0.291367
v -0.282855 -0.460935 -0.288957
v -0.292529 -0.452749 -0.288841
v -0.295356 -0.457076 -0.291045
v -0.291790 -0.474766 -0.305769
v -0.292152 -0.475411 -0.311867
v -0.291632 -0.474716 -0.317948
v -0.290265 -0.472730 -0.323598
v -0.273005 -0.446010 -0.291120
v -0.276157 -0.450760 -0.288829
v -0.267852 -0.438685 -0.323170
v -0.288146 -0.469586 -0.328432
v -0.279516 -0.455850 -0.288091
v -0.266633 -0.436744 -0.317470
v -0.285417 -0.465500 -0.332120
v -0.266271 -0.436099 -0.311372
v -0.282266 -0.460750 -0.334410
v -0.266791 -0.436794 -0.305291
v -0.278906 -0.455660 -0.335148
v -0.288577 -0.469721 -0.295158
v -0.268157 -0.438780 -0.299641
v -0.275567 -0.450576 -0.334282
v -0.290570 -0.472825 -0.300070
v -0.270277 -0.441924 -0.294808
v -0.277363 -0.430037 -0.309340
v -0.277839 -0.430672 -0.303779
v -0.291991 -0.452581 -0.330408
v -0.288918 -0.447925 -0.331083
v -0.297762 -0.460785 -0.294512
v -0.279088 -0.432489 -0.298612
v -0.285865 -0.443276 -0.330291
v -0.299585 -0.463623 -0.299004
v -0.281026 -0.435364 -0.294192
v -0.283039 -0.438949 -0.328087
v -0.300700 -0.465398 -0.304216
v -0.301031 -0.465988 -0.309792
v -0.300556 -0.465353 -0.315354
v -0.283522 -0.439101 -0.290819
v -0.280632 -0.435240 -0.324621
v -0.299306 -0.463536 -0.320520
v -0.286404 -0.443445 -0.288724
v -0.278809 -0.432402 -0.320129
v -0.297368 -0.460661 -0.324941
v -0.289476 -0.448100 -0.288050
v -0.277694 -0.430627 -0.314916
v -0.294873 -0.456924 -0.328313
v -0.281897 0.517442 -0.339345
v -0.287525 0.515111 -0.340147
v -0.295386 0.526876 -0.340147
v -0.291079 0.531183 -0.339345
v -0.276653 0.519614 -0.336994
v -0.309268 0.506105 -0.316613
v -0.308527 0.506412 -0.322704
v -0.265782 0.524118 -0.316613
v -0.266523 0.523811 -0.310522
v -0.281897 0.517442 -0.293880
v -0.287525 0.515111 -0.293078
v -0.306355 0.507312 -0.304846
v -0.308527 0.506412 -0.310522
v -0.293152 0.512780 -0.339345
v -0.268695 0.522911 -0.328380
v -0.266523 0.523811 -0.322704
v -0.272150 0.521480 -0.299972
v -0.276653 0.519614 -0.296232
v -0.298396 0.510608 -0.296232
v -0.302899 0.508743 -0.299972
v -0.298396 0.510608 -0.336994
v -0.272150 0.521480 -0.333254
v -0.268695 0.522911 -0.304846
v -0.293152 0.512780 -0.293880
v -0.279312 0.542951 -0.322704
v -0.280974 0.541288 -0.328380
v -0.299351 0.553567 -0.328380
v -0.298451 0.555739 -0.322704
v -0.307153 0.515109 -0.299971
v -0.309798 0.512464 -0.304846
v -0.280974 0.541288 -0.304846
v -0.283619 0.538643 -0.299972
v -0.287065 0.535197 -0.336994
v -0.311460 0.510802 -0.310522
v -0.312027 0.510235 -0.316613
v -0.311460 0.510802 -0.322704
v -0.287065 0.535197 -0.296231
v -0.283619 0.538643 -0.333254
v -0.309798 0.512464 -0.328380
v -0.291079 0.531183 -0.293880
v -0.307153 0.515109 -0.333254
v -0.295386 0.526876 -0.293078
v -0.303707 0.518556 -0.336994
v -0.299693 0.522569 -0.293880
v -0.278745 0.543518 -0.316613
v -0.299693 0.522569 -0.339345
v -0.303707 0.518556 -0.296231
v -0.279312 0.542951 -0.310522
v -0.314950 0.515907 -0.304846
v -0.313519 0.519363 -0.299971
v -0.321028 0.520856 -0.299971
v -0.321028 0.517116 -0.304846
v -0.313519 0.519363 -0.333254
v -0.311654 0.523866 -0.336994
v -0.307151 0.534737 -0.293078
v -0.309482 0.529110 -0.293880
v -0.298145 0.556480 -0.316613
v -0.309482 0.529110 -0.339345
v -0.311654 0.523866 -0.296231
v -0.298451 0.555739 -0.310522
v -0.307151 0.534737 -0.340147
v -0.299351 0.553567 -0.304846
v -0.304820 0.540365 -0.339345
v -0.300782 0.550112 -0.299971
v -0.302648 0.545609 -0.336994
v -0.315850 0.513735 -0.310522
v -0.316157 0.512994 -0.316613
v -0.315850 0.513735 -0.322704
v -0.302648 0.545609 -0.296231
v -0.300782 0.550112 -0.333254
v -0.314950 0.515907 -0.328380
v -0.304820 0.540365 -0.293880
v -0.321028 0.560230 -0.322704
v -0.321028 0.557879 -0.328380
v -0.342769 0.557879 -0.328380
v -0.342769 0.560230 -0.322704
v -0.321028 0.557879 -0.304846
v -0.321028 0.554139 -0.299971
v -0.321028 0.543589 -0.339345
v -0.321028 0.549265 -0.336994
v -0.321028 0.514765 -0.310522
v -0.321028 0.513963 -0.316613
v -0.321028 0.514765 -0.322704
v -0.321028 0.549265 -0.296231
v -0.321028 0.554139 -0.333254
v -0.321028 0.517116 -0.328380
v -0.321028 0.543589 -0.293880
v -0.321028 0.520856 -0.333254
v -0.321028 0.537498 -0.293078
v -0.321028 0.525730 -0.336994
v -0.321028 0.531407 -0.293880
v -0.321028 0.561032 -0.316613
v -0.321028 0.531407 -0.339345
v -0.321028 0.525730 -0.296231
v -0.321028 0.560230 -0.310522
v -0.321028 0.537498 -0.340147
v -0.342769 0.523647 -0.330463
v -0.342769 0.520535 -0.326406
v -0.453553 0.520535 -0.326406
v -0.453553 0.523647 -0.330463
v -0.342769 0.520856 -0.333254
v -0.342769 0.525730 -0.336994
v -0.342769 0.537498 -0.293078
v -0.342769 0.531407 -0.293880
v -0.342769 0.561032 -0.316613
v -0.342769 0.531407 -0.339345
v -0.342769 0.525730 -0.296231
v -0.342769 0.560230 -0.310522
v -0.342769 0.537498 -0.340147
v -0.342769 0.520856 -0.299971
v -0.342769 0.557879 -0.304846
v -0.342770 0.543589 -0.339345
v -0.342769 0.517116 -0.304846
v -0.342769 0.554139 -0.299971
v -0.342770 0.549265 -0.336994
v -0.342770 0.514765 -0.310522
v -0.342769 0.513963 -0.316613
v -0.342770 0.514765 -0.322704
v -0.342770 0.549265 -0.296231
v -0.342769 0.554139 -0.333254
v -0.342769 0.517116 -0.328380
v -0.342770 0.543589 -0.293880
v -0.342769 0.517910 -0.316613
v -0.342770 0.518578 -0.321682
v -0.342770 0.514765 -0.322704
v -0.342769 0.513963 -0.316613
v -0.342769 0.520535 -0.326406
v -0.342769 0.517116 -0.328380
v -0.342769 0.523647 -0.330463
v -0.342769 0.520856 -0.333254
v -0.342769 0.527704 -0.333576
v -0.342769 0.525730 -0.336994
v -0.342769 0.532428 -0.335533
v -0.342769 0.531407 -0.339345
v -0.342769 0.537498 -0.336200
v -0.342769 0.537498 -0.340147
v -0.342770 0.542567 -0.335533
v -0.342770 0.543589 -0.339345
v -0.342770 0.547291 -0.333576
v -0.342770 0.549265 -0.336994
v -0.342769 0.551348 -0.330463
v -0.342769 0.554139 -0.333254
v -0.342769 0.554461 -0.326406
v -0.342769 0.557879 -0.328380
v -0.342769 0.556418 -0.321682
v -0.342769 0.560230 -0.322704
v -0.342769 0.557085 -0.316613
v -0.342769 0.561032 -0.316613
v -0.342769 0.556418 -0.311543
v -0.342769 0.560230 -0.310522
v -0.342769 0.554461 -0.306819
v -0.342769 0.557879 -0.304846
v -0.342769 0.551348 -0.302762
v -0.342769 0.554139 -0.299971
v -0.342770 0.547291 -0.299650
v -0.342770 0.549265 -0.296231
v -0.342770 0.542567 -0.297693
v -0.342770 0.543589 -0.293880
v -0.342769 0.537498 -0.297025
v -0.342769 0.537498 -0.293078
v -0.342769 0.532428 -0.297693
v -0.342769 0.531407 -0.293880
v -0.342769 0.527704 -0.299650
v -0.342769 0.525730 -0.296231
v -0.342769 0.523647 -0.302762
v -0.342769 0.520856 -0.299971
v -0.342769 0.520535 -0.306819
v -0.342769 0.517116 -0.304846
v -0.342770 0.518578 -0.311543
v -0.342770 0.514765 -0.310522
v -0.453553 0.523647 -0.302762
v -0.453553 0.527704 -0.299650
v -0.459089 0.527704 -0.298921
v -0.459895 0.523647 -0.301928
v -0.342769 0.527704 -0.299650
v -0.342769 0.532428 -0.297693
v -0.453553 0.532428 -0.297693
v -0.342769 0.556418 -0.311543
v -0.342769 0.557085 -0.316613
v -0.453553 0.557085 -0.316613
v -0.453553 0.556418 -0.311543
v -0.342769 0.527704 -0.333576
v -0.453553 0.527704 -0.333576
v -0.342769 0.537498 -0.336200
v -0.342769 0.532428 -0.335533
v -0.453553 0.532428 -0.335533
v -0.453553 0.537498 -0.336200
v -0.342769 0.523647 -0.302762
v -0.342769 0.554461 -0.306819
v -0.453553 0.554461 -0.306819
v -0.342770 0.542567 -0.335533
v -0.453553 0.542567 -0.335533
v -0.342769 0.520535 -0.306819
v -0.453553 0.520535 -0.306819
v -0.342769 0.551348 -0.302762
v -0.453553 0.551348 -0.302762
v -0.342770 0.547291 -0.333576
v -0.453553 0.547291 -0.333576
v -0.342770 0.518578 -0.311543
v -0.453553 0.518578 -0.311543
v -0.342770 0.547291 -0.299650
v -0.453553 0.547291 -0.299650
v -0.342769 0.551348 -0.330463
v -0.453553 0.551348 -0.330463
v -0.342769 0.517910 -0.316613
v -0.453553 0.517910 -0.316613
v -0.342770 0.542567 -0.297693
v -0.453553 0.542567 -0.297693
v -0.342769 0.554461 -0.326406
v -0.453553 0.554461 -0.326406
v -0.342770 0.518578 -0.321682
v -0.453553 0.518578 -0.321682
v -0.342769 0.537498 -0.297025
v -0.453553 0.537498 -0.297025
v -0.342769 0.556418 -0.321682
v -0.453553 0.556418 -0.321682
v -0.467064 0.551348 -0.328684
v -0.467870 0.547291 -0.331691
v -0.481211 0.547291 -0.326165
v -0.479654 0.551348 -0.323469
v -0.462167 0.556418 -0.310409
v -0.460944 0.554461 -0.305846
v -0.468549 0.537498 -0.334226
v -0.468376 0.542567 -0.333581
v -0.460944 0.520535 -0.305846
v -0.459895 0.551348 -0.301928
v -0.462167 0.518578 -0.310409
v -0.463479 0.517910 -0.315306
v -0.464791 0.518578 -0.320203
v -0.459089 0.547291 -0.298921
v -0.466014 0.520535 -0.324766
v -0.458582 0.542567 -0.297031
v -0.466014 0.554461 -0.324766
v -0.467064 0.523647 -0.328684
v -0.458410 0.537498 -0.296386
v -0.464791 0.556418 -0.320203
v -0.467870 0.527704 -0.331691
v -0.458582 0.532428 -0.297031
v -0.463479 0.557085 -0.315306
v -0.468376 0.532428 -0.333581
v -0.470194 0.556418 -0.307084
v -0.472729 0.557085 -0.311475
v -0.480672 0.557085 -0.305380
v -0.477087 0.556418 -0.301795
v -0.470194 0.518578 -0.307084
v -0.472729 0.517910 -0.311475
v -0.475264 0.518578 -0.315865
v -0.477626 0.520535 -0.319956
v -0.464247 0.547291 -0.296784
v -0.463269 0.542567 -0.295090
v -0.477626 0.554461 -0.319956
v -0.479654 0.523647 -0.323469
v -0.462935 0.537498 -0.294511
v -0.475264 0.556418 -0.315865
v -0.481210 0.527704 -0.326165
v -0.463269 0.532428 -0.295089
v -0.482189 0.532428 -0.327860
v -0.464247 0.527704 -0.296784
v -0.482523 0.537498 -0.328438
v -0.465804 0.523647 -0.299480
v -0.467832 0.554461 -0.302993
v -0.482189 0.542567 -0.327860
v -0.467832 0.520535 -0.302993
v -0.465804 0.551348 -0.299480
v -0.480672 0.517910 -0.305380
v -0.477087 0.518578 -0.301795
v -0.482376 0.518578 -0.294902
v -0.486766 0.517910 -0.297437
v -0.494050 0.532428 -0.318758
v -0.494522 0.537498 -0.319230
v -0.468677 0.527704 -0.293385
v -0.470878 0.523647 -0.295586
v -0.473747 0.554461 -0.298455
v -0.494050 0.542567 -0.318758
v -0.473747 0.520535 -0.298455
v -0.470878 0.551348 -0.295586
v -0.492667 0.547291 -0.317375
v -0.484257 0.518578 -0.308965
v -0.468677 0.547291 -0.293385
v -0.490465 0.551348 -0.315174
v -0.487597 0.520535 -0.312305
v -0.467293 0.542567 -0.292002
v -0.487597 0.554461 -0.312305
v -0.490465 0.523647 -0.315174
v -0.466821 0.537498 -0.291529
v -0.484257 0.556418 -0.308965
v -0.492667 0.527704 -0.317375
v -0.467293 0.532428 -0.292001
v -0.482376 0.556418 -0.294902
v -0.486766 0.557085 -0.297437
v -0.490598 0.557085 -0.288188
v -0.485701 0.556418 -0.286875
v -0.491157 0.518578 -0.299972
v -0.495248 0.520535 -0.302334
v -0.472076 0.547291 -0.288955
v -0.470381 0.542567 -0.287977
v -0.498761 0.551348 -0.304362
v -0.495248 0.554461 -0.302334
v -0.498761 0.523647 -0.304362
v -0.469803 0.537498 -0.287643
v -0.491157 0.556418 -0.299972
v -0.501457 0.527704 -0.305919
v -0.470381 0.532428 -0.287977
v -0.503152 0.532428 -0.306897
v -0.472076 0.527704 -0.288955
v -0.503730 0.537498 -0.307231
v -0.474772 0.523647 -0.290512
v -0.478285 0.554461 -0.292540
v -0.503152 0.542567 -0.306897
v -0.478285 0.520535 -0.292540
v -0.474772 0.551348 -0.290512
v -0.501457 0.547291 -0.305919
v -0.500058 0.520535 -0.290722
v -0.495495 0.518578 -0.289500
v -0.496974 0.518578 -0.278261
v -0.501698 0.520535 -0.278261
v -0.508873 0.532428 -0.293084
v -0.509518 0.537498 -0.293257
v -0.474213 0.527704 -0.283797
v -0.477219 0.523647 -0.284603
v -0.481138 0.554461 -0.285653
v -0.508873 0.542567 -0.293084
v -0.481138 0.520535 -0.285653
v -0.477219 0.551348 -0.284603
v -0.506983 0.547291 -0.292578
v -0.485701 0.518578 -0.286875
v -0.490598 0.517910 -0.288187
v -0.474213 0.547291 -0.283797
v -0.503976 0.551348 -0.291772
v -0.472323 0.542567 -0.283291
v -0.500058 0.554461 -0.290722
v -0.503976 0.523647 -0.291772
v -0.471678 0.537498 -0.283118
v -0.495495 0.556418 -0.289500
v -0.506983 0.527704 -0.292578
v -0.472323 0.532428 -0.283291
v -0.511492 0.537498 -0.278261
v -0.510825 0.532428 -0.278261
v -0.510825 0.532428 -0.000000
v -0.511492 0.537498 -0.000000
v -0.474941 0.547291 -0.278261
v -0.472985 0.542567 -0.278261
v -0.505755 0.551348 -0.278261
v -0.501698 0.554461 -0.278261
v -0.505755 0.523647 -0.278261
v -0.472317 0.537498 -0.278261
v -0.496974 0.556418 -0.278261
v -0.508868 0.527704 -0.278261
v -0.472985 0.532428 -0.278261
v -0.491905 0.557085 -0.278261
v -0.474941 0.527704 -0.278261
v -0.486835 0.556418 -0.278261
v -0.478054 0.523647 -0.278261
v -0.482111 0.554461 -0.278261
v -0.510825 0.542567 -0.278261
v -0.482111 0.520535 -0.278261
v -0.478054 0.551348 -0.278261
v -0.508868 0.547291 -0.278261
v -0.486835 0.518578 -0.278261
v -0.491905 0.517910 -0.278261
v -0.474942 0.527704 -0.000000
v -0.478054 0.523647 -0.000000
v -0.486835 0.556418 -0.000000
v -0.482111 0.554461 -0.000000
v -0.510825 0.542567 -0.000000
v -0.482111 0.520535 -0.000000
v -0.478054 0.551348 -0.000000
v -0.508868 0.547291 -0.000000
v -0.486835 0.518578 -0.000000
v -0.491905 0.517910 -0.000000
v -0.496974 0.518578 -0.000000
v -0.474942 0.547292 -0.000000
v -0.505755 0.551348 -0.000000
v -0.501698 0.520535 -0.000000
v -0.472985 0.542567 -0.000000
v -0.501698 0.554461 -0.000000
v -0.505755 0.523647 -0.000000
v -0.472317 0.537498 -0.000000
v -0.496974 0.556418 -0.000000
v -0.508868 0.527704 -0.000000
v -0.472985 0.532428 -0.000000
v -0.491905 0.557085 -0.000000
v -0.307497 -0.200385 -0.310522
v -0.308299 -0.200385 -0.316613
v -0.305146 -0.200385 -0.304845
v -0.301406 -0.200385 -0.299971
v -0.296531 -0.200385 -0.296231
v -0.290855 -0.200385 -0.293880
v -0.284764 -0.200385 -0.293078
v -0.278673 -0.200385 -0.293880
v -0.272997 -0.200385 -0.296231
v -0.268123 -0.200385 -0.299971
v -0.264383 -0.200385 -0.304845
v -0.262032 -0.200385 -0.310522
v -0.261230 -0.200385 -0.316613
v -0.262032 -0.200385 -0.322704
v -0.264383 -0.200385 -0.328380
v -0.268123 -0.200385 -0.333254
v -0.272997 -0.200385 -0.336994
v -0.278673 -0.200385 -0.339345
v -0.284764 -0.200385 -0.340147
v -0.290855 -0.200385 -0.339345
v -0.296531 -0.200385 -0.336994
v -0.301406 -0.200385 -0.333254
v -0.305146 -0.200385 -0.328380
v -0.307497 -0.200385 -0.322704
v -0.308299 -0.200385 0.316613
v -0.307497 -0.200385 0.322704
v -0.307497 0.501234 0.322704
v -0.308299 0.501234 0.316613
v -0.305146 -0.200385 0.328380
v -0.305146 0.501234 0.328380
v -0.301406 -0.200385 0.333254
v -0.301406 0.501234 0.333254
v -0.296531 -0.200385 0.336994
v -0.296531 0.501234 0.336994
v -0.290855 -0.200385 0.339345
v -0.290855 0.501234 0.339345
v -0.284764 -0.200385 0.340147
v -0.284764 0.501234 0.340147
v -0.278673 -0.200385 0.339345
v -0.278673 0.501234 0.339345
v -0.272997 -0.200385 0.336994
v -0.272997 0.501234 0.336994
v -0.268123 -0.200385 0.333254
v -0.268123 0.501234 0.333254
v -0.264383 -0.200385 0.328380
v -0.264383 0.501234 0.328380
v -0.262032 -0.200385 0.322704
v -0.262032 0.501234 0.322704
v -0.261230 -0.200385 0.316613
v -0.261230 0.501234 0.316613
v -0.262032 -0.200385 0.310522
v -0.262032 0.501234 0.310521
v -0.264383 -0.200385 0.304846
v -0.264383 0.501234 0.304845
v -0.268123 -0.200385 0.299971
v -0.268123 0.501234 0.299971
v -0.272997 -0.200385 0.296231
v -0.272997 0.501234 0.296231
v -0.278673 -0.200385 0.293880
v -0.278673 0.501234 0.293880
v -0.284764 -0.200385 0.293078
v -0.284764 0.501234 0.293078
v -0.290855 -0.200385 0.293880
v -0.290855 0.501234 0.293880
v -0.296531 -0.200385 0.296231
v -0.296531 0.501234 0.296231
v -0.301406 -0.200385 0.299971
v -0.301406 0.501234 0.299971
v -0.305146 -0.200385 0.304846
v -0.305146 0.501234 0.304845
v -0.302899 0.508743 0.333254
v -0.306355 0.507312 0.328380
v -0.307497 -0.200385 0.310522
v -0.307497 0.501234 0.310521
v -0.264383 -0.433071 0.304846
v -0.264383 -0.438699 0.303954
v -0.268123 -0.437193 0.299319
v -0.268123 -0.433071 0.299971
v -0.278673 -0.449360 0.336765
v -0.278673 -0.464055 0.329278
v -0.272997 -0.462673 0.327376
v -0.272997 -0.448633 0.334529
v -0.290855 -0.433071 0.293880
v -0.290855 -0.435311 0.293526
v -0.296531 -0.436037 0.295762
v -0.296531 -0.433071 0.296231
v -0.305146 -0.433071 0.328380
v -0.305146 -0.445972 0.326337
v -0.301406 -0.447478 0.330972
v -0.301406 -0.433071 0.333254
v -0.278673 -0.433071 0.339345
v -0.272997 -0.433071 0.336994
v -0.308299 -0.433071 0.316613
v -0.308299 -0.442335 0.315146
v -0.307497 -0.444218 0.320939
v -0.307497 -0.433071 0.322704
v -0.261230 -0.433071 0.316613
v -0.261230 -0.442335 0.315145
v -0.262032 -0.440453 0.309352
v -0.262032 -0.433071 0.310522
v -0.278673 -0.433071 0.293880
v -0.278673 -0.435311 0.293526
v -0.284764 -0.435063 0.292763
v -0.284764 -0.433071 0.293078
v -0.305146 -0.433071 0.304846
v -0.305146 -0.438699 0.303954
v -0.307497 -0.440453 0.309352
v -0.307497 -0.433071 0.310522
v -0.290855 -0.433071 0.339345
v -0.290855 -0.449360 0.336765
v -0.284764 -0.449608 0.337528
v -0.284764 -0.433071 0.340147
v -0.264383 -0.433071 0.328380
v -0.264383 -0.445972 0.326337
v -0.262032 -0.444218 0.320939
v -0.262032 -0.433071 0.322704
v -0.272997 -0.436037 0.295762
v -0.272997 -0.433071 0.296231
v -0.301406 -0.437193 0.299319
v -0.301406 -0.433071 0.299972
v -0.296531 -0.448633 0.334529
v -0.296531 -0.433071 0.336994
v -0.268123 -0.447478 0.330972
v -0.268123 -0.433071 0.333254
v -0.262032 -0.454273 0.315815
v -0.262032 -0.462253 0.307835
v -0.261230 -0.457325 0.304255
v -0.261230 -0.450693 0.310887
v -0.305146 -0.443776 0.301367
v -0.307497 -0.447113 0.305959
v -0.308299 -0.450693 0.310887
v -0.307497 -0.454273 0.315815
v -0.268123 -0.440911 0.297424
v -0.272997 -0.438713 0.294398
v -0.268123 -0.460474 0.324350
v -0.305146 -0.457609 0.320407
v -0.278673 -0.437331 0.292496
v -0.264383 -0.457609 0.320407
v -0.301406 -0.460474 0.324350
v -0.284764 -0.436860 0.291847
v -0.296531 -0.462673 0.327376
v -0.290855 -0.437331 0.292496
v -0.290855 -0.464055 0.329278
v -0.296531 -0.438713 0.294398
v -0.262032 -0.447113 0.305959
v -0.284764 -0.464526 0.329927
v -0.301406 -0.440911 0.297424
v -0.264383 -0.443776 0.301367
v -0.305146 -0.447805 0.297338
v -0.305146 -0.450392 0.292261
v -0.307497 -0.455791 0.294015
v -0.307497 -0.452398 0.300674
v -0.296531 -0.473814 0.316234
v -0.290855 -0.475716 0.317616
v -0.290855 -0.438934 0.290893
v -0.296531 -0.440837 0.292275
v -0.262032 -0.452398 0.300674
v -0.284764 -0.476365 0.318088
v -0.301406 -0.443862 0.294473
v -0.264383 -0.447805 0.297338
v -0.278673 -0.475716 0.317616
v -0.268123 -0.443862 0.294473
v -0.272997 -0.473814 0.316234
v -0.308299 -0.457325 0.304255
v -0.307497 -0.462253 0.307835
v -0.272997 -0.440837 0.292275
v -0.268123 -0.470788 0.314036
v -0.305146 -0.466845 0.311171
v -0.278673 -0.438934 0.290893
v -0.264383 -0.466845 0.311171
v -0.301406 -0.470788 0.314036
v -0.284764 -0.438286 0.290421
v -0.262032 -0.467377 0.297779
v -0.262032 -0.469142 0.286633
v -0.261230 -0.463051 0.286633
v -0.261230 -0.461584 0.295897
v -0.308299 -0.461584 0.295897
v -0.307497 -0.467377 0.297779
v -0.268123 -0.445757 0.290754
v -0.272997 -0.442200 0.289599
v -0.272997 -0.480968 0.302195
v -0.268123 -0.477411 0.301039
v -0.305146 -0.472775 0.299533
v -0.278673 -0.439964 0.288872
v -0.264383 -0.472775 0.299533
v -0.301406 -0.477411 0.301039
v -0.284764 -0.439201 0.288624
v -0.296531 -0.480968 0.302195
v -0.290855 -0.439964 0.288872
v -0.290855 -0.483204 0.302922
v -0.296531 -0.442200 0.289599
v -0.262032 -0.455791 0.294015
v -0.284764 -0.483966 0.303169
v -0.301406 -0.445757 0.290754
v -0.264383 -0.450392 0.292261
v -0.278673 -0.483204 0.302922
v -0.296531 -0.483432 0.286633
v -0.290855 -0.485783 0.286632
v -0.290855 -0.440319 0.286633
v -0.296531 -0.442670 0.286633
v -0.262032 -0.456960 0.286633
v -0.284764 -0.486585 0.286633
v -0.301406 -0.446410 0.286633
v -0.264383 -0.451284 0.286633
v -0.278673 -0.485783 0.286632
v -0.305146 -0.451284 0.286633
v -0.268123 -0.446410 0.286632
v -0.272997 -0.483432 0.286633
v -0.307497 -0.456960 0.286633
v -0.308299 -0.463051 0.286633
v -0.307497 -0.469142 0.286633
v -0.272997 -0.442670 0.286633
v -0.268123 -0.479692 0.286633
v -0.305146 -0.474818 0.286633
v -0.278673 -0.440319 0.286633
v -0.264383 -0.474818 0.286632
v -0.301406 -0.479692 0.286633
v -0.284764 -0.439517 0.286632
v -0.305146 -0.451284 0.247963
v -0.307497 -0.456960 0.247963
v -0.278673 -0.485783 0.247963
v -0.272997 -0.483432 0.247963
v -0.264383 -0.451284 0.247963
v -0.268123 -0.446410 0.247963
v -0.301406 -0.446410 0.247963
v -0.284764 -0.486585 0.247963
v -0.262032 -0.456960 0.247963
v -0.296531 -0.442670 0.247963
v -0.290855 -0.485783 0.247963
v -0.261230 -0.463051 0.247963
v -0.290855 -0.440319 0.247963
v -0.296531 -0.483432 0.247963
v -0.262032 -0.469142 0.247963
v -0.284764 -0.439517 0.247963
v -0.301406 -0.479692 0.247963
v -0.264383 -0.474818 0.247963
v -0.278673 -0.440319 0.247963
v -0.305146 -0.474818 0.247963
v -0.268123 -0.479692 0.247963
v -0.272997 -0.442670 0.247963
v -0.307497 -0.469142 0.247963
v -0.308299 -0.463051 0.247963
v -0.287882 -0.440319 0.231603
v -0.293195 -0.442670 0.229606
v -0.271166 -0.483432 0.237886
v -0.265906 -0.483432 0.229097
v -0.262239 -0.479692 0.232308
v -0.266603 -0.479692 0.239601
v -0.263102 -0.451284 0.240917
v -0.266603 -0.446410 0.239601
v -0.263102 -0.474818 0.240917
v -0.293195 -0.483432 0.229606
v -0.287882 -0.485783 0.231603
v -0.297758 -0.446410 0.227891
v -0.301259 -0.451284 0.226575
v -0.271166 -0.442670 0.237886
v -0.276479 -0.440319 0.235889
v -0.260902 -0.469142 0.241744
v -0.260151 -0.463051 0.242026
v -0.282181 -0.486585 0.233746
v -0.276479 -0.485783 0.235889
v -0.303460 -0.469142 0.225748
v -0.301259 -0.474818 0.226575
v -0.282181 -0.439517 0.233746
v -0.260902 -0.456960 0.241744
v -0.303460 -0.456960 0.225748
v -0.304210 -0.463051 0.225466
v -0.297758 -0.479692 0.227891
v -0.283614 -0.483432 0.213596
v -0.269012 -0.483432 0.201980
v -0.266330 -0.485783 0.206983
v -0.279343 -0.485783 0.217334
v -0.259424 -0.474818 0.234771
v -0.257656 -0.469142 0.236320
v -0.274760 -0.486585 0.221347
v -0.262239 -0.446410 0.232308
v -0.265906 -0.442670 0.229097
v -0.290096 -0.451284 0.207922
v -0.291865 -0.456960 0.206373
v -0.270177 -0.440319 0.225359
v -0.274760 -0.439517 0.221347
v -0.257052 -0.463051 0.236848
v -0.257656 -0.456960 0.236320
v -0.292468 -0.463051 0.205845
v -0.291865 -0.469142 0.206373
v -0.270177 -0.485783 0.225359
v -0.290096 -0.474818 0.207922
v -0.287281 -0.479692 0.210385
v -0.279343 -0.440319 0.217334
v -0.283614 -0.442670 0.213596
v -0.259425 -0.451284 0.234771
v -0.287281 -0.446410 0.210385
v -0.271316 -0.446410 0.197685
v -0.273083 -0.451284 0.194389
v -0.257890 -0.442670 0.222721
v -0.260573 -0.440319 0.217719
v -0.252708 -0.469142 0.232385
v -0.252329 -0.463051 0.233091
v -0.263451 -0.486585 0.212351
v -0.260573 -0.485783 0.217719
v -0.274194 -0.469142 0.192317
v -0.273083 -0.474818 0.194389
v -0.263451 -0.439517 0.212351
v -0.266330 -0.440319 0.206983
v -0.252708 -0.456960 0.232385
v -0.253820 -0.451284 0.230313
v -0.274194 -0.456960 0.192317
v -0.274573 -0.463051 0.191610
v -0.271316 -0.479692 0.197685
v -0.269012 -0.442670 0.201980
v -0.257890 -0.483432 0.222721
v -0.255587 -0.479692 0.227016
v -0.253819 -0.474818 0.230312
v -0.255587 -0.446410 0.227016
v 0.336002 -0.486440 0.112160
v 0.336505 -0.485638 0.118231
v 0.441094 -0.486440 0.198861
v 0.441597 -0.485638 0.204932
v -0.246413 -0.485638 0.316653
v -0.246439 -0.486440 0.310563
v 0.442065 -0.483287 0.210588
v -0.246389 -0.483287 0.322328
v 0.442467 -0.479547 0.215446
v -0.246369 -0.479547 0.327201
v 0.442776 -0.474672 0.219173
v -0.246353 -0.474672 0.330940
v 0.442970 -0.468996 0.221516
v -0.246343 -0.468996 0.333291
v 0.443036 -0.462905 0.222316
v -0.246339 -0.462905 0.334093
v 0.442970 -0.456814 0.221516
v -0.246343 -0.456814 0.333291
v 0.442776 -0.451138 0.219173
v -0.246353 -0.451138 0.330940
v 0.442467 -0.446264 0.215446
v -0.246369 -0.446264 0.327201
v 0.442065 -0.442524 0.210588
v -0.246389 -0.442524 0.322328
v 0.441597 -0.440173 0.204932
v -0.246413 -0.440173 0.316653
v 0.441094 -0.439371 0.198861
v -0.246439 -0.439371 0.310563
v 0.440592 -0.440173 0.192791
v -0.246465 -0.440173 0.304473
v 0.440124 -0.442524 0.187134
v -0.246489 -0.442524 0.298797
v 0.439722 -0.446264 0.182277
v -0.246510 -0.446264 0.293924
v 0.439413 -0.451138 0.178549
v -0.246526 -0.451138 0.290185
v 0.439219 -0.456814 0.176206
v -0.246536 -0.456814 0.287834
v 0.439153 -0.462905 0.175407
v -0.246539 -0.462905 0.287032
v 0.439219 -0.468996 0.176206
v -0.246536 -0.468996 0.287834
v 0.439413 -0.474672 0.178549
v -0.246526 -0.474672 0.290185
v 0.439722 -0.479547 0.182277
v -0.246510 -0.479547 0.293924
v 0.440124 -0.483287 0.187134
v -0.246489 -0.483287 0.298797
v -0.261828 -0.485359 0.311000
v -0.261853 -0.484600 0.304904
v -0.246465 -0.485638 0.304473
v 0.440592 -0.485638 0.192791
v 0.454245 -0.440173 0.201874
v 0.451980 -0.439371 0.196219
v 0.449716 -0.440173 0.190565
v 0.457782 -0.440173 0.185755
v 0.454216 -0.442524 0.181339
v 0.447605 -0.442524 0.185296
v 0.444403 -0.451138 0.177299
v 0.443529 -0.456814 0.175116
v 0.445793 -0.479547 0.180771
v 0.447605 -0.483287 0.185296
v 0.459558 -0.474672 0.215140
v 0.460432 -0.468996 0.217322
v 0.458167 -0.446264 0.211668
v 0.456355 -0.442524 0.207143
v 0.445793 -0.446264 0.180771
v 0.443529 -0.468996 0.175116
v 0.444403 -0.474672 0.177299
v 0.456355 -0.483287 0.207143
v 0.458167 -0.479547 0.211668
v 0.460432 -0.456814 0.217322
v 0.459558 -0.451138 0.215140
v 0.451980 -0.486440 0.196219
v 0.454245 -0.485638 0.201874
v 0.443231 -0.462905 0.174372
v 0.449716 -0.485638 0.190565
v 0.460730 -0.462905 0.218067
v 0.469001 -0.483287 0.199650
v 0.478886 -0.483287 0.188771
v 0.482927 -0.479547 0.191495
v 0.472063 -0.479547 0.203442
v 0.476393 -0.462905 0.208805
v 0.475890 -0.456814 0.208181
v 0.451154 -0.479547 0.177547
v 0.454216 -0.483287 0.181339
v 0.451154 -0.446264 0.177547
v 0.474413 -0.451138 0.206352
v 0.457782 -0.485638 0.185755
v 0.461609 -0.486440 0.190495
v 0.465435 -0.485638 0.195234
v 0.448804 -0.451138 0.174637
v 0.472063 -0.446264 0.203442
v 0.447327 -0.456814 0.172808
v 0.469001 -0.442524 0.199650
v 0.446824 -0.462905 0.172184
v 0.465435 -0.440173 0.195234
v 0.474413 -0.474672 0.206352
v 0.447327 -0.468996 0.172808
v 0.461609 -0.439371 0.190495
v 0.475890 -0.468996 0.208181
v 0.448804 -0.474672 0.174637
v 0.464078 -0.440173 0.178787
v 0.468048 -0.440173 0.170277
v 0.462617 -0.442524 0.168627
v 0.459372 -0.442524 0.175615
v 0.450280 -0.456814 0.169485
v 0.449615 -0.462905 0.169037
v 0.478886 -0.442524 0.188770
v 0.474179 -0.440173 0.185598
v 0.486028 -0.474672 0.193586
v 0.450280 -0.468996 0.169485
v 0.469129 -0.439371 0.182193
v 0.487978 -0.468996 0.194900
v 0.452229 -0.474672 0.170799
v 0.488643 -0.462905 0.195348
v 0.455330 -0.479547 0.172890
v 0.487978 -0.456814 0.194900
v 0.459372 -0.483287 0.175615
v 0.455330 -0.446264 0.172890
v 0.486028 -0.451138 0.193586
v 0.464078 -0.485638 0.178787
v 0.469129 -0.486440 0.182193
v 0.474179 -0.485638 0.185598
v 0.452229 -0.451138 0.170799
v 0.482927 -0.446264 0.191495
v 0.485136 -0.483287 0.175466
v 0.487200 -0.483287 0.160913
v 0.492074 -0.479546 0.160896
v 0.489800 -0.479546 0.176883
v 0.496395 -0.462905 0.178886
v 0.495628 -0.456814 0.178653
v 0.457953 -0.479546 0.167211
v 0.462617 -0.483287 0.168627
v 0.457953 -0.446264 0.167211
v 0.493378 -0.451138 0.177970
v 0.468048 -0.485638 0.170277
v 0.473876 -0.486440 0.172047
v 0.479705 -0.485638 0.173817
v 0.454375 -0.451138 0.166124
v 0.489800 -0.446264 0.176883
v 0.452125 -0.456814 0.165441
v 0.485136 -0.442524 0.175466
v 0.451358 -0.462905 0.165208
v 0.479705 -0.440173 0.173817
v 0.493378 -0.474672 0.177970
v 0.452125 -0.468996 0.165441
v 0.473876 -0.439371 0.172047
v 0.495628 -0.468996 0.178653
v 0.454375 -0.474672 0.166124
v 0.498967 -0.462905 0.160872
v 0.498165 -0.456814 0.160874
v 0.452700 -0.456814 0.161033
v 0.451898 -0.462905 0.161036
v 0.487200 -0.442524 0.160913
v 0.481524 -0.440173 0.160932
v 0.495814 -0.474672 0.160883
v 0.452700 -0.468996 0.161033
v 0.475432 -0.439371 0.160954
v 0.498165 -0.468996 0.160874
v 0.455051 -0.474672 0.161024
v 0.469341 -0.440173 0.160975
v 0.458791 -0.479546 0.161012
v 0.463665 -0.442524 0.160995
v 0.463665 -0.483287 0.160995
v 0.458791 -0.446264 0.161012
v 0.495814 -0.451138 0.160883
v 0.469341 -0.485638 0.160975
v 0.475432 -0.486440 0.160954
v 0.481524 -0.485638 0.160932
v 0.455051 -0.451138 0.161024
v 0.492074 -0.446264 0.160896
v 0.336973 -0.483287 0.123887
v 0.337375 -0.479547 0.128745
v 0.337684 -0.474672 0.132472
v 0.337878 -0.468996 0.134815
v 0.337944 -0.462905 0.135615
v 0.337878 -0.456814 0.134815
v 0.337684 -0.451138 0.132472
v 0.337375 -0.446264 0.128745
v 0.336973 -0.442524 0.123887
v 0.336505 -0.440173 0.118231
v 0.336002 -0.439371 0.112160
v 0.335500 -0.440173 0.106090
v 0.335032 -0.442524 0.100433
v 0.334629 -0.446264 0.095576
v 0.334321 -0.451138 0.091849
v 0.334127 -0.456814 0.089505
v 0.334061 -0.462905 0.088706
v 0.334127 -0.468996 0.089505
v 0.334321 -0.474672 0.091849
v 0.334629 -0.479547 0.095576
v 0.335032 -0.483287 0.100433
v 0.335500 -0.485638 0.106090
v 0.349153 -0.440173 0.115173
v 0.346888 -0.439371 0.109518
v 0.344623 -0.440173 0.103864
v 0.352690 -0.440173 0.099054
v 0.349124 -0.442524 0.094638
v 0.342513 -0.442524 0.098595
v 0.339311 -0.451138 0.090598
v 0.338436 -0.456814 0.088415
v 0.340701 -0.479547 0.094070
v 0.342513 -0.483287 0.098595
v 0.354465 -0.474672 0.128439
v 0.355340 -0.468996 0.130621
v 0.353075 -0.446264 0.124967
v 0.351263 -0.442524 0.120442
v 0.340701 -0.446264 0.094070
v 0.338436 -0.468996 0.088415
v 0.339311 -0.474672 0.090598
v 0.351263 -0.483287 0.120442
v 0.353075 -0.479547 0.124967
v 0.355340 -0.456814 0.130621
v 0.354465 -0.451138 0.128439
v 0.346888 -0.486440 0.109518
v 0.349153 -0.485638 0.115173
v 0.338138 -0.462905 0.087671
v 0.344623 -0.485638 0.103864
v 0.355638 -0.462905 0.131366
v 0.363909 -0.483287 0.112949
v 0.373793 -0.483287 0.102069
v 0.377835 -0.479547 0.104794
v 0.366971 -0.479547 0.116741
v 0.371301 -0.462905 0.122104
v 0.370797 -0.456814 0.121480
v 0.346062 -0.479547 0.090846
v 0.349124 -0.483287 0.094638
v 0.346062 -0.446264 0.090846
v 0.369320 -0.451138 0.119651
v 0.352690 -0.485638 0.099054
v 0.356516 -0.486440 0.103794
v 0.360343 -0.485638 0.108533
v 0.343712 -0.451138 0.087936
v 0.366971 -0.446264 0.116741
v 0.342235 -0.456814 0.086107
v 0.363909 -0.442524 0.112949
v 0.341731 -0.462905 0.085483
v 0.360343 -0.440173 0.108533
v 0.369320 -0.474672 0.119651
v 0.342235 -0.468996 0.086107
v 0.356516 -0.439371 0.103794
v 0.370797 -0.468996 0.121480
v 0.343712 -0.474672 0.087936
v 0.358986 -0.440173 0.092086
v 0.362956 -0.440173 0.083576
v 0.357525 -0.442524 0.081926
v 0.354280 -0.442524 0.088914
v 0.345188 -0.456814 0.082784
v 0.344523 -0.462905 0.082336
v 0.373793 -0.442524 0.102069
v 0.369087 -0.440173 0.098897
v 0.380936 -0.474672 0.106885
v 0.345188 -0.468996 0.082784
v 0.364037 -0.439371 0.095492
v 0.382885 -0.468996 0.108199
v 0.347137 -0.474672 0.084098
v 0.383550 -0.462905 0.108647
v 0.350238 -0.479547 0.086189
v 0.382885 -0.456814 0.108199
v 0.354280 -0.483287 0.088914
v 0.350238 -0.446264 0.086189
v 0.380936 -0.451138 0.106885
v 0.358986 -0.485638 0.092087
v 0.364037 -0.486440 0.095492
v 0.369087 -0.485638 0.098897
v 0.347137 -0.451138 0.084098
v 0.377835 -0.446264 0.104794
v 0.380044 -0.483287 0.088765
v 0.382107 -0.483287 0.074212
v 0.386981 -0.479546 0.074195
v 0.384708 -0.479546 0.090182
v 0.391303 -0.462905 0.092185
v 0.390536 -0.456814 0.091952
v 0.352861 -0.479546 0.080510
v 0.357525 -0.483287 0.081926
v 0.352861 -0.446264 0.080510
v 0.388286 -0.451138 0.091269
v 0.362956 -0.485638 0.083576
v 0.368784 -0.486440 0.085346
v 0.374613 -0.485638 0.087116
v 0.349283 -0.451138 0.079423
v 0.384708 -0.446264 0.090182
v 0.347033 -0.456814 0.078740
v 0.380044 -0.442524 0.088765
v 0.346266 -0.462905 0.078507
v 0.374613 -0.440173 0.087116
v 0.388286 -0.474672 0.091269
v 0.347033 -0.468996 0.078740
v 0.368784 -0.439371 0.085346
v 0.390536 -0.468996 0.091952
v 0.349283 -0.474672 0.079423
v 0.393875 -0.462905 0.074171
v 0.393073 -0.456814 0.074173
v 0.347608 -0.456814 0.074332
v 0.346806 -0.462905 0.074335
v 0.382107 -0.442524 0.074212
v 0.376431 -0.440173 0.074231
v 0.390721 -0.474672 0.074182
v 0.347608 -0.468996 0.074332
v 0.370340 -0.439371 0.074253
v 0.393073 -0.468996 0.074173
v 0.349959 -0.474672 0.074323
v 0.364249 -0.440173 0.074274
v 0.353699 -0.479546 0.074311
v 0.358573 -0.442524 0.074294
v 0.358573 -0.483287 0.074294
v 0.353699 -0.446264 0.074311
v 0.390721 -0.451138 0.074182
v 0.364249 -0.485638 0.074274
v 0.370340 -0.486440 0.074253
v 0.376431 -0.485638 0.074231
v 0.349959 -0.451138 0.074323
v 0.386981 -0.446264 0.074195
v -0.259276 -0.467903 0.333576
v -0.271398 -0.465201 0.334166
v -0.273189 -0.470646 0.331956
v -0.260006 -0.473552 0.331274
v -0.261214 -0.482156 0.322736
v -0.261610 -0.484525 0.317082
v -0.257810 -0.455810 0.333472
v -0.258527 -0.461852 0.334325
v -0.256163 -0.438634 0.310600
v -0.256138 -0.439392 0.316696
v -0.258715 -0.456089 0.288025
v -0.257985 -0.450440 0.290327
v -0.261683 -0.482301 0.299211
v -0.261330 -0.478618 0.294307
v -0.256308 -0.441691 0.322390
v -0.256661 -0.445374 0.327294
v -0.257324 -0.445579 0.294024
v -0.256777 -0.441836 0.298864
v -0.260817 -0.473803 0.290527
v -0.260181 -0.468183 0.288128
v -0.260667 -0.478414 0.327576
v -0.257173 -0.450190 0.331074
v -0.256381 -0.439467 0.304518
v -0.259464 -0.462141 0.287275
v -0.264914 -0.443574 0.327526
v -0.269845 -0.441789 0.328082
v -0.272477 -0.445844 0.331872
v -0.266196 -0.448182 0.331381
v -0.275005 -0.471124 0.291244
v -0.273423 -0.465734 0.288757
v -0.264117 -0.438026 0.304673
v -0.263607 -0.437189 0.310737
v -0.269552 -0.459377 0.334818
v -0.276287 -0.475733 0.295098
v -0.265068 -0.440337 0.299061
v -0.267778 -0.453573 0.333868
v -0.277181 -0.479245 0.300058
v -0.266397 -0.443964 0.294284
v -0.277627 -0.481423 0.305785
v -0.277085 -0.481280 0.317952
v -0.277594 -0.482117 0.311888
v -0.268012 -0.448660 0.290668
v -0.276133 -0.478970 0.323563
v -0.269803 -0.454106 0.288459
v -0.264020 -0.440061 0.322567
v -0.274805 -0.475342 0.328340
v -0.271649 -0.459929 0.287807
v -0.263574 -0.437883 0.316840
v -0.285945 -0.465665 0.291368
v -0.295356 -0.457076 0.291046
v -0.292529 -0.452749 0.288842
v -0.282855 -0.460934 0.288957
v -0.292152 -0.475411 0.311868
v -0.291790 -0.474766 0.305770
v -0.290265 -0.472730 0.323599
v -0.291632 -0.474716 0.317949
v -0.276157 -0.450760 0.288829
v -0.273005 -0.446010 0.291120
v -0.267852 -0.438685 0.323170
v -0.288146 -0.469586 0.328432
v -0.279516 -0.455850 0.288092
v -0.266633 -0.436744 0.317471
v -0.285417 -0.465500 0.332120
v -0.266271 -0.436099 0.311373
v -0.282266 -0.460750 0.334411
v -0.266791 -0.436794 0.305291
v -0.278906 -0.455659 0.335148
v -0.288577 -0.469721 0.295158
v -0.268157 -0.438780 0.299642
v -0.275567 -0.450575 0.334283
v -0.290570 -0.472825 0.300070
v -0.270277 -0.441924 0.294808
v -0.277839 -0.430672 0.303779
v -0.277363 -0.430037 0.309340
v -0.288918 -0.447925 0.331083
v -0.291991 -0.452580 0.330408
v -0.297762 -0.460785 0.294512
v -0.279088 -0.432489 0.298612
v -0.285865 -0.443276 0.330291
v -0.299585 -0.463623 0.299004
v -0.281026 -0.435364 0.294192
v -0.283039 -0.438949 0.328087
v -0.300700 -0.465398 0.304216
v -0.300556 -0.465353 0.315354
v -0.301031 -0.465988 0.309793
v -0.283522 -0.439100 0.290819
v -0.280632 -0.435240 0.324621
v -0.299306 -0.463536 0.320521
v -0.286404 -0.443444 0.288724
v -0.278809 -0.432402 0.320129
v -0.297368 -0.460661 0.324941
v -0.289476 -0.448100 0.288050
v -0.277694 -0.430627 0.314917
v -0.294873 -0.456924 0.328314
v -0.281897 0.517443 0.339345
v -0.291079 0.531184 0.339345
v -0.295386 0.526876 0.340147
v -0.287525 0.515112 0.340147
v -0.276653 0.519615 0.336994
v -0.308527 0.506412 0.322704
v -0.309268 0.506105 0.316613
v -0.266523 0.523811 0.310521
v -0.265782 0.524118 0.316613
v -0.287525 0.515112 0.293078
v -0.281897 0.517443 0.293880
v -0.308527 0.506412 0.310521
v -0.306355 0.507312 0.304845
v -0.293152 0.512781 0.339345
v -0.266523 0.523811 0.322704
v -0.268695 0.522911 0.328380
v -0.276653 0.519615 0.296231
v -0.272150 0.521480 0.299971
v -0.302899 0.508743 0.299971
v -0.298396 0.510609 0.296231
v -0.298396 0.510609 0.336994
v -0.272150 0.521480 0.333254
v -0.268695 0.522911 0.304845
v -0.293152 0.512780 0.293880
v -0.279312 0.542951 0.322704
v -0.298451 0.555740 0.322704
v -0.299351 0.553568 0.328380
v -0.280974 0.541288 0.328380
v -0.309798 0.512465 0.304845
v -0.307153 0.515109 0.299971
v -0.283619 0.538644 0.299971
v -0.280974 0.541288 0.304845
v -0.287065 0.535197 0.336994
v -0.311460 0.510802 0.310521
v -0.311460 0.510802 0.322704
v -0.312027 0.510235 0.316613
v -0.287065 0.535197 0.296231
v -0.283619 0.538644 0.333254
v -0.309798 0.512465 0.328380
v -0.291079 0.531184 0.293880
v -0.307153 0.515109 0.333254
v -0.295386 0.526876 0.293078
v -0.303707 0.518556 0.336994
v -0.299693 0.522569 0.293880
v -0.278745 0.543518 0.316612
v -0.299693 0.522569 0.339345
v -0.303707 0.518556 0.296231
v -0.279312 0.542951 0.310521
v -0.314950 0.515908 0.304845
v -0.321028 0.517117 0.304845
v -0.321028 0.520857 0.299971
v -0.313519 0.519363 0.299971
v -0.311654 0.523866 0.336994
v -0.313519 0.519363 0.333254
v -0.309482 0.529110 0.293880
v -0.307151 0.534737 0.293078
v -0.298145 0.556480 0.316612
v -0.309482 0.529110 0.339345
v -0.311654 0.523866 0.296231
v -0.298451 0.555740 0.310521
v -0.307151 0.534737 0.340147
v -0.299351 0.553568 0.304845
v -0.304820 0.540365 0.339345
v -0.300782 0.550112 0.299971
v -0.302648 0.545609 0.336994
v -0.315850 0.513736 0.310521
v -0.315850 0.513736 0.322704
v -0.316157 0.512995 0.316612
v -0.302648 0.545609 0.296231
v -0.300782 0.550112 0.333254
v -0.314950 0.515908 0.328380
v -0.304820 0.540365 0.293880
v -0.321028 0.560230 0.322704
v -0.342769 0.560230 0.322704
v -0.342769 0.557879 0.328380
v -0.321028 0.557879 0.328380
v -0.321028 0.554139 0.299971
v -0.321028 0.557879 0.304845
v -0.321028 0.549265 0.336994
v -0.321028 0.543589 0.339345
v -0.321028 0.514766 0.310521
v -0.321028 0.514766 0.322704
v -0.321028 0.513964 0.316612
v -0.321028 0.549265 0.296231
v -0.321028 0.554139 0.333254
v -0.321028 0.517117 0.328380
v -0.321028 0.543589 0.293880
v -0.321028 0.520857 0.333254
v -0.321028 0.537498 0.293078
v -0.321028 0.525731 0.336994
v -0.321028 0.531407 0.293880
v -0.321028 0.561032 0.316612
v -0.321028 0.531407 0.339345
v -0.321028 0.525731 0.296231
v -0.321028 0.560230 0.310521
v -0.321028 0.537498 0.340147
v -0.342769 0.523648 0.330463
v -0.453553 0.523648 0.330463
v -0.453553 0.520535 0.326406
v -0.342769 0.520535 0.326406
v -0.342769 0.525731 0.336994
v -0.342769 0.520857 0.333254
v -0.342769 0.531407 0.293880
v -0.342769 0.537498 0.293078
v -0.342769 0.561032 0.316612
v -0.342769 0.531407 0.339345
v -0.342769 0.525731 0.296231
v -0.342769 0.560230 0.310521
v -0.342769 0.537498 0.340147
v -0.342769 0.520857 0.299971
v -0.342769 0.557879 0.304845
v -0.342770 0.543589 0.339345
v -0.342769 0.517117 0.304845
v -0.342769 0.554139 0.299971
v -0.342770 0.549265 0.336994
v -0.342770 0.514766 0.310521
v -0.342770 0.514766 0.322704
v -0.342769 0.513964 0.316612
v -0.342770 0.549265 0.296231
v -0.342769 0.554139 0.333254
v -0.342769 0.517117 0.328380
v -0.342770 0.543589 0.293880
v -0.342769 0.517911 0.316612
v -0.342769 0.513964 0.316612
v -0.342770 0.514766 0.322704
v -0.342770 0.518578 0.321682
v -0.342769 0.517117 0.328380
v -0.342769 0.520535 0.326406
v -0.342769 0.520857 0.333254
v -0.342769 0.523648 0.330463
v -0.342769 0.525731 0.336994
v -0.342769 0.527704 0.333576
v -0.342769 0.531407 0.339345
v -0.342769 0.532428 0.335532
v -0.342769 0.537498 0.340147
v -0.342769 0.537498 0.336200
v -0.342770 0.543589 0.339345
v -0.342770 0.542567 0.335532
v -0.342770 0.549265 0.336994
v -0.342770 0.547292 0.333576
v -0.342769 0.554139 0.333254
v -0.342769 0.551348 0.330463
v -0.342769 0.557879 0.328380
v -0.342769 0.554461 0.326406
v -0.342769 0.560230 0.322704
v -0.342769 0.556418 0.321682
v -0.342769 0.561032 0.316612
v -0.342769 0.557085 0.316612
v -0.342769 0.560230 0.310521
v -0.342769 0.556418 0.311543
v -0.342769 0.557879 0.304845
v -0.342769 0.554461 0.306819
v -0.342769 0.554139 0.299971
v -0.342769 0.551348 0.302762
v -0.342770 0.549265 0.296231
v -0.342770 0.547292 0.299649
v -0.342770 0.543589 0.293880
v -0.342770 0.542568 0.297693
v -0.342769 0.537498 0.293078
v -0.342769 0.537498 0.297025
v -0.342769 0.531407 0.293880
v -0.342769 0.532428 0.297693
v -0.342769 0.525731 0.296231
v -0.342769 0.527704 0.299649
v -0.342769 0.520857 0.299971
v -0.342769 0.523648 0.302762
v -0.342769 0.517117 0.304845
v -0.342769 0.520535 0.306819
v -0.342770 0.514766 0.310521
v -0.342770 0.518578 0.311543
v -0.453553 0.523648 0.302762
v -0.459895 0.523648 0.301927
v -0.459089 0.527704 0.298921
v -0.453553 0.527704 0.299649
v -0.342769 0.527704 0.299649
v -0.453553 0.532428 0.297693
v -0.342769 0.532428 0.297693
v -0.342769 0.556418 0.311543
v -0.453553 0.556418 0.311543
v -0.453553 0.557085 0.316612
v -0.342769 0.557085 0.316612
v -0.342769 0.527704 0.333576
v -0.453553 0.527704 0.333576
v -0.342769 0.537498 0.336200
v -0.453553 0.537498 0.336200
v -0.453553 0.532428 0.335532
v -0.342769 0.532428 0.335532
v -0.342769 0.523648 0.302762
v -0.342769 0.554461 0.306819
v -0.453553 0.554461 0.306819
v -0.342770 0.542567 0.335532
v -0.453553 0.542567 0.335532
v -0.342769 0.520535 0.306819
v -0.453553 0.520535 0.306819
v -0.342769 0.551348 0.302762
v -0.453553 0.551348 0.302762
v -0.342770 0.547292 0.333576
v -0.453553 0.547292 0.333576
v -0.342770 0.518578 0.311543
v -0.453553 0.518578 0.311543
v -0.342770 0.547292 0.299649
v -0.453553 0.547292 0.299649
v -0.342769 0.551348 0.330463
v -0.453553 0.551348 0.330463
v -0.342769 0.517911 0.316612
v -0.453553 0.517911 0.316612
v -0.342770 0.542568 0.297693
v -0.453553 0.542568 0.297693
v -0.342769 0.554461 0.326406
v -0.453553 0.554461 0.326406
v -0.342770 0.518578 0.321682
v -0.453553 0.518578 0.321682
v -0.342769 0.537498 0.297025
v -0.453553 0.537498 0.297025
v -0.342769 0.556418 0.321682
v -0.453553 0.556418 0.321682
v -0.467064 0.551348 0.328684
v -0.479654 0.551348 0.323469
v -0.481211 0.547292 0.326165
v -0.467870 0.547292 0.331691
v -0.460944 0.554461 0.305846
v -0.462167 0.556418 0.310409
v -0.468376 0.542567 0.333581
v -0.468549 0.537498 0.334226
v -0.460944 0.520535 0.305846
v -0.459895 0.551348 0.301927
v -0.462167 0.518578 0.310409
v -0.464791 0.518578 0.320203
v -0.463479 0.517911 0.315306
v -0.459089 0.547292 0.298921
v -0.466014 0.520535 0.324766
v -0.458582 0.542568 0.297030
v -0.466014 0.554461 0.324766
v -0.467064 0.523648 0.328684
v -0.458410 0.537498 0.296386
v -0.464791 0.556418 0.320203
v -0.467870 0.527704 0.331691
v -0.458582 0.532428 0.297030
v -0.463479 0.557085 0.315306
v -0.468376 0.532428 0.333581
v -0.470194 0.556418 0.307084
v -0.477087 0.556418 0.301795
v -0.480672 0.557085 0.305380
v -0.472729 0.557085 0.311474
v -0.472729 0.517911 0.311474
v -0.470194 0.518578 0.307084
v -0.477626 0.520535 0.319956
v -0.475264 0.518578 0.315865
v -0.463269 0.542568 0.295089
v -0.464247 0.547292 0.296784
v -0.477626 0.554461 0.319956
v -0.479654 0.523648 0.323469
v -0.462935 0.537498 0.294511
v -0.475264 0.556418 0.315865
v -0.481210 0.527704 0.326165
v -0.463269 0.532428 0.295089
v -0.482189 0.532428 0.327860
v -0.464247 0.527704 0.296784
v -0.482523 0.537498 0.328438
v -0.465804 0.523648 0.299480
v -0.467832 0.554461 0.302993
v -0.482189 0.542567 0.327859
v -0.467832 0.520535 0.302993
v -0.465804 0.551348 0.299480
v -0.480672 0.517911 0.305380
v -0.486766 0.517911 0.297437
v -0.482376 0.518578 0.294902
v -0.477087 0.518578 0.301795
v -0.494522 0.537498 0.319230
v -0.494050 0.532428 0.318758
v -0.470878 0.523648 0.295586
v -0.468677 0.527704 0.293385
v -0.473747 0.554461 0.298454
v -0.494050 0.542567 0.318758
v -0.473747 0.520535 0.298454
v -0.470878 0.551348 0.295586
v -0.492667 0.547292 0.317374
v -0.484257 0.518578 0.308964
v -0.468677 0.547292 0.293385
v -0.490465 0.551348 0.315173
v -0.487597 0.520535 0.312305
v -0.467293 0.542568 0.292001
v -0.487597 0.554461 0.312305
v -0.490465 0.523648 0.315173
v -0.466821 0.537498 0.291529
v -0.484257 0.556418 0.308964
v -0.492667 0.527704 0.317374
v -0.467293 0.532428 0.292001
v -0.482376 0.556418 0.294902
v -0.485701 0.556418 0.286875
v -0.490598 0.557085 0.288187
v -0.486766 0.557085 0.297437
v -0.495248 0.520535 0.302334
v -0.491157 0.518578 0.299972
v -0.470381 0.542568 0.287977
v -0.472076 0.547292 0.288955
v -0.495248 0.554461 0.302334
v -0.498761 0.551348 0.304362
v -0.498761 0.523648 0.304362
v -0.469803 0.537498 0.287643
v -0.491157 0.556418 0.299972
v -0.501457 0.527704 0.305918
v -0.470381 0.532428 0.287977
v -0.503152 0.532428 0.306897
v -0.472076 0.527704 0.288955
v -0.503730 0.537498 0.307231
v -0.474772 0.523648 0.290512
v -0.478285 0.554461 0.292540
v -0.503152 0.542567 0.306897
v -0.478285 0.520535 0.292540
v -0.474772 0.551348 0.290512
v -0.501457 0.547292 0.305918
v -0.500058 0.520535 0.290722
v -0.501698 0.520535 0.278261
v -0.496974 0.518578 0.278261
v -0.495495 0.518578 0.289499
v -0.509518 0.537498 0.293257
v -0.508873 0.532428 0.293084
v -0.477219 0.523648 0.284602
v -0.474213 0.527704 0.283797
v -0.481138 0.554461 0.285652
v -0.508873 0.542567 0.293084
v -0.481138 0.520535 0.285652
v -0.477219 0.551348 0.284602
v -0.506983 0.547292 0.292578
v -0.485701 0.518578 0.286875
v -0.490598 0.517911 0.288187
v -0.474213 0.547292 0.283797
v -0.503976 0.551348 0.291772
v -0.472323 0.542568 0.283290
v -0.500058 0.554461 0.290722
v -0.503976 0.523648 0.291772
v -0.471678 0.537498 0.283118
v -0.495495 0.556418 0.289499
v -0.506983 0.527704 0.292578
v -0.472323 0.532428 0.283290
v -0.511492 0.537498 0.278261
v -0.510825 0.532428 0.278261
v -0.472985 0.542568 0.278261
v -0.474941 0.547292 0.278261
v -0.501698 0.554461 0.278261
v -0.505755 0.551348 0.278261
v -0.505755 0.523648 0.278261
v -0.472317 0.537498 0.278261
v -0.496974 0.556418 0.278261
v -0.508868 0.527704 0.278261
v -0.472985 0.532428 0.278261
v -0.491905 0.557085 0.278261
v -0.474941 0.527704 0.278261
v -0.486835 0.556418 0.278261
v -0.478054 0.523648 0.278261
v -0.482111 0.554461 0.278261
v -0.510825 0.542567 0.278261
v -0.482111 0.520535 0.278261
v -0.478054 0.551348 0.278261
v -0.508868 0.547292 0.278261
v -0.486835 0.518578 0.278261
v -0.491905 0.517911 0.278261
v -0.308299 -0.200385 0.316613
v -0.307497 -0.200385 0.310522
v -0.305146 -0.200385 0.304846
v -0.301406 -0.200385 0.299971
v -0.296531 -0.200385 0.296231
v -0.290855 -0.200385 0.293880
v -0.284764 -0.200385 0.293078
v -0.278673 -0.200385 0.293880
v -0.272997 -0.200385 0.296231
v -0.268123 -0.200385 0.299971
v -0.264383 -0.200385 0.304846
v -0.262032 -0.200385 0.310522
v -0.261230 -0.200385 0.316613
v -0.262032 -0.200385 0.322704
v -0.264383 -0.200385 0.328380
v -0.268123 -0.200385 0.333254
v -0.272997 -0.200385 0.336994
v -0.278673 -0.200385 0.339345
v -0.284764 -0.200385 0.340147
v -0.290855 -0.200385 0.339345
v -0.296531 -0.200385 0.336994
v -0.301406 -0.200385 0.333254
v -0.305146 -0.200385 0.328380
v -0.307497 -0.200385 0.322704
v -0.379628 -0.437403 -0.358202
v -0.379628 -0.437403 -0.374154
v -0.382975 -0.462822 -0.374154
v -0.382975 -0.462822 -0.358202
v -0.302356 -0.472978 -0.342282
v -0.304385 -0.468079 -0.342282
v -0.364118 -0.484085 -0.342282
v -0.355911 -0.503898 -0.342282
v -0.299128 -0.477185 -0.342282
v -0.342855 -0.520913 -0.342282
v -0.294921 -0.480413 -0.342282
v -0.325841 -0.533968 -0.342282
v -0.290022 -0.482443 -0.342282
v -0.306027 -0.542175 -0.342282
v -0.284764 -0.483135 -0.342282
v -0.284764 -0.544975 -0.342282
v -0.279507 -0.482443 -0.342282
v -0.263502 -0.542175 -0.342282
v -0.274608 -0.480413 -0.342282
v -0.243688 -0.533968 -0.342282
v -0.270401 -0.477185 -0.342282
v -0.226674 -0.520913 -0.342282
v -0.267173 -0.472978 -0.342282
v -0.213618 -0.503898 -0.342282
v -0.265144 -0.468079 -0.342282
v -0.205411 -0.484085 -0.342282
v -0.264451 -0.462822 -0.342282
v -0.202612 -0.462822 -0.342282
v -0.265144 -0.457565 -0.342282
v -0.205411 -0.441559 -0.342282
v -0.267173 -0.452666 -0.342282
v -0.213618 -0.421746 -0.342282
v -0.270401 -0.448459 -0.342282
v -0.226674 -0.404731 -0.342282
v -0.274608 -0.445231 -0.342282
v -0.243688 -0.391676 -0.342282
v -0.279507 -0.443201 -0.342282
v -0.263502 -0.383469 -0.342282
v -0.284764 -0.442509 -0.342282
v -0.284764 -0.380669 -0.342282
v -0.290022 -0.443201 -0.342282
v -0.306027 -0.383469 -0.342282
v -0.294921 -0.445231 -0.342282
v -0.325841 -0.391676 -0.342282
v -0.299128 -0.448459 -0.342282
v -0.342855 -0.404731 -0.342282
v -0.302356 -0.452666 -0.342282
v -0.355911 -0.421746 -0.342282
v -0.284764 -0.504480 -0.390075
v -0.295546 -0.503060 -0.390075
v -0.294490 -0.499118 -0.386950
v -0.284764 -0.500399 -0.386950
v -0.304385 -0.457565 -0.342282
v -0.364118 -0.441559 -0.342282
v -0.305077 -0.462822 -0.342282
v -0.366917 -0.462822 -0.342282
v -0.265144 -0.457565 -0.342282
v -0.267173 -0.452666 -0.342282
v -0.267173 -0.452666 -0.285656
v -0.265144 -0.457565 -0.285656
v -0.382975 -0.462822 -0.358202
v -0.382975 -0.462822 -0.374154
v -0.379628 -0.488241 -0.374154
v -0.379628 -0.488241 -0.358202
v -0.325003 -0.473604 -0.390074
v -0.320841 -0.483651 -0.390074
v -0.355911 -0.503898 -0.390074
v -0.364118 -0.484085 -0.390074
v -0.326422 -0.462822 -0.390074
v -0.366917 -0.462822 -0.390074
v -0.325003 -0.452040 -0.390074
v -0.364118 -0.441559 -0.390074
v -0.314221 -0.492278 -0.390074
v -0.342855 -0.520913 -0.390074
v -0.354210 -0.532267 -0.358202
v -0.354210 -0.532267 -0.374154
v -0.333870 -0.547875 -0.374154
v -0.333870 -0.547875 -0.358202
v -0.305593 -0.498899 -0.390074
v -0.325841 -0.533968 -0.390074
v -0.310183 -0.557686 -0.374154
v -0.310183 -0.557686 -0.358202
v -0.295546 -0.503060 -0.390075
v -0.306027 -0.542175 -0.390074
v -0.284764 -0.561032 -0.374154
v -0.284764 -0.561032 -0.358202
v -0.284764 -0.504480 -0.390075
v -0.284764 -0.544975 -0.390074
v -0.259346 -0.557686 -0.374154
v -0.259346 -0.557686 -0.358202
v -0.273983 -0.503060 -0.390075
v -0.263502 -0.542175 -0.390074
v -0.235659 -0.547875 -0.374154
v -0.235659 -0.547875 -0.358202
v -0.263936 -0.498899 -0.390075
v -0.243688 -0.533968 -0.390075
v -0.215319 -0.532267 -0.374154
v -0.215319 -0.532267 -0.358202
v -0.255308 -0.492278 -0.390075
v -0.226674 -0.520913 -0.390075
v -0.199712 -0.511927 -0.374154
v -0.199712 -0.511927 -0.358202
v -0.248688 -0.483651 -0.390075
v -0.213618 -0.503898 -0.390075
v -0.189900 -0.488241 -0.374154
v -0.189900 -0.488241 -0.358202
v -0.244526 -0.473604 -0.390075
v -0.205411 -0.484085 -0.390075
v -0.186554 -0.462822 -0.374154
v -0.186554 -0.462822 -0.358202
v -0.243107 -0.462822 -0.390075
v -0.202612 -0.462822 -0.390075
v -0.189900 -0.437403 -0.374154
v -0.189900 -0.437403 -0.358202
v -0.244526 -0.452040 -0.390075
v -0.205411 -0.441559 -0.390075
v -0.199712 -0.413717 -0.374154
v -0.199712 -0.413717 -0.358202
v -0.248688 -0.441993 -0.390075
v -0.213618 -0.421746 -0.390075
v -0.215319 -0.393377 -0.374154
v -0.215319 -0.393377 -0.358202
v -0.255308 -0.433366 -0.390075
v -0.226674 -0.404731 -0.390075
v -0.235659 -0.377769 -0.374154
v -0.235659 -0.377769 -0.358202
v -0.263936 -0.426745 -0.390075
v -0.243688 -0.391676 -0.390075
v -0.259346 -0.367958 -0.374154
v -0.259346 -0.367958 -0.358202
v -0.273983 -0.422584 -0.390075
v -0.263502 -0.383469 -0.390075
v -0.284764 -0.364612 -0.374154
v -0.284764 -0.364612 -0.358202
v -0.284764 -0.421164 -0.390075
v -0.284764 -0.380669 -0.390075
v -0.310183 -0.367958 -0.374154
v -0.310183 -0.367958 -0.358202
v -0.295546 -0.422584 -0.390075
v -0.306027 -0.383469 -0.390074
v -0.333870 -0.377769 -0.374154
v -0.333870 -0.377769 -0.358202
v -0.305593 -0.426745 -0.390074
v -0.325841 -0.391676 -0.390074
v -0.354210 -0.393377 -0.374154
v -0.354210 -0.393377 -0.358202
v -0.314221 -0.433366 -0.390074
v -0.342855 -0.404731 -0.390074
v -0.369817 -0.413717 -0.374154
v -0.369817 -0.413717 -0.358202
v -0.320841 -0.441993 -0.390074
v -0.355911 -0.421746 -0.390074
v -0.369817 -0.511927 -0.374154
v -0.369817 -0.511927 -0.358202
v -0.314221 -0.433366 -0.390074
v -0.305593 -0.426745 -0.390074
v -0.303553 -0.430280 -0.386950
v -0.311335 -0.436251 -0.386950
v -0.248688 -0.483651 -0.390075
v -0.255308 -0.492278 -0.390075
v -0.258194 -0.489393 -0.386950
v -0.252222 -0.481610 -0.386950
v -0.248688 -0.441993 -0.390075
v -0.244526 -0.452040 -0.390075
v -0.248468 -0.453096 -0.386950
v -0.252222 -0.444034 -0.386950
v -0.314221 -0.492278 -0.390074
v -0.320841 -0.483651 -0.390074
v -0.317307 -0.481610 -0.386950
v -0.311335 -0.489393 -0.386950
v -0.284764 -0.421164 -0.390075
v -0.273983 -0.422584 -0.390075
v -0.275039 -0.426526 -0.386950
v -0.284764 -0.425245 -0.386950
v -0.273983 -0.503060 -0.390075
v -0.275039 -0.499118 -0.386950
v -0.320841 -0.441993 -0.390074
v -0.317307 -0.444034 -0.386950
v -0.244526 -0.473604 -0.390075
v -0.248468 -0.472548 -0.386950
v -0.255308 -0.433366 -0.390075
v -0.258194 -0.436251 -0.386950
v -0.305593 -0.498899 -0.390074
v -0.303553 -0.495364 -0.386950
v -0.295546 -0.422584 -0.390075
v -0.294490 -0.426526 -0.386950
v -0.263936 -0.498899 -0.390075
v -0.265976 -0.495364 -0.386950
v -0.325003 -0.452040 -0.390074
v -0.321061 -0.453096 -0.386950
v -0.243107 -0.462822 -0.390075
v -0.247188 -0.462822 -0.386950
v -0.325003 -0.473604 -0.390074
v -0.326422 -0.462822 -0.390074
v -0.322341 -0.462822 -0.386950
v -0.321061 -0.472548 -0.386950
v -0.263936 -0.426745 -0.390075
v -0.265976 -0.430280 -0.386950
v -0.302356 -0.472978 -0.342282
v -0.299128 -0.477185 -0.342282
v -0.299128 -0.477185 -0.285656
v -0.302356 -0.472978 -0.285656
v -0.279507 -0.443201 -0.342282
v -0.284764 -0.442509 -0.342282
v -0.284764 -0.442509 -0.285656
v -0.279507 -0.443201 -0.285656
v -0.284764 -0.483135 -0.342282
v -0.279507 -0.482443 -0.342282
v -0.279507 -0.482443 -0.285656
v -0.284764 -0.483135 -0.285656
v -0.299128 -0.448459 -0.342282
v -0.302356 -0.452666 -0.342282
v -0.302356 -0.452666 -0.285656
v -0.299128 -0.448459 -0.285656
v -0.267173 -0.472978 -0.342282
v -0.265144 -0.468079 -0.342282
v -0.265144 -0.468079 -0.285656
v -0.267173 -0.472978 -0.285656
v -0.270401 -0.448459 -0.342282
v -0.270401 -0.448459 -0.285656
v -0.294921 -0.480413 -0.342282
v -0.294921 -0.480413 -0.285656
v -0.290022 -0.443201 -0.342282
v -0.290022 -0.443201 -0.285656
v -0.274608 -0.480413 -0.342282
v -0.274608 -0.480413 -0.285656
v -0.304385 -0.457565 -0.342282
v -0.304385 -0.457565 -0.285656
v -0.264451 -0.462822 -0.342282
v -0.264451 -0.462822 -0.285656
v -0.305077 -0.462822 -0.342282
v -0.304385 -0.468079 -0.342282
v -0.304385 -0.468079 -0.285656
v -0.305077 -0.462822 -0.285656
v -0.274608 -0.445231 -0.342282
v -0.274608 -0.445231 -0.285656
v -0.290022 -0.482443 -0.342282
v -0.290022 -0.482443 -0.285656
v -0.294921 -0.445231 -0.342282
v -0.294921 -0.445231 -0.285656
v -0.270401 -0.477185 -0.342282
v -0.270401 -0.477185 -0.285656
v -0.377550 -0.487684 -0.350242
v -0.380823 -0.462822 -0.350242
v -0.371873 -0.486163 -0.344414
v -0.374946 -0.462822 -0.344414
v -0.380823 -0.462822 -0.382114
v -0.377550 -0.487684 -0.382114
v -0.380823 -0.462822 -0.382114
v -0.374946 -0.462822 -0.387942
v -0.371873 -0.486163 -0.387942
v -0.367954 -0.510852 -0.350242
v -0.362864 -0.507913 -0.344414
v -0.367954 -0.510852 -0.382114
v -0.362864 -0.507913 -0.387942
v -0.352688 -0.530746 -0.350242
v -0.348532 -0.526590 -0.344414
v -0.352688 -0.530746 -0.382114
v -0.348532 -0.526590 -0.387942
v -0.332794 -0.546012 -0.350242
v -0.329855 -0.540921 -0.344414
v -0.332794 -0.546012 -0.382114
v -0.329855 -0.540921 -0.387942
v -0.309626 -0.555608 -0.350242
v -0.308105 -0.549931 -0.344414
v -0.309626 -0.555608 -0.382114
v -0.308105 -0.549931 -0.387942
v -0.284764 -0.558881 -0.350242
v -0.284764 -0.553004 -0.344414
v -0.284764 -0.553004 -0.344414
v -0.284764 -0.558881 -0.382114
v -0.284764 -0.553004 -0.387942
v -0.259902 -0.555608 -0.350242
v -0.261424 -0.549931 -0.344414
v -0.259902 -0.555608 -0.382114
v -0.261424 -0.549931 -0.387942
v -0.236735 -0.546012 -0.350242
v -0.239674 -0.540921 -0.344415
v -0.236735 -0.546012 -0.382114
v -0.236735 -0.546012 -0.382114
v -0.239674 -0.540921 -0.387942
v -0.216840 -0.530746 -0.350242
v -0.220996 -0.526590 -0.344415
v -0.216840 -0.530746 -0.382114
v -0.216840 -0.530746 -0.382114
v -0.220996 -0.526590 -0.387942
v -0.201575 -0.510852 -0.350242
v -0.206665 -0.507913 -0.344415
v -0.201575 -0.510852 -0.382114
v -0.201575 -0.510852 -0.382114
v -0.206665 -0.507913 -0.387942
v -0.191978 -0.487684 -0.350242
v -0.197656 -0.486163 -0.344415
v -0.191978 -0.487684 -0.382114
v -0.191978 -0.487684 -0.382114
v -0.197656 -0.486163 -0.387942
v -0.188705 -0.462822 -0.350242
v -0.194583 -0.462822 -0.344415
v -0.188705 -0.462822 -0.382114
v -0.188705 -0.462822 -0.382114
v -0.194583 -0.462822 -0.387942
v -0.191978 -0.437960 -0.350242
v -0.197656 -0.439481 -0.344415
v -0.191978 -0.437960 -0.382114
v -0.191978 -0.437960 -0.382114
v -0.197656 -0.439481 -0.387942
v -0.201575 -0.414792 -0.350242
v -0.206665 -0.417731 -0.344415
v -0.201575 -0.414792 -0.382114
v -0.201575 -0.414792 -0.382114
v -0.206665 -0.417731 -0.387942
v -0.216840 -0.394898 -0.350242
v -0.220996 -0.399054 -0.344415
v -0.216840 -0.394898 -0.382114
v -0.216840 -0.394898 -0.382114
v -0.220996 -0.399054 -0.387942
v -0.236735 -0.379632 -0.350242
v -0.236735 -0.379632 -0.350242
v -0.239674 -0.384723 -0.344415
v -0.236735 -0.379632 -0.382114
v -0.236735 -0.379632 -0.382114
v -0.239674 -0.384723 -0.387942
v -0.259902 -0.370036 -0.350242
v -0.261424 -0.375713 -0.344415
v -0.259902 -0.370036 -0.382114
v -0.261424 -0.375713 -0.387942
v -0.284764 -0.366763 -0.350242
v -0.284764 -0.372641 -0.344415
v -0.284764 -0.372641 -0.344415
v -0.284764 -0.366763 -0.382114
v -0.284764 -0.372641 -0.387942
v -0.309626 -0.370036 -0.350242
v -0.308105 -0.375713 -0.344414
v -0.309626 -0.370036 -0.382114
v -0.308105 -0.375713 -0.387942
v -0.332794 -0.379633 -0.350242
v -0.332794 -0.379633 -0.350242
v -0.329855 -0.384723 -0.344414
v -0.332794 -0.379633 -0.382114
v -0.329855 -0.384723 -0.387942
v -0.352688 -0.394898 -0.350242
v -0.352688 -0.394898 -0.350242
v -0.348532 -0.399054 -0.344414
v -0.352688 -0.394898 -0.382114
v -0.348532 -0.399054 -0.387942
v -0.367954 -0.414792 -0.350242
v -0.362864 -0.417731 -0.344414
v -0.367954 -0.414792 -0.382114
v -0.362864 -0.417731 -0.387942
v -0.377550 -0.437960 -0.350242
v -0.371873 -0.439481 -0.344414
v -0.377550 -0.437960 -0.382114
v -0.371873 -0.439481 -0.387942
v -0.380823 -0.462822 -0.350242
v -0.379628 -0.437403 0.358202
v -0.382975 -0.462822 0.358202
v -0.382975 -0.462822 0.374155
v -0.379628 -0.437403 0.374155
v -0.302356 -0.472978 0.342282
v -0.355911 -0.503898 0.342282
v -0.364118 -0.484084 0.342282
v -0.304385 -0.468079 0.342282
v -0.299128 -0.477185 0.342282
v -0.342855 -0.520913 0.342282
v -0.294921 -0.480413 0.342282
v -0.325841 -0.533968 0.342282
v -0.290022 -0.482443 0.342282
v -0.306027 -0.542175 0.342282
v -0.284764 -0.483135 0.342282
v -0.284764 -0.544974 0.342282
v -0.279507 -0.482443 0.342282
v -0.263502 -0.542175 0.342282
v -0.274608 -0.480413 0.342282
v -0.243688 -0.533968 0.342282
v -0.270401 -0.477185 0.342282
v -0.226674 -0.520913 0.342282
v -0.267173 -0.472978 0.342282
v -0.213618 -0.503898 0.342282
v -0.265144 -0.468079 0.342282
v -0.205411 -0.484084 0.342282
v -0.264451 -0.462822 0.342282
v -0.202612 -0.462822 0.342282
v -0.265144 -0.457565 0.342282
v -0.205411 -0.441559 0.342282
v -0.267173 -0.452665 0.342282
v -0.213618 -0.421745 0.342282
v -0.270401 -0.448458 0.342282
v -0.226674 -0.404731 0.342282
v -0.274608 -0.445230 0.342282
v -0.243688 -0.391675 0.342282
v -0.279507 -0.443201 0.342282
v -0.263502 -0.383468 0.342282
v -0.284764 -0.442509 0.342282
v -0.284764 -0.380669 0.342282
v -0.290022 -0.443201 0.342282
v -0.306027 -0.383468 0.342282
v -0.294921 -0.445230 0.342282
v -0.325841 -0.391676 0.342282
v -0.299128 -0.448458 0.342282
v -0.342855 -0.404731 0.342282
v -0.302356 -0.452665 0.342282
v -0.355911 -0.421745 0.342282
v -0.284764 -0.504480 0.390075
v -0.284764 -0.500399 0.386950
v -0.294490 -0.499118 0.386950
v -0.295546 -0.503060 0.390075
v -0.304385 -0.457565 0.342282
v -0.364118 -0.441559 0.342282
v -0.305077 -0.462822 0.342282
v -0.366917 -0.462822 0.342282
v -0.265144 -0.457565 0.342282
v -0.265144 -0.457565 0.285657
v -0.267173 -0.452665 0.285657
v -0.267173 -0.452665 0.342282
v -0.382975 -0.462822 0.358202
v -0.379628 -0.488241 0.358202
v -0.379628 -0.488241 0.374155
v -0.382975 -0.462822 0.374155
v -0.325003 -0.473604 0.390075
v -0.364118 -0.484084 0.390075
v -0.355911 -0.503898 0.390075
v -0.320841 -0.483651 0.390075
v -0.326422 -0.462822 0.390075
v -0.366917 -0.462822 0.390075
v -0.325003 -0.452040 0.390075
v -0.364118 -0.441559 0.390075
v -0.342855 -0.520913 0.390075
v -0.314221 -0.492278 0.390075
v -0.354210 -0.532267 0.358202
v -0.333869 -0.547874 0.358202
v -0.333869 -0.547874 0.374155
v -0.354210 -0.532267 0.374155
v -0.325841 -0.533968 0.390075
v -0.305593 -0.498898 0.390075
v -0.310183 -0.557686 0.358202
v -0.310183 -0.557686 0.374155
v -0.306027 -0.542175 0.390075
v -0.295546 -0.503060 0.390075
v -0.284764 -0.561032 0.358202
v -0.284764 -0.561032 0.374155
v -0.284764 -0.544974 0.390075
v -0.284764 -0.504480 0.390075
v -0.259346 -0.557686 0.358202
v -0.259346 -0.557686 0.374155
v -0.263502 -0.542175 0.390075
v -0.273982 -0.503060 0.390075
v -0.235659 -0.547874 0.358202
v -0.235659 -0.547874 0.374155
v -0.243688 -0.533968 0.390075
v -0.263935 -0.498898 0.390075
v -0.215319 -0.532267 0.358202
v -0.215319 -0.532267 0.374154
v -0.226674 -0.520913 0.390075
v -0.255308 -0.492278 0.390075
v -0.199712 -0.511927 0.358202
v -0.199712 -0.511927 0.374154
v -0.213618 -0.503898 0.390075
v -0.248688 -0.483651 0.390075
v -0.189900 -0.488241 0.358202
v -0.189900 -0.488241 0.374154
v -0.205411 -0.484084 0.390075
v -0.244526 -0.473604 0.390075
v -0.186554 -0.462822 0.358202
v -0.186554 -0.462822 0.374154
v -0.202612 -0.462822 0.390075
v -0.243107 -0.462822 0.390075
v -0.189900 -0.437403 0.358202
v -0.189900 -0.437403 0.374154
v -0.205411 -0.441559 0.390075
v -0.244526 -0.452040 0.390075
v -0.199712 -0.413717 0.358202
v -0.199712 -0.413717 0.374154
v -0.213618 -0.421745 0.390075
v -0.248688 -0.441993 0.390075
v -0.215319 -0.393377 0.358202
v -0.215319 -0.393377 0.374154
v -0.226674 -0.404731 0.390075
v -0.255308 -0.433365 0.390075
v -0.235659 -0.377769 0.358202
v -0.235659 -0.377769 0.374154
v -0.243688 -0.391675 0.390075
v -0.263935 -0.426745 0.390075
v -0.259346 -0.367958 0.358202
v -0.259346 -0.367958 0.374154
v -0.263502 -0.383468 0.390075
v -0.273983 -0.422584 0.390075
v -0.284764 -0.364611 0.358202
v -0.284764 -0.364611 0.374154
v -0.284764 -0.380669 0.390075
v -0.284764 -0.421164 0.390075
v -0.310183 -0.367958 0.358202
v -0.310183 -0.367958 0.374155
v -0.306027 -0.383468 0.390075
v -0.295546 -0.422584 0.390075
v -0.333870 -0.377769 0.358202
v -0.333870 -0.377769 0.374155
v -0.325841 -0.391676 0.390075
v -0.305593 -0.426745 0.390075
v -0.354210 -0.393377 0.358202
v -0.354210 -0.393377 0.374155
v -0.342855 -0.404731 0.390075
v -0.314221 -0.433365 0.390075
v -0.369817 -0.413717 0.358202
v -0.369817 -0.413717 0.374155
v -0.355911 -0.421745 0.390075
v -0.320841 -0.441993 0.390075
v -0.369817 -0.511927 0.358202
v -0.369817 -0.511927 0.374155
v -0.314221 -0.433365 0.390075
v -0.311335 -0.436251 0.386950
v -0.303553 -0.430279 0.386950
v -0.305593 -0.426745 0.390075
v -0.248688 -0.483651 0.390075
v -0.252222 -0.481610 0.386950
v -0.258194 -0.489392 0.386950
v -0.255308 -0.492278 0.390075
v -0.248688 -0.441993 0.390075
v -0.252222 -0.444033 0.386950
v -0.248468 -0.453096 0.386950
v -0.244526 -0.452040 0.390075
v -0.314221 -0.492278 0.390075
v -0.311335 -0.489392 0.386950
v -0.317307 -0.481610 0.386950
v -0.320841 -0.483651 0.390075
v -0.284764 -0.421164 0.390075
v -0.284764 -0.425245 0.386950
v -0.275039 -0.426526 0.386950
v -0.273983 -0.422584 0.390075
v -0.273982 -0.503060 0.390075
v -0.275039 -0.499118 0.386950
v -0.320841 -0.441993 0.390075
v -0.317307 -0.444033 0.386950
v -0.244526 -0.473604 0.390075
v -0.248468 -0.472547 0.386950
v -0.255308 -0.433365 0.390075
v -0.258194 -0.436251 0.386950
v -0.305593 -0.498898 0.390075
v -0.303553 -0.495364 0.386950
v -0.295546 -0.422584 0.390075
v -0.294490 -0.426526 0.386950
v -0.263935 -0.498898 0.390075
v -0.265976 -0.495364 0.386950
v -0.325003 -0.452040 0.390075
v -0.321061 -0.453096 0.386950
v -0.243107 -0.462822 0.390075
v -0.247188 -0.462822 0.386950
v -0.325003 -0.473604 0.390075
v -0.321061 -0.472547 0.386950
v -0.322341 -0.462822 0.386950
v -0.326422 -0.462822 0.390075
v -0.263935 -0.426745 0.390075
v -0.265976 -0.430279 0.386950
v -0.302356 -0.472978 0.342282
v -0.302356 -0.472978 0.285657
v -0.299128 -0.477185 0.285657
v -0.299128 -0.477185 0.342282
v -0.279507 -0.443201 0.342282
v -0.279507 -0.443201 0.285657
v -0.284764 -0.442509 0.285656
v -0.284764 -0.442509 0.342282
v -0.284764 -0.483135 0.342282
v -0.284764 -0.483135 0.285657
v -0.279507 -0.482443 0.285657
v -0.279507 -0.482443 0.342282
v -0.299128 -0.448458 0.342282
v -0.299128 -0.448458 0.285657
v -0.302356 -0.452665 0.285657
v -0.302356 -0.452665 0.342282
v -0.267173 -0.472978 0.342282
v -0.267173 -0.472978 0.285657
v -0.265144 -0.468079 0.285657
v -0.265144 -0.468079 0.342282
v -0.270401 -0.448458 0.285657
v -0.270401 -0.448458 0.342282
v -0.294921 -0.480413 0.285657
v -0.294921 -0.480413 0.342282
v -0.290022 -0.443201 0.285657
v -0.290022 -0.443201 0.342282
v -0.274608 -0.480413 0.285657
v -0.274608 -0.480413 0.342282
v -0.304385 -0.457565 0.285657
v -0.304385 -0.457565 0.342282
v -0.264451 -0.462822 0.285657
v -0.264451 -0.462822 0.342282
v -0.305077 -0.462822 0.342282
v -0.305077 -0.462822 0.285657
v -0.304385 -0.468079 0.285657
v -0.304385 -0.468079 0.342282
v -0.274608 -0.445230 0.285657
v -0.274608 -0.445230 0.342282
v -0.290022 -0.482443 0.285657
v -0.290022 -0.482443 0.342282
v -0.294921 -0.445230 0.285657
v -0.294921 -0.445230 0.342282
v -0.270401 -0.477185 0.285657
v -0.270401 -0.477185 0.342282
v -0.380823 -0.462822 0.350242
v -0.377550 -0.487684 0.350242
v -0.380823 -0.462822 0.350242
v -0.374946 -0.462822 0.344415
v -0.371873 -0.486163 0.344415
v -0.377550 -0.487684 0.350242
v -0.377550 -0.487684 0.382115
v -0.380823 -0.462822 0.382115
v -0.377550 -0.487684 0.382115
v -0.371873 -0.486163 0.387942
v -0.374946 -0.462822 0.387942
v -0.380823 -0.462822 0.382115
v -0.367954 -0.510851 0.350242
v -0.362864 -0.507913 0.344415
v -0.367954 -0.510851 0.350242
v -0.367954 -0.510851 0.382115
v -0.367954 -0.510851 0.382115
v -0.362864 -0.507913 0.387942
v -0.352688 -0.530746 0.350242
v -0.348532 -0.526590 0.344415
v -0.352688 -0.530746 0.350242
v -0.352688 -0.530746 0.382115
v -0.352688 -0.530746 0.382115
v -0.348532 -0.526590 0.387942
v -0.332794 -0.546011 0.350242
v -0.329855 -0.540921 0.344415
v -0.332794 -0.546011 0.350242
v -0.332794 -0.546011 0.382115
v -0.332794 -0.546011 0.382115
v -0.329855 -0.540921 0.387942
v -0.309626 -0.555608 0.350242
v -0.308105 -0.549930 0.344415
v -0.309626 -0.555608 0.350242
v -0.309626 -0.555608 0.382115
v -0.309626 -0.555608 0.382115
v -0.308105 -0.549930 0.387942
v -0.284764 -0.558881 0.350242
v -0.284764 -0.553003 0.344415
v -0.284764 -0.558881 0.350242
v -0.284764 -0.558881 0.382115
v -0.284764 -0.558881 0.382115
v -0.284764 -0.553003 0.387942
v -0.259902 -0.555608 0.350242
v -0.261424 -0.549930 0.344415
v -0.259902 -0.555608 0.350242
v -0.259902 -0.555608 0.382115
v -0.259902 -0.555608 0.382115
v -0.261424 -0.549930 0.387942
v -0.236735 -0.546011 0.350242
v -0.239674 -0.540921 0.344415
v -0.236735 -0.546011 0.350242
v -0.236735 -0.546011 0.382115
v -0.236735 -0.546011 0.382115
v -0.239674 -0.540921 0.387942
v -0.216840 -0.530746 0.350242
v -0.220996 -0.526590 0.344415
v -0.216840 -0.530746 0.350242
v -0.216840 -0.530746 0.382115
v -0.216840 -0.530746 0.382115
v -0.220996 -0.526590 0.387942
v -0.201575 -0.510851 0.350242
v -0.206665 -0.507913 0.344415
v -0.201575 -0.510851 0.350242
v -0.201575 -0.510851 0.382115
v -0.201575 -0.510851 0.382115
v -0.206665 -0.507913 0.387942
v -0.191978 -0.487684 0.350242
v -0.197656 -0.486162 0.344415
v -0.191978 -0.487684 0.350242
v -0.191978 -0.487684 0.382115
v -0.191978 -0.487684 0.382115
v -0.197656 -0.486162 0.387942
v -0.188705 -0.462822 0.350242
v -0.194583 -0.462822 0.344415
v -0.188705 -0.462822 0.350242
v -0.188705 -0.462822 0.382115
v -0.188705 -0.462822 0.382115
v -0.194583 -0.462822 0.387942
v -0.191978 -0.437960 0.350242
v -0.197656 -0.439481 0.344415
v -0.191978 -0.437960 0.350242
v -0.191978 -0.437960 0.382115
v -0.191978 -0.437960 0.382115
v -0.197656 -0.439481 0.387942
v -0.201575 -0.414792 0.350242
v -0.206665 -0.417731 0.344415
v -0.201575 -0.414792 0.350242
v -0.201575 -0.414792 0.382115
v -0.201575 -0.414792 0.382115
v -0.206665 -0.417731 0.387942
v -0.216840 -0.394898 0.350242
v -0.220996 -0.399054 0.344415
v -0.216840 -0.394898 0.350242
v -0.216840 -0.394898 0.382115
v -0.216840 -0.394898 0.382115
v -0.220996 -0.399054 0.387942
v -0.236735 -0.379632 0.350242
v -0.239674 -0.384722 0.344415
v -0.236735 -0.379632 0.350242
v -0.236735 -0.379632 0.382115
v -0.236735 -0.379632 0.382115
v -0.239674 -0.384722 0.387942
v -0.259902 -0.370036 0.350242
v -0.261424 -0.375713 0.344415
v -0.259902 -0.370036 0.350242
v -0.259902 -0.370036 0.382115
v -0.259902 -0.370036 0.382115
v -0.261424 -0.375713 0.387942
v -0.284764 -0.366763 0.350242
v -0.284764 -0.372640 0.344415
v -0.284764 -0.366763 0.350242
v -0.284764 -0.366763 0.382115
v -0.284764 -0.366763 0.382115
v -0.284764 -0.372640 0.387942
v -0.309626 -0.370036 0.350242
v -0.308105 -0.375713 0.344415
v -0.309626 -0.370036 0.350242
v -0.309626 -0.370036 0.382115
v -0.309626 -0.370036 0.382115
v -0.308105 -0.375713 0.387942
v -0.332794 -0.379632 0.350242
v -0.329855 -0.384722 0.344415
v -0.332794 -0.379632 0.350242
v -0.332794 -0.379632 0.382115
v -0.332794 -0.379632 0.382115
v -0.329855 -0.384722 0.387942
v -0.352688 -0.394898 0.350242
v -0.348532 -0.399054 0.344415
v -0.352688 -0.394898 0.350242
v -0.352688 -0.394898 0.382115
v -0.352688 -0.394898 0.382115
v -0.348532 -0.399054 0.387942
v -0.367954 -0.414792 0.350242
v -0.362864 -0.417731 0.344415
v -0.367954 -0.414792 0.350242
v -0.367954 -0.414792 0.382115
v -0.367954 -0.414792 0.382115
v -0.362864 -0.417731 0.387942
v -0.377550 -0.437960 0.350242
v -0.371873 -0.439481 0.344415
v -0.377550 -0.437960 0.350242
v -0.377550 -0.437960 0.382115
v -0.377550 -0.437960 0.382115
v -0.371873 -0.439481 0.387942
v -0.380823 -0.462822 0.350242
v -0.380823 -0.462822 0.382115
v -0.380823 -0.462822 0.382115
v 0.439553 -0.514945 0.000000
v 0.439553 -0.514945 -0.011325
v 0.438306 -0.524416 -0.011325
v 0.438306 -0.524416 0.000000
v 0.443208 -0.542713 0.000000
v 0.443208 -0.542713 -0.011325
v 0.449024 -0.550292 -0.011325
v 0.449024 -0.550292 0.000000
v 0.456602 -0.556107 -0.011325
v 0.456602 -0.556107 0.000000
v 0.465428 -0.559763 -0.011325
v 0.465428 -0.559763 0.000000
v 0.474899 -0.561009 -0.011325
v 0.474899 -0.561009 0.000000
v 0.484370 -0.559763 -0.011325
v 0.484370 -0.559763 0.000000
v 0.493196 -0.556107 -0.011325
v 0.493196 -0.556107 0.000000
v 0.500774 -0.550292 -0.011325
v 0.500774 -0.550292 0.000000
v 0.506590 -0.542713 -0.011325
v 0.506590 -0.542713 0.000000
v 0.510245 -0.533887 -0.011325
v 0.510245 -0.533887 0.000000
v 0.511492 -0.524416 -0.011325
v 0.511492 -0.524416 0.000000
v 0.510245 -0.514945 -0.011325
v 0.510245 -0.514945 0.000000
v 0.506590 -0.506120 -0.011325
v 0.506590 -0.506120 0.000000
v 0.500774 -0.498541 -0.011325
v 0.500774 -0.498541 0.000000
v 0.493196 -0.492726 -0.011325
v 0.493196 -0.492726 0.000000
v 0.484370 -0.489070 -0.011325
v 0.484370 -0.489070 0.000000
v 0.474899 -0.487823 -0.011325
v 0.474899 -0.487823 0.000000
v 0.465428 -0.489070 -0.011325
v 0.465428 -0.489070 0.000000
v 0.456602 -0.492726 -0.011325
v 0.456602 -0.492726 0.000000
v 0.449024 -0.498541 -0.011325
v 0.449024 -0.498541 0.000000
v 0.443208 -0.506120 -0.011325
v 0.443208 -0.506120 0.000000
v 0.439553 -0.533887 0.000000
v 0.439553 -0.533887 -0.011325
v 0.464196 -0.513714 -0.018730
v 0.467331 -0.511308 -0.018730
v 0.468019 -0.512500 -0.016977
v 0.465169 -0.514687 -0.016977
v 0.438306 -0.524416 0.000000
v 0.438306 -0.524416 -0.011325
v 0.439330 -0.524416 -0.015027
v 0.440542 -0.533622 -0.015027
v 0.442063 -0.524416 -0.017738
v 0.443182 -0.532915 -0.017738
v 0.445774 -0.524416 -0.018730
v 0.446766 -0.531954 -0.018730
v 0.444095 -0.542201 -0.015027
v 0.446462 -0.540834 -0.017738
v 0.449676 -0.538979 -0.018730
v 0.449748 -0.549568 -0.015027
v 0.451680 -0.547635 -0.017738
v 0.454304 -0.545011 -0.018730
v 0.457114 -0.555220 -0.015027
v 0.458481 -0.552853 -0.017738
v 0.460336 -0.549639 -0.018730
v 0.465693 -0.558774 -0.015027
v 0.466400 -0.556133 -0.017738
v 0.467361 -0.552549 -0.018730
v 0.474899 -0.559986 -0.015027
v 0.474899 -0.557252 -0.017738
v 0.474899 -0.553541 -0.018730
v 0.484105 -0.558774 -0.015027
v 0.484105 -0.558774 -0.015027
v 0.483397 -0.556133 -0.017738
v 0.482437 -0.552549 -0.018730
v 0.492684 -0.555220 -0.015027
v 0.492684 -0.555220 -0.015027
v 0.491317 -0.552853 -0.017738
v 0.489461 -0.549639 -0.018730
v 0.500050 -0.549568 -0.015027
v 0.500050 -0.549568 -0.015027
v 0.498117 -0.547635 -0.017738
v 0.495493 -0.545011 -0.018730
v 0.505703 -0.542201 -0.015027
v 0.505703 -0.542201 -0.015027
v 0.503336 -0.540834 -0.017738
v 0.500122 -0.538979 -0.018730
v 0.509256 -0.533622 -0.015027
v 0.509256 -0.533622 -0.015027
v 0.506616 -0.532915 -0.017738
v 0.503032 -0.531954 -0.018730
v 0.510468 -0.524416 -0.015027
v 0.510468 -0.524416 -0.015027
v 0.507735 -0.524416 -0.017738
v 0.504024 -0.524416 -0.018730
v 0.509256 -0.515210 -0.015027
v 0.509256 -0.515210 -0.015027
v 0.506616 -0.515918 -0.017738
v 0.503032 -0.516878 -0.018730
v 0.505703 -0.506631 -0.015027
v 0.505703 -0.506631 -0.015027
v 0.503336 -0.507998 -0.017738
v 0.500122 -0.509854 -0.018730
v 0.500050 -0.499265 -0.015027
v 0.500050 -0.499265 -0.015027
v 0.498117 -0.501198 -0.017738
v 0.495493 -0.503822 -0.018730
v 0.492684 -0.493612 -0.015027
v 0.492684 -0.493612 -0.015027
v 0.491317 -0.495980 -0.017738
v 0.489461 -0.499193 -0.018730
v 0.484105 -0.490059 -0.015027
v 0.484105 -0.490059 -0.015027
v 0.483397 -0.492699 -0.017738
v 0.482437 -0.496284 -0.018730
v 0.474899 -0.488847 -0.015027
v 0.474899 -0.491580 -0.017738
v 0.474899 -0.495291 -0.018730
v 0.465693 -0.490059 -0.015027
v 0.466400 -0.492699 -0.017738
v 0.467361 -0.496284 -0.018730
v 0.457114 -0.493612 -0.015027
v 0.458481 -0.495980 -0.017738
v 0.460336 -0.499193 -0.018730
v 0.449748 -0.499265 -0.015027
v 0.451680 -0.501198 -0.017738
v 0.454304 -0.503822 -0.018730
v 0.444095 -0.506631 -0.015027
v 0.446462 -0.507998 -0.017738
v 0.449676 -0.509854 -0.018730
v 0.440542 -0.515210 -0.015027
v 0.443182 -0.515918 -0.017738
v 0.446766 -0.516878 -0.018730
v 0.439330 -0.524416 -0.015027
v 0.459763 -0.524416 -0.018730
v 0.460279 -0.528334 -0.018730
v 0.461791 -0.531984 -0.018730
v 0.464196 -0.535119 -0.018730
v 0.467331 -0.537524 -0.018730
v 0.470982 -0.539036 -0.018730
v 0.474899 -0.539552 -0.018730
v 0.478816 -0.539036 -0.018730
v 0.482467 -0.537524 -0.018730
v 0.485602 -0.535119 -0.018730
v 0.488007 -0.531984 -0.018730
v 0.489519 -0.528334 -0.018730
v 0.490035 -0.524416 -0.018730
v 0.489519 -0.520499 -0.018730
v 0.488007 -0.516848 -0.018730
v 0.485602 -0.513714 -0.018730
v 0.482467 -0.511308 -0.018730
v 0.478816 -0.509796 -0.018730
v 0.474899 -0.509280 -0.018730
v 0.470982 -0.509796 -0.018730
v 0.467331 -0.511308 -0.018730
v 0.464196 -0.513714 -0.018730
v 0.461791 -0.516848 -0.018730
v 0.460279 -0.520499 -0.018730
v 0.488007 -0.516848 -0.018730
v 0.489519 -0.520499 -0.018730
v 0.488190 -0.520855 -0.016977
v 0.486815 -0.517536 -0.016977
v 0.478816 -0.539036 -0.018730
v 0.474899 -0.539552 -0.018730
v 0.474899 -0.538176 -0.016977
v 0.478460 -0.537707 -0.016977
v 0.461791 -0.516848 -0.018730
v 0.462983 -0.517536 -0.016977
v 0.485602 -0.513714 -0.018730
v 0.484629 -0.514687 -0.016977
v 0.482467 -0.537524 -0.018730
v 0.481779 -0.536333 -0.016977
v 0.460279 -0.520499 -0.018730
v 0.461608 -0.520855 -0.016977
v 0.460279 -0.528334 -0.018730
v 0.459763 -0.524416 -0.018730
v 0.461139 -0.524416 -0.016977
v 0.461608 -0.527978 -0.016977
v 0.482467 -0.511308 -0.018730
v 0.481779 -0.512500 -0.016977
v 0.485602 -0.535119 -0.018730
v 0.484629 -0.534146 -0.016977
v 0.461791 -0.531984 -0.018730
v 0.462983 -0.531296 -0.016977
v 0.478816 -0.509796 -0.018730
v 0.478460 -0.511125 -0.016977
v 0.488007 -0.531984 -0.018730
v 0.486815 -0.531296 -0.016977
v 0.464196 -0.535119 -0.018730
v 0.465169 -0.534146 -0.016977
v 0.474899 -0.509280 -0.018730
v 0.474899 -0.510656 -0.016977
v 0.489519 -0.528334 -0.018730
v 0.488190 -0.527978 -0.016977
v 0.467331 -0.537524 -0.018730
v 0.468019 -0.536333 -0.016977
v 0.470982 -0.509796 -0.018730
v 0.471338 -0.511125 -0.016977
v 0.490035 -0.524416 -0.018730
v 0.488659 -0.524416 -0.016977
v 0.470982 -0.539036 -0.018730
v 0.471338 -0.537707 -0.016977
v 0.438306 -0.524416 0.011326
v 0.439553 -0.514945 0.011326
v 0.449024 -0.550292 0.011326
v 0.443208 -0.542713 0.011326
v 0.456602 -0.556107 0.011326
v 0.465428 -0.559763 0.011326
v 0.474899 -0.561009 0.011326
v 0.484370 -0.559763 0.011326
v 0.493196 -0.556107 0.011326
v 0.500774 -0.550292 0.011326
v 0.506590 -0.542713 0.011326
v 0.510245 -0.533887 0.011326
v 0.511492 -0.524416 0.011326
v 0.510245 -0.514945 0.011326
v 0.506590 -0.506120 0.011325
v 0.500774 -0.498541 0.011325
v 0.493196 -0.492726 0.011325
v 0.484370 -0.489070 0.011325
v 0.474899 -0.487823 0.011325
v 0.465428 -0.489070 0.011325
v 0.456602 -0.492726 0.011325
v 0.449024 -0.498541 0.011325
v 0.443208 -0.506120 0.011326
v 0.439553 -0.533887 0.011326
v 0.464196 -0.513714 0.018730
v 0.465169 -0.514687 0.016977
v 0.468019 -0.512500 0.016977
v 0.467331 -0.511308 0.018730
v 0.438306 -0.524416 0.011326
v 0.440542 -0.533622 0.015028
v 0.439330 -0.524416 0.015028
v 0.443182 -0.532915 0.017738
v 0.442063 -0.524416 0.017738
v 0.446766 -0.531954 0.018730
v 0.445774 -0.524416 0.018730
v 0.444095 -0.542201 0.015028
v 0.446462 -0.540834 0.017738
v 0.449676 -0.538979 0.018730
v 0.449748 -0.549568 0.015028
v 0.451680 -0.547635 0.017738
v 0.454304 -0.545011 0.018730
v 0.457114 -0.555220 0.015028
v 0.458481 -0.552853 0.017738
v 0.460336 -0.549639 0.018730
v 0.465693 -0.558774 0.015028
v 0.466400 -0.556133 0.017738
v 0.467361 -0.552549 0.018730
v 0.474899 -0.559986 0.015028
v 0.474899 -0.557252 0.017738
v 0.474899 -0.553541 0.018730
v 0.484105 -0.558774 0.015028
v 0.484105 -0.558774 0.015028
v 0.483397 -0.556133 0.017738
v 0.482437 -0.552549 0.018730
v 0.492684 -0.555220 0.015028
v 0.492684 -0.555220 0.015028
v 0.491317 -0.552853 0.017738
v 0.489461 -0.549639 0.018730
v 0.500050 -0.549568 0.015028
v 0.500050 -0.549568 0.015028
v 0.498117 -0.547635 0.017738
v 0.495493 -0.545011 0.018730
v 0.505703 -0.542201 0.015028
v 0.505703 -0.542201 0.015028
v 0.503336 -0.540834 0.017738
v 0.500122 -0.538979 0.018730
v 0.509256 -0.533622 0.015028
v 0.509256 -0.533622 0.015028
v 0.506616 -0.532915 0.017738
v 0.503032 -0.531954 0.018730
v 0.510468 -0.524416 0.015028
v 0.510468 -0.524416 0.015028
v 0.507735 -0.524416 0.017738
v 0.504024 -0.524416 0.018730
v 0.509256 -0.515210 0.015028
v 0.509256 -0.515210 0.015028
v 0.506616 -0.515918 0.017738
v 0.503032 -0.516878 0.018730
v 0.505703 -0.506631 0.015028
v 0.505703 -0.506631 0.015028
v 0.503336 -0.507998 0.017738
v 0.500122 -0.509854 0.018730
v 0.500050 -0.499265 0.015028
v 0.500050 -0.499265 0.015028
v 0.498117 -0.501198 0.017738
v 0.495493 -0.503822 0.018730
v 0.492684 -0.493612 0.015028
v 0.492684 -0.493612 0.015028
v 0.491317 -0.495980 0.017738
v 0.489461 -0.499193 0.018730
v 0.484105 -0.490059 0.015028
v 0.484105 -0.490059 0.015028
v 0.483397 -0.492699 0.017738
v 0.482437 -0.496284 0.018730
v 0.474899 -0.488847 0.015028
v 0.474899 -0.491580 0.017738
v 0.474899 -0.495291 0.018730
v 0.465693 -0.490059 0.015028
v 0.466400 -0.492699 0.017738
v 0.467361 -0.496284 0.018730
v 0.457114 -0.493612 0.015028
v 0.458481 -0.495980 0.017738
v 0.460336 -0.499193 0.018730
v 0.449748 -0.499265 0.015028
v 0.451680 -0.501198 0.017738
v 0.454304 -0.503822 0.018730
v 0.444095 -0.506631 0.015028
v 0.446462 -0.507998 0.017738
v 0.449676 -0.509854 0.018730
v 0.440542 -0.515210 0.015028
v 0.443182 -0.515918 0.017738
v 0.446766 -0.516878 0.018730
v 0.439330 -0.524416 0.015028
v 0.459763 -0.524416 0.018730
v 0.460279 -0.528334 0.018730
v 0.461791 -0.531984 0.018730
v 0.464196 -0.535119 0.018730
v 0.467331 -0.537524 0.018730
v 0.470982 -0.539036 0.018730
v 0.474899 -0.539552 0.018730
v 0.478816 -0.539036 0.018730
v 0.482467 -0.537524 0.018730
v 0.485602 -0.535119 0.018730
v 0.488007 -0.531984 0.018730
v 0.489519 -0.528334 0.018730
v 0.490035 -0.524416 0.018730
v 0.489519 -0.520499 0.018730
v 0.488007 -0.516848 0.018730
v 0.485602 -0.513714 0.018730
v 0.482467 -0.511308 0.018730
v 0.478816 -0.509796 0.018730
v 0.474899 -0.509280 0.018730
v 0.470982 -0.509796 0.018730
v 0.467331 -0.511308 0.018730
v 0.464196 -0.513714 0.018730
v 0.461791 -0.516848 0.018730
v 0.460279 -0.520499 0.018730
v 0.488007 -0.516848 0.018730
v 0.486815 -0.517536 0.016977
v 0.488190 -0.520855 0.016977
v 0.489519 -0.520499 0.018730
v 0.478816 -0.539036 0.018730
v 0.478460 -0.537707 0.016977
v 0.474899 -0.538176 0.016977
v 0.474899 -0.539552 0.018730
v 0.461791 -0.516848 0.018730
v 0.462983 -0.517536 0.016977
v 0.485602 -0.513714 0.018730
v 0.484629 -0.514687 0.016977
v 0.482467 -0.537524 0.018730
v 0.481779 -0.536333 0.016977
v 0.460279 -0.520499 0.018730
v 0.461608 -0.520855 0.016977
v 0.460279 -0.528334 0.018730
v 0.461608 -0.527978 0.016977
v 0.461139 -0.524416 0.016977
v 0.459763 -0.524416 0.018730
v 0.482467 -0.511308 0.018730
v 0.481779 -0.512500 0.016977
v 0.485602 -0.535119 0.018730
v 0.484629 -0.534146 0.016977
v 0.461791 -0.531984 0.018730
v 0.462983 -0.531296 0.016977
v 0.478816 -0.509796 0.018730
v 0.478460 -0.511125 0.016977
v 0.488007 -0.531984 0.018730
v 0.486815 -0.531296 0.016977
v 0.464196 -0.535119 0.018730
v 0.465169 -0.534146 0.016977
v 0.474899 -0.509280 0.018730
v 0.474899 -0.510656 0.016977
v 0.489519 -0.528334 0.018730
v 0.488190 -0.527978 0.016977
v 0.467331 -0.537524 0.018730
v 0.468019 -0.536333 0.016977
v 0.470982 -0.509796 0.018730
v 0.471338 -0.511125 0.016977
v 0.490035 -0.524416 0.018730
v 0.488659 -0.524416 0.016977
v 0.470982 -0.539036 0.018730
v 0.471338 -0.537707 0.016977
v 0.474899 -0.482075 0.000000
v 0.474899 -0.482075 -0.018345
v 0.464034 -0.483505 -0.018345
v 0.464034 -0.483505 0.000000
v 0.495887 -0.487698 0.000000
v 0.495887 -0.487698 -0.018345
v 0.485763 -0.483505 -0.018345
v 0.485763 -0.483505 0.000000
v 0.445217 -0.494370 0.000000
v 0.445217 -0.494370 -0.018345
v 0.438546 -0.503063 -0.018345
v 0.438546 -0.503063 0.000000
v 0.453910 -0.487698 -0.018345
v 0.453910 -0.487698 0.000000
v 0.504581 -0.494370 0.000000
v 0.504581 -0.494370 -0.018345
v 0.474899 -0.489852 -0.026056
v 0.474899 -0.527643 -0.026056
v 0.511252 -0.503063 -0.018345
v 0.510350 -0.503584 -0.022201
v 0.503827 -0.495123 -0.022201
v 0.508286 -0.505243 -0.025023
v 0.501815 -0.497136 -0.025023
v 0.495354 -0.488622 -0.022201
v 0.493931 -0.491087 -0.025023
v 0.485487 -0.484535 -0.022201
v 0.484751 -0.487284 -0.025023
v 0.474899 -0.483141 -0.022201
v 0.474899 -0.485987 -0.025023
v 0.464310 -0.484535 -0.022201
v 0.465047 -0.487284 -0.025023
v 0.454444 -0.488622 -0.022201
v 0.455867 -0.491087 -0.025023
v 0.445971 -0.495123 -0.022201
v 0.447983 -0.497136 -0.025023
v 0.439448 -0.503584 -0.022201
v 0.441512 -0.505243 -0.025023
v 0.511252 -0.503063 0.000000
v 0.464034 -0.483505 0.018346
v 0.474899 -0.482075 0.018346
v 0.485763 -0.483505 0.018346
v 0.495887 -0.487698 0.018346
v 0.438546 -0.503063 0.018346
v 0.445217 -0.494370 0.018346
v 0.453910 -0.487698 0.018346
v 0.504581 -0.494370 0.018346
v 0.474899 -0.489852 0.026056
v 0.474899 -0.527643 0.026056
v 0.503827 -0.495123 0.022201
v 0.510350 -0.503584 0.022201
v 0.511252 -0.503063 0.018346
v 0.501815 -0.497136 0.025023
v 0.508286 -0.505243 0.025023
v 0.495354 -0.488622 0.022201
v 0.493931 -0.491087 0.025023
v 0.485487 -0.484535 0.022201
v 0.484751 -0.487284 0.025023
v 0.474899 -0.483141 0.022201
v 0.474899 -0.485987 0.025023
v 0.464310 -0.484535 0.022201
v 0.465047 -0.487284 0.025023
v 0.454444 -0.488622 0.022201
v 0.455867 -0.491087 0.025023
v 0.445971 -0.495123 0.022201
v 0.447983 -0.497136 0.025023
v 0.439448 -0.503584 0.022201
v 0.441512 -0.505243 0.025023
v 0.474899 -0.486439 0.000000
v 0.465164 -0.487721 0.000000
v 0.465164 -0.487720 -0.017760
v 0.474899 -0.486439 -0.017760
v 0.493705 -0.491478 0.000000
v 0.484634 -0.487721 0.000000
v 0.484634 -0.487720 -0.017760
v 0.493705 -0.491478 -0.017760
v 0.448303 -0.497456 0.000000
v 0.441979 -0.505697 0.000000
v 0.441978 -0.505700 -0.017776
v 0.448302 -0.497456 -0.017763
v 0.456093 -0.491478 0.000000
v 0.456092 -0.491478 -0.017760
v 0.501495 -0.497456 0.000000
v 0.501496 -0.497456 -0.017763
v 0.474899 -0.490467 -0.021733
v 0.474899 -0.527643 -0.021728
v 0.501063 -0.497899 -0.019985
v 0.507277 -0.505967 -0.019997
v 0.507820 -0.505700 -0.017776
v 0.500177 -0.498802 -0.021190
v 0.506455 -0.506709 -0.021209
v 0.493398 -0.492010 -0.019965
v 0.493398 -0.492010 -0.019965
v 0.492778 -0.493084 -0.021170
v 0.484475 -0.488313 -0.019965
v 0.484475 -0.488313 -0.019965
v 0.484154 -0.489512 -0.021170
v 0.474899 -0.487053 -0.019965
v 0.474899 -0.487053 -0.019965
v 0.474899 -0.488294 -0.021170
v 0.465323 -0.488313 -0.019965
v 0.465323 -0.488313 -0.019965
v 0.465644 -0.489512 -0.021170
v 0.456399 -0.492010 -0.019965
v 0.456399 -0.492010 -0.019965
v 0.457020 -0.493084 -0.021170
v 0.448735 -0.497899 -0.019985
v 0.449621 -0.498802 -0.021190
v 0.442520 -0.505967 -0.019996
v 0.443343 -0.506709 -0.021209
v 0.507819 -0.505697 0.000000
v 0.474899 -0.486439 0.017760
v 0.465164 -0.487720 0.017760
v 0.493705 -0.491478 0.017760
v 0.484634 -0.487720 0.017760
v 0.448302 -0.497456 0.017763
v 0.441978 -0.505700 0.017776
v 0.456092 -0.491478 0.017760
v 0.501496 -0.497456 0.017763
v 0.474899 -0.490467 0.021733
v 0.474899 -0.527643 0.021729
v 0.507820 -0.505700 0.017776
v 0.507277 -0.505967 0.019997
v 0.501063 -0.497899 0.019985
v 0.506455 -0.506709 0.021209
v 0.500177 -0.498802 0.021191
v 0.493398 -0.492010 0.019965
v 0.493398 -0.492010 0.019965
v 0.492778 -0.493084 0.021170
v 0.484475 -0.488313 0.019965
v 0.484475 -0.488313 0.019965
v 0.484154 -0.489512 0.021170
v 0.474899 -0.487053 0.019965
v 0.474899 -0.487053 0.019965
v 0.474899 -0.488294 0.021170
v 0.465323 -0.488313 0.019965
v 0.465323 -0.488313 0.019965
v 0.465644 -0.489512 0.021170
v 0.456399 -0.492010 0.019965
v 0.456399 -0.492010 0.019965
v 0.457020 -0.493084 0.021170
v 0.448735 -0.497899 0.019985
v 0.449621 -0.498802 0.021191
v 0.442520 -0.505967 0.019997
v 0.443343 -0.506709 0.021209
v 0.510350 -0.503584 -0.022201
v 0.511252 -0.503063 -0.018345
v 0.507820 -0.505700 -0.017776
v 0.507277 -0.505967 -0.019997
v 0.508286 -0.505243 -0.025023
v 0.506455 -0.506709 -0.021209
v 0.505505 -0.506982 -0.026056
v 0.504994 -0.507414 -0.021735
v 0.438546 -0.503063 -0.018345
v 0.439448 -0.503584 -0.022201
v 0.442520 -0.505967 -0.019996
v 0.441978 -0.505700 -0.017776
v 0.441512 -0.505243 -0.025023
v 0.443343 -0.506709 -0.021209
v 0.444293 -0.506982 -0.026056
v 0.444804 -0.507414 -0.021735
v 0.511252 -0.503063 0.000000
v 0.507819 -0.505697 0.000000
v 0.471275 -0.526776 -0.026056
v 0.472971 -0.527389 -0.026056
v 0.472971 -0.527389 -0.021728
v 0.471275 -0.526776 -0.021728
v 0.476827 -0.527389 -0.026056
v 0.478523 -0.526776 -0.026056
v 0.478523 -0.526776 -0.021728
v 0.476827 -0.527389 -0.021728
v 0.474899 -0.527643 -0.026056
v 0.474899 -0.527643 -0.021728
v 0.438546 -0.503063 0.000000
v 0.441979 -0.505697 0.000000
v 0.511252 -0.503063 0.018346
v 0.510350 -0.503584 0.022201
v 0.507277 -0.505967 0.019997
v 0.507820 -0.505700 0.017776
v 0.508286 -0.505243 0.025023
v 0.506455 -0.506709 0.021209
v 0.505505 -0.506982 0.026056
v 0.504994 -0.507414 0.021735
v 0.439448 -0.503584 0.022201
v 0.438546 -0.503063 0.018346
v 0.441978 -0.505700 0.017776
v 0.442520 -0.505967 0.019997
v 0.441512 -0.505243 0.025023
v 0.443343 -0.506709 0.021209
v 0.444293 -0.506982 0.026056
v 0.444804 -0.507414 0.021735
v 0.472971 -0.527389 0.026056
v 0.471275 -0.526776 0.026056
v 0.471275 -0.526776 0.021729
v 0.472971 -0.527389 0.021729
v 0.478523 -0.526776 0.026056
v 0.476827 -0.527389 0.026056
v 0.476827 -0.527389 0.021729
v 0.478523 -0.526776 0.021729
v 0.474899 -0.527643 0.026056
v 0.474899 -0.527643 0.021729
v -0.307497 0.034238 -0.314185
v -0.308299 0.040329 -0.314185
v -0.307497 0.046420 -0.314185
v -0.305146 0.052096 -0.314185
v -0.301406 0.056970 -0.314185
v -0.296531 0.060710 -0.314185
v -0.290855 0.063061 -0.314185
v -0.284764 0.063863 -0.314185
v -0.278673 0.063061 -0.314185
v -0.272997 0.060710 -0.314185
v -0.268123 0.056970 -0.314185
v -0.264383 0.052096 -0.314185
v -0.262032 0.046420 -0.314185
v -0.261230 0.040329 -0.314185
v -0.262032 0.034238 -0.314185
v -0.264383 0.028562 -0.314185
v -0.268123 0.023688 -0.314185
v -0.272997 0.019948 -0.314185
v -0.278673 0.017597 -0.314185
v -0.284764 0.016795 -0.314185
v -0.290855 0.017597 -0.314185
v -0.296531 0.019948 -0.314185
v -0.301406 0.023688 -0.314185
v -0.305146 0.028562 -0.314185
v -0.278673 0.017597 0.314185
v -0.272997 0.019948 0.314185
v -0.268123 0.023688 0.314185
v -0.264383 0.028562 0.314185
v -0.262032 0.034238 0.314185
v -0.261230 0.040329 0.314185
v -0.262032 0.046420 0.314185
v -0.264383 0.052096 0.314184
v -0.268123 0.056970 0.314184
v -0.272997 0.060710 0.314184
v -0.278673 0.063062 0.314184
v -0.284764 0.063863 0.314184
v -0.290855 0.063062 0.314184
v -0.296531 0.060710 0.314184
v -0.301406 0.056970 0.314185
v -0.305146 0.052096 0.314185
v -0.307497 0.046420 0.314185
v 0.461608 -0.527978 -0.016977
v 0.461139 -0.524416 -0.016977
v 0.461608 -0.520855 -0.016977
v 0.462983 -0.517536 -0.016977
v 0.465169 -0.514687 -0.016977
v 0.468019 -0.512500 -0.016977
v 0.471338 -0.511125 -0.016977
v 0.474899 -0.510656 -0.016977
v 0.478460 -0.511125 -0.016977
v 0.481779 -0.512500 -0.016977
v 0.484629 -0.514687 -0.016977
v 0.486815 -0.517536 -0.016977
v 0.488190 -0.520855 -0.016977
v 0.488659 -0.524416 -0.016977
v 0.488190 -0.527978 -0.016977
v 0.486815 -0.531296 -0.016977
v 0.484629 -0.534146 -0.016977
v 0.481779 -0.536333 -0.016977
v 0.478460 -0.537707 -0.016977
v 0.474899 -0.538176 -0.016977
v 0.471338 -0.537707 -0.016977
v 0.468019 -0.536333 -0.016977
v 0.465169 -0.534146 -0.016977
v 0.462983 -0.531296 -0.016977
v 0.461608 -0.527978 0.016977
v 0.462983 -0.531296 0.016977
v 0.465169 -0.534146 0.016977
v 0.468019 -0.536333 0.016977
v 0.471338 -0.537707 0.016977
v 0.474899 -0.538176 0.016977
v 0.478460 -0.537707 0.016977
v 0.481779 -0.536333 0.016977
v 0.484629 -0.534146 0.016977
v 0.486815 -0.531296 0.016977
v 0.488190 -0.527978 0.016977
v 0.488659 -0.524416 0.016977
v 0.488190 -0.520855 0.016977
v 0.486815 -0.517536 0.016977
v 0.484629 -0.514687 0.016977
v 0.481779 -0.512500 0.016977
v 0.478460 -0.511125 0.016977
v 0.474899 -0.510656 0.016977
v 0.471338 -0.511125 0.016977
v 0.468019 -0.512500 0.016977
v 0.465169 -0.514687 0.016977
v 0.462983 -0.517536 0.016977
v 0.461608 -0.520855 0.016977
v 0.461139 -0.524416 0.016977
vn -0.0000 -0.0000 -1.0000
vn -0.0000 -0.0000 1.0000
vn -0.1167 0.0989 -0.9882
vn -0.0988 0.1034 -0.9897
vn 0.0988 0.1034 -0.9897
vn 0.1167 0.0989 -0.9882
vn -0.0365 0.1361 -0.9900
vn -0.0704 0.1220 -0.9900
vn 0.0704 0.1220 -0.9900
vn 0.0365 0.1361 -0.9900
vn -0.1167 0.0989 0.9882
vn -0.0988 0.1034 0.9897
vn 0.0988 0.1034 0.9897
vn 0.1167 0.0989 0.9882
vn -0.0365 0.1361 0.9900
vn -0.0704 0.1220 0.9900
vn 0.0704 0.1220 0.9900
vn 0.0365 0.1361 0.9900
vn 0.1178 -0.1001 0.9880
vn -0.0000 0.0001 1.0000
vn 0.0962 -0.1006 0.9903
vn -0.0962 -0.1006 0.9903
vn -0.1178 -0.1001 0.9880
vn 0.0353 -0.1321 0.9906
vn 0.0677 -0.1177 0.9907
vn -0.0677 -0.1177 0.9907
vn -0.0353 -0.1317 0.9907
vn 0.1178 -0.1001 -0.9880
vn 0.0962 -0.1006 -0.9903
vn -0.0000 0.0001 -1.0000
vn -0.0961 -0.1006 -0.9903
vn -0.1178 -0.1001 -0.9880
vn 0.0353 -0.1317 -0.9907
vn 0.0677 -0.1177 -0.9907
vn -0.0676 -0.1177 -0.9907
vn -0.0353 -0.1317 -0.9907
vn 0.5033 -0.0000 0.8641
vn 0.1318 -0.0000 0.9913
vn 0.9916 -0.0000 -0.1293
vn 0.9832 -0.1302 -0.1282
vn 0.8602 -0.1323 -0.4925
vn 0.8679 -0.0000 -0.4967
vn -0.8679 -0.0000 0.4967
vn -0.8602 -0.1323 0.4925
vn -0.4987 -0.1329 0.8565
vn -0.5033 -0.0000 0.8641
vn 0.8679 -0.0000 0.4968
vn 0.8679 -0.0001 0.4968
vn 0.9916 -0.0000 0.1293
vn -0.1306 -0.1314 0.9827
vn -0.1318 -0.0000 0.9913
vn -0.9916 -0.0000 0.1293
vn -0.9916 -0.0000 -0.1293
vn 0.5033 -0.0000 -0.8641
vn 0.4987 -0.1329 -0.8565
vn 0.1306 -0.1314 -0.9827
vn 0.1318 -0.0000 -0.9913
vn -0.9832 -0.1302 0.1282
vn -0.5033 -0.0000 -0.8641
vn -0.4987 -0.1329 -0.8565
vn -0.8602 -0.1323 -0.4925
vn -0.8679 -0.0000 -0.4967
vn -0.1318 -0.0000 -0.9913
vn -0.1306 -0.1314 -0.9827
vn -0.9832 -0.1302 -0.1282
vn 0.8679 -0.0000 0.4967
vn 0.1272 -0.9892 0.0725
vn 0.1387 -0.9902 0.0181
vn 0.5085 -0.8585 0.0663
vn 0.4504 -0.8550 0.2573
vn 0.8623 -0.4938 0.1124
vn 0.7546 -0.4939 0.4320
vn 0.9832 -0.1302 0.1282
vn 0.8602 -0.1323 0.4924
vn 0.0737 -0.9893 0.1260
vn 0.2607 -0.8558 0.4469
vn 0.4371 -0.4953 0.7507
vn 0.8602 -0.1323 0.4925
vn 0.4987 -0.1329 0.8565
vn 0.0183 -0.9903 0.1376
vn 0.0672 -0.8602 0.5055
vn 0.1144 -0.4967 0.8604
vn 0.1306 -0.1314 0.9827
vn -0.1387 -0.9902 0.0181
vn -0.1272 -0.9892 0.0725
vn -0.4504 -0.8550 0.2573
vn -0.5085 -0.8585 0.0663
vn -0.7546 -0.4939 0.4320
vn -0.8623 -0.4938 0.1124
vn -0.0737 -0.9893 0.1260
vn -0.2607 -0.8558 0.4469
vn -0.4371 -0.4953 0.7507
vn -0.0183 -0.9903 0.1376
vn -0.0672 -0.8602 0.5055
vn -0.1144 -0.4967 0.8604
vn -0.0183 -0.9903 -0.1376
vn -0.0737 -0.9893 -0.1260
vn -0.2607 -0.8558 -0.4469
vn -0.0672 -0.8602 -0.5055
vn -0.4371 -0.4953 -0.7507
vn -0.1144 -0.4967 -0.8604
vn -0.1272 -0.9892 -0.0725
vn -0.4504 -0.8550 -0.2573
vn -0.7546 -0.4939 -0.4320
vn -0.1387 -0.9902 -0.0181
vn -0.5085 -0.8585 -0.0663
vn -0.8623 -0.4938 -0.1124
vn 0.1387 -0.9902 -0.0181
vn 0.1272 -0.9892 -0.0725
vn 0.4504 -0.8550 -0.2573
vn 0.5085 -0.8585 -0.0663
vn 0.7546 -0.4939 -0.4320
vn 0.8623 -0.4938 -0.1124
vn 0.0737 -0.9893 -0.1260
vn 0.2607 -0.8558 -0.4469
vn 0.4371 -0.4953 -0.7507
vn 0.0183 -0.9903 -0.1376
vn 0.0672 -0.8602 -0.5055
vn 0.1144 -0.4967 -0.8604
vn -0.4946 -0.0007 -0.8691
vn -0.1219 -0.0006 -0.9925
vn -0.1219 -0.0000 -0.9925
vn -0.4946 -0.0000 -0.8691
vn -0.9928 -0.0009 0.1195
vn -0.8727 -0.0007 0.4882
vn -0.8665 0.1167 0.4854
vn -0.9864 0.1132 0.1191
vn 0.8727 -0.0007 -0.4882
vn 0.4946 -0.0007 -0.8691
vn 0.4915 0.1170 -0.8630
vn 0.8665 0.1167 -0.4854
vn -0.8727 -0.0000 -0.4882
vn -0.9928 -0.0006 0.1195
vn -0.9928 -0.0007 -0.1195
vn -0.9928 -0.0000 -0.1195
vn -0.9928 -0.0000 0.1195
vn 0.1219 -0.0007 -0.9925
vn 0.1215 0.1142 -0.9860
vn 0.1219 -0.0008 -0.9925
vn 0.1219 -0.0000 -0.9925
vn 0.9928 -0.0006 -0.1195
vn 0.9928 -0.0007 0.1195
vn 0.9928 -0.0000 0.1195
vn 0.9928 -0.0000 -0.1195
vn -0.4946 -0.0006 0.8691
vn -0.1219 -0.0009 0.9925
vn -0.1213 0.1145 0.9860
vn -0.4913 0.1175 0.8630
vn 0.9928 -0.0009 -0.1195
vn 0.9864 0.1134 -0.1192
vn 0.4946 -0.0008 0.8691
vn 0.8727 -0.0008 0.4882
vn 0.8665 0.1165 0.4854
vn 0.4915 0.1172 0.8629
vn 0.1219 -0.0009 0.9925
vn 0.1214 0.1143 0.9860
vn 0.9928 -0.0010 0.1195
vn 0.9864 0.1131 0.1192
vn 0.1219 -0.0007 0.9925
vn -0.1219 -0.0006 0.9925
vn -0.1219 -0.0000 0.9925
vn 0.1219 -0.0000 0.9925
vn -0.8728 -0.0007 -0.4881
vn -0.8728 -0.0000 -0.4881
vn -0.1015 0.9932 -0.0564
vn -0.4250 0.8734 -0.2380
vn -0.2073 0.9779 -0.0258
vn -0.1127 0.9935 -0.0138
vn -0.5875 0.7383 -0.3314
vn -0.6861 0.7225 -0.0846
vn -0.6862 0.7225 -0.0840
vn -0.8479 0.2376 -0.4740
vn -0.8665 0.1166 -0.4853
vn -0.9864 0.1131 -0.1192
vn -0.9666 0.2281 -0.1168
vn -0.0575 0.9933 -0.1003
vn -0.2411 0.8741 -0.4217
vn -0.3339 0.7400 -0.5839
vn -0.4808 0.2388 -0.8437
vn -0.4915 0.1172 -0.8629
vn -0.8665 0.1166 -0.4854
vn -0.8478 0.2376 -0.4741
vn -0.0139 0.9936 -0.1117
vn -0.0255 0.9784 -0.2050
vn -0.0854 0.7259 -0.6825
vn -0.0856 0.7259 -0.6824
vn -0.1189 0.2301 -0.9659
vn -0.1214 0.1144 -0.9860
vn 0.1127 0.9935 -0.0138
vn 0.2070 0.9780 -0.0253
vn 0.4250 0.8734 -0.2380
vn 0.1014 0.9932 -0.0566
vn 0.6862 0.7225 -0.0840
vn 0.6861 0.7225 -0.0846
vn 0.5875 0.7383 -0.3314
vn 0.9667 0.2280 -0.1166
vn 0.8478 0.2376 -0.4740
vn 0.2411 0.8741 -0.4217
vn 0.0576 0.9933 -0.1005
vn 0.3338 0.7400 -0.5839
vn 0.4806 0.2390 -0.8437
vn 0.0259 0.9784 -0.2053
vn 0.0141 0.9936 -0.1119
vn 0.0856 0.7259 -0.6824
vn 0.0854 0.7259 -0.6825
vn 0.1190 0.2305 -0.9658
vn 0.0136 0.9936 0.1119
vn 0.0255 0.9784 0.2050
vn 0.2411 0.8741 0.4217
vn 0.0575 0.9933 0.1004
vn 0.0854 0.7259 0.6825
vn 0.0856 0.7259 0.6824
vn 0.3338 0.7400 0.5839
vn 0.1190 0.2304 0.9658
vn 0.4807 0.2387 0.8438
vn 0.4250 0.8734 0.2379
vn 0.1015 0.9932 0.0564
vn 0.5875 0.7383 0.3314
vn 0.8478 0.2379 0.4739
vn 0.2071 0.9780 0.0255
vn 0.1127 0.9935 0.0138
vn 0.6861 0.7226 0.0846
vn 0.6862 0.7225 0.0840
vn 0.9666 0.2283 0.1167
vn -0.1127 0.9935 0.0137
vn -0.2070 0.9780 0.0253
vn -0.4250 0.8734 0.2379
vn -0.1014 0.9932 0.0566
vn -0.6863 0.7225 0.0840
vn -0.6861 0.7226 0.0846
vn -0.5875 0.7383 0.3314
vn -0.9667 0.2280 0.1166
vn -0.8478 0.2378 0.4741
vn -0.2411 0.8741 0.4217
vn -0.0574 0.9933 0.1004
vn -0.3338 0.7400 0.5839
vn -0.4806 0.2390 0.8437
vn -0.0259 0.9784 0.2053
vn -0.0141 0.9936 0.1119
vn -0.0856 0.7259 0.6824
vn -0.0854 0.7259 0.6825
vn -0.1190 0.2304 0.9658
vn -0.8728 -0.0013 -0.4881
vn -0.9928 -0.0010 -0.1195
vn 0.8727 -0.0000 0.4882
vn 0.8727 -0.0006 0.4882
vn -0.8727 -0.0000 0.4882
vn -0.4946 -0.0000 0.8691
vn -0.4946 -0.0007 0.8691
vn 0.4946 -0.0000 0.8691
vn 0.4946 -0.0005 0.8691
vn 0.8727 -0.0000 -0.4882
vn -0.1219 -0.0008 -0.9925
vn 0.4946 -0.0000 -0.8691
vn 0.4946 -0.0005 -0.8691
vn -0.8727 -0.0007 -0.4882
vn -0.0000 1.0000 -0.0000
vn -0.7342 -0.0000 0.6789
vn -0.7342 -0.0000 -0.6789
vn -0.7093 -0.1898 -0.6789
vn -0.7092 -0.1900 0.6789
vn -0.6358 -0.3672 -0.6789
vn -0.6359 -0.3671 0.6789
vn -0.5192 -0.5192 -0.6789
vn -0.5192 -0.5192 0.6789
vn -0.3671 -0.6359 -0.6789
vn -0.3671 -0.6359 0.6789
vn -0.1900 -0.7092 -0.6789
vn -0.1900 -0.7092 0.6789
vn -0.0000 -0.7342 -0.6789
vn -0.0000 -0.7342 0.6789
vn 0.1900 -0.7092 -0.6789
vn 0.1901 -0.7092 0.6789
vn 0.3671 -0.6359 -0.6789
vn 0.3672 -0.6358 0.6789
vn 0.5192 -0.5192 -0.6789
vn 0.5191 -0.5192 0.6789
vn 0.6358 -0.3671 -0.6789
vn 0.6359 -0.3671 0.6789
vn 0.7092 -0.1901 -0.6789
vn 0.7092 -0.1900 0.6789
vn 0.7342 -0.0000 -0.6789
vn 0.7342 -0.0000 0.6789
vn 0.7092 0.1900 -0.6789
vn 0.7092 0.1901 0.6789
vn 0.6359 0.3671 -0.6789
vn 0.6358 0.3671 0.6789
vn 0.5191 0.5192 -0.6789
vn 0.5192 0.5191 0.6789
vn 0.3670 0.6359 -0.6789
vn 0.3671 0.6359 0.6789
vn 0.1900 0.7092 -0.6789
vn 0.1901 0.7092 0.6789
vn -0.0000 0.7342 -0.6789
vn -0.0000 0.7342 0.6789
vn -0.1899 0.7092 -0.6789
vn -0.1901 0.7092 0.6789
vn -0.3670 0.6359 -0.6789
vn -0.3671 0.6359 0.6789
vn -0.5192 0.5191 -0.6789
vn -0.5191 0.5192 0.6789
vn -0.6359 0.3670 -0.6789
vn -0.6358 0.3671 0.6789
vn -0.7092 0.1900 -0.6789
vn -0.7092 0.1900 0.6789
vn -0.7342 0.0001 -0.6789
vn -0.7343 -0.6789 -0.0000
vn -0.7343 0.6789 -0.0000
vn -0.7092 0.6789 -0.1900
vn -0.7092 -0.6789 -0.1900
vn -0.6359 0.6789 -0.3671
vn -0.6359 -0.6789 -0.3671
vn -0.5192 0.6789 -0.5192
vn -0.5192 -0.6789 -0.5192
vn -0.3671 0.6789 -0.6359
vn -0.3671 -0.6789 -0.6359
vn -0.1900 0.6789 -0.7092
vn -0.1900 -0.6789 -0.7092
vn -0.0000 0.6789 -0.7343
vn -0.0000 -0.6789 -0.7343
vn 0.1900 0.6789 -0.7092
vn 0.1900 -0.6789 -0.7092
vn 0.3671 0.6789 -0.6359
vn 0.3671 -0.6789 -0.6359
vn 0.5192 0.6789 -0.5192
vn 0.5192 -0.6789 -0.5192
vn 0.6359 0.6789 -0.3671
vn 0.6359 -0.6789 -0.3671
vn 0.7092 0.6789 -0.1900
vn 0.7092 -0.6789 -0.1900
vn 0.7343 0.6789 -0.0000
vn 0.7343 -0.6789 -0.0000
vn 0.7092 0.6789 0.1900
vn 0.7092 -0.6789 0.1900
vn 0.6359 0.6789 0.3671
vn 0.6359 -0.6789 0.3671
vn 0.5192 0.6789 0.5192
vn 0.5192 -0.6789 0.5192
vn 0.3671 0.6789 0.6359
vn 0.3671 -0.6789 0.6359
vn 0.1900 0.6789 0.7092
vn 0.1900 -0.6789 0.7092
vn -0.0000 0.6789 0.7343
vn -0.0000 -0.6789 0.7343
vn -0.1900 0.6789 0.7092
vn -0.1900 -0.6789 0.7092
vn -0.3671 0.6789 0.6359
vn -0.3671 -0.6789 0.6359
vn -0.5192 0.6789 0.5192
vn -0.5192 -0.6789 0.5192
vn -0.6359 0.6789 0.3671
vn -0.6359 -0.6789 0.3671
vn -0.7092 0.6789 0.1900
vn -0.7092 -0.6789 0.1900
vn -1.0000 -0.0000 -0.0000
vn -0.9951 -0.0988 -0.0000
vn -0.9610 -0.0954 -0.2597
vn -0.9659 -0.0000 -0.2588
vn -0.8608 -0.0854 -0.5017
vn -0.8660 -0.0000 -0.5000
vn -0.7013 -0.0694 -0.7095
vn -0.7071 -0.0000 -0.7071
vn -0.4932 -0.0485 -0.8686
vn -0.5000 -0.0000 -0.8660
vn -0.2511 -0.0242 -0.9677
vn -0.2588 -0.0000 -0.9659
vn 0.0082 0.0016 -1.0000
vn 0.2663 0.0272 -0.9635
vn 0.2588 -0.0000 -0.9659
vn 0.5053 0.0505 -0.8614
vn 0.5000 -0.0000 -0.8660
vn 0.7093 0.0702 -0.7014
vn 0.7071 -0.0000 -0.7071
vn 0.8648 0.0850 -0.4948
vn 0.8660 -0.0000 -0.5000
vn 0.9622 0.0941 -0.2557
vn 0.9659 -0.0000 -0.2588
vn 0.9953 0.0972 -0.0000
vn 1.0000 -0.0000 -0.0000
vn 0.9622 0.0941 0.2557
vn 0.9659 -0.0000 0.2588
vn 0.8648 0.0850 0.4948
vn 0.8660 -0.0000 0.5000
vn 0.7093 0.0702 0.7014
vn 0.7071 -0.0000 0.7071
vn 0.5053 0.0505 0.8614
vn 0.5000 -0.0000 0.8660
vn 0.2663 0.0272 0.9635
vn 0.2588 -0.0000 0.9659
vn 0.0082 0.0016 1.0000
vn -0.2511 -0.0242 0.9677
vn -0.2588 -0.0000 0.9659
vn -0.4932 -0.0485 0.8686
vn -0.5000 -0.0000 0.8660
vn -0.7013 -0.0694 0.7095
vn -0.7071 -0.0000 0.7071
vn -0.8608 -0.0854 0.5017
vn -0.8660 -0.0000 0.5000
vn -0.7962 -0.3298 -0.5072
vn -0.6456 -0.2674 -0.7153
vn -0.9610 -0.0954 0.2597
vn -0.9659 -0.0000 0.2588
vn 0.8682 0.0388 0.4947
vn 0.7093 0.0555 0.7027
vn 0.7137 0.2165 0.6662
vn 0.8717 0.1515 0.4661
vn 0.2556 -0.2988 -0.9195
vn 0.4944 -0.2686 -0.8267
vn 0.4944 -0.5109 -0.7032
vn 0.2556 -0.5683 -0.7821
vn -0.2597 0.0762 0.9627
vn -0.5017 0.0682 0.8624
vn -0.5057 0.2666 0.8205
vn -0.2621 0.2982 0.9178
vn -0.8625 -0.0401 -0.5044
vn -0.7028 -0.0560 -0.7092
vn -0.7007 -0.2205 -0.6786
vn -0.8604 -0.1575 -0.4847
vn 0.2565 -0.0754 -0.9636
vn 0.4961 -0.0680 -0.8656
vn -1.0000 -0.0010 -0.0065
vn -0.9641 -0.0214 -0.2648
vn -0.9626 -0.0837 -0.2576
vn -0.9999 -0.0040 -0.0124
vn 1.0000 -0.0010 -0.0065
vn 0.9674 0.0195 0.2526
vn 0.9691 0.0762 0.2345
vn 0.9999 -0.0040 -0.0124
vn 0.2597 0.0762 0.9627
vn -0.0000 0.0790 0.9969
vn -0.0000 0.3090 0.9511
vn 0.2621 0.2982 0.9178
vn -0.8682 0.0389 0.4947
vn -0.9674 0.0195 0.2526
vn -0.9691 0.0762 0.2345
vn -0.8717 0.1514 0.4661
vn -0.2565 -0.0754 -0.9636
vn -0.0000 -0.0780 -0.9970
vn -0.0000 -0.3090 -0.9511
vn -0.2556 -0.2988 -0.9195
vn 0.8625 -0.0401 -0.5044
vn 0.9641 -0.0214 -0.2648
vn 0.9626 -0.0837 -0.2577
vn 0.8604 -0.1575 -0.4847
vn 0.5017 0.0682 0.8623
vn 0.5057 0.2666 0.8205
vn -0.7093 0.0555 0.7027
vn -0.7137 0.2165 0.6662
vn -0.4961 -0.0680 -0.8656
vn -0.4944 -0.2686 -0.8267
vn 0.7028 -0.0560 -0.7092
vn 0.7007 -0.2205 -0.6786
vn 0.9626 -0.1592 -0.2192
vn 0.9999 -0.0077 -0.0106
vn 0.9999 -0.0106 -0.0077
vn 0.9626 -0.2192 -0.1592
vn -0.9691 0.1449 0.1995
vn -0.8717 0.2881 0.3965
vn -0.9626 -0.1592 -0.2192
vn -0.9999 -0.0077 -0.0106
vn 0.5057 0.5071 0.6979
vn 0.7137 0.4117 0.5667
vn 0.7007 -0.4194 -0.5772
vn -0.8604 -0.2996 -0.4123
vn 0.2621 0.5672 0.7807
vn 0.8604 -0.2996 -0.4123
vn -0.7007 -0.4194 -0.5772
vn -0.0000 0.5878 0.8090
vn -0.4944 -0.5109 -0.7032
vn -0.2621 0.5672 0.7807
vn -0.2556 -0.5683 -0.7821
vn -0.5057 0.5071 0.6979
vn 0.9691 0.1449 0.1995
vn -0.0000 -0.5878 -0.8090
vn -0.7137 0.4117 0.5667
vn 0.8717 0.2881 0.3965
vn -0.8717 0.3965 0.2881
vn -0.9691 0.1995 0.1449
vn -0.9691 0.2345 0.0762
vn -0.8717 0.4661 0.1514
vn -0.2556 -0.7821 -0.5683
vn -0.4944 -0.7032 -0.5109
vn -0.5057 0.6979 0.5071
vn -0.2621 0.7807 0.5672
vn 0.9691 0.1995 0.1449
vn -0.0000 -0.8090 -0.5878
vn -0.7137 0.5667 0.4117
vn 0.8717 0.3965 0.2881
vn 0.2556 -0.7821 -0.5683
vn 0.7137 0.5667 0.4117
vn 0.4944 -0.7032 -0.5109
vn -0.9626 -0.2192 -0.1592
vn -0.9999 -0.0106 -0.0077
vn 0.5057 0.6979 0.5071
vn 0.7007 -0.5772 -0.4194
vn -0.8604 -0.4123 -0.2996
vn 0.2621 0.7807 0.5672
vn 0.8604 -0.4123 -0.2996
vn -0.7007 -0.5772 -0.4194
vn -0.0000 0.8090 0.5878
vn 0.9626 -0.2577 -0.0837
vn 0.9999 -0.0124 -0.0040
vn 1.0000 -0.0065 -0.0010
vn 0.9641 -0.2648 -0.0214
vn -0.9626 -0.2577 -0.0837
vn -0.9999 -0.0124 -0.0040
vn 0.5057 0.8205 0.2666
vn 0.7137 0.6662 0.2165
vn 0.7007 -0.6786 -0.2205
vn 0.4944 -0.8267 -0.2686
vn -0.8604 -0.4847 -0.1575
vn 0.2621 0.9178 0.2982
vn 0.8604 -0.4847 -0.1575
vn -0.7007 -0.6786 -0.2205
vn -0.0000 0.9511 0.3090
vn -0.4944 -0.8267 -0.2686
vn -0.2621 0.9178 0.2982
vn -0.2556 -0.9195 -0.2987
vn -0.5057 0.8205 0.2666
vn 0.9691 0.2345 0.0762
vn -0.0000 -0.9511 -0.3090
vn -0.7137 0.6662 0.2164
vn 0.8717 0.4661 0.1514
vn 0.2556 -0.9195 -0.2987
vn -0.2565 -0.9636 -0.0754
vn -0.4961 -0.8656 -0.0680
vn -0.5017 0.8623 0.0682
vn -0.2597 0.9627 0.0763
vn 0.9674 0.2526 0.0195
vn -0.0000 -0.9970 -0.0780
vn -0.7093 0.7027 0.0555
vn 0.8682 0.4947 0.0389
vn 0.2565 -0.9636 -0.0754
vn -0.8682 0.4947 0.0389
vn 0.7093 0.7027 0.0555
vn 0.4961 -0.8656 -0.0680
vn -0.9674 0.2526 0.0195
vn -0.9641 -0.2648 -0.0214
vn -1.0000 -0.0065 -0.0010
vn 0.5017 0.8623 0.0682
vn 0.7028 -0.7092 -0.0560
vn -0.8625 -0.5044 -0.0401
vn 0.2597 0.9627 0.0763
vn 0.8625 -0.5044 -0.0401
vn -0.7028 -0.7092 -0.0560
vn -0.0000 0.9969 0.0790
vn -0.9628 0.2561 0.0862
vn -0.8652 0.4954 0.0778
vn 0.4938 -0.8684 -0.0444
vn 0.2517 -0.9675 -0.0223
vn 0.7019 0.7095 -0.0635
vn 0.8615 0.5017 -0.0781
vn -0.7093 0.7020 0.0642
vn -0.0075 -1.0000 0.0014
vn 0.9617 0.2597 -0.0873
vn -0.5050 0.8619 0.0461
vn -0.2656 -0.9638 0.0247
vn 0.9959 -0.0000 -0.0904
vn -0.2656 0.9638 0.0247
vn -0.5049 -0.8619 0.0461
vn 0.9617 -0.2597 -0.0873
vn -0.0075 1.0000 0.0014
vn -0.7093 -0.7020 0.0642
vn 0.8615 -0.5017 -0.0781
vn 0.2517 0.9675 -0.0223
vn -0.8652 -0.4954 0.0778
vn 0.7019 -0.7094 -0.0635
vn 0.4938 0.8684 -0.0444
vn -0.9628 -0.2561 0.0862
vn -0.9960 -0.0000 0.0891
vn -0.4784 0.8596 0.1798
vn -0.2552 0.9621 0.0959
vn 0.4574 -0.8725 -0.1719
vn 0.6548 -0.7146 -0.2461
vn 0.5263 -0.7146 -0.4607
vn 0.3677 -0.8725 -0.3219
vn 0.6548 0.7146 -0.2461
vn 0.8071 0.5066 -0.3034
vn 0.8071 -0.5066 -0.3034
vn -0.2552 -0.9621 0.0959
vn -0.4783 -0.8596 0.1798
vn -0.8140 0.4937 0.3060
vn -0.6687 0.6997 0.2514
vn 0.2291 0.9696 -0.0861
vn 0.4574 0.8725 -0.1719
vn 0.9361 -0.0000 -0.3518
vn 0.9032 -0.2626 -0.3395
vn 0.2291 -0.9696 -0.0861
vn -0.0140 -0.9999 0.0053
vn -0.8141 -0.4937 0.3060
vn -0.9051 -0.2552 0.3402
vn -0.0140 0.9999 0.0053
vn 0.9032 0.2626 -0.3395
vn -0.9361 -0.0000 0.3518
vn -0.9051 0.2552 0.3402
vn -0.6687 -0.6997 0.2513
vn -0.3845 -0.8596 0.3366
vn -0.2051 -0.9621 0.1796
vn -0.1105 -0.9612 0.2526
vn -0.2071 -0.8591 0.4680
vn 0.7260 -0.2626 -0.6355
vn 0.6487 -0.5065 -0.5679
vn -0.0112 -0.9999 0.0098
vn 0.3677 0.8725 -0.3219
vn 0.5263 0.7146 -0.4607
vn -0.7275 0.2552 0.6369
vn -0.6543 0.4937 0.5728
vn -0.0112 0.9999 0.0098
vn 0.1842 0.9696 -0.1612
vn 0.7260 0.2626 -0.6356
vn 0.7524 -0.0000 -0.6587
vn -0.7275 -0.2552 0.6369
vn -0.7524 -0.0000 0.6587
vn 0.1842 -0.9696 -0.1612
vn -0.5375 -0.6997 0.4706
vn -0.6544 -0.4937 0.5728
vn -0.3845 0.8596 0.3366
vn -0.2051 0.9621 0.1796
vn 0.6487 0.5066 -0.5679
vn -0.5375 0.6997 0.4706
vn -0.3545 0.4948 0.7934
vn -0.2904 0.7003 0.6522
vn 0.0970 0.9716 -0.2160
vn 0.1952 0.8771 -0.4389
vn 0.4043 -0.0000 -0.9146
vn 0.3898 -0.2666 -0.8815
vn 0.0973 -0.9715 -0.2160
vn -0.0069 -0.9998 0.0198
vn -0.3544 -0.4948 0.7934
vn -0.3950 -0.2561 0.8823
vn -0.1108 0.9612 0.2526
vn -0.0072 0.9998 0.0200
vn 0.3473 0.5130 -0.7850
vn 0.3898 0.2666 -0.8815
vn -0.4088 -0.0000 0.9126
vn -0.3950 0.2561 0.8823
vn -0.2902 -0.7003 0.6522
vn -0.2073 0.8591 0.4679
vn 0.2809 -0.7211 -0.6334
vn 0.1954 -0.8771 -0.4388
vn 0.3474 -0.5129 -0.7850
vn 0.2807 0.7211 -0.6334
vn 0.0011 -1.0000 -0.0029
vn 0.0535 -0.9639 -0.2607
vn 0.0010 -1.0000 -0.0031
vn -0.0339 -0.9994 -0.0074
vn -0.0097 -0.9644 -0.2644
vn 0.0525 -0.9646 -0.2584
vn 0.0150 -0.8639 -0.5034
vn 0.1000 -0.8628 -0.4955
vn 0.0385 -0.7050 -0.7081
vn 0.1403 -0.7026 -0.6976
vn 0.0596 -0.4987 -0.8647
vn 0.1710 -0.4957 -0.8515
vn 0.0768 -0.2590 -0.9628
vn 0.1901 -0.2562 -0.9478
vn 0.0892 -0.0022 -0.9960
vn 0.1966 -0.0000 -0.9805
vn 0.0960 0.2547 -0.9622
vn 0.1901 0.2562 -0.9478
vn 0.0966 0.4945 -0.8638
vn 0.1710 0.4956 -0.8515
vn 0.0908 0.7013 -0.7071
vn 0.1403 0.7027 -0.6975
vn 0.0788 0.8611 -0.5023
vn 0.1000 0.8629 -0.4954
vn 0.0611 0.9629 -0.2627
vn 0.0525 0.9646 -0.2586
vn 0.0390 0.9992 -0.0045
vn 0.0010 1.0000 -0.0031
vn 0.0138 0.9669 0.2548
vn -0.0510 0.9662 0.2527
vn -0.0125 0.8676 0.4971
vn -0.0999 0.8657 0.4905
vn -0.0377 0.7080 0.7052
vn -0.1423 0.7059 0.6939
vn -0.0602 0.4994 0.8643
vn -0.1753 0.4983 0.8491
vn -0.0783 0.2563 0.9634
vn -0.1965 0.2578 0.9460
vn -0.0907 -0.0039 0.9959
vn -0.2039 -0.0001 0.9790
vn -0.0965 -0.2635 0.9598
vn -0.1965 -0.2577 0.9460
vn -0.0956 -0.5044 0.8582
vn -0.1753 -0.4984 0.8490
vn -0.0880 -0.7105 0.6982
vn -0.1423 -0.7058 0.6939
vn -0.0744 -0.8681 0.4908
vn -0.0999 -0.8657 0.4906
vn -0.0560 -0.9666 0.2501
vn -0.1386 -0.9585 0.2490
vn -0.1355 -0.9907 -0.0083
vn -0.0510 -0.9662 0.2528
vn 0.0047 0.9999 -0.0115
vn 0.1019 0.9628 -0.2504
vn -0.0936 0.9690 0.2287
vn -0.1866 0.8714 0.4537
vn -0.3117 0.8714 0.3788
vn -0.1567 0.9690 0.1911
vn -0.3727 0.2621 0.8902
vn -0.3319 0.5054 0.7965
vn -0.1866 -0.8713 0.4538
vn -0.2680 -0.7133 0.6476
vn 0.3629 -0.2558 -0.8960
vn 0.3264 -0.4947 -0.8054
vn 0.1916 0.8607 -0.4717
vn 0.2681 0.7010 -0.6609
vn -0.2680 0.7133 0.6476
vn -0.3319 -0.5054 0.7965
vn -0.3731 -0.2621 0.8900
vn 0.2681 -0.7010 -0.6609
vn 0.1916 -0.8607 -0.4717
vn 0.3264 0.4947 -0.8054
vn 0.3629 0.2558 -0.8960
vn 0.1019 -0.9628 -0.2503
vn 0.0047 -0.9999 -0.0114
vn -0.3872 -0.0000 0.9220
vn -0.0936 -0.9690 0.2288
vn 0.3754 -0.0000 -0.9269
vn 0.3218 -0.8607 -0.3946
vn 0.4505 -0.7010 -0.5529
vn 0.5931 -0.7010 -0.3961
vn 0.4236 -0.8607 -0.2826
vn 0.6103 0.2558 -0.7498
vn 0.6312 -0.0000 -0.7756
vn -0.3118 -0.8713 0.3789
vn -0.4465 -0.7133 0.5402
vn -0.4465 0.7133 0.5402
vn 0.5487 0.4947 -0.6739
vn -0.1568 -0.9690 0.1912
vn 0.1710 -0.9628 -0.2093
vn 0.0079 -0.9999 -0.0095
vn -0.5514 0.5053 0.6638
vn 0.4505 0.7010 -0.5529
vn -0.6183 0.2618 0.7411
vn 0.3218 0.8607 -0.3946
vn -0.6413 -0.0002 0.7673
vn 0.1710 0.9628 -0.2094
vn 0.5487 -0.4947 -0.6739
vn -0.6182 -0.2621 0.7410
vn 0.0079 0.9999 -0.0096
vn 0.6103 -0.2558 -0.7498
vn -0.5513 -0.5054 0.6638
vn -0.2059 0.9690 0.1366
vn -0.4093 0.8714 0.2704
vn -0.4707 0.8714 0.1382
vn -0.2370 0.9690 0.0700
vn -0.8385 -0.0002 0.5449
vn -0.8088 0.2618 0.5266
vn 0.2250 0.9628 -0.1499
vn 0.4236 0.8607 -0.2826
vn 0.7226 -0.4947 -0.4828
vn -0.8087 -0.2621 0.5266
vn 0.0104 0.9999 -0.0069
vn 0.8037 -0.2558 -0.5373
vn -0.7221 -0.5054 0.4724
vn 0.8313 -0.0000 -0.5558
vn -0.5856 -0.7133 0.3851
vn 0.8037 0.2558 -0.5373
vn -0.4094 -0.8714 0.2705
vn -0.5855 0.7133 0.3851
vn 0.7226 0.4947 -0.4828
vn -0.2060 -0.9690 0.1367
vn 0.2250 -0.9628 -0.1498
vn 0.0103 -0.9999 -0.0068
vn -0.7221 0.5053 0.4724
vn 0.5931 0.7010 -0.3961
vn 0.4879 -0.8607 -0.1456
vn 0.6833 -0.7010 -0.2042
vn 0.7093 -0.7032 -0.0491
vn 0.5042 -0.8628 -0.0351
vn 0.9261 0.2558 -0.2773
vn 0.9580 -0.0000 -0.2869
vn -0.4708 -0.8713 0.1382
vn -0.6729 -0.7133 0.1960
vn -0.6729 0.7133 0.1960
vn 0.8326 0.4947 -0.2491
vn -0.2371 -0.9690 0.0701
vn 0.2591 -0.9628 -0.0771
vn 0.0118 -0.9999 -0.0035
vn -0.8291 0.5053 0.2393
vn 0.6833 0.7010 -0.2042
vn -0.9278 0.2618 0.2657
vn 0.4879 0.8607 -0.1456
vn -0.9616 -0.0002 0.2744
vn 0.2591 0.9628 -0.0771
vn 0.8326 -0.4947 -0.2491
vn -0.9278 -0.2621 0.2656
vn 0.0119 0.9999 -0.0035
vn 0.9261 -0.2558 -0.2773
vn -0.8290 -0.5054 0.2393
vn 0.9976 -0.0000 -0.0687
vn 0.9642 0.2567 -0.0665
vn 0.9659 0.2589 -0.0000
vn -0.9980 -0.0001 0.0632
vn -0.9638 0.2594 0.0616
vn 0.2644 0.9642 -0.0186
vn 0.5042 0.8628 -0.0352
vn 0.8660 -0.4965 -0.0598
vn -0.9638 -0.2593 0.0617
vn 0.0059 1.0000 -0.0009
vn 0.9642 -0.2567 -0.0665
vn -0.8634 -0.5014 0.0557
vn -0.2533 0.9672 0.0169
vn -0.7037 -0.7090 0.0461
vn -0.4958 0.8678 0.0329
vn -0.4956 -0.8680 0.0328
vn -0.7037 0.7090 0.0465
vn 0.8660 0.4965 -0.0599
vn -0.2534 -0.9672 0.0168
vn 0.2644 -0.9642 -0.0186
vn 0.0059 -1.0000 -0.0009
vn -0.8634 0.5014 0.0561
vn 0.7093 0.7032 -0.0492
vn -0.5002 -0.8659 -0.0000
vn -0.7072 -0.7070 -0.0000
vn -0.7072 0.7070 -0.0000
vn -0.5002 0.8659 -0.0000
vn 0.8660 0.5001 -0.0000
vn -0.2591 -0.9659 -0.0000
vn 0.2586 -0.9660 -0.0000
vn -0.0003 -1.0000 -0.0000
vn -0.8661 0.4999 -0.0000
vn 0.7070 0.7072 -0.0000
vn 0.4998 -0.8661 -0.0000
vn -0.9659 0.2587 -0.0000
vn 0.4998 0.8661 -0.0000
vn 0.7070 -0.7072 -0.0000
vn 0.2586 0.9660 -0.0000
vn 0.8660 -0.5001 -0.0000
vn -0.9659 -0.2587 -0.0000
vn -0.0003 1.0000 -0.0000
vn 0.9659 -0.2589 -0.0000
vn -0.8661 -0.4999 -0.0000
vn -0.2591 0.9659 -0.0000
vn 0.1016 -0.8606 -0.4990
vn 0.1422 -0.6990 -0.7009
vn 0.1727 -0.4917 -0.8535
vn 0.1916 -0.2536 -0.9481
vn 0.1980 -0.0000 -0.9802
vn 0.1916 0.2536 -0.9481
vn 0.1726 0.4917 -0.8535
vn 0.1420 0.6990 -0.7009
vn 0.1014 0.8606 -0.4990
vn 0.0533 0.9639 -0.2608
vn 0.0008 1.0000 -0.0030
vn -0.0522 0.9655 0.2552
vn -0.1020 0.8633 0.4942
vn -0.1449 0.7022 0.6971
vn -0.1782 0.4946 0.8507
vn -0.1994 0.2553 0.9461
vn -0.2069 -0.0001 0.9784
vn -0.1994 -0.2553 0.9461
vn -0.1781 -0.4945 0.8507
vn -0.1448 -0.7022 0.6971
vn -0.1018 -0.8633 0.4943
vn -0.0520 -0.9655 0.2553
vn -0.3731 0.2618 0.8901
vn 0.1916 0.8607 -0.4718
vn -0.3874 -0.0002 0.9219
vn 0.4236 -0.8607 -0.2825
vn -0.6182 0.2618 0.7411
vn -0.2060 0.9690 0.1366
vn 0.7094 -0.7032 -0.0477
vn 0.5044 -0.8628 -0.0341
vn 0.0119 -0.9999 -0.0035
vn -0.9278 0.2618 0.2656
vn 0.9978 -0.0000 -0.0668
vn 0.9643 0.2567 -0.0647
vn 0.9659 0.2590 -0.0000
vn -0.9981 -0.0001 0.0613
vn -0.9639 0.2595 0.0597
vn 0.2645 0.9642 -0.0181
vn 0.5044 0.8628 -0.0342
vn 0.8661 -0.4964 -0.0581
vn -0.9639 -0.2595 0.0597
vn 0.0061 1.0000 -0.0009
vn 0.9643 -0.2567 -0.0646
vn -0.8635 -0.5015 0.0540
vn -0.2532 0.9673 0.0164
vn -0.7037 -0.7091 0.0447
vn -0.4954 0.8681 0.0321
vn -0.4957 -0.8679 0.0321
vn -0.7036 0.7091 0.0451
vn 0.8661 0.4964 -0.0582
vn -0.2533 -0.9673 0.0163
vn 0.2645 -0.9642 -0.0181
vn 0.0061 -1.0000 -0.0009
vn -0.8635 0.5015 0.0545
vn 0.7094 0.7032 -0.0478
vn -0.5004 -0.8658 -0.0000
vn -0.7074 -0.7068 -0.0000
vn -0.7074 0.7068 -0.0000
vn -0.5004 0.8658 -0.0000
vn 0.8659 0.5003 -0.0000
vn -0.2594 -0.9658 -0.0000
vn 0.2583 -0.9661 -0.0000
vn -0.0006 -1.0000 -0.0000
vn -0.8662 0.4997 -0.0000
vn 0.7068 0.7074 -0.0000
vn 0.4996 -0.8663 -0.0000
vn -0.9660 0.2587 -0.0000
vn 0.4996 0.8663 -0.0000
vn 0.7068 -0.7074 -0.0000
vn 0.2583 0.9661 -0.0000
vn 0.8659 -0.5003 -0.0000
vn -0.9660 -0.2587 -0.0000
vn -0.0006 1.0000 -0.0000
vn 0.9659 -0.2590 -0.0000
vn -0.8662 -0.4997 -0.0000
vn -0.2594 0.9658 -0.0000
vn -0.0053 -0.2572 -0.9663
vn -0.0417 -0.4958 -0.8675
vn -0.1226 -0.4755 -0.8711
vn -0.0432 -0.2473 -0.9680
vn -0.1233 -0.9563 -0.2653
vn -0.1027 -0.8574 -0.5043
vn 0.0318 -0.0007 -0.9995
vn 0.0667 0.2567 -0.9642
vn 0.1384 0.9583 -0.2499
vn 0.1331 0.9910 0.0102
vn 0.0377 0.4875 0.8723
vn 0.0029 0.2471 0.9690
vn -0.1173 -0.7067 0.6977
vn -0.1323 -0.8617 0.4899
vn 0.1197 0.7021 -0.7020
vn 0.1338 0.8598 -0.4928
vn 0.0979 0.8545 0.5101
vn 0.0700 0.6948 0.7158
vn -0.0657 -0.2661 0.9617
vn -0.0946 -0.5036 0.8587
vn -0.0749 -0.7004 -0.7098
vn 0.0968 0.4962 -0.8628
vn 0.1196 0.9556 0.2693
vn -0.0326 -0.0101 0.9994
vn 0.2432 0.6764 -0.6952
vn 0.1884 0.4767 -0.8587
vn 0.1444 0.4960 -0.8562
vn 0.2544 0.6668 -0.7004
vn -0.1221 -0.2618 0.9574
vn -0.1917 -0.4887 0.8512
vn 0.2843 0.9584 0.0249
vn 0.2613 0.9226 0.2837
vn 0.0391 -0.0015 -0.9992
vn -0.2487 -0.6819 0.6878
vn 0.2240 0.8227 0.5225
vn 0.1184 0.2454 -0.9622
vn -0.2894 -0.8290 0.4785
vn 0.1724 0.6661 0.7257
vn -0.3107 -0.9204 0.2374
vn -0.3112 -0.9501 -0.0194
vn -0.2908 -0.9164 -0.2750
vn 0.1077 0.4642 0.8792
vn -0.2506 -0.8214 -0.5124
vn 0.0333 0.2313 0.9723
vn 0.2783 0.8303 -0.4829
vn -0.1933 -0.6712 -0.7157
vn -0.0452 -0.0163 0.9988
vn 0.2913 0.9269 -0.2368
vn -0.2899 -0.4346 0.8527
vn -0.1601 -0.2337 0.9590
vn -0.1612 -0.2042 0.9656
vn -0.3210 -0.3841 0.8657
vn -0.5571 -0.7964 0.2355
vn -0.5847 -0.8109 -0.0221
vn -0.5767 -0.7684 -0.2773
vn -0.5341 -0.6718 -0.5132
vn 0.2260 0.4299 0.8741
vn 0.1076 0.2138 0.9709
vn 0.3418 0.7973 -0.4974
vn -0.4602 -0.5280 -0.7138
vn -0.0244 -0.0126 0.9996
vn 0.4008 0.8787 -0.2595
vn -0.3604 -0.3464 -0.8661
vn 0.4286 0.9035 -0.0013
vn -0.2417 -0.1394 -0.9603
vn 0.4248 0.8671 0.2601
vn -0.1123 0.0795 -0.9905
vn -0.4044 -0.6021 0.6884
vn 0.3894 0.7701 0.5053
vn 0.0193 0.2960 -0.9550
vn -0.4956 -0.7253 0.4778
vn 0.3222 0.6202 0.7152
vn 0.4828 0.8754 0.0239
vn 0.4943 0.8230 0.2800
vn -0.3941 -0.0190 -0.9189
vn -0.2463 0.1815 -0.9520
vn -0.4675 -0.5316 0.7063
vn 0.4631 0.7201 0.5168
vn -0.0893 0.3779 -0.9215
vn -0.5898 -0.6355 0.4983
vn 0.3919 0.5748 0.7183
vn 0.0672 0.5573 -0.8276
vn -0.6785 -0.6880 0.2573
vn -0.7276 -0.6860 0.0015
vn -0.7346 -0.6307 -0.2503
vn 0.2861 0.3976 0.8718
vn 0.2127 0.7069 -0.6746
vn -0.7002 -0.5275 -0.4811
vn 0.1528 0.2001 0.9678
vn 0.3364 0.8150 -0.4717
vn -0.6282 -0.3845 -0.6764
vn 0.0003 -0.0050 1.0000
vn 0.4289 0.8728 -0.2330
vn -0.5239 -0.2114 -0.8251
vn 0.2531 0.1048 -0.9618
vn 0.0151 0.0062 -0.9999
vn 0.0115 0.0115 -0.9999
vn 0.1937 0.1937 -0.9618
vn 0.4730 0.1959 -0.8590
vn -0.9239 -0.3827 -0.0000
vn -0.8914 -0.3692 -0.2630
vn 0.9239 0.3827 -0.0000
vn 0.8934 0.3701 0.2549
vn 0.2531 0.1048 0.9618
vn 0.0151 0.0062 0.9999
vn -0.7962 -0.3298 0.5072
vn -0.8914 -0.3692 0.2630
vn -0.2249 -0.0932 -0.9699
vn 0.8038 0.3329 -0.4931
vn 0.8934 0.3700 -0.2549
vn 0.6606 0.2736 0.6991
vn 0.4730 0.1959 0.8590
vn -0.4505 -0.1866 0.8731
vn -0.6456 -0.2674 0.7153
vn -0.4505 -0.1866 -0.8731
vn 0.6606 0.2736 -0.6991
vn 0.8037 0.3329 0.4931
vn -0.2249 -0.0932 0.9699
vn 0.6838 0.6838 -0.2549
vn 0.6152 0.6152 -0.4931
vn 0.3329 0.8038 -0.4931
vn 0.3701 0.8934 -0.2548
vn -0.4941 -0.4941 0.7153
vn -0.6094 -0.6094 0.5072
vn 0.6152 0.6152 0.4931
vn 0.5056 0.5056 0.6991
vn 0.3621 0.3621 -0.8590
vn -0.6822 -0.6822 0.2630
vn -0.7071 -0.7071 -0.0000
vn -0.6822 -0.6822 -0.2630
vn 0.3621 0.3621 0.8590
vn 0.5056 0.5056 -0.6991
vn -0.6094 -0.6094 -0.5072
vn 0.1937 0.1937 0.9618
vn -0.4941 -0.4941 -0.7153
vn 0.0115 0.0115 0.9999
vn -0.3448 -0.3448 -0.8731
vn -0.1722 -0.1722 0.9699
vn 0.7071 0.7071 -0.0000
vn -0.1722 -0.1722 -0.9699
vn -0.3448 -0.3448 0.8731
vn 0.6838 0.6838 0.2549
vn -0.3298 -0.7963 0.5072
vn -0.2674 -0.6456 0.7153
vn -0.0694 -0.7013 0.7095
vn -0.0854 -0.8608 0.5017
vn -0.2674 -0.6456 -0.7153
vn -0.1866 -0.4505 -0.8731
vn 0.0062 0.0151 0.9999
vn -0.0932 -0.2249 0.9699
vn 0.3827 0.9239 -0.0000
vn -0.0932 -0.2249 -0.9699
vn -0.1866 -0.4505 0.8731
vn 0.3700 0.8934 0.2548
vn 0.0062 0.0151 -0.9999
vn 0.3329 0.8038 0.4931
vn 0.1048 0.2531 -0.9618
vn 0.2736 0.6606 0.6991
vn 0.1959 0.4731 -0.8590
vn -0.3692 -0.8914 0.2630
vn -0.3827 -0.9239 -0.0000
vn -0.3692 -0.8914 -0.2630
vn 0.1959 0.4730 0.8590
vn 0.2736 0.6606 -0.6991
vn -0.3298 -0.7962 -0.5072
vn 0.1048 0.2531 0.9618
vn 0.0941 0.9622 -0.2557
vn 0.0850 0.8648 -0.4948
vn -0.0000 0.8660 -0.5000
vn -0.0000 0.9659 -0.2588
vn 0.0850 0.8648 0.4948
vn 0.0702 0.7093 0.7014
vn 0.0272 0.2663 -0.9635
vn 0.0505 0.5053 -0.8614
vn -0.0954 -0.9610 0.2597
vn -0.0988 -0.9951 -0.0000
vn -0.0954 -0.9610 -0.2597
vn 0.0505 0.5053 0.8614
vn 0.0702 0.7093 -0.7014
vn -0.0854 -0.8608 -0.5017
vn 0.0272 0.2663 0.9635
vn -0.0694 -0.7013 -0.7095
vn 0.0016 0.0082 1.0000
vn -0.0485 -0.4932 -0.8686
vn -0.0242 -0.2511 0.9677
vn 0.0972 0.9953 -0.0000
vn -0.0242 -0.2511 -0.9677
vn -0.0485 -0.4932 0.8686
vn 0.0941 0.9622 0.2557
vn 0.0016 0.0082 -1.0000
vn -0.0000 -0.7071 -0.7071
vn -0.0000 -0.8660 -0.5000
vn -0.0333 -0.8632 -0.5038
vn -0.0466 -0.7037 -0.7090
vn -0.0000 -0.5000 -0.8660
vn -0.0000 -0.2588 0.9659
vn -0.0000 -0.2588 -0.9659
vn -0.0000 -0.5000 0.8660
vn -0.0000 0.9659 0.2588
vn -0.0000 -0.7071 0.7071
vn -0.0000 0.8660 0.5000
vn -0.0000 0.2588 -0.9659
vn -0.0000 -0.8660 0.5000
vn -0.0000 0.7071 0.7071
vn -0.0000 0.5000 -0.8660
vn -0.0000 -0.9659 0.2588
vn -0.0000 -1.0000 -0.0000
vn -0.0000 -0.9659 -0.2588
vn -0.0000 0.5000 0.8660
vn -0.0000 0.7071 -0.7071
vn -0.0000 0.2588 0.9659
vn 0.0462 -0.7091 0.7036
vn 0.0568 -0.5016 0.8632
vn 0.2234 -0.5048 0.8338
vn 0.1816 -0.7126 0.6777
vn 0.0635 -0.2597 0.9636
vn -0.0007 1.0000 -0.0054
vn 0.0164 0.9672 0.2537
vn -0.0566 -0.4969 -0.8660
vn -0.0629 -0.2570 -0.9644
vn -0.0650 -0.0000 -0.9979
vn 0.0324 0.8679 0.4956
vn -0.0629 0.2570 -0.9644
vn 0.0324 -0.8679 0.4956
vn 0.0462 0.7091 0.7036
vn -0.0566 0.4969 -0.8660
vn 0.0164 -0.9672 0.2537
vn 0.0568 0.5016 0.8632
vn -0.0466 0.7037 -0.7090
vn -0.0007 -1.0000 -0.0054
vn 0.0635 0.2597 0.9636
vn -0.0333 0.8632 -0.5037
vn -0.0177 -0.9644 -0.2638
vn 0.0658 -0.0000 0.9978
vn -0.0177 0.9644 -0.2638
vn -0.1844 0.7017 -0.6882
vn -0.2248 0.4954 -0.8391
vn -0.4343 0.4954 -0.7523
vn -0.3562 0.7017 -0.6170
vn 0.0643 0.9686 0.2401
vn 0.1273 0.8707 0.4750
vn -0.2502 0.2561 -0.9337
vn 0.1273 -0.8707 0.4750
vn 0.1816 0.7126 0.6777
vn 0.0643 -0.9686 0.2401
vn -0.0028 -0.9999 -0.0105
vn -0.0696 -0.9632 -0.2597
vn 0.2234 0.5048 0.8338
vn -0.1315 -0.8613 -0.4908
vn 0.2498 0.2616 0.9323
vn -0.1315 0.8613 -0.4908
vn -0.1844 -0.7017 -0.6882
vn -0.0696 0.9632 -0.2597
vn -0.2248 -0.4954 -0.8391
vn 0.2498 -0.2616 0.9323
vn -0.0028 0.9999 -0.0105
vn -0.2502 -0.2561 -0.9337
vn 0.1243 0.9686 0.2153
vn -0.0054 0.9999 -0.0094
vn -0.0077 0.9999 -0.0077
vn 0.1758 0.9686 0.1758
vn 0.1243 -0.9686 0.2153
vn -0.0054 -0.9999 -0.0094
vn -0.1345 -0.9632 -0.2329
vn -0.2540 -0.8613 -0.4400
vn 0.4316 0.5048 0.7476
vn 0.4826 0.2616 0.8359
vn -0.2540 0.8613 -0.4400
vn -0.3562 -0.7017 -0.6170
vn -0.1345 0.9632 -0.2329
vn -0.4343 -0.4954 -0.7523
vn 0.4826 -0.2616 0.8359
vn -0.4833 -0.2561 -0.8371
vn 0.4316 -0.5048 0.7476
vn 0.3508 -0.7126 0.6076
vn 0.2459 0.8707 0.4259
vn -0.4833 0.2561 -0.8371
vn 0.2459 -0.8707 0.4259
vn 0.3508 0.7126 0.6076
vn -0.0077 -0.9999 -0.0077
vn 0.1758 -0.9686 0.1758
vn 0.2153 -0.9686 0.1243
vn -0.0094 -0.9999 -0.0054
vn -0.6835 -0.2562 -0.6835
vn 0.6104 -0.5048 0.6104
vn 0.4961 -0.7126 0.4961
vn 0.3477 0.8707 0.3477
vn -0.6835 0.2562 -0.6835
vn 0.3477 -0.8707 0.3477
vn 0.4961 0.7126 0.4961
vn -0.6143 0.4954 -0.6143
vn -0.1901 -0.9632 -0.1901
vn 0.6104 0.5048 0.6104
vn -0.5038 0.7017 -0.5038
vn -0.3593 -0.8613 -0.3593
vn 0.6825 0.2616 0.6825
vn -0.3593 0.8613 -0.3593
vn -0.5038 -0.7017 -0.5038
vn -0.1901 0.9632 -0.1901
vn -0.6142 -0.4954 -0.6143
vn 0.6825 -0.2616 0.6825
vn 0.2153 0.9686 0.1243
vn -0.0094 0.9999 -0.0054
vn -0.0105 0.9999 -0.0028
vn 0.2401 0.9686 0.0643
vn -0.2329 -0.9632 -0.1345
vn -0.4400 -0.8613 -0.2540
vn 0.7476 0.5048 0.4316
vn 0.8359 0.2616 0.4826
vn -0.6170 0.7017 -0.3562
vn -0.4400 0.8613 -0.2540
vn -0.6170 -0.7017 -0.3562
vn -0.2329 0.9632 -0.1345
vn -0.7523 -0.4954 -0.4343
vn 0.8359 -0.2616 0.4826
vn -0.8371 -0.2562 -0.4833
vn 0.7476 -0.5048 0.4316
vn 0.6076 -0.7126 0.3508
vn 0.4259 0.8707 0.2459
vn -0.8371 0.2562 -0.4833
vn 0.4259 -0.8707 0.2459
vn 0.6076 0.7126 0.3508
vn -0.7523 0.4954 -0.4343
vn -0.4908 -0.8613 -0.1315
vn -0.2597 -0.9632 -0.0696
vn -0.2638 -0.9644 -0.0177
vn -0.5038 -0.8632 -0.0333
vn -0.9337 -0.2561 -0.2502
vn 0.8338 -0.5048 0.2234
vn 0.6777 -0.7126 0.1816
vn 0.4750 0.8707 0.1273
vn -0.9337 0.2561 -0.2502
vn 0.4750 -0.8707 0.1273
vn 0.6777 0.7126 0.1816
vn -0.8391 0.4954 -0.2248
vn 0.2401 -0.9686 0.0643
vn -0.0105 -0.9999 -0.0028
vn 0.8338 0.5048 0.2234
vn -0.6882 0.7017 -0.1844
vn 0.9323 0.2616 0.2498
vn -0.4908 0.8613 -0.1315
vn -0.6882 -0.7017 -0.1844
vn -0.2597 0.9632 -0.0696
vn -0.8391 -0.4954 -0.2248
vn 0.9323 -0.2616 0.2498
vn -0.9979 -0.0000 -0.0651
vn -0.9644 -0.2570 -0.0629
vn -0.9659 -0.2588 -0.0000
vn 0.8632 0.5016 0.0568
vn 0.9636 0.2597 0.0635
vn -0.7090 0.7037 -0.0466
vn -0.5037 0.8632 -0.0333
vn -0.7090 -0.7037 -0.0466
vn 0.9978 -0.0000 0.0658
vn -0.2638 0.9644 -0.0177
vn -0.8660 -0.4969 -0.0566
vn 0.9636 -0.2597 0.0635
vn -0.0054 1.0000 -0.0007
vn 0.8632 -0.5016 0.0568
vn 0.2537 0.9671 0.0164
vn 0.7036 -0.7091 0.0462
vn 0.4956 0.8679 0.0324
vn -0.9644 0.2570 -0.0629
vn 0.4956 -0.8679 0.0324
vn 0.7036 0.7091 0.0462
vn -0.8660 0.4969 -0.0566
vn 0.2537 -0.9671 0.0164
vn -0.0054 -1.0000 -0.0007
vn 0.8660 -0.5000 -0.0000
vn 0.7071 -0.7071 -0.0000
vn 0.2588 0.9659 -0.0000
vn 0.5000 0.8660 -0.0000
vn -0.9659 0.2588 -0.0000
vn 0.5000 -0.8660 -0.0000
vn -0.8660 0.5000 -0.0000
vn 0.2588 -0.9659 -0.0000
vn -0.2588 -0.9659 -0.0000
vn 0.8660 0.5000 -0.0000
vn -0.7071 0.7071 -0.0000
vn -0.5000 -0.8660 -0.0000
vn 0.9659 0.2588 -0.0000
vn -0.5000 0.8660 -0.0000
vn -0.2588 0.9659 -0.0000
vn -0.8660 -0.5000 -0.0000
vn 0.9659 -0.2588 -0.0000
vn 0.8682 0.0389 -0.4947
vn 0.8717 0.1514 -0.4661
vn 0.7137 0.2165 -0.6662
vn 0.7093 0.0555 -0.7027
vn 0.2556 -0.2987 0.9195
vn 0.2556 -0.5683 0.7821
vn 0.4945 -0.5109 0.7032
vn 0.4944 -0.2686 0.8267
vn -0.2597 0.0762 -0.9627
vn -0.2621 0.2982 -0.9178
vn -0.5057 0.2666 -0.8205
vn -0.5017 0.0682 -0.8624
vn -0.8625 -0.0401 0.5044
vn -0.8604 -0.1575 0.4847
vn -0.7007 -0.2205 0.6786
vn -0.7028 -0.0560 0.7092
vn 0.2565 -0.0754 0.9636
vn 0.4961 -0.0680 0.8656
vn -1.0000 -0.0010 0.0065
vn -0.9999 -0.0040 0.0124
vn -0.9626 -0.0837 0.2577
vn -0.9641 -0.0214 0.2648
vn 1.0000 -0.0010 0.0065
vn 0.9999 -0.0040 0.0124
vn 0.9691 0.0762 -0.2345
vn 0.9674 0.0195 -0.2526
vn 0.2597 0.0762 -0.9627
vn 0.2621 0.2982 -0.9178
vn -0.0000 0.3090 -0.9511
vn -0.0000 0.0790 -0.9969
vn -0.8682 0.0389 -0.4947
vn -0.8717 0.1514 -0.4661
vn -0.9691 0.0762 -0.2345
vn -0.9674 0.0195 -0.2526
vn -0.2565 -0.0754 0.9636
vn -0.2556 -0.2988 0.9195
vn -0.0000 -0.3090 0.9511
vn -0.0000 -0.0780 0.9970
vn 0.8625 -0.0401 0.5044
vn 0.8604 -0.1575 0.4847
vn 0.9626 -0.0837 0.2576
vn 0.9641 -0.0214 0.2648
vn 0.5057 0.2666 -0.8205
vn 0.5017 0.0682 -0.8624
vn -0.7137 0.2165 -0.6662
vn -0.7093 0.0555 -0.7027
vn -0.4944 -0.2686 0.8267
vn -0.4961 -0.0680 0.8656
vn 0.7007 -0.2205 0.6786
vn 0.7028 -0.0560 0.7092
vn 0.9626 -0.1592 0.2192
vn 0.9626 -0.2192 0.1592
vn 0.9999 -0.0106 0.0077
vn 0.9999 -0.0077 0.0106
vn -0.8717 0.2881 -0.3965
vn -0.9691 0.1449 -0.1995
vn -0.9999 -0.0077 0.0106
vn -0.9626 -0.1592 0.2192
vn 0.7137 0.4117 -0.5667
vn 0.5057 0.5071 -0.6979
vn 0.7007 -0.4194 0.5772
vn -0.8604 -0.2996 0.4123
vn 0.2621 0.5672 -0.7807
vn 0.8604 -0.2996 0.4123
vn -0.7007 -0.4194 0.5772
vn -0.0000 0.5878 -0.8090
vn -0.4944 -0.5109 0.7032
vn -0.2621 0.5672 -0.7807
vn -0.2556 -0.5683 0.7821
vn -0.5057 0.5071 -0.6979
vn 0.9691 0.1449 -0.1995
vn -0.0000 -0.5878 0.8090
vn -0.7137 0.4117 -0.5667
vn 0.8717 0.2881 -0.3965
vn -0.8717 0.3965 -0.2881
vn -0.8717 0.4661 -0.1514
vn -0.9691 0.2345 -0.0762
vn -0.9691 0.1995 -0.1449
vn -0.4944 -0.7032 0.5109
vn -0.2556 -0.7821 0.5683
vn -0.2621 0.7807 -0.5672
vn -0.5057 0.6979 -0.5071
vn 0.9691 0.1995 -0.1449
vn -0.0000 -0.8090 0.5878
vn -0.7137 0.5667 -0.4117
vn 0.8717 0.3965 -0.2881
vn 0.2556 -0.7821 0.5683
vn 0.7137 0.5667 -0.4117
vn 0.4944 -0.7032 0.5109
vn -0.9999 -0.0106 0.0077
vn -0.9626 -0.2192 0.1592
vn 0.5057 0.6979 -0.5071
vn 0.7007 -0.5772 0.4194
vn -0.8604 -0.4123 0.2996
vn 0.2621 0.7807 -0.5672
vn 0.8604 -0.4123 0.2996
vn -0.7007 -0.5772 0.4194
vn -0.0000 0.8090 -0.5878
vn 0.9626 -0.2577 0.0837
vn 0.9641 -0.2648 0.0214
vn 1.0000 -0.0065 0.0010
vn 0.9999 -0.0124 0.0040
vn -0.9999 -0.0124 0.0040
vn -0.9626 -0.2577 0.0837
vn 0.7137 0.6662 -0.2165
vn 0.5057 0.8205 -0.2666
vn 0.4944 -0.8267 0.2686
vn 0.7007 -0.6786 0.2205
vn -0.8604 -0.4847 0.1575
vn 0.2621 0.9178 -0.2982
vn 0.8604 -0.4847 0.1575
vn -0.7007 -0.6786 0.2205
vn -0.0000 0.9511 -0.3090
vn -0.4944 -0.8267 0.2686
vn -0.2621 0.9178 -0.2982
vn -0.2556 -0.9195 0.2987
vn -0.5057 0.8205 -0.2666
vn 0.9691 0.2345 -0.0762
vn -0.0000 -0.9511 0.3090
vn -0.7137 0.6662 -0.2164
vn 0.8717 0.4661 -0.1514
vn 0.2556 -0.9195 0.2988
vn -0.4961 -0.8656 0.0680
vn -0.2565 -0.9636 0.0754
vn -0.2597 0.9627 -0.0763
vn -0.5017 0.8623 -0.0682
vn 0.9674 0.2526 -0.0195
vn -0.0000 -0.9970 0.0780
vn -0.7093 0.7027 -0.0555
vn 0.8682 0.4947 -0.0389
vn 0.2565 -0.9636 0.0754
vn -0.8682 0.4947 -0.0389
vn 0.7093 0.7027 -0.0555
vn 0.4961 -0.8656 0.0680
vn -0.9674 0.2526 -0.0195
vn -1.0000 -0.0065 0.0010
vn -0.9641 -0.2648 0.0214
vn 0.5017 0.8623 -0.0682
vn 0.7028 -0.7092 0.0560
vn -0.8625 -0.5044 0.0401
vn 0.2597 0.9627 -0.0763
vn 0.8625 -0.5044 0.0401
vn -0.7028 -0.7092 0.0560
vn -0.0000 0.9969 -0.0790
vn -0.8652 0.4954 -0.0778
vn -0.9628 0.2561 -0.0862
vn 0.2517 -0.9675 0.0223
vn 0.4938 -0.8684 0.0444
vn 0.8615 0.5017 0.0781
vn 0.7019 0.7094 0.0635
vn -0.7093 0.7020 -0.0642
vn -0.0075 -1.0000 -0.0014
vn 0.9617 0.2597 0.0873
vn -0.5050 0.8619 -0.0461
vn -0.2656 -0.9638 -0.0247
vn 0.9959 -0.0000 0.0904
vn -0.2656 0.9638 -0.0247
vn -0.5049 -0.8619 -0.0461
vn 0.9617 -0.2597 0.0873
vn -0.0075 1.0000 -0.0014
vn -0.7093 -0.7020 -0.0642
vn 0.8615 -0.5017 0.0781
vn 0.2517 0.9675 0.0223
vn -0.8652 -0.4954 -0.0778
vn 0.7019 -0.7094 0.0635
vn 0.4938 0.8684 0.0444
vn -0.9628 -0.2561 -0.0862
vn -0.9960 -0.0000 -0.0891
vn -0.2552 0.9621 -0.0959
vn -0.4784 0.8596 -0.1798
vn 0.4574 -0.8725 0.1719
vn 0.3677 -0.8725 0.3219
vn 0.5263 -0.7146 0.4607
vn 0.6548 -0.7146 0.2461
vn 0.8071 0.5066 0.3034
vn 0.6548 0.7146 0.2461
vn 0.8071 -0.5066 0.3034
vn -0.4783 -0.8596 -0.1798
vn -0.2552 -0.9621 -0.0959
vn -0.6687 0.6997 -0.2514
vn -0.8140 0.4937 -0.3060
vn 0.4574 0.8725 0.1719
vn 0.2291 0.9696 0.0861
vn 0.9032 -0.2626 0.3395
vn 0.9361 -0.0000 0.3518
vn -0.0140 -0.9999 -0.0053
vn 0.2291 -0.9696 0.0861
vn -0.9051 -0.2552 -0.3402
vn -0.8141 -0.4937 -0.3060
vn -0.0140 0.9999 -0.0053
vn 0.9032 0.2626 0.3395
vn -0.9051 0.2552 -0.3402
vn -0.9361 -0.0000 -0.3518
vn -0.6687 -0.6997 -0.2513
vn -0.3845 -0.8596 -0.3366
vn -0.2071 -0.8591 -0.4680
vn -0.1105 -0.9612 -0.2526
vn -0.2051 -0.9621 -0.1796
vn 0.6487 -0.5065 0.5679
vn 0.7260 -0.2626 0.6355
vn -0.0112 -0.9999 -0.0098
vn 0.5263 0.7146 0.4607
vn 0.3677 0.8725 0.3219
vn -0.6543 0.4937 -0.5728
vn -0.7275 0.2552 -0.6369
vn 0.1842 0.9696 0.1612
vn -0.0112 0.9999 -0.0098
vn 0.7524 -0.0000 0.6587
vn 0.7260 0.2626 0.6356
vn -0.7524 -0.0000 -0.6587
vn -0.7275 -0.2552 -0.6369
vn 0.1842 -0.9696 0.1612
vn -0.6544 -0.4937 -0.5728
vn -0.5375 -0.6997 -0.4706
vn -0.2051 0.9621 -0.1796
vn -0.3845 0.8596 -0.3366
vn 0.6487 0.5066 0.5679
vn -0.5375 0.6997 -0.4706
vn -0.2904 0.7003 -0.6522
vn -0.3545 0.4948 -0.7934
vn 0.1952 0.8771 0.4389
vn 0.0970 0.9716 0.2160
vn 0.3898 -0.2666 0.8815
vn 0.4043 -0.0000 0.9146
vn -0.0070 -0.9998 -0.0201
vn 0.0973 -0.9716 0.2159
vn -0.3950 -0.2561 -0.8823
vn -0.3544 -0.4948 -0.7934
vn -0.0072 0.9998 -0.0200
vn -0.1108 0.9612 -0.2526
vn 0.3898 0.2666 0.8815
vn 0.3473 0.5129 0.7850
vn -0.3950 0.2561 -0.8823
vn -0.4088 -0.0000 -0.9126
vn -0.2902 -0.7003 -0.6522
vn -0.2073 0.8591 -0.4679
vn 0.1954 -0.8771 0.4388
vn 0.2809 -0.7211 0.6334
vn 0.3474 -0.5129 0.7850
vn 0.2807 0.7211 0.6334
vn 0.0011 -1.0000 0.0029
vn 0.0535 -0.9639 0.2607
vn 0.0010 -1.0000 0.0031
vn 0.0525 -0.9646 0.2586
vn -0.0097 -0.9644 0.2644
vn -0.0339 -0.9994 0.0074
vn 0.1000 -0.8628 0.4956
vn 0.0150 -0.8639 0.5034
vn 0.1403 -0.7026 0.6976
vn 0.0386 -0.7050 0.7081
vn 0.1710 -0.4954 0.8516
vn 0.0596 -0.4987 0.8647
vn 0.1901 -0.2560 0.9478
vn 0.0767 -0.2589 0.9629
vn 0.1966 -0.0000 0.9805
vn 0.0892 -0.0022 0.9960
vn 0.1901 0.2560 0.9478
vn 0.0960 0.2548 0.9622
vn 0.1710 0.4956 0.8515
vn 0.0966 0.4945 0.8638
vn 0.1403 0.7026 0.6976
vn 0.0908 0.7013 0.7071
vn 0.1000 0.8629 0.4954
vn 0.0788 0.8611 0.5023
vn 0.0525 0.9646 0.2586
vn 0.0612 0.9629 0.2627
vn 0.0010 1.0000 0.0031
vn 0.0390 0.9992 0.0045
vn -0.0510 0.9663 -0.2522
vn 0.0139 0.9669 -0.2547
vn -0.0999 0.8656 -0.4906
vn -0.0125 0.8676 -0.4971
vn -0.1423 0.7059 -0.6939
vn -0.0379 0.7080 -0.7052
vn -0.1754 0.4985 -0.8489
vn -0.0603 0.4993 -0.8643
vn -0.1967 0.2580 -0.9459
vn -0.0783 0.2564 -0.9634
vn -0.2039 -0.0001 -0.9790
vn -0.0907 -0.0039 -0.9959
vn -0.1964 -0.2579 -0.9460
vn -0.0965 -0.2634 -0.9598
vn -0.1753 -0.4984 -0.8490
vn -0.0956 -0.5044 -0.8582
vn -0.1423 -0.7059 -0.6939
vn -0.0880 -0.7105 -0.6982
vn -0.0997 -0.8659 -0.4902
vn -0.0744 -0.8681 -0.4908
vn -0.1355 -0.9907 0.0084
vn -0.1385 -0.9585 -0.2491
vn -0.0560 -0.9666 -0.2501
vn -0.0510 -0.9662 -0.2528
vn 0.1019 0.9628 0.2504
vn 0.0047 0.9999 0.0115
vn -0.0936 0.9690 -0.2287
vn -0.1567 0.9690 -0.1911
vn -0.3117 0.8714 -0.3788
vn -0.1866 0.8714 -0.4537
vn -0.3319 0.5054 -0.7965
vn -0.3731 0.2618 -0.8901
vn -0.2680 -0.7133 -0.6476
vn -0.1866 -0.8713 -0.4538
vn 0.3264 -0.4947 0.8054
vn 0.3629 -0.2558 0.8960
vn 0.2681 0.7010 0.6609
vn 0.1916 0.8607 0.4717
vn -0.2680 0.7133 -0.6476
vn -0.3731 -0.2621 -0.8900
vn -0.3319 -0.5054 -0.7965
vn 0.1916 -0.8607 0.4717
vn 0.2681 -0.7010 0.6609
vn 0.3629 0.2558 0.8960
vn 0.3264 0.4947 0.8054
vn 0.0047 -0.9999 0.0114
vn 0.1019 -0.9628 0.2503
vn -0.3872 -0.0000 -0.9220
vn -0.0936 -0.9690 -0.2288
vn 0.3754 -0.0000 0.9269
vn 0.3218 -0.8607 0.3946
vn 0.4236 -0.8607 0.2826
vn 0.5931 -0.7010 0.3961
vn 0.4505 -0.7010 0.5529
vn 0.6312 -0.0000 0.7756
vn 0.6103 0.2558 0.7498
vn -0.4465 -0.7133 -0.5402
vn -0.3118 -0.8713 -0.3789
vn -0.4465 0.7133 -0.5402
vn 0.5487 0.4947 0.6739
vn -0.1568 -0.9690 -0.1912
vn 0.0079 -0.9999 0.0095
vn 0.1710 -0.9628 0.2093
vn -0.5514 0.5053 -0.6638
vn 0.4505 0.7010 0.5529
vn -0.6180 0.2620 -0.7412
vn 0.3218 0.8607 0.3946
vn -0.6410 0.0001 -0.7676
vn 0.1710 0.9628 0.2094
vn 0.5487 -0.4947 0.6739
vn -0.6182 -0.2621 -0.7410
vn 0.0079 0.9999 0.0096
vn 0.6103 -0.2558 0.7498
vn -0.5513 -0.5054 -0.6638
vn -0.2059 0.9690 -0.1366
vn -0.2370 0.9690 -0.0700
vn -0.4707 0.8714 -0.1382
vn -0.4093 0.8714 -0.2705
vn -0.8088 0.2618 -0.5266
vn -0.8383 0.0001 -0.5453
vn 0.4236 0.8607 0.2826
vn 0.2250 0.9628 0.1499
vn 0.7226 -0.4947 0.4828
vn -0.8087 -0.2621 -0.5266
vn 0.0104 0.9999 0.0069
vn 0.8037 -0.2558 0.5373
vn -0.7221 -0.5054 -0.4724
vn 0.8313 -0.0000 0.5558
vn -0.5856 -0.7133 -0.3851
vn 0.8037 0.2558 0.5373
vn -0.4094 -0.8714 -0.2705
vn -0.5855 0.7133 -0.3851
vn 0.7226 0.4947 0.4828
vn -0.2060 -0.9690 -0.1367
vn 0.0103 -0.9999 0.0068
vn 0.2250 -0.9628 0.1498
vn -0.7221 0.5053 -0.4724
vn 0.5931 0.7010 0.3961
vn 0.4879 -0.8607 0.1456
vn 0.5042 -0.8628 0.0351
vn 0.7093 -0.7032 0.0491
vn 0.6833 -0.7010 0.2042
vn 0.9580 -0.0000 0.2869
vn 0.9261 0.2558 0.2773
vn -0.6729 -0.7133 -0.1960
vn -0.4708 -0.8713 -0.1382
vn -0.6729 0.7133 -0.1960
vn 0.8326 0.4947 0.2491
vn -0.2371 -0.9690 -0.0701
vn 0.0118 -0.9999 0.0035
vn 0.2591 -0.9628 0.0771
vn -0.8291 0.5053 -0.2393
vn 0.6833 0.7010 0.2042
vn -0.9278 0.2618 -0.2657
vn 0.4879 0.8607 0.1456
vn -0.9616 -0.0002 -0.2744
vn 0.2591 0.9628 0.0771
vn 0.8326 -0.4947 0.2491
vn -0.9278 -0.2621 -0.2656
vn 0.0119 0.9999 0.0035
vn 0.9261 -0.2558 0.2773
vn -0.8290 -0.5054 -0.2393
vn 0.9976 -0.0000 0.0687
vn 0.9642 0.2567 0.0665
vn -0.9638 0.2594 -0.0616
vn -0.9980 0.0001 -0.0635
vn 0.5042 0.8628 0.0352
vn 0.2644 0.9642 0.0186
vn 0.8660 -0.4965 0.0598
vn -0.9638 -0.2594 -0.0615
vn 0.0059 1.0000 0.0009
vn 0.9642 -0.2567 0.0665
vn -0.8634 -0.5014 -0.0557
vn -0.2533 0.9672 -0.0169
vn -0.7037 -0.7090 -0.0461
vn -0.4955 0.8680 -0.0331
vn -0.4956 -0.8680 -0.0328
vn -0.7037 0.7090 -0.0465
vn 0.8660 0.4965 0.0599
vn -0.2534 -0.9672 -0.0168
vn 0.0059 -1.0000 0.0009
vn 0.2644 -0.9642 0.0186
vn -0.8635 0.5012 -0.0559
vn 0.7093 0.7032 0.0492
vn 0.1016 -0.8606 0.4990
vn 0.1422 -0.6990 0.7009
vn 0.1727 -0.4917 0.8535
vn 0.1916 -0.2536 0.9481
vn 0.1980 -0.0000 0.9802
vn 0.1916 0.2536 0.9481
vn 0.1726 0.4917 0.8535
vn 0.1420 0.6990 0.7009
vn 0.1014 0.8606 0.4990
vn 0.0532 0.9640 0.2607
vn 0.0008 1.0000 0.0030
vn -0.0522 0.9655 -0.2552
vn -0.1020 0.8633 -0.4942
vn -0.1449 0.7022 -0.6971
vn -0.1782 0.4946 -0.8507
vn -0.1994 0.2553 -0.9461
vn -0.2069 -0.0001 -0.9784
vn -0.1994 -0.2553 -0.9461
vn -0.1781 -0.4945 -0.8507
vn -0.1448 -0.7022 -0.6971
vn -0.1018 -0.8633 -0.4942
vn -0.0520 -0.9655 -0.2553
vn -0.3871 0.0001 -0.9221
vn 0.4236 -0.8607 0.2825
vn -0.6182 0.2618 -0.7411
vn -0.6413 -0.0002 -0.7673
vn -0.6180 -0.2619 -0.7413
vn -0.2060 0.9690 -0.1366
vn -0.8385 -0.0002 -0.5449
vn 0.5044 -0.8628 0.0341
vn 0.7094 -0.7032 0.0477
vn 0.0119 -0.9999 0.0035
vn -0.9277 0.2621 -0.2660
vn 0.9978 -0.0000 0.0668
vn 0.9643 0.2567 0.0647
vn -0.9639 0.2595 -0.0597
vn -0.9981 -0.0001 -0.0613
vn 0.5044 0.8628 0.0342
vn 0.2645 0.9642 0.0181
vn 0.8661 -0.4964 0.0581
vn -0.9639 -0.2595 -0.0597
vn 0.0061 1.0000 0.0009
vn 0.9643 -0.2567 0.0646
vn -0.8636 -0.5013 -0.0544
vn -0.2532 0.9673 -0.0164
vn -0.7037 -0.7091 -0.0447
vn -0.4956 0.8679 -0.0319
vn -0.4954 -0.8681 -0.0319
vn -0.7036 0.7091 -0.0451
vn 0.8661 0.4964 0.0582
vn -0.2533 -0.9673 -0.0163
vn 0.0061 -1.0000 0.0009
vn 0.2645 -0.9642 0.0181
vn -0.8636 0.5013 -0.0542
vn 0.7094 0.7032 0.0478
vn -0.0053 -0.2572 0.9663
vn -0.0432 -0.2473 0.9680
vn -0.1226 -0.4755 0.8711
vn -0.0417 -0.4958 0.8675
vn -0.1027 -0.8574 0.5043
vn -0.1233 -0.9564 0.2649
vn 0.0667 0.2566 0.9642
vn 0.0318 -0.0007 0.9995
vn 0.1332 0.9910 -0.0101
vn 0.1385 0.9583 0.2500
vn 0.0029 0.2471 -0.9690
vn 0.0374 0.4876 -0.8723
vn -0.1323 -0.8617 -0.4898
vn -0.1174 -0.7067 -0.6977
vn 0.1338 0.8598 0.4928
vn 0.1197 0.7021 0.7019
vn 0.0700 0.6948 -0.7158
vn 0.0975 0.8547 -0.5099
vn -0.0947 -0.5037 -0.8587
vn -0.0657 -0.2661 -0.9617
vn -0.0749 -0.7004 0.7098
vn 0.0968 0.4961 0.8628
vn 0.1196 0.9556 -0.2693
vn -0.0326 -0.0101 -0.9994
vn 0.2432 0.6764 0.6952
vn 0.2544 0.6668 0.7005
vn 0.1444 0.4960 0.8562
vn 0.1884 0.4767 0.8587
vn -0.1916 -0.4886 -0.8512
vn -0.1221 -0.2618 -0.9574
vn 0.2613 0.9226 -0.2837
vn 0.2843 0.9584 -0.0249
vn 0.0391 -0.0015 0.9992
vn -0.2487 -0.6819 -0.6878
vn 0.2240 0.8227 -0.5225
vn 0.1184 0.2454 0.9622
vn -0.2894 -0.8290 -0.4785
vn 0.1725 0.6661 -0.7257
vn -0.3107 -0.9204 -0.2374
vn -0.2908 -0.9164 0.2751
vn -0.3112 -0.9501 0.0194
vn 0.1076 0.4642 -0.8792
vn -0.2506 -0.8214 0.5124
vn 0.0333 0.2313 -0.9723
vn 0.2783 0.8303 0.4829
vn -0.1933 -0.6711 0.7157
vn -0.0452 -0.0163 -0.9988
vn 0.2913 0.9269 0.2368
vn -0.2899 -0.4346 -0.8527
vn -0.3210 -0.3841 -0.8657
vn -0.1612 -0.2042 -0.9656
vn -0.1601 -0.2337 -0.9590
vn -0.5847 -0.8109 0.0221
vn -0.5571 -0.7963 -0.2355
vn -0.5341 -0.6718 0.5132
vn -0.5768 -0.7684 0.2774
vn 0.1076 0.2138 -0.9709
vn 0.2261 0.4299 -0.8741
vn 0.3418 0.7974 0.4974
vn -0.4602 -0.5280 0.7138
vn -0.0244 -0.0126 -0.9996
vn 0.4008 0.8787 0.2595
vn -0.3603 -0.3464 0.8661
vn 0.4286 0.9035 0.0013
vn -0.2417 -0.1393 0.9603
vn 0.4248 0.8671 -0.2601
vn -0.1123 0.0796 0.9905
vn -0.4044 -0.6021 -0.6884
vn 0.3894 0.7701 -0.5053
vn 0.0193 0.2960 0.9550
vn -0.4956 -0.7253 -0.4778
vn 0.3222 0.6202 -0.7152
vn 0.4943 0.8230 -0.2800
vn 0.4828 0.8754 -0.0239
vn -0.2463 0.1815 0.9520
vn -0.3941 -0.0189 0.9189
vn -0.4675 -0.5316 -0.7063
vn 0.4631 0.7201 -0.5168
vn -0.0893 0.3779 0.9215
vn -0.5898 -0.6355 -0.4983
vn 0.3919 0.5748 -0.7183
vn 0.0672 0.5572 0.8276
vn -0.6785 -0.6880 -0.2573
vn -0.7346 -0.6307 0.2503
vn -0.7276 -0.6860 -0.0015
vn 0.2861 0.3976 -0.8718
vn 0.2127 0.7069 0.6746
vn -0.7002 -0.5275 0.4811
vn 0.1528 0.2001 -0.9678
vn 0.3364 0.8150 0.4717
vn -0.6282 -0.3845 0.6764
vn 0.0003 -0.0050 -1.0000
vn 0.4289 0.8728 0.2330
vn -0.5239 -0.2114 0.8251
vn 0.8934 0.3700 0.2549
vn 0.8038 0.3329 0.4931
vn 0.8037 0.3329 -0.4931
vn 0.3701 0.8934 0.2548
vn -0.3298 -0.7963 -0.5072
vn 0.3700 0.8934 -0.2548
vn 0.1959 0.4731 0.8590
vn 0.1959 0.4730 -0.8590
vn -0.3298 -0.7962 0.5072
vn -0.0466 -0.7037 0.7090
vn -0.0333 -0.8632 0.5038
vn 0.0462 -0.7091 -0.7036
vn 0.1816 -0.7126 -0.6777
vn 0.2234 -0.5048 -0.8338
vn 0.0568 -0.5016 -0.8632
vn 0.0635 -0.2597 -0.9636
vn 0.0164 0.9671 -0.2537
vn -0.0007 1.0000 0.0054
vn -0.0566 -0.4969 0.8660
vn -0.0651 -0.0000 0.9979
vn -0.0629 -0.2570 0.9644
vn 0.0324 0.8679 -0.4956
vn -0.0629 0.2570 0.9644
vn 0.0324 -0.8679 -0.4956
vn 0.0462 0.7091 -0.7036
vn -0.0566 0.4969 0.8660
vn 0.0164 -0.9672 -0.2537
vn 0.0568 0.5016 -0.8632
vn -0.0466 0.7037 0.7090
vn -0.0007 -1.0000 0.0054
vn 0.0635 0.2597 -0.9636
vn -0.0333 0.8632 0.5037
vn -0.0177 -0.9644 0.2638
vn 0.0658 -0.0000 -0.9978
vn -0.0177 0.9644 0.2638
vn -0.1844 0.7017 0.6882
vn -0.3562 0.7017 0.6170
vn -0.4343 0.4954 0.7523
vn -0.2248 0.4954 0.8391
vn 0.1273 0.8707 -0.4750
vn 0.0643 0.9686 -0.2401
vn -0.2502 0.2561 0.9337
vn 0.1273 -0.8707 -0.4750
vn 0.1816 0.7126 -0.6777
vn 0.0643 -0.9686 -0.2401
vn -0.0696 -0.9632 0.2597
vn -0.0028 -0.9999 0.0105
vn 0.2234 0.5048 -0.8338
vn -0.1315 -0.8613 0.4908
vn 0.2498 0.2616 -0.9323
vn -0.1315 0.8613 0.4908
vn -0.1844 -0.7017 0.6882
vn -0.0696 0.9632 0.2597
vn -0.2248 -0.4954 0.8391
vn 0.2498 -0.2616 -0.9323
vn -0.0028 0.9999 0.0105
vn -0.2502 -0.2561 0.9337
vn 0.1243 0.9686 -0.2153
vn 0.1758 0.9686 -0.1758
vn -0.0077 0.9999 0.0077
vn -0.0054 0.9999 0.0094
vn -0.0054 -0.9999 0.0094
vn 0.1243 -0.9686 -0.2153
vn -0.2540 -0.8613 0.4400
vn -0.1345 -0.9632 0.2329
vn 0.4826 0.2616 -0.8359
vn 0.4316 0.5048 -0.7476
vn -0.2540 0.8613 0.4400
vn -0.3562 -0.7017 0.6170
vn -0.1345 0.9632 0.2329
vn -0.4343 -0.4954 0.7523
vn 0.4826 -0.2616 -0.8359
vn -0.4833 -0.2562 0.8371
vn 0.4316 -0.5048 -0.7476
vn 0.3508 -0.7126 -0.6076
vn 0.2459 0.8707 -0.4259
vn -0.4833 0.2561 0.8371
vn 0.2459 -0.8707 -0.4259
vn 0.3508 0.7126 -0.6076
vn -0.0077 -0.9999 0.0077
vn -0.0094 -0.9999 0.0054
vn 0.2153 -0.9686 -0.1243
vn 0.1758 -0.9686 -0.1758
vn -0.6835 -0.2561 0.6835
vn 0.4961 -0.7126 -0.4961
vn 0.6104 -0.5048 -0.6104
vn 0.3477 0.8707 -0.3477
vn -0.6835 0.2562 0.6835
vn 0.3477 -0.8707 -0.3477
vn 0.4961 0.7126 -0.4961
vn -0.6143 0.4954 0.6143
vn -0.1901 -0.9632 0.1901
vn 0.6104 0.5048 -0.6104
vn -0.5038 0.7017 0.5038
vn -0.3593 -0.8613 0.3593
vn 0.6825 0.2616 -0.6825
vn -0.3593 0.8613 0.3593
vn -0.5038 -0.7017 0.5038
vn -0.1901 0.9632 0.1901
vn -0.6142 -0.4954 0.6143
vn 0.6825 -0.2616 -0.6825
vn 0.2153 0.9686 -0.1243
vn 0.2401 0.9686 -0.0643
vn -0.0105 0.9999 0.0028
vn -0.0094 0.9999 0.0054
vn -0.4400 -0.8613 0.2540
vn -0.2329 -0.9632 0.1345
vn 0.8359 0.2616 -0.4826
vn 0.7476 0.5048 -0.4316
vn -0.4400 0.8613 0.2540
vn -0.6170 0.7017 0.3562
vn -0.6170 -0.7017 0.3562
vn -0.2329 0.9632 0.1345
vn -0.7523 -0.4954 0.4343
vn 0.8359 -0.2616 -0.4826
vn -0.8371 -0.2561 0.4833
vn 0.7476 -0.5048 -0.4316
vn 0.6076 -0.7126 -0.3508
vn 0.4259 0.8707 -0.2459
vn -0.8371 0.2562 0.4833
vn 0.4259 -0.8707 -0.2459
vn 0.6076 0.7126 -0.3508
vn -0.7523 0.4954 0.4343
vn -0.4908 -0.8613 0.1315
vn -0.5038 -0.8632 0.0333
vn -0.2638 -0.9644 0.0177
vn -0.2597 -0.9632 0.0696
vn -0.9337 -0.2561 0.2502
vn 0.6777 -0.7126 -0.1816
vn 0.8338 -0.5048 -0.2234
vn 0.4750 0.8707 -0.1273
vn -0.9337 0.2561 0.2502
vn 0.4750 -0.8707 -0.1273
vn 0.6777 0.7126 -0.1816
vn -0.8391 0.4954 0.2248
vn 0.2401 -0.9686 -0.0643
vn -0.0105 -0.9999 0.0028
vn 0.8338 0.5048 -0.2234
vn -0.6882 0.7017 0.1844
vn 0.9323 0.2616 -0.2498
vn -0.4908 0.8613 0.1315
vn -0.6882 -0.7017 0.1844
vn -0.2597 0.9632 0.0696
vn -0.8391 -0.4954 0.2248
vn 0.9323 -0.2616 -0.2498
vn -0.9979 -0.0000 0.0651
vn -0.9644 -0.2570 0.0629
vn 0.9636 0.2597 -0.0635
vn 0.8632 0.5016 -0.0568
vn -0.5037 0.8632 0.0333
vn -0.7090 0.7037 0.0466
vn -0.7090 -0.7037 0.0466
vn 0.9978 -0.0000 -0.0658
vn -0.2638 0.9644 0.0177
vn -0.8660 -0.4969 0.0566
vn 0.9636 -0.2597 -0.0635
vn -0.0054 1.0000 0.0007
vn 0.8632 -0.5016 -0.0568
vn 0.2537 0.9671 -0.0164
vn 0.7036 -0.7091 -0.0462
vn 0.4956 0.8679 -0.0324
vn -0.9644 0.2570 0.0629
vn 0.4956 -0.8679 -0.0324
vn 0.7036 0.7091 -0.0462
vn -0.8660 0.4969 0.0566
vn 0.2537 -0.9671 -0.0164
vn -0.0054 -1.0000 0.0007
vn -0.9577 0.2566 0.1302
vn -0.9577 0.2566 -0.1302
vn -0.9915 -0.0000 -0.1302
vn -0.9915 -0.0000 0.1302
vn -0.1353 -0.0362 0.9901
vn -0.1213 -0.0700 0.9901
vn -0.0990 -0.0990 0.9901
vn -0.0700 -0.1213 0.9901
vn -0.0362 -0.1353 0.9901
vn -0.0000 -0.1400 0.9901
vn 0.0362 -0.1353 0.9901
vn 0.0700 -0.1213 0.9901
vn 0.0990 -0.0990 0.9901
vn 0.1213 -0.0700 0.9901
vn 0.1353 -0.0362 0.9901
vn 0.1400 -0.0000 0.9901
vn 0.1353 0.0362 0.9901
vn 0.1213 0.0700 0.9901
vn 0.0990 0.0990 0.9901
vn 0.0700 0.1213 0.9901
vn 0.0362 0.1353 0.9901
vn -0.0000 0.1400 0.9901
vn -0.0362 0.1353 0.9901
vn -0.0700 0.1213 0.9901
vn -0.0990 0.0990 0.9901
vn -0.1213 0.0700 0.9901
vn -0.0000 0.6079 -0.7940
vn 0.1573 0.5872 -0.7940
vn -0.1353 0.0362 0.9901
vn -0.1400 -0.0000 0.9901
vn -0.9577 -0.2566 -0.1302
vn -0.9577 -0.2566 0.1302
vn -0.1213 -0.0700 -0.9901
vn -0.1353 -0.0362 -0.9901
vn -0.1400 -0.0000 -0.9901
vn -0.1353 0.0362 -0.9901
vn -0.0990 -0.0990 -0.9901
vn -0.7011 -0.7011 0.1302
vn -0.7011 -0.7011 -0.1302
vn -0.4957 -0.8587 -0.1302
vn -0.4957 -0.8587 0.1302
vn -0.0700 -0.1213 -0.9901
vn -0.2566 -0.9577 -0.1302
vn -0.2566 -0.9577 0.1302
vn -0.0362 -0.1353 -0.9901
vn -0.0000 -0.9915 -0.1302
vn -0.0000 -0.9915 0.1302
vn -0.0000 -0.1400 -0.9901
vn 0.2566 -0.9577 -0.1302
vn 0.2566 -0.9577 0.1302
vn 0.0362 -0.1353 -0.9901
vn 0.4957 -0.8587 -0.1302
vn 0.4957 -0.8587 0.1302
vn 0.0700 -0.1213 -0.9901
vn 0.7011 -0.7011 -0.1302
vn 0.7011 -0.7011 0.1302
vn 0.0990 -0.0990 -0.9901
vn 0.8587 -0.4957 -0.1302
vn 0.8587 -0.4957 0.1302
vn 0.1213 -0.0700 -0.9901
vn 0.9577 -0.2566 -0.1302
vn 0.9577 -0.2566 0.1302
vn 0.1353 -0.0362 -0.9901
vn 0.9915 -0.0000 -0.1302
vn 0.9915 -0.0000 0.1302
vn 0.1400 -0.0000 -0.9901
vn 0.9577 0.2566 -0.1302
vn 0.9577 0.2566 0.1302
vn 0.1353 0.0362 -0.9901
vn 0.8587 0.4957 -0.1302
vn 0.8587 0.4957 0.1302
vn 0.1213 0.0700 -0.9901
vn 0.7011 0.7011 -0.1302
vn 0.7011 0.7011 0.1302
vn 0.0990 0.0990 -0.9901
vn 0.4957 0.8587 -0.1302
vn 0.4957 0.8587 0.1302
vn 0.0700 0.1213 -0.9901
vn 0.2566 0.9577 -0.1302
vn 0.2566 0.9577 0.1302
vn 0.0362 0.1353 -0.9901
vn -0.0000 0.9915 -0.1302
vn -0.0000 0.9915 0.1302
vn -0.0000 0.1400 -0.9901
vn -0.2566 0.9577 -0.1302
vn -0.2566 0.9577 0.1302
vn -0.0362 0.1353 -0.9901
vn -0.4957 0.8587 -0.1302
vn -0.4957 0.8587 0.1302
vn -0.0700 0.1213 -0.9901
vn -0.7011 0.7011 -0.1302
vn -0.7011 0.7011 0.1302
vn -0.0990 0.0990 -0.9901
vn -0.8587 0.4957 -0.1302
vn -0.8587 0.4957 0.1302
vn -0.1213 0.0700 -0.9901
vn -0.8587 -0.4957 -0.1302
vn -0.8587 -0.4957 0.1302
vn 0.4299 -0.4299 -0.7940
vn 0.3040 -0.5265 -0.7940
vn -0.5265 0.3040 -0.7940
vn -0.4299 0.4299 -0.7940
vn -0.5265 -0.3040 -0.7940
vn -0.5872 -0.1573 -0.7940
vn 0.4299 0.4299 -0.7940
vn 0.5265 0.3040 -0.7940
vn -0.0000 -0.6079 -0.7940
vn -0.1573 -0.5872 -0.7940
vn -0.1573 0.5872 -0.7940
vn 0.5265 -0.3040 -0.7940
vn -0.5872 0.1573 -0.7940
vn -0.4299 -0.4299 -0.7940
vn 0.3040 0.5265 -0.7940
vn 0.1573 -0.5872 -0.7940
vn -0.3040 0.5265 -0.7940
vn 0.5872 -0.1573 -0.7940
vn -0.6079 -0.0000 -0.7940
vn 0.5872 0.1573 -0.7940
vn 0.6079 -0.0000 -0.7940
vn -0.3040 -0.5265 -0.7940
vn -0.8400 -0.2251 0.4936
vn -0.8697 -0.0000 0.4936
vn -0.4955 -0.1328 0.8584
vn -0.5130 -0.0000 0.8584
vn -0.8697 -0.0000 -0.4936
vn -0.8400 -0.2251 -0.4936
vn -0.8696 -0.0000 -0.4937
vn -0.5130 -0.0000 -0.8584
vn -0.4955 -0.1328 -0.8584
vn -0.7532 -0.4348 0.4936
vn -0.4443 -0.2565 0.8584
vn -0.7532 -0.4348 -0.4936
vn -0.4443 -0.2565 -0.8584
vn -0.6150 -0.6150 0.4936
vn -0.3628 -0.3628 0.8584
vn -0.6150 -0.6150 -0.4936
vn -0.3628 -0.3628 -0.8584
vn -0.4348 -0.7532 0.4936
vn -0.2565 -0.4443 0.8584
vn -0.4348 -0.7532 -0.4936
vn -0.2565 -0.4443 -0.8584
vn -0.2251 -0.8400 0.4936
vn -0.1328 -0.4955 0.8584
vn -0.2251 -0.8400 -0.4936
vn -0.1328 -0.4956 -0.8584
vn -0.0000 -0.8697 0.4936
vn -0.0000 -0.7041 0.7101
vn -0.0000 -0.2568 0.9665
vn -0.0000 -0.8697 -0.4936
vn -0.0000 -0.5130 -0.8584
vn 0.2251 -0.8400 0.4936
vn 0.1328 -0.4955 0.8584
vn 0.2251 -0.8400 -0.4936
vn 0.1328 -0.4955 -0.8584
vn 0.4348 -0.7532 0.4936
vn 0.2565 -0.4443 0.8584
vn 0.4348 -0.7532 -0.4936
vn 0.2565 -0.4443 -0.8584
vn 0.6150 -0.6150 0.4936
vn 0.3628 -0.3628 0.8584
vn 0.6150 -0.6150 -0.4936
vn 0.6149 -0.6150 -0.4936
vn 0.3628 -0.3628 -0.8584
vn 0.7532 -0.4348 0.4936
vn 0.4443 -0.2565 0.8584
vn 0.7532 -0.4349 -0.4936
vn 0.7531 -0.4348 -0.4936
vn 0.4443 -0.2565 -0.8584
vn 0.8400 -0.2251 0.4936
vn 0.4955 -0.1328 0.8584
vn 0.8401 -0.2251 -0.4936
vn 0.8400 -0.2251 -0.4936
vn 0.4955 -0.1328 -0.8584
vn 0.8697 -0.0000 0.4936
vn 0.5130 -0.0000 0.8584
vn 0.8697 -0.0000 -0.4936
vn 0.5130 -0.0000 -0.8584
vn 0.8400 0.2251 0.4936
vn 0.4955 0.1328 0.8584
vn 0.8401 0.2251 -0.4936
vn 0.8400 0.2251 -0.4936
vn 0.4955 0.1328 -0.8584
vn 0.7532 0.4348 0.4936
vn 0.4443 0.2565 0.8584
vn 0.7532 0.4348 -0.4936
vn 0.4443 0.2565 -0.8584
vn 0.6150 0.6149 0.4936
vn 0.3628 0.3628 0.8584
vn 0.6150 0.6150 -0.4936
vn 0.6150 0.6149 -0.4936
vn 0.3628 0.3628 -0.8584
vn 0.4827 0.8360 0.2609
vn 0.3520 0.6097 0.7101
vn 0.2565 0.4443 0.8584
vn 0.4349 0.7532 -0.4936
vn 0.4348 0.7531 -0.4936
vn 0.2565 0.4443 -0.8584
vn 0.2251 0.8400 0.4936
vn 0.1328 0.4955 0.8584
vn 0.2251 0.8400 -0.4936
vn 0.1328 0.4955 -0.8584
vn -0.0000 0.8697 0.4936
vn -0.0000 0.7041 0.7101
vn -0.0000 0.2568 0.9665
vn -0.0000 0.8697 -0.4936
vn -0.0000 0.5130 -0.8584
vn -0.2251 0.8400 0.4936
vn -0.1328 0.4955 0.8584
vn -0.2251 0.8400 -0.4936
vn -0.1328 0.4955 -0.8584
vn -0.4827 0.8360 0.2609
vn -0.3520 0.6097 0.7101
vn -0.2565 0.4443 0.8584
vn -0.4348 0.7532 -0.4936
vn -0.2565 0.4443 -0.8584
vn -0.6826 0.6826 0.2609
vn -0.4978 0.4979 0.7101
vn -0.3628 0.3628 0.8584
vn -0.6150 0.6150 -0.4936
vn -0.3628 0.3628 -0.8584
vn -0.7532 0.4348 0.4936
vn -0.4443 0.2565 0.8584
vn -0.7532 0.4348 -0.4936
vn -0.4443 0.2565 -0.8584
vn -0.8400 0.2251 0.4936
vn -0.4955 0.1328 0.8584
vn -0.8400 0.2251 -0.4936
vn -0.4955 0.1328 -0.8584
vn -0.0000 0.6079 0.7940
vn 0.1573 0.5872 0.7940
vn 0.4299 -0.4299 0.7940
vn 0.3040 -0.5265 0.7940
vn -0.5265 0.3040 0.7940
vn -0.4299 0.4299 0.7940
vn -0.5265 -0.3040 0.7940
vn -0.5872 -0.1573 0.7940
vn 0.4299 0.4299 0.7940
vn 0.5265 0.3040 0.7940
vn -0.0000 -0.6079 0.7940
vn -0.1573 -0.5872 0.7940
vn -0.1573 0.5872 0.7940
vn 0.5265 -0.3040 0.7940
vn -0.5872 0.1573 0.7940
vn -0.4299 -0.4299 0.7940
vn 0.3040 0.5265 0.7940
vn 0.1573 -0.5872 0.7940
vn -0.3040 0.5265 0.7940
vn 0.5872 -0.1573 0.7940
vn -0.6079 -0.0000 0.7940
vn 0.5872 0.1573 0.7940
vn 0.6079 -0.0000 0.7940
vn -0.3040 -0.5265 0.7940
vn -0.9654 -0.0000 -0.2609
vn -0.9325 -0.2499 -0.2609
vn -0.7041 -0.0000 -0.7101
vn -0.6801 -0.1822 -0.7101
vn -0.9325 -0.2499 0.2609
vn -0.9654 -0.0001 0.2609
vn -0.6801 -0.1822 0.7101
vn -0.7041 -0.0000 0.7101
vn -0.8360 -0.4827 -0.2609
vn -0.6097 -0.3520 -0.7101
vn -0.8360 -0.4827 0.2609
vn -0.6097 -0.3520 0.7101
vn -0.6826 -0.6826 -0.2609
vn -0.4978 -0.4978 -0.7101
vn -0.6826 -0.6826 0.2609
vn -0.4978 -0.4978 0.7101
vn -0.4827 -0.8360 -0.2609
vn -0.3520 -0.6097 -0.7101
vn -0.4827 -0.8360 0.2609
vn -0.3520 -0.6097 0.7101
vn -0.2499 -0.9325 -0.2609
vn -0.1822 -0.6801 -0.7101
vn -0.2499 -0.9325 0.2609
vn -0.1822 -0.6801 0.7101
vn -0.1328 -0.4956 0.8584
vn -0.0000 -0.9654 -0.2609
vn -0.0000 -0.7041 -0.7101
vn -0.0000 -0.9654 0.2609
vn -0.0000 -0.5130 0.8584
vn 0.2499 -0.9325 -0.2609
vn 0.1822 -0.6801 -0.7101
vn 0.2499 -0.9325 0.2609
vn 0.1822 -0.6801 0.7101
vn 0.4827 -0.8360 -0.2609
vn 0.3520 -0.6097 -0.7101
vn 0.4827 -0.8360 0.2609
vn 0.3520 -0.6097 0.7101
vn 0.6826 -0.6826 -0.2609
vn 0.4978 -0.4978 -0.7101
vn 0.6826 -0.6826 0.2609
vn 0.4978 -0.4978 0.7101
vn 0.8360 -0.4827 -0.2609
vn 0.6097 -0.3520 -0.7101
vn 0.8360 -0.4827 0.2609
vn 0.6097 -0.3520 0.7101
vn 0.9325 -0.2499 -0.2609
vn 0.6801 -0.1822 -0.7101
vn 0.9325 -0.2499 0.2609
vn 0.6801 -0.1822 0.7101
vn 0.9654 -0.0000 -0.2609
vn 0.7041 -0.0000 -0.7101
vn 0.9654 -0.0000 0.2609
vn 0.7041 -0.0000 0.7101
vn 0.9325 0.2499 -0.2609
vn 0.6801 0.1822 -0.7101
vn 0.9325 0.2499 0.2609
vn 0.6801 0.1822 0.7101
vn 0.4956 0.1328 0.8584
vn 0.8360 0.4827 -0.2609
vn 0.6097 0.3520 -0.7101
vn 0.8360 0.4827 0.2609
vn 0.6097 0.3520 0.7101
vn 0.6826 0.6826 -0.2609
vn 0.4978 0.4978 -0.7101
vn 0.6826 0.6826 0.2609
vn 0.4978 0.4978 0.7101
vn 0.4827 0.8360 -0.2609
vn 0.3520 0.6097 -0.7101
vn 0.2499 0.9325 -0.2609
vn 0.1822 0.6801 -0.7101
vn 0.2499 0.9325 0.2609
vn 0.1822 0.6801 0.7101
vn -0.0000 0.9654 -0.2609
vn -0.0000 0.7041 -0.7101
vn -0.0000 0.9654 0.2609
vn -0.0000 0.5130 0.8584
vn -0.2499 0.9325 -0.2609
vn -0.1822 0.6801 -0.7101
vn -0.2499 0.9325 0.2609
vn -0.1822 0.6801 0.7101
vn -0.4827 0.8360 -0.2609
vn -0.3520 0.6097 -0.7101
vn -0.6826 0.6826 -0.2609
vn -0.4978 0.4978 -0.7101
vn -0.4978 0.4978 0.7101
vn -0.8360 0.4827 -0.2609
vn -0.6097 0.3520 -0.7101
vn -0.8360 0.4827 0.2609
vn -0.6097 0.3520 0.7101
vn -0.9325 0.2499 -0.2609
vn -0.6801 0.1822 -0.7101
vn -0.9325 0.2499 0.2609
vn -0.6801 0.1822 0.7101
vn -0.9654 0.0001 -0.2609
vn -0.9654 -0.0000 0.2609
vn -0.9573 0.2565 -0.1330
vn -0.9911 -0.0000 -0.1330
vn -0.8583 -0.4956 -0.1330
vn -0.7008 -0.7008 -0.1330
vn -0.4956 -0.8583 -0.1330
vn -0.2565 -0.9573 -0.1330
vn -0.0000 -0.9911 -0.1330
vn 0.2565 -0.9573 -0.1330
vn 0.4956 -0.8583 -0.1330
vn 0.7008 -0.7008 -0.1330
vn 0.8583 -0.4956 -0.1330
vn 0.9573 -0.2565 -0.1330
vn 0.9911 -0.0000 -0.1330
vn 0.9573 0.2565 -0.1330
vn 0.8583 0.4956 -0.1330
vn 0.7008 0.7008 -0.1330
vn 0.4956 0.8583 -0.1330
vn 0.2565 0.9573 -0.1330
vn -0.0000 0.9911 -0.1330
vn -0.2565 0.9573 -0.1330
vn -0.4956 0.8583 -0.1330
vn -0.7008 0.7008 -0.1330
vn -0.8583 0.4956 -0.1330
vn -0.9573 -0.2565 -0.1330
vn 0.5562 -0.5561 -0.6176
vn 0.3933 -0.6811 -0.6176
vn 0.5562 -0.5562 -0.6176
vn -0.8682 -0.0000 -0.4962
vn -0.8386 -0.2247 -0.4962
vn -0.5136 -0.0000 -0.8580
vn -0.4961 -0.1329 -0.8580
vn -0.1409 -0.0000 -0.9900
vn -0.1361 -0.0365 -0.9900
vn -0.7519 -0.4341 -0.4962
vn -0.4448 -0.2568 -0.8580
vn -0.1220 -0.0704 -0.9900
vn -0.6139 -0.6139 -0.4962
vn -0.3632 -0.3632 -0.8580
vn -0.0996 -0.0996 -0.9900
vn -0.4341 -0.7519 -0.4962
vn -0.2568 -0.4448 -0.8580
vn -0.0704 -0.1220 -0.9900
vn -0.2247 -0.8386 -0.4962
vn -0.1329 -0.4961 -0.8580
vn -0.0365 -0.1361 -0.9900
vn -0.0000 -0.8682 -0.4962
vn -0.0000 -0.5136 -0.8580
vn -0.0000 -0.1409 -0.9900
vn 0.2247 -0.8386 -0.4962
vn 0.2247 -0.8386 -0.4963
vn 0.1329 -0.4961 -0.8580
vn 0.0365 -0.1361 -0.9900
vn 0.4341 -0.7519 -0.4962
vn 0.4341 -0.7519 -0.4963
vn 0.2568 -0.4448 -0.8580
vn 0.0704 -0.1220 -0.9900
vn 0.6139 -0.6139 -0.4962
vn 0.6139 -0.6139 -0.4963
vn 0.3632 -0.3632 -0.8580
vn 0.0996 -0.0996 -0.9900
vn 0.7519 -0.4341 -0.4962
vn 0.4448 -0.2568 -0.8580
vn 0.1220 -0.0704 -0.9900
vn 0.8386 -0.2247 -0.4962
vn 0.4961 -0.1329 -0.8580
vn 0.1361 -0.0365 -0.9900
vn 0.8682 -0.0000 -0.4962
vn 0.8682 -0.0000 -0.4963
vn 0.5136 -0.0000 -0.8580
vn 0.1409 -0.0000 -0.9900
vn 0.8386 0.2247 -0.4962
vn 0.8386 0.2247 -0.4963
vn 0.4961 0.1329 -0.8580
vn 0.1361 0.0365 -0.9900
vn 0.7519 0.4341 -0.4962
vn 0.7519 0.4341 -0.4963
vn 0.4448 0.2568 -0.8580
vn 0.1220 0.0704 -0.9900
vn 0.6139 0.6139 -0.4962
vn 0.6139 0.6139 -0.4963
vn 0.3632 0.3632 -0.8580
vn 0.0996 0.0996 -0.9900
vn 0.4341 0.7519 -0.4962
vn 0.4341 0.7518 -0.4963
vn 0.2568 0.4448 -0.8580
vn 0.2247 0.8386 -0.4962
vn 0.1329 0.4961 -0.8580
vn -0.0000 0.8682 -0.4962
vn -0.0000 0.5136 -0.8580
vn -0.0000 0.1409 -0.9900
vn -0.2247 0.8386 -0.4962
vn -0.1329 0.4961 -0.8580
vn -0.4341 0.7519 -0.4962
vn -0.2568 0.4448 -0.8580
vn -0.6139 0.6139 -0.4962
vn -0.3632 0.3632 -0.8580
vn -0.0996 0.0996 -0.9900
vn -0.7519 0.4341 -0.4962
vn -0.4448 0.2568 -0.8580
vn -0.1220 0.0704 -0.9900
vn -0.8386 0.2247 -0.4962
vn -0.4961 0.1329 -0.8580
vn -0.1361 0.0365 -0.9900
vn -0.6812 -0.3933 -0.6176
vn -0.7597 -0.2036 -0.6176
vn -0.2036 0.7597 -0.6176
vn -0.0000 0.7865 -0.6176
vn 0.6811 -0.3933 -0.6176
vn -0.5562 -0.5562 -0.6176
vn -0.3933 0.6811 -0.6176
vn -0.3933 0.6812 -0.6176
vn 0.7597 -0.2036 -0.6176
vn 0.7597 0.2036 -0.6176
vn 0.7865 -0.0000 -0.6176
vn -0.3933 -0.6811 -0.6176
vn -0.5562 0.5562 -0.6175
vn -0.5562 0.5562 -0.6176
vn 0.6811 0.3933 -0.6176
vn -0.2036 -0.7597 -0.6175
vn -0.6811 0.3933 -0.6176
vn -0.6811 0.3932 -0.6176
vn 0.5562 0.5562 -0.6175
vn -0.0000 -0.7865 -0.6175
vn -0.0000 -0.7865 -0.6176
vn -0.7597 0.2036 -0.6176
vn 0.3933 0.6811 -0.6176
vn 0.2036 -0.7597 -0.6176
vn -0.7865 -0.0000 -0.6176
vn 0.2036 0.7597 -0.6176
vn -0.9911 -0.0000 0.1330
vn -0.9573 0.2565 0.1330
vn -0.7008 -0.7008 0.1330
vn -0.8583 -0.4956 0.1330
vn -0.4956 -0.8583 0.1330
vn -0.2565 -0.9573 0.1330
vn -0.0000 -0.9911 0.1330
vn 0.2565 -0.9573 0.1330
vn 0.4956 -0.8583 0.1330
vn 0.7008 -0.7008 0.1330
vn 0.8583 -0.4956 0.1330
vn 0.9573 -0.2565 0.1330
vn 0.9911 -0.0000 0.1330
vn 0.9573 0.2565 0.1330
vn 0.8583 0.4956 0.1330
vn 0.7008 0.7008 0.1330
vn 0.4956 0.8583 0.1330
vn 0.2565 0.9573 0.1330
vn -0.0000 0.9911 0.1330
vn -0.2565 0.9573 0.1330
vn -0.4956 0.8583 0.1330
vn -0.7008 0.7008 0.1330
vn -0.8583 0.4956 0.1330
vn -0.9573 -0.2565 0.1330
vn 0.5562 -0.5561 0.6176
vn 0.5562 -0.5562 0.6176
vn 0.3933 -0.6811 0.6176
vn -0.8386 -0.2247 0.4962
vn -0.8682 -0.0000 0.4962
vn -0.4961 -0.1329 0.8580
vn -0.5136 -0.0000 0.8580
vn -0.1361 -0.0365 0.9900
vn -0.1409 -0.0000 0.9900
vn -0.7519 -0.4341 0.4962
vn -0.4448 -0.2568 0.8580
vn -0.1220 -0.0704 0.9900
vn -0.6139 -0.6139 0.4962
vn -0.3632 -0.3632 0.8580
vn -0.0996 -0.0996 0.9900
vn -0.4341 -0.7519 0.4962
vn -0.2568 -0.4448 0.8580
vn -0.0704 -0.1220 0.9900
vn -0.2247 -0.8386 0.4962
vn -0.1329 -0.4961 0.8580
vn -0.0365 -0.1361 0.9900
vn -0.0000 -0.8682 0.4962
vn -0.0000 -0.5136 0.8580
vn -0.0000 -0.1409 0.9900
vn 0.2247 -0.8386 0.4962
vn 0.2247 -0.8386 0.4963
vn 0.1329 -0.4961 0.8580
vn 0.0365 -0.1361 0.9900
vn 0.4341 -0.7519 0.4962
vn 0.4341 -0.7518 0.4963
vn 0.2568 -0.4448 0.8580
vn 0.0704 -0.1220 0.9900
vn 0.6139 -0.6139 0.4962
vn 0.6139 -0.6139 0.4963
vn 0.3632 -0.3632 0.8580
vn 0.0996 -0.0996 0.9900
vn 0.7519 -0.4341 0.4962
vn 0.4448 -0.2568 0.8580
vn 0.1220 -0.0704 0.9900
vn 0.8386 -0.2247 0.4962
vn 0.4961 -0.1329 0.8580
vn 0.1361 -0.0365 0.9900
vn 0.8682 -0.0000 0.4962
vn 0.5136 -0.0000 0.8580
vn 0.1409 -0.0000 0.9900
vn 0.8386 0.2247 0.4962
vn 0.8386 0.2247 0.4963
vn 0.4961 0.1329 0.8580
vn 0.1361 0.0365 0.9900
vn 0.7519 0.4341 0.4962
vn 0.7518 0.4341 0.4963
vn 0.4448 0.2568 0.8580
vn 0.1220 0.0704 0.9900
vn 0.6139 0.6139 0.4962
vn 0.6139 0.6139 0.4963
vn 0.3632 0.3632 0.8580
vn 0.0996 0.0996 0.9900
vn 0.4341 0.7519 0.4962
vn 0.4341 0.7519 0.4963
vn 0.2568 0.4448 0.8580
vn 0.2247 0.8386 0.4962
vn 0.1329 0.4961 0.8580
vn -0.0000 0.8682 0.4962
vn -0.0000 0.5136 0.8580
vn -0.0000 0.1409 0.9900
vn -0.2247 0.8386 0.4962
vn -0.1329 0.4961 0.8580
vn -0.4341 0.7519 0.4962
vn -0.2568 0.4448 0.8580
vn -0.6139 0.6139 0.4962
vn -0.3632 0.3632 0.8580
vn -0.0996 0.0996 0.9900
vn -0.7519 0.4341 0.4962
vn -0.4448 0.2568 0.8580
vn -0.1220 0.0704 0.9900
vn -0.8386 0.2247 0.4962
vn -0.4961 0.1329 0.8580
vn -0.1361 0.0365 0.9900
vn -0.6811 -0.3933 0.6176
vn -0.6812 -0.3933 0.6176
vn -0.7597 -0.2036 0.6176
vn -0.2036 0.7597 0.6176
vn -0.0000 0.7865 0.6176
vn 0.6811 -0.3933 0.6176
vn -0.5562 -0.5562 0.6176
vn -0.3933 0.6811 0.6176
vn -0.3933 0.6812 0.6176
vn 0.7597 -0.2036 0.6176
vn 0.7597 0.2036 0.6176
vn 0.7865 -0.0000 0.6176
vn -0.3933 -0.6811 0.6176
vn -0.5562 0.5562 0.6175
vn -0.5562 0.5562 0.6176
vn 0.6811 0.3933 0.6176
vn -0.2036 -0.7597 0.6175
vn -0.6811 0.3933 0.6176
vn 0.5562 0.5562 0.6175
vn -0.0000 -0.7865 0.6175
vn -0.0000 -0.7865 0.6176
vn -0.7597 0.2036 0.6176
vn 0.3933 0.6811 0.6176
vn 0.2036 -0.7597 0.6176
vn -0.7865 -0.0000 0.6176
vn 0.2036 0.7597 0.6176
vn -0.7008 0.7010 -0.1326
vn -0.7862 0.6040 -0.1305
vn -0.7933 0.6088 -0.0000
vn 0.7007 0.7011 -0.1324
vn 0.7862 0.6040 -0.1306
vn 0.6875 0.5331 -0.4931
vn 0.6142 0.6167 -0.4923
vn 0.4089 0.3274 -0.8518
vn 0.3648 0.3711 -0.8539
vn -0.6142 0.6167 -0.4923
vn -0.3648 0.3711 -0.8539
vn -0.6875 0.5331 -0.4931
vn -0.4089 0.3274 -0.8518
vn 0.7933 0.6088 -0.0000
vn -0.7862 0.6040 0.1304
vn -0.7007 0.7010 0.1324
vn 0.7006 0.7011 0.1327
vn 0.6142 0.6167 0.4923
vn 0.6875 0.5331 0.4931
vn 0.7863 0.6040 0.1305
vn 0.3648 0.3711 0.8539
vn 0.4089 0.3274 0.8518
vn -0.6142 0.6167 0.4923
vn -0.3648 0.3711 0.8539
vn -0.6875 0.5331 0.4931
vn -0.4089 0.3274 0.8518
vn 0.2565 -0.9572 0.1338
vn -0.0000 -0.9910 0.1338
vn -0.2565 -0.9572 0.1338
vn -0.4955 -0.8582 0.1338
vn 0.7934 -0.6088 -0.0000
vn 0.7863 -0.6040 0.1300
vn 0.7006 -0.7011 0.1329
vn 0.4955 -0.8582 0.1338
vn -0.7006 -0.7011 0.1330
vn 0.0001 -0.1363 0.9907
vn -0.6126 -0.6149 0.4966
vn -0.6860 -0.5321 0.4962
vn -0.7863 -0.6040 0.1301
vn -0.3604 -0.3657 0.8582
vn -0.4107 -0.3287 0.8505
vn -0.4817 -0.8342 0.2685
vn -0.3472 -0.6020 0.7190
vn -0.2518 -0.4369 0.8635
vn -0.2493 -0.9306 0.2681
vn -0.1803 -0.6729 0.7174
vn -0.1308 -0.4884 0.8628
vn -0.0000 -0.9634 0.2682
vn -0.0000 -0.6967 0.7174
vn -0.0000 -0.5058 0.8626
vn 0.2493 -0.9305 0.2682
vn 0.1803 -0.6729 0.7174
vn 0.1309 -0.4884 0.8628
vn 0.4817 -0.8343 0.2682
vn 0.3472 -0.6020 0.7191
vn 0.2519 -0.4369 0.8635
vn 0.6126 -0.6149 0.4966
vn 0.3604 -0.3657 0.8582
vn 0.6860 -0.5321 0.4962
vn 0.4107 -0.3287 0.8505
vn -0.7934 -0.6087 -0.0000
vn -0.0000 -0.9910 -0.1338
vn 0.2565 -0.9572 -0.1338
vn -0.4955 -0.8582 -0.1338
vn -0.2565 -0.9572 -0.1338
vn 0.7006 -0.7011 -0.1330
vn 0.7863 -0.6040 -0.1301
vn 0.4955 -0.8582 -0.1338
vn -0.7006 -0.7011 -0.1330
vn 0.0001 -0.1363 -0.9907
vn -0.7863 -0.6040 -0.1301
vn -0.6860 -0.5321 -0.4962
vn -0.6126 -0.6149 -0.4966
vn -0.4107 -0.3287 -0.8505
vn -0.3604 -0.3657 -0.8582
vn -0.4818 -0.8342 -0.2682
vn -0.3472 -0.6020 -0.7191
vn -0.2518 -0.4369 -0.8635
vn -0.2493 -0.9306 -0.2681
vn -0.1803 -0.6729 -0.7174
vn -0.1308 -0.4884 -0.8628
vn -0.0000 -0.9634 -0.2682
vn -0.0000 -0.6967 -0.7174
vn -0.0000 -0.5058 -0.8626
vn 0.2493 -0.9305 -0.2682
vn 0.1803 -0.6729 -0.7174
vn 0.1309 -0.4884 -0.8628
vn 0.4817 -0.8343 -0.2682
vn 0.3472 -0.6021 -0.7190
vn 0.2518 -0.4369 -0.8635
vn 0.6126 -0.6149 -0.4966
vn 0.3604 -0.3657 -0.8582
vn 0.6860 -0.5321 -0.4962
vn 0.4107 -0.3287 -0.8505
vn 0.6143 -0.7890 -0.0124
vn 0.6046 -0.7963 -0.0195
vn 0.6141 -0.7891 -0.0128
vn 0.5716 -0.8203 -0.0195
vn 0.5730 -0.8193 -0.0187
vn 0.5527 -0.8329 -0.0289
vn 0.5525 -0.8330 -0.0290
vn -0.6046 -0.7963 -0.0190
vn -0.6143 -0.7890 -0.0124
vn -0.6141 -0.7891 -0.0128
vn -0.6046 -0.7963 -0.0195
vn -0.5716 -0.8203 -0.0196
vn -0.5730 -0.8193 -0.0188
vn -0.5527 -0.8329 -0.0289
vn -0.5526 -0.8330 -0.0290
vn 0.6088 -0.7933 -0.0001
vn -0.4702 -0.8826 -0.0028
vn -0.2366 -0.9716 -0.0000
vn -0.2365 -0.9716 -0.0000
vn -0.4702 -0.8826 -0.0027
vn 0.2365 -0.9716 -0.0000
vn 0.4702 -0.8826 -0.0028
vn 0.2366 -0.9716 -0.0000
vn -0.6088 -0.7933 0.0001
vn 0.6046 -0.7963 0.0194
vn 0.6143 -0.7890 0.0124
vn 0.6141 -0.7891 0.0128
vn 0.6046 -0.7963 0.0195
vn 0.5716 -0.8203 0.0196
vn 0.5730 -0.8194 0.0188
vn 0.5527 -0.8329 0.0289
vn 0.5526 -0.8330 0.0290
vn -0.6143 -0.7890 0.0124
vn -0.6046 -0.7963 0.0195
vn -0.6141 -0.7891 0.0128
vn -0.5716 -0.8203 0.0195
vn -0.5730 -0.8193 0.0188
vn -0.5527 -0.8329 0.0289
vn -0.5526 -0.8330 0.0290
vn -0.4702 -0.8826 0.0027
vn -0.4702 -0.8826 0.0028
vn 0.4702 -0.8826 0.0027
vn -0.1901 -0.7092 -0.6789
vn 0.1900 -0.7093 -0.6789
vn -0.0001 -0.7343 -0.6789
vn -0.3672 -0.6359 -0.6789
vn -0.5193 -0.5192 -0.6788
vn -0.6359 -0.3671 -0.6789
vn 0.6359 -0.3672 -0.6789
vn -0.7093 -0.1900 -0.6789
vn -0.7343 0.0001 -0.6789
vn 0.7343 -0.0001 -0.6789
vn -0.7092 0.1901 -0.6789
vn 0.7093 0.1900 -0.6789
vn -0.6359 0.3672 -0.6789
vn -0.5192 0.5193 -0.6788
vn 0.5193 0.5192 -0.6788
vn -0.3671 0.6359 -0.6789
vn 0.3672 0.6359 -0.6789
vn -0.1900 0.7093 -0.6789
vn 0.1901 0.7092 -0.6789
vn 0.0001 0.7343 -0.6789
vn 0.3672 -0.6359 0.6789
vn 0.5192 -0.5192 0.6789
vn 0.7093 -0.1900 0.6789
vn 0.7343 0.0001 0.6789
vn -0.7093 0.1900 0.6789
vn 0.6359 0.3672 0.6789
vn -0.6359 0.3671 0.6789
vn 0.5192 0.5192 0.6789
vn -0.5192 0.5192 0.6789
vn -0.3672 0.6359 0.6789
vn 0.1900 0.7093 0.6789
vn -0.0001 0.7343 0.6789
vt 0.657897 0.278599
vt 0.657897 0.278596
vt 0.657882 0.278588
vt 0.657879 0.278589
vt 0.657879 0.278604
vt 0.657882 0.278605
vt 0.657896 0.278602
vt 0.657884 0.278587
vt 0.657889 0.278587
vt 0.657887 0.278586
vt 0.657878 0.278602
vt 0.657894 0.278604
vt 0.657892 0.278588
vt 0.657877 0.278599
vt 0.657892 0.278605
vt 0.657894 0.278589
vt 0.657876 0.278596
vt 0.657889 0.278606
vt 0.657896 0.278591
vt 0.657877 0.278594
vt 0.657887 0.278607
vt 0.657897 0.278594
vt 0.657878 0.278591
vt 0.657884 0.278606
vt 0.656488 0.279504
vt 0.656488 0.279504
vt 0.656488 0.279504
vt 0.656488 0.279504
vt 0.656488 0.279504
vt 0.656488 0.279504
vt 0.783195 0.278333
vt 0.783195 0.278333
vt 0.657695 0.278332
vt 0.657695 0.278332
vt 0.657695 0.278333
vt 0.657695 0.278333
vt 0.783195 0.278332
vt 0.783195 0.278332
vt 0.783195 0.278332
vt 0.783195 0.278332
vt 0.657695 0.278333
vt 0.657695 0.278333
vt 0.783195 0.278333
vt 0.783195 0.278333
vt 0.783195 0.278333
vt 0.783195 0.278333
vt 0.783195 0.278333
vt 0.783195 0.278333
vt 0.657695 0.278333
vt 0.657695 0.278333
vt 0.657695 0.278333
vt 0.657695 0.278333
vt 0.783195 0.278333
vt 0.783195 0.278333
vt 0.657695 0.278332
vt 0.657695 0.278332
vt 0.657695 0.278333
vt 0.657695 0.278333
vt 0.657695 0.278333
vt 0.657695 0.278333
vt 0.657695 0.278332
vt 0.657695 0.278332
vt 0.657695 0.278333
vt 0.658789 0.280020
vt 0.658789 0.280020
vt 0.658789 0.280020
vt 0.658789 0.280020
vt 0.658789 0.280020
vt 0.658789 0.280020
vt 0.657481 0.278567
vt 0.657481 0.278567
vt 0.657481 0.278567
vt 0.657481 0.278567
vt 0.657481 0.278567
vt 0.657481 0.278567
vt 0.657481 0.278567
vt 0.658437 0.278750
vt 0.658437 0.278750
vt 0.783125 0.278970
vt 0.783125 0.278970
vt 0.783125 0.278970
vt 0.783125 0.278970
vt 0.783125 0.278970
vt 0.783125 0.278970
vt 0.783125 0.278970
vt 0.783125 0.278970
vt 0.783125 0.278970
vt 0.719895 0.280178
vt 0.719895 0.280178
vt 0.719895 0.280178
vt 0.719895 0.280178
vt 0.719896 0.280178
vt 0.719896 0.280178
vt 0.719896 0.280178
vt 0.719896 0.280178
vt 0.719896 0.280178
vt 0.719896 0.280178
vt 0.719896 0.280178
vt 0.719896 0.280178
vt 0.719896 0.280178
vt 0.719896 0.280178
vt 0.719896 0.280178
vt 0.719896 0.280179
vt 0.719896 0.280179
vt 0.719896 0.280178
vt 0.719896 0.280179
vt 0.719896 0.280178
vt 0.719896 0.280178
vt 0.719896 0.280178
vt 0.719896 0.280178
vt 0.719895 0.280178
vt 0.719896 0.280178
vt 0.719896 0.280178
vt 0.719896 0.280178
vt 0.719896 0.280178
vt 0.719895 0.280178
vt 0.719896 0.280178
vt 0.719896 0.280178
vt 0.657934 0.278606
vt 0.657932 0.278605
vt 0.719896 0.280178
vt 0.719896 0.280178
vt 0.719896 0.280178
vt 0.719896 0.280178
vt 0.719895 0.280178
vt 0.719895 0.280178
vt 0.719895 0.280178
vt 0.719895 0.280178
vt 0.719895 0.280178
vt 0.719895 0.280178
vt 0.719896 0.280178
vt 0.719896 0.280178
vt 0.719896 0.280178
vt 0.719896 0.280178
vt 0.719895 0.280178
vt 0.719896 0.280178
vt 0.719896 0.280178
vt 0.719895 0.280178
vt 0.719895 0.280178
vt 0.719896 0.280178
vt 0.719896 0.280178
vt 0.719896 0.280178
vt 0.719896 0.280178
vt 0.719895 0.280178
vt 0.719895 0.280178
vt 0.719896 0.280178
vt 0.719896 0.280178
vt 0.719895 0.280178
vt 0.719895 0.280178
vt 0.719895 0.280178
vt 0.719895 0.280178
vt 0.719895 0.280179
vt 0.719895 0.280178
vt 0.719895 0.280178
vt 0.719895 0.280179
vt 0.719895 0.280178
vt 0.719895 0.280178
vt 0.719895 0.280178
vt 0.719895 0.280178
vt 0.719895 0.280178
vt 0.719895 0.280178
vt 0.719895 0.280178
vt 0.719895 0.280178
vt 0.719895 0.280178
vt 0.719895 0.280178
vt 0.719895 0.280178
vt 0.719895 0.280178
vt 0.719895 0.280178
vt 0.719895 0.280178
vt 0.719895 0.280178
vt 0.719895 0.280178
vt 0.719895 0.280178
vt 0.719895 0.280178
vt 0.719895 0.280178
vt 0.719895 0.280178
vt 0.719895 0.280178
vt 0.657942 0.278588
vt 0.657944 0.278589
vt 0.657927 0.278599
vt 0.657926 0.278596
vt 0.657947 0.278596
vt 0.657946 0.278599
vt 0.657929 0.278589
vt 0.657932 0.278588
vt 0.657942 0.278605
vt 0.657939 0.278606
vt 0.657929 0.278604
vt 0.657945 0.278591
vt 0.657927 0.278594
vt 0.657945 0.278602
vt 0.657934 0.278587
vt 0.657937 0.278607
vt 0.657937 0.278586
vt 0.657939 0.278587
vt 0.657928 0.278602
vt 0.657946 0.278594
vt 0.657928 0.278591
vt 0.657944 0.278604
vt 0.719896 0.280178
vt 0.719896 0.280178
vt 0.719896 0.280178
vt 0.719896 0.280178
vt 0.719895 0.280178
vt 0.719896 0.280178
vt 0.719896 0.280178
vt 0.719896 0.280178
vt 0.719896 0.280178
vt 0.719896 0.280178
vt 0.719896 0.280178
vt 0.719895 0.280178
vt 0.719896 0.280178
vt 0.719896 0.280179
vt 0.719896 0.280178
vt 0.719895 0.280179
vt 0.719895 0.280178
vt 0.719895 0.280178
vt 0.719895 0.280178
vt 0.719895 0.280178
vt 0.719895 0.280178
vt 0.719896 0.280179
vt 0.719895 0.280178
vt 0.719895 0.280179
vt 0.719895 0.280178
vt 0.719895 0.280178
vt 0.719895 0.280178
vt 0.719895 0.280178
vt 0.719895 0.280178
vt 0.719895 0.280178
vt 0.719895 0.280178
vt 0.719895 0.280178
vt 0.719895 0.280178
vt 0.719895 0.280178
vt 0.719895 0.280178
vt 0.719895 0.280178
vt 0.719895 0.280178
vt 0.722085 0.280393
vt 0.722085 0.280393
vt 0.722085 0.280393
vt 0.722085 0.280393
vt 0.722086 0.280393
vt 0.722086 0.280393
vt 0.722086 0.280393
vt 0.722086 0.280393
vt 0.722086 0.280393
vt 0.722086 0.280393
vt 0.722086 0.280393
vt 0.722086 0.280393
vt 0.722086 0.280393
vt 0.722086 0.280393
vt 0.722086 0.280393
vt 0.722086 0.280393
vt 0.722086 0.280393
vt 0.722086 0.280393
vt 0.722086 0.280393
vt 0.722086 0.280393
vt 0.722085 0.280393
vt 0.722085 0.280393
vt 0.722085 0.280393
vt 0.722085 0.280393
vt 0.722085 0.280393
vt 0.722085 0.280393
vt 0.722085 0.280393
vt 0.722085 0.280393
vt 0.722085 0.280393
vt 0.722085 0.280393
vt 0.722085 0.280393
vt 0.722085 0.280393
vt 0.722086 0.280393
vt 0.722086 0.280393
vt 0.722085 0.280393
vt 0.722086 0.280393
vt 0.722086 0.280393
vt 0.722086 0.280393
vt 0.722086 0.280393
vt 0.722085 0.280393
vt 0.722085 0.280393
vt 0.722086 0.280393
vt 0.722085 0.280393
vt 0.722086 0.280393
vt 0.722086 0.280393
vt 0.722085 0.280393
vt 0.722086 0.280393
vt 0.722086 0.280393
vt 0.722086 0.280393
vt 0.722086 0.280394
vt 0.722086 0.280393
vt 0.722085 0.280394
vt 0.722085 0.280394
vt 0.722086 0.280393
vt 0.722085 0.280394
vt 0.722086 0.280393
vt 0.722085 0.280394
vt 0.722086 0.280393
vt 0.722085 0.280394
vt 0.722085 0.280394
vt 0.722085 0.280393
vt 0.722085 0.280394
vt 0.722085 0.280393
vt 0.722085 0.280394
vt 0.722085 0.280393
vt 0.722085 0.280393
vt 0.722085 0.280393
vt 0.722085 0.280393
vt 0.722085 0.280393
vt 0.722085 0.280393
vt 0.722085 0.280393
vt 0.722085 0.280393
vt 0.722085 0.280393
vt 0.722085 0.280393
vt 0.722085 0.280393
vt 0.722085 0.280393
vt 0.722085 0.280394
vt 0.722085 0.280394
vt 0.722085 0.280394
vt 0.722085 0.280394
vt 0.722085 0.280393
vt 0.722085 0.280393
vt 0.656488 0.279504
vt 0.656488 0.279504
vt 0.656488 0.279504
vt 0.656488 0.279504
vt 0.656488 0.279504
vt 0.656488 0.279504
vt 0.656488 0.279504
vt 0.656488 0.279504
vt 0.656488 0.279504
vt 0.656488 0.279504
vt 0.656488 0.279504
vt 0.656488 0.279504
vt 0.656488 0.279504
vt 0.656488 0.279504
vt 0.656488 0.279504
vt 0.658789 0.280020
vt 0.658789 0.280020
vt 0.658789 0.280020
vt 0.658691 0.278565
s 0
usemtl AIRPORT
f 1/1/1 2/2/1 3/1/1
f 4/3/1 5/4/1 6/3/1
f 7/5/1 8/6/1 9/5/1
f 10/7/1 1/1/1 11/7/1
f 12/8/1 4/3/1 13/8/1
f 14/9/1 15/10/1 16/9/1
f 17/11/1 7/5/1 18/11/1
f 19/12/1 10/7/1 20/12/1
f 15/10/1 12/8/1 21/10/1
f 22/13/1 14/9/1 23/13/1
f 24/14/1 17/11/1 25/14/1
f 26/15/1 19/12/1 27/15/1
f 28/16/1 22/13/1 29/16/1
f 30/17/1 24/14/1 31/17/1
f 32/18/1 26/15/1 33/18/1
f 34/19/1 28/16/1 35/19/1
f 36/20/1 30/17/1 37/20/1
f 38/21/1 32/18/1 39/21/1
f 40/22/1 34/19/1 41/22/1
f 42/23/1 36/20/1 43/23/1
f 44/24/1 38/21/1 45/24/1
f 2/2/1 40/22/1 46/2/1
f 5/4/1 42/23/1 47/4/1
f 8/6/1 44/24/1 48/6/1
f 49/1/2 50/1/2 51/2/2
f 52/3/2 53/3/2 54/4/2
f 55/5/2 56/5/2 57/6/2
f 58/7/2 59/7/2 49/1/2
f 60/8/2 61/8/2 52/3/2
f 62/9/2 63/9/2 64/10/2
f 65/11/2 66/11/2 55/5/2
f 67/12/2 68/12/2 58/7/2
f 64/10/2 69/10/2 60/8/2
f 70/13/2 71/13/2 62/9/2
f 72/14/2 73/14/2 65/11/2
f 74/15/2 75/15/2 67/12/2
f 76/16/2 77/16/2 70/13/2
f 78/17/2 79/17/2 72/14/2
f 80/18/2 81/18/2 74/15/2
f 82/19/2 83/19/2 76/16/2
f 84/20/2 85/20/2 78/17/2
f 86/21/2 87/21/2 80/18/2
f 88/22/2 89/22/2 82/19/2
f 90/23/2 91/23/2 84/20/2
f 92/24/2 93/24/2 86/21/2
f 51/2/2 94/2/2 88/22/2
f 54/4/2 95/4/2 90/23/2
f 57/6/2 96/6/2 92/24/2
s 1
f 97/25/3 98/26/4 99/25/1
f 100/27/5 101/28/6 102/27/1
f 103/29/7 104/29/1 99/25/1
f 98/26/4 105/26/8 99/25/1
f 105/26/8 103/29/7 99/25/1
f 106/27/9 100/27/5 102/27/1
f 107/30/10 106/27/9 102/27/1
f 108/30/1 107/30/10 102/27/1
f 109/25/11 110/25/2 111/26/12
f 112/27/13 113/27/2 114/28/14
f 115/29/15 110/25/2 116/29/2
f 111/26/12 110/25/2 117/26/16
f 117/26/16 110/25/2 115/29/15
f 118/27/17 113/27/2 112/27/13
f 119/30/18 113/27/2 118/27/17
f 120/30/2 113/27/2 119/30/18
f 121/25/19 122/25/20 123/26/21
f 124/27/22 125/27/20 126/28/23
f 127/29/24 122/25/20 128/29/20
f 123/26/21 122/25/20 129/26/25
f 129/26/25 122/25/20 127/29/24
f 130/27/26 125/27/20 124/27/22
f 131/30/27 125/27/20 130/27/26
f 132/30/20 125/27/20 131/30/27
f 133/25/28 134/26/29 135/25/30
f 136/27/31 137/28/32 138/27/30
f 139/29/33 140/29/30 135/25/30
f 134/26/29 141/26/34 135/25/30
f 141/26/34 139/29/33 135/25/30
f 142/27/35 136/27/31 138/27/30
f 143/30/36 142/27/35 138/27/30
f 144/30/30 143/30/36 138/27/30
f 145/31/37 146/32/37 147/32/38
f 145/31/37 147/32/38 148/31/38
f 149/33/39 150/34/40 151/34/41
f 149/33/39 151/34/41 152/33/42
f 153/35/43 154/36/44 155/36/45
f 153/35/43 155/36/45 156/35/46
f 157/31/47 158/32/48 146/32/37
f 157/31/47 146/32/37 145/31/37
f 159/37/39 160/38/39 161/39/49
f 159/37/39 161/39/49 162/40/49
f 156/35/46 155/36/45 163/41/50
f 156/35/46 163/41/50 164/42/51
f 148/31/38 147/32/38 165/43/51
f 148/31/38 165/43/51 166/44/51
f 167/45/52 168/46/52 169/47/53
f 167/45/52 169/47/53 170/48/53
f 171/33/54 172/34/55 173/34/56
f 171/33/54 173/34/56 174/33/57
f 175/35/52 176/36/58 154/36/44
f 175/35/52 154/36/44 153/35/43
f 177/49/59 178/50/60 179/50/61
f 177/49/59 179/50/61 180/49/62
f 181/51/63 182/52/64 178/50/60
f 181/51/63 178/50/60 177/49/59
f 152/33/42 151/34/41 172/34/55
f 152/33/42 172/34/55 171/33/54
f 180/49/62 179/50/61 183/50/65
f 180/49/62 183/50/65 184/49/53
f 185/53/63 186/54/63 187/38/57
f 185/53/63 187/38/57 188/37/57
f 162/40/49 161/39/49 189/39/66
f 162/40/49 189/39/66 190/40/66
f 191/55/67 192/55/68 193/55/69
f 191/55/67 193/55/69 194/55/70
f 194/55/70 193/55/69 195/55/71
f 194/55/70 195/55/71 196/55/72
f 196/55/72 195/55/71 197/56/73
f 196/55/72 197/56/73 198/56/74
f 199/55/75 191/55/67 194/55/70
f 199/55/75 194/55/70 200/55/76
f 200/55/76 194/55/70 196/55/72
f 200/55/76 196/55/72 201/55/77
f 201/55/77 196/55/72 202/57/78
f 201/55/77 202/57/78 203/57/79
f 204/55/80 199/55/75 200/55/76
f 204/55/80 200/55/76 205/55/81
f 205/55/81 200/55/76 201/55/77
f 205/55/81 201/55/77 206/55/82
f 206/55/82 201/55/77 203/57/79
f 206/55/82 203/57/79 207/57/83
f 208/58/84 209/58/85 210/58/86
f 208/58/84 210/58/86 211/58/87
f 211/58/87 210/58/86 212/58/88
f 211/58/87 212/58/88 213/58/89
f 213/58/89 212/58/88 154/36/44
f 213/58/89 154/36/44 176/36/58
f 209/58/85 214/59/90 215/58/91
f 209/58/85 215/58/91 210/58/86
f 210/58/86 215/58/91 216/58/92
f 210/58/86 216/58/92 212/58/88
f 212/58/88 216/58/92 155/36/45
f 212/58/88 155/36/45 154/36/44
f 214/59/90 217/59/93 218/59/94
f 214/59/90 218/59/94 215/58/91
f 215/58/91 218/59/94 219/59/95
f 215/58/91 219/59/95 216/58/92
f 216/58/92 219/59/95 163/41/50
f 216/58/92 163/41/50 155/36/45
f 220/52/96 221/52/97 222/50/98
f 220/52/96 222/50/98 223/52/99
f 223/52/99 222/50/98 224/50/100
f 223/52/99 224/50/100 225/52/101
f 225/52/101 224/50/100 178/50/60
f 225/52/101 178/50/60 182/52/64
f 221/52/97 226/50/102 227/50/103
f 221/52/97 227/50/103 222/50/98
f 222/50/98 227/50/103 228/50/104
f 222/50/98 228/50/104 224/50/100
f 224/50/100 228/50/104 179/50/61
f 224/50/100 179/50/61 178/50/60
f 226/50/102 229/60/105 230/60/106
f 226/50/102 230/60/106 227/50/103
f 227/50/103 230/60/106 231/60/107
f 227/50/103 231/60/107 228/50/104
f 228/50/104 231/60/107 183/50/65
f 228/50/104 183/50/65 179/50/61
f 232/61/108 233/34/109 234/34/110
f 232/61/108 234/34/110 235/61/111
f 235/61/111 234/34/110 236/34/112
f 235/61/111 236/34/112 237/61/113
f 237/61/113 236/34/112 151/34/41
f 237/61/113 151/34/41 150/34/40
f 233/34/109 238/34/114 239/34/115
f 233/34/109 239/34/115 234/34/110
f 234/34/110 239/34/115 240/34/116
f 234/34/110 240/34/116 236/34/112
f 236/34/112 240/34/116 172/34/55
f 236/34/112 172/34/55 151/34/41
f 238/34/114 241/34/117 242/34/118
f 238/34/114 242/34/118 239/34/115
f 239/34/115 242/34/118 243/34/119
f 239/34/115 243/34/119 240/34/116
f 240/34/116 243/34/119 173/34/56
f 240/34/116 173/34/56 172/34/55
f 207/57/83 163/41/50 219/59/95
f 207/57/83 219/59/95 206/55/82
f 206/55/82 219/59/95 218/59/94
f 206/55/82 218/59/94 205/55/81
f 205/55/81 218/59/94 217/59/93
f 205/55/81 217/59/93 204/55/80
f 176/36/58 183/50/65 231/60/107
f 176/36/58 231/60/107 213/58/89
f 213/58/89 231/60/107 230/60/106
f 213/58/89 230/60/106 211/58/87
f 211/58/87 230/60/106 229/60/105
f 211/58/87 229/60/105 208/58/84
f 182/52/64 173/34/56 243/34/119
f 182/52/64 243/34/119 225/52/101
f 225/52/101 243/34/119 242/34/118
f 225/52/101 242/34/118 223/52/99
f 223/52/99 242/34/118 241/34/117
f 223/52/99 241/34/117 220/52/96
f 150/34/40 197/56/73 195/55/71
f 150/34/40 195/55/71 237/61/113
f 237/61/113 195/55/71 193/55/69
f 237/61/113 193/55/69 235/61/111
f 235/61/111 193/55/69 192/55/68
f 235/61/111 192/55/68 232/61/108
f 197/56/73 244/62/49 245/62/66
f 197/56/73 245/62/66 198/56/74
f 182/52/64 181/51/63 174/33/57
f 182/52/64 174/33/57 173/34/56
f 246/47/62 247/48/62 170/48/53
f 246/47/62 170/48/53 169/47/53
f 248/38/42 249/37/42 250/37/54
f 248/38/42 250/37/54 251/38/54
f 186/54/63 185/53/63 252/48/59
f 186/54/63 252/48/59 253/47/59
f 253/47/59 252/48/59 247/48/62
f 253/47/59 247/48/62 246/47/62
f 168/46/52 167/45/52 254/45/43
f 168/46/52 254/45/43 255/46/43
f 251/38/54 250/37/54 188/37/57
f 251/38/54 188/37/57 187/38/57
f 176/36/58 175/35/52 184/49/53
f 176/36/58 184/49/53 183/50/65
f 207/57/83 256/63/38 164/42/51
f 207/57/83 164/42/51 163/41/50
f 257/46/46 258/45/46 166/44/51
f 257/46/46 166/44/51 165/43/51
f 150/34/40 149/33/39 244/62/49
f 150/34/40 244/62/49 197/56/73
f 202/57/78 259/63/47 260/63/37
f 202/57/78 260/63/37 203/57/79
f 255/46/43 254/45/43 258/45/46
f 255/46/43 258/45/46 257/46/46
f 160/38/39 159/37/39 249/37/42
f 160/38/39 249/37/42 248/38/42
f 203/57/79 260/63/37 256/63/38
f 203/57/79 256/63/38 207/57/83
f 261/31/120 262/31/121 263/32/122
f 261/31/120 263/32/122 264/32/123
f 265/33/124 266/33/125 267/34/126
f 265/33/124 267/34/126 268/34/127
f 269/35/128 270/35/129 271/36/130
f 269/35/128 271/36/130 272/36/131
f 273/31/132 261/31/120 264/32/123
f 273/31/132 264/32/123 274/32/132
f 275/37/133 276/40/134 277/39/135
f 275/37/133 277/39/135 278/38/136
f 270/35/129 279/42/137 280/41/138
f 270/35/129 280/41/138 271/36/130
f 262/31/121 281/44/139 282/43/140
f 262/31/121 282/43/140 263/32/122
f 283/45/141 284/48/142 285/47/143
f 283/45/141 285/47/143 286/46/144
f 287/33/145 288/33/146 289/34/147
f 287/33/145 289/34/147 290/34/148
f 291/35/149 269/35/128 272/36/131
f 291/35/149 272/36/131 292/36/150
f 293/49/151 294/49/152 295/50/153
f 293/49/151 295/50/153 296/50/154
f 297/51/155 293/49/151 296/50/154
f 297/51/155 296/50/154 298/52/156
f 266/33/125 287/33/145 290/34/148
f 266/33/125 290/34/148 267/34/126
f 294/49/152 299/49/157 300/50/158
f 294/49/152 300/50/158 295/50/153
f 301/53/159 302/37/160 303/38/161
f 301/53/159 303/38/161 304/54/162
f 276/40/134 305/40/163 306/39/164
f 276/40/134 306/39/164 277/39/135
f 307/55/165 308/55/166 309/55/167
f 307/55/165 309/55/167 310/55/168
f 308/55/166 311/55/169 312/55/170
f 308/55/166 312/55/170 313/55/171
f 314/55/172 315/56/173 316/56/174
f 314/55/172 316/56/174 317/55/175
f 318/55/176 319/55/177 308/55/166
f 318/55/176 308/55/166 307/55/165
f 319/55/177 320/55/178 311/55/169
f 319/55/177 311/55/169 308/55/166
f 321/55/179 322/57/180 323/57/181
f 321/55/179 323/57/181 314/55/182
f 324/55/183 325/55/184 319/55/177
f 324/55/183 319/55/177 318/55/176
f 326/55/185 327/55/186 320/55/178
f 326/55/185 320/55/178 319/55/177
f 328/55/187 329/57/188 322/57/180
f 328/55/187 322/57/180 321/55/179
f 330/58/189 331/58/190 332/58/191
f 330/58/189 332/58/191 333/58/192
f 334/58/193 335/58/194 336/58/195
f 334/58/193 336/58/195 332/58/191
f 337/58/196 292/36/150 272/36/131
f 337/58/196 272/36/131 338/58/197
f 333/58/192 332/58/191 339/58/198
f 333/58/192 339/58/198 340/59/199
f 332/58/191 336/58/195 341/58/200
f 332/58/191 341/58/200 339/58/198
f 338/58/197 272/36/131 271/36/130
f 338/58/197 271/36/130 342/58/201
f 340/59/199 339/58/198 343/59/202
f 340/59/199 343/59/202 344/59/203
f 339/58/198 341/58/200 345/59/204
f 339/58/198 345/59/204 346/59/205
f 342/58/201 271/36/130 280/41/138
f 342/58/201 280/41/138 347/59/206
f 348/52/207 349/52/208 350/50/209
f 348/52/207 350/50/209 351/52/210
f 352/52/211 353/52/212 354/50/213
f 352/52/211 354/50/213 350/50/209
f 355/52/214 298/52/156 296/50/154
f 355/52/214 296/50/154 356/50/215
f 351/52/210 350/50/209 357/50/216
f 351/52/210 357/50/216 358/50/217
f 350/50/209 354/50/213 359/50/218
f 350/50/209 359/50/218 357/50/216
f 356/50/215 296/50/154 295/50/153
f 356/50/215 295/50/153 360/50/219
f 358/50/217 357/50/216 361/60/220
f 358/50/217 361/60/220 362/60/221
f 357/50/216 359/50/218 363/60/222
f 357/50/216 363/60/222 364/60/223
f 360/50/219 295/50/153 300/50/158
f 360/50/219 300/50/158 365/60/224
f 366/61/225 367/61/226 368/34/227
f 366/61/225 368/34/227 369/34/228
f 370/61/229 371/61/230 372/34/231
f 370/61/229 372/34/231 368/34/227
f 373/61/232 268/34/127 267/34/126
f 373/61/232 267/34/126 374/34/233
f 369/34/228 368/34/227 375/34/234
f 369/34/228 375/34/234 376/34/235
f 368/34/227 372/34/231 377/34/236
f 368/34/227 377/34/236 375/34/234
f 374/34/233 267/34/126 290/34/148
f 374/34/233 290/34/148 378/34/237
f 376/34/235 375/34/234 379/34/238
f 376/34/235 379/34/238 380/34/239
f 375/34/234 377/34/236 381/34/240
f 375/34/234 381/34/240 382/34/241
f 378/34/237 290/34/148 289/34/147
f 378/34/237 289/34/147 383/34/242
f 329/57/188 328/55/187 347/59/206
f 329/57/188 347/59/206 280/41/138
f 327/55/186 326/55/185 346/59/205
f 327/55/186 346/59/205 345/59/204
f 325/55/184 324/55/183 344/59/203
f 325/55/184 344/59/203 343/59/202
f 292/36/150 337/58/196 365/60/224
f 292/36/150 365/60/224 300/50/158
f 335/58/194 334/58/193 364/60/223
f 335/58/194 364/60/223 363/60/222
f 331/58/190 330/58/189 362/60/221
f 331/58/190 362/60/221 361/60/220
f 298/52/156 355/52/214 383/34/242
f 298/52/156 383/34/242 289/34/147
f 353/52/212 352/52/211 382/34/241
f 353/52/212 382/34/241 381/34/240
f 349/52/208 348/52/207 380/34/239
f 349/52/208 380/34/239 379/34/238
f 268/34/127 373/61/232 317/55/175
f 268/34/127 317/55/175 316/56/174
f 371/61/230 370/61/229 313/55/171
f 371/61/230 313/55/171 312/55/170
f 367/61/226 366/61/225 310/55/168
f 367/61/226 310/55/168 309/55/167
f 316/56/174 315/56/173 384/62/243
f 316/56/174 384/62/243 385/62/244
f 298/52/156 289/34/147 288/33/146
f 298/52/156 288/33/146 297/51/155
f 386/47/245 285/47/143 284/48/142
f 386/47/245 284/48/142 387/48/246
f 388/38/247 389/38/248 390/37/249
f 388/38/247 390/37/249 391/37/125
f 304/54/162 392/47/250 393/48/251
f 304/54/162 393/48/251 301/53/159
f 392/47/250 386/47/245 387/48/246
f 392/47/250 387/48/246 393/48/251
f 286/46/144 394/46/252 395/45/128
f 286/46/144 395/45/128 283/45/141
f 389/38/248 303/38/161 302/37/160
f 389/38/248 302/37/160 390/37/249
f 292/36/150 300/50/158 299/49/157
f 292/36/150 299/49/157 291/35/149
f 329/57/188 280/41/138 279/42/137
f 329/57/188 279/42/137 396/63/253
f 397/46/254 282/43/140 281/44/139
f 397/46/254 281/44/139 398/45/255
f 268/34/127 316/56/174 385/62/244
f 268/34/127 385/62/244 265/33/124
f 323/57/181 322/57/180 399/63/120
f 323/57/181 399/63/120 400/63/256
f 394/46/252 397/46/254 398/45/255
f 394/46/252 398/45/255 395/45/128
f 278/38/136 388/38/247 391/37/125
f 278/38/136 391/37/125 275/37/133
f 322/57/180 329/57/188 396/63/253
f 322/57/180 396/63/253 399/63/120
s 0
f 401/39/257 402/39/257 403/39/257
f 401/39/257 403/39/257 404/39/257
f 405/32/257 406/32/257 407/32/257
f 405/32/257 407/32/257 408/32/257
f 409/32/257 405/32/257 408/32/257
f 409/32/257 408/32/257 410/32/257
f 411/46/257 412/46/257 413/46/257
f 411/46/257 413/46/257 414/46/257
f 412/46/257 415/46/257 416/46/257
f 412/46/257 416/46/257 413/46/257
f 415/46/257 417/43/257 418/43/257
f 415/46/257 418/43/257 416/46/257
f 419/54/257 420/47/257 421/47/257
f 419/54/257 421/47/257 422/54/257
f 420/47/257 423/47/257 424/47/257
f 420/47/257 424/47/257 421/47/257
f 423/47/257 425/47/257 426/47/257
f 423/47/257 426/47/257 424/47/257
f 427/38/257 428/38/257 429/38/257
f 427/38/257 429/38/257 430/38/257
f 428/38/257 431/38/257 432/38/257
f 428/38/257 432/38/257 429/38/257
f 431/38/257 433/38/257 434/38/257
f 431/38/257 434/38/257 432/38/257
f 417/43/257 409/32/257 410/32/257
f 417/43/257 410/32/257 418/43/257
f 402/39/257 427/38/257 430/38/257
f 402/39/257 430/38/257 403/39/257
f 425/47/257 411/46/257 414/46/257
f 425/47/257 414/46/257 426/47/257
f 433/38/257 419/54/257 422/54/257
f 433/38/257 422/54/257 434/38/257
s 1
f 435/64/258 436/65/259 437/65/260
f 435/64/258 437/65/260 438/64/261
f 438/64/261 437/65/260 439/65/262
f 438/64/261 439/65/262 440/64/263
f 440/64/263 439/65/262 441/65/264
f 440/64/263 441/65/264 442/64/265
f 442/64/265 441/65/264 443/65/266
f 442/64/265 443/65/266 444/64/267
f 444/64/267 443/65/266 445/65/268
f 444/64/267 445/65/268 446/64/269
f 446/64/269 445/65/268 447/65/270
f 446/64/269 447/65/270 448/64/271
f 448/64/271 447/65/270 449/65/272
f 448/64/271 449/65/272 450/64/273
f 450/64/273 449/65/272 451/65/274
f 450/64/273 451/65/274 452/64/275
f 452/64/275 451/65/274 453/66/276
f 452/64/275 453/66/276 454/67/277
f 454/67/277 453/66/276 455/66/278
f 454/67/277 455/66/278 456/67/279
f 456/67/279 455/66/278 457/66/280
f 456/67/279 457/66/280 458/67/281
f 458/67/281 457/66/280 459/66/282
f 458/67/281 459/66/282 460/67/283
f 460/67/283 459/66/282 461/66/284
f 460/67/283 461/66/284 462/67/285
f 462/67/285 461/66/284 463/66/286
f 462/67/285 463/66/286 464/67/287
f 464/67/287 463/66/286 465/66/288
f 464/67/287 465/66/288 466/67/289
f 466/67/289 465/66/288 467/68/290
f 466/67/289 467/68/290 468/69/291
f 468/69/291 467/68/290 469/68/292
f 468/69/291 469/68/292 470/69/293
f 470/69/293 469/68/292 471/68/294
f 470/69/293 471/68/294 472/69/295
f 472/69/295 471/68/294 473/68/296
f 472/69/295 473/68/296 474/69/297
f 474/69/297 473/68/296 475/68/298
f 474/69/297 475/68/298 476/69/299
f 476/69/299 475/68/298 477/68/300
f 476/69/299 477/68/300 478/69/301
f 478/69/301 477/68/300 479/68/302
f 478/69/301 479/68/302 480/69/303
f 480/69/303 479/68/302 481/68/304
f 480/69/303 481/68/304 482/69/305
f 482/69/305 481/68/304 483/68/306
f 482/69/305 483/68/306 484/69/258
f 485/70/307 486/71/308 487/72/309
f 485/70/307 487/72/309 488/73/310
f 488/73/310 487/72/309 489/74/311
f 488/73/310 489/74/311 490/75/312
f 490/75/312 489/74/311 491/74/313
f 490/75/312 491/74/313 492/75/314
f 492/75/314 491/74/313 493/74/315
f 492/75/314 493/74/315 494/75/316
f 494/75/316 493/74/315 495/74/317
f 494/75/316 495/74/317 496/75/318
f 496/75/318 495/74/317 497/74/319
f 496/75/318 497/74/319 498/75/320
f 498/75/320 497/74/319 499/74/321
f 498/75/320 499/74/321 500/75/322
f 500/75/322 499/74/321 501/74/323
f 500/75/322 501/74/323 502/75/324
f 502/75/324 501/74/323 503/74/325
f 502/75/324 503/74/325 504/75/326
f 504/75/326 503/74/325 505/74/327
f 504/75/326 505/74/327 506/75/328
f 506/75/328 505/74/327 507/74/329
f 506/75/328 507/74/329 508/75/330
f 508/75/330 507/74/329 509/74/331
f 508/75/330 509/74/331 510/75/332
f 510/75/332 509/74/331 511/74/333
f 510/75/332 511/74/333 512/75/334
f 512/75/334 511/74/333 513/74/335
f 512/75/334 513/74/335 514/75/336
f 514/75/336 513/74/335 515/74/337
f 514/75/336 515/74/337 516/75/338
f 516/75/338 515/74/337 517/74/339
f 516/75/338 517/74/339 518/75/340
f 518/75/340 517/74/339 519/74/341
f 518/75/340 519/74/341 520/75/342
f 520/75/342 519/74/341 521/74/343
f 520/75/342 521/74/343 522/75/344
f 522/75/344 521/74/343 523/74/345
f 522/75/344 523/74/345 524/75/346
f 524/75/346 523/74/345 525/74/347
f 524/75/346 525/74/347 526/75/348
f 526/75/348 525/74/347 527/74/349
f 526/75/348 527/74/349 528/75/350
f 528/75/350 527/74/349 529/74/351
f 528/75/350 529/74/351 530/75/352
f 530/75/352 529/74/351 531/75/353
f 530/75/352 531/75/353 532/76/354
f 532/76/354 531/75/353 486/71/308
f 532/76/354 486/71/308 485/70/307
f 533/70/307 534/73/354 535/72/353
f 533/70/307 535/72/353 536/71/308
f 534/73/354 537/75/352 538/74/351
f 534/73/354 538/74/351 535/72/353
f 537/75/352 539/75/350 540/74/349
f 537/75/352 540/74/349 538/74/351
f 539/75/350 541/75/348 542/74/347
f 539/75/350 542/74/347 540/74/349
f 541/75/348 543/75/346 544/74/345
f 541/75/348 544/74/345 542/74/347
f 543/75/346 545/75/344 546/74/343
f 543/75/346 546/74/343 544/74/345
f 545/75/344 547/75/342 548/74/341
f 545/75/344 548/74/341 546/74/343
f 547/75/342 549/75/340 550/74/339
f 547/75/342 550/74/339 548/74/341
f 549/75/340 551/75/338 552/74/337
f 549/75/340 552/74/337 550/74/339
f 551/75/338 553/75/336 554/74/335
f 551/75/338 554/74/335 552/74/337
f 553/75/336 555/75/334 556/74/333
f 553/75/336 556/74/333 554/74/335
f 555/75/334 557/75/332 558/74/331
f 555/75/334 558/74/331 556/74/333
f 557/75/332 559/75/330 560/74/329
f 557/75/332 560/74/329 558/74/331
f 559/75/330 561/75/328 562/74/327
f 559/75/330 562/74/327 560/74/329
f 561/75/328 563/75/326 564/74/325
f 561/75/328 564/74/325 562/74/327
f 563/75/326 565/75/324 566/74/323
f 563/75/326 566/74/323 564/74/325
f 565/75/324 567/75/322 568/74/321
f 565/75/324 568/74/321 566/74/323
f 567/75/322 569/75/320 570/74/319
f 567/75/322 570/74/319 568/74/321
f 569/75/320 571/75/318 572/74/317
f 569/75/320 572/74/317 570/74/319
f 571/75/318 573/75/316 574/74/315
f 571/75/318 574/74/315 572/74/317
f 573/75/316 575/75/314 576/74/313
f 573/75/316 576/74/313 574/74/315
f 575/75/314 577/75/312 578/74/311
f 575/75/314 578/74/311 576/74/313
f 577/75/312 579/76/310 580/75/309
f 577/75/312 580/75/309 578/74/311
f 579/76/310 533/70/307 536/71/308
f 579/76/310 536/71/308 580/75/309
f 581/77/355 582/77/356 583/77/357
f 581/77/355 583/77/357 584/77/358
f 584/77/358 583/77/357 585/77/359
f 584/77/358 585/77/359 586/77/360
f 586/77/360 585/77/359 587/77/361
f 586/77/360 587/77/361 588/77/362
f 588/77/362 587/77/361 589/77/363
f 588/77/362 589/77/363 590/77/364
f 590/77/364 589/77/363 591/77/365
f 590/77/364 591/77/365 592/77/366
f 592/77/366 591/77/365 593/77/367
f 592/77/366 593/77/367 594/77/1
f 594/77/1 593/77/367 595/77/368
f 594/77/1 595/77/368 596/77/369
f 596/77/369 595/77/368 597/77/370
f 596/77/369 597/77/370 598/77/371
f 598/77/371 597/77/370 599/77/372
f 598/77/371 599/77/372 600/77/373
f 600/77/373 599/77/372 601/77/374
f 600/77/373 601/77/374 602/77/375
f 602/77/375 601/77/374 603/77/376
f 602/77/375 603/77/376 604/77/377
f 604/77/377 603/77/376 605/77/378
f 604/77/377 605/77/378 606/77/379
f 606/77/379 605/77/378 607/77/380
f 606/77/379 607/77/380 608/77/381
f 608/77/381 607/77/380 609/77/382
f 608/77/381 609/77/382 610/77/383
f 610/77/383 609/77/382 611/77/384
f 610/77/383 611/77/384 612/77/385
f 612/77/385 611/77/384 613/77/386
f 612/77/385 613/77/386 614/77/387
f 614/77/387 613/77/386 615/77/388
f 614/77/387 615/77/388 616/77/389
f 616/77/389 615/77/388 617/77/390
f 616/77/389 617/77/390 618/77/2
f 618/77/2 617/77/390 619/77/391
f 618/77/2 619/77/391 620/78/392
f 620/78/392 619/77/391 621/78/393
f 620/78/392 621/78/393 622/78/394
f 622/78/394 621/78/393 623/77/395
f 622/78/394 623/77/395 624/77/396
f 624/77/396 623/77/395 625/77/397
f 624/77/396 625/77/397 626/77/398
f 587/77/361 585/77/359 627/77/399
f 587/77/361 627/77/399 628/77/400
f 626/77/398 625/77/397 629/77/401
f 626/77/398 629/77/401 630/77/402
f 630/77/402 629/77/401 582/77/356
f 630/77/402 582/77/356 581/77/355
f 631/79/403 632/79/404 633/79/405
f 631/79/403 633/79/405 634/79/406
f 635/79/407 636/79/408 637/79/409
f 635/79/407 637/79/409 638/79/410
f 639/79/411 640/79/412 641/79/413
f 639/79/411 641/79/413 642/79/414
f 643/79/415 644/79/416 645/79/417
f 643/79/415 645/79/417 646/79/418
f 647/79/419 648/79/420 636/79/408
f 647/79/419 636/79/408 635/79/407
f 649/80/421 650/81/422 651/81/423
f 649/80/421 651/81/423 652/80/424
f 653/79/425 654/79/426 655/79/427
f 653/79/425 655/79/427 656/79/428
f 657/79/429 658/79/430 659/79/431
f 657/79/429 659/79/431 660/79/432
f 661/79/433 662/82/434 663/82/435
f 661/79/433 663/82/435 664/79/436
f 665/79/437 666/79/438 667/79/439
f 665/79/437 667/79/439 668/79/440
f 669/79/441 670/79/442 671/79/443
f 669/79/441 671/79/443 672/79/444
f 632/79/404 673/79/445 674/79/446
f 632/79/404 674/79/446 633/79/405
f 640/79/412 675/79/447 676/79/448
f 640/79/412 676/79/448 641/79/413
f 644/79/416 677/79/449 678/79/450
f 644/79/416 678/79/450 645/79/417
f 648/79/420 679/79/451 680/79/452
f 648/79/420 680/79/452 636/79/408
f 654/79/426 631/79/403 634/79/406
f 654/79/426 634/79/406 655/79/427
f 658/79/430 639/79/411 642/79/414
f 658/79/430 642/79/414 659/79/431
f 662/82/434 649/80/421 652/80/424
f 662/82/434 652/80/424 663/82/435
f 650/81/422 643/79/415 646/79/418
f 650/81/422 646/79/418 651/81/423
f 666/79/438 647/79/419 635/79/407
f 666/79/438 635/79/407 667/79/439
f 670/79/442 653/79/425 656/79/428
f 670/79/442 656/79/428 671/79/443
f 673/79/445 657/79/429 660/79/432
f 673/79/445 660/79/432 674/79/446
f 675/79/447 661/79/433 664/79/436
f 675/79/447 664/79/436 676/79/448
f 677/79/449 665/79/437 668/79/440
f 677/79/449 668/79/440 678/79/450
f 679/79/451 669/79/441 672/79/444
f 679/79/451 672/79/444 680/79/452
f 681/79/453 682/79/454 683/79/455
f 681/79/453 683/79/455 684/79/456
f 664/79/436 663/82/435 685/82/457
f 664/79/436 685/82/457 686/79/458
f 652/80/424 651/81/423 687/81/459
f 652/80/424 687/81/459 688/80/460
f 633/79/405 674/79/446 689/79/461
f 633/79/405 689/79/461 690/79/462
f 636/79/408 680/79/452 691/79/463
f 636/79/408 691/79/463 637/79/409
f 663/82/435 652/80/424 688/80/460
f 663/82/435 688/80/460 685/82/457
f 651/81/423 646/79/418 692/79/464
f 651/81/423 692/79/464 687/81/459
f 674/79/446 660/79/432 693/79/465
f 674/79/446 693/79/465 689/79/461
f 680/79/452 672/79/444 694/79/466
f 680/79/452 694/79/466 691/79/463
f 646/79/418 645/79/417 695/79/467
f 646/79/418 695/79/467 692/79/464
f 660/79/432 659/79/431 696/79/468
f 660/79/432 696/79/468 693/79/465
f 672/79/444 671/79/443 681/79/453
f 672/79/444 681/79/453 694/79/466
f 645/79/417 678/79/450 697/79/469
f 645/79/417 697/79/469 695/79/467
f 659/79/431 642/79/414 698/79/470
f 659/79/431 698/79/470 696/79/468
f 671/79/443 656/79/428 682/79/454
f 671/79/443 682/79/454 681/79/453
f 678/79/450 668/79/440 699/79/471
f 678/79/450 699/79/471 697/79/469
f 642/79/414 641/79/413 700/79/472
f 642/79/414 700/79/472 698/79/470
f 656/79/428 655/79/427 701/79/473
f 656/79/428 701/79/473 682/79/454
f 668/79/440 667/79/439 702/79/474
f 668/79/440 702/79/474 699/79/471
f 641/79/413 676/79/448 703/79/475
f 641/79/413 703/79/475 700/79/472
f 655/79/427 634/79/406 704/79/476
f 655/79/427 704/79/476 701/79/473
f 667/79/439 635/79/407 638/79/410
f 667/79/439 638/79/410 702/79/474
f 676/79/448 664/79/436 686/79/458
f 676/79/448 686/79/458 703/79/475
f 634/79/406 633/79/405 690/79/462
f 634/79/406 690/79/462 704/79/476
f 705/79/477 706/82/478 707/82/479
f 705/79/477 707/82/479 708/79/480
f 697/79/469 699/79/471 709/79/481
f 697/79/469 709/79/481 710/79/482
f 698/79/470 700/79/472 711/79/483
f 698/79/470 711/79/483 712/79/484
f 682/79/454 701/79/473 713/79/485
f 682/79/454 713/79/485 683/79/455
f 699/79/471 702/79/474 714/79/486
f 699/79/471 714/79/486 709/79/481
f 700/79/472 703/79/475 715/79/487
f 700/79/472 715/79/487 711/79/483
f 701/79/473 704/79/476 716/79/488
f 701/79/473 716/79/488 713/79/485
f 702/79/474 638/79/410 717/79/489
f 702/79/474 717/79/489 714/79/486
f 703/79/475 686/79/458 705/79/477
f 703/79/475 705/79/477 715/79/487
f 704/79/476 690/79/462 718/79/490
f 704/79/476 718/79/490 716/79/488
f 638/79/410 637/79/409 719/79/491
f 638/79/410 719/79/491 717/79/489
f 686/79/458 685/82/457 706/82/478
f 686/79/458 706/82/478 705/79/477
f 688/80/460 687/81/459 720/81/492
f 688/80/460 720/81/492 721/80/493
f 690/79/462 689/79/461 722/79/494
f 690/79/462 722/79/494 718/79/490
f 637/79/409 691/79/463 723/79/495
f 637/79/409 723/79/495 719/79/491
f 685/82/457 688/80/460 721/80/493
f 685/82/457 721/80/493 706/82/478
f 687/81/459 692/79/464 724/79/496
f 687/81/459 724/79/496 720/81/492
f 689/79/461 693/79/465 725/79/497
f 689/79/461 725/79/497 722/79/494
f 691/79/463 694/79/466 726/79/498
f 691/79/463 726/79/498 723/79/495
f 692/79/464 695/79/467 727/79/499
f 692/79/464 727/79/499 724/79/496
f 693/79/465 696/79/468 728/79/500
f 693/79/465 728/79/500 725/79/497
f 694/79/466 681/79/453 684/79/456
f 694/79/466 684/79/456 726/79/498
f 695/79/467 697/79/469 710/79/482
f 695/79/467 710/79/482 727/79/499
f 696/79/468 698/79/470 712/79/484
f 696/79/468 712/79/484 728/79/500
f 729/79/501 730/79/502 731/79/503
f 729/79/501 731/79/503 732/79/504
f 721/80/493 720/81/492 733/81/505
f 721/80/493 733/81/505 734/80/506
f 718/79/490 722/79/494 735/79/507
f 718/79/490 735/79/507 736/79/508
f 719/79/491 723/79/495 737/79/509
f 719/79/491 737/79/509 738/79/510
f 706/82/478 721/80/493 734/80/506
f 706/82/478 734/80/506 707/82/479
f 720/81/492 724/79/496 739/79/511
f 720/81/492 739/79/511 733/81/505
f 722/79/494 725/79/497 740/79/512
f 722/79/494 740/79/512 735/79/507
f 723/79/495 726/79/498 741/79/513
f 723/79/495 741/79/513 737/79/509
f 724/79/496 727/79/499 742/79/514
f 724/79/496 742/79/514 739/79/511
f 725/79/497 728/79/500 743/79/515
f 725/79/497 743/79/515 740/79/512
f 726/79/498 684/79/456 729/79/501
f 726/79/498 729/79/501 741/79/513
f 727/79/499 710/79/482 744/79/516
f 727/79/499 744/79/516 742/79/514
f 728/79/500 712/79/484 745/79/517
f 728/79/500 745/79/517 743/79/515
f 684/79/456 683/79/455 730/79/502
f 684/79/456 730/79/502 729/79/501
f 710/79/482 709/79/481 746/79/518
f 710/79/482 746/79/518 744/79/516
f 712/79/484 711/79/483 747/79/519
f 712/79/484 747/79/519 745/79/517
f 683/79/455 713/79/485 748/79/520
f 683/79/455 748/79/520 730/79/502
f 709/79/481 714/79/486 749/79/521
f 709/79/481 749/79/521 746/79/518
f 711/79/483 715/79/487 750/79/522
f 711/79/483 750/79/522 747/79/519
f 713/79/485 716/79/488 751/79/523
f 713/79/485 751/79/523 748/79/520
f 714/79/486 717/79/489 752/79/524
f 714/79/486 752/79/524 749/79/521
f 715/79/487 705/79/477 708/79/480
f 715/79/487 708/79/480 750/79/522
f 716/79/488 718/79/490 736/79/508
f 716/79/488 736/79/508 751/79/523
f 717/79/489 719/79/491 738/79/510
f 717/79/489 738/79/510 752/79/524
f 744/79/516 746/79/518 753/79/525
f 744/79/516 753/79/525 754/79/526
f 745/79/517 747/79/519 755/79/527
f 745/79/517 755/79/527 756/79/528
f 730/79/502 748/79/520 757/79/529
f 730/79/502 757/79/529 731/79/503
f 746/79/518 749/79/521 758/79/530
f 746/79/518 758/79/530 753/79/525
f 747/79/519 750/79/522 759/79/531
f 747/79/519 759/79/531 755/79/527
f 748/79/520 751/79/523 760/79/532
f 748/79/520 760/79/532 757/79/529
f 749/79/521 752/79/524 761/79/533
f 749/79/521 761/79/533 758/79/530
f 750/79/522 708/79/480 762/79/534
f 750/79/522 762/79/534 759/79/531
f 751/79/523 736/79/508 763/79/535
f 751/79/523 763/79/535 760/79/532
f 752/79/524 738/79/510 764/79/536
f 752/79/524 764/79/536 761/79/533
f 708/79/480 707/82/479 765/82/537
f 708/79/480 765/82/537 762/79/534
f 734/80/506 733/81/505 766/81/538
f 734/80/506 766/81/538 767/80/539
f 736/79/508 735/79/507 768/79/540
f 736/79/508 768/79/540 763/79/535
f 738/79/510 737/79/509 769/79/541
f 738/79/510 769/79/541 764/79/536
f 707/82/479 734/80/506 767/80/539
f 707/82/479 767/80/539 765/82/537
f 733/81/505 739/79/511 770/79/542
f 733/81/505 770/79/542 766/81/538
f 735/79/507 740/79/512 771/79/543
f 735/79/507 771/79/543 768/79/540
f 737/79/509 741/79/513 772/79/544
f 737/79/509 772/79/544 769/79/541
f 739/79/511 742/79/514 773/79/545
f 739/79/511 773/79/545 770/79/542
f 740/79/512 743/79/515 774/79/546
f 740/79/512 774/79/546 771/79/543
f 741/79/513 729/79/501 732/79/504
f 741/79/513 732/79/504 772/79/544
f 742/79/514 744/79/516 754/79/526
f 742/79/514 754/79/526 773/79/545
f 743/79/515 745/79/517 756/79/528
f 743/79/515 756/79/528 774/79/546
f 762/79/534 765/82/537 775/82/547
f 762/79/534 775/82/547 776/79/548
f 761/79/533 764/79/536 777/79/549
f 761/79/533 777/79/549 778/79/550
f 760/79/532 763/79/535 779/79/551
f 760/79/532 779/79/551 780/79/552
f 759/79/531 762/79/534 776/79/548
f 759/79/531 776/79/548 781/79/553
f 758/79/530 761/79/533 778/79/550
f 758/79/530 778/79/550 782/79/554
f 757/79/529 760/79/532 780/79/552
f 757/79/529 780/79/552 783/79/555
f 755/79/527 759/79/531 781/79/553
f 755/79/527 781/79/553 784/79/556
f 753/79/525 758/79/530 782/79/554
f 753/79/525 782/79/554 785/79/557
f 731/79/503 757/79/529 783/79/555
f 731/79/503 783/79/555 786/79/558
f 756/79/528 755/79/527 784/79/556
f 756/79/528 784/79/556 787/79/559
f 754/79/526 753/79/525 785/79/557
f 754/79/526 785/79/557 788/79/560
f 732/79/504 731/79/503 786/79/558
f 732/79/504 786/79/558 789/79/561
f 774/79/546 756/79/528 787/79/559
f 774/79/546 787/79/559 790/79/562
f 773/79/545 754/79/526 788/79/560
f 773/79/545 788/79/560 791/79/563
f 772/79/544 732/79/504 789/79/561
f 772/79/544 789/79/561 792/79/564
f 771/79/543 774/79/546 790/79/562
f 771/79/543 790/79/562 793/79/565
f 770/79/542 773/79/545 791/79/563
f 770/79/542 791/79/563 794/79/566
f 769/79/541 772/79/544 792/79/564
f 769/79/541 792/79/564 795/79/567
f 768/79/540 771/79/543 793/79/565
f 768/79/540 793/79/565 796/79/568
f 766/81/538 770/79/542 794/79/566
f 766/81/538 794/79/566 797/81/569
f 765/82/537 767/80/539 798/79/570
f 765/82/537 798/79/570 775/82/547
f 764/79/536 769/79/541 795/79/567
f 764/79/536 795/79/567 777/79/549
f 763/79/535 768/79/540 796/79/568
f 763/79/535 796/79/568 779/79/551
f 767/80/539 766/81/538 797/81/569
f 767/80/539 797/81/569 798/79/570
f 787/79/559 784/79/556 799/79/571
f 787/79/559 799/79/571 800/79/572
f 801/79/573 802/79/574 803/79/575
f 801/79/573 803/79/575 804/79/576
f 780/79/552 779/79/551 805/79/577
f 780/79/552 805/79/577 806/79/578
f 795/79/567 792/79/564 807/79/579
f 795/79/567 807/79/579 802/79/574
f 788/79/560 785/79/557 808/79/580
f 788/79/560 808/79/580 809/79/581
f 781/79/553 776/79/548 810/79/582
f 781/79/553 810/79/582 811/79/583
f 796/79/568 793/79/565 812/79/584
f 796/79/568 812/79/584 813/79/585
f 789/79/561 786/79/558 814/79/586
f 789/79/561 814/79/586 815/79/587
f 782/79/554 778/79/550 816/79/588
f 782/79/554 816/79/588 817/79/589
f 797/81/569 794/79/566 818/79/590
f 797/81/569 818/79/590 819/81/591
f 790/79/562 787/79/559 800/79/572
f 790/79/562 800/79/572 820/79/592
f 783/79/555 780/79/552 806/79/578
f 783/79/555 806/79/578 821/79/593
f 775/82/547 798/79/570 822/79/594
f 775/82/547 822/79/594 823/82/595
f 791/79/563 788/79/560 809/79/581
f 791/79/563 809/79/581 824/79/596
f 784/79/556 781/79/553 811/79/583
f 784/79/556 811/79/583 799/79/571
f 777/79/549 795/79/567 802/79/574
f 777/79/549 802/79/574 801/79/573
f 792/79/564 789/79/561 815/79/587
f 792/79/564 815/79/587 807/79/579
f 785/79/557 782/79/554 817/79/589
f 785/79/557 817/79/589 808/79/580
f 779/79/551 796/79/568 813/79/585
f 779/79/551 813/79/585 805/79/577
f 776/79/548 775/82/547 823/82/595
f 776/79/548 823/82/595 810/79/582
f 793/79/565 790/79/562 820/79/592
f 793/79/565 820/79/592 812/79/584
f 786/79/558 783/79/555 821/79/593
f 786/79/558 821/79/593 814/79/586
f 798/79/570 797/81/569 819/81/591
f 798/79/570 819/81/591 822/79/594
f 778/79/550 777/79/549 801/79/573
f 778/79/550 801/79/573 816/79/588
f 794/79/566 791/79/563 824/79/596
f 794/79/566 824/79/596 818/79/590
f 825/79/597 826/79/598 827/79/599
f 825/79/597 827/79/599 828/79/600
f 807/79/579 815/79/587 829/79/601
f 807/79/579 829/79/601 830/79/602
f 808/79/580 817/79/589 831/79/603
f 808/79/580 831/79/603 826/79/598
f 805/79/577 813/79/585 832/79/604
f 805/79/577 832/79/604 833/79/605
f 810/79/582 823/82/595 834/82/606
f 810/79/582 834/82/606 835/79/607
f 812/79/584 820/79/592 836/79/608
f 812/79/584 836/79/608 837/79/609
f 814/79/586 821/79/593 838/79/610
f 814/79/586 838/79/610 839/79/611
f 822/79/594 819/81/591 840/81/612
f 822/79/594 840/81/612 841/80/613
f 816/79/588 801/79/573 804/79/576
f 816/79/588 804/79/576 842/79/614
f 818/79/590 824/79/596 843/79/615
f 818/79/590 843/79/615 844/79/616
f 800/79/572 799/79/571 845/79/617
f 800/79/572 845/79/617 846/79/618
f 806/79/578 805/79/577 833/79/605
f 806/79/578 833/79/605 847/79/619
f 802/79/574 807/79/579 830/79/602
f 802/79/574 830/79/602 803/79/575
f 809/79/581 808/79/580 826/79/598
f 809/79/581 826/79/598 825/79/597
f 811/79/583 810/79/582 835/79/607
f 811/79/583 835/79/607 848/79/620
f 813/79/585 812/79/584 837/79/609
f 813/79/585 837/79/609 832/79/604
f 815/79/587 814/79/586 839/79/611
f 815/79/587 839/79/611 829/79/601
f 817/79/589 816/79/588 842/79/614
f 817/79/589 842/79/614 831/79/603
f 819/81/591 818/79/590 844/79/616
f 819/81/591 844/79/616 840/81/612
f 820/79/592 800/79/572 846/79/618
f 820/79/592 846/79/618 836/79/608
f 821/79/593 806/79/578 847/79/619
f 821/79/593 847/79/619 838/79/610
f 823/82/595 822/79/594 841/80/613
f 823/82/595 841/80/613 834/82/606
f 824/79/596 809/79/581 825/79/597
f 824/79/596 825/79/597 843/79/615
f 799/79/571 811/79/583 848/79/620
f 799/79/571 848/79/620 845/79/617
f 848/79/620 835/79/607 849/79/621
f 848/79/620 849/79/621 850/79/622
f 832/79/604 837/79/609 851/79/623
f 832/79/604 851/79/623 852/79/624
f 829/79/601 839/79/611 853/79/625
f 829/79/601 853/79/625 854/79/626
f 831/79/603 842/79/614 855/79/627
f 831/79/603 855/79/627 856/79/628
f 840/81/612 844/79/616 857/79/629
f 840/81/612 857/79/629 858/81/630
f 836/79/608 846/79/618 859/79/631
f 836/79/608 859/79/631 860/79/632
f 838/79/610 847/79/619 861/79/633
f 838/79/610 861/79/633 862/79/634
f 834/82/606 841/80/613 863/79/635
f 834/82/606 863/79/635 864/82/636
f 843/79/615 825/79/597 828/79/600
f 843/79/615 828/79/600 865/79/637
f 845/79/617 848/79/620 850/79/622
f 845/79/617 850/79/622 866/79/638
f 804/79/576 803/79/575 867/79/639
f 804/79/576 867/79/639 868/79/640
f 830/79/602 829/79/601 854/79/626
f 830/79/602 854/79/626 869/79/641
f 826/79/598 831/79/603 856/79/628
f 826/79/598 856/79/628 827/79/599
f 833/79/605 832/79/604 852/79/624
f 833/79/605 852/79/624 870/79/642
f 835/79/607 834/82/606 864/82/636
f 835/79/607 864/82/636 849/79/621
f 837/79/609 836/79/608 860/79/632
f 837/79/609 860/79/632 851/79/623
f 839/79/611 838/79/610 862/79/634
f 839/79/611 862/79/634 853/79/625
f 841/80/613 840/81/612 858/81/630
f 841/80/613 858/81/630 863/79/635
f 842/79/614 804/79/576 868/79/640
f 842/79/614 868/79/640 855/79/627
f 844/79/616 843/79/615 865/79/637
f 844/79/616 865/79/637 857/79/629
f 846/79/618 845/79/617 866/79/638
f 846/79/618 866/79/638 859/79/631
f 847/79/619 833/79/605 870/79/642
f 847/79/619 870/79/642 861/79/633
f 803/79/575 830/79/602 869/79/641
f 803/79/575 869/79/641 867/79/639
f 871/80/643 856/79/628 855/79/627
f 871/80/643 855/79/627 872/81/644
f 873/80/645 874/83/646 875/84/647
f 873/80/645 875/84/647 876/81/648
f 876/81/648 875/84/647 877/85/649
f 876/81/648 877/85/649 878/79/650
f 878/79/650 877/85/649 879/85/651
f 878/79/650 879/85/651 880/79/652
f 880/79/652 879/85/651 881/85/653
f 880/79/652 881/85/653 882/79/654
f 882/79/654 881/85/653 883/85/655
f 882/79/654 883/85/655 884/79/656
f 884/79/656 883/85/655 885/85/657
f 884/79/656 885/85/657 886/79/658
f 886/79/658 885/85/657 887/85/659
f 886/79/658 887/85/659 888/79/660
f 888/79/660 887/85/659 889/85/661
f 888/79/660 889/85/661 890/79/662
f 890/79/662 889/85/661 891/85/663
f 890/79/662 891/85/663 892/79/664
f 892/79/664 891/85/663 893/85/665
f 892/79/664 893/85/665 894/79/666
f 894/79/666 893/85/665 895/85/667
f 894/79/666 895/85/667 896/79/668
f 896/79/668 895/85/667 897/85/669
f 896/79/668 897/85/669 898/79/670
f 898/79/670 897/85/669 899/85/671
f 898/79/670 899/85/671 900/79/672
f 900/79/672 899/85/671 901/85/673
f 900/79/672 901/85/673 902/79/674
f 902/79/674 901/85/673 903/85/675
f 902/79/674 903/85/675 904/79/676
f 904/79/676 903/85/675 905/85/677
f 904/79/676 905/85/677 906/79/678
f 906/79/678 905/85/677 907/85/679
f 906/79/678 907/85/679 908/79/680
f 908/79/680 907/85/679 909/85/681
f 908/79/680 909/85/681 910/79/682
f 910/79/682 909/85/681 911/85/683
f 910/79/682 911/85/683 912/79/684
f 912/79/684 911/85/683 913/85/685
f 912/79/684 913/85/685 914/79/686
f 914/79/686 913/85/685 915/85/687
f 914/79/686 915/85/687 916/79/688
f 916/79/688 915/85/687 917/85/689
f 916/79/688 917/85/689 918/79/690
f 874/83/646 919/86/691 920/86/692
f 874/83/646 920/86/692 921/85/693
f 918/79/690 917/85/689 919/86/691
f 918/79/690 919/86/691 922/82/694
f 922/82/694 919/86/691 874/83/646
f 922/82/694 874/83/646 873/80/645
f 896/79/668 898/79/670 923/79/695
f 896/79/668 923/79/695 924/79/696
f 925/79/697 926/79/698 927/79/699
f 925/79/697 927/79/699 928/79/700
f 906/79/678 908/79/680 929/79/701
f 906/79/678 929/79/701 930/79/702
f 916/79/688 918/79/690 931/79/703
f 916/79/688 931/79/703 932/79/704
f 882/79/654 884/79/656 933/79/705
f 882/79/654 933/79/705 934/79/706
f 892/79/664 894/79/666 935/79/707
f 892/79/664 935/79/707 936/79/708
f 902/79/674 904/79/676 937/79/709
f 902/79/674 937/79/709 926/79/698
f 912/79/684 914/79/686 938/79/710
f 912/79/684 938/79/710 939/79/711
f 878/79/650 880/79/652 940/79/712
f 878/79/650 940/79/712 941/79/713
f 888/79/660 890/79/662 942/79/714
f 888/79/660 942/79/714 943/79/715
f 873/80/645 876/81/648 944/81/716
f 873/80/645 944/81/716 945/80/717
f 898/79/670 900/79/672 925/79/697
f 898/79/670 925/79/697 923/79/695
f 908/79/680 910/79/682 946/79/718
f 908/79/680 946/79/718 929/79/701
f 918/79/690 922/82/694 947/82/719
f 918/79/690 947/82/719 931/79/703
f 884/79/656 886/79/658 948/79/720
f 884/79/656 948/79/720 933/79/705
f 894/79/666 896/79/668 924/79/696
f 894/79/666 924/79/696 935/79/707
f 904/79/676 906/79/678 930/79/702
f 904/79/676 930/79/702 937/79/709
f 914/79/686 916/79/688 932/79/704
f 914/79/686 932/79/704 938/79/710
f 880/79/652 882/79/654 934/79/706
f 880/79/652 934/79/706 940/79/712
f 890/79/662 892/79/664 936/79/708
f 890/79/662 936/79/708 942/79/714
f 900/79/672 902/79/674 926/79/698
f 900/79/672 926/79/698 925/79/697
f 910/79/682 912/79/684 939/79/711
f 910/79/682 939/79/711 946/79/718
f 922/82/694 873/80/645 945/80/717
f 922/82/694 945/80/717 947/82/719
f 876/81/648 878/79/650 941/79/713
f 876/81/648 941/79/713 944/81/716
f 886/79/658 888/79/660 943/79/715
f 886/79/658 943/79/715 948/79/720
f 949/79/721 950/79/722 951/79/723
f 949/79/721 951/79/723 952/79/724
f 948/79/720 943/79/715 953/79/725
f 948/79/720 953/79/725 954/79/726
f 932/79/704 931/79/703 955/79/727
f 932/79/704 955/79/727 956/79/728
f 926/79/698 937/79/709 957/79/729
f 926/79/698 957/79/729 927/79/699
f 943/79/715 942/79/714 958/79/730
f 943/79/715 958/79/730 953/79/725
f 931/79/703 947/82/719 959/82/731
f 931/79/703 959/82/731 955/79/727
f 945/80/717 944/81/716 960/81/732
f 945/80/717 960/81/732 961/80/733
f 937/79/709 930/79/702 962/79/734
f 937/79/709 962/79/734 957/79/729
f 942/79/714 936/79/708 963/79/735
f 942/79/714 963/79/735 958/79/730
f 947/82/719 945/80/717 961/80/733
f 947/82/719 961/80/733 959/82/731
f 944/81/716 941/79/713 949/79/721
f 944/81/716 949/79/721 960/81/732
f 930/79/702 929/79/701 964/79/736
f 930/79/702 964/79/736 962/79/734
f 936/79/708 935/79/707 965/79/737
f 936/79/708 965/79/737 963/79/735
f 941/79/713 940/79/712 950/79/722
f 941/79/713 950/79/722 949/79/721
f 929/79/701 946/79/718 966/79/738
f 929/79/701 966/79/738 964/79/736
f 935/79/707 924/79/696 967/79/739
f 935/79/707 967/79/739 965/79/737
f 940/79/712 934/79/706 968/79/740
f 940/79/712 968/79/740 950/79/722
f 946/79/718 939/79/711 969/79/741
f 946/79/718 969/79/741 966/79/738
f 924/79/696 923/79/695 970/79/742
f 924/79/696 970/79/742 967/79/739
f 934/79/706 933/79/705 971/79/743
f 934/79/706 971/79/743 968/79/740
f 939/79/711 938/79/710 972/79/744
f 939/79/711 972/79/744 969/79/741
f 923/79/695 925/79/697 928/79/700
f 923/79/695 928/79/700 970/79/742
f 933/79/705 948/79/720 954/79/726
f 933/79/705 954/79/726 971/79/743
f 938/79/710 932/79/704 956/79/728
f 938/79/710 956/79/728 972/79/744
f 973/79/745 974/79/746 975/79/747
f 973/79/745 975/79/747 976/79/748
f 964/79/736 966/79/738 977/79/749
f 964/79/736 977/79/749 978/79/750
f 965/79/737 967/79/739 979/79/751
f 965/79/737 979/79/751 980/79/752
f 950/79/722 968/79/740 981/79/753
f 950/79/722 981/79/753 951/79/723
f 966/79/738 969/79/741 982/79/754
f 966/79/738 982/79/754 977/79/749
f 967/79/739 970/79/742 983/79/755
f 967/79/739 983/79/755 979/79/751
f 968/79/740 971/79/743 984/79/756
f 968/79/740 984/79/756 981/79/753
f 969/79/741 972/79/744 985/79/757
f 969/79/741 985/79/757 982/79/754
f 970/79/742 928/79/700 973/79/745
f 970/79/742 973/79/745 983/79/755
f 971/79/743 954/79/726 986/79/758
f 971/79/743 986/79/758 984/79/756
f 972/79/744 956/79/728 987/79/759
f 972/79/744 987/79/759 985/79/757
f 928/79/700 927/79/699 974/79/746
f 928/79/700 974/79/746 973/79/745
f 954/79/726 953/79/725 988/79/760
f 954/79/726 988/79/760 986/79/758
f 956/79/728 955/79/727 989/79/761
f 956/79/728 989/79/761 987/79/759
f 927/79/699 957/79/729 990/79/762
f 927/79/699 990/79/762 974/79/746
f 953/79/725 958/79/730 991/79/763
f 953/79/725 991/79/763 988/79/760
f 955/79/727 959/82/731 992/82/764
f 955/79/727 992/82/764 989/79/761
f 961/80/733 960/81/732 993/81/765
f 961/80/733 993/81/765 994/80/766
f 957/79/729 962/79/734 995/79/767
f 957/79/729 995/79/767 990/79/762
f 958/79/730 963/79/735 996/79/768
f 958/79/730 996/79/768 991/79/763
f 959/82/731 961/80/733 994/80/766
f 959/82/731 994/80/766 992/82/764
f 960/81/732 949/79/721 952/79/724
f 960/81/732 952/79/724 993/81/765
f 962/79/734 964/79/736 978/79/750
f 962/79/734 978/79/750 995/79/767
f 963/79/735 965/79/737 980/79/752
f 963/79/735 980/79/752 996/79/768
f 997/79/769 998/79/770 999/79/771
f 997/79/769 999/79/771 1000/79/772
f 986/79/758 988/79/760 1001/79/773
f 986/79/758 1001/79/773 1002/79/774
f 987/79/759 989/79/761 1003/79/775
f 987/79/759 1003/79/775 1004/79/776
f 974/79/746 990/79/762 1005/79/777
f 974/79/746 1005/79/777 975/79/747
f 988/79/760 991/79/763 1006/79/778
f 988/79/760 1006/79/778 1001/79/773
f 989/79/761 992/82/764 1007/82/779
f 989/79/761 1007/82/779 1003/79/775
f 994/80/766 993/81/765 1008/81/780
f 994/80/766 1008/81/780 1009/80/781
f 990/79/762 995/79/767 1010/79/782
f 990/79/762 1010/79/782 1005/79/777
f 991/79/763 996/79/768 1011/79/783
f 991/79/763 1011/79/783 1006/79/778
f 992/82/764 994/80/766 1009/80/781
f 992/82/764 1009/80/781 1007/82/779
f 993/81/765 952/79/724 997/79/769
f 993/81/765 997/79/769 1008/81/780
f 995/79/767 978/79/750 1012/79/784
f 995/79/767 1012/79/784 1010/79/782
f 996/79/768 980/79/752 1013/79/785
f 996/79/768 1013/79/785 1011/79/783
f 952/79/724 951/79/723 998/79/770
f 952/79/724 998/79/770 997/79/769
f 978/79/750 977/79/749 1014/79/786
f 978/79/750 1014/79/786 1012/79/784
f 980/79/752 979/79/751 1015/79/787
f 980/79/752 1015/79/787 1013/79/785
f 951/79/723 981/79/753 1016/79/788
f 951/79/723 1016/79/788 998/79/770
f 977/79/749 982/79/754 1017/79/789
f 977/79/749 1017/79/789 1014/79/786
f 979/79/751 983/79/755 1018/79/790
f 979/79/751 1018/79/790 1015/79/787
f 981/79/753 984/79/756 1019/79/791
f 981/79/753 1019/79/791 1016/79/788
f 982/79/754 985/79/757 1020/79/792
f 982/79/754 1020/79/792 1017/79/789
f 983/79/755 973/79/745 976/79/748
f 983/79/755 976/79/748 1018/79/790
f 984/79/756 986/79/758 1002/79/774
f 984/79/756 1002/79/774 1019/79/791
f 985/79/757 987/79/759 1004/79/776
f 985/79/757 1004/79/776 1020/79/792
f 1021/79/793 1022/79/794 1023/79/795
f 1021/79/793 1023/79/795 1024/79/379
f 1012/79/784 1014/79/786 1025/79/796
f 1012/79/784 1025/79/796 1026/79/797
f 1013/79/785 1015/79/787 1027/79/798
f 1013/79/785 1027/79/798 1028/79/799
f 998/79/770 1016/79/788 1029/79/800
f 998/79/770 1029/79/800 999/79/771
f 1014/79/786 1017/79/789 1030/79/801
f 1014/79/786 1030/79/801 1025/79/796
f 1015/79/787 1018/79/790 1031/79/802
f 1015/79/787 1031/79/802 1027/79/798
f 1016/79/788 1019/79/791 1032/79/803
f 1016/79/788 1032/79/803 1029/79/800
f 1017/79/789 1020/79/792 1033/79/804
f 1017/79/789 1033/79/804 1030/79/801
f 1018/79/790 976/79/748 1034/79/805
f 1018/79/790 1034/79/805 1031/79/802
f 1019/79/791 1002/79/774 1021/79/793
f 1019/79/791 1021/79/793 1032/79/803
f 1020/79/792 1004/79/776 1035/79/806
f 1020/79/792 1035/79/806 1033/79/804
f 976/79/748 975/79/747 1036/79/807
f 976/79/748 1036/79/807 1034/79/805
f 1002/79/774 1001/79/773 1022/79/794
f 1002/79/774 1022/79/794 1021/79/793
f 1004/79/776 1003/79/775 1037/79/808
f 1004/79/776 1037/79/808 1035/79/806
f 975/79/747 1005/79/777 1038/79/809
f 975/79/747 1038/79/809 1036/79/807
f 1001/79/773 1006/79/778 1039/79/810
f 1001/79/773 1039/79/810 1022/79/794
f 1003/79/775 1007/82/779 1040/82/811
f 1003/79/775 1040/82/811 1037/79/808
f 1009/80/781 1008/81/780 1041/81/812
f 1009/80/781 1041/81/812 1042/80/813
f 1005/79/777 1010/79/782 1043/79/814
f 1005/79/777 1043/79/814 1038/79/809
f 1006/79/778 1011/79/783 1044/79/815
f 1006/79/778 1044/79/815 1039/79/810
f 1007/82/779 1009/80/781 1042/80/813
f 1007/82/779 1042/80/813 1040/82/811
f 1008/81/780 997/79/769 1000/79/772
f 1008/81/780 1000/79/772 1041/81/812
f 1010/79/782 1012/79/784 1026/79/797
f 1010/79/782 1026/79/797 1043/79/814
f 1011/79/783 1013/79/785 1028/79/799
f 1011/79/783 1028/79/799 1044/79/815
f 1035/79/806 1037/79/808 1045/79/816
f 1035/79/806 1045/79/816 1046/79/817
f 1036/79/807 1038/79/809 1047/79/818
f 1036/79/807 1047/79/818 1048/79/819
f 1022/79/794 1039/79/810 1049/79/820
f 1022/79/794 1049/79/820 1023/79/795
f 1037/79/808 1040/82/811 1050/82/821
f 1037/79/808 1050/82/821 1045/79/816
f 1042/80/813 1041/81/812 1051/81/822
f 1042/80/813 1051/81/822 1052/80/823
f 1038/79/809 1043/79/814 1053/79/824
f 1038/79/809 1053/79/824 1047/79/818
f 1039/79/810 1044/79/815 1054/79/825
f 1039/79/810 1054/79/825 1049/79/820
f 1040/82/811 1042/80/813 1052/80/823
f 1040/82/811 1052/80/823 1050/82/821
f 1041/81/812 1000/79/772 1055/79/826
f 1041/81/812 1055/79/826 1051/81/822
f 1043/79/814 1026/79/797 1056/79/827
f 1043/79/814 1056/79/827 1053/79/824
f 1044/79/815 1028/79/799 1057/79/828
f 1044/79/815 1057/79/828 1054/79/825
f 1000/79/772 999/79/771 1058/79/829
f 1000/79/772 1058/79/829 1055/79/826
f 1026/79/797 1025/79/796 1059/79/355
f 1026/79/797 1059/79/355 1056/79/827
f 1028/79/799 1027/79/798 1060/79/830
f 1028/79/799 1060/79/830 1057/79/828
f 999/79/771 1029/79/800 1061/79/831
f 999/79/771 1061/79/831 1058/79/829
f 1025/79/796 1030/79/801 1062/79/832
f 1025/79/796 1062/79/832 1059/79/355
f 1027/79/798 1031/79/802 1063/79/833
f 1027/79/798 1063/79/833 1060/79/830
f 1029/79/800 1032/79/803 1064/79/834
f 1029/79/800 1064/79/834 1061/79/831
f 1030/79/801 1033/79/804 1065/79/835
f 1030/79/801 1065/79/835 1062/79/832
f 1031/79/802 1034/79/805 1066/79/836
f 1031/79/802 1066/79/836 1063/79/833
f 1032/79/803 1021/79/793 1024/79/379
f 1032/79/803 1024/79/379 1064/79/834
f 1033/79/804 1035/79/806 1046/79/817
f 1033/79/804 1046/79/817 1065/79/835
f 1034/79/805 1036/79/807 1048/79/819
f 1034/79/805 1048/79/819 1066/79/836
f 872/81/644 855/79/627 868/79/640
f 872/81/644 868/79/640 1067/79/837
f 1067/79/837 868/79/640 867/79/639
f 1067/79/837 867/79/639 1068/79/838
f 1068/79/838 867/79/639 869/79/641
f 1068/79/838 869/79/641 1069/79/839
f 1069/79/839 869/79/641 854/79/626
f 1069/79/839 854/79/626 1070/79/840
f 1070/79/840 854/79/626 853/79/625
f 1070/79/840 853/79/625 1071/79/841
f 1071/79/841 853/79/625 862/79/634
f 1071/79/841 862/79/634 1072/79/842
f 1072/79/842 862/79/634 861/79/633
f 1072/79/842 861/79/633 1073/79/843
f 1073/79/843 861/79/633 870/79/642
f 1073/79/843 870/79/642 1074/79/844
f 1074/79/844 870/79/642 852/79/624
f 1074/79/844 852/79/624 1075/79/845
f 1075/79/845 852/79/624 851/79/623
f 1075/79/845 851/79/623 1076/79/846
f 1076/79/846 851/79/623 860/79/632
f 1076/79/846 860/79/632 1077/79/847
f 1077/79/847 860/79/632 859/79/631
f 1077/79/847 859/79/631 1078/79/848
f 1078/79/848 859/79/631 866/79/638
f 1078/79/848 866/79/638 1079/79/849
f 1079/79/849 866/79/638 850/79/622
f 1079/79/849 850/79/622 1080/79/850
f 1080/79/850 850/79/622 849/79/621
f 1080/79/850 849/79/621 1081/79/851
f 1081/79/851 849/79/621 864/82/636
f 1081/79/851 864/82/636 1082/79/852
f 1082/79/852 864/82/636 863/79/635
f 1082/79/852 863/79/635 1083/79/853
f 1083/79/853 863/79/635 858/81/630
f 1083/79/853 858/81/630 1084/79/854
f 1084/79/854 858/81/630 857/79/629
f 1084/79/854 857/79/629 1085/79/855
f 1085/79/855 857/79/629 865/79/637
f 1085/79/855 865/79/637 1086/79/856
f 1086/79/856 865/79/637 828/79/600
f 1086/79/856 828/79/600 1087/79/857
f 1087/79/857 828/79/600 827/79/599
f 1087/79/857 827/79/599 1088/82/858
f 1088/82/858 827/79/599 856/79/628
f 1088/82/858 856/79/628 871/80/643
f 1076/79/846 1077/79/847 1089/79/695
f 1076/79/846 1089/79/695 1090/79/696
f 1091/79/697 1092/79/698 1093/79/699
f 1091/79/697 1093/79/699 1094/79/700
f 1081/79/851 1082/79/852 1095/79/859
f 1081/79/851 1095/79/859 1096/79/702
f 1086/79/856 1087/79/857 1097/79/703
f 1086/79/856 1097/79/703 1098/79/704
f 1069/79/839 1070/79/840 1099/79/705
f 1069/79/839 1099/79/705 1100/79/706
f 1074/79/844 1075/79/845 1101/79/860
f 1074/79/844 1101/79/860 1102/79/708
f 1079/79/849 1080/79/850 1103/79/709
f 1079/79/849 1103/79/709 1092/79/698
f 1084/79/854 1085/79/855 1104/79/710
f 1084/79/854 1104/79/710 1105/79/711
f 1067/79/837 1068/79/838 1106/79/712
f 1067/79/837 1106/79/712 1107/79/713
f 1072/79/842 1073/79/843 1108/79/714
f 1072/79/842 1108/79/714 1109/79/715
f 871/80/643 872/81/644 1110/81/716
f 871/80/643 1110/81/716 1111/80/717
f 1077/79/847 1078/79/848 1091/79/697
f 1077/79/847 1091/79/697 1089/79/695
f 1082/79/852 1083/79/853 1112/79/861
f 1082/79/852 1112/79/861 1095/79/859
f 1087/79/857 1088/82/858 1113/82/719
f 1087/79/857 1113/82/719 1097/79/703
f 1070/79/840 1071/79/841 1114/79/720
f 1070/79/840 1114/79/720 1099/79/705
f 1075/79/845 1076/79/846 1090/79/696
f 1075/79/845 1090/79/696 1101/79/860
f 1080/79/850 1081/79/851 1096/79/702
f 1080/79/850 1096/79/702 1103/79/709
f 1085/79/855 1086/79/856 1098/79/704
f 1085/79/855 1098/79/704 1104/79/710
f 1068/79/838 1069/79/839 1100/79/706
f 1068/79/838 1100/79/706 1106/79/712
f 1073/79/843 1074/79/844 1102/79/708
f 1073/79/843 1102/79/708 1108/79/714
f 1078/79/848 1079/79/849 1092/79/698
f 1078/79/848 1092/79/698 1091/79/697
f 1083/79/853 1084/79/854 1105/79/711
f 1083/79/853 1105/79/711 1112/79/861
f 1088/82/858 871/80/643 1111/80/717
f 1088/82/858 1111/80/717 1113/82/719
f 872/81/644 1067/79/837 1107/79/713
f 872/81/644 1107/79/713 1110/81/716
f 1071/79/841 1072/79/842 1109/79/715
f 1071/79/841 1109/79/715 1114/79/720
f 1115/79/721 1116/79/722 1117/79/723
f 1115/79/721 1117/79/723 1118/79/862
f 1114/79/720 1109/79/715 1119/79/725
f 1114/79/720 1119/79/725 1120/79/726
f 1098/79/704 1097/79/703 1121/79/727
f 1098/79/704 1121/79/727 1122/79/728
f 1092/79/698 1103/79/709 1123/79/729
f 1092/79/698 1123/79/729 1093/79/699
f 1109/79/715 1108/79/714 1124/79/730
f 1109/79/715 1124/79/730 1119/79/725
f 1097/79/703 1113/82/719 1125/82/731
f 1097/79/703 1125/82/731 1121/79/727
f 1111/80/717 1110/81/716 1126/81/732
f 1111/80/717 1126/81/732 1127/80/733
f 1103/79/709 1096/79/702 1128/79/734
f 1103/79/709 1128/79/734 1123/79/729
f 1108/79/714 1102/79/708 1129/79/735
f 1108/79/714 1129/79/735 1124/79/730
f 1113/82/719 1111/80/717 1127/80/733
f 1113/82/719 1127/80/733 1125/82/731
f 1110/81/716 1107/79/713 1115/79/721
f 1110/81/716 1115/79/721 1126/81/732
f 1096/79/702 1095/79/859 1130/79/863
f 1096/79/702 1130/79/863 1128/79/734
f 1102/79/708 1101/79/860 1131/79/737
f 1102/79/708 1131/79/737 1129/79/735
f 1107/79/713 1106/79/712 1116/79/722
f 1107/79/713 1116/79/722 1115/79/721
f 1095/79/859 1112/79/861 1132/79/738
f 1095/79/859 1132/79/738 1130/79/863
f 1101/79/860 1090/79/696 1133/79/739
f 1101/79/860 1133/79/739 1131/79/737
f 1106/79/712 1100/79/706 1134/79/740
f 1106/79/712 1134/79/740 1116/79/722
f 1112/79/861 1105/79/711 1135/79/741
f 1112/79/861 1135/79/741 1132/79/738
f 1090/79/696 1089/79/695 1136/79/742
f 1090/79/696 1136/79/742 1133/79/739
f 1100/79/706 1099/79/705 1137/79/743
f 1100/79/706 1137/79/743 1134/79/740
f 1105/79/711 1104/79/710 1138/79/744
f 1105/79/711 1138/79/744 1135/79/741
f 1089/79/695 1091/79/697 1094/79/700
f 1089/79/695 1094/79/700 1136/79/742
f 1099/79/705 1114/79/720 1120/79/726
f 1099/79/705 1120/79/726 1137/79/743
f 1104/79/710 1098/79/704 1122/79/728
f 1104/79/710 1122/79/728 1138/79/744
f 1139/79/864 1140/79/746 1141/79/747
f 1139/79/864 1141/79/747 1142/79/748
f 1130/79/863 1132/79/738 1143/79/749
f 1130/79/863 1143/79/749 1144/79/750
f 1131/79/737 1133/79/739 1145/79/751
f 1131/79/737 1145/79/751 1146/79/752
f 1116/79/722 1134/79/740 1147/79/753
f 1116/79/722 1147/79/753 1117/79/723
f 1132/79/738 1135/79/741 1148/79/754
f 1132/79/738 1148/79/754 1143/79/749
f 1133/79/739 1136/79/742 1149/79/755
f 1133/79/739 1149/79/755 1145/79/751
f 1134/79/740 1137/79/743 1150/79/756
f 1134/79/740 1150/79/756 1147/79/753
f 1135/79/741 1138/79/744 1151/79/757
f 1135/79/741 1151/79/757 1148/79/754
f 1136/79/742 1094/79/700 1139/79/864
f 1136/79/742 1139/79/864 1149/79/755
f 1137/79/743 1120/79/726 1152/79/758
f 1137/79/743 1152/79/758 1150/79/756
f 1138/79/744 1122/79/728 1153/79/759
f 1138/79/744 1153/79/759 1151/79/757
f 1094/79/700 1093/79/699 1140/79/746
f 1094/79/700 1140/79/746 1139/79/864
f 1120/79/726 1119/79/725 1154/79/760
f 1120/79/726 1154/79/760 1152/79/758
f 1122/79/728 1121/79/727 1155/79/761
f 1122/79/728 1155/79/761 1153/79/759
f 1093/79/699 1123/79/729 1156/79/762
f 1093/79/699 1156/79/762 1140/79/746
f 1119/79/725 1124/79/730 1157/79/763
f 1119/79/725 1157/79/763 1154/79/760
f 1121/79/727 1125/82/731 1158/82/764
f 1121/79/727 1158/82/764 1155/79/761
f 1127/80/733 1126/81/732 1159/81/765
f 1127/80/733 1159/81/765 1160/80/766
f 1123/79/729 1128/79/734 1161/79/767
f 1123/79/729 1161/79/767 1156/79/762
f 1124/79/730 1129/79/735 1162/79/768
f 1124/79/730 1162/79/768 1157/79/763
f 1125/82/731 1127/80/733 1160/80/766
f 1125/82/731 1160/80/766 1158/82/764
f 1126/81/732 1115/79/721 1118/79/862
f 1126/81/732 1118/79/862 1159/81/765
f 1128/79/734 1130/79/863 1144/79/750
f 1128/79/734 1144/79/750 1161/79/767
f 1129/79/735 1131/79/737 1146/79/752
f 1129/79/735 1146/79/752 1162/79/768
f 1163/79/769 1164/79/770 1165/79/865
f 1163/79/769 1165/79/865 1166/79/866
f 1152/79/758 1154/79/760 1167/79/773
f 1152/79/758 1167/79/773 1168/79/774
f 1153/79/759 1155/79/761 1169/79/775
f 1153/79/759 1169/79/775 1170/79/776
f 1140/79/746 1156/79/762 1171/79/777
f 1140/79/746 1171/79/777 1141/79/747
f 1154/79/760 1157/79/763 1172/79/778
f 1154/79/760 1172/79/778 1167/79/773
f 1155/79/761 1158/82/764 1173/82/779
f 1155/79/761 1173/82/779 1169/79/775
f 1160/80/766 1159/81/765 1174/81/780
f 1160/80/766 1174/81/780 1175/80/867
f 1156/79/762 1161/79/767 1176/79/782
f 1156/79/762 1176/79/782 1171/79/777
f 1157/79/763 1162/79/768 1177/79/783
f 1157/79/763 1177/79/783 1172/79/778
f 1158/82/764 1160/80/766 1175/80/867
f 1158/82/764 1175/80/867 1173/82/779
f 1159/81/765 1118/79/862 1163/79/769
f 1159/81/765 1163/79/769 1174/81/780
f 1161/79/767 1144/79/750 1178/79/868
f 1161/79/767 1178/79/868 1176/79/782
f 1162/79/768 1146/79/752 1179/79/785
f 1162/79/768 1179/79/785 1177/79/783
f 1118/79/862 1117/79/723 1164/79/770
f 1118/79/862 1164/79/770 1163/79/769
f 1144/79/750 1143/79/749 1180/79/786
f 1144/79/750 1180/79/786 1178/79/868
f 1146/79/752 1145/79/751 1181/79/787
f 1146/79/752 1181/79/787 1179/79/785
f 1117/79/723 1147/79/753 1182/79/788
f 1117/79/723 1182/79/788 1164/79/770
f 1143/79/749 1148/79/754 1183/79/789
f 1143/79/749 1183/79/789 1180/79/786
f 1145/79/751 1149/79/755 1184/79/790
f 1145/79/751 1184/79/790 1181/79/787
f 1147/79/753 1150/79/756 1185/79/791
f 1147/79/753 1185/79/791 1182/79/788
f 1148/79/754 1151/79/757 1186/79/792
f 1148/79/754 1186/79/792 1183/79/789
f 1149/79/755 1139/79/864 1142/79/748
f 1149/79/755 1142/79/748 1184/79/790
f 1150/79/756 1152/79/758 1168/79/774
f 1150/79/756 1168/79/774 1185/79/791
f 1151/79/757 1153/79/759 1170/79/776
f 1151/79/757 1170/79/776 1186/79/792
f 1187/79/869 1188/79/870 1189/79/871
f 1187/79/869 1189/79/871 1190/79/379
f 1178/79/868 1180/79/786 1191/79/872
f 1178/79/868 1191/79/872 1192/79/873
f 1179/79/785 1181/79/787 1193/79/874
f 1179/79/785 1193/79/874 1194/79/875
f 1164/79/770 1182/79/788 1195/79/876
f 1164/79/770 1195/79/876 1165/79/865
f 1180/79/786 1183/79/789 1196/79/877
f 1180/79/786 1196/79/877 1191/79/872
f 1181/79/787 1184/79/790 1197/79/878
f 1181/79/787 1197/79/878 1193/79/874
f 1182/79/788 1185/79/791 1198/79/879
f 1182/79/788 1198/79/879 1195/79/876
f 1183/79/789 1186/79/792 1199/79/880
f 1183/79/789 1199/79/880 1196/79/877
f 1184/79/790 1142/79/748 1200/79/881
f 1184/79/790 1200/79/881 1197/79/878
f 1185/79/791 1168/79/774 1187/79/869
f 1185/79/791 1187/79/869 1198/79/879
f 1186/79/792 1170/79/776 1201/79/882
f 1186/79/792 1201/79/882 1199/79/880
f 1142/79/748 1141/79/747 1202/79/883
f 1142/79/748 1202/79/883 1200/79/881
f 1168/79/774 1167/79/773 1188/79/870
f 1168/79/774 1188/79/870 1187/79/869
f 1170/79/776 1169/79/775 1203/79/884
f 1170/79/776 1203/79/884 1201/79/882
f 1141/79/747 1171/79/777 1204/79/885
f 1141/79/747 1204/79/885 1202/79/883
f 1167/79/773 1172/79/778 1205/79/886
f 1167/79/773 1205/79/886 1188/79/870
f 1169/79/775 1173/82/779 1206/82/887
f 1169/79/775 1206/82/887 1203/79/884
f 1175/80/867 1174/81/780 1207/81/888
f 1175/80/867 1207/81/888 1208/80/889
f 1171/79/777 1176/79/782 1209/79/890
f 1171/79/777 1209/79/890 1204/79/885
f 1172/79/778 1177/79/783 1210/79/891
f 1172/79/778 1210/79/891 1205/79/886
f 1173/82/779 1175/80/867 1208/80/889
f 1173/82/779 1208/80/889 1206/82/887
f 1174/81/780 1163/79/769 1166/79/866
f 1174/81/780 1166/79/866 1207/81/888
f 1176/79/782 1178/79/868 1192/79/873
f 1176/79/782 1192/79/873 1209/79/890
f 1177/79/783 1179/79/785 1194/79/875
f 1177/79/783 1194/79/875 1210/79/891
f 1201/79/882 1203/79/884 1211/79/892
f 1201/79/882 1211/79/892 1212/79/893
f 1202/79/883 1204/79/885 1213/79/894
f 1202/79/883 1213/79/894 1214/79/895
f 1188/79/870 1205/79/886 1215/79/896
f 1188/79/870 1215/79/896 1189/79/871
f 1203/79/884 1206/82/887 1216/82/897
f 1203/79/884 1216/82/897 1211/79/892
f 1208/80/889 1207/81/888 1217/81/898
f 1208/80/889 1217/81/898 1218/80/899
f 1204/79/885 1209/79/890 1219/79/900
f 1204/79/885 1219/79/900 1213/79/894
f 1205/79/886 1210/79/891 1220/79/901
f 1205/79/886 1220/79/901 1215/79/896
f 1206/82/887 1208/80/889 1218/80/899
f 1206/82/887 1218/80/899 1216/82/897
f 1207/81/888 1166/79/866 1221/79/902
f 1207/81/888 1221/79/902 1217/81/898
f 1209/79/890 1192/79/873 1222/79/903
f 1209/79/890 1222/79/903 1219/79/900
f 1210/79/891 1194/79/875 1223/79/904
f 1210/79/891 1223/79/904 1220/79/901
f 1166/79/866 1165/79/865 1224/79/905
f 1166/79/866 1224/79/905 1221/79/902
f 1192/79/873 1191/79/872 1225/79/355
f 1192/79/873 1225/79/355 1222/79/903
f 1194/79/875 1193/79/874 1226/79/906
f 1194/79/875 1226/79/906 1223/79/904
f 1165/79/865 1195/79/876 1227/79/907
f 1165/79/865 1227/79/907 1224/79/905
f 1191/79/872 1196/79/877 1228/79/908
f 1191/79/872 1228/79/908 1225/79/355
f 1193/79/874 1197/79/878 1229/79/909
f 1193/79/874 1229/79/909 1226/79/906
f 1195/79/876 1198/79/879 1230/79/910
f 1195/79/876 1230/79/910 1227/79/907
f 1196/79/877 1199/79/880 1231/79/911
f 1196/79/877 1231/79/911 1228/79/908
f 1197/79/878 1200/79/881 1232/79/912
f 1197/79/878 1232/79/912 1229/79/909
f 1198/79/879 1187/79/869 1190/79/379
f 1198/79/879 1190/79/379 1230/79/910
f 1199/79/880 1201/79/882 1212/79/893
f 1199/79/880 1212/79/893 1231/79/911
f 1200/79/881 1202/79/883 1214/79/895
f 1200/79/881 1214/79/895 1232/79/912
f 1233/85/913 1234/85/914 1235/85/915
f 1233/85/913 1235/85/915 1236/85/916
f 877/85/649 875/84/647 1237/84/917
f 877/85/649 1237/84/917 1238/85/918
f 887/85/659 885/85/657 1239/85/919
f 887/85/659 1239/85/919 1240/85/920
f 897/85/669 895/85/667 1241/85/921
f 897/85/669 1241/85/921 1242/85/922
f 907/85/679 905/85/677 1243/85/923
f 907/85/679 1243/85/923 1244/85/924
f 917/85/689 915/85/687 1245/85/925
f 917/85/689 1245/85/925 1246/85/926
f 883/85/655 881/85/653 1234/85/914
f 883/85/655 1234/85/914 1233/85/913
f 893/85/665 891/85/663 1247/85/927
f 893/85/665 1247/85/927 1248/85/928
f 903/85/675 901/85/673 1249/85/929
f 903/85/675 1249/85/929 1250/85/930
f 913/85/685 911/85/683 1251/85/931
f 913/85/685 1251/85/931 1252/85/932
f 879/85/651 877/85/649 1238/85/918
f 879/85/651 1238/85/918 1253/85/933
f 889/85/661 887/85/659 1240/85/920
f 889/85/661 1240/85/920 1254/85/934
f 875/84/647 874/83/646 921/85/693
f 875/84/647 921/85/693 1237/84/917
f 899/85/671 897/85/669 1242/85/922
f 899/85/671 1242/85/922 1255/85/935
f 909/85/681 907/85/679 1244/85/924
f 909/85/681 1244/85/924 1256/85/936
f 919/86/691 917/85/689 1246/85/926
f 919/86/691 1246/85/926 920/86/692
f 885/85/657 883/85/655 1233/85/913
f 885/85/657 1233/85/913 1239/85/919
f 895/85/667 893/85/665 1248/85/928
f 895/85/667 1248/85/928 1241/85/921
f 905/85/677 903/85/675 1250/85/930
f 905/85/677 1250/85/930 1243/85/923
f 915/85/687 913/85/685 1252/85/932
f 915/85/687 1252/85/932 1245/85/925
f 881/85/653 879/85/651 1253/85/933
f 881/85/653 1253/85/933 1234/85/914
f 891/85/663 889/85/661 1254/85/934
f 891/85/663 1254/85/934 1247/85/927
f 901/85/673 899/85/671 1255/85/935
f 901/85/673 1255/85/935 1249/85/929
f 911/85/683 909/85/681 1256/85/936
f 911/85/683 1256/85/936 1251/85/931
f 1257/85/937 1258/85/938 1259/85/939
f 1257/85/937 1259/85/939 1260/85/940
f 1252/85/932 1251/85/931 1261/85/941
f 1252/85/932 1261/85/941 1262/85/942
f 1255/85/935 1242/85/922 1263/85/943
f 1255/85/935 1263/85/943 1264/85/944
f 1239/85/919 1233/85/913 1236/85/916
f 1239/85/919 1236/85/916 1265/85/945
f 1245/85/925 1252/85/932 1262/85/942
f 1245/85/925 1262/85/942 1266/85/946
f 1249/85/929 1255/85/935 1264/85/944
f 1249/85/929 1264/85/944 1267/85/947
f 1240/85/920 1239/85/919 1265/85/945
f 1240/85/920 1265/85/945 1268/85/948
f 1246/85/926 1245/85/925 1266/85/946
f 1246/85/926 1266/85/946 1269/85/949
f 1250/85/930 1249/85/929 1267/85/947
f 1250/85/930 1267/85/947 1270/85/950
f 1254/85/934 1240/85/920 1268/85/948
f 1254/85/934 1268/85/948 1258/85/938
f 920/86/692 1246/85/926 1269/85/949
f 920/86/692 1269/85/949 1271/86/951
f 1237/84/917 921/85/693 1272/83/952
f 1237/84/917 1272/83/952 1273/84/953
f 1243/85/923 1250/85/930 1270/85/950
f 1243/85/923 1270/85/950 1274/85/954
f 1247/85/927 1254/85/934 1258/85/938
f 1247/85/927 1258/85/938 1257/85/937
f 921/85/693 920/86/692 1271/86/951
f 921/85/693 1271/86/951 1272/83/952
f 1238/85/918 1237/84/917 1273/84/953
f 1238/85/918 1273/84/953 1275/85/955
f 1244/85/924 1243/85/923 1274/85/954
f 1244/85/924 1274/85/954 1276/85/956
f 1248/85/928 1247/85/927 1257/85/937
f 1248/85/928 1257/85/937 1277/85/957
f 1253/85/933 1238/85/918 1275/85/955
f 1253/85/933 1275/85/955 1278/85/958
f 1256/85/936 1244/85/924 1276/85/956
f 1256/85/936 1276/85/956 1279/85/959
f 1241/85/921 1248/85/928 1277/85/957
f 1241/85/921 1277/85/957 1280/85/960
f 1234/85/914 1253/85/933 1278/85/958
f 1234/85/914 1278/85/958 1235/85/915
f 1251/85/931 1256/85/936 1279/85/959
f 1251/85/931 1279/85/959 1261/85/941
f 1242/85/922 1241/85/921 1280/85/960
f 1242/85/922 1280/85/960 1263/85/943
f 1281/85/961 1282/85/962 1283/85/963
f 1281/85/961 1283/85/963 1284/85/964
f 1272/83/952 1271/86/951 1285/86/965
f 1272/83/952 1285/86/965 1286/85/966
f 1275/85/955 1273/84/953 1287/84/967
f 1275/85/955 1287/84/967 1288/85/968
f 1276/85/956 1274/85/954 1289/85/969
f 1276/85/956 1289/85/969 1290/85/970
f 1277/85/957 1257/85/937 1260/85/940
f 1277/85/957 1260/85/940 1291/85/971
f 1278/85/958 1275/85/955 1288/85/968
f 1278/85/958 1288/85/968 1292/85/972
f 1279/85/959 1276/85/956 1290/85/970
f 1279/85/959 1290/85/970 1293/85/973
f 1280/85/960 1277/85/957 1291/85/971
f 1280/85/960 1291/85/971 1294/85/974
f 1235/85/915 1278/85/958 1292/85/972
f 1235/85/915 1292/85/972 1295/85/975
f 1261/85/941 1279/85/959 1293/85/973
f 1261/85/941 1293/85/973 1282/85/962
f 1263/85/943 1280/85/960 1294/85/974
f 1263/85/943 1294/85/974 1296/85/976
f 1236/85/916 1235/85/915 1295/85/975
f 1236/85/916 1295/85/975 1297/85/977
f 1262/85/942 1261/85/941 1282/85/962
f 1262/85/942 1282/85/962 1281/85/961
f 1264/85/944 1263/85/943 1296/85/976
f 1264/85/944 1296/85/976 1298/85/978
f 1265/85/945 1236/85/916 1297/85/977
f 1265/85/945 1297/85/977 1299/85/979
f 1266/85/946 1262/85/942 1281/85/961
f 1266/85/946 1281/85/961 1300/85/980
f 1267/85/947 1264/85/944 1298/85/978
f 1267/85/947 1298/85/978 1301/85/981
f 1268/85/948 1265/85/945 1299/85/979
f 1268/85/948 1299/85/979 1302/85/982
f 1269/85/949 1266/85/946 1300/85/980
f 1269/85/949 1300/85/980 1303/85/983
f 1270/85/950 1267/85/947 1301/85/981
f 1270/85/950 1301/85/981 1304/85/984
f 1258/85/938 1268/85/948 1302/85/982
f 1258/85/938 1302/85/982 1259/85/939
f 1271/86/951 1269/85/949 1303/85/983
f 1271/86/951 1303/85/983 1285/86/965
f 1273/84/953 1272/83/952 1286/85/966
f 1273/84/953 1286/85/966 1287/84/967
f 1274/85/954 1270/85/950 1304/85/984
f 1274/85/954 1304/85/984 1289/85/969
f 1298/85/978 1296/85/976 1305/85/985
f 1298/85/978 1305/85/985 1306/85/986
f 1299/85/979 1297/85/977 1307/85/987
f 1299/85/979 1307/85/987 1308/85/988
f 1300/85/980 1281/85/961 1284/85/964
f 1300/85/980 1284/85/964 1309/85/989
f 1301/85/981 1298/85/978 1306/85/986
f 1301/85/981 1306/85/986 1310/85/990
f 1302/85/982 1299/85/979 1308/85/988
f 1302/85/982 1308/85/988 1311/85/991
f 1303/85/983 1300/85/980 1309/85/989
f 1303/85/983 1309/85/989 1312/85/992
f 1304/85/984 1301/85/981 1310/85/990
f 1304/85/984 1310/85/990 1313/85/993
f 1259/85/939 1302/85/982 1311/85/991
f 1259/85/939 1311/85/991 1314/85/994
f 1285/86/965 1303/85/983 1312/85/992
f 1285/86/965 1312/85/992 1315/86/995
f 1287/84/967 1286/85/966 1316/83/996
f 1287/84/967 1316/83/996 1317/84/997
f 1289/85/969 1304/85/984 1313/85/993
f 1289/85/969 1313/85/993 1318/85/998
f 1260/85/940 1259/85/939 1314/85/994
f 1260/85/940 1314/85/994 1319/85/999
f 1286/85/966 1285/86/965 1315/86/995
f 1286/85/966 1315/86/995 1316/83/996
f 1288/85/968 1287/84/967 1317/84/997
f 1288/85/968 1317/84/997 1320/85/1000
f 1290/85/970 1289/85/969 1318/85/998
f 1290/85/970 1318/85/998 1321/85/1001
f 1291/85/971 1260/85/940 1319/85/999
f 1291/85/971 1319/85/999 1322/85/1002
f 1292/85/972 1288/85/968 1320/85/1000
f 1292/85/972 1320/85/1000 1323/85/1003
f 1293/85/973 1290/85/970 1321/85/1001
f 1293/85/973 1321/85/1001 1324/85/1004
f 1294/85/974 1291/85/971 1322/85/1002
f 1294/85/974 1322/85/1002 1325/85/1005
f 1295/85/975 1292/85/972 1323/85/1003
f 1295/85/975 1323/85/1003 1326/85/1006
f 1282/85/962 1293/85/973 1324/85/1004
f 1282/85/962 1324/85/1004 1283/85/963
f 1296/85/976 1294/85/974 1325/85/1005
f 1296/85/976 1325/85/1005 1305/85/985
f 1297/85/977 1295/85/975 1326/85/1006
f 1297/85/977 1326/85/1006 1307/85/987
f 1327/77/1007 1328/77/1008 1329/77/1009
f 1327/77/1007 1329/77/1009 1330/77/1010
f 597/77/370 595/77/368 1327/77/1007
f 597/77/370 1327/77/1007 1331/77/1011
f 583/77/357 582/77/356 1332/77/1012
f 583/77/357 1332/77/1012 1333/77/1013
f 607/77/380 605/77/378 1334/77/1014
f 607/77/380 1334/77/1014 1335/77/1015
f 617/77/390 615/77/388 1336/77/1016
f 617/77/390 1336/77/1016 1337/77/1017
f 629/77/401 625/77/397 1338/77/1018
f 629/77/401 1338/77/1018 1339/77/1019
f 593/77/367 591/77/365 1340/77/1020
f 593/77/367 1340/77/1020 1328/77/1008
f 603/77/376 601/77/374 1341/77/1021
f 603/77/376 1341/77/1021 1342/77/1022
f 613/77/386 611/77/384 1343/77/1023
f 613/77/386 1343/77/1023 1344/77/1024
f 623/77/395 621/78/393 1345/78/1025
f 623/77/395 1345/78/1025 1346/77/1026
f 589/77/363 587/77/361 628/77/400
f 589/77/363 628/77/400 1347/77/1027
f 599/77/372 597/77/370 1331/77/1011
f 599/77/372 1331/77/1011 1348/77/1028
f 609/77/382 607/77/380 1335/77/1015
f 609/77/382 1335/77/1015 1349/77/1029
f 619/77/391 617/77/390 1337/77/1017
f 619/77/391 1337/77/1017 1350/77/1030
f 582/77/356 629/77/401 1339/77/1019
f 582/77/356 1339/77/1019 1332/77/1012
f 585/77/359 583/77/357 1333/77/1013
f 585/77/359 1333/77/1013 627/77/399
f 595/77/368 593/77/367 1328/77/1008
f 595/77/368 1328/77/1008 1327/77/1007
f 605/77/378 603/77/376 1342/77/1022
f 605/77/378 1342/77/1022 1334/77/1014
f 615/77/388 613/77/386 1344/77/1024
f 615/77/388 1344/77/1024 1336/77/1016
f 625/77/397 623/77/395 1346/77/1026
f 625/77/397 1346/77/1026 1338/77/1018
f 591/77/365 589/77/363 1347/77/1027
f 591/77/365 1347/77/1027 1340/77/1020
f 601/77/374 599/77/372 1348/77/1028
f 601/77/374 1348/77/1028 1341/77/1021
f 611/77/384 609/77/382 1349/77/1029
f 611/77/384 1349/77/1029 1343/77/1023
f 621/78/393 619/77/391 1350/77/1030
f 621/78/393 1350/77/1030 1345/78/1025
f 1351/77/1031 1352/77/1032 1353/77/1033
f 1351/77/1031 1353/77/1033 1354/77/1034
f 1338/77/1018 1346/77/1026 1355/77/1035
f 1338/77/1018 1355/77/1035 1356/77/1036
f 1343/77/1023 1349/77/1029 1357/77/1037
f 1343/77/1023 1357/77/1037 1358/77/1038
f 1331/77/1011 1327/77/1007 1330/77/1010
f 1331/77/1011 1330/77/1010 1359/77/1039
f 1339/77/1019 1338/77/1018 1356/77/1036
f 1339/77/1019 1356/77/1036 1360/77/1040
f 1333/77/1013 1332/77/1012 1361/77/1041
f 1333/77/1013 1361/77/1041 1362/77/1042
f 1344/77/1024 1343/77/1023 1358/77/1038
f 1344/77/1024 1358/77/1038 1363/77/1043
f 1348/77/1028 1331/77/1011 1359/77/1039
f 1348/77/1028 1359/77/1039 1364/77/1044
f 1332/77/1012 1339/77/1019 1360/77/1040
f 1332/77/1012 1360/77/1040 1361/77/1041
f 627/77/399 1333/77/1013 1362/77/1042
f 627/77/399 1362/77/1042 1365/77/1045
f 1336/77/1016 1344/77/1024 1363/77/1043
f 1336/77/1016 1363/77/1043 1366/77/1046
f 1341/77/1021 1348/77/1028 1364/77/1044
f 1341/77/1021 1364/77/1044 1352/77/1032
f 628/77/400 627/77/399 1365/77/1045
f 628/77/400 1365/77/1045 1367/77/1047
f 1337/77/1017 1336/77/1016 1366/77/1046
f 1337/77/1017 1366/77/1046 1368/77/1048
f 1342/77/1022 1341/77/1021 1352/77/1032
f 1342/77/1022 1352/77/1032 1351/77/1031
f 1347/77/1027 628/77/400 1367/77/1047
f 1347/77/1027 1367/77/1047 1369/77/1049
f 1350/77/1030 1337/77/1017 1368/77/1048
f 1350/77/1030 1368/77/1048 1370/77/1050
f 1334/77/1014 1342/77/1022 1351/77/1031
f 1334/77/1014 1351/77/1031 1371/77/1051
f 1340/77/1020 1347/77/1027 1369/77/1049
f 1340/77/1020 1369/77/1049 1372/77/1052
f 1345/78/1025 1350/77/1030 1370/77/1050
f 1345/78/1025 1370/77/1050 1373/78/1053
f 1335/77/1015 1334/77/1014 1371/77/1051
f 1335/77/1015 1371/77/1051 1374/77/1054
f 1328/77/1008 1340/77/1020 1372/77/1052
f 1328/77/1008 1372/77/1052 1329/77/1009
f 1346/77/1026 1345/78/1025 1373/78/1053
f 1346/77/1026 1373/78/1053 1355/77/1035
f 1349/77/1029 1335/77/1015 1374/77/1054
f 1349/77/1029 1374/77/1054 1357/77/1037
f 1375/77/1055 1376/77/1056 1377/77/1057
f 1375/77/1055 1377/77/1057 1378/77/1058
f 1369/77/1049 1367/77/1047 1379/77/1059
f 1369/77/1049 1379/77/1059 1380/77/1060
f 1370/77/1050 1368/77/1048 1381/77/1061
f 1370/77/1050 1381/77/1061 1382/77/1062
f 1371/77/1051 1351/77/1031 1354/77/1034
f 1371/77/1051 1354/77/1034 1383/77/1063
f 1372/77/1052 1369/77/1049 1380/77/1060
f 1372/77/1052 1380/77/1060 1384/77/1064
f 1373/78/1053 1370/77/1050 1382/77/1062
f 1373/78/1053 1382/77/1062 1385/78/1065
f 1374/77/1054 1371/77/1051 1383/77/1063
f 1374/77/1054 1383/77/1063 1386/77/1066
f 1329/77/1009 1372/77/1052 1384/77/1064
f 1329/77/1009 1384/77/1064 1387/77/1067
f 1355/77/1035 1373/78/1053 1385/78/1065
f 1355/77/1035 1385/78/1065 1376/77/1056
f 1357/77/1037 1374/77/1054 1386/77/1066
f 1357/77/1037 1386/77/1066 1388/77/1068
f 1330/77/1010 1329/77/1009 1387/77/1067
f 1330/77/1010 1387/77/1067 1389/77/1069
f 1356/77/1036 1355/77/1035 1376/77/1056
f 1356/77/1036 1376/77/1056 1375/77/1055
f 1358/77/1038 1357/77/1037 1388/77/1068
f 1358/77/1038 1388/77/1068 1390/77/1070
f 1359/77/1039 1330/77/1010 1389/77/1069
f 1359/77/1039 1389/77/1069 1391/77/1071
f 1360/77/1040 1356/77/1036 1375/77/1055
f 1360/77/1040 1375/77/1055 1392/77/1072
f 1362/77/1042 1361/77/1041 1393/77/1073
f 1362/77/1042 1393/77/1073 1394/77/1074
f 1363/77/1043 1358/77/1038 1390/77/1070
f 1363/77/1043 1390/77/1070 1395/77/1075
f 1364/77/1044 1359/77/1039 1391/77/1071
f 1364/77/1044 1391/77/1071 1396/77/1076
f 1361/77/1041 1360/77/1040 1392/77/1072
f 1361/77/1041 1392/77/1072 1393/77/1073
f 1365/77/1045 1362/77/1042 1394/77/1074
f 1365/77/1045 1394/77/1074 1397/77/1077
f 1366/77/1046 1363/77/1043 1395/77/1075
f 1366/77/1046 1395/77/1075 1398/77/1078
f 1352/77/1032 1364/77/1044 1396/77/1076
f 1352/77/1032 1396/77/1076 1353/77/1033
f 1367/77/1047 1365/77/1045 1397/77/1077
f 1367/77/1047 1397/77/1077 1379/77/1059
f 1368/77/1048 1366/77/1046 1398/77/1078
f 1368/77/1048 1398/77/1078 1381/77/1061
f 1399/77/1079 1400/77/1080 1401/77/1081
f 1399/77/1079 1401/77/1081 1402/77/1082
f 1390/77/1070 1388/77/1068 1403/77/1083
f 1390/77/1070 1403/77/1083 1404/77/1084
f 1391/77/1071 1389/77/1069 1405/77/1085
f 1391/77/1071 1405/77/1085 1406/77/1086
f 1392/77/1072 1375/77/1055 1378/77/1058
f 1392/77/1072 1378/77/1058 1407/77/1087
f 1394/77/1074 1393/77/1073 1408/77/1088
f 1394/77/1074 1408/77/1088 1409/77/1089
f 1395/77/1075 1390/77/1070 1404/77/1084
f 1395/77/1075 1404/77/1084 1410/77/1090
f 1396/77/1076 1391/77/1071 1406/77/1086
f 1396/77/1076 1406/77/1086 1411/77/1091
f 1393/77/1073 1392/77/1072 1407/77/1087
f 1393/77/1073 1407/77/1087 1408/77/1088
f 1397/77/1077 1394/77/1074 1409/77/1089
f 1397/77/1077 1409/77/1089 1412/77/1092
f 1398/77/1078 1395/77/1075 1410/77/1090
f 1398/77/1078 1410/77/1090 1413/77/1093
f 1353/77/1033 1396/77/1076 1411/77/1091
f 1353/77/1033 1411/77/1091 1400/77/1080
f 1379/77/1059 1397/77/1077 1412/77/1092
f 1379/77/1059 1412/77/1092 1414/77/1094
f 1381/77/1061 1398/77/1078 1413/77/1093
f 1381/77/1061 1413/77/1093 1415/77/1095
f 1354/77/1034 1353/77/1033 1400/77/1080
f 1354/77/1034 1400/77/1080 1399/77/1079
f 1380/77/1060 1379/77/1059 1414/77/1094
f 1380/77/1060 1414/77/1094 1416/77/1096
f 1382/77/1062 1381/77/1061 1415/77/1095
f 1382/77/1062 1415/77/1095 1417/77/1097
f 1383/77/1063 1354/77/1034 1399/77/1079
f 1383/77/1063 1399/77/1079 1418/77/1098
f 1384/77/1064 1380/77/1060 1416/77/1096
f 1384/77/1064 1416/77/1096 1419/77/1099
f 1385/78/1065 1382/77/1062 1417/77/1097
f 1385/78/1065 1417/77/1097 1420/78/1100
f 1386/77/1066 1383/77/1063 1418/77/1098
f 1386/77/1066 1418/77/1098 1421/77/1101
f 1387/77/1067 1384/77/1064 1419/77/1099
f 1387/77/1067 1419/77/1099 1422/77/1102
f 1376/77/1056 1385/78/1065 1420/78/1100
f 1376/77/1056 1420/78/1100 1377/77/1057
f 1388/77/1068 1386/77/1066 1421/77/1101
f 1388/77/1068 1421/77/1101 1403/77/1083
f 1389/77/1069 1387/77/1067 1422/77/1102
f 1389/77/1069 1422/77/1102 1405/77/1085
f 1423/79/1103 1424/79/1104 1425/79/1105
f 1423/79/1103 1425/79/1105 1426/79/1106
f 1416/77/1096 1414/77/1094 1427/77/1103
f 1416/77/1096 1427/77/1103 1428/77/1107
f 1417/77/1097 1415/77/1095 1429/77/2
f 1417/77/1097 1429/77/2 1430/77/1108
f 1418/77/1098 1399/77/1079 1402/77/1082
f 1418/77/1098 1402/77/1082 1431/77/257
f 1419/77/1099 1416/77/1096 1428/77/1107
f 1419/77/1099 1428/77/1107 1432/77/1109
f 1420/78/1100 1417/77/1097 1430/77/1108
f 1420/78/1100 1430/77/1108 1433/78/1110
f 1421/77/1101 1418/77/1098 1431/77/257
f 1421/77/1101 1431/77/257 1434/77/1111
f 1422/77/1102 1419/77/1099 1432/77/1109
f 1422/77/1102 1432/77/1109 1435/77/1
f 1377/77/1057 1420/78/1100 1433/78/1110
f 1377/77/1057 1433/78/1110 1436/77/1112
f 1403/77/1083 1421/77/1101 1434/77/1111
f 1403/77/1083 1434/77/1111 1437/77/1113
f 1405/77/1085 1422/77/1102 1435/77/1
f 1405/77/1085 1435/77/1 1438/77/1114
f 1378/77/1058 1377/77/1057 1436/77/1112
f 1378/77/1058 1436/77/1112 1439/77/1115
f 1404/77/1084 1403/77/1083 1437/77/1113
f 1404/77/1084 1437/77/1113 1440/77/1116
f 1406/77/1086 1405/77/1085 1438/77/1114
f 1406/77/1086 1438/77/1114 1441/77/1117
f 1407/77/1087 1378/77/1058 1439/77/1115
f 1407/77/1087 1439/77/1115 1442/77/1118
f 1409/77/1089 1408/77/1088 1443/77/1119
f 1409/77/1089 1443/77/1119 1444/77/1120
f 1410/77/1090 1404/77/1084 1440/77/1116
f 1410/77/1090 1440/77/1116 1445/77/1121
f 1411/77/1091 1406/77/1086 1441/77/1117
f 1411/77/1091 1441/77/1117 1446/77/1122
f 1408/77/1088 1407/77/1087 1442/77/1118
f 1408/77/1088 1442/77/1118 1443/77/1119
f 1412/77/1092 1409/77/1089 1444/77/1120
f 1412/77/1092 1444/77/1120 1447/77/1104
f 1413/77/1093 1410/77/1090 1445/77/1121
f 1413/77/1093 1445/77/1121 1448/77/1123
f 1400/77/1080 1411/77/1091 1446/77/1122
f 1400/77/1080 1446/77/1122 1401/77/1081
f 1414/77/1094 1412/77/1092 1447/77/1104
f 1414/77/1094 1447/77/1104 1427/77/1103
f 1415/77/1095 1413/77/1093 1448/77/1123
f 1415/77/1095 1448/77/1123 1429/77/2
s 0
f 1449/77/355 1450/77/355 1451/77/355
f 1449/77/355 1451/77/355 1452/77/355
f 1450/77/355 1453/77/355 1454/77/355
f 1450/77/355 1454/77/355 1451/77/355
f 1453/77/355 1455/77/355 1456/77/355
f 1453/77/355 1456/77/355 1454/77/355
f 1455/77/355 1457/77/355 1458/77/355
f 1455/77/355 1458/77/355 1456/77/355
f 1457/77/355 1459/77/355 1460/77/355
f 1457/77/355 1460/77/355 1458/77/355
f 1459/77/355 1461/77/355 1462/77/355
f 1459/77/355 1462/77/355 1460/77/355
f 1461/77/355 1463/77/355 1464/77/355
f 1461/77/355 1464/77/355 1462/77/355
f 1463/77/355 1465/77/355 1466/77/355
f 1463/77/355 1466/77/355 1464/77/355
f 1465/77/355 1467/77/355 1468/77/355
f 1465/77/355 1468/77/355 1466/77/355
f 1467/77/355 1469/77/355 1470/77/355
f 1467/77/355 1470/77/355 1468/77/355
f 1469/77/355 1471/77/355 1472/77/355
f 1469/77/355 1472/77/355 1470/77/355
f 1471/77/355 1473/77/355 1474/77/355
f 1471/77/355 1474/77/355 1472/77/355
f 1473/77/355 1475/77/355 1476/77/355
f 1473/77/355 1476/77/355 1474/77/355
f 1475/77/355 1477/78/355 1478/77/355
f 1475/77/355 1478/77/355 1476/77/355
f 1477/78/355 1479/77/355 1480/77/355
f 1477/78/355 1480/77/355 1478/77/355
f 1479/77/355 1481/77/355 1482/77/355
f 1479/77/355 1482/77/355 1480/77/355
f 1481/77/355 1483/77/355 1484/77/355
f 1481/77/355 1484/77/355 1482/77/355
f 1483/77/355 1485/77/355 1486/77/355
f 1483/77/355 1486/77/355 1484/77/355
f 1485/77/355 1487/77/355 1488/77/355
f 1485/77/355 1488/77/355 1486/77/355
f 1487/77/355 1489/77/355 1490/78/355
f 1487/77/355 1490/78/355 1488/77/355
f 1489/77/355 1491/77/355 1492/77/355
f 1489/77/355 1492/77/355 1490/78/355
f 1491/77/355 1493/77/355 1494/77/355
f 1491/77/355 1494/77/355 1492/77/355
f 1493/77/355 1495/77/355 1496/77/355
f 1493/77/355 1496/77/355 1494/77/355
f 1495/77/355 1449/77/355 1452/77/355
f 1495/77/355 1452/77/355 1496/77/355
s 1
f 1497/79/1124 1498/79/1125 1499/79/1126
f 1497/79/1124 1499/79/1126 1500/79/1127
f 1501/79/1110 1502/79/1108 1503/79/1128
f 1501/79/1110 1503/79/1128 1498/79/1125
f 1504/87/1111 1505/87/257 1506/87/1129
f 1504/87/1111 1506/87/1129 1507/87/1130
f 1508/79/1107 1423/79/1103 1426/79/1106
f 1508/79/1107 1426/79/1106 1509/79/1131
f 1510/79/1 1511/79/1109 1512/79/1132
f 1510/79/1 1512/79/1132 1513/79/1133
f 1514/79/1112 1501/79/1110 1498/79/1125
f 1514/79/1112 1498/79/1125 1497/79/1124
f 1515/87/1113 1504/87/1111 1507/87/1130
f 1515/87/1113 1507/87/1130 1516/87/1134
f 1511/79/1109 1508/79/1107 1509/79/1131
f 1511/79/1109 1509/79/1131 1512/79/1132
f 1517/87/1114 1510/79/1 1513/79/1133
f 1517/87/1114 1513/79/1133 1518/87/1135
f 1519/79/1115 1514/79/1112 1497/79/1124
f 1519/79/1115 1497/79/1124 1520/79/1136
f 1521/87/1116 1515/87/1113 1516/87/1134
f 1521/87/1116 1516/87/1134 1522/87/1137
f 1523/87/1117 1517/87/1114 1518/87/1135
f 1523/87/1117 1518/87/1135 1524/87/1138
f 1525/79/1118 1519/79/1115 1520/79/1136
f 1525/79/1118 1520/79/1136 1526/79/1139
f 1527/87/1121 1521/87/1116 1522/87/1137
f 1527/87/1121 1522/87/1137 1528/87/1140
f 1529/87/1122 1523/87/1117 1524/87/1138
f 1529/87/1122 1524/87/1138 1530/87/1141
f 1531/79/1119 1525/79/1118 1526/79/1139
f 1531/79/1119 1526/79/1139 1532/79/1142
f 1533/87/1123 1527/87/1121 1528/87/1140
f 1533/87/1123 1528/87/1140 1534/87/1143
f 1535/87/1081 1529/87/1122 1530/87/1141
f 1535/87/1081 1530/87/1141 1536/87/1144
f 1537/79/1120 1531/79/1119 1532/79/1142
f 1537/79/1120 1532/79/1142 1538/79/1145
f 1539/82/2 1533/87/1123 1534/87/1143
f 1539/82/2 1534/87/1143 1540/82/1146
f 1541/87/1082 1535/87/1081 1536/87/1144
f 1541/87/1082 1536/87/1144 1542/87/1147
f 1424/79/1104 1537/79/1120 1538/79/1145
f 1424/79/1104 1538/79/1145 1425/79/1105
f 1502/79/1108 1539/82/2 1540/82/1146
f 1502/79/1108 1540/82/1146 1503/79/1128
f 1505/87/257 1541/87/1082 1542/87/1147
f 1505/87/257 1542/87/1147 1506/87/1129
f 1543/87/1148 1544/87/1149 1545/87/1150
f 1543/87/1148 1545/87/1150 1546/87/1151
f 1516/87/1134 1507/87/1130 1547/87/1152
f 1516/87/1134 1547/87/1152 1548/87/1153
f 1518/87/1135 1513/79/1133 1549/79/366
f 1518/87/1135 1549/79/366 1550/87/1154
f 1520/79/1136 1497/79/1124 1500/79/1127
f 1520/79/1136 1500/79/1127 1551/79/1155
f 1522/87/1137 1516/87/1134 1548/87/1153
f 1522/87/1137 1548/87/1153 1552/87/1156
f 1524/87/1138 1518/87/1135 1550/87/1154
f 1524/87/1138 1550/87/1154 1544/87/1149
f 1526/79/1139 1520/79/1136 1551/79/1155
f 1526/79/1139 1551/79/1155 1553/79/1157
f 1538/79/1145 1532/79/1142 1554/79/1158
f 1538/79/1145 1554/79/1158 1555/79/1159
f 1528/87/1140 1522/87/1137 1552/87/1156
f 1528/87/1140 1552/87/1156 1556/87/1160
f 1530/87/1141 1524/87/1138 1544/87/1149
f 1530/87/1141 1544/87/1149 1543/87/1148
f 1532/79/1142 1526/79/1139 1553/79/1157
f 1532/79/1142 1553/79/1157 1554/79/1158
f 1425/79/1105 1538/79/1145 1555/79/1159
f 1425/79/1105 1555/79/1159 1557/79/1161
f 1534/87/1143 1528/87/1140 1556/87/1160
f 1534/87/1143 1556/87/1160 1558/87/1162
f 1536/87/1144 1530/87/1141 1543/87/1148
f 1536/87/1144 1543/87/1148 1559/87/1163
f 1426/79/1106 1425/79/1105 1557/79/1161
f 1426/79/1106 1557/79/1161 1560/79/1164
f 1540/82/1146 1534/87/1143 1558/87/1162
f 1540/82/1146 1558/87/1162 1561/82/389
f 1542/87/1147 1536/87/1144 1559/87/1163
f 1542/87/1147 1559/87/1163 1562/87/1165
f 1509/79/1131 1426/79/1106 1560/79/1164
f 1509/79/1131 1560/79/1164 1563/79/1166
f 1503/79/1128 1540/82/1146 1561/82/389
f 1503/79/1128 1561/82/389 1564/79/1167
f 1506/87/1129 1542/87/1147 1562/87/1165
f 1506/87/1129 1562/87/1165 1565/87/1168
f 1512/79/1132 1509/79/1131 1563/79/1166
f 1512/79/1132 1563/79/1166 1566/79/1169
f 1498/79/1125 1503/79/1128 1564/79/1167
f 1498/79/1125 1564/79/1167 1499/79/1126
f 1507/87/1130 1506/87/1129 1565/87/1168
f 1507/87/1130 1565/87/1168 1547/87/1152
f 1513/79/1133 1512/79/1132 1566/79/1169
f 1513/79/1133 1566/79/1169 1549/79/366
f 1567/87/1170 1568/87/1171 1569/87/1172
f 1567/87/1170 1569/87/1172 1570/87/1173
f 1554/79/1158 1553/79/1157 1571/79/1174
f 1554/79/1158 1571/79/1174 1572/79/1175
f 1557/79/1161 1555/79/1159 1573/79/1176
f 1557/79/1161 1573/79/1176 1574/79/1177
f 1558/87/1162 1556/87/1160 1575/87/1178
f 1558/87/1162 1575/87/1178 1576/87/1179
f 1559/87/1163 1543/87/1148 1546/87/1151
f 1559/87/1163 1546/87/1151 1577/87/1180
f 1560/79/1164 1557/79/1161 1574/79/1177
f 1560/79/1164 1574/79/1177 1578/79/1181
f 1561/82/389 1558/87/1162 1576/87/1179
f 1561/82/389 1576/87/1179 1579/82/387
f 1562/87/1165 1559/87/1163 1577/87/1180
f 1562/87/1165 1577/87/1180 1580/87/1182
f 1563/79/1166 1560/79/1164 1578/79/1181
f 1563/79/1166 1578/79/1181 1581/79/1183
f 1564/79/1167 1561/82/389 1579/82/387
f 1564/79/1167 1579/82/387 1582/79/1184
f 1565/87/1168 1562/87/1165 1580/87/1182
f 1565/87/1168 1580/87/1182 1568/87/1171
f 1566/79/1169 1563/79/1166 1581/79/1183
f 1566/79/1169 1581/79/1183 1583/79/1185
f 1499/79/1126 1564/79/1167 1582/79/1184
f 1499/79/1126 1582/79/1184 1584/79/1186
f 1547/87/1152 1565/87/1168 1568/87/1171
f 1547/87/1152 1568/87/1171 1567/87/1170
f 1549/79/366 1566/79/1169 1583/79/1185
f 1549/79/366 1583/79/1185 1585/79/364
f 1500/79/1127 1499/79/1126 1584/79/1186
f 1500/79/1127 1584/79/1186 1586/79/1187
f 1548/87/1153 1547/87/1152 1567/87/1170
f 1548/87/1153 1567/87/1170 1587/87/1188
f 1550/87/1154 1549/79/366 1585/79/364
f 1550/87/1154 1585/79/364 1588/87/1189
f 1551/79/1155 1500/79/1127 1586/79/1187
f 1551/79/1155 1586/79/1187 1589/79/1190
f 1552/87/1156 1548/87/1153 1587/87/1188
f 1552/87/1156 1587/87/1188 1590/87/1191
f 1544/87/1149 1550/87/1154 1588/87/1189
f 1544/87/1149 1588/87/1189 1545/87/1150
f 1553/79/1157 1551/79/1155 1589/79/1190
f 1553/79/1157 1589/79/1190 1571/79/1174
f 1555/79/1159 1554/79/1158 1572/79/1175
f 1555/79/1159 1572/79/1175 1573/79/1176
f 1556/87/1160 1552/87/1156 1590/87/1191
f 1556/87/1160 1590/87/1191 1575/87/1178
f 1591/79/1192 1592/79/1193 1593/79/1194
f 1591/79/1192 1593/79/1194 1594/79/1195
f 1585/79/364 1583/79/1185 1595/79/1196
f 1585/79/364 1595/79/1196 1596/79/362
f 1586/79/1187 1584/79/1186 1597/79/1197
f 1586/79/1187 1597/79/1197 1598/79/1198
f 1587/87/1188 1567/87/1170 1570/87/1173
f 1587/87/1188 1570/87/1173 1599/87/1199
f 1588/87/1189 1585/79/364 1596/79/362
f 1588/87/1189 1596/79/362 1600/87/1200
f 1589/79/1190 1586/79/1187 1598/79/1198
f 1589/79/1190 1598/79/1198 1601/79/1201
f 1590/87/1191 1587/87/1188 1599/87/1199
f 1590/87/1191 1599/87/1199 1602/87/1202
f 1545/87/1150 1588/87/1189 1600/87/1200
f 1545/87/1150 1600/87/1200 1603/87/1203
f 1571/79/1174 1589/79/1190 1601/79/1201
f 1571/79/1174 1601/79/1201 1592/79/1193
f 1573/79/1176 1572/79/1175 1591/79/1192
f 1573/79/1176 1591/79/1192 1604/79/1204
f 1575/87/1178 1590/87/1191 1602/87/1202
f 1575/87/1178 1602/87/1202 1605/87/1205
f 1546/87/1151 1545/87/1150 1603/87/1203
f 1546/87/1151 1603/87/1203 1606/87/1206
f 1572/79/1175 1571/79/1174 1592/79/1193
f 1572/79/1175 1592/79/1193 1591/79/1192
f 1574/79/1177 1573/79/1176 1604/79/1204
f 1574/79/1177 1604/79/1204 1607/79/1207
f 1576/87/1179 1575/87/1178 1605/87/1205
f 1576/87/1179 1605/87/1205 1608/87/1208
f 1577/87/1180 1546/87/1151 1606/87/1206
f 1577/87/1180 1606/87/1206 1609/87/1209
f 1578/79/1181 1574/79/1177 1607/79/1207
f 1578/79/1181 1607/79/1207 1610/79/1210
f 1579/82/387 1576/87/1179 1608/87/1208
f 1579/82/387 1608/87/1208 1611/82/385
f 1580/87/1182 1577/87/1180 1609/87/1209
f 1580/87/1182 1609/87/1209 1612/87/1211
f 1581/79/1183 1578/79/1181 1610/79/1210
f 1581/79/1183 1610/79/1210 1613/79/1212
f 1582/79/1184 1579/82/387 1611/82/385
f 1582/79/1184 1611/82/385 1614/79/1213
f 1568/87/1171 1580/87/1182 1612/87/1211
f 1568/87/1171 1612/87/1211 1569/87/1172
f 1583/79/1185 1581/79/1183 1613/79/1212
f 1583/79/1185 1613/79/1212 1595/79/1196
f 1584/79/1186 1582/79/1184 1614/79/1213
f 1584/79/1186 1614/79/1213 1597/79/1197
f 1615/87/1214 1616/87/1215 1617/87/1216
f 1615/87/1214 1617/87/1216 1618/87/1217
f 1607/79/1207 1604/79/1204 1619/79/1218
f 1607/79/1207 1619/79/1218 1620/79/1219
f 1608/87/1208 1605/87/1205 1621/87/1220
f 1608/87/1208 1621/87/1220 1622/87/1221
f 1609/87/1209 1606/87/1206 1623/87/1222
f 1609/87/1209 1623/87/1222 1624/87/1223
f 1610/79/1210 1607/79/1207 1620/79/1219
f 1610/79/1210 1620/79/1219 1625/79/1224
f 1611/82/385 1608/87/1208 1622/87/1221
f 1611/82/385 1622/87/1221 1626/82/383
f 1612/87/1211 1609/87/1209 1624/87/1223
f 1612/87/1211 1624/87/1223 1627/87/1225
f 1613/79/1212 1610/79/1210 1625/79/1224
f 1613/79/1212 1625/79/1224 1628/79/1226
f 1614/79/1213 1611/82/385 1626/82/383
f 1614/79/1213 1626/82/383 1629/79/1227
f 1569/87/1172 1612/87/1211 1627/87/1225
f 1569/87/1172 1627/87/1225 1616/87/1215
f 1595/79/1196 1613/79/1212 1628/79/1226
f 1595/79/1196 1628/79/1226 1630/79/1228
f 1597/79/1197 1614/79/1213 1629/79/1227
f 1597/79/1197 1629/79/1227 1631/79/1229
f 1570/87/1173 1569/87/1172 1616/87/1215
f 1570/87/1173 1616/87/1215 1615/87/1214
f 1596/79/362 1595/79/1196 1630/79/1228
f 1596/79/362 1630/79/1228 1632/79/360
f 1598/79/1198 1597/79/1197 1631/79/1229
f 1598/79/1198 1631/79/1229 1633/79/1230
f 1599/87/1199 1570/87/1173 1615/87/1214
f 1599/87/1199 1615/87/1214 1634/87/1231
f 1600/87/1200 1596/79/362 1632/79/360
f 1600/87/1200 1632/79/360 1635/87/1232
f 1601/79/1201 1598/79/1198 1633/79/1230
f 1601/79/1201 1633/79/1230 1636/79/1233
f 1602/87/1202 1599/87/1199 1634/87/1231
f 1602/87/1202 1634/87/1231 1637/87/1234
f 1603/87/1203 1600/87/1200 1635/87/1232
f 1603/87/1203 1635/87/1232 1638/87/1235
f 1592/79/1193 1601/79/1201 1636/79/1233
f 1592/79/1193 1636/79/1233 1593/79/1194
f 1604/79/1204 1591/79/1192 1594/79/1195
f 1604/79/1204 1594/79/1195 1619/79/1218
f 1605/87/1205 1602/87/1202 1637/87/1234
f 1605/87/1205 1637/87/1234 1621/87/1220
f 1606/87/1206 1603/87/1203 1638/87/1235
f 1606/87/1206 1638/87/1235 1623/87/1222
f 1639/79/1236 1640/79/1237 1641/79/1238
f 1639/79/1236 1641/79/1238 1642/79/1239
f 1632/79/360 1630/79/1228 1643/79/1240
f 1632/79/360 1643/79/1240 1644/79/358
f 1633/79/1230 1631/79/1229 1645/79/1241
f 1633/79/1230 1645/79/1241 1646/79/1242
f 1634/87/1231 1615/87/1214 1618/87/1217
f 1634/87/1231 1618/87/1217 1647/87/1243
f 1635/87/1232 1632/79/360 1644/79/358
f 1635/87/1232 1644/79/358 1648/87/1244
f 1636/79/1233 1633/79/1230 1646/79/1242
f 1636/79/1233 1646/79/1242 1649/79/1245
f 1637/87/1234 1634/87/1231 1647/87/1243
f 1637/87/1234 1647/87/1243 1650/87/1246
f 1638/87/1235 1635/87/1232 1648/87/1244
f 1638/87/1235 1648/87/1244 1651/87/1247
f 1593/79/1194 1636/79/1233 1649/79/1245
f 1593/79/1194 1649/79/1245 1652/79/1248
f 1619/79/1218 1594/79/1195 1653/79/1249
f 1619/79/1218 1653/79/1249 1640/79/1237
f 1621/87/1220 1637/87/1234 1650/87/1246
f 1621/87/1220 1650/87/1246 1654/87/1250
f 1623/87/1222 1638/87/1235 1651/87/1247
f 1623/87/1222 1651/87/1247 1655/87/1251
f 1594/79/1195 1593/79/1194 1652/79/1248
f 1594/79/1195 1652/79/1248 1653/79/1249
f 1620/79/1219 1619/79/1218 1640/79/1237
f 1620/79/1219 1640/79/1237 1639/79/1236
f 1622/87/1221 1621/87/1220 1654/87/1250
f 1622/87/1221 1654/87/1250 1656/87/1252
f 1624/87/1223 1623/87/1222 1655/87/1251
f 1624/87/1223 1655/87/1251 1657/87/1253
f 1625/79/1224 1620/79/1219 1639/79/1236
f 1625/79/1224 1639/79/1236 1658/79/1254
f 1626/82/383 1622/87/1221 1656/87/1252
f 1626/82/383 1656/87/1252 1659/82/381
f 1627/87/1225 1624/87/1223 1657/87/1253
f 1627/87/1225 1657/87/1253 1660/87/1255
f 1628/79/1226 1625/79/1224 1658/79/1254
f 1628/79/1226 1658/79/1254 1661/79/1256
f 1629/79/1227 1626/82/383 1659/82/381
f 1629/79/1227 1659/82/381 1662/79/1257
f 1616/87/1215 1627/87/1225 1660/87/1255
f 1616/87/1215 1660/87/1255 1617/87/1216
f 1630/79/1228 1628/79/1226 1661/79/1256
f 1630/79/1228 1661/79/1256 1643/79/1240
f 1631/79/1229 1629/79/1227 1662/79/1257
f 1631/79/1229 1662/79/1257 1645/79/1241
f 1663/79/1258 1664/79/1259 1665/79/1260
f 1663/79/1258 1665/79/1260 1666/79/355
f 1656/87/1252 1654/87/1250 1667/87/1261
f 1656/87/1252 1667/87/1261 1668/87/1262
f 1657/87/1253 1655/87/1251 1669/87/1263
f 1657/87/1253 1669/87/1263 1670/87/1264
f 1658/79/1254 1639/79/1236 1642/79/1239
f 1658/79/1254 1642/79/1239 1671/79/1265
f 1659/82/381 1656/87/1252 1668/87/1262
f 1659/82/381 1668/87/1262 1672/82/1266
f 1660/87/1255 1657/87/1253 1670/87/1264
f 1660/87/1255 1670/87/1264 1673/87/1267
f 1661/79/1256 1658/79/1254 1671/79/1265
f 1661/79/1256 1671/79/1265 1674/79/1268
f 1662/79/1257 1659/82/381 1672/82/1266
f 1662/79/1257 1672/82/1266 1675/79/1269
f 1617/87/1216 1660/87/1255 1673/87/1267
f 1617/87/1216 1673/87/1267 1676/87/1270
f 1643/79/1240 1661/79/1256 1674/79/1268
f 1643/79/1240 1674/79/1268 1664/79/1259
f 1645/79/1241 1662/79/1257 1675/79/1269
f 1645/79/1241 1675/79/1269 1677/79/1271
f 1618/87/1217 1617/87/1216 1676/87/1270
f 1618/87/1217 1676/87/1270 1678/87/1272
f 1644/79/358 1643/79/1240 1664/79/1259
f 1644/79/358 1664/79/1259 1663/79/1258
f 1646/79/1242 1645/79/1241 1677/79/1271
f 1646/79/1242 1677/79/1271 1679/79/1273
f 1647/87/1243 1618/87/1217 1678/87/1272
f 1647/87/1243 1678/87/1272 1680/87/1274
f 1648/87/1244 1644/79/358 1663/79/1258
f 1648/87/1244 1663/79/1258 1681/87/1275
f 1649/79/1245 1646/79/1242 1679/79/1273
f 1649/79/1245 1679/79/1273 1682/79/1276
f 1650/87/1246 1647/87/1243 1680/87/1274
f 1650/87/1246 1680/87/1274 1683/87/1277
f 1651/87/1247 1648/87/1244 1681/87/1275
f 1651/87/1247 1681/87/1275 1684/87/1278
f 1652/79/1248 1649/79/1245 1682/79/1276
f 1652/79/1248 1682/79/1276 1685/79/1279
f 1640/79/1237 1653/79/1249 1686/79/1280
f 1640/79/1237 1686/79/1280 1641/79/1238
f 1654/87/1250 1650/87/1246 1683/87/1277
f 1654/87/1250 1683/87/1277 1667/87/1261
f 1655/87/1251 1651/87/1247 1684/87/1278
f 1655/87/1251 1684/87/1278 1669/87/1263
f 1653/79/1249 1652/79/1248 1685/79/1279
f 1653/79/1249 1685/79/1279 1686/79/1280
f 1679/79/1273 1677/79/1271 1687/79/1281
f 1679/79/1273 1687/79/1281 1688/79/1282
f 1680/87/1274 1678/87/1272 1689/87/1283
f 1680/87/1274 1689/87/1283 1690/87/1284
f 1681/87/1275 1663/79/1258 1666/79/355
f 1681/87/1275 1666/79/355 1691/87/1285
f 1682/79/1276 1679/79/1273 1688/79/1282
f 1682/79/1276 1688/79/1282 1692/79/1286
f 1683/87/1277 1680/87/1274 1690/87/1284
f 1683/87/1277 1690/87/1284 1693/87/1051
f 1684/87/1278 1681/87/1275 1691/87/1285
f 1684/87/1278 1691/87/1285 1694/87/1287
f 1685/79/1279 1682/79/1276 1692/79/1286
f 1685/79/1279 1692/79/1286 1695/79/1288
f 1641/79/1238 1686/79/1280 1696/79/1119
f 1641/79/1238 1696/79/1119 1697/79/1289
f 1667/87/1261 1683/87/1277 1693/87/1051
f 1667/87/1261 1693/87/1051 1698/87/1290
f 1669/87/1263 1684/87/1278 1694/87/1287
f 1669/87/1263 1694/87/1287 1699/87/1291
f 1686/79/1280 1685/79/1279 1695/79/1288
f 1686/79/1280 1695/79/1288 1696/79/1119
f 1642/79/1239 1641/79/1238 1697/79/1289
f 1642/79/1239 1697/79/1289 1700/79/1292
f 1668/87/1262 1667/87/1261 1698/87/1290
f 1668/87/1262 1698/87/1290 1701/87/1293
f 1670/87/1264 1669/87/1263 1699/87/1291
f 1670/87/1264 1699/87/1291 1702/87/1294
f 1671/79/1265 1642/79/1239 1700/79/1292
f 1671/79/1265 1700/79/1292 1703/79/1041
f 1672/82/1266 1668/87/1262 1701/87/1293
f 1672/82/1266 1701/87/1293 1704/82/379
f 1673/87/1267 1670/87/1264 1702/87/1294
f 1673/87/1267 1702/87/1294 1705/87/1295
f 1674/79/1268 1671/79/1265 1703/79/1041
f 1674/79/1268 1703/79/1041 1706/79/1296
f 1675/79/1269 1672/82/1266 1704/82/379
f 1675/79/1269 1704/82/379 1707/79/1297
f 1676/87/1270 1673/87/1267 1705/87/1295
f 1676/87/1270 1705/87/1295 1708/87/257
f 1664/79/1259 1674/79/1268 1706/79/1296
f 1664/79/1259 1706/79/1296 1665/79/1260
f 1677/79/1271 1675/79/1269 1707/79/1297
f 1677/79/1271 1707/79/1297 1687/79/1281
f 1678/87/1272 1676/87/1270 1708/87/257
f 1678/87/1272 1708/87/257 1689/87/1283
f 662/82/434 1709/82/402 1710/79/355
f 662/82/434 1710/79/355 649/80/421
f 661/79/433 1711/79/398 1709/82/402
f 661/79/433 1709/82/402 662/82/434
f 675/79/447 1712/79/396 1711/79/398
f 675/79/447 1711/79/398 661/79/433
f 640/79/412 1713/79/394 1712/79/396
f 640/79/412 1712/79/396 675/79/447
f 639/79/411 1714/79/392 1713/79/394
f 639/79/411 1713/79/394 640/79/412
f 658/79/430 1715/79/2 1714/79/392
f 658/79/430 1714/79/392 639/79/411
f 657/79/429 1716/79/389 1715/79/2
f 657/79/429 1715/79/2 658/79/430
f 673/79/445 1717/79/387 1716/79/389
f 673/79/445 1716/79/389 657/79/429
f 632/79/404 1718/79/385 1717/79/387
f 632/79/404 1717/79/387 673/79/445
f 631/79/403 1719/79/383 1718/79/385
f 631/79/403 1718/79/385 632/79/404
f 654/79/426 1720/79/381 1719/79/383
f 654/79/426 1719/79/383 631/79/403
f 653/79/425 1721/79/379 1720/79/381
f 653/79/425 1720/79/381 654/79/426
f 670/79/442 1722/79/377 1721/79/379
f 670/79/442 1721/79/379 653/79/425
f 669/79/441 1723/79/375 1722/79/377
f 669/79/441 1722/79/377 670/79/442
f 679/79/451 1724/79/373 1723/79/375
f 679/79/451 1723/79/375 669/79/441
f 648/79/420 1725/79/371 1724/79/373
f 648/79/420 1724/79/373 679/79/451
f 647/79/419 1726/79/369 1725/79/371
f 647/79/419 1725/79/371 648/79/420
f 666/79/438 1727/79/1 1726/79/369
f 666/79/438 1726/79/369 647/79/419
f 665/79/437 1728/79/366 1727/79/1
f 665/79/437 1727/79/1 666/79/438
f 677/79/449 1729/79/364 1728/79/366
f 677/79/449 1728/79/366 665/79/437
f 644/79/416 1730/79/362 1729/79/364
f 644/79/416 1729/79/364 677/79/449
f 643/79/415 1731/79/360 1730/79/362
f 643/79/415 1730/79/362 644/79/416
f 650/81/422 1732/81/358 1731/79/360
f 650/81/422 1731/79/360 643/79/415
f 649/80/421 1710/79/355 1732/81/358
f 649/80/421 1732/81/358 650/81/422
f 1733/77/355 1734/77/402 1735/77/401
f 1733/77/355 1735/77/401 1736/77/356
f 1734/77/402 1737/77/398 1738/77/397
f 1734/77/402 1738/77/397 1735/77/401
f 1737/77/398 1739/77/396 1740/77/395
f 1737/77/398 1740/77/395 1738/77/397
f 1739/77/396 1741/77/394 1742/77/393
f 1739/77/396 1742/77/393 1740/77/395
f 1741/77/394 1743/77/392 1744/77/391
f 1741/77/394 1744/77/391 1742/77/393
f 1743/77/392 1745/77/2 1746/77/390
f 1743/77/392 1746/77/390 1744/77/391
f 1745/77/2 1747/77/389 1748/77/388
f 1745/77/2 1748/77/388 1746/77/390
f 1747/77/389 1749/77/387 1750/77/386
f 1747/77/389 1750/77/386 1748/77/388
f 1749/77/387 1751/77/385 1752/77/384
f 1749/77/387 1752/77/384 1750/77/386
f 1751/77/385 1753/77/383 1754/77/382
f 1751/77/385 1754/77/382 1752/77/384
f 1753/77/383 1755/77/381 1756/77/380
f 1753/77/383 1756/77/380 1754/77/382
f 1755/77/381 1757/77/379 1758/77/378
f 1755/77/381 1758/77/378 1756/77/380
f 1757/77/379 1759/77/377 1760/77/376
f 1757/77/379 1760/77/376 1758/77/378
f 1759/77/377 1761/77/375 1762/77/374
f 1759/77/377 1762/77/374 1760/77/376
f 1761/77/375 1763/77/373 1764/77/372
f 1761/77/375 1764/77/372 1762/77/374
f 1763/77/373 1765/77/371 1766/77/370
f 1763/77/373 1766/77/370 1764/77/372
f 1765/77/371 1767/77/369 1768/77/368
f 1765/77/371 1768/77/368 1766/77/370
f 1767/77/369 1769/77/1 1770/77/367
f 1767/77/369 1770/77/367 1768/77/368
f 1769/77/1 1771/78/366 1772/77/365
f 1769/77/1 1772/77/365 1770/77/367
f 1771/78/366 1773/78/364 1774/78/363
f 1771/78/366 1774/78/363 1772/77/365
f 1773/78/364 1775/77/362 1776/77/361
f 1773/78/364 1776/77/361 1774/78/363
f 1775/77/362 1777/77/360 1778/77/359
f 1775/77/362 1778/77/359 1776/77/361
f 1740/77/395 1779/77/1026 1780/77/1018
f 1740/77/395 1780/77/1018 1738/77/397
f 1777/77/360 1781/77/358 1782/77/357
f 1777/77/360 1782/77/357 1778/77/359
f 1781/77/358 1733/77/355 1736/77/356
f 1781/77/358 1736/77/356 1782/77/357
f 1783/79/1298 1784/79/1299 1785/79/1300
f 1783/79/1298 1785/79/1300 1786/79/1301
f 1787/79/1302 1788/79/1303 1789/79/1304
f 1787/79/1302 1789/79/1304 1790/79/1305
f 1791/79/1306 1792/79/1307 1793/79/1308
f 1791/79/1306 1793/79/1308 1794/79/1309
f 1795/79/1310 1796/79/1311 1797/79/1312
f 1795/79/1310 1797/79/1312 1798/79/1313
f 1799/79/1314 1787/79/1302 1790/79/1305
f 1799/79/1314 1790/79/1305 1800/79/1315
f 1801/80/1316 1802/80/1317 1803/81/1318
f 1801/80/1316 1803/81/1318 1804/81/1319
f 1805/79/1320 1806/79/1321 1807/79/1322
f 1805/79/1320 1807/79/1322 1808/79/1323
f 1809/79/1324 1810/79/1325 1811/79/1326
f 1809/79/1324 1811/79/1326 1812/79/1327
f 1813/79/1328 1814/79/1329 1815/82/1330
f 1813/79/1328 1815/82/1330 1816/82/1331
f 1817/79/1332 1818/79/1333 1819/79/1334
f 1817/79/1332 1819/79/1334 1820/79/1335
f 1821/79/1336 1822/79/1337 1823/79/1338
f 1821/79/1336 1823/79/1338 1824/79/1339
f 1786/79/1301 1785/79/1300 1825/79/1340
f 1786/79/1301 1825/79/1340 1826/79/1341
f 1794/79/1309 1793/79/1308 1827/79/1342
f 1794/79/1309 1827/79/1342 1828/79/1343
f 1798/79/1313 1797/79/1312 1829/79/1344
f 1798/79/1313 1829/79/1344 1830/79/1345
f 1800/79/1315 1790/79/1305 1831/79/1346
f 1800/79/1315 1831/79/1346 1832/79/1347
f 1808/79/1323 1807/79/1322 1784/79/1299
f 1808/79/1323 1784/79/1299 1783/79/1298
f 1812/79/1327 1811/79/1326 1792/79/1307
f 1812/79/1327 1792/79/1307 1791/79/1306
f 1816/82/1331 1815/82/1330 1802/80/1317
f 1816/82/1331 1802/80/1317 1801/80/1316
f 1804/81/1319 1803/81/1318 1796/79/1311
f 1804/81/1319 1796/79/1311 1795/79/1310
f 1820/79/1335 1819/79/1334 1787/79/1302
f 1820/79/1335 1787/79/1302 1799/79/1314
f 1824/79/1339 1823/79/1338 1806/79/1321
f 1824/79/1339 1806/79/1321 1805/79/1320
f 1826/79/1341 1825/79/1340 1810/79/1325
f 1826/79/1341 1810/79/1325 1809/79/1324
f 1828/79/1343 1827/79/1342 1814/79/1329
f 1828/79/1343 1814/79/1329 1813/79/1328
f 1830/79/1345 1829/79/1344 1818/79/1333
f 1830/79/1345 1818/79/1333 1817/79/1332
f 1832/79/1347 1831/79/1346 1822/79/1337
f 1832/79/1347 1822/79/1337 1821/79/1336
f 1833/79/1348 1834/79/1349 1835/79/1350
f 1833/79/1348 1835/79/1350 1836/79/1351
f 1814/79/1329 1837/79/1352 1838/82/1353
f 1814/79/1329 1838/82/1353 1815/82/1330
f 1802/80/1317 1839/80/1354 1840/81/1355
f 1802/80/1317 1840/81/1355 1803/81/1318
f 1785/79/1300 1841/79/1356 1842/79/1357
f 1785/79/1300 1842/79/1357 1825/79/1340
f 1790/79/1305 1789/79/1304 1843/79/1358
f 1790/79/1305 1843/79/1358 1831/79/1346
f 1815/82/1330 1838/82/1353 1839/80/1354
f 1815/82/1330 1839/80/1354 1802/80/1317
f 1803/81/1318 1840/81/1355 1844/79/1359
f 1803/81/1318 1844/79/1359 1796/79/1311
f 1825/79/1340 1842/79/1357 1845/79/1360
f 1825/79/1340 1845/79/1360 1810/79/1325
f 1831/79/1346 1843/79/1358 1846/79/1361
f 1831/79/1346 1846/79/1361 1822/79/1337
f 1796/79/1311 1844/79/1359 1847/79/1362
f 1796/79/1311 1847/79/1362 1797/79/1312
f 1810/79/1325 1845/79/1360 1848/79/1363
f 1810/79/1325 1848/79/1363 1811/79/1326
f 1822/79/1337 1846/79/1361 1833/79/1348
f 1822/79/1337 1833/79/1348 1823/79/1338
f 1797/79/1312 1847/79/1362 1849/79/1364
f 1797/79/1312 1849/79/1364 1829/79/1344
f 1811/79/1326 1848/79/1363 1850/79/1365
f 1811/79/1326 1850/79/1365 1792/79/1307
f 1823/79/1338 1833/79/1348 1836/79/1351
f 1823/79/1338 1836/79/1351 1806/79/1321
f 1829/79/1344 1849/79/1364 1851/79/1366
f 1829/79/1344 1851/79/1366 1818/79/1333
f 1792/79/1307 1850/79/1365 1852/79/1367
f 1792/79/1307 1852/79/1367 1793/79/1308
f 1806/79/1321 1836/79/1351 1853/79/1368
f 1806/79/1321 1853/79/1368 1807/79/1322
f 1818/79/1333 1851/79/1366 1854/79/1369
f 1818/79/1333 1854/79/1369 1819/79/1334
f 1793/79/1308 1852/79/1367 1855/79/1370
f 1793/79/1308 1855/79/1370 1827/79/1342
f 1807/79/1322 1853/79/1368 1856/79/1371
f 1807/79/1322 1856/79/1371 1784/79/1299
f 1819/79/1334 1854/79/1369 1788/79/1303
f 1819/79/1334 1788/79/1303 1787/79/1302
f 1827/79/1342 1855/79/1370 1837/79/1352
f 1827/79/1342 1837/79/1352 1814/79/1329
f 1784/79/1299 1856/79/1371 1841/79/1356
f 1784/79/1299 1841/79/1356 1785/79/1300
f 1857/79/1372 1858/79/1373 1859/82/1374
f 1857/79/1372 1859/82/1374 1860/82/1375
f 1849/79/1364 1861/79/1376 1862/79/1377
f 1849/79/1364 1862/79/1377 1851/79/1366
f 1850/79/1365 1863/79/1378 1864/79/1379
f 1850/79/1365 1864/79/1379 1852/79/1367
f 1836/79/1351 1835/79/1350 1865/79/1380
f 1836/79/1351 1865/79/1380 1853/79/1368
f 1851/79/1366 1862/79/1377 1866/79/1381
f 1851/79/1366 1866/79/1381 1854/79/1369
f 1852/79/1367 1864/79/1379 1867/79/1382
f 1852/79/1367 1867/79/1382 1855/79/1370
f 1853/79/1368 1865/79/1380 1868/79/1383
f 1853/79/1368 1868/79/1383 1856/79/1371
f 1854/79/1369 1866/79/1381 1869/79/1384
f 1854/79/1369 1869/79/1384 1788/79/1303
f 1855/79/1370 1867/79/1382 1857/79/1372
f 1855/79/1370 1857/79/1372 1837/79/1352
f 1856/79/1371 1868/79/1383 1870/79/1385
f 1856/79/1371 1870/79/1385 1841/79/1356
f 1788/79/1303 1869/79/1384 1871/79/1386
f 1788/79/1303 1871/79/1386 1789/79/1304
f 1837/79/1352 1857/79/1372 1860/82/1375
f 1837/79/1352 1860/82/1375 1838/82/1353
f 1839/80/1354 1872/80/1387 1873/81/1388
f 1839/80/1354 1873/81/1388 1840/81/1355
f 1841/79/1356 1870/79/1385 1874/79/1389
f 1841/79/1356 1874/79/1389 1842/79/1357
f 1789/79/1304 1871/79/1386 1875/79/1390
f 1789/79/1304 1875/79/1390 1843/79/1358
f 1838/82/1353 1860/82/1375 1872/80/1387
f 1838/82/1353 1872/80/1387 1839/80/1354
f 1840/81/1355 1873/81/1388 1876/79/1391
f 1840/81/1355 1876/79/1391 1844/79/1359
f 1842/79/1357 1874/79/1389 1877/79/1392
f 1842/79/1357 1877/79/1392 1845/79/1360
f 1843/79/1358 1875/79/1390 1878/79/1393
f 1843/79/1358 1878/79/1393 1846/79/1361
f 1844/79/1359 1876/79/1391 1879/79/1394
f 1844/79/1359 1879/79/1394 1847/79/1362
f 1845/79/1360 1877/79/1392 1880/79/1395
f 1845/79/1360 1880/79/1395 1848/79/1363
f 1846/79/1361 1878/79/1393 1834/79/1349
f 1846/79/1361 1834/79/1349 1833/79/1348
f 1847/79/1362 1879/79/1394 1861/79/1376
f 1847/79/1362 1861/79/1376 1849/79/1364
f 1848/79/1363 1880/79/1395 1863/79/1378
f 1848/79/1363 1863/79/1378 1850/79/1365
f 1881/79/1396 1882/79/1397 1883/79/1398
f 1881/79/1396 1883/79/1398 1884/79/1399
f 1872/80/1387 1885/80/1400 1886/81/1401
f 1872/80/1387 1886/81/1401 1873/81/1388
f 1870/79/1385 1887/79/1402 1888/79/1403
f 1870/79/1385 1888/79/1403 1874/79/1389
f 1871/79/1386 1889/79/1404 1890/79/1405
f 1871/79/1386 1890/79/1405 1875/79/1390
f 1860/82/1375 1859/82/1374 1885/80/1400
f 1860/82/1375 1885/80/1400 1872/80/1387
f 1873/81/1388 1886/81/1401 1891/79/1406
f 1873/81/1388 1891/79/1406 1876/79/1391
f 1874/79/1389 1888/79/1403 1892/79/1407
f 1874/79/1389 1892/79/1407 1877/79/1392
f 1875/79/1390 1890/79/1405 1893/79/1408
f 1875/79/1390 1893/79/1408 1878/79/1393
f 1876/79/1391 1891/79/1406 1894/79/1409
f 1876/79/1391 1894/79/1409 1879/79/1394
f 1877/79/1392 1892/79/1407 1895/79/1410
f 1877/79/1392 1895/79/1410 1880/79/1395
f 1878/79/1393 1893/79/1408 1881/79/1396
f 1878/79/1393 1881/79/1396 1834/79/1349
f 1879/79/1394 1894/79/1409 1896/79/1411
f 1879/79/1394 1896/79/1411 1861/79/1376
f 1880/79/1395 1895/79/1410 1897/79/1412
f 1880/79/1395 1897/79/1412 1863/79/1378
f 1834/79/1349 1881/79/1396 1884/79/1399
f 1834/79/1349 1884/79/1399 1835/79/1350
f 1861/79/1376 1896/79/1411 1898/79/1413
f 1861/79/1376 1898/79/1413 1862/79/1377
f 1863/79/1378 1897/79/1412 1899/79/1414
f 1863/79/1378 1899/79/1414 1864/79/1379
f 1835/79/1350 1884/79/1399 1900/79/1415
f 1835/79/1350 1900/79/1415 1865/79/1380
f 1862/79/1377 1898/79/1413 1901/79/1416
f 1862/79/1377 1901/79/1416 1866/79/1381
f 1864/79/1379 1899/79/1414 1902/79/1417
f 1864/79/1379 1902/79/1417 1867/79/1382
f 1865/79/1380 1900/79/1415 1903/79/1418
f 1865/79/1380 1903/79/1418 1868/79/1383
f 1866/79/1381 1901/79/1416 1904/79/1419
f 1866/79/1381 1904/79/1419 1869/79/1384
f 1867/79/1382 1902/79/1417 1858/79/1373
f 1867/79/1382 1858/79/1373 1857/79/1372
f 1868/79/1383 1903/79/1418 1887/79/1402
f 1868/79/1383 1887/79/1402 1870/79/1385
f 1869/79/1384 1904/79/1419 1889/79/1404
f 1869/79/1384 1889/79/1404 1871/79/1386
f 1896/79/1411 1905/79/1420 1906/79/1421
f 1896/79/1411 1906/79/1421 1898/79/1413
f 1897/79/1412 1907/79/1422 1908/79/1423
f 1897/79/1412 1908/79/1423 1899/79/1414
f 1884/79/1399 1883/79/1398 1909/79/1424
f 1884/79/1399 1909/79/1424 1900/79/1415
f 1898/79/1413 1906/79/1421 1910/79/1425
f 1898/79/1413 1910/79/1425 1901/79/1416
f 1899/79/1414 1908/79/1423 1911/79/1426
f 1899/79/1414 1911/79/1426 1902/79/1417
f 1900/79/1415 1909/79/1424 1912/79/1427
f 1900/79/1415 1912/79/1427 1903/79/1418
f 1901/79/1416 1910/79/1425 1913/79/1428
f 1901/79/1416 1913/79/1428 1904/79/1419
f 1902/79/1417 1911/79/1426 1914/79/1429
f 1902/79/1417 1914/79/1429 1858/79/1373
f 1903/79/1418 1912/79/1427 1915/79/1430
f 1903/79/1418 1915/79/1430 1887/79/1402
f 1904/79/1419 1913/79/1428 1916/79/1431
f 1904/79/1419 1916/79/1431 1889/79/1404
f 1858/79/1373 1914/79/1429 1917/82/1432
f 1858/79/1373 1917/82/1432 1859/82/1374
f 1885/80/1400 1918/80/1433 1919/81/1434
f 1885/80/1400 1919/81/1434 1886/81/1401
f 1887/79/1402 1915/79/1430 1920/79/1435
f 1887/79/1402 1920/79/1435 1888/79/1403
f 1889/79/1404 1916/79/1431 1921/79/1436
f 1889/79/1404 1921/79/1436 1890/79/1405
f 1859/82/1374 1917/82/1432 1918/80/1433
f 1859/82/1374 1918/80/1433 1885/80/1400
f 1886/81/1401 1919/81/1434 1922/79/1437
f 1886/81/1401 1922/79/1437 1891/79/1406
f 1888/79/1403 1920/79/1435 1923/79/1438
f 1888/79/1403 1923/79/1438 1892/79/1407
f 1890/79/1405 1921/79/1436 1924/79/1439
f 1890/79/1405 1924/79/1439 1893/79/1408
f 1891/79/1406 1922/79/1437 1925/79/1440
f 1891/79/1406 1925/79/1440 1894/79/1409
f 1892/79/1407 1923/79/1438 1926/79/1441
f 1892/79/1407 1926/79/1441 1895/79/1410
f 1893/79/1408 1924/79/1439 1882/79/1397
f 1893/79/1408 1882/79/1397 1881/79/1396
f 1894/79/1409 1925/79/1440 1905/79/1420
f 1894/79/1409 1905/79/1420 1896/79/1411
f 1895/79/1410 1926/79/1441 1907/79/1422
f 1895/79/1410 1907/79/1422 1897/79/1412
f 1914/79/1429 1927/79/1442 1928/82/1443
f 1914/79/1429 1928/82/1443 1917/82/1432
f 1913/79/1428 1929/79/1444 1930/79/1445
f 1913/79/1428 1930/79/1445 1916/79/1431
f 1912/79/1427 1931/79/1446 1932/79/1447
f 1912/79/1427 1932/79/1447 1915/79/1430
f 1911/79/1426 1933/79/1448 1927/79/1442
f 1911/79/1426 1927/79/1442 1914/79/1429
f 1910/79/1425 1934/79/1449 1929/79/1444
f 1910/79/1425 1929/79/1444 1913/79/1428
f 1909/79/1424 1935/79/1450 1931/79/1446
f 1909/79/1424 1931/79/1446 1912/79/1427
f 1908/79/1423 1936/79/1451 1933/79/1448
f 1908/79/1423 1933/79/1448 1911/79/1426
f 1906/79/1421 1937/79/1452 1934/79/1449
f 1906/79/1421 1934/79/1449 1910/79/1425
f 1883/79/1398 1938/79/1453 1935/79/1450
f 1883/79/1398 1935/79/1450 1909/79/1424
f 1907/79/1422 1939/79/1454 1936/79/1451
f 1907/79/1422 1936/79/1451 1908/79/1423
f 1905/79/1420 1940/79/1455 1937/79/1452
f 1905/79/1420 1937/79/1452 1906/79/1421
f 1882/79/1397 1941/79/1456 1938/79/1453
f 1882/79/1397 1938/79/1453 1883/79/1398
f 1926/79/1441 1942/79/1457 1939/79/1454
f 1926/79/1441 1939/79/1454 1907/79/1422
f 1925/79/1440 1943/79/1458 1940/79/1455
f 1925/79/1440 1940/79/1455 1905/79/1420
f 1924/79/1439 1944/79/1459 1941/79/1456
f 1924/79/1439 1941/79/1456 1882/79/1397
f 1923/79/1438 1945/79/1460 1942/79/1457
f 1923/79/1438 1942/79/1457 1926/79/1441
f 1922/79/1437 1946/79/1461 1943/79/1458
f 1922/79/1437 1943/79/1458 1925/79/1440
f 1921/79/1436 1947/79/1462 1944/79/1459
f 1921/79/1436 1944/79/1459 1924/79/1439
f 1920/79/1435 1948/79/1463 1945/79/1460
f 1920/79/1435 1945/79/1460 1923/79/1438
f 1919/81/1434 1949/81/1464 1946/79/1461
f 1919/81/1434 1946/79/1461 1922/79/1437
f 1917/82/1432 1928/82/1443 1950/79/1465
f 1917/82/1432 1950/79/1465 1918/80/1433
f 1916/79/1431 1930/79/1445 1947/79/1462
f 1916/79/1431 1947/79/1462 1921/79/1436
f 1915/79/1430 1932/79/1447 1948/79/1463
f 1915/79/1430 1948/79/1463 1920/79/1435
f 1918/80/1433 1950/79/1465 1949/81/1464
f 1918/80/1433 1949/81/1464 1919/81/1434
f 1939/79/1454 1951/79/1466 1952/79/1467
f 1939/79/1454 1952/79/1467 1936/79/1451
f 1953/79/1468 1954/79/1469 1955/79/1470
f 1953/79/1468 1955/79/1470 1956/79/1471
f 1931/79/1446 1957/79/1472 1958/79/1473
f 1931/79/1446 1958/79/1473 1932/79/1447
f 1947/79/1462 1956/79/1471 1959/79/1474
f 1947/79/1462 1959/79/1474 1944/79/1459
f 1940/79/1455 1960/79/1475 1961/79/1476
f 1940/79/1455 1961/79/1476 1937/79/1452
f 1933/79/1448 1962/79/1477 1963/79/1478
f 1933/79/1448 1963/79/1478 1927/79/1442
f 1948/79/1463 1964/79/1479 1965/79/1480
f 1948/79/1463 1965/79/1480 1945/79/1460
f 1941/79/1456 1966/79/1481 1967/79/1482
f 1941/79/1456 1967/79/1482 1938/79/1453
f 1934/79/1449 1968/79/1483 1969/79/1484
f 1934/79/1449 1969/79/1484 1929/79/1444
f 1949/81/1464 1970/81/1485 1971/79/1486
f 1949/81/1464 1971/79/1486 1946/79/1461
f 1942/79/1457 1972/79/1487 1951/79/1466
f 1942/79/1457 1951/79/1466 1939/79/1454
f 1935/79/1450 1973/79/1488 1957/79/1472
f 1935/79/1450 1957/79/1472 1931/79/1446
f 1928/82/1443 1974/82/1489 1975/79/1490
f 1928/82/1443 1975/79/1490 1950/79/1465
f 1943/79/1458 1976/79/1491 1960/79/1475
f 1943/79/1458 1960/79/1475 1940/79/1455
f 1936/79/1451 1952/79/1467 1962/79/1477
f 1936/79/1451 1962/79/1477 1933/79/1448
f 1930/79/1445 1953/79/1468 1956/79/1471
f 1930/79/1445 1956/79/1471 1947/79/1462
f 1944/79/1459 1959/79/1474 1966/79/1481
f 1944/79/1459 1966/79/1481 1941/79/1456
f 1937/79/1452 1961/79/1476 1968/79/1483
f 1937/79/1452 1968/79/1483 1934/79/1449
f 1932/79/1447 1958/79/1473 1964/79/1479
f 1932/79/1447 1964/79/1479 1948/79/1463
f 1927/79/1442 1963/79/1478 1974/82/1489
f 1927/79/1442 1974/82/1489 1928/82/1443
f 1945/79/1460 1965/79/1480 1972/79/1487
f 1945/79/1460 1972/79/1487 1942/79/1457
f 1938/79/1453 1967/79/1482 1973/79/1488
f 1938/79/1453 1973/79/1488 1935/79/1450
f 1950/79/1465 1975/79/1490 1970/81/1485
f 1950/79/1465 1970/81/1485 1949/81/1464
f 1929/79/1444 1969/79/1484 1953/79/1468
f 1929/79/1444 1953/79/1468 1930/79/1445
f 1946/79/1461 1971/79/1486 1976/79/1491
f 1946/79/1461 1976/79/1491 1943/79/1458
f 1977/79/1492 1978/79/1493 1979/79/1494
f 1977/79/1492 1979/79/1494 1980/79/1495
f 1959/79/1474 1981/79/1496 1982/79/1497
f 1959/79/1474 1982/79/1497 1966/79/1481
f 1961/79/1476 1980/79/1495 1983/79/1498
f 1961/79/1476 1983/79/1498 1968/79/1483
f 1958/79/1473 1984/79/1499 1985/79/1500
f 1958/79/1473 1985/79/1500 1964/79/1479
f 1963/79/1478 1986/79/1501 1987/82/1502
f 1963/79/1478 1987/82/1502 1974/82/1489
f 1965/79/1480 1988/79/1503 1989/79/1504
f 1965/79/1480 1989/79/1504 1972/79/1487
f 1967/79/1482 1990/79/1505 1991/79/1506
f 1967/79/1482 1991/79/1506 1973/79/1488
f 1975/79/1490 1992/80/1507 1993/81/1508
f 1975/79/1490 1993/81/1508 1970/81/1485
f 1969/79/1484 1994/79/1509 1954/79/1469
f 1969/79/1484 1954/79/1469 1953/79/1468
f 1971/79/1486 1995/79/1510 1996/79/1511
f 1971/79/1486 1996/79/1511 1976/79/1491
f 1951/79/1466 1997/79/1512 1998/79/1513
f 1951/79/1466 1998/79/1513 1952/79/1467
f 1957/79/1472 1999/79/1514 1984/79/1499
f 1957/79/1472 1984/79/1499 1958/79/1473
f 1956/79/1471 1955/79/1470 1981/79/1496
f 1956/79/1471 1981/79/1496 1959/79/1474
f 1960/79/1475 1977/79/1492 1980/79/1495
f 1960/79/1475 1980/79/1495 1961/79/1476
f 1962/79/1477 2000/79/1515 1986/79/1501
f 1962/79/1477 1986/79/1501 1963/79/1478
f 1964/79/1479 1985/79/1500 1988/79/1503
f 1964/79/1479 1988/79/1503 1965/79/1480
f 1966/79/1481 1982/79/1497 1990/79/1505
f 1966/79/1481 1990/79/1505 1967/79/1482
f 1968/79/1483 1983/79/1498 1994/79/1509
f 1968/79/1483 1994/79/1509 1969/79/1484
f 1970/81/1485 1993/81/1508 1995/79/1510
f 1970/81/1485 1995/79/1510 1971/79/1486
f 1972/79/1487 1989/79/1504 1997/79/1512
f 1972/79/1487 1997/79/1512 1951/79/1466
f 1973/79/1488 1991/79/1506 1999/79/1514
f 1973/79/1488 1999/79/1514 1957/79/1472
f 1974/82/1489 1987/82/1502 1992/80/1507
f 1974/82/1489 1992/80/1507 1975/79/1490
f 1976/79/1491 1996/79/1511 1977/79/1492
f 1976/79/1491 1977/79/1492 1960/79/1475
f 1952/79/1467 1998/79/1513 2000/79/1515
f 1952/79/1467 2000/79/1515 1962/79/1477
f 2000/79/1515 2001/79/1516 2002/79/1517
f 2000/79/1515 2002/79/1517 1986/79/1501
f 1985/79/1500 2003/79/1518 2004/79/1519
f 1985/79/1500 2004/79/1519 1988/79/1503
f 1982/79/1497 2005/79/1520 2006/79/1521
f 1982/79/1497 2006/79/1521 1990/79/1505
f 1983/79/1498 2007/79/1522 2008/79/1523
f 1983/79/1498 2008/79/1523 1994/79/1509
f 1993/81/1508 2009/81/1524 2010/79/1525
f 1993/81/1508 2010/79/1525 1995/79/1510
f 1989/79/1504 2011/79/1526 2012/79/1527
f 1989/79/1504 2012/79/1527 1997/79/1512
f 1991/79/1506 2013/79/1528 2014/79/1529
f 1991/79/1506 2014/79/1529 1999/79/1514
f 1987/82/1502 2015/82/1530 2016/79/1531
f 1987/82/1502 2016/79/1531 1992/80/1507
f 1996/79/1511 2017/79/1532 1978/79/1493
f 1996/79/1511 1978/79/1493 1977/79/1492
f 1998/79/1513 2018/79/1533 2001/79/1516
f 1998/79/1513 2001/79/1516 2000/79/1515
f 1954/79/1469 2019/79/1534 2020/79/1535
f 1954/79/1469 2020/79/1535 1955/79/1470
f 1981/79/1496 2021/79/1536 2005/79/1520
f 1981/79/1496 2005/79/1520 1982/79/1497
f 1980/79/1495 1979/79/1494 2007/79/1522
f 1980/79/1495 2007/79/1522 1983/79/1498
f 1984/79/1499 2022/79/1537 2003/79/1518
f 1984/79/1499 2003/79/1518 1985/79/1500
f 1986/79/1501 2002/79/1517 2015/82/1530
f 1986/79/1501 2015/82/1530 1987/82/1502
f 1988/79/1503 2004/79/1519 2011/79/1526
f 1988/79/1503 2011/79/1526 1989/79/1504
f 1990/79/1505 2006/79/1521 2013/79/1528
f 1990/79/1505 2013/79/1528 1991/79/1506
f 1992/80/1507 2016/79/1531 2009/81/1524
f 1992/80/1507 2009/81/1524 1993/81/1508
f 1994/79/1509 2008/79/1523 2019/79/1534
f 1994/79/1509 2019/79/1534 1954/79/1469
f 1995/79/1510 2010/79/1525 2017/79/1532
f 1995/79/1510 2017/79/1532 1996/79/1511
f 1997/79/1512 2012/79/1527 2018/79/1533
f 1997/79/1512 2018/79/1533 1998/79/1513
f 1999/79/1514 2014/79/1529 2022/79/1537
f 1999/79/1514 2022/79/1537 1984/79/1499
f 1955/79/1470 2020/79/1535 2021/79/1536
f 1955/79/1470 2021/79/1536 1981/79/1496
f 2023/80/1538 2024/81/1539 2008/79/1523
f 2023/80/1538 2008/79/1523 2007/79/1522
f 2025/80/1540 2026/81/1541 2027/84/1542
f 2025/80/1540 2027/84/1542 2028/83/1543
f 2026/81/1541 2029/79/1544 2030/85/1545
f 2026/81/1541 2030/85/1545 2027/84/1542
f 2029/79/1544 2031/79/1546 2032/85/1547
f 2029/79/1544 2032/85/1547 2030/85/1545
f 2031/79/1546 2033/79/1548 2034/85/1549
f 2031/79/1546 2034/85/1549 2032/85/1547
f 2033/79/1548 2035/79/1550 2036/85/1551
f 2033/79/1548 2036/85/1551 2034/85/1549
f 2035/79/1550 2037/79/1552 2038/85/1553
f 2035/79/1550 2038/85/1553 2036/85/1551
f 2037/79/1552 2039/79/1554 2040/85/1555
f 2037/79/1552 2040/85/1555 2038/85/1553
f 2039/79/1554 2041/79/1556 2042/85/1557
f 2039/79/1554 2042/85/1557 2040/85/1555
f 2041/79/1556 2043/79/1558 2044/85/1559
f 2041/79/1556 2044/85/1559 2042/85/1557
f 2043/79/1558 2045/79/1560 2046/85/1561
f 2043/79/1558 2046/85/1561 2044/85/1559
f 2045/79/1560 2047/79/1562 2048/85/1563
f 2045/79/1560 2048/85/1563 2046/85/1561
f 2047/79/1562 2049/79/1564 2050/85/1565
f 2047/79/1562 2050/85/1565 2048/85/1563
f 2049/79/1564 2051/79/1566 2052/85/1567
f 2049/79/1564 2052/85/1567 2050/85/1565
f 2051/79/1566 2053/79/1568 2054/85/1569
f 2051/79/1566 2054/85/1569 2052/85/1567
f 2053/79/1568 2055/79/1570 2056/85/1571
f 2053/79/1568 2056/85/1571 2054/85/1569
f 2055/79/1570 2057/79/1572 2058/85/1573
f 2055/79/1570 2058/85/1573 2056/85/1571
f 2057/79/1572 2059/79/1574 2060/85/1575
f 2057/79/1572 2060/85/1575 2058/85/1573
f 2059/79/1574 2061/79/1576 2062/85/1577
f 2059/79/1574 2062/85/1577 2060/85/1575
f 2061/79/1576 2063/79/1578 2064/85/1579
f 2061/79/1576 2064/85/1579 2062/85/1577
f 2063/79/1578 2065/79/1580 2066/85/1581
f 2063/79/1578 2066/85/1581 2064/85/1579
f 2065/79/1580 2067/79/1582 2068/85/1583
f 2065/79/1580 2068/85/1583 2066/85/1581
f 2067/79/1582 2069/79/1584 2070/85/1585
f 2067/79/1582 2070/85/1585 2068/85/1583
f 2028/83/1543 2071/85/1586 2072/86/1587
f 2028/83/1543 2072/86/1587 2073/86/1588
f 2069/79/1584 2074/82/1589 2073/86/1588
f 2069/79/1584 2073/86/1588 2070/85/1585
f 2074/82/1589 2025/80/1540 2028/83/1543
f 2074/82/1589 2028/83/1543 2073/86/1588
f 2047/79/1562 2075/79/1590 2076/79/1591
f 2047/79/1562 2076/79/1591 2049/79/1564
f 2077/79/1592 2078/79/1593 2079/79/1594
f 2077/79/1592 2079/79/1594 2080/79/1595
f 2057/79/1572 2081/79/1596 2082/79/1597
f 2057/79/1572 2082/79/1597 2059/79/1574
f 2067/79/1582 2083/79/1598 2084/79/1599
f 2067/79/1582 2084/79/1599 2069/79/1584
f 2033/79/1548 2085/79/1600 2086/79/1601
f 2033/79/1548 2086/79/1601 2035/79/1550
f 2043/79/1558 2087/79/1602 2088/79/1603
f 2043/79/1558 2088/79/1603 2045/79/1560
f 2053/79/1568 2080/79/1595 2089/79/1604
f 2053/79/1568 2089/79/1604 2055/79/1570
f 2063/79/1578 2090/79/1605 2091/79/1606
f 2063/79/1578 2091/79/1606 2065/79/1580
f 2029/79/1544 2092/79/1607 2093/79/1608
f 2029/79/1544 2093/79/1608 2031/79/1546
f 2039/79/1554 2094/79/1609 2095/79/1610
f 2039/79/1554 2095/79/1610 2041/79/1556
f 2025/80/1540 2096/80/1611 2097/81/1612
f 2025/80/1540 2097/81/1612 2026/81/1541
f 2049/79/1564 2076/79/1591 2077/79/1592
f 2049/79/1564 2077/79/1592 2051/79/1566
f 2059/79/1574 2082/79/1597 2098/79/1613
f 2059/79/1574 2098/79/1613 2061/79/1576
f 2069/79/1584 2084/79/1599 2099/82/1614
f 2069/79/1584 2099/82/1614 2074/82/1589
f 2035/79/1550 2086/79/1601 2100/79/1615
f 2035/79/1550 2100/79/1615 2037/79/1552
f 2045/79/1560 2088/79/1603 2075/79/1590
f 2045/79/1560 2075/79/1590 2047/79/1562
f 2055/79/1570 2089/79/1604 2081/79/1596
f 2055/79/1570 2081/79/1596 2057/79/1572
f 2065/79/1580 2091/79/1606 2083/79/1598
f 2065/79/1580 2083/79/1598 2067/79/1582
f 2031/79/1546 2093/79/1608 2085/79/1600
f 2031/79/1546 2085/79/1600 2033/79/1548
f 2041/79/1556 2095/79/1610 2087/79/1602
f 2041/79/1556 2087/79/1602 2043/79/1558
f 2051/79/1566 2077/79/1592 2080/79/1595
f 2051/79/1566 2080/79/1595 2053/79/1568
f 2061/79/1576 2098/79/1613 2090/79/1605
f 2061/79/1576 2090/79/1605 2063/79/1578
f 2074/82/1589 2099/82/1614 2096/80/1611
f 2074/82/1589 2096/80/1611 2025/80/1540
f 2026/81/1541 2097/81/1612 2092/79/1607
f 2026/81/1541 2092/79/1607 2029/79/1544
f 2037/79/1552 2100/79/1615 2094/79/1609
f 2037/79/1552 2094/79/1609 2039/79/1554
f 2101/79/1616 2102/79/1617 2103/79/1618
f 2101/79/1616 2103/79/1618 2104/79/1619
f 2100/79/1615 2105/79/1620 2106/79/1621
f 2100/79/1615 2106/79/1621 2094/79/1609
f 2083/79/1598 2107/79/1622 2108/79/1623
f 2083/79/1598 2108/79/1623 2084/79/1599
f 2080/79/1595 2079/79/1594 2109/79/1624
f 2080/79/1595 2109/79/1624 2089/79/1604
f 2094/79/1609 2106/79/1621 2110/79/1625
f 2094/79/1609 2110/79/1625 2095/79/1610
f 2084/79/1599 2108/79/1623 2111/82/1626
f 2084/79/1599 2111/82/1626 2099/82/1614
f 2096/80/1611 2112/80/1627 2113/81/1628
f 2096/80/1611 2113/81/1628 2097/81/1612
f 2089/79/1604 2109/79/1624 2114/79/1629
f 2089/79/1604 2114/79/1629 2081/79/1596
f 2095/79/1610 2110/79/1625 2115/79/1630
f 2095/79/1610 2115/79/1630 2087/79/1602
f 2099/82/1614 2111/82/1626 2112/80/1627
f 2099/82/1614 2112/80/1627 2096/80/1611
f 2097/81/1612 2113/81/1628 2101/79/1616
f 2097/81/1612 2101/79/1616 2092/79/1607
f 2081/79/1596 2114/79/1629 2116/79/1631
f 2081/79/1596 2116/79/1631 2082/79/1597
f 2087/79/1602 2115/79/1630 2117/79/1632
f 2087/79/1602 2117/79/1632 2088/79/1603
f 2092/79/1607 2101/79/1616 2104/79/1619
f 2092/79/1607 2104/79/1619 2093/79/1608
f 2082/79/1597 2116/79/1631 2118/79/1633
f 2082/79/1597 2118/79/1633 2098/79/1613
f 2088/79/1603 2117/79/1632 2119/79/1634
f 2088/79/1603 2119/79/1634 2075/79/1590
f 2093/79/1608 2104/79/1619 2120/79/1635
f 2093/79/1608 2120/79/1635 2085/79/1600
f 2098/79/1613 2118/79/1633 2121/79/1636
f 2098/79/1613 2121/79/1636 2090/79/1605
f 2075/79/1590 2119/79/1634 2122/79/1637
f 2075/79/1590 2122/79/1637 2076/79/1591
f 2085/79/1600 2120/79/1635 2123/79/1638
f 2085/79/1600 2123/79/1638 2086/79/1601
f 2090/79/1605 2121/79/1636 2124/79/1639
f 2090/79/1605 2124/79/1639 2091/79/1606
f 2076/79/1591 2122/79/1637 2078/79/1593
f 2076/79/1591 2078/79/1593 2077/79/1592
f 2086/79/1601 2123/79/1638 2105/79/1620
f 2086/79/1601 2105/79/1620 2100/79/1615
f 2091/79/1606 2124/79/1639 2107/79/1622
f 2091/79/1606 2107/79/1622 2083/79/1598
f 2125/79/1640 2126/79/1641 2127/79/1642
f 2125/79/1640 2127/79/1642 2128/79/1643
f 2116/79/1631 2129/79/1644 2130/79/1645
f 2116/79/1631 2130/79/1645 2118/79/1633
f 2117/79/1632 2131/79/1646 2132/79/1647
f 2117/79/1632 2132/79/1647 2119/79/1634
f 2104/79/1619 2103/79/1618 2133/79/1648
f 2104/79/1619 2133/79/1648 2120/79/1635
f 2118/79/1633 2130/79/1645 2134/79/1649
f 2118/79/1633 2134/79/1649 2121/79/1636
f 2119/79/1634 2132/79/1647 2135/79/1650
f 2119/79/1634 2135/79/1650 2122/79/1637
f 2120/79/1635 2133/79/1648 2136/79/1651
f 2120/79/1635 2136/79/1651 2123/79/1638
f 2121/79/1636 2134/79/1649 2137/79/1652
f 2121/79/1636 2137/79/1652 2124/79/1639
f 2122/79/1637 2135/79/1650 2125/79/1640
f 2122/79/1637 2125/79/1640 2078/79/1593
f 2123/79/1638 2136/79/1651 2138/79/1653
f 2123/79/1638 2138/79/1653 2105/79/1620
f 2124/79/1639 2137/79/1652 2139/79/1654
f 2124/79/1639 2139/79/1654 2107/79/1622
f 2078/79/1593 2125/79/1640 2128/79/1643
f 2078/79/1593 2128/79/1643 2079/79/1594
f 2105/79/1620 2138/79/1653 2140/79/1655
f 2105/79/1620 2140/79/1655 2106/79/1621
f 2107/79/1622 2139/79/1654 2141/79/1656
f 2107/79/1622 2141/79/1656 2108/79/1623
f 2079/79/1594 2128/79/1643 2142/79/1657
f 2079/79/1594 2142/79/1657 2109/79/1624
f 2106/79/1621 2140/79/1655 2143/79/1658
f 2106/79/1621 2143/79/1658 2110/79/1625
f 2108/79/1623 2141/79/1656 2144/82/1659
f 2108/79/1623 2144/82/1659 2111/82/1626
f 2112/80/1627 2145/80/1660 2146/81/1661
f 2112/80/1627 2146/81/1661 2113/81/1628
f 2109/79/1624 2142/79/1657 2147/79/1662
f 2109/79/1624 2147/79/1662 2114/79/1629
f 2110/79/1625 2143/79/1658 2148/79/1663
f 2110/79/1625 2148/79/1663 2115/79/1630
f 2111/82/1626 2144/82/1659 2145/80/1660
f 2111/82/1626 2145/80/1660 2112/80/1627
f 2113/81/1628 2146/81/1661 2102/79/1617
f 2113/81/1628 2102/79/1617 2101/79/1616
f 2114/79/1629 2147/79/1662 2129/79/1644
f 2114/79/1629 2129/79/1644 2116/79/1631
f 2115/79/1630 2148/79/1663 2131/79/1646
f 2115/79/1630 2131/79/1646 2117/79/1632
f 2149/79/1664 2150/79/1665 2151/79/1666
f 2149/79/1664 2151/79/1666 2152/79/1667
f 2138/79/1653 2153/79/1668 2154/79/1669
f 2138/79/1653 2154/79/1669 2140/79/1655
f 2139/79/1654 2155/79/1670 2156/79/1671
f 2139/79/1654 2156/79/1671 2141/79/1656
f 2128/79/1643 2127/79/1642 2157/79/1672
f 2128/79/1643 2157/79/1672 2142/79/1657
f 2140/79/1655 2154/79/1669 2158/79/1673
f 2140/79/1655 2158/79/1673 2143/79/1658
f 2141/79/1656 2156/79/1671 2159/82/1674
f 2141/79/1656 2159/82/1674 2144/82/1659
f 2145/80/1660 2160/80/1675 2161/81/1676
f 2145/80/1660 2161/81/1676 2146/81/1661
f 2142/79/1657 2157/79/1672 2162/79/1677
f 2142/79/1657 2162/79/1677 2147/79/1662
f 2143/79/1658 2158/79/1673 2163/79/1678
f 2143/79/1658 2163/79/1678 2148/79/1663
f 2144/82/1659 2159/82/1674 2160/80/1675
f 2144/82/1659 2160/80/1675 2145/80/1660
f 2146/81/1661 2161/81/1676 2149/79/1664
f 2146/81/1661 2149/79/1664 2102/79/1617
f 2147/79/1662 2162/79/1677 2164/79/1679
f 2147/79/1662 2164/79/1679 2129/79/1644
f 2148/79/1663 2163/79/1678 2165/79/1680
f 2148/79/1663 2165/79/1680 2131/79/1646
f 2102/79/1617 2149/79/1664 2152/79/1667
f 2102/79/1617 2152/79/1667 2103/79/1618
f 2129/79/1644 2164/79/1679 2166/79/1681
f 2129/79/1644 2166/79/1681 2130/79/1645
f 2131/79/1646 2165/79/1680 2167/79/1682
f 2131/79/1646 2167/79/1682 2132/79/1647
f 2103/79/1618 2152/79/1667 2168/79/1683
f 2103/79/1618 2168/79/1683 2133/79/1648
f 2130/79/1645 2166/79/1681 2169/79/1684
f 2130/79/1645 2169/79/1684 2134/79/1649
f 2132/79/1647 2167/79/1682 2170/79/1685
f 2132/79/1647 2170/79/1685 2135/79/1650
f 2133/79/1648 2168/79/1683 2171/79/1686
f 2133/79/1648 2171/79/1686 2136/79/1651
f 2134/79/1649 2169/79/1684 2172/79/1687
f 2134/79/1649 2172/79/1687 2137/79/1652
f 2135/79/1650 2170/79/1685 2126/79/1641
f 2135/79/1650 2126/79/1641 2125/79/1640
f 2136/79/1651 2171/79/1686 2153/79/1668
f 2136/79/1651 2153/79/1668 2138/79/1653
f 2137/79/1652 2172/79/1687 2155/79/1670
f 2137/79/1652 2155/79/1670 2139/79/1654
f 2173/79/1688 1024/79/379 1023/79/795
f 2173/79/1688 1023/79/795 2174/79/1689
f 2164/79/1679 2175/79/1690 2176/79/1691
f 2164/79/1679 2176/79/1691 2166/79/1681
f 2165/79/1680 2177/79/1692 2178/79/1693
f 2165/79/1680 2178/79/1693 2167/79/1682
f 2152/79/1667 2151/79/1666 2179/79/1694
f 2152/79/1667 2179/79/1694 2168/79/1683
f 2166/79/1681 2176/79/1691 2180/79/1695
f 2166/79/1681 2180/79/1695 2169/79/1684
f 2167/79/1682 2178/79/1693 2181/79/1696
f 2167/79/1682 2181/79/1696 2170/79/1685
f 2168/79/1683 2179/79/1694 2182/79/1697
f 2168/79/1683 2182/79/1697 2171/79/1686
f 2169/79/1684 2180/79/1695 2183/79/1698
f 2169/79/1684 2183/79/1698 2172/79/1687
f 2170/79/1685 2181/79/1696 2184/79/1699
f 2170/79/1685 2184/79/1699 2126/79/1641
f 2171/79/1686 2182/79/1697 2173/79/1688
f 2171/79/1686 2173/79/1688 2153/79/1668
f 2172/79/1687 2183/79/1698 2185/79/1700
f 2172/79/1687 2185/79/1700 2155/79/1670
f 2126/79/1641 2184/79/1699 2186/79/1701
f 2126/79/1641 2186/79/1701 2127/79/1642
f 2153/79/1668 2173/79/1688 2174/79/1689
f 2153/79/1668 2174/79/1689 2154/79/1669
f 2155/79/1670 2185/79/1700 2187/79/1702
f 2155/79/1670 2187/79/1702 2156/79/1671
f 2127/79/1642 2186/79/1701 2188/79/1703
f 2127/79/1642 2188/79/1703 2157/79/1672
f 2154/79/1669 2174/79/1689 2189/79/1704
f 2154/79/1669 2189/79/1704 2158/79/1673
f 2156/79/1671 2187/79/1702 2190/82/1705
f 2156/79/1671 2190/82/1705 2159/82/1674
f 2160/80/1675 2191/80/1706 2192/81/1707
f 2160/80/1675 2192/81/1707 2161/81/1676
f 2157/79/1672 2188/79/1703 2193/79/1708
f 2157/79/1672 2193/79/1708 2162/79/1677
f 2158/79/1673 2189/79/1704 2194/79/1709
f 2158/79/1673 2194/79/1709 2163/79/1678
f 2159/82/1674 2190/82/1705 2191/80/1706
f 2159/82/1674 2191/80/1706 2160/80/1675
f 2161/81/1676 2192/81/1707 2150/79/1665
f 2161/81/1676 2150/79/1665 2149/79/1664
f 2162/79/1677 2193/79/1708 2175/79/1690
f 2162/79/1677 2175/79/1690 2164/79/1679
f 2163/79/1678 2194/79/1709 2177/79/1692
f 2163/79/1678 2177/79/1692 2165/79/1680
f 2185/79/1700 1046/79/817 1045/79/816
f 2185/79/1700 1045/79/816 2187/79/1702
f 2186/79/1701 1048/79/819 1047/79/818
f 2186/79/1701 1047/79/818 2188/79/1703
f 2174/79/1689 1023/79/795 1049/79/820
f 2174/79/1689 1049/79/820 2189/79/1704
f 2187/79/1702 1045/79/816 1050/82/821
f 2187/79/1702 1050/82/821 2190/82/1705
f 2191/80/1706 1052/80/823 1051/81/822
f 2191/80/1706 1051/81/822 2192/81/1707
f 2188/79/1703 1047/79/818 1053/79/824
f 2188/79/1703 1053/79/824 2193/79/1708
f 2189/79/1704 1049/79/820 1054/79/825
f 2189/79/1704 1054/79/825 2194/79/1709
f 2190/82/1705 1050/82/821 1052/80/823
f 2190/82/1705 1052/80/823 2191/80/1706
f 2192/81/1707 1051/81/822 1055/79/826
f 2192/81/1707 1055/79/826 2150/79/1665
f 2193/79/1708 1053/79/824 1056/79/827
f 2193/79/1708 1056/79/827 2175/79/1690
f 2194/79/1709 1054/79/825 1057/79/828
f 2194/79/1709 1057/79/828 2177/79/1692
f 2150/79/1665 1055/79/826 1058/79/829
f 2150/79/1665 1058/79/829 2151/79/1666
f 2175/79/1690 1056/79/827 1059/79/355
f 2175/79/1690 1059/79/355 2176/79/1691
f 2177/79/1692 1057/79/828 1060/79/830
f 2177/79/1692 1060/79/830 2178/79/1693
f 2151/79/1666 1058/79/829 1061/79/831
f 2151/79/1666 1061/79/831 2179/79/1694
f 2176/79/1691 1059/79/355 1062/79/832
f 2176/79/1691 1062/79/832 2180/79/1695
f 2178/79/1693 1060/79/830 1063/79/833
f 2178/79/1693 1063/79/833 2181/79/1696
f 2179/79/1694 1061/79/831 1064/79/834
f 2179/79/1694 1064/79/834 2182/79/1697
f 2180/79/1695 1062/79/832 1065/79/835
f 2180/79/1695 1065/79/835 2183/79/1698
f 2181/79/1696 1063/79/833 1066/79/836
f 2181/79/1696 1066/79/836 2184/79/1699
f 2182/79/1697 1064/79/834 1024/79/379
f 2182/79/1697 1024/79/379 2173/79/1688
f 2183/79/1698 1065/79/835 1046/79/817
f 2183/79/1698 1046/79/817 2185/79/1700
f 2184/79/1699 1066/79/836 1048/79/819
f 2184/79/1699 1048/79/819 2186/79/1701
f 2024/81/1539 2195/79/1710 2019/79/1534
f 2024/81/1539 2019/79/1534 2008/79/1523
f 2195/79/1710 2196/79/1711 2020/79/1535
f 2195/79/1710 2020/79/1535 2019/79/1534
f 2196/79/1711 2197/79/1712 2021/79/1536
f 2196/79/1711 2021/79/1536 2020/79/1535
f 2197/79/1712 2198/79/1713 2005/79/1520
f 2197/79/1712 2005/79/1520 2021/79/1536
f 2198/79/1713 2199/79/1714 2006/79/1521
f 2198/79/1713 2006/79/1521 2005/79/1520
f 2199/79/1714 2200/79/1715 2013/79/1528
f 2199/79/1714 2013/79/1528 2006/79/1521
f 2200/79/1715 2201/79/1716 2014/79/1529
f 2200/79/1715 2014/79/1529 2013/79/1528
f 2201/79/1716 2202/79/1717 2022/79/1537
f 2201/79/1716 2022/79/1537 2014/79/1529
f 2202/79/1717 2203/79/1718 2003/79/1518
f 2202/79/1717 2003/79/1518 2022/79/1537
f 2203/79/1718 2204/79/1719 2004/79/1519
f 2203/79/1718 2004/79/1519 2003/79/1518
f 2204/79/1719 2205/79/1720 2011/79/1526
f 2204/79/1719 2011/79/1526 2004/79/1519
f 2205/79/1720 2206/79/1721 2012/79/1527
f 2205/79/1720 2012/79/1527 2011/79/1526
f 2206/79/1721 2207/79/1722 2018/79/1533
f 2206/79/1721 2018/79/1533 2012/79/1527
f 2207/79/1722 2208/79/1723 2001/79/1516
f 2207/79/1722 2001/79/1516 2018/79/1533
f 2208/79/1723 2209/79/1724 2002/79/1517
f 2208/79/1723 2002/79/1517 2001/79/1516
f 2209/79/1724 2210/79/1725 2015/82/1530
f 2209/79/1724 2015/82/1530 2002/79/1517
f 2210/79/1725 2211/79/1726 2016/79/1531
f 2210/79/1725 2016/79/1531 2015/82/1530
f 2211/79/1726 2212/79/1727 2009/81/1524
f 2211/79/1726 2009/81/1524 2016/79/1531
f 2212/79/1727 2213/79/1728 2010/79/1525
f 2212/79/1727 2010/79/1525 2009/81/1524
f 2213/79/1728 2214/79/1729 2017/79/1532
f 2213/79/1728 2017/79/1532 2010/79/1525
f 2214/79/1729 2215/79/1730 1978/79/1493
f 2214/79/1729 1978/79/1493 2017/79/1532
f 2215/79/1730 2216/82/1731 1979/79/1494
f 2215/79/1730 1979/79/1494 1978/79/1493
f 2216/82/1731 2023/80/1538 2007/79/1522
f 2216/82/1731 2007/79/1522 1979/79/1494
f 2204/79/1719 2217/79/1590 2218/79/1591
f 2204/79/1719 2218/79/1591 2205/79/1720
f 2219/79/1592 2220/79/1593 2221/79/1594
f 2219/79/1592 2221/79/1594 2222/79/1595
f 2209/79/1724 2223/79/1596 2224/79/1597
f 2209/79/1724 2224/79/1597 2210/79/1725
f 2214/79/1729 2225/79/1598 2226/79/1599
f 2214/79/1729 2226/79/1599 2215/79/1730
f 2197/79/1712 2227/79/1600 2228/79/1601
f 2197/79/1712 2228/79/1601 2198/79/1713
f 2202/79/1717 2229/79/1602 2230/79/1603
f 2202/79/1717 2230/79/1603 2203/79/1718
f 2207/79/1722 2222/79/1595 2231/79/1604
f 2207/79/1722 2231/79/1604 2208/79/1723
f 2212/79/1727 2232/79/1605 2233/79/1606
f 2212/79/1727 2233/79/1606 2213/79/1728
f 2195/79/1710 2234/79/1607 2235/79/1608
f 2195/79/1710 2235/79/1608 2196/79/1711
f 2200/79/1715 2236/79/1609 2237/79/1610
f 2200/79/1715 2237/79/1610 2201/79/1716
f 2023/80/1538 2238/80/1611 2239/81/1612
f 2023/80/1538 2239/81/1612 2024/81/1539
f 2205/79/1720 2218/79/1591 2219/79/1592
f 2205/79/1720 2219/79/1592 2206/79/1721
f 2210/79/1725 2224/79/1597 2240/79/1732
f 2210/79/1725 2240/79/1732 2211/79/1726
f 2215/79/1730 2226/79/1599 2241/82/1614
f 2215/79/1730 2241/82/1614 2216/82/1731
f 2198/79/1713 2228/79/1601 2242/79/1615
f 2198/79/1713 2242/79/1615 2199/79/1714
f 2203/79/1718 2230/79/1603 2217/79/1590
f 2203/79/1718 2217/79/1590 2204/79/1719
f 2208/79/1723 2231/79/1604 2223/79/1596
f 2208/79/1723 2223/79/1596 2209/79/1724
f 2213/79/1728 2233/79/1606 2225/79/1598
f 2213/79/1728 2225/79/1598 2214/79/1729
f 2196/79/1711 2235/79/1608 2227/79/1600
f 2196/79/1711 2227/79/1600 2197/79/1712
f 2201/79/1716 2237/79/1610 2229/79/1602
f 2201/79/1716 2229/79/1602 2202/79/1717
f 2206/79/1721 2219/79/1592 2222/79/1595
f 2206/79/1721 2222/79/1595 2207/79/1722
f 2211/79/1726 2240/79/1732 2232/79/1605
f 2211/79/1726 2232/79/1605 2212/79/1727
f 2216/82/1731 2241/82/1614 2238/80/1611
f 2216/82/1731 2238/80/1611 2023/80/1538
f 2024/81/1539 2239/81/1612 2234/79/1607
f 2024/81/1539 2234/79/1607 2195/79/1710
f 2199/79/1714 2242/79/1615 2236/79/1609
f 2199/79/1714 2236/79/1609 2200/79/1715
f 2243/79/1616 2244/79/1733 2245/79/1618
f 2243/79/1616 2245/79/1618 2246/79/1619
f 2242/79/1615 2247/79/1620 2248/79/1621
f 2242/79/1615 2248/79/1621 2236/79/1609
f 2225/79/1598 2249/79/1622 2250/79/1623
f 2225/79/1598 2250/79/1623 2226/79/1599
f 2222/79/1595 2221/79/1594 2251/79/1624
f 2222/79/1595 2251/79/1624 2231/79/1604
f 2236/79/1609 2248/79/1621 2252/79/1625
f 2236/79/1609 2252/79/1625 2237/79/1610
f 2226/79/1599 2250/79/1623 2253/82/1626
f 2226/79/1599 2253/82/1626 2241/82/1614
f 2238/80/1611 2254/80/1627 2255/81/1628
f 2238/80/1611 2255/81/1628 2239/81/1612
f 2231/79/1604 2251/79/1624 2256/79/1629
f 2231/79/1604 2256/79/1629 2223/79/1596
f 2237/79/1610 2252/79/1625 2257/79/1630
f 2237/79/1610 2257/79/1630 2229/79/1602
f 2241/82/1614 2253/82/1626 2254/80/1627
f 2241/82/1614 2254/80/1627 2238/80/1611
f 2239/81/1612 2255/81/1628 2243/79/1616
f 2239/81/1612 2243/79/1616 2234/79/1607
f 2223/79/1596 2256/79/1629 2258/79/1734
f 2223/79/1596 2258/79/1734 2224/79/1597
f 2229/79/1602 2257/79/1630 2259/79/1632
f 2229/79/1602 2259/79/1632 2230/79/1603
f 2234/79/1607 2243/79/1616 2246/79/1619
f 2234/79/1607 2246/79/1619 2235/79/1608
f 2224/79/1597 2258/79/1734 2260/79/1735
f 2224/79/1597 2260/79/1735 2240/79/1732
f 2230/79/1603 2259/79/1632 2261/79/1634
f 2230/79/1603 2261/79/1634 2217/79/1590
f 2235/79/1608 2246/79/1619 2262/79/1635
f 2235/79/1608 2262/79/1635 2227/79/1600
f 2240/79/1732 2260/79/1735 2263/79/1736
f 2240/79/1732 2263/79/1736 2232/79/1605
f 2217/79/1590 2261/79/1634 2264/79/1637
f 2217/79/1590 2264/79/1637 2218/79/1591
f 2227/79/1600 2262/79/1635 2265/79/1638
f 2227/79/1600 2265/79/1638 2228/79/1601
f 2232/79/1605 2263/79/1736 2266/79/1639
f 2232/79/1605 2266/79/1639 2233/79/1606
f 2218/79/1591 2264/79/1637 2220/79/1593
f 2218/79/1591 2220/79/1593 2219/79/1592
f 2228/79/1601 2265/79/1638 2247/79/1620
f 2228/79/1601 2247/79/1620 2242/79/1615
f 2233/79/1606 2266/79/1639 2249/79/1622
f 2233/79/1606 2249/79/1622 2225/79/1598
f 2267/79/1737 2268/79/1641 2269/79/1642
f 2267/79/1737 2269/79/1642 2270/79/1643
f 2258/79/1734 2271/79/1644 2272/79/1738
f 2258/79/1734 2272/79/1738 2260/79/1735
f 2259/79/1632 2273/79/1646 2274/79/1647
f 2259/79/1632 2274/79/1647 2261/79/1634
f 2246/79/1619 2245/79/1618 2275/79/1648
f 2246/79/1619 2275/79/1648 2262/79/1635
f 2260/79/1735 2272/79/1738 2276/79/1649
f 2260/79/1735 2276/79/1649 2263/79/1736
f 2261/79/1634 2274/79/1647 2277/79/1650
f 2261/79/1634 2277/79/1650 2264/79/1637
f 2262/79/1635 2275/79/1648 2278/79/1651
f 2262/79/1635 2278/79/1651 2265/79/1638
f 2263/79/1736 2276/79/1649 2279/79/1652
f 2263/79/1736 2279/79/1652 2266/79/1639
f 2264/79/1637 2277/79/1650 2267/79/1737
f 2264/79/1637 2267/79/1737 2220/79/1593
f 2265/79/1638 2278/79/1651 2280/79/1653
f 2265/79/1638 2280/79/1653 2247/79/1620
f 2266/79/1639 2279/79/1652 2281/79/1654
f 2266/79/1639 2281/79/1654 2249/79/1622
f 2220/79/1593 2267/79/1737 2270/79/1643
f 2220/79/1593 2270/79/1643 2221/79/1594
f 2247/79/1620 2280/79/1653 2282/79/1655
f 2247/79/1620 2282/79/1655 2248/79/1621
f 2249/79/1622 2281/79/1654 2283/79/1656
f 2249/79/1622 2283/79/1656 2250/79/1623
f 2221/79/1594 2270/79/1643 2284/79/1657
f 2221/79/1594 2284/79/1657 2251/79/1624
f 2248/79/1621 2282/79/1655 2285/79/1658
f 2248/79/1621 2285/79/1658 2252/79/1625
f 2250/79/1623 2283/79/1656 2286/82/1659
f 2250/79/1623 2286/82/1659 2253/82/1626
f 2254/80/1627 2287/80/1660 2288/81/1661
f 2254/80/1627 2288/81/1661 2255/81/1628
f 2251/79/1624 2284/79/1657 2289/79/1662
f 2251/79/1624 2289/79/1662 2256/79/1629
f 2252/79/1625 2285/79/1658 2290/79/1663
f 2252/79/1625 2290/79/1663 2257/79/1630
f 2253/82/1626 2286/82/1659 2287/80/1660
f 2253/82/1626 2287/80/1660 2254/80/1627
f 2255/81/1628 2288/81/1661 2244/79/1733
f 2255/81/1628 2244/79/1733 2243/79/1616
f 2256/79/1629 2289/79/1662 2271/79/1644
f 2256/79/1629 2271/79/1644 2258/79/1734
f 2257/79/1630 2290/79/1663 2273/79/1646
f 2257/79/1630 2273/79/1646 2259/79/1632
f 2291/79/1664 2292/79/1739 2293/79/1740
f 2291/79/1664 2293/79/1740 2294/79/1667
f 2280/79/1653 2295/79/1668 2296/79/1669
f 2280/79/1653 2296/79/1669 2282/79/1655
f 2281/79/1654 2297/79/1670 2298/79/1671
f 2281/79/1654 2298/79/1671 2283/79/1656
f 2270/79/1643 2269/79/1642 2299/79/1672
f 2270/79/1643 2299/79/1672 2284/79/1657
f 2282/79/1655 2296/79/1669 2300/79/1673
f 2282/79/1655 2300/79/1673 2285/79/1658
f 2283/79/1656 2298/79/1671 2301/82/1674
f 2283/79/1656 2301/82/1674 2286/82/1659
f 2287/80/1660 2302/80/1741 2303/81/1676
f 2287/80/1660 2303/81/1676 2288/81/1661
f 2284/79/1657 2299/79/1672 2304/79/1677
f 2284/79/1657 2304/79/1677 2289/79/1662
f 2285/79/1658 2300/79/1673 2305/79/1678
f 2285/79/1658 2305/79/1678 2290/79/1663
f 2286/82/1659 2301/82/1674 2302/80/1741
f 2286/82/1659 2302/80/1741 2287/80/1660
f 2288/81/1661 2303/81/1676 2291/79/1664
f 2288/81/1661 2291/79/1664 2244/79/1733
f 2289/79/1662 2304/79/1677 2306/79/1742
f 2289/79/1662 2306/79/1742 2271/79/1644
f 2290/79/1663 2305/79/1678 2307/79/1680
f 2290/79/1663 2307/79/1680 2273/79/1646
f 2244/79/1733 2291/79/1664 2294/79/1667
f 2244/79/1733 2294/79/1667 2245/79/1618
f 2271/79/1644 2306/79/1742 2308/79/1681
f 2271/79/1644 2308/79/1681 2272/79/1738
f 2273/79/1646 2307/79/1680 2309/79/1682
f 2273/79/1646 2309/79/1682 2274/79/1647
f 2245/79/1618 2294/79/1667 2310/79/1683
f 2245/79/1618 2310/79/1683 2275/79/1648
f 2272/79/1738 2308/79/1681 2311/79/1684
f 2272/79/1738 2311/79/1684 2276/79/1649
f 2274/79/1647 2309/79/1682 2312/79/1685
f 2274/79/1647 2312/79/1685 2277/79/1650
f 2275/79/1648 2310/79/1683 2313/79/1686
f 2275/79/1648 2313/79/1686 2278/79/1651
f 2276/79/1649 2311/79/1684 2314/79/1687
f 2276/79/1649 2314/79/1687 2279/79/1652
f 2277/79/1650 2312/79/1685 2268/79/1641
f 2277/79/1650 2268/79/1641 2267/79/1737
f 2278/79/1651 2313/79/1686 2295/79/1668
f 2278/79/1651 2295/79/1668 2280/79/1653
f 2279/79/1652 2314/79/1687 2297/79/1670
f 2279/79/1652 2297/79/1670 2281/79/1654
f 2315/79/1743 1190/79/379 1189/79/871
f 2315/79/1743 1189/79/871 2316/79/1744
f 2306/79/1742 2317/79/1745 2318/79/1746
f 2306/79/1742 2318/79/1746 2308/79/1681
f 2307/79/1680 2319/79/1747 2320/79/1748
f 2307/79/1680 2320/79/1748 2309/79/1682
f 2294/79/1667 2293/79/1740 2321/79/1749
f 2294/79/1667 2321/79/1749 2310/79/1683
f 2308/79/1681 2318/79/1746 2322/79/1750
f 2308/79/1681 2322/79/1750 2311/79/1684
f 2309/79/1682 2320/79/1748 2323/79/1751
f 2309/79/1682 2323/79/1751 2312/79/1685
f 2310/79/1683 2321/79/1749 2324/79/1752
f 2310/79/1683 2324/79/1752 2313/79/1686
f 2311/79/1684 2322/79/1750 2325/79/1753
f 2311/79/1684 2325/79/1753 2314/79/1687
f 2312/79/1685 2323/79/1751 2326/79/1754
f 2312/79/1685 2326/79/1754 2268/79/1641
f 2313/79/1686 2324/79/1752 2315/79/1743
f 2313/79/1686 2315/79/1743 2295/79/1668
f 2314/79/1687 2325/79/1753 2327/79/1755
f 2314/79/1687 2327/79/1755 2297/79/1670
f 2268/79/1641 2326/79/1754 2328/79/1756
f 2268/79/1641 2328/79/1756 2269/79/1642
f 2295/79/1668 2315/79/1743 2316/79/1744
f 2295/79/1668 2316/79/1744 2296/79/1669
f 2297/79/1670 2327/79/1755 2329/79/1757
f 2297/79/1670 2329/79/1757 2298/79/1671
f 2269/79/1642 2328/79/1756 2330/79/1758
f 2269/79/1642 2330/79/1758 2299/79/1672
f 2296/79/1669 2316/79/1744 2331/79/1759
f 2296/79/1669 2331/79/1759 2300/79/1673
f 2298/79/1671 2329/79/1757 2332/82/1760
f 2298/79/1671 2332/82/1760 2301/82/1674
f 2302/80/1741 2333/80/1761 2334/81/1762
f 2302/80/1741 2334/81/1762 2303/81/1676
f 2299/79/1672 2330/79/1758 2335/79/1763
f 2299/79/1672 2335/79/1763 2304/79/1677
f 2300/79/1673 2331/79/1759 2336/79/1764
f 2300/79/1673 2336/79/1764 2305/79/1678
f 2301/82/1674 2332/82/1760 2333/80/1761
f 2301/82/1674 2333/80/1761 2302/80/1741
f 2303/81/1676 2334/81/1762 2292/79/1739
f 2303/81/1676 2292/79/1739 2291/79/1664
f 2304/79/1677 2335/79/1763 2317/79/1745
f 2304/79/1677 2317/79/1745 2306/79/1742
f 2305/79/1678 2336/79/1764 2319/79/1747
f 2305/79/1678 2319/79/1747 2307/79/1680
f 2327/79/1755 1212/79/893 1211/79/892
f 2327/79/1755 1211/79/892 2329/79/1757
f 2328/79/1756 1214/79/895 1213/79/894
f 2328/79/1756 1213/79/894 2330/79/1758
f 2316/79/1744 1189/79/871 1215/79/896
f 2316/79/1744 1215/79/896 2331/79/1759
f 2329/79/1757 1211/79/892 1216/82/897
f 2329/79/1757 1216/82/897 2332/82/1760
f 2333/80/1761 1218/80/899 1217/81/898
f 2333/80/1761 1217/81/898 2334/81/1762
f 2330/79/1758 1213/79/894 1219/79/900
f 2330/79/1758 1219/79/900 2335/79/1763
f 2331/79/1759 1215/79/896 1220/79/901
f 2331/79/1759 1220/79/901 2336/79/1764
f 2332/82/1760 1216/82/897 1218/80/899
f 2332/82/1760 1218/80/899 2333/80/1761
f 2334/81/1762 1217/81/898 1221/79/902
f 2334/81/1762 1221/79/902 2292/79/1739
f 2335/79/1763 1219/79/900 1222/79/903
f 2335/79/1763 1222/79/903 2317/79/1745
f 2336/79/1764 1220/79/901 1223/79/904
f 2336/79/1764 1223/79/904 2319/79/1747
f 2292/79/1739 1221/79/902 1224/79/905
f 2292/79/1739 1224/79/905 2293/79/1740
f 2317/79/1745 1222/79/903 1225/79/355
f 2317/79/1745 1225/79/355 2318/79/1746
f 2319/79/1747 1223/79/904 1226/79/906
f 2319/79/1747 1226/79/906 2320/79/1748
f 2293/79/1740 1224/79/905 1227/79/907
f 2293/79/1740 1227/79/907 2321/79/1749
f 2318/79/1746 1225/79/355 1228/79/908
f 2318/79/1746 1228/79/908 2322/79/1750
f 2320/79/1748 1226/79/906 1229/79/909
f 2320/79/1748 1229/79/909 2323/79/1751
f 2321/79/1749 1227/79/907 1230/79/910
f 2321/79/1749 1230/79/910 2324/79/1752
f 2322/79/1750 1228/79/908 1231/79/911
f 2322/79/1750 1231/79/911 2325/79/1753
f 2323/79/1751 1229/79/909 1232/79/912
f 2323/79/1751 1232/79/912 2326/79/1754
f 2324/79/1752 1230/79/910 1190/79/379
f 2324/79/1752 1190/79/379 2315/79/1743
f 2325/79/1753 1231/79/911 1212/79/893
f 2325/79/1753 1212/79/893 2327/79/1755
f 2326/79/1754 1232/79/912 1214/79/895
f 2326/79/1754 1214/79/895 2328/79/1756
f 2337/85/1765 2338/85/1766 2339/85/1767
f 2337/85/1765 2339/85/1767 2340/85/1768
f 2030/85/1545 2341/85/1769 2342/84/1770
f 2030/85/1545 2342/84/1770 2027/84/1542
f 2040/85/1555 2343/85/1771 2344/85/1772
f 2040/85/1555 2344/85/1772 2038/85/1553
f 2050/85/1565 2345/85/1773 2346/85/1774
f 2050/85/1565 2346/85/1774 2048/85/1563
f 2060/85/1575 2347/85/1775 2348/85/1776
f 2060/85/1575 2348/85/1776 2058/85/1573
f 2070/85/1585 2349/85/1777 2350/85/1778
f 2070/85/1585 2350/85/1778 2068/85/1583
f 2036/85/1551 2337/85/1765 2340/85/1768
f 2036/85/1551 2340/85/1768 2034/85/1549
f 2046/85/1561 2351/85/1779 2352/85/1780
f 2046/85/1561 2352/85/1780 2044/85/1559
f 2056/85/1571 2353/85/1781 2354/85/1782
f 2056/85/1571 2354/85/1782 2054/85/1569
f 2066/85/1581 2355/85/1783 2356/85/1784
f 2066/85/1581 2356/85/1784 2064/85/1579
f 2032/85/1547 2357/85/1785 2341/85/1769
f 2032/85/1547 2341/85/1769 2030/85/1545
f 2042/85/1557 2358/85/1786 2343/85/1771
f 2042/85/1557 2343/85/1771 2040/85/1555
f 2027/84/1542 2342/84/1770 2071/85/1586
f 2027/84/1542 2071/85/1586 2028/83/1543
f 2052/85/1567 2359/85/1787 2345/85/1773
f 2052/85/1567 2345/85/1773 2050/85/1565
f 2062/85/1577 2360/85/1788 2347/85/1775
f 2062/85/1577 2347/85/1775 2060/85/1575
f 2073/86/1588 2072/86/1587 2349/85/1777
f 2073/86/1588 2349/85/1777 2070/85/1585
f 2038/85/1553 2344/85/1772 2337/85/1765
f 2038/85/1553 2337/85/1765 2036/85/1551
f 2048/85/1563 2346/85/1774 2351/85/1779
f 2048/85/1563 2351/85/1779 2046/85/1561
f 2058/85/1573 2348/85/1776 2353/85/1781
f 2058/85/1573 2353/85/1781 2056/85/1571
f 2068/85/1583 2350/85/1778 2355/85/1783
f 2068/85/1583 2355/85/1783 2066/85/1581
f 2034/85/1549 2340/85/1768 2357/85/1785
f 2034/85/1549 2357/85/1785 2032/85/1547
f 2044/85/1559 2352/85/1780 2358/85/1786
f 2044/85/1559 2358/85/1786 2042/85/1557
f 2054/85/1569 2354/85/1782 2359/85/1787
f 2054/85/1569 2359/85/1787 2052/85/1567
f 2064/85/1579 2356/85/1784 2360/85/1788
f 2064/85/1579 2360/85/1788 2062/85/1577
f 2361/85/1789 2362/85/1790 2363/85/1791
f 2361/85/1789 2363/85/1791 2364/85/1792
f 2355/85/1783 2365/85/1793 2366/85/1794
f 2355/85/1783 2366/85/1794 2356/85/1784
f 2359/85/1787 2367/85/1795 2368/85/1796
f 2359/85/1787 2368/85/1796 2345/85/1773
f 2344/85/1772 2369/85/1797 2338/85/1766
f 2344/85/1772 2338/85/1766 2337/85/1765
f 2350/85/1778 2370/85/1798 2365/85/1793
f 2350/85/1778 2365/85/1793 2355/85/1783
f 2354/85/1782 2371/85/1799 2367/85/1795
f 2354/85/1782 2367/85/1795 2359/85/1787
f 2343/85/1771 2372/85/1800 2369/85/1797
f 2343/85/1771 2369/85/1797 2344/85/1772
f 2349/85/1777 2373/85/1801 2370/85/1798
f 2349/85/1777 2370/85/1798 2350/85/1778
f 2353/85/1781 2374/85/1802 2371/85/1799
f 2353/85/1781 2371/85/1799 2354/85/1782
f 2358/85/1786 2364/85/1792 2372/85/1800
f 2358/85/1786 2372/85/1800 2343/85/1771
f 2072/86/1587 2375/86/1803 2373/85/1801
f 2072/86/1587 2373/85/1801 2349/85/1777
f 2342/84/1770 2376/84/1804 2377/83/1805
f 2342/84/1770 2377/83/1805 2071/85/1586
f 2348/85/1776 2378/85/1806 2374/85/1802
f 2348/85/1776 2374/85/1802 2353/85/1781
f 2352/85/1780 2361/85/1789 2364/85/1792
f 2352/85/1780 2364/85/1792 2358/85/1786
f 2071/85/1586 2377/83/1805 2375/86/1803
f 2071/85/1586 2375/86/1803 2072/86/1587
f 2341/85/1769 2379/85/1807 2376/84/1804
f 2341/85/1769 2376/84/1804 2342/84/1770
f 2347/85/1775 2380/85/1808 2378/85/1806
f 2347/85/1775 2378/85/1806 2348/85/1776
f 2351/85/1779 2381/85/1809 2361/85/1789
f 2351/85/1779 2361/85/1789 2352/85/1780
f 2357/85/1785 2382/85/1810 2379/85/1807
f 2357/85/1785 2379/85/1807 2341/85/1769
f 2360/85/1788 2383/85/1811 2380/85/1808
f 2360/85/1788 2380/85/1808 2347/85/1775
f 2346/85/1774 2384/85/1812 2381/85/1809
f 2346/85/1774 2381/85/1809 2351/85/1779
f 2340/85/1768 2339/85/1767 2382/85/1810
f 2340/85/1768 2382/85/1810 2357/85/1785
f 2356/85/1784 2366/85/1794 2383/85/1811
f 2356/85/1784 2383/85/1811 2360/85/1788
f 2345/85/1773 2368/85/1796 2384/85/1812
f 2345/85/1773 2384/85/1812 2346/85/1774
f 2385/85/1813 2386/85/1814 2387/85/1815
f 2385/85/1813 2387/85/1815 2388/85/1816
f 2377/83/1805 2389/85/1817 2390/86/1818
f 2377/83/1805 2390/86/1818 2375/86/1803
f 2379/85/1807 2391/85/1819 2392/84/1820
f 2379/85/1807 2392/84/1820 2376/84/1804
f 2380/85/1808 2393/85/1821 2394/85/1822
f 2380/85/1808 2394/85/1822 2378/85/1806
f 2381/85/1809 2395/85/1823 2362/85/1790
f 2381/85/1809 2362/85/1790 2361/85/1789
f 2382/85/1810 2396/85/1824 2391/85/1819
f 2382/85/1810 2391/85/1819 2379/85/1807
f 2383/85/1811 2397/85/1825 2393/85/1821
f 2383/85/1811 2393/85/1821 2380/85/1808
f 2384/85/1812 2398/85/1826 2395/85/1823
f 2384/85/1812 2395/85/1823 2381/85/1809
f 2339/85/1767 2399/85/1827 2396/85/1824
f 2339/85/1767 2396/85/1824 2382/85/1810
f 2366/85/1794 2388/85/1816 2397/85/1825
f 2366/85/1794 2397/85/1825 2383/85/1811
f 2368/85/1796 2400/85/1828 2398/85/1826
f 2368/85/1796 2398/85/1826 2384/85/1812
f 2338/85/1766 2401/85/1829 2399/85/1827
f 2338/85/1766 2399/85/1827 2339/85/1767
f 2365/85/1793 2385/85/1813 2388/85/1816
f 2365/85/1793 2388/85/1816 2366/85/1794
f 2367/85/1795 2402/85/1830 2400/85/1828
f 2367/85/1795 2400/85/1828 2368/85/1796
f 2369/85/1797 2403/85/1831 2401/85/1829
f 2369/85/1797 2401/85/1829 2338/85/1766
f 2370/85/1798 2404/85/1832 2385/85/1813
f 2370/85/1798 2385/85/1813 2365/85/1793
f 2371/85/1799 2405/85/1833 2402/85/1830
f 2371/85/1799 2402/85/1830 2367/85/1795
f 2372/85/1800 2406/85/1834 2403/85/1831
f 2372/85/1800 2403/85/1831 2369/85/1797
f 2373/85/1801 2407/85/1835 2404/85/1832
f 2373/85/1801 2404/85/1832 2370/85/1798
f 2374/85/1802 2408/85/1836 2405/85/1833
f 2374/85/1802 2405/85/1833 2371/85/1799
f 2364/85/1792 2363/85/1791 2406/85/1834
f 2364/85/1792 2406/85/1834 2372/85/1800
f 2375/86/1803 2390/86/1818 2407/85/1835
f 2375/86/1803 2407/85/1835 2373/85/1801
f 2376/84/1804 2392/84/1820 2389/85/1817
f 2376/84/1804 2389/85/1817 2377/83/1805
f 2378/85/1806 2394/85/1822 2408/85/1836
f 2378/85/1806 2408/85/1836 2374/85/1802
f 2402/85/1830 2409/85/1837 2410/85/1838
f 2402/85/1830 2410/85/1838 2400/85/1828
f 2403/85/1831 2411/85/1839 2412/85/1840
f 2403/85/1831 2412/85/1840 2401/85/1829
f 2404/85/1832 2413/85/1841 2386/85/1814
f 2404/85/1832 2386/85/1814 2385/85/1813
f 2405/85/1833 2414/85/1842 2409/85/1837
f 2405/85/1833 2409/85/1837 2402/85/1830
f 2406/85/1834 2415/85/1843 2411/85/1839
f 2406/85/1834 2411/85/1839 2403/85/1831
f 2407/85/1835 2416/85/1844 2413/85/1841
f 2407/85/1835 2413/85/1841 2404/85/1832
f 2408/85/1836 2417/85/1845 2414/85/1842
f 2408/85/1836 2414/85/1842 2405/85/1833
f 2363/85/1791 2418/85/1846 2415/85/1843
f 2363/85/1791 2415/85/1843 2406/85/1834
f 2390/86/1818 2419/86/1847 2416/85/1844
f 2390/86/1818 2416/85/1844 2407/85/1835
f 2392/84/1820 2420/84/1848 2421/83/1849
f 2392/84/1820 2421/83/1849 2389/85/1817
f 2394/85/1822 2422/85/1850 2417/85/1845
f 2394/85/1822 2417/85/1845 2408/85/1836
f 2362/85/1790 2423/85/1851 2418/85/1846
f 2362/85/1790 2418/85/1846 2363/85/1791
f 2389/85/1817 2421/83/1849 2419/86/1847
f 2389/85/1817 2419/86/1847 2390/86/1818
f 2391/85/1819 2424/85/1852 2420/84/1848
f 2391/85/1819 2420/84/1848 2392/84/1820
f 2393/85/1821 2425/85/1853 2422/85/1850
f 2393/85/1821 2422/85/1850 2394/85/1822
f 2395/85/1823 2426/85/1854 2423/85/1851
f 2395/85/1823 2423/85/1851 2362/85/1790
f 2396/85/1824 2427/85/1855 2424/85/1852
f 2396/85/1824 2424/85/1852 2391/85/1819
f 2397/85/1825 2428/85/1856 2425/85/1853
f 2397/85/1825 2425/85/1853 2393/85/1821
f 2398/85/1826 2429/85/1857 2426/85/1854
f 2398/85/1826 2426/85/1854 2395/85/1823
f 2399/85/1827 2430/85/1858 2427/85/1855
f 2399/85/1827 2427/85/1855 2396/85/1824
f 2388/85/1816 2387/85/1815 2428/85/1856
f 2388/85/1816 2428/85/1856 2397/85/1825
f 2400/85/1828 2410/85/1838 2429/85/1857
f 2400/85/1828 2429/85/1857 2398/85/1826
f 2401/85/1829 2412/85/1840 2430/85/1858
f 2401/85/1829 2430/85/1858 2399/85/1827
f 2431/77/1016 2432/77/1046 2433/77/1048
f 2431/77/1016 2433/77/1048 2434/77/1017
f 1750/77/386 2435/77/1024 2431/77/1016
f 1750/77/386 2431/77/1016 1748/77/388
f 1735/77/401 2436/77/1019 2437/77/1012
f 1735/77/401 2437/77/1012 1736/77/356
f 1760/77/376 2438/77/1022 2439/77/1014
f 1760/77/376 2439/77/1014 1758/77/378
f 1770/77/367 2440/77/1008 2441/77/1007
f 1770/77/367 2441/77/1007 1768/77/368
f 1782/77/357 2442/77/1013 2443/77/399
f 1782/77/357 2443/77/399 1778/77/359
f 1746/77/390 2434/77/1017 2444/77/1030
f 1746/77/390 2444/77/1030 1744/77/391
f 1756/77/380 2445/77/1859 2446/77/1860
f 1756/77/380 2446/77/1860 1754/77/382
f 1766/77/370 2447/77/1011 2448/77/1028
f 1766/77/370 2448/77/1028 1764/77/372
f 1776/77/361 2449/77/400 2450/78/1027
f 1776/77/361 2450/78/1027 1774/78/363
f 1742/77/393 2451/77/1025 1779/77/1026
f 1742/77/393 1779/77/1026 1740/77/395
f 1752/77/384 2452/77/1023 2435/77/1024
f 1752/77/384 2435/77/1024 1750/77/386
f 1762/77/374 2453/77/1861 2438/77/1022
f 1762/77/374 2438/77/1022 1760/77/376
f 1772/77/365 2454/77/1020 2440/77/1008
f 1772/77/365 2440/77/1008 1770/77/367
f 1736/77/356 2437/77/1012 2442/77/1013
f 1736/77/356 2442/77/1013 1782/77/357
f 1738/77/397 1780/77/1018 2436/77/1019
f 1738/77/397 2436/77/1019 1735/77/401
f 1748/77/388 2431/77/1016 2434/77/1017
f 1748/77/388 2434/77/1017 1746/77/390
f 1758/77/378 2439/77/1014 2445/77/1859
f 1758/77/378 2445/77/1859 1756/77/380
f 1768/77/368 2441/77/1007 2447/77/1011
f 1768/77/368 2447/77/1011 1766/77/370
f 1778/77/359 2443/77/399 2449/77/400
f 1778/77/359 2449/77/400 1776/77/361
f 1744/77/391 2444/77/1030 2451/77/1025
f 1744/77/391 2451/77/1025 1742/77/393
f 1754/77/382 2446/77/1860 2452/77/1023
f 1754/77/382 2452/77/1023 1752/77/384
f 1764/77/372 2448/77/1028 2453/77/1861
f 1764/77/372 2453/77/1861 1762/77/374
f 1774/78/363 2450/78/1027 2454/77/1020
f 1774/78/363 2454/77/1020 1772/77/365
f 2455/77/1054 2456/77/1862 2457/77/1068
f 2455/77/1054 2457/77/1068 2458/77/1037
f 2443/77/399 2459/77/1045 2460/77/1047
f 2443/77/399 2460/77/1047 2449/77/400
f 2448/77/1028 2461/77/1044 2462/77/1032
f 2448/77/1028 2462/77/1032 2453/77/1861
f 2435/77/1024 2463/77/1043 2432/77/1046
f 2435/77/1024 2432/77/1046 2431/77/1016
f 2442/77/1013 2464/77/1042 2459/77/1045
f 2442/77/1013 2459/77/1045 2443/77/399
f 2436/77/1019 2465/77/1040 2466/77/1041
f 2436/77/1019 2466/77/1041 2437/77/1012
f 2447/77/1011 2467/77/1039 2461/77/1044
f 2447/77/1011 2461/77/1044 2448/77/1028
f 2452/77/1023 2468/77/1038 2463/77/1043
f 2452/77/1023 2463/77/1043 2435/77/1024
f 2437/77/1012 2466/77/1041 2464/77/1042
f 2437/77/1012 2464/77/1042 2442/77/1013
f 1780/77/1018 2469/77/1036 2465/77/1040
f 1780/77/1018 2465/77/1040 2436/77/1019
f 2441/77/1007 2470/77/1010 2467/77/1039
f 2441/77/1007 2467/77/1039 2447/77/1011
f 2446/77/1860 2458/77/1037 2468/77/1038
f 2446/77/1860 2468/77/1038 2452/77/1023
f 1779/77/1026 2471/77/1035 2469/77/1036
f 1779/77/1026 2469/77/1036 1780/77/1018
f 2440/77/1008 2472/77/1009 2470/77/1010
f 2440/77/1008 2470/77/1010 2441/77/1007
f 2445/77/1859 2455/77/1054 2458/77/1037
f 2445/77/1859 2458/77/1037 2446/77/1860
f 2451/77/1025 2473/77/1053 2471/77/1035
f 2451/77/1025 2471/77/1035 1779/77/1026
f 2454/77/1020 2474/77/1052 2472/77/1009
f 2454/77/1020 2472/77/1009 2440/77/1008
f 2439/77/1014 2475/77/1051 2455/77/1054
f 2439/77/1014 2455/77/1054 2445/77/1859
f 2444/77/1030 2476/77/1050 2473/77/1053
f 2444/77/1030 2473/77/1053 2451/77/1025
f 2450/78/1027 2477/78/1049 2474/77/1052
f 2450/78/1027 2474/77/1052 2454/77/1020
f 2438/77/1022 2478/77/1031 2475/77/1051
f 2438/77/1022 2475/77/1051 2439/77/1014
f 2434/77/1017 2433/77/1048 2476/77/1050
f 2434/77/1017 2476/77/1050 2444/77/1030
f 2449/77/400 2460/77/1047 2477/78/1049
f 2449/77/400 2477/78/1049 2450/78/1027
f 2453/77/1861 2462/77/1032 2478/77/1031
f 2453/77/1861 2478/77/1031 2438/77/1022
f 2479/77/1863 2480/77/1092 2481/77/1094
f 2479/77/1863 2481/77/1094 2482/77/1059
f 2473/77/1053 2483/77/1065 2484/77/1056
f 2473/77/1053 2484/77/1056 2471/77/1035
f 2474/77/1052 2485/77/1064 2486/77/1067
f 2474/77/1052 2486/77/1067 2472/77/1009
f 2475/77/1051 2487/77/1063 2456/77/1862
f 2475/77/1051 2456/77/1862 2455/77/1054
f 2476/77/1050 2488/77/1062 2483/77/1065
f 2476/77/1050 2483/77/1065 2473/77/1053
f 2477/78/1049 2489/78/1060 2485/77/1064
f 2477/78/1049 2485/77/1064 2474/77/1052
f 2478/77/1031 2490/77/1864 2487/77/1063
f 2478/77/1031 2487/77/1063 2475/77/1051
f 2433/77/1048 2491/77/1061 2488/77/1062
f 2433/77/1048 2488/77/1062 2476/77/1050
f 2460/77/1047 2482/77/1059 2489/78/1060
f 2460/77/1047 2489/78/1060 2477/78/1049
f 2462/77/1032 2492/77/1033 2490/77/1864
f 2462/77/1032 2490/77/1864 2478/77/1031
f 2432/77/1046 2493/77/1078 2491/77/1061
f 2432/77/1046 2491/77/1061 2433/77/1048
f 2459/77/1045 2479/77/1863 2482/77/1059
f 2459/77/1045 2482/77/1059 2460/77/1047
f 2461/77/1044 2494/77/1076 2492/77/1033
f 2461/77/1044 2492/77/1033 2462/77/1032
f 2463/77/1043 2495/77/1865 2493/77/1078
f 2463/77/1043 2493/77/1078 2432/77/1046
f 2464/77/1042 2496/77/1074 2479/77/1863
f 2464/77/1042 2479/77/1863 2459/77/1045
f 2465/77/1040 2497/77/1072 2498/77/1073
f 2465/77/1040 2498/77/1073 2466/77/1041
f 2467/77/1039 2499/77/1866 2494/77/1076
f 2467/77/1039 2494/77/1076 2461/77/1044
f 2468/77/1038 2500/77/1070 2495/77/1865
f 2468/77/1038 2495/77/1865 2463/77/1043
f 2466/77/1041 2498/77/1073 2496/77/1074
f 2466/77/1041 2496/77/1074 2464/77/1042
f 2469/77/1036 2501/77/1867 2497/77/1072
f 2469/77/1036 2497/77/1072 2465/77/1040
f 2470/77/1010 2502/77/1069 2499/77/1866
f 2470/77/1010 2499/77/1866 2467/77/1039
f 2458/77/1037 2457/77/1068 2500/77/1070
f 2458/77/1037 2500/77/1070 2468/77/1038
f 2471/77/1035 2484/77/1056 2501/77/1867
f 2471/77/1035 2501/77/1867 2469/77/1036
f 2472/77/1009 2486/77/1067 2502/77/1069
f 2472/77/1009 2502/77/1069 2470/77/1010
f 2503/77/1101 2504/77/1111 2505/77/1113
f 2503/77/1101 2505/77/1113 2506/77/1083
f 2494/77/1076 2507/77/1091 2508/77/1080
f 2494/77/1076 2508/77/1080 2492/77/1033
f 2495/77/1865 2509/77/1090 2510/77/1093
f 2495/77/1865 2510/77/1093 2493/77/1078
f 2496/77/1074 2511/77/1089 2480/77/1092
f 2496/77/1074 2480/77/1092 2479/77/1863
f 2497/77/1072 2512/77/1087 2513/77/1088
f 2497/77/1072 2513/77/1088 2498/77/1073
f 2499/77/1866 2514/77/1086 2507/77/1091
f 2499/77/1866 2507/77/1091 2494/77/1076
f 2500/77/1070 2515/77/1084 2509/77/1090
f 2500/77/1070 2509/77/1090 2495/77/1865
f 2498/77/1073 2513/77/1088 2511/77/1089
f 2498/77/1073 2511/77/1089 2496/77/1074
f 2501/77/1867 2516/77/1058 2512/77/1087
f 2501/77/1867 2512/77/1087 2497/77/1072
f 2502/77/1069 2517/77/1085 2514/77/1086
f 2502/77/1069 2514/77/1086 2499/77/1866
f 2457/77/1068 2506/77/1083 2515/77/1084
f 2457/77/1068 2515/77/1084 2500/77/1070
f 2484/77/1056 2518/77/1057 2516/77/1058
f 2484/77/1056 2516/77/1058 2501/77/1867
f 2486/77/1067 2519/77/1102 2517/77/1085
f 2486/77/1067 2517/77/1085 2502/77/1069
f 2456/77/1862 2503/77/1101 2506/77/1083
f 2456/77/1862 2506/77/1083 2457/77/1068
f 2483/77/1065 2520/77/1100 2518/77/1057
f 2483/77/1065 2518/77/1057 2484/77/1056
f 2485/77/1064 2521/77/1099 2519/77/1102
f 2485/77/1064 2519/77/1102 2486/77/1067
f 2487/77/1063 2522/77/1098 2503/77/1101
f 2487/77/1063 2503/77/1101 2456/77/1862
f 2488/77/1062 2523/77/1097 2520/77/1100
f 2488/77/1062 2520/77/1100 2483/77/1065
f 2489/78/1060 2524/78/1096 2521/77/1099
f 2489/78/1060 2521/77/1099 2485/77/1064
f 2490/77/1864 2525/77/1079 2522/77/1098
f 2490/77/1864 2522/77/1098 2487/77/1063
f 2491/77/1061 2526/77/1095 2523/77/1097
f 2491/77/1061 2523/77/1097 2488/77/1062
f 2482/77/1059 2481/77/1094 2524/78/1096
f 2482/77/1059 2524/78/1096 2489/78/1060
f 2492/77/1033 2508/77/1080 2525/77/1079
f 2492/77/1033 2525/77/1079 2490/77/1864
f 2493/77/1078 2510/77/1093 2526/77/1095
f 2493/77/1078 2526/77/1095 2491/77/1061
f 2527/79/1112 2528/79/1868 2529/79/1869
f 2527/79/1112 2529/79/1869 2530/79/1115
f 2520/77/1100 2531/77/1110 2532/77/1112
f 2520/77/1100 2532/77/1112 2518/77/1057
f 2521/77/1099 2533/77/1109 2534/77/1
f 2521/77/1099 2534/77/1 2519/77/1102
f 2522/77/1098 2535/77/257 2504/77/1111
f 2522/77/1098 2504/77/1111 2503/77/1101
f 2523/77/1097 2536/77/1108 2531/77/1110
f 2523/77/1097 2531/77/1110 2520/77/1100
f 2524/78/1096 2537/78/1107 2533/77/1109
f 2524/78/1096 2533/77/1109 2521/77/1099
f 2525/77/1079 2538/77/1082 2535/77/257
f 2525/77/1079 2535/77/257 2522/77/1098
f 2526/77/1095 2539/77/2 2536/77/1108
f 2526/77/1095 2536/77/1108 2523/77/1097
f 2481/77/1094 2540/77/1103 2537/78/1107
f 2481/77/1094 2537/78/1107 2524/78/1096
f 2508/77/1080 2541/77/1081 2538/77/1082
f 2508/77/1080 2538/77/1082 2525/77/1079
f 2510/77/1093 2542/77/1123 2539/77/2
f 2510/77/1093 2539/77/2 2526/77/1095
f 2480/77/1092 2543/77/1104 2540/77/1103
f 2480/77/1092 2540/77/1103 2481/77/1094
f 2507/77/1091 2544/77/1122 2541/77/1081
f 2507/77/1091 2541/77/1081 2508/77/1080
f 2509/77/1090 2545/77/1121 2542/77/1123
f 2509/77/1090 2542/77/1123 2510/77/1093
f 2511/77/1089 2546/77/1120 2543/77/1104
f 2511/77/1089 2543/77/1104 2480/77/1092
f 2512/77/1087 2547/77/1118 2548/77/1119
f 2512/77/1087 2548/77/1119 2513/77/1088
f 2514/77/1086 2549/77/1117 2544/77/1122
f 2514/77/1086 2544/77/1122 2507/77/1091
f 2515/77/1084 2550/77/1116 2545/77/1121
f 2515/77/1084 2545/77/1121 2509/77/1090
f 2513/77/1088 2548/77/1119 2546/77/1120
f 2513/77/1088 2546/77/1120 2511/77/1089
f 2516/77/1058 2551/77/1115 2547/77/1118
f 2516/77/1058 2547/77/1118 2512/77/1087
f 2517/77/1085 2552/77/1114 2549/77/1117
f 2517/77/1085 2549/77/1117 2514/77/1086
f 2506/77/1083 2505/77/1113 2550/77/1116
f 2506/77/1083 2550/77/1116 2515/77/1084
f 2518/77/1057 2532/77/1112 2551/77/1115
f 2518/77/1057 2551/77/1115 2516/77/1058
f 2519/77/1102 2534/77/1 2552/77/1114
f 2519/77/1102 2552/77/1114 2517/77/1085
s 0
f 2553/77/355 2554/77/355 2555/77/355
f 2553/77/355 2555/77/355 2556/77/355
f 2556/77/355 2555/77/355 2557/77/355
f 2556/77/355 2557/77/355 2558/77/355
f 2558/77/355 2557/77/355 2559/77/355
f 2558/77/355 2559/77/355 2560/77/355
f 2560/77/355 2559/77/355 2561/77/355
f 2560/77/355 2561/77/355 2562/77/355
f 2562/77/355 2561/77/355 2563/77/355
f 2562/77/355 2563/77/355 2564/77/355
f 2564/77/355 2563/77/355 2565/77/355
f 2564/77/355 2565/77/355 2566/77/355
f 2566/77/355 2565/77/355 2567/77/355
f 2566/77/355 2567/77/355 2568/77/355
f 2568/77/355 2567/77/355 2569/77/355
f 2568/77/355 2569/77/355 2570/77/355
f 2570/77/355 2569/77/355 2571/77/355
f 2570/77/355 2571/77/355 2572/77/355
f 2572/77/355 2571/77/355 2573/77/355
f 2572/77/355 2573/77/355 2574/77/355
f 2574/77/355 2573/77/355 2575/77/355
f 2574/77/355 2575/77/355 2576/77/355
f 2576/77/355 2575/77/355 2577/77/355
f 2576/77/355 2577/77/355 2578/77/355
f 2578/77/355 2577/77/355 2579/77/355
f 2578/77/355 2579/77/355 2580/77/355
f 2580/77/355 2579/77/355 2581/77/355
f 2580/77/355 2581/77/355 2582/78/355
f 2582/78/355 2581/77/355 2583/77/355
f 2582/78/355 2583/77/355 2584/77/355
f 2584/77/355 2583/77/355 2585/77/355
f 2584/77/355 2585/77/355 2586/77/355
f 2586/77/355 2585/77/355 2587/77/355
f 2586/77/355 2587/77/355 2588/77/355
f 2588/77/355 2587/77/355 2589/77/355
f 2588/77/355 2589/77/355 2590/77/355
f 2590/77/355 2589/77/355 2591/77/355
f 2590/77/355 2591/77/355 2592/77/355
f 2592/77/355 2591/77/355 2593/78/355
f 2592/77/355 2593/78/355 2594/77/355
f 2594/77/355 2593/78/355 2595/77/355
f 2594/77/355 2595/77/355 2596/77/355
f 2596/77/355 2595/77/355 2597/77/355
f 2596/77/355 2597/77/355 2598/77/355
f 2598/77/355 2597/77/355 2599/77/355
f 2598/77/355 2599/77/355 2600/77/355
f 2600/77/355 2599/77/355 2554/77/355
f 2600/77/355 2554/77/355 2553/77/355
s 1
f 2601/79/1870 2602/79/1871 2603/79/1872
f 2601/79/1870 2603/79/1872 2604/79/1873
f 2605/79/1107 2604/79/1873 2606/79/1874
f 2605/79/1107 2606/79/1874 2607/79/1109
f 2608/87/1082 2609/87/1875 2610/87/1876
f 2608/87/1082 2610/87/1876 2611/87/257
f 2612/79/1110 2613/79/1877 2528/79/1868
f 2612/79/1110 2528/79/1868 2527/79/1112
f 2614/79/2 2615/79/1878 2616/79/1879
f 2614/79/2 2616/79/1879 2617/79/1108
f 2618/79/1103 2601/79/1870 2604/79/1873
f 2618/79/1103 2604/79/1873 2605/79/1107
f 2619/87/1081 2620/87/1880 2609/87/1875
f 2619/87/1081 2609/87/1875 2608/87/1082
f 2617/79/1108 2616/79/1879 2613/79/1877
f 2617/79/1108 2613/79/1877 2612/79/1110
f 2621/87/1123 2622/87/1881 2615/79/1878
f 2621/87/1123 2615/79/1878 2614/79/2
f 2623/79/1104 2624/79/1882 2601/79/1870
f 2623/79/1104 2601/79/1870 2618/79/1103
f 2625/87/1122 2626/87/1883 2620/87/1880
f 2625/87/1122 2620/87/1880 2619/87/1081
f 2627/87/1121 2628/87/1884 2622/87/1881
f 2627/87/1121 2622/87/1881 2621/87/1123
f 2629/79/1120 2630/79/1885 2624/79/1882
f 2629/79/1120 2624/79/1882 2623/79/1104
f 2631/87/1117 2632/87/1886 2626/87/1883
f 2631/87/1117 2626/87/1883 2625/87/1122
f 2633/87/1116 2634/87/1887 2628/87/1884
f 2633/87/1116 2628/87/1884 2627/87/1121
f 2635/79/1119 2636/79/1888 2630/79/1885
f 2635/79/1119 2630/79/1885 2629/79/1120
f 2637/87/1114 2638/87/1889 2632/87/1886
f 2637/87/1114 2632/87/1886 2631/87/1117
f 2639/87/1113 2640/87/1890 2634/87/1887
f 2639/87/1113 2634/87/1887 2633/87/1116
f 2641/79/1118 2642/79/1891 2636/79/1888
f 2641/79/1118 2636/79/1888 2635/79/1119
f 2643/82/1 2644/82/1892 2638/87/1889
f 2643/82/1 2638/87/1889 2637/87/1114
f 2645/87/1111 2646/87/1893 2640/87/1890
f 2645/87/1111 2640/87/1890 2639/87/1113
f 2530/79/1115 2529/79/1869 2642/79/1891
f 2530/79/1115 2642/79/1891 2641/79/1118
f 2607/79/1109 2606/79/1874 2644/82/1892
f 2607/79/1109 2644/82/1892 2643/82/1
f 2611/87/257 2610/87/1876 2646/87/1893
f 2611/87/257 2646/87/1893 2645/87/1111
f 2647/87/1894 2648/87/1895 2649/87/1896
f 2647/87/1894 2649/87/1896 2650/87/1897
f 2620/87/1880 2651/87/1898 2652/87/1899
f 2620/87/1880 2652/87/1899 2609/87/1875
f 2622/87/1881 2653/87/1900 2654/79/392
f 2622/87/1881 2654/79/392 2615/79/1878
f 2624/79/1882 2655/79/1901 2602/79/1871
f 2624/79/1882 2602/79/1871 2601/79/1870
f 2626/87/1883 2656/87/1902 2651/87/1898
f 2626/87/1883 2651/87/1898 2620/87/1880
f 2628/87/1884 2650/87/1897 2653/87/1900
f 2628/87/1884 2653/87/1900 2622/87/1881
f 2630/79/1885 2657/79/1903 2655/79/1901
f 2630/79/1885 2655/79/1901 2624/79/1882
f 2642/79/1891 2658/79/1904 2659/79/1905
f 2642/79/1891 2659/79/1905 2636/79/1888
f 2632/87/1886 2660/87/1906 2656/87/1902
f 2632/87/1886 2656/87/1902 2626/87/1883
f 2634/87/1887 2647/87/1894 2650/87/1897
f 2634/87/1887 2650/87/1897 2628/87/1884
f 2636/79/1888 2659/79/1905 2657/79/1903
f 2636/79/1888 2657/79/1903 2630/79/1885
f 2529/79/1869 2661/79/1907 2658/79/1904
f 2529/79/1869 2658/79/1904 2642/79/1891
f 2638/87/1889 2662/87/1908 2660/87/1906
f 2638/87/1889 2660/87/1906 2632/87/1886
f 2640/87/1890 2663/87/1909 2647/87/1894
f 2640/87/1890 2647/87/1894 2634/87/1887
f 2528/79/1868 2664/79/1910 2661/79/1907
f 2528/79/1868 2661/79/1907 2529/79/1869
f 2644/82/1892 2665/82/369 2662/87/1908
f 2644/82/1892 2662/87/1908 2638/87/1889
f 2646/87/1893 2666/87/1911 2663/87/1909
f 2646/87/1893 2663/87/1909 2640/87/1890
f 2613/79/1877 2667/79/1912 2664/79/1910
f 2613/79/1877 2664/79/1910 2528/79/1868
f 2606/79/1874 2668/79/1913 2665/82/369
f 2606/79/1874 2665/82/369 2644/82/1892
f 2610/87/1876 2669/87/1914 2666/87/1911
f 2610/87/1876 2666/87/1911 2646/87/1893
f 2616/79/1879 2670/79/1915 2667/79/1912
f 2616/79/1879 2667/79/1912 2613/79/1877
f 2604/79/1873 2603/79/1872 2668/79/1913
f 2604/79/1873 2668/79/1913 2606/79/1874
f 2609/87/1875 2652/87/1899 2669/87/1914
f 2609/87/1875 2669/87/1914 2610/87/1876
f 2615/79/1878 2654/79/392 2670/79/1915
f 2615/79/1878 2670/79/1915 2616/79/1879
f 2671/87/1916 2672/87/1917 2673/87/1918
f 2671/87/1916 2673/87/1918 2674/87/1919
f 2659/79/1905 2675/79/1920 2676/79/1921
f 2659/79/1905 2676/79/1921 2657/79/1903
f 2661/79/1907 2677/79/1922 2678/79/1923
f 2661/79/1907 2678/79/1923 2658/79/1904
f 2662/87/1908 2679/87/1924 2680/87/1925
f 2662/87/1908 2680/87/1925 2660/87/1906
f 2663/87/1909 2681/87/1926 2648/87/1895
f 2663/87/1909 2648/87/1895 2647/87/1894
f 2664/79/1910 2682/79/1927 2677/79/1922
f 2664/79/1910 2677/79/1922 2661/79/1907
f 2665/82/369 2683/82/371 2679/87/1924
f 2665/82/369 2679/87/1924 2662/87/1908
f 2666/87/1911 2684/87/1928 2681/87/1926
f 2666/87/1911 2681/87/1926 2663/87/1909
f 2667/79/1912 2685/79/1929 2682/79/1927
f 2667/79/1912 2682/79/1927 2664/79/1910
f 2668/79/1913 2686/79/1930 2683/82/371
f 2668/79/1913 2683/82/371 2665/82/369
f 2669/87/1914 2674/87/1919 2684/87/1928
f 2669/87/1914 2684/87/1928 2666/87/1911
f 2670/79/1915 2687/79/1931 2685/79/1929
f 2670/79/1915 2685/79/1929 2667/79/1912
f 2603/79/1872 2688/79/1932 2686/79/1930
f 2603/79/1872 2686/79/1930 2668/79/1913
f 2652/87/1899 2671/87/1916 2674/87/1919
f 2652/87/1899 2674/87/1919 2669/87/1914
f 2654/79/392 2689/79/394 2687/79/1931
f 2654/79/392 2687/79/1931 2670/79/1915
f 2602/79/1871 2690/79/1933 2688/79/1932
f 2602/79/1871 2688/79/1932 2603/79/1872
f 2651/87/1898 2691/87/1934 2671/87/1916
f 2651/87/1898 2671/87/1916 2652/87/1899
f 2653/87/1900 2692/87/1935 2689/79/394
f 2653/87/1900 2689/79/394 2654/79/392
f 2655/79/1901 2693/79/1936 2690/79/1933
f 2655/79/1901 2690/79/1933 2602/79/1871
f 2656/87/1902 2694/87/1937 2691/87/1934
f 2656/87/1902 2691/87/1934 2651/87/1898
f 2650/87/1897 2649/87/1896 2692/87/1935
f 2650/87/1897 2692/87/1935 2653/87/1900
f 2657/79/1903 2676/79/1921 2693/79/1936
f 2657/79/1903 2693/79/1936 2655/79/1901
f 2658/79/1904 2678/79/1923 2675/79/1920
f 2658/79/1904 2675/79/1920 2659/79/1905
f 2660/87/1906 2680/87/1925 2694/87/1937
f 2660/87/1906 2694/87/1937 2656/87/1902
f 2695/79/1938 2696/79/1939 2697/79/1940
f 2695/79/1938 2697/79/1940 2698/79/1941
f 2689/79/394 2699/79/396 2700/79/1942
f 2689/79/394 2700/79/1942 2687/79/1931
f 2690/79/1933 2701/79/1943 2702/79/1944
f 2690/79/1933 2702/79/1944 2688/79/1932
f 2691/87/1934 2703/87/1945 2672/87/1917
f 2691/87/1934 2672/87/1917 2671/87/1916
f 2692/87/1935 2704/87/1946 2699/79/396
f 2692/87/1935 2699/79/396 2689/79/394
f 2693/79/1936 2705/79/1947 2701/79/1943
f 2693/79/1936 2701/79/1943 2690/79/1933
f 2694/87/1937 2706/87/1948 2703/87/1945
f 2694/87/1937 2703/87/1945 2691/87/1934
f 2649/87/1896 2707/87/1949 2704/87/1946
f 2649/87/1896 2704/87/1946 2692/87/1935
f 2676/79/1921 2698/79/1941 2705/79/1947
f 2676/79/1921 2705/79/1947 2693/79/1936
f 2678/79/1923 2708/79/1950 2695/79/1938
f 2678/79/1923 2695/79/1938 2675/79/1920
f 2680/87/1925 2709/87/1951 2706/87/1948
f 2680/87/1925 2706/87/1948 2694/87/1937
f 2648/87/1895 2710/87/1952 2707/87/1949
f 2648/87/1895 2707/87/1949 2649/87/1896
f 2675/79/1920 2695/79/1938 2698/79/1941
f 2675/79/1920 2698/79/1941 2676/79/1921
f 2677/79/1922 2711/79/1953 2708/79/1950
f 2677/79/1922 2708/79/1950 2678/79/1923
f 2679/87/1924 2712/87/1954 2709/87/1951
f 2679/87/1924 2709/87/1951 2680/87/1925
f 2681/87/1926 2713/87/1955 2710/87/1952
f 2681/87/1926 2710/87/1952 2648/87/1895
f 2682/79/1927 2714/79/1956 2711/79/1953
f 2682/79/1927 2711/79/1953 2677/79/1922
f 2683/82/371 2715/82/373 2712/87/1954
f 2683/82/371 2712/87/1954 2679/87/1924
f 2684/87/1928 2716/87/1957 2713/87/1955
f 2684/87/1928 2713/87/1955 2681/87/1926
f 2685/79/1929 2717/79/1958 2714/79/1956
f 2685/79/1929 2714/79/1956 2682/79/1927
f 2686/79/1930 2718/79/1959 2715/82/373
f 2686/79/1930 2715/82/373 2683/82/371
f 2674/87/1919 2673/87/1918 2716/87/1957
f 2674/87/1919 2716/87/1957 2684/87/1928
f 2687/79/1931 2700/79/1942 2717/79/1958
f 2687/79/1931 2717/79/1958 2685/79/1929
f 2688/79/1932 2702/79/1944 2718/79/1959
f 2688/79/1932 2718/79/1959 2686/79/1930
f 2719/87/1960 2720/87/1961 2721/87/1962
f 2719/87/1960 2721/87/1962 2722/87/1963
f 2711/79/1953 2723/79/1964 2724/79/1965
f 2711/79/1953 2724/79/1965 2708/79/1950
f 2712/87/1954 2725/87/1966 2726/87/1967
f 2712/87/1954 2726/87/1967 2709/87/1951
f 2713/87/1955 2727/87/1968 2728/87/1969
f 2713/87/1955 2728/87/1969 2710/87/1952
f 2714/79/1956 2729/79/1970 2723/79/1964
f 2714/79/1956 2723/79/1964 2711/79/1953
f 2715/82/373 2730/82/375 2725/87/1966
f 2715/82/373 2725/87/1966 2712/87/1954
f 2716/87/1957 2731/87/1971 2727/87/1968
f 2716/87/1957 2727/87/1968 2713/87/1955
f 2717/79/1958 2732/79/1972 2729/79/1970
f 2717/79/1958 2729/79/1970 2714/79/1956
f 2718/79/1959 2733/79/1973 2730/82/375
f 2718/79/1959 2730/82/375 2715/82/373
f 2673/87/1918 2722/87/1963 2731/87/1971
f 2673/87/1918 2731/87/1971 2716/87/1957
f 2700/79/1942 2734/79/1974 2732/79/1972
f 2700/79/1942 2732/79/1972 2717/79/1958
f 2702/79/1944 2735/79/1975 2733/79/1973
f 2702/79/1944 2733/79/1973 2718/79/1959
f 2672/87/1917 2719/87/1960 2722/87/1963
f 2672/87/1917 2722/87/1963 2673/87/1918
f 2699/79/396 2736/79/398 2734/79/1974
f 2699/79/396 2734/79/1974 2700/79/1942
f 2701/79/1943 2737/79/1976 2735/79/1975
f 2701/79/1943 2735/79/1975 2702/79/1944
f 2703/87/1945 2738/87/1977 2719/87/1960
f 2703/87/1945 2719/87/1960 2672/87/1917
f 2704/87/1946 2739/87/1978 2736/79/398
f 2704/87/1946 2736/79/398 2699/79/396
f 2705/79/1947 2740/79/1979 2737/79/1976
f 2705/79/1947 2737/79/1976 2701/79/1943
f 2706/87/1948 2741/87/1980 2738/87/1977
f 2706/87/1948 2738/87/1977 2703/87/1945
f 2707/87/1949 2742/87/1981 2739/87/1978
f 2707/87/1949 2739/87/1978 2704/87/1946
f 2698/79/1941 2697/79/1940 2740/79/1979
f 2698/79/1941 2740/79/1979 2705/79/1947
f 2708/79/1950 2724/79/1965 2696/79/1939
f 2708/79/1950 2696/79/1939 2695/79/1938
f 2709/87/1951 2726/87/1967 2741/87/1980
f 2709/87/1951 2741/87/1980 2706/87/1948
f 2710/87/1952 2728/87/1969 2742/87/1981
f 2710/87/1952 2742/87/1981 2707/87/1949
f 2743/79/1982 2744/79/1983 2745/79/1984
f 2743/79/1982 2745/79/1984 2746/79/1985
f 2736/79/398 2747/79/402 2748/79/1986
f 2736/79/398 2748/79/1986 2734/79/1974
f 2737/79/1976 2749/79/1987 2750/79/1988
f 2737/79/1976 2750/79/1988 2735/79/1975
f 2738/87/1977 2751/87/1989 2720/87/1961
f 2738/87/1977 2720/87/1961 2719/87/1960
f 2739/87/1978 2752/87/1990 2747/79/402
f 2739/87/1978 2747/79/402 2736/79/398
f 2740/79/1979 2753/79/1991 2749/79/1987
f 2740/79/1979 2749/79/1987 2737/79/1976
f 2741/87/1980 2754/87/1992 2751/87/1989
f 2741/87/1980 2751/87/1989 2738/87/1977
f 2742/87/1981 2755/87/1993 2752/87/1990
f 2742/87/1981 2752/87/1990 2739/87/1978
f 2697/79/1940 2756/79/1994 2753/79/1991
f 2697/79/1940 2753/79/1991 2740/79/1979
f 2724/79/1965 2746/79/1985 2757/79/1995
f 2724/79/1965 2757/79/1995 2696/79/1939
f 2726/87/1967 2758/87/1996 2754/87/1992
f 2726/87/1967 2754/87/1992 2741/87/1980
f 2728/87/1969 2759/87/1997 2755/87/1993
f 2728/87/1969 2755/87/1993 2742/87/1981
f 2696/79/1939 2757/79/1995 2756/79/1994
f 2696/79/1939 2756/79/1994 2697/79/1940
f 2723/79/1964 2743/79/1982 2746/79/1985
f 2723/79/1964 2746/79/1985 2724/79/1965
f 2725/87/1966 2760/87/1998 2758/87/1996
f 2725/87/1966 2758/87/1996 2726/87/1967
f 2727/87/1968 2761/87/1999 2759/87/1997
f 2727/87/1968 2759/87/1997 2728/87/1969
f 2729/79/1970 2762/79/2000 2743/79/1982
f 2729/79/1970 2743/79/1982 2723/79/1964
f 2730/82/375 2763/82/377 2760/87/1998
f 2730/82/375 2760/87/1998 2725/87/1966
f 2731/87/1971 2764/87/2001 2761/87/1999
f 2731/87/1971 2761/87/1999 2727/87/1968
f 2732/79/1972 2765/79/2002 2762/79/2000
f 2732/79/1972 2762/79/2000 2729/79/1970
f 2733/79/1973 2766/79/2003 2763/82/377
f 2733/79/1973 2763/82/377 2730/82/375
f 2722/87/1963 2721/87/1962 2764/87/2001
f 2722/87/1963 2764/87/2001 2731/87/1971
f 2734/79/1974 2748/79/1986 2765/79/2002
f 2734/79/1974 2765/79/2002 2732/79/1972
f 2735/79/1975 2750/79/1988 2766/79/2003
f 2735/79/1975 2766/79/2003 2733/79/1973
f 2767/79/2004 1666/79/355 1665/79/1260
f 2767/79/2004 1665/79/1260 2768/79/2005
f 2760/87/1998 2769/87/2006 2770/87/2007
f 2760/87/1998 2770/87/2007 2758/87/1996
f 2761/87/1999 2771/87/2008 2772/87/2009
f 2761/87/1999 2772/87/2009 2759/87/1997
f 2762/79/2000 2773/79/2010 2744/79/1983
f 2762/79/2000 2744/79/1983 2743/79/1982
f 2763/82/377 2774/82/2011 2769/87/2006
f 2763/82/377 2769/87/2006 2760/87/1998
f 2764/87/2001 2775/87/2012 2771/87/2008
f 2764/87/2001 2771/87/2008 2761/87/1999
f 2765/79/2002 2776/79/2013 2773/79/2010
f 2765/79/2002 2773/79/2010 2762/79/2000
f 2766/79/2003 2777/79/2014 2774/82/2011
f 2766/79/2003 2774/82/2011 2763/82/377
f 2721/87/1962 2778/87/2015 2775/87/2012
f 2721/87/1962 2775/87/2012 2764/87/2001
f 2748/79/1986 2768/79/2005 2776/79/2013
f 2748/79/1986 2776/79/2013 2765/79/2002
f 2750/79/1988 2779/79/2016 2777/79/2014
f 2750/79/1988 2777/79/2014 2766/79/2003
f 2720/87/1961 2780/87/2017 2778/87/2015
f 2720/87/1961 2778/87/2015 2721/87/1962
f 2747/79/402 2767/79/2004 2768/79/2005
f 2747/79/402 2768/79/2005 2748/79/1986
f 2749/79/1987 2781/79/2018 2779/79/2016
f 2749/79/1987 2779/79/2016 2750/79/1988
f 2751/87/1989 2782/87/2019 2780/87/2017
f 2751/87/1989 2780/87/2017 2720/87/1961
f 2752/87/1990 2783/87/2020 2767/79/2004
f 2752/87/1990 2767/79/2004 2747/79/402
f 2753/79/1991 2784/79/2021 2781/79/2018
f 2753/79/1991 2781/79/2018 2749/79/1987
f 2754/87/1992 2785/87/2022 2782/87/2019
f 2754/87/1992 2782/87/2019 2751/87/1989
f 2755/87/1993 2786/87/2023 2783/87/2020
f 2755/87/1993 2783/87/2020 2752/87/1990
f 2756/79/1994 2787/79/2024 2784/79/2021
f 2756/79/1994 2784/79/2021 2753/79/1991
f 2746/79/1985 2745/79/1984 2788/79/2025
f 2746/79/1985 2788/79/2025 2757/79/1995
f 2758/87/1996 2770/87/2007 2785/87/2022
f 2758/87/1996 2785/87/2022 2754/87/1992
f 2759/87/1997 2772/87/2009 2786/87/2023
f 2759/87/1997 2786/87/2023 2755/87/1993
f 2757/79/1995 2788/79/2025 2787/79/2024
f 2757/79/1995 2787/79/2024 2756/79/1994
f 2781/79/2018 1688/79/1282 1687/79/1281
f 2781/79/2018 1687/79/1281 2779/79/2016
f 2782/87/2019 1690/87/1284 1689/87/1283
f 2782/87/2019 1689/87/1283 2780/87/2017
f 2783/87/2020 1691/87/1285 1666/79/355
f 2783/87/2020 1666/79/355 2767/79/2004
f 2784/79/2021 1692/79/1286 1688/79/1282
f 2784/79/2021 1688/79/1282 2781/79/2018
f 2785/87/2022 1693/87/1051 1690/87/1284
f 2785/87/2022 1690/87/1284 2782/87/2019
f 2786/87/2023 1694/87/1287 1691/87/1285
f 2786/87/2023 1691/87/1285 2783/87/2020
f 2787/79/2024 1695/79/1288 1692/79/1286
f 2787/79/2024 1692/79/1286 2784/79/2021
f 2745/79/1984 1697/79/1289 1696/79/1119
f 2745/79/1984 1696/79/1119 2788/79/2025
f 2770/87/2007 1698/87/1290 1693/87/1051
f 2770/87/2007 1693/87/1051 2785/87/2022
f 2772/87/2009 1699/87/1291 1694/87/1287
f 2772/87/2009 1694/87/1287 2786/87/2023
f 2788/79/2025 1696/79/1119 1695/79/1288
f 2788/79/2025 1695/79/1288 2787/79/2024
f 2744/79/1983 1700/79/1292 1697/79/1289
f 2744/79/1983 1697/79/1289 2745/79/1984
f 2769/87/2006 1701/87/1293 1698/87/1290
f 2769/87/2006 1698/87/1290 2770/87/2007
f 2771/87/2008 1702/87/1294 1699/87/1291
f 2771/87/2008 1699/87/1291 2772/87/2009
f 2773/79/2010 1703/79/1041 1700/79/1292
f 2773/79/2010 1700/79/1292 2744/79/1983
f 2774/82/2011 1704/82/379 1701/87/1293
f 2774/82/2011 1701/87/1293 2769/87/2006
f 2775/87/2012 1705/87/1295 1702/87/1294
f 2775/87/2012 1702/87/1294 2771/87/2008
f 2776/79/2013 1706/79/1296 1703/79/1041
f 2776/79/2013 1703/79/1041 2773/79/2010
f 2777/79/2014 1707/79/1297 1704/82/379
f 2777/79/2014 1704/82/379 2774/82/2011
f 2778/87/2015 1708/87/257 1705/87/1295
f 2778/87/2015 1705/87/1295 2775/87/2012
f 2768/79/2005 1665/79/1260 1706/79/1296
f 2768/79/2005 1706/79/1296 2776/79/2013
f 2779/79/2016 1687/79/1281 1707/79/1297
f 2779/79/2016 1707/79/1297 2777/79/2014
f 2780/87/2017 1689/87/1283 1708/87/257
f 2780/87/2017 1708/87/257 2778/87/2015
f 1816/82/1331 1801/80/1316 2789/79/355
f 1816/82/1331 2789/79/355 2790/82/358
f 1813/79/1328 1816/82/1331 2790/82/358
f 1813/79/1328 2790/82/358 2791/79/360
f 1828/79/1343 1813/79/1328 2791/79/360
f 1828/79/1343 2791/79/360 2792/79/362
f 1794/79/1309 1828/79/1343 2792/79/362
f 1794/79/1309 2792/79/362 2793/79/364
f 1791/79/1306 1794/79/1309 2793/79/364
f 1791/79/1306 2793/79/364 2794/79/366
f 1812/79/1327 1791/79/1306 2794/79/366
f 1812/79/1327 2794/79/366 2795/79/1
f 1809/79/1324 1812/79/1327 2795/79/1
f 1809/79/1324 2795/79/1 2796/79/369
f 1826/79/1341 1809/79/1324 2796/79/369
f 1826/79/1341 2796/79/369 2797/79/371
f 1786/79/1301 1826/79/1341 2797/79/371
f 1786/79/1301 2797/79/371 2798/79/373
f 1783/79/1298 1786/79/1301 2798/79/373
f 1783/79/1298 2798/79/373 2799/79/375
f 1808/79/1323 1783/79/1298 2799/79/375
f 1808/79/1323 2799/79/375 2800/79/377
f 1805/79/1320 1808/79/1323 2800/79/377
f 1805/79/1320 2800/79/377 2801/79/379
f 1824/79/1339 1805/79/1320 2801/79/379
f 1824/79/1339 2801/79/379 2802/79/381
f 1821/79/1336 1824/79/1339 2802/79/381
f 1821/79/1336 2802/79/381 2803/79/383
f 1832/79/1347 1821/79/1336 2803/79/383
f 1832/79/1347 2803/79/383 2804/79/385
f 1800/79/1315 1832/79/1347 2804/79/385
f 1800/79/1315 2804/79/385 2805/79/387
f 1799/79/1314 1800/79/1315 2805/79/387
f 1799/79/1314 2805/79/387 2806/79/389
f 1820/79/1335 1799/79/1314 2806/79/389
f 1820/79/1335 2806/79/389 2807/79/2
f 1817/79/1332 1820/79/1335 2807/79/2
f 1817/79/1332 2807/79/2 2808/79/392
f 1830/79/1345 1817/79/1332 2808/79/392
f 1830/79/1345 2808/79/392 2809/79/394
f 1798/79/1313 1830/79/1345 2809/79/394
f 1798/79/1313 2809/79/394 2810/79/396
f 1795/79/1310 1798/79/1313 2810/79/396
f 1795/79/1310 2810/79/396 2811/79/398
f 1804/81/1319 1795/79/1310 2811/79/398
f 1804/81/1319 2811/79/398 2812/81/402
f 1801/80/1316 1804/81/1319 2812/81/402
f 1801/80/1316 2812/81/402 2789/79/355
f 2813/88/2026 2814/89/2027 2815/90/2028
f 2813/88/2026 2815/90/2028 2816/91/2029
f 2817/92/2 2818/93/2 2819/94/2030
f 2817/92/2 2819/94/2030 2820/94/2031
f 2821/92/2 2817/92/2 2820/94/2031
f 2821/92/2 2820/94/2031 2822/95/2032
f 2823/92/2 2821/92/2 2822/95/2032
f 2823/92/2 2822/95/2032 2824/96/2033
f 2825/97/2 2823/92/2 2824/96/2033
f 2825/97/2 2824/96/2033 2826/96/2034
f 2827/97/2 2825/97/2 2826/96/2034
f 2827/97/2 2826/96/2034 2828/98/2035
f 2829/97/2 2827/97/2 2828/98/2035
f 2829/97/2 2828/98/2035 2830/98/2036
f 2831/97/2 2829/97/2 2830/98/2036
f 2831/97/2 2830/98/2036 2832/99/2037
f 2833/97/2 2831/97/2 2832/99/2037
f 2833/97/2 2832/99/2037 2834/100/2038
f 2835/101/2 2833/97/2 2834/100/2038
f 2835/101/2 2834/100/2038 2836/101/2039
f 2837/102/2 2835/101/2 2836/101/2039
f 2837/102/2 2836/101/2039 2838/103/2040
f 2839/102/2 2837/102/2 2838/103/2040
f 2839/102/2 2838/103/2040 2840/104/2041
f 2841/105/2 2839/102/2 2840/104/2041
f 2841/105/2 2840/104/2041 2842/106/2042
f 2843/105/2 2841/105/2 2842/106/2042
f 2843/105/2 2842/106/2042 2844/107/2043
f 2845/108/2 2843/105/2 2844/107/2043
f 2845/108/2 2844/107/2043 2846/109/2044
f 2847/108/2 2845/108/2 2846/109/2044
f 2847/108/2 2846/109/2044 2848/109/2045
f 2849/108/2 2847/108/2 2848/109/2045
f 2849/108/2 2848/109/2045 2850/110/2046
f 2851/108/2 2849/108/2 2850/110/2046
f 2851/108/2 2850/110/2046 2852/111/2047
f 2853/108/2 2851/108/2 2852/111/2047
f 2853/108/2 2852/111/2047 2854/112/2048
f 2855/113/2 2853/108/2 2854/112/2048
f 2855/113/2 2854/112/2048 2856/112/2049
f 2857/113/2 2855/113/2 2856/112/2049
f 2857/113/2 2856/112/2049 2858/112/2050
f 2859/114/2 2857/113/2 2858/112/2050
f 2859/114/2 2858/112/2050 2860/115/2051
f 2861/116/2052 2862/116/2053 2863/116/2053
f 2861/116/2052 2863/116/2053 2864/116/2052
f 2865/114/2 2859/114/2 2860/115/2051
f 2865/114/2 2860/115/2051 2866/117/2054
f 2867/93/2 2865/114/2 2866/117/2054
f 2867/93/2 2866/117/2054 2868/118/2055
f 2869/119/1293 2870/120/1290 2871/120/1290
f 2869/119/1293 2871/120/1290 2872/119/1293
f 2873/121/2029 2874/122/2028 2875/123/2056
f 2873/121/2029 2875/123/2056 2876/124/2057
f 2877/125/1 2878/126/1 2879/127/2058
f 2877/125/1 2879/127/2058 2880/128/2059
f 2881/125/1 2877/125/1 2880/128/2059
f 2881/125/1 2880/128/2059 2882/129/2060
f 2883/125/1 2881/125/1 2882/129/2060
f 2883/125/1 2882/129/2060 2884/129/2061
f 2878/126/1 2885/130/1 2886/130/2062
f 2878/126/1 2886/130/2062 2879/127/2058
f 2887/131/2063 2888/132/2064 2889/133/2065
f 2887/131/2063 2889/133/2065 2890/134/2066
f 2885/130/1 2891/130/1 2892/135/2067
f 2885/130/1 2892/135/2067 2886/130/2062
f 2890/134/2066 2889/133/2065 2893/136/2068
f 2890/134/2066 2893/136/2068 2894/137/2069
f 2891/130/1 2895/116/1 2896/138/2070
f 2891/130/1 2896/138/2070 2892/135/2067
f 2894/137/2069 2893/136/2068 2897/136/2071
f 2894/137/2069 2897/136/2071 2898/137/2072
f 2895/116/1 2899/116/1 2900/139/2073
f 2895/116/1 2900/139/2073 2896/138/2070
f 2898/137/2072 2897/136/2071 2901/140/2074
f 2898/137/2072 2901/140/2074 2902/141/2075
f 2899/116/1 2903/116/1 2904/139/2076
f 2899/116/1 2904/139/2076 2900/139/2073
f 2902/141/2075 2901/140/2074 2905/142/2077
f 2902/141/2075 2905/142/2077 2906/143/2078
f 2903/116/1 2907/116/1 2908/144/2079
f 2903/116/1 2908/144/2079 2904/139/2076
f 2906/143/2078 2905/142/2077 2909/142/2080
f 2906/143/2078 2909/142/2080 2910/143/2081
f 2907/116/1 2911/116/1 2912/145/2082
f 2907/116/1 2912/145/2082 2908/144/2079
f 2910/143/2081 2909/142/2080 2913/146/2083
f 2910/143/2081 2913/146/2083 2914/147/2084
f 2911/116/1 2915/148/1 2916/145/2085
f 2911/116/1 2916/145/2085 2912/145/2082
f 2914/147/2084 2913/146/2083 2917/149/2086
f 2914/147/2084 2917/149/2086 2918/150/2087
f 2915/148/1 2919/151/1 2920/152/2088
f 2915/148/1 2920/152/2088 2916/145/2085
f 2918/150/2087 2917/149/2086 2921/153/2089
f 2918/150/2087 2921/153/2089 2922/154/2090
f 2919/151/1 2923/151/1 2924/155/2091
f 2919/151/1 2924/155/2091 2920/152/2088
f 2922/154/2090 2921/153/2089 2925/153/2092
f 2922/154/2090 2925/153/2092 2926/154/2093
f 2923/151/1 2927/151/1 2928/155/2094
f 2923/151/1 2928/155/2094 2924/155/2091
f 2926/154/2093 2925/153/2092 2929/156/2095
f 2926/154/2093 2929/156/2095 2930/157/2096
f 2927/151/1 2931/158/1 2932/159/2097
f 2927/151/1 2932/159/2097 2928/155/2094
f 2930/157/2096 2929/156/2095 2933/160/2098
f 2930/157/2096 2933/160/2098 2934/161/2099
f 2931/158/1 2935/162/1 2936/159/2100
f 2931/158/1 2936/159/2100 2932/159/2097
f 2934/161/2099 2933/160/2098 2937/160/2101
f 2934/161/2099 2937/160/2101 2938/161/2102
f 2935/162/1 2939/162/1 2940/159/2103
f 2935/162/1 2940/159/2103 2936/159/2100
f 2938/161/2102 2937/160/2101 2941/163/2104
f 2938/161/2102 2941/163/2104 2942/164/2105
f 2939/162/1 2943/165/1 2944/166/2106
f 2939/162/1 2944/166/2106 2940/159/2103
f 2942/164/2105 2941/163/2104 2945/167/2107
f 2942/164/2105 2945/167/2107 2946/168/2108
f 2943/165/1 2947/165/1 2948/166/2109
f 2943/165/1 2948/166/2109 2944/166/2106
f 2946/168/2108 2945/167/2107 2949/167/2110
f 2946/168/2108 2949/167/2110 2950/168/2111
f 2947/165/1 2951/165/1 2952/169/2112
f 2947/165/1 2952/169/2112 2948/166/2109
f 2950/168/2111 2949/167/2110 2953/170/2113
f 2950/168/2111 2953/170/2113 2954/171/2114
f 2951/165/1 2955/172/1 2956/173/2115
f 2951/165/1 2956/173/2115 2952/169/2112
f 2954/171/2114 2953/170/2113 2957/174/2116
f 2954/171/2114 2957/174/2116 2958/175/2117
f 2955/172/1 2959/172/1 2960/173/2118
f 2955/172/1 2960/173/2118 2956/173/2115
f 2958/175/2117 2957/174/2116 2961/89/2119
f 2958/175/2117 2961/89/2119 2962/88/2120
f 2959/172/1 2963/172/1 2964/176/2121
f 2959/172/1 2964/176/2121 2960/173/2118
f 2962/88/2120 2961/89/2119 2814/89/2027
f 2962/88/2120 2814/89/2027 2813/88/2026
f 2963/172/1 2883/125/1 2884/129/2061
f 2963/172/1 2884/129/2061 2964/176/2121
f 2876/124/2057 2875/123/2056 2965/132/2122
f 2876/124/2057 2965/132/2122 2966/131/2123
f 2966/131/2123 2965/132/2122 2888/132/2064
f 2966/131/2123 2888/132/2064 2887/131/2063
f 2967/172/2124 2968/172/2125 2969/172/2125
f 2967/172/2124 2969/172/2125 2970/172/2124
f 2971/148/2126 2972/116/2127 2973/116/2127
f 2971/148/2126 2973/116/2127 2974/148/2126
f 2975/158/2128 2976/151/2129 2977/151/2129
f 2975/158/2128 2977/151/2129 2978/158/2128
f 2979/130/2130 2980/126/2131 2981/126/2131
f 2979/130/2130 2981/126/2131 2982/130/2130
f 2983/165/2132 2984/165/2133 2985/165/2133
f 2983/165/2132 2985/165/2133 2986/165/2132
f 2987/116/2134 2861/116/2052 2864/116/2052
f 2987/116/2134 2864/116/2052 2988/116/2134
f 2989/172/2135 2967/172/2124 2970/172/2124
f 2989/172/2135 2970/172/2124 2990/172/2135
f 2991/151/2136 2971/148/2126 2974/148/2126
f 2991/151/2136 2974/148/2126 2992/151/2136
f 2993/162/2137 2975/158/2128 2978/158/2128
f 2993/162/2137 2978/158/2128 2994/162/2137
f 2995/130/2138 2979/130/2130 2982/130/2130
f 2995/130/2138 2982/130/2130 2996/130/2138
f 2997/165/2139 2983/165/2132 2986/165/2132
f 2997/165/2139 2986/165/2132 2998/165/2139
f 2999/116/2140 2987/116/2134 2988/116/2134
f 2999/116/2140 2988/116/2134 3000/116/2140
f 3001/125/2141 2989/172/2135 2990/172/2135
f 3001/125/2141 2990/172/2135 3002/125/2141
f 3003/151/2142 2991/151/2136 2992/151/2136
f 3003/151/2142 2992/151/2136 3004/151/2142
f 3005/125/2143 3006/125/2144 3007/125/2144
f 3005/125/2143 3007/125/2144 3008/125/2143
f 3009/162/2145 2993/162/2137 2994/162/2137
f 3009/162/2145 2994/162/2137 3010/162/2145
f 2862/116/2053 2995/130/2138 2996/130/2138
f 2862/116/2053 2996/130/2138 2863/116/2053
f 2968/172/2125 2997/165/2139 2998/165/2139
f 2968/172/2125 2998/165/2139 2969/172/2125
f 2972/116/2127 2999/116/2140 3000/116/2140
f 2972/116/2127 3000/116/2140 2973/116/2127
f 3006/125/2144 3001/125/2141 3002/125/2141
f 3006/125/2144 3002/125/2141 3007/125/2144
f 2976/151/2129 3003/151/2142 3004/151/2142
f 2976/151/2129 3004/151/2142 2977/151/2129
f 2980/126/2131 3005/125/2143 3008/125/2143
f 2980/126/2131 3008/125/2143 2981/126/2131
f 2984/165/2133 3009/162/2145 3010/162/2145
f 2984/165/2133 3010/162/2145 2985/165/2133
f 3011/177/1296 3012/178/1041 3013/178/1041
f 3011/177/1296 3013/178/1041 3014/177/1296
f 3015/179/1283 3016/180/257 3017/180/257
f 3015/179/1283 3017/180/257 3018/179/1283
f 3019/181/1119 3020/182/1288 3021/182/1288
f 3019/181/1119 3021/182/1288 3022/181/1119
f 3023/183/1291 3024/184/1287 3025/184/1287
f 3023/183/1291 3025/184/1287 3026/183/1291
f 3027/185/1281 3028/186/1297 3029/186/1297
f 3027/185/1281 3029/186/1297 3030/185/1281
f 2870/120/1290 3031/187/1051 3032/187/1051
f 2870/120/1290 3032/187/1051 2871/120/1290
f 3012/178/1041 3033/188/1292 3034/188/1292
f 3012/178/1041 3034/188/1292 3013/178/1041
f 3016/180/257 3035/189/1295 3036/189/1295
f 3016/180/257 3036/189/1295 3017/180/257
f 3020/182/1288 3037/190/1286 3038/190/1286
f 3020/182/1288 3038/190/1286 3021/182/1288
f 3024/184/1287 3039/191/1285 3040/191/1285
f 3024/184/1287 3040/191/1285 3025/184/1287
f 3028/186/1297 3041/192/379 3042/192/379
f 3028/186/1297 3042/192/379 3029/186/1297
f 3043/193/355 3044/194/1260 3045/194/1260
f 3043/193/355 3045/194/1260 3046/193/355
f 3031/187/1051 3047/195/1284 3048/195/1284
f 3031/187/1051 3048/195/1284 3032/187/1051
f 3033/188/1292 3049/196/1289 3050/196/1289
f 3033/188/1292 3050/196/1289 3034/188/1292
f 3035/189/1295 3051/197/1294 3052/197/1294
f 3035/189/1295 3052/197/1294 3036/189/1295
f 3037/190/1286 3053/198/1282 3054/198/1282
f 3037/190/1286 3054/198/1282 3038/190/1286
f 3039/191/1285 3043/193/355 3046/193/355
f 3039/191/1285 3046/193/355 3040/191/1285
f 3041/192/379 2869/119/1293 2872/119/1293
f 3041/192/379 2872/119/1293 3042/192/379
f 3044/194/1260 3011/177/1296 3014/177/1296
f 3044/194/1260 3014/177/1296 3045/194/1260
f 3047/195/1284 3015/179/1283 3018/179/1283
f 3047/195/1284 3018/179/1283 3048/195/1284
f 3049/196/1289 3019/181/1119 3022/181/1119
f 3049/196/1289 3022/181/1119 3050/196/1289
f 3051/197/1294 3023/183/1291 3026/183/1291
f 3051/197/1294 3026/183/1291 3052/197/1294
f 3053/198/1282 3027/185/1281 3030/185/1281
f 3053/198/1282 3030/185/1281 3054/198/1282
f 2873/121/2029 2876/124/2057 3055/199/2146
f 2873/121/2029 3055/199/2146 3056/200/2147
f 3056/200/2147 3055/199/2146 3057/94/2148
f 3056/200/2147 3057/94/2148 3058/118/2149
f 3058/118/2149 3057/94/2148 2819/94/2030
f 3058/118/2149 2819/94/2030 2868/118/2055
f 2875/123/2056 2874/122/2028 3059/201/2150
f 2875/123/2056 3059/201/2150 3060/202/2151
f 3060/202/2151 3061/203/2152 3062/129/2153
f 3060/202/2151 3062/129/2153 3063/127/2154
f 3063/127/2154 3062/129/2153 2882/129/2060
f 3063/127/2154 2882/129/2060 2880/128/2059
f 2876/124/2057 2966/131/2123 3064/204/2155
f 2876/124/2057 3064/204/2155 3055/199/2146
f 3055/199/2146 3064/204/2155 3065/204/2156
f 3055/199/2146 3065/204/2156 3057/94/2148
f 3057/94/2148 3065/204/2156 2820/94/2031
f 3057/94/2148 2820/94/2031 2819/94/2030
f 2965/132/2122 2875/123/2056 3060/202/2151
f 2965/132/2122 3060/202/2151 3066/205/2157
f 3066/205/2157 3060/202/2151 3063/127/2154
f 3066/205/2157 3063/127/2154 3067/127/2158
f 3067/127/2158 3063/127/2154 2880/128/2059
f 3067/127/2158 2880/128/2059 2879/127/2058
f 2966/131/2123 2887/131/2063 3068/204/2159
f 2966/131/2123 3068/204/2159 3064/204/2155
f 3064/204/2155 3068/204/2159 3069/95/2160
f 3064/204/2155 3069/95/2160 3065/204/2156
f 3065/204/2156 3069/95/2160 2822/95/2032
f 3065/204/2156 2822/95/2032 2820/94/2031
f 2888/132/2064 2965/132/2122 3066/205/2157
f 2888/132/2064 3066/205/2157 3070/205/2161
f 3070/205/2161 3066/205/2157 3067/127/2158
f 3070/205/2161 3067/127/2158 3071/135/2162
f 3071/135/2162 3067/127/2158 2879/127/2058
f 3071/135/2162 2879/127/2058 2886/130/2062
f 2887/131/2063 2890/134/2066 3072/94/2163
f 2887/131/2063 3072/94/2163 3068/204/2159
f 3068/204/2159 3072/94/2163 3073/96/2164
f 3068/204/2159 3073/96/2164 3069/95/2160
f 3069/95/2160 3073/96/2164 2824/96/2033
f 3069/95/2160 2824/96/2033 2822/95/2032
f 2889/133/2065 2888/132/2064 3070/205/2161
f 2889/133/2065 3070/205/2161 3074/206/2165
f 3074/206/2165 3070/205/2161 3071/135/2162
f 3074/206/2165 3071/135/2162 3075/138/2166
f 3075/138/2166 3071/135/2162 2886/130/2062
f 3075/138/2166 2886/130/2062 2892/135/2067
f 2890/134/2066 2894/137/2069 3076/118/2167
f 2890/134/2066 3076/118/2167 3072/94/2163
f 3072/94/2163 3076/118/2167 3077/96/2168
f 3072/94/2163 3077/96/2168 3073/96/2164
f 3073/96/2164 3077/96/2168 2826/96/2034
f 3073/96/2164 2826/96/2034 2824/96/2033
f 2893/136/2068 2889/133/2065 3074/206/2165
f 2893/136/2068 3074/206/2165 3078/207/2169
f 3078/207/2169 3074/206/2165 3075/138/2166
f 3078/207/2169 3075/138/2166 3079/138/2170
f 3079/138/2170 3075/138/2166 2892/135/2067
f 3079/138/2170 2892/135/2067 2896/138/2070
f 2894/137/2069 2898/137/2072 3080/118/2171
f 2894/137/2069 3080/118/2171 3076/118/2167
f 3076/118/2167 3080/118/2171 3081/98/2172
f 3076/118/2167 3081/98/2172 3077/96/2168
f 3077/96/2168 3082/98/2173 2828/98/2035
f 3077/96/2168 2828/98/2035 2826/96/2034
f 2897/136/2071 2893/136/2068 3078/207/2169
f 2897/136/2071 3078/207/2169 3083/207/2174
f 3083/207/2174 3078/207/2169 3079/138/2170
f 3083/207/2174 3079/138/2170 3084/139/2175
f 3084/139/2175 3079/138/2170 2896/138/2070
f 3084/139/2175 2896/138/2070 2900/139/2073
f 2898/137/2072 2902/141/2075 3085/117/2176
f 2898/137/2072 3085/117/2176 3080/118/2171
f 3080/118/2171 3085/117/2176 3086/98/2177
f 3080/118/2171 3086/98/2177 3081/98/2172
f 3082/98/2173 3086/98/2177 2830/98/2036
f 3082/98/2173 2830/98/2036 2828/98/2035
f 2901/140/2074 2897/136/2071 3083/207/2174
f 2901/140/2074 3083/207/2174 3087/208/2178
f 3087/208/2178 3083/207/2174 3084/139/2175
f 3087/208/2178 3084/139/2175 3088/139/2179
f 3088/139/2179 3084/139/2175 2900/139/2073
f 3088/139/2179 2900/139/2073 2904/139/2076
f 2902/141/2075 2906/143/2078 3089/115/2180
f 2902/141/2075 3089/115/2180 3085/117/2176
f 3085/117/2176 3089/115/2180 3090/99/2181
f 3085/117/2176 3090/99/2181 3086/98/2177
f 3086/98/2177 3090/99/2181 2832/99/2037
f 3086/98/2177 2832/99/2037 2830/98/2036
f 2905/142/2077 2901/140/2074 3087/208/2178
f 2905/142/2077 3087/208/2178 3091/209/2182
f 3092/210/2182 3087/208/2178 3088/139/2179
f 3092/210/2182 3088/139/2179 3093/210/2183
f 3093/210/2183 3088/139/2179 2904/139/2076
f 3093/210/2183 2904/139/2076 2908/144/2079
f 2906/143/2078 2910/143/2081 3094/115/2184
f 2906/143/2078 3094/115/2184 3089/115/2180
f 3089/115/2180 3094/115/2184 3095/100/2185
f 3089/115/2180 3095/100/2185 3090/99/2181
f 3090/99/2181 3095/100/2185 2834/100/2038
f 3090/99/2181 2834/100/2038 2832/99/2037
f 2909/142/2080 2905/142/2077 3091/209/2182
f 2909/142/2080 3091/209/2182 3096/209/2186
f 3097/144/2187 3092/210/2182 3093/210/2183
f 3097/144/2187 3093/210/2183 3098/144/2188
f 3098/144/2188 3093/210/2183 2908/144/2079
f 3098/144/2188 2908/144/2079 2912/145/2082
f 2910/143/2081 2914/147/2084 3099/211/2189
f 2910/143/2081 3099/211/2189 3094/115/2184
f 3094/115/2184 3099/211/2189 3100/212/2190
f 3094/115/2184 3100/212/2190 3095/100/2185
f 3095/100/2185 3100/212/2190 2836/101/2039
f 3095/100/2185 2836/101/2039 2834/100/2038
f 2913/146/2083 2909/142/2080 3096/209/2186
f 2913/146/2083 3096/209/2186 3101/213/2191
f 3102/214/2192 3097/144/2187 3098/144/2188
f 3102/214/2192 3098/144/2188 3103/145/2193
f 3103/145/2193 3098/144/2188 2912/145/2082
f 3103/145/2193 2912/145/2082 2916/145/2085
f 2914/147/2084 2918/150/2087 3104/215/2194
f 2914/147/2084 3104/215/2194 3099/211/2189
f 3099/211/2189 3104/215/2194 3105/103/2195
f 3099/211/2189 3105/103/2195 3100/212/2190
f 3100/212/2190 3105/103/2195 2838/103/2040
f 3100/212/2190 2838/103/2040 2836/101/2039
f 2917/149/2086 2913/146/2083 3101/213/2191
f 2917/149/2086 3101/213/2191 3106/216/2196
f 3107/214/2197 3102/214/2192 3103/145/2193
f 3107/214/2197 3103/145/2193 3108/214/2198
f 3108/214/2198 3103/145/2193 2916/145/2085
f 3108/214/2198 2916/145/2085 2920/152/2088
f 2918/150/2087 2922/154/2090 3109/217/2199
f 2918/150/2087 3109/217/2199 3104/215/2194
f 3104/215/2194 3109/217/2199 3110/104/2200
f 3104/215/2194 3110/104/2200 3105/103/2195
f 3105/103/2195 3110/104/2200 2840/104/2041
f 3105/103/2195 2840/104/2041 2838/103/2040
f 2921/153/2089 2917/149/2086 3106/216/2196
f 2921/153/2089 3106/216/2196 3111/218/2201
f 3112/152/2201 3107/214/2197 3108/214/2198
f 3112/152/2201 3108/214/2198 3113/155/2202
f 3113/155/2202 3108/214/2198 2920/152/2088
f 3113/155/2202 2920/152/2088 2924/155/2091
f 2922/154/2090 2926/154/2093 3114/217/2203
f 2922/154/2090 3114/217/2203 3109/217/2199
f 3109/217/2199 3114/217/2203 3115/106/2204
f 3109/217/2199 3115/106/2204 3110/104/2200
f 3110/104/2200 3115/106/2204 2842/106/2042
f 3110/104/2200 2842/106/2042 2840/104/2041
f 2925/153/2092 2921/153/2089 3111/218/2201
f 2925/153/2092 3111/218/2201 3116/218/2205
f 3117/155/2206 3112/152/2201 3113/155/2202
f 3117/155/2206 3113/155/2202 3118/155/2207
f 3118/155/2207 3113/155/2202 2924/155/2091
f 3118/155/2207 2924/155/2091 2928/155/2094
f 2926/154/2093 2930/157/2096 3119/219/2208
f 2926/154/2093 3119/219/2208 3114/217/2203
f 3114/217/2203 3119/219/2208 3120/220/2209
f 3114/217/2203 3120/220/2209 3115/106/2204
f 3115/106/2204 3120/220/2209 2844/107/2043
f 3115/106/2204 2844/107/2043 2842/106/2042
f 2929/156/2095 2925/153/2092 3116/218/2205
f 2929/156/2095 3116/218/2205 3121/221/2210
f 3122/222/2210 3117/155/2206 3118/155/2207
f 3122/222/2210 3118/155/2207 3123/159/2211
f 3123/159/2211 3118/155/2207 2928/155/2094
f 3123/159/2211 2928/155/2094 2932/159/2097
f 2930/157/2096 2934/161/2099 3124/127/2212
f 2930/157/2096 3124/127/2212 3119/219/2208
f 3119/219/2208 3124/127/2212 3125/109/2213
f 3119/219/2208 3125/109/2213 3120/220/2209
f 3120/220/2209 3125/109/2213 2846/109/2044
f 3120/220/2209 2846/109/2044 2844/107/2043
f 2933/160/2098 2929/156/2095 3121/221/2210
f 2933/160/2098 3121/221/2210 3126/223/2214
f 3127/159/2215 3122/222/2210 3123/159/2211
f 3127/159/2215 3123/159/2211 3128/224/2216
f 3128/224/2216 3123/159/2211 2932/159/2097
f 3128/224/2216 2932/159/2097 2936/159/2100
f 2934/161/2099 2938/161/2102 3129/127/2217
f 2934/161/2099 3129/127/2217 3124/127/2212
f 3124/127/2212 3130/127/2218 3131/109/2219
f 3124/127/2212 3131/109/2219 3125/109/2213
f 3125/109/2213 3131/109/2219 2848/109/2045
f 3125/109/2213 2848/109/2045 2846/109/2044
f 2937/160/2101 2933/160/2098 3126/223/2214
f 2937/160/2101 3126/223/2214 3132/223/2220
f 3133/224/2221 3127/159/2215 3128/224/2216
f 3133/224/2221 3128/224/2216 3134/224/2222
f 3134/224/2222 3128/224/2216 2936/159/2100
f 3134/224/2222 2936/159/2100 2940/159/2103
f 2938/161/2102 2942/164/2105 3135/128/2223
f 2938/161/2102 3135/128/2223 3129/127/2217
f 3130/127/2218 3135/128/2223 3136/111/2224
f 3130/127/2218 3136/111/2224 3131/109/2219
f 3131/109/2219 3136/111/2224 2850/110/2046
f 3131/109/2219 2850/110/2046 2848/109/2045
f 2941/163/2104 2937/160/2101 3132/223/2220
f 2941/163/2104 3132/223/2220 3137/225/2225
f 3137/225/2225 3133/224/2221 3134/224/2222
f 3137/225/2225 3134/224/2222 3138/226/2226
f 3138/226/2226 3134/224/2222 2940/159/2103
f 3138/226/2226 2940/159/2103 2944/166/2106
f 2942/164/2105 2946/168/2108 3139/129/2227
f 2942/164/2105 3139/129/2227 3135/128/2223
f 3135/128/2223 3139/129/2227 3140/111/2228
f 3135/128/2223 3140/111/2228 3136/111/2224
f 3136/111/2224 3141/111/2229 2852/111/2047
f 3136/111/2224 2852/111/2047 2850/110/2046
f 2945/167/2107 2941/163/2104 3137/225/2225
f 2945/167/2107 3137/225/2225 3142/227/2230
f 3142/227/2230 3137/225/2225 3138/226/2226
f 3142/227/2230 3138/226/2226 3143/226/2231
f 3143/226/2231 3138/226/2226 2944/166/2106
f 3143/226/2231 2944/166/2106 2948/166/2109
f 2946/168/2108 2950/168/2111 3144/129/2232
f 2946/168/2108 3144/129/2232 3139/129/2227
f 3139/129/2227 3144/129/2232 3145/228/2233
f 3139/129/2227 3145/228/2233 3140/111/2228
f 3141/111/2229 3145/228/2233 2854/112/2048
f 3141/111/2229 2854/112/2048 2852/111/2047
f 2949/167/2110 2945/167/2107 3142/227/2230
f 2949/167/2110 3142/227/2230 3146/227/2234
f 3146/227/2234 3142/227/2230 3143/226/2231
f 3146/227/2234 3143/226/2231 3147/229/2235
f 3147/229/2235 3143/226/2231 2948/166/2109
f 3147/229/2235 2948/166/2109 2952/169/2112
f 2950/168/2111 2954/171/2114 3148/230/2236
f 2950/168/2111 3148/230/2236 3144/129/2232
f 3144/129/2232 3149/230/2237 3150/112/2238
f 3144/129/2232 3150/112/2238 3145/228/2233
f 3145/228/2233 3150/112/2238 2856/112/2049
f 3145/228/2233 2856/112/2049 2854/112/2048
f 2953/170/2113 2949/167/2110 3146/227/2234
f 2953/170/2113 3146/227/2234 3151/231/2239
f 3151/231/2239 3146/227/2234 3147/229/2235
f 3151/231/2239 3147/229/2235 3152/169/2240
f 3152/169/2240 3147/229/2235 2952/169/2112
f 3152/169/2240 2952/169/2112 2956/173/2115
f 2954/171/2114 2958/175/2117 3153/176/2241
f 2954/171/2114 3153/176/2241 3148/230/2236
f 3149/230/2237 3154/176/2242 3155/112/2243
f 3149/230/2237 3155/112/2243 3150/112/2238
f 3150/112/2238 3155/112/2243 2858/112/2050
f 3150/112/2238 2858/112/2050 2856/112/2049
f 2957/174/2116 2953/170/2113 3151/231/2239
f 2957/174/2116 3151/231/2239 3156/232/2244
f 3156/232/2244 3151/231/2239 3152/169/2240
f 3156/232/2244 3152/169/2240 3157/169/2245
f 3157/169/2245 3152/169/2240 2956/173/2115
f 3157/169/2245 2956/173/2115 2960/173/2118
f 2958/175/2117 2962/88/2120 3158/176/2246
f 2958/175/2117 3158/176/2246 3153/176/2241
f 3154/176/2242 3158/176/2246 3159/115/2247
f 3154/176/2242 3159/115/2247 3155/112/2243
f 3155/112/2243 3159/115/2247 2860/115/2051
f 3155/112/2243 2860/115/2051 2858/112/2050
f 2961/89/2119 2957/174/2116 3156/232/2244
f 2961/89/2119 3156/232/2244 3160/232/2248
f 3160/232/2248 3156/232/2244 3157/169/2245
f 3160/232/2248 3157/169/2245 3161/176/2249
f 3161/176/2249 3157/169/2245 2960/173/2118
f 3161/176/2249 2960/173/2118 2964/176/2121
f 2962/88/2120 2813/88/2026 3162/233/2250
f 2962/88/2120 3162/233/2250 3158/176/2246
f 3158/176/2246 3162/233/2250 3163/117/2251
f 3158/176/2246 3163/117/2251 3159/115/2247
f 3159/115/2247 3163/117/2251 2866/117/2054
f 3159/115/2247 2866/117/2054 2860/115/2051
f 2814/89/2027 2961/89/2119 3160/232/2248
f 2814/89/2027 3160/232/2248 3164/234/2252
f 3164/234/2252 3160/232/2248 3161/176/2249
f 3164/234/2252 3161/176/2249 3165/129/2253
f 3165/129/2253 3161/176/2249 2964/176/2121
f 3165/129/2253 2964/176/2121 2884/129/2061
f 2813/88/2026 2816/91/2029 3166/235/2147
f 2813/88/2026 3166/235/2147 3162/233/2250
f 3162/233/2250 3056/200/2147 3058/118/2149
f 3162/233/2250 3058/118/2149 3163/117/2251
f 3163/117/2251 3058/118/2149 2868/118/2055
f 3163/117/2251 2868/118/2055 2866/117/2054
f 2815/90/2028 2814/89/2027 3164/234/2252
f 2815/90/2028 3164/234/2252 3061/203/2150
f 3059/201/2152 3164/234/2252 3165/129/2253
f 3059/201/2152 3165/129/2253 3062/129/2153
f 3062/129/2153 3165/129/2253 2884/129/2061
f 3062/129/2153 2884/129/2061 2882/129/2060
f 2818/93/2 2867/93/2 2868/118/2055
f 2818/93/2 2868/118/2055 2819/94/2030
f 3167/88/2027 3168/91/2028 3169/90/2029
f 3167/88/2027 3169/90/2029 3170/89/2026
f 3171/92/1 3172/94/2058 3173/94/2059
f 3171/92/1 3173/94/2059 3174/93/1
f 3175/92/1 3176/95/2062 3172/94/2058
f 3175/92/1 3172/94/2058 3171/92/1
f 3177/92/1 3178/96/2067 3176/95/2062
f 3177/92/1 3176/95/2062 3175/92/1
f 3179/97/1 3180/96/2070 3178/96/2067
f 3179/97/1 3178/96/2067 3177/92/1
f 3181/97/1 3182/98/2073 3180/96/2070
f 3181/97/1 3180/96/2070 3179/97/1
f 3183/97/1 3184/98/2076 3182/98/2073
f 3183/97/1 3182/98/2073 3181/97/1
f 3185/97/1 3186/99/2079 3184/98/2076
f 3185/97/1 3184/98/2076 3183/97/1
f 3187/97/1 3188/100/2082 3186/99/2079
f 3187/97/1 3186/99/2079 3185/97/1
f 3189/101/1 3190/101/2085 3188/100/2082
f 3189/101/1 3188/100/2082 3187/97/1
f 3191/102/1 3192/103/2088 3190/101/2085
f 3191/102/1 3190/101/2085 3189/101/1
f 3193/102/1 3194/104/2091 3192/103/2088
f 3193/102/1 3192/103/2088 3191/102/1
f 3195/105/1 3196/106/2094 3194/104/2091
f 3195/105/1 3194/104/2091 3193/102/1
f 3197/105/1 3198/107/2097 3196/106/2094
f 3197/105/1 3196/106/2094 3195/105/1
f 3199/108/1 3200/109/2100 3198/107/2097
f 3199/108/1 3198/107/2097 3197/105/1
f 3201/108/1 3202/109/2103 3200/109/2100
f 3201/108/1 3200/109/2100 3199/108/1
f 3203/108/1 3204/110/2106 3202/109/2103
f 3203/108/1 3202/109/2103 3201/108/1
f 3205/108/1 3206/111/2109 3204/110/2106
f 3205/108/1 3204/110/2106 3203/108/1
f 3207/108/1 3208/112/2112 3206/111/2109
f 3207/108/1 3206/111/2109 3205/108/1
f 3209/113/1 3210/112/2115 3208/112/2112
f 3209/113/1 3208/112/2112 3207/108/1
f 3211/113/1 3212/112/2118 3210/112/2115
f 3211/113/1 3210/112/2115 3209/113/1
f 3213/114/1 3214/115/2121 3212/112/2118
f 3213/114/1 3212/112/2118 3211/113/1
f 3215/116/2254 3216/116/2254 3217/116/2255
f 3215/116/2254 3217/116/2255 3218/116/2255
f 3219/114/1 3220/117/2061 3214/115/2121
f 3219/114/1 3214/115/2121 3213/114/1
f 3221/93/1 3222/118/2060 3220/117/2061
f 3221/93/1 3220/117/2061 3219/114/1
f 3223/119/1293 3224/119/1293 3225/120/1290
f 3223/119/1293 3225/120/1290 3226/120/1290
f 3227/121/2028 3228/124/2056 3229/123/2057
f 3227/121/2028 3229/123/2057 3230/122/2029
f 3231/125/2 3232/128/2030 3233/127/2031
f 3231/125/2 3233/127/2031 3234/126/2
f 3235/125/2 3236/129/2055 3232/128/2030
f 3235/125/2 3232/128/2030 3231/125/2
f 3237/125/2 3238/129/2054 3236/129/2055
f 3237/125/2 3236/129/2055 3235/125/2
f 3234/126/2 3233/127/2031 3239/130/2032
f 3234/126/2 3239/130/2032 3240/130/2
f 3241/131/2064 3242/134/2065 3243/133/2066
f 3241/131/2064 3243/133/2066 3244/132/2063
f 3240/130/2 3239/130/2032 3245/135/2033
f 3240/130/2 3245/135/2033 3246/130/2
f 3242/134/2065 3247/137/2068 3248/136/2069
f 3242/134/2065 3248/136/2069 3243/133/2066
f 3246/130/2 3245/135/2033 3249/138/2034
f 3246/130/2 3249/138/2034 3250/116/2
f 3247/137/2068 3251/137/2071 3252/136/2072
f 3247/137/2068 3252/136/2072 3248/136/2069
f 3250/116/2 3249/138/2034 3253/139/2035
f 3250/116/2 3253/139/2035 3254/116/2
f 3251/137/2071 3255/141/2074 3256/140/2075
f 3251/137/2071 3256/140/2075 3252/136/2072
f 3254/116/2 3253/139/2035 3257/139/2036
f 3254/116/2 3257/139/2036 3258/116/2
f 3255/141/2074 3259/143/2077 3260/142/2078
f 3255/141/2074 3260/142/2078 3256/140/2075
f 3258/116/2 3257/139/2036 3261/144/2037
f 3258/116/2 3261/144/2037 3262/116/2
f 3259/143/2077 3263/143/2080 3264/142/2081
f 3259/143/2077 3264/142/2081 3260/142/2078
f 3262/116/2 3261/144/2037 3265/145/2038
f 3262/116/2 3265/145/2038 3266/116/2
f 3263/143/2080 3267/147/2083 3268/146/2084
f 3263/143/2080 3268/146/2084 3264/142/2081
f 3266/116/2 3265/145/2038 3269/145/2039
f 3266/116/2 3269/145/2039 3270/148/2
f 3267/147/2083 3271/150/2086 3272/149/2087
f 3267/147/2083 3272/149/2087 3268/146/2084
f 3270/148/2 3269/145/2039 3273/152/2040
f 3270/148/2 3273/152/2040 3274/151/2
f 3271/150/2086 3275/154/2089 3276/153/2090
f 3271/150/2086 3276/153/2090 3272/149/2087
f 3274/151/2 3273/152/2040 3277/155/2041
f 3274/151/2 3277/155/2041 3278/151/2
f 3275/154/2089 3279/154/2092 3280/153/2093
f 3275/154/2089 3280/153/2093 3276/153/2090
f 3278/151/2 3277/155/2041 3281/155/2042
f 3278/151/2 3281/155/2042 3282/151/2
f 3279/154/2092 3283/157/2095 3284/156/2096
f 3279/154/2092 3284/156/2096 3280/153/2093
f 3282/151/2 3281/155/2042 3285/159/2043
f 3282/151/2 3285/159/2043 3286/158/2
f 3283/157/2095 3287/161/2098 3288/160/2099
f 3283/157/2095 3288/160/2099 3284/156/2096
f 3286/158/2 3285/159/2043 3289/159/2044
f 3286/158/2 3289/159/2044 3290/162/2
f 3287/161/2098 3291/161/2101 3292/160/2102
f 3287/161/2098 3292/160/2102 3288/160/2099
f 3290/162/2 3289/159/2044 3293/159/2045
f 3290/162/2 3293/159/2045 3294/162/2
f 3291/161/2101 3295/164/2104 3296/163/2105
f 3291/161/2101 3296/163/2105 3292/160/2102
f 3294/162/2 3293/159/2045 3297/166/2046
f 3294/162/2 3297/166/2046 3298/165/2
f 3295/164/2104 3299/168/2107 3300/167/2108
f 3295/164/2104 3300/167/2108 3296/163/2105
f 3298/165/2 3297/166/2046 3301/166/2047
f 3298/165/2 3301/166/2047 3302/165/2
f 3299/168/2107 3303/168/2110 3304/167/2111
f 3299/168/2107 3304/167/2111 3300/167/2108
f 3302/165/2 3301/166/2047 3305/169/2048
f 3302/165/2 3305/169/2048 3306/165/2
f 3303/168/2110 3307/171/2113 3308/170/2114
f 3303/168/2110 3308/170/2114 3304/167/2111
f 3306/165/2 3305/169/2048 3309/173/2049
f 3306/165/2 3309/173/2049 3310/172/2
f 3307/171/2113 3311/175/2116 3312/174/2117
f 3307/171/2113 3312/174/2117 3308/170/2114
f 3310/172/2 3309/173/2049 3313/173/2050
f 3310/172/2 3313/173/2050 3314/172/2
f 3311/175/2116 3315/88/2119 3316/89/2120
f 3311/175/2116 3316/89/2120 3312/174/2117
f 3314/172/2 3313/173/2050 3317/176/2051
f 3314/172/2 3317/176/2051 3318/172/2
f 3315/88/2119 3167/88/2027 3170/89/2026
f 3315/88/2119 3170/89/2026 3316/89/2120
f 3318/172/2 3317/176/2051 3238/129/2054
f 3318/172/2 3238/129/2054 3237/125/2
f 3228/124/2056 3319/131/2122 3320/132/2123
f 3228/124/2056 3320/132/2123 3229/123/2057
f 3319/131/2122 3241/131/2064 3244/132/2063
f 3319/131/2122 3244/132/2063 3320/132/2123
f 3321/172/2256 3322/172/2256 3323/172/2257
f 3321/172/2256 3323/172/2257 3324/172/2257
f 3325/148/2258 3326/148/2258 3327/116/2259
f 3325/148/2258 3327/116/2259 3328/116/2259
f 3329/158/2260 3330/158/2260 3331/151/2261
f 3329/158/2260 3331/151/2261 3332/151/2261
f 3333/130/2262 3334/130/2262 3335/126/2263
f 3333/130/2262 3335/126/2263 3336/126/2263
f 3337/165/2264 3338/165/2264 3339/165/2265
f 3337/165/2264 3339/165/2265 3340/165/2265
f 3341/116/2266 3342/116/2266 3216/116/2254
f 3341/116/2266 3216/116/2254 3215/116/2254
f 3343/172/2267 3344/172/2267 3322/172/2256
f 3343/172/2267 3322/172/2256 3321/172/2256
f 3345/151/2268 3346/151/2268 3326/148/2258
f 3345/151/2268 3326/148/2258 3325/148/2258
f 3347/162/2269 3348/162/2269 3330/158/2260
f 3347/162/2269 3330/158/2260 3329/158/2260
f 3349/130/2270 3350/130/2270 3334/130/2262
f 3349/130/2270 3334/130/2262 3333/130/2262
f 3351/165/2271 3352/165/2271 3338/165/2264
f 3351/165/2271 3338/165/2264 3337/165/2264
f 3353/116/2272 3354/116/2272 3342/116/2266
f 3353/116/2272 3342/116/2266 3341/116/2266
f 3355/125/2273 3356/125/2273 3344/172/2267
f 3355/125/2273 3344/172/2267 3343/172/2267
f 3357/151/2274 3358/151/2274 3346/151/2268
f 3357/151/2274 3346/151/2268 3345/151/2268
f 3359/125/2275 3360/125/2275 3361/125/2276
f 3359/125/2275 3361/125/2276 3362/125/2276
f 3363/162/2277 3364/162/2277 3348/162/2269
f 3363/162/2277 3348/162/2269 3347/162/2269
f 3218/116/2255 3217/116/2255 3350/130/2270
f 3218/116/2255 3350/130/2270 3349/130/2270
f 3324/172/2257 3323/172/2257 3352/165/2271
f 3324/172/2257 3352/165/2271 3351/165/2271
f 3328/116/2259 3327/116/2259 3354/116/2272
f 3328/116/2259 3354/116/2272 3353/116/2272
f 3362/125/2276 3361/125/2276 3356/125/2273
f 3362/125/2276 3356/125/2273 3355/125/2273
f 3332/151/2261 3331/151/2261 3358/151/2274
f 3332/151/2261 3358/151/2274 3357/151/2274
f 3336/126/2263 3335/126/2263 3360/125/2275
f 3336/126/2263 3360/125/2275 3359/125/2275
f 3340/165/2265 3339/165/2265 3364/162/2277
f 3340/165/2265 3364/162/2277 3363/162/2277
f 3365/177/1296 3366/177/1296 3367/178/1041
f 3365/177/1296 3367/178/1041 3368/178/1041
f 3369/179/1283 3370/179/1283 3371/180/257
f 3369/179/1283 3371/180/257 3372/180/257
f 3373/181/1119 3374/181/1119 3375/182/1288
f 3373/181/1119 3375/182/1288 3376/182/1288
f 3377/183/1291 3378/183/1291 3379/184/1287
f 3377/183/1291 3379/184/1287 3380/184/1287
f 3381/185/1281 3382/185/1281 3383/186/1297
f 3381/185/1281 3383/186/1297 3384/186/1297
f 3226/120/1290 3225/120/1290 3385/187/1051
f 3226/120/1290 3385/187/1051 3386/187/1051
f 3368/178/1041 3367/178/1041 3387/188/1292
f 3368/178/1041 3387/188/1292 3388/188/1292
f 3372/180/257 3371/180/257 3389/189/1295
f 3372/180/257 3389/189/1295 3390/189/1295
f 3376/182/1288 3375/182/1288 3391/190/1286
f 3376/182/1288 3391/190/1286 3392/190/1286
f 3380/184/1287 3379/184/1287 3393/191/1285
f 3380/184/1287 3393/191/1285 3394/191/1285
f 3384/186/1297 3383/186/1297 3395/192/379
f 3384/186/1297 3395/192/379 3396/192/379
f 3397/193/355 3398/193/355 3399/194/1260
f 3397/193/355 3399/194/1260 3400/194/1260
f 3386/187/1051 3385/187/1051 3401/195/1284
f 3386/187/1051 3401/195/1284 3402/195/1284
f 3388/188/1292 3387/188/1292 3403/196/1289
f 3388/188/1292 3403/196/1289 3404/196/1289
f 3390/189/1295 3389/189/1295 3405/197/1294
f 3390/189/1295 3405/197/1294 3406/197/1294
f 3392/190/1286 3391/190/1286 3407/198/1282
f 3392/190/1286 3407/198/1282 3408/198/1282
f 3394/191/1285 3393/191/1285 3398/193/355
f 3394/191/1285 3398/193/355 3397/193/355
f 3396/192/379 3395/192/379 3224/119/1293
f 3396/192/379 3224/119/1293 3223/119/1293
f 3400/194/1260 3399/194/1260 3366/177/1296
f 3400/194/1260 3366/177/1296 3365/177/1296
f 3402/195/1284 3401/195/1284 3370/179/1283
f 3402/195/1284 3370/179/1283 3369/179/1283
f 3404/196/1289 3403/196/1289 3374/181/1119
f 3404/196/1289 3374/181/1119 3373/181/1119
f 3406/197/1294 3405/197/1294 3378/183/1291
f 3406/197/1294 3378/183/1291 3377/183/1291
f 3408/198/1282 3407/198/1282 3382/185/1281
f 3408/198/1282 3382/185/1281 3381/185/1281
f 3227/121/2028 3409/200/2278 3410/199/2279
f 3227/121/2028 3410/199/2279 3228/124/2056
f 3411/200/2280 3412/118/2153 3413/94/2154
f 3411/200/2280 3413/94/2154 3414/199/2281
f 3412/118/2153 3222/118/2060 3173/94/2059
f 3412/118/2153 3173/94/2059 3413/94/2154
f 3229/123/2057 3415/202/2282 3416/201/2283
f 3229/123/2057 3416/201/2283 3230/122/2029
f 3417/202/2284 3418/127/2148 3419/129/2149
f 3417/202/2284 3419/129/2149 3420/203/2285
f 3418/127/2148 3232/128/2030 3236/129/2055
f 3418/127/2148 3236/129/2055 3419/129/2149
f 3228/124/2056 3410/199/2279 3421/204/2286
f 3228/124/2056 3421/204/2286 3319/131/2122
f 3414/199/2281 3413/94/2154 3422/204/2158
f 3414/199/2281 3422/204/2158 3423/204/2287
f 3413/94/2154 3173/94/2059 3172/94/2058
f 3413/94/2154 3172/94/2058 3422/204/2158
f 3320/132/2123 3424/205/2288 3415/202/2282
f 3320/132/2123 3415/202/2282 3229/123/2057
f 3425/205/2289 3426/127/2156 3418/127/2148
f 3425/205/2289 3418/127/2148 3417/202/2284
f 3426/127/2156 3233/127/2031 3232/128/2030
f 3426/127/2156 3232/128/2030 3418/127/2148
f 3319/131/2122 3421/204/2286 3427/204/2290
f 3319/131/2122 3427/204/2290 3241/131/2064
f 3423/204/2287 3422/204/2158 3428/95/2162
f 3423/204/2287 3428/95/2162 3429/204/2291
f 3422/204/2158 3172/94/2058 3176/95/2062
f 3422/204/2158 3176/95/2062 3428/95/2162
f 3244/132/2063 3430/205/2292 3424/205/2288
f 3244/132/2063 3424/205/2288 3320/132/2123
f 3431/205/2293 3432/135/2160 3426/127/2156
f 3431/205/2293 3426/127/2156 3425/205/2289
f 3432/135/2160 3239/130/2032 3233/127/2031
f 3432/135/2160 3233/127/2031 3426/127/2156
f 3241/131/2064 3427/204/2290 3433/94/2294
f 3241/131/2064 3433/94/2294 3242/134/2065
f 3429/204/2291 3428/95/2162 3434/96/2166
f 3429/204/2291 3434/96/2166 3435/94/2295
f 3428/95/2162 3176/95/2062 3178/96/2067
f 3428/95/2162 3178/96/2067 3434/96/2166
f 3243/133/2066 3436/206/2296 3430/205/2292
f 3243/133/2066 3430/205/2292 3244/132/2063
f 3437/206/2297 3438/138/2164 3432/135/2160
f 3437/206/2297 3432/135/2160 3431/205/2293
f 3438/138/2164 3245/135/2033 3239/130/2032
f 3438/138/2164 3239/130/2032 3432/135/2160
f 3242/134/2065 3433/94/2294 3439/118/2298
f 3242/134/2065 3439/118/2298 3247/137/2068
f 3435/94/2295 3434/96/2166 3440/96/2170
f 3435/94/2295 3440/96/2170 3441/118/2299
f 3434/96/2166 3178/96/2067 3180/96/2070
f 3434/96/2166 3180/96/2070 3440/96/2170
f 3248/136/2069 3442/207/2300 3436/206/2296
f 3248/136/2069 3436/206/2296 3243/133/2066
f 3443/207/2301 3444/138/2302 3438/138/2164
f 3443/207/2301 3438/138/2164 3437/206/2297
f 3444/138/2302 3249/138/2034 3245/135/2033
f 3444/138/2302 3245/135/2033 3438/138/2164
f 3247/137/2068 3439/118/2298 3445/118/2303
f 3247/137/2068 3445/118/2303 3251/137/2071
f 3441/118/2299 3440/96/2170 3446/98/2175
f 3441/118/2299 3446/98/2175 3447/118/2304
f 3440/96/2170 3180/96/2070 3182/98/2073
f 3440/96/2170 3182/98/2073 3446/98/2175
f 3252/136/2072 3448/207/2305 3442/207/2300
f 3252/136/2072 3442/207/2300 3248/136/2069
f 3449/207/2172 3450/139/2306 3444/138/2302
f 3449/207/2172 3444/138/2302 3443/207/2301
f 3450/139/2306 3253/139/2035 3249/138/2034
f 3450/139/2306 3249/138/2034 3444/138/2302
f 3251/137/2071 3445/118/2303 3451/117/2307
f 3251/137/2071 3451/117/2307 3255/141/2074
f 3447/118/2304 3446/98/2175 3452/98/2179
f 3447/118/2304 3452/98/2179 3453/117/2308
f 3446/98/2175 3182/98/2073 3184/98/2076
f 3446/98/2175 3184/98/2076 3452/98/2179
f 3256/140/2075 3454/208/2309 3448/207/2305
f 3256/140/2075 3448/207/2305 3252/136/2072
f 3455/208/2310 3456/139/2177 3450/139/2306
f 3455/208/2310 3450/139/2306 3449/207/2172
f 3456/139/2177 3257/139/2036 3253/139/2035
f 3456/139/2177 3253/139/2035 3450/139/2306
f 3255/141/2074 3451/117/2307 3457/115/2311
f 3255/141/2074 3457/115/2311 3259/143/2077
f 3453/117/2308 3452/98/2179 3458/99/2183
f 3453/117/2308 3458/99/2183 3459/115/2312
f 3452/98/2179 3184/98/2076 3186/99/2079
f 3452/98/2179 3186/99/2079 3458/99/2183
f 3260/142/2078 3460/209/2313 3454/208/2309
f 3260/142/2078 3454/208/2309 3256/140/2075
f 3461/210/2314 3462/210/2181 3456/139/2177
f 3461/210/2314 3456/139/2177 3455/208/2310
f 3462/210/2181 3261/144/2037 3257/139/2036
f 3462/210/2181 3257/139/2036 3456/139/2177
f 3259/143/2077 3457/115/2311 3463/115/2315
f 3259/143/2077 3463/115/2315 3263/143/2080
f 3459/115/2312 3458/99/2183 3464/100/2188
f 3459/115/2312 3464/100/2188 3465/115/2316
f 3458/99/2183 3186/99/2079 3188/100/2082
f 3458/99/2183 3188/100/2082 3464/100/2188
f 3264/142/2081 3466/209/2317 3460/209/2313
f 3264/142/2081 3460/209/2313 3260/142/2078
f 3467/144/2318 3468/144/2185 3462/210/2181
f 3467/144/2318 3462/210/2181 3461/210/2314
f 3468/144/2185 3265/145/2038 3261/144/2037
f 3468/144/2185 3261/144/2037 3462/210/2181
f 3263/143/2080 3463/115/2315 3469/211/2319
f 3263/143/2080 3469/211/2319 3267/147/2083
f 3465/115/2316 3464/100/2188 3470/212/2193
f 3465/115/2316 3470/212/2193 3471/211/2320
f 3464/100/2188 3188/100/2082 3190/101/2085
f 3464/100/2188 3190/101/2085 3470/212/2193
f 3268/146/2084 3472/213/2321 3466/209/2317
f 3268/146/2084 3466/209/2317 3264/142/2081
f 3473/214/2322 3474/145/2190 3468/144/2185
f 3473/214/2322 3468/144/2185 3467/144/2318
f 3474/145/2190 3269/145/2039 3265/145/2038
f 3474/145/2190 3265/145/2038 3468/144/2185
f 3267/147/2083 3469/211/2319 3475/215/2323
f 3267/147/2083 3475/215/2323 3271/150/2086
f 3471/211/2320 3470/212/2193 3476/103/2198
f 3471/211/2320 3476/103/2198 3477/215/2324
f 3470/212/2193 3190/101/2085 3192/103/2088
f 3470/212/2193 3192/103/2088 3476/103/2198
f 3272/149/2087 3478/216/2325 3472/213/2321
f 3272/149/2087 3472/213/2321 3268/146/2084
f 3479/214/2326 3480/214/2195 3474/145/2190
f 3479/214/2326 3474/145/2190 3473/214/2322
f 3480/214/2195 3273/152/2040 3269/145/2039
f 3480/214/2195 3269/145/2039 3474/145/2190
f 3271/150/2086 3475/215/2323 3481/217/2327
f 3271/150/2086 3481/217/2327 3275/154/2089
f 3477/215/2324 3476/103/2198 3482/104/2202
f 3477/215/2324 3482/104/2202 3483/217/2328
f 3476/103/2198 3192/103/2088 3194/104/2091
f 3476/103/2198 3194/104/2091 3482/104/2202
f 3276/153/2090 3484/218/2329 3478/216/2325
f 3276/153/2090 3478/216/2325 3272/149/2087
f 3485/152/2330 3486/155/2200 3480/214/2195
f 3485/152/2330 3480/214/2195 3479/214/2326
f 3486/155/2200 3277/155/2041 3273/152/2040
f 3486/155/2200 3273/152/2040 3480/214/2195
f 3275/154/2089 3481/217/2327 3487/217/2331
f 3275/154/2089 3487/217/2331 3279/154/2092
f 3483/217/2328 3482/104/2202 3488/106/2207
f 3483/217/2328 3488/106/2207 3489/217/2332
f 3482/104/2202 3194/104/2091 3196/106/2094
f 3482/104/2202 3196/106/2094 3488/106/2207
f 3280/153/2093 3490/218/2333 3484/218/2329
f 3280/153/2093 3484/218/2329 3276/153/2090
f 3491/155/2334 3492/155/2335 3486/155/2200
f 3491/155/2334 3486/155/2200 3485/152/2330
f 3492/155/2335 3281/155/2042 3277/155/2041
f 3492/155/2335 3277/155/2041 3486/155/2200
f 3279/154/2092 3487/217/2331 3493/219/2336
f 3279/154/2092 3493/219/2336 3283/157/2095
f 3489/217/2332 3488/106/2207 3494/220/2211
f 3489/217/2332 3494/220/2211 3495/219/2337
f 3488/106/2207 3196/106/2094 3198/107/2097
f 3488/106/2207 3198/107/2097 3494/220/2211
f 3284/156/2096 3496/221/2338 3490/218/2333
f 3284/156/2096 3490/218/2333 3280/153/2093
f 3497/222/2339 3498/159/2209 3492/155/2335
f 3497/222/2339 3492/155/2335 3491/155/2334
f 3498/159/2209 3285/159/2043 3281/155/2042
f 3498/159/2209 3281/155/2042 3492/155/2335
f 3283/157/2095 3493/219/2336 3499/127/2340
f 3283/157/2095 3499/127/2340 3287/161/2098
f 3495/219/2337 3494/220/2211 3500/109/2216
f 3495/219/2337 3500/109/2216 3501/127/2341
f 3494/220/2211 3198/107/2097 3200/109/2100
f 3494/220/2211 3200/109/2100 3500/109/2216
f 3288/160/2099 3502/223/2342 3496/221/2338
f 3288/160/2099 3496/221/2338 3284/156/2096
f 3503/159/2343 3504/224/2213 3498/159/2209
f 3503/159/2343 3498/159/2209 3497/222/2339
f 3504/224/2213 3289/159/2044 3285/159/2043
f 3504/224/2213 3285/159/2043 3498/159/2209
f 3287/161/2098 3499/127/2340 3505/127/2344
f 3287/161/2098 3505/127/2344 3291/161/2101
f 3501/127/2341 3500/109/2216 3506/109/2222
f 3501/127/2341 3506/109/2222 3507/127/2345
f 3500/109/2216 3200/109/2100 3202/109/2103
f 3500/109/2216 3202/109/2103 3506/109/2222
f 3292/160/2102 3508/223/2217 3502/223/2342
f 3292/160/2102 3502/223/2342 3288/160/2099
f 3509/224/2218 3510/224/2219 3504/224/2213
f 3509/224/2218 3504/224/2213 3503/159/2343
f 3510/224/2219 3293/159/2045 3289/159/2044
f 3510/224/2219 3289/159/2044 3504/224/2213
f 3291/161/2101 3505/127/2344 3511/128/2346
f 3291/161/2101 3511/128/2346 3295/164/2104
f 3507/127/2345 3506/109/2222 3512/111/2226
f 3507/127/2345 3512/111/2226 3513/128/2347
f 3506/109/2222 3202/109/2103 3204/110/2106
f 3506/109/2222 3204/110/2106 3512/111/2226
f 3296/163/2105 3514/225/2348 3508/223/2217
f 3296/163/2105 3508/223/2217 3292/160/2102
f 3515/225/2349 3516/226/2224 3510/224/2219
f 3515/225/2349 3510/224/2219 3509/224/2218
f 3516/226/2224 3297/166/2046 3293/159/2045
f 3516/226/2224 3293/159/2045 3510/224/2219
f 3295/164/2104 3511/128/2346 3517/129/2350
f 3295/164/2104 3517/129/2350 3299/168/2107
f 3513/128/2347 3512/111/2226 3518/111/2231
f 3513/128/2347 3518/111/2231 3519/129/2351
f 3512/111/2226 3204/110/2106 3206/111/2109
f 3512/111/2226 3206/111/2109 3518/111/2231
f 3300/167/2108 3520/227/2352 3514/225/2348
f 3300/167/2108 3514/225/2348 3296/163/2105
f 3521/227/2228 3522/226/2353 3516/226/2224
f 3521/227/2228 3516/226/2224 3515/225/2349
f 3522/226/2353 3301/166/2047 3297/166/2046
f 3522/226/2353 3297/166/2046 3516/226/2224
f 3299/168/2107 3517/129/2350 3523/129/2354
f 3299/168/2107 3523/129/2354 3303/168/2110
f 3519/129/2351 3518/111/2231 3524/228/2235
f 3519/129/2351 3524/228/2235 3525/129/2355
f 3518/111/2231 3206/111/2109 3208/112/2112
f 3518/111/2231 3208/112/2112 3524/228/2235
f 3304/167/2111 3526/227/2356 3520/227/2352
f 3304/167/2111 3520/227/2352 3300/167/2108
f 3527/227/2357 3528/229/2233 3522/226/2353
f 3527/227/2357 3522/226/2353 3521/227/2228
f 3528/229/2233 3305/169/2048 3301/166/2047
f 3528/229/2233 3301/166/2047 3522/226/2353
f 3303/168/2110 3523/129/2354 3529/230/2358
f 3303/168/2110 3529/230/2358 3307/171/2113
f 3525/129/2355 3524/228/2235 3530/112/2240
f 3525/129/2355 3530/112/2240 3531/230/2359
f 3524/228/2235 3208/112/2112 3210/112/2115
f 3524/228/2235 3210/112/2115 3530/112/2240
f 3308/170/2114 3532/231/2236 3526/227/2356
f 3308/170/2114 3526/227/2356 3304/167/2111
f 3533/231/2237 3534/169/2238 3528/229/2233
f 3533/231/2237 3528/229/2233 3527/227/2357
f 3534/169/2238 3309/173/2049 3305/169/2048
f 3534/169/2238 3305/169/2048 3528/229/2233
f 3307/171/2113 3529/230/2358 3535/176/2360
f 3307/171/2113 3535/176/2360 3311/175/2116
f 3531/230/2359 3530/112/2240 3536/112/2245
f 3531/230/2359 3536/112/2245 3537/176/2361
f 3530/112/2240 3210/112/2115 3212/112/2118
f 3530/112/2240 3212/112/2118 3536/112/2245
f 3312/174/2117 3538/232/2241 3532/231/2236
f 3312/174/2117 3532/231/2236 3308/170/2114
f 3539/232/2362 3540/169/2243 3534/169/2238
f 3539/232/2362 3534/169/2238 3533/231/2237
f 3540/169/2243 3313/173/2050 3309/173/2049
f 3540/169/2243 3309/173/2049 3534/169/2238
f 3311/175/2116 3535/176/2360 3541/176/2363
f 3311/175/2116 3541/176/2363 3315/88/2119
f 3537/176/2361 3536/112/2245 3542/115/2249
f 3537/176/2361 3542/115/2249 3543/176/2364
f 3536/112/2245 3212/112/2118 3214/115/2121
f 3536/112/2245 3214/115/2121 3542/115/2249
f 3316/89/2120 3544/232/2365 3538/232/2241
f 3316/89/2120 3538/232/2241 3312/174/2117
f 3545/232/2366 3546/176/2247 3540/169/2243
f 3545/232/2366 3540/169/2243 3539/232/2362
f 3546/176/2247 3317/176/2051 3313/173/2050
f 3546/176/2247 3313/173/2050 3540/169/2243
f 3315/88/2119 3541/176/2363 3547/233/2367
f 3315/88/2119 3547/233/2367 3167/88/2027
f 3543/176/2364 3542/115/2249 3548/117/2253
f 3543/176/2364 3548/117/2253 3549/233/2368
f 3542/115/2249 3214/115/2121 3220/117/2061
f 3542/115/2249 3220/117/2061 3548/117/2253
f 3170/89/2026 3550/234/2369 3544/232/2365
f 3170/89/2026 3544/232/2365 3316/89/2120
f 3551/234/2370 3552/129/2251 3546/176/2247
f 3551/234/2370 3546/176/2247 3545/232/2366
f 3552/129/2251 3238/129/2054 3317/176/2051
f 3552/129/2251 3317/176/2051 3546/176/2247
f 3167/88/2027 3547/233/2367 3553/235/2371
f 3167/88/2027 3553/235/2371 3168/91/2028
f 3549/233/2368 3548/117/2253 3412/118/2153
f 3549/233/2368 3412/118/2153 3411/200/2280
f 3548/117/2253 3220/117/2061 3222/118/2060
f 3548/117/2253 3222/118/2060 3412/118/2153
f 3169/90/2029 3554/203/2372 3550/234/2369
f 3169/90/2029 3550/234/2369 3170/89/2026
f 3555/201/2285 3419/129/2149 3552/129/2251
f 3555/201/2285 3552/129/2251 3551/234/2370
f 3419/129/2149 3236/129/2055 3238/129/2054
f 3419/129/2149 3238/129/2054 3552/129/2251
f 3174/93/1 3173/94/2059 3222/118/2060
f 3174/93/1 3222/118/2060 3221/93/1
f 3556/236/1285 3557/237/2373 3558/238/2374
f 3556/236/1285 3558/238/2374 3559/239/355
f 3560/240/1296 3561/241/2375 3562/241/2376
f 3560/240/1296 3562/241/2376 3563/240/1041
f 3563/240/1041 3562/241/2376 3564/242/2377
f 3563/240/1041 3564/242/2377 3565/243/1292
f 3565/243/1292 3564/242/2377 3566/244/2378
f 3565/243/1292 3566/244/2378 3567/245/1289
f 3567/245/1289 3566/244/2378 3568/244/2379
f 3567/245/1289 3568/244/2379 3569/245/1119
f 3569/245/1119 3568/244/2379 3570/246/2380
f 3569/245/1119 3570/246/2380 3571/247/1288
f 3571/247/1288 3570/246/2380 3572/248/2381
f 3571/247/1288 3572/248/2381 3573/249/1286
f 3573/249/1286 3572/248/2381 3574/248/2382
f 3573/249/1286 3574/248/2382 3575/249/1282
f 3575/249/1282 3574/248/2382 3576/250/2383
f 3575/249/1282 3576/250/2383 3577/251/1281
f 3577/251/1281 3576/250/2383 3578/252/2384
f 3577/251/1281 3578/252/2384 3579/253/1297
f 3579/253/1297 3578/252/2384 3580/252/2385
f 3579/253/1297 3580/252/2385 3581/253/379
f 3581/253/379 3580/252/2385 3582/254/2386
f 3581/253/379 3582/254/2386 3583/255/1293
f 3583/255/1293 3582/254/2386 3584/256/2387
f 3583/255/1293 3584/256/2387 3585/257/1290
f 3585/257/1290 3584/256/2387 3586/256/2388
f 3585/257/1290 3586/256/2388 3587/257/1051
f 3587/257/1051 3586/256/2388 3588/258/2389
f 3587/257/1051 3588/258/2389 3589/259/1284
f 3589/259/1284 3588/258/2389 3590/260/2390
f 3589/259/1284 3590/260/2390 3591/261/1283
f 3591/261/1283 3590/260/2390 3592/260/2391
f 3591/261/1283 3592/260/2391 3593/261/257
f 3593/261/257 3592/260/2391 3594/262/2392
f 3593/261/257 3594/262/2392 3595/263/1295
f 3595/263/1295 3594/262/2392 3596/264/2393
f 3595/263/1295 3596/264/2393 3597/265/1294
f 3597/265/1294 3596/264/2393 3598/266/2394
f 3597/265/1294 3598/266/2394 3599/267/1291
f 3599/267/1291 3598/266/2394 3600/237/2395
f 3599/267/1291 3600/237/2395 3601/236/1287
f 3601/236/1287 3600/237/2395 3557/237/2373
f 3601/236/1287 3557/237/2373 3556/236/1285
f 3602/268/1260 3603/269/2396 3561/241/2375
f 3602/268/1260 3561/241/2375 3560/240/1296
f 3604/270/2397 3605/270/2398 3606/270/2398
f 3604/270/2397 3606/270/2398 3607/270/2399
f 3608/271/355 3609/272/2374 3603/269/2396
f 3608/271/355 3603/269/2396 3602/268/1260
f 3603/269/2396 3609/272/2374 3610/273/2400
f 3603/269/2396 3610/273/2400 3611/274/2401
f 3611/274/2401 3610/273/2400 3612/275/2402
f 3611/274/2401 3612/275/2402 3613/275/2403
f 3613/275/2403 3612/275/2402 3614/275/2404
f 3613/275/2403 3614/275/2404 3615/275/2405
f 3561/241/2375 3603/269/2396 3611/274/2401
f 3561/241/2375 3611/274/2401 3616/274/2406
f 3616/274/2406 3611/274/2401 3613/275/2403
f 3616/274/2406 3613/275/2403 3617/276/2407
f 3617/276/2407 3613/275/2403 3615/275/2405
f 3617/276/2407 3615/275/2405 3618/276/2408
f 3562/241/2376 3561/241/2375 3616/274/2406
f 3562/241/2376 3616/274/2406 3619/277/2409
f 3619/277/2409 3616/274/2406 3617/276/2407
f 3619/277/2409 3617/276/2407 3620/278/2410
f 3620/278/2410 3617/276/2407 3618/276/2408
f 3620/278/2410 3618/276/2408 3621/278/2411
f 3564/242/2377 3562/241/2376 3619/277/2409
f 3564/242/2377 3619/277/2409 3622/279/2412
f 3622/279/2412 3619/277/2409 3620/278/2410
f 3622/279/2412 3620/278/2410 3623/280/2413
f 3623/280/2413 3620/278/2410 3621/278/2411
f 3623/280/2413 3621/278/2411 3624/281/2414
f 3566/244/2378 3564/242/2377 3622/279/2412
f 3566/244/2378 3622/279/2412 3625/282/2415
f 3625/282/2415 3622/279/2412 3623/280/2413
f 3625/282/2415 3623/280/2413 3626/283/2416
f 3626/283/2416 3623/280/2413 3624/281/2414
f 3626/283/2416 3624/281/2414 3627/283/2417
f 3568/244/2379 3566/244/2378 3625/282/2415
f 3568/244/2379 3625/282/2415 3628/282/2418
f 3628/282/2418 3625/282/2415 3626/283/2416
f 3628/282/2418 3626/283/2416 3629/283/2419
f 3629/283/2419 3626/283/2416 3627/283/2417
f 3629/283/2419 3627/283/2417 3630/283/2420
f 3570/246/2380 3568/244/2379 3628/282/2418
f 3570/246/2380 3628/282/2418 3631/284/2421
f 3632/285/2422 3628/282/2418 3629/283/2419
f 3632/285/2422 3629/283/2419 3633/285/2423
f 3633/285/2423 3629/283/2419 3630/283/2420
f 3633/285/2423 3630/283/2420 3634/285/2424
f 3572/248/2381 3570/246/2380 3631/284/2421
f 3572/248/2381 3631/284/2421 3635/286/2425
f 3636/285/2426 3632/285/2422 3633/285/2423
f 3636/285/2426 3633/285/2423 3637/285/2427
f 3637/285/2427 3633/285/2423 3634/285/2424
f 3637/285/2427 3634/285/2424 3638/287/2428
f 3574/248/2382 3572/248/2381 3635/286/2425
f 3574/248/2382 3635/286/2425 3639/286/2429
f 3640/288/2430 3636/285/2426 3637/285/2427
f 3640/288/2430 3637/285/2427 3641/288/2431
f 3641/288/2431 3637/285/2427 3638/287/2428
f 3641/288/2431 3638/287/2428 3642/288/2432
f 3576/250/2383 3574/248/2382 3639/286/2429
f 3576/250/2383 3639/286/2429 3643/289/2433
f 3644/288/2433 3640/288/2430 3641/288/2431
f 3644/288/2433 3641/288/2431 3645/290/2434
f 3645/290/2434 3641/288/2431 3642/288/2432
f 3645/290/2434 3642/288/2432 3646/290/2435
f 3578/252/2384 3576/250/2383 3643/289/2433
f 3578/252/2384 3643/289/2433 3647/291/2436
f 3648/290/2436 3644/288/2433 3645/290/2434
f 3648/290/2436 3645/290/2434 3649/292/2437
f 3649/292/2437 3645/290/2434 3646/290/2435
f 3649/292/2437 3646/290/2435 3650/292/2438
f 3580/252/2385 3578/252/2384 3647/291/2436
f 3580/252/2385 3647/291/2436 3651/291/2439
f 3652/292/2440 3648/290/2436 3649/292/2437
f 3652/292/2440 3649/292/2437 3653/292/2441
f 3653/292/2441 3649/292/2437 3650/292/2438
f 3653/292/2441 3650/292/2438 3654/292/2442
f 3582/254/2386 3580/252/2385 3651/291/2439
f 3582/254/2386 3651/291/2439 3655/293/2443
f 3656/294/2444 3652/292/2440 3653/292/2441
f 3656/294/2444 3653/292/2441 3657/294/2445
f 3657/294/2445 3653/292/2441 3654/292/2442
f 3657/294/2445 3654/292/2442 3658/295/2446
f 3584/256/2387 3582/254/2386 3655/293/2443
f 3584/256/2387 3655/293/2443 3659/296/2447
f 3660/294/2448 3656/294/2444 3657/294/2445
f 3660/294/2448 3657/294/2445 3661/294/2449
f 3661/294/2449 3657/294/2445 3658/295/2446
f 3661/294/2449 3658/295/2446 3662/294/2450
f 3586/256/2388 3584/256/2387 3659/296/2447
f 3586/256/2388 3659/296/2447 3663/296/2451
f 3664/297/2452 3660/294/2448 3661/294/2449
f 3664/297/2452 3661/294/2449 3665/297/2453
f 3665/297/2453 3661/294/2449 3662/294/2450
f 3665/297/2453 3662/294/2450 3666/297/2454
f 3588/258/2389 3586/256/2388 3663/296/2451
f 3588/258/2389 3663/296/2451 3667/298/2455
f 3668/299/2456 3664/297/2452 3665/297/2453
f 3668/299/2456 3665/297/2453 3669/299/2457
f 3669/299/2457 3665/297/2453 3666/297/2454
f 3669/299/2457 3666/297/2454 3670/299/9
f 3590/260/2390 3588/258/2389 3667/298/2455
f 3590/260/2390 3667/298/2455 3671/300/2458
f 3672/299/2458 3668/299/2456 3669/299/2457
f 3672/299/2458 3669/299/2457 3673/299/2459
f 3673/299/2459 3669/299/2457 3670/299/9
f 3673/299/2459 3670/299/9 3674/299/10
f 3592/260/2391 3590/260/2390 3671/300/2458
f 3592/260/2391 3671/300/2458 3675/300/2460
f 3675/300/2460 3672/299/2458 3673/299/2459
f 3675/300/2460 3673/299/2459 3676/301/2461
f 3676/301/2461 3673/299/2459 3674/299/10
f 3676/301/2461 3674/299/10 3677/301/2462
f 3594/262/2392 3592/260/2391 3675/300/2460
f 3594/262/2392 3675/300/2460 3678/302/2463
f 3678/302/2463 3675/300/2460 3676/301/2461
f 3678/302/2463 3676/301/2461 3679/301/2464
f 3679/301/2464 3676/301/2461 3677/301/2462
f 3679/301/2464 3677/301/2462 3680/301/7
f 3596/264/2393 3594/262/2392 3678/302/2463
f 3596/264/2393 3678/302/2463 3681/303/2465
f 3681/303/2465 3678/302/2463 3679/301/2464
f 3681/303/2465 3679/301/2464 3682/304/2466
f 3682/304/2466 3679/301/2464 3680/301/7
f 3682/304/2466 3680/301/7 3683/301/8
f 3598/266/2394 3596/264/2393 3681/303/2465
f 3598/266/2394 3681/303/2465 3684/305/2467
f 3684/305/2467 3681/303/2465 3682/304/2466
f 3684/305/2467 3682/304/2466 3685/306/2468
f 3685/306/2468 3682/304/2466 3683/301/8
f 3685/306/2468 3683/301/8 3686/306/2469
f 3600/237/2395 3598/266/2394 3684/305/2467
f 3600/237/2395 3684/305/2467 3687/305/2470
f 3687/305/2470 3684/305/2467 3685/306/2468
f 3687/305/2470 3685/306/2468 3688/307/2471
f 3688/307/2471 3685/306/2468 3686/306/2469
f 3688/307/2471 3686/306/2469 3689/307/2472
f 3557/237/2373 3600/237/2395 3687/305/2470
f 3557/237/2373 3687/305/2470 3690/308/2473
f 3690/308/2473 3687/305/2470 3688/307/2471
f 3690/308/2473 3688/307/2471 3691/307/2474
f 3691/307/2474 3688/307/2471 3689/307/2472
f 3691/307/2474 3689/307/2472 3692/307/2475
f 3558/238/2374 3557/237/2373 3690/308/2473
f 3558/238/2374 3690/308/2473 3693/309/2400
f 3610/273/2400 3690/308/2473 3691/307/2474
f 3610/273/2400 3691/307/2474 3612/275/2402
f 3612/275/2402 3691/307/2474 3692/307/2475
f 3612/275/2402 3692/307/2475 3614/275/2404
f 3694/310/1 3695/310/1 3615/275/2405
f 3694/310/1 3615/275/2405 3614/275/2404
f 3695/310/1 3696/310/1 3618/276/2408
f 3695/310/1 3618/276/2408 3615/275/2405
f 3696/310/1 3697/311/1 3621/278/2411
f 3696/310/1 3621/278/2411 3618/276/2408
f 3697/311/1 3698/311/1 3624/281/2414
f 3697/311/1 3624/281/2414 3621/278/2411
f 3698/311/1 3699/311/1 3627/283/2417
f 3698/311/1 3627/283/2417 3624/281/2414
f 3699/311/1 3700/311/1 3630/283/2420
f 3699/311/1 3630/283/2420 3627/283/2417
f 3700/311/1 3701/312/1 3634/285/2424
f 3700/311/1 3634/285/2424 3630/283/2420
f 3701/312/1 3702/312/1 3638/287/2428
f 3701/312/1 3638/287/2428 3634/285/2424
f 3702/312/1 3703/312/1 3642/288/2432
f 3702/312/1 3642/288/2432 3638/287/2428
f 3703/312/1 3704/313/1 3646/290/2435
f 3703/312/1 3646/290/2435 3642/288/2432
f 3704/313/1 3705/313/1 3650/292/2438
f 3704/313/1 3650/292/2438 3646/290/2435
f 3705/313/1 3706/313/1 3654/292/2442
f 3705/313/1 3654/292/2442 3650/292/2438
f 3706/313/1 3707/314/1 3658/295/2446
f 3706/313/1 3658/295/2446 3654/292/2442
f 3707/314/1 3708/314/1 3662/294/2450
f 3707/314/1 3662/294/2450 3658/295/2446
f 3708/314/1 3709/315/1 3666/297/2454
f 3708/314/1 3666/297/2454 3662/294/2450
f 3709/315/1 3710/315/1 3670/299/9
f 3709/315/1 3670/299/9 3666/297/2454
f 3710/315/1 3711/315/1 3674/299/10
f 3710/315/1 3674/299/10 3670/299/9
f 3711/315/1 3712/316/1 3677/301/2462
f 3711/315/1 3677/301/2462 3674/299/10
f 3712/316/1 3713/270/1 3680/301/7
f 3712/316/1 3680/301/7 3677/301/2462
f 3713/270/1 3714/270/1 3683/301/8
f 3713/270/1 3683/301/8 3680/301/7
f 3714/270/1 3715/270/1 3686/306/2469
f 3714/270/1 3686/306/2469 3683/301/8
f 3715/270/1 3716/317/1 3689/307/2472
f 3715/270/1 3689/307/2472 3686/306/2469
f 3716/317/1 3717/317/1 3692/307/2475
f 3716/317/1 3692/307/2475 3689/307/2472
f 3717/317/1 3694/310/1 3614/275/2404
f 3717/317/1 3614/275/2404 3692/307/2475
f 3718/314/2476 3719/314/2477 3720/314/2477
f 3718/314/2476 3720/314/2477 3721/314/2476
f 3722/312/2478 3723/311/2479 3724/311/2479
f 3722/312/2478 3724/311/2479 3725/312/2478
f 3726/317/2480 3604/270/2397 3607/270/2399
f 3726/317/2480 3607/270/2399 3727/317/2480
f 3728/315/2481 3718/314/2476 3721/314/2476
f 3728/315/2481 3721/314/2476 3729/315/2481
f 3730/312/2482 3722/312/2478 3725/312/2478
f 3730/312/2482 3725/312/2478 3731/312/2483
f 3732/317/2484 3726/317/2480 3727/317/2480
f 3732/317/2484 3727/317/2480 3733/317/2484
f 3734/310/2485 3735/310/2486 3736/310/2486
f 3734/310/2485 3736/310/2486 3737/310/2485
f 3738/315/2487 3728/315/2481 3729/315/2481
f 3738/315/2487 3729/315/2481 3739/315/2487
f 3740/312/2488 3730/312/2482 3731/312/2483
f 3740/312/2488 3731/312/2483 3741/312/2489
f 3735/310/2486 3732/317/2484 3733/317/2484
f 3735/310/2486 3733/317/2484 3736/310/2486
f 3742/310/2490 3734/310/2485 3737/310/2485
f 3742/310/2490 3737/310/2485 3743/310/2490
f 3744/315/2491 3738/315/2487 3739/315/2487
f 3744/315/2491 3739/315/2487 3745/315/2491
f 3746/313/2492 3740/312/2488 3741/312/2489
f 3746/313/2492 3741/312/2489 3747/313/2493
f 3748/311/2494 3742/310/2490 3743/310/2490
f 3748/311/2494 3743/310/2490 3749/311/2494
f 3750/316/2495 3744/315/2491 3745/315/2491
f 3750/316/2495 3745/315/2491 3751/316/2496
f 3752/313/2497 3746/313/2492 3747/313/2493
f 3752/313/2497 3747/313/2493 3753/313/2497
f 3754/311/2498 3748/311/2494 3749/311/2494
f 3754/311/2498 3749/311/2494 3755/311/2498
f 3756/270/2499 3750/316/2495 3751/316/2496
f 3756/270/2499 3751/316/2496 3757/270/2499
f 3758/313/2500 3752/313/2497 3753/313/2497
f 3758/313/2500 3753/313/2497 3759/313/2500
f 3760/311/2501 3754/311/2498 3755/311/2498
f 3760/311/2501 3755/311/2498 3761/311/2501
f 3605/270/2398 3756/270/2499 3757/270/2499
f 3605/270/2398 3757/270/2499 3606/270/2398
f 3719/314/2477 3758/313/2500 3759/313/2500
f 3719/314/2477 3759/313/2500 3720/314/2477
f 3723/311/2479 3760/311/2501 3761/311/2501
f 3723/311/2479 3761/311/2501 3724/311/2479
f 3556/236/1285 3559/239/355 3762/238/2502
f 3556/236/1285 3762/238/2502 3763/237/2503
f 3560/240/1296 3563/240/1041 3764/241/2504
f 3560/240/1296 3764/241/2504 3765/241/2505
f 3563/240/1041 3565/243/1292 3766/242/2506
f 3563/240/1041 3766/242/2506 3764/241/2504
f 3565/243/1292 3567/245/1289 3767/244/2507
f 3565/243/1292 3767/244/2507 3766/242/2506
f 3567/245/1289 3569/245/1119 3768/244/2508
f 3567/245/1289 3768/244/2508 3767/244/2507
f 3569/245/1119 3571/247/1288 3769/246/2509
f 3569/245/1119 3769/246/2509 3768/244/2508
f 3571/247/1288 3573/249/1286 3770/248/2510
f 3571/247/1288 3770/248/2510 3769/246/2509
f 3573/249/1286 3575/249/1282 3771/248/2511
f 3573/249/1286 3771/248/2511 3770/248/2510
f 3575/249/1282 3577/251/1281 3772/250/2512
f 3575/249/1282 3772/250/2512 3771/248/2511
f 3577/251/1281 3579/253/1297 3773/252/2513
f 3577/251/1281 3773/252/2513 3772/250/2512
f 3579/253/1297 3581/253/379 3774/252/2514
f 3579/253/1297 3774/252/2514 3773/252/2513
f 3581/253/379 3583/255/1293 3775/254/2515
f 3581/253/379 3775/254/2515 3774/252/2514
f 3583/255/1293 3585/257/1290 3776/256/2516
f 3583/255/1293 3776/256/2516 3775/254/2515
f 3585/257/1290 3587/257/1051 3777/256/2517
f 3585/257/1290 3777/256/2517 3776/256/2516
f 3587/257/1051 3589/259/1284 3778/258/2518
f 3587/257/1051 3778/258/2518 3777/256/2517
f 3589/259/1284 3591/261/1283 3779/260/2519
f 3589/259/1284 3779/260/2519 3778/258/2518
f 3591/261/1283 3593/261/257 3780/260/2520
f 3591/261/1283 3780/260/2520 3779/260/2519
f 3593/261/257 3595/263/1295 3781/262/2521
f 3593/261/257 3781/262/2521 3780/260/2520
f 3595/263/1295 3597/265/1294 3782/264/2522
f 3595/263/1295 3782/264/2522 3781/262/2521
f 3597/265/1294 3599/267/1291 3783/266/2523
f 3597/265/1294 3783/266/2523 3782/264/2522
f 3599/267/1291 3601/236/1287 3784/237/2524
f 3599/267/1291 3784/237/2524 3783/266/2523
f 3601/236/1287 3556/236/1285 3763/237/2503
f 3601/236/1287 3763/237/2503 3784/237/2524
f 3602/268/1260 3560/240/1296 3765/241/2505
f 3602/268/1260 3765/241/2505 3785/269/2525
f 3786/270/2526 3787/270/2527 3788/270/2528
f 3786/270/2526 3788/270/2528 3789/270/2528
f 3608/271/355 3602/268/1260 3785/269/2525
f 3608/271/355 3785/269/2525 3790/272/2502
f 3785/269/2525 3791/274/2529 3792/273/2530
f 3785/269/2525 3792/273/2530 3790/272/2502
f 3791/274/2529 3793/275/2531 3794/275/2532
f 3791/274/2529 3794/275/2532 3792/273/2530
f 3793/275/2531 3795/275/2533 3796/275/2534
f 3793/275/2531 3796/275/2534 3794/275/2532
f 3765/241/2505 3797/274/2535 3791/274/2529
f 3765/241/2505 3791/274/2529 3785/269/2525
f 3797/274/2535 3798/276/2536 3793/275/2531
f 3797/274/2535 3793/275/2531 3791/274/2529
f 3798/276/2536 3799/276/2537 3795/275/2533
f 3798/276/2536 3795/275/2533 3793/275/2531
f 3764/241/2504 3800/277/2538 3797/274/2535
f 3764/241/2504 3797/274/2535 3765/241/2505
f 3800/277/2538 3801/278/2539 3798/276/2536
f 3800/277/2538 3798/276/2536 3797/274/2535
f 3801/278/2539 3802/278/2540 3799/276/2537
f 3801/278/2539 3799/276/2537 3798/276/2536
f 3766/242/2506 3803/279/2541 3800/277/2538
f 3766/242/2506 3800/277/2538 3764/241/2504
f 3803/279/2541 3804/280/2542 3801/278/2539
f 3803/279/2541 3801/278/2539 3800/277/2538
f 3804/280/2542 3805/281/2543 3802/278/2540
f 3804/280/2542 3802/278/2540 3801/278/2539
f 3767/244/2507 3806/282/2544 3803/279/2541
f 3767/244/2507 3803/279/2541 3766/242/2506
f 3806/282/2544 3807/283/2545 3804/280/2542
f 3806/282/2544 3804/280/2542 3803/279/2541
f 3807/283/2545 3808/283/2546 3805/281/2543
f 3807/283/2545 3805/281/2543 3804/280/2542
f 3768/244/2508 3809/282/2547 3806/282/2544
f 3768/244/2508 3806/282/2544 3767/244/2507
f 3809/282/2547 3810/283/2548 3807/283/2545
f 3809/282/2547 3807/283/2545 3806/282/2544
f 3810/283/2548 3811/283/2549 3808/283/2546
f 3810/283/2548 3808/283/2546 3807/283/2545
f 3769/246/2509 3812/284/2550 3809/282/2547
f 3769/246/2509 3809/282/2547 3768/244/2508
f 3813/285/2551 3814/285/2552 3810/283/2548
f 3813/285/2551 3810/283/2548 3809/282/2547
f 3814/285/2552 3815/285/2553 3811/283/2549
f 3814/285/2552 3811/283/2549 3810/283/2548
f 3770/248/2510 3816/286/2554 3812/284/2550
f 3770/248/2510 3812/284/2550 3769/246/2509
f 3817/285/2555 3818/285/2556 3814/285/2552
f 3817/285/2555 3814/285/2552 3813/285/2551
f 3818/285/2556 3819/287/2557 3815/285/2553
f 3818/285/2556 3815/285/2553 3814/285/2552
f 3771/248/2511 3820/286/2558 3816/286/2554
f 3771/248/2511 3816/286/2554 3770/248/2510
f 3821/288/2559 3822/288/2560 3818/285/2556
f 3821/288/2559 3818/285/2556 3817/285/2555
f 3822/288/2560 3823/288/2561 3819/287/2557
f 3822/288/2560 3819/287/2557 3818/285/2556
f 3772/250/2512 3824/289/2562 3820/286/2558
f 3772/250/2512 3820/286/2558 3771/248/2511
f 3825/288/2562 3826/290/2563 3822/288/2560
f 3825/288/2562 3822/288/2560 3821/288/2559
f 3826/290/2563 3827/290/2564 3823/288/2561
f 3826/290/2563 3823/288/2561 3822/288/2560
f 3773/252/2513 3828/291/2565 3824/289/2562
f 3773/252/2513 3824/289/2562 3772/250/2512
f 3829/290/2565 3830/292/2566 3826/290/2563
f 3829/290/2565 3826/290/2563 3825/288/2562
f 3830/292/2566 3831/292/2567 3827/290/2564
f 3830/292/2566 3827/290/2564 3826/290/2563
f 3774/252/2514 3832/291/2568 3828/291/2565
f 3774/252/2514 3828/291/2565 3773/252/2513
f 3833/292/2568 3834/292/2569 3830/292/2566
f 3833/292/2568 3830/292/2566 3829/290/2565
f 3834/292/2569 3835/292/2570 3831/292/2567
f 3834/292/2569 3831/292/2567 3830/292/2566
f 3775/254/2515 3836/293/2571 3832/291/2568
f 3775/254/2515 3832/291/2568 3774/252/2514
f 3837/294/2572 3838/294/2573 3834/292/2569
f 3837/294/2572 3834/292/2569 3833/292/2568
f 3838/294/2573 3839/295/2574 3835/292/2570
f 3838/294/2573 3835/292/2570 3834/292/2569
f 3776/256/2516 3840/296/2575 3836/293/2571
f 3776/256/2516 3836/293/2571 3775/254/2515
f 3841/294/2576 3842/294/2577 3838/294/2573
f 3841/294/2576 3838/294/2573 3837/294/2572
f 3842/294/2577 3843/294/2578 3839/295/2574
f 3842/294/2577 3839/295/2574 3838/294/2573
f 3777/256/2517 3844/296/2579 3840/296/2575
f 3777/256/2517 3840/296/2575 3776/256/2516
f 3845/297/2580 3846/297/2581 3842/294/2577
f 3845/297/2580 3842/294/2577 3841/294/2576
f 3846/297/2581 3847/297/2582 3843/294/2578
f 3846/297/2581 3843/294/2578 3842/294/2577
f 3778/258/2518 3848/298/2583 3844/296/2579
f 3778/258/2518 3844/296/2579 3777/256/2517
f 3849/299/2584 3850/299/2585 3846/297/2581
f 3849/299/2584 3846/297/2581 3845/297/2580
f 3850/299/2585 3851/299/17 3847/297/2582
f 3850/299/2585 3847/297/2582 3846/297/2581
f 3779/260/2519 3852/300/2586 3848/298/2583
f 3779/260/2519 3848/298/2583 3778/258/2518
f 3853/299/2586 3854/299/2587 3850/299/2585
f 3853/299/2586 3850/299/2585 3849/299/2584
f 3854/299/2587 3855/299/18 3851/299/17
f 3854/299/2587 3851/299/17 3850/299/2585
f 3780/260/2520 3856/300/2588 3852/300/2586
f 3780/260/2520 3852/300/2586 3779/260/2519
f 3856/300/2588 3857/301/2589 3854/299/2587
f 3856/300/2588 3854/299/2587 3853/299/2586
f 3857/301/2589 3858/301/2590 3855/299/18
f 3857/301/2589 3855/299/18 3854/299/2587
f 3781/262/2521 3859/302/2591 3856/300/2588
f 3781/262/2521 3856/300/2588 3780/260/2520
f 3859/302/2591 3860/301/2592 3857/301/2589
f 3859/302/2591 3857/301/2589 3856/300/2588
f 3860/301/2592 3861/301/15 3858/301/2590
f 3860/301/2592 3858/301/2590 3857/301/2589
f 3782/264/2522 3862/303/2593 3859/302/2591
f 3782/264/2522 3859/302/2591 3781/262/2521
f 3862/303/2593 3863/304/2594 3860/301/2592
f 3862/303/2593 3860/301/2592 3859/302/2591
f 3863/304/2594 3864/301/16 3861/301/15
f 3863/304/2594 3861/301/15 3860/301/2592
f 3783/266/2523 3865/305/2595 3862/303/2593
f 3783/266/2523 3862/303/2593 3782/264/2522
f 3865/305/2595 3866/306/2596 3863/304/2594
f 3865/305/2595 3863/304/2594 3862/303/2593
f 3866/306/2596 3867/306/2597 3864/301/16
f 3866/306/2596 3864/301/16 3863/304/2594
f 3784/237/2524 3868/305/2598 3865/305/2595
f 3784/237/2524 3865/305/2595 3783/266/2523
f 3868/305/2598 3869/307/2599 3866/306/2596
f 3868/305/2598 3866/306/2596 3865/305/2595
f 3869/307/2599 3870/307/2600 3867/306/2597
f 3869/307/2599 3867/306/2597 3866/306/2596
f 3763/237/2503 3871/308/2601 3868/305/2598
f 3763/237/2503 3868/305/2598 3784/237/2524
f 3871/308/2601 3872/307/2602 3869/307/2599
f 3871/308/2601 3869/307/2599 3868/305/2598
f 3872/307/2602 3873/307/2603 3870/307/2600
f 3872/307/2602 3870/307/2600 3869/307/2599
f 3762/238/2502 3874/309/2530 3871/308/2601
f 3762/238/2502 3871/308/2601 3763/237/2503
f 3792/273/2530 3794/275/2532 3872/307/2602
f 3792/273/2530 3872/307/2602 3871/308/2601
f 3794/275/2532 3796/275/2534 3873/307/2603
f 3794/275/2532 3873/307/2603 3872/307/2602
f 3875/310/2 3796/275/2534 3795/275/2533
f 3875/310/2 3795/275/2533 3876/310/2
f 3876/310/2 3795/275/2533 3799/276/2537
f 3876/310/2 3799/276/2537 3877/310/2
f 3877/310/2 3799/276/2537 3802/278/2540
f 3877/310/2 3802/278/2540 3878/311/2
f 3878/311/2 3802/278/2540 3805/281/2543
f 3878/311/2 3805/281/2543 3879/311/2
f 3879/311/2 3805/281/2543 3808/283/2546
f 3879/311/2 3808/283/2546 3880/311/2
f 3880/311/2 3808/283/2546 3811/283/2549
f 3880/311/2 3811/283/2549 3881/311/2
f 3881/311/2 3811/283/2549 3815/285/2553
f 3881/311/2 3815/285/2553 3882/312/2
f 3882/312/2 3815/285/2553 3819/287/2557
f 3882/312/2 3819/287/2557 3883/312/2
f 3883/312/2 3819/287/2557 3823/288/2561
f 3883/312/2 3823/288/2561 3884/312/2
f 3884/312/2 3823/288/2561 3827/290/2564
f 3884/312/2 3827/290/2564 3885/313/2
f 3885/313/2 3827/290/2564 3831/292/2567
f 3885/313/2 3831/292/2567 3886/313/2
f 3886/313/2 3831/292/2567 3835/292/2570
f 3886/313/2 3835/292/2570 3887/313/2
f 3887/313/2 3835/292/2570 3839/295/2574
f 3887/313/2 3839/295/2574 3888/314/2
f 3888/314/2 3839/295/2574 3843/294/2578
f 3888/314/2 3843/294/2578 3889/314/2
f 3889/314/2 3843/294/2578 3847/297/2582
f 3889/314/2 3847/297/2582 3890/315/2
f 3890/315/2 3847/297/2582 3851/299/17
f 3890/315/2 3851/299/17 3891/315/2
f 3891/315/2 3851/299/17 3855/299/18
f 3891/315/2 3855/299/18 3892/315/2
f 3892/315/2 3855/299/18 3858/301/2590
f 3892/315/2 3858/301/2590 3893/316/2
f 3893/316/2 3858/301/2590 3861/301/15
f 3893/316/2 3861/301/15 3894/270/2
f 3894/270/2 3861/301/15 3864/301/16
f 3894/270/2 3864/301/16 3895/270/2
f 3895/270/2 3864/301/16 3867/306/2597
f 3895/270/2 3867/306/2597 3896/270/2
f 3896/270/2 3867/306/2597 3870/307/2600
f 3896/270/2 3870/307/2600 3897/317/2
f 3897/317/2 3870/307/2600 3873/307/2603
f 3897/317/2 3873/307/2603 3898/317/2
f 3898/317/2 3873/307/2603 3796/275/2534
f 3898/317/2 3796/275/2534 3875/310/2
f 3899/314/2604 3900/314/2605 3901/314/2606
f 3899/314/2604 3901/314/2606 3902/314/2606
f 3903/312/2607 3904/312/2607 3905/311/2608
f 3903/312/2607 3905/311/2608 3906/311/2608
f 3907/317/2609 3908/317/2609 3787/270/2527
f 3907/317/2609 3787/270/2527 3786/270/2526
f 3909/315/2610 3910/315/2610 3900/314/2605
f 3909/315/2610 3900/314/2605 3899/314/2604
f 3911/312/2611 3912/312/2612 3904/312/2607
f 3911/312/2611 3904/312/2607 3903/312/2607
f 3913/317/2613 3914/317/2613 3908/317/2609
f 3913/317/2613 3908/317/2609 3907/317/2609
f 3915/310/2614 3916/310/2614 3917/310/2615
f 3915/310/2614 3917/310/2615 3918/310/2615
f 3919/315/2616 3920/315/2616 3910/315/2610
f 3919/315/2616 3910/315/2610 3909/315/2610
f 3921/312/2617 3922/312/2618 3912/312/2612
f 3921/312/2617 3912/312/2612 3911/312/2611
f 3918/310/2615 3917/310/2615 3914/317/2613
f 3918/310/2615 3914/317/2613 3913/317/2613
f 3923/310/2619 3924/310/2619 3916/310/2614
f 3923/310/2619 3916/310/2614 3915/310/2614
f 3925/315/2620 3926/315/2620 3920/315/2616
f 3925/315/2620 3920/315/2616 3919/315/2616
f 3927/313/2621 3928/313/2621 3922/312/2618
f 3927/313/2621 3922/312/2618 3921/312/2617
f 3929/311/2622 3930/311/2622 3924/310/2619
f 3929/311/2622 3924/310/2619 3923/310/2619
f 3931/316/2623 3932/316/2624 3926/315/2620
f 3931/316/2623 3926/315/2620 3925/315/2620
f 3933/313/2625 3934/313/2625 3928/313/2621
f 3933/313/2625 3928/313/2621 3927/313/2621
f 3935/311/2626 3936/311/2626 3930/311/2622
f 3935/311/2626 3930/311/2622 3929/311/2622
f 3937/270/2627 3938/270/2627 3932/316/2624
f 3937/270/2627 3932/316/2624 3931/316/2623
f 3939/313/2628 3940/313/2628 3934/313/2625
f 3939/313/2628 3934/313/2625 3933/313/2625
f 3941/311/2629 3942/311/2629 3936/311/2626
f 3941/311/2629 3936/311/2626 3935/311/2626
f 3789/270/2528 3788/270/2528 3938/270/2627
f 3789/270/2528 3938/270/2627 3937/270/2627
f 3902/314/2606 3901/314/2606 3940/313/2628
f 3902/314/2606 3940/313/2628 3939/313/2628
f 3906/311/2608 3905/311/2608 3942/311/2629
f 3906/311/2608 3942/311/2629 3941/311/2629
f 3943/318/257 3944/319/2391 3945/320/2392
f 3943/318/257 3945/320/2392 3946/321/1295
f 3947/322/1284 3948/323/2389 3949/324/2390
f 3947/322/1284 3949/324/2390 3950/325/1283
f 3951/326/1291 3952/327/2630 3953/328/2631
f 3951/326/1291 3953/328/2631 3954/329/2632
f 3946/321/1295 3945/320/2392 3955/327/2393
f 3946/321/1295 3955/327/2393 3956/326/1294
f 3950/325/1283 3949/324/2390 3944/319/2391
f 3950/325/1283 3944/319/2391 3943/318/257
f 3957/322/1051 3958/323/2633 3948/323/2389
f 3957/322/1051 3948/323/2389 3947/322/1284
f 3956/326/1294 3955/327/2393 3952/327/2630
f 3956/326/1294 3952/327/2630 3951/326/1291
f 3959/30/2462 107/30/10 108/30/1
f 3959/30/2462 108/30/1 3960/30/1
f 3958/323/2633 3961/330/2634 3962/330/2635
f 3958/323/2633 3962/330/2635 3963/323/2636
f 3963/323/2636 3962/330/2635 3964/28/2637
f 3963/323/2636 3964/28/2637 3965/27/2638
f 3965/27/2638 3964/28/2637 101/28/6
f 3965/27/2638 101/28/6 100/27/5
f 3948/323/2389 3958/323/2633 3963/323/2636
f 3948/323/2389 3963/323/2636 3966/323/2455
f 3966/323/2455 3963/323/2636 3965/27/2638
f 3966/323/2455 3965/27/2638 3967/27/2457
f 3967/27/2457 3965/27/2638 100/27/5
f 3967/27/2457 100/27/5 106/27/9
f 3949/324/2390 3948/323/2389 3966/323/2455
f 3949/324/2390 3966/323/2455 3968/324/2458
f 3968/324/2458 3966/323/2455 3967/27/2457
f 3968/324/2458 3967/27/2457 3969/331/2459
f 3969/331/2459 3967/27/2457 106/27/9
f 3969/331/2459 106/27/9 107/30/10
f 3944/319/2391 3949/324/2390 3968/324/2458
f 3944/319/2391 3968/324/2458 3970/319/2460
f 3970/319/2460 3968/324/2458 3969/331/2459
f 3970/319/2460 3969/331/2459 3971/30/2461
f 3971/30/2461 3969/331/2459 107/30/10
f 3971/30/2461 107/30/10 3959/30/2462
f 3945/320/2392 3944/319/2391 3970/319/2460
f 3945/320/2392 3970/319/2460 3972/320/2463
f 3972/320/2463 3970/319/2460 3971/30/2461
f 3972/320/2463 3971/30/2461 3973/29/2464
f 3973/29/2464 3971/30/2461 3959/30/2462
f 3973/29/2464 3959/30/2462 103/29/7
f 3955/327/2393 3945/320/2392 3972/320/2463
f 3955/327/2393 3972/320/2463 3974/327/2465
f 3974/327/2465 3972/320/2463 3973/29/2464
f 3974/327/2465 3973/29/2464 3975/26/2466
f 3975/26/2466 3973/29/2464 103/29/7
f 3975/26/2466 103/29/7 105/26/8
f 3952/327/2630 3955/327/2393 3974/327/2465
f 3952/327/2630 3974/327/2465 3976/327/2639
f 3976/327/2639 3974/327/2465 3975/26/2466
f 3976/327/2639 3975/26/2466 3977/26/2640
f 3977/26/2640 3975/26/2466 105/26/8
f 3977/26/2640 105/26/8 98/26/4
f 3953/328/2631 3952/327/2630 3976/327/2639
f 3953/328/2631 3976/327/2639 3978/328/2641
f 3978/328/2641 3976/327/2639 3977/26/2640
f 3978/328/2641 3977/26/2640 3979/25/2642
f 3979/25/2642 3977/26/2640 98/26/4
f 3979/25/2642 98/26/4 97/25/3
f 3980/332/2643 3961/330/2634 3958/323/2633
f 3980/332/2643 3958/323/2633 3957/322/1051
f 104/29/1 103/29/7 3959/30/2462
f 104/29/1 3959/30/2462 3960/30/1
f 3943/318/257 3946/321/1295 3981/320/2521
f 3943/318/257 3981/320/2521 3982/319/2520
f 3947/322/1284 3950/325/1283 3983/324/2519
f 3947/322/1284 3983/324/2519 3984/323/2518
f 3951/326/1291 3954/329/2632 3985/328/2644
f 3951/326/1291 3985/328/2644 3986/327/2645
f 3946/321/1295 3956/326/1294 3987/327/2522
f 3946/321/1295 3987/327/2522 3981/320/2521
f 3950/325/1283 3943/318/257 3982/319/2520
f 3950/325/1283 3982/319/2520 3983/324/2519
f 3957/322/1051 3947/322/1284 3984/323/2518
f 3957/322/1051 3984/323/2518 3988/323/2646
f 3956/326/1294 3951/326/1291 3986/327/2645
f 3956/326/1294 3986/327/2645 3987/327/2522
f 3989/30/2590 3990/30/2 120/30/2
f 3989/30/2590 120/30/2 119/30/18
f 3988/323/2646 3991/323/2647 3992/330/2648
f 3988/323/2646 3992/330/2648 3993/330/2649
f 3991/323/2647 3994/27/2650 3995/28/2651
f 3991/323/2647 3995/28/2651 3992/330/2648
f 3994/27/2650 112/27/13 114/28/14
f 3994/27/2650 114/28/14 3995/28/2651
f 3984/323/2518 3996/323/2583 3991/323/2647
f 3984/323/2518 3991/323/2647 3988/323/2646
f 3996/323/2583 3997/27/2585 3994/27/2650
f 3996/323/2583 3994/27/2650 3991/323/2647
f 3997/27/2585 118/27/17 112/27/13
f 3997/27/2585 112/27/13 3994/27/2650
f 3983/324/2519 3998/324/2586 3996/323/2583
f 3983/324/2519 3996/323/2583 3984/323/2518
f 3998/324/2586 3999/331/2587 3997/27/2585
f 3998/324/2586 3997/27/2585 3996/323/2583
f 3999/331/2587 119/30/18 118/27/17
f 3999/331/2587 118/27/17 3997/27/2585
f 3982/319/2520 4000/319/2588 3998/324/2586
f 3982/319/2520 3998/324/2586 3983/324/2519
f 4000/319/2588 4001/30/2589 3999/331/2587
f 4000/319/2588 3999/331/2587 3998/324/2586
f 4001/30/2589 3989/30/2590 119/30/18
f 4001/30/2589 119/30/18 3999/331/2587
f 3981/320/2521 4002/320/2591 4000/319/2588
f 3981/320/2521 4000/319/2588 3982/319/2520
f 4002/320/2591 4003/29/2592 4001/30/2589
f 4002/320/2591 4001/30/2589 4000/319/2588
f 4003/29/2592 115/29/15 3989/30/2590
f 4003/29/2592 3989/30/2590 4001/30/2589
f 3987/327/2522 4004/327/2593 4002/320/2591
f 3987/327/2522 4002/320/2591 3981/320/2521
f 4004/327/2593 4005/26/2594 4003/29/2592
f 4004/327/2593 4003/29/2592 4002/320/2591
f 4005/26/2594 117/26/16 115/29/15
f 4005/26/2594 115/29/15 4003/29/2592
f 3986/327/2645 4006/327/2652 4004/327/2593
f 3986/327/2645 4004/327/2593 3987/327/2522
f 4006/327/2652 4007/26/2653 4005/26/2594
f 4006/327/2652 4005/26/2594 4004/327/2593
f 4007/26/2653 111/26/12 117/26/16
f 4007/26/2653 117/26/16 4005/26/2594
f 3985/328/2644 4008/328/2654 4006/327/2652
f 3985/328/2644 4006/327/2652 3986/327/2645
f 4008/328/2654 4009/25/2655 4007/26/2653
f 4008/328/2654 4007/26/2653 4006/327/2652
f 4009/25/2655 109/25/11 111/26/12
f 4009/25/2655 111/26/12 4007/26/2653
f 3980/332/2643 3957/322/1051 3988/323/2646
f 3980/332/2643 3988/323/2646 3993/330/2649
f 116/29/2 3990/30/2 3989/30/2590
f 116/29/2 3989/30/2590 115/29/15
f 4010/318/1119 4011/321/1288 4012/320/2656
f 4010/318/1119 4012/320/2656 4013/319/2657
f 4014/322/1292 4015/325/1289 4016/324/2658
f 4014/322/1292 4016/324/2658 4017/323/2659
f 4018/326/1282 4019/329/2660 4020/328/2661
f 4018/326/1282 4020/328/2661 4021/327/2662
f 4011/321/1288 4022/326/1286 4023/327/2663
f 4011/321/1288 4023/327/2663 4012/320/2656
f 4015/325/1289 4010/318/1119 4013/319/2657
f 4015/325/1289 4013/319/2657 4016/324/2658
f 4024/322/1041 4014/322/1292 4017/323/2659
f 4024/322/1041 4017/323/2659 4025/323/2664
f 4022/326/1286 4018/326/1282 4021/327/2662
f 4022/326/1286 4021/327/2662 4023/327/2663
f 4026/30/2665 4027/30/20 132/30/20
f 4026/30/2665 132/30/20 131/30/27
f 4025/323/2664 4028/323/2666 4029/330/2667
f 4025/323/2664 4029/330/2667 4030/330/2668
f 4028/323/2666 4031/27/2669 4032/28/2670
f 4028/323/2666 4032/28/2670 4029/330/2667
f 4031/27/2669 124/27/22 126/28/23
f 4031/27/2669 126/28/23 4032/28/2670
f 4017/323/2659 4033/323/2671 4028/323/2666
f 4017/323/2659 4028/323/2666 4025/323/2664
f 4034/323/2672 4035/27/2673 4031/27/2669
f 4034/323/2672 4031/27/2669 4028/323/2666
f 4035/27/2673 130/27/26 124/27/22
f 4035/27/2673 124/27/22 4031/27/2669
f 4016/324/2658 4036/324/2674 4033/323/2671
f 4016/324/2658 4033/323/2671 4017/323/2659
f 4037/324/2675 4038/331/2676 4035/27/2673
f 4037/324/2675 4035/27/2673 4034/323/2672
f 4038/331/2676 131/30/27 130/27/26
f 4038/331/2676 130/27/26 4035/27/2673
f 4013/319/2657 4039/319/2677 4036/324/2674
f 4013/319/2657 4036/324/2674 4016/324/2658
f 4040/319/2678 4041/30/2679 4038/331/2676
f 4040/319/2678 4038/331/2676 4037/324/2675
f 4041/30/2679 4026/30/2665 131/30/27
f 4041/30/2679 131/30/27 4038/331/2676
f 4012/320/2656 4042/320/2680 4039/319/2677
f 4012/320/2656 4039/319/2677 4013/319/2657
f 4043/320/2681 4044/29/2682 4041/30/2679
f 4043/320/2681 4041/30/2679 4040/319/2678
f 4044/29/2682 127/29/24 4026/30/2665
f 4044/29/2682 4026/30/2665 4041/30/2679
f 4023/327/2663 4045/327/2683 4042/320/2680
f 4023/327/2663 4042/320/2680 4012/320/2656
f 4046/327/2684 4047/26/2685 4044/29/2682
f 4046/327/2684 4044/29/2682 4043/320/2681
f 4047/26/2685 129/26/25 127/29/24
f 4047/26/2685 127/29/24 4044/29/2682
f 4021/327/2662 4048/327/2686 4045/327/2683
f 4021/327/2662 4045/327/2683 4023/327/2663
f 4048/327/2686 4049/26/2687 4047/26/2685
f 4048/327/2686 4047/26/2685 4046/327/2684
f 4049/26/2687 123/26/21 129/26/25
f 4049/26/2687 129/26/25 4047/26/2685
f 4020/328/2661 4050/328/2688 4048/327/2686
f 4020/328/2661 4048/327/2686 4021/327/2662
f 4050/328/2688 4051/25/2689 4049/26/2687
f 4050/328/2688 4049/26/2687 4048/327/2686
f 4051/25/2689 121/25/19 123/26/21
f 4051/25/2689 123/26/21 4049/26/2687
f 4052/332/2690 4024/322/1041 4025/323/2664
f 4052/332/2690 4025/323/2664 4030/330/2668
f 128/29/20 4027/30/20 4026/30/2665
f 128/29/20 4026/30/2665 127/29/24
f 4010/318/1119 4053/319/2691 4054/320/2692
f 4010/318/1119 4054/320/2692 4011/321/1288
f 4014/322/1292 4055/323/2693 4056/324/2694
f 4014/322/1292 4056/324/2694 4015/325/1289
f 4018/326/1282 4057/327/2695 4058/328/2696
f 4018/326/1282 4058/328/2696 4019/329/2660
f 4011/321/1288 4054/320/2692 4059/327/2697
f 4011/321/1288 4059/327/2697 4022/326/1286
f 4015/325/1289 4056/324/2694 4053/319/2691
f 4015/325/1289 4053/319/2691 4010/318/1119
f 4024/322/1041 4060/323/2698 4055/323/2693
f 4024/322/1041 4055/323/2693 4014/322/1292
f 4022/326/1286 4059/327/2697 4057/327/2695
f 4022/326/1286 4057/327/2695 4018/326/1282
f 4061/30/2699 143/30/36 144/30/30
f 4061/30/2699 144/30/30 4062/30/30
f 4060/323/2698 4063/330/2700 4064/330/2701
f 4060/323/2698 4064/330/2701 4065/323/2702
f 4065/323/2702 4064/330/2701 4066/28/2703
f 4065/323/2702 4066/28/2703 4067/27/2704
f 4067/27/2704 4066/28/2703 137/28/32
f 4067/27/2704 137/28/32 136/27/31
f 4055/323/2693 4060/323/2698 4065/323/2702
f 4055/323/2693 4065/323/2702 4068/323/2705
f 4069/323/2706 4065/323/2702 4067/27/2704
f 4069/323/2706 4067/27/2704 4070/27/2707
f 4070/27/2707 4067/27/2704 136/27/31
f 4070/27/2707 136/27/31 142/27/35
f 4056/324/2694 4055/323/2693 4068/323/2705
f 4056/324/2694 4068/323/2705 4071/324/2708
f 4072/324/2709 4069/323/2706 4070/27/2707
f 4072/324/2709 4070/27/2707 4073/331/2710
f 4073/331/2710 4070/27/2707 142/27/35
f 4073/331/2710 142/27/35 143/30/36
f 4053/319/2691 4056/324/2694 4071/324/2708
f 4053/319/2691 4071/324/2708 4074/319/2711
f 4075/319/2712 4072/324/2709 4073/331/2710
f 4075/319/2712 4073/331/2710 4076/30/2713
f 4076/30/2713 4073/331/2710 143/30/36
f 4076/30/2713 143/30/36 4061/30/2699
f 4054/320/2692 4053/319/2691 4074/319/2711
f 4054/320/2692 4074/319/2711 4077/320/2714
f 4078/320/2715 4075/319/2712 4076/30/2713
f 4078/320/2715 4076/30/2713 4079/29/2716
f 4079/29/2716 4076/30/2713 4061/30/2699
f 4079/29/2716 4061/30/2699 139/29/33
f 4059/327/2697 4054/320/2692 4077/320/2714
f 4059/327/2697 4077/320/2714 4080/327/2717
f 4081/327/2718 4078/320/2715 4079/29/2716
f 4081/327/2718 4079/29/2716 4082/26/2719
f 4082/26/2719 4079/29/2716 139/29/33
f 4082/26/2719 139/29/33 141/26/34
f 4057/327/2695 4059/327/2697 4080/327/2717
f 4057/327/2695 4080/327/2717 4083/327/2720
f 4083/327/2720 4081/327/2718 4082/26/2719
f 4083/327/2720 4082/26/2719 4084/26/2721
f 4084/26/2721 4082/26/2719 141/26/34
f 4084/26/2721 141/26/34 134/26/29
f 4058/328/2696 4057/327/2695 4083/327/2720
f 4058/328/2696 4083/327/2720 4085/328/2722
f 4085/328/2722 4083/327/2720 4084/26/2721
f 4085/328/2722 4084/26/2721 4086/25/2723
f 4086/25/2723 4084/26/2721 134/26/29
f 4086/25/2723 134/26/29 133/25/28
f 4052/332/2690 4063/330/2700 4060/323/2698
f 4052/332/2690 4060/323/2698 4024/322/1041
f 140/29/30 139/29/33 4061/30/2699
f 140/29/30 4061/30/2699 4062/30/30
f 4087/330/2724 4088/330/2725 4089/330/2725
f 4087/330/2724 4089/330/2725 4090/330/2726
f 4091/28/2727 4087/330/2724 4090/330/2726
f 4091/28/2727 4090/330/2726 4092/28/2728
f 4093/28/2729 4091/28/2727 4092/28/2728
f 4093/28/2729 4092/28/2728 4094/28/2730
f 4095/328/2731 4096/328/2732 4097/328/2733
f 4095/328/2731 4097/328/2733 4098/328/2734
f 4096/328/2732 4099/25/2735 4100/25/2736
f 4096/328/2732 4100/25/2736 4097/328/2733
f 4099/25/2735 4101/25/2737 4102/25/2738
f 4099/25/2735 4102/25/2738 4100/25/2736
f 4088/330/2725 4103/332/2739 4104/332/2739
f 4088/330/2725 4104/332/2739 4089/330/2725
f 4105/25/2740 4106/29/2741 4107/29/2742
f 4105/25/2740 4107/29/2742 4108/25/2743
f 4109/30/2744 4110/27/2745 4111/27/2745
f 4109/30/2744 4111/27/2745 4112/30/2746
f 4113/30/1119 4109/30/2744 4112/30/2746
f 4113/30/1119 4112/30/2746 4114/30/1119
f 4110/27/2745 4093/28/2729 4094/28/2730
f 4110/27/2745 4094/28/2730 4111/27/2745
f 4106/29/2741 4113/30/1119 4114/30/1119
f 4106/29/2741 4114/30/1119 4107/29/2742
f 4101/25/2737 4105/25/2740 4108/25/2743
f 4101/25/2737 4108/25/2743 4102/25/2738
f 4115/329/2747 4095/328/2731 4098/328/2734
f 4115/329/2747 4098/328/2734 4116/329/2747
f 4117/330/2748 4118/330/2749 4119/330/2750
f 4117/330/2748 4119/330/2750 4120/330/2751
f 4118/330/2749 4121/28/2752 4122/28/2753
f 4118/330/2749 4122/28/2753 4119/330/2750
f 4121/28/2752 4123/28/2754 4124/28/2755
f 4121/28/2752 4124/28/2755 4122/28/2753
f 4125/328/2756 4126/328/2757 4127/328/2757
f 4125/328/2756 4127/328/2757 4128/328/2758
f 4129/25/2759 4125/328/2756 4128/328/2758
f 4129/25/2759 4128/328/2758 4130/25/2760
f 4131/25/2761 4129/25/2759 4130/25/2760
f 4131/25/2761 4130/25/2760 4132/25/2762
f 4103/332/2739 4117/330/2748 4120/330/2751
f 4103/332/2739 4120/330/2751 4104/332/2739
f 4133/29/2742 4134/25/2763 4135/25/2764
f 4133/29/2742 4135/25/2764 4136/29/2741
f 4137/27/2765 4138/30/2746 4139/30/2744
f 4137/27/2765 4139/30/2744 4140/27/2765
f 4138/30/2746 4141/30/1119 4142/30/1119
f 4138/30/2746 4142/30/1119 4139/30/2744
f 4123/28/2754 4137/27/2765 4140/27/2765
f 4123/28/2754 4140/27/2765 4124/28/2755
f 4141/30/1119 4133/29/2742 4136/29/2741
f 4141/30/1119 4136/29/2741 4142/30/1119
f 4134/25/2763 4131/25/2761 4132/25/2762
f 4134/25/2763 4132/25/2762 4135/25/2764
f 4126/328/2757 4115/329/2747 4116/329/2747
f 4126/328/2757 4116/329/2747 4127/328/2757
f 226/50/102 208/58/84 229/60/105
f 208/58/84 226/50/102 209/58/85
f 209/58/85 226/50/102 221/52/97
f 209/58/85 221/52/97 214/59/90
f 214/59/90 221/52/97 220/52/96
f 214/59/90 220/52/96 217/59/93
f 217/59/93 220/52/96 241/34/117
f 217/59/93 241/34/117 204/55/80
f 204/55/80 241/34/117 238/34/114
f 204/55/80 238/34/114 199/55/75
f 199/55/75 238/34/114 233/34/109
f 199/55/75 233/34/109 191/55/67
f 191/55/67 233/34/109 232/61/108
f 191/55/67 232/61/108 192/55/68
f 333/58/192 362/60/221 330/58/189
f 362/60/221 333/58/192 358/50/217
f 358/50/217 333/58/192 340/59/199
f 358/50/217 340/59/199 351/52/210
f 351/52/210 340/59/199 344/59/203
f 351/52/210 344/59/203 348/52/207
f 348/52/207 344/59/203 324/55/183
f 348/52/207 324/55/183 380/34/239
f 380/34/239 324/55/183 376/34/235
f 376/34/235 324/55/183 318/55/176
f 376/34/235 318/55/176 369/34/228
f 369/34/228 318/55/176 307/55/165
f 369/34/228 307/55/165 366/61/225
f 366/61/225 307/55/165 310/55/168
f 4163/67/2766 4161/333/2767 4162/67/2768
f 4161/333/2767 4163/67/2766 4164/67/2769
f 4161/333/2767 4164/67/2769 4160/333/274
f 4160/333/274 4164/67/2769 4165/67/2770
f 4160/333/274 4165/67/2770 4159/333/276
f 4159/333/276 4165/67/2770 4166/67/2771
f 4159/333/276 4166/67/2771 4158/333/2772
f 4158/333/2772 4166/67/2771 4143/69/2773
f 4158/333/2772 4143/69/2773 4157/334/280
f 4157/334/280 4143/69/2773 4144/69/2774
f 4157/334/280 4144/69/2774 4156/334/2775
f 4156/334/2775 4144/69/2774 4145/69/2776
f 4156/334/2775 4145/69/2776 4155/334/2777
f 4155/334/2777 4145/69/2776 4146/69/2778
f 4155/334/2777 4146/69/2778 4154/334/286
f 4154/334/286 4146/69/2778 4147/69/2779
f 4154/334/286 4147/69/2779 4153/334/2780
f 4153/334/2780 4147/69/2779 4148/69/2781
f 4153/334/2780 4148/69/2781 4152/334/2782
f 4152/334/2782 4148/69/2781 4149/69/2783
f 4152/334/2782 4149/69/2783 4151/334/2784
f 4151/334/2784 4149/69/2783 4150/69/2785
f 4167/335/273 446/64/269 448/64/271
f 446/64/269 4167/335/273 4168/335/2786
f 446/64/269 4168/335/2786 444/64/267
f 444/64/267 4168/335/2786 4169/335/2787
f 444/64/267 4169/335/2787 442/64/265
f 442/64/265 4169/335/2787 4170/335/279
f 442/64/265 4170/335/279 440/64/263
f 440/64/263 4170/335/279 4171/335/2788
f 440/64/263 4171/335/2788 438/64/261
f 438/64/261 4171/335/2788 4172/335/2789
f 438/64/261 4172/335/2789 435/64/258
f 435/64/258 4172/335/2789 4173/335/285
f 435/64/258 4173/335/285 4183/64/2790
f 4183/64/2790 4173/335/285 4174/333/2791
f 4183/64/2790 4174/333/2791 4182/67/2792
f 4182/67/2792 4174/333/2791 4175/333/2793
f 4182/67/2792 4175/333/2793 4181/67/2794
f 4181/67/2794 4175/333/2793 4176/333/291
f 4181/67/2794 4176/333/291 4180/67/2795
f 4180/67/2795 4176/333/291 4177/333/2796
f 4180/67/2795 4177/333/2796 4179/67/297
f 4179/67/297 4177/333/2796 4178/67/2797
f 531/75/353 487/72/309 486/71/308
f 487/72/309 531/75/353 529/74/351
f 487/72/309 529/74/351 489/74/311
f 489/74/311 529/74/351 527/74/349
f 489/74/311 527/74/349 491/74/313
f 491/74/313 527/74/349 525/74/347
f 491/74/313 525/74/347 493/74/315
f 493/74/315 525/74/347 523/74/345
f 493/74/315 523/74/345 495/74/317
f 495/74/317 523/74/345 521/74/343
f 495/74/317 521/74/343 497/74/319
f 497/74/319 521/74/343 519/74/341
f 497/74/319 519/74/341 499/74/321
f 499/74/321 519/74/341 517/74/339
f 499/74/321 517/74/339 501/74/323
f 501/74/323 517/74/339 515/74/337
f 501/74/323 515/74/337 503/74/325
f 503/74/325 515/74/337 513/74/335
f 503/74/325 513/74/335 505/74/327
f 505/74/327 513/74/335 511/74/333
f 505/74/327 511/74/333 507/74/329
f 507/74/329 511/74/333 509/74/331
f 488/73/310 532/76/354 485/70/307
f 532/76/354 488/73/310 490/75/312
f 532/76/354 490/75/312 530/75/352
f 530/75/352 490/75/312 492/75/314
f 530/75/352 492/75/314 528/75/350
f 528/75/350 492/75/314 494/75/316
f 528/75/350 494/75/316 526/75/348
f 526/75/348 494/75/316 496/75/318
f 526/75/348 496/75/318 524/75/346
f 524/75/346 496/75/318 498/75/320
f 524/75/346 498/75/320 522/75/344
f 522/75/344 498/75/320 500/75/322
f 522/75/344 500/75/322 520/75/342
f 520/75/342 500/75/322 502/75/324
f 520/75/342 502/75/324 518/75/340
f 518/75/340 502/75/324 504/75/326
f 518/75/340 504/75/326 516/75/338
f 516/75/338 504/75/326 506/75/328
f 516/75/338 506/75/328 514/75/336
f 514/75/336 506/75/328 508/75/330
f 514/75/336 508/75/330 512/75/334
f 512/75/334 508/75/330 510/75/332
f 535/72/353 580/75/309 536/71/308
f 580/75/309 535/72/353 538/74/351
f 580/75/309 538/74/351 578/74/311
f 578/74/311 538/74/351 540/74/349
f 578/74/311 540/74/349 576/74/313
f 576/74/313 540/74/349 542/74/347
f 576/74/313 542/74/347 574/74/315
f 574/74/315 542/74/347 544/74/345
f 574/74/315 544/74/345 572/74/317
f 572/74/317 544/74/345 546/74/343
f 572/74/317 546/74/343 570/74/319
f 570/74/319 546/74/343 548/74/341
f 570/74/319 548/74/341 568/74/321
f 568/74/321 548/74/341 550/74/339
f 568/74/321 550/74/339 566/74/323
f 566/74/323 550/74/339 552/74/337
f 566/74/323 552/74/337 564/74/325
f 564/74/325 552/74/337 554/74/335
f 564/74/325 554/74/335 562/74/327
f 562/74/327 554/74/335 556/74/333
f 562/74/327 556/74/333 560/74/329
f 560/74/329 556/74/333 558/74/331
f 579/76/310 534/73/354 533/70/307
f 534/73/354 579/76/310 577/75/312
f 534/73/354 577/75/312 537/75/352
f 537/75/352 577/75/312 575/75/314
f 537/75/352 575/75/314 539/75/350
f 539/75/350 575/75/314 573/75/316
f 539/75/350 573/75/316 541/75/348
f 541/75/348 573/75/316 571/75/318
f 541/75/348 571/75/318 543/75/346
f 543/75/346 571/75/318 569/75/320
f 543/75/346 569/75/320 545/75/344
f 545/75/344 569/75/320 567/75/322
f 545/75/344 567/75/322 547/75/342
f 547/75/342 567/75/322 565/75/324
f 547/75/342 565/75/324 549/75/340
f 549/75/340 565/75/324 563/75/326
f 549/75/340 563/75/326 551/75/338
f 551/75/338 563/75/326 561/75/328
f 551/75/338 561/75/328 553/75/336
f 553/75/336 561/75/328 559/75/330
f 553/75/336 559/75/330 555/75/334
f 555/75/334 559/75/330 557/75/332
s 0
f 4204/336/1 4202/336/1 4203/336/1
f 4202/336/1 4204/336/1 4205/336/1
f 4202/336/1 4205/336/1 4201/336/1
f 4201/336/1 4205/336/1 4206/336/1
f 4201/336/1 4206/336/1 4200/336/1
f 4200/336/1 4206/336/1 4207/336/1
f 4200/336/1 4207/336/1 4199/336/1
f 4199/336/1 4207/336/1 4184/336/1
f 4199/336/1 4184/336/1 4198/336/1
f 4198/336/1 4184/336/1 4185/336/1
f 4198/336/1 4185/336/1 4197/336/1
f 4197/336/1 4185/336/1 4186/336/1
f 4197/336/1 4186/336/1 4196/336/1
f 4196/336/1 4186/336/1 4187/336/1
f 4196/336/1 4187/336/1 4195/336/1
f 4195/336/1 4187/336/1 4188/336/1
f 4195/336/1 4188/336/1 4194/336/1
f 4194/336/1 4188/336/1 4189/336/1
f 4194/336/1 4189/336/1 4193/336/1
f 4193/336/1 4189/336/1 4190/336/1
f 4193/336/1 4190/336/1 4192/336/1
f 4192/336/1 4190/336/1 4191/336/1
f 4214/336/2 4212/336/2 4213/336/2
f 4212/336/2 4214/336/2 4215/336/2
f 4212/336/2 4215/336/2 4211/336/2
f 4211/336/2 4215/336/2 4216/336/2
f 4211/336/2 4216/336/2 4210/336/2
f 4210/336/2 4216/336/2 4217/336/2
f 4210/336/2 4217/336/2 4209/336/2
f 4209/336/2 4217/336/2 4218/336/2
f 4209/336/2 4218/336/2 4208/336/2
f 4208/336/2 4218/336/2 4219/336/2
f 4208/336/2 4219/336/2 4231/336/2
f 4231/336/2 4219/336/2 4220/336/2
f 4231/336/2 4220/336/2 4230/336/2
f 4230/336/2 4220/336/2 4221/336/2
f 4230/336/2 4221/336/2 4229/336/2
f 4229/336/2 4221/336/2 4222/336/2
f 4229/336/2 4222/336/2 4228/336/2
f 4228/336/2 4222/336/2 4223/336/2
f 4228/336/2 4223/336/2 4227/336/2
f 4227/336/2 4223/336/2 4224/336/2
f 4227/336/2 4224/336/2 4226/336/2
f 4226/336/2 4224/336/2 4225/336/2
