# Blender 5.2.0 LTS
# www.blender.org
mtllib 18_1_Airplane_AIRPORT_0.mtl
o 18.1.Airplane_AIRPORT_0
v 18.985588 -1.596462 -3.135222
v 19.997391 -1.515231 -2.882757
v 19.953495 -2.085273 -3.116464
v 18.459835 0.227362 -2.836468
v 18.840767 0.808265 -2.533729
v 18.761766 0.367351 -2.665150
v 20.867203 -1.420938 -2.595781
v 20.812887 -1.761701 -2.800516
v 19.445709 0.433458 -2.381747
v 21.477079 -1.344853 -2.261184
v 21.772495 -1.669756 -2.522285
v 11.900196 -2.694304 -4.539096
v 10.979896 -1.998898 -4.342761
v 12.161975 -2.010256 -4.279058
v 20.867203 -1.420938 -2.595781
v 19.997391 -1.515231 -2.882757
v 20.201817 -0.891942 -2.617612
v 18.985588 -1.596462 -3.135222
v 19.081026 -1.000376 -2.978286
v 21.477079 -1.344853 -2.261184
v 21.109344 -0.982747 -2.236199
v 18.308603 -0.002863 -2.924401
v 17.561543 0.408871 -3.116507
v 18.761766 0.367351 -2.665150
v 18.664537 0.126407 -2.801803
v 18.459835 0.227362 -2.836468
v 3.692431 0.095326 -3.712308
v 3.840241 0.783926 -3.430628
v 3.842175 0.024573 -3.745817
v -9.609493 0.095326 -3.134292
v -9.607571 -0.144439 -3.214481
v -9.759241 0.024574 -3.154995
v -5.696376 0.095326 -3.331178
v -5.693654 0.723939 -3.078540
v -5.546631 0.024573 -3.366783
v 1.628542 -4.085564 -19.918072
v 1.560527 -4.085773 -20.156235
v 1.843282 -4.085675 -20.039310
v 1.680929 -2.632853 -19.749781
v 1.895504 -2.635581 -19.871824
v 1.612796 -2.638238 -19.989576
v 3.313689 -4.080364 -13.911843
v 3.246982 -4.080594 -14.151012
v 3.529220 -4.080476 -14.031648
v 3.535718 -2.501405 -14.010685
v 3.253554 -2.504141 -14.130177
v 3.320240 -2.498709 -13.890756
v -25.291851 8.058228 0.000007
v -25.290295 7.917068 0.000007
v -25.291271 7.917076 0.000007
v -25.203770 5.401224 0.000008
v -25.200031 5.260270 0.000008
v -25.200363 5.260153 0.000008
v 18.985592 -1.596460 3.135213
v 19.953497 -2.085271 3.116455
v 19.997393 -1.515229 2.882747
v 18.459839 0.227363 2.836458
v 18.761768 0.367352 2.665140
v 18.840769 0.808266 2.533718
v 20.812889 -1.761698 2.800506
v 20.867203 -1.420936 2.595770
v 19.445713 0.433461 2.381736
v 21.772497 -1.669755 2.522274
v 21.477081 -1.344851 2.261173
v 11.900199 -2.694301 4.539092
v 12.161978 -2.010253 4.279054
v 10.979898 -1.998895 4.342757
v 20.867203 -1.420936 2.595770
v 20.201817 -0.891941 2.617602
v 19.997393 -1.515229 2.882747
v 19.081028 -1.000374 2.978277
v 18.985592 -1.596460 3.135213
v 21.477081 -1.344851 2.261173
v 21.109344 -0.982745 2.236188
v 18.308605 -0.002861 2.924391
v 17.561544 0.408873 3.116497
v 18.761768 0.367352 2.665140
v 18.459839 0.227363 2.836458
v 18.664539 0.126408 2.801793
v 3.692433 0.095328 3.712308
v 3.842178 0.024576 3.745817
v 3.840243 0.783929 3.430627
v -9.609489 0.095328 3.134300
v -9.759237 0.024576 3.155004
v -9.607567 -0.144436 3.214490
v -5.696374 0.095328 3.331184
v -5.546629 0.024576 3.366789
v -5.693652 0.723941 3.078546
v 1.628556 -4.085551 19.918076
v 1.843296 -4.085662 20.039314
v 1.560541 -4.085760 20.156242
v 1.680941 -2.632841 19.749781
v 1.612809 -2.638226 19.989576
v 1.895518 -2.635570 19.871828
v 3.313698 -4.080355 13.911844
v 3.529229 -4.080467 14.031649
v 3.246991 -4.080585 14.151013
v 3.535727 -2.501395 14.010686
v 3.320250 -2.498700 13.890757
v 3.253563 -2.504132 14.130177
v 8.208021 -5.665495 -14.203051
v 8.208021 -5.599506 -14.148894
v 8.414578 -5.907432 -13.840967
v 8.208021 -6.309759 -13.674318
v 8.208021 -6.334539 -13.756010
v 8.208021 -5.545349 -14.082904
v 8.208021 -6.342907 -13.840967
v 8.208021 -5.505106 -14.007616
v 8.208021 -6.334539 -13.925924
v 8.208021 -5.480326 -13.925924
v 8.208021 -6.309759 -14.007616
v 8.208021 -5.471958 -13.840967
v 8.208021 -6.269516 -14.082904
v 8.208021 -5.480326 -13.756010
v 8.208021 -6.215360 -14.148894
v 8.208021 -5.505106 -13.674318
v 8.208021 -6.149369 -14.203051
v 8.208021 -5.545349 -13.599030
v 8.208021 -6.074081 -14.243294
v 8.208021 -5.907433 -13.405492
v 8.208021 -5.992390 -13.413860
v 8.208021 -5.599506 -13.533040
v 8.208021 -5.992389 -14.268074
v 8.208021 -6.074082 -13.438642
v 8.208021 -5.665496 -13.478883
v 8.208021 -5.907432 -14.276442
v 8.208021 -6.149370 -13.478883
v 8.208021 -5.740784 -13.438642
v 8.208021 -5.822476 -14.268074
v 8.208021 -6.215360 -13.533040
v 8.208021 -5.822476 -13.413860
v 8.208021 -5.740784 -14.243294
v 8.208021 -6.269516 -13.599030
v 0.449008 -5.727938 -14.020457
v 0.449008 -5.766405 -14.052027
v 0.689706 -5.907434 -13.840962
v 0.449008 -6.156402 -13.791439
v 0.449008 -6.141957 -13.743820
v 0.449008 -5.696369 -13.981991
v 0.449008 -6.161279 -13.840962
v 0.449008 -5.672911 -13.938106
v 0.449008 -6.156402 -13.890485
v 0.449008 -5.658466 -13.890485
v 0.449008 -6.141957 -13.938106
v 0.449008 -5.653588 -13.840962
v 0.449008 -6.118499 -13.981991
v 0.449008 -5.658466 -13.791439
v 0.449008 -6.086930 -14.020457
v 0.449008 -5.672911 -13.743820
v 0.449008 -6.048463 -14.052027
v 0.449008 -5.696369 -13.699933
v 0.449008 -6.004576 -14.075485
v 0.449008 -5.956957 -13.591994
v 0.449008 -5.907434 -13.587117
v 0.449008 -5.727938 -13.661467
v 0.449008 -5.956956 -14.089931
v 0.449008 -6.004576 -13.606440
v 0.449008 -5.766405 -13.629897
v 0.449008 -5.907434 -14.094808
v 0.449008 -6.048463 -13.629897
v 0.449008 -5.810292 -13.606440
v 0.449008 -5.857911 -14.089931
v 0.449008 -6.086930 -13.661467
v 0.449008 -5.857912 -13.591994
v 0.449008 -5.810292 -14.075485
v 0.449008 -6.118499 -13.699933
v 8.208031 -5.665487 14.203024
v 8.414588 -5.907424 13.840940
v 8.208031 -5.599497 14.148865
v 8.208030 -6.309750 13.674288
v 8.208030 -6.334531 13.755983
v 8.208030 -5.545340 14.082873
v 8.208030 -6.342899 13.840940
v 8.208030 -5.505098 14.007588
v 8.208030 -6.334531 13.925898
v 8.208030 -5.480318 13.925898
v 8.208030 -6.309750 14.007588
v 8.208030 -5.471950 13.840940
v 8.208030 -6.269508 14.082873
v 8.208030 -5.480318 13.755983
v 8.208031 -6.215352 14.148865
v 8.208030 -5.505098 13.674288
v 8.208031 -6.149361 14.203024
v 8.208030 -5.545340 13.599000
v 8.208031 -6.074073 14.243265
v 8.208030 -5.907424 13.405465
v 8.208030 -5.992381 13.413832
v 8.208030 -5.599497 13.533011
v 8.208031 -5.992381 14.268044
v 8.208030 -6.074073 13.438613
v 8.208030 -5.665487 13.478855
v 8.208031 -5.907424 14.276413
v 8.208030 -6.149361 13.478855
v 8.208030 -5.740775 13.438613
v 8.208031 -5.822467 14.268044
v 8.208030 -6.215351 13.533011
v 8.208030 -5.822467 13.413832
v 8.208031 -5.740775 14.243265
v 8.208030 -6.269508 13.599000
v 0.449017 -5.727930 14.020432
v 0.689714 -5.907425 13.840938
v 0.449017 -5.766397 14.052003
v 0.449017 -6.156394 13.791413
v 0.449017 -6.141948 13.743796
v 0.449017 -5.696361 13.981966
v 0.449017 -6.161271 13.840938
v 0.449017 -5.672903 13.938081
v 0.449017 -6.156394 13.890460
v 0.449017 -5.658457 13.890460
v 0.449017 -6.141948 13.938081
v 0.449017 -5.653580 13.840938
v 0.449017 -6.118491 13.981966
v 0.449017 -5.658457 13.791413
v 0.449017 -6.086921 14.020432
v 0.449017 -5.672903 13.743796
v 0.449017 -6.048455 14.052003
v 0.449017 -5.696361 13.699907
v 0.449017 -6.004568 14.075459
v 0.449017 -5.956948 13.591969
v 0.449017 -5.907425 13.587092
v 0.449017 -5.727930 13.661441
v 0.449017 -5.956949 14.089907
v 0.449017 -6.004568 13.606415
v 0.449017 -5.766396 13.629872
v 0.449017 -5.907425 14.094783
v 0.449017 -6.048454 13.629872
v 0.449017 -5.810283 13.606415
v 0.449017 -5.857903 14.089907
v 0.449017 -6.086921 13.661441
v 0.449017 -5.857903 13.591969
v 0.449017 -5.810283 14.075459
v 0.449017 -6.118491 13.699907
v 15.414351 -8.647922 0.437387
v 15.414351 -8.647922 0.813986
v 15.187304 -8.677813 0.813986
v 15.187304 -8.677813 0.437387
v 14.748680 -8.560284 0.437387
v 14.748680 -8.560284 0.813986
v 14.566998 -8.420873 0.813986
v 14.566997 -8.420873 0.437387
v 14.427586 -8.239189 0.813986
v 14.427586 -8.239189 0.437387
v 14.339949 -8.027615 0.813986
v 14.339949 -8.027614 0.437387
v 14.310057 -7.800566 0.813986
v 14.310057 -7.800566 0.437387
v 14.339949 -7.573517 0.813986
v 14.339949 -7.573518 0.437387
v 14.427586 -7.361942 0.813986
v 14.427586 -7.361943 0.437387
v 14.566998 -7.180259 0.813985
v 14.566997 -7.180259 0.437387
v 14.748680 -7.040848 0.813985
v 14.748680 -7.040849 0.437387
v 14.960256 -6.953211 0.813985
v 14.960256 -6.953211 0.437387
v 15.187304 -6.923319 0.813985
v 15.187304 -6.923320 0.437387
v 15.414351 -6.953211 0.813985
v 15.414351 -6.953211 0.437387
v 15.625927 -7.040848 0.813985
v 15.625927 -7.040849 0.437387
v 15.807611 -7.180259 0.813985
v 15.807611 -7.180259 0.437387
v 15.947021 -7.361942 0.813985
v 15.947021 -7.361943 0.437387
v 16.034660 -7.573517 0.813985
v 16.034660 -7.573518 0.437387
v 16.064550 -7.800566 0.813985
v 16.064550 -7.800566 0.437387
v 16.034660 -8.027615 0.813985
v 16.034660 -8.027614 0.437387
v 15.947021 -8.239189 0.813985
v 15.947021 -8.239189 0.437387
v 15.807611 -8.420873 0.813985
v 15.807611 -8.420873 0.437387
v 15.625927 -8.560284 0.813986
v 15.625927 -8.560284 0.437387
v 14.960256 -8.647922 0.437387
v 14.960256 -8.647922 0.813986
v 15.697060 -8.094873 0.978243
v 15.755862 -7.952910 0.978243
v 15.536154 -7.894040 0.861343
v 15.500074 -7.981143 0.861343
v 14.966000 -8.626481 0.355258
v 15.187304 -8.655617 0.355258
v 14.981695 -8.567906 0.295136
v 15.187304 -8.594975 0.295135
v 15.003136 -8.487891 0.273129
v 15.187304 -8.512137 0.273129
v 15.187304 -8.655617 0.896115
v 14.966000 -8.626481 0.896115
v 15.187304 -8.594975 0.956237
v 14.981695 -8.567906 0.956237
v 15.187304 -8.512137 0.978244
v 15.003136 -8.487891 0.978244
v 14.759778 -8.541061 0.355258
v 14.790098 -8.488544 0.295136
v 14.831518 -8.416804 0.273129
v 14.759779 -8.541061 0.896115
v 14.790100 -8.488544 0.956237
v 14.831518 -8.416804 0.978244
v 14.582691 -8.405178 0.355258
v 14.625572 -8.362298 0.295136
v 14.684147 -8.303722 0.273129
v 14.582692 -8.405178 0.896115
v 14.625572 -8.362298 0.956238
v 14.684147 -8.303722 0.978244
v 14.446808 -8.228091 0.355258
v 14.499325 -8.197770 0.295136
v 14.571065 -8.156351 0.273129
v 14.446809 -8.228091 0.896115
v 14.499326 -8.197770 0.956237
v 14.571066 -8.156351 0.978244
v 14.361389 -8.021870 0.355258
v 14.419964 -8.006174 0.295136
v 14.499979 -7.984734 0.273129
v 14.361389 -8.021870 0.896115
v 14.419964 -8.006174 0.956237
v 14.499979 -7.984734 0.978244
v 14.332253 -7.800566 0.355258
v 14.392895 -7.800566 0.295136
v 14.475733 -7.800566 0.273129
v 14.332253 -7.800566 0.896115
v 14.392895 -7.800566 0.956237
v 14.475733 -7.800566 0.978244
v 14.361389 -7.579263 0.355258
v 14.419964 -7.594958 0.295135
v 14.499979 -7.616398 0.273129
v 14.361389 -7.579262 0.896115
v 14.419964 -7.594957 0.956237
v 14.499979 -7.616397 0.978244
v 14.446808 -7.373041 0.355258
v 14.499325 -7.403362 0.295135
v 14.571065 -7.444781 0.273129
v 14.446808 -7.373041 0.896115
v 14.499326 -7.403361 0.956237
v 14.571066 -7.444780 0.978244
v 14.582691 -7.195954 0.355258
v 14.625571 -7.238834 0.295135
v 14.684147 -7.297410 0.273129
v 14.582692 -7.195954 0.896115
v 14.625572 -7.238834 0.956237
v 14.684147 -7.297409 0.978244
v 14.759778 -7.060071 0.355258
v 14.790098 -7.112588 0.295135
v 14.831518 -7.184328 0.273129
v 14.759779 -7.060071 0.896115
v 14.790099 -7.112587 0.956237
v 14.831518 -7.184327 0.978244
v 14.966000 -6.974651 0.355258
v 14.981695 -7.033226 0.295135
v 15.003136 -7.113242 0.273129
v 14.966000 -6.974650 0.896114
v 14.981695 -7.033226 0.956237
v 15.003136 -7.113241 0.978243
v 15.187304 -6.945516 0.355258
v 15.187304 -7.006157 0.295135
v 15.187304 -7.088995 0.273129
v 15.187304 -6.945516 0.896114
v 15.187304 -7.006157 0.956237
v 15.187304 -7.088995 0.978243
v 15.408607 -6.974651 0.355258
v 15.392912 -7.033226 0.295135
v 15.371471 -7.113242 0.273129
v 15.408607 -6.974650 0.896114
v 15.392912 -7.033226 0.956237
v 15.371471 -7.113241 0.978243
v 15.614829 -7.060071 0.355258
v 15.584508 -7.112588 0.295135
v 15.543089 -7.184328 0.273129
v 15.614829 -7.060071 0.896114
v 15.584508 -7.112587 0.956237
v 15.543089 -7.184327 0.978243
v 15.791916 -7.195954 0.355258
v 15.749036 -7.238834 0.295135
v 15.690460 -7.297410 0.273129
v 15.791916 -7.195954 0.896114
v 15.749036 -7.238834 0.956237
v 15.690460 -7.297409 0.978243
v 15.927799 -7.373041 0.355258
v 15.875282 -7.403362 0.295135
v 15.803542 -7.444781 0.273129
v 15.927799 -7.373041 0.896114
v 15.875282 -7.403361 0.956237
v 15.803542 -7.444780 0.978243
v 16.013218 -7.579263 0.355258
v 15.954643 -7.594958 0.295135
v 15.874629 -7.616398 0.273129
v 16.013218 -7.579262 0.896114
v 15.954643 -7.594957 0.956237
v 15.874629 -7.616397 0.978243
v 16.042355 -7.800566 0.355258
v 15.981712 -7.800566 0.295135
v 15.898874 -7.800566 0.273129
v 16.042355 -7.800566 0.896114
v 15.981712 -7.800566 0.956237
v 15.898874 -7.800566 0.978243
v 16.013218 -8.021870 0.355258
v 15.954643 -8.006174 0.295135
v 15.874629 -7.984734 0.273129
v 16.013218 -8.021870 0.896114
v 15.954643 -8.006174 0.956237
v 15.874629 -7.984734 0.978243
v 15.927798 -8.228091 0.355258
v 15.875282 -8.197770 0.295135
v 15.803542 -8.156351 0.273129
v 15.927799 -8.228091 0.896114
v 15.875282 -8.197770 0.956237
v 15.803542 -8.156351 0.978243
v 15.791916 -8.405178 0.355258
v 15.749035 -8.362298 0.295135
v 15.690460 -8.303722 0.273129
v 15.791916 -8.405178 0.896115
v 15.749035 -8.362298 0.956237
v 15.690460 -8.303722 0.978244
v 15.614829 -8.541061 0.355258
v 15.584508 -8.488544 0.295135
v 15.543089 -8.416804 0.273129
v 15.614829 -8.541061 0.896115
v 15.584508 -8.488544 0.956237
v 15.543089 -8.416804 0.978244
v 15.408607 -8.626481 0.355258
v 15.392912 -8.567906 0.295135
v 15.371471 -8.487891 0.273129
v 15.408607 -8.626481 0.896115
v 15.392912 -8.567906 0.956237
v 15.371471 -8.487891 0.978244
v 15.187304 -8.389181 0.978244
v 15.034959 -8.369124 0.978244
v 14.892996 -8.310322 0.978244
v 14.771090 -8.216780 0.978244
v 14.677548 -8.094873 0.978244
v 14.618746 -7.952910 0.978244
v 14.598689 -7.800566 0.978244
v 14.618746 -7.648221 0.978244
v 14.677548 -7.506258 0.978244
v 14.771090 -7.384352 0.978244
v 14.892996 -7.290810 0.978244
v 15.034959 -7.232007 0.978243
v 15.187304 -7.211951 0.978243
v 15.339648 -7.232007 0.978243
v 15.481611 -7.290810 0.978243
v 15.603518 -7.384352 0.978243
v 15.697060 -7.506258 0.978243
v 15.755862 -7.648221 0.978243
v 15.775919 -7.800566 0.978243
v 15.603518 -8.216780 0.978244
v 15.481611 -8.310322 0.978244
v 15.339648 -8.369124 0.978244
v 15.187304 -7.439409 0.861343
v 15.280778 -7.451715 0.861343
v 14.838453 -7.894040 0.861343
v 14.826147 -7.800565 0.861343
v 15.442680 -8.055942 0.861343
v 15.367882 -7.487795 0.861343
v 14.838453 -7.707091 0.861343
v 15.367882 -8.113337 0.861343
v 15.442680 -7.545189 0.861343
v 14.874533 -7.619987 0.861343
v 15.280778 -8.149416 0.861343
v 15.187304 -8.161722 0.861343
v 15.093829 -8.149416 0.861343
v 15.500074 -7.619987 0.861343
v 14.931928 -7.545189 0.861343
v 15.006725 -8.113337 0.861343
v 15.536154 -7.707091 0.861343
v 15.006725 -7.487795 0.861343
v 14.931928 -8.055942 0.861343
v 15.548460 -7.800565 0.861343
v 15.093829 -7.451715 0.861343
v 14.874533 -7.981143 0.861343
v 15.414351 -8.647922 -0.437372
v 15.187304 -8.677813 -0.437372
v 15.187304 -8.677813 -0.813970
v 15.414351 -8.647922 -0.813970
v 14.748680 -8.560284 -0.437372
v 14.566997 -8.420873 -0.437371
v 14.566996 -8.420873 -0.813970
v 14.748680 -8.560284 -0.813970
v 14.427586 -8.239189 -0.437372
v 14.427586 -8.239189 -0.813970
v 14.339949 -8.027614 -0.437372
v 14.339948 -8.027614 -0.813970
v 14.310057 -7.800566 -0.437372
v 14.310057 -7.800566 -0.813970
v 14.339949 -7.573518 -0.437372
v 14.339948 -7.573518 -0.813970
v 14.427586 -7.361943 -0.437372
v 14.427586 -7.361943 -0.813970
v 14.566997 -7.180259 -0.437372
v 14.566996 -7.180260 -0.813970
v 14.748680 -7.040849 -0.437372
v 14.748680 -7.040849 -0.813970
v 14.960256 -6.953211 -0.437372
v 14.960256 -6.953212 -0.813970
v 15.187304 -6.923320 -0.437372
v 15.187304 -6.923320 -0.813971
v 15.414351 -6.953211 -0.437372
v 15.414351 -6.953212 -0.813971
v 15.625927 -7.040849 -0.437372
v 15.625927 -7.040849 -0.813971
v 15.807611 -7.180259 -0.437372
v 15.807611 -7.180260 -0.813971
v 15.947021 -7.361943 -0.437372
v 15.947021 -7.361943 -0.813971
v 16.034660 -7.573518 -0.437372
v 16.034660 -7.573518 -0.813971
v 16.064550 -7.800566 -0.437372
v 16.064550 -7.800566 -0.813971
v 16.034660 -8.027614 -0.437372
v 16.034660 -8.027614 -0.813971
v 15.947021 -8.239189 -0.437372
v 15.947021 -8.239189 -0.813970
v 15.807611 -8.420873 -0.437372
v 15.807611 -8.420873 -0.813970
v 15.625927 -8.560284 -0.437372
v 15.625927 -8.560284 -0.813970
v 14.960256 -8.647922 -0.437372
v 14.960256 -8.647922 -0.813970
v 15.697060 -8.094873 -0.978229
v 15.500074 -7.981144 -0.861328
v 15.536154 -7.894040 -0.861328
v 15.755862 -7.952911 -0.978229
v 15.187304 -8.655617 -0.355243
v 14.966000 -8.626481 -0.355243
v 15.187304 -8.594975 -0.295120
v 14.981695 -8.567906 -0.295120
v 15.187304 -8.512137 -0.273114
v 15.003136 -8.487891 -0.273113
v 14.966000 -8.626481 -0.896099
v 15.187304 -8.655617 -0.896099
v 14.981695 -8.567905 -0.956222
v 15.187304 -8.594975 -0.956222
v 15.003136 -8.487890 -0.978228
v 15.187304 -8.512137 -0.978228
v 14.759778 -8.541061 -0.355243
v 14.790098 -8.488544 -0.295120
v 14.831518 -8.416804 -0.273113
v 14.759777 -8.541061 -0.896099
v 14.790099 -8.488544 -0.956222
v 14.831518 -8.416804 -0.978228
v 14.582691 -8.405178 -0.355243
v 14.625572 -8.362298 -0.295120
v 14.684147 -8.303722 -0.273113
v 14.582691 -8.405178 -0.896099
v 14.625571 -8.362298 -0.956222
v 14.684147 -8.303722 -0.978228
v 14.446808 -8.228091 -0.355242
v 14.499325 -8.197770 -0.295120
v 14.571065 -8.156351 -0.273113
v 14.446808 -8.228091 -0.896099
v 14.499325 -8.197770 -0.956222
v 14.571064 -8.156351 -0.978228
v 14.361389 -8.021870 -0.355243
v 14.419964 -8.006174 -0.295120
v 14.499979 -7.984734 -0.273113
v 14.361388 -8.021870 -0.896099
v 14.419964 -8.006174 -0.956222
v 14.499978 -7.984735 -0.978228
v 14.332253 -7.800566 -0.355243
v 14.392895 -7.800566 -0.295120
v 14.475733 -7.800566 -0.273114
v 14.332253 -7.800566 -0.896099
v 14.392895 -7.800566 -0.956222
v 14.475733 -7.800566 -0.978228
v 14.361389 -7.579263 -0.355243
v 14.419964 -7.594958 -0.295120
v 14.499979 -7.616398 -0.273114
v 14.361387 -7.579263 -0.896099
v 14.419964 -7.594958 -0.956222
v 14.499978 -7.616398 -0.978228
v 14.446808 -7.373041 -0.355243
v 14.499325 -7.403362 -0.295120
v 14.571065 -7.444781 -0.273114
v 14.446808 -7.373042 -0.896099
v 14.499325 -7.403362 -0.956222
v 14.571064 -7.444781 -0.978228
v 14.582691 -7.195954 -0.355243
v 14.625571 -7.238834 -0.295120
v 14.684147 -7.297410 -0.273114
v 14.582691 -7.195955 -0.896099
v 14.625570 -7.238835 -0.956222
v 14.684147 -7.297410 -0.978228
v 14.759778 -7.060071 -0.355243
v 14.790098 -7.112588 -0.295120
v 14.831518 -7.184328 -0.273114
v 14.759777 -7.060071 -0.896099
v 14.790098 -7.112588 -0.956222
v 14.831518 -7.184328 -0.978229
v 14.966000 -6.974651 -0.355243
v 14.981695 -7.033226 -0.295120
v 15.003136 -7.113242 -0.273114
v 14.966000 -6.974651 -0.896100
v 14.981695 -7.033227 -0.956222
v 15.003136 -7.113242 -0.978229
v 15.187304 -6.945516 -0.355243
v 15.187304 -7.006157 -0.295120
v 15.187304 -7.088995 -0.273114
v 15.187304 -6.945517 -0.896100
v 15.187304 -7.006158 -0.956222
v 15.187304 -7.088996 -0.978229
v 15.408607 -6.974651 -0.355243
v 15.392912 -7.033226 -0.295120
v 15.371471 -7.113242 -0.273114
v 15.408607 -6.974651 -0.896100
v 15.392912 -7.033227 -0.956222
v 15.371471 -7.113242 -0.978229
v 15.614829 -7.060071 -0.355243
v 15.584508 -7.112588 -0.295121
v 15.543089 -7.184328 -0.273114
v 15.614829 -7.060071 -0.896100
v 15.584508 -7.112588 -0.956222
v 15.543089 -7.184328 -0.978229
v 15.791916 -7.195954 -0.355243
v 15.749036 -7.238834 -0.295121
v 15.690460 -7.297410 -0.273114
v 15.791916 -7.195955 -0.896100
v 15.749036 -7.238835 -0.956222
v 15.690460 -7.297410 -0.978229
v 15.927799 -7.373041 -0.355243
v 15.875282 -7.403362 -0.295121
v 15.803542 -7.444781 -0.273114
v 15.927799 -7.373042 -0.896100
v 15.875282 -7.403362 -0.956222
v 15.803542 -7.444781 -0.978229
v 16.013218 -7.579263 -0.355243
v 15.954643 -7.594958 -0.295120
v 15.874629 -7.616398 -0.273114
v 16.013218 -7.579263 -0.896100
v 15.954643 -7.594958 -0.956222
v 15.874629 -7.616398 -0.978229
v 16.042355 -7.800566 -0.355243
v 15.981712 -7.800566 -0.295120
v 15.898874 -7.800566 -0.273114
v 16.042355 -7.800566 -0.896100
v 15.981712 -7.800566 -0.956222
v 15.898874 -7.800566 -0.978229
v 16.013218 -8.021870 -0.355243
v 15.954643 -8.006174 -0.295120
v 15.874629 -7.984734 -0.273114
v 16.013218 -8.021870 -0.896100
v 15.954643 -8.006174 -0.956222
v 15.874629 -7.984735 -0.978229
v 15.927798 -8.228091 -0.355243
v 15.875282 -8.197770 -0.295120
v 15.803542 -8.156351 -0.273114
v 15.927799 -8.228091 -0.896100
v 15.875282 -8.197770 -0.956222
v 15.803542 -8.156351 -0.978229
v 15.791916 -8.405178 -0.355243
v 15.749035 -8.362298 -0.295120
v 15.690460 -8.303722 -0.273114
v 15.791916 -8.405178 -0.896099
v 15.749035 -8.362298 -0.956222
v 15.690460 -8.303722 -0.978229
v 15.614829 -8.541061 -0.355243
v 15.584508 -8.488544 -0.295120
v 15.543089 -8.416804 -0.273114
v 15.614829 -8.541061 -0.896099
v 15.584508 -8.488544 -0.956222
v 15.543089 -8.416804 -0.978228
v 15.408607 -8.626481 -0.355243
v 15.392912 -8.567906 -0.295120
v 15.371471 -8.487891 -0.273114
v 15.408607 -8.626481 -0.896099
v 15.392912 -8.567905 -0.956222
v 15.371471 -8.487890 -0.978228
v 15.187304 -8.389181 -0.978228
v 15.034959 -8.369124 -0.978228
v 14.892996 -8.310322 -0.978228
v 14.771090 -8.216780 -0.978228
v 14.677547 -8.094873 -0.978228
v 14.618744 -7.952911 -0.978228
v 14.598688 -7.800566 -0.978228
v 14.618744 -7.648221 -0.978228
v 14.677547 -7.506258 -0.978228
v 14.771090 -7.384353 -0.978228
v 14.892996 -7.290811 -0.978229
v 15.034959 -7.232008 -0.978229
v 15.187304 -7.211952 -0.978229
v 15.339648 -7.232008 -0.978229
v 15.481611 -7.290811 -0.978229
v 15.603518 -7.384353 -0.978229
v 15.697060 -7.506258 -0.978229
v 15.755862 -7.648221 -0.978229
v 15.775919 -7.800566 -0.978229
v 15.603518 -8.216780 -0.978229
v 15.481611 -8.310322 -0.978228
v 15.339648 -8.369124 -0.978228
v 15.280778 -7.451716 -0.861328
v 15.187304 -7.439410 -0.861328
v 14.826147 -7.800566 -0.861328
v 14.838453 -7.894040 -0.861328
v 15.442680 -8.055942 -0.861328
v 15.367882 -7.487796 -0.861328
v 14.838453 -7.707092 -0.861328
v 15.367882 -8.113337 -0.861328
v 15.442680 -7.545190 -0.861328
v 14.874533 -7.619988 -0.861328
v 15.280778 -8.149416 -0.861328
v 15.093829 -8.149416 -0.861328
v 15.187304 -8.161722 -0.861328
v 15.500074 -7.619988 -0.861328
v 14.931928 -7.545190 -0.861328
v 15.006725 -8.113337 -0.861328
v 15.536154 -7.707092 -0.861328
v 15.006725 -7.487796 -0.861328
v 14.931928 -8.055942 -0.861328
v 15.548460 -7.800566 -0.861328
v 15.093829 -7.451716 -0.861328
v 14.874533 -7.981144 -0.861328
v 15.187304 -8.166800 -0.366227
v 15.187304 -8.166800 0.366243
v 15.092515 -8.154322 0.366243
v 15.092515 -8.154322 -0.366227
v 15.004187 -8.117735 0.366243
v 15.004187 -8.117735 -0.366227
v 14.928336 -8.059533 0.366243
v 14.928336 -8.059533 -0.366227
v 14.870134 -7.983683 0.366243
v 14.870134 -7.983683 -0.366227
v 14.833548 -7.895354 0.366243
v 14.833548 -7.895354 -0.366227
v 14.821068 -7.800565 0.366243
v 14.821068 -7.800565 -0.366227
v 14.833548 -7.705777 0.366243
v 14.833548 -7.705777 -0.366227
v 14.870134 -7.617448 0.366243
v 14.870134 -7.617448 -0.366228
v 14.928336 -7.541598 0.366243
v 14.928336 -7.541598 -0.366228
v 15.004187 -7.483397 0.366243
v 15.004187 -7.483397 -0.366228
v 15.092515 -7.446810 0.366243
v 15.092515 -7.446810 -0.366228
v 15.187304 -7.434330 0.366243
v 15.187304 -7.434330 -0.366228
v 15.282092 -7.446810 0.366243
v 15.282092 -7.446810 -0.366228
v 15.370421 -7.483397 0.366243
v 15.370421 -7.483397 -0.366228
v 15.446271 -7.541598 0.366243
v 15.446271 -7.541598 -0.366228
v 15.504473 -7.617448 0.366243
v 15.504473 -7.617448 -0.366228
v 15.541059 -7.705777 0.366243
v 15.541059 -7.705777 -0.366228
v 15.553539 -7.800565 0.366243
v 15.553539 -7.800565 -0.366228
v 15.541059 -7.895354 0.366243
v 15.541059 -7.895354 -0.366228
v 15.504473 -7.983683 0.366243
v 15.504473 -7.983683 -0.366228
v 15.446271 -8.059533 0.366243
v 15.446271 -8.059533 -0.366228
v 15.370421 -8.117735 0.366243
v 15.370421 -8.117735 -0.366228
v 15.282092 -8.154322 0.366243
v 15.282092 -8.154322 -0.366228
v 15.187304 -5.796974 -0.229116
v 15.187304 -7.531468 -0.229116
v 15.128002 -7.531468 -0.221309
v 15.128002 -5.796974 -0.221309
v 15.072742 -7.531468 -0.198419
v 15.072742 -5.796974 -0.198419
v 15.025290 -7.531468 -0.162007
v 15.025290 -5.796974 -0.162007
v 14.988877 -7.531468 -0.114554
v 14.988877 -5.796974 -0.114554
v 14.965988 -7.531468 -0.059294
v 14.965988 -5.796974 -0.059294
v 14.958180 -7.531468 0.000007
v 14.958180 -5.796974 0.000007
v 14.965988 -7.531468 0.059309
v 14.965988 -5.796974 0.059309
v 14.988877 -7.531468 0.114569
v 14.988877 -5.796974 0.114569
v 15.025290 -7.531468 0.162022
v 15.025290 -5.796974 0.162022
v 15.072742 -7.531468 0.198434
v 15.072742 -5.796974 0.198434
v 15.128002 -7.531468 0.221323
v 15.128002 -5.796974 0.221323
v 15.187304 -7.531468 0.229130
v 15.187304 -5.796974 0.229130
v 15.246605 -7.531468 0.221323
v 15.246605 -5.796974 0.221323
v 15.301866 -7.531468 0.198434
v 15.301866 -5.796974 0.198434
v 15.349318 -7.531468 0.162022
v 15.349318 -5.796974 0.162022
v 15.385730 -7.531468 0.114569
v 15.385730 -5.796974 0.114569
v 15.408619 -7.531468 0.059308
v 15.408619 -5.796974 0.059309
v 15.416427 -7.531468 0.000007
v 15.416427 -5.796974 0.000007
v 15.408619 -7.531468 -0.059294
v 15.408619 -5.796974 -0.059294
v 15.385730 -7.531468 -0.114555
v 15.385730 -5.796974 -0.114554
v 15.349318 -7.531468 -0.162007
v 15.349318 -5.796974 -0.162007
v 15.301866 -7.531468 -0.198419
v 15.301866 -5.796974 -0.198419
v 15.246605 -7.531468 -0.221309
v 15.246605 -5.796974 -0.221309
v 14.403761 -5.917588 -0.202084
v 15.193783 -6.707610 -0.202085
v 15.156797 -6.744595 -0.195199
v 14.366776 -5.954574 -0.195198
v 15.122333 -6.779060 -0.175010
v 14.332311 -5.989038 -0.175009
v 15.092737 -6.808655 -0.142894
v 14.302715 -6.018634 -0.142893
v 15.070027 -6.831365 -0.101039
v 14.280006 -6.041344 -0.101038
v 15.055752 -6.845641 -0.052298
v 14.265730 -6.055620 -0.052298
v 15.050882 -6.850510 0.000007
v 14.260860 -6.060489 0.000007
v 15.055752 -6.845641 0.052312
v 14.265730 -6.055620 0.052313
v 15.070027 -6.831365 0.101053
v 14.280006 -6.041344 0.101053
v 15.092737 -6.808655 0.142907
v 14.302715 -6.018634 0.142908
v 15.122333 -6.779060 0.175023
v 14.332311 -5.989039 0.175024
v 15.156797 -6.744595 0.195212
v 14.366776 -5.954574 0.195213
v 15.193783 -6.707610 0.202098
v 14.403761 -5.917588 0.202099
v 15.230768 -6.670624 0.195212
v 14.440746 -5.880603 0.195213
v 15.265233 -6.636159 0.175023
v 14.475212 -5.846138 0.175024
v 15.294828 -6.606564 0.142907
v 14.504807 -5.816543 0.142908
v 15.317538 -6.583854 0.101053
v 14.527517 -5.793833 0.101053
v 15.331815 -6.569579 0.052312
v 14.541793 -5.779557 0.052312
v 15.336683 -6.564709 0.000007
v 14.546661 -5.774688 0.000007
v 15.331814 -6.569579 -0.052299
v 14.541792 -5.779557 -0.052298
v 15.317538 -6.583854 -0.101039
v 14.527517 -5.793833 -0.101039
v 15.294828 -6.606564 -0.142894
v 14.504807 -5.816543 -0.142893
v 15.265233 -6.636159 -0.175010
v 14.475212 -5.846138 -0.175009
v 15.230768 -6.670624 -0.195199
v 14.440746 -5.880603 -0.195198
v 15.246605 -5.289647 -0.221309
v 15.246605 -5.796974 -0.221309
v 15.187304 -5.796974 -0.229116
v 15.187304 -5.289647 -0.229116
v 15.301866 -5.289647 -0.198419
v 15.301866 -5.796974 -0.198419
v 15.349318 -5.289647 -0.162007
v 15.349318 -5.796974 -0.162007
v 15.385730 -5.289648 -0.114554
v 15.385730 -5.796974 -0.114554
v 15.408619 -5.289648 -0.059294
v 15.408619 -5.796974 -0.059294
v 15.416427 -5.289648 0.000007
v 15.416427 -5.796974 0.000007
v 15.408619 -5.289648 0.059309
v 15.408619 -5.796974 0.059309
v 15.385730 -5.289648 0.114569
v 15.385730 -5.796974 0.114569
v 15.349318 -5.289648 0.162022
v 15.349318 -5.796974 0.162022
v 15.301866 -5.289648 0.198434
v 15.301866 -5.796974 0.198434
v 15.246605 -5.289648 0.221323
v 15.246605 -5.796974 0.221323
v 15.187304 -5.289648 0.229130
v 15.187304 -5.796974 0.229130
v 15.128002 -5.289648 0.221323
v 15.128002 -5.796974 0.221323
v 15.072742 -5.289648 0.198434
v 15.072742 -5.796974 0.198434
v 15.025290 -5.289648 0.162022
v 15.025290 -5.796974 0.162022
v 14.988877 -5.289648 0.114569
v 14.988877 -5.796974 0.114569
v 14.965988 -5.289648 0.059309
v 14.965988 -5.796974 0.059309
v 14.958180 -5.289648 0.000007
v 14.958180 -5.796974 0.000007
v 14.965988 -5.289648 -0.059294
v 14.965988 -5.796974 -0.059294
v 14.988877 -5.289648 -0.114554
v 14.988877 -5.796974 -0.114554
v 15.025290 -5.289647 -0.162007
v 15.025290 -5.796974 -0.162007
v 15.072742 -5.289647 -0.198419
v 15.072742 -5.796974 -0.198419
v 15.128002 -5.289647 -0.221309
v 15.128002 -5.796974 -0.221309
v 13.832581 -5.272437 -0.195198
v 14.440746 -5.880603 -0.195198
v 14.403761 -5.917588 -0.202084
v 13.795594 -5.309422 -0.202084
v 13.867044 -5.237972 -0.175009
v 14.475212 -5.846138 -0.175009
v 13.896641 -5.208376 -0.142893
v 14.504807 -5.816543 -0.142893
v 13.919350 -5.185667 -0.101038
v 14.527517 -5.793833 -0.101039
v 13.933626 -5.171391 -0.052298
v 14.541792 -5.779557 -0.052298
v 13.938496 -5.166522 0.000008
v 14.546661 -5.774688 0.000007
v 13.933626 -5.171391 0.052313
v 14.541793 -5.779557 0.052312
v 13.919351 -5.185667 0.101053
v 14.527517 -5.793833 0.101053
v 13.896641 -5.208376 0.142908
v 14.504807 -5.816543 0.142908
v 13.867044 -5.237972 0.175024
v 14.475212 -5.846138 0.175024
v 13.832581 -5.272437 0.195213
v 14.440746 -5.880603 0.195213
v 13.795595 -5.309422 0.202099
v 14.403761 -5.917588 0.202099
v 13.758610 -5.346407 0.195213
v 14.366776 -5.954574 0.195213
v 13.724144 -5.380873 0.175024
v 14.332311 -5.989039 0.175024
v 13.694550 -5.410468 0.142908
v 14.302715 -6.018634 0.142908
v 13.671839 -5.433177 0.101054
v 14.280006 -6.041344 0.101053
v 13.657563 -5.447453 0.052313
v 14.265730 -6.055620 0.052313
v 13.652695 -5.452322 0.000008
v 14.260860 -6.060489 0.000007
v 13.657563 -5.447453 -0.052297
v 14.265730 -6.055620 -0.052298
v 13.671839 -5.433177 -0.101038
v 14.280006 -6.041344 -0.101038
v 13.694549 -5.410468 -0.142893
v 14.302715 -6.018634 -0.142893
v 13.724144 -5.380872 -0.175009
v 14.332311 -5.989038 -0.175009
v 13.758610 -5.346407 -0.195198
v 14.366776 -5.954574 -0.195198
v -24.110340 -1.287432 -1.979922
v -24.126923 -1.401789 -1.970475
v -24.509232 -1.389219 -1.844404
v -24.496712 -1.290638 -1.853515
v -24.452080 -0.925476 -1.851424
v -24.464619 -1.030360 -1.857751
v -24.767776 -1.040562 -1.725328
v -24.757038 -0.950383 -1.720458
v -24.808914 -1.385880 -1.709062
v -24.798822 -1.301188 -1.718216
v -1.081299 -3.611020 -4.163049
v -1.093772 -3.284589 -4.188650
v -0.047384 -3.307799 -4.334964
v 0.033220 -3.686503 -4.304442
v -23.508295 -0.620191 -2.049674
v -23.549154 -0.895507 -2.097550
v -24.057676 -0.905488 -1.975093
v -24.030327 -0.651496 -1.928559
v -23.618465 -1.296351 -2.102937
v -23.642090 -1.427933 -2.092428
v 2.465644 -3.153522 -25.684282
v 2.536364 -3.311926 -25.771017
v 2.107575 -3.321581 -26.857517
v 2.049159 -3.166553 -26.751217
v -23.685827 -1.674713 -2.030377
v -24.159353 -1.634624 -1.909614
v -24.534304 -1.608871 -1.783013
v -24.828773 -1.593801 -1.645738
v -25.060846 -1.585761 -1.492954
v -25.045845 -1.387429 -1.559300
v -25.006853 -1.053295 -1.579570
v -24.997231 -0.975126 -1.576110
v -25.557045 -1.030468 -0.844809
v -25.562275 -1.083446 -0.845213
v -25.614235 -1.085017 -0.639136
v -25.609470 -1.035093 -0.638771
v -24.735508 -0.728459 -1.678276
v -24.974258 -0.764433 -1.536729
v -24.430136 -0.689200 -1.806823
v 15.206891 0.024573 -3.753963
v 15.356635 0.095326 -3.726545
v 15.325555 -0.151822 -3.806523
v 15.144865 -0.146237 -3.810392
v 13.309344 0.024573 -3.820007
v 13.371368 -0.146237 -3.873401
v 13.139940 -0.140069 -3.879663
v 13.159599 0.095326 -3.802324
v 13.312240 1.440148 -3.170248
v 15.029981 1.327775 -3.151536
v 15.069611 0.560687 -3.571849
v 13.153503 0.685820 -3.610297
v 12.217024 -1.462984 -4.192324
v 13.159599 -1.462984 -4.146972
v 13.098421 -2.019253 -4.228593
v 12.217024 -1.462984 -4.192324
v 12.218075 -1.220960 -4.141910
v 13.141636 -1.218961 -4.109396
v 13.159599 -1.462984 -4.146972
v 12.005256 -0.146237 -3.891858
v 12.005256 -1.221421 -4.149403
v 10.938814 -1.199525 -4.174596
v 10.975113 -0.152888 -3.899041
v 12.219393 -0.145073 -3.889556
v 12.217024 0.095326 -3.810703
v 11.055845 0.723968 -3.584687
v 11.137669 1.468668 -3.140214
v 13.371368 -1.221421 -4.101100
v 13.309344 -1.392232 -4.130221
v 16.365370 0.478820 -3.443633
v 16.647898 1.206475 -3.042963
v 17.955847 1.075445 -2.761233
v 15.356635 0.095326 -3.726545
v 16.299210 0.095326 -3.546779
v 16.448952 0.024573 -3.519440
v 16.510979 -0.146236 -3.540416
v 16.299572 -0.147233 -3.587873
v 16.299210 0.095326 -3.546779
v 17.263165 -0.526734 -3.413999
v 16.912285 -1.465150 -3.670459
v 16.510979 -1.422167 -3.757418
v 16.510979 -0.146236 -3.540416
v 16.510979 -1.422167 -3.757418
v 16.301666 -1.400376 -3.801212
v 13.490082 2.526067 -0.915748
v 15.255427 2.410611 -0.916642
v 15.213154 2.225234 -1.783629
v 13.469628 2.338705 -1.782219
v -6.033749 -5.401623 -0.728011
v -8.027445 -5.316400 -0.699787
v -8.011681 -5.251309 -1.371538
v -6.013561 -5.340026 -1.426511
v -10.487143 -5.143528 -0.662503
v -10.476347 -5.075313 -1.298819
v -7.980734 -5.128283 -1.987205
v -5.974401 -5.223329 -2.065981
v -10.454929 -4.947235 -1.882751
v -4.039816 -5.477151 0.000004
v -6.039474 -5.419604 0.000005
v -4.033141 -5.460310 -0.754580
v -8.031851 -5.335454 0.000005
v -10.490120 -5.163651 0.000006
v -13.787861 -4.754073 0.000007
v -13.785427 -4.733273 -0.607427
v -13.777050 -4.664298 -1.191227
v -13.761089 -4.537282 -1.727758
v -13.722403 -4.238359 -2.309843
v -10.401489 -4.639573 -2.513551
v -7.904457 -4.830594 -2.649853
v -5.879046 -4.940077 -2.752042
v -3.965167 -5.293040 -2.139871
v -3.857354 -5.026669 -2.847324
v -4.009875 -5.402556 -1.478195
v 15.120136 1.876842 -2.547553
v 13.415745 1.987382 -2.550144
v 15.265416 2.465236 -0.000005
v 13.493302 2.581421 -0.000004
v 11.231390 2.595088 -0.000003
v 11.229924 2.540512 -0.904642
v 17.146427 2.275232 -0.000005
v 18.721943 1.989903 -0.000006
v 18.687243 1.939425 -0.888870
v 17.126167 2.222111 -0.909677
v 18.576139 1.767916 -1.650139
v 17.053692 2.041521 -1.748600
v 18.338661 1.487453 -2.271074
v 16.900871 1.712919 -2.472035
v 14.455202 -5.547614 -0.771344
v 12.358753 -5.541158 -0.789216
v 12.361340 -5.493639 -1.544346
v 14.461510 -5.503939 -1.509427
v 11.191851 2.008950 -2.522582
v 11.219673 2.355682 -1.761446
v 17.140265 -5.557531 -0.706740
v 17.154995 -5.519914 -1.384899
v 18.311687 -5.524800 -1.297683
v 18.294670 -5.559921 -0.661385
v 17.178888 -5.448569 -2.005903
v 18.339775 -5.458139 -1.883815
v 19.458778 -5.526256 -1.200215
v 19.444061 -5.559011 -0.610814
v 19.485495 -5.463950 -1.746796
v 16.008648 -5.565161 -0.000002
v 16.012230 -5.553438 -0.743001
v 17.135235 -5.568497 -0.000003
v 16.022892 -5.513231 -1.454629
v 16.040483 -5.436981 -2.103516
v 16.075939 -5.249073 -2.792275
v 17.225834 -5.272293 -2.673390
v 18.396336 -5.292828 -2.524657
v 19.546146 -5.308627 -2.355734
v 20.633972 -5.317640 -2.176276
v 20.578388 -5.464264 -1.604392
v 20.562073 -5.522647 -1.099730
v 20.557034 -5.553201 -0.558907
v 19.439548 -5.568528 -0.000004
v 20.556793 -5.562029 -0.000004
v 18.288948 -5.570152 -0.000003
v 17.722712 -2.416399 -3.623234
v 18.414104 -1.551068 -3.262779
v 18.830807 -2.557018 -3.454909
v 19.204390 -0.135629 -2.722747
v 18.414104 -1.551068 -3.262779
v 18.514620 -0.762160 -3.070773
v 16.582956 -2.277808 -3.890225
v 17.841738 -1.740920 -3.424133
v 18.182392 -0.645270 -3.128315
v 19.445709 0.433458 -2.381747
v 20.510735 -0.406705 -2.288755
v 20.851393 -2.268086 -3.048087
v 19.898380 -2.685173 -3.354106
v 20.916592 -2.795885 -3.244772
v 21.835278 -2.466770 -2.968204
v 21.755146 -2.036739 -2.772624
v 23.122692 -2.312146 -2.573838
v 23.097622 -2.652833 -2.722976
v 23.137278 -2.026000 -2.364344
v 23.097622 -2.652833 -2.722976
v 23.122692 -2.312146 -2.573838
v 23.558319 -2.376795 -2.473746
v 23.631245 -2.713808 -2.570453
v 23.137278 -2.026000 -2.364344
v 23.499508 -2.097636 -2.298645
v 21.921022 -2.922544 -3.106037
v 23.200472 -1.802405 -2.073334
v 23.200472 -1.802405 -2.073334
v 23.549637 -1.895431 -2.022615
v 24.029476 -2.020617 -1.914539
v 24.149872 -2.193165 -2.036667
v 24.273249 -2.459805 -2.146289
v 24.349121 -2.784743 -2.203766
v 23.681223 -3.091775 -2.610741
v 24.381086 -3.148647 -2.216546
v 23.091682 -3.039301 -2.812478
v 23.091682 -3.039301 -2.812478
v 21.602621 -5.539939 -0.509733
v 21.588142 -5.511483 -1.003643
v 22.655304 -5.478299 -0.908474
v 22.659349 -5.506575 -0.464339
v 21.581331 -5.456746 -1.465959
v 22.664160 -5.425923 -1.311376
v 22.659349 -5.506575 -0.464339
v 22.655304 -5.478299 -0.908474
v 23.289707 -5.441819 -0.858923
v 23.375067 -5.464712 -0.439269
v 22.664160 -5.425923 -1.311376
v 23.180462 -5.398803 -1.239000
v 21.610512 -5.548099 -0.000004
v 21.620180 -5.317868 -1.994766
v 22.696861 -5.300602 -1.757729
v 22.696861 -5.300602 -1.757729
v 23.156300 -5.286462 -1.640824
v 23.610710 -5.264011 -1.490723
v 23.839645 -5.293960 -1.220803
v 24.053427 -5.323502 -0.851272
v 24.194630 -5.341526 -0.436221
v 23.407862 -5.471439 -0.000005
v 24.244652 -5.347320 -0.000005
v 22.669327 -5.514594 -0.000005
v 22.669327 -5.514594 -0.000005
v 22.030460 -1.260159 -1.874311
v 22.584885 -1.145213 -1.105330
v 23.578125 -1.498940 -1.107434
v 23.357832 -1.638961 -1.671703
v 22.801647 -1.104338 -0.586066
v 23.736103 -1.432303 -0.596473
v 23.357832 -1.638961 -1.671703
v 23.578125 -1.498940 -1.107434
v 24.133696 -1.714527 -1.151030
v 23.802965 -1.778034 -1.630429
v 23.736103 -1.432303 -0.596473
v 24.395714 -1.680524 -0.596627
v 21.518944 -0.794846 -1.850401
v 22.030460 -1.260159 -1.874311
v 22.002468 -0.650612 -1.182066
v 22.584885 -1.145213 -1.105330
v 22.255867 -0.594767 -0.628631
v 22.801647 -1.104338 -0.586066
v 22.422445 -0.566717 -0.000006
v 22.893967 -1.082913 -0.000006
v 22.893967 -1.082913 -0.000006
v 23.839672 -1.399097 -0.000006
v 23.839672 -1.399097 -0.000006
v 24.493017 -1.672262 -0.000006
v 24.992495 -1.933042 -0.000006
v 24.906763 -1.937224 -0.631695
v 24.665546 -1.954817 -1.186307
v 24.333845 -1.986034 -1.631493
v 24.905245 -2.832408 -1.740443
v 24.818209 -2.505733 -1.723451
v 25.206959 -2.529049 -1.200662
v 25.306314 -2.864169 -1.195307
v 24.646767 -2.222449 -1.675875
v 25.011034 -2.224675 -1.200710
v 25.444147 -2.540556 -0.614020
v 25.549501 -2.882274 -0.608169
v 25.242485 -2.224012 -0.624398
v 24.936201 -3.192122 -1.731673
v 25.323738 -2.223865 -0.000006
v 25.524595 -2.543946 -0.000006
v 25.631355 -2.888059 -0.000006
v 25.586857 -3.245008 -0.602917
v 25.670433 -3.252060 -0.000006
v 25.340118 -3.224635 -1.186561
v 19.324751 1.114523 -2.076190
v 19.675535 1.304022 -1.458299
v 20.706179 0.544986 -1.330156
v 20.238821 0.490860 -1.907527
v 19.878036 1.405916 -0.694155
v 21.084869 0.551624 -0.654327
v 20.238821 0.490860 -1.907527
v 20.706179 0.544986 -1.330156
v 21.331818 -0.004959 -1.228507
v 20.878777 -0.157891 -1.892890
v 21.084869 0.551624 -0.654327
v 21.615814 0.042928 -0.619481
v 19.941113 1.446034 -0.000006
v 21.233473 0.551624 -0.000006
v 21.233473 0.551624 -0.000006
v 21.780060 0.074182 -0.000006
v 3.817478 2.563307 -0.842477
v 5.927097 2.557549 -0.862290
v 5.926619 2.379442 -1.682151
v 3.819080 2.387653 -1.645054
v 8.749079 2.548326 -0.886810
v 8.744819 2.366695 -1.728061
v 5.925340 2.041503 -2.417156
v 3.823477 2.052029 -2.367834
v 8.733261 2.024640 -2.478195
v 1.759683 2.615116 -0.000000
v 3.817257 2.614065 -0.000001
v 1.760258 2.565403 -0.822672
v 5.927168 2.609447 -0.000002
v 8.749689 2.601719 -0.000003
v 8.710752 1.489980 -3.091655
v 5.922867 1.510111 -3.024878
v 3.832081 1.521367 -2.970918
v 1.775889 2.057255 -2.318533
v 1.798291 1.525195 -2.916982
v 1.764436 2.391720 -1.607973
v 12.365875 -5.403522 -2.231305
v 14.472206 -5.421113 -2.180994
v 12.357934 -5.555012 -0.000001
v 14.453133 -5.560348 -0.000002
v 12.379445 -5.182746 -2.958487
v 14.495386 -5.217551 -2.889862
v 10.633524 -5.552671 -0.000001
v 10.633942 -5.538325 -0.792505
v 10.635265 -5.489120 -1.550987
v 10.637596 -5.395804 -2.241423
v 10.647485 -5.168423 -2.975955
v 12.474672 -4.503579 -3.918944
v 14.565470 -4.582518 -3.789291
v 14.533010 -4.870054 -3.539059
v 12.412122 -4.807991 -3.633276
v 3.904200 -0.146237 -3.814339
v 5.693810 -0.146237 -3.850429
v 5.693810 -1.221421 -4.236187
v 3.904200 -1.221421 -4.200420
v 5.693810 -0.146237 -3.850429
v 5.906836 -0.142709 -3.853364
v 5.950017 -1.216299 -4.239681
v 5.693810 -1.221421 -4.236187
v 3.695873 -1.217128 -4.194094
v 3.698014 -0.148082 -3.809661
v 3.904200 -0.146237 -3.814339
v 3.904200 -1.221421 -4.200420
v 5.755835 0.024573 -3.785102
v 5.905579 0.095326 -3.759178
v 7.059923 -0.146237 -3.870192
v 8.642702 -0.139545 -3.884612
v 8.584549 -1.205813 -4.228533
v 7.059923 -1.221421 -4.244109
v 7.059923 -1.221421 -4.244109
v 6.848187 -1.220444 -4.243265
v 6.848254 -0.145589 -3.867103
v 7.059923 -0.146237 -3.870192
v 6.997898 0.024573 -3.804924
v 6.848155 0.095326 -3.775840
v 2.600111 -1.392232 -4.185416
v 2.538087 -1.221421 -4.134550
v 2.750196 -1.220635 -4.145459
v 2.749857 -1.462984 -4.215981
v 2.538087 -0.146237 -3.775556
v 2.538087 -1.221421 -4.134550
v 1.677158 -1.213318 -4.100036
v 1.817339 -0.135150 -3.751695
v 2.538087 -0.146237 -3.775556
v 2.750252 -0.146574 -3.781794
v 3.692431 -1.462984 -4.280802
v 1.826691 0.780842 -3.380065
v 5.916721 0.775659 -3.480399
v 8.676925 0.753134 -3.541278
v 8.911558 0.024573 -3.826837
v 9.061302 0.095326 -3.801434
v 9.062645 -0.146237 -3.888685
v 8.849532 -0.146237 -3.887772
v 8.849532 -0.146237 -3.887772
v 8.849531 -1.221421 -4.228894
v 9.061666 -1.221421 -4.225327
v 8.849531 -1.221421 -4.228894
v 8.911557 -1.392232 -4.280568
v 9.061302 -1.462984 -4.299886
v 6.848154 -1.462984 -4.327021
v 5.905579 -1.462984 -4.325913
v 5.755835 -1.392232 -4.297817
v 3.842175 -1.392232 -4.258986
v -2.469270 0.024573 -3.511585
v -2.407678 -0.145044 -3.580010
v -2.620543 -0.145060 -3.570085
v -2.619013 0.095326 -3.477299
v -3.734749 1.449995 -2.735462
v -1.514472 1.492103 -2.821364
v -1.407735 0.742053 -3.283364
v -3.643831 0.718771 -3.187146
v -0.617636 -1.221421 -3.951782
v -1.168237 -1.218147 -3.918432
v -1.286477 -0.145598 -3.632138
v -0.614505 -0.137616 -3.658883
v -0.614505 -0.137616 -3.658883
v -0.407515 -0.137207 -3.667444
v -0.407140 -1.221611 -3.965685
v -0.617636 -1.221421 -3.951782
v 0.536708 0.095326 -3.614612
v 0.529174 -0.135362 -3.706182
v -0.405865 0.095326 -3.575695
v -3.884754 2.462945 -0.762996
v -1.630811 2.529747 -0.789517
v -1.618144 2.358672 -1.545364
v -3.868674 2.295815 -1.494341
v -3.561588 -1.462984 -3.848606
v -3.554318 -1.219114 -3.801446
v -2.619969 -1.220994 -3.846676
v -2.619013 -1.462984 -3.893430
v 0.345066 1.518419 -2.878901
v 0.404537 0.767757 -3.343221
v 0.686450 0.024573 -3.647839
v 0.748477 -0.146237 -3.717026
v 0.748477 -0.146237 -3.717026
v 0.748477 -1.221421 -4.040169
v 0.748477 -1.221421 -4.040169
v 0.538496 -1.222460 -4.028138
v 0.536707 -1.462984 -4.087976
v 0.686450 -1.392232 -4.079108
v -0.555609 -1.392232 -3.989827
v -0.405866 -1.462984 -4.012951
v -1.583148 2.025810 -2.233870
v -3.823646 1.970829 -2.162381
v 0.275562 2.560632 -0.808790
v 0.283192 2.387873 -1.581954
v -1.632511 2.578094 0.000001
v -3.886797 2.510213 0.000002
v 0.304119 2.053210 -2.283866
v 0.274512 2.609724 0.000000
v -3.683033 -4.580303 -3.504141
v -3.573329 -4.238029 -3.752214
v -1.100013 -4.365261 -3.877389
v -1.161561 -4.690579 -3.616561
v 8.498686 -5.536479 -0.794196
v 6.146466 -5.535097 -0.794855
v 6.147395 -5.484239 -1.555829
v 8.499338 -5.486209 -1.554445
v 3.836146 -5.533488 -0.794568
v 3.838742 -5.482310 -1.555347
v 6.149138 -5.387788 -2.249038
v 8.500504 -5.390872 -2.246798
v 3.843679 -5.385254 -2.248544
v 8.498482 -5.551136 0.000000
v 6.146194 -5.549925 0.000001
v 3.835391 -5.548409 0.000002
v 1.824810 -5.545959 0.000002
v 1.826583 -5.530962 -0.793421
v 1.832689 -5.479524 -1.553207
v 1.844305 -5.381976 -2.245721
v 1.862494 -5.144969 -2.984972
v 3.847951 -5.151283 -2.989296
v 6.150733 -5.156281 -2.989759
v 8.505424 -5.160730 -2.985668
v -1.289622 -5.106744 -2.941983
v 0.421457 -4.732463 -3.664961
v 0.368509 -5.136332 -2.976276
v -3.483577 -3.868160 -3.919777
v -1.071469 -4.004702 -4.056892
v 10.287035 -3.373158 -6.820310
v 10.031688 -3.722242 -6.819676
v 9.301035 -3.633804 -8.596758
v 9.537045 -3.336106 -8.596758
v 0.385193 -4.414721 -3.956312
v 1.861970 -4.748663 -3.684239
v 0.254706 -4.075615 -4.177410
v 1.462161 -4.308544 -4.384295
v 1.756417 -4.473516 -4.014357
v 3.831368 -4.765690 -3.694619
v 6.145414 -4.777853 -3.696189
v 8.520498 -4.780470 -3.688308
v 3.752316 -4.580366 -4.043226
v 6.114960 -4.613946 -4.049205
v 8.541795 -4.596218 -4.036531
v 10.678023 -4.786198 -3.668201
v 3.671631 -4.489109 -4.419596
v 6.049067 -4.540905 -4.427924
v 8.482269 -4.501894 -4.414088
v 10.906710 -4.345600 -4.368735
v 10.749327 -4.531972 -3.996378
v 24.374802 -5.092251 -1.342267
v 24.702204 -5.108570 -0.922476
v 24.901075 -5.121224 -0.469585
v 24.569496 -4.890769 -1.450839
v 24.928595 -4.906248 -0.993437
v 23.915510 -5.079654 -1.713669
v 25.147255 -4.918603 -0.504591
v 24.968395 -5.126157 -0.000005
v 24.073473 -4.876783 -1.861234
v 24.195667 -4.611994 -1.988889
v 24.711561 -4.630078 -1.549194
v 25.088266 -4.648105 -1.060192
v 25.319143 -4.661946 -0.538317
v 25.397577 -4.667478 -0.000006
v 25.221140 -4.923632 -0.000006
v 21.724089 -5.072464 -2.533249
v 22.784504 -5.076318 -2.223351
v 22.784504 -5.076318 -2.223351
v 23.320309 -5.076231 -2.027135
v 21.804386 -4.847669 -2.774551
v 22.863773 -4.861208 -2.443811
v 20.735851 -5.060429 -2.751530
v 22.863773 -4.861208 -2.443811
v 23.444103 -4.867406 -2.213525
v 20.805260 -4.828078 -3.004183
v 20.864220 -4.535422 -3.199822
v 21.875637 -4.562449 -2.963348
v 22.953575 -4.585001 -2.613419
v 22.953575 -4.585001 -2.613419
v 23.547085 -4.596638 -2.367120
v 17.294128 -4.968583 -3.299581
v 18.479778 -5.006472 -3.140165
v 19.641598 -5.037920 -2.955254
v 17.334888 -4.708623 -3.547221
v 18.529812 -4.756745 -3.393054
v 16.128376 -4.926750 -3.426820
v 19.701208 -4.797351 -3.210822
v 16.160267 -4.655352 -3.669659
v 16.187004 -4.333430 -3.843174
v 17.368456 -4.395719 -3.728433
v 18.570742 -4.451303 -3.582242
v 19.750546 -4.498555 -3.405919
v 13.047416 -2.712421 -4.307672
v 14.816658 -2.828604 -4.161185
v 14.761562 -3.267054 -4.151238
v 13.016593 -3.143405 -4.321106
v 12.616352 -4.148474 -4.138719
v 14.611571 -4.245711 -3.968424
v -17.837355 1.918478 0.000006
v -16.797586 1.925917 0.000006
v -17.301430 1.881857 -0.229068
v -18.014076 1.880992 -0.246183
v -14.055870 2.056344 0.000005
v -16.535728 1.854724 -0.544188
v -16.934135 1.877458 -0.329886
v -15.552206 1.991318 0.000006
v -17.991047 1.833511 -0.400010
v -18.799612 1.972562 -0.260598
v -18.663464 2.014031 0.000007
v -19.405819 1.688848 -0.636095
v -18.958031 1.890652 -0.416908
v -17.923916 1.751099 -0.621445
v -17.003206 -4.115150 -1.077499
v -16.985819 -3.995886 -1.563630
v -3.428815 -3.476826 -4.018904
v -3.419773 -3.161781 -4.042528
v -3.536978 -1.832446 -3.921647
v -1.113425 -1.915313 -4.061932
v -1.098273 -2.605660 -4.164979
v -3.450461 -2.498621 -4.019669
v -1.098566 -3.027248 -4.190754
v 0.023355 -2.627612 -4.307695
v -0.051756 -3.052689 -4.336508
v 24.817432 -4.311416 -1.624302
v 24.864620 -4.078345 -1.658401
v 25.258661 -4.104697 -1.134812
v 25.206293 -4.333444 -1.111545
v -1.426850 -5.508897 -0.781504
v -1.408242 -5.455423 -1.530364
v 0.229908 -1.931715 -4.186836
v 1.452279 -1.968901 -4.306365
v 0.546971 -2.656444 -4.531451
v 14.679224 -3.856682 -4.085759
v 14.727545 -3.519886 -4.131312
v 16.247528 -3.632131 -4.014288
v 16.211205 -3.957028 -3.963357
v 0.360706 -3.114878 -4.559621
v 0.551382 -3.867691 -4.527733
v 4.100074 -4.077842 -11.080833
v 2.485393 -4.025592 -11.080590
v 1.850731 -4.030409 -13.909925
v 3.313689 -4.080364 -13.911843
v 4.986083 -4.030613 -14.032242
v 3.529220 -4.080476 -14.031648
v 2.665004 -4.083213 -17.125624
v 3.959484 -4.035907 -17.127611
v 3.246982 -4.080594 -14.151012
v 1.796778 -4.030818 -14.149095
v 1.123164 -4.035907 -17.118406
v 2.416318 -4.083215 -17.124815
v -0.932886 -3.225324 -17.073797
v -0.769208 -3.024756 -17.064945
v -1.205025 -3.068402 -19.775591
v -1.351147 -3.255265 -19.796001
v 8.337685 -3.914179 -8.596757
v 6.785619 -4.088206 -8.596757
v 5.963511 -4.025592 -11.080931
v 7.404541 -3.856772 -11.080804
v 7.381730 -4.186528 -6.818538
v 5.562389 -4.251569 -6.698797
v 5.036869 -4.142361 -8.596756
v -2.253509 -3.155093 -25.598097
v -1.710250 -2.933361 -25.505756
v -1.905761 -2.947315 -26.381132
v -2.435779 -3.166553 -26.495674
v 3.039256 -4.088206 -8.596756
v 1.487190 -3.914179 -8.596755
v 1.044530 -3.856772 -11.080181
v 0.492539 -3.868715 -14.145803
v -0.316475 -3.607553 -14.141643
v -0.776396 -3.629718 -17.093233
v -0.049919 -3.880345 -17.107321
v 0.496715 -2.716015 -14.130578
v 1.802503 -2.553918 -14.129578
v 1.142205 -2.618568 -17.052128
v -0.036162 -2.774129 -17.055588
v -1.221971 -3.650057 -19.843006
v -0.572879 -3.891019 -19.876587
v 1.560527 -4.085773 -20.156235
v 0.423101 -4.040967 -20.141281
v -0.134163 -4.044671 -22.475958
v 0.887797 -4.087574 -22.504286
v 2.438387 -2.571254 -17.054111
v 1.680929 -2.632853 -19.749781
v 0.524194 -2.677854 -19.745092
v 5.137107 -3.880345 -17.124151
v 2.989862 -4.040778 -20.043964
v 4.047560 -3.891478 -20.035759
v 6.296892 -3.868246 -14.031217
v 24.903759 -3.822345 -1.688635
v 24.929913 -3.571637 -1.711317
v 25.332289 -3.601809 -1.171684
v 25.302998 -3.848718 -1.155941
v 25.501362 -4.123196 -0.576174
v 25.445658 -4.349610 -0.564378
v 25.579607 -3.621998 -0.595087
v 25.548777 -3.867229 -0.587024
v 21.924902 -4.212462 -3.102489
v 21.942085 -3.938182 -3.155558
v 23.040762 -3.987875 -2.794376
v 23.014751 -4.246363 -2.737983
v 24.287329 -4.287549 -2.085442
v 23.679506 -3.759623 -2.576605
v 23.692812 -3.491234 -2.608298
v 24.380529 -3.534327 -2.195500
v 24.359621 -3.791758 -2.166982
v 4.735623 -3.070331 -19.946527
v 4.865328 -3.253561 -19.968868
v 3.893032 -3.278880 -22.373007
v 3.786308 -3.106748 -22.331566
v 25.663836 -3.629360 -0.000006
v 25.584173 -4.130175 -0.000006
v 25.527285 -4.355894 -0.000006
v 12.081300 -3.152290 -4.553903
v 11.399864 -3.140201 -4.957779
v 11.159863 -2.759437 -4.949998
v 21.950869 -3.680067 -3.179880
v 21.952690 -3.374177 -3.178915
v 23.074411 -3.450050 -2.848916
v 23.060133 -3.731035 -2.830552
v 23.014751 -4.246363 -2.737983
v 23.040762 -3.987875 -2.794376
v 23.656528 -4.015911 -2.534558
v 23.624018 -4.264714 -2.482038
v 23.060133 -3.731035 -2.830552
v 23.074411 -3.450050 -2.848916
v 17.395874 -4.025626 -3.848147
v 17.429142 -3.712336 -3.868739
v 18.628094 -3.783360 -3.713189
v 18.601076 -4.085956 -3.697465
v 20.902895 -4.177197 -3.340594
v 19.820648 -3.583597 -3.560599
v 19.846546 -3.227725 -3.514260
v 20.933977 -3.301345 -3.362711
v 20.926975 -3.632394 -3.387765
v 20.917612 -3.890832 -3.379886
v 24.327749 -4.047835 -2.129411
v 17.466246 -3.457075 -3.859414
v 17.540947 -3.053389 -3.802839
v 18.709415 -3.148040 -3.637952
v 18.657158 -3.527084 -3.699312
v 12.970848 -3.393523 -4.310574
v 12.867796 -3.741410 -4.269982
v 19.803028 -3.841164 -3.565367
v 19.784096 -4.136649 -3.538044
v 16.373812 -2.954031 -4.019835
v 16.287491 -3.378579 -4.030847
v -2.744349 -3.543623 -27.468132
v -2.906545 -3.471999 -28.220112
v -2.849908 -3.617793 -28.349979
v -2.681153 -3.696306 -27.587948
v 14.946774 -2.128287 -4.126979
v 11.867097 -3.912406 -4.511248
v 12.079184 -3.398702 -4.548867
v 11.148964 -3.845700 -4.937478
v 11.407904 -3.378383 -4.955554
v 15.352496 -1.301564 -3.999805
v 15.144865 -1.279948 -4.043248
v -17.012962 -4.181900 -0.549270
v -17.016012 -4.202693 0.000008
v -18.866411 -3.701102 -1.002575
v -18.847490 -3.590859 -1.455428
v -18.876606 -3.764432 -0.510971
v -25.497719 -1.998294 0.000010
v -25.584263 -1.857262 0.000010
v -25.602539 -1.798725 -0.296140
v -25.567928 -1.847855 -0.376012
v -16.946121 -3.724355 -2.093165
v -18.879650 -3.784688 0.000008
v -20.420702 -3.414533 0.000009
v -20.419271 -3.394969 -0.475546
v -20.412685 -3.335207 -0.933325
v -20.397522 -3.233653 -1.355549
v -18.802061 -3.347335 -1.950066
v -20.353291 -3.015861 -1.818367
v -0.059175 -3.159056 -11.078957
v 0.150530 -2.928262 -11.078609
v -0.277517 -2.973313 -13.894011
v -0.464710 -3.189960 -13.896717
v -2.062204 -2.954651 -27.066736
v -2.235816 -2.901366 -27.777025
v -2.742057 -3.111228 -27.921129
v -2.581938 -3.171904 -27.197292
v -2.073118 -3.914985 -27.010483
v -2.523226 -3.695748 -26.839851
v -2.252085 -3.913557 -27.781082
v -24.074060 -1.027581 -1.982656
v -2.324292 -3.690359 -25.874914
v -2.403920 -3.532463 -25.788977
v -2.593136 -3.541119 -26.733822
v -2.442222 -3.827654 -28.561214
v -2.318657 -2.719616 -28.025599
v -1.564803 -2.599314 -27.974146
v -1.583701 -2.559006 -28.012316
v -2.333550 -2.675094 -28.064024
v -2.890749 -3.502484 -28.510990
v -2.978441 -3.216409 -28.419075
v -3.019244 -3.087872 -28.395647
v -2.921570 -3.313615 -28.612732
v -1.459961 -2.771106 -27.720835
v -0.547783 -2.727687 -27.749350
v -0.571225 -2.703207 -27.801683
v -1.479001 -2.746492 -27.772120
v -2.488421 -3.703531 -28.721096
v -0.623538 -4.093353 -28.026276
v -0.880740 -4.001334 -28.827610
v 0.006862 -3.957915 -28.856121
v 0.298045 -4.048404 -28.053631
v 0.150262 -3.584785 -11.079657
v -0.058957 -3.354316 -11.079269
v -0.465114 -3.389423 -13.899380
v -0.279625 -3.605766 -13.902450
v -0.500208 -3.392196 -14.138666
v -0.934973 -3.429573 -17.083353
v -1.356490 -3.464187 -19.820221
v 2.486097 -2.487454 -11.078136
v 4.100894 -2.435204 -11.078212
v 3.320240 -2.498709 -13.890756
v 1.856355 -2.548665 -13.890167
v 0.523840 -3.633803 -8.596755
v -22.996397 -1.322495 -2.228081
v -23.030973 -1.472556 -2.215486
v 0.764160 -3.715704 -6.939571
v 0.507716 -3.366442 -6.940010
v 0.285005 -3.332542 -8.596755
v 0.523839 -2.890371 -8.596755
v 1.487191 -2.609995 -8.596755
v 1.045039 -2.656274 -11.078264
v -1.845527 -3.912144 -26.011974
v 0.540007 -2.711296 -13.891212
v -0.586185 -2.832093 -19.993128
v 0.468407 -2.683061 -19.984945
v -0.048035 -2.729975 -22.176136
v -1.015185 -2.874271 -22.191818
v -1.756480 -3.281945 -22.271864
v -1.622926 -3.106748 -22.234142
v -1.957620 -3.134033 -24.074284
v -2.084715 -3.301012 -24.132658
v 0.479099 -4.040578 -19.902981
v 1.628542 -4.085564 -19.918072
v -0.619054 -3.891915 -20.115101
v -1.077412 -3.900374 -22.425821
v 0.535960 -3.867780 -13.906641
v 8.505389 -3.357771 -11.080115
v 8.299079 -3.584785 -11.080459
v 7.111341 -3.606655 -14.028447
v 7.295096 -3.393866 -14.025777
v 7.114442 -2.975228 -14.020061
v 7.295673 -3.187509 -14.023036
v 6.036531 -3.221951 -17.096239
v 5.881360 -3.024756 -17.086502
v 5.870896 -3.629718 -17.114794
v 6.033228 -3.432112 -17.106070
v 1.813205 -3.325161 -27.602642
v 1.488671 -3.257770 -28.357510
v 1.445961 -3.111228 -28.226976
v 1.762985 -3.171903 -27.482376
v 8.337684 -2.609995 -8.596757
v 9.301035 -2.890371 -8.596758
v 8.299466 -2.928262 -11.079411
v 7.405228 -2.656274 -11.078888
v 10.032044 -2.866866 -6.820146
v 10.277738 -3.155600 -6.820413
v 9.526484 -3.127943 -8.596758
v 8.504956 -3.154666 -11.079791
v 4.710821 -3.650941 -20.013588
v 4.856405 -3.467429 -19.993576
v 3.738974 -3.667899 -22.459536
v 3.874839 -3.495638 -22.422441
v 5.155628 -2.774129 -17.072418
v 4.091463 -2.829793 -19.913141
v 6.302379 -2.713638 -14.015889
v 4.349648 -2.435206 -11.078236
v 5.964338 -2.487454 -11.078478
v 4.992696 -2.551271 -14.012602
v 3.535718 -2.501405 -14.010685
v 3.253554 -2.504141 -14.130177
v 3.981800 -2.618568 -17.061329
v 2.687021 -2.571254 -17.054916
v 3.640845 -2.308356 -5.652708
v 5.728999 -2.243739 -5.655360
v 5.561642 -2.328470 -6.699165
v 3.450198 -2.384799 -6.699446
v 3.039256 -2.435968 -8.596755
v 5.036840 -2.381812 -8.596756
v 6.785619 -2.435968 -8.596757
v 5.247086 -4.235011 -6.938473
v 3.402234 -4.179656 -6.938370
v 4.788078 -4.142363 -8.596756
v 3.042760 -2.680494 -19.886858
v 1.612796 -2.638238 -19.989576
v 0.987517 -2.687035 -22.184906
v -1.261936 -3.651785 -20.081890
v -1.655439 -3.667898 -22.362112
v -0.314279 -2.977170 -14.133324
v -0.149116 -3.616783 -29.107738
v -1.009020 -3.655472 -29.077652
v -1.084140 -3.347924 -29.121807
v -0.246498 -3.313107 -29.153412
v -1.847927 -3.616766 -28.976982
v -1.902416 -3.312962 -29.023586
v -2.099138 -2.395916 -29.022390
v -1.359606 -2.422100 -29.111322
v -2.563271 -3.208231 -28.869884
v -2.696972 -2.318622 -28.888506
v 0.680621 -3.703532 -28.960434
v -0.073163 -3.828319 -29.015728
v 0.590415 -3.500695 -29.056030
v -0.948348 -3.869915 -28.986790
v -1.801310 -3.828319 -28.884838
v -2.524473 -3.500662 -28.816936
v 0.472459 -3.208496 -29.107285
v -0.603538 -2.397075 -29.144812
v 0.043905 -2.320742 -29.112356
v 1.165706 -2.836384 -28.796553
v 0.662227 -2.048025 -28.858618
v 0.588981 -1.898565 -28.686407
v 1.088857 -2.632845 -28.591150
v -1.524239 -4.048404 -27.931946
v -1.745640 -3.957914 -28.725574
v 1.382783 -3.914985 -27.209930
v 0.570158 -4.051063 -27.253246
v 1.088543 -3.913558 -28.003586
v -0.381981 -4.096423 -27.228207
v -1.315713 -4.051064 -27.144173
v 0.771547 -3.827655 -28.799927
v 1.618553 -3.696306 -27.873035
v 1.288959 -3.617793 -28.655827
v 1.423352 -3.470321 -28.537491
v 1.753951 -3.542187 -27.764355
v -16.560419 -1.359358 -3.039515
v -16.614113 -1.670413 -3.052320
v -18.386976 -1.476157 -2.857743
v -18.319040 -1.197912 -2.848184
v 1.608108 -2.947315 -26.580584
v 1.344193 -2.954651 -27.289244
v 2.055162 -3.540367 -26.999828
v 1.921858 -3.695748 -27.095390
v 2.494325 -3.531192 -25.884825
v 2.362719 -3.689680 -25.962557
v 1.049445 -2.901366 -28.015738
v 1.190362 -3.502484 -28.817638
v 1.267927 -3.322418 -28.752300
v 1.088986 -3.313657 -28.919071
v 1.309129 -3.087918 -28.724401
v 0.882041 -2.721554 -28.263121
v 1.272122 -2.915727 -28.467390
v 1.234157 -2.862175 -28.507322
v 0.847379 -2.675128 -28.303118
v -0.317237 -2.774857 -27.044050
v -1.261429 -2.819805 -27.016695
v 0.606071 -2.819805 -27.138376
v 0.341694 -2.771106 -27.851385
v -1.084078 -2.811236 -26.337824
v -0.112013 -2.765877 -26.362860
v 0.841646 -2.811236 -26.446898
v -2.809481 -2.914293 -28.161997
v -2.821802 -2.862132 -28.200983
v -19.820173 -1.070816 -2.668918
v -19.892689 -1.316377 -2.676441
v -21.132498 -1.197546 -2.513719
v -21.066727 -0.982129 -2.506670
v -0.677146 -2.559715 -28.003904
v -0.701097 -2.520316 -28.042398
v -13.474335 -2.001266 -3.342649
v -13.449766 -1.651131 -3.324692
v -10.152517 -1.953533 -3.591266
v -10.151209 -2.331525 -3.613188
v -25.605106 -1.711934 -0.493345
v -25.632198 -1.695144 -0.340556
v -25.635559 -1.709651 0.000010
v -25.507755 -1.894864 -0.507153
v -25.301464 -2.176906 0.000010
v -25.578465 -1.566145 -0.756608
v -25.554169 -1.735459 -0.654028
v -25.628338 -1.554951 -0.571884
v -25.654575 -1.547501 -0.386867
v -25.662498 -1.552831 0.000010
v -13.375095 0.730447 -2.611811
v -13.386660 0.133015 -2.892928
v -16.309025 0.187933 -2.661159
v -16.232357 0.690162 -2.414536
v -24.042572 0.020165 -1.624447
v -24.016296 -0.172364 -1.753996
v -24.423584 -0.245084 -1.641619
v -24.448706 -0.069118 -1.524117
v -24.014460 -0.402031 -1.854927
v -24.419216 -0.457411 -1.736136
v -24.719549 -0.310784 -1.525182
v -24.727850 -0.148229 -1.425953
v -24.722921 -0.510069 -1.611004
v -23.517853 0.278113 -1.553856
v -23.474380 0.119801 -1.727528
v -24.100689 0.158358 -1.464516
v -23.463461 -0.095073 -1.866468
v -23.477348 -0.347931 -1.973056
v -24.957346 -0.555612 -1.473378
v -24.942162 -0.363883 -1.396723
v -24.923889 -0.207104 -1.319005
v -24.766367 -0.038130 -1.309119
v -24.905966 -0.109062 -1.259810
v -24.505463 0.054762 -1.380922
v -13.401802 -0.499254 -3.100487
v -16.393412 -0.348632 -2.844101
v -13.422379 -1.108921 -3.242243
v -16.479025 -0.875975 -2.968717
v -17.984684 0.190691 -2.509040
v -17.883472 0.632289 -2.287547
v -18.097250 -0.284527 -2.673702
v -13.612207 -3.374559 -3.076943
v -13.658361 -3.745801 -2.861380
v -16.880995 -3.282960 -2.597800
v -16.829512 -2.948654 -2.797332
v -16.169905 1.114499 -2.098877
v -13.365242 1.235608 -2.249381
v -18.211422 -0.757200 -2.785613
v -19.701584 -0.671026 -2.612983
v -19.577078 -0.249372 -2.512427
v -19.456253 0.168987 -2.364628
v -19.350491 0.553792 -2.166341
v -17.803366 1.004100 -2.005139
v -19.271175 0.874783 -1.914316
v -18.725437 -2.956480 -2.423248
v -18.662884 -2.658727 -2.611705
v -13.522493 -2.567616 -3.316352
v -13.495045 -2.260800 -3.339538
v -10.155998 -2.592047 -3.611500
v -10.168995 -2.913676 -3.588507
v -20.272495 -2.670862 -2.263194
v -16.771149 -2.586439 -2.936947
v -13.565878 -2.977978 -3.226016
v -20.203503 -2.406617 -2.441582
v -18.590473 -2.331373 -2.744457
v -20.122778 -2.111975 -2.567671
v -24.507687 0.740797 -0.604000
v -24.903170 0.613794 -0.589290
v -24.884771 0.986138 -0.515445
v -24.505743 1.109511 -0.526171
v -25.150129 0.516816 -0.560641
v -25.113277 0.906468 -0.489562
v -24.854319 1.490583 -0.468037
v -24.493635 1.614304 -0.476893
v -25.068533 1.416452 -0.444407
v -23.867395 0.667588 -0.739257
v -24.478640 0.496271 -0.721321
v -23.906128 0.919686 -0.612375
v -24.885712 0.366091 -0.699854
v -25.149467 0.246915 -0.670752
v -25.341778 0.085307 -0.619315
v -25.297207 0.447068 -0.502538
v -25.242031 0.859168 -0.438536
v -25.187386 1.375019 -0.398311
v -25.143847 2.025325 -0.372022
v -25.032463 2.066758 -0.415038
v -24.831240 2.141615 -0.437127
v -24.491644 2.267945 -0.445266
v -23.934912 1.805368 -0.478390
v -23.965147 2.463804 -0.446429
v -23.921944 1.294805 -0.529562
v 25.632589 -3.874218 -0.000006
v -16.706665 -2.205230 -3.023343
v -16.658642 -1.927961 -3.046762
v -18.508821 -1.980637 -2.827549
v -18.449062 -1.732286 -2.850377
v -25.193470 -0.995554 -1.413883
v -25.201870 -1.064491 -1.416150
v -25.358299 -1.073278 -1.236978
v -25.351166 -1.011245 -1.235630
v -25.205349 -1.936552 -1.076657
v -25.045631 -2.155214 -0.898591
v -25.131172 -2.172514 -0.678058
v -25.330898 -1.931912 -0.881884
v -20.031473 -1.790932 -2.646771
v -25.082819 -0.233608 -1.185590
v -25.124155 -0.399726 -1.249545
v -25.273739 -0.420462 -1.085835
v -25.221123 -0.238013 -1.027908
v -25.149216 -0.590592 -1.318654
v -25.304756 -0.615730 -1.148919
v -25.392361 -0.430245 -0.910335
v -25.338631 -0.225809 -0.854521
v -25.424965 -0.632828 -0.967973
v -25.005131 -0.097331 -1.149719
v -25.169727 -0.793254 -1.377615
v -25.327503 -0.814950 -1.202861
v -25.448742 -0.830526 -1.016011
v -25.534580 -0.840983 -0.820614
v -25.510494 -0.643840 -0.779785
v -25.478893 -0.434464 -0.729127
v -25.430481 -0.205005 -0.675169
v -25.243858 -0.036679 -0.819560
v -25.128576 -0.079360 -0.993902
v -24.177156 -2.454618 -0.959529
v -24.153486 -2.524638 -0.657123
v -24.538202 -2.434380 -0.615256
v -24.539389 -2.375898 -0.893550
v -24.133575 -2.564505 -0.333816
v -24.540604 -2.465190 -0.313705
v -24.852858 -2.336753 -0.599195
v -24.816908 -2.294661 -0.851733
v -24.894758 -2.354089 -0.311931
v -23.754147 -2.371135 -1.402999
v -23.732784 -2.538712 -1.034978
v -24.196987 -2.298318 -1.305114
v -23.701870 -2.616774 -0.709460
v -23.674580 -2.662678 -0.360569
v -23.662834 -2.677697 0.000010
v -24.125233 -2.577138 0.000010
v -24.542511 -2.474118 0.000010
v -24.921219 -2.355126 0.000010
v -25.218201 -2.171583 -0.419936
v -24.805107 -2.178137 -1.124531
v -24.964455 -2.134209 -1.056750
v -24.546913 -2.235302 -1.210195
v -25.238991 -1.766316 -1.210347
v -25.376007 -1.759846 -1.022732
v -25.429691 -1.921163 -0.683431
v -25.479244 -1.751052 -0.833275
v -25.043203 -1.945242 -1.253143
v -25.062243 -1.775027 -1.385478
v -25.246288 -1.581339 -1.321803
v -25.561539 -0.440145 -0.365594
v -25.573551 -0.441299 0.000010
v -25.537594 -0.198962 0.000010
v -25.524067 -0.198698 -0.335064
v -25.500938 -1.573750 -0.946598
v -25.391602 -1.578075 -1.137340
v -25.491879 -0.198721 -0.502774
v -25.533173 -0.437705 -0.547421
v -25.563278 -0.650578 -0.587815
v -25.590443 -0.654136 -0.393339
v -25.601891 -0.655650 0.000010
v -25.625927 -0.851958 0.000010
v -25.614510 -0.850587 -0.415303
v -25.438084 0.082001 -0.454031
v -25.587387 -0.847328 -0.619834
v -25.475670 0.081436 -0.303857
v -25.490696 0.081305 0.000009
v -16.278032 1.781963 -0.884335
v -13.661785 1.990665 -0.749627
v -13.437414 1.848894 -1.295234
v -16.156694 1.644008 -1.296729
v -25.230721 -1.325610 -1.401127
v -25.237118 -1.390091 -1.391620
v -25.388546 -1.392380 -1.209134
v -25.383869 -1.334515 -1.218536
v -25.477879 -1.079609 -1.045513
v -25.471836 -1.022713 -1.044792
v -25.503143 -1.393381 -1.016608
v -25.499870 -1.340916 -1.025351
v -25.640938 -1.085621 -0.428734
v -25.636395 -1.037441 -0.428359
v -25.037600 -1.314219 -1.568636
v -25.583927 -1.392177 -0.818807
v -25.652103 -1.086896 0.000010
v -25.647690 -1.038562 0.000010
v -25.581593 -1.344772 -0.826093
v -17.822737 1.632983 -0.932476
v -17.757711 1.481362 -1.294544
v -13.367022 1.604751 -1.803593
v -16.133541 1.428478 -1.716041
v -17.755646 1.280915 -1.664396
v -19.284458 1.461422 -0.952292
v -25.660713 -1.386179 -0.416807
v -25.670433 -1.388695 0.000010
v -25.668911 -1.348144 0.000010
v -25.658981 -1.346846 -0.419799
v -19.228878 1.113038 -1.610871
v -19.231049 1.294994 -1.280580
v -25.632580 -1.346295 -0.624381
v -25.634487 -1.388688 -0.619291
v -7.583055 -2.826385 -3.790200
v -7.592229 -3.147106 -3.767107
v -5.483022 -2.744069 -3.924006
v -5.479611 -2.349784 -3.901389
v -3.424475 -2.903059 -4.044223
v -24.199993 -2.045728 -1.655236
v -24.557024 -2.000107 -1.534205
v -24.404940 0.358496 -0.883757
v -24.302155 0.286978 -1.075627
v -24.711937 0.164505 -1.029742
v -24.816025 0.230166 -0.852143
v -24.193125 0.235542 -1.276030
v -24.599743 0.121117 -1.211771
v -24.972338 0.049485 -0.997767
v -25.080334 0.108584 -0.825729
v -24.856970 0.015086 -1.163991
v -23.792458 0.520415 -0.916666
v -23.695339 0.437402 -1.127170
v -23.596863 0.372113 -1.347369
v -24.184481 -1.850903 -1.804335
v -24.550896 -1.814655 -1.678292
v -24.832546 -1.966319 -1.403316
v -24.837898 -1.790208 -1.540479
v -23.748224 -2.105511 -1.770349
v -23.722322 -1.901891 -1.923342
v -10.313314 -4.128302 -3.107656
v -7.779784 -4.334121 -3.270786
v -7.599127 -2.176599 -3.768075
v -7.584331 -2.566009 -3.791606
v -5.487707 -3.003102 -3.921991
v -5.496460 -3.320203 -3.898676
v 10.850971 -3.155710 -5.663165
v 10.598605 -2.825794 -5.660975
v -10.204943 -3.334323 -3.494582
v -10.176575 -1.360576 -3.499867
v -6.788693 -2.114017 -3.800514
v -6.850718 -1.943207 -3.772344
v -6.640924 -1.943207 -3.783137
v -6.638950 -2.184769 -3.818354
v -5.484606 -1.943207 -3.842621
v -5.545933 -3.721849 -3.800811
v -7.634192 -3.559759 -3.670858
v -5.724169 -4.466609 -3.392055
v -10.255373 -3.743229 -3.337293
v -7.700267 -3.958957 -3.508775
v -5.626297 -4.106834 -3.635617
v -22.509350 7.733444 0.000006
v -22.558367 7.708797 -0.157774
v -23.108488 8.092758 -0.142370
v -23.074657 8.113585 0.000006
v -10.662659 2.174054 -0.689245
v -8.241088 2.286477 -0.706148
v -8.175473 2.131920 -1.380222
v -10.503462 2.025363 -1.327059
v -5.888661 2.385274 -0.735670
v -5.866438 2.224060 -1.440974
v -8.122474 1.839447 -1.995441
v -10.428066 1.752829 -1.906533
v -5.822857 1.913083 -2.085898
v -10.853334 2.218765 0.000004
v -8.286343 2.331687 0.000003
v -5.895868 2.431334 0.000002
v -5.742971 1.417388 -2.640682
v -8.061941 1.378141 -2.525222
v -10.390285 1.329620 -2.405851
v -8.455151 -0.146236 -3.279670
v -8.668303 -0.156691 -3.267175
v -8.666918 0.095326 -3.183019
v -8.517170 0.024573 -3.220512
v -8.517170 0.024573 -3.220512
v -7.970256 0.735779 -2.949722
v -7.841213 -0.146191 -3.311463
v -8.455151 -0.146236 -3.279670
v -6.850718 -0.895514 -3.573825
v -6.850718 -0.146236 -3.362439
v -6.641816 -0.146236 -3.373044
v -6.645137 -0.914227 -3.588109
v -6.850718 -0.146236 -3.362439
v -6.788693 0.024573 -3.306980
v -5.546631 0.024573 -3.366783
v -5.484606 -0.146236 -3.431790
v -5.704356 -0.146236 -3.420634
v -5.696376 0.095326 -3.331178
v -10.222857 -0.673253 -3.344787
v -10.281830 0.052520 -3.117535
v -10.341602 0.744293 -2.807944
v -3.561588 0.095326 -3.433251
v -3.544771 -0.145125 -3.526991
v -3.773357 -0.146236 -3.516074
v -3.711330 0.024573 -3.453760
v -3.773357 -1.221421 -3.791986
v -5.484606 -1.019860 -3.668746
v -5.484606 -0.146236 -3.431790
v -3.773357 -0.146236 -3.516074
v -3.773357 -1.221421 -3.791986
v -3.711330 -1.392232 -3.828063
v -7.649256 -1.618484 -3.682718
v -7.746934 -0.813938 -3.511554
v -6.850718 -0.895514 -3.573825
v -6.850718 -1.943207 -3.772344
v 0.289256 -5.526410 -0.791157
v 0.300793 -5.474549 -1.548939
v -1.372736 -5.354014 -2.213927
v 0.322741 -5.376198 -2.239967
v -1.432237 -5.524487 0.000003
v 0.285906 -5.541530 0.000003
v 13.371368 -1.221421 -4.101100
v 13.371368 -0.146237 -3.873401
v 15.144865 -0.146237 -3.810392
v 15.144865 -1.279948 -4.043248
v 3.688538 -2.108844 -4.917314
v 5.807011 -2.038857 -4.926595
v 8.209816 -2.114475 -4.927382
v 7.826009 -2.310061 -5.654792
v 7.382099 -2.393750 -6.819372
v 3.668340 -1.684916 -4.358007
v 1.859005 -2.347256 -4.916243
v 5.890223 -1.617577 -4.380212
v 8.515965 -1.697089 -4.381309
v 10.100639 -2.358515 -4.926668
v 9.552829 -2.507699 -5.655350
v 9.019179 -2.573406 -6.819442
v 3.402187 -2.396396 -6.938870
v 5.247172 -2.340543 -6.939187
v 4.788079 -2.381811 -8.596756
v 0.892312 -2.821288 -5.659736
v 1.929475 -2.504427 -5.652587
v 1.807233 -2.565960 -6.699387
v 0.792905 -2.861661 -6.700260
v 1.772636 -2.575489 -6.938842
v 10.595760 -3.802719 -5.657227
v 10.862344 -3.383725 -5.662455
v 0.828568 -3.828338 -4.943721
v 0.579135 -3.362867 -4.959382
v 0.627562 -3.376945 -5.663539
v 0.892689 -3.797735 -5.658996
v 0.827120 -2.743960 -4.945994
v 0.585763 -3.130448 -4.959459
v 10.083538 -4.171012 -4.904375
v 9.548690 -4.100266 -5.649086
v 9.018663 -4.009078 -6.818658
v 0.514919 -3.158976 -6.940033
v 0.764107 -2.867928 -6.939713
v 0.293506 -3.133092 -8.596755
v 0.636303 -3.157550 -5.663565
v 0.534756 -3.370148 -6.700871
v 0.792984 -3.729472 -6.700124
v 5.728101 -4.338140 -5.649849
v 3.641110 -4.278099 -5.649045
v 3.450211 -4.195661 -6.698902
v 1.861288 -4.157404 -4.909992
v 0.359143 -3.363010 -4.559248
v -22.135647 -1.115740 -2.367165
v -22.083525 -0.927582 -2.359663
v 0.541931 -3.160342 -6.700884
v 1.772712 -4.002231 -6.938559
v 1.930024 -4.096338 -5.650697
v 8.198567 -4.352593 -4.904197
v 5.930511 -4.405776 -4.910564
v 7.823052 -4.280255 -5.648122
v 3.689581 -4.345751 -4.907133
v 0.463364 -2.725614 -23.996006
v -0.487169 -2.767049 -23.982403
v 1.807335 -4.017582 -6.699118
v 4.348865 -4.077839 -11.080856
v -23.620535 8.340214 -0.127605
v -23.608608 8.361080 0.000006
v -22.675158 7.650454 -0.223752
v -23.191807 8.044846 -0.201558
v -22.005480 7.153283 -0.171786
v -21.945993 7.182916 0.000006
v -23.655785 8.294788 -0.179906
v -24.068518 8.489273 -0.116198
v -24.077871 8.513676 0.000006
v -22.146769 7.082905 -0.243677
v -22.421909 6.945853 -0.298762
v -22.904472 7.537823 -0.274241
v -23.369102 7.959345 -0.246388
v -23.766462 8.230167 -0.217955
v -24.030005 8.365376 -0.195649
v -24.049459 8.435638 -0.164004
v -25.415997 0.414405 -0.274018
v -25.431515 0.412629 0.000009
v -25.366627 0.820877 0.000009
v -25.351398 0.824729 -0.248223
v -25.377960 0.420589 -0.400079
v -25.314884 0.834814 -0.355498
v -25.304607 1.335097 0.000009
v -25.289997 1.339970 -0.228534
v -25.255260 1.351662 -0.324598
v -25.254021 1.984339 0.000009
v -25.240250 1.989462 -0.213909
v -19.232454 2.253469 0.000007
v -19.355768 2.213837 -0.257762
v -19.718521 2.609006 -0.243657
v -19.610220 2.644359 0.000007
v -25.207539 2.001629 -0.303429
v -19.988649 3.152104 -0.227965
v -19.890007 3.185942 0.000007
v -19.583641 2.128454 -0.389429
v -19.956652 2.528192 -0.352829
v -20.220547 3.072134 -0.324266
v -20.257284 3.843138 -0.213911
v -20.165033 3.877454 0.000007
v -20.092051 1.967494 -0.506715
v -20.436832 2.374149 -0.439583
v -20.674192 2.916816 -0.398444
v -20.903023 3.602922 -0.372024
v -20.476377 3.761636 -0.303431
v -25.236832 8.671843 0.000007
v -25.222050 8.620481 -0.087233
v -25.285019 8.567780 -0.078530
v -25.304543 8.602140 0.000007
v -25.143290 8.495592 -0.129074
v -25.216572 8.474571 -0.120783
v -25.105000 8.633842 -0.093823
v -25.128063 8.677813 0.000007
v -25.253384 8.428772 -0.110876
v -25.283974 8.420807 -0.082218
v -25.035822 8.517357 -0.145303
v -24.949091 8.268507 -0.176077
v -25.095875 8.241419 -0.148546
v -25.191666 8.228542 -0.131881
v -25.247025 8.229761 -0.119743
v -25.247040 6.648263 -0.083637
v -25.259750 6.645820 0.000007
v -25.286266 7.307211 0.000007
v -25.276756 7.302056 -0.059401
v -25.169224 6.016582 -0.178441
v -25.211094 5.996827 -0.100303
v -25.211586 6.661115 -0.156861
v -25.234917 5.989605 0.000008
v -25.208977 2.787781 -0.202565
v -25.221722 2.782583 0.000008
v -25.207714 3.683543 0.000008
v -25.199982 3.686989 -0.128845
v -23.076181 5.648908 -0.374227
v -23.609396 5.280834 -0.384116
v -23.889048 6.231205 -0.356844
v -23.382620 6.467304 -0.351046
v -25.279137 8.058706 -0.095661
v -25.291851 8.058228 0.000007
v -25.291851 8.230362 0.000007
v -25.279621 8.229891 -0.088664
v -25.249031 7.303477 -0.130554
v -24.859840 6.682662 -0.278355
v -25.047041 6.670970 -0.225321
v -25.117073 7.314497 -0.188263
v -24.966982 7.336771 -0.228077
v -25.153999 6.666276 -0.191716
v -25.203201 7.310647 -0.161918
v -25.183165 8.058197 -0.142624
v -25.245022 8.058212 -0.128618
v -24.653875 5.401242 -0.347974
v -24.903049 5.401202 -0.299852
v -24.976213 6.038499 -0.253752
v -24.769260 6.067337 -0.310440
v -24.427052 6.098643 -0.352283
v -24.572243 6.754434 -0.311836
v -25.101490 6.024498 -0.216385
v -25.290295 7.917068 0.000007
v -25.275856 7.917597 -0.101843
v -25.239933 7.917097 -0.135359
v -25.173086 7.917124 -0.151389
v -25.052629 7.917198 -0.175315
v -25.291271 7.917076 0.000007
v -24.896214 8.058121 -0.201621
v -25.072153 8.058182 -0.163250
v -24.730469 7.402358 -0.262244
v -24.515980 3.070338 -0.421653
v -24.830341 2.942160 -0.413947
v -24.852476 3.841857 -0.394086
v -24.567135 3.969022 -0.401423
v -25.016624 2.866210 -0.393029
v -25.021551 3.766508 -0.374172
v -25.043993 5.260311 -0.258250
v -24.892948 5.260242 -0.309169
v -25.050781 5.401237 -0.249085
v -24.028595 3.269059 -0.422755
v -25.119726 2.824169 -0.352294
v -25.115137 3.724800 -0.318970
v -25.132349 5.401246 -0.207630
v -25.183556 5.401262 -0.123255
v -25.203770 5.401224 0.000008
v -24.637804 5.260180 -0.354511
v -23.509277 4.440461 -0.401424
v -24.124744 4.166171 -0.402471
v -24.241442 5.260170 -0.375558
v -24.265326 5.401278 -0.371843
v -25.178694 2.800127 -0.287338
v -25.174967 3.698139 -0.244430
v -22.803574 4.754960 -0.394087
v -25.200363 5.260153 0.000008
v -25.200031 5.260270 0.000008
v -20.510803 4.703379 0.000006
v -20.596195 4.668561 -0.202567
v -21.009262 5.554605 -0.192848
v -20.931749 5.589147 0.000006
v -25.180065 5.260273 -0.131086
v -25.127552 5.260270 -0.215714
v -21.483385 6.412451 -0.183129
v -21.414581 6.445436 0.000006
v -20.799009 4.585866 -0.287340
v -21.193352 5.472564 -0.273554
v -21.646799 6.334115 -0.259768
v -21.193966 4.424831 -0.352296
v -21.551836 5.312805 -0.335393
v -21.965023 6.181566 -0.318490
v -24.456722 8.605177 0.000006
v -24.434565 8.574890 -0.110144
v -24.723936 8.616323 -0.107843
v -24.749849 8.653627 0.000007
v -21.814671 4.171750 -0.393030
v -22.573029 3.862541 -0.413948
v -22.115232 5.061722 -0.374173
v -23.350517 3.545534 -0.421654
v -22.465141 5.941821 -0.355316
v -24.251400 6.901926 -0.325224
v -24.470678 7.498972 -0.286237
v -21.573545 3.353486 -0.415040
v -22.392767 3.048732 -0.437129
v -23.232651 2.736294 -0.445266
v -24.860664 7.917124 -0.216451
v -24.664150 7.917049 -0.244956
v -24.122297 6.960826 -0.327107
v -23.710653 7.147209 -0.321970
v -24.022680 6.186183 -0.356808
v -22.854313 6.730462 -0.333307
v -23.267057 7.361922 -0.305815
v -24.031982 7.682240 -0.287394
v -23.665302 7.833916 -0.273788
v -24.339401 7.551310 -0.291475
v -24.575174 8.056942 -0.243172
v -24.314987 8.081295 -0.248314
v -24.006660 8.162285 -0.238796
v -24.788092 8.319157 -0.199934
v -24.530882 8.357754 -0.205151
v -23.796236 5.416594 -0.378261
v -24.252480 8.374191 -0.201064
v -24.944996 8.633522 -0.100471
v -24.969536 8.673138 0.000007
v -24.379450 8.504492 -0.158638
v -24.660931 8.528049 -0.158200
v -24.893421 8.523706 -0.157455
v -21.500874 -2.452598 -2.122829
v -21.570766 -2.765008 -1.701864
v -22.500341 -2.586598 -1.597217
v -22.451757 -2.295331 -1.998124
v -21.435358 -2.212744 -2.292763
v -22.397362 -2.071813 -2.161160
v -23.206612 -2.461638 -1.499304
v -23.181946 -2.184491 -1.882742
v -23.142139 -1.972102 -2.040207
v -21.357321 -1.943041 -2.412705
v -23.090614 -1.733735 -2.150386
v -22.330521 -1.820068 -2.275719
v -20.647360 1.233756 -0.968089
v -20.590082 1.079054 -1.256669
v -21.810297 0.849985 -1.222419
v -21.876795 0.980028 -0.967379
v -20.571081 0.925129 -1.551880
v -21.764397 0.729151 -1.487485
v -22.857330 0.629410 -1.177891
v -22.939775 0.733358 -0.947432
v -22.781994 0.539932 -1.418780
v -20.771643 1.437109 -0.727526
v -20.590052 0.727820 -1.824138
v -21.749233 0.572152 -1.734069
v -22.731052 0.418631 -1.644009
v -23.012894 0.898175 -0.754021
v -21.960676 1.165510 -0.755096
v -21.601698 -2.964137 -1.266602
v -21.605228 -3.058898 -0.871480
v -22.499001 -2.862239 -0.815297
v -22.510880 -2.772933 -1.186064
v -21.602591 -3.115544 -0.443860
v -22.484720 -2.915904 -0.415021
v -23.171911 -2.722456 -0.762161
v -23.197197 -2.638355 -1.110125
v -23.147947 -2.772724 -0.387700
v -21.600275 -3.134361 0.000009
v -22.477789 -2.933817 0.000009
v -23.137302 -2.789422 0.000010
v -20.998920 1.729012 -0.578206
v -22.058783 1.447579 -0.610287
v -22.161316 1.846228 -0.521379
v -21.214901 2.135499 -0.494113
v -23.065748 1.164692 -0.617507
v -23.108480 1.551374 -0.530138
v -22.264175 2.375738 -0.468780
v -21.390066 2.673151 -0.444977
v -23.157438 2.071038 -0.477389
v -20.648026 0.455752 -2.050722
v -20.736010 0.123299 -2.229423
v -21.828627 0.059359 -2.102417
v -21.772917 0.345123 -1.939776
v -20.842512 -0.243726 -2.363158
v -21.905781 -0.262560 -2.224855
v -22.736855 -0.015782 -1.981977
v -22.717573 0.230332 -1.832410
v -22.779774 -0.299437 -2.095495
v -20.956026 -0.619509 -2.454844
v -21.993820 -0.598046 -2.309953
v -22.837177 -0.600363 -2.175750
v -21.210251 -1.453116 -2.505619
v -21.268829 -1.646356 -2.487065
v -22.254276 -1.542797 -2.345167
v -22.206888 -1.372408 -2.360620
v -22.937672 -1.064460 -2.232549
v -22.900896 -0.900824 -2.224442
v 3.124113 -3.298012 -24.291662
v 3.037171 -3.134033 -24.227612
v -19.967579 -1.571670 -2.667994
v -23.573200 -1.037189 -2.105791
v -2.729774 0.597404 -28.467344
v -2.293841 0.599826 -28.494329
v -2.411030 0.802884 -28.509291
v -2.800798 0.801255 -28.483816
v -1.874998 0.590632 -28.550539
v -2.036787 0.794255 -28.561460
v -2.492321 0.919367 -28.530622
v -2.831258 0.916107 -28.507193
v -2.163950 0.909495 -28.577158
v -2.968347 0.005849 -28.445051
v -2.519399 0.033940 -28.431139
v -3.108027 0.583077 -28.476706
v -1.997107 0.041400 -28.460096
v -1.491465 0.028611 -28.523966
v -1.548347 0.570693 -28.628832
v -1.746540 0.778282 -28.633566
v -1.914489 0.894228 -28.639559
v -2.045535 0.943925 -28.646395
v -2.253602 0.965526 -28.607992
v -2.556369 0.978348 -28.567381
v -2.860217 0.971798 -28.542879
v -3.120060 0.906223 -28.512766
v -3.070413 0.954476 -28.536642
v -3.140254 0.791090 -28.491533
v 0.955126 -3.039898 -28.979700
v 0.476305 -2.197284 -29.009844
v 1.016494 -2.872353 -28.072214
v 0.313347 -2.745146 -27.905581
v 1.450280 -3.221225 -28.416470
v 1.409754 -3.077819 -28.285509
v 0.709235 -2.464172 -28.396791
v 0.243876 -1.774512 -28.520937
v -0.800086 -2.324478 -28.144876
v -1.117076 -1.671035 -28.298117
v -1.889360 -1.696059 -28.264631
v -1.658484 -2.359296 -28.113268
v 0.160513 -2.559024 -28.143068
v 0.038945 -2.359441 -28.243101
v -0.361329 -1.697219 -28.387053
v -2.251548 -2.874846 -27.828455
v 0.190009 -2.600503 -28.103827
v -2.386876 -2.463907 -28.159391
v -2.544173 -1.772393 -28.297083
v -3.049932 -2.836020 -28.470125
v -3.138909 -2.045110 -28.550825
v -3.049446 -2.194569 -28.723032
v -2.952329 -3.039557 -28.675531
v -2.860108 -2.632506 -28.286982
v -2.969202 -1.895850 -28.399599
v -2.864985 -3.262190 -28.042259
v -2.756006 -3.080806 -27.974169
v -2.878100 -3.228319 -28.096752
v -2.706838 -3.329548 -27.308456
v -3.018734 0.967306 -28.729506
v -2.996778 0.993919 -28.659632
v -2.672499 1.003800 -28.695658
v -2.712496 0.975951 -28.767244
v -2.930788 0.995491 -28.594461
v -2.617688 1.004742 -28.625139
v -2.333406 0.986774 -28.732752
v -2.387791 0.960551 -28.798899
v -2.295915 0.988735 -28.663855
v -3.206315 0.905287 -28.751207
v -3.257787 0.933329 -28.698847
v -3.019095 0.917713 -28.788248
v -3.257062 0.956648 -28.630884
v -3.177427 0.962064 -28.571646
v -2.014911 0.949909 -28.697397
v -2.028880 0.943681 -28.764681
v -2.102942 0.921174 -28.824602
v -2.420151 0.911439 -28.853369
v -2.193338 0.894737 -28.860956
v -2.729572 0.921980 -28.828184
v -3.457140 0.491456 -28.696283
v -3.483772 0.525263 -28.603941
v -3.484197 0.753281 -28.606321
v -3.464219 0.727979 -28.690481
v -3.365285 0.557591 -28.525888
v -3.373805 0.774849 -28.535635
v -3.416102 0.885960 -28.613913
v -3.402439 0.863883 -28.688700
v -3.318307 0.898667 -28.551130
v -1.092565 -0.003898 -28.614798
v -3.131439 -0.209375 -28.817434
v -3.355114 -0.159204 -28.709196
v -3.279279 0.462169 -28.788275
v -3.398810 -0.099854 -28.599413
v -3.268030 -0.041499 -28.505548
v -3.274641 0.843607 -28.761984
v -3.308509 0.705594 -28.774710
v -2.119562 0.435773 -28.949751
v -2.546894 0.433666 -28.922762
v -2.657902 0.686030 -28.898783
v -2.274382 0.685140 -28.924356
v -2.956791 0.442545 -28.866556
v -3.023120 0.692139 -28.846712
v -2.715068 0.836123 -28.870218
v -2.377460 0.831145 -28.893969
v -3.033039 0.837757 -28.824003
v -1.285642 -0.219121 -28.987177
v -1.729948 -0.247131 -29.001089
v -1.745126 0.449786 -28.940409
v -2.241979 -0.254510 -28.972132
v -2.737268 -0.241801 -28.908258
v -2.086152 0.831613 -28.888777
v -1.937008 0.692785 -28.916739
v -1.374647 0.541721 -28.720819
v -1.356965 0.508230 -28.813139
v -1.584734 0.735632 -28.801756
v -1.595690 0.758415 -28.717699
v -1.484052 0.475586 -28.891207
v -1.701374 0.711546 -28.872541
v -1.791287 0.869530 -28.786928
v -1.794550 0.883368 -28.712458
v -1.890410 0.848585 -28.850031
v -0.873620 -0.053987 -28.723036
v -0.840276 -0.113256 -28.832815
v -0.981316 -0.171691 -28.926680
v -0.357494 -0.999119 -28.969027
v -0.199022 -0.906608 -28.853674
v -0.715222 -1.075119 -29.044973
v -0.251222 -0.813498 -28.720240
v -0.840276 -0.113256 -28.832815
v -0.873620 -0.053987 -28.723036
v -0.981316 -0.171691 -28.926680
v -1.862035 -1.135560 -29.033834
v -1.245694 -1.121400 -29.065245
v -0.525508 -0.735697 -28.590044
v -1.285642 -0.219121 -28.987177
v -1.092565 -0.003898 -28.614798
v -2.462273 -1.117900 -28.959764
v -2.944437 -1.068719 -28.852095
v -2.241979 -0.254510 -28.972132
v -1.729948 -0.247131 -29.001089
v -2.737268 -0.241801 -28.908258
v -3.288871 -0.897808 -28.588465
v -3.224333 -0.990918 -28.721899
v -3.131439 -0.209375 -28.817434
v -3.142738 -0.805297 -28.473112
v -2.790619 -0.729297 -28.397169
v -3.398810 -0.099854 -28.599413
v -3.355114 -0.159204 -28.709196
v -3.268030 -0.041499 -28.505548
v -1.625857 -0.668856 -28.408300
v -2.254538 -0.683016 -28.376886
v -2.968347 0.005849 -28.445051
v -1.013280 -0.686517 -28.482370
v -1.997107 0.041400 -28.460096
v -2.519399 0.033940 -28.431139
v -1.491465 0.028611 -28.523966
v 1.235431 -2.687029 -22.189362
v 2.265031 -2.729975 -22.217724
v 1.651467 -2.767050 -24.047848
v 0.710397 -2.725610 -24.003563
v 0.096404 -2.750745 -25.243763
v -0.798755 -2.791148 -25.225262
v 1.183271 -2.793531 -25.437481
v 0.272055 -2.755520 -25.494034
v -0.861157 -2.795729 -25.471004
v -0.540382 -2.827424 -19.753328
v 1.895504 -2.635581 -19.871824
v 3.211649 -2.874271 -22.267857
v 2.519055 -2.907596 -24.126972
v 1.991826 -2.931400 -25.546036
v 2.164085 -4.044671 -22.517542
v 1.135785 -4.087584 -22.508776
v 0.552932 -4.088969 -24.508192
v 1.491898 -4.047587 -24.521784
v -1.387214 -2.907596 -24.007309
v -1.656318 -2.929269 -25.259624
v -2.204709 -3.151809 -25.351919
v 2.962349 -3.680604 -24.429899
v 3.094213 -3.516593 -24.372561
v -1.767515 -3.494521 -22.320368
v -2.103089 -3.516449 -24.212450
v -2.009018 -3.680604 -24.276571
v 3.127867 -3.900375 -22.501860
v 2.386619 -3.907040 -24.496878
v 1.809646 -3.911802 -26.054871
v -2.377767 -3.316710 -25.677298
v -2.560246 -3.325593 -26.593491
v -0.623314 -4.047587 -24.456339
v 0.305850 -4.088958 -24.500544
v 0.052180 -4.101411 -26.196377
v 0.963768 -4.049671 -26.089432
v -0.986344 -4.049509 -25.880445
v -0.120879 -4.089820 -25.940836
v 1.843282 -4.085675 -20.039310
v -1.394842 -3.466871 -20.059464
v -1.485578 -3.907040 -24.377207
v -2.275310 -3.688932 -25.631624
v -1.791631 -3.911423 -25.771097
v -2.329692 -3.313747 -25.431387
v -1.048103 -4.049816 -26.119751
v -1.389343 -3.258049 -20.035431
v -1.244708 -3.072196 -20.015207
v -2.355865 -3.530658 -25.544455
v -0.499675 -3.192714 -14.136032
v -1.244708 -3.072196 -20.015207
v -1.389343 -3.258049 -20.035431
v -1.351147 -3.255265 -19.796001
v -1.205025 -3.068402 -19.775591
v -25.235401 8.665056 0.000007
v -25.126030 8.671530 0.000007
v -25.291851 8.415253 0.000007
v -24.453951 8.601389 0.000006
v -24.076698 8.510626 0.000006
v -24.746611 8.648964 0.000007
v -24.966721 8.667603 0.000007
v 18.125576 -1.079640 -3.231705
v 18.172314 -1.411150 -3.285682
v 10.215647 -0.146237 -3.893622
v 10.215647 -1.221421 -4.205920
v 2.749857 0.095326 -3.685479
v 2.600111 0.024573 -3.710591
v 12.005256 -1.221421 -4.149403
v 12.005256 -0.146237 -3.891858
v 12.067281 -1.392232 -4.183847
v 12.067281 0.024573 -3.834896
v 10.003878 0.095326 -3.806473
v 10.003941 -0.146237 -3.892715
v 10.003927 -1.221421 -4.209480
v 10.003877 -1.462984 -4.269548
v 10.153621 0.024573 -3.832401
v 10.215647 -0.146237 -3.893622
v 10.215647 -1.221421 -4.205920
v 10.153620 -1.392232 -4.248272
v 6.997898 -1.392232 -4.303496
v 3.692431 0.095326 -3.712308
v 3.842175 0.024573 -3.745817
v -0.555608 0.024573 -3.597117
v -2.407246 -1.221421 -3.856973
v -2.469270 -1.392232 -3.887064
v 15.356635 -2.184769 -4.068083
v 16.299210 -2.184769 -3.917578
v -5.701646 -1.943207 -3.831456
v -5.712166 -0.999148 -3.652934
v -5.484606 -1.019860 -3.668746
v -5.484606 -1.943207 -3.842621
v -6.638950 0.095326 -3.285795
v -5.696376 -2.184769 -3.866556
v -5.546631 -2.114017 -3.864031
v -6.788693 0.024573 -3.306980
v -8.669977 -0.761490 -3.449382
v -8.666918 -1.462983 -3.600628
v -9.609493 -1.462983 -3.547716
v -9.604988 -0.708360 -3.386404
v -8.455151 -0.773697 -3.463852
v -3.711330 0.024573 -3.453760
v -8.455151 -0.773697 -3.463852
v -1.394842 -3.466871 -20.059464
v -1.261936 -3.651785 -20.081890
v -1.221971 -3.650057 -19.843006
v -1.356490 -3.464187 -19.820221
v 0.496715 -2.716015 -14.130578
v -0.314279 -2.977170 -14.133324
v -0.277517 -2.973313 -13.894011
v 0.540007 -2.711296 -13.891212
v 1.856355 -2.548665 -13.890167
v 1.802503 -2.553918 -14.129578
v -0.279625 -3.605766 -13.902450
v -0.465114 -3.389423 -13.899380
v -0.500208 -3.392196 -14.138666
v -0.316475 -3.607553 -14.141643
v -0.798755 -2.791148 -25.225262
v 0.096404 -2.750745 -25.243763
v 0.272055 -2.755520 -25.494034
v -0.861157 -2.795729 -25.471004
v 0.305850 -4.088958 -24.500544
v -0.120879 -4.089820 -25.940836
v 0.052180 -4.101411 -26.196377
v 0.552932 -4.088969 -24.508192
v 1.807335 -4.017582 -6.699118
v 0.792984 -3.729472 -6.700124
v 0.764160 -3.715704 -6.939571
v 1.772712 -4.002231 -6.938559
v 0.541931 -3.160342 -6.700884
v 0.792905 -2.861661 -6.700260
v 0.764107 -2.867928 -6.939713
v 0.514919 -3.158976 -6.940033
v 3.402234 -4.179656 -6.938370
v 3.450211 -4.195661 -6.698902
v 4.100074 -4.077842 -11.080833
v 4.348865 -4.077839 -11.080856
v 0.492539 -3.868715 -14.145803
v 1.796778 -4.030818 -14.149095
v 1.850731 -4.030409 -13.909925
v 0.535960 -3.867780 -13.906641
v -0.464710 -3.189960 -13.896717
v -0.499675 -3.192714 -14.136032
v 4.349648 -2.435206 -11.078236
v 4.100894 -2.435204 -11.078212
v -2.275310 -3.688932 -25.631624
v -2.355865 -3.530658 -25.544455
v -2.403920 -3.532463 -25.788977
v -2.324292 -3.690359 -25.874914
v -0.586185 -2.832093 -19.993128
v -0.540382 -2.827424 -19.753328
v 0.524194 -2.677854 -19.745092
v 0.468407 -2.683061 -19.984945
v 0.534756 -3.370148 -6.700871
v 0.507716 -3.366442 -6.940010
v 0.423101 -4.040967 -20.141281
v 0.479099 -4.040578 -19.902981
v -1.845527 -3.912144 -26.011974
v -1.048103 -4.049816 -26.119751
v -0.986344 -4.049509 -25.880445
v -1.791631 -3.911423 -25.771097
v 5.562389 -4.251569 -6.698797
v 5.247086 -4.235011 -6.938473
v 4.788079 -2.381811 -8.596756
v 5.247172 -2.340543 -6.939187
v 5.561642 -2.328470 -6.699165
v 5.036840 -2.381812 -8.596756
v -2.329692 -3.313747 -25.431387
v -2.204709 -3.151809 -25.351919
v -2.253509 -3.155093 -25.598097
v -2.377767 -3.316710 -25.677298
v 1.235431 -2.687029 -22.189362
v 0.710397 -2.725610 -24.003563
v 0.463364 -2.725614 -23.996006
v 0.987517 -2.687035 -22.184906
v 0.887797 -4.087574 -22.504286
v 1.135785 -4.087584 -22.508776
v 2.665004 -4.083213 -17.125624
v 2.416318 -4.083215 -17.124815
v -0.572879 -3.891019 -19.876587
v -0.619054 -3.891915 -20.115101
v -1.656318 -2.929269 -25.259624
v -1.710250 -2.933361 -25.505756
v 5.036869 -4.142361 -8.596756
v 4.788078 -4.142363 -8.596756
v 2.687021 -2.571254 -17.054916
v 2.438387 -2.571254 -17.054111
v 1.807233 -2.565960 -6.699387
v 3.450198 -2.384799 -6.699446
v 3.402187 -2.396396 -6.938870
v 1.772636 -2.575489 -6.938842
v -2.809481 -2.914293 -28.161997
v -2.978441 -3.216409 -28.419075
v -2.878100 -3.228319 -28.096752
v -2.756006 -3.080806 -27.974169
v 3.094213 -3.516593 -24.372561
v 2.494325 -3.531192 -25.884825
v 2.536364 -3.311926 -25.771017
v 3.124113 -3.298012 -24.291662
v 2.107575 -3.321581 -26.857517
v 2.055162 -3.540367 -26.999828
v 18.657158 -3.527084 -3.699312
v 19.820648 -3.583597 -3.560599
v 19.803028 -3.841164 -3.565367
v 18.628094 -3.783360 -3.713189
v 1.753951 -3.542187 -27.764355
v 1.813205 -3.325161 -27.602642
v 12.079184 -3.398702 -4.548867
v 11.407904 -3.378383 -4.955554
v 11.399864 -3.140201 -4.957779
v 12.081300 -3.152290 -4.553903
v 16.287491 -3.378579 -4.030847
v 17.466246 -3.457075 -3.859414
v 17.429142 -3.712336 -3.868739
v 16.247528 -3.632131 -4.014288
v 13.016593 -3.143405 -4.321106
v 12.970848 -3.393523 -4.310574
v 14.727545 -3.519886 -4.131312
v 14.761562 -3.267054 -4.151238
v -2.906545 -3.471999 -28.220112
v -2.864985 -3.262190 -28.042259
v 8.505389 -3.357771 -11.080115
v 7.295096 -3.393866 -14.025777
v 7.295673 -3.187509 -14.023036
v 8.504956 -3.154666 -11.079791
v -24.496712 -1.290638 -1.853515
v -24.798822 -1.301188 -1.718216
v -24.767776 -1.040562 -1.725328
v -24.464619 -1.030360 -1.857751
v -3.424475 -2.903059 -4.044223
v -1.098566 -3.027248 -4.190754
v -1.093772 -3.284589 -4.188650
v -3.419773 -3.161781 -4.042528
v -2.706838 -3.329548 -27.308456
v -2.744349 -3.543623 -27.468132
v 0.293506 -3.133092 -8.596755
v -0.059175 -3.159056 -11.078957
v -0.058957 -3.354316 -11.079269
v 0.285005 -3.332542 -8.596755
v -25.383869 -1.334515 -1.218536
v -25.499870 -1.340916 -1.025351
v -25.477879 -1.079609 -1.045513
v -25.358299 -1.073278 -1.236978
v -5.487707 -3.003102 -3.921991
v -5.483022 -2.744069 -3.924006
v -2.318657 -2.719616 -28.025599
v -2.251548 -2.874846 -27.828455
v -1.479001 -2.746492 -27.772120
v -1.564803 -2.599314 -27.974146
v -16.658642 -1.927961 -3.046762
v -18.449062 -1.732286 -2.850377
v -18.386976 -1.476157 -2.857743
v -16.614113 -1.670413 -3.052320
v -10.151209 -2.331525 -3.613188
v -7.584331 -2.566009 -3.791606
v -7.583055 -2.826385 -3.790200
v -10.155998 -2.592047 -3.611500
v 10.862344 -3.383725 -5.662455
v 10.850971 -3.155710 -5.663165
v -13.495045 -2.260800 -3.339538
v -13.474335 -2.001266 -3.342649
v -25.037600 -1.314219 -1.568636
v -25.230721 -1.325610 -1.401127
v -25.201870 -1.064491 -1.416150
v -25.006853 -1.053295 -1.579570
v 0.360706 -3.114878 -4.559621
v 0.585763 -3.130448 -4.959459
v 0.579135 -3.362867 -4.959382
v 0.359143 -3.363010 -4.559248
v 0.636303 -3.157550 -5.663565
v 0.627562 -3.376945 -5.663539
v -21.210251 -1.453116 -2.505619
v -22.206888 -1.372408 -2.360620
v -22.135647 -1.115740 -2.367165
v -21.132498 -1.197546 -2.513719
v -0.047384 -3.307799 -4.334964
v -0.051756 -3.052689 -4.336508
v 20.926975 -3.632394 -3.387765
v 21.950869 -3.680067 -3.179880
v 21.942085 -3.938182 -3.155558
v 20.917612 -3.890832 -3.379886
v 6.033228 -3.432112 -17.106070
v 6.036531 -3.221951 -17.096239
v -19.967579 -1.571670 -2.667994
v -19.892689 -1.316377 -2.676441
v -23.573200 -1.037189 -2.105791
v -22.937672 -1.064460 -2.232549
v -22.996397 -1.322495 -2.228081
v -23.618465 -1.296351 -2.102937
v 1.409754 -3.077819 -28.285509
v 1.450280 -3.221225 -28.416470
v 1.267927 -3.322418 -28.752300
v 1.272122 -2.915727 -28.467390
v 3.874839 -3.495638 -22.422441
v 3.893032 -3.278880 -22.373007
v -24.110340 -1.287432 -1.979922
v -24.074060 -1.027581 -1.982656
v -2.560246 -3.325593 -26.593491
v -2.593136 -3.541119 -26.733822
v 1.488671 -3.257770 -28.357510
v 1.423352 -3.470321 -28.537491
v -25.562275 -1.083446 -0.845213
v -25.581593 -1.344772 -0.826093
v -25.632580 -1.346295 -0.624381
v -25.614235 -1.085017 -0.639136
v -25.658981 -1.346846 -0.419799
v -25.640938 -1.085621 -0.428734
v 10.287035 -3.373158 -6.820310
v 10.277738 -3.155600 -6.820413
v -0.571225 -2.703207 -27.801683
v -0.677146 -2.559715 -28.003904
v 4.856405 -3.467429 -19.993576
v 4.865328 -3.253561 -19.968868
v 0.313347 -2.745146 -27.905581
v 0.190009 -2.600503 -28.103827
v 9.537045 -3.336106 -8.596758
v 9.526484 -3.127943 -8.596758
v -1.756480 -3.281945 -22.271864
v -2.084715 -3.301012 -24.132658
v -2.103089 -3.516449 -24.212450
v -1.767515 -3.494521 -22.320368
v 1.016494 -2.872353 -28.072214
v 0.882041 -2.721554 -28.263121
v -25.652103 -1.086896 0.000010
v -25.668911 -1.348144 0.000010
v -0.934973 -3.429573 -17.083353
v -0.932886 -3.225324 -17.073797
v -24.241442 5.260170 -0.375558
v -24.637804 5.260180 -0.354511
v -24.653875 5.401242 -0.347974
v -24.265326 5.401278 -0.371843
v -23.796236 5.416594 -0.378261
v -23.609396 5.280834 -0.384116
v -23.889048 6.231205 -0.356844
v -24.022680 6.186183 -0.356808
v -24.251400 6.901926 -0.325224
v -24.122297 6.960826 -0.327107
v -25.052629 7.917198 -0.175315
v -25.173086 7.917124 -0.151389
v -25.183165 8.058197 -0.142624
v -25.072153 8.058182 -0.163250
v -25.180065 5.260273 -0.131086
v -25.183556 5.401262 -0.123255
v -25.239933 7.917097 -0.135359
v -25.245022 8.058212 -0.128618
v -24.892948 5.260242 -0.309169
v -24.903049 5.401202 -0.299852
v -25.132349 5.401246 -0.207630
v -25.050781 5.401237 -0.249085
v -25.043993 5.260311 -0.258250
v -25.127552 5.260270 -0.215714
v -24.860664 7.917124 -0.216451
v -24.896214 8.058121 -0.201621
v -24.575174 8.056942 -0.243172
v -24.664150 7.917049 -0.244956
v -24.470678 7.498972 -0.286237
v -24.339401 7.551310 -0.291475
v -25.279137 8.058706 -0.095661
v -25.275856 7.917597 -0.101843
v -24.110340 -1.287431 1.979941
v -24.496712 -1.290637 1.853534
v -24.509232 -1.389218 1.844423
v -24.126923 -1.401787 1.970494
v -24.452080 -0.925474 1.851443
v -24.757038 -0.950382 1.720477
v -24.767776 -1.040561 1.725347
v -24.464619 -1.030359 1.857770
v -24.798822 -1.301187 1.718235
v -24.808914 -1.385879 1.709081
v -1.081296 -3.611018 4.163054
v 0.033223 -3.686501 4.304446
v -0.047381 -3.307796 4.334968
v -1.093769 -3.284586 4.188655
v -23.508295 -0.620190 2.049692
v -24.030327 -0.651495 1.928578
v -24.057676 -0.905487 1.975112
v -23.549154 -0.895505 2.097569
v -23.618465 -1.296350 2.102956
v -23.642090 -1.427932 2.092447
v 2.465661 -3.153507 25.684286
v 2.049176 -3.166536 26.751221
v 2.107592 -3.321564 26.857521
v 2.536381 -3.311910 25.771025
v -24.159353 -1.634623 1.909633
v -23.685827 -1.674711 2.030396
v -24.534304 -1.608870 1.783032
v -24.828773 -1.593800 1.645757
v -25.045845 -1.387428 1.559319
v -25.060846 -1.585760 1.492973
v -24.997231 -0.975125 1.576129
v -25.006853 -1.053293 1.579589
v -25.557045 -1.030468 0.844829
v -25.609470 -1.035092 0.638791
v -25.614235 -1.085017 0.639155
v -25.562275 -1.083446 0.845233
v -24.735508 -0.728458 1.678295
v -24.974258 -0.764431 1.536748
v -24.430136 -0.689198 1.806842
v 15.206893 0.024576 3.753956
v 15.144867 -0.146234 3.810385
v 15.325557 -0.151820 3.806516
v 15.356637 0.095328 3.726537
v 13.309347 0.024576 3.820001
v 13.159603 0.095328 3.802318
v 13.139944 -0.140067 3.879657
v 13.371372 -0.146234 3.873394
v 13.312242 1.440150 3.170240
v 13.153505 0.685822 3.610291
v 15.069613 0.560689 3.571841
v 15.029983 1.327777 3.151528
v 12.217027 -1.462981 4.192319
v 13.098423 -2.019251 4.228587
v 13.159603 -1.462981 4.146966
v 12.217027 -1.462981 4.192319
v 13.159603 -1.462981 4.146966
v 13.141638 -1.218958 4.109391
v 12.218078 -1.220957 4.141905
v 12.005259 -0.146234 3.891852
v 10.975116 -0.152886 3.899036
v 10.938816 -1.199522 4.174592
v 12.005259 -1.221418 4.149398
v 12.219397 -0.145070 3.889550
v 12.217027 0.095328 3.810697
v 11.055847 0.723970 3.584681
v 11.137671 1.468670 3.140209
v 13.309347 -1.392229 4.130215
v 13.371372 -1.221418 4.101094
v 16.365372 0.478823 3.443624
v 17.955849 1.075446 2.761224
v 16.647900 1.206477 3.042954
v 15.356637 0.095328 3.726537
v 16.299210 0.095328 3.546771
v 16.448956 0.024576 3.519432
v 16.299210 0.095328 3.546771
v 16.299576 -0.147230 3.587864
v 16.510981 -0.146234 3.540407
v 17.263166 -0.526731 3.413991
v 16.510981 -0.146234 3.540407
v 16.510981 -1.422164 3.757410
v 16.912287 -1.465148 3.670451
v 16.301670 -1.400374 3.801204
v 16.510981 -1.422164 3.757410
v 13.490083 2.526068 0.915740
v 13.469629 2.338706 1.782212
v 15.213156 2.225235 1.783620
v 15.255427 2.410611 0.916633
v -6.033749 -5.401623 0.728020
v -6.013561 -5.340025 1.426520
v -8.011681 -5.251308 1.371549
v -8.027445 -5.316400 0.699798
v -10.476347 -5.075312 1.298831
v -10.487143 -5.143528 0.662515
v -5.974399 -5.223328 2.065991
v -7.980732 -5.128282 1.987216
v -10.454929 -4.947234 1.882764
v -4.033141 -5.460310 0.754588
v -13.785427 -4.733273 0.607441
v -13.777050 -4.664297 1.191241
v -13.761089 -4.537282 1.727772
v -10.401489 -4.639571 2.513563
v -13.722403 -4.238358 2.309856
v -7.904455 -4.830592 2.649864
v -5.879045 -4.940076 2.752052
v -3.965165 -5.293039 2.139879
v -3.857352 -5.026667 2.847332
v -4.009873 -5.402555 1.478203
v 13.415747 1.987384 2.550136
v 15.120138 1.876843 2.547545
v 11.229925 2.540512 0.904635
v 17.126167 2.222112 0.909667
v 18.687243 1.939426 0.888859
v 17.053694 2.041522 1.748590
v 18.576141 1.767917 1.650128
v 16.900871 1.712920 2.472025
v 18.338661 1.487454 2.271064
v 14.455203 -5.547614 0.771340
v 14.461510 -5.503938 1.509423
v 12.361341 -5.493638 1.544343
v 12.358755 -5.541157 0.789214
v 11.191853 2.008952 2.522575
v 11.219675 2.355683 1.761440
v 17.140265 -5.557531 0.706735
v 18.294670 -5.559921 0.661379
v 18.311687 -5.524799 1.297677
v 17.154995 -5.519913 1.384894
v 18.339779 -5.458138 1.883808
v 17.178890 -5.448568 2.005897
v 19.444061 -5.559011 0.610807
v 19.458778 -5.526255 1.200208
v 19.485497 -5.463949 1.746789
v 16.012230 -5.553438 0.742996
v 16.022892 -5.513230 1.454624
v 16.040485 -5.436980 2.103512
v 17.225834 -5.272291 2.673384
v 16.075939 -5.249072 2.792270
v 18.396338 -5.292826 2.524651
v 19.546150 -5.308626 2.355727
v 20.578392 -5.464263 1.604384
v 20.633974 -5.317639 2.176268
v 20.562073 -5.522646 1.099723
v 20.557034 -5.553201 0.558900
v 17.722713 -2.416397 3.623226
v 18.830807 -2.557015 3.454901
v 18.414108 -1.551065 3.262770
v 19.204391 -0.135627 2.722737
v 18.414108 -1.551065 3.262770
v 18.514622 -0.762158 3.070763
v 16.582958 -2.277805 3.890218
v 17.841740 -1.740918 3.424124
v 18.182392 -0.645268 3.128306
v 20.510738 -0.406704 2.288745
v 19.445713 0.433461 2.381736
v 20.851395 -2.268084 3.048077
v 19.898384 -2.685170 3.354097
v 20.916592 -2.795883 3.244762
v 21.835279 -2.466769 2.968194
v 23.097622 -2.652831 2.722965
v 23.122692 -2.312144 2.573827
v 21.755148 -2.036737 2.772614
v 23.137278 -2.025999 2.364333
v 23.097622 -2.652831 2.722965
v 23.631245 -2.713806 2.570441
v 23.558319 -2.376794 2.473735
v 23.122692 -2.312144 2.573827
v 23.499508 -2.097634 2.298634
v 23.137278 -2.025999 2.364333
v 21.921024 -2.922541 3.106027
v 23.200472 -1.802403 2.073322
v 23.549637 -1.895429 2.022602
v 23.200472 -1.802403 2.073322
v 24.149872 -2.193164 2.036654
v 24.029476 -2.020617 1.914527
v 24.273249 -2.459804 2.146276
v 24.349121 -2.784742 2.203754
v 23.681223 -3.091773 2.610729
v 24.381086 -3.148645 2.216534
v 23.091682 -3.039299 2.812467
v 23.091682 -3.039299 2.812467
v 21.602621 -5.539939 0.509724
v 22.659349 -5.506575 0.464330
v 22.655304 -5.478298 0.908464
v 21.588142 -5.511482 1.003634
v 22.664160 -5.425922 1.311367
v 21.581333 -5.456745 1.465950
v 22.659349 -5.506575 0.464330
v 23.375067 -5.464712 0.439259
v 23.289707 -5.441818 0.858913
v 22.655304 -5.478298 0.908464
v 23.180462 -5.398802 1.238990
v 22.664160 -5.425922 1.311367
v 21.620182 -5.317867 1.994757
v 22.696865 -5.300601 1.757720
v 23.156300 -5.286461 1.640814
v 22.696865 -5.300601 1.757720
v 23.839645 -5.293959 1.220792
v 23.610710 -5.264010 1.490713
v 24.053427 -5.323501 0.851261
v 24.194630 -5.341526 0.436211
v 22.030464 -1.260157 1.874300
v 23.357832 -1.638960 1.671691
v 23.578125 -1.498938 1.107422
v 22.584885 -1.145212 1.105318
v 23.736103 -1.432302 0.596460
v 22.801647 -1.104338 0.586054
v 23.357832 -1.638960 1.671691
v 23.802965 -1.778032 1.630417
v 24.133696 -1.714526 1.151017
v 23.578125 -1.498938 1.107422
v 24.395714 -1.680524 0.596614
v 23.736103 -1.432302 0.596460
v 22.030464 -1.260157 1.874300
v 21.518948 -0.794845 1.850390
v 22.584885 -1.145212 1.105318
v 22.002468 -0.650611 1.182055
v 22.801647 -1.104338 0.586054
v 22.255867 -0.594767 0.628619
v 24.906763 -1.937223 0.631682
v 24.665546 -1.954816 1.186295
v 24.333845 -1.986033 1.631481
v 24.905245 -2.832407 1.740430
v 25.306314 -2.864168 1.195295
v 25.206959 -2.529048 1.200650
v 24.818209 -2.505732 1.723438
v 25.011034 -2.224674 1.200698
v 24.646767 -2.222448 1.675862
v 25.549501 -2.882273 0.608156
v 25.444147 -2.540555 0.614008
v 25.242485 -2.224011 0.624386
v 24.936201 -3.192120 1.731661
v 25.586857 -3.245007 0.602904
v 25.340118 -3.224634 1.186548
v 19.324753 1.114524 2.076179
v 20.238823 0.490862 1.907516
v 20.706179 0.544987 1.330144
v 19.675535 1.304023 1.458287
v 21.084869 0.551624 0.654316
v 19.878036 1.405917 0.694143
v 20.238823 0.490862 1.907516
v 20.878777 -0.157890 1.892879
v 21.331818 -0.004959 1.228495
v 20.706179 0.544987 1.330144
v 21.615814 0.042929 0.619469
v 21.084869 0.551624 0.654316
v 3.817479 2.563308 0.842475
v 3.819081 2.387654 1.645052
v 5.926620 2.379443 1.682148
v 5.927097 2.557549 0.862287
v 8.744820 2.366696 1.728056
v 8.749080 2.548326 0.886806
v 3.823478 2.052030 2.367832
v 5.925342 2.041505 2.417153
v 8.733263 2.024642 2.478190
v 1.760259 2.565403 0.822671
v 8.710754 1.489982 3.091650
v 5.922869 1.510113 3.024875
v 3.832083 1.521369 2.970917
v 1.775891 2.057256 2.318533
v 1.798293 1.525197 2.916983
v 1.764437 2.391721 1.607973
v 14.472208 -5.421112 2.180990
v 12.365877 -5.403522 2.231302
v 14.495388 -5.217550 2.889858
v 12.379447 -5.182745 2.958485
v 10.633942 -5.538324 0.792504
v 10.635267 -5.489119 1.550986
v 10.637598 -5.395803 2.241421
v 10.647487 -5.168422 2.975953
v 12.474675 -4.503576 3.918941
v 12.412124 -4.807988 3.633273
v 14.533012 -4.870052 3.539055
v 14.565472 -4.582515 3.789286
v 3.904202 -0.146234 3.814340
v 3.904203 -1.221418 4.200421
v 5.693813 -1.221418 4.236186
v 5.693813 -0.146234 3.850428
v 5.693813 -0.146234 3.850428
v 5.693813 -1.221418 4.236186
v 5.950020 -1.216296 4.239680
v 5.906838 -0.142707 3.853363
v 3.695876 -1.217124 4.194095
v 3.904203 -1.221418 4.200421
v 3.904202 -0.146234 3.814340
v 3.698016 -0.148080 3.809661
v 5.755837 0.024576 3.785100
v 5.905581 0.095328 3.759177
v 7.059926 -0.146234 3.870190
v 7.059926 -1.221418 4.244109
v 8.584552 -1.205810 4.228530
v 8.642705 -0.139542 3.884609
v 7.059926 -1.221418 4.244109
v 7.059926 -0.146234 3.870190
v 6.848257 -0.145587 3.867101
v 6.848189 -1.220441 4.243264
v 6.997900 0.024576 3.804922
v 6.848157 0.095328 3.775838
v 2.600114 -1.392228 4.185418
v 2.749860 -1.462981 4.215981
v 2.750198 -1.220632 4.145460
v 2.538090 -1.221418 4.134552
v 2.538090 -0.146234 3.775557
v 1.817342 -0.135147 3.751696
v 1.677161 -1.213316 4.100038
v 2.538090 -1.221418 4.134552
v 2.538090 -0.146234 3.775557
v 2.750255 -0.146572 3.781795
v 3.692434 -1.462981 4.280803
v 1.826693 0.780845 3.380066
v 5.916724 0.775661 3.480397
v 8.676927 0.753136 3.541274
v 8.911560 0.024576 3.826833
v 8.849534 -0.146234 3.887769
v 9.062647 -0.146234 3.888681
v 9.061305 0.095328 3.801430
v 8.849535 -1.221418 4.228891
v 8.849534 -0.146234 3.887769
v 8.849535 -1.221418 4.228891
v 9.061668 -1.221418 4.225324
v 8.911560 -1.392228 4.280565
v 9.061305 -1.462981 4.299883
v 6.848157 -1.462981 4.327020
v 5.905582 -1.462981 4.325912
v 5.755837 -1.392228 4.297816
v 3.842178 -1.392228 4.258986
v -2.469268 0.024576 3.511589
v -2.619011 0.095328 3.477303
v -2.620542 -0.145057 3.570088
v -2.407676 -0.145041 3.580014
v -3.734747 1.449997 2.735466
v -3.643829 0.718773 3.187151
v -1.407733 0.742055 3.283367
v -1.514470 1.492105 2.821367
v -0.617633 -1.221418 3.951787
v -0.614502 -0.137614 3.658886
v -1.286475 -0.145594 3.632141
v -1.168234 -1.218145 3.918435
v -0.614502 -0.137614 3.658886
v -0.617633 -1.221418 3.951787
v -0.407137 -1.221608 3.965688
v -0.407512 -0.137205 3.667446
v 0.536710 0.095328 3.614614
v -0.405863 0.095328 3.575697
v 0.529177 -0.135359 3.706184
v -3.884754 2.462945 0.762999
v -3.868672 2.295816 1.494344
v -1.618142 2.358673 1.545366
v -1.630811 2.529748 0.789519
v -3.561586 -1.462981 3.848612
v -2.619011 -1.462981 3.893435
v -2.619967 -1.220991 3.846681
v -3.554317 -1.219112 3.801451
v 0.404539 0.767759 3.343222
v 0.345068 1.518420 2.878903
v 0.686452 0.024576 3.647841
v 0.748479 -0.146234 3.717028
v 0.748479 -0.146234 3.717028
v 0.748479 -1.221418 4.040172
v 0.748479 -1.221418 4.040172
v 0.538498 -1.222458 4.028141
v 0.536710 -1.462981 4.087979
v 0.686452 -1.392229 4.079111
v -0.555606 -1.392229 3.989831
v -0.405863 -1.462981 4.012955
v -3.823644 1.970831 2.162384
v -1.583146 2.025812 2.233872
v 0.283193 2.387874 1.581955
v 0.275563 2.560633 0.808790
v 0.304121 2.053212 2.283867
v -3.683031 -4.580300 3.504148
v -1.161560 -4.690577 3.616566
v -1.100010 -4.365258 3.877395
v -3.573327 -4.238027 3.752221
v 8.498686 -5.536479 0.794196
v 8.499339 -5.486208 1.554445
v 6.147396 -5.484238 1.555830
v 6.146467 -5.535096 0.794857
v 3.838743 -5.482309 1.555350
v 3.836147 -5.533487 0.794571
v 8.500505 -5.390871 2.246798
v 6.149139 -5.387787 2.249039
v 3.843680 -5.385253 2.248547
v 1.826584 -5.530961 0.793425
v 1.832690 -5.479523 1.553212
v 1.844307 -5.381975 2.245725
v 3.847953 -5.151282 2.989299
v 1.862496 -5.144967 2.984977
v 6.150734 -5.156279 2.989761
v 8.505426 -5.160729 2.985668
v -1.289620 -5.106742 2.941989
v 0.368511 -5.136330 2.976282
v 0.421460 -4.732461 3.664966
v -3.483575 -3.868158 3.919784
v -1.071466 -4.004699 4.056898
v 10.287040 -3.373154 6.820307
v 9.537050 -3.336102 8.596755
v 9.301041 -3.633799 8.596755
v 10.031693 -3.722238 6.819674
v 0.385196 -4.414718 3.956317
v 1.861973 -4.748662 3.684243
v 0.254709 -4.075612 4.177415
v 1.756420 -4.473512 4.014360
v 1.462163 -4.308541 4.384299
v 6.145416 -4.777851 3.696190
v 3.831370 -4.765688 3.694622
v 8.520500 -4.780468 3.688308
v 6.114963 -4.613943 4.049206
v 3.752319 -4.580362 4.043228
v 8.541798 -4.596214 4.036530
v 10.678026 -4.786196 3.668199
v 3.671633 -4.489105 4.419599
v 6.049070 -4.540901 4.427925
v 8.482272 -4.501890 4.414087
v 10.749330 -4.531969 3.996376
v 10.906712 -4.345596 4.368733
v 24.702204 -5.108569 0.922465
v 24.374802 -5.092250 1.342256
v 24.901075 -5.121224 0.469574
v 24.928595 -4.906247 0.993425
v 24.569496 -4.890768 1.450828
v 23.915510 -5.079653 1.713659
v 25.147255 -4.918603 0.504580
v 24.073473 -4.876782 1.861223
v 24.711561 -4.630077 1.549183
v 24.195667 -4.611993 1.988878
v 25.088266 -4.648104 1.060181
v 25.319143 -4.661946 0.538305
v 22.784506 -5.076317 2.223342
v 21.724091 -5.072462 2.533240
v 23.320309 -5.076230 2.027125
v 22.784506 -5.076317 2.223342
v 22.863773 -4.861207 2.443801
v 21.804388 -4.847668 2.774542
v 20.735851 -5.060427 2.751522
v 23.444103 -4.867405 2.213515
v 22.863773 -4.861207 2.443801
v 20.805260 -4.828076 3.004175
v 21.875639 -4.562447 2.963338
v 20.864220 -4.535420 3.199813
v 22.953575 -4.585000 2.613409
v 23.547085 -4.596636 2.367110
v 22.953575 -4.585000 2.613409
v 18.479782 -5.006470 3.140158
v 17.294132 -4.968581 3.299575
v 19.641602 -5.037919 2.955246
v 18.529812 -4.756743 3.393048
v 17.334890 -4.708621 3.547215
v 16.128376 -4.926748 3.426815
v 19.701210 -4.797349 3.210814
v 16.160269 -4.655349 3.669653
v 17.368458 -4.395716 3.728426
v 16.187008 -4.333428 3.843169
v 18.570744 -4.451300 3.582235
v 19.750547 -4.498552 3.405910
v 13.047419 -2.712419 4.307667
v 13.016596 -3.143402 4.321101
v 14.761565 -3.267051 4.151233
v 14.816660 -2.828602 4.161179
v 12.616355 -4.148470 4.138715
v 14.611574 -4.245708 3.968418
v -18.014076 1.880992 0.246195
v -17.301430 1.881857 0.229080
v -16.934135 1.877459 0.329898
v -16.535728 1.854724 0.544200
v -17.991047 1.833512 0.400022
v -18.799612 1.972562 0.260611
v -19.405819 1.688849 0.636109
v -17.923916 1.751100 0.621458
v -18.958031 1.890652 0.416921
v -16.985819 -3.995885 1.563645
v -17.003206 -4.115149 1.077515
v -3.428813 -3.476824 4.018910
v -3.419771 -3.161778 4.042534
v -3.536976 -1.832444 3.921653
v -3.450459 -2.498619 4.019676
v -1.098270 -2.605658 4.164984
v -1.113422 -1.915311 4.061936
v -1.098563 -3.027245 4.190759
v -0.051754 -3.052686 4.336512
v 0.023358 -2.627610 4.307700
v 24.817432 -4.311415 1.624290
v 25.206293 -4.333443 1.111534
v 25.258661 -4.104696 1.134800
v 24.864620 -4.078344 1.658389
v -1.426850 -5.508897 0.781511
v -1.408240 -5.455422 1.530370
v 0.229911 -1.931713 4.186839
v 0.546974 -2.656440 4.531455
v 1.452282 -1.968898 4.306366
v 14.679227 -3.856679 4.085754
v 16.211205 -3.957025 3.963351
v 16.247528 -3.632128 4.014282
v 14.727549 -3.519883 4.131307
v 0.360709 -3.114875 4.559625
v 0.551385 -3.867687 4.527737
v 4.100081 -4.077836 11.080834
v 3.313698 -4.080355 13.911844
v 1.850741 -4.030401 13.909928
v 2.485400 -4.025586 11.080593
v 4.986092 -4.030604 14.032243
v 3.959495 -4.035896 17.127615
v 2.665015 -4.083203 17.125628
v 3.529229 -4.080467 14.031649
v 3.246991 -4.080585 14.151013
v 2.416329 -4.083205 17.124823
v 1.123175 -4.035896 17.118410
v 1.796787 -4.030809 14.149097
v -0.932874 -3.225314 17.073805
v -1.351133 -3.255253 19.796009
v -1.205011 -3.068390 19.775595
v -0.769197 -3.024746 17.064945
v 8.337689 -3.914174 8.596756
v 7.404549 -3.856765 11.080803
v 5.963519 -4.025586 11.080932
v 6.785625 -4.088201 8.596756
v 7.381735 -4.186524 6.818538
v 5.036874 -4.142357 8.596757
v 5.562393 -4.251565 6.698798
v -2.253491 -3.155077 25.598104
v -2.435761 -3.166536 26.495682
v -1.905744 -2.947299 26.381140
v -1.710233 -2.933345 25.505764
v 3.039262 -4.088201 8.596757
v 1.044538 -3.856766 11.080184
v 1.487196 -3.914174 8.596758
v 0.492548 -3.868706 14.145806
v -0.049908 -3.880335 17.107325
v -0.776384 -3.629708 17.093241
v -0.316466 -3.607545 14.141647
v 0.496725 -2.716007 14.130581
v -0.036151 -2.774119 17.055588
v 1.142217 -2.618557 17.052128
v 1.802513 -2.553910 14.129580
v -0.572865 -3.891007 19.876595
v -1.221957 -3.650045 19.843014
v 1.560541 -4.085760 20.156242
v 0.887811 -4.087561 22.504293
v -0.134149 -4.044657 22.475962
v 0.423115 -4.040955 20.141285
v 0.524207 -2.677841 19.745096
v 1.680941 -2.632841 19.749781
v 2.438398 -2.571244 17.054111
v 5.137118 -3.880335 17.124151
v 4.047573 -3.891466 20.035763
v 2.989875 -4.040766 20.043968
v 6.296901 -3.868237 14.031217
v 24.903759 -3.822344 1.688623
v 25.302998 -3.848717 1.155929
v 25.332289 -3.601809 1.171672
v 24.929913 -3.571635 1.711305
v 25.445658 -4.349610 0.564367
v 25.501362 -4.123196 0.576163
v 25.548777 -3.867229 0.587012
v 25.579607 -3.621998 0.595074
v 21.924904 -4.212460 3.102479
v 23.014751 -4.246361 2.737973
v 23.040762 -3.987874 2.794366
v 21.942089 -3.938180 3.155548
v 24.287329 -4.287549 2.085431
v 23.679506 -3.759622 2.576594
v 24.359621 -3.791756 2.166971
v 24.380529 -3.534325 2.195489
v 23.692812 -3.491232 2.608287
v 4.735637 -3.070319 19.946524
v 3.786322 -3.106734 22.331566
v 3.893047 -3.278867 22.373011
v 4.865342 -3.253549 19.968868
v 11.159865 -2.759433 4.949996
v 11.399868 -3.140198 4.957776
v 12.081303 -3.152287 4.553899
v 21.950871 -3.680064 3.179870
v 23.060133 -3.731033 2.830541
v 23.074411 -3.450048 2.848905
v 21.952690 -3.374174 3.178904
v 23.014751 -4.246361 2.737973
v 23.624018 -4.264712 2.482027
v 23.656528 -4.015909 2.534547
v 23.040762 -3.987874 2.794366
v 23.060133 -3.731033 2.830541
v 23.074411 -3.450048 2.848905
v 17.395878 -4.025623 3.848140
v 18.601078 -4.085954 3.697457
v 18.628098 -3.783357 3.713182
v 17.429142 -3.712334 3.868732
v 20.902897 -4.177195 3.340585
v 19.820650 -3.583595 3.560590
v 20.926979 -3.632392 3.387756
v 20.933979 -3.301343 3.362701
v 19.846548 -3.227723 3.514251
v 20.917614 -3.890830 3.379877
v 24.327749 -4.047834 2.129400
v 17.466248 -3.457072 3.859407
v 18.657158 -3.527082 3.699304
v 18.709417 -3.148037 3.637944
v 17.540949 -3.053387 3.802831
v 12.970851 -3.393520 4.310569
v 12.867799 -3.741408 4.269978
v 19.784098 -4.136646 3.538036
v 19.803028 -3.841161 3.565358
v 16.287493 -3.378577 4.030840
v 16.373814 -2.954028 4.019828
v -2.744332 -3.543607 27.468140
v -2.681136 -3.696290 27.587955
v -2.849889 -3.617776 28.349987
v -2.906526 -3.471982 28.220119
v 14.946776 -2.128284 4.126972
v 11.867100 -3.912403 4.511244
v 12.079186 -3.398699 4.548863
v 11.407906 -3.378379 4.955550
v 11.148967 -3.845696 4.937474
v 15.144867 -1.279946 4.043241
v 15.352498 -1.301561 3.999799
v -17.012962 -4.181900 0.549286
v -18.847490 -3.590858 1.455445
v -18.866411 -3.701102 1.002592
v -18.876606 -3.764431 0.510988
v -25.567928 -1.847855 0.376032
v -25.602539 -1.798725 0.296160
v -16.946121 -3.724353 2.093181
v -20.419271 -3.394968 0.475564
v -20.412685 -3.335207 0.933342
v -20.397522 -3.233652 1.355567
v -18.802061 -3.347334 1.950083
v -20.353291 -3.015859 1.818384
v -0.059167 -3.159050 11.078961
v -0.464702 -3.189950 13.896722
v -0.277509 -2.973304 13.894015
v 0.150537 -2.928255 11.078613
v -2.062187 -2.954635 27.066740
v -2.581921 -3.171887 27.197300
v -2.742038 -3.111212 27.921133
v -2.235799 -2.901349 27.777033
v -2.073101 -3.914968 27.010490
v -2.252068 -3.913541 27.781090
v -2.523209 -3.695731 26.839859
v -24.074060 -1.027580 1.982675
v -2.324275 -3.690342 25.874922
v -2.593119 -3.541103 26.733829
v -2.403903 -3.532446 25.788984
v -2.442203 -3.827638 28.561222
v -2.318638 -2.719599 28.025606
v -2.333531 -2.675078 28.064028
v -1.583682 -2.558989 28.012320
v -1.564784 -2.599298 27.974154
v -2.890730 -3.502467 28.510998
v -2.921551 -3.313597 28.612740
v -3.019225 -3.087855 28.395651
v -2.978422 -3.216392 28.419083
v -1.459944 -2.771090 27.720839
v -1.478984 -2.746476 27.772123
v -0.571207 -2.703191 27.801683
v -0.547765 -2.727671 27.749350
v -2.488402 -3.703514 28.721107
v -0.623520 -4.093336 28.026279
v 0.298063 -4.048388 28.053635
v 0.006881 -3.957897 28.856129
v -0.880721 -4.001317 28.827618
v 0.150270 -3.584778 11.079661
v -0.279616 -3.605757 13.902454
v -0.465106 -3.389415 13.899384
v -0.058949 -3.354310 11.079274
v -0.934961 -3.429563 17.083357
v -0.500199 -3.392187 14.138671
v -1.356477 -3.464175 19.820232
v 2.486105 -2.487447 11.078139
v 1.856364 -2.548656 13.890170
v 3.320250 -2.498700 13.890757
v 4.100902 -2.435197 11.078213
v 0.523846 -3.633799 8.596758
v -22.996397 -1.322492 2.228099
v -23.030973 -1.472554 2.215504
v 0.764164 -3.715701 6.939575
v 0.285011 -3.332538 8.596758
v 0.507721 -3.366437 6.940013
v 0.523845 -2.890366 8.596758
v 1.045047 -2.656267 11.078267
v 1.487197 -2.609990 8.596758
v -1.845510 -3.912128 26.011982
v 0.540016 -2.711288 13.891214
v -0.586172 -2.832081 19.993128
v -1.015171 -2.874258 22.191818
v -0.048021 -2.729962 22.176136
v 0.468420 -2.683049 19.984949
v -1.756465 -3.281932 22.271875
v -2.084700 -3.300998 24.132666
v -1.957604 -3.134018 24.074287
v -1.622910 -3.106734 22.234146
v 1.628556 -4.085551 19.918076
v 0.479113 -4.040566 19.902988
v -1.077398 -3.900361 22.425825
v -0.619041 -3.891903 20.115105
v 0.535969 -3.867771 13.906644
v 8.505396 -3.357764 11.080114
v 7.295105 -3.393857 14.025776
v 7.111351 -3.606647 14.028446
v 8.299087 -3.584778 11.080458
v 7.114451 -2.975219 14.020060
v 5.881371 -3.024746 17.086498
v 6.036542 -3.221941 17.096239
v 7.295682 -3.187500 14.023035
v 6.033239 -3.432102 17.106070
v 5.870907 -3.629708 17.114794
v 1.813223 -3.325145 27.602646
v 1.763003 -3.171888 27.482380
v 1.445979 -3.111212 28.226976
v 1.488689 -3.257754 28.357513
v 8.337689 -2.609990 8.596756
v 7.405235 -2.656267 11.078887
v 8.299474 -2.928255 11.079410
v 9.301041 -2.890366 8.596755
v 10.032049 -2.866863 6.820143
v 9.526489 -3.127938 8.596755
v 10.277741 -3.155596 6.820410
v 8.504963 -3.154660 11.079790
v 4.710834 -3.650929 20.013588
v 4.856418 -3.467417 19.993576
v 3.874854 -3.495624 22.422445
v 3.738988 -3.667884 22.459543
v 5.155640 -2.774119 17.072418
v 4.091476 -2.829781 19.913141
v 6.302388 -2.713629 14.015888
v 4.349655 -2.435199 11.078237
v 3.535727 -2.501395 14.010686
v 4.992705 -2.551262 14.012603
v 5.964346 -2.487447 11.078479
v 3.253563 -2.504132 14.130177
v 2.687032 -2.571244 17.054920
v 3.981811 -2.618558 17.061329
v 3.640849 -2.308353 5.652709
v 3.450202 -2.384795 6.699448
v 5.561646 -2.328466 6.699164
v 5.729003 -2.243736 5.655359
v 3.039262 -2.435964 8.596758
v 5.036845 -2.381807 8.596757
v 6.785625 -2.435964 8.596756
v 5.247090 -4.235008 6.938474
v 4.788084 -4.142359 8.596757
v 3.402238 -4.179653 6.938373
v 3.042773 -2.680482 19.886858
v 0.987531 -2.687022 22.184906
v 1.612809 -2.638226 19.989576
v -1.655424 -3.667885 22.362120
v -1.261923 -3.651772 20.081894
v -0.314270 -2.977161 14.133328
v -0.149097 -3.616765 29.107742
v -0.246479 -3.313089 29.153416
v -1.084121 -3.347907 29.121811
v -1.009001 -3.655456 29.077656
v -1.902397 -3.312944 29.023594
v -1.847908 -3.616748 28.976990
v -1.359587 -2.422082 29.111330
v -2.099119 -2.395898 29.022394
v -2.563251 -3.208214 28.869892
v -2.696953 -2.318604 28.888514
v 0.680640 -3.703515 28.960438
v 0.590434 -3.500678 29.056038
v -0.073143 -3.828302 29.015732
v -0.948329 -3.869898 28.986797
v -1.801291 -3.828302 28.884850
v -2.524454 -3.500645 28.816948
v 0.472478 -3.208479 29.107288
v 0.043924 -2.320724 29.112356
v -0.603519 -2.397058 29.144812
v 1.165725 -2.836366 28.796556
v 1.088876 -2.632828 28.591150
v 0.589000 -1.898548 28.686411
v 0.662246 -2.048007 28.858618
v -1.524220 -4.048388 27.931953
v -1.745621 -3.957896 28.725586
v 1.382802 -3.914968 27.209934
v 1.088562 -3.913541 28.003590
v 0.570177 -4.051047 27.253250
v -0.381963 -4.096406 27.228210
v -1.315696 -4.051047 27.144176
v 0.771566 -3.827638 28.799931
v 1.618571 -3.696290 27.873039
v 1.753969 -3.542171 27.764359
v 1.423371 -3.470304 28.537495
v 1.288978 -3.617776 28.655830
v -16.560415 -1.359356 3.039529
v -18.319040 -1.197909 2.848199
v -18.386976 -1.476155 2.857758
v -16.614109 -1.670410 3.052334
v 1.608125 -2.947299 26.580584
v 1.344212 -2.954635 27.289244
v 2.055180 -3.540351 26.999832
v 1.921876 -3.695731 27.095394
v 2.494342 -3.531176 25.884829
v 2.362736 -3.689663 25.962561
v 1.049463 -2.901349 28.015738
v 1.190382 -3.502467 28.817646
v 1.267946 -3.322401 28.752304
v 1.309148 -3.087900 28.724401
v 1.089005 -3.313640 28.919075
v 0.882059 -2.721537 28.263121
v 0.847397 -2.675111 28.303118
v 1.234175 -2.862158 28.507326
v 1.272140 -2.915710 28.467394
v -0.317220 -2.774840 27.044054
v -1.261412 -2.819788 27.016699
v 0.606089 -2.819788 27.138380
v 0.341712 -2.771090 27.851385
v -1.084061 -2.811220 26.337824
v -0.111996 -2.765861 26.362860
v 0.841663 -2.811220 26.446898
v -2.809462 -2.914276 28.162001
v -2.821783 -2.862115 28.200987
v -19.820173 -1.070814 2.668934
v -21.066727 -0.982127 2.506686
v -21.132498 -1.197544 2.513736
v -19.892689 -1.316375 2.676457
v -0.701079 -2.520300 28.042398
v -0.677128 -2.559698 28.003904
v -13.474331 -2.001264 3.342661
v -10.151205 -2.331522 3.613198
v -10.152514 -1.953531 3.591276
v -13.449762 -1.651129 3.324704
v -25.605106 -1.711934 0.493365
v -25.632198 -1.695144 0.340576
v -25.507755 -1.894863 0.507173
v -25.578465 -1.566144 0.756628
v -25.628338 -1.554951 0.571904
v -25.554169 -1.735459 0.654048
v -25.654575 -1.547501 0.386887
v -13.375095 0.730449 2.611821
v -16.232357 0.690163 2.414548
v -16.309025 0.187935 2.661172
v -13.386660 0.133016 2.892939
v -24.042572 0.020166 1.624465
v -24.448706 -0.069117 1.524136
v -24.423584 -0.245083 1.641637
v -24.016296 -0.172363 1.754014
v -24.419216 -0.457409 1.736154
v -24.014460 -0.402030 1.854945
v -24.727850 -0.148228 1.425972
v -24.719549 -0.310783 1.525201
v -24.722921 -0.510068 1.611023
v -23.517853 0.278114 1.553874
v -24.100689 0.158359 1.464534
v -23.474380 0.119803 1.727546
v -23.463461 -0.095072 1.866486
v -23.477348 -0.347930 1.973074
v -24.957346 -0.555610 1.473397
v -24.942162 -0.363881 1.396742
v -24.923889 -0.207103 1.319024
v -24.766367 -0.038129 1.309137
v -24.905966 -0.109061 1.259829
v -24.505463 0.054763 1.380940
v -16.393412 -0.348630 2.844114
v -13.401798 -0.499251 3.100498
v -13.422375 -1.108919 3.242254
v -16.479021 -0.875973 2.968730
v -17.883472 0.632291 2.287560
v -17.984684 0.190693 2.509055
v -18.097250 -0.284526 2.673717
v -13.612204 -3.374557 3.076956
v -16.829512 -2.948652 2.797346
v -16.880995 -3.282958 2.597815
v -13.658361 -3.745799 2.861393
v -13.365242 1.235609 2.249391
v -16.169905 1.114500 2.098889
v -18.211422 -0.757198 2.785628
v -19.577078 -0.249371 2.512442
v -19.701584 -0.671023 2.612999
v -19.456253 0.168990 2.364644
v -19.350491 0.553794 2.166355
v -17.803366 1.004101 2.005152
v -19.271175 0.874785 1.914330
v -18.662884 -2.658725 2.611721
v -18.725437 -2.956478 2.423265
v -13.522490 -2.567613 3.316365
v -10.168991 -2.913673 3.588518
v -10.155994 -2.592044 3.611510
v -13.495041 -2.260797 3.339550
v -20.272495 -2.670860 2.263211
v -13.565874 -2.977976 3.226029
v -16.771145 -2.586437 2.936961
v -20.203503 -2.406615 2.441599
v -18.590473 -2.331372 2.744473
v -20.122778 -2.111974 2.567688
v -24.507687 0.740797 0.604018
v -24.505743 1.109511 0.526189
v -24.884771 0.986138 0.515462
v -24.903170 0.613794 0.589308
v -25.113277 0.906468 0.489580
v -25.150129 0.516816 0.560660
v -24.493635 1.614304 0.476910
v -24.854319 1.490583 0.468055
v -25.068533 1.416452 0.444424
v -23.867395 0.667588 0.739274
v -23.906128 0.919686 0.612392
v -24.478640 0.496271 0.721338
v -24.885712 0.366092 0.699872
v -25.149467 0.246916 0.670770
v -25.297207 0.447068 0.502556
v -25.341778 0.085307 0.619334
v -25.242031 0.859169 0.438554
v -25.187386 1.375019 0.398329
v -25.032463 2.066758 0.415055
v -25.143847 2.025325 0.372039
v -24.831240 2.141615 0.437144
v -24.491644 2.267945 0.445283
v -23.934912 1.805369 0.478407
v -23.965147 2.463804 0.446445
v -23.921944 1.294805 0.529579
v -16.706661 -2.205228 3.023357
v -16.658638 -1.927959 3.046776
v -18.449062 -1.732284 2.850392
v -18.508821 -1.980635 2.827565
v -25.193470 -0.995553 1.413902
v -25.351166 -1.011244 1.235650
v -25.358299 -1.073278 1.236997
v -25.201870 -1.064490 1.416170
v -25.205349 -1.936551 1.076676
v -25.330898 -1.931912 0.881904
v -25.131172 -2.172513 0.678078
v -25.045631 -2.155214 0.898611
v -20.031473 -1.790931 2.646788
v -25.082819 -0.233607 1.185609
v -25.221123 -0.238012 1.027927
v -25.273739 -0.420461 1.085854
v -25.124155 -0.399725 1.249564
v -25.304756 -0.615730 1.148938
v -25.149216 -0.590591 1.318673
v -25.338631 -0.225809 0.854540
v -25.392361 -0.430245 0.910354
v -25.424965 -0.632827 0.967992
v -25.005131 -0.097331 1.149737
v -25.169727 -0.793253 1.377635
v -25.327503 -0.814950 1.202880
v -25.448742 -0.830525 1.016031
v -25.510494 -0.643839 0.779804
v -25.534580 -0.840982 0.820634
v -25.478893 -0.434463 0.729146
v -25.430481 -0.205004 0.675188
v -25.243858 -0.036679 0.819578
v -25.128576 -0.079360 0.993921
v -24.177156 -2.454618 0.959549
v -24.539389 -2.375897 0.893570
v -24.538202 -2.434380 0.615276
v -24.153486 -2.524637 0.657143
v -24.540604 -2.465190 0.313725
v -24.133575 -2.564505 0.333835
v -24.816908 -2.294660 0.851753
v -24.852858 -2.336753 0.599215
v -24.894758 -2.354089 0.311951
v -23.754147 -2.371134 1.403018
v -24.196987 -2.298317 1.305133
v -23.732784 -2.538711 1.034997
v -23.701870 -2.616774 0.709479
v -23.674580 -2.662678 0.360588
v -25.218201 -2.171583 0.419956
v -24.805107 -2.178136 1.124551
v -24.964455 -2.134209 1.056770
v -24.546913 -2.235301 1.210214
v -25.238991 -1.766315 1.210367
v -25.376007 -1.759845 1.022752
v -25.429691 -1.921162 0.683451
v -25.479244 -1.751052 0.833295
v -25.043203 -1.945242 1.253163
v -25.246288 -1.581337 1.321823
v -25.062243 -1.775026 1.385498
v -25.561539 -0.440145 0.365613
v -25.524067 -0.198698 0.335083
v -25.500938 -1.573749 0.946618
v -25.391602 -1.578074 1.137360
v -25.491879 -0.198721 0.502793
v -25.533173 -0.437705 0.547441
v -25.590443 -0.654135 0.393358
v -25.563278 -0.650578 0.587835
v -25.614510 -0.850586 0.415323
v -25.438084 0.082001 0.454050
v -25.587387 -0.847328 0.619853
v -25.475670 0.081436 0.303876
v -16.278032 1.781964 0.884347
v -16.156694 1.644009 1.296741
v -13.437414 1.848895 1.295244
v -13.661785 1.990666 0.749637
v -25.230721 -1.325608 1.401146
v -25.383869 -1.334515 1.218555
v -25.388546 -1.392380 1.209154
v -25.237118 -1.390090 1.391639
v -25.471836 -1.022712 1.044811
v -25.477879 -1.079608 1.045532
v -25.499870 -1.340916 1.025371
v -25.503143 -1.393380 1.016628
v -25.636395 -1.037441 0.428379
v -25.640938 -1.085621 0.428754
v -25.037600 -1.314218 1.568655
v -25.583927 -1.392176 0.818826
v -25.581593 -1.344772 0.826112
v -17.822737 1.632984 0.932489
v -17.757711 1.481363 1.294557
v -16.133541 1.428479 1.716053
v -13.367022 1.604752 1.803603
v -17.755646 1.280916 1.664409
v -19.284458 1.461422 0.952306
v -25.660713 -1.386179 0.416827
v -25.658981 -1.346846 0.419819
v -19.228878 1.113039 1.610885
v -19.231049 1.294995 1.280594
v -25.632580 -1.346295 0.624401
v -25.634487 -1.388688 0.619311
v -7.592227 -3.147104 3.767116
v -7.583054 -2.826381 3.790209
v -5.483020 -2.744067 3.924013
v -3.424473 -2.903056 4.044230
v -5.479609 -2.349782 3.901396
v -24.199993 -2.045727 1.655255
v -24.557024 -2.000105 1.534224
v -24.404940 0.358497 0.883775
v -24.816025 0.230167 0.852161
v -24.711937 0.164505 1.029760
v -24.302155 0.286979 1.075644
v -24.599743 0.121118 1.211789
v -24.193125 0.235543 1.276048
v -25.080334 0.108585 0.825747
v -24.972338 0.049485 0.997786
v -24.856970 0.015087 1.164010
v -23.792458 0.520415 0.916683
v -23.695339 0.437403 1.127188
v -23.596863 0.372113 1.347386
v -24.184481 -1.850902 1.804354
v -24.550896 -1.814654 1.678311
v -24.832546 -1.966318 1.403335
v -24.837898 -1.790207 1.540498
v -23.748224 -2.105510 1.770368
v -23.722322 -1.901890 1.923361
v -7.779782 -4.334119 3.270796
v -10.313311 -4.128300 3.107667
v -7.584329 -2.566006 3.791615
v -7.599125 -2.176597 3.768084
v -5.496458 -3.320200 3.898683
v -5.487705 -3.003099 3.921999
v 10.598609 -2.825792 5.660973
v 10.850975 -3.155707 5.663163
v -10.204939 -3.334321 3.494592
v -10.176571 -1.360574 3.499877
v -6.788692 -2.114014 3.800522
v -6.638948 -2.184767 3.818362
v -6.640922 -1.943204 3.783144
v -6.850717 -1.943204 3.772352
v -5.484604 -1.943204 3.842628
v -5.545931 -3.721846 3.800819
v -7.634190 -3.559757 3.670867
v -5.724167 -4.466607 3.392063
v -7.700265 -3.958954 3.508784
v -10.255369 -3.743227 3.337304
v -5.626295 -4.106832 3.635625
v -23.108488 8.092758 0.142382
v -22.558367 7.708797 0.157786
v -10.662659 2.174054 0.689253
v -10.503462 2.025364 1.327066
v -8.175473 2.131921 1.380229
v -8.241088 2.286477 0.706154
v -5.866438 2.224061 1.440979
v -5.888661 2.385275 0.735675
v -10.428066 1.752830 1.906541
v -8.122472 1.839448 1.995447
v -5.822855 1.913085 2.085903
v -5.742970 1.417390 2.640687
v -8.061939 1.378142 2.525228
v -10.390285 1.329621 2.405859
v -8.455149 -0.146234 3.279678
v -8.517168 0.024576 3.220520
v -8.666916 0.095328 3.183027
v -8.668301 -0.156688 3.267183
v -8.517168 0.024576 3.220520
v -8.455149 -0.146234 3.279678
v -7.841211 -0.146189 3.311471
v -7.970254 0.735780 2.949729
v -6.850717 -0.895512 3.573832
v -6.645135 -0.914225 3.588116
v -6.641814 -0.146234 3.373051
v -6.850717 -0.146234 3.362446
v -6.850717 -0.146234 3.362446
v -6.788692 0.024576 3.306987
v -5.546629 0.024576 3.366789
v -5.696374 0.095328 3.331184
v -5.704354 -0.146234 3.420640
v -5.484604 -0.146234 3.431796
v -10.222853 -0.673251 3.344796
v -10.281826 0.052522 3.117544
v -10.341602 0.744295 2.807952
v -3.561586 0.095328 3.433256
v -3.711329 0.024576 3.453765
v -3.773355 -0.146234 3.516079
v -3.544769 -0.145123 3.526996
v -3.773355 -1.221418 3.791992
v -3.773355 -0.146234 3.516079
v -5.484604 -0.146234 3.431796
v -5.484604 -1.019858 3.668752
v -3.773355 -1.221418 3.791992
v -3.711329 -1.392229 3.828069
v -7.649254 -1.618481 3.682726
v -6.850717 -1.943204 3.772352
v -6.850717 -0.895512 3.573832
v -7.746932 -0.813936 3.511561
v 0.289257 -5.526409 0.791162
v 0.300794 -5.474548 1.548944
v -1.372734 -5.354013 2.213934
v 0.322742 -5.376197 2.239972
v 13.371372 -1.221418 4.101094
v 15.144867 -1.279946 4.043241
v 15.144867 -0.146234 3.810385
v 13.371372 -0.146234 3.873394
v 3.688542 -2.108841 4.917315
v 5.807014 -2.038854 4.926594
v 7.826013 -2.310058 5.654790
v 8.209819 -2.114472 4.927380
v 7.382103 -2.393746 6.819371
v 1.859008 -2.347253 4.916245
v 3.668343 -1.684912 4.358008
v 5.890226 -1.617573 4.380211
v 8.515967 -1.697086 4.381306
v 10.100643 -2.358511 4.926664
v 9.552833 -2.507696 5.655348
v 9.019184 -2.573402 6.819440
v 3.402191 -2.396392 6.938872
v 4.788085 -2.381806 8.596757
v 5.247177 -2.340539 6.939187
v 0.892316 -2.821285 5.659740
v 0.792910 -2.861657 6.700264
v 1.807238 -2.565957 6.699389
v 1.929479 -2.504425 5.652590
v 1.772641 -2.575485 6.938845
v 10.862348 -3.383722 5.662452
v 10.595764 -3.802716 5.657224
v 0.828571 -3.828335 4.943725
v 0.892693 -3.797732 5.658999
v 0.627565 -3.376942 5.663543
v 0.579138 -3.362863 4.959385
v 0.585766 -3.130445 4.959463
v 0.827123 -2.743957 4.945998
v 10.083542 -4.171009 4.904373
v 9.548694 -4.100263 5.649085
v 9.018667 -4.009074 6.818657
v 0.514924 -3.158973 6.940037
v 0.293512 -3.133086 8.596758
v 0.764112 -2.867924 6.939716
v 0.636307 -3.157547 5.663569
v 0.792989 -3.729468 6.700128
v 0.534760 -3.370144 6.700874
v 5.728105 -4.338136 5.649850
v 3.450215 -4.195657 6.698905
v 3.641114 -4.278095 5.649048
v 1.861290 -4.157401 4.909996
v 0.359146 -3.363007 4.559252
v -22.083525 -0.927580 2.359680
v -22.135647 -1.115738 2.367182
v 0.541935 -3.160338 6.700888
v 1.772717 -4.002227 6.938563
v 1.930028 -4.096334 5.650701
v 8.198570 -4.352590 4.904196
v 7.823055 -4.280252 5.648122
v 5.930514 -4.405773 4.910565
v 3.689584 -4.345748 4.907136
v -0.487154 -2.767035 23.982403
v 0.463379 -2.725600 23.996006
v 1.807340 -4.017578 6.699122
v 4.348872 -4.077833 11.080857
v -23.620535 8.340214 0.127617
v -23.191807 8.044846 0.201570
v -22.675158 7.650454 0.223764
v -22.005480 7.153283 0.171798
v -23.655785 8.294788 0.179919
v -24.068518 8.489273 0.116211
v -22.146769 7.082905 0.243689
v -22.904472 7.537823 0.274254
v -22.421909 6.945853 0.298775
v -23.369102 7.959345 0.246401
v -23.766462 8.230167 0.217968
v -24.049459 8.435638 0.164017
v -24.030005 8.365376 0.195662
v -25.415997 0.414405 0.274036
v -25.351398 0.824730 0.248241
v -25.377960 0.420589 0.400097
v -25.314884 0.834815 0.355516
v -25.289997 1.339970 0.228552
v -25.255260 1.351662 0.324616
v -25.240250 1.989462 0.213926
v -19.718521 2.609006 0.243671
v -19.355768 2.213837 0.257776
v -25.207539 2.001629 0.303446
v -19.988649 3.152104 0.227978
v -19.956652 2.528192 0.352843
v -19.583641 2.128454 0.389442
v -20.220547 3.072134 0.324280
v -20.257284 3.843138 0.213924
v -20.092051 1.967494 0.506729
v -20.436832 2.374149 0.439597
v -20.674192 2.916816 0.398458
v -20.476377 3.761636 0.303444
v -20.903023 3.602922 0.372038
v -25.285019 8.567780 0.078543
v -25.222050 8.620481 0.087247
v -25.216572 8.474571 0.120796
v -25.143290 8.495592 0.129088
v -25.105000 8.633842 0.093836
v -25.283974 8.420807 0.082232
v -25.253384 8.428772 0.110889
v -25.035822 8.517357 0.145317
v -25.095875 8.241419 0.148560
v -24.949091 8.268507 0.176091
v -25.191666 8.228542 0.131894
v -25.247025 8.229761 0.119756
v -25.247040 6.648263 0.083652
v -25.276756 7.302056 0.059415
v -25.169224 6.016582 0.178456
v -25.211586 6.661115 0.156876
v -25.211094 5.996827 0.100318
v -25.208977 2.787781 0.202582
v -25.199982 3.686989 0.128862
v -23.076181 5.648908 0.374241
v -23.382620 6.467304 0.351060
v -23.889048 6.231205 0.356858
v -23.609396 5.280834 0.384130
v -25.279137 8.058706 0.095674
v -25.279621 8.229891 0.088678
v -25.249031 7.303477 0.130569
v -24.859840 6.682662 0.278370
v -24.966982 7.336771 0.228091
v -25.117073 7.314497 0.188277
v -25.047041 6.670970 0.225335
v -25.203201 7.310647 0.161932
v -25.153999 6.666276 0.191731
v -25.183165 8.058197 0.142638
v -25.245022 8.058212 0.128632
v -24.653875 5.401242 0.347989
v -24.769260 6.067337 0.310455
v -24.976213 6.038499 0.253767
v -24.903049 5.401202 0.299867
v -24.427052 6.098643 0.352298
v -24.572243 6.754434 0.311850
v -25.101490 6.024498 0.216400
v -25.275856 7.917597 0.101857
v -25.239933 7.917097 0.135372
v -25.173086 7.917124 0.151403
v -25.052629 7.917198 0.175329
v -24.896214 8.058121 0.201635
v -25.072153 8.058182 0.163264
v -24.730469 7.402358 0.262258
v -24.515980 3.070338 0.421670
v -24.567135 3.969022 0.401439
v -24.852476 3.841857 0.394102
v -24.830341 2.942160 0.413963
v -25.021551 3.766508 0.374188
v -25.016624 2.866210 0.393045
v -24.892948 5.260242 0.309185
v -25.043993 5.260311 0.258265
v -25.050781 5.401237 0.249101
v -24.028595 3.269060 0.422771
v -25.119726 2.824169 0.352311
v -25.115137 3.724800 0.318987
v -25.132349 5.401246 0.207646
v -25.183556 5.401262 0.123270
v -24.637804 5.260180 0.354526
v -23.509277 4.440461 0.401439
v -24.241442 5.260170 0.375573
v -24.124744 4.166171 0.402487
v -24.265326 5.401278 0.371858
v -25.178694 2.800127 0.287355
v -25.174967 3.698139 0.244446
v -22.803574 4.754960 0.394101
v -21.009262 5.554605 0.192861
v -20.596195 4.668561 0.202580
v -25.180065 5.260273 0.131101
v -25.127552 5.260270 0.215729
v -21.483385 6.412451 0.183142
v -21.193352 5.472564 0.273566
v -20.799009 4.585866 0.287353
v -21.646799 6.334115 0.259780
v -21.193966 4.424831 0.352309
v -21.551836 5.312805 0.335406
v -21.965023 6.181566 0.318503
v -24.723936 8.616323 0.107856
v -24.434565 8.574890 0.110157
v -21.814671 4.171750 0.393044
v -22.115232 5.061722 0.374187
v -22.573029 3.862541 0.413962
v -23.350517 3.545535 0.421669
v -22.465141 5.941821 0.355330
v -24.251400 6.901926 0.325238
v -24.470678 7.498972 0.286251
v -21.573545 3.353487 0.415054
v -22.392767 3.048733 0.437144
v -23.232651 2.736295 0.445282
v -24.664150 7.917049 0.244969
v -24.860664 7.917124 0.216464
v -23.710653 7.147209 0.321983
v -24.122297 6.960826 0.327121
v -24.022680 6.186183 0.356822
v -22.854313 6.730462 0.333320
v -23.267057 7.361922 0.305828
v -23.665302 7.833916 0.273801
v -24.031982 7.682240 0.287407
v -24.314987 8.081295 0.248328
v -24.575174 8.056942 0.243186
v -24.339401 7.551310 0.291489
v -24.006660 8.162285 0.238809
v -24.530882 8.357754 0.205164
v -24.788092 8.319157 0.199947
v -23.796236 5.416594 0.378275
v -24.252480 8.374191 0.201077
v -24.944996 8.633522 0.100484
v -24.660931 8.528049 0.158213
v -24.379450 8.504492 0.158651
v -24.893421 8.523706 0.157468
v -21.500874 -2.452596 2.122847
v -22.451757 -2.295329 1.998142
v -22.500341 -2.586597 1.597236
v -21.570766 -2.765007 1.701882
v -21.435358 -2.212742 2.292781
v -22.397362 -2.071811 2.161178
v -23.181946 -2.184490 1.882761
v -23.206612 -2.461637 1.499322
v -23.142139 -1.972101 2.040226
v -21.357321 -1.943039 2.412723
v -23.090614 -1.733733 2.150404
v -22.330521 -1.820067 2.275737
v -20.647360 1.233757 0.968103
v -21.876795 0.980029 0.967395
v -21.810297 0.849986 1.222435
v -20.590082 1.079055 1.256684
v -21.764397 0.729152 1.487501
v -20.571081 0.925130 1.551895
v -22.939775 0.733358 0.947449
v -22.857330 0.629411 1.177908
v -22.781994 0.539932 1.418797
v -20.771643 1.437109 0.727540
v -20.590052 0.727822 1.824153
v -21.749233 0.572153 1.734085
v -22.731052 0.418632 1.644026
v -23.012894 0.898175 0.754037
v -21.960676 1.165511 0.755112
v -21.601698 -2.964136 1.266621
v -22.510880 -2.772932 1.186082
v -22.499001 -2.862239 0.815315
v -21.605228 -3.058898 0.871498
v -22.484720 -2.915903 0.415040
v -21.602591 -3.115543 0.443878
v -23.197197 -2.638354 1.110144
v -23.171911 -2.722456 0.762180
v -23.147947 -2.772724 0.387719
v -20.998920 1.729012 0.578221
v -21.214901 2.135499 0.494127
v -22.161316 1.846228 0.521394
v -22.058783 1.447580 0.610303
v -23.108480 1.551374 0.530154
v -23.065748 1.164693 0.617524
v -21.390066 2.673152 0.444992
v -22.264175 2.375738 0.468796
v -23.157438 2.071038 0.477405
v -20.648026 0.455754 2.050737
v -21.772917 0.345126 1.939792
v -21.828627 0.059360 2.102433
v -20.736010 0.123300 2.229439
v -21.905781 -0.262557 2.224872
v -20.842512 -0.243725 2.363174
v -22.717573 0.230334 1.832427
v -22.736855 -0.015780 1.981994
v -22.779774 -0.299436 2.095512
v -20.956026 -0.619508 2.454860
v -21.993820 -0.598044 2.309971
v -22.837177 -0.600362 2.175768
v -21.210251 -1.453114 2.505636
v -22.206888 -1.372407 2.360637
v -22.254276 -1.542796 2.345185
v -21.268829 -1.646354 2.487082
v -22.900896 -0.900823 2.224460
v -22.937672 -1.064458 2.232567
v 3.037187 -3.134018 24.227612
v 3.124129 -3.297997 24.291666
v -19.967579 -1.571668 2.668010
v -23.573200 -1.037187 2.105809
v -2.729755 0.597421 28.467348
v -2.800779 0.801273 28.483820
v -2.411011 0.802903 28.509298
v -2.293822 0.599844 28.494333
v -2.036768 0.794273 28.561468
v -1.874979 0.590650 28.550543
v -2.831239 0.916125 28.507196
v -2.492302 0.919386 28.530626
v -2.163931 0.909513 28.577162
v -2.968328 0.005867 28.445059
v -3.108007 0.583095 28.476709
v -2.519380 0.033958 28.431147
v -1.997087 0.041418 28.460100
v -1.491446 0.028628 28.523973
v -1.746521 0.778299 28.633570
v -1.548327 0.570711 28.628836
v -1.914470 0.894246 28.639566
v -2.253583 0.965544 28.608000
v -2.045516 0.943944 28.646399
v -2.556350 0.978366 28.567389
v -2.860198 0.971817 28.542883
v -3.120041 0.906241 28.512770
v -3.070394 0.954494 28.536646
v -3.140235 0.791108 28.491537
v 0.955145 -3.039880 28.979704
v 0.476324 -2.197267 29.009844
v 0.313365 -2.745130 27.905584
v 1.016512 -2.872336 28.072218
v 1.409772 -3.077802 28.285509
v 1.450298 -3.221208 28.416473
v 0.709253 -2.464155 28.396795
v 0.243894 -1.774495 28.520941
v -0.800068 -2.324462 28.144876
v -1.658465 -2.359279 28.113272
v -1.889341 -1.696043 28.264635
v -1.117058 -1.671018 28.298120
v 0.038963 -2.359424 28.243101
v 0.160532 -2.559007 28.143072
v -0.361310 -1.697202 28.387053
v -2.251529 -2.874830 27.828463
v 0.190027 -2.600487 28.103830
v -2.386857 -2.463890 28.159399
v -2.544154 -1.772377 28.297087
v -3.049913 -2.836002 28.470129
v -2.952310 -3.039541 28.675535
v -3.049427 -2.194552 28.723036
v -3.138890 -2.045094 28.550829
v -2.860089 -2.632488 28.286989
v -2.969183 -1.895833 28.399603
v -2.864965 -3.262173 28.042267
v -2.878081 -3.228302 28.096760
v -2.755987 -3.080790 27.974176
v -2.706820 -3.329532 27.308468
v -3.018715 0.967325 28.729509
v -2.712477 0.975968 28.767248
v -2.672480 1.003818 28.695665
v -2.996759 0.993937 28.659636
v -2.617669 1.004759 28.625147
v -2.930769 0.995509 28.594469
v -2.387772 0.960569 28.798903
v -2.333387 0.986792 28.732756
v -2.295896 0.988754 28.663858
v -3.206296 0.905306 28.751211
v -3.019076 0.917730 28.788256
v -3.257768 0.933347 28.698851
v -3.257043 0.956666 28.630888
v -3.177408 0.962082 28.571653
v -2.014892 0.949926 28.697401
v -2.028861 0.943699 28.764685
v -2.102923 0.921193 28.824610
v -2.420132 0.911457 28.853373
v -2.193319 0.894755 28.860960
v -2.729553 0.921999 28.828192
v -3.457121 0.491474 28.696287
v -3.464200 0.727998 28.690485
v -3.484178 0.753299 28.606325
v -3.483753 0.525280 28.603945
v -3.373786 0.774867 28.535639
v -3.365266 0.557609 28.525892
v -3.402420 0.863902 28.688704
v -3.416083 0.885977 28.613916
v -3.318288 0.898685 28.551138
v -1.092546 -0.003879 28.614801
v -3.131420 -0.209357 28.817438
v -3.279260 0.462188 28.788279
v -3.355095 -0.159185 28.709200
v -3.398791 -0.099835 28.599417
v -3.268011 -0.041482 28.505552
v -3.274622 0.843626 28.761988
v -3.308490 0.705611 28.774714
v -2.119543 0.435791 28.949759
v -2.274363 0.685159 28.924360
v -2.657883 0.686047 28.898790
v -2.546875 0.433684 28.922766
v -3.023101 0.692157 28.846716
v -2.956772 0.442563 28.866560
v -2.377440 0.831163 28.893976
v -2.715049 0.836140 28.870222
v -3.033020 0.837775 28.824007
v -1.285623 -0.219104 28.987181
v -1.745107 0.449803 28.940413
v -1.729929 -0.247113 29.001093
v -2.241960 -0.254491 28.972136
v -2.737249 -0.241783 28.908266
v -2.086133 0.831631 28.888781
v -1.936989 0.692802 28.916746
v -1.374628 0.541739 28.720823
v -1.595671 0.758432 28.717707
v -1.584715 0.735651 28.801760
v -1.356946 0.508248 28.813147
v -1.701355 0.711564 28.872545
v -1.484033 0.475604 28.891214
v -1.794531 0.883385 28.712461
v -1.791268 0.869548 28.786932
v -1.890391 0.848603 28.850035
v -0.873600 -0.053969 28.723040
v -0.840257 -0.113237 28.832819
v -0.981297 -0.171674 28.926683
v -0.199003 -0.906591 28.853674
v -0.357475 -0.999102 28.969027
v -0.715203 -1.075102 29.044973
v -0.251203 -0.813481 28.720240
v -0.873600 -0.053969 28.723040
v -0.840257 -0.113237 28.832819
v -0.981297 -0.171674 28.926683
v -1.245675 -1.121383 29.065248
v -1.862016 -1.135543 29.033838
v -0.525489 -0.735681 28.590044
v -1.285623 -0.219104 28.987181
v -1.092546 -0.003879 28.614801
v -2.462254 -1.117882 28.959772
v -2.944418 -1.068701 28.852098
v -1.729929 -0.247113 29.001093
v -2.241960 -0.254491 28.972136
v -2.737249 -0.241783 28.908266
v -3.224314 -0.990901 28.721903
v -3.288852 -0.897791 28.588469
v -3.131420 -0.209357 28.817438
v -3.142719 -0.805280 28.473116
v -2.790600 -0.729281 28.397173
v -3.355095 -0.159185 28.709200
v -3.398791 -0.099835 28.599417
v -3.268011 -0.041482 28.505552
v -2.254519 -0.682999 28.376894
v -1.625838 -0.668838 28.408304
v -2.968328 0.005867 28.445059
v -1.013262 -0.686500 28.482374
v -2.519380 0.033958 28.431147
v -1.997087 0.041418 28.460100
v -1.491446 0.028628 28.523973
v 1.235445 -2.687015 22.189362
v 0.710412 -2.725595 24.003563
v 1.651482 -2.767034 24.047848
v 2.265045 -2.729962 22.217724
v -0.798738 -2.791132 25.225262
v 0.096420 -2.750729 25.243763
v 0.272071 -2.755505 25.494034
v 1.183288 -2.793515 25.437481
v -0.861141 -2.795713 25.471008
v -0.540370 -2.827412 19.753328
v 1.895518 -2.635570 19.871828
v 3.211664 -2.874258 22.267857
v 2.519071 -2.907581 24.126972
v 1.991842 -2.931384 25.546036
v 2.164099 -4.044658 22.517550
v 1.491914 -4.047572 24.521788
v 0.552948 -4.088953 24.508196
v 1.135799 -4.087571 22.508783
v -2.204692 -3.151793 25.351927
v -1.656301 -2.929254 25.259628
v -1.387198 -2.907581 24.007313
v 3.094228 -3.516578 24.372564
v 2.962364 -3.680589 24.429903
v -2.009003 -3.680589 24.276583
v -2.103074 -3.516434 24.212458
v -1.767500 -3.494507 22.320375
v 3.127882 -3.900361 22.501867
v 2.386635 -3.907025 24.496881
v 1.809663 -3.911786 26.054874
v -2.377749 -3.316694 25.677305
v -2.560229 -3.325577 26.593498
v 0.305866 -4.088943 24.500547
v -0.623298 -4.047572 24.456343
v 0.963785 -4.049654 26.089436
v 0.052197 -4.101395 26.196381
v -0.120862 -4.089805 25.940840
v -0.986327 -4.049493 25.880449
v 1.843296 -4.085662 20.039314
v -1.394829 -3.466860 20.059471
v -1.485562 -3.907025 24.377214
v -1.791614 -3.911407 25.771105
v -2.275292 -3.688916 25.631632
v -2.329675 -3.313731 25.431395
v -1.048086 -4.049799 26.119759
v -1.389330 -3.258037 20.035439
v -1.244695 -3.072185 20.015211
v -2.355848 -3.530642 25.544462
v -0.499665 -3.192705 14.136038
v -1.244695 -3.072185 20.015211
v -1.205011 -3.068390 19.775595
v -1.351133 -3.255253 19.796009
v -1.389330 -3.258037 20.035439
v 18.125576 -1.079638 3.231696
v 18.172314 -1.411148 3.285673
v 10.215649 -0.146234 3.893618
v 10.215650 -1.221418 4.205916
v 2.749860 0.095328 3.685480
v 2.600114 0.024576 3.710592
v 12.005259 -0.146234 3.891852
v 12.005259 -1.221418 4.149398
v 12.067284 -1.392228 4.183842
v 12.067284 0.024576 3.834890
v 10.003942 -0.146234 3.892711
v 10.003880 0.095328 3.806469
v 10.003880 -1.462981 4.269545
v 10.003930 -1.221418 4.209477
v 10.215649 -0.146234 3.893618
v 10.153623 0.024576 3.832397
v 10.153624 -1.392228 4.248269
v 10.215650 -1.221418 4.205916
v 6.997901 -1.392228 4.303495
v 3.692433 0.095328 3.712308
v 3.842178 0.024576 3.745817
v -0.555606 0.024576 3.597120
v -2.469268 -1.392229 3.887069
v -2.407244 -1.221418 3.856978
v 15.356637 -2.184767 4.068077
v 16.299210 -2.184767 3.917571
v -5.701644 -1.943204 3.831463
v -5.484604 -1.943204 3.842628
v -5.484604 -1.019858 3.668752
v -5.712164 -0.999145 3.652941
v -6.638948 0.095328 3.285802
v -5.696374 -2.184767 3.866563
v -5.546629 -2.114014 3.864038
v -6.788692 0.024576 3.306987
v -8.669975 -0.761487 3.449390
v -9.604984 -0.708358 3.386413
v -9.609489 -1.462981 3.547725
v -8.666916 -1.462981 3.600636
v -8.455149 -0.773695 3.463860
v -3.711329 0.024576 3.453765
v -8.455149 -0.773695 3.463860
v -1.394829 -3.466860 20.059471
v -1.356477 -3.464175 19.820232
v -1.221957 -3.650045 19.843014
v -1.261923 -3.651772 20.081894
v 0.496725 -2.716007 14.130581
v 0.540016 -2.711288 13.891214
v -0.277509 -2.973304 13.894015
v -0.314270 -2.977161 14.133328
v 1.802513 -2.553910 14.129580
v 1.856364 -2.548656 13.890170
v -0.279616 -3.605757 13.902454
v -0.316466 -3.607545 14.141647
v -0.500199 -3.392187 14.138671
v -0.465106 -3.389415 13.899384
v -0.798738 -2.791132 25.225262
v -0.861141 -2.795713 25.471008
v 0.272071 -2.755505 25.494034
v 0.096420 -2.750729 25.243763
v 0.305866 -4.088943 24.500547
v 0.552948 -4.088953 24.508196
v 0.052197 -4.101395 26.196381
v -0.120862 -4.089805 25.940840
v 1.807340 -4.017578 6.699122
v 1.772717 -4.002227 6.938563
v 0.764164 -3.715701 6.939575
v 0.792989 -3.729468 6.700128
v 0.541935 -3.160338 6.700888
v 0.514924 -3.158973 6.940037
v 0.764112 -2.867924 6.939716
v 0.792910 -2.861657 6.700264
v 3.450215 -4.195657 6.698905
v 3.402238 -4.179653 6.938373
v 4.100081 -4.077836 11.080834
v 4.348872 -4.077833 11.080857
v 0.492548 -3.868706 14.145806
v 0.535969 -3.867771 13.906644
v 1.850741 -4.030401 13.909928
v 1.796787 -4.030809 14.149097
v -0.464702 -3.189950 13.896722
v -0.499665 -3.192705 14.136038
v 4.349655 -2.435199 11.078237
v 4.100902 -2.435197 11.078213
v -2.275292 -3.688916 25.631632
v -2.324275 -3.690342 25.874922
v -2.403903 -3.532446 25.788984
v -2.355848 -3.530642 25.544462
v -0.586172 -2.832081 19.993128
v -0.540370 -2.827412 19.753328
v 0.468420 -2.683049 19.984949
v 0.524207 -2.677841 19.745096
v 0.507721 -3.366437 6.940013
v 0.534760 -3.370144 6.700874
v 0.423115 -4.040955 20.141285
v 0.479113 -4.040566 19.902988
v -1.845510 -3.912128 26.011982
v -1.791614 -3.911407 25.771105
v -0.986327 -4.049493 25.880449
v -1.048086 -4.049799 26.119759
v 5.562393 -4.251565 6.698798
v 5.247090 -4.235008 6.938474
v 4.788085 -2.381806 8.596757
v 5.036845 -2.381807 8.596757
v 5.561646 -2.328466 6.699164
v 5.247177 -2.340539 6.939187
v -2.329675 -3.313731 25.431395
v -2.377749 -3.316694 25.677305
v -2.253491 -3.155077 25.598104
v -2.204692 -3.151793 25.351927
v 1.235445 -2.687015 22.189362
v 0.987531 -2.687022 22.184906
v 0.463379 -2.725600 23.996006
v 0.710412 -2.725595 24.003563
v 1.135799 -4.087571 22.508783
v 0.887811 -4.087561 22.504293
v 2.416329 -4.083205 17.124823
v 2.665015 -4.083203 17.125628
v -0.572865 -3.891007 19.876595
v -0.619041 -3.891903 20.115105
v -1.656301 -2.929254 25.259628
v -1.710233 -2.933345 25.505764
v 5.036874 -4.142357 8.596757
v 4.788084 -4.142359 8.596757
v 2.438398 -2.571244 17.054111
v 2.687032 -2.571244 17.054920
v 1.807238 -2.565957 6.699389
v 1.772641 -2.575485 6.938845
v 3.402191 -2.396392 6.938872
v 3.450202 -2.384795 6.699448
v -2.809462 -2.914276 28.162001
v -2.755987 -3.080790 27.974176
v -2.878081 -3.228302 28.096760
v -2.978422 -3.216392 28.419083
v 3.094228 -3.516578 24.372564
v 3.124129 -3.297997 24.291666
v 2.536381 -3.311910 25.771025
v 2.494342 -3.531176 25.884829
v 2.107592 -3.321564 26.857521
v 2.055180 -3.540351 26.999832
v 18.657158 -3.527082 3.699304
v 18.628098 -3.783357 3.713182
v 19.803028 -3.841161 3.565358
v 19.820650 -3.583595 3.560590
v 1.813223 -3.325145 27.602646
v 1.753969 -3.542171 27.764359
v 12.079186 -3.398699 4.548863
v 12.081303 -3.152287 4.553899
v 11.399868 -3.140198 4.957776
v 11.407906 -3.378379 4.955550
v 16.287493 -3.378577 4.030840
v 16.247528 -3.632128 4.014282
v 17.429142 -3.712334 3.868732
v 17.466248 -3.457072 3.859407
v 12.970851 -3.393520 4.310569
v 13.016596 -3.143402 4.321101
v 14.761565 -3.267051 4.151233
v 14.727549 -3.519883 4.131307
v -2.864965 -3.262173 28.042267
v -2.906526 -3.471982 28.220119
v 8.505396 -3.357764 11.080114
v 8.504963 -3.154660 11.079790
v 7.295682 -3.187500 14.023035
v 7.295105 -3.393857 14.025776
v -24.496712 -1.290637 1.853534
v -24.464619 -1.030359 1.857770
v -24.767776 -1.040561 1.725347
v -24.798822 -1.301187 1.718235
v -3.424473 -2.903056 4.044230
v -3.419771 -3.161778 4.042534
v -1.093769 -3.284586 4.188655
v -1.098563 -3.027245 4.190759
v -2.706820 -3.329532 27.308468
v -2.744332 -3.543607 27.468140
v 0.293512 -3.133086 8.596758
v 0.285011 -3.332538 8.596758
v -0.058949 -3.354310 11.079274
v -0.059167 -3.159050 11.078961
v -25.383869 -1.334515 1.218555
v -25.358299 -1.073278 1.236997
v -25.477879 -1.079608 1.045532
v -25.499870 -1.340916 1.025371
v -5.483020 -2.744067 3.924013
v -5.487705 -3.003099 3.921999
v -2.318638 -2.719599 28.025606
v -2.251529 -2.874830 27.828463
v -1.564784 -2.599298 27.974154
v -1.478984 -2.746476 27.772123
v -16.658638 -1.927959 3.046776
v -16.614109 -1.670410 3.052334
v -18.386976 -1.476155 2.857758
v -18.449062 -1.732284 2.850392
v -10.151205 -2.331522 3.613198
v -10.155994 -2.592044 3.611510
v -7.583054 -2.826381 3.790209
v -7.584329 -2.566006 3.791615
v 10.850975 -3.155707 5.663163
v 10.862348 -3.383722 5.662452
v -13.495041 -2.260797 3.339550
v -13.474331 -2.001264 3.342661
v -25.037600 -1.314218 1.568655
v -25.006853 -1.053293 1.579589
v -25.201870 -1.064490 1.416170
v -25.230721 -1.325608 1.401146
v 0.360709 -3.114875 4.559625
v 0.359146 -3.363007 4.559252
v 0.579138 -3.362863 4.959385
v 0.585766 -3.130445 4.959463
v 0.627565 -3.376942 5.663543
v 0.636307 -3.157547 5.663569
v -21.210251 -1.453114 2.505636
v -21.132498 -1.197544 2.513736
v -22.135647 -1.115738 2.367182
v -22.206888 -1.372407 2.360637
v -0.051754 -3.052686 4.336512
v -0.047381 -3.307796 4.334968
v 20.926979 -3.632392 3.387756
v 20.917614 -3.890830 3.379877
v 21.942089 -3.938180 3.155548
v 21.950871 -3.680064 3.179870
v 6.036542 -3.221941 17.096239
v 6.033239 -3.432102 17.106070
v -19.967579 -1.571668 2.668010
v -19.892689 -1.316375 2.676457
v -23.573200 -1.037187 2.105809
v -23.618465 -1.296350 2.102956
v -22.996397 -1.322492 2.228099
v -22.937672 -1.064458 2.232567
v 1.409772 -3.077802 28.285509
v 1.272140 -2.915710 28.467394
v 1.267946 -3.322401 28.752304
v 1.450298 -3.221208 28.416473
v 3.874854 -3.495624 22.422445
v 3.893047 -3.278867 22.373011
v -24.074060 -1.027580 1.982675
v -24.110340 -1.287431 1.979941
v -2.560229 -3.325577 26.593498
v -2.593119 -3.541103 26.733829
v 1.423371 -3.470304 28.537495
v 1.488689 -3.257754 28.357513
v -25.562275 -1.083446 0.845233
v -25.581593 -1.344772 0.826112
v -25.614235 -1.085017 0.639155
v -25.632580 -1.346295 0.624401
v -25.640938 -1.085621 0.428754
v -25.658981 -1.346846 0.419819
v 10.277741 -3.155596 6.820410
v 10.287040 -3.373154 6.820307
v -0.677128 -2.559698 28.003904
v -0.571207 -2.703191 27.801683
v 4.856418 -3.467417 19.993576
v 4.865342 -3.253549 19.968868
v 0.190027 -2.600487 28.103830
v 0.313365 -2.745130 27.905584
v 9.537050 -3.336102 8.596755
v 9.526489 -3.127938 8.596755
v -1.756465 -3.281932 22.271875
v -1.767500 -3.494507 22.320375
v -2.103074 -3.516434 24.212458
v -2.084700 -3.300998 24.132666
v 1.016512 -2.872336 28.072218
v 0.882059 -2.721537 28.263121
v -0.932874 -3.225314 17.073805
v -0.934961 -3.429563 17.083357
v -24.241442 5.260170 0.375573
v -24.265326 5.401278 0.371858
v -24.653875 5.401242 0.347989
v -24.637804 5.260180 0.354526
v -23.609396 5.280834 0.384130
v -23.796236 5.416594 0.378275
v -23.889048 6.231205 0.356858
v -24.022680 6.186183 0.356822
v -24.122297 6.960826 0.327121
v -24.251400 6.901926 0.325238
v -25.052629 7.917198 0.175329
v -25.072153 8.058182 0.163264
v -25.183165 8.058197 0.142638
v -25.173086 7.917124 0.151403
v -25.180065 5.260273 0.131101
v -25.183556 5.401262 0.123270
v -25.245022 8.058212 0.128632
v -25.239933 7.917097 0.135372
v -24.903049 5.401202 0.299867
v -24.892948 5.260242 0.309185
v -25.132349 5.401246 0.207646
v -25.127552 5.260270 0.215729
v -25.043993 5.260311 0.258265
v -25.050781 5.401237 0.249101
v -24.860664 7.917124 0.216464
v -24.896214 8.058121 0.201635
v -24.664150 7.917049 0.244969
v -24.575174 8.056942 0.243186
v -24.339401 7.551310 0.291489
v -24.470678 7.498972 0.286251
v -25.279137 8.058706 0.095674
v -25.275856 7.917597 0.101857
v 4.132834 -6.244870 -12.173466
v 2.794055 -6.198458 -12.377886
v 2.794054 -6.478299 -12.462774
v 4.132947 -6.563810 -12.270216
v 2.649584 -6.128503 -12.729572
v 2.649584 -6.341077 -12.794056
v 2.629706 -6.408843 -12.630455
v 2.629706 -6.163050 -12.555894
v 2.649584 -6.536986 -12.898771
v 2.629706 -6.635367 -12.751534
v 2.649584 -6.708702 -13.039694
v 2.629707 -6.833917 -12.914480
v 2.649584 -6.849625 -13.211410
v 2.629707 -6.996863 -13.113029
v 2.649584 -6.954341 -13.407320
v 2.629707 -7.117943 -13.339554
v 2.649584 -7.018825 -13.619895
v 2.629707 -7.192504 -13.585347
v 2.649584 -7.040599 -13.840964
v 2.629707 -7.217680 -13.840964
v 2.649583 -7.018825 -14.062035
v 2.629707 -7.192504 -14.096581
v 2.649583 -6.954341 -14.274608
v 2.629707 -7.117943 -14.342374
v 2.649583 -6.849626 -14.470516
v 2.629707 -6.996863 -14.568897
v 2.649583 -6.708702 -14.642232
v 2.629707 -6.833918 -14.767448
v 2.649583 -6.536986 -14.783156
v 2.629706 -6.635367 -14.930394
v 2.649583 -6.341077 -14.887872
v 2.629706 -6.408844 -15.051473
v 2.649583 -6.128503 -14.952355
v 2.629706 -6.163051 -15.126034
v 2.649583 -5.907434 -14.974129
v 2.629706 -5.907434 -15.151210
v 2.649583 -5.686364 -14.952355
v 2.629706 -5.651817 -15.126034
v 2.649583 -5.473790 -14.887872
v 2.629706 -5.406024 -15.051473
v 2.649583 -5.277881 -14.783156
v 2.629706 -5.179500 -14.930394
v 2.649583 -5.106164 -14.642232
v 2.629706 -4.980949 -14.767448
v 2.649583 -4.965240 -14.470516
v 2.629706 -4.818004 -14.568897
v 2.649583 -4.860525 -14.274608
v 2.629706 -4.696923 -14.342375
v 2.649583 -4.796041 -14.062034
v 2.629706 -4.622363 -14.096581
v 2.649584 -4.774268 -13.840963
v 2.629706 -4.597187 -13.840965
v 2.649584 -4.796041 -13.619894
v 2.629706 -4.622363 -13.585349
v 2.649584 -4.860525 -13.407320
v 2.629706 -4.696923 -13.339555
v 2.649584 -4.965240 -13.211410
v 2.629706 -4.818003 -13.113030
v 2.649584 -5.106164 -13.039694
v 2.629706 -4.980949 -12.914480
v 2.649584 -5.277880 -12.898771
v 2.629706 -5.179499 -12.751534
v 2.649584 -5.473790 -12.794056
v 2.629706 -5.406024 -12.630455
v 3.015680 -6.816019 -13.464616
v 3.015680 -6.871983 -13.649104
v 2.649584 -5.686363 -12.729572
v 2.629706 -5.651816 -12.555894
v 2.649584 -5.907433 -12.707798
v 2.629706 -5.907433 -12.530717
v 5.045566 -7.746337 -13.840964
v 4.133316 -7.613351 -13.840964
v 4.133305 -7.580683 -14.172650
v 5.045557 -7.711113 -14.198596
v 8.391078 -4.734421 -15.596500
v 8.391078 -4.414473 -15.333925
v 8.534081 -4.427802 -15.320597
v 8.534081 -4.744894 -15.580826
v 5.044991 -5.555546 -15.638906
v 4.132601 -5.581499 -15.508462
v 4.132488 -5.262559 -15.411714
v 5.044900 -5.211656 -15.534590
v 5.044636 -4.219550 -13.139441
v 4.132165 -4.342435 -13.190339
v 4.132220 -4.499547 -12.896404
v 5.044683 -4.388953 -12.822511
v 5.045425 -7.209419 -12.544725
v 4.133142 -7.115383 -12.638766
v 4.133214 -7.326821 -12.896403
v 5.045486 -7.437395 -12.822515
v 5.045352 -6.931629 -15.365182
v 4.133050 -6.857747 -15.254601
v 4.132946 -6.563810 -15.411714
v 5.045269 -6.614700 -15.534585
v 5.044635 -4.219550 -14.542490
v 4.132165 -4.342436 -14.491591
v 4.132130 -4.245687 -14.172651
v 5.044605 -4.115232 -14.198600
v 5.045086 -5.913178 -12.007799
v 4.132718 -5.913184 -12.140799
v 5.045179 -6.270811 -12.043023
v 4.133270 -7.483933 -14.491590
v 5.045529 -7.606797 -14.542484
v 4.132385 -4.968624 -15.254601
v 5.044816 -4.894725 -15.365189
v 4.132295 -4.710985 -12.638767
v 5.044743 -4.616931 -12.544719
v 4.133270 -7.483933 -13.190338
v 5.045530 -7.606796 -13.139443
v 4.132834 -6.244871 -15.508462
v 5.045179 -6.270812 -15.638905
v 7.010050 -5.907963 -11.775498
v 6.156636 -5.913095 -11.856850
v 6.156788 -6.300179 -11.894967
v 7.010059 -6.310916 -11.815187
v 5.045270 -6.614699 -12.147343
v 4.133215 -7.326821 -14.785527
v 5.045485 -7.437396 -14.859414
v 4.132294 -4.710986 -15.043164
v 5.044742 -4.616932 -15.137211
v 4.132385 -4.968622 -12.427328
v 5.044817 -4.894724 -12.316740
v 4.133304 -7.580683 -13.509277
v 5.045557 -7.711113 -13.483333
v 4.132717 -5.913185 -15.541131
v 5.045085 -5.913179 -15.674130
v 2.794054 -4.444354 -13.549940
v 4.132131 -4.245687 -13.509280
v 4.078022 -3.808211 -13.509280
v 2.739945 -3.889299 -13.549940
v 4.133051 -6.857746 -12.427328
v 5.045353 -6.931628 -12.316746
v 4.133141 -7.115384 -15.043163
v 5.045425 -7.209420 -15.137204
v 4.132219 -4.499548 -14.785528
v 5.044682 -4.388954 -14.859421
v 4.132489 -5.262558 -12.270216
v 5.044901 -5.211655 -12.147338
v 5.044605 -4.115232 -13.483332
v 4.132602 -5.581498 -12.173466
v 5.044992 -5.555545 -12.043021
v 8.430200 -4.515378 -14.771108
v 8.430200 -4.360664 -14.481659
v 7.864185 -4.625846 -14.371818
v 7.864185 -4.754035 -14.611641
v 8.391080 -7.858078 -13.032981
v 8.391080 -7.978227 -13.429057
v 8.534082 -7.959738 -13.432735
v 8.534082 -7.840662 -13.040195
v 8.391078 -4.151897 -15.013977
v 8.534081 -4.167572 -15.003503
v 8.391080 -8.018796 -13.840965
v 8.534081 -7.999946 -13.840965
v 8.391078 -3.956786 -14.648951
v 8.534081 -3.974202 -14.641736
v 8.391080 -7.978227 -14.252872
v 8.534081 -7.959738 -14.249194
v 8.391079 -3.836637 -14.252872
v 8.534081 -3.855126 -14.249195
v 8.391080 -7.858078 -14.648951
v 8.534081 -7.840662 -14.641736
v 8.391079 -3.796068 -13.840966
v 8.534081 -3.814919 -13.840966
v 8.391079 -7.662968 -15.013975
v 8.534081 -7.647294 -15.003503
v 8.391079 -3.836636 -13.429058
v 8.534082 -3.855126 -13.432736
v 8.391079 -7.400393 -15.333924
v 8.534081 -7.387063 -15.320597
v 8.391079 -3.956785 -13.032981
v 8.534082 -3.974201 -13.040195
v 8.391079 -7.080444 -15.596500
v 8.534081 -7.069971 -15.580827
v 8.391079 -4.151896 -12.667954
v 8.534082 -4.167571 -12.678428
v 8.391079 -6.715416 -15.791612
v 8.534081 -6.708203 -15.774196
v 8.391080 -5.907431 -11.729600
v 8.391080 -6.319338 -11.770169
v 8.534082 -6.315660 -11.788658
v 8.534082 -5.907431 -11.748452
v 8.391079 -4.414472 -12.348006
v 8.534082 -4.427801 -12.361336
v 8.391079 -6.319340 -15.911760
v 8.534081 -6.315661 -15.893271
v 8.391081 -6.715415 -11.890319
v 8.534082 -6.708202 -11.907735
v 8.391079 -4.734420 -12.085430
v 8.534082 -4.744894 -12.101104
v 8.391079 -5.907433 -15.952329
v 8.534081 -5.907433 -15.933478
v 8.391081 -7.080443 -12.085430
v 8.534082 -7.069970 -12.101105
v 8.391079 -5.099448 -11.890319
v 8.534082 -5.106661 -11.907735
v 8.391079 -5.495526 -15.911760
v 8.534081 -5.499204 -15.893271
v 8.391080 -7.400392 -12.348005
v 8.534082 -7.387062 -12.361336
v 8.391080 -5.495524 -11.770169
v 8.534082 -5.499202 -11.788658
v 8.391078 -5.099448 -15.791612
v 8.534081 -5.106662 -15.774196
v 8.391080 -7.662967 -12.667953
v 8.534082 -7.647293 -12.678428
v 8.430201 -5.580810 -12.198925
v 8.430201 -5.907432 -12.166755
v 7.864186 -5.907432 -12.453787
v 7.864186 -5.636806 -12.480441
v 8.430201 -6.548124 -12.294197
v 8.430201 -6.837573 -12.448912
v 7.864186 -6.678107 -12.687569
v 7.864186 -6.438282 -12.559380
v 8.430201 -7.091277 -12.657121
v 7.864186 -6.888315 -12.860082
v 8.430201 -7.299486 -12.910825
v 7.864186 -7.060829 -13.070290
v 8.430201 -7.454200 -13.200273
v 7.864186 -7.189018 -13.310115
v 8.430201 -7.549472 -13.514343
v 7.864186 -7.267957 -13.570340
v 8.430201 -7.581642 -13.840966
v 7.864186 -7.294611 -13.840965
v 8.430201 -7.549472 -14.167587
v 7.864185 -7.267957 -14.111589
v 8.430201 -7.454200 -14.481658
v 7.864185 -7.189019 -14.371816
v 8.430201 -7.299487 -14.771107
v 7.864185 -7.060829 -14.611641
v 8.430201 -7.091278 -15.024810
v 7.864185 -6.888316 -14.821850
v 8.430200 -6.837574 -15.233019
v 7.864185 -6.678108 -14.994362
v 8.430200 -6.548125 -15.387733
v 7.864185 -6.438283 -15.122552
v 8.430200 -6.234055 -15.483006
v 7.864185 -6.178058 -15.201490
v 8.430200 -5.907433 -15.515174
v 7.864185 -5.907433 -15.228144
v 8.430200 -5.580811 -15.483006
v 7.864185 -5.636807 -15.201490
v 8.430200 -5.266740 -15.387733
v 7.864185 -5.376583 -15.122552
v 8.430200 -4.977292 -15.233019
v 7.864185 -5.136757 -14.994362
v 8.430200 -4.723588 -15.024810
v 7.864185 -4.926548 -14.821850
v 8.534081 -4.426839 -14.830267
v 8.534081 -4.648292 -15.100106
v 8.430200 -4.265392 -14.167588
v 7.864185 -4.546908 -14.111592
v 8.430200 -4.233222 -13.840966
v 7.864186 -4.520253 -13.840966
v 8.430200 -4.265392 -13.514343
v 7.864186 -4.546908 -13.570341
v 8.430201 -4.360664 -13.200274
v 7.864186 -4.625845 -13.310116
v 8.430201 -4.515377 -12.910826
v 7.864186 -4.754035 -13.070290
v 8.430201 -4.723587 -12.657121
v 7.864186 -4.926548 -12.860083
v 8.430201 -4.977291 -12.448912
v 7.864186 -5.136756 -12.687569
v 8.430201 -5.266739 -12.294197
v 7.864186 -5.376582 -12.559380
v 8.534082 -6.254828 -12.094487
v 8.534082 -5.907432 -12.060271
v 7.560344 -4.956920 -13.840966
v 7.560344 -4.975184 -14.026402
v 8.534081 -7.688127 -13.840966
v 8.534082 -7.653911 -13.493568
v 8.534081 -4.262285 -14.522408
v 8.534081 -7.653911 -14.188362
v 8.534081 -4.160954 -14.188362
v 8.534081 -7.552579 -14.522408
v 8.534081 -4.126738 -13.840966
v 8.534081 -7.388025 -14.830267
v 8.534082 -4.160954 -13.493570
v 8.534081 -7.166574 -15.100106
v 8.534082 -4.262285 -13.159523
v 8.534081 -6.896733 -15.321558
v 8.534082 -4.426838 -12.851665
v 8.534081 -6.588874 -15.486113
v 8.534082 -5.560035 -12.094487
v 8.534082 -4.648291 -12.581825
v 8.534081 -6.254829 -15.587443
v 8.534082 -6.588874 -12.195818
v 8.534082 -4.918130 -12.360372
v 8.534081 -5.907433 -15.621659
v 8.534082 -6.896732 -12.360373
v 8.534082 -5.225990 -12.195818
v 8.534081 -5.560036 -15.587443
v 8.534082 -7.166573 -12.581825
v 8.534081 -5.225990 -15.486113
v 8.534082 -7.388025 -12.851665
v 8.430201 -6.234054 -12.198925
v 7.864186 -6.178057 -12.480441
v 8.534081 -4.918131 -15.321557
v 8.534082 -7.552578 -13.159523
v 7.560344 -5.029274 -13.477221
v 7.560344 -5.117110 -13.312889
v 7.886324 -5.272610 -13.416791
v 7.886324 -5.202055 -13.548789
v 7.560344 -6.697754 -14.369042
v 7.560344 -6.785591 -14.204712
v 7.560344 -4.975184 -13.655530
v 7.560344 -6.579546 -14.513080
v 7.560344 -5.029274 -13.477221
v 7.560344 -6.435509 -14.631288
v 7.560344 -5.117110 -13.312889
v 7.560344 -6.271178 -14.719125
v 7.560345 -6.092868 -12.908718
v 7.560345 -5.907432 -12.890454
v 7.560344 -5.235319 -13.168852
v 7.560344 -6.092868 -14.773214
v 7.560345 -6.271177 -12.962809
v 7.560344 -5.379356 -13.050643
v 7.560344 -5.907432 -14.791478
v 7.560345 -6.435509 -13.050643
v 7.560345 -5.543687 -12.962809
v 7.560344 -5.721997 -14.773214
v 7.560345 -6.579545 -13.168852
v 7.560345 -5.721996 -12.908718
v 7.560344 -5.543687 -14.719125
v 7.560344 -6.697754 -13.312889
v 7.560343 -5.379356 -14.631288
v 7.560344 -6.785591 -13.477221
v 7.560343 -5.235319 -14.513080
v 7.560344 -6.839681 -13.655530
v 7.560343 -5.117110 -14.369042
v 7.560344 -6.857944 -13.840966
v 7.560344 -5.029274 -14.204712
v 7.560344 -6.839681 -14.026402
v 7.886324 -5.483257 -13.206142
v 7.886324 -5.615255 -13.135588
v 7.560344 -6.435509 -14.631288
v 7.560344 -6.271178 -14.719125
v 7.886323 -6.199610 -14.546345
v 7.886324 -6.331608 -14.475790
v 7.560345 -5.907432 -12.890454
v 7.560345 -6.092868 -12.908718
v 7.886324 -6.056383 -13.092141
v 7.886324 -5.907432 -13.077470
v 7.560344 -5.235319 -13.168852
v 7.886324 -5.367560 -13.301093
v 7.560344 -6.092868 -14.773214
v 7.886323 -6.056383 -14.589791
v 7.560345 -6.271177 -12.962809
v 7.886324 -6.199610 -13.135588
v 7.560344 -5.379356 -13.050643
v 7.560344 -5.907432 -14.791478
v 7.886323 -5.907432 -14.604463
v 7.560345 -6.435509 -13.050643
v 7.886324 -6.331608 -13.206142
v 7.560345 -5.543687 -12.962809
v 7.560344 -5.721997 -14.773214
v 7.886323 -5.758482 -14.589791
v 7.560345 -6.579545 -13.168852
v 7.886324 -6.447305 -13.301093
v 7.560345 -5.721996 -12.908718
v 7.886324 -5.758482 -13.092141
v 7.560344 -5.543687 -14.719125
v 7.886323 -5.615255 -14.546345
v 7.560344 -6.697754 -13.312889
v 7.886324 -6.542255 -13.416791
v 7.560343 -5.379356 -14.631288
v 7.886323 -5.483257 -14.475790
v 7.560344 -6.785591 -13.477221
v 7.886324 -6.612810 -13.548789
v 7.560343 -5.235319 -14.513080
v 7.886323 -5.367560 -14.380839
v 7.560344 -6.839681 -13.655530
v 7.886324 -6.656258 -13.692016
v 7.560343 -5.117110 -14.369042
v 7.886323 -5.272609 -14.265141
v 7.560344 -6.857944 -13.840966
v 7.886324 -6.670928 -13.840966
v 7.560344 -5.029274 -14.204712
v 7.886323 -5.202055 -14.133143
v 7.560344 -6.839681 -14.026402
v 7.886324 -6.656258 -13.989917
v 7.560344 -4.975184 -14.026402
v 7.886323 -5.158607 -13.989917
v 7.560344 -6.785591 -14.204712
v 7.886324 -6.612810 -14.133143
v 7.560344 -4.956920 -13.840966
v 7.886323 -5.143937 -13.840966
v 7.560344 -6.697754 -14.369042
v 7.886324 -6.542255 -14.265141
v 7.560344 -4.975184 -13.655530
v 7.886324 -5.158607 -13.692016
v 7.560344 -6.579546 -14.513080
v 7.886324 -6.447305 -14.380839
v 2.794055 -5.907433 -12.349222
v 2.794055 -5.616408 -12.377885
v 2.794055 -6.736201 -12.600626
v 2.794055 -6.962254 -12.786143
v 2.794055 -7.147772 -13.012196
v 2.794055 -7.285624 -13.270099
v 2.794055 -7.370513 -13.549939
v 2.794055 -7.399177 -13.840964
v 2.794055 -7.370513 -14.131989
v 2.794055 -7.285625 -14.411830
v 2.794055 -7.147773 -14.669732
v 2.794055 -6.962255 -14.895786
v 2.794055 -6.736202 -15.081303
v 2.794055 -6.478299 -15.219155
v 2.794055 -6.198459 -15.304044
v 2.794055 -5.907434 -15.332707
v 2.794055 -5.616409 -15.304043
v 2.794055 -5.336568 -15.219154
v 2.794054 -5.078666 -15.081302
v 2.794054 -4.852612 -14.895785
v 2.794054 -4.667094 -14.669734
v 2.794054 -4.529243 -14.411830
v 2.794054 -4.444354 -14.131989
v 2.794054 -4.529242 -13.270099
v 2.794054 -4.667094 -13.012196
v 2.794054 -4.852611 -12.786142
v 2.794054 -5.078665 -12.600625
v 2.794054 -5.336567 -12.462773
v 0.557258 -6.375740 -13.747809
v 0.557258 -6.348568 -13.658238
v 0.460690 -6.318528 -13.670682
v 0.460690 -6.343849 -13.754154
v 3.015679 -5.212032 -14.536366
v 3.015679 -5.089728 -14.387338
v 3.015680 -6.890879 -13.840964
v 3.015679 -4.998848 -14.217314
v 3.015680 -6.871983 -14.032825
v 3.015679 -4.942884 -14.032825
v 3.015680 -6.816019 -14.217314
v 3.015679 -4.923987 -13.840964
v 3.015680 -6.725139 -14.387338
v 3.015679 -4.942884 -13.649104
v 3.015679 -6.602835 -14.536366
v 3.015679 -4.998848 -13.464616
v 3.015679 -6.453807 -14.658670
v 3.015679 -5.089728 -13.294592
v 3.015679 -6.283782 -14.749550
v 3.015679 -5.907433 -12.857519
v 3.015679 -6.099294 -12.876416
v 3.015679 -5.212032 -13.145564
v 3.015679 -6.099294 -14.805514
v 3.015679 -6.283782 -12.932380
v 3.015679 -5.361060 -13.023259
v 3.015679 -5.907433 -14.824410
v 3.015679 -6.453807 -13.023259
v 3.015679 -5.531084 -12.932380
v 3.015679 -5.715573 -14.805514
v 3.015679 -6.602834 -13.145564
v 3.015679 -5.715572 -12.876416
v 3.015679 -5.531085 -14.749550
v 3.015680 -6.725138 -13.294592
v 3.015679 -5.361060 -14.658670
v 8.430201 -6.234054 -12.198925
v 8.430201 -5.907432 -12.166755
v 8.430201 -6.548124 -12.294197
v 8.430201 -6.837573 -12.448912
v 8.430201 -7.091277 -12.657121
v 8.430201 -7.299486 -12.910825
v 8.430201 -7.454200 -13.200273
v 8.430201 -7.549472 -13.514343
v 8.430201 -7.581642 -13.840966
v 8.430201 -7.549472 -14.167587
v 8.430201 -7.454200 -14.481658
v 8.430201 -7.299487 -14.771107
v 8.430201 -7.091278 -15.024810
v 8.430200 -6.837574 -15.233019
v 8.430200 -6.548125 -15.387733
v 8.430200 -6.234055 -15.483006
v 8.430200 -5.907433 -15.515174
v 8.430200 -5.580811 -15.483006
v 8.430200 -5.266740 -15.387733
v 8.430200 -4.977292 -15.233019
v 8.430200 -4.723588 -15.024810
v 8.430200 -4.515378 -14.771108
v 8.430200 -4.360664 -14.481659
v 8.430200 -4.265392 -14.167588
v 8.430200 -4.233222 -13.840966
v 8.430200 -4.265392 -13.514343
v 8.430201 -4.360664 -13.200274
v 8.430201 -4.515377 -12.910826
v 8.430201 -4.723587 -12.657121
v 8.430201 -4.977291 -12.448912
v 8.430201 -5.266739 -12.294197
v 8.430201 -5.580810 -12.198925
v 2.794055 -6.198458 -12.377886
v 2.794055 -5.907433 -12.349222
v 2.794054 -6.478299 -12.462774
v 2.794055 -6.736201 -12.600626
v 2.794055 -6.962254 -12.786143
v 2.794055 -7.147772 -13.012196
v 2.794055 -7.285624 -13.270099
v 2.794055 -7.370513 -13.549939
v 2.794055 -7.399177 -13.840964
v 2.794055 -7.370513 -14.131989
v 2.794055 -7.285625 -14.411830
v 2.794055 -7.147773 -14.669732
v 2.794055 -6.962255 -14.895786
v 2.794055 -6.736202 -15.081303
v 2.794055 -6.478299 -15.219155
v 2.794055 -6.198459 -15.304044
v 2.794055 -5.907434 -15.332707
v 2.794055 -5.616409 -15.304043
v 2.794055 -5.336568 -15.219154
v 2.794054 -5.078666 -15.081302
v 2.794054 -4.852612 -14.895785
v 2.794054 -4.667094 -14.669734
v 2.794054 -4.529243 -14.411830
v 2.794054 -4.444354 -14.131989
v 2.794054 -4.415690 -13.840964
v 2.794054 -4.444354 -13.549940
v 2.794054 -4.529242 -13.270099
v 2.794054 -4.667094 -13.012196
v 2.794054 -4.852611 -12.786142
v 2.794054 -5.078665 -12.600625
v 2.794054 -5.336567 -12.462773
v 2.794055 -5.616408 -12.377885
v 6.155866 -3.967142 -13.453892
v 7.010004 -3.882186 -13.438013
v 6.955896 -3.482540 -13.445539
v 6.101048 -3.523929 -13.453892
v 4.990498 -3.677757 -13.483332
v 0.413716 -5.981361 -13.469308
v 0.413716 -5.907434 -13.462027
v 0.557258 -5.510423 -14.106236
v 0.557258 -5.569804 -14.178593
v 0.460689 -5.592795 -14.155601
v 0.460689 -5.537458 -14.088172
v 0.557258 -6.384914 -13.840962
v 0.460690 -6.352399 -13.840962
v 0.557258 -5.466300 -14.023685
v 0.460689 -5.496339 -14.011244
v 0.557258 -6.375740 -13.934114
v 0.460689 -6.343849 -13.927771
v 0.557258 -5.439128 -13.934114
v 0.460689 -5.471018 -13.927771
v 0.557258 -6.348568 -14.023685
v 0.460689 -6.318528 -14.011244
v 0.557258 -5.429954 -13.840962
v 0.460690 -5.462468 -13.840962
v 0.557258 -6.304444 -14.106236
v 0.460689 -6.277409 -14.088172
v 0.557258 -5.439128 -13.747809
v 0.460690 -5.471018 -13.754154
v 0.557258 -6.245063 -14.178593
v 0.460689 -6.222072 -14.155601
v 0.557258 -5.466299 -13.658238
v 0.460690 -5.496339 -13.670682
v 0.557258 -6.172708 -14.237973
v 0.460689 -6.154644 -14.210938
v 0.557258 -5.510423 -13.575688
v 0.460690 -5.537458 -13.593752
v 0.557258 -6.090157 -14.282096
v 0.460689 -6.077714 -14.252056
v 0.557258 -6.000585 -13.372656
v 0.557258 -5.907434 -13.363482
v 0.460690 -5.907434 -13.395997
v 0.460690 -5.994242 -13.404547
v 0.557258 -5.569804 -13.503333
v 0.460690 -5.592796 -13.526324
v 0.557258 -6.000585 -14.309268
v 0.460689 -5.994242 -14.277378
v 0.557258 -6.090158 -13.399828
v 0.460690 -6.077714 -13.429868
v 0.557258 -5.642160 -13.443952
v 0.460690 -5.660224 -13.470987
v 0.557258 -5.907434 -14.318442
v 0.460689 -5.907434 -14.285928
v 0.557258 -6.172708 -13.443952
v 0.460690 -6.154644 -13.470987
v 0.557258 -5.724710 -13.399828
v 0.460690 -5.737153 -13.429868
v 0.557258 -5.814282 -14.309268
v 0.460689 -5.820625 -14.277378
v 0.557258 -6.245063 -13.503333
v 0.460690 -6.222072 -13.526324
v 0.557258 -5.814281 -13.372656
v 0.460690 -5.820625 -13.404547
v 0.557258 -5.724710 -14.282096
v 0.460689 -5.737153 -14.252056
v 0.557258 -6.304444 -13.575688
v 0.460690 -6.277409 -13.593752
v 0.557258 -5.642160 -14.237973
v 0.460689 -5.660224 -14.210938
v 0.413716 -5.639486 -13.573015
v 0.413716 -5.592361 -13.630437
v 0.413716 -5.981360 -14.212617
v 0.413716 -6.052446 -14.191053
v 0.413716 -6.052446 -13.490871
v 0.413716 -5.696908 -13.525889
v 0.413716 -5.907434 -14.219897
v 0.413716 -6.117959 -13.525889
v 0.413716 -5.762422 -13.490871
v 0.413716 -5.833507 -14.212617
v 0.413716 -6.175382 -13.573015
v 0.413716 -5.833507 -13.469308
v 0.413716 -5.762421 -14.191053
v 0.413716 -6.222507 -13.630437
v 0.413716 -5.696908 -14.156034
v 0.413716 -6.257524 -13.695950
v 0.413716 -5.639486 -14.108911
v 0.413716 -6.279088 -13.767035
v 0.413716 -5.592360 -14.051487
v 0.413716 -6.286369 -13.840962
v 0.413716 -5.557343 -13.985974
v 0.413716 -6.279088 -13.914889
v 0.413716 -5.535779 -13.914889
v 0.413716 -6.257524 -13.985974
v 0.413716 -5.528498 -13.840962
v 0.413716 -6.222507 -14.051487
v 0.413716 -5.535779 -13.767036
v 0.413716 -6.175381 -14.108911
v 0.413716 -5.557343 -13.695950
v 0.413716 -6.117959 -14.156034
v 7.010032 -5.117544 -11.932724
v 6.156335 -5.153813 -12.007895
v 6.156483 -5.526015 -11.894980
v 7.010041 -5.505012 -11.815187
v 7.010076 -7.055476 -12.123592
v 6.157070 -7.015421 -12.191216
v 6.157188 -7.316094 -12.437965
v 7.010083 -7.368469 -12.380461
v 7.010024 -4.760453 -12.123592
v 6.156199 -4.810792 -12.191251
v 7.010017 -4.447459 -12.380462
v 6.156080 -4.510134 -12.438004
v 7.010011 -4.190592 -12.693455
v 6.155982 -4.263391 -12.738669
v 7.010007 -3.999723 -13.050546
v 6.155910 -4.080046 -13.081692
v 7.010004 -3.882186 -13.438013
v 6.155866 -3.967142 -13.453892
v 7.010006 -3.999723 -14.631386
v 6.155910 -4.080046 -14.600242
v 6.155866 -3.967143 -14.228041
v 7.010004 -3.882186 -14.243919
v 7.010010 -4.190593 -14.988477
v 6.155982 -4.263392 -14.943265
v 7.010016 -4.447460 -15.301470
v 6.156079 -4.510135 -15.243929
v 7.010023 -4.760453 -15.558336
v 6.156199 -4.810793 -15.490680
v 7.010031 -5.117545 -15.749207
v 6.156334 -5.153814 -15.674036
v 7.010040 -5.505012 -15.866744
v 6.156482 -5.526016 -15.786949
v 7.010049 -5.907965 -15.906430
v 6.156635 -5.913096 -15.825081
v 7.010058 -6.310917 -15.866744
v 6.156787 -6.300179 -15.786963
v 7.010066 -6.698384 -15.749207
v 6.156934 -6.672389 -15.674062
v 7.010075 -7.055476 -15.558336
v 6.157069 -7.015422 -15.490714
v 7.010081 -7.368470 -15.301469
v 6.157187 -7.316095 -15.243965
v 7.010087 -7.625337 -14.988476
v 6.157284 -7.562851 -14.943298
v 7.010092 -7.816206 -14.631385
v 6.157356 -7.746210 -14.600266
v 7.010094 -7.933743 -14.243916
v 6.157401 -7.859121 -14.228053
v 7.010096 -7.973430 -13.840964
v 6.157416 -7.897247 -13.840964
v 7.010095 -7.933743 -13.438011
v 6.157401 -7.859121 -13.453876
v 7.010092 -7.816206 -13.050545
v 6.157357 -7.746209 -13.081664
v 7.010088 -7.625336 -12.693454
v 6.157285 -7.562851 -12.738633
v 6.156935 -6.672388 -12.007869
v 7.010068 -6.698383 -11.932724
v 7.010088 -7.625336 -12.693454
v 7.010092 -7.816206 -13.050545
v 7.741239 -7.859283 -13.032516
v 7.741238 -7.664060 -12.667278
v 7.010031 -5.117545 -15.749207
v 7.010023 -4.760453 -15.558336
v 7.741227 -4.733828 -15.597511
v 7.741228 -5.099065 -15.792734
v 7.010041 -5.505012 -11.815187
v 7.010050 -5.907963 -11.775498
v 7.741232 -5.907513 -11.728383
v 7.741230 -5.495369 -11.768976
v 7.010083 -7.368469 -12.380461
v 7.741237 -7.401334 -12.347145
v 7.010040 -5.505012 -15.866744
v 7.741229 -5.495371 -15.912952
v 7.010032 -5.117544 -11.932724
v 7.741229 -5.099064 -11.889194
v 7.010076 -7.055476 -12.123592
v 7.741236 -7.081201 -12.084417
v 7.010049 -5.907965 -15.906430
v 7.741230 -5.907515 -15.953546
v 7.010024 -4.760453 -12.123592
v 7.741228 -4.733827 -12.084417
v 7.010068 -6.698383 -11.932724
v 7.741235 -6.715963 -11.889194
v 7.010058 -6.310917 -15.866744
v 7.741232 -6.319659 -15.912952
v 7.010017 -4.447459 -12.380462
v 7.741226 -4.413694 -12.347146
v 7.010059 -6.310916 -11.815187
v 7.741234 -6.319658 -11.768976
v 7.010066 -6.698384 -15.749207
v 7.741233 -6.715964 -15.792734
v 7.010011 -4.190592 -12.693455
v 7.741226 -4.150968 -12.667279
v 7.010075 -7.055476 -15.558336
v 7.741235 -7.081202 -15.597511
v 7.010007 -3.999723 -13.050546
v 7.741224 -3.955745 -13.032516
v 7.010081 -7.368470 -15.301469
v 7.741236 -7.401335 -15.334785
v 7.010004 -3.882186 -13.438013
v 7.741224 -3.835526 -13.428821
v 7.010087 -7.625337 -14.988476
v 7.741237 -7.664061 -15.014651
v 7.010004 -3.843000 -13.840966
v 7.741224 -3.795012 -13.840966
v 7.010092 -7.816206 -14.631385
v 7.741238 -7.859284 -14.649415
v 7.010004 -3.882186 -14.243919
v 7.741224 -3.835526 -14.253110
v 7.010094 -7.933743 -14.243916
v 7.741239 -7.979502 -14.253108
v 7.010006 -3.999723 -14.631386
v 7.741224 -3.955745 -14.649416
v 7.010096 -7.973430 -13.840964
v 7.741239 -8.020094 -13.840964
v 7.010010 -4.190593 -14.988477
v 7.741225 -4.150969 -15.014652
v 7.010095 -7.933743 -13.438011
v 7.741239 -7.979502 -13.428819
v 7.010016 -4.447460 -15.301470
v 7.741225 -4.413695 -15.334785
v 8.391080 -7.858078 -13.032981
v 8.391080 -7.662967 -12.667953
v 8.391078 -4.734421 -15.596500
v 8.391078 -5.099448 -15.791612
v 8.391080 -5.907431 -11.729600
v 8.391080 -5.495524 -11.770169
v 8.391080 -7.400392 -12.348005
v 8.391079 -5.495526 -15.911760
v 8.391079 -5.099448 -11.890319
v 8.391081 -7.080443 -12.085430
v 8.391079 -5.907433 -15.952329
v 8.391079 -4.734420 -12.085430
v 8.391081 -6.715415 -11.890319
v 8.391079 -6.319340 -15.911760
v 8.391079 -4.414472 -12.348006
v 8.391080 -6.319338 -11.770169
v 8.391079 -6.715416 -15.791612
v 8.391079 -4.151896 -12.667954
v 8.391079 -7.080444 -15.596500
v 8.391079 -3.956785 -13.032981
v 8.391079 -7.400393 -15.333924
v 8.391079 -3.836636 -13.429058
v 8.391079 -7.662968 -15.013975
v 8.391079 -3.796068 -13.840966
v 8.391080 -7.858078 -14.648951
v 8.391079 -3.836637 -14.252872
v 8.391080 -7.978227 -14.252872
v 8.391078 -3.956786 -14.648951
v 8.391080 -8.018796 -13.840965
v 8.391078 -4.151897 -15.013977
v 8.391080 -7.978227 -13.429057
v 8.391078 -4.414473 -15.333925
v 6.155866 -3.967143 -14.228041
v 4.990498 -3.677757 -14.198600
v 6.101048 -3.523929 -14.228041
v 2.739945 -3.889299 -14.131989
v 4.078022 -3.808211 -14.172651
v 7.010004 -3.882186 -14.243919
v 6.955897 -3.482540 -14.236394
v 6.157070 -7.015421 -12.191216
v 6.156935 -6.672388 -12.007869
v 6.156483 -5.526015 -11.894980
v 6.156335 -5.153813 -12.007895
v 6.156199 -4.810792 -12.191251
v 6.156080 -4.510134 -12.438004
v 6.155982 -4.263391 -12.738669
v 6.155910 -4.080046 -13.081692
v 6.155910 -4.080046 -14.600242
v 6.155982 -4.263392 -14.943265
v 6.156079 -4.510135 -15.243929
v 6.156199 -4.810793 -15.490680
v 6.156334 -5.153814 -15.674036
v 6.156482 -5.526016 -15.786949
v 6.156635 -5.913096 -15.825081
v 6.156787 -6.300179 -15.786963
v 6.156934 -6.672389 -15.674062
v 6.157069 -7.015422 -15.490714
v 6.157187 -7.316095 -15.243965
v 6.157284 -7.562851 -14.943298
v 6.157356 -7.746210 -14.600266
v 6.157401 -7.859121 -14.228053
v 6.157416 -7.897247 -13.840964
v 6.157401 -7.859121 -13.453876
v 6.157357 -7.746209 -13.081664
v 6.157285 -7.562851 -12.738633
v 6.157188 -7.316094 -12.437965
v 6.156636 -5.913095 -11.856850
v 6.156788 -6.300179 -11.894967
v 7.010004 -3.843000 -13.840966
v 6.955896 -3.444085 -13.840966
v 4.990223 -3.646904 -13.840965
v 4.078022 -3.778248 -13.840965
v 2.739945 -3.860636 -13.840965
v 6.100590 -3.489292 -13.840966
v 2.739945 -3.889299 -13.549940
v 2.739945 -3.860636 -13.840965
v 0.096178 -3.715770 -13.840964
v 0.161728 -3.744433 -13.659241
v 2.794054 -4.415690 -13.840964
v 0.215837 -4.023483 -13.659241
v 0.150285 -4.068872 -13.840965
v 0.161728 -3.744433 -13.659241
v 0.096178 -3.715770 -13.840964
v 0.215836 -4.023483 -14.022689
v 0.161727 -3.744434 -14.022689
v 2.739945 -3.889299 -14.131989
v 0.161727 -3.744434 -14.022689
v 1.551350 -5.415359 -14.333037
v 1.551350 -5.520813 -14.419581
v 1.551350 -6.550360 -13.574654
v 1.551350 -6.486053 -13.454342
v 1.551350 -5.641124 -14.483890
v 1.551350 -5.907433 -13.145063
v 1.551350 -5.771670 -13.158435
v 1.551350 -6.399508 -13.348887
v 1.551350 -5.771670 -14.523490
v 1.551350 -5.641124 -13.198036
v 1.551350 -6.294054 -13.262344
v 1.551350 -5.907434 -14.536861
v 1.551350 -5.520813 -13.262344
v 1.551350 -6.173742 -13.198036
v 1.551350 -6.043196 -14.523490
v 1.551350 -5.415359 -13.348887
v 1.551350 -6.043196 -13.158435
v 1.551350 -6.173743 -14.483890
v 1.551350 -5.328815 -13.454342
v 1.551350 -6.294055 -14.419581
v 1.551350 -5.264507 -13.574654
v 1.551350 -6.399508 -14.333037
v 1.551350 -5.224906 -13.705200
v 1.551350 -6.486052 -14.227584
v 1.551350 -5.211535 -13.840963
v 1.551350 -6.550360 -14.107272
v 1.551350 -5.224906 -13.976727
v 1.551350 -6.589960 -13.976727
v 1.551350 -5.264507 -14.107272
v 1.551350 -6.603332 -13.840963
v 1.551350 -5.328815 -14.227584
v 1.551350 -6.589960 -13.705200
v 3.015680 -6.871983 -13.649104
v 3.015680 -6.816019 -13.464616
v 2.778170 -6.770858 -13.483322
v 2.778170 -6.824040 -13.658639
v 3.015679 -5.089728 -14.387338
v 3.015679 -5.212032 -14.536366
v 2.778169 -5.246597 -14.501800
v 2.778169 -5.130372 -14.360180
v 3.015680 -6.890879 -13.840964
v 2.778170 -6.841998 -13.840964
v 3.015679 -4.998848 -14.217314
v 2.778169 -5.044009 -14.198606
v 3.015680 -6.871983 -14.032825
v 2.778169 -6.824040 -14.023289
v 3.015679 -4.942884 -14.032825
v 2.778169 -4.990827 -14.023288
v 3.015680 -6.816019 -14.217314
v 2.778169 -6.770858 -14.198607
v 3.015679 -4.923987 -13.840964
v 2.778170 -4.972869 -13.840963
v 3.015680 -6.725139 -14.387338
v 2.778169 -6.684495 -14.360181
v 3.015679 -4.942884 -13.649104
v 2.778170 -4.990827 -13.658640
v 3.015679 -6.602835 -14.536366
v 2.778169 -6.568270 -14.501801
v 3.015679 -4.998848 -13.464616
v 2.778170 -5.044009 -13.483321
v 3.015679 -6.453807 -14.658670
v 2.778169 -6.426650 -14.618026
v 3.015679 -5.089728 -13.294592
v 2.778170 -5.130372 -13.321748
v 3.015679 -6.283782 -14.749550
v 2.778169 -6.265075 -14.704390
v 3.015679 -6.099294 -12.876416
v 3.015679 -5.907433 -12.857519
v 2.778170 -5.907433 -12.906400
v 2.778170 -6.089757 -12.924358
v 3.015679 -5.212032 -13.145564
v 2.778170 -5.246597 -13.180126
v 3.015679 -6.099294 -14.805514
v 2.778169 -6.089757 -14.757572
v 3.015679 -6.283782 -12.932380
v 2.778170 -6.265075 -12.977541
v 3.015679 -5.361060 -13.023259
v 2.778170 -5.388217 -13.063901
v 3.015679 -5.907433 -14.824410
v 2.778169 -5.907433 -14.775528
v 3.015679 -6.453807 -13.023259
v 2.778170 -6.426649 -13.063902
v 3.015679 -5.531084 -12.932380
v 2.778170 -5.549790 -12.977540
v 3.015679 -5.715573 -14.805514
v 2.778169 -5.725109 -14.757571
v 3.015679 -6.602834 -13.145564
v 2.778170 -6.568269 -13.180127
v 3.015679 -5.715572 -12.876416
v 2.778170 -5.725108 -12.924357
v 3.015679 -5.531085 -14.749550
v 2.778169 -5.549791 -14.704389
v 3.015680 -6.725138 -13.294592
v 2.778170 -6.684494 -13.321749
v 3.015679 -5.361060 -14.658670
v 2.778169 -5.388217 -14.618025
v 4.132843 -6.244863 12.173441
v 4.132956 -6.563802 12.270188
v 2.794063 -6.478291 12.462747
v 2.794062 -6.198450 12.377859
v 2.649592 -6.128495 12.729547
v 2.629715 -6.163042 12.555868
v 2.629715 -6.408835 12.630430
v 2.649592 -6.341069 12.794030
v 2.629715 -6.635359 12.751509
v 2.649592 -6.536978 12.898746
v 2.629715 -6.833910 12.914454
v 2.649592 -6.708694 13.039668
v 2.629715 -6.996855 13.113005
v 2.649592 -6.849617 13.211386
v 2.629715 -7.117935 13.339529
v 2.649592 -6.954333 13.407293
v 2.629715 -7.192495 13.585321
v 2.649592 -7.018816 13.619867
v 2.629715 -7.217671 13.840937
v 2.649592 -7.040590 13.840937
v 2.629715 -7.192495 14.096555
v 2.649593 -7.018816 14.062006
v 2.629715 -7.117935 14.342346
v 2.649593 -6.954333 14.274584
v 2.629715 -6.996855 14.568875
v 2.649593 -6.849617 14.470492
v 2.629715 -6.833909 14.767424
v 2.649593 -6.708694 14.642207
v 2.629715 -6.635359 14.930370
v 2.649593 -6.536978 14.783131
v 2.629715 -6.408834 15.051447
v 2.649593 -6.341069 14.887849
v 2.629715 -6.163041 15.126007
v 2.649593 -6.128495 14.952330
v 2.629715 -5.907424 15.151185
v 2.649593 -5.907424 14.974104
v 2.629715 -5.651808 15.126007
v 2.649593 -5.686355 14.952330
v 2.629715 -5.406015 15.051447
v 2.649593 -5.473782 14.887849
v 2.629715 -5.179491 14.930370
v 2.649593 -5.277872 14.783131
v 2.629715 -4.980941 14.767424
v 2.649593 -5.106156 14.642207
v 2.629715 -4.817995 14.568875
v 2.649593 -4.965232 14.470492
v 2.629715 -4.696915 14.342345
v 2.649593 -4.860517 14.274584
v 2.629715 -4.622355 14.096555
v 2.649593 -4.796033 14.062007
v 2.629715 -4.597178 13.840937
v 2.649592 -4.774259 13.840938
v 2.629715 -4.622355 13.585321
v 2.649592 -4.796033 13.619868
v 2.629715 -4.696915 13.339528
v 2.649592 -4.860517 13.407293
v 2.629715 -4.817995 13.113005
v 2.649592 -4.965232 13.211386
v 2.629715 -4.980941 12.914454
v 2.649592 -5.106156 13.039668
v 2.629715 -5.179492 12.751509
v 2.649592 -5.277873 12.898746
v 2.629715 -5.406016 12.630430
v 2.649592 -5.473782 12.794030
v 3.015688 -6.871974 13.649076
v 3.015688 -6.816010 13.464590
v 2.629715 -5.651809 12.555868
v 2.649592 -5.686356 12.729547
v 2.629715 -5.907425 12.530693
v 2.649592 -5.907425 12.707772
v 5.045575 -7.746329 13.840937
v 5.045567 -7.711105 14.198569
v 4.133313 -7.580674 14.172625
v 4.133325 -7.613343 13.840937
v 8.391088 -4.734412 15.596471
v 8.534092 -4.744884 15.580797
v 8.534091 -4.427793 15.320565
v 8.391088 -4.414463 15.333897
v 5.045001 -5.555536 15.638882
v 5.044910 -5.211647 15.534564
v 4.132498 -5.262550 15.411687
v 4.132611 -5.581490 15.508435
v 5.044644 -4.219542 13.139411
v 5.044691 -4.388945 12.822481
v 4.132229 -4.499540 12.896376
v 4.132173 -4.342427 13.190310
v 5.045434 -7.209411 12.544698
v 5.045494 -7.437388 12.822490
v 4.133223 -7.326814 12.896377
v 4.133150 -7.115376 12.638740
v 5.045362 -6.931620 15.365154
v 5.045279 -6.614690 15.534559
v 4.132957 -6.563801 15.411687
v 4.133060 -6.857738 15.254574
v 5.044644 -4.219541 14.542463
v 5.044614 -4.115223 14.198571
v 4.132139 -4.245678 14.172624
v 4.132174 -4.342427 14.491564
v 5.045094 -5.913171 12.007771
v 5.045187 -6.270803 12.042996
v 4.132726 -5.913177 12.140772
v 5.045539 -7.606788 14.542457
v 4.133280 -7.483925 14.491565
v 5.044827 -4.894715 15.365162
v 4.132395 -4.968614 15.254574
v 5.044751 -4.616923 12.544690
v 4.132303 -4.710977 12.638739
v 5.045539 -7.606789 13.139417
v 4.133279 -7.483926 13.190311
v 5.045189 -6.270802 15.638877
v 4.132843 -6.244862 15.508435
v 7.010058 -5.907957 11.775468
v 7.010067 -6.310909 11.815158
v 6.156796 -6.300171 11.894937
v 6.156644 -5.913088 11.856821
v 5.045278 -6.614691 12.147317
v 5.045495 -7.437387 14.859385
v 4.133224 -7.326813 14.785500
v 5.044752 -4.616922 15.137182
v 4.132304 -4.710976 15.043136
v 5.044826 -4.894716 12.316714
v 4.132394 -4.968614 12.427299
v 5.045566 -7.711105 13.483304
v 4.133313 -7.580674 13.509252
v 5.045095 -5.913170 15.674103
v 4.132727 -5.913176 15.541103
v 2.794063 -4.444345 13.549911
v 2.739954 -3.889291 13.549911
v 4.078031 -3.808203 13.509251
v 4.132139 -4.245678 13.509251
v 5.045362 -6.931621 12.316721
v 4.133058 -6.857738 12.427299
v 5.045434 -7.209410 15.137176
v 4.133149 -7.115375 15.043137
v 5.044691 -4.388944 14.859391
v 4.132229 -4.499539 14.785499
v 5.044909 -5.211648 12.147312
v 4.132497 -5.262551 12.270188
v 5.044614 -4.115223 13.483303
v 5.045000 -5.555537 12.042994
v 4.132608 -5.581491 12.173441
v 8.430209 -4.515368 14.771076
v 7.864195 -4.754026 14.611613
v 7.864195 -4.625837 14.371785
v 8.430209 -4.360655 14.481628
v 8.391088 -7.858070 13.032949
v 8.534091 -7.840654 13.040164
v 8.534091 -7.959730 13.432706
v 8.391088 -7.978219 13.429029
v 8.534091 -4.167561 15.003472
v 8.391088 -4.151887 15.013946
v 8.534092 -7.999937 13.840936
v 8.391088 -8.018788 13.840936
v 8.534091 -3.974192 14.641706
v 8.391088 -3.956776 14.648918
v 8.534092 -7.959730 14.249166
v 8.391088 -7.978219 14.252844
v 8.534091 -3.855117 14.249165
v 8.391088 -3.836628 14.252843
v 8.534092 -7.840654 14.641706
v 8.391089 -7.858070 14.648918
v 8.534091 -3.814909 13.840935
v 8.391088 -3.796059 13.840935
v 8.534092 -7.647284 15.003472
v 8.391089 -7.662958 15.013947
v 8.534091 -3.855117 13.432705
v 8.391088 -3.836628 13.429028
v 8.534092 -7.387054 15.320565
v 8.391089 -7.400383 15.333898
v 8.534091 -3.974193 13.040164
v 8.391088 -3.956777 13.032949
v 8.534092 -7.069961 15.580796
v 8.391089 -7.080434 15.596471
v 8.534090 -4.167562 12.678395
v 8.391088 -4.151888 12.667924
v 8.534092 -6.708193 15.774167
v 8.391089 -6.715407 15.791581
v 8.391088 -5.907424 11.729571
v 8.534090 -5.907424 11.748423
v 8.534090 -6.315654 11.788630
v 8.391088 -6.319332 11.770141
v 8.534090 -4.427794 12.361304
v 8.391088 -4.414464 12.347974
v 8.534092 -6.315652 15.893243
v 8.391089 -6.319330 15.911731
v 8.534091 -6.708194 11.907704
v 8.391088 -6.715408 11.890290
v 8.534090 -4.744885 12.101074
v 8.391088 -4.734412 12.085401
v 8.534092 -5.907423 15.933452
v 8.391089 -5.907423 15.952301
v 8.534091 -7.069962 12.101073
v 8.391088 -7.080435 12.085401
v 8.534090 -5.106654 11.907704
v 8.391088 -5.099440 11.890290
v 8.534092 -5.499194 15.893243
v 8.391089 -5.495516 15.911731
v 8.534091 -7.387055 12.361304
v 8.391088 -7.400384 12.347975
v 8.534090 -5.499196 11.788630
v 8.391088 -5.495518 11.770141
v 8.534092 -5.106653 15.774167
v 8.391088 -5.099439 15.791581
v 8.534091 -7.647285 12.678395
v 8.391088 -7.662959 12.667925
v 8.430209 -5.580802 12.198896
v 7.864195 -5.636799 12.480411
v 7.864195 -5.907424 12.453758
v 8.430209 -5.907424 12.166726
v 8.430209 -6.548116 12.294168
v 7.864195 -6.438275 12.559349
v 7.864195 -6.678100 12.687539
v 8.430210 -6.837565 12.448882
v 7.864195 -6.888308 12.860052
v 8.430210 -7.091269 12.657090
v 7.864195 -7.060821 13.070260
v 8.430210 -7.299479 12.910795
v 7.864195 -7.189011 13.310085
v 8.430210 -7.454193 13.200244
v 7.864195 -7.267949 13.570312
v 8.430210 -7.549464 13.514312
v 7.864195 -7.294603 13.840936
v 8.430210 -7.581633 13.840935
v 7.864195 -7.267949 14.111562
v 8.430210 -7.549464 14.167558
v 7.864195 -7.189010 14.371786
v 8.430210 -7.454192 14.481627
v 7.864196 -7.060821 14.611613
v 8.430210 -7.299478 14.771077
v 7.864196 -6.888308 14.821818
v 8.430210 -7.091268 15.024779
v 7.864196 -6.678098 14.994333
v 8.430210 -6.837564 15.232989
v 7.864196 -6.438274 15.122520
v 8.430210 -6.548115 15.387702
v 7.864196 -6.178048 15.201461
v 8.430210 -6.234046 15.482977
v 7.864196 -5.907423 15.228113
v 8.430210 -5.907423 15.515143
v 7.864196 -5.636798 15.201461
v 8.430210 -5.580801 15.482977
v 7.864195 -5.376573 15.122520
v 8.430210 -5.266731 15.387702
v 7.864195 -5.136748 14.994333
v 8.430209 -4.977282 15.232989
v 7.864195 -4.926540 14.821818
v 8.430209 -4.723578 15.024779
v 8.534091 -4.426830 14.830236
v 8.534091 -4.648282 15.100076
v 7.864195 -4.546899 14.111561
v 8.430209 -4.265383 14.167558
v 7.864195 -4.520244 13.840935
v 8.430209 -4.233214 13.840935
v 7.864195 -4.546899 13.570312
v 8.430209 -4.265383 13.514312
v 7.864194 -4.625837 13.310084
v 8.430208 -4.360656 13.200243
v 7.864194 -4.754027 13.070260
v 8.430208 -4.515369 12.910794
v 7.864194 -4.926540 12.860052
v 8.430208 -4.723578 12.657090
v 7.864194 -5.136749 12.687539
v 8.430208 -4.977283 12.448882
v 7.864194 -5.376574 12.559349
v 8.430209 -5.266732 12.294168
v 8.534090 -6.254820 12.094458
v 8.534090 -5.907424 12.060242
v 7.560353 -4.975176 14.026372
v 7.560353 -4.956912 13.840936
v 8.534092 -7.688118 13.840935
v 8.534091 -7.653903 13.493539
v 8.534091 -4.262276 14.522377
v 8.534092 -7.653903 14.188331
v 8.534091 -4.160944 14.188331
v 8.534092 -7.552570 14.522377
v 8.534091 -4.126729 13.840935
v 8.534092 -7.388017 14.830236
v 8.534091 -4.160944 13.493539
v 8.534092 -7.166564 15.100076
v 8.534091 -4.262277 13.159492
v 8.534092 -6.896724 15.321528
v 8.534090 -4.426831 12.851634
v 8.534091 -6.588866 15.486086
v 8.534090 -5.560027 12.094458
v 8.534090 -4.648283 12.581794
v 8.534092 -6.254820 15.587417
v 8.534090 -6.588866 12.195788
v 8.534090 -4.918123 12.360345
v 8.534092 -5.907423 15.621633
v 8.534091 -6.896725 12.360344
v 8.534090 -5.225982 12.195788
v 8.534092 -5.560027 15.587417
v 8.534091 -7.166565 12.581794
v 8.534091 -5.225981 15.486086
v 8.534091 -7.388017 12.851634
v 8.430209 -6.234046 12.198896
v 7.864195 -6.178049 12.480411
v 8.534091 -4.918122 15.321529
v 8.534091 -7.552571 13.159492
v 7.560353 -5.029265 13.477191
v 7.886333 -5.202046 13.548759
v 7.886333 -5.272601 13.416762
v 7.560353 -5.117102 13.312861
v 7.560353 -6.785583 14.204685
v 7.560353 -6.697746 14.369015
v 7.560353 -4.975176 13.655501
v 7.560353 -6.579537 14.513051
v 7.560353 -5.029265 13.477191
v 7.560353 -6.435501 14.631261
v 7.560353 -5.117102 13.312861
v 7.560353 -6.271170 14.719096
v 7.560353 -5.907424 12.890427
v 7.560353 -6.092860 12.908690
v 7.560353 -5.235311 13.168822
v 7.560354 -6.092860 14.773185
v 7.560353 -6.271170 12.962779
v 7.560353 -5.379348 13.050615
v 7.560354 -5.907424 14.791451
v 7.560353 -6.435501 13.050615
v 7.560353 -5.543679 12.962779
v 7.560354 -5.721988 14.773185
v 7.560353 -6.579538 13.168822
v 7.560353 -5.721989 12.908690
v 7.560353 -5.543679 14.719096
v 7.560353 -6.697746 13.312861
v 7.560353 -5.379348 14.631261
v 7.560353 -6.785583 13.477191
v 7.560353 -5.235311 14.513051
v 7.560353 -6.839672 13.655501
v 7.560353 -5.117102 14.369015
v 7.560353 -6.857936 13.840936
v 7.560353 -5.029265 14.204685
v 7.560353 -6.839672 14.026372
v 7.886333 -5.483249 13.206114
v 7.886333 -5.615247 13.135560
v 7.560353 -6.435501 14.631261
v 7.886333 -6.331600 14.475762
v 7.886333 -6.199602 14.546316
v 7.560353 -6.271170 14.719096
v 7.560353 -5.907424 12.890427
v 7.886333 -5.907424 13.077442
v 7.886333 -6.056375 13.092111
v 7.560353 -6.092860 12.908690
v 7.886333 -5.367551 13.301064
v 7.560353 -5.235311 13.168822
v 7.886333 -6.056375 14.589761
v 7.560354 -6.092860 14.773185
v 7.886333 -6.199602 13.135560
v 7.560353 -6.271170 12.962779
v 7.560353 -5.379348 13.050615
v 7.886333 -5.907424 14.604432
v 7.560354 -5.907424 14.791451
v 7.886333 -6.331600 13.206114
v 7.560353 -6.435501 13.050615
v 7.560353 -5.543679 12.962779
v 7.886333 -5.758473 14.589761
v 7.560354 -5.721988 14.773185
v 7.886333 -6.447297 13.301064
v 7.560353 -6.579538 13.168822
v 7.886333 -5.758473 13.092111
v 7.560353 -5.721989 12.908690
v 7.886333 -5.615247 14.546316
v 7.560353 -5.543679 14.719096
v 7.886333 -6.542247 13.416762
v 7.560353 -6.697746 13.312861
v 7.886333 -5.483249 14.475762
v 7.560353 -5.379348 14.631261
v 7.886333 -6.612802 13.548759
v 7.560353 -6.785583 13.477191
v 7.886333 -5.367551 14.380813
v 7.560353 -5.235311 14.513051
v 7.886333 -6.656249 13.691988
v 7.560353 -6.839672 13.655501
v 7.886333 -5.272601 14.265111
v 7.560353 -5.117102 14.369015
v 7.886333 -6.670919 13.840936
v 7.560353 -6.857936 13.840936
v 7.886333 -5.202046 14.133117
v 7.560353 -5.029265 14.204685
v 7.886333 -6.656249 13.989888
v 7.560353 -6.839672 14.026372
v 7.886333 -5.158599 13.989888
v 7.560353 -4.975176 14.026372
v 7.886333 -6.612802 14.133117
v 7.560353 -6.785583 14.204685
v 7.886333 -5.143929 13.840936
v 7.560353 -4.956912 13.840936
v 7.886333 -6.542247 14.265111
v 7.560353 -6.697746 14.369015
v 7.886333 -5.158599 13.691988
v 7.560353 -4.975176 13.655501
v 7.886333 -6.447297 14.380813
v 7.560353 -6.579537 14.513051
v 2.794062 -5.907425 12.349195
v 2.794062 -5.616401 12.377860
v 2.794063 -6.962247 12.786117
v 2.794063 -6.736193 12.600599
v 2.794063 -7.147765 13.012168
v 2.794063 -7.285616 13.270071
v 2.794063 -7.370505 13.549911
v 2.794063 -7.399168 13.840937
v 2.794063 -7.370505 14.131964
v 2.794063 -7.285616 14.411803
v 2.794063 -7.147764 14.669705
v 2.794063 -6.962246 14.895758
v 2.794063 -6.736192 15.081277
v 2.794063 -6.478290 15.219130
v 2.794063 -6.198449 15.304016
v 2.794063 -5.907424 15.332682
v 2.794063 -5.616400 15.304017
v 2.794063 -5.336559 15.219131
v 2.794063 -5.078656 15.081278
v 2.794063 -4.852603 14.895759
v 2.794063 -4.667085 14.669705
v 2.794063 -4.529233 14.411803
v 2.794063 -4.444345 14.131964
v 2.794063 -4.529234 13.270071
v 2.794063 -4.667086 13.012168
v 2.794063 -4.852603 12.786118
v 2.794063 -5.078657 12.600600
v 2.794063 -5.336560 12.462748
v 0.557267 -6.375731 13.747785
v 0.460698 -6.343841 13.754131
v 0.460698 -6.318520 13.670656
v 0.557266 -6.348560 13.658212
v 3.015688 -5.089720 14.387309
v 3.015688 -5.212024 14.536338
v 3.015688 -6.890871 13.840937
v 3.015688 -4.998839 14.217284
v 3.015688 -6.871974 14.032799
v 3.015688 -4.942876 14.032799
v 3.015688 -6.816010 14.217284
v 3.015688 -4.923979 13.840937
v 3.015688 -6.725130 14.387309
v 3.015688 -4.942876 13.649076
v 3.015688 -6.602826 14.536338
v 3.015688 -4.998839 13.464590
v 3.015688 -6.453799 14.658645
v 3.015688 -5.089720 13.294564
v 3.015688 -6.283773 14.749523
v 3.015688 -6.099286 12.876388
v 3.015688 -5.907425 12.857491
v 3.015688 -5.212024 13.145535
v 3.015688 -6.099286 14.805490
v 3.015688 -6.283773 12.932354
v 3.015688 -5.361052 13.023233
v 3.015688 -5.907425 14.824386
v 3.015688 -6.453799 13.023233
v 3.015688 -5.531076 12.932354
v 3.015688 -5.715564 14.805490
v 3.015688 -6.602827 13.145535
v 3.015688 -5.715565 12.876388
v 3.015688 -5.531076 14.749523
v 3.015688 -6.725131 13.294564
v 3.015688 -5.361052 14.658645
v 8.430209 -5.907424 12.166726
v 8.430209 -6.234046 12.198896
v 8.430209 -6.548116 12.294168
v 8.430210 -6.837565 12.448882
v 8.430210 -7.091269 12.657090
v 8.430210 -7.299479 12.910795
v 8.430210 -7.454193 13.200244
v 8.430210 -7.549464 13.514312
v 8.430210 -7.581633 13.840935
v 8.430210 -7.549464 14.167558
v 8.430210 -7.454192 14.481627
v 8.430210 -7.299478 14.771077
v 8.430210 -7.091268 15.024779
v 8.430210 -6.837564 15.232989
v 8.430210 -6.548115 15.387702
v 8.430210 -6.234046 15.482977
v 8.430210 -5.907423 15.515143
v 8.430210 -5.580801 15.482977
v 8.430210 -5.266731 15.387702
v 8.430209 -4.977282 15.232989
v 8.430209 -4.723578 15.024779
v 8.430209 -4.515368 14.771076
v 8.430209 -4.360655 14.481628
v 8.430209 -4.265383 14.167558
v 8.430209 -4.233214 13.840935
v 8.430209 -4.265383 13.514312
v 8.430208 -4.360656 13.200243
v 8.430208 -4.515369 12.910794
v 8.430208 -4.723578 12.657090
v 8.430208 -4.977283 12.448882
v 8.430209 -5.266732 12.294168
v 8.430209 -5.580802 12.198896
v 2.794062 -6.198450 12.377859
v 2.794062 -5.907425 12.349195
v 2.794063 -6.478291 12.462747
v 2.794063 -6.736193 12.600599
v 2.794063 -6.962247 12.786117
v 2.794063 -7.147765 13.012168
v 2.794063 -7.285616 13.270071
v 2.794063 -7.370505 13.549911
v 2.794063 -7.399168 13.840937
v 2.794063 -7.370505 14.131964
v 2.794063 -7.285616 14.411803
v 2.794063 -7.147764 14.669705
v 2.794063 -6.962246 14.895758
v 2.794063 -6.736192 15.081277
v 2.794063 -6.478290 15.219130
v 2.794063 -6.198449 15.304016
v 2.794063 -5.907424 15.332682
v 2.794063 -5.616400 15.304017
v 2.794063 -5.336559 15.219131
v 2.794063 -5.078656 15.081278
v 2.794063 -4.852603 14.895759
v 2.794063 -4.667085 14.669705
v 2.794063 -4.529233 14.411803
v 2.794063 -4.444345 14.131964
v 2.794063 -4.415681 13.840937
v 2.794063 -4.444345 13.549911
v 2.794063 -4.529234 13.270071
v 2.794063 -4.667086 13.012168
v 2.794063 -4.852603 12.786118
v 2.794063 -5.078657 12.600600
v 2.794063 -5.336560 12.462748
v 2.794062 -5.616401 12.377860
v 6.155875 -3.967134 13.453860
v 6.101057 -3.523920 13.453860
v 6.955906 -3.482531 13.445508
v 7.010013 -3.882177 13.437982
v 4.990507 -3.677748 13.483303
v 0.413723 -5.981352 13.469283
v 0.413723 -5.907425 13.462001
v 0.557266 -5.510415 14.106213
v 0.460699 -5.537449 14.088147
v 0.460699 -5.592787 14.155577
v 0.557266 -5.569795 14.178565
v 0.557266 -6.384906 13.840938
v 0.460698 -6.352391 13.840938
v 0.557266 -5.466291 14.023662
v 0.460699 -5.496331 14.011217
v 0.557266 -6.375731 13.934089
v 0.460699 -6.343841 13.927747
v 0.557267 -5.439120 13.934089
v 0.460699 -5.471010 13.927747
v 0.557266 -6.348560 14.023662
v 0.460699 -6.318520 14.011217
v 0.557266 -5.429945 13.840938
v 0.460698 -5.462460 13.840938
v 0.557266 -6.304436 14.106213
v 0.460699 -6.277400 14.088147
v 0.557267 -5.439120 13.747785
v 0.460698 -5.471010 13.754131
v 0.557266 -6.245055 14.178565
v 0.460699 -6.222064 14.155577
v 0.557266 -5.466291 13.658212
v 0.460698 -5.496331 13.670656
v 0.557266 -6.172699 14.237948
v 0.460699 -6.154635 14.210913
v 0.557267 -5.510415 13.575663
v 0.460698 -5.537449 13.593728
v 0.557266 -6.090149 14.282071
v 0.460699 -6.077706 14.252031
v 0.557267 -6.000577 13.372631
v 0.460698 -5.994234 13.404520
v 0.460698 -5.907425 13.395972
v 0.557266 -5.907425 13.363458
v 0.557267 -5.569795 13.503308
v 0.460698 -5.592787 13.526299
v 0.557266 -6.000577 14.309242
v 0.460699 -5.994234 14.277352
v 0.557267 -6.090149 13.399802
v 0.460698 -6.077706 13.429842
v 0.557267 -5.642151 13.443927
v 0.460698 -5.660215 13.470961
v 0.557266 -5.907425 14.318416
v 0.460699 -5.907425 14.285905
v 0.557267 -6.172699 13.443927
v 0.460698 -6.154635 13.470961
v 0.557266 -5.724701 13.399802
v 0.460698 -5.737144 13.429842
v 0.557266 -5.814273 14.309242
v 0.460699 -5.820617 14.277352
v 0.557267 -6.245055 13.503308
v 0.460698 -6.222064 13.526299
v 0.557266 -5.814274 13.372631
v 0.460698 -5.820616 13.404520
v 0.557266 -5.724701 14.282071
v 0.460699 -5.737144 14.252031
v 0.557267 -6.304435 13.575663
v 0.460698 -6.277400 13.593728
v 0.557266 -5.642151 14.237948
v 0.460699 -5.660216 14.210913
v 0.413723 -5.639477 13.572989
v 0.413723 -5.592352 13.630412
v 0.413724 -5.981352 14.212590
v 0.413724 -6.052438 14.191028
v 0.413723 -6.052437 13.490848
v 0.413723 -5.696900 13.525864
v 0.413724 -5.907425 14.219874
v 0.413723 -6.117950 13.525864
v 0.413723 -5.762413 13.490848
v 0.413724 -5.833499 14.212590
v 0.413723 -6.175373 13.572989
v 0.413723 -5.833498 13.469283
v 0.413724 -5.762413 14.191028
v 0.413723 -6.222498 13.630412
v 0.413724 -5.696900 14.156010
v 0.413723 -6.257516 13.695925
v 0.413724 -5.639478 14.108886
v 0.413723 -6.279079 13.767009
v 0.413724 -5.592352 14.051463
v 0.413723 -6.286360 13.840938
v 0.413724 -5.557335 13.985949
v 0.413724 -6.279079 13.914863
v 0.413724 -5.535771 13.914863
v 0.413724 -6.257516 13.985949
v 0.413723 -5.528490 13.840938
v 0.413724 -6.222498 14.051463
v 0.413723 -5.535771 13.767009
v 0.413724 -6.175373 14.108886
v 0.413723 -5.557335 13.695925
v 0.413724 -6.117951 14.156010
v 7.010040 -5.117537 11.932693
v 7.010049 -5.505004 11.815158
v 6.156491 -5.526007 11.894953
v 6.156343 -5.153805 12.007865
v 7.010084 -7.055468 12.123565
v 7.010091 -7.368462 12.380431
v 6.157197 -7.316087 12.437936
v 6.157078 -7.015414 12.191189
v 7.010032 -4.760445 12.123565
v 6.156208 -4.810784 12.191221
v 7.010025 -4.447451 12.380430
v 6.156088 -4.510126 12.437972
v 7.010020 -4.190584 12.693424
v 6.155991 -4.263383 12.738638
v 7.010015 -3.999714 13.050514
v 6.155919 -4.080038 13.081661
v 7.010013 -3.882177 13.437982
v 6.155875 -3.967134 13.453860
v 7.010015 -3.999713 14.631353
v 7.010014 -3.882177 14.243885
v 6.155875 -3.967134 14.228009
v 6.155920 -4.080037 14.600210
v 7.010020 -4.190583 14.988446
v 6.155992 -4.263383 14.943233
v 7.010026 -4.447450 15.301439
v 6.156089 -4.510125 15.243897
v 7.010033 -4.760444 15.558307
v 6.156209 -4.810784 15.490652
v 7.010041 -5.117536 15.749178
v 6.156345 -5.153805 15.674006
v 7.010050 -5.505002 15.866714
v 6.156492 -5.526007 15.786922
v 7.010059 -5.907955 15.906404
v 6.156645 -5.913087 15.825052
v 7.010068 -6.310908 15.866714
v 6.156797 -6.300170 15.786935
v 7.010077 -6.698375 15.749178
v 6.156945 -6.672379 15.674032
v 7.010085 -7.055467 15.558307
v 6.157080 -7.015413 15.490685
v 7.010091 -7.368461 15.301440
v 6.157197 -7.316086 15.243936
v 7.010097 -7.625327 14.988447
v 6.157294 -7.562843 14.943271
v 7.010101 -7.816197 14.631354
v 6.157366 -7.746201 14.600237
v 7.010104 -7.933734 14.243887
v 6.157411 -7.859113 14.228026
v 7.010105 -7.973422 13.840937
v 6.157425 -7.897238 13.840937
v 7.010103 -7.933734 13.437984
v 6.157410 -7.859113 13.453847
v 7.010101 -7.816198 13.050515
v 6.157365 -7.746202 13.081635
v 7.010096 -7.625328 12.693425
v 6.157294 -7.562844 12.738604
v 7.010076 -6.698376 11.932693
v 6.156943 -6.672380 12.007839
v 7.010096 -7.625328 12.693425
v 7.741247 -7.664052 12.667250
v 7.741248 -7.859276 13.032485
v 7.010101 -7.816198 13.050515
v 7.010041 -5.117536 15.749178
v 7.741239 -5.099056 15.792705
v 7.741237 -4.733819 15.597483
v 7.010033 -4.760444 15.558307
v 7.010049 -5.505004 11.815158
v 7.741238 -5.495363 11.768947
v 7.741240 -5.907506 11.728354
v 7.010058 -5.907957 11.775468
v 7.010091 -7.368462 12.380431
v 7.741245 -7.401327 12.347116
v 7.010050 -5.505002 15.866714
v 7.741240 -5.495362 15.912925
v 7.010040 -5.117537 11.932693
v 7.741237 -5.099056 11.889167
v 7.010084 -7.055468 12.123565
v 7.741244 -7.081193 12.084389
v 7.010059 -5.907955 15.906404
v 7.741241 -5.907505 15.953518
v 7.010032 -4.760445 12.123565
v 7.741236 -4.733819 12.084389
v 7.010076 -6.698376 11.932693
v 7.741243 -6.715956 11.889167
v 7.010068 -6.310908 15.866714
v 7.741243 -6.319650 15.912925
v 7.010025 -4.447451 12.380430
v 7.741235 -4.413686 12.347115
v 7.010067 -6.310909 11.815158
v 7.741242 -6.319651 11.768947
v 7.010077 -6.698375 15.749178
v 7.741244 -6.715955 15.792705
v 7.010020 -4.190584 12.693424
v 7.741234 -4.150959 12.667249
v 7.010085 -7.055467 15.558307
v 7.741245 -7.081192 15.597483
v 7.010015 -3.999714 13.050514
v 7.741233 -3.955735 13.032484
v 7.010091 -7.368461 15.301440
v 7.741246 -7.401326 15.334756
v 7.010013 -3.882177 13.437982
v 7.741233 -3.835518 13.428790
v 7.010097 -7.625327 14.988447
v 7.741248 -7.664052 15.014624
v 7.010013 -3.842991 13.840935
v 7.741233 -3.795003 13.840935
v 7.010101 -7.816197 14.631354
v 7.741248 -7.859275 14.649386
v 7.010014 -3.882177 14.243885
v 7.741233 -3.835518 14.253079
v 7.010104 -7.933734 14.243887
v 7.741248 -7.979494 14.253081
v 7.010015 -3.999713 14.631353
v 7.741234 -3.955735 14.649385
v 7.010105 -7.973422 13.840937
v 7.741248 -8.020087 13.840937
v 7.010020 -4.190583 14.988446
v 7.741235 -4.150959 15.014623
v 7.010103 -7.933734 13.437984
v 7.741248 -7.979494 13.428792
v 7.010026 -4.447450 15.301439
v 7.741236 -4.413685 15.334755
v 8.391088 -7.662959 12.667925
v 8.391088 -7.858070 13.032949
v 8.391088 -5.099439 15.791581
v 8.391088 -4.734412 15.596471
v 8.391088 -5.495518 11.770141
v 8.391088 -5.907424 11.729571
v 8.391088 -7.400384 12.347975
v 8.391089 -5.495516 15.911731
v 8.391088 -5.099440 11.890290
v 8.391088 -7.080435 12.085401
v 8.391089 -5.907423 15.952301
v 8.391088 -4.734412 12.085401
v 8.391088 -6.715408 11.890290
v 8.391089 -6.319330 15.911731
v 8.391088 -4.414464 12.347974
v 8.391088 -6.319332 11.770141
v 8.391089 -6.715407 15.791581
v 8.391088 -4.151888 12.667924
v 8.391089 -7.080434 15.596471
v 8.391088 -3.956777 13.032949
v 8.391089 -7.400383 15.333898
v 8.391088 -3.836628 13.429028
v 8.391089 -7.662958 15.013947
v 8.391088 -3.796059 13.840935
v 8.391089 -7.858070 14.648918
v 8.391088 -3.836628 14.252843
v 8.391088 -7.978219 14.252844
v 8.391088 -3.956776 14.648918
v 8.391088 -8.018788 13.840936
v 8.391088 -4.151887 15.013946
v 8.391088 -7.978219 13.429029
v 8.391088 -4.414463 15.333897
v 6.155875 -3.967134 14.228009
v 6.101057 -3.523919 14.228009
v 4.990507 -3.677748 14.198571
v 4.078031 -3.808202 14.172624
v 2.739954 -3.889290 14.131964
v 7.010014 -3.882177 14.243885
v 6.955906 -3.482530 14.236363
v 6.156943 -6.672380 12.007839
v 6.157078 -7.015414 12.191189
v 6.156343 -5.153805 12.007865
v 6.156491 -5.526007 11.894953
v 6.156208 -4.810784 12.191221
v 6.156088 -4.510126 12.437972
v 6.155991 -4.263383 12.738638
v 6.155919 -4.080038 13.081661
v 6.155920 -4.080037 14.600210
v 6.155992 -4.263383 14.943233
v 6.156089 -4.510125 15.243897
v 6.156209 -4.810784 15.490652
v 6.156345 -5.153805 15.674006
v 6.156492 -5.526007 15.786922
v 6.156645 -5.913087 15.825052
v 6.156797 -6.300170 15.786935
v 6.156945 -6.672379 15.674032
v 6.157080 -7.015413 15.490685
v 6.157197 -7.316086 15.243936
v 6.157294 -7.562843 14.943271
v 6.157366 -7.746201 14.600237
v 6.157411 -7.859113 14.228026
v 6.157425 -7.897238 13.840937
v 6.157410 -7.859113 13.453847
v 6.157365 -7.746202 13.081635
v 6.157294 -7.562844 12.738604
v 6.157197 -7.316087 12.437936
v 6.156644 -5.913088 11.856821
v 6.156796 -6.300171 11.894937
v 6.955906 -3.444077 13.840935
v 7.010013 -3.842991 13.840935
v 4.990232 -3.646895 13.840936
v 4.078031 -3.778239 13.840936
v 2.739954 -3.860627 13.840937
v 6.100599 -3.489284 13.840935
v 2.739954 -3.889291 13.549911
v 0.161736 -3.744425 13.659213
v 0.096185 -3.715761 13.840938
v 2.739954 -3.860627 13.840937
v 2.794063 -4.415681 13.840937
v 0.150293 -4.068864 13.840937
v 0.215845 -4.023474 13.659213
v 0.096185 -3.715761 13.840938
v 0.161736 -3.744425 13.659213
v 0.215846 -4.023474 14.022662
v 0.161736 -3.744425 14.022662
v 0.161736 -3.744425 14.022662
v 2.739954 -3.889290 14.131964
v 1.551358 -5.415350 14.333012
v 1.551358 -5.520804 14.419558
v 1.551358 -6.550351 13.574630
v 1.551359 -6.486044 13.454317
v 1.551358 -5.641116 14.483865
v 1.551358 -5.907425 13.145039
v 1.551358 -5.771662 13.158411
v 1.551358 -6.399500 13.348864
v 1.551358 -5.771662 14.523467
v 1.551358 -5.641116 13.198010
v 1.551358 -6.294046 13.262320
v 1.551358 -5.907425 14.536835
v 1.551358 -5.520804 13.262320
v 1.551358 -6.173735 13.198010
v 1.551358 -6.043188 14.523467
v 1.551358 -5.415350 13.348864
v 1.551358 -6.043188 13.158411
v 1.551358 -6.173734 14.483865
v 1.551358 -5.328806 13.454317
v 1.551358 -6.294046 14.419558
v 1.551358 -5.264498 13.574630
v 1.551358 -6.399500 14.333012
v 1.551359 -5.224898 13.705174
v 1.551358 -6.486044 14.227558
v 1.551358 -5.211526 13.840938
v 1.551358 -6.550351 14.107248
v 1.551359 -5.224898 13.976701
v 1.551358 -6.589952 13.976701
v 1.551358 -5.264499 14.107248
v 1.551358 -6.603324 13.840938
v 1.551358 -5.328807 14.227558
v 1.551359 -6.589952 13.705174
v 3.015688 -6.871974 13.649076
v 2.778178 -6.824031 13.658613
v 2.778178 -6.770849 13.483294
v 3.015688 -6.816010 13.464590
v 3.015688 -5.089720 14.387309
v 2.778178 -5.130363 14.360155
v 2.778179 -5.246589 14.501775
v 3.015688 -5.212024 14.536338
v 3.015688 -6.890871 13.840937
v 2.778178 -6.841989 13.840937
v 3.015688 -4.998839 14.217284
v 2.778178 -5.044000 14.198580
v 3.015688 -6.871974 14.032799
v 2.778179 -6.824031 14.023263
v 3.015688 -4.942876 14.032799
v 2.778179 -4.990818 14.023264
v 3.015688 -6.816010 14.217284
v 2.778179 -6.770849 14.198579
v 3.015688 -4.923979 13.840937
v 2.778177 -4.972860 13.840938
v 3.015688 -6.725130 14.387309
v 2.778179 -6.684486 14.360154
v 3.015688 -4.942876 13.649076
v 2.778178 -4.990818 13.658614
v 3.015688 -6.602826 14.536338
v 2.778179 -6.568261 14.501774
v 3.015688 -4.998839 13.464590
v 2.778177 -5.044000 13.483295
v 3.015688 -6.453799 14.658645
v 2.778179 -6.426641 14.618001
v 3.015688 -5.089720 13.294564
v 2.778177 -5.130363 13.321722
v 3.015688 -6.283773 14.749523
v 2.778179 -6.265068 14.704361
v 3.015688 -6.099286 12.876388
v 2.778178 -6.089749 12.924332
v 2.778178 -5.907425 12.906375
v 3.015688 -5.907425 12.857491
v 3.015688 -5.212024 13.145535
v 2.778178 -5.246589 13.180101
v 3.015688 -6.099286 14.805490
v 2.778179 -6.089749 14.757545
v 3.015688 -6.283773 12.932354
v 2.778178 -6.265068 12.977513
v 3.015688 -5.361052 13.023233
v 2.778178 -5.388210 13.063876
v 3.015688 -5.907425 14.824386
v 2.778179 -5.907425 14.775501
v 3.015688 -6.453799 13.023233
v 2.778178 -6.426641 13.063875
v 3.015688 -5.531076 12.932354
v 2.778178 -5.549783 12.977514
v 3.015688 -5.715564 14.805490
v 2.778179 -5.725100 14.757545
v 3.015688 -6.602827 13.145535
v 2.778178 -6.568262 13.180100
v 3.015688 -5.715565 12.876388
v 2.778178 -5.725101 12.924333
v 3.015688 -5.531076 14.749523
v 2.778179 -5.549782 14.704362
v 3.015688 -6.725131 13.294564
v 2.778178 -6.684487 13.321721
v 3.015688 -5.361052 14.658645
v 2.778179 -5.388209 14.618002
v 7.038877 -8.647923 -5.773100
v 7.038877 -8.647923 -5.396502
v 6.811829 -8.677814 -5.396501
v 6.811829 -8.677814 -5.773100
v 6.373205 -8.560286 -5.773100
v 6.373206 -8.560286 -5.396502
v 6.191522 -8.420875 -5.396502
v 6.191522 -8.420875 -5.773100
v 6.052111 -8.239191 -5.396501
v 6.052111 -8.239191 -5.773100
v 5.964474 -8.027617 -5.396501
v 5.964474 -8.027617 -5.773100
v 5.934583 -7.800568 -5.396501
v 5.934582 -7.800568 -5.773100
v 5.964474 -7.573519 -5.396501
v 5.964474 -7.573520 -5.773100
v 6.052111 -7.361945 -5.396501
v 6.052111 -7.361945 -5.773100
v 6.191522 -7.180261 -5.396501
v 6.191522 -7.180261 -5.773100
v 6.373206 -7.040850 -5.396502
v 6.373205 -7.040851 -5.773101
v 6.584781 -6.953213 -5.396502
v 6.584781 -6.953213 -5.773101
v 6.811829 -6.923321 -5.396502
v 6.811829 -6.923322 -5.773101
v 7.038877 -6.953213 -5.396502
v 7.038877 -6.953213 -5.773101
v 7.250453 -7.040850 -5.396502
v 7.250453 -7.040851 -5.773101
v 7.432136 -7.180261 -5.396502
v 7.432136 -7.180261 -5.773100
v 7.571547 -7.361945 -5.396502
v 7.571547 -7.361945 -5.773100
v 7.659184 -7.573519 -5.396502
v 7.659184 -7.573520 -5.773100
v 7.689075 -7.800568 -5.396502
v 7.689075 -7.800568 -5.773101
v 7.659184 -8.027617 -5.396502
v 7.659184 -8.027617 -5.773101
v 7.571547 -8.239191 -5.396502
v 7.571547 -8.239191 -5.773100
v 7.432136 -8.420875 -5.396502
v 7.432136 -8.420875 -5.773100
v 7.250453 -8.560286 -5.396502
v 7.250453 -8.560286 -5.773100
v 6.584781 -8.647923 -5.773100
v 6.584781 -8.647923 -5.396502
v 7.321585 -8.094875 -5.232244
v 7.380388 -7.952912 -5.232244
v 7.160680 -7.894042 -5.349144
v 7.124599 -7.981145 -5.349144
v 6.590525 -8.626483 -5.855229
v 6.811829 -8.655619 -5.855229
v 6.606220 -8.567907 -5.915352
v 6.811829 -8.594976 -5.915352
v 6.627661 -8.487892 -5.937358
v 6.811829 -8.512139 -5.937358
v 6.811829 -8.655619 -5.314373
v 6.590526 -8.626483 -5.314373
v 6.811829 -8.594976 -5.254250
v 6.606221 -8.567908 -5.254250
v 6.811829 -8.512139 -5.232244
v 6.627661 -8.487893 -5.232244
v 6.384304 -8.541063 -5.855229
v 6.414625 -8.488546 -5.915352
v 6.456043 -8.416806 -5.937358
v 6.384304 -8.541063 -5.314373
v 6.414625 -8.488546 -5.254250
v 6.456044 -8.416806 -5.232244
v 6.207217 -8.405180 -5.855229
v 6.250097 -8.362300 -5.915352
v 6.308672 -8.303724 -5.937358
v 6.207217 -8.405180 -5.314373
v 6.250097 -8.362300 -5.254250
v 6.308672 -8.303724 -5.232244
v 6.071334 -8.228093 -5.855229
v 6.123851 -8.197772 -5.915351
v 6.195590 -8.156353 -5.937358
v 6.071334 -8.228093 -5.314372
v 6.123851 -8.197772 -5.254250
v 6.195590 -8.156353 -5.232244
v 5.985914 -8.021872 -5.855229
v 6.044489 -8.006176 -5.915351
v 6.124504 -7.984736 -5.937358
v 5.985914 -8.021872 -5.314372
v 6.044489 -8.006176 -5.254250
v 6.124504 -7.984735 -5.232243
v 5.956779 -7.800568 -5.855229
v 6.017420 -7.800568 -5.915351
v 6.100258 -7.800568 -5.937358
v 5.956779 -7.800568 -5.314372
v 6.017420 -7.800568 -5.254250
v 6.100258 -7.800568 -5.232243
v 5.985914 -7.579265 -5.855229
v 6.044489 -7.594960 -5.915351
v 6.124504 -7.616400 -5.937358
v 5.985914 -7.579264 -5.314372
v 6.044489 -7.594959 -5.254250
v 6.124504 -7.616399 -5.232243
v 6.071334 -7.373043 -5.855229
v 6.123851 -7.403364 -5.915351
v 6.195590 -7.444783 -5.937358
v 6.071334 -7.373043 -5.314372
v 6.123851 -7.403363 -5.254250
v 6.195590 -7.444782 -5.232243
v 6.207217 -7.195956 -5.855229
v 6.250097 -7.238837 -5.915351
v 6.308672 -7.297411 -5.937358
v 6.207217 -7.195956 -5.314372
v 6.250097 -7.238836 -5.254250
v 6.308672 -7.297411 -5.232244
v 6.384304 -7.060073 -5.855230
v 6.414624 -7.112590 -5.915352
v 6.456043 -7.184330 -5.937358
v 6.384304 -7.060073 -5.314373
v 6.414624 -7.112590 -5.254250
v 6.456044 -7.184330 -5.232244
v 6.590525 -6.974653 -5.855230
v 6.606220 -7.033228 -5.915352
v 6.627661 -7.113244 -5.937358
v 6.590526 -6.974653 -5.314373
v 6.606221 -7.033228 -5.254251
v 6.627661 -7.113243 -5.232244
v 6.811829 -6.945518 -5.855230
v 6.811829 -7.006159 -5.915352
v 6.811829 -7.088997 -5.937358
v 6.811829 -6.945518 -5.314373
v 6.811829 -7.006159 -5.254251
v 6.811829 -7.088997 -5.232244
v 7.033133 -6.974653 -5.855230
v 7.017437 -7.033228 -5.915352
v 6.995996 -7.113244 -5.937358
v 7.033133 -6.974652 -5.314373
v 7.017437 -7.033228 -5.254251
v 6.995997 -7.113243 -5.232244
v 7.239354 -7.060073 -5.855230
v 7.209033 -7.112590 -5.915352
v 7.167614 -7.184330 -5.937358
v 7.239354 -7.060073 -5.314373
v 7.209034 -7.112590 -5.254250
v 7.167614 -7.184330 -5.232244
v 7.416441 -7.195956 -5.855229
v 7.373560 -7.238837 -5.915352
v 7.314985 -7.297411 -5.937358
v 7.416441 -7.195956 -5.314373
v 7.373561 -7.238836 -5.254250
v 7.314986 -7.297411 -5.232244
v 7.552324 -7.373043 -5.855229
v 7.499807 -7.403364 -5.915352
v 7.428068 -7.444783 -5.937358
v 7.552324 -7.373043 -5.314373
v 7.499807 -7.403363 -5.254250
v 7.428068 -7.444782 -5.232244
v 7.637744 -7.579265 -5.855229
v 7.579169 -7.594960 -5.915352
v 7.499154 -7.616400 -5.937358
v 7.637744 -7.579264 -5.314373
v 7.579169 -7.594959 -5.254250
v 7.499154 -7.616399 -5.232244
v 7.666879 -7.800568 -5.855230
v 7.606238 -7.800568 -5.915352
v 7.523399 -7.800568 -5.937358
v 7.666880 -7.800568 -5.314373
v 7.606238 -7.800568 -5.254250
v 7.523400 -7.800568 -5.232244
v 7.637744 -8.021872 -5.855230
v 7.579169 -8.006176 -5.915352
v 7.499154 -7.984736 -5.937358
v 7.637744 -8.021872 -5.314373
v 7.579169 -8.006176 -5.254250
v 7.499154 -7.984735 -5.232244
v 7.552324 -8.228093 -5.855229
v 7.499807 -8.197772 -5.915352
v 7.428068 -8.156353 -5.937358
v 7.552324 -8.228093 -5.314373
v 7.499807 -8.197772 -5.254250
v 7.428068 -8.156353 -5.232244
v 7.416441 -8.405180 -5.855229
v 7.373560 -8.362300 -5.915352
v 7.314985 -8.303724 -5.937358
v 7.416441 -8.405180 -5.314373
v 7.373561 -8.362300 -5.254250
v 7.314986 -8.303724 -5.232244
v 7.239354 -8.541063 -5.855229
v 7.209033 -8.488546 -5.915352
v 7.167614 -8.416806 -5.937358
v 7.239354 -8.541063 -5.314373
v 7.209034 -8.488546 -5.254250
v 7.167614 -8.416806 -5.232244
v 7.033133 -8.626483 -5.855229
v 7.017437 -8.567907 -5.915352
v 6.995996 -8.487892 -5.937358
v 7.033133 -8.626483 -5.314373
v 7.017437 -8.567908 -5.254250
v 6.995997 -8.487893 -5.232244
v 6.811829 -8.389183 -5.232244
v 6.659484 -8.369126 -5.232244
v 6.517521 -8.310324 -5.232244
v 6.395615 -8.216782 -5.232244
v 6.302073 -8.094875 -5.232244
v 6.243270 -7.952912 -5.232244
v 6.223214 -7.800568 -5.232244
v 6.243270 -7.648222 -5.232244
v 6.302073 -7.506260 -5.232244
v 6.395615 -7.384354 -5.232244
v 6.517521 -7.290812 -5.232244
v 6.659484 -7.232009 -5.232244
v 6.811829 -7.211953 -5.232244
v 6.964174 -7.232009 -5.232244
v 7.106136 -7.290812 -5.232244
v 7.228043 -7.384354 -5.232244
v 7.321585 -7.506260 -5.232244
v 7.380388 -7.648222 -5.232244
v 7.400444 -7.800568 -5.232244
v 7.228043 -8.216782 -5.232244
v 7.106136 -8.310324 -5.232244
v 6.964174 -8.369126 -5.232244
v 6.811829 -7.439411 -5.349144
v 6.905303 -7.451717 -5.349144
v 6.462978 -7.894042 -5.349144
v 6.450672 -7.800567 -5.349144
v 7.067205 -8.055943 -5.349144
v 6.992407 -7.487797 -5.349144
v 6.462978 -7.707093 -5.349144
v 6.992407 -8.113338 -5.349144
v 7.067205 -7.545191 -5.349144
v 6.499058 -7.619989 -5.349144
v 6.905303 -8.149418 -5.349144
v 6.811829 -8.161724 -5.349144
v 6.718355 -8.149418 -5.349144
v 7.124599 -7.619989 -5.349144
v 6.556453 -7.545191 -5.349144
v 6.631251 -8.113338 -5.349144
v 7.160680 -7.707093 -5.349144
v 6.631250 -7.487797 -5.349144
v 6.556453 -8.055943 -5.349144
v 7.172986 -7.800567 -5.349144
v 6.718355 -7.451717 -5.349144
v 6.499058 -7.981145 -5.349144
v 7.038877 -8.647923 -6.647859
v 6.811829 -8.677814 -6.647858
v 6.811829 -8.677814 -7.024457
v 7.038877 -8.647923 -7.024457
v 6.373205 -8.560286 -6.647859
v 6.191521 -8.420875 -6.647859
v 6.191521 -8.420875 -7.024457
v 6.373205 -8.560286 -7.024457
v 6.052111 -8.239191 -6.647858
v 6.052111 -8.239191 -7.024457
v 5.964474 -8.027616 -6.647858
v 5.964474 -8.027616 -7.024457
v 5.934582 -7.800568 -6.647858
v 5.934582 -7.800568 -7.024457
v 5.964474 -7.573520 -6.647858
v 5.964474 -7.573520 -7.024457
v 6.052111 -7.361945 -6.647858
v 6.052111 -7.361945 -7.024457
v 6.191521 -7.180261 -6.647858
v 6.191521 -7.180261 -7.024457
v 6.373205 -7.040851 -6.647859
v 6.373205 -7.040850 -7.024458
v 6.584780 -6.953213 -6.647859
v 6.584780 -6.953213 -7.024458
v 6.811829 -6.923322 -6.647859
v 6.811829 -6.923322 -7.024458
v 7.038877 -6.953213 -6.647859
v 7.038877 -6.953213 -7.024458
v 7.250452 -7.040851 -6.647859
v 7.250452 -7.040850 -7.024458
v 7.432136 -7.180261 -6.647859
v 7.432136 -7.180261 -7.024457
v 7.571547 -7.361945 -6.647859
v 7.571546 -7.361945 -7.024457
v 7.659184 -7.573520 -6.647859
v 7.659184 -7.573520 -7.024457
v 7.689075 -7.800568 -6.647859
v 7.689075 -7.800568 -7.024458
v 7.659184 -8.027616 -6.647859
v 7.659184 -8.027616 -7.024458
v 7.571547 -8.239191 -6.647859
v 7.571546 -8.239191 -7.024457
v 7.432136 -8.420875 -6.647859
v 7.432136 -8.420875 -7.024457
v 7.250452 -8.560286 -6.647859
v 7.250452 -8.560286 -7.024457
v 6.584780 -8.647923 -6.647859
v 6.584780 -8.647923 -7.024457
v 7.321584 -8.094875 -7.188715
v 7.124599 -7.981146 -7.071815
v 7.160679 -7.894042 -7.071815
v 7.380387 -7.952913 -7.188715
v 6.811829 -8.655618 -6.565729
v 6.590525 -8.626483 -6.565729
v 6.811829 -8.594976 -6.505607
v 6.606220 -8.567907 -6.505607
v 6.811829 -8.512139 -6.483601
v 6.627661 -8.487892 -6.483601
v 6.590525 -8.626483 -7.106586
v 6.811829 -8.655618 -7.106586
v 6.606220 -8.567907 -7.166709
v 6.811829 -8.594976 -7.166709
v 6.627661 -8.487892 -7.188715
v 6.811829 -8.512138 -7.188715
v 6.384304 -8.541063 -6.565729
v 6.414625 -8.488546 -6.505607
v 6.456043 -8.416806 -6.483601
v 6.384304 -8.541063 -7.106586
v 6.414624 -8.488546 -7.166709
v 6.456043 -8.416806 -7.188715
v 6.207217 -8.405180 -6.565729
v 6.250097 -8.362300 -6.505607
v 6.308672 -8.303724 -6.483601
v 6.207216 -8.405180 -7.106586
v 6.250097 -8.362300 -7.166709
v 6.308672 -8.303724 -7.188715
v 6.071333 -8.228093 -6.565729
v 6.123850 -8.197772 -6.505606
v 6.195590 -8.156353 -6.483601
v 6.071333 -8.228093 -7.106586
v 6.123850 -8.197772 -7.166708
v 6.195590 -8.156353 -7.188715
v 5.985914 -8.021872 -6.565729
v 6.044488 -8.006176 -6.505606
v 6.124504 -7.984736 -6.483600
v 5.985913 -8.021872 -7.106586
v 6.044488 -8.006176 -7.166708
v 6.124503 -7.984736 -7.188715
v 5.956778 -7.800568 -6.565729
v 6.017420 -7.800568 -6.505606
v 6.100258 -7.800568 -6.483600
v 5.956778 -7.800568 -7.106586
v 6.017419 -7.800568 -7.166708
v 6.100258 -7.800568 -7.188715
v 5.985914 -7.579265 -6.565729
v 6.044488 -7.594960 -6.505606
v 6.124504 -7.616400 -6.483600
v 5.985913 -7.579265 -7.106586
v 6.044488 -7.594960 -7.166708
v 6.124503 -7.616400 -7.188715
v 6.071333 -7.373043 -6.565729
v 6.123850 -7.403364 -6.505606
v 6.195590 -7.444783 -6.483600
v 6.071333 -7.373044 -7.106586
v 6.123850 -7.403364 -7.166708
v 6.195590 -7.444783 -7.188715
v 6.207217 -7.195956 -6.565729
v 6.250097 -7.238837 -6.505606
v 6.308672 -7.297411 -6.483601
v 6.207216 -7.195957 -7.106586
v 6.250097 -7.238837 -7.166708
v 6.308672 -7.297412 -7.188715
v 6.384303 -7.060073 -6.565730
v 6.414624 -7.112590 -6.505607
v 6.456043 -7.184330 -6.483601
v 6.384304 -7.060073 -7.106587
v 6.414624 -7.112591 -7.166709
v 6.456043 -7.184330 -7.188715
v 6.590525 -6.974653 -6.565730
v 6.606220 -7.033228 -6.505607
v 6.627661 -7.113244 -6.483601
v 6.590525 -6.974653 -7.106587
v 6.606220 -7.033229 -7.166709
v 6.627661 -7.113244 -7.188715
v 6.811829 -6.945518 -6.565730
v 6.811829 -7.006159 -6.505607
v 6.811829 -7.088997 -6.483601
v 6.811829 -6.945518 -7.106587
v 6.811829 -7.006160 -7.166709
v 6.811829 -7.088998 -7.188715
v 7.033132 -6.974653 -6.565730
v 7.017437 -7.033228 -6.505607
v 6.995996 -7.113244 -6.483601
v 7.033132 -6.974653 -7.106587
v 7.017437 -7.033229 -7.166709
v 6.995996 -7.113244 -7.188715
v 7.239354 -7.060073 -6.565730
v 7.209033 -7.112590 -6.505607
v 7.167614 -7.184330 -6.483601
v 7.239353 -7.060073 -7.106587
v 7.209033 -7.112591 -7.166709
v 7.167614 -7.184330 -7.188715
v 7.416440 -7.195956 -6.565729
v 7.373560 -7.238837 -6.505607
v 7.314985 -7.297411 -6.483601
v 7.416440 -7.195957 -7.106586
v 7.373560 -7.238837 -7.166709
v 7.314985 -7.297412 -7.188715
v 7.552324 -7.373043 -6.565729
v 7.499807 -7.403364 -6.505607
v 7.428067 -7.444783 -6.483601
v 7.552323 -7.373044 -7.106586
v 7.499807 -7.403364 -7.166709
v 7.428067 -7.444783 -7.188715
v 7.637743 -7.579265 -6.565729
v 7.579169 -7.594960 -6.505607
v 7.499154 -7.616400 -6.483601
v 7.637743 -7.579265 -7.106586
v 7.579168 -7.594960 -7.166709
v 7.499154 -7.616400 -7.188715
v 7.666879 -7.800568 -6.565730
v 7.606237 -7.800568 -6.505607
v 7.523399 -7.800568 -6.483601
v 7.666879 -7.800568 -7.106587
v 7.606237 -7.800568 -7.166709
v 7.523399 -7.800568 -7.188715
v 7.637743 -8.021872 -6.565730
v 7.579169 -8.006176 -6.505607
v 7.499154 -7.984736 -6.483601
v 7.637743 -8.021872 -7.106587
v 7.579168 -8.006176 -7.166709
v 7.499154 -7.984736 -7.188715
v 7.552324 -8.228093 -6.565729
v 7.499807 -8.197772 -6.505607
v 7.428067 -8.156353 -6.483601
v 7.552323 -8.228093 -7.106586
v 7.499807 -8.197772 -7.166709
v 7.428067 -8.156353 -7.188715
v 7.416440 -8.405180 -6.565729
v 7.373560 -8.362300 -6.505607
v 7.314985 -8.303724 -6.483601
v 7.416440 -8.405180 -7.106586
v 7.373560 -8.362300 -7.166709
v 7.314985 -8.303724 -7.188715
v 7.239354 -8.541063 -6.565729
v 7.209033 -8.488546 -6.505607
v 7.167614 -8.416806 -6.483601
v 7.239353 -8.541063 -7.106586
v 7.209033 -8.488546 -7.166709
v 7.167614 -8.416806 -7.188715
v 7.033132 -8.626483 -6.565729
v 7.017437 -8.567907 -6.505607
v 6.995996 -8.487892 -6.483601
v 7.033132 -8.626483 -7.106586
v 7.017437 -8.567907 -7.166709
v 6.995996 -8.487892 -7.188715
v 6.811829 -8.389183 -7.188715
v 6.659483 -8.369126 -7.188715
v 6.517521 -8.310324 -7.188715
v 6.395615 -8.216782 -7.188715
v 6.302073 -8.094875 -7.188715
v 6.243269 -7.952913 -7.188715
v 6.223213 -7.800568 -7.188715
v 6.243269 -7.648223 -7.188715
v 6.302073 -7.506260 -7.188715
v 6.395615 -7.384355 -7.188715
v 6.517521 -7.290813 -7.188715
v 6.659483 -7.232010 -7.188715
v 6.811829 -7.211954 -7.188715
v 6.964173 -7.232010 -7.188715
v 7.106136 -7.290813 -7.188715
v 7.228043 -7.384355 -7.188715
v 7.321584 -7.506260 -7.188715
v 7.380387 -7.648223 -7.188715
v 7.400444 -7.800568 -7.188715
v 7.228043 -8.216782 -7.188715
v 7.106136 -8.310324 -7.188715
v 6.964173 -8.369126 -7.188715
v 6.905303 -7.451717 -7.071815
v 6.811829 -7.439412 -7.071815
v 6.450672 -7.800568 -7.071815
v 6.462978 -7.894042 -7.071815
v 7.067205 -8.055943 -7.071815
v 6.992406 -7.487797 -7.071815
v 6.462978 -7.707093 -7.071815
v 6.992406 -8.113338 -7.071815
v 7.067205 -7.545191 -7.071815
v 6.499058 -7.619989 -7.071815
v 6.905303 -8.149418 -7.071815
v 6.718354 -8.149418 -7.071815
v 6.811829 -8.161724 -7.071815
v 7.124599 -7.619989 -7.071815
v 6.556452 -7.545191 -7.071815
v 6.631250 -8.113338 -7.071815
v 7.160679 -7.707093 -7.071815
v 6.631250 -7.487797 -7.071815
v 6.556452 -8.055943 -7.071815
v 7.172985 -7.800568 -7.071815
v 6.718354 -7.451717 -7.071815
v 6.499058 -7.981146 -7.071815
v 6.811829 -8.166802 -6.576715
v 6.811829 -8.166802 -5.844244
v 6.717040 -8.154324 -5.844244
v 6.717040 -8.154324 -6.576715
v 6.628711 -8.117737 -5.844244
v 6.628711 -8.117736 -6.576715
v 6.552862 -8.059535 -5.844244
v 6.552861 -8.059535 -6.576715
v 6.494660 -7.983685 -5.844244
v 6.494660 -7.983685 -6.576715
v 6.458073 -7.895356 -5.844244
v 6.458073 -7.895356 -6.576715
v 6.445593 -7.800567 -5.844244
v 6.445593 -7.800567 -6.576715
v 6.458073 -7.705779 -5.844244
v 6.458073 -7.705779 -6.576715
v 6.494660 -7.617450 -5.844244
v 6.494660 -7.617450 -6.576715
v 6.552862 -7.541600 -5.844244
v 6.552861 -7.541600 -6.576715
v 6.628711 -7.483399 -5.844244
v 6.628711 -7.483399 -6.576715
v 6.717040 -7.446812 -5.844244
v 6.717040 -7.446812 -6.576715
v 6.811829 -7.434332 -5.844244
v 6.811829 -7.434332 -6.576715
v 6.906618 -7.446812 -5.844244
v 6.906617 -7.446812 -6.576715
v 6.994946 -7.483399 -5.844244
v 6.994946 -7.483399 -6.576715
v 7.070796 -7.541600 -5.844244
v 7.070796 -7.541600 -6.576715
v 7.128998 -7.617450 -5.844244
v 7.128997 -7.617450 -6.576715
v 7.165585 -7.705779 -5.844244
v 7.165585 -7.705779 -6.576715
v 7.178064 -7.800567 -5.844244
v 7.178064 -7.800567 -6.576715
v 7.165585 -7.895356 -5.844244
v 7.165585 -7.895356 -6.576715
v 7.128998 -7.983685 -5.844244
v 7.128997 -7.983685 -6.576715
v 7.070796 -8.059535 -5.844244
v 7.070796 -8.059535 -6.576715
v 6.994946 -8.117737 -5.844244
v 6.994946 -8.117736 -6.576715
v 6.906618 -8.154324 -5.844244
v 6.906617 -8.154324 -6.576715
v 6.811829 -5.076298 -6.439603
v 6.811829 -7.531470 -6.439603
v 6.752527 -7.531470 -6.431796
v 6.752527 -5.076298 -6.431796
v 6.697267 -7.531470 -6.408906
v 6.697267 -5.076298 -6.408907
v 6.649815 -7.531470 -6.372494
v 6.649815 -5.076298 -6.372495
v 6.613402 -7.531470 -6.325041
v 6.613402 -5.076298 -6.325042
v 6.590513 -7.531470 -6.269782
v 6.590513 -5.076298 -6.269782
v 6.582706 -7.531470 -6.210480
v 6.582706 -5.076298 -6.210481
v 6.590513 -7.531470 -6.151179
v 6.590513 -5.076298 -6.151179
v 6.613402 -7.531470 -6.095918
v 6.613402 -5.076298 -6.095919
v 6.649815 -7.531470 -6.048465
v 6.649815 -5.076298 -6.048466
v 6.697267 -7.531470 -6.012053
v 6.697267 -5.076298 -6.012054
v 6.752527 -7.531470 -5.989164
v 6.752527 -5.076298 -5.989165
v 6.811829 -7.531470 -5.981357
v 6.811829 -5.076298 -5.981357
v 6.871130 -7.531470 -5.989164
v 6.871130 -5.076298 -5.989165
v 6.926391 -7.531470 -6.012053
v 6.926391 -5.076298 -6.012054
v 6.973843 -7.531470 -6.048465
v 6.973843 -5.076298 -6.048466
v 7.010255 -7.531470 -6.095918
v 7.010255 -5.076298 -6.095919
v 7.033144 -7.531470 -6.151179
v 7.033144 -5.076298 -6.151179
v 7.040952 -7.531470 -6.210480
v 7.040952 -5.076298 -6.210481
v 7.033144 -7.531470 -6.269782
v 7.033144 -5.076298 -6.269782
v 7.010255 -7.531470 -6.325041
v 7.010255 -5.076298 -6.325042
v 6.973843 -7.531470 -6.372494
v 6.973843 -5.076298 -6.372495
v 6.926391 -7.531470 -6.408906
v 6.926391 -5.076298 -6.408907
v 6.871130 -7.531470 -6.431796
v 6.871130 -5.076298 -6.431796
v 6.609737 -5.309424 -4.818772
v 6.609736 -6.707612 -6.216959
v 6.616622 -6.744597 -6.179975
v 6.616624 -5.346409 -4.781787
v 6.636812 -6.779062 -6.145510
v 6.636813 -5.380874 -4.747323
v 6.668927 -6.808657 -6.115913
v 6.668929 -5.410470 -4.717727
v 6.710782 -6.831367 -6.093204
v 6.710783 -5.433180 -4.695017
v 6.759522 -6.845643 -6.078928
v 6.759524 -5.447455 -4.680741
v 6.811828 -6.850512 -6.074059
v 6.811829 -5.452324 -4.675872
v 6.864133 -6.845643 -6.078928
v 6.864134 -5.447455 -4.680741
v 6.912874 -6.831367 -6.093204
v 6.912875 -5.433180 -4.695017
v 6.954729 -6.808657 -6.115914
v 6.954730 -5.410470 -4.717727
v 6.986845 -6.779062 -6.145510
v 6.986846 -5.380874 -4.747323
v 7.007033 -6.744597 -6.179975
v 7.007035 -5.346409 -4.781787
v 7.013919 -6.707612 -6.216960
v 7.013921 -5.309424 -4.818773
v 7.007033 -6.670626 -6.253945
v 7.007035 -5.272439 -4.855758
v 6.986845 -6.636161 -6.288410
v 6.986845 -5.237974 -4.890224
v 6.954729 -6.606566 -6.318005
v 6.954730 -5.208378 -4.919819
v 6.912873 -6.583856 -6.340715
v 6.912875 -5.185668 -4.942528
v 6.864133 -6.569581 -6.354991
v 6.864134 -5.171392 -4.956804
v 6.811828 -6.564711 -6.359860
v 6.811829 -5.166524 -4.961673
v 6.759522 -6.569581 -6.354991
v 6.759524 -5.171392 -4.956804
v 6.710782 -6.583856 -6.340715
v 6.710783 -5.185668 -4.942528
v 6.668927 -6.606566 -6.318005
v 6.668929 -5.208378 -4.919819
v 6.636812 -6.636161 -6.288410
v 6.636813 -5.237973 -4.890223
v 6.616622 -6.670626 -6.253945
v 6.616624 -5.272438 -4.855758
v 6.616624 -5.272438 -4.855758
v 6.609737 -5.309424 -4.818772
v 6.609738 -4.397080 -3.906428
v 6.616625 -4.360095 -3.943413
v 6.616624 -5.346409 -4.781787
v 6.636813 -5.380874 -4.747323
v 6.636814 -4.468530 -3.834977
v 6.616625 -4.434065 -3.869442
v 6.811829 -5.452324 -4.675872
v 6.864134 -5.447455 -4.680741
v 6.864135 -4.535110 -3.768397
v 6.811830 -4.539980 -3.763528
v 7.007035 -5.346409 -4.781787
v 7.013921 -5.309424 -4.818773
v 7.013922 -4.397080 -3.906428
v 7.007036 -4.434065 -3.869442
v 6.912875 -5.185668 -4.942528
v 6.864134 -5.171392 -4.956804
v 6.864135 -4.259049 -4.044459
v 6.912876 -4.273325 -4.030184
v 6.668929 -5.208378 -4.919819
v 6.636813 -5.237973 -4.890223
v 6.636814 -4.325630 -3.977878
v 6.668930 -4.296035 -4.007474
v 6.710783 -5.433180 -4.695017
v 6.759524 -5.447455 -4.680741
v 6.759525 -4.535110 -3.768397
v 6.710784 -4.520835 -3.782672
v 6.954730 -5.410470 -4.717727
v 6.986846 -5.380874 -4.747323
v 6.986846 -4.468531 -3.834977
v 6.954731 -4.498126 -3.805382
v 6.986845 -5.237974 -4.890224
v 6.954730 -5.208378 -4.919819
v 6.954731 -4.296035 -4.007474
v 6.986846 -4.325631 -3.977879
v 6.759524 -5.171392 -4.956804
v 6.710783 -5.185668 -4.942528
v 6.710784 -4.273325 -4.030183
v 6.759525 -4.259049 -4.044459
v 6.668929 -5.410470 -4.717727
v 6.668930 -4.498126 -3.805382
v 6.912875 -5.433180 -4.695017
v 6.912876 -4.520835 -3.782672
v 7.007035 -5.272439 -4.855758
v 7.007036 -4.360096 -3.943413
v 6.811829 -5.166524 -4.961673
v 6.811830 -4.254180 -4.049328
v 6.871130 -4.029238 -6.431796
v 6.871130 -5.076298 -6.431796
v 6.811829 -5.076298 -6.439603
v 6.811829 -4.029238 -6.439603
v 6.926391 -4.029238 -6.408907
v 6.926391 -5.076298 -6.408907
v 6.973843 -4.029238 -6.372495
v 6.973843 -5.076298 -6.372495
v 7.010255 -4.029238 -6.325042
v 7.010255 -5.076298 -6.325042
v 7.033144 -4.029238 -6.269782
v 7.033144 -5.076298 -6.269782
v 7.040952 -4.029238 -6.210481
v 7.040952 -5.076298 -6.210481
v 7.033144 -4.029238 -6.151179
v 7.033144 -5.076298 -6.151179
v 7.010255 -4.029238 -6.095919
v 7.010255 -5.076298 -6.095919
v 6.973843 -4.029238 -6.048466
v 6.973843 -5.076298 -6.048466
v 6.926391 -4.029238 -6.012054
v 6.926391 -5.076298 -6.012054
v 6.871130 -4.029238 -5.989164
v 6.871130 -5.076298 -5.989165
v 6.811829 -4.029238 -5.981357
v 6.811829 -5.076298 -5.981357
v 6.752527 -4.029238 -5.989164
v 6.752527 -5.076298 -5.989165
v 6.697267 -4.029238 -6.012053
v 6.697267 -5.076298 -6.012054
v 6.649815 -4.029238 -6.048465
v 6.649815 -5.076298 -6.048466
v 6.613402 -4.029238 -6.095918
v 6.613402 -5.076298 -6.095919
v 6.590513 -4.029238 -6.151178
v 6.590513 -5.076298 -6.151179
v 6.582706 -4.029238 -6.210480
v 6.582706 -5.076298 -6.210481
v 6.590513 -4.029238 -6.269782
v 6.590513 -5.076298 -6.269782
v 6.613402 -4.029238 -6.325041
v 6.613402 -5.076298 -6.325042
v 6.649815 -4.029238 -6.372494
v 6.649815 -5.076298 -6.372495
v 6.697267 -4.029238 -6.408906
v 6.697267 -5.076298 -6.408907
v 6.752527 -4.029238 -6.431796
v 6.752527 -5.076298 -6.431796
v 7.038881 -8.647920 5.773080
v 6.811832 -8.677811 5.773080
v 6.811832 -8.677811 5.396482
v 7.038881 -8.647920 5.396482
v 6.373209 -8.560282 5.773080
v 6.191525 -8.420872 5.773080
v 6.191525 -8.420872 5.396482
v 6.373209 -8.560282 5.396482
v 6.052115 -8.239187 5.773080
v 6.052114 -8.239187 5.396482
v 5.964478 -8.027613 5.773080
v 5.964478 -8.027613 5.396482
v 5.934586 -7.800564 5.773080
v 5.934586 -7.800565 5.396482
v 5.964478 -7.573516 5.773080
v 5.964478 -7.573517 5.396482
v 6.052115 -7.361941 5.773080
v 6.052114 -7.361942 5.396482
v 6.191525 -7.180258 5.773080
v 6.191525 -7.180258 5.396482
v 6.373209 -7.040847 5.773079
v 6.373209 -7.040847 5.396481
v 6.584785 -6.953209 5.773079
v 6.584784 -6.953210 5.396481
v 6.811832 -6.923318 5.773079
v 6.811832 -6.923319 5.396481
v 7.038881 -6.953209 5.773079
v 7.038881 -6.953210 5.396481
v 7.250456 -7.040847 5.773079
v 7.250456 -7.040847 5.396481
v 7.432140 -7.180258 5.773080
v 7.432140 -7.180258 5.396481
v 7.571550 -7.361941 5.773080
v 7.571550 -7.361942 5.396481
v 7.659187 -7.573516 5.773080
v 7.659187 -7.573517 5.396481
v 7.689079 -7.800564 5.773079
v 7.689079 -7.800565 5.396481
v 7.659187 -8.027613 5.773079
v 7.659187 -8.027613 5.396481
v 7.571550 -8.239187 5.773080
v 7.571550 -8.239187 5.396482
v 7.432140 -8.420872 5.773080
v 7.432140 -8.420872 5.396482
v 7.250456 -8.560282 5.773080
v 7.250456 -8.560282 5.396482
v 6.584785 -8.647920 5.773080
v 6.584784 -8.647920 5.396482
v 7.321589 -8.094872 5.232223
v 7.124603 -7.981143 5.349124
v 7.160683 -7.894039 5.349124
v 7.380391 -7.952909 5.232223
v 6.811832 -8.655615 5.855209
v 6.590529 -8.626479 5.855209
v 6.811833 -8.594974 5.915332
v 6.606225 -8.567904 5.915332
v 6.811833 -8.512136 5.937338
v 6.627665 -8.487889 5.937338
v 6.590529 -8.626479 5.314353
v 6.811832 -8.655615 5.314353
v 6.606224 -8.567904 5.254230
v 6.811832 -8.594974 5.254230
v 6.627665 -8.487889 5.232224
v 6.811832 -8.512136 5.232224
v 6.384308 -8.541059 5.855209
v 6.414629 -8.488543 5.915332
v 6.456047 -8.416802 5.937338
v 6.384307 -8.541059 5.314353
v 6.414629 -8.488543 5.254230
v 6.456047 -8.416802 5.232224
v 6.207221 -8.405176 5.855209
v 6.250101 -8.362296 5.915332
v 6.308676 -8.303721 5.937338
v 6.207221 -8.405176 5.314353
v 6.250101 -8.362296 5.254230
v 6.308676 -8.303721 5.232224
v 6.071338 -8.228089 5.855209
v 6.123855 -8.197769 5.915332
v 6.195594 -8.156350 5.937338
v 6.071338 -8.228089 5.314353
v 6.123854 -8.197769 5.254230
v 6.195594 -8.156350 5.232223
v 5.985918 -8.021868 5.855209
v 6.044493 -8.006172 5.915332
v 6.124507 -7.984732 5.937339
v 5.985918 -8.021868 5.314353
v 6.044493 -8.006172 5.254230
v 6.124507 -7.984733 5.232224
v 5.956782 -7.800564 5.855209
v 6.017424 -7.800564 5.915332
v 6.100262 -7.800564 5.937339
v 5.956782 -7.800565 5.314353
v 6.017424 -7.800565 5.254230
v 6.100262 -7.800565 5.232224
v 5.985918 -7.579261 5.855209
v 6.044493 -7.594956 5.915332
v 6.124507 -7.616396 5.937339
v 5.985918 -7.579261 5.314353
v 6.044493 -7.594957 5.254230
v 6.124507 -7.616397 5.232224
v 6.071338 -7.373040 5.855209
v 6.123855 -7.403360 5.915332
v 6.195594 -7.444779 5.937339
v 6.071338 -7.373040 5.314353
v 6.123854 -7.403361 5.254230
v 6.195594 -7.444780 5.232224
v 6.207221 -7.195953 5.855209
v 6.250101 -7.238833 5.915332
v 6.308676 -7.297408 5.937338
v 6.207221 -7.195953 5.314353
v 6.250101 -7.238833 5.254230
v 6.308676 -7.297409 5.232223
v 6.384307 -7.060070 5.855208
v 6.414628 -7.112586 5.915332
v 6.456047 -7.184326 5.937338
v 6.384307 -7.060070 5.314352
v 6.414628 -7.112587 5.254229
v 6.456047 -7.184327 5.232223
v 6.590529 -6.974649 5.855208
v 6.606225 -7.033225 5.915331
v 6.627665 -7.113240 5.937338
v 6.590529 -6.974650 5.314352
v 6.606224 -7.033225 5.254229
v 6.627665 -7.113240 5.232223
v 6.811832 -6.945515 5.855208
v 6.811833 -7.006156 5.915331
v 6.811833 -7.088994 5.937338
v 6.811832 -6.945515 5.314352
v 6.811832 -7.006156 5.254229
v 6.811832 -7.088995 5.232223
v 7.033136 -6.974649 5.855208
v 7.017441 -7.033225 5.915331
v 6.996001 -7.113240 5.937338
v 7.033136 -6.974650 5.314352
v 7.017441 -7.033225 5.254229
v 6.996000 -7.113240 5.232223
v 7.239357 -7.060070 5.855208
v 7.209037 -7.112586 5.915332
v 7.167618 -7.184326 5.937338
v 7.239357 -7.060070 5.314352
v 7.209037 -7.112587 5.254229
v 7.167618 -7.184327 5.232223
v 7.416445 -7.195953 5.855209
v 7.373564 -7.238833 5.915332
v 7.314989 -7.297408 5.937338
v 7.416445 -7.195953 5.314352
v 7.373564 -7.238833 5.254229
v 7.314989 -7.297409 5.232223
v 7.552328 -7.373040 5.855209
v 7.499811 -7.403360 5.915332
v 7.428071 -7.444779 5.937338
v 7.552328 -7.373040 5.314352
v 7.499811 -7.403361 5.254229
v 7.428071 -7.444780 5.232223
v 7.637748 -7.579261 5.855209
v 7.579173 -7.594956 5.915332
v 7.499158 -7.616396 5.937338
v 7.637747 -7.579261 5.314353
v 7.579173 -7.594957 5.254229
v 7.499157 -7.616397 5.232223
v 7.666883 -7.800564 5.855208
v 7.606242 -7.800564 5.915332
v 7.523403 -7.800564 5.937338
v 7.666883 -7.800565 5.314353
v 7.606241 -7.800565 5.254229
v 7.523403 -7.800565 5.232223
v 7.637748 -8.021868 5.855208
v 7.579173 -8.006172 5.915332
v 7.499158 -7.984732 5.937338
v 7.637747 -8.021868 5.314353
v 7.579173 -8.006172 5.254229
v 7.499157 -7.984733 5.232223
v 7.552328 -8.228089 5.855209
v 7.499811 -8.197769 5.915332
v 7.428071 -8.156350 5.937338
v 7.552328 -8.228089 5.314353
v 7.499811 -8.197769 5.254229
v 7.428071 -8.156350 5.232223
v 7.416445 -8.405176 5.855209
v 7.373564 -8.362296 5.915332
v 7.314989 -8.303721 5.937338
v 7.416445 -8.405176 5.314353
v 7.373564 -8.362296 5.254230
v 7.314989 -8.303721 5.232224
v 7.239357 -8.541059 5.855209
v 7.209037 -8.488543 5.915332
v 7.167618 -8.416802 5.937338
v 7.239357 -8.541059 5.314353
v 7.209037 -8.488543 5.254230
v 7.167618 -8.416802 5.232224
v 7.033136 -8.626479 5.855209
v 7.017441 -8.567904 5.915332
v 6.996001 -8.487889 5.937338
v 7.033136 -8.626479 5.314353
v 7.017441 -8.567904 5.254230
v 6.996000 -8.487889 5.232224
v 6.811832 -8.389179 5.232224
v 6.659488 -8.369123 5.232224
v 6.517525 -8.310320 5.232224
v 6.395618 -8.216778 5.232224
v 6.302077 -8.094872 5.232223
v 6.243274 -7.952909 5.232223
v 6.223217 -7.800565 5.232223
v 6.243274 -7.648220 5.232223
v 6.302077 -7.506257 5.232223
v 6.395618 -7.384352 5.232223
v 6.517525 -7.290810 5.232223
v 6.659488 -7.232007 5.232223
v 6.811832 -7.211950 5.232223
v 6.964177 -7.232007 5.232223
v 7.106140 -7.290810 5.232223
v 7.228046 -7.384352 5.232223
v 7.321589 -7.506257 5.232223
v 7.380391 -7.648220 5.232223
v 7.400447 -7.800565 5.232223
v 7.228046 -8.216778 5.232224
v 7.106140 -8.310320 5.232224
v 6.964177 -8.369123 5.232224
v 6.905307 -7.451715 5.349124
v 6.811832 -7.439408 5.349124
v 6.450676 -7.800565 5.349124
v 6.462982 -7.894039 5.349124
v 7.067209 -8.055941 5.349124
v 6.992411 -7.487794 5.349124
v 6.462982 -7.707090 5.349124
v 6.992411 -8.113335 5.349124
v 7.067209 -7.545188 5.349124
v 6.499062 -7.619986 5.349124
v 6.905307 -8.149414 5.349124
v 6.718358 -8.149414 5.349124
v 6.811832 -8.161720 5.349124
v 7.124603 -7.619986 5.349124
v 6.556456 -7.545188 5.349124
v 6.631254 -8.113335 5.349124
v 7.160683 -7.707090 5.349124
v 6.631254 -7.487794 5.349124
v 6.556456 -8.055941 5.349124
v 7.172989 -7.800565 5.349124
v 6.718358 -7.451715 5.349124
v 6.499062 -7.981143 5.349124
v 7.038881 -8.647920 6.647838
v 7.038881 -8.647920 7.024438
v 6.811833 -8.677811 7.024438
v 6.811833 -8.677811 6.647839
v 6.373209 -8.560282 6.647838
v 6.373209 -8.560282 7.024438
v 6.191526 -8.420871 7.024438
v 6.191525 -8.420871 6.647838
v 6.052115 -8.239187 7.024438
v 6.052115 -8.239187 6.647839
v 5.964478 -8.027613 7.024438
v 5.964478 -8.027613 6.647839
v 5.934587 -7.800564 7.024438
v 5.934587 -7.800564 6.647839
v 5.964478 -7.573516 7.024438
v 5.964478 -7.573516 6.647839
v 6.052115 -7.361941 7.024437
v 6.052115 -7.361941 6.647839
v 6.191526 -7.180258 7.024437
v 6.191525 -7.180257 6.647839
v 6.373209 -7.040847 7.024436
v 6.373209 -7.040847 6.647838
v 6.584785 -6.953209 7.024436
v 6.584785 -6.953209 6.647838
v 6.811833 -6.923318 7.024436
v 6.811833 -6.923318 6.647838
v 7.038881 -6.953209 7.024436
v 7.038881 -6.953209 6.647838
v 7.250456 -7.040847 7.024436
v 7.250456 -7.040847 6.647838
v 7.432140 -7.180258 7.024436
v 7.432140 -7.180257 6.647838
v 7.571551 -7.361941 7.024436
v 7.571551 -7.361941 6.647838
v 7.659188 -7.573516 7.024438
v 7.659188 -7.573516 6.647838
v 7.689079 -7.800564 7.024437
v 7.689079 -7.800564 6.647838
v 7.659188 -8.027613 7.024437
v 7.659188 -8.027613 6.647838
v 7.571551 -8.239187 7.024438
v 7.571551 -8.239187 6.647838
v 7.432140 -8.420871 7.024438
v 7.432140 -8.420871 6.647838
v 7.250456 -8.560282 7.024438
v 7.250456 -8.560282 6.647838
v 6.584785 -8.647920 6.647838
v 6.584785 -8.647920 7.024438
v 7.321589 -8.094872 7.188696
v 7.380392 -7.952909 7.188696
v 7.160684 -7.894038 7.071795
v 7.124604 -7.981143 7.071795
v 6.590529 -8.626479 6.565709
v 6.811833 -8.655615 6.565709
v 6.606225 -8.567904 6.505587
v 6.811833 -8.594974 6.505587
v 6.627665 -8.487889 6.483581
v 6.811833 -8.512136 6.483581
v 6.811833 -8.655615 7.106567
v 6.590529 -8.626479 7.106567
v 6.811833 -8.594973 7.166689
v 6.606225 -8.567904 7.166689
v 6.811833 -8.512136 7.188696
v 6.627665 -8.487889 7.188696
v 6.384308 -8.541059 6.565709
v 6.414629 -8.488543 6.505587
v 6.456048 -8.416802 6.483581
v 6.384308 -8.541059 7.106567
v 6.414629 -8.488543 7.166689
v 6.456048 -8.416802 7.188696
v 6.207221 -8.405176 6.565709
v 6.250101 -8.362296 6.505587
v 6.308676 -8.303721 6.483581
v 6.207221 -8.405176 7.106567
v 6.250102 -8.362296 7.166689
v 6.308676 -8.303720 7.188696
v 6.071338 -8.228089 6.565710
v 6.123855 -8.197769 6.505587
v 6.195594 -8.156350 6.483581
v 6.071338 -8.228089 7.106567
v 6.123855 -8.197769 7.166690
v 6.195594 -8.156350 7.188696
v 5.985918 -8.021868 6.565710
v 6.044493 -8.006172 6.505587
v 6.124508 -7.984733 6.483581
v 5.985918 -8.021868 7.106566
v 6.044493 -8.006172 7.166690
v 6.124508 -7.984732 7.188696
v 5.956782 -7.800564 6.565710
v 6.017424 -7.800564 6.505587
v 6.100262 -7.800564 6.483581
v 5.956783 -7.800564 7.106566
v 6.017424 -7.800564 7.166690
v 6.100262 -7.800564 7.188696
v 5.985918 -7.579261 6.565710
v 6.044493 -7.594956 6.505587
v 6.124508 -7.616396 6.483581
v 5.985918 -7.579260 7.106566
v 6.044493 -7.594956 7.166690
v 6.124508 -7.616395 7.188696
v 6.071338 -7.373040 6.565710
v 6.123855 -7.403360 6.505587
v 6.195594 -7.444779 6.483581
v 6.071338 -7.373039 7.106566
v 6.123855 -7.403360 7.166690
v 6.195594 -7.444779 7.188696
v 6.207221 -7.195953 6.565710
v 6.250101 -7.238833 6.505587
v 6.308676 -7.297408 6.483581
v 6.207221 -7.195952 7.106566
v 6.250102 -7.238832 7.166689
v 6.308676 -7.297408 7.188695
v 6.384307 -7.060070 6.565709
v 6.414628 -7.112586 6.505587
v 6.456048 -7.184326 6.483581
v 6.384308 -7.060069 7.106565
v 6.414629 -7.112586 7.166688
v 6.456048 -7.184326 7.188695
v 6.590529 -6.974649 6.565709
v 6.606225 -7.033225 6.505586
v 6.627665 -7.113240 6.483581
v 6.590529 -6.974649 7.106565
v 6.606225 -7.033224 7.166688
v 6.627665 -7.113239 7.188695
v 6.811833 -6.945515 6.565709
v 6.811833 -7.006156 6.505586
v 6.811833 -7.088994 6.483581
v 6.811833 -6.945514 7.106565
v 6.811833 -7.006155 7.166688
v 6.811833 -7.088993 7.188695
v 7.033136 -6.974649 6.565709
v 7.017441 -7.033225 6.505586
v 6.996001 -7.113240 6.483581
v 7.033136 -6.974649 7.106565
v 7.017441 -7.033224 7.166688
v 6.996001 -7.113239 7.188695
v 7.239358 -7.060070 6.565709
v 7.209038 -7.112586 6.505587
v 7.167618 -7.184326 6.483581
v 7.239358 -7.060069 7.106565
v 7.209038 -7.112586 7.166688
v 7.167618 -7.184326 7.188695
v 7.416445 -7.195953 6.565709
v 7.373565 -7.238833 6.505587
v 7.314990 -7.297408 6.483581
v 7.416445 -7.195952 7.106566
v 7.373565 -7.238832 7.166688
v 7.314990 -7.297408 7.188695
v 7.552328 -7.373040 6.565709
v 7.499811 -7.403360 6.505587
v 7.428071 -7.444779 6.483581
v 7.552328 -7.373039 7.106566
v 7.499811 -7.403360 7.166689
v 7.428072 -7.444779 7.188696
v 7.637748 -7.579261 6.565709
v 7.579173 -7.594956 6.505587
v 7.499158 -7.616396 6.483581
v 7.637748 -7.579260 7.106566
v 7.579173 -7.594956 7.166689
v 7.499158 -7.616395 7.188696
v 7.666883 -7.800564 6.565709
v 7.606242 -7.800564 6.505587
v 7.523404 -7.800564 6.483581
v 7.666883 -7.800564 7.106565
v 7.606242 -7.800564 7.166689
v 7.523404 -7.800564 7.188696
v 7.637748 -8.021868 6.565709
v 7.579173 -8.006172 6.505587
v 7.499158 -7.984733 6.483581
v 7.637748 -8.021868 7.106565
v 7.579173 -8.006172 7.166689
v 7.499158 -7.984732 7.188696
v 7.552328 -8.228089 6.565709
v 7.499811 -8.197769 6.505587
v 7.428071 -8.156350 6.483581
v 7.552328 -8.228089 7.106567
v 7.499811 -8.197769 7.166689
v 7.428072 -8.156350 7.188696
v 7.416445 -8.405176 6.565709
v 7.373565 -8.362296 6.505587
v 7.314990 -8.303721 6.483581
v 7.416445 -8.405176 7.106567
v 7.373565 -8.362296 7.166689
v 7.314990 -8.303720 7.188696
v 7.239358 -8.541059 6.565709
v 7.209037 -8.488543 6.505587
v 7.167618 -8.416802 6.483581
v 7.239358 -8.541059 7.106567
v 7.209038 -8.488543 7.166689
v 7.167618 -8.416802 7.188696
v 7.033136 -8.626479 6.565709
v 7.017441 -8.567904 6.505587
v 6.996001 -8.487889 6.483581
v 7.033136 -8.626479 7.106567
v 7.017441 -8.567904 7.166689
v 6.996001 -8.487889 7.188696
v 6.811833 -8.389179 7.188696
v 6.659488 -8.369123 7.188696
v 6.517526 -8.310320 7.188696
v 6.395619 -8.216778 7.188696
v 6.302077 -8.094872 7.188696
v 6.243274 -7.952909 7.188696
v 6.223218 -7.800564 7.188696
v 6.243274 -7.648219 7.188696
v 6.302077 -7.506256 7.188696
v 6.395619 -7.384351 7.188695
v 6.517526 -7.290809 7.188695
v 6.659488 -7.232006 7.188695
v 6.811833 -7.211949 7.188695
v 6.964178 -7.232006 7.188695
v 7.106141 -7.290809 7.188695
v 7.228047 -7.384351 7.188695
v 7.321589 -7.506256 7.188696
v 7.380392 -7.648219 7.188696
v 7.400448 -7.800564 7.188696
v 7.228047 -8.216778 7.188696
v 7.106141 -8.310320 7.188696
v 6.964178 -8.369123 7.188696
v 6.811833 -7.439408 7.071795
v 6.905307 -7.451714 7.071795
v 6.462982 -7.894038 7.071795
v 6.450676 -7.800564 7.071795
v 7.067209 -8.055941 7.071795
v 6.992411 -7.487794 7.071795
v 6.462982 -7.707090 7.071795
v 6.992411 -8.113335 7.071795
v 7.067209 -7.545188 7.071795
v 6.499063 -7.619986 7.071795
v 6.905307 -8.149414 7.071795
v 6.811833 -8.161720 7.071795
v 6.718359 -8.149414 7.071795
v 7.124604 -7.619986 7.071795
v 6.556457 -7.545188 7.071795
v 6.631255 -8.113335 7.071795
v 7.160684 -7.707090 7.071795
v 6.631254 -7.487794 7.071795
v 6.556457 -8.055941 7.071795
v 7.172990 -7.800564 7.071795
v 6.718359 -7.451714 7.071795
v 6.499063 -7.981143 7.071795
v 6.811833 -8.166799 6.576694
v 6.717044 -8.154320 6.576694
v 6.717044 -8.154320 5.844224
v 6.811832 -8.166800 5.844224
v 6.628716 -8.117733 6.576694
v 6.628715 -8.117733 5.844224
v 6.552866 -8.059531 6.576694
v 6.552866 -8.059531 5.844224
v 6.494664 -7.983682 6.576694
v 6.494664 -7.983681 5.844224
v 6.458077 -7.895352 6.576694
v 6.458076 -7.895352 5.844224
v 6.445598 -7.800564 6.576694
v 6.445597 -7.800564 5.844224
v 6.458077 -7.705775 6.576694
v 6.458076 -7.705775 5.844224
v 6.494664 -7.617446 6.576694
v 6.494664 -7.617446 5.844224
v 6.552866 -7.541596 6.576694
v 6.552866 -7.541596 5.844224
v 6.628716 -7.483395 6.576694
v 6.628715 -7.483395 5.844224
v 6.717044 -7.446808 6.576694
v 6.717044 -7.446808 5.844224
v 6.811833 -7.434329 6.576694
v 6.811832 -7.434329 5.844224
v 6.906621 -7.446808 6.576694
v 6.906621 -7.446808 5.844224
v 6.994950 -7.483395 6.576694
v 6.994950 -7.483395 5.844224
v 7.070800 -7.541596 6.576694
v 7.070800 -7.541596 5.844224
v 7.129002 -7.617446 6.576694
v 7.129002 -7.617446 5.844224
v 7.165589 -7.705775 6.576694
v 7.165589 -7.705775 5.844224
v 7.178068 -7.800564 6.576694
v 7.178068 -7.800564 5.844224
v 7.165589 -7.895352 6.576694
v 7.165589 -7.895352 5.844224
v 7.129002 -7.983682 6.576694
v 7.129002 -7.983681 5.844224
v 7.070800 -8.059531 6.576694
v 7.070800 -8.059531 5.844224
v 6.994950 -8.117733 6.576694
v 6.994950 -8.117733 5.844224
v 6.906621 -8.154320 6.576694
v 6.906621 -8.154320 5.844224
v 6.811833 -5.076294 6.439582
v 6.752532 -5.076294 6.431774
v 6.752532 -7.531466 6.431777
v 6.811833 -7.531466 6.439583
v 6.697271 -5.076294 6.408885
v 6.697271 -7.531466 6.408886
v 6.649818 -5.076294 6.372473
v 6.649818 -7.531466 6.372475
v 6.613406 -5.076294 6.325020
v 6.613406 -7.531466 6.325021
v 6.590517 -5.076294 6.269760
v 6.590517 -7.531466 6.269761
v 6.582710 -5.076294 6.210458
v 6.582710 -7.531466 6.210459
v 6.590517 -5.076294 6.151157
v 6.590517 -7.531466 6.151158
v 6.613406 -5.076294 6.095897
v 6.613406 -7.531466 6.095898
v 6.649818 -5.076294 6.048444
v 6.649818 -7.531466 6.048445
v 6.697271 -5.076294 6.012032
v 6.697271 -7.531466 6.012033
v 6.752531 -5.076294 5.989143
v 6.752531 -7.531466 5.989144
v 6.811833 -5.076294 5.981335
v 6.811833 -7.531466 5.981337
v 6.871134 -5.076294 5.989143
v 6.871134 -7.531466 5.989144
v 6.926394 -5.076294 6.012032
v 6.926394 -7.531466 6.012033
v 6.973847 -5.076294 6.048444
v 6.973847 -7.531466 6.048445
v 7.010259 -5.076294 6.095897
v 7.010259 -7.531466 6.095898
v 7.033148 -5.076294 6.151157
v 7.033148 -7.531466 6.151158
v 7.040956 -5.076294 6.210458
v 7.040956 -7.531466 6.210459
v 7.033149 -5.076294 6.269760
v 7.033149 -7.531466 6.269761
v 7.010259 -5.076294 6.325020
v 7.010259 -7.531466 6.325021
v 6.973847 -5.076294 6.372473
v 6.973847 -7.531466 6.372475
v 6.926394 -5.076294 6.408885
v 6.926394 -7.531466 6.408886
v 6.871134 -5.076294 6.431774
v 6.871134 -7.531466 6.431777
v 6.609740 -5.309422 4.818751
v 6.616627 -5.346407 4.781765
v 6.616626 -6.744593 6.179953
v 6.609740 -6.707608 6.216938
v 6.636816 -5.380872 4.747300
v 6.636816 -6.779058 6.145488
v 6.668932 -5.410467 4.717704
v 6.668931 -6.808653 6.115892
v 6.710786 -5.433177 4.694994
v 6.710786 -6.831363 6.093184
v 6.759527 -5.447453 4.680719
v 6.759527 -6.845639 6.078907
v 6.811832 -5.452322 4.675850
v 6.811832 -6.850508 6.074039
v 6.864137 -5.447453 4.680719
v 6.864137 -6.845639 6.078907
v 6.912878 -5.433177 4.694994
v 6.912878 -6.831363 6.093184
v 6.954732 -5.410467 4.717705
v 6.954732 -6.808653 6.115892
v 6.986849 -5.380872 4.747300
v 6.986849 -6.779058 6.145488
v 7.007038 -5.346407 4.781765
v 7.007038 -6.744593 6.179953
v 7.013924 -5.309422 4.818751
v 7.013924 -6.707608 6.216938
v 7.007038 -5.272436 4.855735
v 7.007038 -6.670622 6.253924
v 6.986849 -5.237971 4.890200
v 6.986849 -6.636158 6.288389
v 6.954733 -5.208375 4.919796
v 6.954732 -6.606562 6.317984
v 6.912878 -5.185666 4.942506
v 6.912878 -6.583852 6.340694
v 6.864138 -5.171390 4.956781
v 6.864137 -6.569577 6.354970
v 6.811832 -5.166521 4.961650
v 6.811832 -6.564707 6.359839
v 6.759527 -5.171390 4.956781
v 6.759527 -6.569577 6.354970
v 6.710786 -5.185666 4.942506
v 6.710786 -6.583852 6.340694
v 6.668932 -5.208375 4.919796
v 6.668931 -6.606562 6.317984
v 6.636816 -5.237971 4.890200
v 6.636816 -6.636158 6.288389
v 6.616627 -5.272436 4.855735
v 6.616626 -6.670622 6.253924
v 6.616627 -5.272436 4.855735
v 6.616627 -4.360092 3.943391
v 6.609741 -4.397078 3.906406
v 6.609740 -5.309422 4.818751
v 6.616627 -5.346407 4.781765
v 6.616627 -4.434063 3.869420
v 6.636816 -4.468528 3.834955
v 6.636816 -5.380872 4.747300
v 6.811832 -5.452322 4.675850
v 6.811832 -4.539978 3.763505
v 6.864138 -4.535109 3.768374
v 6.864137 -5.447453 4.680719
v 7.007038 -5.346407 4.781765
v 7.007039 -4.434063 3.869420
v 7.013925 -4.397078 3.906406
v 7.013924 -5.309422 4.818751
v 6.912878 -5.185666 4.942506
v 6.912879 -4.273322 4.030161
v 6.864138 -4.259047 4.044437
v 6.864138 -5.171390 4.956781
v 6.668932 -5.208375 4.919796
v 6.668932 -4.296032 4.007452
v 6.636816 -4.325627 3.977856
v 6.636816 -5.237971 4.890200
v 6.710786 -5.433177 4.694994
v 6.710787 -4.520833 3.782650
v 6.759528 -4.535109 3.768374
v 6.759527 -5.447453 4.680719
v 6.954732 -5.410467 4.717705
v 6.954733 -4.498124 3.805360
v 6.986849 -4.468529 3.834955
v 6.986849 -5.380872 4.747300
v 6.986849 -5.237971 4.890200
v 6.986849 -4.325628 3.977856
v 6.954733 -4.296032 4.007452
v 6.954733 -5.208375 4.919796
v 6.759527 -5.171390 4.956781
v 6.759528 -4.259047 4.044437
v 6.710787 -4.273322 4.030160
v 6.710786 -5.185666 4.942506
v 6.668932 -4.498124 3.805360
v 6.668932 -5.410467 4.717704
v 6.912879 -4.520833 3.782650
v 6.912878 -5.433177 4.694994
v 7.007039 -4.360093 3.943391
v 7.007038 -5.272436 4.855735
v 6.811832 -4.254178 4.049306
v 6.811832 -5.166521 4.961650
v 6.871134 -4.029235 6.431774
v 6.811833 -4.029235 6.439581
v 6.811833 -5.076294 6.439582
v 6.871134 -5.076294 6.431774
v 6.926394 -4.029235 6.408885
v 6.926394 -5.076294 6.408885
v 6.973847 -4.029235 6.372473
v 6.973847 -5.076294 6.372473
v 7.010259 -4.029235 6.325019
v 7.010259 -5.076294 6.325020
v 7.033149 -4.029235 6.269760
v 7.033149 -5.076294 6.269760
v 7.040956 -4.029235 6.210458
v 7.040956 -5.076294 6.210458
v 7.033148 -4.029235 6.151157
v 7.033148 -5.076294 6.151157
v 7.010259 -4.029235 6.095897
v 7.010259 -5.076294 6.095897
v 6.973847 -4.029235 6.048443
v 6.973847 -5.076294 6.048444
v 6.926394 -4.029235 6.012031
v 6.926394 -5.076294 6.012032
v 6.871134 -4.029235 5.989141
v 6.871134 -5.076294 5.989143
v 6.811833 -4.029235 5.981335
v 6.811833 -5.076294 5.981335
v 6.752531 -4.029235 5.989141
v 6.752531 -5.076294 5.989143
v 6.697271 -4.029235 6.012032
v 6.697271 -5.076294 6.012032
v 6.649818 -4.029235 6.048443
v 6.649818 -5.076294 6.048444
v 6.613406 -4.029235 6.095897
v 6.613406 -5.076294 6.095897
v 6.590517 -4.029235 6.151157
v 6.590517 -5.076294 6.151157
v 6.582710 -4.029235 6.210459
v 6.582710 -5.076294 6.210458
v 6.590517 -4.029235 6.269760
v 6.590517 -5.076294 6.269760
v 6.613406 -4.029235 6.325019
v 6.613406 -5.076294 6.325020
v 6.649818 -4.029235 6.372473
v 6.649818 -5.076294 6.372473
v 6.697271 -4.029235 6.408885
v 6.697271 -5.076294 6.408885
v 6.752532 -4.029235 6.431774
v 6.752532 -5.076294 6.431774
v -25.091442 4.950545 -7.422234
v -25.091442 4.985843 -7.422234
v -25.083849 4.985362 -7.609511
v -25.083849 4.955322 -7.609511
v -25.068735 4.984659 -7.671927
v -25.068735 4.957296 -7.671927
v -23.112959 5.092463 -5.296826
v -22.727758 5.057162 -5.263380
v -23.163858 5.038541 -6.743071
v -23.477787 5.061882 -6.786413
v -25.073671 4.880476 -7.079036
v -25.093149 4.943356 -7.082372
v -25.073463 4.896445 -7.418474
v -25.039310 4.957098 -7.695799
v -25.039310 4.986110 -7.695799
v -24.973856 4.987953 -7.699858
v -24.973856 4.956336 -7.699858
v -25.020344 5.092463 -5.462409
v -25.035601 5.063371 -6.926169
v -25.073347 5.039445 -6.931405
v -25.066130 5.057162 -5.466359
v -25.073463 5.031341 -7.418474
v -25.068583 5.023483 -7.603385
v -25.061611 5.015768 -7.657650
v -24.340750 4.955976 -7.597878
v -24.340750 4.988768 -7.597878
v -24.002218 4.987953 -7.535142
v -24.002218 4.956336 -7.535142
v -25.068583 4.909797 -7.603385
v -25.061611 4.919150 -7.657650
v -25.020344 4.777624 -5.462409
v -25.066130 4.812923 -5.466360
v -25.073351 4.873976 -6.932384
v -25.035620 4.850092 -6.927938
v -23.685335 4.986110 -7.467534
v -23.685335 4.957098 -7.467534
v -24.639587 4.988884 -7.649472
v -24.639587 4.955925 -7.649472
v -24.637039 4.904291 -7.616095
v -24.337254 4.904608 -7.565003
v -23.434061 4.984659 -7.398703
v -23.434061 4.957296 -7.398703
v -24.637039 5.031514 -7.616095
v -24.337254 5.031178 -7.565003
v -24.001646 5.028833 -7.504430
v -23.698105 5.023032 -7.443353
v -23.499662 5.015768 -7.397531
v -22.489100 4.910856 -5.242689
v -22.489100 4.974752 -5.242689
v -21.943754 4.964049 -3.560003
v -21.943754 4.875559 -3.560003
v -23.698105 4.912293 -7.443353
v -23.499662 4.919150 -7.397531
v -24.001646 4.906820 -7.504431
v -24.926647 4.759499 -5.454315
v -24.958286 4.837863 -6.918514
v -24.058958 5.117268 -5.378994
v -23.658749 5.111667 -5.344236
v -23.923960 5.076619 -6.773613
v -24.240602 5.080234 -6.817362
v -24.835569 4.863372 -7.385230
v -24.968384 4.867035 -7.405057
v -24.971622 4.886041 -7.597187
v -24.843641 4.883038 -7.578666
v -25.039394 4.876991 -7.414279
v -25.038389 4.894117 -7.602426
v -24.259001 4.841731 -6.962387
v -24.590597 4.841095 -7.008706
v -24.616789 4.862848 -7.351281
v -24.302334 4.863372 -7.302209
v -24.821066 4.841723 -7.041325
v -24.961311 4.846070 -7.061829
v -25.036909 4.857779 -7.073305
v -25.090433 4.910856 -5.468489
v -25.093369 4.940314 -6.934850
v -25.037029 4.912293 -7.667270
v -24.972614 4.906820 -7.667504
v -24.846628 4.904608 -7.650770
v -24.631529 4.882608 -7.544053
v -25.093149 4.984373 -7.082749
v -23.509743 5.107802 -5.331294
v -23.801472 5.069425 -6.900689
v -23.418358 5.246679 -0.234950
v -22.650154 5.232462 -0.234950
v -22.820826 5.198035 -1.583362
v -23.582432 5.213553 -1.600814
v -24.302334 5.064526 -7.302208
v -23.939571 5.060837 -7.245008
v -23.983547 5.047527 -7.434595
v -24.327604 5.050607 -7.493603
v -23.588585 5.050826 -7.188847
v -23.662550 5.039280 -7.376614
v -23.418360 4.470877 -0.234950
v -24.077988 4.468845 -0.234949
v -24.178356 4.541531 -1.614033
v -23.582907 4.543278 -1.604762
v -24.821247 5.075818 -7.045531
v -24.590965 5.076416 -7.013557
v -24.616789 5.065053 -7.351281
v -24.835569 5.064526 -7.385230
v -24.259680 5.075775 -6.967714
v -23.303213 5.031341 -7.143586
v -23.412783 5.023483 -7.332021
v -24.631529 5.051047 -7.544052
v -24.468702 4.751866 -5.414573
v -24.579857 4.832736 -6.868264
v -24.241201 4.833356 -6.822103
v -24.058958 4.752821 -5.378994
v -21.321707 4.951804 -1.638256
v -21.321707 4.835258 -1.638256
v -20.890070 4.943306 -0.234951
v -20.890070 4.807292 -0.234951
v -24.468702 5.118222 -5.414573
v -24.579527 5.080856 -6.863980
v -23.163858 4.877047 -6.743072
v -22.969416 4.941803 -6.716416
v -22.727758 4.812923 -5.263380
v -21.895002 4.523680 -0.234950
v -22.650154 4.485093 -0.234950
v -22.820984 4.558436 -1.584165
v -22.223835 4.592240 -1.652894
v -22.232195 5.078179 -3.573673
v -21.666828 5.102119 -1.643856
v -21.274521 5.118732 -0.234951
v -23.264080 4.955322 -7.310987
v -23.264080 4.985362 -7.310987
v -23.126966 4.985843 -7.117136
v -23.126966 4.950545 -7.117136
v -21.666828 4.656628 -1.643856
v -21.274521 4.598822 -0.234950
v -22.232195 4.739933 -3.573673
v -22.969416 4.984054 -6.716416
v -23.412783 4.909797 -7.332021
v -23.303213 4.896445 -7.143586
v -21.895002 5.193875 -0.234950
v -22.223835 5.166508 -1.652894
v -23.840662 5.161419 -3.649904
v -23.340504 5.153394 -3.626200
v -23.193804 5.149046 -3.619247
v -22.697725 5.127066 -3.595737
v -24.536182 4.470877 -0.234949
v -24.815205 4.485093 -0.234949
v -24.843817 4.555522 -1.623387
v -24.591959 4.543273 -1.620146
v -24.597965 5.209883 -1.765573
v -24.189165 5.211601 -1.758822
v -24.335560 5.162740 -3.673358
v -24.679338 5.161419 -3.689651
v -23.600710 5.209864 -1.749193
v -22.991127 5.199113 -1.739316
v -24.814941 5.080194 -6.896268
v -24.753330 5.117268 -5.439284
v -24.966080 4.523680 -0.234949
v -24.980009 4.588824 -1.624742
v -25.078970 4.943306 -0.234949
v -25.081930 4.951372 -1.625031
v -25.081930 4.833845 -1.625329
v -25.078970 4.807292 -0.234949
v -24.679338 4.656692 -3.689651
v -24.888678 4.665940 -3.699573
v -24.753330 4.752821 -5.439285
v -25.001877 4.691045 -3.704937
v -23.600166 4.550873 -1.744893
v -24.188868 4.549141 -1.754871
v -24.335560 4.655371 -3.673358
v -23.840662 4.656692 -3.649904
v -24.597816 4.550880 -1.762153
v -24.846855 4.562995 -1.767110
v -24.981504 4.595814 -1.770230
v -25.039824 5.118732 -0.234949
v -24.966080 5.193875 -0.234949
v -24.979996 5.167901 -1.623128
v -25.046581 5.102964 -1.624279
v -25.039824 4.598822 -0.234949
v -25.046585 4.653726 -1.625196
v -25.057205 4.739933 -3.707559
v -24.536182 5.246679 -0.234950
v -24.077988 5.248709 -0.234950
v -24.178091 5.215297 -1.610407
v -24.591833 5.213535 -1.617014
v -25.086575 4.875559 -3.708952
v -25.086575 4.964049 -3.708952
v -25.090433 4.974752 -5.468489
v -25.082251 4.836736 -1.773036
v -25.082251 4.952255 -1.773362
v -24.815096 4.833378 -6.899935
v -25.047325 5.101234 -1.772991
v -24.981522 5.165046 -1.772000
v -25.001877 5.127066 -3.704938
v -25.057205 5.078179 -3.707559
v -25.047319 4.659667 -1.771985
v -23.194328 4.669041 -3.619272
v -22.697725 4.691045 -3.595736
v -23.339840 4.664728 -3.626168
v -23.657913 4.758433 -5.344164
v -23.510616 4.762252 -5.331371
v -23.801161 4.847874 -6.893361
v -23.477787 4.853712 -6.786414
v -23.112959 4.777624 -5.296826
v -22.989779 4.561651 -1.734865
v -24.815205 5.232462 -0.234949
v -24.843769 5.201248 -1.620963
v -23.923824 4.836950 -6.778442
v -25.036928 5.059894 -7.075408
v -24.961382 5.071530 -7.065104
v -24.968384 5.060837 -7.405057
v -25.039394 5.050826 -7.414279
v -24.888678 5.152171 -3.699573
v -24.926647 5.110589 -5.454315
v -24.846910 5.197813 -1.769765
v -23.939571 4.867035 -7.245008
v -23.588585 4.876991 -7.188847
v -25.093369 4.983604 -6.934534
v -24.958227 5.075662 -6.915723
v -24.971622 5.047527 -7.597187
v -25.038389 5.039280 -7.602426
v -24.843641 5.050607 -7.578666
v -24.846628 5.031178 -7.650771
v -24.972614 5.028833 -7.667505
v -25.037029 5.023032 -7.667269
v -25.073671 5.037248 -7.080205
v -23.983547 4.886041 -7.434595
v -23.662550 4.894117 -7.376614
v -24.327604 4.883038 -7.493603
v -24.848112 4.988768 -7.684149
v -24.848112 4.955976 -7.684149
v -25.093369 4.940314 -6.934850
v -25.093369 4.983604 -6.934534
v -25.093149 4.984373 -7.082749
v -25.093149 4.943356 -7.082372
v -25.073671 5.037248 -7.080205
v -25.073347 5.039445 -6.931405
v -25.073351 4.873976 -6.932384
v -25.073671 4.880476 -7.079036
v -24.815096 4.833378 -6.899935
v -24.958286 4.837863 -6.918514
v -24.961311 4.846070 -7.061829
v -24.821066 4.841723 -7.041325
v -25.035620 4.850092 -6.927938
v -25.036909 4.857779 -7.073305
v -24.579857 4.832736 -6.868264
v -24.590597 4.841095 -7.008706
v -24.240602 5.080234 -6.817362
v -23.923960 5.076619 -6.773613
v -23.801472 5.069425 -6.900689
v -24.259680 5.075775 -6.967714
v -24.579527 5.080856 -6.863980
v -24.590965 5.076416 -7.013557
v -23.582432 5.213553 -1.600814
v -22.820826 5.198035 -1.583362
v -22.991127 5.199113 -1.739316
v -23.600710 5.209864 -1.749193
v -23.193804 5.149046 -3.619247
v -23.340504 5.153394 -3.626200
v -23.509743 5.107802 -5.331294
v -23.658749 5.111667 -5.344236
v -24.178091 5.215297 -1.610407
v -24.189165 5.211601 -1.758822
v -24.591959 4.543273 -1.620146
v -24.843817 4.555522 -1.623387
v -24.846855 4.562995 -1.767110
v -24.597816 4.550880 -1.762153
v -24.980009 4.588824 -1.624742
v -24.981504 4.595814 -1.770230
v -25.047319 4.659667 -1.771985
v -25.046585 4.653726 -1.625196
v -24.178356 4.541531 -1.614033
v -24.188868 4.549141 -1.754871
v -25.081930 4.833845 -1.625329
v -25.081930 4.951372 -1.625031
v -25.082251 4.952255 -1.773362
v -25.082251 4.836736 -1.773036
v -25.047325 5.101234 -1.772991
v -25.046581 5.102964 -1.624279
v -22.820984 4.558436 -1.584165
v -23.582907 4.543278 -1.604762
v -23.600166 4.550873 -1.744893
v -22.989779 4.561651 -1.734865
v -23.339840 4.664728 -3.626168
v -23.194328 4.669041 -3.619272
v -23.657913 4.758433 -5.344164
v -23.510616 4.762252 -5.331371
v -24.979996 5.167901 -1.623128
v -24.843769 5.201248 -1.620963
v -24.846910 5.197813 -1.769765
v -24.981522 5.165046 -1.772000
v -24.591833 5.213535 -1.617014
v -24.597965 5.209883 -1.765573
v -25.035601 5.063371 -6.926169
v -24.958227 5.075662 -6.915723
v -24.961382 5.071530 -7.065104
v -25.036928 5.059894 -7.075408
v -24.814941 5.080194 -6.896268
v -24.821247 5.075818 -7.045531
v -23.923824 4.836950 -6.778442
v -24.241201 4.833356 -6.822103
v -24.259001 4.841731 -6.962387
v -23.801161 4.847874 -6.893361
v -25.091438 4.950552 7.422226
v -25.083845 4.955328 7.609503
v -25.083845 4.985368 7.609503
v -25.091438 4.985848 7.422226
v -25.068731 4.957301 7.671919
v -25.068731 4.984664 7.671919
v -23.112955 5.092466 5.296818
v -23.477783 5.061886 6.786405
v -23.163855 5.038547 6.743062
v -22.727755 5.057166 5.263369
v -25.073668 4.880481 7.079028
v -25.073460 4.896451 7.418466
v -25.093145 4.943361 7.082364
v -25.039307 4.957105 7.695791
v -24.973852 4.956343 7.699850
v -24.973852 4.987960 7.699850
v -25.039307 4.986115 7.695791
v -25.020340 5.092466 5.462402
v -25.066126 5.057166 5.466352
v -25.073343 5.039450 6.931397
v -25.035597 5.063376 6.926161
v -25.068579 5.023489 7.603377
v -25.073460 5.031345 7.418466
v -25.061607 5.015774 7.657642
v -24.340746 4.955982 7.597870
v -24.002214 4.956343 7.535133
v -24.002214 4.987960 7.535133
v -24.340746 4.988773 7.597870
v -25.068579 4.909801 7.603378
v -25.061607 4.919157 7.657642
v -25.020340 4.777627 5.462402
v -25.035616 4.850097 6.927930
v -25.073347 4.873980 6.932376
v -25.066126 4.812926 5.466352
v -23.685331 4.957105 7.467525
v -23.685331 4.986115 7.467525
v -24.639584 4.988890 7.649465
v -24.639584 4.955930 7.649464
v -24.637035 4.904296 7.616087
v -24.337250 4.904613 7.564995
v -23.434057 4.957301 7.398694
v -23.434057 4.984664 7.398694
v -24.337250 5.031185 7.564995
v -24.637035 5.031520 7.616086
v -24.001642 5.028840 7.504421
v -23.698101 5.023037 7.443345
v -23.499659 5.015774 7.397522
v -22.489096 4.910859 5.242679
v -21.943750 4.875561 3.559993
v -21.943750 4.964052 3.559993
v -22.489096 4.974755 5.242679
v -23.698101 4.912299 7.443345
v -23.499659 4.919157 7.397522
v -24.001642 4.906825 7.504422
v -24.926643 4.759501 5.454307
v -24.958282 4.837867 6.918506
v -24.058954 5.117271 5.378986
v -24.240599 5.080238 6.817354
v -23.923956 5.076622 6.773604
v -23.658745 5.111670 5.344228
v -24.835566 4.863377 7.385222
v -24.843637 4.883042 7.578658
v -24.971619 4.886045 7.597179
v -24.968380 4.867040 7.405049
v -25.038385 4.894123 7.602418
v -25.039391 4.876997 7.414271
v -24.258997 4.841736 6.962379
v -24.302330 4.863377 7.302201
v -24.616785 4.862853 7.351274
v -24.590593 4.841099 7.008698
v -24.821062 4.841727 7.041317
v -24.961308 4.846075 7.061821
v -25.036905 4.857783 7.073297
v -25.093365 4.940320 6.934843
v -25.090429 4.910859 5.468481
v -25.037025 4.912299 7.667263
v -24.972610 4.906825 7.667496
v -24.846624 4.904613 7.650763
v -24.631525 4.882613 7.544045
v -25.093145 4.984377 7.082741
v -23.509739 5.107805 5.331285
v -23.801468 5.069429 6.900680
v -23.418358 5.246679 0.234941
v -23.582432 5.213554 1.600805
v -22.820826 5.198036 1.583353
v -22.650154 5.232462 0.234941
v -24.302330 5.064530 7.302200
v -24.327600 5.050612 7.493595
v -23.983543 5.047532 7.434586
v -23.939568 5.060842 7.244999
v -23.662546 5.039286 7.376605
v -23.588581 5.050832 7.188838
v -23.418360 4.470877 0.234941
v -23.582907 4.543279 1.604753
v -24.178356 4.541532 1.614025
v -24.077988 4.468845 0.234941
v -24.821243 5.075823 7.045524
v -24.835566 5.064530 7.385222
v -24.616785 5.065058 7.351272
v -24.590961 5.076421 7.013550
v -24.259676 5.075778 6.967705
v -23.303209 5.031345 7.143577
v -23.412779 5.023489 7.332013
v -24.631525 5.051052 7.544044
v -24.468699 4.751869 5.414565
v -24.058954 4.752824 5.378986
v -24.241198 4.833360 6.822094
v -24.579853 4.832741 6.868257
v -21.321707 4.835258 1.638245
v -21.321707 4.951805 1.638245
v -20.890070 4.807292 0.234940
v -20.890070 4.943306 0.234940
v -24.468699 5.118225 5.414565
v -24.579523 5.080861 6.863973
v -23.163855 4.877051 6.743063
v -22.727755 4.812926 5.263369
v -22.969412 4.941807 6.716407
v -21.895002 4.523680 0.234940
v -22.223835 4.592241 1.652884
v -22.820984 4.558437 1.584156
v -22.650154 4.485093 0.234941
v -22.232191 5.078181 3.573664
v -21.666828 5.102120 1.643846
v -21.274521 5.118732 0.234940
v -23.264076 4.955328 7.310978
v -23.126963 4.950552 7.117128
v -23.126963 4.985848 7.117128
v -23.264076 4.985367 7.310978
v -21.666828 4.656629 1.643846
v -21.274521 4.598822 0.234940
v -22.232191 4.739934 3.573664
v -22.969412 4.984058 6.716407
v -23.412779 4.909801 7.332013
v -23.303209 4.896451 7.143577
v -22.223835 5.166509 1.652884
v -21.895002 5.193875 0.234940
v -23.840658 5.161422 3.649895
v -23.340500 5.153396 3.626190
v -23.193800 5.149050 3.619238
v -22.697721 5.127069 3.595727
v -24.536182 4.470877 0.234941
v -24.591959 4.543274 1.620138
v -24.843817 4.555523 1.623379
v -24.815205 4.485093 0.234941
v -24.597965 5.209884 1.765565
v -24.679335 5.161422 3.689643
v -24.335556 5.162744 3.673350
v -24.189165 5.211602 1.758814
v -23.600710 5.209865 1.749184
v -22.991127 5.199114 1.739307
v -24.753326 5.117271 5.439277
v -24.814938 5.080199 6.896261
v -24.980009 4.588825 1.624735
v -24.966080 4.523680 0.234941
v -25.078970 4.943306 0.234941
v -25.078970 4.807292 0.234941
v -25.081930 4.833846 1.625321
v -25.081930 4.951374 1.625023
v -24.679335 4.656694 3.689644
v -24.753326 4.752824 5.439277
v -24.888674 4.665943 3.699565
v -25.001873 4.691047 3.704929
v -23.600166 4.550874 1.744885
v -23.840658 4.656694 3.649895
v -24.335556 4.655373 3.673350
v -24.188868 4.549142 1.754863
v -24.597816 4.550881 1.762145
v -24.846855 4.562996 1.767102
v -24.981504 4.595815 1.770222
v -25.039824 5.118732 0.234941
v -25.046581 5.102965 1.624271
v -24.979996 5.167902 1.623120
v -24.966080 5.193875 0.234941
v -25.039824 4.598822 0.234941
v -25.046585 4.653727 1.625189
v -25.057201 4.739934 3.707551
v -24.536182 5.246679 0.234941
v -24.591833 5.213536 1.617006
v -24.178091 5.215298 1.610398
v -24.077988 5.248709 0.234941
v -25.086571 4.875561 3.708944
v -25.090429 4.974755 5.468481
v -25.086571 4.964052 3.708944
v -25.082251 4.836737 1.773028
v -25.082251 4.952256 1.773354
v -24.815092 4.833384 6.899928
v -25.047325 5.101235 1.772983
v -25.057201 5.078181 3.707551
v -25.001873 5.127069 3.704929
v -24.981522 5.165047 1.771992
v -25.047319 4.659668 1.771977
v -22.697721 4.691047 3.595727
v -23.194324 4.669043 3.619263
v -23.339836 4.664731 3.626159
v -23.657909 4.758437 5.344156
v -23.510612 4.762255 5.331362
v -23.112955 4.777627 5.296818
v -23.477783 4.853715 6.786405
v -23.801157 4.847879 6.893353
v -22.989779 4.561652 1.734856
v -24.843769 5.201249 1.620955
v -24.815205 5.232462 0.234941
v -23.923820 4.836955 6.778434
v -25.036924 5.059898 7.075399
v -25.039391 5.050832 7.414271
v -24.968380 5.060842 7.405049
v -24.961378 5.071536 7.065095
v -24.926643 5.110593 5.454308
v -24.888674 5.152174 3.699565
v -24.846910 5.197814 1.769757
v -23.588581 4.876997 7.188838
v -23.939568 4.867040 7.244999
v -25.093365 4.983609 6.934527
v -24.958223 5.075666 6.915715
v -25.038385 5.039286 7.602418
v -24.971619 5.047532 7.597178
v -24.843637 5.050612 7.578658
v -24.846624 5.031185 7.650764
v -24.972610 5.028840 7.667497
v -25.037025 5.023037 7.667261
v -25.073668 5.037253 7.080197
v -23.662546 4.894122 7.376605
v -23.983543 4.886045 7.434586
v -24.327600 4.883042 7.493595
v -24.848108 4.955982 7.684141
v -24.848108 4.988773 7.684141
v -25.093365 4.940320 6.934843
v -25.093145 4.943361 7.082364
v -25.093145 4.984377 7.082741
v -25.093365 4.983609 6.934527
v -25.073668 5.037253 7.080197
v -25.073343 5.039450 6.931397
v -25.073347 4.873980 6.932376
v -25.073668 4.880481 7.079028
v -24.815092 4.833384 6.899928
v -24.821062 4.841727 7.041317
v -24.961308 4.846075 7.061821
v -24.958282 4.837867 6.918506
v -25.036905 4.857783 7.073297
v -25.035616 4.850097 6.927930
v -24.579853 4.832741 6.868257
v -24.590593 4.841099 7.008698
v -24.240599 5.080238 6.817354
v -24.259676 5.075778 6.967705
v -23.801468 5.069429 6.900680
v -23.923956 5.076622 6.773604
v -24.579523 5.080861 6.863973
v -24.590961 5.076421 7.013550
v -23.582432 5.213554 1.600805
v -23.600710 5.209865 1.749184
v -22.991127 5.199114 1.739307
v -22.820826 5.198036 1.583353
v -23.340500 5.153396 3.626190
v -23.193800 5.149050 3.619238
v -23.658745 5.111670 5.344228
v -23.509739 5.107805 5.331285
v -24.178091 5.215298 1.610398
v -24.189165 5.211602 1.758814
v -24.591959 4.543274 1.620138
v -24.597816 4.550881 1.762145
v -24.846855 4.562996 1.767102
v -24.843817 4.555523 1.623379
v -24.981504 4.595815 1.770222
v -24.980009 4.588825 1.624735
v -25.047319 4.659668 1.771977
v -25.046585 4.653727 1.625189
v -24.178356 4.541532 1.614025
v -24.188868 4.549142 1.754863
v -25.081930 4.833846 1.625321
v -25.082251 4.836737 1.773028
v -25.082251 4.952256 1.773354
v -25.081930 4.951374 1.625023
v -25.047325 5.101235 1.772983
v -25.046581 5.102965 1.624271
v -22.820984 4.558437 1.584156
v -22.989779 4.561652 1.734856
v -23.600166 4.550874 1.744885
v -23.582907 4.543279 1.604753
v -23.194324 4.669043 3.619263
v -23.339836 4.664731 3.626159
v -23.510612 4.762255 5.331362
v -23.657909 4.758437 5.344156
v -24.979996 5.167902 1.623120
v -24.981522 5.165047 1.771992
v -24.846910 5.197814 1.769757
v -24.843769 5.201249 1.620955
v -24.597965 5.209884 1.765565
v -24.591833 5.213536 1.617006
v -25.035597 5.063376 6.926161
v -25.036924 5.059898 7.075399
v -24.961378 5.071536 7.065095
v -24.958223 5.075666 6.915715
v -24.821243 5.075823 7.045524
v -24.814938 5.080199 6.896261
v -23.923820 4.836955 6.778434
v -23.801157 4.847879 6.893353
v -24.258997 4.841736 6.962379
v -24.241198 4.833360 6.822094
v 15.093829 -8.149416 0.861343
v 15.187304 -8.161722 0.861343
v 15.280778 -8.149416 0.861343
v 15.367882 -8.113337 0.861343
v 15.442680 -8.055942 0.861343
v 15.500074 -7.981143 0.861343
v 15.536154 -7.894040 0.861343
v 15.548460 -7.800565 0.861343
v 15.536154 -7.707091 0.861343
v 15.500074 -7.619987 0.861343
v 15.442680 -7.545189 0.861343
v 15.367882 -7.487795 0.861343
v 15.280778 -7.451715 0.861343
v 15.187304 -7.439409 0.861343
v 15.093829 -7.451715 0.861343
v 15.006725 -7.487795 0.861343
v 14.931928 -7.545189 0.861343
v 14.874533 -7.619987 0.861343
v 14.838453 -7.707091 0.861343
v 14.826147 -7.800565 0.861343
v 14.838453 -7.894040 0.861343
v 14.874533 -7.981143 0.861343
v 14.931928 -8.055942 0.861343
v 15.006725 -8.113337 0.861343
v 15.093829 -8.149416 -0.861328
v 15.006725 -8.113337 -0.861328
v 14.931928 -8.055942 -0.861328
v 14.874533 -7.981144 -0.861328
v 14.838453 -7.894040 -0.861328
v 14.826147 -7.800566 -0.861328
v 14.838453 -7.707092 -0.861328
v 14.874533 -7.619988 -0.861328
v 14.931928 -7.545190 -0.861328
v 15.006725 -7.487796 -0.861328
v 15.093829 -7.451716 -0.861328
v 15.187304 -7.439410 -0.861328
v 15.280778 -7.451716 -0.861328
v 15.367882 -7.487796 -0.861328
v 15.442680 -7.545190 -0.861328
v 15.500074 -7.619988 -0.861328
v 15.536154 -7.707092 -0.861328
v 15.548460 -7.800566 -0.861328
v 15.536154 -7.894040 -0.861328
v 15.500074 -7.981144 -0.861328
v 15.442680 -8.055942 -0.861328
v 15.367882 -8.113337 -0.861328
v 15.280778 -8.149416 -0.861328
v 15.187304 -8.161722 -0.861328
v 15.187304 -5.289647 -0.229116
v 15.128002 -5.289647 -0.221309
v 15.072742 -5.289647 -0.198419
v 15.025290 -5.289647 -0.162007
v 14.988877 -5.289648 -0.114554
v 14.965988 -5.289648 -0.059294
v 14.958180 -5.289648 0.000007
v 14.965988 -5.289648 0.059309
v 14.988877 -5.289648 0.114569
v 15.025290 -5.289648 0.162022
v 15.072742 -5.289648 0.198434
v 15.128002 -5.289648 0.221323
v 15.187304 -5.289648 0.229130
v 15.246605 -5.289648 0.221323
v 15.301866 -5.289648 0.198434
v 15.349318 -5.289648 0.162022
v 15.385730 -5.289648 0.114569
v 15.408619 -5.289648 0.059309
v 15.416427 -5.289648 0.000007
v 15.408619 -5.289648 -0.059294
v 15.385730 -5.289648 -0.114554
v 15.349318 -5.289647 -0.162007
v 15.301866 -5.289647 -0.198419
v 15.246605 -5.289647 -0.221309
v 13.795594 -5.309422 -0.202084
v 13.758610 -5.346407 -0.195198
v 13.724144 -5.380872 -0.175009
v 13.694549 -5.410468 -0.142893
v 13.671839 -5.433177 -0.101038
v 13.657563 -5.447453 -0.052297
v 13.652695 -5.452322 0.000008
v 13.657563 -5.447453 0.052313
v 13.671839 -5.433177 0.101054
v 13.694550 -5.410468 0.142908
v 13.724144 -5.380873 0.175024
v 13.758610 -5.346407 0.195213
v 13.795595 -5.309422 0.202099
v 13.832581 -5.272437 0.195213
v 13.867044 -5.237972 0.175024
v 13.896641 -5.208376 0.142908
v 13.919351 -5.185667 0.101053
v 13.933626 -5.171391 0.052313
v 13.938496 -5.166522 0.000008
v 13.933626 -5.171391 -0.052298
v 13.919350 -5.185667 -0.101038
v 13.896641 -5.208376 -0.142893
v 13.867044 -5.237972 -0.175009
v 13.832581 -5.272437 -0.195198
v 13.309344 0.024573 -3.820007
v 13.159599 0.095326 -3.802324
v 15.206891 0.024573 -3.753963
v 12.067281 0.024573 -3.834896
v 12.217024 0.095326 -3.810703
v 13.309344 -1.392232 -4.130221
v 16.510979 -1.943207 -3.833649
v 16.448952 -2.114017 -3.878666
v 16.299210 -2.184769 -3.917578
v 16.448952 -2.114017 -3.878666
v 16.510979 -1.943207 -3.833649
v 15.144865 -1.943207 -4.076826
v 15.206891 -2.114017 -4.081571
v 15.356635 -2.184769 -4.068083
v 15.206891 -2.114017 -4.081571
v 15.144865 -1.943207 -4.076826
v 18.182392 -0.645270 -3.128315
v 18.308603 -0.002863 -2.924401
v 5.755835 0.024573 -3.785102
v 5.905579 0.095326 -3.759178
v 6.848155 0.095326 -3.775840
v 6.997898 0.024573 -3.804924
v 2.749857 -1.462984 -4.215981
v 3.692431 -1.462984 -4.280802
v 2.600111 -1.392232 -4.185416
v 2.600111 0.024573 -3.710591
v 2.749857 0.095326 -3.685479
v 8.911558 0.024573 -3.826837
v 10.153621 0.024573 -3.832401
v 10.003878 0.095326 -3.806473
v 9.061302 0.095326 -3.801434
v 8.911557 -1.392232 -4.280568
v 9.061302 -1.462984 -4.299886
v 10.003877 -1.462984 -4.269548
v 10.153620 -1.392232 -4.248272
v 6.997898 -1.392232 -4.303496
v 5.905579 -1.462984 -4.325913
v 6.848154 -1.462984 -4.327021
v 3.842175 -1.392232 -4.258986
v 5.755835 -1.392232 -4.297817
v -2.619013 0.095326 -3.477299
v -3.561588 0.095326 -3.433251
v -2.407678 -0.145044 -3.580010
v -2.469270 0.024573 -3.511585
v -0.555608 0.024573 -3.597117
v 0.536708 0.095326 -3.614612
v -0.405865 0.095326 -3.575695
v -2.469270 -1.392232 -3.887064
v -2.407246 -1.221421 -3.856973
v -3.561588 -1.462984 -3.848606
v -2.619013 -1.462984 -3.893430
v 0.686450 0.024573 -3.647839
v 0.686450 -1.392232 -4.079108
v 0.536707 -1.462984 -4.087976
v -0.405866 -1.462984 -4.012951
v -0.555609 -1.392232 -3.989827
v -8.666918 -1.462983 -3.600628
v -9.758608 -1.392530 -3.528526
v -9.609493 -1.462983 -3.547716
v -6.788693 -2.114017 -3.800514
v -6.638950 -2.184769 -3.818354
v -5.696376 -2.184769 -3.866556
v -5.546631 -2.114017 -3.864031
v -9.759241 0.024574 -3.154995
v -9.821260 -0.146236 -3.204291
v -9.821260 -0.696072 -3.371837
v -9.821260 -0.696072 -3.371837
v -9.821260 -0.146236 -3.204291
v -8.666918 0.095326 -3.183019
v -9.609493 0.095326 -3.134292
v -3.711330 -1.392232 -3.828063
v -9.821260 -1.221421 -3.488434
v -8.517170 -1.392232 -3.593509
v -8.455151 -1.221421 -3.560632
v -8.455151 -1.221421 -3.560632
v -8.517170 -1.392232 -3.593509
v -2.407246 -0.146236 -3.580349
v -2.407246 -0.146236 -3.580349
v 18.172314 -1.411150 -3.285682
v 18.125576 -1.079640 -3.231705
v -9.758608 -1.392530 -3.528526
v -9.821260 -1.221421 -3.488434
v -6.638950 0.095326 -3.285795
v 16.448952 0.024573 -3.519440
v 12.067281 -1.392232 -4.183847
v 13.309347 0.024576 3.820001
v 15.206893 0.024576 3.753956
v 13.159603 0.095328 3.802318
v 12.067284 0.024576 3.834890
v 12.217027 0.095328 3.810697
v 13.309347 -1.392229 4.130215
v 16.448956 -2.114014 3.878659
v 16.510981 -1.943204 3.833642
v 16.510981 -1.943204 3.833642
v 16.448956 -2.114014 3.878659
v 16.299210 -2.184767 3.917571
v 15.356637 -2.184767 4.068077
v 15.206893 -2.114014 4.081564
v 15.144867 -1.943204 4.076819
v 15.206893 -2.114014 4.081564
v 15.144867 -1.943204 4.076819
v 18.308605 -0.002861 2.924391
v 18.182392 -0.645268 3.128306
v 5.755837 0.024576 3.785100
v 5.905581 0.095328 3.759177
v 6.848157 0.095328 3.775838
v 6.997900 0.024576 3.804922
v 2.749860 -1.462981 4.215981
v 2.600114 -1.392228 4.185418
v 3.692434 -1.462981 4.280803
v 2.600114 0.024576 3.710592
v 2.749860 0.095328 3.685480
v 8.911560 0.024576 3.826833
v 9.061305 0.095328 3.801430
v 10.003880 0.095328 3.806469
v 10.153623 0.024576 3.832397
v 10.153624 -1.392228 4.248269
v 10.003880 -1.462981 4.269545
v 9.061305 -1.462981 4.299883
v 8.911560 -1.392228 4.280565
v 6.997901 -1.392228 4.303495
v 6.848157 -1.462981 4.327020
v 5.905582 -1.462981 4.325912
v 3.842178 -1.392228 4.258986
v 5.755837 -1.392228 4.297816
v -2.619011 0.095328 3.477303
v -2.469268 0.024576 3.511589
v -2.407676 -0.145041 3.580014
v -3.561586 0.095328 3.433256
v -0.555606 0.024576 3.597120
v -0.405863 0.095328 3.575697
v 0.536710 0.095328 3.614614
v -2.469268 -1.392229 3.887069
v -2.619011 -1.462981 3.893435
v -3.561586 -1.462981 3.848612
v -2.407244 -1.221418 3.856978
v 0.686452 0.024576 3.647841
v 0.686452 -1.392229 4.079111
v 0.536710 -1.462981 4.087979
v -0.405863 -1.462981 4.012955
v -0.555606 -1.392229 3.989831
v -8.666916 -1.462981 3.600636
v -9.609489 -1.462981 3.547725
v -9.758604 -1.392528 3.528535
v -5.546629 -2.114014 3.864038
v -5.696374 -2.184767 3.866563
v -6.638948 -2.184767 3.818362
v -6.788692 -2.114014 3.800522
v -9.821257 -0.696070 3.371846
v -9.821257 -0.146234 3.204300
v -9.759237 0.024576 3.155004
v -9.821257 -0.146234 3.204300
v -9.821257 -0.696070 3.371846
v -9.609489 0.095328 3.134300
v -8.666916 0.095328 3.183027
v -3.711329 -1.392229 3.828069
v -9.821257 -1.221419 3.488443
v -8.455149 -1.221419 3.560640
v -8.517168 -1.392230 3.593518
v -8.517168 -1.392230 3.593518
v -8.455149 -1.221419 3.560640
v -2.407244 -0.146234 3.580353
v -2.407244 -0.146234 3.580353
v 18.125576 -1.079638 3.231696
v 18.172314 -1.411148 3.285673
v -9.821257 -1.221419 3.488443
v -9.758604 -1.392528 3.528535
v -6.638948 0.095328 3.285802
v 16.448956 0.024576 3.519432
v 12.067284 -1.392228 4.183842
v 6.718355 -8.149418 -5.349144
v 6.811829 -8.161724 -5.349144
v 6.905303 -8.149418 -5.349144
v 6.992407 -8.113338 -5.349144
v 7.067205 -8.055943 -5.349144
v 7.124599 -7.981145 -5.349144
v 7.160680 -7.894042 -5.349144
v 7.172986 -7.800567 -5.349144
v 7.160680 -7.707093 -5.349144
v 7.124599 -7.619989 -5.349144
v 7.067205 -7.545191 -5.349144
v 6.992407 -7.487797 -5.349144
v 6.905303 -7.451717 -5.349144
v 6.811829 -7.439411 -5.349144
v 6.718355 -7.451717 -5.349144
v 6.631250 -7.487797 -5.349144
v 6.556453 -7.545191 -5.349144
v 6.499058 -7.619989 -5.349144
v 6.462978 -7.707093 -5.349144
v 6.450672 -7.800567 -5.349144
v 6.462978 -7.894042 -5.349144
v 6.499058 -7.981145 -5.349144
v 6.556453 -8.055943 -5.349144
v 6.631251 -8.113338 -5.349144
v 6.718354 -8.149418 -7.071815
v 6.631250 -8.113338 -7.071815
v 6.556452 -8.055943 -7.071815
v 6.499058 -7.981146 -7.071815
v 6.462978 -7.894042 -7.071815
v 6.450672 -7.800568 -7.071815
v 6.462978 -7.707093 -7.071815
v 6.499058 -7.619989 -7.071815
v 6.556452 -7.545191 -7.071815
v 6.631250 -7.487797 -7.071815
v 6.718354 -7.451717 -7.071815
v 6.811829 -7.439412 -7.071815
v 6.905303 -7.451717 -7.071815
v 6.992406 -7.487797 -7.071815
v 7.067205 -7.545191 -7.071815
v 7.124599 -7.619989 -7.071815
v 7.160679 -7.707093 -7.071815
v 7.172985 -7.800568 -7.071815
v 7.160679 -7.894042 -7.071815
v 7.124599 -7.981146 -7.071815
v 7.067205 -8.055943 -7.071815
v 6.992406 -8.113338 -7.071815
v 6.905303 -8.149418 -7.071815
v 6.811829 -8.161724 -7.071815
v 6.811829 -4.029238 -6.439603
v 6.752527 -4.029238 -6.431796
v 6.697267 -4.029238 -6.408906
v 6.649815 -4.029238 -6.372494
v 6.613402 -4.029238 -6.325041
v 6.590513 -4.029238 -6.269782
v 6.582706 -4.029238 -6.210480
v 6.590513 -4.029238 -6.151178
v 6.613402 -4.029238 -6.095918
v 6.649815 -4.029238 -6.048465
v 6.697267 -4.029238 -6.012053
v 6.752527 -4.029238 -5.989164
v 6.811829 -4.029238 -5.981357
v 6.871130 -4.029238 -5.989164
v 6.926391 -4.029238 -6.012054
v 6.973843 -4.029238 -6.048466
v 7.010255 -4.029238 -6.095919
v 7.033144 -4.029238 -6.151179
v 7.040952 -4.029238 -6.210481
v 7.033144 -4.029238 -6.269782
v 7.010255 -4.029238 -6.325042
v 6.973843 -4.029238 -6.372495
v 6.926391 -4.029238 -6.408907
v 6.871130 -4.029238 -6.431796
v 6.609738 -4.397080 -3.906428
v 6.616625 -4.434065 -3.869442
v 6.636814 -4.468530 -3.834977
v 6.668930 -4.498126 -3.805382
v 6.710784 -4.520835 -3.782672
v 6.759525 -4.535110 -3.768397
v 6.811830 -4.539980 -3.763528
v 6.864135 -4.535110 -3.768397
v 6.912876 -4.520835 -3.782672
v 6.954731 -4.498126 -3.805382
v 6.986846 -4.468531 -3.834977
v 7.007036 -4.434065 -3.869442
v 7.013922 -4.397080 -3.906428
v 7.007036 -4.360096 -3.943413
v 6.986846 -4.325631 -3.977879
v 6.954731 -4.296035 -4.007474
v 6.912876 -4.273325 -4.030184
v 6.864135 -4.259049 -4.044459
v 6.811830 -4.254180 -4.049328
v 6.759525 -4.259049 -4.044459
v 6.710784 -4.273325 -4.030183
v 6.668930 -4.296035 -4.007474
v 6.636814 -4.325630 -3.977878
v 6.616625 -4.360095 -3.943413
v 6.718358 -8.149414 5.349124
v 6.631254 -8.113335 5.349124
v 6.556456 -8.055941 5.349124
v 6.499062 -7.981143 5.349124
v 6.462982 -7.894039 5.349124
v 6.450676 -7.800565 5.349124
v 6.462982 -7.707090 5.349124
v 6.499062 -7.619986 5.349124
v 6.556456 -7.545188 5.349124
v 6.631254 -7.487794 5.349124
v 6.718358 -7.451715 5.349124
v 6.811832 -7.439408 5.349124
v 6.905307 -7.451715 5.349124
v 6.992411 -7.487794 5.349124
v 7.067209 -7.545188 5.349124
v 7.124603 -7.619986 5.349124
v 7.160683 -7.707090 5.349124
v 7.172989 -7.800565 5.349124
v 7.160683 -7.894039 5.349124
v 7.124603 -7.981143 5.349124
v 7.067209 -8.055941 5.349124
v 6.992411 -8.113335 5.349124
v 6.905307 -8.149414 5.349124
v 6.811832 -8.161720 5.349124
v 6.718359 -8.149414 7.071795
v 6.811833 -8.161720 7.071795
v 6.905307 -8.149414 7.071795
v 6.992411 -8.113335 7.071795
v 7.067209 -8.055941 7.071795
v 7.124604 -7.981143 7.071795
v 7.160684 -7.894038 7.071795
v 7.172990 -7.800564 7.071795
v 7.160684 -7.707090 7.071795
v 7.124604 -7.619986 7.071795
v 7.067209 -7.545188 7.071795
v 6.992411 -7.487794 7.071795
v 6.905307 -7.451714 7.071795
v 6.811833 -7.439408 7.071795
v 6.718359 -7.451714 7.071795
v 6.631254 -7.487794 7.071795
v 6.556457 -7.545188 7.071795
v 6.499063 -7.619986 7.071795
v 6.462982 -7.707090 7.071795
v 6.450676 -7.800564 7.071795
v 6.462982 -7.894038 7.071795
v 6.499063 -7.981143 7.071795
v 6.556457 -8.055941 7.071795
v 6.631255 -8.113335 7.071795
v 6.811833 -4.029235 6.439581
v 6.871134 -4.029235 6.431774
v 6.926394 -4.029235 6.408885
v 6.973847 -4.029235 6.372473
v 7.010259 -4.029235 6.325019
v 7.033149 -4.029235 6.269760
v 7.040956 -4.029235 6.210458
v 7.033148 -4.029235 6.151157
v 7.010259 -4.029235 6.095897
v 6.973847 -4.029235 6.048443
v 6.926394 -4.029235 6.012031
v 6.871134 -4.029235 5.989141
v 6.811833 -4.029235 5.981335
v 6.752531 -4.029235 5.989141
v 6.697271 -4.029235 6.012032
v 6.649818 -4.029235 6.048443
v 6.613406 -4.029235 6.095897
v 6.590517 -4.029235 6.151157
v 6.582710 -4.029235 6.210459
v 6.590517 -4.029235 6.269760
v 6.613406 -4.029235 6.325019
v 6.649818 -4.029235 6.372473
v 6.697271 -4.029235 6.408885
v 6.752532 -4.029235 6.431774
v 6.609741 -4.397078 3.906406
v 6.616627 -4.360092 3.943391
v 6.636816 -4.325627 3.977856
v 6.668932 -4.296032 4.007452
v 6.710787 -4.273322 4.030160
v 6.759528 -4.259047 4.044437
v 6.811832 -4.254178 4.049306
v 6.864138 -4.259047 4.044437
v 6.912879 -4.273322 4.030161
v 6.954733 -4.296032 4.007452
v 6.986849 -4.325628 3.977856
v 7.007039 -4.360093 3.943391
v 7.013925 -4.397078 3.906406
v 7.007039 -4.434063 3.869420
v 6.986849 -4.468529 3.834955
v 6.954733 -4.498124 3.805360
v 6.912879 -4.520833 3.782650
v 6.864138 -4.535109 3.768374
v 6.811832 -4.539978 3.763505
v 6.759528 -4.535109 3.768374
v 6.710787 -4.520833 3.782650
v 6.668932 -4.498124 3.805360
v 6.636816 -4.468528 3.834955
v 6.616627 -4.434063 3.869420
vn 0.2027 0.2574 -0.9448
vn 0.2281 0.3325 -0.9151
vn 0.1652 0.3562 -0.9197
vn 0.3109 0.2490 -0.9172
vn 0.3773 0.3904 -0.8398
vn 0.3634 0.2784 -0.8891
vn 0.2875 0.4680 -0.8356
vn 0.1905 0.4574 -0.8686
vn 0.4025 0.3905 -0.8280
vn 0.3471 0.6347 -0.6904
vn 0.2382 0.6409 -0.7298
vn 0.2590 0.2968 -0.9191
vn 0.1231 0.4318 -0.8935
vn 0.0735 0.2134 -0.9742
vn 0.2876 0.4679 -0.8357
vn 0.3251 0.3285 -0.8868
vn 0.2476 0.2330 -0.9404
vn 0.3471 0.6347 -0.6905
vn 0.4336 0.4473 -0.7823
vn 0.2894 0.2050 -0.9350
vn 0.2895 0.2710 -0.9180
vn 0.2861 0.3071 -0.9077
vn -0.0263 0.3761 -0.9262
vn -0.0215 0.4553 -0.8901
vn -0.0241 0.3752 -0.9266
vn -0.0436 0.3572 -0.9330
vn -0.0454 0.3008 -0.9526
vn -0.0437 0.3415 -0.9389
vn -0.0474 0.3620 -0.9310
vn -0.0474 0.4540 -0.8897
vn -0.0482 0.3557 -0.9334
vn -0.0191 -0.9998 0.0060
vn -0.0198 -0.9998 0.0062
vn 0.0196 -0.9998 -0.0051
vn -0.0191 0.9997 -0.0176
vn 0.0193 0.9994 -0.0282
vn -0.0199 0.9997 -0.0170
vn -0.0168 -0.9998 0.0053
vn -0.0173 -0.9998 0.0055
vn 0.0172 -0.9998 -0.0041
vn 0.0172 0.9995 -0.0278
vn -0.0173 0.9997 -0.0183
vn -0.0168 0.9997 -0.0182
vn -1.0000 -0.0064 -0.0011
vn -0.9858 -0.0118 -0.1676
vn -0.8883 -0.0058 -0.4591
vn -0.9994 -0.0334 -0.0004
vn -0.9764 -0.0021 -0.2160
vn -0.9498 0.0046 -0.3129
vn 0.2027 0.2575 0.9448
vn 0.1652 0.3562 0.9197
vn 0.2281 0.3325 0.9151
vn 0.3109 0.2490 0.9172
vn 0.3634 0.2784 0.8891
vn 0.3772 0.3904 0.8398
vn 0.1905 0.4574 0.8686
vn 0.2875 0.4680 0.8356
vn 0.4025 0.3905 0.8280
vn 0.2382 0.6409 0.7298
vn 0.3470 0.6347 0.6904
vn 0.2590 0.2968 0.9191
vn 0.0735 0.2134 0.9742
vn 0.1231 0.4318 0.8935
vn 0.2876 0.4680 0.8356
vn 0.3253 0.3287 0.8867
vn 0.2476 0.2329 0.9404
vn 0.2027 0.2574 0.9448
vn 0.3471 0.6347 0.6905
vn 0.4336 0.4473 0.7822
vn 0.2894 0.2050 0.9350
vn 0.2895 0.2710 0.9180
vn 0.2860 0.3071 0.9077
vn -0.0263 0.3761 0.9262
vn -0.0241 0.3752 0.9266
vn -0.0215 0.4553 0.8901
vn -0.0436 0.3572 0.9330
vn -0.0437 0.3415 0.9389
vn -0.0451 0.3001 0.9528
vn -0.0474 0.3620 0.9310
vn -0.0482 0.3557 0.9334
vn -0.0474 0.4541 0.8897
vn -0.0191 -0.9998 -0.0060
vn 0.0196 -0.9998 0.0050
vn -0.0198 -0.9998 -0.0062
vn -0.0192 0.9997 0.0176
vn -0.0199 0.9997 0.0170
vn 0.0193 0.9994 0.0282
vn -0.0168 -0.9998 -0.0053
vn 0.0172 -0.9998 0.0041
vn -0.0173 -0.9998 -0.0055
vn 0.0172 0.9995 0.0278
vn -0.0168 0.9997 0.0182
vn -0.0173 0.9997 0.0183
vn 0.8152 0.3218 -0.4815
vn 0.8152 0.4095 -0.4095
vn 1.0000 -0.0000 -0.0000
vn 0.8152 -0.5351 0.2216
vn 0.8152 -0.5680 0.1130
vn 0.8152 0.4815 -0.3218
vn 0.8152 -0.5792 -0.0000
vn 0.8152 0.5351 -0.2216
vn 0.8152 -0.5680 -0.1130
vn 0.8152 0.5680 -0.1130
vn 0.8152 -0.5351 -0.2216
vn 0.8152 0.5792 -0.0000
vn 0.8152 -0.4815 -0.3218
vn 0.8152 0.5680 0.1130
vn 0.8152 -0.4095 -0.4095
vn 0.8152 0.5351 0.2216
vn 0.8152 -0.3218 -0.4815
vn 0.8152 0.4815 0.3218
vn 0.8152 -0.2216 -0.5351
vn 0.8152 -0.0000 0.5792
vn 0.8152 -0.1130 0.5680
vn 0.8152 0.4095 0.4095
vn 0.8152 -0.1130 -0.5680
vn 0.8152 -0.2216 0.5351
vn 0.8152 0.3218 0.4815
vn 0.8152 -0.0000 -0.5792
vn 0.8152 -0.3218 0.4815
vn 0.8152 0.2216 0.5351
vn 0.8152 0.1130 -0.5680
vn 0.8152 -0.4095 0.4095
vn 0.8152 0.1130 0.5680
vn 0.8152 0.2216 -0.5351
vn 0.8152 -0.4815 0.3218
vn -0.8758 -0.3413 0.3413
vn -0.8758 -0.2682 0.4014
vn -1.0000 -0.0000 -0.0000
vn -0.8758 0.4734 -0.0942
vn -0.8758 0.4460 -0.1847
vn -0.8758 -0.4014 0.2682
vn -0.8758 0.4827 -0.0000
vn -0.8758 -0.4460 0.1847
vn -0.8758 0.4734 0.0942
vn -0.8758 -0.4734 0.0942
vn -0.8758 0.4460 0.1847
vn -0.8758 -0.4827 -0.0000
vn -0.8758 0.4014 0.2682
vn -0.8758 -0.4734 -0.0942
vn -0.8758 0.3413 0.3413
vn -0.8758 -0.4460 -0.1847
vn -0.8758 0.2682 0.4014
vn -0.8758 -0.4014 -0.2682
vn -0.8758 0.1847 0.4460
vn -0.8758 0.0942 -0.4734
vn -0.8758 -0.0000 -0.4827
vn -0.8758 -0.3413 -0.3413
vn -0.8758 0.0942 0.4734
vn -0.8758 0.1847 -0.4460
vn -0.8758 -0.2682 -0.4014
vn -0.8758 -0.0000 0.4827
vn -0.8758 0.2682 -0.4014
vn -0.8758 -0.1847 -0.4460
vn -0.8758 -0.0942 0.4734
vn -0.8758 0.3413 -0.3413
vn -0.8758 -0.0942 -0.4734
vn -0.8758 -0.1847 0.4460
vn -0.8758 0.4014 -0.2682
vn 0.8152 0.5791 -0.0000
vn 0.8152 -0.4816 0.3218
vn 0.8152 -0.0000 -0.5791
vn 0.2566 -0.9577 -0.1302
vn 0.2566 -0.9577 0.1302
vn -0.0000 -0.9915 0.1302
vn -0.0000 -0.9915 -0.1302
vn -0.4957 -0.8587 -0.1302
vn -0.4957 -0.8587 0.1302
vn -0.7011 -0.7011 0.1302
vn -0.7011 -0.7011 -0.1302
vn -0.8587 -0.4957 0.1302
vn -0.8587 -0.4957 -0.1302
vn -0.9577 -0.2566 0.1302
vn -0.9577 -0.2566 -0.1302
vn -0.9915 -0.0000 0.1302
vn -0.9915 -0.0000 -0.1302
vn -0.9577 0.2566 0.1302
vn -0.9577 0.2566 -0.1302
vn -0.8587 0.4957 0.1302
vn -0.8587 0.4957 -0.1302
vn -0.7011 0.7011 0.1302
vn -0.7011 0.7011 -0.1302
vn -0.4957 0.8587 0.1302
vn -0.4957 0.8587 -0.1302
vn -0.2566 0.9577 0.1302
vn -0.2566 0.9577 -0.1302
vn -0.0000 0.9915 0.1302
vn -0.0000 0.9915 -0.1302
vn 0.2566 0.9577 0.1302
vn 0.2566 0.9577 -0.1302
vn 0.4957 0.8587 0.1302
vn 0.4957 0.8587 -0.1302
vn 0.7011 0.7011 0.1302
vn 0.7011 0.7011 -0.1302
vn 0.8587 0.4957 0.1302
vn 0.8587 0.4957 -0.1302
vn 0.9577 0.2566 0.1302
vn 0.9577 0.2566 -0.1302
vn 0.9915 -0.0000 0.1302
vn 0.9915 -0.0000 -0.1302
vn 0.9577 -0.2566 0.1302
vn 0.9577 -0.2566 -0.1302
vn 0.8587 -0.4957 0.1302
vn 0.8587 -0.4957 -0.1302
vn 0.7011 -0.7011 0.1302
vn 0.7011 -0.7011 -0.1302
vn 0.4957 -0.8587 0.1302
vn 0.4957 -0.8587 -0.1302
vn -0.2566 -0.9577 -0.1302
vn -0.2566 -0.9577 0.1302
vn -0.1875 0.1082 0.9763
vn -0.2091 0.0560 0.9763
vn -0.2449 0.0656 0.9673
vn -0.2196 0.1267 0.9673
vn -0.2251 -0.8400 -0.4936
vn -0.0000 -0.8697 -0.4936
vn -0.1328 -0.4956 -0.8584
vn -0.0000 -0.5130 -0.8584
vn -0.0362 -0.1353 -0.9901
vn -0.0000 -0.1400 -0.9901
vn -0.0000 -0.8697 0.4936
vn -0.2251 -0.8400 0.4936
vn -0.0000 -0.5130 0.8584
vn -0.1328 -0.4955 0.8584
vn -0.0000 -0.1400 0.9901
vn -0.0362 -0.1353 0.9901
vn -0.4348 -0.7532 -0.4936
vn -0.2565 -0.4443 -0.8584
vn -0.0700 -0.1213 -0.9901
vn -0.4348 -0.7532 0.4936
vn -0.2565 -0.4443 0.8584
vn -0.0700 -0.1213 0.9901
vn -0.6150 -0.6150 -0.4936
vn -0.3628 -0.3628 -0.8584
vn -0.0990 -0.0990 -0.9901
vn -0.6150 -0.6150 0.4936
vn -0.3628 -0.3628 0.8584
vn -0.0990 -0.0990 0.9901
vn -0.7532 -0.4348 -0.4936
vn -0.4443 -0.2565 -0.8584
vn -0.1213 -0.0700 -0.9901
vn -0.7532 -0.4348 0.4936
vn -0.4443 -0.2565 0.8584
vn -0.1213 -0.0700 0.9901
vn -0.8400 -0.2251 -0.4936
vn -0.4955 -0.1328 -0.8584
vn -0.1353 -0.0362 -0.9901
vn -0.8400 -0.2251 0.4936
vn -0.4956 -0.1328 0.8584
vn -0.1353 -0.0362 0.9901
vn -0.8697 -0.0000 -0.4936
vn -0.5130 -0.0000 -0.8584
vn -0.1400 -0.0000 -0.9901
vn -0.8697 -0.0000 0.4936
vn -0.5130 -0.0000 0.8584
vn -0.1400 -0.0000 0.9901
vn -0.8400 0.2251 -0.4936
vn -0.4955 0.1328 -0.8584
vn -0.1353 0.0362 -0.9901
vn -0.8400 0.2251 0.4936
vn -0.4955 0.1328 0.8584
vn -0.1353 0.0362 0.9901
vn -0.7532 0.4348 -0.4936
vn -0.4443 0.2565 -0.8584
vn -0.1213 0.0700 -0.9901
vn -0.7532 0.4348 0.4936
vn -0.4443 0.2565 0.8584
vn -0.1213 0.0700 0.9901
vn -0.6150 0.6150 -0.4936
vn -0.3628 0.3628 -0.8584
vn -0.0990 0.0990 -0.9901
vn -0.6150 0.6150 0.4936
vn -0.3628 0.3628 0.8584
vn -0.0990 0.0990 0.9901
vn -0.4348 0.7532 -0.4936
vn -0.2565 0.4443 -0.8584
vn -0.0700 0.1213 -0.9901
vn -0.4348 0.7532 0.4936
vn -0.2565 0.4443 0.8584
vn -0.0700 0.1213 0.9901
vn -0.2251 0.8400 -0.4936
vn -0.1328 0.4955 -0.8584
vn -0.0362 0.1353 -0.9901
vn -0.2251 0.8400 0.4936
vn -0.1328 0.4955 0.8584
vn -0.0362 0.1353 0.9901
vn -0.0000 0.8697 -0.4936
vn -0.0000 0.5130 -0.8584
vn -0.0000 0.1400 -0.9901
vn -0.0000 0.8697 0.4936
vn -0.0000 0.5130 0.8584
vn -0.0000 0.1400 0.9901
vn 0.2251 0.8400 -0.4936
vn 0.1328 0.4955 -0.8584
vn 0.0362 0.1353 -0.9901
vn 0.2251 0.8400 0.4936
vn 0.1328 0.4955 0.8584
vn 0.0362 0.1353 0.9901
vn 0.4348 0.7532 -0.4936
vn 0.2565 0.4443 -0.8584
vn 0.0700 0.1213 -0.9901
vn 0.4348 0.7532 0.4936
vn 0.2565 0.4443 0.8584
vn 0.0700 0.1213 0.9901
vn 0.6150 0.6150 -0.4936
vn 0.3628 0.3628 -0.8584
vn 0.0990 0.0990 -0.9901
vn 0.6150 0.6150 0.4936
vn 0.3628 0.3628 0.8584
vn 0.0990 0.0990 0.9901
vn 0.7532 0.4348 -0.4936
vn 0.4443 0.2565 -0.8584
vn 0.1213 0.0700 -0.9901
vn 0.7532 0.4348 0.4936
vn 0.4443 0.2565 0.8584
vn 0.1213 0.0700 0.9901
vn 0.8400 0.2251 -0.4936
vn 0.4955 0.1328 -0.8584
vn 0.1353 0.0362 -0.9901
vn 0.8400 0.2251 0.4936
vn 0.4955 0.1328 0.8584
vn 0.1353 0.0362 0.9901
vn 0.8697 -0.0000 -0.4936
vn 0.5130 -0.0000 -0.8584
vn 0.1400 -0.0000 -0.9901
vn 0.8697 -0.0000 0.4936
vn 0.5130 -0.0000 0.8584
vn 0.1400 -0.0000 0.9901
vn 0.8400 -0.2251 -0.4936
vn 0.4956 -0.1328 -0.8584
vn 0.1353 -0.0362 -0.9901
vn 0.8400 -0.2251 0.4936
vn 0.4955 -0.1328 0.8584
vn 0.1353 -0.0362 0.9901
vn 0.7532 -0.4348 -0.4936
vn 0.4443 -0.2565 -0.8584
vn 0.1213 -0.0700 -0.9901
vn 0.7532 -0.4348 0.4936
vn 0.4443 -0.2565 0.8584
vn 0.1213 -0.0700 0.9901
vn 0.6150 -0.6150 -0.4936
vn 0.3628 -0.3628 -0.8584
vn 0.0990 -0.0990 -0.9901
vn 0.6150 -0.6150 0.4936
vn 0.3628 -0.3628 0.8584
vn 0.0990 -0.0990 0.9901
vn 0.4348 -0.7532 -0.4936
vn 0.2565 -0.4443 -0.8584
vn 0.0700 -0.1213 -0.9901
vn 0.4348 -0.7532 0.4936
vn 0.2565 -0.4443 0.8584
vn 0.0700 -0.1213 0.9901
vn 0.2251 -0.8400 -0.4936
vn 0.1328 -0.4955 -0.8584
vn 0.0362 -0.1353 -0.9901
vn 0.2251 -0.8400 0.4936
vn 0.1328 -0.4956 0.8584
vn 0.0362 -0.1353 0.9901
vn -0.0000 0.2165 0.9763
vn 0.0560 0.2091 0.9763
vn 0.1082 0.1875 0.9763
vn 0.1531 0.1531 0.9763
vn 0.1875 0.1082 0.9763
vn 0.2091 0.0560 0.9763
vn 0.2165 -0.0000 0.9763
vn 0.2091 -0.0560 0.9763
vn 0.1875 -0.1082 0.9763
vn 0.1531 -0.1531 0.9763
vn 0.1082 -0.1875 0.9763
vn 0.0560 -0.2091 0.9763
vn -0.0000 -0.2165 0.9763
vn -0.0560 -0.2091 0.9763
vn -0.1082 -0.1875 0.9763
vn -0.1531 -0.1531 0.9763
vn -0.1875 -0.1082 0.9763
vn -0.2091 -0.0560 0.9763
vn -0.2165 -0.0000 0.9763
vn -0.1531 0.1531 0.9763
vn -0.1082 0.1875 0.9763
vn -0.0560 0.2091 0.9763
vn -0.0000 -0.2535 0.9673
vn -0.0656 -0.2449 0.9673
vn 0.2449 0.0656 0.9673
vn 0.2535 -0.0000 0.9673
vn -0.1793 0.1793 0.9673
vn -0.1267 -0.2196 0.9673
vn 0.2449 -0.0656 0.9673
vn -0.1268 0.2195 0.9673
vn -0.1793 -0.1793 0.9673
vn 0.2196 -0.1267 0.9673
vn -0.0656 0.2449 0.9673
vn -0.0000 0.2535 0.9673
vn 0.0656 0.2449 0.9673
vn -0.2195 -0.1268 0.9673
vn 0.1793 -0.1793 0.9673
vn 0.1267 0.2196 0.9673
vn -0.2449 -0.0656 0.9673
vn 0.1268 -0.2195 0.9673
vn 0.1793 0.1793 0.9673
vn -0.2535 -0.0000 0.9673
vn 0.0656 -0.2449 0.9673
vn 0.2196 0.1268 0.9673
vn -0.1875 0.1082 -0.9763
vn -0.2195 0.1268 -0.9673
vn -0.2449 0.0656 -0.9673
vn -0.2091 0.0560 -0.9763
vn -0.1328 -0.4956 0.8584
vn -0.1328 -0.4955 -0.8584
vn -0.4955 -0.1328 0.8584
vn 0.4956 -0.1328 0.8584
vn 0.4955 -0.1328 -0.8584
vn 0.1328 -0.4955 0.8584
vn -0.0000 0.2165 -0.9763
vn 0.0560 0.2091 -0.9763
vn 0.1082 0.1875 -0.9763
vn 0.1531 0.1531 -0.9763
vn 0.1875 0.1082 -0.9763
vn 0.2091 0.0560 -0.9763
vn 0.2165 -0.0000 -0.9763
vn 0.2091 -0.0560 -0.9763
vn 0.1875 -0.1082 -0.9763
vn 0.1531 -0.1531 -0.9763
vn 0.1082 -0.1875 -0.9763
vn 0.0560 -0.2091 -0.9763
vn -0.0000 -0.2165 -0.9763
vn -0.0560 -0.2091 -0.9763
vn -0.1082 -0.1875 -0.9763
vn -0.1531 -0.1531 -0.9763
vn -0.1875 -0.1082 -0.9763
vn -0.2091 -0.0560 -0.9763
vn -0.2165 -0.0000 -0.9763
vn -0.1531 0.1531 -0.9763
vn -0.1082 0.1875 -0.9763
vn -0.0560 0.2091 -0.9763
vn -0.0656 -0.2449 -0.9673
vn -0.0000 -0.2535 -0.9673
vn 0.2535 -0.0000 -0.9673
vn 0.2449 0.0656 -0.9673
vn -0.1793 0.1793 -0.9673
vn -0.1268 -0.2195 -0.9673
vn 0.2449 -0.0656 -0.9673
vn -0.1267 0.2196 -0.9673
vn -0.1793 -0.1793 -0.9673
vn 0.2195 -0.1268 -0.9673
vn -0.0656 0.2449 -0.9673
vn 0.0656 0.2449 -0.9673
vn -0.0000 0.2535 -0.9673
vn -0.2196 -0.1267 -0.9673
vn 0.1793 -0.1793 -0.9673
vn 0.1268 0.2195 -0.9673
vn -0.2449 -0.0656 -0.9673
vn 0.1267 -0.2196 -0.9673
vn 0.1793 0.1792 -0.9673
vn -0.2535 -0.0000 -0.9673
vn 0.0656 -0.2449 -0.9673
vn 0.2196 0.1267 -0.9673
vn -0.0000 -0.7342 -0.6789
vn -0.0000 -0.7342 0.6789
vn -0.1900 -0.7092 0.6789
vn -0.1900 -0.7092 -0.6789
vn -0.3671 -0.6359 0.6789
vn -0.3671 -0.6359 -0.6789
vn -0.5192 -0.5192 0.6789
vn -0.5192 -0.5192 -0.6789
vn -0.6359 -0.3671 0.6789
vn -0.6359 -0.3671 -0.6789
vn -0.7092 -0.1900 0.6789
vn -0.7092 -0.1900 -0.6789
vn -0.7343 -0.0000 0.6789
vn -0.7343 -0.0000 -0.6789
vn -0.7092 0.1900 0.6789
vn -0.7092 0.1900 -0.6789
vn -0.6359 0.3671 0.6789
vn -0.6359 0.3671 -0.6789
vn -0.5192 0.5192 0.6789
vn -0.5192 0.5192 -0.6789
vn -0.3671 0.6359 0.6789
vn -0.3671 0.6359 -0.6789
vn -0.1900 0.7092 0.6789
vn -0.1900 0.7092 -0.6789
vn -0.0000 0.7342 0.6789
vn -0.0000 0.7342 -0.6789
vn 0.1900 0.7092 0.6789
vn 0.1900 0.7092 -0.6789
vn 0.3671 0.6359 0.6789
vn 0.3671 0.6359 -0.6789
vn 0.5192 0.5192 0.6789
vn 0.5192 0.5192 -0.6789
vn 0.6359 0.3671 0.6789
vn 0.6359 0.3671 -0.6789
vn 0.7092 0.1900 0.6789
vn 0.7092 0.1900 -0.6789
vn 0.7343 -0.0000 0.6789
vn 0.7343 -0.0000 -0.6789
vn 0.7092 -0.1900 0.6789
vn 0.7092 -0.1900 -0.6789
vn 0.6359 -0.3671 0.6789
vn 0.6359 -0.3671 -0.6789
vn 0.5192 -0.5192 0.6789
vn 0.5192 -0.5192 -0.6789
vn 0.3671 -0.6359 0.6789
vn 0.3671 -0.6359 -0.6789
vn 0.1900 -0.7092 0.6789
vn 0.1900 -0.7092 -0.6789
vn -0.0000 -0.0000 -1.0000
vn -0.0000 -0.6789 -0.7343
vn -0.1900 -0.6789 -0.7092
vn -0.2588 -0.0000 -0.9659
vn -0.3671 -0.6789 -0.6359
vn -0.5000 -0.0000 -0.8660
vn -0.5192 -0.6789 -0.5192
vn -0.7071 -0.0000 -0.7071
vn -0.6359 -0.6789 -0.3671
vn -0.8660 -0.0000 -0.5000
vn -0.7092 -0.6789 -0.1900
vn -0.9659 -0.0000 -0.2588
vn -0.7343 -0.6789 -0.0000
vn -0.7092 -0.6789 0.1900
vn -0.9659 -0.0000 0.2588
vn -0.6359 -0.6789 0.3671
vn -0.8660 -0.0000 0.5000
vn -0.5192 -0.6789 0.5192
vn -0.7071 -0.0000 0.7071
vn -0.3671 -0.6789 0.6359
vn -0.5000 -0.0000 0.8660
vn -0.1900 -0.6789 0.7092
vn -0.2588 -0.0000 0.9659
vn -0.0000 -0.6789 0.7343
vn -0.0000 -0.0000 1.0000
vn 0.1900 -0.6789 0.7092
vn 0.2588 -0.0000 0.9659
vn 0.3671 -0.6789 0.6359
vn 0.5000 -0.0000 0.8660
vn 0.5192 -0.6789 0.5192
vn 0.7071 -0.0000 0.7071
vn 0.6359 -0.6789 0.3671
vn 0.8660 -0.0000 0.5000
vn 0.7092 -0.6789 0.1900
vn 0.9659 -0.0000 0.2588
vn 0.7343 -0.6789 -0.0000
vn 0.7092 -0.6789 -0.1900
vn 0.9659 -0.0000 -0.2588
vn 0.6359 -0.6789 -0.3671
vn 0.8660 -0.0000 -0.5000
vn 0.5192 -0.6789 -0.5192
vn 0.7071 -0.0000 -0.7071
vn 0.3671 -0.6789 -0.6359
vn 0.5000 -0.0000 -0.8660
vn 0.1900 -0.6789 -0.7092
vn 0.2588 -0.0000 -0.9659
vn 0.4801 -0.4800 -0.7342
vn 0.3456 -0.6144 -0.7092
vn -0.1830 -0.1830 -0.9659
vn 0.2204 -0.7396 -0.6359
vn -0.3536 -0.3536 -0.8660
vn 0.1129 -0.8472 -0.5192
vn -0.5000 -0.5000 -0.7071
vn 0.0304 -0.9297 -0.3671
vn -0.6124 -0.6124 -0.5000
vn -0.0215 -0.9815 -0.1900
vn -0.6830 -0.6830 -0.2588
vn -0.0392 -0.9992 -0.0000
vn -0.7071 -0.7071 -0.0000
vn -0.0215 -0.9815 0.1900
vn -0.6830 -0.6830 0.2588
vn 0.0304 -0.9297 0.3671
vn -0.6124 -0.6124 0.5000
vn 0.1129 -0.8472 0.5192
vn -0.5000 -0.5000 0.7071
vn 0.2204 -0.7396 0.6359
vn -0.3535 -0.3535 0.8660
vn 0.3456 -0.6144 0.7093
vn -0.1830 -0.1830 0.9659
vn 0.4800 -0.4801 0.7342
vn 0.6144 -0.3457 0.7092
vn 0.1830 0.1830 0.9659
vn 0.7396 -0.2204 0.6359
vn 0.3536 0.3536 0.8660
vn 0.8472 -0.1129 0.5192
vn 0.5000 0.5000 0.7071
vn 0.9297 -0.0304 0.3671
vn 0.6124 0.6124 0.5000
vn 0.9815 0.0215 0.1900
vn 0.6830 0.6830 0.2588
vn 0.9992 0.0392 -0.0000
vn 0.7071 0.7071 -0.0000
vn 0.9815 0.0215 -0.1900
vn 0.6830 0.6830 -0.2588
vn 0.9297 -0.0304 -0.3671
vn 0.6124 0.6124 -0.5000
vn 0.8472 -0.1129 -0.5192
vn 0.5000 0.5000 -0.7071
vn 0.7396 -0.2204 -0.6359
vn 0.3536 0.3536 -0.8660
vn 0.6144 -0.3457 -0.7092
vn 0.1830 0.1830 -0.9659
vn 0.1898 0.6789 -0.7093
vn -0.0000 0.6789 -0.7342
vn 0.3670 0.6789 -0.6359
vn 0.5192 0.6789 -0.5192
vn 0.6358 0.6789 -0.3671
vn 0.7092 0.6789 -0.1900
vn 0.7342 0.6789 -0.0000
vn 0.7092 0.6789 0.1900
vn 0.6359 0.6789 0.3671
vn 0.5191 0.6789 0.5192
vn 0.3671 0.6789 0.6358
vn 0.1900 0.6789 0.7092
vn -0.0000 0.6789 0.7342
vn -0.1900 0.6789 0.7092
vn -0.3671 0.6789 0.6358
vn -0.5192 0.6789 0.5192
vn -0.6359 0.6789 0.3671
vn -0.7092 0.6789 0.1900
vn -0.7342 0.6789 -0.0000
vn -0.7092 0.6789 -0.1900
vn -0.6358 0.6789 -0.3671
vn -0.5192 0.6789 -0.5192
vn -0.3671 0.6789 -0.6358
vn -0.1901 0.6789 -0.7092
vn -0.3457 0.6145 -0.7092
vn -0.4802 0.4800 -0.7342
vn -0.2205 0.7397 -0.6358
vn -0.1130 0.8472 -0.5191
vn -0.0304 0.9297 -0.3670
vn 0.0214 0.9816 -0.1900
vn 0.0391 0.9992 -0.0000
vn 0.0214 0.9815 0.1901
vn -0.0305 0.9297 0.3671
vn -0.1130 0.8471 0.5193
vn -0.2205 0.7396 0.6359
vn -0.3458 0.6144 0.7092
vn -0.4800 0.4801 0.7342
vn -0.6145 0.3456 0.7092
vn -0.7397 0.2205 0.6358
vn -0.3536 -0.3536 0.8660
vn -0.8472 0.1129 0.5191
vn -0.9296 0.0305 0.3672
vn -0.9816 -0.0214 0.1899
vn -0.9992 -0.0391 -0.0000
vn -0.9815 -0.0214 -0.1900
vn -0.9297 0.0304 -0.3670
vn -0.8472 0.1130 -0.5192
vn -0.7397 0.2204 -0.6358
vn -0.6144 0.3457 -0.7092
vn -0.2762 -0.0056 -0.9611
vn -0.2830 -0.1221 -0.9513
vn -0.3645 -0.1257 -0.9227
vn -0.3589 -0.0056 -0.9334
vn -0.3517 0.1524 -0.9236
vn -0.3543 0.0637 -0.9330
vn -0.4639 0.0671 -0.8833
vn -0.4609 0.1558 -0.8737
vn -0.4731 -0.1268 -0.8718
vn -0.4688 -0.0037 -0.8833
vn -0.0993 -0.1851 -0.9777
vn -0.1009 -0.0481 -0.9937
vn -0.3035 -0.0750 -0.9499
vn -0.2746 -0.2983 -0.9141
vn -0.2092 0.2427 -0.9473
vn -0.2116 0.1455 -0.9665
vn -0.2684 0.1492 -0.9517
vn -0.2680 0.2457 -0.9316
vn -0.2198 -0.0060 -0.9755
vn -0.2273 -0.1190 -0.9665
vn 0.6105 0.7522 -0.2479
vn 0.8921 0.2792 -0.3553
vn 0.8939 0.2751 -0.3540
vn 0.6188 0.7452 -0.2485
vn -0.2390 -0.2910 -0.9264
vn -0.2918 -0.2986 -0.9087
vn -0.3698 -0.3052 -0.8776
vn -0.4738 -0.3081 -0.8250
vn -0.5922 -0.3065 -0.7452
vn -0.5959 -0.1251 -0.7933
vn -0.5857 0.0707 -0.8074
vn -0.5801 0.1575 -0.7991
vn -0.9399 0.1245 -0.3180
vn -0.9458 0.0729 -0.3164
vn -0.9795 0.0767 -0.1862
vn -0.9757 0.1147 -0.1865
vn -0.4621 0.2468 -0.8518
vn -0.5783 0.2436 -0.7786
vn -0.3529 0.2472 -0.9024
vn 0.0327 0.3101 -0.9501
vn 0.1142 0.2910 -0.9499
vn 0.1414 0.2208 -0.9650
vn 0.0584 0.2539 -0.9655
vn 0.0346 0.3128 -0.9492
vn 0.0353 0.2596 -0.9651
vn 0.0243 0.2625 -0.9646
vn 0.0197 0.3167 -0.9483
vn 0.0243 0.6312 -0.7752
vn 0.0744 0.6129 -0.7866
vn 0.0729 0.3983 -0.9144
vn 0.0179 0.4138 -0.9102
vn 0.0419 0.1775 -0.9832
vn 0.0454 0.1447 -0.9884
vn 0.0760 0.1343 -0.9880
vn 0.0303 0.2087 -0.9775
vn 0.0337 0.1904 -0.9811
vn 0.0108 0.2796 -0.9601
vn 0.0283 0.2156 -0.9761
vn 0.0260 0.2313 -0.9725
vn 0.0053 0.2974 -0.9547
vn 0.0147 0.2686 -0.9632
vn 0.0037 0.3198 -0.9475
vn -0.0060 0.4280 -0.9037
vn -0.0053 0.6404 -0.7680
vn 0.0401 0.1683 -0.9849
vn 0.0433 0.1344 -0.9900
vn 0.1865 0.3453 -0.9198
vn 0.1694 0.5638 -0.8084
vn 0.2839 0.4886 -0.8250
vn 0.2084 0.2399 -0.9482
vn 0.2501 0.1949 -0.9484
vn 0.2429 0.1851 -0.9522
vn 0.2159 0.1832 -0.9591
vn 0.2827 0.1824 -0.9417
vn 0.2503 0.1701 -0.9531
vn 0.2153 0.1618 -0.9631
vn 0.2153 0.1617 -0.9631
vn 0.2083 0.1456 -0.9672
vn 0.0353 0.9901 -0.1361
vn 0.0828 0.9871 -0.1369
vn 0.0812 0.9438 -0.3205
vn 0.0332 0.9480 -0.3164
vn -0.0373 -0.9977 -0.0569
vn -0.0576 -0.9964 -0.0629
vn -0.0618 -0.9870 -0.1485
vn -0.0416 -0.9898 -0.1359
vn -0.0982 -0.9928 -0.0692
vn -0.1012 -0.9815 -0.1624
vn -0.0711 -0.9483 -0.3094
vn -0.0515 -0.9565 -0.2870
vn -0.1076 -0.9377 -0.3304
vn -0.0241 -0.9997 -0.0000
vn -0.0359 -0.9994 -0.0000
vn -0.0251 -0.9984 -0.0516
vn -0.0563 -0.9984 -0.0000
vn -0.0969 -0.9953 -0.0000
vn -0.1461 -0.9893 -0.0000
vn -0.1471 -0.9862 -0.0760
vn -0.1492 -0.9733 -0.1741
vn -0.1518 -0.9263 -0.3449
vn -0.1496 -0.8123 -0.5637
vn -0.1134 -0.8264 -0.5515
vn -0.0834 -0.8450 -0.5282
vn -0.0670 -0.8635 -0.4999
vn -0.0383 -0.9640 -0.2631
vn -0.0536 -0.8822 -0.4679
vn -0.0290 -0.9919 -0.1234
vn 0.0779 0.8271 -0.5567
vn 0.0297 0.8367 -0.5468
vn 0.0830 0.9966 -0.0000
vn 0.0358 0.9994 -0.0000
vn 0.0044 1.0000 -0.0000
vn 0.0039 0.9907 -0.1360
vn 0.1401 0.9901 -0.0000
vn 0.2997 0.9540 -0.0000
vn 0.3039 0.9395 -0.1579
vn 0.1412 0.9797 -0.1426
vn 0.3073 0.8810 -0.3598
vn 0.1457 0.9311 -0.3343
vn 0.2972 0.7350 -0.6095
vn 0.1551 0.8016 -0.5774
vn -0.0030 -0.9993 -0.0381
vn -0.0023 -0.9992 -0.0404
vn -0.0030 -0.9954 -0.0961
vn -0.0033 -0.9958 -0.0912
vn -0.0011 0.8401 -0.5425
vn 0.0023 0.9492 -0.3148
vn -0.0018 -0.9994 -0.0359
vn 0.0008 -0.9964 -0.0849
vn 0.0040 -0.9965 -0.0840
vn 0.0009 -0.9994 -0.0353
vn 0.0078 -0.9826 -0.1856
vn 0.0132 -0.9833 -0.1817
vn 0.0085 -0.9964 -0.0842
vn 0.0047 -0.9994 -0.0355
vn 0.0196 -0.9835 -0.1797
vn -0.0032 -1.0000 -0.0000
vn -0.0029 -0.9993 -0.0366
vn -0.0022 -1.0000 -0.0000
vn -0.0020 -0.9962 -0.0875
vn 0.0020 -0.9813 -0.1922
vn 0.0096 -0.9323 -0.3615
vn 0.0206 -0.9377 -0.3468
vn 0.0296 -0.9416 -0.3355
vn 0.0394 -0.9441 -0.3274
vn 0.0520 -0.9445 -0.3245
vn 0.0280 -0.9831 -0.1808
vn 0.0151 -0.9962 -0.0855
vn 0.0108 -0.9993 -0.0361
vn 0.0036 -1.0000 -0.0000
vn 0.0096 -1.0000 -0.0000
vn -0.0000 -1.0000 -0.0000
vn 0.2122 0.2118 -0.9540
vn 0.2096 0.2304 -0.9502
vn 0.1583 0.2722 -0.9491
vn 0.3041 0.3138 -0.8995
vn 0.2396 0.2216 -0.9452
vn 0.1985 0.1515 -0.9683
vn 0.2427 0.1950 -0.9503
vn 0.2767 0.2017 -0.9396
vn 0.4249 0.4169 -0.8035
vn 0.1573 0.3864 -0.9088
vn 0.1387 0.2979 -0.9445
vn 0.1532 0.2880 -0.9453
vn 0.1936 0.3672 -0.9098
vn 0.1981 0.4809 -0.8541
vn 0.2490 0.4668 -0.8486
vn 0.2635 0.3030 -0.9158
vn 0.2583 0.6501 -0.7146
vn 0.2491 0.4668 -0.8486
vn 0.3440 0.4323 -0.8335
vn 0.3810 0.2336 -0.8946
vn 0.3135 0.6375 -0.7038
vn 0.2122 0.2342 -0.9488
vn 0.2807 0.7828 -0.5554
vn 0.3086 0.7855 -0.5365
vn 0.3615 0.7617 -0.5377
vn 0.4369 0.6068 -0.6640
vn 0.5090 0.3879 -0.7684
vn 0.5547 0.1778 -0.8128
vn 0.4136 0.0767 -0.9072
vn 0.5766 0.0269 -0.8165
vn 0.2935 0.1536 -0.9435
vn 0.2935 0.1536 -0.9436
vn 0.0241 -0.9990 -0.0379
vn 0.0294 -0.9956 -0.0889
vn 0.0521 -0.9942 -0.0945
vn 0.0468 -0.9981 -0.0406
vn 0.0443 -0.9816 -0.1857
vn 0.0681 -0.9786 -0.1943
vn 0.1101 -0.9877 -0.1114
vn 0.1065 -0.9930 -0.0509
vn 0.1125 -0.9733 -0.2003
vn 0.0228 -0.9997 -0.0000
vn 0.0738 -0.9417 -0.3282
vn 0.1034 -0.9356 -0.3375
vn 0.1435 -0.9282 -0.3434
vn 0.1969 -0.9208 -0.3368
vn 0.2190 -0.9421 -0.2539
vn 0.2252 -0.9603 -0.1645
vn 0.2263 -0.9707 -0.0805
vn 0.1054 -0.9944 -0.0000
vn 0.2265 -0.9740 -0.0000
vn 0.0455 -0.9990 -0.0000
vn 0.4108 0.7322 -0.5433
vn 0.4708 0.8049 -0.3613
vn 0.3227 0.9044 -0.2791
vn 0.3035 0.8599 -0.4104
vn 0.5043 0.8378 -0.2095
vn 0.3390 0.9276 -0.1572
vn 0.3545 0.8913 -0.2828
vn 0.3213 0.8606 -0.3951
vn 0.3957 0.9054 -0.1536
vn 0.5333 0.5476 -0.6447
vn 0.6212 0.6411 -0.4507
vn 0.4708 0.8048 -0.3613
vn 0.6740 0.6844 -0.2781
vn 0.5043 0.8377 -0.2095
vn 0.7099 0.7043 -0.0000
vn 0.5184 0.8551 -0.0000
vn 0.5184 0.8552 -0.0000
vn 0.3485 0.9373 -0.0000
vn 0.4157 0.9095 -0.0000
vn 0.5655 0.8248 -0.0000
vn 0.5425 0.8229 -0.1690
vn 0.4834 0.8145 -0.3206
vn 0.4173 0.7902 -0.4487
vn 0.7260 0.1478 -0.6716
vn 0.6799 0.3614 -0.6380
vn 0.8131 0.3735 -0.4465
vn 0.8633 0.1602 -0.4786
vn 0.5699 0.6068 -0.5541
vn 0.6785 0.6225 -0.3902
vn 0.8870 0.4007 -0.2295
vn 0.9498 0.1864 -0.2513
vn 0.7433 0.6386 -0.1992
vn 0.7350 0.0071 -0.6780
vn 0.7638 0.6454 -0.0000
vn 0.9108 0.4129 -0.0000
vn 0.9802 0.1978 -0.0000
vn 0.9640 0.0339 -0.2636
vn 0.9991 0.0414 -0.0000
vn 0.8695 0.0171 -0.4936
vn 0.4480 0.6245 -0.6397
vn 0.4963 0.7798 -0.3815
vn 0.5989 0.6770 -0.4278
vn 0.5204 0.5587 -0.6457
vn 0.5013 0.8465 -0.1794
vn 0.6229 0.7441 -0.2415
vn 0.5204 0.5587 -0.6458
vn 0.5990 0.6769 -0.4278
vn 0.6323 0.6261 -0.4563
vn 0.5437 0.5218 -0.6573
vn 0.6687 0.6889 -0.2796
vn 0.4985 0.8669 -0.0000
vn 0.6334 0.7738 -0.0000
vn 0.6932 0.7207 -0.0000
vn 0.0004 0.9905 -0.1373
vn 0.0017 0.9906 -0.1365
vn -0.0015 0.9485 -0.3169
vn -0.0030 0.9476 -0.3193
vn 0.0020 0.9907 -0.1363
vn -0.0004 0.9491 -0.3149
vn -0.0075 0.8392 -0.5437
vn -0.0097 0.8373 -0.5466
vn -0.0055 0.8401 -0.5423
vn -0.0016 1.0000 -0.0000
vn 0.0013 1.0000 -0.0000
vn -0.0025 0.9904 -0.1384
vn 0.0025 1.0000 -0.0000
vn 0.0027 1.0000 -0.0000
vn -0.0110 0.6445 -0.7645
vn -0.0144 0.6467 -0.7626
vn -0.0173 0.6463 -0.7629
vn -0.0131 0.8344 -0.5509
vn -0.0208 0.6437 -0.7650
vn -0.0062 0.9465 -0.3228
vn -0.0036 -0.9777 -0.2100
vn -0.0023 -0.9796 -0.2009
vn -0.0028 -1.0000 -0.0000
vn -0.0028 -0.9217 -0.3879
vn 0.0002 -0.9264 -0.3766
vn -0.0011 -1.0000 -0.0000
vn -0.0012 -0.9991 -0.0415
vn -0.0017 -0.9950 -0.0994
vn -0.0025 -0.9766 -0.2150
vn -0.0017 -0.9205 -0.3907
vn 0.0510 -0.6863 -0.7256
vn 0.0326 -0.5829 -0.8119
vn 0.0123 -0.7862 -0.6178
vn 0.0094 -0.8005 -0.5993
vn -0.0221 0.3562 -0.9342
vn -0.0186 0.3556 -0.9345
vn -0.0192 0.3350 -0.9420
vn -0.0204 0.3349 -0.9420
vn -0.0186 0.3555 -0.9345
vn -0.0144 0.3498 -0.9367
vn -0.0112 0.3334 -0.9427
vn -0.0191 0.3350 -0.9420
vn -0.0350 0.3266 -0.9445
vn -0.0292 0.3514 -0.9358
vn -0.0178 0.3720 -0.9281
vn -0.0162 0.3697 -0.9290
vn -0.0092 0.3436 -0.9391
vn -0.0044 0.3361 -0.9418
vn 0.0128 0.2860 -0.9581
vn -0.0006 0.3170 -0.9484
vn -0.0052 0.3299 -0.9440
vn -0.0108 0.3446 -0.9387
vn -0.0136 0.3617 -0.9322
vn -0.0139 0.3639 -0.9313
vn -0.0542 0.2894 -0.9557
vn -0.0443 0.3045 -0.9515
vn -0.0480 0.3070 -0.9505
vn -0.0543 0.2991 -0.9527
vn -0.0297 0.3451 -0.9381
vn -0.0509 0.2986 -0.9530
vn -0.0333 0.3421 -0.9391
vn -0.0297 0.3452 -0.9381
vn -0.0316 0.3463 -0.9376
vn -0.0366 0.3193 -0.9469
vn -0.0259 0.4531 -0.8911
vn -0.0170 0.4519 -0.8919
vn -0.0123 0.4429 -0.8965
vn -0.0058 0.3446 -0.9387
vn -0.0064 0.3444 -0.9388
vn 0.0012 0.3170 -0.9484
vn 0.0001 0.3240 -0.9460
vn 0.0002 0.3241 -0.9460
vn 0.0179 0.2768 -0.9607
vn 0.0129 0.2887 -0.9573
vn 0.0179 0.2769 -0.9607
vn 0.0263 0.2599 -0.9653
vn 0.0285 0.2521 -0.9673
vn 0.0028 0.3136 -0.9496
vn -0.0081 0.3227 -0.9465
vn -0.0193 0.3324 -0.9430
vn -0.0200 0.3319 -0.9431
vn -0.0434 0.3605 -0.9317
vn -0.0449 0.3056 -0.9511
vn -0.0445 0.3048 -0.9514
vn -0.0434 0.3603 -0.9318
vn -0.0438 0.6364 -0.7701
vn -0.0371 0.6362 -0.7706
vn -0.0397 0.4435 -0.8954
vn -0.0447 0.4449 -0.8945
vn -0.0598 0.2372 -0.9696
vn -0.0543 0.2328 -0.9710
vn -0.0440 0.3085 -0.9502
vn -0.0444 0.3134 -0.9486
vn -0.0444 0.3133 -0.9486
vn -0.0457 0.3186 -0.9468
vn -0.0593 0.2367 -0.9698
vn -0.0338 0.3689 -0.9289
vn -0.0411 0.3250 -0.9448
vn -0.0384 0.3663 -0.9297
vn -0.0357 0.9891 -0.1430
vn -0.0245 0.9897 -0.1414
vn -0.0277 0.9434 -0.3306
vn -0.0382 0.9423 -0.3326
vn -0.0479 0.1906 -0.9805
vn -0.0455 0.2198 -0.9745
vn -0.0466 0.2192 -0.9746
vn -0.0483 0.1931 -0.9800
vn -0.0277 0.6399 -0.7680
vn -0.0322 0.4478 -0.8935
vn -0.0298 0.3702 -0.9285
vn -0.0382 0.3312 -0.9428
vn -0.0574 0.2758 -0.9595
vn -0.0560 0.2544 -0.9655
vn -0.0710 0.2448 -0.9670
vn -0.0665 0.2557 -0.9645
vn -0.0681 0.2105 -0.9752
vn -0.0705 0.2174 -0.9735
vn -0.0325 0.8277 -0.5602
vn -0.0415 0.8264 -0.5616
vn -0.0111 0.9901 -0.1397
vn -0.0148 0.9452 -0.3262
vn -0.0235 0.9997 -0.0000
vn -0.0347 0.9994 -0.0000
vn -0.0212 0.8313 -0.5555
vn -0.0102 0.9999 -0.0000
vn -0.0683 -0.7078 -0.7031
vn -0.0741 -0.4923 -0.8672
vn -0.0676 -0.5457 -0.8353
vn -0.0512 -0.7430 -0.6674
vn -0.0007 -0.9991 -0.0422
vn -0.0007 -0.9991 -0.0427
vn -0.0008 -0.9948 -0.1023
vn -0.0010 -0.9949 -0.1013
vn -0.0010 -0.9991 -0.0430
vn -0.0012 -0.9947 -0.1030
vn -0.0012 -0.9757 -0.2189
vn -0.0013 -0.9760 -0.2176
vn -0.0018 -0.9753 -0.2209
vn -0.0006 -1.0000 -0.0000
vn -0.0010 -1.0000 -0.0000
vn -0.0021 -1.0000 -0.0000
vn -0.0022 -0.9991 -0.0433
vn -0.0026 -0.9946 -0.1037
vn -0.0036 -0.9747 -0.2236
vn -0.0069 -0.9159 -0.4014
vn -0.0036 -0.9194 -0.3933
vn -0.0016 -0.9214 -0.3887
vn -0.0006 -0.9213 -0.3889
vn -0.0362 -0.8993 -0.4358
vn -0.0332 -0.7834 -0.6207
vn -0.0178 -0.9103 -0.4136
vn -0.0737 -0.3237 -0.9433
vn -0.0872 -0.3758 -0.9226
vn 0.8722 -0.2645 -0.4114
vn 0.5386 -0.7931 -0.2845
vn 0.5333 -0.8103 -0.2428
vn 0.8808 -0.2913 -0.3732
vn -0.0852 -0.6934 -0.7155
vn -0.0220 -0.8321 -0.5542
vn -0.1913 -0.6015 -0.7756
vn -0.1907 -0.8708 -0.4532
vn -0.0662 -0.8558 -0.5131
vn -0.0122 -0.8730 -0.4876
vn -0.0019 -0.8880 -0.4599
vn 0.0059 -0.8746 -0.4848
vn -0.0316 -0.9241 -0.3808
vn -0.0020 -0.9433 -0.3318
vn 0.0231 -0.9186 -0.3944
vn 0.0102 -0.8393 -0.5436
vn -0.0523 -0.9600 -0.2749
vn -0.0016 -0.9688 -0.2477
vn 0.0437 -0.9495 -0.3108
vn 0.1502 -0.8171 -0.5567
vn 0.0480 -0.8384 -0.5430
vn 0.3868 -0.8296 -0.4026
vn 0.4374 -0.8525 -0.2863
vn 0.4696 -0.8701 -0.1497
vn 0.5416 -0.6397 -0.5454
vn 0.6415 -0.6530 -0.4026
vn 0.3145 -0.8121 -0.4916
vn 0.7120 -0.6679 -0.2167
vn 0.4806 -0.8769 -0.0000
vn 0.4282 -0.6366 -0.6414
vn 0.5039 -0.4633 -0.7290
vn 0.6343 -0.4607 -0.6208
vn 0.7552 -0.4644 -0.4625
vn 0.8453 -0.4715 -0.2514
vn 0.8800 -0.4750 -0.0000
vn 0.7381 -0.6746 -0.0000
vn 0.1281 -0.8368 -0.5323
vn 0.1723 -0.8281 -0.5335
vn 0.2305 -0.8147 -0.5320
vn 0.1855 -0.6617 -0.7265
vn 0.2446 -0.6544 -0.7155
vn 0.0943 -0.8389 -0.5360
vn 0.3223 -0.6434 -0.6944
vn 0.1380 -0.6601 -0.7384
vn 0.1662 -0.4727 -0.8654
vn 0.2250 -0.4787 -0.8487
vn 0.2958 -0.4749 -0.8289
vn 0.2958 -0.4749 -0.8288
vn 0.3838 -0.4688 -0.7956
vn 0.0438 -0.8090 -0.5861
vn 0.0583 -0.8229 -0.5651
vn 0.0740 -0.8336 -0.5474
vn 0.0669 -0.6033 -0.7947
vn 0.0864 -0.6282 -0.7733
vn 0.0269 -0.7939 -0.6075
vn 0.1088 -0.6482 -0.7537
vn 0.0466 -0.5812 -0.8124
vn 0.0602 -0.3964 -0.9161
vn 0.0815 -0.4099 -0.9085
vn 0.1037 -0.4287 -0.8975
vn 0.1295 -0.4532 -0.8820
vn 0.1283 0.0877 -0.9879
vn 0.0919 0.0363 -0.9951
vn 0.0844 -0.0436 -0.9955
vn 0.1604 -0.0155 -0.9869
vn 0.1208 -0.5542 -0.8236
vn 0.0536 -0.4039 -0.9132
vn 0.0338 0.9994 -0.0000
vn -0.0399 0.9992 -0.0000
vn -0.0127 0.9825 -0.1857
vn 0.0596 0.9617 -0.2676
vn -0.0562 0.9984 -0.0000
vn -0.0537 0.9721 -0.2284
vn -0.0417 0.9792 -0.1987
vn -0.0423 0.9991 -0.0000
vn 0.0082 0.9264 -0.3764
vn 0.2096 0.8858 -0.4141
vn 0.2194 0.9756 -0.0000
vn -0.0096 0.6930 -0.7209
vn 0.1111 0.7603 -0.6400
vn -0.0440 0.9113 -0.4095
vn -0.1956 -0.9637 -0.1816
vn -0.1948 -0.9166 -0.3491
vn -0.0687 -0.1585 -0.9850
vn -0.0630 -0.0414 -0.9972
vn -0.0499 0.1672 -0.9847
vn -0.0701 0.1852 -0.9802
vn -0.0869 0.1124 -0.9899
vn -0.0537 0.0995 -0.9936
vn -0.0977 0.0289 -0.9948
vn -0.2067 0.1979 -0.9582
vn -0.2856 0.0623 -0.9563
vn 0.6879 -0.3070 -0.6577
vn 0.7102 -0.2143 -0.6706
vn 0.8402 -0.2149 -0.4978
vn 0.8157 -0.3084 -0.4894
vn -0.0151 -0.9988 -0.0468
vn -0.0179 -0.9936 -0.1119
vn -0.1075 0.2632 -0.9587
vn -0.1612 0.5222 -0.8375
vn -0.4207 0.4471 -0.7894
vn 0.0716 -0.2309 -0.9703
vn 0.0806 -0.1135 -0.9903
vn 0.0920 -0.0981 -0.9909
vn 0.0751 -0.2226 -0.9720
vn -0.6499 0.1504 -0.7450
vn -0.4884 -0.5953 -0.6381
vn -0.0161 -0.9998 -0.0083
vn -0.0745 -0.9972 0.0044
vn -0.0774 -0.9968 0.0186
vn 0.0790 -0.9966 -0.0250
vn 0.0173 -0.9998 -0.0042
vn 0.0184 -0.9998 -0.0046
vn 0.0840 -0.9961 -0.0268
vn -0.0798 -0.9966 0.0192
vn -0.0839 -0.9963 0.0204
vn -0.0182 -0.9998 0.0057
vn -0.9327 0.3333 0.1375
vn -0.5697 0.8182 0.0774
vn -0.5842 0.8073 0.0832
vn -0.9350 0.3243 0.1435
vn 0.1956 -0.9743 -0.1118
vn 0.0716 -0.9953 -0.0647
vn 0.0747 -0.9965 -0.0369
vn 0.2044 -0.9750 -0.0867
vn 0.0679 -0.9935 -0.0915
vn 0.0044 -0.9975 -0.0708
vn 0.0140 -0.9989 -0.0454
vn -0.6298 0.7679 0.1170
vn -0.2765 0.9599 0.0451
vn -0.2811 0.9584 0.0502
vn -0.6352 0.7624 0.1235
vn -0.0715 -0.9971 -0.0246
vn -0.1964 -0.9805 -0.0034
vn -0.2047 -0.9784 0.0269
vn -0.2185 -0.9749 0.0432
vn -0.5559 -0.8261 0.0929
vn -0.5716 -0.8147 0.0973
vn -0.2285 -0.9725 0.0458
vn -0.2184 0.9757 0.0199
vn -0.0798 0.9968 -0.0045
vn -0.0834 0.9965 -0.0035
vn -0.2280 0.9734 0.0222
vn -0.5889 -0.8015 0.1036
vn -0.2397 -0.9696 0.0490
vn -0.0911 -0.9956 0.0225
vn -0.0951 -0.9952 0.0239
vn -0.0206 -0.9998 0.0064
vn -0.0182 0.9997 -0.0181
vn -0.0877 0.9961 -0.0021
vn 0.2284 -0.9701 -0.0823
vn 0.0896 -0.9956 -0.0288
vn 0.2425 -0.9662 -0.0874
vn 0.2154 -0.9735 -0.0775
vn 0.7202 -0.1620 -0.6746
vn 0.7300 -0.0902 -0.6775
vn 0.8624 -0.0844 -0.4991
vn 0.8513 -0.1602 -0.4995
vn 0.9384 -0.2151 -0.2704
vn 0.9121 -0.3118 -0.2663
vn 0.9600 -0.0774 -0.2691
vn 0.9496 -0.1580 -0.2707
vn 0.2493 -0.2886 -0.9244
vn 0.2538 -0.1456 -0.9562
vn 0.3355 -0.1872 -0.9232
vn 0.3262 -0.3035 -0.8953
vn 0.5503 -0.3076 -0.7763
vn 0.4375 -0.1474 -0.8870
vn 0.4325 -0.0546 -0.9000
vn 0.5826 -0.0835 -0.8084
vn 0.5775 -0.1602 -0.8005
vn 0.5706 0.7855 -0.2394
vn 0.8815 0.3047 -0.3607
vn 0.8859 0.2936 -0.3592
vn 0.5868 0.7722 -0.2435
vn 0.9973 -0.0740 -0.0000
vn 0.9765 -0.2153 -0.0000
vn 0.9495 -0.3139 -0.0000
vn 0.3561 0.0575 -0.9327
vn 0.6224 0.1894 -0.7594
vn 0.4485 0.5901 -0.6713
vn 0.2461 -0.0488 -0.9680
vn 0.2326 0.0815 -0.9692
vn 0.3183 0.0063 -0.9480
vn 0.3315 -0.1092 -0.9371
vn 0.4355 -0.2077 -0.8759
vn 0.4212 -0.3080 -0.8530
vn 0.3316 -0.1092 -0.9371
vn 0.3184 0.0063 -0.9480
vn 0.1004 -0.2047 -0.9737
vn 0.1219 -0.0503 -0.9913
vn 0.1259 -0.0249 -0.9917
vn 0.1180 -0.1992 -0.9728
vn 0.1829 -0.2609 -0.9479
vn 0.1382 0.0594 -0.9886
vn 0.1339 0.1871 -0.9732
vn 0.1645 0.1461 -0.9755
vn 0.1760 0.0126 -0.9843
vn 0.1841 -0.0937 -0.9784
vn 0.5697 -0.2131 -0.7938
vn 0.1442 0.0408 -0.9887
vn 0.1755 0.1429 -0.9740
vn 0.1390 0.1917 -0.9716
vn 0.1303 0.0770 -0.9885
vn 0.1710 -0.1113 -0.9790
vn 0.1580 -0.2822 -0.9463
vn 0.1425 -0.0480 -0.9886
vn 0.1414 -0.2254 -0.9639
vn 0.1471 0.0709 -0.9866
vn 0.1123 -0.0209 -0.9935
vn -0.9480 -0.2527 0.1935
vn -0.9555 -0.2583 0.1425
vn -0.7413 -0.6654 -0.0877
vn -0.6740 -0.7306 0.1093
vn 0.1072 0.0881 -0.9903
vn 0.3103 -0.4656 -0.8288
vn 0.3691 -0.1290 -0.9204
vn 0.4481 -0.6509 -0.6128
vn 0.6312 -0.1726 -0.7562
vn 0.1749 0.1301 -0.9760
vn 0.0996 0.1416 -0.9849
vn -0.1945 -0.9775 -0.0814
vn -0.1936 -0.9811 -0.0000
vn -0.2269 -0.9564 -0.1838
vn -0.2243 -0.9116 -0.3446
vn -0.2268 -0.9703 -0.0845
vn -0.7613 -0.6484 -0.0000
vn -0.9018 -0.4321 -0.0000
vn -0.9129 -0.4031 -0.0647
vn -0.8310 -0.5376 -0.1427
vn -0.1858 -0.8066 -0.5611
vn -0.2264 -0.9740 -0.0000
vn -0.2324 -0.9726 -0.0000
vn -0.2324 -0.9689 -0.0846
vn -0.2322 -0.9555 -0.1821
vn -0.2297 -0.9134 -0.3360
vn -0.2120 -0.8089 -0.5484
vn -0.2185 -0.8181 -0.5320
vn -0.9231 0.3626 0.1284
vn -0.5332 0.8433 0.0678
vn -0.5458 0.8349 0.0706
vn -0.9279 0.3489 0.1315
vn -0.2903 0.9520 0.0968
vn -0.3151 0.8905 0.3282
vn -0.6875 0.6331 0.3558
vn -0.6492 0.7419 0.1676
vn -0.2912 -0.9543 0.0669
vn -0.6568 -0.7409 0.1403
vn -0.3102 -0.9505 0.0178
vn -0.2716 0.0618 -0.9604
vn -0.6497 -0.7476 0.1377
vn -0.9472 -0.2578 0.1907
vn -0.9475 -0.2532 0.1950
vn -0.3817 -0.8844 -0.2688
vn -0.2976 0.6319 0.7156
vn -0.0869 0.7256 0.6826
vn -0.0680 0.5500 0.8324
vn -0.2661 0.4572 0.8486
vn -0.8002 -0.4815 -0.3576
vn -0.9803 -0.1607 0.1145
vn -0.9383 -0.1319 0.3198
vn -0.7919 -0.2966 -0.5338
vn -0.1071 0.9536 0.2815
vn 0.0196 0.9707 0.2393
vn 0.0370 0.8701 0.4916
vn -0.0991 0.8355 0.5404
vn -0.4350 -0.6270 -0.6463
vn -0.0036 -0.9982 -0.0593
vn -0.0276 -0.9222 -0.3858
vn 0.1071 -0.9001 -0.4223
vn 0.1108 -0.9890 -0.0979
vn -0.5448 -0.8347 0.0799
vn -0.9301 -0.3416 0.1348
vn -0.9271 -0.3479 0.1396
vn -0.5455 -0.8332 0.0903
vn -0.9299 -0.3394 0.1417
vn -0.9339 -0.3264 0.1458
vn -0.9376 -0.3127 0.1519
vn -0.0744 0.9972 -0.0051
vn -0.0161 0.9997 -0.0178
vn -0.0774 0.9970 -0.0050
vn -0.5566 -0.8288 0.0575
vn -0.1818 -0.0089 -0.9833
vn -0.1899 -0.1181 -0.9747
vn -0.5670 -0.8230 0.0354
vn -0.9486 -0.2973 0.1083
vn -0.9413 -0.3135 0.1251
vn -0.5279 0.8466 0.0676
vn -0.1974 0.9802 0.0153
vn -0.2044 0.9787 0.0174
vn -0.2845 -0.9564 0.0665
vn -0.2122 0.9771 0.0186
vn -0.2455 0.9690 0.0282
vn -0.0906 0.9959 -0.0009
vn -0.0942 0.9955 0.0011
vn -0.2541 0.9666 0.0322
vn -0.9369 0.3125 0.1570
vn -0.6042 0.7912 0.0950
vn -0.6165 0.7803 0.1050
vn -0.9373 0.3050 0.1686
vn -0.0880 -0.9959 0.0215
vn -0.2475 -0.9675 0.0516
vn -0.2579 -0.9646 0.0554
vn -0.2122 -0.9763 0.0417
vn 0.8755 -0.3233 -0.3591
vn 0.5279 -0.8211 -0.2169
vn 0.5368 -0.8172 -0.2097
vn 0.8749 -0.3302 -0.3542
vn 0.5339 0.8144 -0.2274
vn 0.8719 0.3312 -0.3608
vn 0.8767 0.3178 -0.3612
vn 0.5526 0.8000 -0.2338
vn 0.5563 -0.8023 -0.2165
vn 0.8800 -0.3154 -0.3551
vn 0.8962 0.2684 -0.3532
vn 0.8892 0.2647 -0.3732
vn 0.6995 0.6966 -0.1595
vn 0.6369 0.7347 -0.2338
vn 0.1965 0.9760 -0.0938
vn 0.5114 0.8311 -0.2187
vn 0.5179 0.8263 -0.2212
vn 0.2041 0.9743 -0.0957
vn 0.5171 0.8182 -0.2513
vn 0.8532 0.3406 -0.3950
vn 0.8608 0.3604 -0.3594
vn 0.8656 0.3487 -0.3595
vn 0.5763 -0.7861 -0.2234
vn 0.8854 -0.2999 -0.3552
vn 0.5949 -0.7704 -0.2294
vn 0.8906 -0.2850 -0.3544
vn 0.2270 0.9682 -0.1047
vn 0.2404 0.9645 -0.1089
vn 0.2145 0.9716 -0.1001
vn 0.0163 0.9995 -0.0268
vn 0.0746 0.9961 -0.0464
vn 0.0788 0.9957 -0.0485
vn -0.0174 0.9997 -0.0183
vn 0.0838 0.9952 -0.0503
vn 0.0182 0.9994 -0.0282
vn -0.0717 0.9851 -0.1566
vn 0.0007 0.9846 -0.1748
vn 0.0043 0.9985 -0.0552
vn -0.0694 0.9967 -0.0429
vn -0.0710 0.9975 -0.0067
vn 0.0126 0.9995 -0.0277
vn 0.0719 0.9963 -0.0471
vn -0.0198 -0.9985 -0.0502
vn -0.0689 -0.9967 -0.0439
vn -0.0167 -0.9992 -0.0367
vn 0.0887 0.9947 -0.0517
vn -0.0208 0.9997 -0.0161
vn -0.6005 -0.7922 0.1085
vn -0.6154 -0.7797 0.1159
vn -0.5555 0.8283 0.0730
vn 0.0418 -0.2681 -0.9625
vn -0.0750 -0.2907 -0.9539
vn -0.0788 -0.0901 -0.9928
vn 0.0182 -0.0674 -0.9976
vn -0.1997 -0.3141 -0.9282
vn -0.1832 -0.1139 -0.9765
vn -0.1721 -0.0194 -0.9849
vn -0.0818 0.0065 -0.9966
vn -0.3726 -0.1492 -0.9159
vn -0.3404 -0.0567 -0.9386
vn 0.2711 -0.5142 -0.8137
vn 0.0745 -0.5856 -0.8072
vn 0.2130 -0.2193 -0.9521
vn -0.0616 -0.6140 -0.7869
vn -0.2046 -0.6321 -0.7474
vn -0.4151 -0.3402 -0.8437
vn 0.1619 -0.0230 -0.9865
vn 0.0013 0.0353 -0.9994
vn 0.1236 0.0895 -0.9883
vn 0.7542 0.3588 -0.5500
vn 0.6977 0.4570 -0.5516
vn 0.7521 0.5867 0.3003
vn 0.7798 0.5879 0.2154
vn -0.1190 -0.9925 -0.0277
vn -0.1648 -0.9240 -0.3451
vn 0.2860 -0.9524 -0.1057
vn 0.1097 -0.9931 -0.0405
vn 0.2975 -0.9399 -0.1676
vn -0.0004 -1.0000 -0.0031
vn -0.1083 -0.9938 0.0266
vn 0.3105 -0.8264 -0.4698
vn 0.6403 -0.7105 -0.2918
vn 0.6374 -0.5738 -0.5143
vn 0.8629 -0.1444 -0.4843
vn 0.8975 -0.2353 -0.3730
vn -0.0894 0.1081 -0.9901
vn -0.0977 0.0270 -0.9949
vn -0.1111 0.0302 -0.9934
vn -0.1030 0.1120 -0.9884
vn 0.2778 0.9536 -0.1161
vn 0.2934 0.9520 -0.0871
vn 0.9008 -0.2530 -0.3528
vn 0.6319 -0.7360 -0.2431
vn 0.8985 -0.2618 -0.3523
vn 0.6227 -0.7454 -0.2379
vn 0.3566 0.9311 0.0766
vn 0.5747 -0.3099 -0.7574
vn 0.7989 0.0176 -0.6012
vn 0.4870 -0.0801 -0.8697
vn 0.9349 0.1232 -0.3328
vn 0.4219 0.7939 0.4379
vn 0.8459 0.5238 0.1001
vn 0.8296 0.5196 0.2044
vn 0.4353 0.6736 0.5973
vn 0.0024 0.9997 0.0249
vn -0.1074 0.9927 0.0555
vn 0.1120 0.9936 -0.0138
vn 0.1475 0.9713 0.1865
vn -0.1044 0.9945 0.0125
vn -0.0010 0.9999 -0.0143
vn 0.1041 0.9933 -0.0506
vn -0.6626 0.3217 0.6764
vn -0.5888 0.1950 0.7844
vn -0.1140 0.1177 -0.9865
vn -0.1213 0.0348 -0.9920
vn -0.1337 0.0412 -0.9902
vn -0.1275 0.1251 -0.9839
vn 0.0481 0.7698 0.6365
vn 0.0607 0.6029 0.7955
vn -0.0839 0.0257 -0.9961
vn -0.0759 0.1050 -0.9916
vn -0.0654 0.1035 -0.9925
vn -0.0727 0.0260 -0.9970
vn -0.9273 -0.3225 -0.1902
vn -0.9635 -0.2551 -0.0816
vn -0.9712 -0.2383 -0.0000
vn -0.7658 -0.6120 -0.1975
vn -0.5832 -0.8123 -0.0000
vn -0.9265 -0.2212 -0.3043
vn -0.8778 -0.3908 -0.2770
vn -0.9669 -0.1661 -0.1939
vn -0.9895 -0.1198 -0.0808
vn -0.9945 -0.1047 -0.0000
vn -0.0622 0.5057 -0.8605
vn -0.0623 0.3691 -0.9273
vn -0.0744 0.3887 -0.9184
vn -0.0747 0.5251 -0.8478
vn -0.2764 0.5950 -0.7547
vn -0.2727 0.4488 -0.8510
vn -0.3582 0.4290 -0.8292
vn -0.3586 0.5603 -0.7467
vn -0.2697 0.3376 -0.9018
vn -0.3559 0.3316 -0.8737
vn -0.4677 0.4012 -0.7876
vn -0.4631 0.5070 -0.7270
vn -0.4656 0.3211 -0.8247
vn -0.2274 0.7740 -0.5909
vn -0.2188 0.6089 -0.7625
vn -0.2790 0.7591 -0.5882
vn -0.2124 0.4568 -0.8638
vn -0.2094 0.3388 -0.9172
vn -0.5787 0.3093 -0.7546
vn -0.5784 0.3782 -0.7228
vn -0.5717 0.4616 -0.6783
vn -0.4609 0.6417 -0.6130
vn -0.5530 0.5626 -0.6146
vn -0.3577 0.7158 -0.5998
vn -0.0644 0.2700 -0.9607
vn -0.0765 0.2852 -0.9554
vn -0.0685 0.1905 -0.9793
vn -0.0812 0.1992 -0.9766
vn -0.0890 0.4043 -0.9103
vn -0.0907 0.5412 -0.8360
vn -0.0905 0.2979 -0.9503
vn -0.1244 -0.4164 -0.9006
vn -0.1396 -0.6198 -0.7722
vn -0.1674 -0.6193 -0.7671
vn -0.1452 -0.4164 -0.8975
vn -0.0774 0.6921 -0.7176
vn -0.0635 0.6802 -0.7302
vn -0.0950 0.2070 -0.9737
vn -0.1070 0.2149 -0.9708
vn -0.1032 0.3090 -0.9455
vn -0.1028 0.4186 -0.9023
vn -0.1070 0.5571 -0.8235
vn -0.0963 0.7026 -0.7050
vn -0.1161 0.7157 -0.6887
vn -0.1894 -0.6279 -0.7549
vn -0.1630 -0.4236 -0.8911
vn -0.0999 -0.1362 -0.9856
vn -0.0902 -0.0361 -0.9953
vn -0.0786 -0.0368 -0.9962
vn -0.0874 -0.1396 -0.9863
vn -0.1982 -0.6426 -0.7402
vn -0.1292 -0.2702 -0.9541
vn -0.1123 -0.2728 -0.9555
vn -0.1725 -0.4349 -0.8838
vn -0.1441 -0.2715 -0.9516
vn -0.1533 -0.2747 -0.9492
vn -0.1215 0.3102 -0.9429
vn -0.1797 0.2942 -0.9387
vn -0.1216 0.1500 -0.9812
vn -0.0668 0.1524 -0.9861
vn -0.3509 0.2786 -0.8940
vn -0.2937 0.1552 -0.9432
vn -0.0927 0.0750 -0.9929
vn -0.0389 0.0735 -0.9965
vn -0.2641 0.0832 -0.9609
vn -0.1767 0.5736 -0.7999
vn -0.2009 0.5540 -0.8079
vn -0.1043 0.3206 -0.9414
vn -0.2678 0.5163 -0.8135
vn -0.4353 0.4571 -0.7756
vn -0.7320 0.3644 -0.5757
vn -0.6558 0.2542 -0.7109
vn -0.6104 0.1649 -0.7748
vn -0.5847 0.0989 -0.8052
vn -0.5743 0.0547 -0.8168
vn -0.2519 0.0444 -0.9667
vn -0.0808 0.0396 -0.9959
vn -0.0273 0.0385 -0.9989
vn -0.0257 0.0733 -0.9970
vn -0.0144 0.0380 -0.9992
vn -0.0527 0.1550 -0.9865
vn 0.9876 -0.1572 -0.0000
vn -0.1146 -0.1330 -0.9845
vn -0.1042 -0.0344 -0.9940
vn -0.1282 -0.1303 -0.9832
vn -0.1174 -0.0312 -0.9926
vn -0.6934 0.1557 -0.7035
vn -0.7019 0.0723 -0.7086
vn -0.8039 0.0717 -0.5904
vn -0.7939 0.1481 -0.5897
vn -0.6290 -0.6339 -0.4500
vn -0.5134 -0.7931 -0.3278
vn -0.5402 -0.8107 -0.2258
vn -0.6832 -0.6406 -0.3506
vn -0.1373 -0.1282 -0.9822
vn -0.6499 0.4519 -0.6111
vn -0.6712 0.3629 -0.6464
vn -0.7525 0.3403 -0.5638
vn -0.7080 0.4356 -0.5558
vn -0.6805 0.2948 -0.6709
vn -0.7728 0.2722 -0.5733
vn -0.8303 0.3009 -0.4691
vn -0.7733 0.3844 -0.5041
vn -0.8555 0.2395 -0.4591
vn -0.5899 0.5788 -0.5631
vn -0.6861 0.2343 -0.6888
vn -0.7838 0.2175 -0.5818
vn -0.8681 0.1938 -0.4571
vn -0.9325 0.1665 -0.3204
vn -0.9230 0.2004 -0.3284
vn -0.9029 0.2477 -0.3512
vn -0.8539 0.3094 -0.4186
vn -0.6570 0.4970 -0.5669
vn -0.6180 0.5663 -0.5454
vn -0.2404 -0.9241 -0.2970
vn -0.2282 -0.9613 -0.1544
vn -0.2706 -0.9511 -0.1488
vn -0.2814 -0.9145 -0.2908
vn -0.2256 -0.9718 -0.0686
vn -0.2689 -0.9610 -0.0644
vn -0.3812 -0.9105 -0.1604
vn -0.3724 -0.8840 -0.2826
vn -0.3786 -0.9219 -0.0822
vn -0.2345 -0.8417 -0.4864
vn -0.2209 -0.9269 -0.3035
vn -0.2612 -0.8383 -0.4787
vn -0.2115 -0.9641 -0.1606
vn -0.2097 -0.9750 -0.0731
vn -0.2096 -0.9778 -0.0000
vn -0.2254 -0.9743 -0.0000
vn -0.2695 -0.9630 -0.0000
vn -0.3781 -0.9258 -0.0000
vn -0.5588 -0.8163 -0.1462
vn -0.3783 -0.8059 -0.4555
vn -0.4709 -0.7709 -0.4290
vn -0.3060 -0.8277 -0.4703
vn -0.6812 -0.4650 -0.5655
vn -0.7617 -0.4549 -0.4613
vn -0.7257 -0.6355 -0.2635
vn -0.8245 -0.4331 -0.3643
vn -0.5374 -0.6368 -0.5529
vn -0.5785 -0.4721 -0.6652
vn -0.7038 -0.3009 -0.6436
vn -0.9830 0.1576 -0.0938
vn -0.9897 0.1433 -0.0000
vn -0.9869 0.1611 -0.0000
vn -0.9773 0.1782 -0.1143
vn -0.8701 -0.2633 -0.4167
vn -0.7966 -0.2885 -0.5312
vn -0.9333 0.2320 -0.2741
vn -0.9558 0.1953 -0.2198
vn -0.9663 0.1642 -0.1981
vn -0.9868 0.1387 -0.0832
vn -0.9917 0.1287 -0.0000
vn -0.9928 0.1200 -0.0000
vn -0.9888 0.1264 -0.0790
vn -0.9063 0.2380 -0.3494
vn -0.9714 0.1426 -0.1899
vn -0.9720 0.1887 -0.1400
vn -0.9847 0.1741 -0.0000
vn -0.0697 0.9589 -0.2751
vn -0.0594 0.9776 -0.2019
vn -0.0631 0.9312 -0.3590
vn -0.0779 0.9156 -0.3944
vn -0.7099 0.0027 -0.7043
vn -0.7129 -0.1211 -0.6907
vn -0.8124 -0.1130 -0.5720
vn -0.8115 0.0058 -0.5843
vn -0.8867 0.0709 -0.4569
vn -0.8780 0.1367 -0.4588
vn -0.8906 -0.0964 -0.4444
vn -0.8920 0.0125 -0.4519
vn -0.9939 0.0792 -0.0763
vn -0.9912 0.1077 -0.0770
vn -0.5921 -0.0004 -0.8059
vn -0.9467 -0.0690 -0.3148
vn -0.9969 0.0793 -0.0000
vn -0.9945 0.1047 -0.0000
vn -0.9488 0.0249 -0.3150
vn -0.0823 0.9136 -0.3983
vn -0.1002 0.8950 -0.4346
vn -0.0643 0.8373 -0.5430
vn -0.0797 0.8343 -0.5455
vn -0.1017 0.8311 -0.5468
vn -0.1049 0.8539 -0.5097
vn -0.9969 -0.0109 -0.0785
vn -1.0000 -0.0029 -0.0000
vn -0.9986 0.0529 -0.0000
vn -0.9958 0.0500 -0.0765
vn -0.1256 0.8328 -0.5392
vn -0.1272 0.8768 -0.4638
vn -0.9815 0.0399 -0.1875
vn -0.9808 -0.0357 -0.1915
vn -0.0692 -0.0378 -0.9969
vn -0.0773 -0.1444 -0.9865
vn -0.0585 0.0254 -0.9980
vn -0.0527 0.0998 -0.9936
vn -0.0589 0.0250 -0.9980
vn -0.2870 -0.6792 -0.6755
vn -0.3461 -0.6720 -0.6548
vn -0.2603 0.7692 -0.5836
vn -0.2773 0.8625 -0.4232
vn -0.3551 0.8140 -0.4597
vn -0.3345 0.7194 -0.6087
vn -0.2784 0.8578 -0.4320
vn -0.3568 0.8124 -0.4613
vn -0.4831 0.7101 -0.5122
vn -0.4798 0.6257 -0.6151
vn -0.4734 0.7200 -0.5075
vn -0.2277 0.7881 -0.5718
vn -0.2389 0.8772 -0.4164
vn -0.2341 0.8717 -0.4305
vn -0.2970 -0.4794 -0.8258
vn -0.3686 -0.4819 -0.7950
vn -0.4304 -0.6553 -0.6208
vn -0.4662 -0.4788 -0.7439
vn -0.2482 -0.6798 -0.6901
vn -0.2482 -0.4730 -0.8453
vn -0.1133 -0.6327 -0.7660
vn -0.0920 -0.6543 -0.7506
vn -0.0571 0.1020 -0.9931
vn -0.0638 0.0259 -0.9976
vn -0.0635 -0.0391 -0.9972
vn -0.0711 -0.1497 -0.9862
vn 0.7998 0.2923 -0.5243
vn 0.5137 0.7662 -0.3862
vn -0.0977 -0.2802 -0.9550
vn -0.0592 0.1841 -0.9811
vn -0.0503 0.1441 -0.9883
vn -0.0490 0.1640 -0.9852
vn -0.0507 0.1645 -0.9851
vn -0.0506 0.1438 -0.9883
vn -0.0497 0.1633 -0.9853
vn -0.0790 -0.3043 -0.9493
vn -0.0859 -0.2915 -0.9527
vn -0.0802 -0.6788 -0.7299
vn -0.1059 -0.4260 -0.8985
vn -0.0911 -0.4433 -0.8917
vn -0.0827 -0.4637 -0.8821
vn 0.6400 0.7683 -0.0000
vn 0.4934 0.6069 -0.6231
vn 0.4097 0.7217 -0.5579
vn 0.5007 0.8656 -0.0000
vn -0.0514 0.9851 -0.1641
vn -0.0451 0.9878 -0.1490
vn -0.0477 0.9419 -0.3326
vn -0.0541 0.9392 -0.3391
vn -0.0416 0.9887 -0.1439
vn -0.0441 0.9421 -0.3325
vn -0.0496 0.8331 -0.5509
vn -0.0555 0.8370 -0.5444
vn -0.0463 0.8287 -0.5577
vn -0.0508 0.9987 -0.0000
vn -0.0438 0.9990 -0.0000
vn -0.0406 0.9992 -0.0000
vn -0.0472 0.6432 -0.7642
vn -0.0500 0.6544 -0.7545
vn -0.0555 0.6672 -0.7428
vn -0.0526 0.3138 -0.9480
vn -0.0589 0.3000 -0.9521
vn -0.0561 0.3557 -0.9329
vn -0.0553 0.3533 -0.9339
vn -0.0553 0.3534 -0.9339
vn -0.0484 0.4635 -0.8848
vn -0.0464 0.3223 -0.9455
vn -0.0458 0.2316 -0.9717
vn -0.0470 0.3127 -0.9487
vn -0.0439 0.3034 -0.9519
vn -0.0484 0.2271 -0.9727
vn -0.0465 0.3571 -0.9329
vn -0.0465 0.3030 -0.9519
vn -0.0477 0.3044 -0.9513
vn -0.0474 0.3619 -0.9310
vn -0.0561 0.2584 -0.9644
vn -0.0547 0.3526 -0.9342
vn -0.0547 0.4862 -0.8721
vn -0.0445 0.3621 -0.9311
vn -0.0451 0.3044 -0.9515
vn -0.0449 0.3023 -0.9521
vn -0.0454 0.3603 -0.9317
vn -0.0463 0.2184 -0.9748
vn -0.0475 0.2223 -0.9738
vn -0.0469 0.1888 -0.9809
vn -0.0490 0.1743 -0.9835
vn -0.0467 0.2396 -0.9698
vn -0.0070 -0.9990 -0.0440
vn -0.0081 -0.9944 -0.1058
vn -0.0245 -0.9701 -0.2413
vn -0.0112 -0.9735 -0.2285
vn -0.0141 -0.9999 -0.0000
vn -0.0066 -1.0000 -0.0000
vn 0.0995 0.1416 -0.9849
vn -0.0732 0.8974 -0.4350
vn -0.0018 0.8934 -0.4493
vn 0.0708 0.8816 -0.4667
vn 0.0707 0.9787 -0.1929
vn 0.0703 0.9949 -0.0726
vn -0.0557 0.5787 -0.8137
vn -0.2164 0.8845 -0.4132
vn -0.0037 0.5760 -0.8174
vn 0.0491 0.5405 -0.8399
vn 0.1966 0.8327 -0.5177
vn 0.1968 0.9511 -0.2382
vn 0.1935 0.9739 -0.1184
vn -0.0695 0.9974 -0.0180
vn -0.0221 0.9995 -0.0238
vn -0.0179 0.9997 -0.0188
vn -0.5722 0.8173 -0.0671
vn -0.2054 0.9709 -0.1232
vn -0.1968 0.9802 -0.0214
vn -0.5503 0.8342 0.0341
vn -0.1946 0.9809 0.0018
vn 0.5241 -0.7663 -0.3716
vn 0.8162 -0.2308 -0.5297
vn -0.5827 -0.7582 -0.2925
vn -0.9257 -0.2237 -0.3051
vn -0.9643 -0.2649 0.0006
vn -0.5895 -0.8068 -0.0405
vn -0.5757 0.7213 -0.3851
vn -0.9055 0.2767 -0.3218
vn 0.1651 -0.9274 -0.3356
vn 0.1798 -0.9670 -0.1805
vn 0.1877 -0.9720 -0.1412
vn -0.9233 0.3664 0.1148
vn -0.5359 0.8423 0.0570
vn -0.9179 0.3763 0.1260
vn -0.9429 0.3330 -0.0076
vn -0.9548 -0.2841 0.0876
vn -0.5795 -0.8148 0.0181
vn -0.0011 -0.9961 -0.0882
vn -0.0649 -0.9948 -0.0780
vn -0.0673 -0.9961 -0.0569
vn -0.1823 -0.9584 -0.2195
vn -0.6716 -0.1533 -0.7249
vn -0.1515 0.0487 -0.9873
vn -0.1463 0.1330 -0.9803
vn -0.9310 0.3534 0.0911
vn -0.1918 -0.9811 -0.0269
vn -0.1882 -0.9797 -0.0690
vn 0.0563 -0.9718 -0.2292
vn -0.0009 -0.9819 -0.1892
vn 0.0632 -0.9913 -0.1159
vn -0.0604 -0.9797 -0.1913
vn -0.0220 0.9997 -0.0146
vn -0.0988 0.9951 0.0039
vn -0.1907 -0.9807 -0.0422
vn 0.0163 -0.9997 -0.0173
vn 0.3196 0.8127 -0.4871
vn 0.3693 0.9293 -0.0000
vn 0.2220 0.2944 -0.9296
vn 0.2078 0.3960 -0.8944
vn 0.5633 0.4870 -0.6675
vn 0.7628 0.6466 -0.0000
vn 0.1835 0.4949 -0.8494
vn 0.2269 0.8485 -0.4781
vn 0.2517 0.9084 0.3340
vn 0.2328 0.2142 -0.9486
vn 0.0924 0.0994 -0.9907
vn 0.0876 0.1393 -0.9864
vn 0.0828 0.1945 -0.9774
vn 0.0768 0.2664 -0.9608
vn 0.0646 0.3143 -0.9471
vn 0.1327 0.5427 -0.8294
vn -0.9705 0.1781 -0.1623
vn -0.9857 0.1682 -0.0000
vn -0.9902 0.1393 -0.0000
vn -0.9727 0.1454 -0.1808
vn -0.8862 0.2068 -0.4146
vn -0.8710 0.1581 -0.4651
vn -0.9950 0.0994 -0.0000
vn -0.9757 0.1026 -0.1935
vn -0.8618 0.1057 -0.4961
vn -0.9982 0.0593 -0.0000
vn -0.9780 0.0610 -0.1996
vn 0.5385 0.8426 -0.0000
vn 0.4187 0.6661 -0.6172
vn 0.5591 0.4247 -0.7121
vn 0.8080 0.5891 -0.0000
vn -0.8584 0.0612 -0.5093
vn 0.6192 0.2953 -0.7276
vn 0.9097 0.4154 -0.0000
vn 0.1958 0.4451 -0.8738
vn 0.2212 0.2258 -0.9487
vn 0.2298 0.1382 -0.9634
vn 0.6336 0.2659 -0.7266
vn 0.9259 0.3777 -0.0000
vn 0.0456 0.3339 -0.9415
vn 0.0721 0.1612 -0.9843
vn 0.0842 0.0883 -0.9925
vn 0.0900 0.0620 -0.9940
vn 0.2328 0.1128 -0.9660
vn -0.3925 0.8714 0.2942
vn -0.3142 0.5867 -0.7464
vn -0.7361 0.2608 -0.6246
vn -0.9053 0.4247 -0.0000
vn -0.1727 0.1525 -0.9731
vn -0.3028 0.1014 -0.9476
vn -0.0796 0.6717 -0.7365
vn -0.0468 0.8749 0.4821
vn -0.4688 0.0409 -0.8823
vn -0.8698 0.0072 -0.4933
vn -0.1268 0.2241 -0.9663
vn -0.1649 0.0698 -0.9838
vn -0.1797 0.0509 -0.9824
vn -0.1982 0.0426 -0.9792
vn -0.4761 0.0294 -0.8789
vn -0.9506 -0.0390 -0.3079
vn -0.9991 -0.0419 -0.0000
vn -0.9997 -0.0227 -0.0000
vn -0.9700 -0.0239 -0.2421
vn -0.7102 -0.0159 -0.7039
vn -0.9387 -0.0381 -0.3426
vn -0.7419 -0.0200 -0.6702
vn -0.9990 -0.0448 -0.0000
vn -0.9821 0.0308 -0.1857
vn -0.9996 0.0282 -0.0000
vn -1.0000 0.0099 -0.0000
vn -0.9897 0.0142 -0.1422
vn 0.0083 0.0284 -0.9996
vn -0.0053 0.0235 -0.9997
vn -0.0099 0.0318 -0.9994
vn 0.0049 0.0378 -0.9993
vn -0.8911 0.0075 -0.4537
vn -1.0000 -0.0042 -0.0000
vn -0.8924 0.0079 -0.4512
vn -0.8014 -0.0115 -0.5980
vn -0.2002 0.0300 -0.9793
vn -0.2819 0.0184 -0.9593
vn -0.2670 0.0313 -0.9632
vn -0.2053 0.0435 -0.9777
vn -0.4110 0.0071 -0.9116
vn -0.4392 0.0141 -0.8983
vn -0.2035 0.0493 -0.9778
vn -0.4745 0.0340 -0.8796
vn -0.1377 0.0300 -0.9900
vn -0.2602 0.0352 -0.9649
vn -0.2744 0.0207 -0.9614
vn -0.1786 0.0249 -0.9836
vn -0.0665 0.0305 -0.9973
vn -0.0948 0.0421 -0.9946
vn -0.3956 0.0115 -0.9183
vn -0.8676 -0.0034 -0.4972
vn -0.4640 0.0223 -0.8856
vn -0.2292 0.0423 -0.9725
vn -0.2052 0.0506 -0.9774
vn -0.9998 -0.0223 -0.0000
vn -0.8883 -0.0059 -0.4591
vn -0.9858 -0.0117 -0.1676
vn -0.1731 0.0640 -0.9828
vn -0.1962 0.0548 -0.9790
vn -0.1316 0.0487 -0.9901
vn -0.0234 0.0249 -0.9994
vn -0.0778 0.0246 -0.9967
vn -0.1255 0.0379 -0.9914
vn -0.0494 0.0297 -0.9983
vn -0.2729 0.0275 -0.9617
vn -0.3219 0.0407 -0.9459
vn -0.3770 0.0498 -0.9249
vn -0.2097 0.0470 -0.9766
vn -0.3886 0.0299 -0.9209
vn -0.0104 0.0250 -0.9996
vn -0.5929 0.0333 -0.8046
vn -0.6453 0.0367 -0.7631
vn -0.6859 0.0070 -0.7277
vn -0.9373 -0.0219 -0.3479
vn -0.9994 -0.0335 -0.0004
vn -0.0933 0.0347 -0.9950
vn -0.0044 0.0218 -0.9998
vn -0.0167 0.0236 -0.9996
vn -0.0281 0.0254 -0.9993
vn -0.0428 0.0249 -0.9988
vn -0.8712 0.0347 -0.4897
vn -0.9033 0.0260 -0.4282
vn 0.0093 0.0248 -0.9996
vn -0.9492 0.0111 -0.3146
vn -0.9764 -0.0009 -0.2160
vn 0.9136 0.4065 -0.0000
vn 0.6296 0.2848 -0.7228
vn 0.6213 0.3242 -0.7133
vn 0.8887 0.4584 -0.0000
vn -0.9311 0.0080 -0.3646
vn -0.6740 0.0345 -0.7379
vn 0.6041 0.3878 -0.6962
vn 0.8446 0.5355 -0.0000
vn 0.2339 0.1148 -0.9655
vn 0.2360 0.1301 -0.9630
vn 0.2371 0.1601 -0.9582
vn 0.0924 0.0566 -0.9941
vn 0.0939 0.0606 -0.9937
vn 0.0947 0.0738 -0.9928
vn 0.1651 0.8769 0.4515
vn 0.1457 0.8252 -0.5457
vn 0.0711 0.7812 -0.6202
vn 0.0964 0.8833 0.4589
vn 0.0328 0.0344 -0.9989
vn 0.0078 0.0272 -0.9996
vn 0.0343 0.0342 -0.9988
vn -0.0044 0.0252 -0.9997
vn 0.0336 0.0397 -0.9986
vn -0.0476 0.0421 -0.9980
vn -0.0806 0.0511 -0.9954
vn 0.0297 0.0435 -0.9986
vn 0.0043 0.0385 -0.9993
vn -0.0082 0.0376 -0.9993
vn -0.1616 0.0609 -0.9850
vn -0.1094 0.0659 -0.9918
vn -0.0217 0.0441 -0.9988
vn -0.0004 0.0536 -0.9986
vn -0.0212 0.0313 -0.9993
vn 0.0310 0.0538 -0.9981
vn 0.0262 0.0759 -0.9968
vn -0.0076 0.0776 -0.9970
vn 0.0208 0.1074 -0.9940
vn -0.0379 0.0621 -0.9973
vn -0.0697 0.0938 -0.9932
vn -0.0151 0.1180 -0.9929
vn 0.0149 0.1556 -0.9877
vn -0.0893 0.1291 -0.9876
vn -0.0143 0.2053 -0.9786
vn -0.0134 0.0242 -0.9996
vn 0.0233 0.2680 -0.9631
vn 0.0021 0.7380 -0.6748
vn 0.0326 0.8824 0.4694
vn 0.0687 0.4849 -0.8719
vn 0.0114 0.3945 -0.9188
vn -0.0630 0.2995 -0.9520
vn -0.2029 -0.6572 -0.7259
vn -0.2176 -0.8282 -0.5164
vn -0.2168 -0.8363 -0.5035
vn -0.2100 -0.6685 -0.7135
vn -0.1812 -0.4467 -0.8761
vn -0.1942 -0.4568 -0.8681
vn -0.2210 -0.8408 -0.4942
vn -0.2237 -0.6761 -0.7021
vn -0.2154 -0.4654 -0.8585
vn -0.1633 -0.2781 -0.9466
vn -0.2029 -0.2851 -0.9368
vn -0.1784 -0.2813 -0.9429
vn -0.1434 0.8065 -0.5736
vn -0.1583 0.8675 -0.4716
vn -0.1876 0.8693 -0.4573
vn -0.1779 0.7904 -0.5862
vn -0.1521 0.8415 -0.5185
vn -0.1784 0.8551 -0.4867
vn -0.2137 0.8756 -0.4333
vn -0.2055 0.7905 -0.5770
vn -0.2047 0.8677 -0.4530
vn -0.0892 0.5870 -0.8046
vn -0.1389 0.7337 -0.6652
vn -0.1637 0.7536 -0.6366
vn -0.1918 0.7696 -0.6090
vn -0.1592 0.5786 -0.7999
vn -0.1319 0.5777 -0.8055
vn -0.2252 -0.9180 -0.3265
vn -0.2264 -0.9576 -0.1783
vn -0.2176 -0.9607 -0.1726
vn -0.2186 -0.9228 -0.3173
vn -0.2266 -0.9704 -0.0831
vn -0.2179 -0.9726 -0.0806
vn -0.2108 -0.9632 -0.1666
vn -0.2155 -0.9259 -0.3102
vn -0.2103 -0.9746 -0.0770
vn -0.2266 -0.9740 -0.0000
vn -0.2181 -0.9759 -0.0000
vn -0.2105 -0.9776 -0.0000
vn -0.0297 0.3086 -0.9507
vn -0.0689 0.3163 -0.9461
vn -0.0267 0.1501 -0.9883
vn 0.0048 0.1467 -0.9892
vn -0.0920 0.3225 -0.9421
vn -0.0439 0.1544 -0.9870
vn -0.0052 0.0714 -0.9974
vn 0.0219 0.0734 -0.9971
vn -0.0189 0.0725 -0.9972
vn -0.1263 0.5753 -0.8081
vn -0.1200 0.4333 -0.8932
vn -0.1419 0.4462 -0.8836
vn -0.1497 0.5936 -0.7907
vn -0.1190 0.3201 -0.9399
vn -0.1399 0.3296 -0.9337
vn -0.1711 0.4551 -0.8738
vn -0.1790 0.6066 -0.7746
vn -0.1685 0.3360 -0.9267
vn -0.1217 0.2236 -0.9670
vn -0.1417 0.2315 -0.9625
vn -0.1697 0.2387 -0.9561
vn -0.1387 -0.0211 -0.9901
vn -0.1481 -0.1246 -0.9811
vn -0.1645 -0.1207 -0.9790
vn -0.1559 -0.0145 -0.9877
vn -0.1776 0.0553 -0.9825
vn -0.1731 0.1403 -0.9749
vn 0.8894 0.2852 -0.3572
vn 0.6001 0.7610 -0.2462
vn -0.1271 -0.0269 -0.9915
vn -0.2154 0.0596 -0.9747
vn 0.0156 0.0782 0.9968
vn 0.0976 0.1217 0.9878
vn 0.1025 0.1921 0.9760
vn 0.0176 0.1454 0.9892
vn 0.1888 0.1898 0.9635
vn 0.1948 0.2768 0.9410
vn 0.1002 0.4325 0.8961
vn 0.0178 0.3772 0.9259
vn 0.1829 0.4999 0.8466
vn -0.1180 0.0308 0.9925
vn 0.0095 0.0733 0.9973
vn -0.1125 0.0401 0.9928
vn 0.0909 0.1143 0.9893
vn 0.1815 0.1736 0.9679
vn 0.3671 0.3453 0.8637
vn 0.3596 0.4687 0.8069
vn 0.3065 0.6879 0.6579
vn 0.2135 0.8507 0.4804
vn 0.1443 0.8299 0.5390
vn 0.0726 0.7909 0.6076
vn -0.0010 0.7495 0.6621
vn -0.1246 0.3997 0.9081
vn -0.0745 0.7169 0.6932
vn -0.1181 0.1275 0.9848
vn 0.4064 0.0897 -0.9093
vn 0.3367 0.2063 -0.9187
vn 0.4037 0.8649 0.2984
vn 0.1762 0.8848 0.4314
vn 0.8439 0.3233 -0.4282
vn 0.7385 0.6668 -0.1002
vn 0.4205 0.5065 0.7528
vn 0.3877 0.3787 0.8404
vn 0.0717 0.3733 0.9249
vn 0.0790 0.2039 0.9758
vn -0.0155 0.1585 0.9872
vn -0.0404 0.3206 0.9464
vn 0.1976 0.6398 0.7427
vn 0.1940 0.4230 0.8851
vn 0.1834 0.2594 0.9482
vn -0.3146 0.7487 0.5835
vn 0.1883 0.7941 0.5780
vn -0.2120 0.2457 0.9459
vn -0.1620 0.1037 0.9813
vn -0.9813 -0.0507 0.1856
vn -0.9688 -0.0917 0.2302
vn -0.7355 -0.1106 -0.6685
vn -0.7613 -0.1677 -0.6264
vn -0.5398 0.1284 0.8320
vn -0.4653 0.0233 0.8848
vn -0.9387 0.1762 0.2964
vn -0.6931 0.5048 0.5146
vn -0.9234 0.1624 0.3479
vn -0.9395 0.2678 0.2136
vn -0.1355 0.8662 -0.4810
vn -0.1080 0.9858 -0.1285
vn -0.0133 0.9825 -0.1857
vn -0.0508 0.8605 -0.5068
vn -0.0540 0.9683 0.2438
vn 0.0276 0.9831 0.1807
vn 0.0676 0.9673 -0.2446
vn 0.0221 0.8456 -0.5334
vn 0.1036 0.9884 0.1106
vn -0.2372 0.6006 -0.7635
vn -0.3124 0.8012 -0.5104
vn -0.1564 0.6050 -0.7807
vn -0.3108 0.9505 -0.0027
vn -0.1868 0.8701 0.4562
vn 0.2382 0.9675 0.0850
vn 0.1883 0.9231 -0.3354
vn 0.1132 0.7693 -0.6287
vn -0.0192 0.6024 -0.7980
vn 0.0395 0.5996 -0.7993
vn -0.0845 0.6038 -0.7927
vn -0.7822 -0.0636 -0.6197
vn -0.9357 -0.0574 0.3480
vn -0.9229 0.2273 0.3109
vn -0.7837 0.1493 -0.6029
vn -0.3836 -0.0019 0.9235
vn -0.4034 0.1635 0.9003
vn -0.7021 0.6814 0.2066
vn -0.6077 0.5415 -0.5810
vn -0.3512 0.5763 0.7379
vn 0.3626 0.3100 0.8789
vn -0.3382 -0.0346 -0.9405
vn -0.7519 -0.1057 -0.6507
vn -0.3533 -0.0147 -0.9354
vn -0.9364 -0.1254 0.3278
vn -0.3898 -0.0293 0.9204
vn -0.3362 0.3497 -0.8745
vn -0.3648 0.0897 -0.9268
vn -0.0196 0.0774 -0.9968
vn -0.0983 0.0398 -0.9944
vn -0.1027 0.0995 -0.9897
vn -0.0228 0.1389 -0.9900
vn -0.1854 0.0145 -0.9826
vn -0.1922 0.0826 -0.9779
vn -0.1015 0.2886 -0.9520
vn -0.0278 0.3075 -0.9512
vn -0.1846 0.2793 -0.9423
vn 0.0968 0.1340 -0.9862
vn -0.0152 0.0659 -0.9977
vn 0.0942 0.1536 -0.9836
vn -0.0922 0.0303 -0.9953
vn -0.1769 0.0027 -0.9842
vn 0.0758 0.4081 -0.9098
vn 0.0895 0.2312 -0.9688
vn 0.6843 0.6273 0.3718
vn 0.6324 0.5837 -0.5092
vn 0.5492 0.6786 -0.4876
vn 0.6007 0.7335 0.3182
vn 0.2895 0.3073 -0.9065
vn 0.2672 0.4105 -0.8718
vn 0.3808 0.8149 -0.4369
vn 0.4357 0.8740 0.2154
vn 0.2030 0.5968 -0.7762
vn 0.7108 0.5902 0.3827
vn 0.6507 0.5470 -0.5268
vn 0.2929 0.2733 -0.9163
vn 0.3011 0.2568 -0.9183
vn 0.6600 0.5198 -0.5424
vn 0.1039 0.1265 -0.9865
vn 0.7251 0.5885 0.3577
vn 0.6507 0.5470 -0.5267
vn 0.7108 0.5902 0.3828
vn -0.0865 0.0293 -0.9958
vn -0.0091 0.0630 -0.9980
vn 0.3669 0.3226 0.8725
vn -0.1714 0.0016 -0.9852
vn -0.3316 -0.0364 -0.9427
vn -0.9527 -0.1196 0.2793
vn -0.7330 -0.1039 -0.6722
vn -0.3382 -0.0346 -0.9404
vn -0.4177 -0.0189 0.9084
vn -0.1330 0.0470 0.9900
vn -0.9363 -0.1254 0.3279
vn -0.7520 -0.1057 -0.6507
vn -0.3898 -0.0294 0.9204
vn 0.0848 0.1334 0.9874
vn 0.0002 0.0921 0.9957
vn 0.1789 0.1906 0.9652
vn 0.0202 0.9994 -0.0278
vn 0.0942 0.9942 -0.0526
vn 0.0982 0.9938 -0.0530
vn 0.0209 0.9994 -0.0270
vn -0.0274 0.9994 -0.0192
vn -0.1004 0.9949 -0.0000
vn 0.1011 0.9935 -0.0529
vn 0.0091 0.9997 -0.0240
vn -0.1010 0.9949 0.0045
vn -0.2383 0.9708 0.0255
vn 0.2527 0.9610 -0.1124
vn 0.2629 0.9580 -0.1148
vn 0.2711 0.9555 -0.1164
vn 0.0953 -0.9950 -0.0310
vn 0.0209 -0.9998 -0.0056
vn 0.0194 -0.9998 -0.0036
vn 0.1015 -0.9943 -0.0327
vn -0.2646 0.9636 0.0379
vn -0.2722 0.9613 0.0423
vn -0.6250 0.7724 0.1126
vn 0.6104 -0.7567 -0.2341
vn 0.8950 -0.2722 -0.3533
vn -0.9429 -0.2890 0.1658
vn -0.9452 -0.2739 0.1775
vn -0.6324 -0.7643 0.1266
vn 0.2563 -0.9622 -0.0925
vn 0.2681 -0.9585 -0.0967
vn 0.2783 -0.9552 -0.1006
vn -0.9374 0.2967 0.1825
vn -0.9377 0.2922 0.1880
vn -0.1001 -0.9946 0.0258
vn -0.0279 -0.9996 0.0096
vn 0.0083 -1.0000 -0.0031
vn 0.1075 -0.9936 -0.0355
vn -0.1038 -0.9942 0.0272
vn -0.0366 -0.9993 0.0124
vn 0.0196 -0.9998 -0.0050
vn -0.9403 -0.3020 0.1572
vn -0.2705 -0.9608 0.0606
vn -0.6435 -0.7537 0.1336
vn -0.2795 -0.9580 0.0644
vn -0.9372 0.3003 0.1772
vn -0.1058 -0.9940 0.0281
vn -0.9361 0.3189 0.1487
vn -0.5935 0.8000 0.0879
vn -0.9464 -0.2640 0.1861
vn -0.9300 0.3425 0.1334
vn -0.5936 0.8000 0.0879
vn -0.9361 0.3188 0.1487
vn -0.9350 0.3242 0.1435
vn -0.5842 0.8074 0.0831
vn -0.3925 0.8714 0.2943
vn -0.9997 -0.0238 -0.0000
vn 0.2517 0.9083 0.3341
vn 0.1651 0.8769 0.4514
vn 0.0964 0.8833 0.4588
vn 0.2625 0.1755 -0.9488
vn 0.2359 0.1935 -0.9523
vn 0.0014 0.3097 -0.9508
vn 0.0203 0.2516 -0.9676
vn -0.0252 0.3739 -0.9271
vn -0.0241 0.3729 -0.9275
vn 0.0108 0.2796 -0.9600
vn 0.0374 0.1967 -0.9798
vn 0.0034 0.3201 -0.9474
vn -0.0067 0.3440 -0.9390
vn 0.0008 0.3115 -0.9502
vn 0.0139 0.2695 -0.9629
vn 0.0293 0.2402 -0.9703
vn -0.0066 0.3434 -0.9392
vn 0.0015 0.3097 -0.9508
vn 0.0202 0.2516 -0.9676
vn 0.0283 0.2313 -0.9725
vn 0.0021 0.3134 -0.9496
vn -0.0387 0.3660 -0.9298
vn -0.0474 0.2219 -0.9739
vn -0.0485 0.1929 -0.9800
vn 0.1512 0.0900 -0.9844
vn 0.1644 0.1152 -0.9796
vn -0.0506 0.1638 -0.9852
vn -0.0484 0.2247 -0.9732
vn -0.0475 0.2221 -0.9739
vn -0.0498 0.1634 -0.9853
vn -0.0458 0.3588 -0.9323
vn -0.0508 0.1436 -0.9883
vn -0.0508 0.1434 -0.9884
vn -0.0544 0.2486 -0.9671
vn -0.0547 0.1803 -0.9821
vn -0.0524 0.1798 -0.9823
vn -0.0479 0.2510 -0.9668
vn -0.0530 0.2453 -0.9680
vn -0.0531 0.2453 -0.9680
vn -0.9403 -0.3019 0.1572
vn -0.5890 -0.8015 0.1036
vn -0.9377 -0.3126 0.1519
vn -0.2122 0.9770 0.0186
vn -0.9271 -0.3478 0.1396
vn -0.9299 -0.3393 0.1417
vn -0.1004 0.9950 -0.0000
vn -0.0274 0.9994 -0.0191
vn 0.0090 0.9997 -0.0241
vn -0.1010 0.9949 0.0044
vn -0.1906 -0.9808 -0.0422
vn -0.5670 -0.8229 0.0354
vn -0.9234 0.3663 0.1148
vn -0.0673 -0.9961 -0.0568
vn -0.9300 0.3425 0.1335
vn -0.6436 -0.7537 0.1336
vn -0.9464 -0.2639 0.1861
vn -0.9472 -0.2577 0.1907
vn -0.2383 0.9709 0.0255
vn -0.9487 -0.2972 0.1083
vn -0.1059 -0.9940 0.0281
vn -0.2795 -0.9580 0.0643
vn -0.0178 0.9997 -0.0188
vn -0.6250 0.7725 0.1125
vn -0.9374 0.2966 0.1825
vn 0.0208 -0.9998 -0.0056
vn -0.0181 -0.9998 0.0057
vn -0.2476 -0.9675 0.0516
vn -0.0696 0.9974 -0.0181
vn -0.6626 0.3218 0.6763
vn -0.9804 -0.1606 0.1145
vn 0.8950 -0.2721 -0.3533
vn 0.8985 -0.2617 -0.3523
vn 0.8894 0.2852 -0.3573
vn 0.8939 0.2750 -0.3540
vn 0.9009 -0.2529 -0.3528
vn 0.1425 -0.0479 -0.9886
vn 0.1259 -0.0248 -0.9917
vn 0.8975 -0.2352 -0.3730
vn 0.3691 -0.1289 -0.9204
vn 0.6224 0.1893 -0.7594
vn 0.1442 0.0407 -0.9887
vn -0.9387 0.1761 0.2964
vn 0.8755 -0.3232 -0.3591
vn 0.8750 -0.3301 -0.3542
vn 0.8719 0.3311 -0.3608
vn 0.8656 0.3486 -0.3595
vn -0.0589 0.0249 -0.9980
vn -0.9395 0.2677 0.2135
vn -0.9480 -0.2526 0.1935
vn -0.9231 0.3625 0.1284
vn -0.9413 -0.3134 0.1251
vn -0.8115 0.0059 -0.5843
vn -0.8920 0.0126 -0.4519
vn -0.8040 0.0716 -0.5904
vn -0.0635 -0.0390 -0.9972
vn -0.0991 0.8355 0.5405
vn -0.1042 -0.0343 -0.9940
vn -0.1111 0.0301 -0.9934
vn -0.0727 0.0259 -0.9970
vn 0.8162 -0.2307 -0.5297
vn -0.0839 0.0258 -0.9961
vn -0.5921 -0.0004 -0.8058
vn -0.7099 0.0026 -0.7043
vn -0.6500 0.1504 -0.7449
vn -0.9055 0.2766 -0.3218
vn -0.6716 -0.1532 -0.7249
vn -0.9643 -0.2648 0.0005
vn -0.1515 0.0486 -0.9873
vn -0.2856 0.0622 -0.9563
vn 0.1841 -0.0936 -0.9784
vn 0.8767 0.3177 -0.3612
vn -0.1776 0.0553 -0.9826
vn 0.7989 0.0177 -0.6012
vn 0.8906 -0.2849 -0.3545
vn -0.2716 0.0617 -0.9604
vn -0.9377 0.2921 0.1881
vn -0.9476 -0.2531 0.1950
vn 0.8892 0.2646 -0.3732
vn 0.8629 -0.1443 -0.4843
vn -0.9458 0.0728 -0.3164
vn -0.9795 0.0768 -0.1862
vn -0.9958 0.0501 -0.0765
vn -0.9939 0.0791 -0.0763
vn 0.8723 -0.2644 -0.4113
vn 0.8533 0.3404 -0.3950
vn 0.0370 0.8700 0.4917
vn 0.0481 0.7698 0.6364
vn 0.8854 -0.2997 -0.3552
vn 0.8815 0.3046 -0.3607
vn 0.1883 0.7941 0.5779
vn 0.8809 -0.2912 -0.3732
vn 0.8608 0.3603 -0.3594
vn -0.9369 0.3124 0.1570
vn -0.9373 0.3049 0.1686
vn -0.9453 -0.2738 0.1775
vn -0.9429 -0.2889 0.1658
vn -0.9986 0.0530 -0.0000
vn -0.9339 -0.3263 0.1459
vn -0.9328 0.3332 0.1376
vn -0.1376 0.0300 -0.9900
vn -0.0133 0.0242 -0.9996
vn -0.0100 0.0317 -0.9994
vn -0.0211 0.0313 -0.9993
vn -0.0475 0.0421 -0.9980
vn -0.0218 0.0441 -0.9988
vn -0.2051 0.0506 -0.9774
vn -0.2036 0.0492 -0.9778
vn -0.1962 0.0549 -0.9790
vn -0.9311 0.0079 -0.3646
vn -0.9764 -0.0020 -0.2159
vn -0.2096 0.0470 -0.9767
vn -0.6859 0.0070 -0.7276
vn -0.0380 0.0621 -0.9973
vn -0.8911 0.0076 -0.4537
vn -0.8676 -0.0034 -0.4973
vn -1.0000 -0.0064 -0.0012
vn -0.2762 -0.0056 0.9611
vn -0.3589 -0.0056 0.9334
vn -0.3645 -0.1257 0.9227
vn -0.2830 -0.1221 0.9513
vn -0.3517 0.1523 0.9237
vn -0.4609 0.1557 0.8737
vn -0.4639 0.0671 0.8833
vn -0.3543 0.0638 0.9330
vn -0.4688 -0.0037 0.8833
vn -0.4731 -0.1269 0.8718
vn -0.0993 -0.1851 0.9777
vn -0.2746 -0.2983 0.9141
vn -0.3035 -0.0750 0.9499
vn -0.1009 -0.0481 0.9937
vn -0.2092 0.2427 0.9473
vn -0.2679 0.2456 0.9316
vn -0.2683 0.1487 0.9518
vn -0.2116 0.1455 0.9665
vn -0.2198 -0.0060 0.9755
vn -0.2273 -0.1190 0.9665
vn 0.6104 0.7523 0.2479
vn 0.6188 0.7452 0.2485
vn 0.8939 0.2751 0.3540
vn 0.8921 0.2792 0.3553
vn -0.2920 -0.2986 0.9086
vn -0.2386 -0.2912 0.9264
vn -0.3699 -0.3052 0.8775
vn -0.4740 -0.3081 0.8249
vn -0.5959 -0.1251 0.7933
vn -0.5922 -0.3066 0.7452
vn -0.5801 0.1575 0.7991
vn -0.5857 0.0707 0.8074
vn -0.9398 0.1245 0.3181
vn -0.9757 0.1147 0.1865
vn -0.9795 0.0767 0.1862
vn -0.9458 0.0729 0.3164
vn -0.4621 0.2468 0.8518
vn -0.5783 0.2436 0.7786
vn -0.3528 0.2471 0.9025
vn 0.0327 0.3101 0.9501
vn 0.0584 0.2539 0.9655
vn 0.1415 0.2208 0.9650
vn 0.1142 0.2910 0.9499
vn 0.0346 0.3128 0.9492
vn 0.0197 0.3167 0.9483
vn 0.0243 0.2625 0.9646
vn 0.0353 0.2596 0.9651
vn 0.0244 0.6312 0.7752
vn 0.0179 0.4138 0.9102
vn 0.0729 0.3983 0.9144
vn 0.0744 0.6129 0.7866
vn 0.0419 0.1775 0.9832
vn 0.0760 0.1343 0.9880
vn 0.0454 0.1447 0.9884
vn 0.0337 0.1904 0.9811
vn 0.0303 0.2087 0.9775
vn 0.0108 0.2796 0.9601
vn 0.0053 0.2974 0.9547
vn 0.0260 0.2313 0.9725
vn 0.0283 0.2156 0.9761
vn 0.0147 0.2686 0.9632
vn 0.0037 0.3198 0.9475
vn -0.0060 0.4280 0.9038
vn -0.0053 0.6404 0.7680
vn 0.0433 0.1344 0.9900
vn 0.0401 0.1683 0.9849
vn 0.1865 0.3452 0.9198
vn 0.2839 0.4886 0.8250
vn 0.1694 0.5638 0.8084
vn 0.1142 0.2911 0.9499
vn 0.2084 0.2399 0.9482
vn 0.2501 0.1949 0.9484
vn 0.2159 0.1832 0.9591
vn 0.2429 0.1851 0.9522
vn 0.2827 0.1824 0.9417
vn 0.2153 0.1618 0.9631
vn 0.2503 0.1701 0.9531
vn 0.2084 0.1456 0.9671
vn 0.2153 0.1617 0.9631
vn 0.0353 0.9901 0.1361
vn 0.0333 0.9481 0.3161
vn 0.0813 0.9438 0.3204
vn 0.0827 0.9871 0.1373
vn -0.0373 -0.9977 0.0569
vn -0.0416 -0.9898 0.1359
vn -0.0618 -0.9870 0.1485
vn -0.0576 -0.9964 0.0629
vn -0.1014 -0.9815 0.1621
vn -0.0982 -0.9928 0.0692
vn -0.0516 -0.9566 0.2869
vn -0.0706 -0.9483 0.3096
vn -0.1076 -0.9377 0.3304
vn -0.0251 -0.9984 0.0516
vn -0.1469 -0.9862 0.0760
vn -0.1493 -0.9734 0.1740
vn -0.1518 -0.9263 0.3449
vn -0.1134 -0.8264 0.5515
vn -0.1496 -0.8123 0.5637
vn -0.0834 -0.8450 0.5282
vn -0.0670 -0.8635 0.4999
vn -0.0383 -0.9640 0.2630
vn -0.0536 -0.8822 0.4679
vn -0.0290 -0.9920 0.1231
vn 0.0297 0.8367 0.5468
vn 0.0779 0.8270 0.5568
vn 0.0039 0.9907 0.1360
vn 0.1412 0.9797 0.1426
vn 0.3039 0.9395 0.1579
vn 0.1457 0.9311 0.3343
vn 0.3073 0.8810 0.3598
vn 0.1551 0.8016 0.5774
vn 0.2971 0.7350 0.6095
vn -0.0030 -0.9993 0.0381
vn -0.0033 -0.9958 0.0912
vn -0.0030 -0.9954 0.0961
vn -0.0023 -0.9992 0.0404
vn -0.0013 0.8398 0.5429
vn 0.0023 0.9492 0.3148
vn -0.0018 -0.9994 0.0359
vn 0.0009 -0.9994 0.0353
vn 0.0040 -0.9965 0.0840
vn 0.0006 -0.9964 0.0852
vn 0.0133 -0.9833 0.1815
vn 0.0078 -0.9826 0.1856
vn 0.0047 -0.9994 0.0355
vn 0.0084 -0.9964 0.0845
vn 0.0196 -0.9835 0.1797
vn -0.0031 -0.9993 0.0363
vn -0.0021 -0.9962 0.0874
vn 0.0020 -0.9814 0.1922
vn 0.0205 -0.9377 0.3469
vn 0.0096 -0.9323 0.3615
vn 0.0296 -0.9416 0.3354
vn 0.0394 -0.9441 0.3274
vn 0.0281 -0.9832 0.1805
vn 0.0520 -0.9445 0.3244
vn 0.0151 -0.9962 0.0855
vn 0.0108 -0.9993 0.0362
vn 0.2122 0.2119 0.9540
vn 0.1583 0.2722 0.9491
vn 0.2096 0.2304 0.9502
vn 0.3041 0.3138 0.8995
vn 0.2396 0.2216 0.9452
vn 0.1985 0.1515 0.9683
vn 0.2427 0.1950 0.9503
vn 0.2767 0.2017 0.9396
vn 0.4249 0.4169 0.8035
vn 0.1573 0.3864 0.9088
vn 0.1387 0.2979 0.9445
vn 0.1532 0.2880 0.9453
vn 0.1936 0.3672 0.9098
vn 0.2635 0.3030 0.9158
vn 0.2490 0.4668 0.8486
vn 0.1981 0.4809 0.8541
vn 0.2583 0.6501 0.7146
vn 0.3810 0.2336 0.8946
vn 0.3441 0.4323 0.8335
vn 0.2491 0.4668 0.8486
vn 0.3135 0.6375 0.7038
vn 0.2122 0.2342 0.9488
vn 0.2807 0.7828 0.5554
vn 0.3086 0.7855 0.5365
vn 0.4369 0.6069 0.6639
vn 0.3619 0.7617 0.5374
vn 0.5089 0.3879 0.7684
vn 0.5547 0.1778 0.8128
vn 0.4136 0.0767 0.9072
vn 0.5766 0.0269 0.8165
vn 0.2935 0.1536 0.9435
vn 0.0242 -0.9990 0.0376
vn 0.0468 -0.9981 0.0406
vn 0.0521 -0.9942 0.0945
vn 0.0294 -0.9956 0.0890
vn 0.0681 -0.9786 0.1943
vn 0.0442 -0.9816 0.1859
vn 0.1065 -0.9930 0.0508
vn 0.1102 -0.9877 0.1113
vn 0.1124 -0.9733 0.2003
vn 0.0738 -0.9417 0.3283
vn 0.1034 -0.9356 0.3375
vn 0.1435 -0.9282 0.3434
vn 0.1035 -0.9356 0.3375
vn 0.2190 -0.9421 0.2539
vn 0.1969 -0.9207 0.3368
vn 0.2252 -0.9603 0.1645
vn 0.2264 -0.9707 0.0806
vn 0.4108 0.7322 0.5433
vn 0.3035 0.8599 0.4104
vn 0.3227 0.9044 0.2791
vn 0.4708 0.8049 0.3613
vn 0.3390 0.9276 0.1572
vn 0.5043 0.8378 0.2095
vn 0.3213 0.8606 0.3952
vn 0.3545 0.8913 0.2828
vn 0.3957 0.9054 0.1536
vn 0.5333 0.5476 0.6448
vn 0.4708 0.8048 0.3613
vn 0.6212 0.6411 0.4507
vn 0.5043 0.8377 0.2095
vn 0.6740 0.6844 0.2781
vn 0.5425 0.8229 0.1690
vn 0.4834 0.8145 0.3206
vn 0.4174 0.7902 0.4487
vn 0.7261 0.1478 0.6716
vn 0.8633 0.1603 0.4786
vn 0.8131 0.3735 0.4465
vn 0.6799 0.3614 0.6380
vn 0.6785 0.6225 0.3902
vn 0.5698 0.6068 0.5541
vn 0.9498 0.1864 0.2513
vn 0.8870 0.4006 0.2295
vn 0.7433 0.6386 0.1992
vn 0.7350 0.0071 0.6780
vn 0.9640 0.0339 0.2636
vn 0.8695 0.0171 0.4936
vn 0.4480 0.6245 0.6397
vn 0.5204 0.5587 0.6457
vn 0.5989 0.6770 0.4278
vn 0.4963 0.7798 0.3815
vn 0.6229 0.7441 0.2415
vn 0.5013 0.8465 0.1794
vn 0.5204 0.5587 0.6458
vn 0.5437 0.5219 0.6573
vn 0.6323 0.6261 0.4563
vn 0.5990 0.6769 0.4278
vn 0.6687 0.6889 0.2796
vn 0.0004 0.9905 0.1373
vn -0.0030 0.9476 0.3193
vn -0.0015 0.9485 0.3169
vn 0.0017 0.9906 0.1365
vn -0.0004 0.9491 0.3149
vn 0.0020 0.9907 0.1363
vn -0.0097 0.8373 0.5466
vn -0.0075 0.8392 0.5437
vn -0.0055 0.8402 0.5423
vn -0.0025 0.9904 0.1384
vn -0.0109 0.6445 0.7646
vn -0.0143 0.6466 0.7627
vn -0.0173 0.6463 0.7629
vn -0.0131 0.8344 0.5509
vn -0.0209 0.6434 0.7652
vn -0.0065 0.9464 0.3230
vn -0.0027 -0.9796 0.2011
vn -0.0037 -0.9777 0.2099
vn 0.0002 -0.9264 0.3766
vn -0.0028 -0.9217 0.3880
vn -0.0014 -0.9992 0.0412
vn -0.0017 -0.9950 0.0994
vn -0.0024 -0.9766 0.2152
vn -0.0017 -0.9205 0.3908
vn 0.0510 -0.6863 0.7256
vn 0.0094 -0.8004 0.5993
vn 0.0123 -0.7862 0.6178
vn 0.0326 -0.5829 0.8119
vn -0.0221 0.3562 0.9341
vn -0.0203 0.3349 0.9420
vn -0.0190 0.3352 0.9420
vn -0.0186 0.3555 0.9345
vn -0.0192 0.3351 0.9420
vn -0.0112 0.3334 0.9427
vn -0.0144 0.3498 0.9367
vn -0.0350 0.3266 0.9445
vn -0.0204 0.3349 0.9420
vn -0.0221 0.3562 0.9342
vn -0.0291 0.3511 0.9359
vn -0.0178 0.3720 0.9281
vn -0.0162 0.3697 0.9290
vn -0.0092 0.3436 0.9391
vn -0.0006 0.3170 0.9484
vn 0.0128 0.2860 0.9581
vn -0.0044 0.3361 0.9418
vn -0.0108 0.3446 0.9387
vn -0.0052 0.3299 0.9440
vn -0.0136 0.3617 0.9322
vn -0.0139 0.3639 0.9313
vn -0.0542 0.2894 0.9557
vn -0.0543 0.2991 0.9527
vn -0.0480 0.3070 0.9505
vn -0.0442 0.3045 0.9515
vn -0.0297 0.3451 0.9381
vn -0.0333 0.3421 0.9391
vn -0.0509 0.2986 0.9530
vn -0.0443 0.3045 0.9515
vn -0.0316 0.3463 0.9376
vn -0.0366 0.3193 0.9469
vn -0.0257 0.4530 0.8911
vn -0.0170 0.4518 0.8919
vn -0.0124 0.4424 0.8968
vn -0.0058 0.3446 0.9387
vn 0.0002 0.3240 0.9460
vn 0.0012 0.3170 0.9484
vn -0.0064 0.3444 0.9388
vn 0.0179 0.2768 0.9607
vn 0.0179 0.2769 0.9607
vn 0.0129 0.2887 0.9573
vn 0.0263 0.2599 0.9653
vn 0.0285 0.2521 0.9673
vn 0.0028 0.3136 0.9496
vn -0.0081 0.3227 0.9465
vn -0.0194 0.3326 0.9429
vn -0.0200 0.3319 0.9431
vn -0.0434 0.3605 0.9317
vn -0.0434 0.3603 0.9318
vn -0.0448 0.3049 0.9513
vn -0.0449 0.3057 0.9511
vn -0.0438 0.6363 0.7702
vn -0.0447 0.4449 0.8944
vn -0.0397 0.4434 0.8955
vn -0.0371 0.6363 0.7706
vn -0.0598 0.2372 0.9696
vn -0.0444 0.3134 0.9486
vn -0.0440 0.3085 0.9502
vn -0.0543 0.2328 0.9710
vn -0.0444 0.3133 0.9486
vn -0.0593 0.2367 0.9698
vn -0.0456 0.3186 0.9468
vn -0.0338 0.3689 0.9289
vn -0.0384 0.3662 0.9297
vn -0.0411 0.3250 0.9448
vn -0.0357 0.9891 0.1430
vn -0.0382 0.9423 0.3327
vn -0.0275 0.9435 0.3303
vn -0.0245 0.9897 0.1414
vn -0.0479 0.1906 0.9805
vn -0.0483 0.1931 0.9800
vn -0.0466 0.2192 0.9746
vn -0.0455 0.2198 0.9745
vn -0.0321 0.4478 0.8935
vn -0.0277 0.6400 0.7678
vn -0.0298 0.3702 0.9285
vn -0.0382 0.3312 0.9428
vn -0.0574 0.2758 0.9595
vn -0.0560 0.2544 0.9655
vn -0.0710 0.2448 0.9670
vn -0.0665 0.2557 0.9645
vn -0.0681 0.2105 0.9752
vn -0.0705 0.2174 0.9735
vn -0.0415 0.8264 0.5616
vn -0.0326 0.8276 0.5603
vn -0.0149 0.9450 0.3268
vn -0.0111 0.9901 0.1397
vn -0.0212 0.8311 0.5558
vn -0.0683 -0.7078 0.7031
vn -0.0513 -0.7430 0.6673
vn -0.0676 -0.5457 0.8353
vn -0.0741 -0.4923 0.8672
vn -0.0007 -0.9991 0.0422
vn -0.0010 -0.9949 0.1013
vn -0.0008 -0.9948 0.1023
vn -0.0007 -0.9991 0.0427
vn -0.0012 -0.9947 0.1030
vn -0.0010 -0.9991 0.0430
vn -0.0013 -0.9760 0.2176
vn -0.0012 -0.9757 0.2189
vn -0.0018 -0.9753 0.2209
vn -0.0022 -0.9991 0.0433
vn -0.0026 -0.9946 0.1037
vn -0.0036 -0.9747 0.2236
vn -0.0039 -0.9195 0.3931
vn -0.0070 -0.9159 0.4014
vn -0.0016 -0.9214 0.3887
vn -0.0006 -0.9213 0.3889
vn -0.0362 -0.8994 0.4357
vn -0.0178 -0.9103 0.4136
vn -0.0332 -0.7834 0.6207
vn -0.0737 -0.3237 0.9433
vn -0.0872 -0.3758 0.9226
vn 0.8723 -0.2645 0.4113
vn 0.8808 -0.2913 0.3732
vn 0.5334 -0.8103 0.2428
vn 0.5386 -0.7931 0.2845
vn -0.0852 -0.6934 0.7155
vn -0.0220 -0.8321 0.5542
vn -0.1913 -0.6015 0.7756
vn -0.0662 -0.8558 0.5131
vn -0.1907 -0.8707 0.4533
vn -0.0019 -0.8880 0.4599
vn -0.0122 -0.8730 0.4876
vn 0.0059 -0.8746 0.4848
vn -0.0020 -0.9433 0.3318
vn -0.0316 -0.9241 0.3808
vn 0.0231 -0.9186 0.3944
vn 0.0102 -0.8393 0.5436
vn -0.0523 -0.9600 0.2749
vn -0.0016 -0.9688 0.2477
vn 0.0437 -0.9495 0.3108
vn 0.0480 -0.8384 0.5430
vn 0.1502 -0.8171 0.5567
vn 0.4374 -0.8525 0.2863
vn 0.3868 -0.8296 0.4026
vn 0.4697 -0.8700 0.1500
vn 0.6415 -0.6530 0.4026
vn 0.5416 -0.6398 0.5453
vn 0.3145 -0.8121 0.4915
vn 0.7120 -0.6679 0.2167
vn 0.4282 -0.6366 0.6414
vn 0.6344 -0.4608 0.6207
vn 0.5036 -0.4633 0.7292
vn 0.7552 -0.4644 0.4625
vn 0.8453 -0.4715 0.2514
vn 0.1723 -0.8281 0.5335
vn 0.1281 -0.8368 0.5323
vn 0.2305 -0.8147 0.5321
vn 0.2446 -0.6544 0.7155
vn 0.1855 -0.6617 0.7265
vn 0.0943 -0.8389 0.5360
vn 0.3224 -0.6433 0.6944
vn 0.1380 -0.6601 0.7384
vn 0.2250 -0.4787 0.8487
vn 0.1662 -0.4727 0.8654
vn 0.2958 -0.4749 0.8289
vn 0.3838 -0.4688 0.7956
vn 0.2958 -0.4749 0.8288
vn 0.0584 -0.8230 0.5650
vn 0.0440 -0.8088 0.5864
vn 0.0740 -0.8336 0.5474
vn 0.0864 -0.6281 0.7733
vn 0.0669 -0.6033 0.7947
vn 0.0269 -0.7939 0.6075
vn 0.1088 -0.6481 0.7537
vn 0.0466 -0.5812 0.8124
vn 0.0815 -0.4096 0.9086
vn 0.0602 -0.3964 0.9161
vn 0.1037 -0.4287 0.8975
vn 0.1295 -0.4532 0.8820
vn 0.1283 0.0877 0.9879
vn 0.1604 -0.0155 0.9869
vn 0.0844 -0.0436 0.9955
vn 0.0919 0.0363 0.9951
vn 0.1208 -0.5542 0.8236
vn 0.0536 -0.4039 0.9132
vn 0.0596 0.9617 0.2676
vn -0.0127 0.9825 0.1857
vn -0.0417 0.9792 0.1987
vn -0.0537 0.9721 0.2284
vn 0.0082 0.9264 0.3764
vn 0.2096 0.8858 0.4141
vn -0.0096 0.6930 0.7209
vn -0.0440 0.9113 0.4095
vn 0.1111 0.7603 0.6400
vn -0.1948 -0.9166 0.3490
vn -0.1957 -0.9637 0.1817
vn -0.0687 -0.1584 0.9850
vn -0.0630 -0.0414 0.9972
vn -0.0499 0.1673 0.9846
vn -0.0537 0.0995 0.9936
vn -0.0869 0.1124 0.9899
vn -0.0701 0.1852 0.9802
vn -0.0977 0.0289 0.9948
vn -0.2856 0.0623 0.9563
vn -0.2067 0.1979 0.9582
vn 0.6879 -0.3070 0.6577
vn 0.8157 -0.3084 0.4894
vn 0.8404 -0.2146 0.4977
vn 0.7103 -0.2141 0.6706
vn -0.0151 -0.9988 0.0468
vn -0.0179 -0.9936 0.1119
vn -0.1075 0.2632 0.9587
vn -0.4207 0.4471 0.7894
vn -0.1612 0.5222 0.8375
vn 0.0716 -0.2309 0.9703
vn 0.0751 -0.2226 0.9720
vn 0.0920 -0.0981 0.9909
vn 0.0806 -0.1135 0.9903
vn -0.6499 0.1504 0.7450
vn -0.4884 -0.5953 0.6381
vn -0.0161 -0.9998 0.0083
vn -0.0774 -0.9968 -0.0186
vn -0.0745 -0.9972 -0.0044
vn 0.0790 -0.9966 0.0250
vn 0.0840 -0.9961 0.0268
vn 0.0184 -0.9998 0.0046
vn 0.0173 -0.9998 0.0042
vn -0.0182 -0.9998 -0.0057
vn -0.0837 -0.9963 -0.0203
vn -0.0798 -0.9966 -0.0192
vn -0.9327 0.3333 -0.1375
vn -0.9350 0.3243 -0.1435
vn -0.5842 0.8073 -0.0831
vn -0.5696 0.8183 -0.0774
vn 0.1955 -0.9743 0.1118
vn 0.2044 -0.9750 0.0867
vn 0.0746 -0.9965 0.0369
vn 0.0715 -0.9953 0.0646
vn 0.0682 -0.9935 0.0917
vn 0.0140 -0.9989 0.0454
vn 0.0044 -0.9975 0.0708
vn -0.6298 0.7679 -0.1170
vn -0.6352 0.7624 -0.1235
vn -0.2814 0.9583 -0.0500
vn -0.2765 0.9599 -0.0451
vn -0.0715 -0.9971 0.0246
vn -0.2047 -0.9784 -0.0269
vn -0.1964 -0.9805 0.0034
vn -0.2185 -0.9749 -0.0432
vn -0.2286 -0.9724 -0.0458
vn -0.5716 -0.8147 -0.0973
vn -0.5559 -0.8261 -0.0929
vn -0.2184 0.9757 -0.0199
vn -0.2280 0.9734 -0.0223
vn -0.0834 0.9965 0.0035
vn -0.0798 0.9968 0.0045
vn -0.2397 -0.9696 -0.0490
vn -0.5889 -0.8015 -0.1036
vn -0.0206 -0.9998 -0.0064
vn -0.0952 -0.9952 -0.0240
vn -0.0911 -0.9956 -0.0225
vn -0.0877 0.9961 0.0021
vn -0.0191 0.9997 0.0176
vn -0.0182 0.9997 0.0181
vn 0.2285 -0.9701 0.0823
vn 0.2425 -0.9662 0.0874
vn 0.0896 -0.9956 0.0288
vn 0.2154 -0.9735 0.0775
vn 0.7202 -0.1620 0.6746
vn 0.8513 -0.1602 0.4995
vn 0.8624 -0.0849 0.4990
vn 0.7300 -0.0902 0.6775
vn 0.9120 -0.3122 0.2661
vn 0.9384 -0.2151 0.2704
vn 0.9496 -0.1582 0.2707
vn 0.9600 -0.0774 0.2691
vn 0.2493 -0.2886 0.9244
vn 0.3262 -0.3035 0.8953
vn 0.3355 -0.1872 0.9232
vn 0.2538 -0.1456 0.9562
vn 0.5503 -0.3076 0.7763
vn 0.4375 -0.1474 0.8870
vn 0.5775 -0.1601 0.8006
vn 0.5826 -0.0834 0.8084
vn 0.4325 -0.0546 0.9000
vn 0.5706 0.7855 0.2394
vn 0.5868 0.7722 0.2435
vn 0.8859 0.2936 0.3592
vn 0.8815 0.3047 0.3607
vn 0.4485 0.5901 0.6713
vn 0.6224 0.1894 0.7594
vn 0.3561 0.0575 0.9327
vn 0.2461 -0.0488 0.9680
vn 0.3315 -0.1092 0.9371
vn 0.3184 0.0063 0.9480
vn 0.2326 0.0816 0.9691
vn 0.4212 -0.3080 0.8531
vn 0.4355 -0.2077 0.8759
vn 0.3316 -0.1092 0.9371
vn 0.1004 -0.2047 0.9737
vn 0.1180 -0.1992 0.9728
vn 0.1259 -0.0249 0.9917
vn 0.1219 -0.0503 0.9913
vn 0.1829 -0.2609 0.9479
vn 0.1382 0.0594 0.9886
vn 0.1760 0.0126 0.9843
vn 0.1645 0.1461 0.9755
vn 0.1339 0.1871 0.9732
vn 0.1841 -0.0937 0.9784
vn 0.5697 -0.2131 0.7938
vn 0.1442 0.0408 0.9887
vn 0.1303 0.0770 0.9885
vn 0.1390 0.1917 0.9716
vn 0.1755 0.1429 0.9740
vn 0.1710 -0.1113 0.9790
vn 0.1580 -0.2821 0.9463
vn 0.1414 -0.2254 0.9639
vn 0.1425 -0.0480 0.9886
vn 0.1123 -0.0209 0.9935
vn 0.1471 0.0709 0.9866
vn -0.9480 -0.2527 -0.1935
vn -0.6740 -0.7306 -0.1093
vn -0.7413 -0.6654 0.0877
vn -0.9555 -0.2583 -0.1425
vn 0.1072 0.0881 0.9903
vn 0.3104 -0.4656 0.8288
vn 0.3691 -0.1290 0.9204
vn 0.6312 -0.1726 0.7562
vn 0.4481 -0.6509 0.6128
vn 0.0996 0.1416 0.9849
vn 0.1749 0.1301 0.9760
vn -0.1945 -0.9775 0.0813
vn -0.2243 -0.9115 0.3447
vn -0.2270 -0.9564 0.1838
vn -0.2268 -0.9703 0.0845
vn -0.8310 -0.5376 0.1427
vn -0.9129 -0.4030 0.0647
vn -0.1858 -0.8066 0.5611
vn -0.2324 -0.9689 0.0846
vn -0.2322 -0.9555 0.1821
vn -0.2297 -0.9134 0.3361
vn -0.2119 -0.8090 0.5483
vn -0.2186 -0.8181 0.5320
vn -0.9231 0.3626 -0.1284
vn -0.9279 0.3489 -0.1315
vn -0.5458 0.8349 -0.0706
vn -0.5332 0.8433 -0.0678
vn -0.2905 0.9520 -0.0966
vn -0.6493 0.7419 -0.1676
vn -0.6875 0.6331 -0.3558
vn -0.3151 0.8905 -0.3282
vn -0.2908 -0.9545 -0.0668
vn -0.3100 -0.9506 -0.0177
vn -0.6568 -0.7409 -0.1402
vn -0.2716 0.0618 0.9604
vn -0.6497 -0.7476 -0.1377
vn -0.9475 -0.2532 -0.1950
vn -0.9472 -0.2578 -0.1907
vn -0.3817 -0.8844 0.2688
vn -0.2976 0.6319 -0.7157
vn -0.2661 0.4572 -0.8486
vn -0.0680 0.5500 -0.8324
vn -0.0869 0.7256 -0.6827
vn -0.8002 -0.4815 0.3576
vn -0.7919 -0.2966 0.5338
vn -0.9383 -0.1319 -0.3198
vn -0.9804 -0.1606 -0.1145
vn -0.1071 0.9535 -0.2816
vn -0.0991 0.8355 -0.5404
vn 0.0370 0.8700 -0.4916
vn 0.0197 0.9707 -0.2395
vn -0.4349 -0.6270 0.6464
vn -0.0036 -0.9982 0.0593
vn 0.1108 -0.9890 0.0979
vn 0.1070 -0.9002 0.4222
vn -0.0276 -0.9221 0.3860
vn -0.5448 -0.8347 -0.0799
vn -0.5455 -0.8332 -0.0903
vn -0.9271 -0.3479 -0.1396
vn -0.9301 -0.3416 -0.1348
vn -0.9339 -0.3264 -0.1458
vn -0.9299 -0.3394 -0.1417
vn -0.9376 -0.3127 -0.1519
vn -0.0744 0.9972 0.0051
vn -0.0774 0.9970 0.0050
vn -0.0161 0.9997 0.0178
vn -0.5566 -0.8288 -0.0575
vn -0.1818 -0.0089 0.9833
vn -0.1898 -0.1184 0.9747
vn -0.5670 -0.8230 -0.0354
vn -0.9413 -0.3135 -0.1251
vn -0.9486 -0.2973 -0.1083
vn -0.5279 0.8466 -0.0676
vn -0.2044 0.9787 -0.0174
vn -0.1975 0.9802 -0.0153
vn -0.2845 -0.9564 -0.0665
vn -0.2122 0.9771 -0.0186
vn -0.2455 0.9690 -0.0282
vn -0.2541 0.9666 -0.0322
vn -0.0942 0.9955 -0.0011
vn -0.0906 0.9959 0.0009
vn -0.9369 0.3125 -0.1570
vn -0.9373 0.3050 -0.1686
vn -0.6165 0.7803 -0.1050
vn -0.6042 0.7912 -0.0950
vn -0.0880 -0.9959 -0.0215
vn -0.2580 -0.9646 -0.0555
vn -0.2475 -0.9675 -0.0516
vn -0.2122 -0.9763 -0.0417
vn 0.8755 -0.3233 0.3591
vn 0.8750 -0.3302 0.3542
vn 0.5368 -0.8172 0.2097
vn 0.5279 -0.8211 0.2169
vn 0.5341 0.8142 0.2275
vn 0.5526 0.8000 0.2338
vn 0.8767 0.3178 0.3612
vn 0.8719 0.3312 0.3608
vn 0.8800 -0.3154 0.3551
vn 0.5563 -0.8022 0.2165
vn 0.8962 0.2685 0.3532
vn 0.6368 0.7347 0.2338
vn 0.6995 0.6966 0.1595
vn 0.8892 0.2647 0.3732
vn 0.1966 0.9760 0.0938
vn 0.2041 0.9743 0.0957
vn 0.5179 0.8264 0.2212
vn 0.5114 0.8311 0.2187
vn 0.5172 0.8182 0.2511
vn 0.8607 0.3604 0.3595
vn 0.8532 0.3406 0.3950
vn 0.8656 0.3487 0.3595
vn 0.5763 -0.7861 0.2234
vn 0.8854 -0.2999 0.3552
vn 0.8906 -0.2850 0.3544
vn 0.5949 -0.7704 0.2294
vn 0.2270 0.9682 0.1047
vn 0.2404 0.9645 0.1089
vn 0.2145 0.9716 0.1001
vn 0.0163 0.9995 0.0268
vn 0.0788 0.9957 0.0485
vn 0.0746 0.9961 0.0464
vn 0.0182 0.9994 0.0282
vn 0.0838 0.9952 0.0503
vn -0.0717 0.9851 0.1566
vn -0.0694 0.9967 0.0428
vn 0.0043 0.9985 0.0552
vn 0.0007 0.9846 0.1748
vn -0.0714 0.9974 0.0068
vn 0.0126 0.9995 0.0277
vn 0.0722 0.9963 0.0471
vn -0.0198 -0.9985 0.0502
vn -0.0167 -0.9992 0.0367
vn -0.0689 -0.9967 0.0439
vn 0.0888 0.9947 0.0517
vn -0.0208 0.9997 0.0161
vn -0.6154 -0.7797 -0.1159
vn -0.6005 -0.7922 -0.1085
vn -0.5555 0.8283 -0.0730
vn 0.0418 -0.2681 0.9625
vn 0.0181 -0.0675 0.9976
vn -0.0788 -0.0902 0.9928
vn -0.0750 -0.2907 0.9539
vn -0.1832 -0.1139 0.9765
vn -0.1997 -0.3141 0.9281
vn -0.0818 0.0065 0.9966
vn -0.1721 -0.0194 0.9849
vn -0.3726 -0.1492 0.9159
vn -0.3404 -0.0567 0.9386
vn 0.2709 -0.5146 0.8135
vn 0.2129 -0.2189 0.9522
vn 0.0745 -0.5856 0.8072
vn -0.0616 -0.6140 0.7869
vn -0.2046 -0.6321 0.7474
vn -0.4151 -0.3402 0.8438
vn 0.1620 -0.0229 0.9865
vn 0.1236 0.0895 0.9883
vn 0.0013 0.0353 0.9994
vn 0.7542 0.3588 0.5500
vn 0.7798 0.5879 -0.2154
vn 0.7521 0.5866 -0.3003
vn 0.6977 0.4570 0.5516
vn -0.1189 -0.9925 0.0278
vn -0.1649 -0.9239 0.3452
vn 0.2860 -0.9524 0.1057
vn 0.2975 -0.9399 0.1676
vn 0.1097 -0.9931 0.0405
vn -0.0004 -1.0000 0.0031
vn -0.1085 -0.9937 -0.0267
vn 0.3105 -0.8264 0.4698
vn 0.6403 -0.7105 0.2918
vn 0.8975 -0.2353 0.3730
vn 0.8629 -0.1444 0.4843
vn 0.6374 -0.5738 0.5143
vn -0.0893 0.1078 0.9902
vn -0.1030 0.1120 0.9884
vn -0.1111 0.0302 0.9934
vn -0.0977 0.0270 0.9949
vn 0.2777 0.9536 0.1160
vn 0.2934 0.9520 0.0871
vn 0.9009 -0.2530 0.3528
vn 0.6319 -0.7360 0.2430
vn 0.8985 -0.2618 0.3523
vn 0.6227 -0.7454 0.2379
vn 0.3565 0.9311 -0.0765
vn 0.5747 -0.3100 0.7573
vn 0.7989 0.0176 0.6012
vn 0.9349 0.1232 0.3328
vn 0.4870 -0.0801 0.8697
vn 0.4219 0.7939 -0.4379
vn 0.4353 0.6736 -0.5973
vn 0.8296 0.5196 -0.2044
vn 0.8460 0.5238 -0.1001
vn 0.0024 0.9997 -0.0249
vn -0.1074 0.9927 -0.0555
vn 0.1123 0.9936 0.0136
vn 0.1475 0.9713 -0.1866
vn -0.1044 0.9945 -0.0125
vn -0.0005 0.9999 0.0139
vn 0.1041 0.9933 0.0506
vn -0.6626 0.3217 -0.6764
vn -0.5888 0.1950 -0.7844
vn -0.1140 0.1177 0.9865
vn -0.1275 0.1252 0.9839
vn -0.1337 0.0412 0.9902
vn -0.1213 0.0348 0.9920
vn 0.0607 0.6029 -0.7955
vn 0.0481 0.7698 -0.6365
vn -0.0839 0.0257 0.9961
vn -0.0727 0.0260 0.9970
vn -0.0654 0.1035 0.9925
vn -0.0759 0.1050 0.9916
vn -0.9273 -0.3225 0.1902
vn -0.9635 -0.2551 0.0816
vn -0.7658 -0.6120 0.1975
vn -0.9265 -0.2211 0.3043
vn -0.9669 -0.1661 0.1939
vn -0.8778 -0.3908 0.2770
vn -0.9895 -0.1198 0.0808
vn -0.0622 0.5057 0.8605
vn -0.0747 0.5251 0.8477
vn -0.0744 0.3887 0.9184
vn -0.0624 0.3694 0.9272
vn -0.2764 0.5950 0.7547
vn -0.3586 0.5603 0.7467
vn -0.3585 0.4293 0.8289
vn -0.2727 0.4489 0.8510
vn -0.3559 0.3316 0.8737
vn -0.2697 0.3376 0.9018
vn -0.4631 0.5070 0.7270
vn -0.4676 0.4011 0.7877
vn -0.4656 0.3211 0.8247
vn -0.2274 0.7740 0.5909
vn -0.2790 0.7591 0.5882
vn -0.2188 0.6089 0.7625
vn -0.2125 0.4570 0.8637
vn -0.2094 0.3388 0.9172
vn -0.5787 0.3093 0.7546
vn -0.5784 0.3782 0.7228
vn -0.5717 0.4616 0.6783
vn -0.4609 0.6417 0.6130
vn -0.5530 0.5626 0.6146
vn -0.3577 0.7158 0.5998
vn -0.0765 0.2852 0.9554
vn -0.0644 0.2700 0.9607
vn -0.0687 0.1907 0.9792
vn -0.0812 0.1993 0.9766
vn -0.0907 0.5412 0.8360
vn -0.0889 0.4046 0.9101
vn -0.0905 0.2979 0.9503
vn -0.1244 -0.4164 0.9006
vn -0.1452 -0.4165 0.8975
vn -0.1674 -0.6193 0.7671
vn -0.1396 -0.6199 0.7722
vn -0.0635 0.6802 0.7302
vn -0.0774 0.6921 0.7176
vn -0.0950 0.2070 0.9737
vn -0.1032 0.3090 0.9455
vn -0.1070 0.2149 0.9708
vn -0.1028 0.4186 0.9023
vn -0.1070 0.5571 0.8235
vn -0.0963 0.7026 0.7050
vn -0.1161 0.7157 0.6887
vn -0.1630 -0.4236 0.8911
vn -0.1894 -0.6280 0.7548
vn -0.0999 -0.1362 0.9856
vn -0.0874 -0.1397 0.9863
vn -0.0786 -0.0368 0.9962
vn -0.0902 -0.0361 0.9953
vn -0.1982 -0.6425 0.7402
vn -0.1123 -0.2728 0.9555
vn -0.1292 -0.2703 0.9541
vn -0.1725 -0.4349 0.8838
vn -0.1441 -0.2715 0.9516
vn -0.1533 -0.2748 0.9492
vn -0.1214 0.3102 0.9429
vn -0.0667 0.1525 0.9861
vn -0.1217 0.1500 0.9812
vn -0.1797 0.2942 0.9387
vn -0.2937 0.1552 0.9432
vn -0.3507 0.2786 0.8941
vn -0.0389 0.0735 0.9965
vn -0.0931 0.0748 0.9928
vn -0.2641 0.0832 0.9609
vn -0.1767 0.5736 0.7999
vn -0.1043 0.3207 0.9414
vn -0.2009 0.5540 0.8079
vn -0.2678 0.5164 0.8134
vn -0.4353 0.4571 0.7756
vn -0.6558 0.2542 0.7109
vn -0.7320 0.3644 0.5757
vn -0.6104 0.1649 0.7748
vn -0.5847 0.0989 0.8052
vn -0.2519 0.0444 0.9667
vn -0.5742 0.0547 0.8169
vn -0.0808 0.0396 0.9959
vn -0.0273 0.0385 0.9989
vn -0.0259 0.0730 0.9970
vn -0.0144 0.0380 0.9992
vn -0.0527 0.1550 0.9865
vn -0.1146 -0.1330 0.9845
vn -0.1042 -0.0344 0.9940
vn -0.1174 -0.0312 0.9926
vn -0.1281 -0.1306 0.9831
vn -0.6934 0.1557 0.7035
vn -0.7939 0.1481 0.5897
vn -0.8039 0.0717 0.5904
vn -0.7019 0.0723 0.7086
vn -0.6290 -0.6339 0.4500
vn -0.6832 -0.6406 0.3507
vn -0.5402 -0.8107 0.2258
vn -0.5134 -0.7931 0.3278
vn -0.1373 -0.1282 0.9822
vn -0.6499 0.4519 0.6111
vn -0.7080 0.4356 0.5558
vn -0.7525 0.3404 0.5638
vn -0.6712 0.3629 0.6464
vn -0.7728 0.2722 0.5733
vn -0.6804 0.2948 0.6709
vn -0.7733 0.3844 0.5041
vn -0.8303 0.3009 0.4691
vn -0.8555 0.2395 0.4591
vn -0.5899 0.5788 0.5631
vn -0.6861 0.2344 0.6887
vn -0.7838 0.2176 0.5816
vn -0.8680 0.1936 0.4573
vn -0.9230 0.2003 0.3285
vn -0.9325 0.1665 0.3204
vn -0.9029 0.2477 0.3512
vn -0.8539 0.3094 0.4186
vn -0.6570 0.4970 0.5669
vn -0.6180 0.5662 0.5455
vn -0.2404 -0.9241 0.2970
vn -0.2813 -0.9145 0.2908
vn -0.2707 -0.9511 0.1489
vn -0.2282 -0.9613 0.1544
vn -0.2692 -0.9609 0.0648
vn -0.2256 -0.9718 0.0686
vn -0.3724 -0.8840 0.2826
vn -0.3812 -0.9105 0.1603
vn -0.3786 -0.9219 0.0822
vn -0.2343 -0.8418 0.4863
vn -0.2611 -0.8382 0.4787
vn -0.2210 -0.9268 0.3036
vn -0.2115 -0.9641 0.1606
vn -0.2097 -0.9750 0.0731
vn -0.5588 -0.8163 0.1462
vn -0.3783 -0.8059 0.4555
vn -0.4709 -0.7709 0.4290
vn -0.3060 -0.8277 0.4703
vn -0.6813 -0.4650 0.5654
vn -0.7617 -0.4549 0.4613
vn -0.7257 -0.6355 0.2635
vn -0.8245 -0.4331 0.3643
vn -0.5374 -0.6368 0.5529
vn -0.7038 -0.3009 0.6436
vn -0.5785 -0.4721 0.6652
vn -0.9830 0.1576 0.0939
vn -0.9773 0.1782 0.1144
vn -0.8701 -0.2633 0.4167
vn -0.7966 -0.2885 0.5312
vn -0.9333 0.2319 0.2742
vn -0.9558 0.1953 0.2197
vn -0.9868 0.1387 0.0831
vn -0.9663 0.1643 0.1979
vn -0.9888 0.1264 0.0790
vn -0.9063 0.2380 0.3494
vn -0.9714 0.1426 0.1899
vn -0.9720 0.1888 0.1400
vn -0.0697 0.9589 0.2751
vn -0.0779 0.9156 0.3944
vn -0.0631 0.9312 0.3590
vn -0.0594 0.9776 0.2019
vn -0.7099 0.0026 0.7043
vn -0.8115 0.0058 0.5843
vn -0.8124 -0.1130 0.5720
vn -0.7129 -0.1211 0.6907
vn -0.8780 0.1366 0.4588
vn -0.8867 0.0709 0.4569
vn -0.8920 0.0125 0.4519
vn -0.8906 -0.0964 0.4444
vn -0.9912 0.1077 0.0770
vn -0.9939 0.0792 0.0763
vn -0.5921 -0.0004 0.8059
vn -0.9467 -0.0690 0.3148
vn -0.9488 0.0248 0.3150
vn -0.0822 0.9136 0.3983
vn -0.1003 0.8950 0.4346
vn -0.0797 0.8343 0.5455
vn -0.0643 0.8374 0.5428
vn -0.1017 0.8310 0.5469
vn -0.1049 0.8539 0.5097
vn -0.9969 -0.0109 0.0785
vn -0.9958 0.0500 0.0765
vn -0.1256 0.8328 0.5392
vn -0.1272 0.8768 0.4638
vn -0.9815 0.0399 0.1875
vn -0.9808 -0.0357 0.1915
vn -0.0773 -0.1444 0.9865
vn -0.0692 -0.0378 0.9969
vn -0.0585 0.0254 0.9980
vn -0.0589 0.0250 0.9980
vn -0.0527 0.0998 0.9936
vn -0.2870 -0.6792 0.6755
vn -0.3461 -0.6720 0.6548
vn -0.2603 0.7692 0.5836
vn -0.3345 0.7194 0.6087
vn -0.3551 0.8140 0.4597
vn -0.2773 0.8625 0.4233
vn -0.3569 0.8120 0.4618
vn -0.2784 0.8578 0.4320
vn -0.4798 0.6257 0.6151
vn -0.4831 0.7101 0.5122
vn -0.4734 0.7199 0.5075
vn -0.2277 0.7881 0.5718
vn -0.2389 0.8772 0.4164
vn -0.2341 0.8717 0.4305
vn -0.2970 -0.4794 0.8258
vn -0.3686 -0.4819 0.7950
vn -0.4304 -0.6553 0.6208
vn -0.4662 -0.4788 0.7439
vn -0.2482 -0.6797 0.6902
vn -0.2482 -0.4731 0.8453
vn -0.0920 -0.6543 0.7506
vn -0.1133 -0.6327 0.7660
vn -0.0638 0.0259 0.9976
vn -0.0571 0.1020 0.9931
vn -0.0711 -0.1497 0.9862
vn -0.0635 -0.0391 0.9972
vn 0.5137 0.7662 0.3861
vn 0.7998 0.2923 0.5243
vn -0.0977 -0.2802 0.9550
vn -0.0592 0.1841 0.9811
vn -0.0503 0.1441 0.9883
vn -0.0507 0.1439 0.9883
vn -0.0507 0.1648 0.9850
vn -0.0490 0.1640 0.9852
vn -0.0497 0.1633 0.9853
vn -0.0790 -0.3043 0.9493
vn -0.0859 -0.2915 0.9527
vn -0.0801 -0.6788 0.7299
vn -0.0911 -0.4433 0.8917
vn -0.1059 -0.4260 0.8985
vn -0.0827 -0.4637 0.8821
vn 0.4097 0.7217 0.5579
vn 0.4935 0.6068 0.6231
vn -0.0514 0.9851 0.1641
vn -0.0541 0.9392 0.3391
vn -0.0478 0.9418 0.3328
vn -0.0451 0.9878 0.1491
vn -0.0441 0.9421 0.3325
vn -0.0416 0.9887 0.1439
vn -0.0555 0.8370 0.5444
vn -0.0497 0.8329 0.5511
vn -0.0463 0.8288 0.5576
vn -0.0472 0.6435 0.7640
vn -0.0500 0.6544 0.7545
vn -0.0555 0.6672 0.7428
vn -0.0526 0.3138 0.9480
vn -0.0553 0.3533 0.9339
vn -0.0561 0.3557 0.9329
vn -0.0589 0.3000 0.9521
vn -0.0553 0.3534 0.9339
vn -0.0464 0.3223 0.9455
vn -0.0484 0.4635 0.8848
vn -0.0458 0.2316 0.9717
vn -0.0484 0.2271 0.9727
vn -0.0439 0.3034 0.9519
vn -0.0470 0.3127 0.9487
vn -0.0465 0.3571 0.9329
vn -0.0478 0.3044 0.9513
vn -0.0465 0.3030 0.9519
vn -0.0561 0.2584 0.9644
vn -0.0547 0.3526 0.9342
vn -0.0546 0.4861 0.8722
vn -0.0445 0.3622 0.9310
vn -0.0453 0.3603 0.9318
vn -0.0449 0.3023 0.9521
vn -0.0452 0.3044 0.9515
vn -0.0463 0.2184 0.9748
vn -0.0449 0.3024 0.9521
vn -0.0475 0.2223 0.9738
vn -0.0469 0.1887 0.9809
vn -0.0489 0.1743 0.9835
vn -0.0467 0.2396 0.9698
vn -0.0070 -0.9990 0.0440
vn -0.0082 -0.9944 0.1057
vn -0.0244 -0.9701 0.2414
vn -0.0112 -0.9735 0.2285
vn 0.0995 0.1416 0.9849
vn -0.0732 0.8974 0.4350
vn -0.0017 0.8935 0.4492
vn 0.0707 0.9787 0.1929
vn 0.0707 0.8815 0.4668
vn 0.0703 0.9949 0.0726
vn -0.2164 0.8845 0.4132
vn -0.0557 0.5786 0.8137
vn -0.0037 0.5761 0.8174
vn 0.0491 0.5405 0.8399
vn 0.1967 0.8327 0.5177
vn 0.1968 0.9511 0.2382
vn 0.1935 0.9739 0.1184
vn -0.0695 0.9974 0.0180
vn -0.0179 0.9997 0.0188
vn -0.0221 0.9995 0.0238
vn -0.5722 0.8173 0.0671
vn -0.5503 0.8342 -0.0341
vn -0.1968 0.9802 0.0214
vn -0.2054 0.9709 0.1233
vn -0.1946 0.9809 -0.0018
vn 0.8162 -0.2308 0.5297
vn 0.5241 -0.7663 0.3716
vn -0.5827 -0.7582 0.2925
vn -0.5895 -0.8068 0.0405
vn -0.9643 -0.2649 -0.0005
vn -0.9257 -0.2237 0.3051
vn -0.9055 0.2767 0.3218
vn -0.5757 0.7213 0.3851
vn 0.1651 -0.9274 0.3356
vn 0.1798 -0.9670 0.1805
vn 0.1877 -0.9720 0.1412
vn -0.9233 0.3664 -0.1148
vn -0.9179 0.3763 -0.1260
vn -0.5359 0.8423 -0.0570
vn -0.9429 0.3331 0.0076
vn -0.5795 -0.8148 -0.0181
vn -0.9548 -0.2841 -0.0876
vn -0.0012 -0.9961 0.0881
vn -0.0673 -0.9961 0.0569
vn -0.0649 -0.9948 0.0779
vn -0.1823 -0.9584 0.2195
vn -0.6716 -0.1533 0.7249
vn -0.1463 0.1331 0.9802
vn -0.1515 0.0487 0.9873
vn -0.9310 0.3534 -0.0911
vn -0.1918 -0.9811 0.0269
vn -0.1882 -0.9797 0.0690
vn 0.0563 -0.9717 0.2292
vn 0.0632 -0.9913 0.1159
vn -0.0009 -0.9819 0.1892
vn -0.0604 -0.9797 0.1913
vn -0.0985 0.9951 -0.0038
vn -0.0220 0.9997 0.0146
vn -0.1907 -0.9807 0.0422
vn 0.0163 -0.9997 0.0173
vn 0.3196 0.8127 0.4871
vn 0.2078 0.3960 0.8944
vn 0.2220 0.2944 0.9296
vn 0.5633 0.4869 0.6675
vn 0.1835 0.4949 0.8494
vn 0.2269 0.8485 0.4781
vn 0.2328 0.2142 0.9486
vn 0.0875 0.1393 0.9864
vn 0.0924 0.0996 0.9907
vn 0.0828 0.1945 0.9774
vn 0.0768 0.2663 0.9608
vn 0.1327 0.5427 0.8294
vn 0.0646 0.3143 0.9471
vn -0.9705 0.1781 0.1623
vn -0.9727 0.1455 0.1808
vn -0.8862 0.2068 0.4146
vn -0.8710 0.1581 0.4651
vn -0.9757 0.1026 0.1936
vn -0.8618 0.1057 0.4961
vn -0.9780 0.0610 0.1995
vn 0.5591 0.4247 0.7121
vn 0.4187 0.6661 0.6172
vn -0.8584 0.0612 0.5093
vn 0.6192 0.2953 0.7276
vn 0.2212 0.2258 0.9487
vn 0.1958 0.4451 0.8738
vn 0.2298 0.1383 0.9634
vn 0.6336 0.2659 0.7265
vn 0.0456 0.3339 0.9415
vn 0.0721 0.1612 0.9843
vn 0.0842 0.0884 0.9925
vn 0.2328 0.1128 0.9660
vn 0.0899 0.0619 0.9940
vn -0.7361 0.2608 0.6246
vn -0.3142 0.5867 0.7464
vn -0.3028 0.1014 0.9476
vn -0.1727 0.1525 0.9731
vn -0.0796 0.6717 0.7365
vn -0.8698 0.0072 0.4933
vn -0.4688 0.0409 0.8823
vn -0.1268 0.2241 0.9663
vn -0.1798 0.0509 0.9824
vn -0.1649 0.0698 0.9838
vn -0.1982 0.0426 0.9792
vn -0.4761 0.0294 0.8789
vn -0.9506 -0.0390 0.3079
vn -0.9700 -0.0239 0.2421
vn -0.7102 -0.0159 0.7039
vn -0.7419 -0.0200 0.6702
vn -0.9387 -0.0381 0.3426
vn -0.9821 0.0308 0.1857
vn -0.9897 0.0142 0.1422
vn 0.0083 0.0284 0.9996
vn 0.0048 0.0377 0.9993
vn -0.0099 0.0318 0.9994
vn -0.0053 0.0235 0.9997
vn -0.8911 0.0075 0.4537
vn -0.8924 0.0079 0.4512
vn -0.8014 -0.0115 0.5980
vn -0.2002 0.0299 0.9793
vn -0.2053 0.0434 0.9777
vn -0.2670 0.0313 0.9632
vn -0.2819 0.0184 0.9593
vn -0.4391 0.0141 0.8983
vn -0.4112 0.0071 0.9115
vn -0.2035 0.0493 0.9778
vn -0.4745 0.0340 0.8796
vn -0.1377 0.0300 0.9900
vn -0.1786 0.0249 0.9836
vn -0.2744 0.0207 0.9614
vn -0.2602 0.0352 0.9649
vn -0.0665 0.0305 0.9973
vn -0.0948 0.0421 0.9946
vn -0.3956 0.0115 0.9183
vn -0.8676 -0.0034 0.4972
vn -0.4640 0.0223 0.8856
vn -0.2292 0.0423 0.9725
vn -0.2052 0.0506 0.9774
vn -0.1731 0.0640 0.9828
vn -0.1962 0.0549 0.9790
vn -0.1316 0.0487 0.9901
vn -0.0234 0.0249 0.9994
vn -0.0494 0.0297 0.9983
vn -0.1255 0.0379 0.9914
vn -0.0778 0.0246 0.9967
vn -0.3219 0.0407 0.9459
vn -0.2729 0.0275 0.9617
vn -0.2097 0.0470 0.9766
vn -0.3770 0.0498 0.9249
vn -0.3886 0.0299 0.9209
vn -0.0104 0.0250 0.9996
vn -0.5929 0.0333 0.8046
vn -0.6453 0.0367 0.7631
vn -0.6859 0.0070 0.7277
vn -0.9373 -0.0219 0.3479
vn -0.0933 0.0347 0.9950
vn -0.0044 0.0218 0.9998
vn -0.0281 0.0254 0.9993
vn -0.0167 0.0236 0.9996
vn -0.0428 0.0249 0.9988
vn -0.8712 0.0347 0.4897
vn -0.9033 0.0260 0.4282
vn 0.0091 0.0245 0.9997
vn 0.6214 0.3242 0.7133
vn 0.6296 0.2848 0.7228
vn -0.9311 0.0080 0.3646
vn -0.6740 0.0345 0.7379
vn 0.6040 0.3878 0.6962
vn 0.2360 0.1301 0.9630
vn 0.2340 0.1149 0.9654
vn 0.2371 0.1600 0.9582
vn 0.0922 0.0564 0.9941
vn 0.0937 0.0604 0.9938
vn 0.0947 0.0738 0.9928
vn 0.1651 0.8769 0.4513
vn 0.0965 0.8833 0.4588
vn 0.0711 0.7812 0.6203
vn 0.1457 0.8252 0.5457
vn 0.0328 0.0344 0.9989
vn 0.0343 0.0342 0.9988
vn 0.0078 0.0272 0.9996
vn -0.0044 0.0252 0.9997
vn 0.0336 0.0397 0.9986
vn -0.0475 0.0421 0.9980
vn -0.0806 0.0511 0.9954
vn 0.0297 0.0435 0.9986
vn 0.0043 0.0385 0.9993
vn -0.0082 0.0376 0.9993
vn -0.1094 0.0659 0.9918
vn -0.1616 0.0609 0.9850
vn -0.0004 0.0536 0.9986
vn -0.0217 0.0442 0.9988
vn -0.0212 0.0313 0.9993
vn 0.0311 0.0540 0.9981
vn 0.0262 0.0758 0.9968
vn 0.0208 0.1074 0.9940
vn -0.0076 0.0775 0.9970
vn -0.0151 0.1180 0.9929
vn -0.0697 0.0938 0.9932
vn -0.0379 0.0621 0.9973
vn 0.0149 0.1556 0.9877
vn -0.0144 0.2053 0.9786
vn -0.0893 0.1291 0.9876
vn -0.0134 0.0242 0.9996
vn 0.0233 0.2680 0.9631
vn 0.0020 0.7380 0.6747
vn 0.0114 0.3945 0.9188
vn 0.0687 0.4849 0.8719
vn -0.0630 0.2995 0.9520
vn -0.2029 -0.6572 0.7259
vn -0.2100 -0.6685 0.7135
vn -0.2167 -0.8361 0.5039
vn -0.2176 -0.8282 0.5164
vn -0.1812 -0.4467 0.8761
vn -0.1942 -0.4568 0.8681
vn -0.2238 -0.6758 0.7022
vn -0.2210 -0.8408 0.4942
vn -0.2154 -0.4654 0.8585
vn -0.1633 -0.2780 0.9466
vn -0.2028 -0.2851 0.9368
vn -0.1786 -0.2816 0.9428
vn -0.1434 0.8065 0.5736
vn -0.1779 0.7904 0.5862
vn -0.1875 0.8693 0.4574
vn -0.1583 0.8675 0.4716
vn -0.1784 0.8551 0.4867
vn -0.1521 0.8415 0.5185
vn -0.2055 0.7905 0.5770
vn -0.2137 0.8756 0.4332
vn -0.2047 0.8677 0.4531
vn -0.0892 0.5870 0.8046
vn -0.1389 0.7337 0.6652
vn -0.1637 0.7537 0.6365
vn -0.1918 0.7696 0.6091
vn -0.1592 0.5786 0.7999
vn -0.1319 0.5777 0.8055
vn -0.2249 -0.9181 0.3264
vn -0.2184 -0.9227 0.3176
vn -0.2176 -0.9607 0.1726
vn -0.2264 -0.9576 0.1783
vn -0.2176 -0.9727 0.0804
vn -0.2268 -0.9704 0.0835
vn -0.2155 -0.9260 0.3101
vn -0.2108 -0.9632 0.1670
vn -0.2103 -0.9746 0.0770
vn -0.0297 0.3086 0.9507
vn 0.0048 0.1467 0.9892
vn -0.0267 0.1503 0.9883
vn -0.0689 0.3163 0.9461
vn -0.0439 0.1544 0.9870
vn -0.0920 0.3225 0.9421
vn 0.0219 0.0734 0.9971
vn -0.0052 0.0714 0.9974
vn -0.0190 0.0722 0.9972
vn -0.1263 0.5753 0.8081
vn -0.1497 0.5936 0.7907
vn -0.1419 0.4463 0.8836
vn -0.1200 0.4333 0.8932
vn -0.1400 0.3299 0.9336
vn -0.1190 0.3201 0.9399
vn -0.1790 0.6066 0.7746
vn -0.1711 0.4552 0.8738
vn -0.1687 0.3365 0.9265
vn -0.1217 0.2233 0.9671
vn -0.1417 0.2316 0.9624
vn -0.1696 0.2384 0.9562
vn -0.1387 -0.0211 0.9901
vn -0.1559 -0.0145 0.9877
vn -0.1645 -0.1207 0.9790
vn -0.1481 -0.1246 0.9811
vn -0.1732 0.1407 0.9748
vn -0.1776 0.0553 0.9825
vn 0.6001 0.7610 0.2462
vn 0.8894 0.2852 0.3572
vn -0.1271 -0.0269 0.9915
vn -0.2154 0.0596 0.9747
vn 0.0155 0.0782 -0.9968
vn 0.0174 0.1457 -0.9892
vn 0.1025 0.1921 -0.9760
vn 0.0975 0.1217 -0.9878
vn 0.1944 0.2765 -0.9411
vn 0.1887 0.1898 -0.9635
vn 0.0178 0.3772 -0.9260
vn 0.1000 0.4328 -0.8959
vn 0.1829 0.4998 -0.8466
vn -0.1180 0.0308 -0.9925
vn -0.1126 0.0401 -0.9928
vn 0.0095 0.0733 -0.9973
vn 0.0909 0.1143 -0.9893
vn 0.1815 0.1736 -0.9679
vn 0.3594 0.4690 -0.8068
vn 0.3668 0.3449 -0.8640
vn 0.3065 0.6879 -0.6579
vn 0.1443 0.8299 -0.5390
vn 0.2135 0.8507 -0.4804
vn 0.0726 0.7909 -0.6076
vn -0.0010 0.7495 -0.6620
vn -0.1246 0.3998 -0.9081
vn -0.0745 0.7169 -0.6932
vn -0.1181 0.1275 -0.9848
vn 0.4064 0.0897 0.9093
vn 0.3367 0.2063 0.9187
vn 0.1762 0.8848 -0.4314
vn 0.4037 0.8649 -0.2984
vn 0.7385 0.6668 0.1002
vn 0.8439 0.3233 0.4282
vn 0.4205 0.5065 -0.7528
vn 0.3877 0.3787 -0.8404
vn 0.0717 0.3732 -0.9250
vn -0.0404 0.3206 -0.9464
vn -0.0153 0.1585 -0.9872
vn 0.0790 0.2039 -0.9758
vn 0.1941 0.4229 -0.8851
vn 0.1976 0.6398 -0.7427
vn 0.1834 0.2594 -0.9482
vn -0.3146 0.7487 -0.5835
vn 0.1883 0.7941 -0.5779
vn -0.2120 0.2457 -0.9459
vn -0.1620 0.1037 -0.9813
vn -0.9813 -0.0507 -0.1856
vn -0.7613 -0.1677 0.6263
vn -0.7355 -0.1106 0.6685
vn -0.9688 -0.0916 -0.2302
vn -0.5398 0.1284 -0.8320
vn -0.4653 0.0233 -0.8848
vn -0.9387 0.1762 -0.2964
vn -0.9233 0.1624 -0.3479
vn -0.6931 0.5048 -0.5146
vn -0.9395 0.2678 -0.2135
vn -0.1355 0.8662 0.4810
vn -0.0508 0.8605 0.5068
vn -0.0133 0.9825 0.1857
vn -0.1080 0.9858 0.1285
vn 0.0276 0.9832 -0.1807
vn -0.0540 0.9683 -0.2438
vn 0.0221 0.8456 0.5334
vn 0.0676 0.9673 0.2446
vn 0.1036 0.9885 -0.1105
vn -0.2372 0.6006 0.7635
vn -0.1564 0.6049 0.7807
vn -0.3124 0.8012 0.5104
vn -0.3108 0.9505 0.0026
vn -0.1868 0.8701 -0.4562
vn 0.2382 0.9675 -0.0850
vn 0.1883 0.9231 0.3353
vn 0.1132 0.7693 0.6287
vn -0.0192 0.6023 0.7980
vn 0.0394 0.5996 0.7993
vn -0.0845 0.6039 0.7926
vn -0.7822 -0.0636 0.6197
vn -0.7837 0.1493 0.6029
vn -0.9228 0.2272 -0.3110
vn -0.9357 -0.0574 -0.3480
vn -0.4034 0.1635 -0.9003
vn -0.3836 -0.0019 -0.9235
vn -0.6076 0.5415 0.5810
vn -0.7021 0.6814 -0.2067
vn -0.3512 0.5763 -0.7379
vn 0.3625 0.3100 -0.8789
vn -0.3382 -0.0346 0.9405
vn -0.3533 -0.0147 0.9354
vn -0.7519 -0.1057 0.6507
vn -0.9364 -0.1254 -0.3278
vn -0.3898 -0.0293 -0.9204
vn -0.3362 0.3497 0.8745
vn -0.3648 0.0897 0.9268
vn -0.0195 0.0774 0.9968
vn -0.0229 0.1388 0.9901
vn -0.1026 0.0995 0.9897
vn -0.0983 0.0399 0.9944
vn -0.1922 0.0826 0.9779
vn -0.1854 0.0145 0.9826
vn -0.0278 0.3075 0.9512
vn -0.1015 0.2887 0.9520
vn -0.1845 0.2794 0.9423
vn 0.0968 0.1340 0.9862
vn 0.0942 0.1536 0.9836
vn -0.0152 0.0659 0.9977
vn -0.0922 0.0303 0.9953
vn -0.1769 0.0027 0.9842
vn 0.0758 0.4081 0.9098
vn 0.0894 0.2311 0.9688
vn 0.6843 0.6272 -0.3719
vn 0.6007 0.7335 -0.3182
vn 0.5492 0.6786 0.4877
vn 0.6324 0.5837 0.5092
vn 0.2672 0.4105 0.8718
vn 0.2895 0.3073 0.9065
vn 0.4357 0.8740 -0.2154
vn 0.3808 0.8149 0.4370
vn 0.2031 0.5968 0.7763
vn 0.7108 0.5902 -0.3827
vn 0.6507 0.5470 0.5268
vn 0.2929 0.2733 0.9163
vn 0.6600 0.5197 0.5425
vn 0.3011 0.2568 0.9184
vn 0.1039 0.1266 0.9865
vn 0.7251 0.5885 -0.3577
vn 0.7108 0.5902 -0.3828
vn 0.6507 0.5470 0.5267
vn -0.0091 0.0630 0.9980
vn -0.0865 0.0293 0.9958
vn 0.3669 0.3226 -0.8725
vn -0.1715 0.0015 0.9852
vn -0.3316 -0.0364 0.9427
vn -0.7330 -0.1039 0.6722
vn -0.9527 -0.1196 -0.2793
vn -0.3382 -0.0346 0.9404
vn -0.4176 -0.0189 -0.9084
vn -0.1330 0.0470 -0.9900
vn -0.7520 -0.1057 0.6506
vn -0.9363 -0.1254 -0.3279
vn -0.0000 0.0921 -0.9957
vn 0.0848 0.1334 -0.9874
vn 0.1788 0.1906 -0.9652
vn 0.0202 0.9994 0.0278
vn 0.0209 0.9994 0.0270
vn 0.0982 0.9938 0.0530
vn 0.0942 0.9942 0.0526
vn -0.0274 0.9994 0.0192
vn 0.0091 0.9997 0.0240
vn 0.1011 0.9935 0.0529
vn -0.1010 0.9949 -0.0045
vn -0.2383 0.9708 -0.0255
vn 0.2526 0.9610 0.1124
vn 0.2628 0.9580 0.1148
vn 0.2711 0.9555 0.1164
vn 0.0955 -0.9949 0.0311
vn 0.1015 -0.9943 0.0326
vn 0.0194 -0.9998 0.0036
vn 0.0209 -0.9998 0.0056
vn -0.6250 0.7724 -0.1126
vn -0.2722 0.9613 -0.0423
vn -0.2648 0.9636 -0.0379
vn 0.8950 -0.2722 0.3533
vn 0.6104 -0.7567 0.2341
vn -0.6325 -0.7642 -0.1266
vn -0.9452 -0.2739 -0.1775
vn -0.9429 -0.2890 -0.1658
vn 0.2560 -0.9623 0.0923
vn 0.2681 -0.9585 0.0967
vn 0.2780 -0.9553 0.1004
vn -0.9374 0.2967 -0.1825
vn -0.9377 0.2922 -0.1881
vn -0.0279 -0.9996 -0.0096
vn -0.1001 -0.9946 -0.0258
vn 0.1075 -0.9936 0.0355
vn 0.0083 -1.0000 0.0031
vn -0.0366 -0.9993 -0.0124
vn -0.1038 -0.9942 -0.0272
vn 0.0196 -0.9998 0.0051
vn -0.9403 -0.3020 -0.1572
vn -0.2706 -0.9608 -0.0607
vn -0.2795 -0.9580 -0.0644
vn -0.6435 -0.7537 -0.1336
vn -0.9372 0.3003 -0.1772
vn -0.1058 -0.9940 -0.0281
vn -0.9361 0.3189 -0.1488
vn -0.5935 0.8000 -0.0879
vn -0.9464 -0.2640 -0.1861
vn -0.9300 0.3425 -0.1335
vn -0.5936 0.8000 -0.0879
vn -0.5842 0.8074 -0.0831
vn -0.9350 0.3242 -0.1435
vn -0.9361 0.3188 -0.1487
vn 0.2625 0.1755 0.9488
vn 0.2359 0.1935 0.9523
vn 0.0014 0.3097 0.9508
vn 0.0203 0.2516 0.9676
vn -0.0252 0.3740 0.9271
vn -0.0241 0.3729 0.9275
vn 0.0108 0.2796 0.9600
vn 0.0374 0.1967 0.9798
vn 0.0034 0.3201 0.9474
vn 0.0009 0.3115 0.9502
vn -0.0067 0.3440 0.9390
vn 0.0293 0.2402 0.9703
vn 0.0139 0.2695 0.9629
vn 0.0015 0.3097 0.9508
vn -0.0066 0.3434 0.9392
vn 0.0284 0.2313 0.9725
vn 0.0202 0.2516 0.9676
vn 0.0021 0.3134 0.9496
vn -0.0387 0.3660 0.9298
vn -0.0485 0.1930 0.9800
vn -0.0475 0.2219 0.9739
vn 0.1512 0.0900 0.9844
vn 0.1644 0.1152 0.9796
vn -0.0510 0.1642 0.9851
vn -0.0498 0.1633 0.9853
vn -0.0475 0.2222 0.9738
vn -0.0484 0.2248 0.9732
vn -0.0458 0.3588 0.9323
vn -0.0508 0.1436 0.9883
vn -0.0508 0.1434 0.9884
vn -0.0543 0.2486 0.9671
vn -0.0480 0.2511 0.9668
vn -0.0524 0.1798 0.9823
vn -0.0547 0.1803 0.9821
vn -0.0530 0.2453 0.9680
vn -0.0453 0.3603 0.9317
vn -0.0531 0.2453 0.9680
vn -0.9403 -0.3019 -0.1572
vn -0.9377 -0.3126 -0.1519
vn -0.5890 -0.8015 -0.1036
vn -0.2122 0.9770 -0.0186
vn -0.9299 -0.3393 -0.1417
vn -0.9271 -0.3478 -0.1396
vn -0.1004 0.9949 -0.0001
vn -0.1010 0.9949 -0.0044
vn 0.0090 0.9997 0.0240
vn -0.0274 0.9994 0.0191
vn -0.1906 -0.9808 0.0422
vn -0.5670 -0.8229 -0.0354
vn -0.9234 0.3663 -0.1148
vn -0.0673 -0.9961 0.0568
vn -0.0773 -0.9968 -0.0186
vn -0.9300 0.3424 -0.1335
vn -0.9472 -0.2577 -0.1907
vn -0.9464 -0.2639 -0.1861
vn -0.2383 0.9709 -0.0255
vn -0.9487 -0.2972 -0.1083
vn -0.2846 -0.9563 -0.0665
vn -0.2795 -0.9580 -0.0643
vn -0.1059 -0.9940 -0.0281
vn -0.0178 0.9997 0.0188
vn -0.9374 0.2966 -0.1825
vn -0.6299 0.7678 -0.1170
vn -0.6250 0.7725 -0.1126
vn 0.0208 -0.9998 0.0056
vn -0.0181 -0.9998 -0.0057
vn -0.2476 -0.9675 -0.0516
vn -0.0696 0.9974 0.0181
vn -0.0694 0.9967 0.0429
vn -0.9234 0.1624 -0.3479
vn 0.8950 -0.2721 0.3533
vn 0.8985 -0.2617 0.3523
vn 0.8939 0.2750 0.3540
vn 0.9009 -0.2529 0.3528
vn 0.1259 -0.0248 0.9917
vn 0.1425 -0.0479 0.9886
vn 0.8962 0.2684 0.3532
vn 0.8975 -0.2352 0.3730
vn 0.3691 -0.1289 0.9204
vn 0.6224 0.1893 0.7594
vn 0.1442 0.0407 0.9887
vn -0.9387 0.1761 -0.2964
vn 0.8755 -0.3232 0.3591
vn 0.8656 0.3486 0.3595
vn 0.8719 0.3311 0.3608
vn 0.8750 -0.3301 0.3542
vn -0.3543 0.0637 0.9330
vn -0.4639 0.0670 0.8833
vn -0.0589 0.0249 0.9980
vn -0.9395 0.2677 -0.2135
vn -0.9480 -0.2526 -0.1935
vn -0.9413 -0.3134 -0.1251
vn -0.9231 0.3625 -0.1284
vn -0.8115 0.0059 0.5843
vn -0.8040 0.0716 0.5904
vn -0.8920 0.0126 0.4519
vn -0.0635 -0.0390 0.9972
vn -0.2976 0.6319 -0.7156
vn -0.0869 0.7256 -0.6826
vn -0.0991 0.8355 -0.5405
vn -0.1111 0.0301 0.9934
vn -0.0727 0.0259 0.9970
vn 0.7998 0.2922 0.5243
vn -0.0839 0.0258 0.9961
vn -0.5921 -0.0004 0.8058
vn -0.6500 0.1504 0.7449
vn -0.6716 -0.1532 0.7249
vn -0.9055 0.2766 0.3218
vn -0.9643 -0.2648 -0.0005
vn -0.9429 0.3330 0.0076
vn -0.1515 0.0486 0.9873
vn -0.2856 0.0622 0.9563
vn 0.1841 -0.0936 0.9784
vn 0.8767 0.3177 0.3612
vn 0.8801 -0.3154 0.3550
vn -0.1776 0.0553 0.9826
vn 0.8459 0.5238 -0.1001
vn 0.7989 0.0177 0.6012
vn 0.8906 -0.2849 0.3545
vn -0.2716 0.0617 0.9604
vn -0.9377 0.2921 -0.1881
vn -0.9476 -0.2531 -0.1950
vn 0.8629 -0.1443 0.4843
vn 0.8892 0.2646 0.3733
vn -0.9458 0.0728 0.3164
vn -0.9488 0.0249 0.3150
vn -0.9795 0.0768 0.1862
vn -0.9939 0.0791 0.0763
vn -0.9958 0.0501 0.0765
vn 0.8533 0.3405 0.3950
vn 0.8723 -0.2644 0.4113
vn 0.0481 0.7698 -0.6364
vn 0.8854 -0.2998 0.3552
vn 0.8815 0.3046 0.3607
vn 0.1762 0.8848 -0.4315
vn 0.8808 -0.2912 0.3732
vn 0.8608 0.3603 0.3595
vn -0.9369 0.3124 -0.1570
vn -0.9429 -0.2889 -0.1657
vn -0.9453 -0.2738 -0.1775
vn -0.9373 0.3049 -0.1686
vn 0.4037 0.8648 -0.2984
vn 0.4218 0.7939 -0.4379
vn -0.9328 0.3332 -0.1375
vn -0.9339 -0.3263 -0.1459
vn -0.0427 0.0249 0.9988
vn -0.1376 0.0300 0.9900
vn -0.0133 0.0242 0.9996
vn -0.0100 0.0317 0.9994
vn -0.0211 0.0313 0.9993
vn -0.0218 0.0441 0.9988
vn -0.2051 0.0506 0.9774
vn -0.2035 0.0492 0.9778
vn -0.9311 0.0079 0.3646
vn -0.9764 -0.0021 -0.2159
vn -0.2096 0.0470 0.9767
vn -0.6859 0.0071 0.7276
vn -0.1616 0.0610 0.9850
vn -0.0380 0.0621 0.9973
vn -0.8911 0.0076 0.4537
vn -0.8676 -0.0034 0.4973
vn -0.1494 -0.1931 0.9697
vn -0.4666 -0.1724 0.8675
vn -0.4670 -0.3383 0.8170
vn -0.1498 -0.3785 0.9134
vn -0.8133 0.1135 -0.5707
vn -0.8133 0.2227 -0.5376
vn -0.9440 -0.1262 0.3048
vn -0.9440 -0.0644 0.3236
vn -0.8133 0.3233 -0.4838
vn -0.9440 -0.1833 0.2743
vn -0.8133 0.4114 -0.4114
vn -0.9440 -0.2333 0.2333
vn -0.8133 0.4838 -0.3233
vn -0.9440 -0.2743 0.1833
vn -0.8133 0.5376 -0.2227
vn -0.9440 -0.3048 0.1262
vn -0.8133 0.5707 -0.1135
vn -0.9440 -0.3236 0.0644
vn -0.8133 0.5819 -0.0000
vn -0.9440 -0.3299 -0.0000
vn -0.8133 0.5707 0.1135
vn -0.9440 -0.3236 -0.0644
vn -0.8133 0.5376 0.2227
vn -0.9440 -0.3048 -0.1262
vn -0.8133 0.4838 0.3233
vn -0.9440 -0.2743 -0.1833
vn -0.8133 0.4114 0.4115
vn -0.9440 -0.2333 -0.2333
vn -0.8133 0.3233 0.4838
vn -0.9440 -0.1833 -0.2743
vn -0.8133 0.2227 0.5376
vn -0.9440 -0.1262 -0.3048
vn -0.8133 0.1135 0.5707
vn -0.9440 -0.0644 -0.3236
vn -0.8133 -0.0000 0.5819
vn -0.9440 -0.0000 -0.3299
vn -0.8133 -0.1135 0.5707
vn -0.9440 0.0644 -0.3236
vn -0.8133 -0.2227 0.5376
vn -0.9440 0.1262 -0.3048
vn -0.8133 -0.3233 0.4838
vn -0.9440 0.1833 -0.2743
vn -0.8133 -0.4115 0.4114
vn -0.9440 0.2333 -0.2333
vn -0.8133 -0.4838 0.3233
vn -0.9440 0.2743 -0.1833
vn -0.8133 -0.5376 0.2227
vn -0.9440 0.3048 -0.1262
vn -0.8133 -0.5707 0.1135
vn -0.9440 0.3236 -0.0644
vn -0.8133 -0.5819 -0.0000
vn -0.9440 0.3299 -0.0000
vn -0.8133 -0.5707 -0.1135
vn -0.9440 0.3236 0.0644
vn -0.8133 -0.5376 -0.2227
vn -0.9440 0.3048 0.1262
vn -0.8133 -0.4838 -0.3233
vn -0.9440 0.2743 0.1833
vn -0.8133 -0.4114 -0.4114
vn -0.9440 0.2333 0.2333
vn -0.8133 -0.3233 -0.4838
vn -0.9440 0.1833 0.2743
vn -0.8133 -0.2227 -0.5376
vn -0.9440 0.1262 0.3048
vn -0.9995 -0.0302 0.0125
vn -0.9995 -0.0321 0.0063
vn -0.8133 -0.1135 -0.5707
vn -0.9440 0.0644 0.3236
vn -0.8133 -0.0000 -0.5819
vn -0.9440 -0.0000 0.3299
vn -0.1393 -0.9902 -0.0000
vn -0.1510 -0.9885 -0.0000
vn -0.1510 -0.9695 -0.1928
vn -0.1393 -0.9712 -0.1932
vn 0.0661 0.5544 -0.8296
vn 0.0661 0.7056 -0.7056
vn 0.7320 0.4818 -0.4818
vn 0.7320 0.3785 -0.5665
vn -0.1394 0.1931 -0.9712
vn -0.1486 0.1928 -0.9699
vn -0.1482 0.3783 -0.9137
vn -0.1394 0.3789 -0.9149
vn -0.1394 0.9149 0.3790
vn -0.1471 0.9138 0.3786
vn -0.1473 0.8223 0.5496
vn -0.1394 0.8233 0.5502
vn -0.1393 -0.7002 0.7002
vn -0.1504 -0.6991 0.6990
vn -0.1507 -0.8220 0.5491
vn -0.1393 -0.8234 0.5501
vn -0.1393 -0.5502 -0.8233
vn -0.1501 -0.5494 -0.8220
vn -0.1498 -0.3785 -0.9134
vn -0.1394 -0.3790 -0.9148
vn -0.1394 0.9149 -0.3790
vn -0.1471 0.9138 -0.3786
vn -0.1092 0.5871 -0.8021
vn -0.1032 0.5874 -0.8027
vn -0.1394 -0.0000 0.9902
vn -0.1490 -0.0002 0.9888
vn -0.1394 -0.1932 0.9712
vn -0.1509 -0.9133 -0.3782
vn -0.1393 -0.9149 -0.3789
vn -0.1479 0.5493 -0.8224
vn -0.1394 0.5501 -0.8234
vn -0.1476 0.6993 0.6995
vn -0.1394 0.7002 0.7002
vn -0.1509 -0.9133 0.3782
vn -0.1393 -0.9149 0.3789
vn -0.1494 -0.1931 -0.9697
vn -0.1394 -0.1932 -0.9712
vn -0.0795 0.0002 0.9968
vn -0.1146 -0.0002 0.9934
vn -0.1140 -0.1940 0.9743
vn -0.0789 -0.1943 0.9778
vn -0.1394 -0.3790 0.9149
vn -0.1507 -0.8220 -0.5491
vn -0.1393 -0.8234 -0.5501
vn -0.1476 0.6993 -0.6995
vn -0.1394 0.7002 -0.7002
vn -0.1479 0.5493 0.8224
vn -0.1394 0.5501 0.8234
vn -0.1510 -0.9695 0.1928
vn -0.1393 -0.9712 0.1932
vn -0.1490 -0.0002 -0.9888
vn -0.1394 -0.0000 -0.9902
vn -0.5477 0.3868 0.7419
vn -0.1091 0.5871 0.8021
vn -0.0887 0.6588 0.7471
vn -0.0294 0.6523 0.7573
vn -0.1501 -0.5494 0.8220
vn -0.1393 -0.5502 0.8233
vn -0.1504 -0.6991 -0.6990
vn -0.1393 -0.7002 -0.7002
vn -0.1473 0.8223 -0.5496
vn -0.1394 0.8233 -0.5502
vn -0.1482 0.3783 0.9137
vn -0.1394 0.3789 0.9149
vn -0.1032 0.5874 0.8027
vn -0.1486 0.1928 0.9699
vn -0.1394 0.1931 0.9712
vn 0.5969 -0.6671 0.4458
vn 0.5969 -0.7412 0.3070
vn 0.6490 -0.7029 0.2911
vn 0.6490 -0.6326 0.4227
vn 0.0662 -0.9219 0.3818
vn 0.0662 -0.9786 0.1947
vn 0.7320 -0.6682 0.1329
vn 0.7320 -0.6295 0.2607
vn 0.0661 0.8297 -0.5543
vn 0.7320 0.5665 -0.3785
vn 0.0663 -0.9978 -0.0000
vn 0.7320 -0.6813 -0.0000
vn 0.0661 0.9219 -0.3818
vn 0.7320 0.6295 -0.2607
vn 0.0662 -0.9786 -0.1947
vn 0.7320 -0.6682 -0.1329
vn 0.0661 0.9786 -0.1946
vn 0.7320 0.6682 -0.1329
vn 0.0662 -0.9219 -0.3818
vn 0.7320 -0.6295 -0.2607
vn 0.0661 0.9978 -0.0000
vn 0.7320 0.6813 -0.0000
vn 0.0662 -0.8296 -0.5544
vn 0.7320 -0.5665 -0.3785
vn 0.0661 0.9786 0.1946
vn 0.7320 0.6682 0.1329
vn 0.0662 -0.7056 -0.7056
vn 0.7320 -0.4818 -0.4818
vn 0.0661 0.9219 0.3818
vn 0.7320 0.6295 0.2607
vn 0.0662 -0.5543 -0.8296
vn 0.7320 -0.3785 -0.5665
vn 0.0661 0.8297 0.5544
vn 0.7320 0.5665 0.3785
vn 0.0662 -0.3818 -0.9219
vn 0.7320 -0.2607 -0.6295
vn 0.0662 -0.0000 0.9978
vn 0.0662 -0.1947 0.9786
vn 0.7320 -0.1329 0.6683
vn 0.7320 -0.0000 0.6813
vn 0.0661 0.7056 0.7056
vn 0.7320 0.4818 0.4818
vn 0.0662 -0.1947 -0.9786
vn 0.7320 -0.1329 -0.6682
vn 0.0662 -0.3818 0.9219
vn 0.7320 -0.2607 0.6295
vn 0.0662 0.5544 0.8296
vn 0.7320 0.3785 0.5665
vn 0.0662 -0.0000 -0.9978
vn 0.7320 -0.0000 -0.6813
vn 0.0662 -0.5544 0.8296
vn 0.7320 -0.3785 0.5665
vn 0.0662 0.3818 0.9219
vn 0.7320 0.2607 0.6295
vn 0.0662 0.1947 -0.9786
vn 0.7320 0.1329 -0.6682
vn 0.0662 -0.7056 0.7056
vn 0.7320 -0.4818 0.4818
vn 0.0662 0.1947 0.9786
vn 0.7320 0.1329 0.6682
vn 0.0662 0.3818 -0.9219
vn 0.7320 0.2607 -0.6295
vn 0.0662 -0.8296 0.5544
vn 0.7320 -0.5665 0.3785
vn 0.5969 -0.1565 -0.7869
vn 0.5969 -0.0000 -0.8023
vn 0.6490 -0.0000 -0.7608
vn 0.6490 -0.1484 -0.7462
vn 0.5969 0.3070 -0.7412
vn 0.5969 0.4457 -0.6671
vn 0.6490 0.4227 -0.6326
vn 0.6490 0.2911 -0.7029
vn 0.5969 0.5673 -0.5673
vn 0.6490 0.5380 -0.5380
vn 0.5969 0.6671 -0.4458
vn 0.6490 0.6326 -0.4227
vn 0.5969 0.7412 -0.3070
vn 0.6490 0.7029 -0.2911
vn 0.5969 0.7869 -0.1565
vn 0.6490 0.7462 -0.1484
vn 0.5969 0.8023 -0.0000
vn 0.6490 0.7608 -0.0000
vn 0.5969 0.7869 0.1565
vn 0.6490 0.7462 0.1484
vn 0.5969 0.7412 0.3070
vn 0.6490 0.7029 0.2911
vn 0.5969 0.6671 0.4457
vn 0.6490 0.6326 0.4227
vn 0.5969 0.5673 0.5673
vn 0.6490 0.5380 0.5380
vn 0.5969 0.4458 0.6671
vn 0.6490 0.4227 0.6326
vn 0.5969 0.3070 0.7412
vn 0.6490 0.2911 0.7029
vn 0.5969 0.1565 0.7869
vn 0.6490 0.1484 0.7462
vn 0.5969 -0.0000 0.8023
vn 0.6490 -0.0000 0.7608
vn 0.5969 -0.1565 0.7869
vn 0.6490 -0.1484 0.7462
vn 0.5969 -0.3070 0.7412
vn 0.6490 -0.2911 0.7029
vn 0.5969 -0.4457 0.6671
vn 0.6490 -0.4227 0.6326
vn 0.5969 -0.5673 0.5673
vn 0.6490 -0.5380 0.5380
vn 0.9343 -0.2963 0.1980
vn 0.9343 -0.2520 0.2520
vn 0.5969 -0.7869 0.1565
vn 0.6490 -0.7462 0.1484
vn 0.5969 -0.8023 -0.0000
vn 0.6490 -0.7608 -0.0000
vn 0.5969 -0.7869 -0.1565
vn 0.6490 -0.7462 -0.1484
vn 0.5969 -0.7412 -0.3070
vn 0.6490 -0.7029 -0.2911
vn 0.5969 -0.6671 -0.4457
vn 0.6490 -0.6326 -0.4227
vn 0.5969 -0.5673 -0.5673
vn 0.6490 -0.5380 -0.5380
vn 0.5969 -0.4458 -0.6671
vn 0.6490 -0.4227 -0.6326
vn 0.5969 -0.3070 -0.7412
vn 0.6490 -0.2911 -0.7029
vn 0.9343 0.0695 -0.3496
vn 0.9343 -0.0000 -0.3564
vn 0.9846 0.1746 -0.0000
vn 0.9846 0.1712 -0.0341
vn 0.9343 0.3564 -0.0000
vn 0.9343 0.3496 -0.0695
vn 0.9343 -0.3293 0.1364
vn 0.9343 0.3496 0.0695
vn 0.9343 -0.3496 0.0695
vn 0.9343 0.3293 0.1364
vn 0.9343 -0.3564 -0.0000
vn 0.9343 0.2963 0.1980
vn 0.9343 -0.3496 -0.0695
vn 0.9343 0.2520 0.2520
vn 0.9343 -0.3293 -0.1364
vn 0.9343 0.1980 0.2963
vn 0.9343 -0.2963 -0.1980
vn 0.9343 0.1364 0.3293
vn 0.9343 -0.0695 -0.3496
vn 0.9343 -0.2520 -0.2520
vn 0.9343 0.0695 0.3496
vn 0.9343 0.1364 -0.3293
vn 0.9343 -0.1980 -0.2963
vn 0.9343 -0.0000 0.3564
vn 0.9343 0.1980 -0.2963
vn 0.9343 -0.1364 -0.3293
vn 0.9343 -0.0695 0.3496
vn 0.9343 0.2520 -0.2520
vn 0.9343 -0.1364 0.3293
vn 0.9343 0.2963 -0.1980
vn 0.5969 0.1565 -0.7869
vn 0.6490 0.1484 -0.7462
vn 0.9343 -0.1980 0.2963
vn 0.9343 0.3293 -0.1364
vn 0.9847 0.1612 0.0667
vn 0.9847 0.1451 0.0969
vn 0.6074 0.6605 0.4413
vn 0.6074 0.7339 0.3040
vn 0.9846 -0.1452 -0.0970
vn 0.9846 -0.1613 -0.0668
vn 0.9846 0.1713 0.0340
vn 0.9846 -0.1235 -0.1234
vn 0.9846 0.1613 0.0668
vn 0.9846 -0.0970 -0.1452
vn 0.9846 0.1452 0.0970
vn 0.9846 -0.0669 -0.1613
vn 0.9846 -0.0340 0.1713
vn 0.9846 -0.0000 0.1746
vn 0.9846 0.1235 0.1234
vn 0.9846 -0.0341 -0.1712
vn 0.9846 -0.0668 0.1613
vn 0.9846 0.0970 0.1451
vn 0.9846 -0.0000 -0.1746
vn 0.9846 -0.0970 0.1452
vn 0.9846 0.0669 0.1613
vn 0.9846 0.0340 -0.1713
vn 0.9846 -0.1234 0.1235
vn 0.9846 0.0341 0.1712
vn 0.9846 0.0668 -0.1613
vn 0.9846 -0.1452 0.0970
vn 0.9846 0.0970 -0.1452
vn 0.9846 -0.1613 0.0669
vn 0.9846 0.1234 -0.1235
vn 0.9846 -0.1712 0.0341
vn 0.9846 0.1452 -0.0970
vn 0.9846 -0.1746 -0.0000
vn 0.9846 0.1613 -0.0669
vn 0.9846 -0.1713 -0.0340
vn 0.6074 0.4413 0.6605
vn 0.6074 0.3040 0.7339
vn 0.9847 -0.0970 -0.1451
vn 0.9847 -0.0668 -0.1612
vn 0.6074 -0.3040 -0.7339
vn 0.6074 -0.4413 -0.6605
vn 0.9847 -0.0000 0.1745
vn 0.9847 -0.0340 0.1712
vn 0.6074 -0.1550 0.7791
vn 0.6074 -0.0000 0.7944
vn 0.9847 0.1234 0.1234
vn 0.6074 0.5617 0.5617
vn 0.9847 -0.0341 -0.1712
vn 0.6074 -0.1550 -0.7791
vn 0.9847 -0.0667 0.1612
vn 0.6074 -0.3040 0.7339
vn 0.9847 0.0970 0.1451
vn 0.9847 -0.0000 -0.1745
vn 0.6074 -0.0000 -0.7944
vn 0.9847 -0.0969 0.1451
vn 0.6074 -0.4413 0.6605
vn 0.9847 0.0668 0.1612
vn 0.9847 0.0340 -0.1712
vn 0.6074 0.1550 -0.7791
vn 0.9847 -0.1234 0.1234
vn 0.6074 -0.5617 0.5617
vn 0.9847 0.0341 0.1711
vn 0.6074 0.1550 0.7791
vn 0.9847 0.0667 -0.1612
vn 0.6074 0.3040 -0.7339
vn 0.9847 -0.1451 0.0970
vn 0.6074 -0.6605 0.4413
vn 0.9847 0.0969 -0.1451
vn 0.6074 0.4413 -0.6605
vn 0.9847 -0.1612 0.0668
vn 0.6074 -0.7339 0.3040
vn 0.9847 0.1234 -0.1234
vn 0.6074 0.5617 -0.5617
vn 0.9847 -0.1711 0.0341
vn 0.6074 -0.7791 0.1550
vn 0.9847 0.1451 -0.0970
vn 0.6074 0.6605 -0.4413
vn 0.9847 -0.1745 -0.0000
vn 0.6074 -0.7944 -0.0000
vn 0.9847 0.1612 -0.0668
vn 0.6074 0.7339 -0.3040
vn 0.9847 -0.1712 -0.0340
vn 0.6074 -0.7791 -0.1550
vn 0.9847 0.1712 -0.0341
vn 0.6074 0.7791 -0.1550
vn 0.9847 -0.1612 -0.0667
vn 0.6074 -0.7339 -0.3040
vn 0.9847 0.1745 -0.0000
vn 0.6074 0.7944 -0.0000
vn 0.9847 -0.1451 -0.0969
vn 0.6074 -0.6605 -0.4413
vn 0.9847 0.1712 0.0340
vn 0.6074 0.7791 0.1550
vn 0.9847 -0.1234 -0.1234
vn 0.6074 -0.5617 -0.5617
vn -0.4662 0.0001 0.8847
vn -0.4659 0.1728 0.8678
vn -0.4673 -0.4911 0.7352
vn -0.4675 -0.6250 0.6251
vn -0.4677 -0.7349 0.4911
vn -0.4680 -0.8165 0.3382
vn -0.4680 -0.8667 0.1724
vn -0.4681 -0.8837 -0.0000
vn -0.4680 -0.8667 -0.1724
vn -0.4679 -0.8165 -0.3382
vn -0.4677 -0.7349 -0.4911
vn -0.4675 -0.6250 -0.6251
vn -0.4673 -0.4911 -0.7352
vn -0.4669 -0.3383 -0.8170
vn -0.4666 -0.1724 -0.8675
vn -0.4663 0.0001 -0.8847
vn -0.4659 0.1728 -0.8678
vn -0.4655 0.3388 -0.8176
vn -0.4652 0.4919 -0.7360
vn -0.4649 0.6261 -0.6260
vn -0.4647 0.7363 -0.4919
vn -0.4645 0.8182 -0.3388
vn -0.5477 0.3868 -0.7419
vn -0.4645 0.8182 0.3388
vn -0.4647 0.7363 0.4919
vn -0.4650 0.6261 0.6260
vn -0.4652 0.4919 0.7360
vn -0.4655 0.3388 0.8176
vn -0.2664 -0.9453 0.1880
vn -0.2664 -0.8905 0.3689
vn -0.5870 -0.7479 0.3098
vn -0.5870 -0.7940 0.1579
vn -0.9995 0.0232 -0.0231
vn -0.9995 0.0272 -0.0181
vn -0.9995 -0.0327 -0.0001
vn -0.9995 0.0302 -0.0125
vn -0.9995 -0.0321 -0.0064
vn -0.9995 0.0321 -0.0063
vn -0.9995 -0.0302 -0.0126
vn -0.9995 0.0327 0.0001
vn -0.9995 -0.0271 -0.0182
vn -0.9995 0.0321 0.0064
vn -0.9995 -0.0231 -0.0232
vn -0.9995 0.0302 0.0126
vn -0.9995 -0.0181 -0.0272
vn -0.9995 0.0272 0.0182
vn -0.9995 -0.0125 -0.0302
vn -0.9995 -0.0001 0.0327
vn -0.9995 -0.0064 0.0321
vn -0.9995 0.0231 0.0232
vn -0.9995 -0.0063 -0.0321
vn -0.9995 -0.0126 0.0302
vn -0.9995 0.0181 0.0272
vn -0.9995 0.0001 -0.0327
vn -0.9995 -0.0182 0.0272
vn -0.9995 0.0125 0.0302
vn -0.9995 0.0064 -0.0320
vn -0.9995 -0.0232 0.0231
vn -0.9995 0.0063 0.0321
vn -0.9995 0.0126 -0.0302
vn -0.9995 -0.0272 0.0181
vn -0.9995 0.0182 -0.0271
vn 0.5969 0.6671 -0.4457
vn 0.5970 0.5673 0.5673
vn 0.5969 0.4457 0.6671
vn 0.5969 -0.6671 0.4457
vn 0.5970 -0.5673 -0.5673
vn 0.5969 -0.4457 -0.6671
vn -0.4667 -0.1724 0.8675
vn -0.4663 0.0002 0.8846
vn -0.4676 -0.6250 0.6251
vn -0.4678 -0.7348 0.4911
vn -0.4680 -0.8164 0.3382
vn -0.4681 -0.8667 0.1724
vn -0.4681 -0.8667 -0.1724
vn -0.4680 -0.8164 -0.3382
vn -0.4678 -0.7348 -0.4911
vn -0.4676 -0.6250 -0.6251
vn -0.4673 -0.4911 -0.7351
vn -0.4670 -0.3383 -0.8170
vn -0.4667 -0.1724 -0.8675
vn -0.4663 0.0001 -0.8846
vn -0.4660 0.1727 -0.8678
vn -0.4656 0.3388 -0.8176
vn -0.4653 0.4918 -0.7360
vn -0.4650 0.6261 -0.6260
vn -0.4648 0.7362 -0.4919
vn -0.4646 0.8181 -0.3388
vn -0.9225 -0.3860 0.0001
vn -0.4646 0.8181 0.3388
vn -0.4648 0.7363 0.4918
vn -0.4650 0.6261 0.6259
vn -0.4653 0.4919 0.7359
vn -0.4656 0.3388 0.8176
vn -0.4660 0.1727 0.8678
vn -0.0851 0.5889 0.8037
vn 0.1914 0.8605 0.4722
vn 0.5220 0.5982 0.6080
vn -0.0786 0.6799 0.7291
vn -0.1140 0.6668 0.7365
vn -0.9804 -0.0384 0.1930
vn -0.9804 -0.0000 0.1968
vn -0.2664 0.8014 -0.5355
vn -0.2664 0.6816 -0.6816
vn -0.5870 0.5724 -0.5724
vn -0.5870 0.6731 -0.4498
vn -0.2664 -0.9639 -0.0000
vn -0.5870 -0.8096 -0.0000
vn -0.2664 0.8905 -0.3689
vn -0.5870 0.7479 -0.3098
vn -0.2664 -0.9453 -0.1880
vn -0.5870 -0.7940 -0.1579
vn -0.2664 0.9453 -0.1880
vn -0.5870 0.7940 -0.1579
vn -0.2664 -0.8905 -0.3689
vn -0.5870 -0.7479 -0.3098
vn -0.2664 0.9639 -0.0000
vn -0.5870 0.8096 -0.0000
vn -0.2664 -0.8014 -0.5355
vn -0.5870 -0.6731 -0.4498
vn -0.2664 0.9453 0.1880
vn -0.5870 0.7940 0.1579
vn -0.2664 -0.6816 -0.6816
vn -0.5870 -0.5724 -0.5724
vn -0.2664 0.8905 0.3689
vn -0.5870 0.7479 0.3098
vn -0.2664 -0.5355 -0.8014
vn -0.5870 -0.4498 -0.6731
vn -0.2664 0.8014 0.5355
vn -0.5870 0.6731 0.4498
vn -0.2664 -0.3689 -0.8905
vn -0.5870 -0.3098 -0.7479
vn -0.2664 -0.1880 0.9453
vn -0.2664 -0.0000 0.9639
vn -0.5870 -0.0000 0.8096
vn -0.5870 -0.1579 0.7940
vn -0.2664 0.6816 0.6816
vn -0.5870 0.5724 0.5724
vn -0.2664 -0.1880 -0.9453
vn -0.5870 -0.1579 -0.7940
vn -0.2664 -0.3689 0.8905
vn -0.5870 -0.3098 0.7479
vn -0.2664 0.5355 0.8014
vn -0.5870 0.4498 0.6731
vn -0.2664 -0.0000 -0.9639
vn -0.5870 -0.0000 -0.8096
vn -0.2664 -0.5355 0.8014
vn -0.5870 -0.4498 0.6731
vn -0.2664 0.3689 0.8905
vn -0.5870 0.3098 0.7479
vn -0.2664 0.1880 -0.9453
vn -0.5870 0.1579 -0.7940
vn -0.2664 -0.6816 0.6816
vn -0.5870 -0.5724 0.5724
vn -0.2664 0.1880 0.9453
vn -0.5870 0.1579 0.7940
vn -0.2664 0.3689 -0.8905
vn -0.5870 0.3098 -0.7479
vn -0.2664 -0.8014 0.5355
vn -0.5870 -0.6731 0.4498
vn -0.2664 0.5355 -0.8014
vn -0.5870 0.4498 -0.6731
vn -0.9804 0.1392 0.1392
vn -0.9804 0.1636 0.1093
vn -0.9804 -0.0384 -0.1930
vn -0.9804 -0.0753 -0.1818
vn -0.9804 -0.0753 0.1818
vn -0.9804 0.1093 0.1636
vn -0.9804 -0.0000 -0.1968
vn -0.9804 -0.1093 0.1636
vn -0.9804 0.0753 0.1818
vn -0.9804 0.0384 -0.1930
vn -0.9804 -0.1392 0.1391
vn -0.9804 0.0384 0.1930
vn -0.9804 0.0753 -0.1818
vn -0.9804 -0.1636 0.1093
vn -0.9804 0.1093 -0.1636
vn -0.9804 -0.1818 0.0753
vn -0.9804 0.1392 -0.1392
vn -0.9804 -0.1930 0.0384
vn -0.9804 0.1636 -0.1093
vn -0.9804 -0.1968 -0.0000
vn -0.9804 0.1818 -0.0753
vn -0.9804 -0.1930 -0.0384
vn -0.9804 0.1930 -0.0384
vn -0.9804 -0.1818 -0.0753
vn -0.9804 0.1968 -0.0000
vn -0.9804 -0.1636 -0.1093
vn -0.9804 0.1930 0.0384
vn -0.9804 -0.1392 -0.1392
vn -0.9804 0.1818 0.0753
vn -0.9804 -0.1093 -0.1636
vn -0.0808 0.3816 0.9208
vn -0.1157 0.3799 0.9177
vn -0.1152 0.1936 0.9743
vn -0.0802 0.1946 0.9776
vn -0.0777 -0.5538 0.8290
vn -0.1129 -0.5522 0.8261
vn -0.1125 -0.7027 0.7025
vn -0.0772 -0.7049 0.7051
vn -0.0813 0.5538 0.8286
vn -0.1163 0.5517 0.8259
vn -0.0818 0.7048 0.7047
vn -0.1167 0.7022 0.7024
vn -0.0822 0.8287 0.5536
vn -0.1171 0.8257 0.5518
vn -0.0825 0.9208 0.3813
vn -0.1174 0.9175 0.3801
vn -0.0801 0.5894 0.8039
vn -0.0826 0.9207 -0.3813
vn -0.1174 0.9175 -0.3801
vn -0.0850 0.5889 -0.8037
vn 0.1914 0.8605 -0.4722
vn -0.0823 0.8287 -0.5536
vn -0.1171 0.8257 -0.5518
vn -0.0818 0.7048 -0.7047
vn -0.1167 0.7022 -0.7024
vn -0.0813 0.5538 -0.8286
vn -0.1163 0.5517 -0.8259
vn -0.0808 0.3816 -0.9208
vn -0.1157 0.3799 -0.9177
vn -0.0802 0.1946 -0.9776
vn -0.1152 0.1936 -0.9743
vn -0.0795 0.0002 -0.9968
vn -0.1146 -0.0002 -0.9934
vn -0.0789 -0.1943 -0.9778
vn -0.1140 -0.1940 -0.9743
vn -0.0783 -0.3814 -0.9211
vn -0.1135 -0.3804 -0.9178
vn -0.0777 -0.5538 -0.8290
vn -0.1129 -0.5522 -0.8261
vn -0.0772 -0.7049 -0.7051
vn -0.1125 -0.7027 -0.7025
vn -0.0769 -0.8290 -0.5540
vn -0.1121 -0.8263 -0.5520
vn -0.0766 -0.9211 -0.3816
vn -0.1118 -0.9181 -0.3802
vn -0.0764 -0.9779 -0.1945
vn -0.1117 -0.9747 -0.1938
vn -0.0763 -0.9971 -0.0000
vn -0.1116 -0.9938 -0.0000
vn -0.0764 -0.9779 0.1946
vn -0.1117 -0.9747 0.1938
vn -0.0766 -0.9211 0.3816
vn -0.1118 -0.9181 0.3802
vn -0.0769 -0.8290 0.5540
vn -0.1121 -0.8263 0.5520
vn -0.1135 -0.3804 0.9178
vn -0.0783 -0.3814 0.9211
vn -0.0768 -0.8290 0.5540
vn -0.0765 -0.9211 0.3816
vn -0.0308 -0.9234 0.3825
vn -0.0309 -0.8311 0.5553
vn -0.0314 0.5553 -0.8311
vn -0.0313 0.3825 -0.9234
vn -0.0312 -0.0000 0.9995
vn -0.0312 0.1950 0.9803
vn -0.0309 -0.7068 0.7068
vn -0.0312 0.1950 -0.9803
vn -0.0313 0.3825 0.9234
vn -0.0310 -0.5553 0.8311
vn -0.0796 0.0002 -0.9968
vn -0.0312 -0.0000 -0.9995
vn -0.0314 0.5553 0.8311
vn -0.0310 -0.3825 0.9234
vn -0.0311 -0.1950 -0.9803
vn -0.0314 0.7068 0.7067
vn -0.0311 -0.1950 0.9803
vn -0.0310 -0.3825 -0.9234
vn -0.0315 0.8311 0.5553
vn -0.0310 -0.5553 -0.8311
vn -0.0315 0.9234 0.3825
vn -0.0309 -0.7068 -0.7068
vn -0.0316 0.9803 0.1948
vn -0.0768 -0.8290 -0.5540
vn -0.0309 -0.8311 -0.5553
vn 0.6544 0.7562 -0.0000
vn -0.0318 0.9995 0.0001
vn -0.0765 -0.9211 -0.3816
vn -0.0308 -0.9234 -0.3825
vn -0.0315 0.9803 -0.1949
vn -0.0763 -0.9779 -0.1945
vn -0.0308 -0.9803 -0.1950
vn -0.0825 0.9208 -0.3813
vn -0.0315 0.9234 -0.3825
vn -0.0308 -0.9995 -0.0000
vn -0.0822 0.8287 -0.5536
vn -0.0315 0.8311 -0.5553
vn -0.0763 -0.9779 0.1946
vn -0.0308 -0.9803 0.1950
vn -0.0314 0.7068 -0.7067
vn 0.0661 0.3818 -0.9219
vn 0.0661 -0.0000 0.9978
vn 0.0661 0.1947 0.9786
vn 0.0661 0.1947 -0.9786
vn 0.0661 0.3818 0.9219
vn 0.0661 -0.0000 -0.9978
vn 0.0661 0.5544 0.8297
vn 0.0661 -0.1947 -0.9786
vn 0.0661 -0.1947 0.9786
vn 0.0662 -0.3819 -0.9219
vn 0.0661 0.8296 0.5544
vn 0.0662 -0.9219 -0.3819
vn 0.0660 0.9786 -0.1946
vn 0.0661 0.9219 -0.3819
vn 0.0662 -0.9978 -0.0000
vn 0.0661 0.8297 -0.5544
vn -0.1140 0.6671 -0.7362
vn -0.0785 0.6797 -0.7292
vn -0.0294 0.6524 -0.7573
vn -0.0888 0.6587 -0.7472
vn 0.1915 0.8605 -0.4722
vn 0.5219 0.5983 -0.6080
vn -0.1158 0.3799 0.9177
vn -0.1158 0.3799 -0.9177
vn -0.1130 -0.5522 -0.8261
vn -0.1116 -0.9937 -0.0000
vn -0.1140 -0.1940 0.9744
vn 0.6543 0.7562 -0.0000
vn 0.6186 0.7857 -0.0000
vn -0.1416 0.9899 0.0004
vn -0.1030 0.9947 0.0005
vn -0.0048 1.0000 -0.0000
vn -0.0957 0.9954 -0.0004
vn -0.0294 0.6524 0.7573
vn -0.0047 1.0000 -0.0000
vn -0.7725 0.6350 -0.0001
vn -0.5081 0.5257 0.6823
vn -0.9225 -0.3860 -0.0000
vn -0.5009 -0.5516 0.6670
vn -0.7078 -0.7064 -0.0000
vn -0.5081 0.5257 0.6822
vn -0.7725 0.6350 -0.0000
vn -0.5009 -0.5516 -0.6670
vn -0.5081 0.5257 -0.6822
vn -0.5081 0.5257 -0.6823
vn -0.2026 0.6924 -0.6924
vn -0.2026 0.5440 -0.8142
vn -0.2026 -0.9047 0.3747
vn -0.2026 -0.8142 0.5440
vn -0.2026 0.3747 -0.9047
vn -0.2026 -0.0000 0.9793
vn -0.2026 0.1910 0.9604
vn -0.2026 -0.6924 0.6924
vn -0.2026 0.1910 -0.9604
vn -0.2026 0.3747 0.9047
vn -0.2026 -0.5440 0.8142
vn -0.2026 -0.0000 -0.9793
vn -0.2026 0.5440 0.8142
vn -0.2026 -0.3747 0.9047
vn -0.2026 -0.1910 -0.9604
vn -0.2026 0.6924 0.6924
vn -0.2026 -0.1910 0.9604
vn -0.2026 -0.3747 -0.9047
vn -0.2026 0.8142 0.5440
vn -0.2026 -0.5440 -0.8142
vn -0.2026 0.9047 0.3747
vn -0.2026 -0.6924 -0.6924
vn -0.2026 0.9604 0.1910
vn -0.2026 -0.8142 -0.5440
vn -0.2026 0.9793 -0.0000
vn -0.2026 -0.9047 -0.3747
vn -0.2026 0.9604 -0.1910
vn -0.2026 -0.9604 -0.1910
vn -0.2026 0.9047 -0.3747
vn -0.2026 -0.9793 -0.0000
vn -0.2026 0.8142 -0.5440
vn -0.2026 -0.9604 0.1910
vn -0.9995 -0.0303 0.0125
vn -0.1963 -0.9059 0.3752
vn -0.1963 -0.9617 0.1913
vn -0.9995 0.0273 -0.0181
vn -0.1963 0.6933 -0.6933
vn -0.1963 0.8153 -0.5448
vn -0.1963 -0.9805 -0.0000
vn -0.9995 0.0303 -0.0125
vn -0.1963 0.9059 -0.3752
vn -0.1963 -0.9617 -0.1913
vn -0.1963 0.9617 -0.1913
vn -0.1963 -0.9059 -0.3752
vn -0.1963 0.9805 -0.0000
vn -0.9995 -0.0272 -0.0182
vn -0.1963 -0.8153 -0.5448
vn -0.1963 0.9617 0.1913
vn -0.1963 -0.6933 -0.6933
vn -0.1963 0.9059 0.3752
vn -0.9995 -0.0182 -0.0273
vn -0.1963 -0.5448 -0.8153
vn -0.1963 0.8153 0.5448
vn -0.9995 -0.0125 -0.0303
vn -0.1963 -0.3752 -0.9059
vn -0.9995 -0.0001 0.0328
vn -0.1963 -0.0000 0.9805
vn -0.1963 -0.1913 0.9617
vn -0.1963 0.6933 0.6933
vn -0.1963 -0.1913 -0.9617
vn -0.1963 -0.3752 0.9059
vn -0.9995 0.0182 0.0273
vn -0.1963 0.5448 0.8153
vn -0.1963 -0.0000 -0.9805
vn -0.1963 -0.5448 0.8153
vn -0.9995 0.0125 0.0303
vn -0.1963 0.3752 0.9059
vn -0.9995 0.0064 -0.0321
vn -0.1963 0.1913 -0.9617
vn -0.1963 -0.6933 0.6933
vn -0.9995 0.0063 0.0322
vn -0.1963 0.1913 0.9617
vn -0.1963 0.3752 -0.9059
vn -0.9995 -0.0273 0.0181
vn -0.1963 -0.8153 0.5448
vn -0.9995 0.0182 -0.0272
vn -0.1963 0.5448 -0.8153
vn -0.8133 0.4115 0.4114
vn -0.8133 0.4114 -0.4115
vn -0.8133 -0.4115 -0.4115
vn -0.8133 -0.4114 0.4115
vn 0.0661 0.5544 0.8296
vn -0.1504 -0.6992 -0.6990
vn -0.1394 -0.3790 0.9148
vn -0.1092 0.5871 0.8021
vn -0.0294 0.6523 -0.7573
vn -0.0887 0.6589 -0.7470
vn -0.1091 0.5871 -0.8021
vn -0.1394 0.1932 -0.9712
vn 0.0663 -0.9218 0.3818
vn 0.0662 -0.8296 0.5543
vn 0.7320 -0.1329 0.6682
vn 0.0661 0.5544 -0.8297
vn 0.9343 0.0695 -0.3495
vn 0.9846 -0.1451 0.0970
vn 0.9846 0.0970 0.1452
vn 0.9847 0.0341 0.1712
vn 0.9847 -0.1712 0.0341
vn -0.4662 0.0001 -0.8847
vn -0.4680 -0.8165 -0.3382
vn -0.4679 -0.8165 0.3382
vn -0.4669 -0.3383 0.8170
vn -0.4663 0.0001 0.8847
vn -0.4649 0.6261 0.6260
vn -0.4646 0.8182 0.3388
vn -0.4645 0.8182 -0.3389
vn -0.9995 -0.0182 0.0271
vn -0.9995 -0.0064 0.0320
vn -0.9995 -0.0231 -0.0231
vn 0.5970 0.3070 -0.7412
vn 0.5970 0.1565 -0.7869
vn 0.5970 -0.0000 -0.8023
vn 0.5970 -0.3070 -0.7412
vn -0.4681 -0.8667 0.1725
vn -0.4653 0.4918 -0.7359
vn -0.0851 0.5889 -0.8037
vn -0.0786 0.6799 -0.7291
vn 0.5220 0.5982 -0.6080
vn -0.1140 0.6668 -0.7365
vn -0.5870 0.5724 0.5725
vn -0.2664 0.8905 0.3688
vn -0.5870 -0.5725 0.5725
vn -0.2664 -0.3688 0.8905
vn -0.2664 -0.1880 -0.9454
vn -0.5870 0.5725 -0.5724
vn -0.2664 -0.1880 0.9454
vn -0.2664 0.1880 0.9454
vn -0.5870 0.1580 0.7940
vn -0.5870 -0.5725 -0.5724
vn -0.2664 0.1880 -0.9454
vn -0.9804 -0.1392 -0.1391
vn -0.9804 -0.1392 0.1392
vn -0.0801 0.1946 -0.9776
vn -0.0826 0.9207 0.3813
vn -0.0823 0.8287 0.5536
vn -0.0807 0.3816 0.9208
vn -0.0764 -0.9779 -0.1946
vn -0.1119 -0.9181 -0.3802
vn -0.0314 0.7068 -0.7068
vn -0.0316 0.9803 -0.1948
vn -0.0318 0.9995 -0.0001
vn -0.0315 0.9803 0.1949
vn -0.0763 -0.9779 -0.1946
vn 0.0662 -0.9218 -0.3819
vn 0.0661 0.3819 -0.9219
vn 0.0662 -0.5543 -0.8297
vn 0.0662 -0.5543 0.8296
vn 0.0662 -0.8297 0.5543
vn 0.0660 0.9786 0.1946
vn -0.0850 0.5889 0.8037
vn -0.0785 0.6797 0.7292
vn -0.1140 0.6671 0.7362
vn -0.0888 0.6587 0.7472
vn 0.1915 0.8605 0.4722
vn 0.5219 0.5983 0.6080
vn -0.1416 0.9899 -0.0004
vn -0.1030 0.9947 -0.0005
vn -0.0954 0.9954 -0.0000
vn -0.5082 0.5257 0.6822
vn -0.9995 0.0232 0.0232
vn -0.9995 -0.0126 0.0303
vn -0.9995 -0.0063 -0.0322
vn -0.9995 0.0001 -0.0328
vn -0.6149 0.6149 -0.4936
vn -0.6149 0.6150 0.4936
vn 0.4956 0.1328 0.8584
vn -0.2196 -0.1268 0.9673
vn 0.2195 0.1268 0.9673
vn -0.2196 0.1268 -0.9673
vn -0.6149 -0.6150 0.4936
vn -0.4956 -0.1328 -0.8584
vn 0.4956 0.1328 -0.8584
vn 0.1268 0.2196 -0.9673
vn 0.1268 -0.2196 -0.9673
vn 0.1793 0.1793 -0.9673
vn -0.0000 0.7343 0.6789
vn -0.7343 -0.4800 -0.4800
vn -0.7093 -0.6144 -0.3456
vn -0.9659 -0.1830 0.1830
vn -0.6359 -0.7396 -0.2204
vn -0.8660 -0.3536 0.3536
vn -0.5192 -0.8472 -0.1129
vn -0.7071 -0.5000 0.5000
vn -0.3671 -0.9297 -0.0304
vn -0.5000 -0.6124 0.6124
vn -0.1900 -0.9815 0.0215
vn -0.2588 -0.6830 0.6830
vn -0.0000 -0.9992 0.0392
vn -0.0000 -0.7071 0.7071
vn 0.1900 -0.9815 0.0215
vn 0.2588 -0.6830 0.6830
vn 0.3671 -0.9297 -0.0304
vn 0.5000 -0.6124 0.6124
vn 0.5192 -0.8472 -0.1129
vn 0.7071 -0.5000 0.5000
vn 0.6359 -0.7396 -0.2204
vn 0.8660 -0.3536 0.3536
vn 0.7092 -0.6144 -0.3457
vn 0.9659 -0.1830 0.1830
vn 0.7343 -0.4800 -0.4800
vn 0.7093 -0.3456 -0.6144
vn 0.9659 0.1830 -0.1830
vn 0.6359 -0.2204 -0.7396
vn 0.8660 0.3536 -0.3535
vn 0.5192 -0.1129 -0.8472
vn 0.7071 0.5000 -0.5000
vn 0.3671 -0.0304 -0.9297
vn 0.5000 0.6124 -0.6124
vn 0.1901 0.0215 -0.9815
vn 0.2588 0.6830 -0.6830
vn -0.0000 0.0392 -0.9992
vn -0.0000 0.7071 -0.7071
vn -0.1900 0.0215 -0.9815
vn -0.2588 0.6830 -0.6830
vn -0.3671 -0.0304 -0.9297
vn -0.5000 0.6124 -0.6124
vn -0.5192 -0.1129 -0.8472
vn -0.7071 0.5000 -0.5000
vn -0.6359 -0.2204 -0.7396
vn -0.8660 0.3535 -0.3535
vn -0.7092 -0.3457 -0.6144
vn -0.9659 0.1830 -0.1830
vn -0.7342 0.4801 0.4800
vn -0.7092 0.6144 0.3457
vn -0.6358 0.2205 0.7397
vn -0.7092 0.3457 0.6145
vn 0.1899 -0.0214 0.9816
vn -0.0000 -0.0391 0.9992
vn 0.7342 0.4800 0.4801
vn 0.7092 0.3457 0.6144
vn 0.1901 0.9815 -0.0214
vn 0.3671 0.9297 0.0305
vn -0.6359 0.7396 0.2205
vn -0.5192 0.8472 0.1130
vn -0.1901 -0.0214 0.9815
vn -0.3671 0.0305 0.9297
vn 0.6358 0.2205 0.7397
vn 0.5192 0.1130 0.8472
vn 0.8660 0.3536 -0.3536
vn 0.5191 0.8472 0.1129
vn 0.6359 0.7396 0.2205
vn -0.3671 0.9297 0.0305
vn -0.1902 0.9815 -0.0214
vn -0.5192 0.1130 0.8472
vn 0.3671 0.0305 0.9297
vn 0.7092 0.6145 0.3457
vn -0.0000 0.9992 -0.0391
vn 0.1901 0.6789 -0.7092
vn 0.3672 0.6789 -0.6358
vn 0.7092 0.6789 -0.1902
vn 0.7092 0.6789 0.1901
vn 0.6358 0.6789 0.3671
vn 0.3671 0.6789 0.6359
vn 0.1901 0.6789 0.7092
vn -0.1901 0.6789 0.7092
vn -0.7092 0.6789 -0.1899
vn -0.3672 0.6789 -0.6358
vn -0.1900 0.6789 -0.7092
vn -0.4956 0.1328 0.8584
vn -0.6150 0.6149 0.4936
vn 0.6150 0.6149 -0.4936
vn 0.6150 -0.6149 0.4936
vn 0.1328 -0.4956 -0.8584
vn -0.1268 -0.2196 -0.9673
vn -0.4956 0.1328 -0.8584
vn -0.6150 0.6149 -0.4936
vn 0.6149 0.6150 -0.4936
vn 0.6150 0.6149 0.4936
vn -0.0000 -0.7343 -0.6789
vn 0.1901 -0.6789 0.7092
vn -0.9659 -0.1830 -0.1830
vn -0.7093 -0.6144 0.3456
vn -0.7343 -0.4801 0.4800
vn -0.8660 -0.3536 -0.3536
vn -0.6359 -0.7396 0.2204
vn -0.7071 -0.5000 -0.5000
vn -0.5192 -0.8472 0.1129
vn -0.5000 -0.6124 -0.6124
vn -0.3671 -0.9297 0.0304
vn -0.2588 -0.6830 -0.6830
vn -0.1901 -0.9815 -0.0215
vn -0.0000 -0.7071 -0.7071
vn -0.0000 -0.9992 -0.0392
vn 0.2588 -0.6830 -0.6830
vn 0.1900 -0.9815 -0.0215
vn 0.5000 -0.6124 -0.6124
vn 0.3671 -0.9297 0.0304
vn 0.7071 -0.5000 -0.5000
vn 0.5192 -0.8472 0.1129
vn 0.8660 -0.3536 -0.3536
vn 0.6359 -0.7396 0.2204
vn 0.9659 -0.1830 -0.1830
vn 0.7092 -0.6144 0.3456
vn 0.7342 -0.4801 0.4800
vn 0.9659 0.1830 0.1830
vn 0.7092 -0.3457 0.6144
vn 0.8660 0.3535 0.3536
vn 0.6359 -0.2204 0.7396
vn 0.7071 0.5000 0.5000
vn 0.5192 -0.1129 0.8472
vn 0.5000 0.6124 0.6124
vn 0.3671 -0.0304 0.9297
vn 0.2588 0.6830 0.6830
vn 0.1900 0.0215 0.9815
vn -0.0000 0.7071 0.7071
vn -0.0000 0.0392 0.9992
vn -0.2588 0.6830 0.6830
vn -0.1900 0.0215 0.9815
vn -0.5000 0.6124 0.6124
vn -0.3671 -0.0304 0.9297
vn -0.7071 0.5000 0.5000
vn -0.5192 -0.1129 0.8472
vn -0.8660 0.3536 0.3536
vn -0.6359 -0.2204 0.7396
vn -0.9659 0.1830 0.1830
vn -0.7092 -0.3457 0.6144
vn -0.7092 0.6144 -0.3457
vn -0.7342 0.4800 -0.4801
vn -0.7092 0.3457 -0.6144
vn -0.6359 0.2205 -0.7396
vn -0.8660 -0.3535 -0.3536
vn -0.0000 -0.0391 -0.9992
vn 0.1902 -0.0214 -0.9815
vn 0.7092 0.3458 -0.6144
vn 0.7342 0.4801 -0.4801
vn 0.3671 0.9297 -0.0304
vn 0.1900 0.9816 0.0214
vn -0.5192 0.8472 -0.1130
vn -0.6359 0.7396 -0.2205
vn -0.8660 0.3536 0.3535
vn -0.3671 0.0304 -0.9297
vn -0.1901 -0.0214 -0.9815
vn 0.5192 0.1130 -0.8472
vn 0.6359 0.2205 -0.7396
vn 0.8660 0.3536 0.3536
vn 0.6358 0.7397 -0.2205
vn 0.5191 0.8472 -0.1130
vn -0.1901 0.9815 0.0214
vn -0.3671 0.9297 -0.0304
vn -0.5191 0.1129 -0.8472
vn 0.3671 0.0304 -0.9297
vn 0.7092 0.6145 -0.3457
vn -0.0000 0.9992 0.0391
vn 0.3670 0.6789 0.6359
vn 0.5192 0.6789 0.5191
vn 0.7092 0.6789 -0.1899
vn 0.5192 0.6789 -0.5191
vn -0.5191 0.6789 -0.5192
vn -0.7092 0.6789 0.1901
vn -0.6358 0.6789 0.3671
vn -0.5192 0.6789 0.5191
vn -0.9869 -0.1588 -0.0272
vn -0.9823 0.1858 -0.0233
vn -0.9738 0.1837 -0.1338
vn -0.9783 -0.1558 -0.1363
vn -0.8102 0.2267 -0.5406
vn -0.8131 -0.1955 -0.5483
vn 0.0674 0.9971 -0.0364
vn 0.2132 0.9742 -0.0738
vn 0.1881 0.9793 -0.0745
vn 0.0597 0.9975 -0.0388
vn -0.7860 -0.6176 -0.0277
vn -0.9884 -0.1515 -0.0073
vn -0.7712 -0.6347 -0.0490
vn -0.3291 -0.2528 -0.9098
vn -0.3322 0.2920 -0.8969
vn 0.0238 0.3230 -0.9461
vn 0.0280 -0.2798 -0.9597
vn -0.4103 0.9119 -0.0134
vn -0.3668 0.9302 -0.0162
vn -0.7915 0.6112 -0.0055
vn -0.8238 0.5669 -0.0028
vn -0.7552 0.6547 -0.0306
vn -0.7312 0.6700 -0.1282
vn -0.6715 0.6325 -0.3862
vn 0.1690 -0.2733 -0.9470
vn 0.1671 0.3154 -0.9341
vn 0.1862 0.3105 -0.9322
vn 0.1880 -0.2684 -0.9448
vn -0.7469 -0.6484 -0.1477
vn -0.6848 -0.5963 -0.4189
vn -0.4085 -0.9119 -0.0405
vn -0.8353 -0.5494 -0.0188
vn -0.8054 -0.5924 -0.0227
vn -0.3637 -0.9305 -0.0438
vn 0.2266 0.2949 -0.9283
vn 0.2278 -0.2525 -0.9404
vn 0.1579 0.3196 -0.9343
vn 0.1601 -0.2773 -0.9474
vn 0.1009 -0.7930 -0.6008
vn 0.1092 -0.7888 -0.6049
vn 0.3593 0.3984 -0.8439
vn 0.3657 -0.3523 -0.8615
vn 0.0929 0.8275 -0.5537
vn 0.1011 0.8239 -0.5577
vn 0.1176 0.8186 -0.5622
vn 0.1453 0.8093 -0.5691
vn 0.1886 0.8009 -0.5683
vn 0.7969 -0.5391 -0.2727
vn 0.7829 0.5683 -0.2530
vn 0.7940 0.5516 -0.2554
vn 0.8084 -0.5206 -0.2747
vn 0.1536 -0.7732 -0.6152
vn 0.2019 -0.7631 -0.6140
vn 0.1253 -0.7836 -0.6084
vn -0.1103 -0.9926 -0.0504
vn -0.0931 -0.9943 -0.0528
vn 0.0104 0.9996 -0.0268
vn 0.0227 0.9993 -0.0286
vn 0.0209 0.9993 -0.0310
vn 0.0113 0.9995 -0.0300
vn -0.0026 -0.9967 -0.0817
vn -0.0724 -0.9943 -0.0777
vn -0.0496 -0.9803 -0.1912
vn 0.0175 -0.9805 -0.1956
vn -0.3157 -0.9463 -0.0691
vn -0.2748 -0.9456 -0.1739
vn 0.0164 -0.9978 -0.0638
vn 0.0085 -0.9980 -0.0621
vn 0.0127 -0.9964 -0.0836
vn 0.0196 -0.9962 -0.0850
vn -0.0078 -0.9981 -0.0604
vn -0.0826 -0.9950 -0.0568
vn -0.3366 -0.9404 -0.0483
vn -0.9925 -0.1223 -0.0010
vn -0.9901 -0.1400 -0.0034
vn -0.2743 -0.7609 -0.5880
vn -0.0038 -0.7974 -0.6035
vn 0.0819 -0.7961 -0.5996
vn 0.0324 -0.9796 -0.1982
vn -0.9842 0.1773 -0.0033
vn 0.0348 0.9989 -0.0304
vn 0.0292 0.9990 -0.0345
vn 0.0121 0.9996 -0.0260
vn 0.0358 0.9989 -0.0297
vn 0.0359 0.9989 -0.0292
vn 0.0115 0.9996 -0.0243
vn 0.0147 0.9984 -0.0546
vn 0.0282 0.9980 -0.0564
vn 0.0482 0.9833 -0.1755
vn 0.0343 0.9844 -0.1727
vn 0.0591 0.9962 -0.0640
vn 0.0744 0.9814 -0.1772
vn 0.0122 -0.9984 -0.0546
vn -0.0001 -0.9986 -0.0526
vn -0.0000 -0.9986 -0.0533
vn 0.0118 -0.9985 -0.0532
vn -0.0121 0.9995 -0.0306
vn 0.0042 0.9995 -0.0319
vn 0.0080 0.9985 -0.0537
vn -0.0072 0.9986 -0.0521
vn 0.0120 0.9994 -0.0332
vn 0.1823 0.9762 -0.1171
vn 0.2084 0.9249 -0.3180
vn 0.0277 0.9851 -0.1698
vn 0.0044 -0.9984 -0.0559
vn 0.0067 -0.9983 -0.0580
vn 0.0150 -0.9981 -0.0605
vn 0.0131 -0.9983 -0.0573
vn 0.8037 0.5393 -0.2514
vn 0.8184 -0.5075 -0.2697
vn 0.8369 0.4840 -0.2557
vn 0.8441 -0.4630 -0.2702
vn 0.0018 0.9997 -0.0257
vn 0.0030 0.9996 -0.0279
vn 0.2160 -0.9699 -0.1127
vn 0.7799 -0.5535 -0.2922
vn 0.2423 -0.9638 -0.1115
vn 0.0890 -0.9937 -0.0684
vn 0.0364 -0.9976 -0.0583
vn 0.0363 -0.9976 -0.0586
vn 0.0820 -0.9943 -0.0686
vn 0.2393 0.9675 -0.0813
vn 0.2580 0.9624 -0.0848
vn 0.2886 0.9531 -0.0907
vn 0.5889 -0.4911 -0.6419
vn 0.5781 0.5233 -0.6260
vn 0.7263 0.5703 -0.3837
vn 0.7375 -0.5431 -0.4013
vn 0.2889 -0.9496 -0.1217
vn 0.3233 -0.9377 -0.1275
vn 0.2694 -0.9556 -0.1191
vn 0.7671 0.5806 -0.2728
vn 0.2332 -0.8997 -0.3690
vn 0.2098 -0.9648 -0.1586
vn 0.0889 0.9953 -0.0395
vn 0.0817 0.9959 -0.0389
vn 0.0106 0.9996 -0.0267
vn 0.0242 0.9993 -0.0287
vn 0.0384 0.9988 -0.0309
vn 0.0759 0.9964 -0.0383
vn -0.0264 -0.9984 -0.0510
vn -0.1450 -0.9883 -0.0470
vn -0.1447 -0.9883 -0.0476
vn -0.0263 -0.9983 -0.0515
vn -0.0253 0.9994 -0.0237
vn -0.0000 0.9997 -0.0252
vn 0.0006 0.9997 -0.0256
vn -0.0229 0.9994 -0.0241
vn 0.0110 0.9996 -0.0250
vn 0.0243 0.9994 -0.0259
vn -0.0149 0.9995 -0.0266
vn -0.0189 0.9995 -0.0245
vn -0.4873 -0.8725 -0.0359
vn -0.4878 -0.8722 -0.0363
vn -0.9938 0.1114 0.0025
vn -0.9936 0.1133 0.0025
vn -0.9954 -0.0957 -0.0000
vn -0.0214 -0.9983 -0.0538
vn -0.1282 -0.9905 -0.0498
vn -0.0161 -0.9984 -0.0542
vn -0.4513 -0.8915 -0.0390
vn 0.0117 -0.9984 -0.0546
vn 0.0007 -0.9985 -0.0549
vn 0.0020 -0.9985 -0.0555
vn 0.0121 -0.9983 -0.0569
vn -0.0245 -0.9983 -0.0532
vn -0.1392 -0.9891 -0.0489
vn -0.4762 -0.8785 -0.0376
vn -0.8741 0.4858 -0.0014
vn -0.4898 0.8718 -0.0113
vn -0.4883 0.8726 -0.0114
vn -0.8728 0.4881 -0.0013
vn -0.8799 -0.4749 -0.0146
vn -0.8811 -0.4728 -0.0147
vn -0.8615 -0.5075 -0.0168
vn -0.0265 0.9994 -0.0229
vn -0.0005 0.9997 -0.0243
vn -0.0003 0.9997 -0.0247
vn -0.0266 0.9994 -0.0231
vn -0.9943 -0.1070 -0.0004
vn -0.9920 0.1258 0.0025
vn -0.9896 0.1437 0.0024
vn -0.9951 -0.0992 -0.0001
vn -0.9931 0.1171 0.0026
vn -0.0112 -0.9983 -0.0564
vn -0.8665 0.4992 -0.0016
vn -0.4769 0.8789 -0.0120
vn -0.4524 0.8917 -0.0126
vn -0.8518 0.5239 -0.0020
vn -0.8752 -0.4836 -0.0155
vn 0.0399 -0.9973 -0.0615
vn 0.0772 -0.9946 -0.0690
vn 0.0257 -0.9979 -0.0591
vn 0.0253 -0.9979 -0.0592
vn 0.0375 -0.9974 -0.0612
vn 0.0334 -0.9973 -0.0654
vn 0.0636 -0.9955 -0.0701
vn 0.0700 -0.9953 -0.0674
vn 0.0252 -0.9981 -0.0558
vn -0.1455 0.9892 -0.0191
vn -0.1451 0.9892 -0.0194
vn 0.0245 -0.9978 -0.0619
vn -0.3401 0.9402 -0.0205
vn -0.0868 0.9959 -0.0273
vn -0.0771 0.9958 -0.0485
vn -0.3198 0.9466 -0.0412
vn -0.1296 0.9913 -0.0204
vn -0.1130 0.9934 -0.0208
vn -0.1401 0.9899 -0.0200
vn 0.0330 -0.9957 -0.0870
vn 0.0638 -0.9934 -0.0950
vn -0.9864 0.1642 0.0004
vn -0.0968 0.9950 -0.0233
vn -0.0546 0.9851 -0.1631
vn -0.2797 0.9488 -0.1468
vn 0.0128 0.9858 -0.1674
vn 0.0738 0.8306 -0.5520
vn -0.0107 0.8316 -0.5552
vn -0.2765 0.7941 -0.5412
vn -0.7707 0.6371 -0.0098
vn 0.0528 -0.9773 -0.2050
vn 0.0789 -0.9752 -0.2066
vn 0.0391 -0.9787 -0.2013
vn 0.1343 0.3227 -0.9369
vn 0.1370 -0.2800 -0.9502
vn -0.9841 0.1773 -0.0033
vn -0.9884 -0.1514 -0.0073
vn -0.7915 0.6111 -0.0055
vn -0.8054 -0.5923 -0.0227
vn -0.7860 -0.6177 -0.0277
vn 0.0209 0.9993 -0.0311
vn 0.0115 0.9996 -0.0242
vn 0.0358 0.9989 -0.0291
vn 0.0226 0.9993 -0.0286
vn -0.0004 0.9997 -0.0246
vn -0.0001 0.9997 -0.0252
vn -0.0261 -0.9983 -0.0517
vn -0.1446 -0.9883 -0.0476
vn -0.1393 -0.9890 -0.0489
vn -0.0246 -0.9983 -0.0531
vn -0.4763 -0.8785 -0.0376
vn -0.8751 -0.4836 -0.0155
vn -0.8810 -0.4728 -0.0147
vn -0.0000 -0.9986 -0.0534
vn 0.0006 -0.9985 -0.0546
vn -0.9954 -0.0958 -0.0000
vn -0.9931 0.1171 0.0025
vn -0.8728 0.4881 -0.0014
vn 0.0117 -0.9984 -0.0547
vn 0.0254 -0.9979 -0.0592
vn 0.0374 -0.9974 -0.0612
vn -0.4882 0.8726 -0.0115
vn -0.4770 0.8788 -0.0120
vn -0.0265 0.9994 -0.0231
vn -0.0869 0.9958 -0.0273
vn -0.0148 0.9995 -0.0266
vn 0.0150 -0.9980 -0.0606
vn -0.9869 -0.1588 0.0272
vn -0.9783 -0.1558 0.1363
vn -0.9738 0.1837 0.1338
vn -0.9823 0.1858 0.0233
vn -0.8131 -0.1955 0.5483
vn -0.8102 0.2267 0.5406
vn 0.0678 0.9970 0.0364
vn 0.0597 0.9975 0.0388
vn 0.1881 0.9793 0.0745
vn 0.2132 0.9742 0.0738
vn -0.7860 -0.6176 0.0277
vn -0.7712 -0.6347 0.0490
vn -0.9884 -0.1515 0.0073
vn -0.3291 -0.2529 0.9098
vn 0.0280 -0.2798 0.9597
vn 0.0238 0.3230 0.9461
vn -0.3322 0.2920 0.8969
vn -0.4102 0.9119 0.0135
vn -0.8238 0.5669 0.0028
vn -0.7915 0.6112 0.0056
vn -0.3668 0.9302 0.0162
vn -0.7312 0.6700 0.1282
vn -0.7552 0.6548 0.0306
vn -0.6715 0.6324 0.3862
vn 0.1690 -0.2733 0.9470
vn 0.1879 -0.2683 0.9448
vn 0.1862 0.3106 0.9321
vn 0.1671 0.3154 0.9341
vn -0.7468 -0.6484 0.1477
vn -0.6848 -0.5963 0.4189
vn -0.4085 -0.9119 0.0405
vn -0.3637 -0.9305 0.0438
vn -0.8054 -0.5923 0.0227
vn -0.8354 -0.5494 0.0188
vn 0.2278 -0.2525 0.9404
vn 0.2266 0.2949 0.9283
vn 0.1579 0.3196 0.9343
vn 0.1601 -0.2773 0.9474
vn 0.1009 -0.7930 0.6008
vn 0.1091 -0.7890 0.6046
vn 0.3657 -0.3523 0.8615
vn 0.3593 0.3984 0.8439
vn 0.1011 0.8239 0.5577
vn 0.0928 0.8276 0.5536
vn 0.1176 0.8186 0.5622
vn 0.1452 0.8094 0.5691
vn 0.1886 0.8009 0.5683
vn 0.7969 -0.5391 0.2727
vn 0.8084 -0.5206 0.2747
vn 0.7940 0.5516 0.2554
vn 0.7830 0.5683 0.2530
vn 0.1536 -0.7732 0.6152
vn 0.2019 -0.7631 0.6140
vn 0.1256 -0.7834 0.6087
vn -0.1100 -0.9927 0.0504
vn -0.0931 -0.9943 0.0527
vn 0.0104 0.9996 0.0268
vn 0.0112 0.9995 0.0300
vn 0.0209 0.9993 0.0310
vn 0.0227 0.9993 0.0286
vn -0.0023 -0.9967 0.0817
vn 0.0175 -0.9805 0.1956
vn -0.0497 -0.9803 0.1912
vn -0.0724 -0.9943 0.0777
vn -0.2748 -0.9457 0.1739
vn -0.3157 -0.9463 0.0691
vn 0.0164 -0.9978 0.0638
vn 0.0196 -0.9962 0.0850
vn 0.0127 -0.9964 0.0836
vn 0.0085 -0.9980 0.0621
vn -0.0078 -0.9981 0.0604
vn -0.0826 -0.9950 0.0568
vn -0.3366 -0.9404 0.0483
vn -0.9901 -0.1400 0.0034
vn -0.9925 -0.1222 0.0010
vn -0.2743 -0.7609 0.5880
vn -0.0038 -0.7974 0.6034
vn 0.0818 -0.7961 0.5997
vn 0.0324 -0.9796 0.1982
vn -0.9842 0.1773 0.0033
vn 0.0348 0.9989 0.0304
vn 0.0292 0.9990 0.0345
vn 0.0121 0.9996 0.0260
vn 0.0115 0.9996 0.0243
vn 0.0359 0.9989 0.0292
vn 0.0358 0.9989 0.0297
vn 0.0147 0.9984 0.0545
vn 0.0343 0.9844 0.1727
vn 0.0482 0.9833 0.1756
vn 0.0282 0.9980 0.0564
vn 0.0744 0.9814 0.1772
vn 0.0587 0.9962 0.0641
vn 0.0122 -0.9984 0.0546
vn 0.0118 -0.9985 0.0532
vn -0.0000 -0.9986 0.0533
vn -0.0001 -0.9986 0.0526
vn -0.0121 0.9995 0.0306
vn -0.0072 0.9986 0.0521
vn 0.0080 0.9985 0.0537
vn 0.0042 0.9995 0.0319
vn 0.0120 0.9994 0.0332
vn 0.1822 0.9763 0.1171
vn 0.2084 0.9249 0.3180
vn 0.0277 0.9850 0.1702
vn 0.0044 -0.9984 0.0559
vn 0.0131 -0.9983 0.0573
vn 0.0150 -0.9981 0.0605
vn 0.0067 -0.9983 0.0580
vn 0.8184 -0.5075 0.2697
vn 0.8037 0.5394 0.2513
vn 0.8442 -0.4630 0.2702
vn 0.8369 0.4839 0.2557
vn 0.0018 0.9997 0.0257
vn 0.0030 0.9996 0.0279
vn 0.2159 -0.9699 0.1127
vn 0.2423 -0.9638 0.1115
vn 0.7799 -0.5535 0.2922
vn 0.0890 -0.9937 0.0684
vn 0.0820 -0.9943 0.0686
vn 0.0363 -0.9976 0.0586
vn 0.0364 -0.9976 0.0583
vn 0.2393 0.9675 0.0813
vn 0.2580 0.9624 0.0848
vn 0.2886 0.9531 0.0907
vn 0.5890 -0.4910 0.6419
vn 0.7375 -0.5431 0.4014
vn 0.7263 0.5703 0.3837
vn 0.5781 0.5234 0.6260
vn 0.2889 -0.9496 0.1217
vn 0.3232 -0.9377 0.1274
vn 0.2694 -0.9556 0.1191
vn 0.7671 0.5806 0.2728
vn 0.2332 -0.8997 0.3690
vn 0.2098 -0.9648 0.1586
vn 0.0822 0.9959 0.0390
vn 0.0890 0.9952 0.0394
vn 0.0106 0.9996 0.0267
vn 0.0242 0.9993 0.0287
vn 0.0384 0.9988 0.0309
vn 0.0755 0.9964 0.0383
vn -0.0262 -0.9984 0.0510
vn -0.0261 -0.9983 0.0517
vn -0.1447 -0.9883 0.0476
vn -0.1450 -0.9883 0.0470
vn -0.0252 0.9994 0.0238
vn -0.0229 0.9994 0.0241
vn 0.0006 0.9997 0.0256
vn -0.0000 0.9997 0.0256
vn 0.0110 0.9996 0.0250
vn 0.0243 0.9994 0.0260
vn -0.0188 0.9995 0.0242
vn -0.0149 0.9995 0.0266
vn -0.4878 -0.8722 0.0363
vn -0.4873 -0.8725 0.0359
vn -0.9938 0.1114 -0.0025
vn -0.9954 -0.0957 0.0001
vn -0.9936 0.1132 -0.0025
vn -0.0214 -0.9983 0.0538
vn -0.0161 -0.9984 0.0542
vn -0.1282 -0.9905 0.0498
vn -0.4513 -0.8915 0.0390
vn 0.0117 -0.9984 0.0546
vn 0.0121 -0.9983 0.0569
vn 0.0020 -0.9985 0.0555
vn 0.0007 -0.9985 0.0549
vn -0.0245 -0.9983 0.0532
vn -0.1391 -0.9891 0.0490
vn -0.4763 -0.8785 0.0376
vn -0.8741 0.4858 0.0014
vn -0.8727 0.4882 0.0015
vn -0.4883 0.8726 0.0114
vn -0.4898 0.8717 0.0113
vn -0.8799 -0.4749 0.0146
vn -0.8811 -0.4728 0.0147
vn -0.8614 -0.5076 0.0168
vn -0.0265 0.9994 0.0229
vn -0.0266 0.9994 0.0230
vn -0.0003 0.9997 0.0246
vn -0.0005 0.9997 0.0243
vn -0.9943 -0.1070 0.0004
vn -0.9896 0.1436 -0.0024
vn -0.9920 0.1262 -0.0025
vn -0.9951 -0.0992 0.0002
vn -0.9931 0.1170 -0.0025
vn -0.0112 -0.9983 0.0564
vn -0.8665 0.4992 0.0016
vn -0.8518 0.5238 0.0020
vn -0.4525 0.8917 0.0126
vn -0.4770 0.8788 0.0120
vn -0.8751 -0.4836 0.0155
vn 0.0772 -0.9946 0.0690
vn 0.0399 -0.9973 0.0615
vn 0.0257 -0.9979 0.0591
vn 0.0253 -0.9979 0.0592
vn 0.0375 -0.9974 0.0612
vn 0.0701 -0.9953 0.0673
vn 0.0635 -0.9955 0.0701
vn 0.0334 -0.9973 0.0654
vn 0.0252 -0.9981 0.0558
vn -0.1451 0.9892 0.0194
vn -0.1455 0.9892 0.0191
vn 0.0245 -0.9978 0.0619
vn -0.3401 0.9402 0.0205
vn -0.3198 0.9466 0.0411
vn -0.0771 0.9958 0.0485
vn -0.0868 0.9959 0.0273
vn -0.1130 0.9934 0.0209
vn -0.1300 0.9913 0.0204
vn -0.1401 0.9899 0.0200
vn 0.0639 -0.9934 0.0952
vn 0.0326 -0.9957 0.0866
vn -0.9864 0.1643 -0.0004
vn -0.0968 0.9950 0.0232
vn -0.2797 0.9488 0.1468
vn -0.0543 0.9851 0.1635
vn 0.0128 0.9858 0.1674
vn 0.0737 0.8307 0.5518
vn -0.0108 0.8317 0.5551
vn -0.2765 0.7941 0.5412
vn -0.7707 0.6371 0.0098
vn 0.0789 -0.9752 0.2066
vn 0.0528 -0.9774 0.2048
vn 0.0391 -0.9787 0.2013
vn 0.1369 -0.2796 0.9503
vn 0.1343 0.3226 0.9369
vn -0.9902 -0.1399 0.0034
vn -0.7915 0.6111 0.0056
vn -0.0931 -0.9943 0.0528
vn -0.3638 -0.9305 0.0438
vn 0.0085 -0.9980 0.0620
vn 0.0113 0.9995 0.0300
vn 0.0209 0.9993 0.0311
vn 0.0115 0.9996 0.0242
vn 0.0243 0.9994 0.0259
vn 0.0358 0.9989 0.0291
vn 0.0383 0.9988 0.0309
vn -0.0003 0.9997 0.0247
vn -0.0001 0.9997 0.0252
vn -0.0245 -0.9983 0.0531
vn -0.1393 -0.9890 0.0489
vn -0.1446 -0.9883 0.0476
vn -0.8810 -0.4728 0.0147
vn 0.0006 -0.9985 0.0546
vn -0.9954 -0.0959 -0.0000
vn -0.9951 -0.0992 0.0001
vn -0.9931 0.1170 -0.0026
vn -0.8728 0.4881 0.0014
vn 0.0117 -0.9984 0.0547
vn 0.0374 -0.9974 0.0612
vn -0.4882 0.8727 0.0115
vn -0.0253 0.9994 0.0237
vn -0.0265 0.9994 0.0231
vn -0.0869 0.9958 0.0273
vn -0.0968 0.9950 0.0233
vn 0.0163 -0.9978 0.0637
vn -0.0656 0.2448 0.9674
vn 0.0656 0.2448 0.9674
vn -0.0000 0.2534 0.9674
vn -0.1267 0.2195 0.9674
vn 0.1267 0.2195 0.9674
vn -0.1792 0.1792 0.9674
vn 0.1792 0.1792 0.9674
vn -0.2195 0.1267 0.9674
vn 0.2195 0.1267 0.9674
vn -0.2448 0.0656 0.9674
vn 0.2448 0.0656 0.9674
vn -0.2534 -0.0000 0.9674
vn 0.2534 -0.0000 0.9674
vn -0.2448 -0.0656 0.9674
vn 0.2448 -0.0656 0.9674
vn -0.2195 -0.1267 0.9674
vn 0.2195 -0.1267 0.9674
vn -0.1792 -0.1792 0.9674
vn 0.1792 -0.1792 0.9674
vn -0.1267 -0.2195 0.9674
vn 0.1267 -0.2195 0.9674
vn -0.0656 -0.2448 0.9674
vn 0.0656 -0.2448 0.9674
vn -0.0000 -0.2534 0.9674
vn 0.0656 0.2448 -0.9674
vn -0.0656 0.2448 -0.9674
vn -0.0000 0.2534 -0.9674
vn 0.1267 0.2195 -0.9674
vn -0.1267 0.2195 -0.9674
vn 0.1792 0.1792 -0.9674
vn -0.1792 0.1792 -0.9674
vn 0.2195 0.1267 -0.9674
vn -0.2195 0.1267 -0.9674
vn 0.2448 0.0656 -0.9674
vn -0.2448 0.0656 -0.9674
vn 0.2534 -0.0000 -0.9674
vn -0.2534 -0.0000 -0.9674
vn 0.2448 -0.0656 -0.9674
vn -0.2448 -0.0656 -0.9674
vn 0.2195 -0.1267 -0.9674
vn -0.2195 -0.1267 -0.9674
vn 0.1792 -0.1792 -0.9674
vn -0.1792 -0.1792 -0.9674
vn 0.1267 -0.2195 -0.9674
vn -0.1267 -0.2195 -0.9674
vn 0.0656 -0.2448 -0.9674
vn -0.0656 -0.2448 -0.9674
vn -0.0000 -0.2534 -0.9674
vn -0.7093 0.6789 -0.1900
vn -0.7343 0.6788 0.0001
vn -0.6359 0.6789 0.3672
vn -0.6359 0.6789 -0.3671
vn -0.3671 0.6789 0.6359
vn -0.3672 0.6788 -0.6359
vn -0.1900 0.6789 0.7093
vn 0.0001 0.6789 0.7343
vn -0.0001 0.6789 -0.7343
vn 0.1900 0.6789 -0.7093
vn 0.3672 0.6789 0.6359
vn 0.3671 0.6788 -0.6359
vn 0.5192 0.6789 0.5192
vn 0.6359 0.6788 -0.3672
vn 0.7093 0.6789 0.1900
vn 0.7092 0.6789 -0.1901
vn 0.7343 0.6789 -0.0001
vn -0.9815 -0.0215 0.1901
vn -0.9815 -0.0217 -0.1900
vn -0.9992 -0.0390 0.0001
vn -0.9296 0.0304 0.3672
vn -0.9297 0.0303 -0.3671
vn -0.8471 0.1129 0.5192
vn -0.8472 0.1128 -0.5192
vn -0.7396 0.2204 -0.6359
vn -0.7396 0.2204 0.6359
vn -0.6144 0.3457 0.7093
vn -0.6144 0.3456 -0.7092
vn -0.4800 0.4801 0.7343
vn -0.4801 0.4800 -0.7343
vn -0.3457 0.6144 -0.7093
vn -0.3456 0.6144 0.7092
vn -0.2204 0.7397 0.6359
vn -0.2205 0.7396 -0.6359
vn -0.1128 0.8472 0.5192
vn -0.1129 0.8471 -0.5192
vn -0.0304 0.9297 -0.3672
vn -0.0304 0.9297 0.3671
vn 0.0215 0.9815 -0.1901
vn 0.0215 0.9815 0.1900
vn 0.0392 0.9992 -0.0001
vn 0.2019 0.1586 -0.9665
vn 0.1644 0.1153 -0.9796
vn 0.1752 0.0676 -0.9822
vn -0.0542 0.2991 -0.9527
vn -0.0242 0.3730 -0.9275
vn -0.0252 0.3740 -0.9271
vn -0.0064 0.3445 -0.9388
vn -0.0067 0.3439 -0.9390
vn 0.0294 0.2402 -0.9703
vn 0.0028 0.3135 -0.9496
vn -0.0193 0.3325 -0.9429
vn -0.0435 0.3606 -0.9317
vn -0.0445 0.3622 -0.9311
vn -0.0449 0.3057 -0.9511
vn -0.0431 0.3602 -0.9319
vn -0.0485 0.1930 -0.9800
vn -0.0475 0.2218 -0.9739
vn -0.0299 0.3702 -0.9285
vn -0.0706 0.2175 -0.9735
vn -0.0498 0.1849 -0.9815
vn -0.0547 0.1802 -0.9821
vn -0.0507 0.1439 -0.9883
vn -0.0507 0.1441 -0.9883
vn -0.0495 0.2924 -0.9550
vn -0.0484 0.2534 -0.9661
vn -0.0484 0.2535 -0.9661
vn -0.0494 0.2924 -0.9550
vn -0.0469 0.1887 -0.9809
vn -0.0471 0.2142 -0.9757
vn -0.0521 0.2075 -0.9768
vn -0.0463 0.2499 -0.9672
vn -0.0463 0.2498 -0.9672
vn 0.2360 0.1935 -0.9523
vn -0.0498 0.1850 -0.9815
vn 0.0374 0.1966 -0.9798
vn 0.2019 0.1586 0.9665
vn 0.1644 0.1153 0.9796
vn 0.1752 0.0676 0.9822
vn -0.0178 0.3721 0.9280
vn -0.0544 0.2991 0.9527
vn -0.0066 0.3435 0.9391
vn -0.0064 0.3445 0.9388
vn 0.0294 0.2402 0.9703
vn 0.0028 0.3135 0.9496
vn -0.0193 0.3325 0.9429
vn -0.0449 0.3058 0.9510
vn -0.0435 0.3606 0.9317
vn -0.0434 0.3607 0.9317
vn -0.0384 0.3663 0.9297
vn -0.0475 0.2218 0.9739
vn -0.0479 0.1905 0.9805
vn -0.0299 0.3702 0.9285
vn -0.0706 0.2175 0.9735
vn -0.0498 0.1849 0.9815
vn -0.0507 0.1440 0.9883
vn -0.0506 0.1443 0.9882
vn -0.0495 0.2924 0.9550
vn -0.0484 0.2535 0.9661
vn -0.0494 0.2924 0.9550
vn -0.0469 0.1888 0.9809
vn -0.0471 0.2141 0.9757
vn -0.0521 0.2075 0.9768
vn -0.0520 0.2080 0.9768
vn -0.0463 0.2500 0.9671
vn -0.0463 0.2498 0.9672
vn -0.0498 0.1850 0.9815
vn -0.0471 0.2142 0.9757
vn 0.0374 0.1966 0.9798
vn -0.7343 0.6789 0.0001
vn -0.3672 0.6789 -0.6359
vn 0.3671 0.6789 -0.6359
vn 0.6359 0.6789 -0.3672
vn 0.1901 -0.0215 0.9815
vn -0.1900 -0.0216 0.9815
vn 0.0001 -0.0392 0.9992
vn 0.3672 0.0304 0.9297
vn -0.3671 0.0303 0.9297
vn 0.5192 0.1129 0.8471
vn -0.5192 0.1128 0.8472
vn 0.6359 0.2204 0.7396
vn -0.6359 0.2204 0.7397
vn 0.7093 0.3457 0.6144
vn -0.7092 0.3456 0.6144
vn 0.7343 0.4801 0.4800
vn -0.7343 0.4800 0.4800
vn 0.7092 0.6144 0.3456
vn -0.7093 0.6144 0.3457
vn 0.6359 0.7397 0.2204
vn 0.5192 0.8472 0.1128
vn -0.5192 0.8471 0.1129
vn 0.3671 0.9297 0.0303
vn -0.3672 0.9296 0.0304
vn 0.1900 0.9816 -0.0215
vn -0.1901 0.9815 -0.0215
vn -0.0001 0.9992 -0.0393
vn -0.3671 0.6788 0.6360
vn 0.1900 0.6788 -0.7093
vn -0.7092 0.6144 -0.3456
vn -0.7093 0.3457 -0.6144
vn -0.7342 0.4801 -0.4800
vn -0.6359 0.2204 -0.7396
vn -0.6359 0.7397 -0.2203
vn -0.5193 0.1129 -0.8471
vn -0.5192 0.8472 -0.1129
vn -0.3672 0.0304 -0.9296
vn -0.3671 0.9297 -0.0303
vn -0.1901 -0.0215 -0.9815
vn -0.1900 0.9816 0.0215
vn -0.0001 -0.0392 -0.9992
vn 0.0001 0.9992 0.0392
vn 0.1900 -0.0215 -0.9816
vn 0.1901 0.9815 0.0215
vn 0.3672 0.9297 -0.0304
vn 0.5192 0.1129 -0.8472
vn 0.5193 0.8471 -0.1129
vn 0.6359 0.2203 -0.7397
vn 0.6359 0.7396 -0.2204
vn 0.7093 0.3456 -0.6144
vn 0.7093 0.6144 -0.3457
vn 0.7343 0.4800 -0.4800
vt 0.284615 0.467968
vt 0.345669 0.467968
vt 0.345669 0.467968
vt 0.409013 0.467968
vt 0.468540 0.467968
vt 0.468758 0.467968
s 1
usemtl AIRPORT
f 1/1/1 2/1/2 3/1/3
f 4/1/4 5/1/5 6/1/6
f 2/1/2 7/1/7 8/1/8
f 6/1/6 5/1/5 9/1/9
f 7/1/7 10/1/10 11/1/11
f 12/1/12 13/1/13 14/1/14
f 15/2/15 16/2/2 17/2/16
f 16/2/2 18/2/1 19/2/17
f 20/2/18 15/2/15 21/2/19
f 22/1/20 23/1/21 4/1/4
f 24/2/6 25/2/22 26/2/4
f 27/1/23 28/1/24 29/1/25
f 30/2/26 31/2/27 32/2/28
f 33/1/29 34/1/30 35/1/31
f 36/2/32 37/2/33 38/2/34
f 39/2/35 40/2/36 41/2/37
f 42/2/38 43/2/39 44/2/40
f 45/2/41 46/2/42 47/2/43
f 48/2/44 49/2/45 50/2/46
f 51/2/47 52/2/48 53/2/49
f 54/1/50 55/1/51 56/1/52
f 57/1/53 58/1/54 59/1/55
f 56/1/52 60/1/56 61/1/57
f 58/1/54 62/1/58 59/1/55
f 61/1/57 63/1/59 64/1/60
f 65/1/61 66/1/62 67/1/63
f 68/2/64 69/2/65 70/2/52
f 70/2/52 71/2/66 72/2/67
f 73/2/68 74/2/69 68/2/64
f 75/1/70 57/1/53 76/1/71
f 77/2/54 78/2/53 79/2/72
f 80/1/73 81/1/74 82/1/75
f 83/2/76 84/2/77 85/2/78
f 86/1/79 87/1/80 88/1/81
f 89/2/82 90/2/83 91/2/84
f 92/2/85 93/2/86 94/2/87
f 95/2/88 96/2/89 97/2/90
f 98/2/91 99/2/92 100/2/93
f 101/1/94 102/1/95 103/1/96
f 104/1/97 105/1/98 103/1/96
f 102/1/95 106/1/99 103/1/96
f 105/1/98 107/1/100 103/1/96
f 106/1/99 108/1/101 103/1/96
f 107/1/100 109/1/102 103/1/96
f 108/1/101 110/1/103 103/1/96
f 109/1/102 111/1/104 103/1/96
f 110/1/103 112/1/105 103/1/96
f 111/1/104 113/1/106 103/1/96
f 112/1/105 114/1/107 103/1/96
f 113/1/106 115/1/108 103/1/96
f 114/1/107 116/1/109 103/1/96
f 115/1/108 117/1/110 103/1/96
f 116/1/109 118/1/111 103/1/96
f 117/1/110 119/1/112 103/1/96
f 120/1/113 121/1/114 103/1/96
f 118/1/111 122/1/115 103/1/96
f 119/1/112 123/1/116 103/1/96
f 121/1/114 124/1/117 103/1/96
f 122/1/115 125/1/118 103/1/96
f 123/1/116 126/1/119 103/1/96
f 124/1/117 127/1/120 103/1/96
f 125/1/118 128/1/121 103/1/96
f 126/1/119 129/1/122 103/1/96
f 127/1/120 130/1/123 103/1/96
f 128/1/121 131/1/124 103/1/96
f 129/1/122 132/1/125 103/1/96
f 130/1/123 133/1/126 103/1/96
f 131/1/124 120/1/113 103/1/96
f 132/1/125 101/1/94 103/1/96
f 133/1/126 104/1/97 103/1/96
f 134/2/127 135/2/128 136/2/129
f 137/2/130 138/2/131 136/2/129
f 139/2/132 134/2/127 136/2/129
f 140/2/133 137/2/130 136/2/129
f 141/2/134 139/2/132 136/2/129
f 142/2/135 140/2/133 136/2/129
f 143/2/136 141/2/134 136/2/129
f 144/2/137 142/2/135 136/2/129
f 145/2/138 143/2/136 136/2/129
f 146/2/139 144/2/137 136/2/129
f 147/2/140 145/2/138 136/2/129
f 148/2/141 146/2/139 136/2/129
f 149/2/142 147/2/140 136/2/129
f 150/2/143 148/2/141 136/2/129
f 151/2/144 149/2/142 136/2/129
f 152/2/145 150/2/143 136/2/129
f 153/2/146 154/2/147 136/2/129
f 155/2/148 151/2/144 136/2/129
f 156/2/149 152/2/145 136/2/129
f 157/2/150 153/2/146 136/2/129
f 158/2/151 155/2/148 136/2/129
f 159/2/152 156/2/149 136/2/129
f 160/2/153 157/2/150 136/2/129
f 161/2/154 158/2/151 136/2/129
f 162/2/155 159/2/152 136/2/129
f 163/2/156 160/2/153 136/2/129
f 164/2/157 161/2/154 136/2/129
f 165/2/158 162/2/155 136/2/129
f 166/2/159 163/2/156 136/2/129
f 154/2/147 164/2/157 136/2/129
f 135/2/128 165/2/158 136/2/129
f 138/2/131 166/2/159 136/2/129
f 167/1/118 168/1/96 169/1/115
f 170/1/104 168/1/96 171/1/102
f 169/1/115 168/1/96 172/1/111
f 171/1/102 168/1/96 173/1/100
f 172/1/111 168/1/96 174/1/109
f 173/1/100 168/1/96 175/1/98
f 174/1/109 168/1/96 176/1/107
f 175/1/98 168/1/96 177/1/97
f 176/1/107 168/1/96 178/1/160
f 177/1/97 168/1/96 179/1/161
f 178/1/160 168/1/96 180/1/103
f 179/1/161 168/1/96 181/1/123
f 180/1/103 168/1/96 182/1/101
f 181/1/123 168/1/96 183/1/120
f 182/1/101 168/1/96 184/1/99
f 183/1/120 168/1/96 185/1/117
f 186/1/162 168/1/96 187/1/116
f 184/1/99 168/1/96 188/1/95
f 185/1/117 168/1/96 189/1/114
f 187/1/116 168/1/96 190/1/112
f 188/1/95 168/1/96 191/1/94
f 189/1/114 168/1/96 192/1/113
f 190/1/112 168/1/96 193/1/110
f 191/1/94 168/1/96 194/1/125
f 192/1/113 168/1/96 195/1/124
f 193/1/110 168/1/96 196/1/108
f 194/1/125 168/1/96 197/1/122
f 195/1/124 168/1/96 198/1/121
f 196/1/108 168/1/96 199/1/106
f 197/1/122 168/1/96 186/1/162
f 198/1/121 168/1/96 167/1/118
f 199/1/106 168/1/96 170/1/104
f 200/2/148 201/2/129 202/2/151
f 203/2/135 201/2/129 204/2/137
f 205/2/144 201/2/129 200/2/148
f 206/2/133 201/2/129 203/2/135
f 207/2/142 201/2/129 205/2/144
f 208/2/130 201/2/129 206/2/133
f 209/2/140 201/2/129 207/2/142
f 210/2/131 201/2/129 208/2/130
f 211/2/138 201/2/129 209/2/140
f 212/2/159 201/2/129 210/2/131
f 213/2/136 201/2/129 211/2/138
f 214/2/156 201/2/129 212/2/159
f 215/2/134 201/2/129 213/2/136
f 216/2/153 201/2/129 214/2/156
f 217/2/132 201/2/129 215/2/134
f 218/2/150 201/2/129 216/2/153
f 219/2/149 201/2/129 220/2/152
f 221/2/127 201/2/129 217/2/132
f 222/2/146 201/2/129 218/2/150
f 223/2/145 201/2/129 219/2/149
f 224/2/128 201/2/129 221/2/127
f 225/2/147 201/2/129 222/2/146
f 226/2/143 201/2/129 223/2/145
f 227/2/158 201/2/129 224/2/128
f 228/2/157 201/2/129 225/2/147
f 229/2/141 201/2/129 226/2/143
f 230/2/155 201/2/129 227/2/158
f 231/2/154 201/2/129 228/2/157
f 232/2/139 201/2/129 229/2/141
f 220/2/152 201/2/129 230/2/155
f 202/2/151 201/2/129 231/2/154
f 204/2/137 201/2/129 232/2/139
f 233/2/163 234/2/164 235/2/165
f 233/2/163 235/2/165 236/2/166
f 237/2/167 238/2/168 239/2/169
f 237/2/167 239/2/169 240/2/170
f 240/2/170 239/2/169 241/2/171
f 240/2/170 241/2/171 242/2/172
f 242/2/172 241/2/171 243/2/173
f 242/2/172 243/2/173 244/2/174
f 244/2/174 243/2/173 245/2/175
f 244/2/174 245/2/175 246/2/176
f 246/2/176 245/2/175 247/2/177
f 246/2/176 247/2/177 248/2/178
f 248/2/178 247/2/177 249/2/179
f 248/2/178 249/2/179 250/2/180
f 250/2/180 249/2/179 251/2/181
f 250/2/180 251/2/181 252/2/182
f 252/2/182 251/2/181 253/2/183
f 252/2/182 253/2/183 254/2/184
f 254/2/184 253/2/183 255/2/185
f 254/2/184 255/2/185 256/2/186
f 256/2/186 255/2/185 257/2/187
f 256/2/186 257/2/187 258/2/188
f 258/2/188 257/2/187 259/2/189
f 258/2/188 259/2/189 260/2/190
f 260/2/190 259/2/189 261/2/191
f 260/2/190 261/2/191 262/2/192
f 262/2/192 261/2/191 263/2/193
f 262/2/192 263/2/193 264/2/194
f 264/2/194 263/2/193 265/2/195
f 264/2/194 265/2/195 266/2/196
f 266/2/196 265/2/195 267/2/197
f 266/2/196 267/2/197 268/2/198
f 268/2/198 267/2/197 269/2/199
f 268/2/198 269/2/199 270/2/200
f 270/2/200 269/2/199 271/2/201
f 270/2/200 271/2/201 272/2/202
f 272/2/202 271/2/201 273/2/203
f 272/2/202 273/2/203 274/2/204
f 274/2/204 273/2/203 275/2/205
f 274/2/204 275/2/205 276/2/206
f 276/2/206 275/2/205 277/2/207
f 276/2/206 277/2/207 278/2/208
f 278/2/208 277/2/207 234/2/164
f 278/2/208 234/2/164 233/2/163
f 279/2/209 280/2/210 238/2/168
f 279/2/209 238/2/168 237/2/167
f 281/2/211 282/2/212 283/2/213
f 281/2/211 283/2/213 284/2/214
f 236/2/166 235/2/165 280/2/210
f 236/2/166 280/2/210 279/2/209
f 236/2/166 279/2/209 285/2/215
f 236/2/166 285/2/215 286/2/216
f 286/2/216 285/2/215 287/2/217
f 286/2/216 287/2/217 288/2/218
f 288/2/218 287/2/217 289/2/219
f 288/2/218 289/2/219 290/2/220
f 280/2/210 235/2/165 291/2/221
f 280/2/210 291/2/221 292/2/222
f 292/2/222 291/2/221 293/2/223
f 292/2/222 293/2/223 294/2/224
f 294/2/224 293/2/223 295/2/225
f 294/2/224 295/2/225 296/2/226
f 279/2/209 237/2/167 297/2/227
f 279/2/209 297/2/227 285/2/215
f 285/2/215 297/2/227 298/2/228
f 285/2/215 298/2/228 287/2/217
f 287/2/217 298/2/228 299/2/229
f 287/2/217 299/2/229 289/2/219
f 238/2/168 280/2/210 292/2/222
f 238/2/168 292/2/222 300/2/230
f 300/2/230 292/2/222 294/2/224
f 300/2/230 294/2/224 301/2/231
f 301/2/231 294/2/224 296/2/226
f 301/2/231 296/2/226 302/2/232
f 237/2/167 240/2/170 303/2/233
f 237/2/167 303/2/233 297/2/227
f 297/2/227 303/2/233 304/2/234
f 297/2/227 304/2/234 298/2/228
f 298/2/228 304/2/234 305/2/235
f 298/2/228 305/2/235 299/2/229
f 239/2/169 238/2/168 300/2/230
f 239/2/169 300/2/230 306/2/236
f 306/2/236 300/2/230 301/2/231
f 306/2/236 301/2/231 307/2/237
f 307/2/237 301/2/231 302/2/232
f 307/2/237 302/2/232 308/2/238
f 240/2/170 242/2/172 309/2/239
f 240/2/170 309/2/239 303/2/233
f 303/2/233 309/2/239 310/2/240
f 303/2/233 310/2/240 304/2/234
f 304/2/234 310/2/240 311/2/241
f 304/2/234 311/2/241 305/2/235
f 241/2/171 239/2/169 306/2/236
f 241/2/171 306/2/236 312/2/242
f 312/2/242 306/2/236 307/2/237
f 312/2/242 307/2/237 313/2/243
f 313/2/243 307/2/237 308/2/238
f 313/2/243 308/2/238 314/2/244
f 242/2/172 244/2/174 315/2/245
f 242/2/172 315/2/245 309/2/239
f 309/2/239 315/2/245 316/2/246
f 309/2/239 316/2/246 310/2/240
f 310/2/240 316/2/246 317/2/247
f 310/2/240 317/2/247 311/2/241
f 243/2/173 241/2/171 312/2/242
f 243/2/173 312/2/242 318/2/248
f 318/2/248 312/2/242 313/2/243
f 318/2/248 313/2/243 319/2/249
f 319/2/249 313/2/243 314/2/244
f 319/2/249 314/2/244 320/2/250
f 244/2/174 246/2/176 321/2/251
f 244/2/174 321/2/251 315/2/245
f 315/2/245 321/2/251 322/2/252
f 315/2/245 322/2/252 316/2/246
f 316/2/246 322/2/252 323/2/253
f 316/2/246 323/2/253 317/2/247
f 245/2/175 243/2/173 318/2/248
f 245/2/175 318/2/248 324/2/254
f 324/2/254 318/2/248 319/2/249
f 324/2/254 319/2/249 325/2/255
f 325/2/255 319/2/249 320/2/250
f 325/2/255 320/2/250 326/2/256
f 246/2/176 248/2/178 327/2/257
f 246/2/176 327/2/257 321/2/251
f 321/2/251 327/2/257 328/2/258
f 321/2/251 328/2/258 322/2/252
f 322/2/252 328/2/258 329/2/259
f 322/2/252 329/2/259 323/2/253
f 247/2/177 245/2/175 324/2/254
f 247/2/177 324/2/254 330/2/260
f 330/2/260 324/2/254 325/2/255
f 330/2/260 325/2/255 331/2/261
f 331/2/261 325/2/255 326/2/256
f 331/2/261 326/2/256 332/2/262
f 248/2/178 250/2/180 333/2/263
f 248/2/178 333/2/263 327/2/257
f 327/2/257 333/2/263 334/2/264
f 327/2/257 334/2/264 328/2/258
f 328/2/258 334/2/264 335/2/265
f 328/2/258 335/2/265 329/2/259
f 249/2/179 247/2/177 330/2/260
f 249/2/179 330/2/260 336/2/266
f 336/2/266 330/2/260 331/2/261
f 336/2/266 331/2/261 337/2/267
f 337/2/267 331/2/261 332/2/262
f 337/2/267 332/2/262 338/2/268
f 250/2/180 252/2/182 339/2/269
f 250/2/180 339/2/269 333/2/263
f 333/2/263 339/2/269 340/2/270
f 333/2/263 340/2/270 334/2/264
f 334/2/264 340/2/270 341/2/271
f 334/2/264 341/2/271 335/2/265
f 251/2/181 249/2/179 336/2/266
f 251/2/181 336/2/266 342/2/272
f 342/2/272 336/2/266 337/2/267
f 342/2/272 337/2/267 343/2/273
f 343/2/273 337/2/267 338/2/268
f 343/2/273 338/2/268 344/2/274
f 252/2/182 254/2/184 345/2/275
f 252/2/182 345/2/275 339/2/269
f 339/2/269 345/2/275 346/2/276
f 339/2/269 346/2/276 340/2/270
f 340/2/270 346/2/276 347/2/277
f 340/2/270 347/2/277 341/2/271
f 253/2/183 251/2/181 342/2/272
f 253/2/183 342/2/272 348/2/278
f 348/2/278 342/2/272 343/2/273
f 348/2/278 343/2/273 349/2/279
f 349/2/279 343/2/273 344/2/274
f 349/2/279 344/2/274 350/2/280
f 254/2/184 256/2/186 351/2/281
f 254/2/184 351/2/281 345/2/275
f 345/2/275 351/2/281 352/2/282
f 345/2/275 352/2/282 346/2/276
f 346/2/276 352/2/282 353/2/283
f 346/2/276 353/2/283 347/2/277
f 255/2/185 253/2/183 348/2/278
f 255/2/185 348/2/278 354/2/284
f 354/2/284 348/2/278 349/2/279
f 354/2/284 349/2/279 355/2/285
f 355/2/285 349/2/279 350/2/280
f 355/2/285 350/2/280 356/2/286
f 256/2/186 258/2/188 357/2/287
f 256/2/186 357/2/287 351/2/281
f 351/2/281 357/2/287 358/2/288
f 351/2/281 358/2/288 352/2/282
f 352/2/282 358/2/288 359/2/289
f 352/2/282 359/2/289 353/2/283
f 257/2/187 255/2/185 354/2/284
f 257/2/187 354/2/284 360/2/290
f 360/2/290 354/2/284 355/2/285
f 360/2/290 355/2/285 361/2/291
f 361/2/291 355/2/285 356/2/286
f 361/2/291 356/2/286 362/2/292
f 258/2/188 260/2/190 363/2/293
f 258/2/188 363/2/293 357/2/287
f 357/2/287 363/2/293 364/2/294
f 357/2/287 364/2/294 358/2/288
f 358/2/288 364/2/294 365/2/295
f 358/2/288 365/2/295 359/2/289
f 259/2/189 257/2/187 360/2/290
f 259/2/189 360/2/290 366/2/296
f 366/2/296 360/2/290 361/2/291
f 366/2/296 361/2/291 367/2/297
f 367/2/297 361/2/291 362/2/292
f 367/2/297 362/2/292 368/2/298
f 260/2/190 262/2/192 369/2/299
f 260/2/190 369/2/299 363/2/293
f 363/2/293 369/2/299 370/2/300
f 363/2/293 370/2/300 364/2/294
f 364/2/294 370/2/300 371/2/301
f 364/2/294 371/2/301 365/2/295
f 261/2/191 259/2/189 366/2/296
f 261/2/191 366/2/296 372/2/302
f 372/2/302 366/2/296 367/2/297
f 372/2/302 367/2/297 373/2/303
f 373/2/303 367/2/297 368/2/298
f 373/2/303 368/2/298 374/2/304
f 262/2/192 264/2/194 375/2/305
f 262/2/192 375/2/305 369/2/299
f 369/2/299 375/2/305 376/2/306
f 369/2/299 376/2/306 370/2/300
f 370/2/300 376/2/306 377/2/307
f 370/2/300 377/2/307 371/2/301
f 263/2/193 261/2/191 372/2/302
f 263/2/193 372/2/302 378/2/308
f 378/2/308 372/2/302 373/2/303
f 378/2/308 373/2/303 379/2/309
f 379/2/309 373/2/303 374/2/304
f 379/2/309 374/2/304 380/2/310
f 264/2/194 266/2/196 381/2/311
f 264/2/194 381/2/311 375/2/305
f 375/2/305 381/2/311 382/2/312
f 375/2/305 382/2/312 376/2/306
f 376/2/306 382/2/312 383/2/313
f 376/2/306 383/2/313 377/2/307
f 265/2/195 263/2/193 378/2/308
f 265/2/195 378/2/308 384/2/314
f 384/2/314 378/2/308 379/2/309
f 384/2/314 379/2/309 385/2/315
f 385/2/315 379/2/309 380/2/310
f 385/2/315 380/2/310 386/2/316
f 266/2/196 268/2/198 387/2/317
f 266/2/196 387/2/317 381/2/311
f 381/2/311 387/2/317 388/2/318
f 381/2/311 388/2/318 382/2/312
f 382/2/312 388/2/318 389/2/319
f 382/2/312 389/2/319 383/2/313
f 267/2/197 265/2/195 384/2/314
f 267/2/197 384/2/314 390/2/320
f 390/2/320 384/2/314 385/2/315
f 390/2/320 385/2/315 391/2/321
f 391/2/321 385/2/315 386/2/316
f 391/2/321 386/2/316 392/2/322
f 268/2/198 270/2/200 393/2/323
f 268/2/198 393/2/323 387/2/317
f 387/2/317 393/2/323 394/2/324
f 387/2/317 394/2/324 388/2/318
f 388/2/318 394/2/324 395/2/325
f 388/2/318 395/2/325 389/2/319
f 269/2/199 267/2/197 390/2/320
f 269/2/199 390/2/320 396/2/326
f 396/2/326 390/2/320 391/2/321
f 396/2/326 391/2/321 397/2/327
f 397/2/327 391/2/321 392/2/322
f 397/2/327 392/2/322 398/2/328
f 270/2/200 272/2/202 399/2/329
f 270/2/200 399/2/329 393/2/323
f 393/2/323 399/2/329 400/2/330
f 393/2/323 400/2/330 394/2/324
f 394/2/324 400/2/330 401/2/331
f 394/2/324 401/2/331 395/2/325
f 271/2/201 269/2/199 396/2/326
f 271/2/201 396/2/326 402/2/332
f 402/2/332 396/2/326 397/2/327
f 402/2/332 397/2/327 403/2/333
f 403/2/333 397/2/327 398/2/328
f 403/2/333 398/2/328 404/2/334
f 272/2/202 274/2/204 405/2/335
f 272/2/202 405/2/335 399/2/329
f 399/2/329 405/2/335 406/2/336
f 399/2/329 406/2/336 400/2/330
f 400/2/330 406/2/336 407/2/337
f 400/2/330 407/2/337 401/2/331
f 273/2/203 271/2/201 402/2/332
f 273/2/203 402/2/332 408/2/338
f 408/2/338 402/2/332 403/2/333
f 408/2/338 403/2/333 409/2/339
f 409/2/339 403/2/333 404/2/334
f 409/2/339 404/2/334 410/2/340
f 274/2/204 276/2/206 411/2/341
f 274/2/204 411/2/341 405/2/335
f 405/2/335 411/2/341 412/2/342
f 405/2/335 412/2/342 406/2/336
f 406/2/336 412/2/342 413/2/343
f 406/2/336 413/2/343 407/2/337
f 275/2/205 273/2/203 408/2/338
f 275/2/205 408/2/338 414/2/344
f 414/2/344 408/2/338 409/2/339
f 414/2/344 409/2/339 415/2/345
f 415/2/345 409/2/339 410/2/340
f 415/2/345 410/2/340 416/2/346
f 276/2/206 278/2/208 417/2/347
f 276/2/206 417/2/347 411/2/341
f 411/2/341 417/2/347 418/2/348
f 411/2/341 418/2/348 412/2/342
f 412/2/342 418/2/348 419/2/349
f 412/2/342 419/2/349 413/2/343
f 277/2/207 275/2/205 414/2/344
f 277/2/207 414/2/344 420/2/350
f 420/2/350 414/2/344 415/2/345
f 420/2/350 415/2/345 421/2/351
f 421/2/351 415/2/345 416/2/346
f 421/2/351 416/2/346 422/2/352
f 278/2/208 233/2/163 423/2/353
f 278/2/208 423/2/353 417/2/347
f 417/2/347 423/2/353 424/2/354
f 417/2/347 424/2/354 418/2/348
f 418/2/348 424/2/354 425/2/355
f 418/2/348 425/2/355 419/2/349
f 234/2/164 277/2/207 420/2/350
f 234/2/164 420/2/350 426/2/356
f 426/2/356 420/2/350 421/2/351
f 426/2/356 421/2/351 427/2/357
f 427/2/357 421/2/351 422/2/352
f 427/2/357 422/2/352 428/2/358
f 233/2/163 236/2/166 286/2/216
f 233/2/163 286/2/216 423/2/353
f 423/2/353 286/2/216 288/2/218
f 423/2/353 288/2/218 424/2/354
f 424/2/354 288/2/218 290/2/220
f 424/2/354 290/2/220 425/2/355
f 235/2/165 234/2/164 426/2/356
f 235/2/165 426/2/356 291/2/221
f 291/2/221 426/2/356 427/2/357
f 291/2/221 427/2/357 293/2/223
f 293/2/223 427/2/357 428/2/358
f 293/2/223 428/2/358 295/2/225
f 429/2/359 430/2/360 296/2/226
f 429/2/359 296/2/226 295/2/225
f 430/2/360 431/2/361 302/2/232
f 430/2/360 302/2/232 296/2/226
f 431/2/361 432/2/362 308/2/238
f 431/2/361 308/2/238 302/2/232
f 432/2/362 433/2/363 314/2/244
f 432/2/362 314/2/244 308/2/238
f 433/2/363 434/2/364 320/2/250
f 433/2/363 320/2/250 314/2/244
f 434/2/364 435/2/365 326/2/256
f 434/2/364 326/2/256 320/2/250
f 435/2/365 436/2/366 332/2/262
f 435/2/365 332/2/262 326/2/256
f 436/2/366 437/2/367 338/2/268
f 436/2/366 338/2/268 332/2/262
f 437/2/367 438/2/368 344/2/274
f 437/2/367 344/2/274 338/2/268
f 438/2/368 439/2/369 350/2/280
f 438/2/368 350/2/280 344/2/274
f 439/2/369 440/2/370 356/2/286
f 439/2/369 356/2/286 350/2/280
f 440/2/370 441/2/371 362/2/292
f 440/2/370 362/2/292 356/2/286
f 441/2/371 442/2/372 368/2/298
f 441/2/371 368/2/298 362/2/292
f 442/2/372 443/2/373 374/2/304
f 442/2/372 374/2/304 368/2/298
f 443/2/373 444/2/374 380/2/310
f 443/2/373 380/2/310 374/2/304
f 444/2/374 445/2/375 386/2/316
f 444/2/374 386/2/316 380/2/310
f 445/2/375 446/2/376 392/2/322
f 445/2/375 392/2/322 386/2/316
f 446/2/376 447/2/377 398/2/328
f 446/2/376 398/2/328 392/2/322
f 447/2/377 282/2/212 404/2/334
f 447/2/377 404/2/334 398/2/328
f 282/2/212 281/2/211 410/2/340
f 282/2/212 410/2/340 404/2/334
f 281/2/211 448/2/378 416/2/346
f 281/2/211 416/2/346 410/2/340
f 448/2/378 449/2/379 422/2/352
f 448/2/378 422/2/352 416/2/346
f 449/2/379 450/2/380 428/2/358
f 449/2/379 428/2/358 422/2/352
f 450/2/380 429/2/359 295/2/225
f 450/2/380 295/2/225 428/2/358
f 442/2/372 441/2/371 451/2/381
f 442/2/372 451/2/381 452/2/382
f 435/2/365 434/2/364 453/2/383
f 435/2/365 453/2/383 454/2/384
f 448/2/378 281/2/211 284/2/214
f 448/2/378 284/2/214 455/2/385
f 443/2/373 442/2/372 452/2/382
f 443/2/373 452/2/382 456/2/386
f 436/2/366 435/2/365 454/2/384
f 436/2/366 454/2/384 457/2/387
f 449/2/379 448/2/378 455/2/385
f 449/2/379 455/2/385 458/2/388
f 444/2/374 443/2/373 456/2/386
f 444/2/374 456/2/386 459/2/389
f 437/2/367 436/2/366 457/2/387
f 437/2/367 457/2/387 460/2/390
f 450/2/380 449/2/379 458/2/388
f 450/2/380 458/2/388 461/2/391
f 430/2/360 429/2/359 462/2/392
f 430/2/360 462/2/392 463/2/393
f 445/2/375 444/2/374 459/2/389
f 445/2/375 459/2/389 464/2/394
f 438/2/368 437/2/367 460/2/390
f 438/2/368 460/2/390 465/2/395
f 429/2/359 450/2/380 461/2/391
f 429/2/359 461/2/391 462/2/392
f 431/2/361 430/2/360 463/2/393
f 431/2/361 463/2/393 466/2/396
f 446/2/376 445/2/375 464/2/394
f 446/2/376 464/2/394 467/2/397
f 439/2/369 438/2/368 465/2/395
f 439/2/369 465/2/395 468/2/398
f 432/2/362 431/2/361 466/2/396
f 432/2/362 466/2/396 469/2/399
f 447/2/377 446/2/376 467/2/397
f 447/2/377 467/2/397 470/2/400
f 440/2/370 439/2/369 468/2/398
f 440/2/370 468/2/398 471/2/401
f 433/2/363 432/2/362 469/2/399
f 433/2/363 469/2/399 472/2/402
f 282/2/212 447/2/377 470/2/400
f 282/2/212 470/2/400 283/2/213
f 441/2/371 440/2/370 471/2/401
f 441/2/371 471/2/401 451/2/381
f 434/2/364 433/2/363 472/2/402
f 434/2/364 472/2/402 453/2/383
f 473/2/164 474/2/165 475/2/166
f 473/2/164 475/2/166 476/2/163
f 477/2/168 478/2/169 479/2/170
f 477/2/168 479/2/170 480/2/167
f 478/2/169 481/2/171 482/2/172
f 478/2/169 482/2/172 479/2/170
f 481/2/171 483/2/173 484/2/174
f 481/2/171 484/2/174 482/2/172
f 483/2/173 485/2/175 486/2/176
f 483/2/173 486/2/176 484/2/174
f 485/2/175 487/2/177 488/2/178
f 485/2/175 488/2/178 486/2/176
f 487/2/177 489/2/179 490/2/180
f 487/2/177 490/2/180 488/2/178
f 489/2/179 491/2/181 492/2/182
f 489/2/179 492/2/182 490/2/180
f 491/2/181 493/2/183 494/2/184
f 491/2/181 494/2/184 492/2/182
f 493/2/183 495/2/185 496/2/186
f 493/2/183 496/2/186 494/2/184
f 495/2/185 497/2/187 498/2/188
f 495/2/185 498/2/188 496/2/186
f 497/2/187 499/2/189 500/2/190
f 497/2/187 500/2/190 498/2/188
f 499/2/189 501/2/191 502/2/192
f 499/2/189 502/2/192 500/2/190
f 501/2/191 503/2/193 504/2/194
f 501/2/191 504/2/194 502/2/192
f 503/2/193 505/2/195 506/2/196
f 503/2/193 506/2/196 504/2/194
f 505/2/195 507/2/197 508/2/198
f 505/2/195 508/2/198 506/2/196
f 507/2/197 509/2/199 510/2/200
f 507/2/197 510/2/200 508/2/198
f 509/2/199 511/2/201 512/2/202
f 509/2/199 512/2/202 510/2/200
f 511/2/201 513/2/203 514/2/204
f 511/2/201 514/2/204 512/2/202
f 513/2/203 515/2/205 516/2/206
f 513/2/203 516/2/206 514/2/204
f 515/2/205 517/2/207 518/2/208
f 515/2/205 518/2/208 516/2/206
f 517/2/207 473/2/164 476/2/163
f 517/2/207 476/2/163 518/2/208
f 519/2/210 477/2/168 480/2/167
f 519/2/210 480/2/167 520/2/209
f 521/2/403 522/2/404 523/2/405
f 521/2/403 523/2/405 524/2/406
f 474/2/165 519/2/210 520/2/209
f 474/2/165 520/2/209 475/2/166
f 474/2/165 525/2/221 526/2/222
f 474/2/165 526/2/222 519/2/210
f 525/2/221 527/2/223 528/2/407
f 525/2/221 528/2/407 526/2/222
f 527/2/223 529/2/225 530/2/226
f 527/2/223 530/2/226 528/2/407
f 520/2/209 531/2/215 532/2/216
f 520/2/209 532/2/216 475/2/166
f 531/2/215 533/2/408 534/2/218
f 531/2/215 534/2/218 532/2/216
f 533/2/408 535/2/219 536/2/220
f 533/2/408 536/2/220 534/2/218
f 519/2/210 526/2/222 537/2/230
f 519/2/210 537/2/230 477/2/168
f 526/2/222 528/2/407 538/2/231
f 526/2/222 538/2/231 537/2/230
f 528/2/407 530/2/226 539/2/232
f 528/2/407 539/2/232 538/2/231
f 480/2/167 540/2/227 531/2/215
f 480/2/167 531/2/215 520/2/209
f 540/2/227 541/2/228 533/2/408
f 540/2/227 533/2/408 531/2/215
f 541/2/228 542/2/229 535/2/219
f 541/2/228 535/2/219 533/2/408
f 477/2/168 537/2/230 543/2/236
f 477/2/168 543/2/236 478/2/169
f 537/2/230 538/2/231 544/2/237
f 537/2/230 544/2/237 543/2/236
f 538/2/231 539/2/232 545/2/238
f 538/2/231 545/2/238 544/2/237
f 479/2/170 546/2/233 540/2/227
f 479/2/170 540/2/227 480/2/167
f 546/2/233 547/2/234 541/2/228
f 546/2/233 541/2/228 540/2/227
f 547/2/234 548/2/235 542/2/229
f 547/2/234 542/2/229 541/2/228
f 478/2/169 543/2/236 549/2/242
f 478/2/169 549/2/242 481/2/171
f 543/2/236 544/2/237 550/2/243
f 543/2/236 550/2/243 549/2/242
f 544/2/237 545/2/238 551/2/244
f 544/2/237 551/2/244 550/2/243
f 482/2/172 552/2/239 546/2/233
f 482/2/172 546/2/233 479/2/170
f 552/2/239 553/2/240 547/2/234
f 552/2/239 547/2/234 546/2/233
f 553/2/240 554/2/241 548/2/235
f 553/2/240 548/2/235 547/2/234
f 481/2/171 549/2/242 555/2/248
f 481/2/171 555/2/248 483/2/173
f 549/2/242 550/2/243 556/2/409
f 549/2/242 556/2/409 555/2/248
f 550/2/243 551/2/244 557/2/250
f 550/2/243 557/2/250 556/2/409
f 484/2/174 558/2/245 552/2/239
f 484/2/174 552/2/239 482/2/172
f 558/2/245 559/2/246 553/2/240
f 558/2/245 553/2/240 552/2/239
f 559/2/246 560/2/247 554/2/241
f 559/2/246 554/2/241 553/2/240
f 483/2/173 555/2/248 561/2/254
f 483/2/173 561/2/254 485/2/175
f 555/2/248 556/2/409 562/2/255
f 555/2/248 562/2/255 561/2/254
f 556/2/409 557/2/250 563/2/256
f 556/2/409 563/2/256 562/2/255
f 486/2/176 564/2/251 558/2/245
f 486/2/176 558/2/245 484/2/174
f 564/2/251 565/2/252 559/2/246
f 564/2/251 559/2/246 558/2/245
f 565/2/252 566/2/253 560/2/247
f 565/2/252 560/2/247 559/2/246
f 485/2/175 561/2/254 567/2/260
f 485/2/175 567/2/260 487/2/177
f 561/2/254 562/2/255 568/2/261
f 561/2/254 568/2/261 567/2/260
f 562/2/255 563/2/256 569/2/262
f 562/2/255 569/2/262 568/2/261
f 488/2/178 570/2/257 564/2/251
f 488/2/178 564/2/251 486/2/176
f 570/2/257 571/2/258 565/2/252
f 570/2/257 565/2/252 564/2/251
f 571/2/258 572/2/259 566/2/253
f 571/2/258 566/2/253 565/2/252
f 487/2/177 567/2/260 573/2/266
f 487/2/177 573/2/266 489/2/179
f 567/2/260 568/2/261 574/2/267
f 567/2/260 574/2/267 573/2/266
f 568/2/261 569/2/262 575/2/268
f 568/2/261 575/2/268 574/2/267
f 490/2/180 576/2/263 570/2/257
f 490/2/180 570/2/257 488/2/178
f 576/2/263 577/2/264 571/2/258
f 576/2/263 571/2/258 570/2/257
f 577/2/264 578/2/265 572/2/259
f 577/2/264 572/2/259 571/2/258
f 489/2/179 573/2/266 579/2/272
f 489/2/179 579/2/272 491/2/181
f 573/2/266 574/2/267 580/2/273
f 573/2/266 580/2/273 579/2/272
f 574/2/267 575/2/268 581/2/274
f 574/2/267 581/2/274 580/2/273
f 492/2/182 582/2/269 576/2/263
f 492/2/182 576/2/263 490/2/180
f 582/2/269 583/2/270 577/2/264
f 582/2/269 577/2/264 576/2/263
f 583/2/270 584/2/271 578/2/265
f 583/2/270 578/2/265 577/2/264
f 491/2/181 579/2/272 585/2/278
f 491/2/181 585/2/278 493/2/183
f 579/2/272 580/2/273 586/2/279
f 579/2/272 586/2/279 585/2/278
f 580/2/273 581/2/274 587/2/280
f 580/2/273 587/2/280 586/2/279
f 494/2/184 588/2/275 582/2/269
f 494/2/184 582/2/269 492/2/182
f 588/2/275 589/2/276 583/2/270
f 588/2/275 583/2/270 582/2/269
f 589/2/276 590/2/277 584/2/271
f 589/2/276 584/2/271 583/2/270
f 493/2/183 585/2/278 591/2/284
f 493/2/183 591/2/284 495/2/185
f 585/2/278 586/2/279 592/2/285
f 585/2/278 592/2/285 591/2/284
f 586/2/279 587/2/280 593/2/286
f 586/2/279 593/2/286 592/2/285
f 496/2/186 594/2/281 588/2/275
f 496/2/186 588/2/275 494/2/184
f 594/2/281 595/2/282 589/2/276
f 594/2/281 589/2/276 588/2/275
f 595/2/282 596/2/283 590/2/277
f 595/2/282 590/2/277 589/2/276
f 495/2/185 591/2/284 597/2/290
f 495/2/185 597/2/290 497/2/187
f 591/2/284 592/2/285 598/2/291
f 591/2/284 598/2/291 597/2/290
f 592/2/285 593/2/286 599/2/292
f 592/2/285 599/2/292 598/2/291
f 498/2/188 600/2/287 594/2/281
f 498/2/188 594/2/281 496/2/186
f 600/2/287 601/2/288 595/2/282
f 600/2/287 595/2/282 594/2/281
f 601/2/288 602/2/289 596/2/283
f 601/2/288 596/2/283 595/2/282
f 497/2/187 597/2/290 603/2/296
f 497/2/187 603/2/296 499/2/189
f 597/2/290 598/2/291 604/2/297
f 597/2/290 604/2/297 603/2/296
f 598/2/291 599/2/292 605/2/298
f 598/2/291 605/2/298 604/2/297
f 500/2/190 606/2/293 600/2/287
f 500/2/190 600/2/287 498/2/188
f 606/2/293 607/2/294 601/2/288
f 606/2/293 601/2/288 600/2/287
f 607/2/294 608/2/295 602/2/289
f 607/2/294 602/2/289 601/2/288
f 499/2/189 603/2/296 609/2/302
f 499/2/189 609/2/302 501/2/191
f 603/2/296 604/2/297 610/2/303
f 603/2/296 610/2/303 609/2/302
f 604/2/297 605/2/298 611/2/304
f 604/2/297 611/2/304 610/2/303
f 502/2/192 612/2/299 606/2/293
f 502/2/192 606/2/293 500/2/190
f 612/2/299 613/2/300 607/2/294
f 612/2/299 607/2/294 606/2/293
f 613/2/300 614/2/301 608/2/295
f 613/2/300 608/2/295 607/2/294
f 501/2/191 609/2/302 615/2/308
f 501/2/191 615/2/308 503/2/193
f 609/2/302 610/2/303 616/2/309
f 609/2/302 616/2/309 615/2/308
f 610/2/303 611/2/304 617/2/310
f 610/2/303 617/2/310 616/2/309
f 504/2/194 618/2/305 612/2/299
f 504/2/194 612/2/299 502/2/192
f 618/2/305 619/2/306 613/2/300
f 618/2/305 613/2/300 612/2/299
f 619/2/306 620/2/307 614/2/301
f 619/2/306 614/2/301 613/2/300
f 503/2/193 615/2/308 621/2/314
f 503/2/193 621/2/314 505/2/195
f 615/2/308 616/2/309 622/2/315
f 615/2/308 622/2/315 621/2/314
f 616/2/309 617/2/310 623/2/316
f 616/2/309 623/2/316 622/2/315
f 506/2/196 624/2/311 618/2/305
f 506/2/196 618/2/305 504/2/194
f 624/2/311 625/2/312 619/2/306
f 624/2/311 619/2/306 618/2/305
f 625/2/312 626/2/313 620/2/307
f 625/2/312 620/2/307 619/2/306
f 505/2/195 621/2/314 627/2/320
f 505/2/195 627/2/320 507/2/197
f 621/2/314 622/2/315 628/2/321
f 621/2/314 628/2/321 627/2/320
f 622/2/315 623/2/316 629/2/322
f 622/2/315 629/2/322 628/2/321
f 508/2/198 630/2/317 624/2/311
f 508/2/198 624/2/311 506/2/196
f 630/2/317 631/2/318 625/2/312
f 630/2/317 625/2/312 624/2/311
f 631/2/318 632/2/319 626/2/313
f 631/2/318 626/2/313 625/2/312
f 507/2/197 627/2/320 633/2/326
f 507/2/197 633/2/326 509/2/199
f 627/2/320 628/2/321 634/2/327
f 627/2/320 634/2/327 633/2/326
f 628/2/321 629/2/322 635/2/328
f 628/2/321 635/2/328 634/2/327
f 510/2/200 636/2/323 630/2/317
f 510/2/200 630/2/317 508/2/198
f 636/2/323 637/2/324 631/2/318
f 636/2/323 631/2/318 630/2/317
f 637/2/324 638/2/325 632/2/319
f 637/2/324 632/2/319 631/2/318
f 509/2/199 633/2/326 639/2/332
f 509/2/199 639/2/332 511/2/201
f 633/2/326 634/2/327 640/2/410
f 633/2/326 640/2/410 639/2/332
f 634/2/327 635/2/328 641/2/334
f 634/2/327 641/2/334 640/2/410
f 512/2/202 642/2/329 636/2/323
f 512/2/202 636/2/323 510/2/200
f 642/2/329 643/2/411 637/2/324
f 642/2/329 637/2/324 636/2/323
f 643/2/411 644/2/331 638/2/325
f 643/2/411 638/2/325 637/2/324
f 511/2/201 639/2/332 645/2/338
f 511/2/201 645/2/338 513/2/203
f 639/2/332 640/2/410 646/2/339
f 639/2/332 646/2/339 645/2/338
f 640/2/410 641/2/334 647/2/340
f 640/2/410 647/2/340 646/2/339
f 514/2/204 648/2/335 642/2/329
f 514/2/204 642/2/329 512/2/202
f 648/2/335 649/2/336 643/2/411
f 648/2/335 643/2/411 642/2/329
f 649/2/336 650/2/337 644/2/331
f 649/2/336 644/2/331 643/2/411
f 513/2/203 645/2/338 651/2/344
f 513/2/203 651/2/344 515/2/205
f 645/2/338 646/2/339 652/2/345
f 645/2/338 652/2/345 651/2/344
f 646/2/339 647/2/340 653/2/346
f 646/2/339 653/2/346 652/2/345
f 516/2/206 654/2/341 648/2/335
f 516/2/206 648/2/335 514/2/204
f 654/2/341 655/2/342 649/2/336
f 654/2/341 649/2/336 648/2/335
f 655/2/342 656/2/343 650/2/337
f 655/2/342 650/2/337 649/2/336
f 515/2/205 651/2/344 657/2/350
f 515/2/205 657/2/350 517/2/207
f 651/2/344 652/2/345 658/2/351
f 651/2/344 658/2/351 657/2/350
f 652/2/345 653/2/346 659/2/352
f 652/2/345 659/2/352 658/2/351
f 518/2/208 660/2/347 654/2/341
f 518/2/208 654/2/341 516/2/206
f 660/2/347 661/2/348 655/2/342
f 660/2/347 655/2/342 654/2/341
f 661/2/348 662/2/349 656/2/343
f 661/2/348 656/2/343 655/2/342
f 517/2/207 657/2/350 663/2/356
f 517/2/207 663/2/356 473/2/164
f 657/2/350 658/2/351 664/2/412
f 657/2/350 664/2/412 663/2/356
f 658/2/351 659/2/352 665/2/358
f 658/2/351 665/2/358 664/2/412
f 476/2/163 666/2/353 660/2/347
f 476/2/163 660/2/347 518/2/208
f 666/2/353 667/2/354 661/2/348
f 666/2/353 661/2/348 660/2/347
f 667/2/354 668/2/355 662/2/349
f 667/2/354 662/2/349 661/2/348
f 473/2/164 663/2/356 525/2/221
f 473/2/164 525/2/221 474/2/165
f 663/2/356 664/2/412 527/2/223
f 663/2/356 527/2/223 525/2/221
f 664/2/412 665/2/358 529/2/225
f 664/2/412 529/2/225 527/2/223
f 475/2/166 532/2/216 666/2/353
f 475/2/166 666/2/353 476/2/163
f 532/2/216 534/2/218 667/2/354
f 532/2/216 667/2/354 666/2/353
f 534/2/218 536/2/220 668/2/355
f 534/2/218 668/2/355 667/2/354
f 669/2/413 536/2/220 535/2/219
f 669/2/413 535/2/219 670/2/414
f 670/2/414 535/2/219 542/2/229
f 670/2/414 542/2/229 671/2/415
f 671/2/415 542/2/229 548/2/235
f 671/2/415 548/2/235 672/2/416
f 672/2/416 548/2/235 554/2/241
f 672/2/416 554/2/241 673/2/417
f 673/2/417 554/2/241 560/2/247
f 673/2/417 560/2/247 674/2/418
f 674/2/418 560/2/247 566/2/253
f 674/2/418 566/2/253 675/2/419
f 675/2/419 566/2/253 572/2/259
f 675/2/419 572/2/259 676/2/420
f 676/2/420 572/2/259 578/2/265
f 676/2/420 578/2/265 677/2/421
f 677/2/421 578/2/265 584/2/271
f 677/2/421 584/2/271 678/2/422
f 678/2/422 584/2/271 590/2/277
f 678/2/422 590/2/277 679/2/423
f 679/2/423 590/2/277 596/2/283
f 679/2/423 596/2/283 680/2/424
f 680/2/424 596/2/283 602/2/289
f 680/2/424 602/2/289 681/2/425
f 681/2/425 602/2/289 608/2/295
f 681/2/425 608/2/295 682/2/426
f 682/2/426 608/2/295 614/2/301
f 682/2/426 614/2/301 683/2/427
f 683/2/427 614/2/301 620/2/307
f 683/2/427 620/2/307 684/2/428
f 684/2/428 620/2/307 626/2/313
f 684/2/428 626/2/313 685/2/429
f 685/2/429 626/2/313 632/2/319
f 685/2/429 632/2/319 686/2/430
f 686/2/430 632/2/319 638/2/325
f 686/2/430 638/2/325 687/2/431
f 687/2/431 638/2/325 644/2/331
f 687/2/431 644/2/331 524/2/406
f 524/2/406 644/2/331 650/2/337
f 524/2/406 650/2/337 521/2/403
f 521/2/403 650/2/337 656/2/343
f 521/2/403 656/2/343 688/2/432
f 688/2/432 656/2/343 662/2/349
f 688/2/432 662/2/349 689/2/433
f 689/2/433 662/2/349 668/2/355
f 689/2/433 668/2/355 690/2/434
f 690/2/434 668/2/355 536/2/220
f 690/2/434 536/2/220 669/2/413
f 682/2/426 691/2/435 692/2/436
f 682/2/426 692/2/436 681/2/425
f 675/2/419 693/2/437 694/2/438
f 675/2/419 694/2/438 674/2/418
f 688/2/432 695/2/439 522/2/404
f 688/2/432 522/2/404 521/2/403
f 683/2/427 696/2/440 691/2/435
f 683/2/427 691/2/435 682/2/426
f 676/2/420 697/2/441 693/2/437
f 676/2/420 693/2/437 675/2/419
f 689/2/433 698/2/442 695/2/439
f 689/2/433 695/2/439 688/2/432
f 684/2/428 699/2/443 696/2/440
f 684/2/428 696/2/440 683/2/427
f 677/2/421 700/2/444 697/2/441
f 677/2/421 697/2/441 676/2/420
f 690/2/434 701/2/445 698/2/442
f 690/2/434 698/2/442 689/2/433
f 670/2/414 702/2/446 703/2/447
f 670/2/414 703/2/447 669/2/413
f 685/2/429 704/2/448 699/2/443
f 685/2/429 699/2/443 684/2/428
f 678/2/422 705/2/449 700/2/444
f 678/2/422 700/2/444 677/2/421
f 669/2/413 703/2/447 701/2/445
f 669/2/413 701/2/445 690/2/434
f 671/2/415 706/2/450 702/2/446
f 671/2/415 702/2/446 670/2/414
f 686/2/430 707/2/451 704/2/448
f 686/2/430 704/2/448 685/2/429
f 679/2/423 708/2/452 705/2/449
f 679/2/423 705/2/449 678/2/422
f 672/2/416 709/2/453 706/2/450
f 672/2/416 706/2/450 671/2/415
f 687/2/431 710/2/454 707/2/451
f 687/2/431 707/2/451 686/2/430
f 680/2/424 711/2/455 708/2/452
f 680/2/424 708/2/452 679/2/423
f 673/2/417 712/2/456 709/2/453
f 673/2/417 709/2/453 672/2/416
f 524/2/406 523/2/405 710/2/454
f 524/2/406 710/2/454 687/2/431
f 681/2/425 692/2/436 711/2/455
f 681/2/425 711/2/455 680/2/424
f 674/2/418 694/2/438 712/2/456
f 674/2/418 712/2/456 673/2/417
f 713/1/457 714/1/458 715/1/459
f 713/1/457 715/1/459 716/1/460
f 716/1/460 715/1/459 717/1/461
f 716/1/460 717/1/461 718/1/462
f 718/1/462 717/1/461 719/1/463
f 718/1/462 719/1/463 720/1/464
f 720/1/464 719/1/463 721/1/465
f 720/1/464 721/1/465 722/1/466
f 722/1/466 721/1/465 723/1/467
f 722/1/466 723/1/467 724/1/468
f 724/1/468 723/1/467 725/1/469
f 724/1/468 725/1/469 726/1/470
f 726/1/470 725/1/469 727/1/471
f 726/1/470 727/1/471 728/1/472
f 728/1/472 727/1/471 729/1/473
f 728/1/472 729/1/473 730/1/474
f 730/1/474 729/1/473 731/1/475
f 730/1/474 731/1/475 732/1/476
f 732/1/476 731/1/475 733/1/477
f 732/1/476 733/1/477 734/1/478
f 734/1/478 733/1/477 735/1/479
f 734/1/478 735/1/479 736/1/480
f 736/1/480 735/1/479 737/1/481
f 736/1/480 737/1/481 738/1/482
f 738/1/482 737/1/481 739/1/483
f 738/1/482 739/1/483 740/1/484
f 740/1/484 739/1/483 741/1/485
f 740/1/484 741/1/485 742/1/486
f 742/1/486 741/1/485 743/1/487
f 742/1/486 743/1/487 744/1/488
f 744/1/488 743/1/487 745/1/489
f 744/1/488 745/1/489 746/1/490
f 746/1/490 745/1/489 747/1/491
f 746/1/490 747/1/491 748/1/492
f 748/1/492 747/1/491 749/1/493
f 748/1/492 749/1/493 750/1/494
f 750/1/494 749/1/493 751/1/495
f 750/1/494 751/1/495 752/1/496
f 752/1/496 751/1/495 753/1/497
f 752/1/496 753/1/497 754/1/498
f 754/1/498 753/1/497 755/1/499
f 754/1/498 755/1/499 756/1/500
f 756/1/500 755/1/499 757/1/501
f 756/1/500 757/1/501 758/1/502
f 758/1/502 757/1/501 759/1/503
f 758/1/502 759/1/503 760/1/504
f 760/1/504 759/1/503 714/1/458
f 760/1/504 714/1/458 713/1/457
f 761/1/505 762/1/506 763/1/507
f 761/1/505 763/1/507 764/1/508
f 764/1/508 763/1/507 765/1/509
f 764/1/508 765/1/509 766/1/510
f 766/1/510 765/1/509 767/1/511
f 766/1/510 767/1/511 768/1/512
f 768/1/512 767/1/511 769/1/513
f 768/1/512 769/1/513 770/1/514
f 770/1/514 769/1/513 771/1/515
f 770/1/514 771/1/515 772/1/516
f 772/1/516 771/1/515 773/1/517
f 772/1/516 773/1/517 774/1/129
f 774/1/129 773/1/517 775/1/518
f 774/1/129 775/1/518 776/1/519
f 776/1/519 775/1/518 777/1/520
f 776/1/519 777/1/520 778/1/521
f 778/1/521 777/1/520 779/1/522
f 778/1/521 779/1/522 780/1/523
f 780/1/523 779/1/522 781/1/524
f 780/1/523 781/1/524 782/1/525
f 782/1/525 781/1/524 783/1/526
f 782/1/525 783/1/526 784/1/527
f 784/1/527 783/1/526 785/1/528
f 784/1/527 785/1/528 786/1/529
f 786/1/529 785/1/528 787/1/530
f 786/1/529 787/1/530 788/1/531
f 788/1/531 787/1/530 789/1/532
f 788/1/531 789/1/532 790/1/533
f 790/1/533 789/1/532 791/1/534
f 790/1/533 791/1/534 792/1/535
f 792/1/535 791/1/534 793/1/536
f 792/1/535 793/1/536 794/1/537
f 794/1/537 793/1/536 795/1/538
f 794/1/537 795/1/538 796/1/539
f 796/1/539 795/1/538 797/1/540
f 796/1/539 797/1/540 798/1/96
f 798/1/96 797/1/540 799/1/541
f 798/1/96 799/1/541 800/1/542
f 800/1/542 799/1/541 801/1/543
f 800/1/542 801/1/543 802/1/544
f 802/1/544 801/1/543 803/1/545
f 802/1/544 803/1/545 804/1/546
f 804/1/546 803/1/545 805/1/547
f 804/1/546 805/1/547 806/1/548
f 806/1/548 805/1/547 807/1/549
f 806/1/548 807/1/549 808/1/550
f 808/1/550 807/1/549 762/1/506
f 808/1/550 762/1/506 761/1/505
f 809/1/505 810/1/551 811/1/552
f 809/1/505 811/1/552 812/1/553
f 812/1/553 811/1/552 813/1/554
f 812/1/553 813/1/554 814/1/555
f 814/1/555 813/1/554 815/1/556
f 814/1/555 815/1/556 816/1/557
f 816/1/557 815/1/556 817/1/558
f 816/1/557 817/1/558 818/1/559
f 818/1/559 817/1/558 819/1/560
f 818/1/559 819/1/560 820/1/561
f 820/1/561 819/1/560 821/1/562
f 820/1/561 821/1/562 822/1/563
f 822/1/563 821/1/562 823/1/564
f 822/1/563 823/1/564 824/1/565
f 824/1/565 823/1/564 825/1/566
f 824/1/565 825/1/566 826/1/567
f 826/1/567 825/1/566 827/1/568
f 826/1/567 827/1/568 828/1/569
f 828/1/569 827/1/568 829/1/570
f 828/1/569 829/1/570 830/1/571
f 830/1/571 829/1/570 831/1/572
f 830/1/571 831/1/572 832/1/573
f 832/1/573 831/1/572 833/1/574
f 832/1/573 833/1/574 834/1/529
f 834/1/529 833/1/574 835/1/575
f 834/1/529 835/1/575 836/1/576
f 836/1/576 835/1/575 837/1/577
f 836/1/576 837/1/577 838/1/578
f 838/1/578 837/1/577 839/1/579
f 838/1/578 839/1/579 840/1/580
f 840/1/580 839/1/579 841/1/581
f 840/1/580 841/1/581 842/1/582
f 842/1/582 841/1/581 843/1/583
f 842/1/582 843/1/583 844/1/584
f 844/1/584 843/1/583 845/1/585
f 844/1/584 845/1/585 846/1/586
f 846/1/586 845/1/585 847/1/587
f 846/1/586 847/1/587 848/1/588
f 848/1/588 847/1/587 849/1/589
f 848/1/588 849/1/589 850/1/590
f 850/1/590 849/1/589 851/1/591
f 850/1/590 851/1/591 852/1/592
f 852/1/592 851/1/591 853/1/593
f 852/1/592 853/1/593 854/1/594
f 854/1/594 853/1/593 855/1/595
f 854/1/594 855/1/595 856/1/596
f 856/1/596 855/1/595 810/1/551
f 856/1/596 810/1/551 809/1/505
f 857/2/597 858/2/550 859/2/505
f 857/2/597 859/2/505 860/2/598
f 861/2/599 862/2/548 858/2/550
f 861/2/599 858/2/550 857/2/597
f 863/2/600 864/2/546 862/2/548
f 863/2/600 862/2/548 861/2/599
f 865/2/601 866/2/544 864/2/546
f 865/2/601 864/2/546 863/2/600
f 867/2/602 868/2/542 866/2/544
f 867/2/602 866/2/544 865/2/601
f 869/2/603 870/2/96 868/2/542
f 869/2/603 868/2/542 867/2/602
f 871/2/604 872/2/539 870/2/96
f 871/2/604 870/2/96 869/2/603
f 873/2/605 874/2/537 872/2/539
f 873/2/605 872/2/539 871/2/604
f 875/2/606 876/2/535 874/2/537
f 875/2/606 874/2/537 873/2/605
f 877/2/607 878/2/533 876/2/535
f 877/2/607 876/2/535 875/2/606
f 879/2/608 880/2/531 878/2/533
f 879/2/608 878/2/533 877/2/607
f 881/2/609 882/2/529 880/2/531
f 881/2/609 880/2/531 879/2/608
f 883/2/610 884/2/527 882/2/529
f 883/2/610 882/2/529 881/2/609
f 885/2/611 886/2/525 884/2/527
f 885/2/611 884/2/527 883/2/610
f 887/2/612 888/2/523 886/2/525
f 887/2/612 886/2/525 885/2/611
f 889/2/613 890/2/521 888/2/523
f 889/2/613 888/2/523 887/2/612
f 891/2/614 892/2/519 890/2/521
f 891/2/614 890/2/521 889/2/613
f 893/2/615 894/2/129 892/2/519
f 893/2/615 892/2/519 891/2/614
f 895/2/616 896/2/516 894/2/129
f 895/2/616 894/2/129 893/2/615
f 897/2/617 898/2/514 896/2/516
f 897/2/617 896/2/516 895/2/616
f 899/2/618 900/2/512 898/2/514
f 899/2/618 898/2/514 897/2/617
f 901/2/619 902/2/510 900/2/512
f 901/2/619 900/2/512 899/2/618
f 903/2/620 904/2/508 902/2/510
f 903/2/620 902/2/510 901/2/619
f 860/2/598 859/2/505 904/2/508
f 860/2/598 904/2/508 903/2/620
f 905/2/621 906/2/596 907/3/505
f 905/2/621 907/3/505 908/2/622
f 909/2/623 910/2/594 906/2/596
f 909/2/623 906/2/596 905/2/621
f 911/2/624 912/2/592 910/2/594
f 911/2/624 910/2/594 909/2/623
f 913/2/625 914/2/590 912/2/592
f 913/2/625 912/2/592 911/2/624
f 915/2/626 916/2/588 914/2/590
f 915/2/626 914/2/590 913/2/625
f 917/2/627 918/2/586 916/2/588
f 917/2/627 916/2/588 915/2/626
f 919/2/628 920/2/584 918/2/586
f 919/2/628 918/2/586 917/2/627
f 921/2/629 922/2/582 920/2/584
f 921/2/629 920/2/584 919/2/628
f 923/2/630 924/2/580 922/2/582
f 923/2/630 922/2/582 921/2/629
f 925/2/631 926/2/578 924/2/580
f 925/2/631 924/2/580 923/2/630
f 927/2/632 928/2/576 926/2/578
f 927/2/632 926/2/578 925/2/631
f 929/2/633 930/2/529 928/2/576
f 929/2/633 928/2/576 927/2/632
f 931/2/634 932/2/573 930/2/529
f 931/2/634 930/2/529 929/2/633
f 933/2/635 934/2/636 932/2/573
f 933/2/635 932/2/573 931/2/634
f 935/2/637 936/2/569 934/2/636
f 935/2/637 934/2/636 933/2/635
f 937/2/638 938/2/567 936/2/569
f 937/2/638 936/2/569 935/2/637
f 939/2/639 940/2/565 938/2/567
f 939/2/639 938/2/567 937/2/638
f 941/2/640 942/2/563 940/2/565
f 941/2/640 940/2/565 939/2/639
f 943/2/641 944/2/561 942/2/563
f 943/2/641 942/2/563 941/2/640
f 945/2/642 946/2/559 944/2/561
f 945/2/642 944/2/561 943/2/641
f 947/2/643 948/2/557 946/2/559
f 947/2/643 946/2/559 945/2/642
f 949/2/644 950/2/555 948/2/557
f 949/2/644 948/2/557 947/2/643
f 951/2/645 952/2/553 950/2/555
f 951/2/645 950/2/555 949/2/644
f 908/2/622 907/3/505 952/2/553
f 908/2/622 952/2/553 951/2/645
f 953/4/646 954/4/647 955/4/648
f 953/4/646 955/4/648 956/4/649
f 957/1/650 958/1/651 959/1/652
f 957/1/650 959/1/652 960/1/653
f 956/4/649 955/4/648 961/4/654
f 956/4/649 961/4/654 962/4/655
f 963/4/656 964/4/657 965/4/658
f 963/4/656 965/4/658 966/4/659
f 967/1/660 968/1/661 969/1/662
f 967/1/660 969/1/662 970/1/663
f 971/4/664 972/4/665 954/4/647
f 971/4/664 954/4/647 953/4/646
f 973/1/666 974/1/667 975/1/668
f 973/1/666 975/1/668 976/1/669
f 972/4/665 977/4/670 978/4/671
f 972/4/665 978/4/671 954/4/647
f 954/4/647 978/4/671 979/4/672
f 954/4/647 979/4/672 955/4/648
f 955/4/648 979/4/672 980/4/673
f 955/4/648 980/4/673 961/4/654
f 961/4/654 980/4/673 981/4/674
f 961/4/654 981/4/674 982/4/675
f 960/1/653 959/1/652 983/1/676
f 960/1/653 983/1/676 984/1/677
f 985/1/678 986/1/679 987/1/680
f 985/1/678 987/1/680 988/1/681
f 989/1/682 960/1/653 984/1/677
f 989/1/682 984/1/677 990/1/683
f 991/1/684 957/1/650 960/1/653
f 991/1/684 960/1/653 989/1/682
f 970/1/663 969/1/662 957/1/650
f 970/1/663 957/1/650 991/1/684
f 992/2/685 993/2/686 994/2/687
f 992/2/685 994/2/687 995/2/688
f 996/2/689 997/2/690 998/2/691
f 996/2/689 998/2/691 999/2/692
f 1000/1/693 1001/1/694 1002/1/695
f 1000/1/693 1002/1/695 1003/1/696
f 1004/1/697 1005/1/698 1006/1/699
f 1004/1/697 1006/1/699 14/1/14
f 1007/2/697 1008/2/700 1009/2/701
f 1007/2/697 1009/2/701 1010/2/698
f 1011/1/702 1012/1/703 1013/1/704
f 1011/1/702 1013/1/704 1014/1/705
f 998/2/691 1009/2/701 1008/2/700
f 998/2/691 1008/2/700 1015/2/706
f 998/2/691 1015/2/706 1016/2/707
f 998/2/691 1016/2/707 999/2/692
f 1017/1/708 1018/1/709 1000/1/693
f 1017/1/708 1000/1/693 1003/1/696
f 1010/2/698 1009/2/701 1019/2/710
f 1010/2/698 1019/2/710 1020/2/711
f 1021/1/712 1022/1/713 1023/1/714
f 1021/1/712 1023/1/714 23/1/21
f 1024/1/686 1002/1/695 1021/1/712
f 1024/1/686 1021/1/712 1025/1/715
f 1026/2/716 1027/2/717 1028/2/718
f 1026/2/716 1028/2/718 1029/2/715
f 1030/1/719 1031/1/720 1032/1/721
f 1030/1/719 1032/1/721 1033/1/717
f 1027/2/717 1034/2/722 1035/2/723
f 1027/2/717 1035/2/723 1028/2/718
f 1036/1/724 1037/1/725 1038/1/726
f 1036/1/724 1038/1/726 1039/1/727
f 1040/4/728 1041/4/729 1042/4/730
f 1040/4/728 1042/4/730 1043/4/731
f 1041/4/729 1044/4/732 1045/4/733
f 1041/4/729 1045/4/733 1042/4/730
f 1043/4/731 1042/4/730 1046/4/734
f 1043/4/731 1046/4/734 1047/4/735
f 1042/4/730 1045/4/733 1048/4/736
f 1042/4/730 1048/4/736 1046/4/734
f 1049/4/737 1050/4/738 1040/4/728
f 1049/4/737 1040/4/728 1051/4/739
f 1050/4/738 1052/4/740 1041/4/729
f 1050/4/738 1041/4/729 1040/4/728
f 1052/4/740 1053/4/741 1044/4/732
f 1052/4/740 1044/4/732 1041/4/729
f 1053/4/741 1054/4/742 1055/4/743
f 1053/4/741 1055/4/743 1044/4/732
f 1044/4/732 1055/4/743 1056/4/744
f 1044/4/732 1056/4/744 1045/4/733
f 1045/4/733 1056/4/744 1057/4/745
f 1045/4/733 1057/4/745 1048/4/736
f 1048/4/736 1057/4/745 1058/4/746
f 1048/4/736 1058/4/746 1059/4/747
f 1046/4/734 1048/4/736 1059/4/747
f 1046/4/734 1059/4/747 1060/4/748
f 1047/4/735 1046/4/734 1060/4/748
f 1047/4/735 1060/4/748 1061/4/749
f 1062/4/750 1047/4/735 1061/4/749
f 1062/4/750 1061/4/749 1063/4/751
f 1064/4/752 1043/4/731 1047/4/735
f 1064/4/752 1047/4/735 1062/4/750
f 1051/4/739 1040/4/728 1043/4/731
f 1051/4/739 1043/4/731 1064/4/752
f 1039/1/727 1038/1/726 1065/1/753
f 1039/1/727 1065/1/753 1066/1/754
f 1067/1/755 1037/1/725 1036/1/724
f 1067/1/755 1036/1/724 1068/1/756
f 1069/1/757 1068/1/756 1036/1/724
f 1069/1/757 1036/1/724 1070/1/758
f 1066/1/754 1065/1/753 1001/1/694
f 1066/1/754 1001/1/694 1000/1/693
f 1071/1/759 1072/1/760 1073/1/761
f 1071/1/759 1073/1/761 1074/1/762
f 1074/1/762 1073/1/761 1075/1/763
f 1074/1/762 1075/1/763 1076/1/764
f 1076/1/764 1075/1/763 1077/1/765
f 1076/1/764 1077/1/765 1078/1/766
f 1078/1/766 1077/1/765 1023/1/714
f 1078/1/766 1023/1/714 1022/1/713
f 1079/4/767 1080/4/768 1081/4/769
f 1079/4/767 1081/4/769 1082/4/770
f 1083/1/771 1066/1/754 1000/1/693
f 1083/1/771 1000/1/693 1018/1/709
f 1084/1/772 1039/1/727 1066/1/754
f 1084/1/772 1066/1/754 1083/1/771
f 1070/1/758 1036/1/724 1039/1/727
f 1070/1/758 1039/1/727 1084/1/772
f 1085/4/773 1086/4/774 1087/4/775
f 1085/4/773 1087/4/775 1088/4/776
f 1086/4/774 1089/4/777 1090/4/778
f 1086/4/774 1090/4/778 1087/4/775
f 1088/4/776 1087/4/775 1091/4/779
f 1088/4/776 1091/4/779 1092/4/780
f 1087/4/775 1090/4/778 1093/4/781
f 1087/4/775 1093/4/781 1091/4/779
f 1094/4/782 1095/4/783 1085/4/773
f 1094/4/782 1085/4/773 1096/4/784
f 1095/4/783 1097/4/785 1086/4/774
f 1095/4/783 1086/4/774 1085/4/773
f 1097/4/785 1098/4/786 1089/4/777
f 1097/4/785 1089/4/777 1086/4/774
f 1098/4/786 1099/4/787 1100/4/788
f 1098/4/786 1100/4/788 1089/4/777
f 1089/4/777 1100/4/788 1101/4/789
f 1089/4/777 1101/4/789 1090/4/778
f 1090/4/778 1101/4/789 1102/4/790
f 1090/4/778 1102/4/790 1093/4/781
f 1093/4/781 1102/4/790 1103/4/791
f 1093/4/781 1103/4/791 1104/4/792
f 1091/4/779 1093/4/781 1104/4/792
f 1091/4/779 1104/4/792 1105/4/793
f 1092/4/780 1091/4/779 1105/4/793
f 1092/4/780 1105/4/793 1106/4/794
f 1107/4/795 1092/4/780 1106/4/794
f 1107/4/795 1106/4/794 1108/4/796
f 1109/4/797 1088/4/776 1092/4/780
f 1109/4/797 1092/4/780 1107/4/795
f 1096/4/784 1085/4/773 1088/4/776
f 1096/4/784 1088/4/776 1109/4/797
f 1110/1/798 1111/1/799 1/1/1
f 1110/1/798 1/1/1 1112/1/800
f 19/2/17 1113/2/801 17/2/16
f 19/2/17 17/2/16 16/2/2
f 1114/2/799 1115/2/802 19/2/17
f 1114/2/799 19/2/17 18/2/1
f 1116/1/803 1031/1/720 1117/1/804
f 1116/1/803 1117/1/804 1110/1/798
f 1030/1/719 23/1/21 22/1/20
f 1030/1/719 22/1/20 1118/1/805
f 23/1/21 1023/1/714 5/1/5
f 23/1/21 5/1/5 4/1/4
f 1113/2/801 1119/2/9 1120/2/806
f 1113/2/801 1120/2/806 17/2/16
f 17/2/16 1120/2/806 21/2/19
f 17/2/16 21/2/19 15/2/15
f 3/1/3 2/1/2 8/1/8
f 3/1/3 8/1/8 1121/1/807
f 1122/1/808 3/1/3 1121/1/807
f 1122/1/808 1121/1/807 1123/1/809
f 1112/1/800 1/1/1 3/1/3
f 1112/1/800 3/1/3 1122/1/808
f 1124/1/810 1125/1/811 1126/1/812
f 1124/1/810 1126/1/812 1127/1/813
f 1125/1/811 11/1/11 1128/1/814
f 1125/1/811 1128/1/814 1126/1/812
f 1129/2/813 1130/2/815 1131/2/816
f 1129/2/813 1131/2/816 1132/2/817
f 1130/2/815 1133/2/814 1134/2/818
f 1130/2/815 1134/2/818 1131/2/816
f 1123/1/809 1121/1/807 1124/1/810
f 1123/1/809 1124/1/810 1135/1/819
f 1121/1/807 8/1/8 1125/1/811
f 1121/1/807 1125/1/811 1124/1/810
f 8/1/8 7/1/7 11/1/11
f 8/1/8 11/1/11 1125/1/811
f 11/1/11 10/1/10 1136/1/820
f 11/1/11 1136/1/820 1128/1/814
f 1133/2/814 1137/2/820 1138/2/821
f 1133/2/814 1138/2/821 1134/2/818
f 1134/2/818 1138/2/821 1139/2/822
f 1134/2/818 1139/2/822 1140/2/823
f 1131/2/816 1134/2/818 1140/2/823
f 1131/2/816 1140/2/823 1141/2/824
f 1132/2/817 1131/2/816 1141/2/824
f 1132/2/817 1141/2/824 1142/2/825
f 1143/2/826 1132/2/817 1142/2/825
f 1143/2/826 1142/2/825 1144/2/827
f 1145/2/828 1129/2/813 1132/2/817
f 1145/2/828 1132/2/817 1143/2/826
f 1135/1/819 1124/1/810 1127/1/813
f 1135/1/819 1127/1/813 1146/1/829
f 1147/4/830 1148/4/831 1149/4/832
f 1147/4/830 1149/4/832 1150/4/833
f 1148/4/831 1151/4/834 1152/4/835
f 1148/4/831 1152/4/835 1149/4/832
f 1153/2/833 1154/2/832 1155/2/836
f 1153/2/833 1155/2/836 1156/2/837
f 1154/2/832 1157/2/835 1158/2/838
f 1154/2/832 1158/2/838 1155/2/836
f 1108/4/796 1106/4/794 1147/4/830
f 1108/4/796 1147/4/830 1159/4/839
f 1106/4/794 1105/4/793 1148/4/831
f 1106/4/794 1148/4/831 1147/4/830
f 1105/4/793 1104/4/792 1151/4/834
f 1105/4/793 1151/4/834 1148/4/831
f 1104/4/792 1103/4/791 1160/4/840
f 1104/4/792 1160/4/840 1151/4/834
f 1151/4/834 1160/4/840 1161/4/841
f 1151/4/834 1161/4/841 1152/4/835
f 1157/2/835 1162/2/841 1163/2/842
f 1157/2/835 1163/2/842 1158/2/838
f 1158/2/838 1163/2/842 1164/2/843
f 1158/2/838 1164/2/843 1165/2/844
f 1155/2/836 1158/2/838 1165/2/844
f 1155/2/836 1165/2/844 1166/2/845
f 1156/2/837 1155/2/836 1166/2/845
f 1156/2/837 1166/2/845 1167/2/846
f 1168/2/847 1156/2/837 1167/2/846
f 1168/2/847 1167/2/846 1169/2/848
f 1170/2/849 1153/2/833 1156/2/837
f 1170/2/849 1156/2/837 1168/2/847
f 1159/4/839 1147/4/830 1150/4/833
f 1159/4/839 1150/4/833 1171/4/849
f 1172/1/850 1173/1/851 1174/1/852
f 1172/1/850 1174/1/852 1175/1/853
f 1173/1/851 1176/1/854 1177/1/855
f 1173/1/851 1177/1/855 1174/1/852
f 1178/2/853 1179/2/852 1180/2/856
f 1178/2/853 1180/2/856 1181/2/857
f 1179/2/852 1182/2/855 1183/2/858
f 1179/2/852 1183/2/858 1180/2/856
f 21/2/19 1184/2/859 1185/2/850
f 21/2/19 1185/2/850 20/2/18
f 1184/2/859 1186/2/860 1187/2/861
f 1184/2/859 1187/2/861 1185/2/850
f 1186/2/860 1188/2/862 1189/2/863
f 1186/2/860 1189/2/863 1187/2/861
f 1188/2/862 1190/2/864 1191/2/865
f 1188/2/862 1191/2/865 1189/2/863
f 1176/1/854 1192/1/866 1193/1/867
f 1176/1/854 1193/1/867 1177/1/855
f 1182/2/855 1194/2/867 1195/2/868
f 1182/2/855 1195/2/868 1183/2/858
f 1183/2/858 1195/2/868 1196/2/869
f 1183/2/858 1196/2/869 1197/2/870
f 1180/2/856 1183/2/858 1197/2/870
f 1180/2/856 1197/2/870 1198/2/871
f 1181/2/857 1180/2/856 1198/2/871
f 1181/2/857 1198/2/871 1199/2/872
f 1138/2/821 1181/2/857 1199/2/872
f 1138/2/821 1199/2/872 1139/2/822
f 1137/2/820 1178/2/853 1181/2/857
f 1137/2/820 1181/2/857 1138/2/821
f 10/1/10 1172/1/850 1175/1/853
f 10/1/10 1175/1/853 1136/1/820
f 1200/2/873 1201/2/874 1202/2/875
f 1200/2/873 1202/2/875 1203/2/876
f 1201/2/874 1204/2/877 1205/2/878
f 1201/2/874 1205/2/878 1202/2/875
f 1203/2/876 1202/2/875 1206/2/879
f 1203/2/876 1206/2/879 1207/2/880
f 1202/2/875 1205/2/878 1208/2/881
f 1202/2/875 1208/2/881 1206/2/879
f 1144/2/827 1142/2/825 1200/2/873
f 1144/2/827 1200/2/873 1209/2/882
f 1142/2/825 1141/2/824 1201/2/874
f 1142/2/825 1201/2/874 1200/2/873
f 1141/2/824 1140/2/823 1204/2/877
f 1141/2/824 1204/2/877 1201/2/874
f 1140/2/823 1139/2/822 1199/2/872
f 1140/2/823 1199/2/872 1204/2/877
f 1204/2/877 1199/2/872 1198/2/871
f 1204/2/877 1198/2/871 1205/2/878
f 1205/2/878 1198/2/871 1197/2/870
f 1205/2/878 1197/2/870 1208/2/881
f 1208/2/881 1197/2/870 1196/2/869
f 1208/2/881 1196/2/869 1210/2/883
f 1206/2/879 1208/2/881 1210/2/883
f 1206/2/879 1210/2/883 1211/2/884
f 1207/2/880 1206/2/879 1211/2/884
f 1207/2/880 1211/2/884 1212/2/885
f 1213/2/886 1207/2/880 1212/2/885
f 1213/2/886 1212/2/885 1214/2/887
f 1215/2/888 1203/2/876 1207/2/880
f 1215/2/888 1207/2/880 1213/2/886
f 1209/2/882 1200/2/873 1203/2/876
f 1209/2/882 1203/2/876 1215/2/888
f 1216/1/889 1217/1/890 1218/1/891
f 1216/1/889 1218/1/891 1219/1/892
f 1217/1/890 1220/1/893 1221/1/894
f 1217/1/890 1221/1/894 1218/1/891
f 1222/2/895 1223/2/896 1224/2/897
f 1222/2/895 1224/2/897 1225/2/898
f 1223/2/896 1226/2/894 1227/2/899
f 1223/2/896 1227/2/899 1224/2/897
f 1023/1/714 1077/1/765 1216/1/889
f 1023/1/714 1216/1/889 5/1/5
f 1077/1/765 1075/1/763 1217/1/890
f 1077/1/765 1217/1/890 1216/1/889
f 1075/1/763 1073/1/761 1220/1/893
f 1075/1/763 1220/1/893 1217/1/890
f 1073/1/761 1072/1/760 1228/1/900
f 1073/1/761 1228/1/900 1220/1/893
f 1220/1/893 1228/1/900 1229/1/901
f 1220/1/893 1229/1/901 1221/1/894
f 1226/2/894 1230/2/901 1231/2/902
f 1226/2/894 1231/2/902 1227/2/899
f 1227/2/899 1231/2/902 1190/2/864
f 1227/2/899 1190/2/864 1188/2/862
f 1224/2/897 1227/2/899 1188/2/862
f 1224/2/897 1188/2/862 1186/2/860
f 1225/2/898 1224/2/897 1186/2/860
f 1225/2/898 1186/2/860 1184/2/859
f 1120/2/806 1225/2/898 1184/2/859
f 1120/2/806 1184/2/859 21/2/19
f 1119/2/9 1222/2/895 1225/2/898
f 1119/2/9 1225/2/898 1120/2/806
f 5/1/5 1216/1/889 1219/1/892
f 5/1/5 1219/1/892 9/1/9
f 1232/1/903 1233/1/904 1234/1/905
f 1232/1/903 1234/1/905 1235/1/906
f 1233/1/904 1236/1/907 1237/1/908
f 1233/1/904 1237/1/908 1234/1/905
f 1235/1/906 1234/1/905 1238/1/909
f 1235/1/906 1238/1/909 1239/1/910
f 1234/1/905 1237/1/908 1240/1/911
f 1234/1/905 1240/1/911 1238/1/909
f 1241/1/912 1242/1/913 1232/1/903
f 1241/1/912 1232/1/903 1243/1/914
f 1242/1/913 1244/1/915 1233/1/904
f 1242/1/913 1233/1/904 1232/1/903
f 1244/1/915 1245/1/916 1236/1/907
f 1244/1/915 1236/1/907 1233/1/904
f 1245/1/916 1069/1/757 1070/1/758
f 1245/1/916 1070/1/758 1236/1/907
f 1236/1/907 1070/1/758 1084/1/772
f 1236/1/907 1084/1/772 1237/1/908
f 1237/1/908 1084/1/772 1083/1/771
f 1237/1/908 1083/1/771 1240/1/911
f 1240/1/911 1083/1/771 1018/1/709
f 1240/1/911 1018/1/709 1246/1/917
f 1238/1/909 1240/1/911 1246/1/917
f 1238/1/909 1246/1/917 1247/1/918
f 1239/1/910 1238/1/909 1247/1/918
f 1239/1/910 1247/1/918 1248/1/919
f 1249/1/920 1239/1/910 1248/1/919
f 1249/1/920 1248/1/919 1250/1/921
f 1251/1/922 1235/1/906 1239/1/910
f 1251/1/922 1239/1/910 1249/1/920
f 1243/1/914 1232/1/903 1235/1/906
f 1243/1/914 1235/1/906 1251/1/922
f 1082/4/770 1081/4/769 1252/4/923
f 1082/4/770 1252/4/923 1253/4/924
f 1254/4/784 1080/4/768 1079/4/767
f 1254/4/784 1079/4/767 1255/4/925
f 1094/4/782 1255/4/925 1079/4/767
f 1094/4/782 1079/4/767 1095/4/783
f 1253/4/924 1252/4/923 1256/4/926
f 1253/4/924 1256/4/926 1257/4/927
f 1254/4/784 1258/4/928 1259/4/929
f 1254/4/784 1259/4/929 1080/4/768
f 1080/4/768 1259/4/929 1260/4/930
f 1080/4/768 1260/4/930 1081/4/769
f 1081/4/769 1260/4/930 1261/4/931
f 1081/4/769 1261/4/931 1252/4/923
f 1252/4/923 1261/4/931 1262/4/932
f 1252/4/923 1262/4/932 1256/4/926
f 1263/4/933 1264/4/934 1265/4/935
f 1263/4/933 1265/4/935 1266/4/936
f 1098/4/786 1253/4/924 1257/4/927
f 1098/4/786 1257/4/927 1099/4/787
f 1097/4/785 1082/4/770 1253/4/924
f 1097/4/785 1253/4/924 1098/4/786
f 1095/4/783 1079/4/767 1082/4/770
f 1095/4/783 1082/4/770 1097/4/785
f 1267/1/937 1268/1/938 1269/1/939
f 1267/1/937 1269/1/939 1270/1/940
f 1271/2/941 1272/2/942 1273/2/943
f 1271/2/941 1273/2/943 1274/2/944
f 1275/2/945 1276/2/946 1277/2/937
f 1275/2/945 1277/2/937 1278/2/940
f 1279/2/947 1280/2/948 1272/2/942
f 1279/2/947 1272/2/942 1271/2/941
f 1281/1/949 1282/1/950 1283/1/951
f 1281/1/949 1283/1/951 1284/1/952
f 1285/2/952 1286/2/953 1287/2/954
f 1285/2/952 1287/2/954 1288/2/949
f 1289/2/955 1288/2/949 1287/2/954
f 1289/2/955 1287/2/954 1290/2/956
f 1291/2/957 1292/2/958 1293/2/959
f 1291/2/957 1293/2/959 1294/2/960
f 1295/1/961 1296/1/958 1297/1/962
f 1295/1/961 1297/1/962 1298/1/963
f 1299/2/964 1300/2/965 1293/2/959
f 1299/2/964 1293/2/959 1292/2/958
f 1294/2/960 1293/2/959 1275/2/945
f 1294/2/960 1275/2/945 1301/2/966
f 1302/1/967 1250/1/921 1248/1/919
f 1302/1/967 1248/1/919 28/1/24
f 28/1/24 1248/1/919 1247/1/918
f 28/1/24 1247/1/918 1303/1/968
f 1303/1/968 1247/1/918 1246/1/917
f 1303/1/968 1246/1/917 1304/1/969
f 1304/1/969 1246/1/917 1018/1/709
f 1304/1/969 1018/1/709 1017/1/708
f 1305/2/970 1306/2/971 1307/2/972
f 1305/2/970 1307/2/972 1308/2/973
f 1283/1/951 1282/1/950 1309/1/974
f 1283/1/951 1309/1/974 1310/1/975
f 1308/2/973 1307/2/972 1311/2/976
f 1308/2/973 1311/2/976 1312/2/977
f 1313/2/978 1312/2/977 1311/2/976
f 1313/2/978 1311/2/976 1314/2/979
f 1315/2/980 1316/2/981 1273/2/943
f 1315/2/980 1273/2/943 1286/2/953
f 1274/2/944 1273/2/943 1316/2/981
f 1274/2/944 1316/2/981 1317/2/982
f 1301/2/966 1275/2/945 1278/2/940
f 1301/2/966 1278/2/940 1318/2/983
f 1319/2/984 1320/2/985 1321/2/986
f 1319/2/984 1321/2/986 1322/2/987
f 1323/1/988 1324/1/989 1325/1/990
f 1323/1/988 1325/1/990 1326/1/991
f 1327/1/992 1328/1/993 1329/1/994
f 1327/1/992 1329/1/994 1330/1/995
f 1331/2/996 1332/2/997 1333/2/998
f 1331/2/996 1333/2/998 1334/2/992
f 1335/2/999 1336/2/1000 1332/2/997
f 1335/2/999 1332/2/997 1337/2/1001
f 1338/1/1002 1339/1/1003 1340/1/1004
f 1338/1/1002 1340/1/1004 1341/1/1005
f 1342/2/1006 1343/2/1007 1344/2/1008
f 1342/2/1006 1344/2/1008 1345/2/1009
f 1325/1/990 1324/1/989 1346/1/1010
f 1325/1/990 1346/1/1010 1347/1/1011
f 1347/1/1011 1346/1/1010 1250/1/921
f 1347/1/1011 1250/1/921 1302/1/967
f 1348/2/1012 1349/2/1013 1336/2/1000
f 1348/2/1012 1336/2/1000 1335/2/999
f 1350/1/1013 1298/1/963 1297/1/962
f 1350/1/1013 1297/1/962 1351/1/1014
f 1352/2/1014 1353/2/1015 1336/2/1000
f 1352/2/1014 1336/2/1000 1349/2/1013
f 1354/2/1016 1353/2/1015 1352/2/1014
f 1354/2/1016 1352/2/1014 1355/2/1017
f 1356/2/1018 1334/2/992 1333/2/998
f 1356/2/1018 1333/2/998 1357/2/1019
f 1341/1/1005 1340/1/1004 1358/1/1020
f 1341/1/1005 1358/1/1020 1359/1/1021
f 1339/1/1003 1360/1/1022 1361/1/1023
f 1339/1/1003 1361/1/1023 1340/1/1004
f 1362/1/1024 1339/1/1003 1338/1/1002
f 1362/1/1024 1338/1/1002 1363/1/1025
f 1340/1/1004 1361/1/1023 1364/1/1026
f 1340/1/1004 1364/1/1026 1358/1/1020
f 1359/1/1021 1358/1/1020 1324/1/989
f 1359/1/1021 1324/1/989 1323/1/988
f 1362/1/1024 1365/1/1027 1360/1/1022
f 1362/1/1024 1360/1/1022 1339/1/1003
f 1365/1/1027 1241/1/912 1243/1/914
f 1365/1/1027 1243/1/914 1360/1/1022
f 1360/1/1022 1243/1/914 1251/1/922
f 1360/1/1022 1251/1/922 1361/1/1023
f 1361/1/1023 1251/1/922 1249/1/920
f 1361/1/1023 1249/1/920 1364/1/1026
f 1364/1/1026 1249/1/920 1250/1/921
f 1364/1/1026 1250/1/921 1346/1/1010
f 1358/1/1020 1364/1/1026 1346/1/1010
f 1358/1/1020 1346/1/1010 1324/1/989
f 1366/4/1028 1367/4/1029 1368/4/1030
f 1366/4/1028 1368/4/1030 1369/4/1031
f 1370/4/1032 1371/4/1033 1372/4/1034
f 1370/4/1032 1372/4/1034 1373/4/1035
f 1371/4/1033 1374/4/1036 1375/4/1037
f 1371/4/1033 1375/4/1037 1372/4/1034
f 1373/4/1035 1372/4/1034 1376/4/1038
f 1373/4/1035 1376/4/1038 1377/4/1039
f 1372/4/1034 1375/4/1037 1378/4/1040
f 1372/4/1034 1378/4/1040 1376/4/1038
f 1258/4/928 1379/4/1041 1370/4/1032
f 1258/4/928 1370/4/1032 1259/4/929
f 1379/4/1041 1380/4/1041 1371/4/1033
f 1379/4/1041 1371/4/1033 1370/4/1032
f 1380/4/1041 1381/4/1042 1374/4/1036
f 1380/4/1041 1374/4/1036 1371/4/1033
f 1381/4/1042 1382/4/1043 1383/4/1044
f 1381/4/1042 1383/4/1044 1374/4/1036
f 1374/4/1036 1383/4/1044 1384/4/1045
f 1374/4/1036 1384/4/1045 1375/4/1037
f 1375/4/1037 1384/4/1045 1385/4/1046
f 1375/4/1037 1385/4/1046 1378/4/1040
f 1378/4/1040 1385/4/1046 1386/4/1047
f 1378/4/1040 1386/4/1047 1387/4/1048
f 1376/4/1038 1378/4/1040 1387/4/1048
f 1376/4/1038 1387/4/1048 1388/4/1049
f 1377/4/1039 1376/4/1038 1388/4/1049
f 1377/4/1039 1388/4/1049 1389/4/1050
f 1261/4/931 1377/4/1039 1389/4/1050
f 1261/4/931 1389/4/1050 1262/4/932
f 1260/4/930 1373/4/1035 1377/4/1039
f 1260/4/930 1377/4/1039 1261/4/931
f 1259/4/929 1370/4/1032 1373/4/1035
f 1259/4/929 1373/4/1035 1260/4/930
f 1390/4/1051 1369/4/1031 1391/4/1052
f 1390/4/1051 1391/4/1052 1392/4/1053
f 1393/4/1054 1394/4/1055 1368/4/1030
f 1393/4/1054 1368/4/1030 1367/4/1029
f 1395/4/1056 1396/4/1057 1397/4/1058
f 1395/4/1056 1397/4/1058 1398/4/1059
f 1369/4/1031 1368/4/1030 1399/4/1060
f 1369/4/1031 1399/4/1060 1391/4/1052
f 1392/4/1053 1391/4/1052 1400/4/1061
f 1392/4/1053 1400/4/1061 1386/4/1047
f 1369/4/1031 1390/4/1051 1063/4/751
f 1369/4/1031 1063/4/751 1366/4/1028
f 1368/4/1030 1394/4/1055 1401/4/1062
f 1368/4/1030 1401/4/1062 1399/4/1060
f 1399/4/1060 1401/4/1062 1402/4/1063
f 1399/4/1060 1402/4/1063 1403/4/1064
f 1391/4/1052 1399/4/1060 1403/4/1064
f 1391/4/1052 1403/4/1064 1400/4/1061
f 1387/4/1048 1404/4/1065 1405/4/1066
f 1387/4/1048 1405/4/1066 1388/4/1049
f 1388/4/1049 1405/4/1066 1406/4/1067
f 1388/4/1049 1406/4/1067 1389/4/1050
f 1404/4/1065 1407/4/1068 1408/4/1069
f 1404/4/1065 1408/4/1069 1405/4/1066
f 1400/4/1061 1404/4/1065 1387/4/1048
f 1400/4/1061 1387/4/1048 1386/4/1047
f 1405/4/1066 1408/4/1069 1409/4/1070
f 1405/4/1066 1409/4/1070 1406/4/1067
f 1389/4/1050 1406/4/1067 1410/4/1071
f 1389/4/1050 1410/4/1071 1262/4/932
f 1400/4/1061 1403/4/1064 1407/4/1068
f 1400/4/1061 1407/4/1068 1404/4/1065
f 1403/4/1064 1402/4/1063 1411/4/1072
f 1403/4/1064 1411/4/1072 1407/4/1068
f 1407/4/1068 1411/4/1072 1412/4/1073
f 1407/4/1068 1412/4/1073 1408/4/1069
f 1408/4/1069 1412/4/1073 1413/4/1074
f 1408/4/1069 1413/4/1074 1409/4/1070
f 1409/4/1070 1413/4/1074 1414/4/1075
f 1409/4/1070 1414/4/1075 1415/4/1076
f 1406/4/1067 1409/4/1070 1415/4/1076
f 1406/4/1067 1415/4/1076 1410/4/1071
f 1165/2/844 1416/2/1077 1417/2/1078
f 1165/2/844 1417/2/1078 1166/2/845
f 1166/2/845 1417/2/1078 1418/2/1079
f 1166/2/845 1418/2/1079 1167/2/846
f 1416/2/1077 1419/2/1080 1420/2/1081
f 1416/2/1077 1420/2/1081 1417/2/1078
f 1164/2/843 1421/2/1082 1416/2/1077
f 1164/2/843 1416/2/1077 1165/2/844
f 1417/2/1078 1420/2/1081 1422/2/1083
f 1417/2/1078 1422/2/1083 1418/2/1079
f 1167/2/846 1418/2/1079 1423/2/1084
f 1167/2/846 1423/2/1084 1169/2/848
f 1421/2/1082 1424/2/1085 1419/2/1080
f 1421/2/1082 1419/2/1080 1416/2/1077
f 1424/2/1085 1425/2/1086 1426/2/1087
f 1424/2/1085 1426/2/1087 1419/2/1080
f 1419/2/1080 1426/2/1087 1427/2/1088
f 1419/2/1080 1427/2/1088 1420/2/1081
f 1420/2/1081 1427/2/1088 1428/2/1089
f 1420/2/1081 1428/2/1089 1422/2/1083
f 1422/2/1083 1428/2/1089 1429/2/1090
f 1422/2/1083 1429/2/1090 1430/2/1091
f 1418/2/1079 1422/2/1083 1430/2/1091
f 1418/2/1079 1430/2/1091 1423/2/1084
f 1160/4/840 1431/4/1092 1432/4/1093
f 1160/4/840 1432/4/1093 1161/4/841
f 1162/2/841 1433/2/1093 1434/2/1094
f 1162/2/841 1434/2/1094 1163/2/842
f 1431/4/1092 1435/4/1095 1436/4/1096
f 1431/4/1092 1436/4/1096 1432/4/1093
f 1103/4/791 1437/4/1097 1431/4/1092
f 1103/4/791 1431/4/1092 1160/4/840
f 1433/2/1093 1438/2/1096 1439/2/1098
f 1433/2/1093 1439/2/1098 1434/2/1094
f 1163/2/842 1434/2/1094 1421/2/1082
f 1163/2/842 1421/2/1082 1164/2/843
f 1437/4/1097 1440/4/1099 1435/4/1095
f 1437/4/1097 1435/4/1095 1431/4/1092
f 1440/4/1099 1441/4/1100 1442/4/1101
f 1440/4/1099 1442/4/1101 1435/4/1095
f 1435/4/1095 1442/4/1101 1443/4/1102
f 1435/4/1095 1443/4/1102 1436/4/1096
f 1438/2/1096 1444/2/1103 1445/2/1104
f 1438/2/1096 1445/2/1104 1439/2/1098
f 1439/2/1098 1445/2/1104 1425/2/1086
f 1439/2/1098 1425/2/1086 1424/2/1085
f 1434/2/1094 1439/2/1098 1424/2/1085
f 1434/2/1094 1424/2/1085 1421/2/1082
f 1100/4/788 1446/4/1105 1447/4/1106
f 1100/4/788 1447/4/1106 1101/4/789
f 1101/4/789 1447/4/1106 1448/4/1107
f 1101/4/789 1448/4/1107 1102/4/790
f 1446/4/1105 1449/4/1108 1450/4/1109
f 1446/4/1105 1450/4/1109 1447/4/1106
f 1099/4/787 1451/4/1110 1446/4/1105
f 1099/4/787 1446/4/1105 1100/4/788
f 1447/4/1106 1450/4/1109 1452/4/1111
f 1447/4/1106 1452/4/1111 1448/4/1107
f 1102/4/790 1448/4/1107 1437/4/1097
f 1102/4/790 1437/4/1097 1103/4/791
f 1451/4/1110 1453/4/1112 1449/4/1108
f 1451/4/1110 1449/4/1108 1446/4/1105
f 1453/4/1112 1454/4/1113 1455/4/1114
f 1453/4/1112 1455/4/1114 1449/4/1108
f 1449/4/1108 1455/4/1114 1456/4/1115
f 1449/4/1108 1456/4/1115 1450/4/1109
f 1450/4/1109 1456/4/1115 1457/4/1116
f 1450/4/1109 1457/4/1116 1452/4/1111
f 1452/4/1111 1457/4/1116 1441/4/1100
f 1452/4/1111 1441/4/1100 1440/4/1099
f 1448/4/1107 1452/4/1111 1440/4/1099
f 1448/4/1107 1440/4/1099 1437/4/1097
f 1458/1/1117 1459/1/1118 1460/1/1119
f 1458/1/1117 1460/1/1119 1461/1/1120
f 1462/4/1121 1463/4/1122 1264/4/934
f 1462/4/1121 1264/4/934 1263/4/933
f 1410/4/1071 1266/4/936 1256/4/926
f 1410/4/1071 1256/4/926 1262/4/932
f 1257/4/927 1265/4/935 1451/4/1110
f 1257/4/927 1451/4/1110 1099/4/787
f 1410/4/1071 1415/4/1076 1263/4/933
f 1410/4/1071 1263/4/933 1266/4/936
f 1415/4/1076 1414/4/1075 1462/4/1121
f 1415/4/1076 1462/4/1121 1263/4/933
f 1266/4/936 1265/4/935 1257/4/927
f 1266/4/936 1257/4/927 1256/4/926
f 1264/4/934 1463/4/1122 1454/4/1113
f 1264/4/934 1454/4/1113 1453/4/1112
f 1265/4/935 1264/4/934 1453/4/1112
f 1265/4/935 1453/4/1112 1451/4/1110
f 1464/1/1123 1465/1/1124 1466/1/1125
f 1464/1/1123 1466/1/1125 1467/1/1126
f 1468/1/1127 1469/1/1128 1470/1/1129
f 1468/1/1127 1470/1/1129 1471/1/1130
f 1472/1/1131 1467/1/1126 1466/1/1125
f 1472/1/1131 1466/1/1125 1470/1/1129
f 1471/1/1130 1470/1/1129 1466/1/1125
f 1471/1/1130 1466/1/1125 1465/1/1124
f 1467/1/1126 1473/1/1132 1474/1/1133
f 1467/1/1126 1474/1/1133 1464/1/1123
f 1475/1/1134 1476/1/1135 1472/1/1131
f 1475/1/1134 1472/1/1131 1477/1/1136
f 1476/1/1135 1473/1/1132 1467/1/1126
f 1476/1/1135 1467/1/1126 1472/1/1131
f 1477/1/1136 1472/1/1131 1470/1/1129
f 1477/1/1136 1470/1/1129 1469/1/1128
f 1057/4/745 1056/4/744 1478/4/1137
f 1057/4/745 1478/4/1137 1479/4/1138
f 1480/4/1139 1481/4/1140 964/4/657
f 1480/4/1139 964/4/657 963/4/656
f 1482/1/1141 1483/1/1142 1484/1/1143
f 1482/1/1141 1484/1/1143 1485/1/1144
f 1486/1/1145 1484/1/1143 1487/1/1146
f 1486/1/1145 1487/1/1146 1488/1/1147
f 1489/2/1148 1490/2/1149 1491/2/1150
f 1489/2/1148 1491/2/1150 1492/2/1151
f 1493/4/1152 1051/4/739 1064/4/752
f 1493/4/1152 1064/4/752 1494/4/1153
f 963/4/656 1394/4/1055 1393/4/1054
f 963/4/656 1393/4/1054 1480/4/1139
f 1484/1/1143 1483/1/1142 1495/1/1154
f 1484/1/1143 1495/1/1154 1487/1/1146
f 1487/1/1146 1495/1/1154 1496/1/1155
f 1487/1/1146 1496/1/1155 1497/1/1156
f 1498/4/1157 1499/4/1158 1500/4/1159
f 1498/4/1157 1500/4/1159 1501/4/1160
f 1488/1/1147 1487/1/1146 1497/1/1156
f 1488/1/1147 1497/1/1156 1502/1/1161
f 1401/4/1062 966/4/659 1503/4/1162
f 1401/4/1062 1503/4/1162 1402/4/1063
f 1394/4/1055 963/4/656 966/4/659
f 1394/4/1055 966/4/659 1401/4/1062
f 1504/5/1163 1505/5/1164 1506/5/1165
f 1504/5/1163 1506/5/1165 1507/5/38
f 1508/4/1166 1509/4/1167 1510/4/1168
f 1508/4/1166 1510/4/1168 1511/4/1169
f 1512/5/39 1513/5/1170 1514/5/1171
f 1512/5/39 1514/5/1171 1515/5/1172
f 1516/5/1173 1517/5/1174 1518/5/1175
f 1516/5/1173 1518/5/1175 1519/5/1176
f 1520/4/1177 1521/4/1178 1522/4/1179
f 1520/4/1177 1522/4/1179 1523/4/1180
f 1524/4/1181 1525/4/1182 1526/4/1183
f 1524/4/1181 1526/4/1183 1521/4/1178
f 1527/1/1184 1528/1/1185 1529/1/1186
f 1527/1/1184 1529/1/1186 1530/1/1187
f 1531/5/1188 1532/5/1189 1533/5/1190
f 1531/5/1188 1533/5/1190 1505/5/1164
f 1534/5/1191 1535/5/1192 1536/5/1193
f 1534/5/1191 1536/5/1193 1537/5/1194
f 1538/5/1195 1539/5/1196 1540/5/1197
f 1538/5/1195 1540/5/1197 1541/5/1198
f 1537/5/1194 1536/5/1193 1542/5/1199
f 1537/5/1194 1542/5/1199 1543/5/1200
f 1544/5/33 1545/5/1201 1546/5/1202
f 1544/5/33 1546/5/1202 1547/5/1203
f 1540/5/1197 1548/5/1204 1549/5/35
f 1540/5/1197 1549/5/35 1550/5/1205
f 1551/4/1206 1511/4/1169 1552/4/1207
f 1551/4/1206 1552/4/1207 1553/4/1208
f 1554/4/1209 1508/4/1166 1511/4/1169
f 1554/4/1209 1511/4/1169 1551/4/1206
f 1523/4/1180 1522/4/1179 1508/4/1166
f 1523/4/1180 1508/4/1166 1554/4/1209
f 1555/2/1210 1556/2/1211 1557/2/1212
f 1555/2/1210 1557/2/1212 1558/2/1213
f 1492/2/1151 1491/2/1150 1559/2/1214
f 1492/2/1151 1559/2/1214 1560/2/1215
f 1558/2/1213 1557/2/1212 1561/2/1216
f 1558/2/1213 1561/2/1216 1562/2/1217
f 1563/4/1218 1564/4/1219 1565/4/1220
f 1563/4/1218 1565/4/1220 1566/4/1221
f 1425/2/1086 1567/2/1222 1489/2/1148
f 1425/2/1086 1489/2/1148 1426/2/1087
f 1568/2/1223 1569/2/1224 1570/2/1225
f 1568/2/1223 1570/2/1225 1571/2/1226
f 1572/1/1227 1573/1/1228 1574/1/1229
f 1572/1/1227 1574/1/1229 1575/1/1230
f 1570/2/1225 1144/2/827 1209/2/882
f 1570/2/1225 1209/2/882 1556/2/1211
f 1556/2/1211 1209/2/882 1215/2/888
f 1556/2/1211 1215/2/888 1557/2/1212
f 1557/2/1212 1215/2/888 1213/2/886
f 1557/2/1212 1213/2/886 1561/2/1216
f 1561/2/1216 1213/2/886 1214/2/887
f 1561/2/1216 1214/2/887 1576/2/1231
f 1560/2/1215 1559/2/1214 1577/2/1232
f 1560/2/1215 1577/2/1232 1578/2/1233
f 12/1/12 1579/1/1234 1580/1/1235
f 12/1/12 1580/1/1235 1581/1/1236
f 1428/2/1089 1560/2/1215 1578/2/1233
f 1428/2/1089 1578/2/1233 1429/2/1090
f 1427/2/1088 1492/2/1151 1560/2/1215
f 1427/2/1088 1560/2/1215 1428/2/1089
f 1426/2/1087 1489/2/1148 1492/2/1151
f 1426/2/1087 1492/2/1151 1427/2/1088
f 1582/1/1237 1583/1/1238 1584/1/1239
f 1582/1/1237 1584/1/1239 1585/1/1240
f 1586/2/1221 1587/2/1220 1588/2/1241
f 1586/2/1221 1588/2/1241 1589/2/1242
f 1590/2/1243 1591/2/1244 1569/2/1224
f 1590/2/1243 1569/2/1224 1568/2/1223
f 1592/4/1245 1593/4/1246 1594/4/1247
f 1592/4/1245 1594/4/1247 1595/4/1248
f 1441/4/1100 1596/4/1249 1563/4/1218
f 1441/4/1100 1563/4/1218 1442/4/1101
f 1597/1/1250 1598/1/1251 1599/1/1252
f 1597/1/1250 1599/1/1252 1600/1/1253
f 1596/4/1249 1601/4/1254 1564/4/1219
f 1596/4/1249 1564/4/1219 1563/4/1218
f 1599/1/1252 1123/1/809 1135/1/819
f 1599/1/1252 1135/1/819 1583/1/1238
f 1583/1/1238 1135/1/819 1146/1/829
f 1583/1/1238 1146/1/829 1584/1/1239
f 1591/2/1244 1145/2/828 1143/2/826
f 1591/2/1244 1143/2/826 1569/2/1224
f 1569/2/1224 1143/2/826 1144/2/827
f 1569/2/1224 1144/2/827 1570/2/1225
f 1571/2/1226 1570/2/1225 1556/2/1211
f 1571/2/1226 1556/2/1211 1555/2/1210
f 1567/2/1222 1602/2/1255 1490/2/1149
f 1567/2/1222 1490/2/1149 1489/2/1148
f 1445/2/1104 1589/2/1242 1567/2/1222
f 1445/2/1104 1567/2/1222 1425/2/1086
f 1444/2/1103 1586/2/1221 1589/2/1242
f 1444/2/1103 1589/2/1242 1445/2/1104
f 1442/4/1101 1563/4/1218 1566/4/1221
f 1442/4/1101 1566/4/1221 1443/4/1102
f 1603/1/1256 1604/1/1257 1605/1/1258
f 1603/1/1256 1605/1/1258 1606/1/1259
f 1606/1/1259 1605/1/1258 1598/1/1251
f 1606/1/1259 1598/1/1251 1597/1/1250
f 1607/4/1260 1499/4/1158 1498/4/1157
f 1607/4/1260 1498/4/1157 1608/4/1261
f 1595/4/1248 1594/4/1247 1609/4/1262
f 1595/4/1248 1609/4/1262 1610/4/1263
f 1454/4/1113 1501/4/1160 1592/4/1245
f 1454/4/1113 1592/4/1245 1455/4/1114
f 1460/1/1119 1459/1/1118 1611/1/1264
f 1460/1/1119 1611/1/1264 1612/1/1265
f 1501/4/1160 1500/4/1159 1593/4/1246
f 1501/4/1160 1593/4/1246 1592/4/1245
f 1611/1/1264 1116/1/803 1110/1/798
f 1611/1/1264 1110/1/798 1604/1/1257
f 1604/1/1257 1110/1/798 1112/1/800
f 1604/1/1257 1112/1/800 1605/1/1258
f 1605/1/1258 1112/1/800 1122/1/808
f 1605/1/1258 1122/1/808 1598/1/1251
f 1598/1/1251 1122/1/808 1123/1/809
f 1598/1/1251 1123/1/809 1599/1/1252
f 1589/2/1242 1588/2/1241 1602/2/1255
f 1589/2/1242 1602/2/1255 1567/2/1222
f 1600/1/1253 1599/1/1252 1583/1/1238
f 1600/1/1253 1583/1/1238 1582/1/1237
f 1457/4/1116 1610/4/1263 1596/4/1249
f 1457/4/1116 1596/4/1249 1441/4/1100
f 1456/4/1115 1595/4/1248 1610/4/1263
f 1456/4/1115 1610/4/1263 1457/4/1116
f 1455/4/1114 1592/4/1245 1595/4/1248
f 1455/4/1114 1595/4/1248 1456/4/1115
f 1613/4/1266 1614/4/1267 1615/4/1268
f 1613/4/1266 1615/4/1268 1616/4/1269
f 1006/1/699 1617/1/1270 1459/1/1118
f 1006/1/699 1459/1/1118 1458/1/1117
f 1414/4/1075 1618/4/1271 1608/4/1261
f 1414/4/1075 1608/4/1261 1462/4/1121
f 1579/1/1234 12/1/12 1458/1/1117
f 1579/1/1234 1458/1/1117 1461/1/1120
f 1619/4/1272 1618/4/1271 1620/4/1273
f 1619/4/1272 1620/4/1273 1621/4/1274
f 1462/4/1121 1608/4/1261 1498/4/1157
f 1462/4/1121 1498/4/1157 1463/4/1122
f 994/2/687 1622/2/1275 1623/2/1276
f 994/2/687 1623/2/1276 995/2/688
f 1610/4/1263 1609/4/1262 1601/4/1254
f 1610/4/1263 1601/4/1254 1596/4/1249
f 1612/1/1265 1611/1/1264 1604/1/1257
f 1612/1/1265 1604/1/1257 1603/1/1256
f 1463/4/1122 1498/4/1157 1501/4/1160
f 1463/4/1122 1501/4/1160 1454/4/1113
f 1056/4/744 1055/4/743 1624/4/1277
f 1056/4/744 1624/4/1277 1478/4/1137
f 1054/4/742 1625/4/1278 1624/4/1277
f 1054/4/742 1624/4/1277 1055/4/743
f 1479/4/1138 1478/4/1137 1626/4/1279
f 1479/4/1138 1626/4/1279 1627/4/1280
f 1478/4/1137 1624/4/1277 1628/4/1281
f 1478/4/1137 1628/4/1281 1626/4/1279
f 1629/4/1282 1630/4/1283 1631/4/1284
f 1629/4/1282 1631/4/1284 1632/4/1285
f 1479/4/1138 1633/4/1286 1058/4/746
f 1479/4/1138 1058/4/746 1057/4/745
f 1624/4/1277 1625/4/1278 1634/4/1287
f 1624/4/1277 1634/4/1287 1628/4/1281
f 1628/4/1281 1634/4/1287 1635/4/1288
f 1628/4/1281 1635/4/1288 1636/4/1289
f 1626/4/1279 1628/4/1281 1636/4/1289
f 1626/4/1279 1636/4/1289 1637/4/1290
f 1627/4/1280 1626/4/1279 1637/4/1290
f 1627/4/1280 1637/4/1290 1638/4/1291
f 1639/4/1292 1627/4/1280 1638/4/1291
f 1639/4/1292 1638/4/1291 1640/4/1293
f 1633/4/1286 1479/4/1138 1627/4/1280
f 1633/4/1286 1627/4/1280 1639/4/1292
f 1641/5/1294 1642/5/1295 1643/5/1296
f 1641/5/1294 1643/5/1296 1644/5/1297
f 1645/1/1298 1646/1/1299 1647/1/1300
f 1645/1/1298 1647/1/1300 1648/1/1301
f 1649/4/1302 1650/4/1303 1616/4/1269
f 1649/4/1302 1616/4/1269 1651/4/1304
f 969/1/662 1652/1/1305 958/1/651
f 969/1/662 958/1/651 957/1/650
f 1653/4/1306 1654/4/1307 1655/4/1308
f 1653/4/1306 1655/4/1308 1650/4/1303
f 1530/1/1187 1529/1/1186 1645/1/1298
f 1530/1/1187 1645/1/1298 1648/1/1301
f 1651/4/1304 1616/4/1269 1615/4/1268
f 1651/4/1304 1615/4/1268 1656/4/1309
f 1657/4/1310 1658/4/1311 1659/4/1312
f 1657/4/1310 1659/4/1312 1660/4/1313
f 1661/4/1314 1662/4/1315 1663/4/1316
f 1661/4/1314 1663/4/1316 1664/4/1317
f 1665/1/1318 1666/1/1319 1667/1/1320
f 1665/1/1318 1667/1/1320 1668/1/1321
f 1656/4/1309 1615/4/1268 1661/4/1314
f 1656/4/1309 1661/4/1314 1669/4/1322
f 1670/4/1323 1671/4/1324 1672/4/1325
f 1670/4/1323 1672/4/1325 1673/4/1326
f 1674/5/1327 1675/5/1328 1676/5/1329
f 1674/5/1327 1676/5/1329 1677/5/1330
f 1535/5/1192 1678/5/1331 1679/5/1332
f 1535/5/1192 1679/5/1332 1536/5/1193
f 1536/5/1193 1679/5/1332 1680/5/1333
f 1536/5/1193 1680/5/1333 1542/5/1199
f 1681/5/1334 1682/5/1335 1683/5/43
f 1681/5/1334 1683/5/43 1684/5/1336
f 1532/5/1189 1685/5/1337 1674/5/1327
f 1532/5/1189 1674/5/1327 1533/5/1190
f 1686/4/1338 1687/4/1339 972/4/665
f 1686/4/1338 972/4/665 971/4/664
f 1688/5/1340 1689/5/1341 1690/5/1342
f 1688/5/1340 1690/5/1342 1685/5/1337
f 1691/5/1343 1692/5/1344 1693/5/1345
f 1691/5/1343 1693/5/1345 1642/5/1295
f 1694/4/1346 1653/4/1306 1650/4/1303
f 1694/4/1346 1650/4/1303 1649/4/1302
f 1642/5/1295 1693/5/1345 1695/5/1347
f 1642/5/1295 1695/5/1347 1643/5/1296
f 1696/5/1348 1697/5/1349 1698/5/1350
f 1696/5/1348 1698/5/1350 1699/5/1351
f 1700/5/1352 1701/5/1353 1702/5/1354
f 1700/5/1352 1702/5/1354 1703/5/1355
f 1515/5/1172 1514/5/1171 1704/5/1356
f 1515/5/1172 1704/5/1356 1705/5/32
f 1545/5/1201 1706/5/1357 1707/5/1358
f 1545/5/1201 1707/5/1358 1546/5/1202
f 1513/5/1170 1534/5/1191 1537/5/1194
f 1513/5/1170 1537/5/1194 1514/5/1171
f 1505/5/1164 1533/5/1190 1708/5/1359
f 1505/5/1164 1708/5/1359 1506/5/1165
f 1709/4/1360 1710/4/1361 1711/4/1362
f 1709/4/1360 1711/4/1362 1712/4/1363
f 1713/1/1364 1714/1/1365 1715/1/1366
f 1713/1/1364 1715/1/1366 1716/1/1367
f 1712/4/1363 1711/4/1362 1717/4/1368
f 1712/4/1363 1717/4/1368 1718/4/1369
f 1719/1/1370 1720/1/1371 1721/1/1372
f 1719/1/1370 1721/1/1372 1722/1/1373
f 1723/1/1374 1724/1/1375 1725/1/1376
f 1723/1/1374 1725/1/1376 1726/1/1377
f 1727/1/1378 1728/1/1379 1729/1/1380
f 1727/1/1378 1729/1/1380 1724/1/1375
f 1724/1/1375 1729/1/1380 1730/1/1381
f 1724/1/1375 1730/1/1381 1725/1/1376
f 1397/4/1058 1520/4/1177 1523/4/1180
f 1397/4/1058 1523/4/1180 1710/4/1361
f 1710/4/1361 1523/4/1180 1554/4/1209
f 1710/4/1361 1554/4/1209 1711/4/1362
f 1711/4/1362 1554/4/1209 1551/4/1206
f 1711/4/1362 1551/4/1206 1717/4/1368
f 1717/4/1368 1551/4/1206 1553/4/1208
f 1717/4/1368 1553/4/1208 1731/4/1382
f 1716/1/1367 1715/1/1366 1573/1/1228
f 1716/1/1367 1573/1/1228 1572/1/1227
f 1732/4/1383 1731/4/1382 1733/4/1384
f 1732/4/1383 1733/4/1384 1734/4/1385
f 1735/1/1386 1716/1/1367 1572/1/1227
f 1735/1/1386 1572/1/1227 1736/1/1387
f 1737/1/1388 1713/1/1364 1716/1/1367
f 1737/1/1388 1716/1/1367 1735/1/1386
f 1726/1/1377 1725/1/1376 1713/1/1364
f 1726/1/1377 1713/1/1364 1737/1/1388
f 1738/1/1389 1739/1/1390 1740/1/1391
f 1738/1/1389 1740/1/1391 1741/1/41
f 1539/5/1196 1742/5/1392 1548/5/1204
f 1539/5/1196 1548/5/1204 1540/5/1197
f 1741/1/41 1740/1/1391 1743/1/1393
f 1741/1/41 1743/1/1393 1744/1/1394
f 1745/1/1395 1746/1/1396 1747/1/1397
f 1745/1/1395 1747/1/1397 1748/1/1398
f 1692/5/1344 1749/5/1399 1681/5/1334
f 1692/5/1344 1681/5/1334 1693/5/1345
f 1750/1/1400 1751/1/1401 1739/1/1390
f 1750/1/1400 1739/1/1390 1738/1/1389
f 1752/5/1402 1753/5/1403 1531/5/1188
f 1752/5/1402 1531/5/1188 1754/5/1404
f 1751/1/1401 1723/1/1374 1726/1/1377
f 1751/1/1401 1726/1/1377 1739/1/1390
f 1739/1/1390 1726/1/1377 1737/1/1388
f 1739/1/1390 1737/1/1388 1740/1/1391
f 1740/1/1391 1737/1/1388 1735/1/1386
f 1740/1/1391 1735/1/1386 1743/1/1393
f 1743/1/1393 1735/1/1386 1736/1/1387
f 1743/1/1393 1736/1/1387 1755/1/1405
f 1533/5/1190 1674/5/1327 1677/5/1330
f 1533/5/1190 1677/5/1330 1708/5/1359
f 1697/5/1349 1756/5/37 1757/5/1406
f 1697/5/1349 1757/5/1406 1698/5/1350
f 1706/5/1357 1758/5/1407 1759/5/1408
f 1706/5/1357 1759/5/1408 1707/5/1358
f 1693/5/1345 1681/5/1334 1684/5/1336
f 1693/5/1345 1684/5/1336 1695/5/1347
f 1760/5/1409 1538/5/1195 1541/5/1198
f 1760/5/1409 1541/5/1198 1517/5/1174
f 1761/4/1410 1762/4/1411 1763/4/1412
f 1761/4/1410 1763/4/1412 1764/4/1413
f 1762/4/1411 1765/4/1414 1766/4/1415
f 1762/4/1411 1766/4/1415 1763/4/1412
f 1766/4/1415 1767/4/1416 1768/4/1417
f 1766/4/1415 1768/4/1417 1763/4/1412
f 1769/4/1418 1770/4/1419 1767/4/1416
f 1769/4/1418 1767/4/1416 1766/4/1415
f 1771/4/1420 1772/4/1421 1761/4/1410
f 1771/4/1420 1761/4/1410 1773/4/1422
f 1772/4/1421 1774/4/1423 1762/4/1411
f 1772/4/1421 1762/4/1411 1761/4/1410
f 1774/4/1423 1775/4/1424 1765/4/1414
f 1774/4/1423 1765/4/1414 1762/4/1411
f 1775/4/1424 1669/4/1322 1776/4/1425
f 1775/4/1424 1776/4/1425 1765/4/1414
f 1765/4/1414 1776/4/1425 1769/4/1418
f 1765/4/1414 1769/4/1418 1766/4/1415
f 1777/4/1426 1764/4/1413 1778/4/1427
f 1777/4/1426 1778/4/1427 1779/4/1428
f 1780/4/1429 1781/4/1430 1782/4/1431
f 1780/4/1429 1782/4/1431 1783/4/1432
f 1773/4/1422 1761/4/1410 1764/4/1413
f 1773/4/1422 1764/4/1413 1777/4/1426
f 1784/4/1433 1785/4/1434 1671/4/1324
f 1784/4/1433 1671/4/1324 1670/4/1323
f 1656/4/1309 1785/4/1434 1784/4/1433
f 1656/4/1309 1784/4/1433 1651/4/1304
f 1786/4/1435 1787/4/1436 1673/4/1326
f 1786/4/1435 1673/4/1326 1788/4/1437
f 1787/4/1436 1789/4/1438 1670/4/1323
f 1787/4/1436 1670/4/1323 1673/4/1326
f 1789/4/1438 1790/4/1439 1784/4/1433
f 1789/4/1438 1784/4/1433 1670/4/1323
f 1790/4/1439 1649/4/1302 1651/4/1304
f 1790/4/1439 1651/4/1304 1784/4/1433
f 1788/4/1437 1673/4/1326 1672/4/1325
f 1788/4/1437 1672/4/1325 1791/4/1440
f 1785/4/1434 1656/4/1309 1669/4/1322
f 1785/4/1434 1669/4/1322 1775/4/1424
f 1671/4/1324 1785/4/1434 1775/4/1424
f 1671/4/1324 1775/4/1424 1774/4/1423
f 1672/4/1325 1671/4/1324 1774/4/1423
f 1672/4/1325 1774/4/1423 1772/4/1421
f 1791/4/1440 1672/4/1325 1772/4/1421
f 1791/4/1440 1772/4/1421 1771/4/1420
f 1792/4/1441 1793/4/1442 1794/4/1443
f 1792/4/1441 1794/4/1443 1795/4/1444
f 1796/1/1445 1797/1/1446 1798/1/1447
f 1796/1/1445 1798/1/1447 1799/1/1448
f 1791/4/1440 1793/4/1442 1792/4/1441
f 1791/4/1440 1792/4/1441 1788/4/1437
f 1800/1/1449 976/1/669 1722/1/1373
f 1800/1/1449 1722/1/1373 1801/1/1450
f 1802/4/1451 1803/4/1452 1792/4/1441
f 1802/4/1451 1792/4/1441 1795/4/1444
f 1804/4/1453 1805/4/1454 1803/4/1452
f 1804/4/1453 1803/4/1452 1802/4/1451
f 1803/4/1452 1786/4/1435 1788/4/1437
f 1803/4/1452 1788/4/1437 1792/4/1441
f 1801/1/1450 1722/1/1373 1721/1/1372
f 1801/1/1450 1721/1/1372 1806/1/1455
f 1793/4/1442 1791/4/1440 1771/4/1420
f 1793/4/1442 1771/4/1420 1807/4/1456
f 1808/4/1457 1807/4/1456 1809/4/1458
f 1808/4/1457 1809/4/1458 1810/4/1459
f 1794/4/1443 1793/4/1442 1807/4/1456
f 1794/4/1443 1807/4/1456 1808/4/1457
f 1811/4/1460 1812/4/1461 1813/4/1462
f 1811/4/1460 1813/4/1462 1814/4/1463
f 1815/1/1464 1666/1/1319 1665/1/1318
f 1815/1/1464 1665/1/1318 1816/1/1465
f 1817/1/1466 1818/1/1467 1666/1/1319
f 1817/1/1466 1666/1/1319 1815/1/1464
f 1806/1/1455 1818/1/1467 1817/1/1466
f 1806/1/1455 1817/1/1466 1801/1/1450
f 1529/1/1186 1819/1/1468 1816/1/1465
f 1529/1/1186 1816/1/1465 1645/1/1298
f 1819/1/1468 1820/1/1469 1815/1/1464
f 1819/1/1468 1815/1/1464 1816/1/1465
f 1820/1/1469 1821/1/1470 1817/1/1466
f 1820/1/1469 1817/1/1466 1815/1/1464
f 1821/1/1470 1800/1/1449 1801/1/1450
f 1821/1/1470 1801/1/1450 1817/1/1466
f 1645/1/1298 1816/1/1465 1665/1/1318
f 1645/1/1298 1665/1/1318 1646/1/1299
f 1822/4/1471 1657/4/1310 1660/4/1313
f 1822/4/1471 1660/4/1313 1823/4/1472
f 1824/1/1473 1825/1/1474 1826/1/1475
f 1824/1/1473 1826/1/1475 1827/1/1476
f 1658/4/1311 1828/4/1477 1829/4/1478
f 1658/4/1311 1829/4/1478 1659/4/1312
f 1830/1/1479 1831/1/1480 1832/1/1481
f 1830/1/1479 1832/1/1481 1833/1/1482
f 1834/4/1483 1632/4/1285 1631/4/1284
f 1834/4/1483 1631/4/1284 1835/4/1484
f 1836/4/1485 1835/4/1484 1631/4/1284
f 1836/4/1485 1631/4/1284 1630/4/1283
f 1632/4/1285 1837/4/1486 1838/4/1487
f 1632/4/1285 1838/4/1487 1629/4/1282
f 1839/4/1488 1840/4/1489 1834/4/1483
f 1839/4/1488 1834/4/1483 1841/4/1490
f 1840/4/1489 1837/4/1486 1632/4/1285
f 1840/4/1489 1632/4/1285 1834/4/1483
f 1841/4/1490 1834/4/1483 1835/4/1484
f 1841/4/1490 1835/4/1484 1842/4/1491
f 1843/4/1492 1842/4/1491 1835/4/1484
f 1843/4/1492 1835/4/1484 1836/4/1485
f 1844/1/1493 1845/1/1494 1846/1/1495
f 1844/1/1493 1846/1/1495 1847/1/1496
f 1848/1/1497 1849/1/1498 1850/1/1499
f 1848/1/1497 1850/1/1499 1851/1/1500
f 1849/1/1498 1852/1/1501 1853/1/1502
f 1849/1/1498 1853/1/1502 1850/1/1499
f 1851/1/1500 1850/1/1499 1854/1/1503
f 1851/1/1500 1854/1/1503 1855/1/1504
f 1850/1/1499 1853/1/1502 1856/1/1505
f 1850/1/1499 1856/1/1505 1854/1/1503
f 1857/1/1506 1858/1/1507 1848/1/1497
f 1857/1/1506 1848/1/1497 1859/1/1508
f 1858/1/1507 1860/1/1509 1849/1/1498
f 1858/1/1507 1849/1/1498 1848/1/1497
f 1860/1/1509 1861/1/1510 1852/1/1501
f 1860/1/1509 1852/1/1501 1849/1/1498
f 1861/1/1510 967/1/660 970/1/663
f 1861/1/1510 970/1/663 1852/1/1501
f 1852/1/1501 970/1/663 991/1/684
f 1852/1/1501 991/1/684 1853/1/1502
f 1853/1/1502 991/1/684 989/1/682
f 1853/1/1502 989/1/682 1856/1/1505
f 1856/1/1505 989/1/682 990/1/683
f 1856/1/1505 990/1/683 1862/1/1511
f 1854/1/1503 1856/1/1505 1862/1/1511
f 1854/1/1503 1862/1/1511 1863/1/1512
f 1855/1/1504 1854/1/1503 1863/1/1512
f 1855/1/1504 1863/1/1512 1864/1/1513
f 1865/1/1514 1855/1/1504 1864/1/1513
f 1865/1/1514 1864/1/1513 1866/1/1515
f 1867/1/1516 1851/1/1500 1855/1/1504
f 1867/1/1516 1855/1/1504 1865/1/1514
f 1859/1/1508 1848/1/1497 1851/1/1500
f 1859/1/1508 1851/1/1500 1867/1/1516
f 1845/1/1494 1868/1/1517 1869/1/1518
f 1845/1/1494 1869/1/1518 1846/1/1495
f 1870/1/1519 1871/1/1520 1869/1/1518
f 1870/1/1519 1869/1/1518 1868/1/1517
f 1847/1/1496 1846/1/1495 1872/1/1521
f 1847/1/1496 1872/1/1521 1873/1/1522
f 1846/1/1495 1869/1/1518 1874/1/1523
f 1846/1/1495 1874/1/1523 1872/1/1521
f 1875/4/1524 1876/4/1525 1877/4/1526
f 1875/4/1524 1877/4/1526 1878/4/1527
f 1847/1/1496 1879/1/1528 1880/1/1529
f 1847/1/1496 1880/1/1529 1844/1/1493
f 1869/1/1518 1871/1/1520 1881/1/1530
f 1869/1/1518 1881/1/1530 1874/1/1523
f 1874/1/1523 1881/1/1530 1882/1/1531
f 1874/1/1523 1882/1/1531 1883/1/1532
f 1872/1/1521 1874/1/1523 1883/1/1532
f 1872/1/1521 1883/1/1532 1884/1/1533
f 1873/1/1522 1872/1/1521 1884/1/1533
f 1873/1/1522 1884/1/1533 1885/1/1534
f 1886/1/1535 1873/1/1522 1885/1/1534
f 1886/1/1535 1885/1/1534 1887/1/1536
f 1879/1/1528 1847/1/1496 1873/1/1522
f 1879/1/1528 1873/1/1522 1886/1/1535
f 1878/4/1527 1877/4/1526 1888/4/1537
f 1878/4/1527 1888/4/1537 1889/4/1538
f 1876/4/1525 1058/4/746 1633/4/1286
f 1876/4/1525 1633/4/1286 1877/4/1526
f 1890/4/1539 1891/4/1540 1892/4/1541
f 1890/4/1539 1892/4/1541 1893/4/1542
f 1888/4/1537 1639/4/1292 1640/4/1293
f 1888/4/1537 1640/4/1293 1894/4/1543
f 1877/4/1526 1633/4/1286 1639/4/1292
f 1877/4/1526 1639/4/1292 1888/4/1537
f 1878/4/1527 1895/4/1544 1896/4/1545
f 1878/4/1527 1896/4/1545 1875/4/1524
f 1889/4/1538 1888/4/1537 1894/4/1543
f 1889/4/1538 1894/4/1543 1897/4/1546
f 1898/4/1547 1889/4/1538 1897/4/1546
f 1898/4/1547 1897/4/1546 1899/4/1548
f 1895/4/1544 1878/4/1527 1889/4/1538
f 1895/4/1544 1889/4/1538 1898/4/1547
f 1900/1/1549 1901/1/1550 1902/1/1551
f 1900/1/1549 1902/1/1551 1903/1/1552
f 1901/1/1550 1904/1/1553 1905/1/1554
f 1901/1/1550 1905/1/1554 1902/1/1551
f 1903/1/1552 1902/1/1551 1906/1/1555
f 1903/1/1552 1906/1/1555 1907/1/1556
f 1902/1/1551 1905/1/1554 1908/1/1557
f 1902/1/1551 1908/1/1557 1906/1/1555
f 1909/1/1558 1910/1/1559 1900/1/1549
f 1909/1/1558 1900/1/1549 1911/1/1560
f 1910/1/1559 1912/1/1561 1901/1/1550
f 1910/1/1559 1901/1/1550 1900/1/1549
f 1912/1/1561 1913/1/1562 1904/1/1553
f 1912/1/1561 1904/1/1553 1901/1/1550
f 1913/1/1562 1914/1/1563 1915/1/1564
f 1913/1/1562 1915/1/1564 1904/1/1553
f 1904/1/1553 1915/1/1564 1916/1/1565
f 1904/1/1553 1916/1/1565 1905/1/1554
f 1905/1/1554 1916/1/1565 1917/1/1566
f 1905/1/1554 1917/1/1566 1908/1/1557
f 1908/1/1557 1917/1/1566 1918/1/1567
f 1908/1/1557 1918/1/1567 1919/1/1568
f 1906/1/1555 1908/1/1557 1919/1/1568
f 1906/1/1555 1919/1/1568 1920/1/1569
f 1907/1/1556 1906/1/1555 1920/1/1569
f 1907/1/1556 1920/1/1569 1921/1/1570
f 1922/1/1571 1907/1/1556 1921/1/1570
f 1922/1/1571 1921/1/1570 1923/1/1572
f 1924/1/1573 1903/1/1552 1907/1/1556
f 1924/1/1573 1907/1/1556 1922/1/1571
f 1911/1/1560 1900/1/1549 1903/1/1552
f 1911/1/1560 1903/1/1552 1924/1/1573
f 1562/2/1217 1561/2/1216 1576/2/1231
f 1562/2/1217 1576/2/1231 1925/2/1574
f 1895/4/1544 1926/4/1575 1890/4/1539
f 1895/4/1544 1890/4/1539 1896/4/1545
f 1927/4/1576 1926/4/1575 1928/4/1577
f 1927/4/1576 1928/4/1577 1929/4/1578
f 1930/1/1579 1931/1/1580 1932/1/1581
f 1930/1/1579 1932/1/1581 1933/1/1582
f 1934/4/1583 1935/4/1584 1936/4/1585
f 1934/4/1583 1936/4/1585 1937/4/1586
f 1796/1/1445 1871/1/1520 1870/1/1519
f 1796/1/1445 1870/1/1519 1831/1/1480
f 1926/4/1575 1895/4/1544 1898/4/1547
f 1926/4/1575 1898/4/1547 1928/4/1577
f 1928/4/1577 1898/4/1547 1899/4/1548
f 1928/4/1577 1899/4/1548 1938/4/1587
f 1799/1/1448 1798/1/1447 1825/1/1474
f 1799/1/1448 1825/1/1474 1824/1/1473
f 984/1/677 983/1/676 1931/1/1580
f 984/1/677 1931/1/1580 1930/1/1579
f 1881/1/1530 1799/1/1448 1824/1/1473
f 1881/1/1530 1824/1/1473 1882/1/1531
f 1871/1/1520 1796/1/1445 1799/1/1448
f 1871/1/1520 1799/1/1448 1881/1/1530
f 1939/1/1588 1940/1/1589 1941/1/1590
f 1939/1/1588 1941/1/1590 1942/1/1591
f 1940/1/1589 1943/1/1592 1944/1/1593
f 1940/1/1589 1944/1/1593 1941/1/1590
f 1942/1/1591 1941/1/1590 1945/1/1594
f 1942/1/1591 1945/1/1594 1946/1/1595
f 1941/1/1590 1944/1/1593 1947/1/1596
f 1941/1/1590 1947/1/1596 1945/1/1594
f 1866/1/1515 1864/1/1513 1939/1/1588
f 1866/1/1515 1939/1/1588 1948/1/1597
f 1864/1/1513 1863/1/1512 1940/1/1589
f 1864/1/1513 1940/1/1589 1939/1/1588
f 1863/1/1512 1862/1/1511 1943/1/1592
f 1863/1/1512 1943/1/1592 1940/1/1589
f 1862/1/1511 990/1/683 1949/1/1598
f 1862/1/1511 1949/1/1598 1943/1/1592
f 1943/1/1592 1949/1/1598 1950/1/1599
f 1943/1/1592 1950/1/1599 1944/1/1593
f 1944/1/1593 1950/1/1599 1951/1/1600
f 1944/1/1593 1951/1/1600 1947/1/1596
f 1947/1/1596 1951/1/1600 1952/1/1601
f 1947/1/1596 1952/1/1601 1953/1/1602
f 1945/1/1594 1947/1/1596 1953/1/1602
f 1945/1/1594 1953/1/1602 1954/1/1603
f 1946/1/1595 1945/1/1594 1954/1/1603
f 1946/1/1595 1954/1/1603 1955/1/1604
f 1956/1/1605 1946/1/1595 1955/1/1604
f 1956/1/1605 1955/1/1604 1914/1/1563
f 1957/1/1606 1942/1/1591 1946/1/1595
f 1957/1/1606 1946/1/1595 1956/1/1605
f 1948/1/1597 1939/1/1588 1942/1/1591
f 1948/1/1597 1942/1/1591 1957/1/1606
f 1958/4/1607 1959/4/1608 1960/4/1609
f 1958/4/1607 1960/4/1609 1961/4/1610
f 1959/4/1608 1962/4/1611 1963/4/1612
f 1959/4/1608 1963/4/1612 1960/4/1609
f 1961/4/1610 1960/4/1609 1964/4/1613
f 1961/4/1610 1964/4/1613 1965/4/1614
f 1960/4/1609 1963/4/1612 1966/4/1615
f 1960/4/1609 1966/4/1615 1964/4/1613
f 1967/4/1616 1968/4/1617 1958/4/1607
f 1967/4/1616 1958/4/1607 1969/4/1618
f 1968/4/1617 1970/4/1619 1959/4/1608
f 1968/4/1617 1959/4/1608 1958/4/1607
f 1970/4/1619 1971/4/1620 1962/4/1611
f 1970/4/1619 1962/4/1611 1959/4/1608
f 1971/4/1620 1972/4/1621 1973/4/1622
f 1971/4/1620 1973/4/1622 1962/4/1611
f 1962/4/1611 1973/4/1622 1974/4/1623
f 1962/4/1611 1974/4/1623 1963/4/1612
f 1963/4/1612 1974/4/1623 1975/4/1624
f 1963/4/1612 1975/4/1624 1966/4/1615
f 1966/4/1615 1975/4/1624 1838/4/1487
f 1966/4/1615 1838/4/1487 1976/4/1625
f 1964/4/1613 1966/4/1615 1976/4/1625
f 1964/4/1613 1976/4/1625 1936/4/1585
f 1965/4/1614 1964/4/1613 1936/4/1585
f 1965/4/1614 1936/4/1585 1935/4/1584
f 1977/4/1626 1965/4/1614 1935/4/1584
f 1977/4/1626 1935/4/1584 1978/4/1627
f 1979/4/1628 1961/4/1610 1965/4/1614
f 1979/4/1628 1965/4/1614 1977/4/1626
f 1969/4/1618 1958/4/1607 1961/4/1610
f 1969/4/1618 1961/4/1610 1979/4/1628
f 1980/4/1629 1934/4/1583 1937/4/1586
f 1980/4/1629 1937/4/1586 1981/4/1630
f 1937/4/1586 1936/4/1585 1976/4/1625
f 1937/4/1586 1976/4/1625 1982/4/1631
f 1981/4/1630 1937/4/1586 1982/4/1631
f 1981/4/1630 1982/4/1631 1983/4/1632
f 1984/4/1633 1978/4/1627 1935/4/1584
f 1984/4/1633 1935/4/1584 1934/4/1583
f 981/4/674 1985/4/1634 1980/4/1629
f 981/4/674 1980/4/1629 1986/4/1635
f 1985/4/1634 1984/4/1633 1934/4/1583
f 1985/4/1634 1934/4/1583 1980/4/1629
f 1982/4/1631 1976/4/1625 1838/4/1487
f 1982/4/1631 1838/4/1487 1837/4/1486
f 1987/1/1636 1988/1/1637 1989/1/1638
f 1987/1/1636 1989/1/1638 1990/1/1639
f 1983/4/1632 1982/4/1631 1837/4/1486
f 1983/4/1632 1837/4/1486 1840/4/1489
f 1991/4/1640 1983/4/1632 1840/4/1489
f 1991/4/1640 1840/4/1489 1839/4/1488
f 1992/4/1641 1981/4/1630 1983/4/1632
f 1992/4/1641 1983/4/1632 1991/4/1640
f 1986/4/1635 1980/4/1629 1981/4/1630
f 1986/4/1635 1981/4/1630 1992/4/1641
f 1993/1/1642 1994/1/1643 1987/1/1636
f 1993/1/1642 1987/1/1636 1990/1/1639
f 1994/1/1643 1995/1/1644 1996/1/1645
f 1994/1/1643 1996/1/1645 1987/1/1636
f 1996/1/1645 1997/1/1646 1988/1/1637
f 1996/1/1645 1988/1/1637 1987/1/1636
f 1998/1/1647 1997/1/1646 1996/1/1645
f 1998/1/1647 1996/1/1645 1999/1/1648
f 1914/1/1563 1955/1/1604 1993/1/1642
f 1914/1/1563 1993/1/1642 2000/1/1649
f 1955/1/1604 1954/1/1603 1994/1/1643
f 1955/1/1604 1994/1/1643 1993/1/1642
f 1954/1/1603 1953/1/1602 1995/1/1644
f 1954/1/1603 1995/1/1644 1994/1/1643
f 1953/1/1602 1952/1/1601 2001/1/1650
f 1953/1/1602 2001/1/1650 1995/1/1644
f 1995/1/1644 2001/1/1650 1999/1/1648
f 1995/1/1644 1999/1/1648 1996/1/1645
f 2002/1/1651 1990/1/1639 1989/1/1638
f 2002/1/1651 1989/1/1638 2003/1/1652
f 2004/1/1653 2005/1/1654 2006/1/1655
f 2004/1/1653 2006/1/1655 2007/1/1656
f 2000/1/1649 1993/1/1642 1990/1/1639
f 2000/1/1649 1990/1/1639 2002/1/1651
f 2008/4/1657 2009/4/1658 2010/4/1659
f 2008/4/1657 2010/4/1659 2011/4/1660
f 1933/1/1582 1932/1/1581 2012/1/1661
f 1933/1/1582 2012/1/1661 2013/1/1662
f 2011/4/1660 2010/4/1659 2014/4/1663
f 2011/4/1660 2014/4/1663 2015/4/1664
f 988/1/681 987/1/680 2016/1/1665
f 988/1/681 2016/1/1665 2017/1/1666
f 990/1/683 984/1/677 1930/1/1579
f 990/1/683 1930/1/1579 1949/1/1598
f 2018/4/1667 982/4/675 2009/4/1658
f 2018/4/1667 2009/4/1658 2008/4/1657
f 962/4/655 961/4/654 982/4/675
f 962/4/655 982/4/675 2018/4/1667
f 982/4/675 981/4/674 1986/4/1635
f 982/4/675 1986/4/1635 2009/4/1658
f 2009/4/1658 1986/4/1635 1992/4/1641
f 2009/4/1658 1992/4/1641 2010/4/1659
f 2010/4/1659 1992/4/1641 1991/4/1640
f 2010/4/1659 1991/4/1640 2014/4/1663
f 2014/4/1663 1991/4/1640 1839/4/1488
f 2014/4/1663 1839/4/1488 2019/4/1668
f 2016/1/1665 2020/1/1669 2021/1/1670
f 2016/1/1665 2021/1/1670 2017/1/1666
f 2015/4/1664 2014/4/1663 2019/4/1668
f 2015/4/1664 2019/4/1668 2022/4/1671
f 1951/1/1600 2013/1/1662 985/1/678
f 1951/1/1600 985/1/678 1952/1/1601
f 1950/1/1599 1933/1/1582 2013/1/1662
f 1950/1/1599 2013/1/1662 1951/1/1600
f 1949/1/1598 1930/1/1579 1933/1/1582
f 1949/1/1598 1933/1/1582 1950/1/1599
f 2023/1/1672 2004/1/1653 2007/1/1656
f 2023/1/1672 2007/1/1656 2024/1/1673
f 2007/1/1656 2006/1/1655 2025/1/1674
f 2007/1/1656 2025/1/1674 2026/1/1675
f 2024/1/1673 2007/1/1656 2026/1/1675
f 2024/1/1673 2026/1/1675 2027/1/1676
f 1468/1/1127 2005/1/1654 2004/1/1653
f 1468/1/1127 2004/1/1653 1469/1/1128
f 1475/1/1134 1477/1/1136 2023/1/1672
f 1475/1/1134 2023/1/1672 2028/1/1677
f 1477/1/1136 1469/1/1128 2004/1/1653
f 1477/1/1136 2004/1/1653 2023/1/1672
f 2026/1/1675 2025/1/1674 1880/1/1529
f 2026/1/1675 1880/1/1529 1879/1/1528
f 2029/4/1678 2030/4/1679 2031/4/1680
f 2029/4/1678 2031/4/1680 2032/4/1681
f 2027/1/1676 2026/1/1675 1879/1/1528
f 2027/1/1676 1879/1/1528 1886/1/1535
f 2033/1/1682 2027/1/1676 1886/1/1535
f 2033/1/1682 1886/1/1535 1887/1/1536
f 2034/1/1683 2024/1/1673 2027/1/1676
f 2034/1/1683 2027/1/1676 2033/1/1682
f 2028/1/1677 2023/1/1672 2024/1/1673
f 2028/1/1677 2024/1/1673 2034/1/1683
f 2035/4/1684 2036/4/1685 2029/4/1678
f 2035/4/1684 2029/4/1678 2032/4/1681
f 1893/4/1542 1892/4/1541 2037/4/1686
f 1893/4/1542 2037/4/1686 2038/4/1687
f 2039/1/1688 2040/1/1689 1485/1/1144
f 2039/1/1688 1485/1/1144 2041/1/1690
f 1843/4/1492 2030/4/1679 2029/4/1678
f 1843/4/1492 2029/4/1678 1842/4/1491
f 1952/1/1601 985/1/678 988/1/681
f 1952/1/1601 988/1/681 2001/1/1650
f 2022/4/1671 2019/4/1668 2036/4/1685
f 2022/4/1671 2036/4/1685 2035/4/1684
f 2013/1/1662 2012/1/1661 986/1/679
f 2013/1/1662 986/1/679 985/1/678
f 2019/4/1668 1839/4/1488 1841/4/1490
f 2019/4/1668 1841/4/1490 2036/4/1685
f 2036/4/1685 1841/4/1490 1842/4/1491
f 2036/4/1685 1842/4/1491 2029/4/1678
f 1999/1/1648 2017/1/1666 2021/1/1670
f 1999/1/1648 2021/1/1670 1998/1/1647
f 2042/4/1691 1969/4/1618 1979/4/1628
f 2042/4/1691 1979/4/1628 2043/4/1692
f 2001/1/1650 988/1/681 2017/1/1666
f 2001/1/1650 2017/1/1666 1999/1/1648
f 2044/1/1693 2045/1/1694 2046/1/1695
f 2044/1/1693 2046/1/1695 2047/1/1696
f 2045/1/1694 2048/1/1697 2049/1/1698
f 2045/1/1694 2049/1/1698 2046/1/1695
f 2047/1/1696 2046/1/1695 2050/1/1699
f 2047/1/1696 2050/1/1699 2051/1/1700
f 2046/1/1695 2049/1/1698 2052/1/1701
f 2046/1/1695 2052/1/1701 2050/1/1699
f 1909/1/1558 2053/1/1702 2044/1/1693
f 1909/1/1558 2044/1/1693 1910/1/1559
f 2053/1/1702 2054/1/1703 2045/1/1694
f 2053/1/1702 2045/1/1694 2044/1/1693
f 2054/1/1703 2055/1/1704 2048/1/1697
f 2054/1/1703 2048/1/1697 2045/1/1694
f 2055/1/1704 1857/1/1506 1859/1/1508
f 2055/1/1704 1859/1/1508 2048/1/1697
f 2048/1/1697 1859/1/1508 1867/1/1516
f 2048/1/1697 1867/1/1516 2049/1/1698
f 2049/1/1698 1867/1/1516 1865/1/1514
f 2049/1/1698 1865/1/1514 2052/1/1701
f 2052/1/1701 1865/1/1514 1866/1/1515
f 2052/1/1701 1866/1/1515 1948/1/1597
f 2050/1/1699 2052/1/1701 1948/1/1597
f 2050/1/1699 1948/1/1597 1957/1/1606
f 2051/1/1700 2050/1/1699 1957/1/1606
f 2051/1/1700 1957/1/1606 1956/1/1605
f 1913/1/1562 2051/1/1700 1956/1/1605
f 1913/1/1562 1956/1/1605 1914/1/1563
f 1912/1/1561 2047/1/1696 2051/1/1700
f 1912/1/1561 2051/1/1700 1913/1/1562
f 1910/1/1559 2044/1/1693 2047/1/1696
f 1910/1/1559 2047/1/1696 1912/1/1561
f 2056/4/1705 2042/4/1691 2043/4/1692
f 2056/4/1705 2043/4/1692 2057/4/1706
f 2043/4/1692 1979/4/1628 1977/4/1626
f 2043/4/1692 1977/4/1626 2058/4/1707
f 2057/4/1706 2043/4/1692 2058/4/1707
f 2057/4/1706 2058/4/1707 2059/4/1708
f 1967/4/1616 1969/4/1618 2042/4/1691
f 1967/4/1616 2042/4/1691 2060/4/1709
f 977/4/670 2061/4/1710 2056/4/1705
f 977/4/670 2056/4/1705 978/4/671
f 2061/4/1710 2060/4/1709 2042/4/1691
f 2061/4/1710 2042/4/1691 2056/4/1705
f 2058/4/1707 1977/4/1626 1978/4/1627
f 2058/4/1707 1978/4/1627 1984/4/1633
f 1059/4/747 2062/4/1711 2063/4/1712
f 1059/4/747 2063/4/1712 1060/4/748
f 2059/4/1708 2058/4/1707 1984/4/1633
f 2059/4/1708 1984/4/1633 1985/4/1634
f 980/4/673 2059/4/1708 1985/4/1634
f 980/4/673 1985/4/1634 981/4/674
f 979/4/672 2057/4/1706 2059/4/1708
f 979/4/672 2059/4/1708 980/4/673
f 978/4/671 2056/4/1705 2057/4/1706
f 978/4/671 2057/4/1706 979/4/672
f 1833/1/1482 1832/1/1481 2064/1/1713
f 1833/1/1482 2064/1/1713 2065/1/1714
f 2038/4/1687 2037/4/1686 2066/4/1715
f 2038/4/1687 2066/4/1715 2067/4/1716
f 2065/1/1714 2064/1/1713 2040/1/1689
f 2065/1/1714 2040/1/1689 2039/1/1688
f 1581/1/1236 1580/1/1235 2068/1/1717
f 1581/1/1236 2068/1/1717 2069/1/1718
f 1896/4/1545 1890/4/1539 1893/4/1542
f 1896/4/1545 1893/4/1542 2070/4/1719
f 1891/4/1540 1890/4/1539 1926/4/1575
f 1891/4/1540 1926/4/1575 1927/4/1576
f 1831/1/1480 1830/1/1479 1797/1/1446
f 1831/1/1480 1797/1/1446 1796/1/1445
f 1831/1/1480 1870/1/1519 2071/1/1720
f 1831/1/1480 2071/1/1720 1832/1/1481
f 2072/2/1721 2073/2/1722 2074/2/1723
f 2072/2/1721 2074/2/1723 2075/2/1724
f 2040/1/1689 2076/1/1725 1482/1/1141
f 2040/1/1689 1482/1/1141 1485/1/1144
f 2067/4/1716 2066/4/1715 1481/4/1140
f 2067/4/1716 1481/4/1140 1480/4/1139
f 2041/1/1690 1485/1/1144 1484/1/1143
f 2041/1/1690 1484/1/1143 1486/1/1145
f 2077/4/1726 2067/4/1716 1480/4/1139
f 2077/4/1726 1480/4/1139 1393/4/1054
f 2078/4/1727 2038/4/1687 2067/4/1716
f 2078/4/1727 2067/4/1716 2077/4/1726
f 2070/4/1719 1893/4/1542 2038/4/1687
f 2070/4/1719 2038/4/1687 2078/4/1727
f 1060/4/748 2063/4/1712 2079/4/1728
f 1060/4/748 2079/4/1728 1061/4/749
f 2062/4/1711 2080/4/1729 2081/4/1730
f 2062/4/1711 2081/4/1730 2063/4/1712
f 1876/4/1525 2062/4/1711 1059/4/747
f 1876/4/1525 1059/4/747 1058/4/746
f 2063/4/1712 2081/4/1730 2082/4/1731
f 2063/4/1712 2082/4/1731 2079/4/1728
f 1061/4/749 2079/4/1728 1366/4/1028
f 1061/4/749 1366/4/1028 1063/4/751
f 1876/4/1525 1875/4/1524 2080/4/1729
f 1876/4/1525 2080/4/1729 2062/4/1711
f 1875/4/1524 1896/4/1545 2070/4/1719
f 1875/4/1524 2070/4/1719 2080/4/1729
f 2080/4/1729 2070/4/1719 2078/4/1727
f 2080/4/1729 2078/4/1727 2081/4/1730
f 2081/4/1730 2078/4/1727 2077/4/1726
f 2081/4/1730 2077/4/1726 2082/4/1731
f 2082/4/1731 2077/4/1726 1393/4/1054
f 2082/4/1731 1393/4/1054 1367/4/1029
f 2079/4/1728 2082/4/1731 1367/4/1029
f 2079/4/1728 1367/4/1029 1366/4/1028
f 2083/1/1732 2084/1/1733 2085/1/1734
f 2083/1/1732 2085/1/1734 2086/1/1735
f 2087/1/1736 2088/1/1737 2089/1/1738
f 2087/1/1736 2089/1/1738 2090/1/1739
f 2088/1/1737 2091/1/1740 2092/1/1741
f 2088/1/1737 2092/1/1741 2089/1/1738
f 2090/1/1739 2089/1/1738 2093/1/1742
f 2090/1/1739 2093/1/1742 2094/1/1743
f 2089/1/1738 2092/1/1741 2095/1/1744
f 2089/1/1738 2095/1/1744 2093/1/1742
f 1468/1/1127 2096/1/1745 2087/1/1736
f 1468/1/1127 2087/1/1736 2005/1/1654
f 2096/1/1745 2097/1/1746 2088/1/1737
f 2096/1/1745 2088/1/1737 2087/1/1736
f 2097/1/1746 2098/1/1747 2091/1/1740
f 2097/1/1746 2091/1/1740 2088/1/1737
f 2098/1/1747 1363/1/1025 1338/1/1002
f 2098/1/1747 1338/1/1002 2091/1/1740
f 2091/1/1740 1338/1/1002 1341/1/1005
f 2091/1/1740 1341/1/1005 2092/1/1741
f 2092/1/1741 1341/1/1005 1359/1/1021
f 2092/1/1741 1359/1/1021 2095/1/1744
f 2095/1/1744 1359/1/1021 1323/1/988
f 2095/1/1744 1323/1/988 2099/1/1748
f 2093/1/1742 2095/1/1744 2099/1/1748
f 2093/1/1742 2099/1/1748 2100/1/1749
f 2094/1/1743 2093/1/1742 2100/1/1749
f 2094/1/1743 2100/1/1749 2101/1/1750
f 2025/1/1674 2094/1/1743 2101/1/1750
f 2025/1/1674 2101/1/1750 1880/1/1529
f 2006/1/1655 2090/1/1739 2094/1/1743
f 2006/1/1655 2094/1/1743 2025/1/1674
f 2005/1/1654 2087/1/1736 2090/1/1739
f 2005/1/1654 2090/1/1739 2006/1/1655
f 2102/2/1751 2103/2/1752 2104/2/1753
f 2102/2/1751 2104/2/1753 2105/2/1754
f 1037/1/725 1074/1/762 1076/1/764
f 1037/1/725 1076/1/764 1038/1/726
f 2106/1/1755 2107/1/1756 2108/1/1757
f 2106/1/1755 2108/1/1757 2109/1/1751
f 2110/2/1758 2111/2/1759 2112/2/1760
f 2110/2/1758 2112/2/1760 2113/2/1761
f 2114/1/1759 2108/1/1757 2107/1/1756
f 2114/1/1759 2107/1/1756 2115/1/1762
f 2116/2/31 2117/2/1763 2118/2/1764
f 2116/2/31 2118/2/1764 2119/2/1765
f 1870/1/1519 1868/1/1517 2120/1/1766
f 1870/1/1519 2120/1/1766 2071/1/1720
f 1868/1/1517 1845/1/1494 2121/1/1767
f 1868/1/1517 2121/1/1767 2120/1/1766
f 1845/1/1494 1844/1/1493 2122/1/1768
f 1845/1/1494 2122/1/1768 2121/1/1767
f 1844/1/1493 1880/1/1529 2101/1/1750
f 1844/1/1493 2101/1/1750 2122/1/1768
f 2122/1/1768 2101/1/1750 2100/1/1749
f 2122/1/1768 2100/1/1749 2107/1/1756
f 2107/1/1756 2100/1/1749 2099/1/1748
f 2107/1/1756 2099/1/1748 34/1/30
f 34/1/30 2099/1/1748 1323/1/988
f 34/1/30 1323/1/988 1326/1/991
f 2123/2/1769 2124/2/1770 2125/2/1771
f 2123/2/1769 2125/2/1771 2126/2/1772
f 2127/1/1773 2128/1/1774 2129/1/1763
f 2127/1/1773 2129/1/1763 2130/1/1771
f 2125/2/1771 2124/2/1770 1343/2/1007
f 2125/2/1771 1343/2/1007 2131/2/1773
f 2132/2/1775 2131/2/1773 1343/2/1007
f 2132/2/1775 1343/2/1007 1342/2/1006
f 2133/1/1776 2134/1/1777 2135/1/1758
f 2133/1/1776 2135/1/1758 2136/1/1722
f 1065/1/753 1078/1/766 1022/1/713
f 1065/1/753 1022/1/713 1001/1/694
f 2110/2/1758 2113/2/1761 2074/2/1723
f 2110/2/1758 2074/2/1723 2073/2/1722
f 2137/4/1778 1493/4/1152 1494/4/1153
f 2137/4/1778 1494/4/1153 2138/4/1779
f 1494/4/1153 1064/4/752 1062/4/750
f 1494/4/1153 1062/4/750 2139/4/1780
f 2138/4/1779 1494/4/1153 2139/4/1780
f 2138/4/1779 2139/4/1780 2140/4/1781
f 1049/4/737 1051/4/739 1493/4/1152
f 1049/4/737 1493/4/1152 2141/4/1782
f 1382/4/1043 2142/4/1783 2137/4/1778
f 1382/4/1043 2137/4/1778 1383/4/1044
f 2142/4/1783 2141/4/1782 1493/4/1152
f 2142/4/1783 1493/4/1152 2137/4/1778
f 2139/4/1780 1062/4/750 1063/4/751
f 2139/4/1780 1063/4/751 1390/4/1051
f 2143/1/710 2144/1/690 2145/1/688
f 2143/1/710 2145/1/688 2146/1/1784
f 1019/2/710 1009/2/701 998/2/691
f 1019/2/710 998/2/691 997/2/690
f 2140/4/1781 2139/4/1780 1390/4/1051
f 2140/4/1781 1390/4/1051 1392/4/1053
f 1385/4/1046 2140/4/1781 1392/4/1053
f 1385/4/1046 1392/4/1053 1386/4/1047
f 1384/4/1045 2138/4/1779 2140/4/1781
f 1384/4/1045 2140/4/1781 1385/4/1046
f 1383/4/1044 2137/4/1778 2138/4/1779
f 1383/4/1044 2138/4/1779 1384/4/1045
f 2147/1/1785 2148/1/1786 1746/1/1396
f 2147/1/1785 1746/1/1396 1745/1/1395
f 2148/1/1786 2149/1/1787 2150/1/1788
f 2148/1/1786 2150/1/1788 1746/1/1396
f 1746/1/1396 2150/1/1788 2151/1/1789
f 1746/1/1396 2151/1/1789 1747/1/1397
f 1685/5/1337 1690/5/1342 1675/5/1328
f 1685/5/1337 1675/5/1328 1674/5/1327
f 1496/1/1155 2152/1/1790 2147/1/1785
f 1496/1/1155 2147/1/1785 2153/1/1791
f 2152/1/1790 2154/1/1792 2148/1/1786
f 2152/1/1790 2148/1/1786 2147/1/1785
f 2154/1/1792 2155/1/1793 2149/1/1787
f 2154/1/1792 2149/1/1787 2148/1/1786
f 2155/1/1793 13/1/13 2156/1/1794
f 2155/1/1793 2156/1/1794 2149/1/1787
f 2149/1/1787 2156/1/1794 2157/1/1795
f 2149/1/1787 2157/1/1795 2150/1/1788
f 2150/1/1788 2157/1/1795 2158/1/1796
f 2150/1/1788 2158/1/1796 2151/1/1789
f 2151/1/1789 2158/1/1796 1723/1/1374
f 2151/1/1789 1723/1/1374 1751/1/1401
f 2159/5/1797 2160/5/1798 2161/5/1799
f 2159/5/1797 2161/5/1799 1749/5/1399
f 1749/5/1399 2161/5/1799 1682/5/1335
f 1749/5/1399 1682/5/1335 1681/5/1334
f 2162/1/1800 2163/1/1801 2164/1/1802
f 2162/1/1800 2164/1/1802 2165/1/1803
f 2166/5/1804 2159/5/1797 1749/5/1399
f 2166/5/1804 1749/5/1399 1692/5/1344
f 2153/1/1791 2147/1/1785 1745/1/1395
f 2153/1/1791 1745/1/1395 2163/1/1801
f 1621/4/1274 1620/4/1273 2167/4/1805
f 1621/4/1274 2167/4/1805 2168/4/1806
f 2069/1/1718 2068/1/1717 1728/1/1379
f 2069/1/1718 1728/1/1379 1727/1/1378
f 2168/4/1806 2167/4/1805 1396/4/1057
f 2168/4/1806 1396/4/1057 1395/4/1056
f 2169/4/1807 2170/4/1808 2171/4/1809
f 2169/4/1807 2171/4/1809 2172/4/1810
f 13/1/13 12/1/12 1581/1/1236
f 13/1/13 1581/1/1236 2156/1/1794
f 1618/4/1271 1619/4/1272 1607/4/1260
f 1618/4/1271 1607/4/1260 1608/4/1261
f 1502/1/1161 1497/1/1156 2173/1/1811
f 1502/1/1161 2173/1/1811 2174/1/1812
f 1618/4/1271 1414/4/1075 2175/4/1813
f 1618/4/1271 2175/4/1813 1620/4/1273
f 1620/4/1273 2175/4/1813 2176/4/1814
f 1620/4/1273 2176/4/1814 2167/4/1805
f 2167/4/1805 2176/4/1814 2177/4/1815
f 2167/4/1805 2177/4/1815 1396/4/1057
f 1396/4/1057 2177/4/1815 1520/4/1177
f 1396/4/1057 1520/4/1177 1397/4/1058
f 1398/4/1059 1397/4/1058 1710/4/1361
f 1398/4/1059 1710/4/1361 1709/4/1360
f 2178/5/1816 2179/5/1817 1691/5/1343
f 2178/5/1816 1691/5/1343 2180/5/1818
f 2158/1/1796 1727/1/1378 1724/1/1375
f 2158/1/1796 1724/1/1375 1723/1/1374
f 2157/1/1795 2069/1/1718 1727/1/1378
f 2157/1/1795 1727/1/1378 2158/1/1796
f 2156/1/1794 1581/1/1236 2069/1/1718
f 2156/1/1794 2069/1/1718 2157/1/1795
f 2174/1/1812 2173/1/1811 2162/1/1800
f 2174/1/1812 2162/1/1800 2181/1/1819
f 2172/4/1810 2171/4/1809 2182/4/1820
f 2172/4/1810 2182/4/1820 2183/4/1821
f 2180/5/1818 1691/5/1343 1642/5/1295
f 2180/5/1818 1642/5/1295 1641/5/1294
f 2184/4/1822 2185/4/1823 2186/4/1824
f 2184/4/1822 2186/4/1824 1525/4/1182
f 1402/4/1063 1503/4/1162 2169/4/1807
f 1402/4/1063 2169/4/1807 2187/4/1825
f 966/4/659 965/4/658 2188/4/1826
f 966/4/659 2188/4/1826 1503/4/1162
f 1503/4/1162 2188/4/1826 2170/4/1808
f 1503/4/1162 2170/4/1808 2169/4/1807
f 1497/1/1156 1496/1/1155 2153/1/1791
f 1497/1/1156 2153/1/1791 2173/1/1811
f 2173/1/1811 2153/1/1791 2163/1/1801
f 2173/1/1811 2163/1/1801 2162/1/1800
f 1747/1/1397 2151/1/1789 1751/1/1401
f 1747/1/1397 1751/1/1401 1750/1/1400
f 2163/1/1801 1745/1/1395 1748/1/1398
f 2163/1/1801 1748/1/1398 2164/1/1802
f 1827/1/1476 1826/1/1475 2189/1/1827
f 1827/1/1476 2189/1/1827 2190/1/1828
f 2181/1/1819 2162/1/1800 2165/1/1803
f 2181/1/1819 2165/1/1803 2191/1/1829
f 2179/5/1817 2166/5/1804 1692/5/1344
f 2179/5/1817 1692/5/1344 1691/5/1343
f 2192/5/1830 1688/5/1340 1685/5/1337
f 2192/5/1830 1685/5/1337 1532/5/1189
f 2187/4/1825 2169/4/1807 2172/4/1810
f 2187/4/1825 2172/4/1810 2193/4/1831
f 2194/4/1832 2195/4/1833 2184/4/1822
f 2194/4/1832 2184/4/1822 2196/4/1834
f 2195/4/1833 2197/4/1835 2185/4/1823
f 2195/4/1833 2185/4/1823 2184/4/1822
f 1698/5/1350 1757/5/1406 2198/5/1836
f 1698/5/1350 2198/5/1836 2199/5/1837
f 2196/4/1834 2184/4/1822 1525/4/1182
f 2196/4/1834 1525/4/1182 1524/4/1181
f 1414/4/1075 1413/4/1074 2194/4/1832
f 1414/4/1075 2194/4/1832 2175/4/1813
f 1413/4/1074 1412/4/1073 2195/4/1833
f 1413/4/1074 2195/4/1833 2194/4/1832
f 1412/4/1073 1411/4/1072 2197/4/1835
f 1412/4/1073 2197/4/1835 2195/4/1833
f 1411/4/1072 1402/4/1063 2187/4/1825
f 1411/4/1072 2187/4/1825 2197/4/1835
f 2197/4/1835 2187/4/1825 2193/4/1831
f 2197/4/1835 2193/4/1831 2185/4/1823
f 1753/5/1403 2192/5/1830 1532/5/1189
f 1753/5/1403 1532/5/1189 1531/5/1188
f 2193/4/1831 2172/4/1810 2183/4/1821
f 2193/4/1831 2183/4/1821 2200/4/1838
f 1521/4/1178 1526/4/1183 2201/4/1839
f 1521/4/1178 2201/4/1839 1522/4/1179
f 1754/5/1404 1531/5/1188 1505/5/1164
f 1754/5/1404 1505/5/1164 1504/5/1163
f 2177/4/1815 1524/4/1181 1521/4/1178
f 2177/4/1815 1521/4/1178 1520/4/1177
f 2176/4/1814 2196/4/1834 1524/4/1181
f 2176/4/1814 1524/4/1181 2177/4/1815
f 2175/4/1813 2194/4/1832 2196/4/1834
f 2175/4/1813 2196/4/1834 2176/4/1814
f 2086/1/1735 2085/1/1734 2202/1/1840
f 2086/1/1735 2202/1/1840 2203/1/1841
f 2084/1/1733 2204/1/1842 2205/1/1843
f 2084/1/1733 2205/1/1843 2085/1/1734
f 2206/1/1844 2084/1/1733 2083/1/1732
f 2206/1/1844 2083/1/1732 2207/1/1845
f 2085/1/1734 2205/1/1843 2208/1/1846
f 2085/1/1734 2208/1/1846 2202/1/1840
f 2203/1/1841 2202/1/1840 2209/1/1847
f 2203/1/1841 2209/1/1847 2210/1/1848
f 2206/1/1844 2211/1/1849 2204/1/1842
f 2206/1/1844 2204/1/1842 2084/1/1733
f 2211/1/1849 2212/1/1850 2213/1/1851
f 2211/1/1849 2213/1/1851 2204/1/1842
f 2204/1/1842 2213/1/1851 2214/1/1852
f 2204/1/1842 2214/1/1852 2205/1/1843
f 2205/1/1843 2214/1/1852 2215/1/1853
f 2205/1/1843 2215/1/1853 2208/1/1846
f 2208/1/1846 2215/1/1853 2216/1/1854
f 2208/1/1846 2216/1/1854 2217/1/1855
f 2202/1/1840 2208/1/1846 2217/1/1855
f 2202/1/1840 2217/1/1855 2209/1/1847
f 2218/1/1856 2219/1/1857 2220/1/1858
f 2218/1/1856 2220/1/1858 2221/1/1859
f 2222/1/1860 2218/1/1856 2221/1/1859
f 2222/1/1860 2221/1/1859 2223/1/1861
f 2221/1/1859 2220/1/1858 2224/1/1862
f 2221/1/1859 2224/1/1862 2225/1/1863
f 2223/1/1861 2221/1/1859 2225/1/1863
f 2223/1/1861 2225/1/1863 2226/1/1864
f 2003/1/1652 2219/1/1857 2218/1/1856
f 2003/1/1652 2218/1/1856 2002/1/1651
f 1914/1/1563 2000/1/1649 2222/1/1860
f 1914/1/1563 2222/1/1860 1915/1/1564
f 2000/1/1649 2002/1/1651 2218/1/1856
f 2000/1/1649 2218/1/1856 2222/1/1860
f 2225/1/1863 2224/1/1862 2227/1/1865
f 2225/1/1863 2227/1/1865 2228/1/1866
f 2229/1/1867 2230/1/1868 2231/1/1869
f 2229/1/1867 2231/1/1869 2232/1/1870
f 2226/1/1864 2225/1/1863 2228/1/1866
f 2226/1/1864 2228/1/1866 2233/1/1871
f 1917/1/1566 2226/1/1864 2233/1/1871
f 1917/1/1566 2233/1/1871 1918/1/1567
f 1916/1/1565 2223/1/1861 2226/1/1864
f 1916/1/1565 2226/1/1864 1917/1/1566
f 1915/1/1564 2222/1/1860 2223/1/1861
f 1915/1/1564 2223/1/1861 1916/1/1565
f 2232/1/1870 2231/1/1869 2234/1/1872
f 2232/1/1870 2234/1/1872 2235/1/1873
f 2230/1/1868 2236/1/1874 2237/1/1875
f 2230/1/1868 2237/1/1875 2231/1/1869
f 1474/1/1133 1473/1/1132 2230/1/1868
f 1474/1/1133 2230/1/1868 2229/1/1867
f 2231/1/1869 2237/1/1875 2238/1/1876
f 2231/1/1869 2238/1/1876 2234/1/1872
f 2235/1/1873 2234/1/1872 2239/1/1877
f 2235/1/1873 2239/1/1877 2240/1/1878
f 1473/1/1132 1476/1/1135 2236/1/1874
f 1473/1/1132 2236/1/1874 2230/1/1868
f 1476/1/1135 1475/1/1134 2241/1/1879
f 1476/1/1135 2241/1/1879 2236/1/1874
f 2236/1/1874 2241/1/1879 2242/1/1880
f 2236/1/1874 2242/1/1880 2237/1/1875
f 2237/1/1875 2242/1/1880 2243/1/1881
f 2237/1/1875 2243/1/1881 2238/1/1876
f 2238/1/1876 2243/1/1881 2244/1/1882
f 2238/1/1876 2244/1/1882 2245/1/1883
f 2234/1/1872 2238/1/1876 2245/1/1883
f 2234/1/1872 2245/1/1883 2239/1/1877
f 2246/1/1884 2247/1/1885 2248/1/1886
f 2246/1/1884 2248/1/1886 2249/1/1887
f 2247/1/1885 2250/1/1888 2251/1/1889
f 2247/1/1885 2251/1/1889 2248/1/1886
f 2252/1/1890 2247/1/1885 2246/1/1884
f 2252/1/1890 2246/1/1884 2253/1/1891
f 2248/1/1886 2251/1/1889 2254/1/1892
f 2248/1/1886 2254/1/1892 2255/1/1893
f 2252/1/1890 2256/1/1894 2250/1/1888
f 2252/1/1890 2250/1/1888 2247/1/1885
f 2256/1/1894 2257/1/1895 2258/1/1896
f 2256/1/1894 2258/1/1896 2250/1/1888
f 2250/1/1888 2258/1/1896 2259/1/1897
f 2250/1/1888 2259/1/1897 2251/1/1889
f 2251/1/1889 2259/1/1897 2260/1/1898
f 2251/1/1889 2260/1/1898 2254/1/1892
f 2261/5/1899 2262/5/1900 2263/5/1901
f 2261/5/1899 2263/5/1901 2264/5/1902
f 2265/5/1903 2266/5/1904 2261/5/1899
f 2265/5/1903 2261/5/1899 2267/5/1905
f 2266/5/1904 2268/5/1906 2262/5/1900
f 2266/5/1904 2262/5/1900 2261/5/1899
f 2269/1/1907 2270/1/1908 2271/1/1909
f 2269/1/1907 2271/1/1909 2272/1/1910
f 2273/1/1911 2274/1/1912 2275/1/1913
f 2273/1/1911 2275/1/1913 2276/1/1914
f 2277/1/1915 2278/1/44 2279/1/1916
f 2277/1/1915 2279/1/1916 2280/1/1917
f 2267/5/1905 2261/5/1899 2264/5/1902
f 2267/5/1905 2264/5/1902 2281/5/1918
f 2282/5/1919 2283/5/1920 2284/5/1921
f 2282/5/1919 2284/5/1921 2285/5/1922
f 2283/5/1920 2286/5/1923 2287/5/1924
f 2283/5/1920 2287/5/1924 2284/5/1921
f 2288/1/1925 2289/1/1926 2260/1/1898
f 2288/1/1925 2260/1/1898 2259/1/1897
f 2290/5/1927 2291/5/1928 2292/5/1929
f 2290/5/1927 2292/5/1929 2293/5/1930
f 2294/5/1931 2293/5/1930 2282/5/1919
f 2294/5/1931 2282/5/1919 2295/5/1932
f 2293/5/1930 2292/5/1929 2283/5/1920
f 2293/5/1930 2283/5/1920 2282/5/1919
f 2292/5/1929 2296/5/1933 2286/5/1923
f 2292/5/1929 2286/5/1923 2283/5/1920
f 2296/5/1933 2265/5/1903 2267/5/1905
f 2296/5/1933 2267/5/1905 2286/5/1923
f 2286/5/1923 2267/5/1905 2281/5/1918
f 2286/5/1923 2281/5/1918 2287/5/1924
f 2281/5/1918 2264/5/1902 2297/5/45
f 2281/5/1918 2297/5/45 2298/5/1934
f 2287/5/1924 2281/5/1918 2298/5/1934
f 2287/5/1924 2298/5/1934 2299/5/1935
f 2284/5/1921 2287/5/1924 2299/5/1935
f 2284/5/1921 2299/5/1935 2300/5/1936
f 2285/5/1922 2284/5/1921 2300/5/1936
f 2285/5/1922 2300/5/1936 2301/5/1937
f 2263/5/1938 2302/5/1939 2297/5/1940
f 2263/5/1901 2297/5/45 2264/5/1902
f 2303/1/1941 2304/1/1942 2258/1/1896
f 2303/1/1941 2258/1/1896 2257/1/1895
f 2295/5/1932 2282/5/1919 2285/5/1922
f 2295/5/1932 2285/5/1922 2305/5/1943
f 2306/1/1944 2307/1/1945 2308/1/1946
f 2306/1/1944 2308/1/1946 2309/1/1947
f 2307/1/1945 2310/1/1948 2311/1/1949
f 2307/1/1945 2311/1/1949 2308/1/1946
f 2308/1/1946 2311/1/1949 2312/1/1950
f 2308/1/1946 2312/1/1950 2313/1/1951
f 2291/5/1928 2314/5/1952 2296/5/1933
f 2291/5/1928 2296/5/1933 2292/5/1929
f 1923/1/1572 1921/1/1570 2306/1/1944
f 1923/1/1572 2306/1/1944 2315/1/1953
f 1921/1/1570 1920/1/1569 2307/1/1945
f 1921/1/1570 2307/1/1945 2306/1/1944
f 1920/1/1569 1919/1/1568 2310/1/1948
f 1920/1/1569 2310/1/1948 2307/1/1945
f 1919/1/1568 1918/1/1567 2316/1/1954
f 1919/1/1568 2316/1/1954 2310/1/1948
f 2310/1/1948 2316/1/1954 2317/1/1955
f 2310/1/1948 2317/1/1955 2311/1/1949
f 2318/5/1956 2319/5/1957 2266/5/1904
f 2318/5/1956 2266/5/1904 2265/5/1903
f 2289/1/1926 2277/1/1915 2280/1/1917
f 2289/1/1926 2280/1/1917 2260/1/1898
f 2319/5/1957 2320/5/1958 2268/5/1906
f 2319/5/1957 2268/5/1906 2266/5/1904
f 2309/1/1947 2308/1/1946 2313/1/1951
f 2309/1/1947 2313/1/1951 2321/1/1959
f 2322/1/1960 2323/1/1961 2324/1/1962
f 2322/1/1960 2324/1/1962 2274/1/1912
f 2325/5/1963 2290/5/1927 2293/5/1930
f 2325/5/1963 2293/5/1930 2294/5/1931
f 2315/1/1953 2306/1/1944 2309/1/1947
f 2315/1/1953 2309/1/1947 2323/1/1961
f 2326/1/1964 2269/1/1907 2272/1/1910
f 2326/1/1964 2272/1/1910 2327/1/1965
f 2328/1/1966 2322/1/1960 2274/1/1912
f 2328/1/1966 2274/1/1912 2273/1/1911
f 2272/1/1910 2271/1/1909 2329/1/1967
f 2272/1/1910 2329/1/1967 2330/1/1968
f 2227/1/1865 2270/1/1908 2269/1/1907
f 2227/1/1865 2269/1/1907 2228/1/1866
f 1918/1/1567 2233/1/1871 2326/1/1964
f 1918/1/1567 2326/1/1964 2316/1/1954
f 2233/1/1871 2228/1/1866 2269/1/1907
f 2233/1/1871 2269/1/1907 2326/1/1964
f 2304/1/1942 2288/1/1925 2259/1/1897
f 2304/1/1942 2259/1/1897 2258/1/1896
f 2331/1/1969 2332/1/1970 2333/1/1971
f 2331/1/1969 2333/1/1971 2334/1/1972
f 2327/1/1965 2272/1/1910 2330/1/1968
f 2327/1/1965 2330/1/1968 2335/1/1973
f 2314/5/1952 2318/5/1956 2265/5/1903
f 2314/5/1952 2265/5/1903 2296/5/1933
f 2311/1/1949 2317/1/1955 2336/1/1974
f 2311/1/1949 2336/1/1974 2312/1/1950
f 2316/1/1954 2326/1/1964 2327/1/1965
f 2316/1/1954 2327/1/1965 2317/1/1955
f 2334/1/1972 2333/1/1971 2337/1/1975
f 2334/1/1972 2337/1/1975 2338/1/1976
f 2332/1/1970 2339/1/1977 2340/1/1978
f 2332/1/1970 2340/1/1978 2333/1/1971
f 2240/1/1878 2239/1/1877 2332/1/1970
f 2240/1/1878 2332/1/1970 2331/1/1969
f 2333/1/1971 2340/1/1978 2341/1/1979
f 2333/1/1971 2341/1/1979 2337/1/1975
f 2338/1/1976 2337/1/1975 2206/1/1844
f 2338/1/1976 2206/1/1844 2207/1/1845
f 2239/1/1877 2245/1/1883 2339/1/1977
f 2239/1/1877 2339/1/1977 2332/1/1970
f 2245/1/1883 2244/1/1882 2342/1/1980
f 2245/1/1883 2342/1/1980 2339/1/1977
f 2339/1/1977 2342/1/1980 2343/1/1981
f 2339/1/1977 2343/1/1981 2340/1/1978
f 2340/1/1978 2343/1/1981 2344/1/1982
f 2340/1/1978 2344/1/1982 2341/1/1979
f 2341/1/1979 2344/1/1982 2212/1/1850
f 2341/1/1979 2212/1/1850 2211/1/1849
f 2337/1/1975 2341/1/1979 2211/1/1849
f 2337/1/1975 2211/1/1849 2206/1/1844
f 2345/1/1983 2346/1/1984 2347/1/1985
f 2345/1/1983 2347/1/1985 2348/1/1986
f 2349/1/1987 2350/1/1988 2328/1/1966
f 2349/1/1987 2328/1/1966 2351/1/1989
f 2350/1/1988 2352/1/1990 2322/1/1960
f 2350/1/1988 2322/1/1960 2328/1/1966
f 2351/1/1989 2328/1/1966 2273/1/1911
f 2351/1/1989 2273/1/1911 2353/1/1991
f 2354/5/1992 2295/5/1932 2305/5/1943
f 2354/5/1992 2305/5/1943 2355/5/1993
f 2244/1/1882 2356/1/1994 2349/1/1987
f 2244/1/1882 2349/1/1987 2342/1/1980
f 2356/1/1994 2357/1/1995 2350/1/1988
f 2356/1/1994 2350/1/1988 2349/1/1987
f 2357/1/1995 2358/1/1996 2352/1/1990
f 2357/1/1995 2352/1/1990 2350/1/1988
f 2358/1/1996 1923/1/1572 2315/1/1953
f 2358/1/1996 2315/1/1953 2352/1/1990
f 2352/1/1990 2315/1/1953 2323/1/1961
f 2352/1/1990 2323/1/1961 2322/1/1960
f 2355/5/1993 2305/5/1943 2359/5/1997
f 2355/5/1993 2359/5/1997 2360/5/1998
f 2276/1/1914 2275/1/1913 2361/1/1999
f 2276/1/1914 2361/1/1999 2362/1/2000
f 2363/5/2001 2294/5/1931 2295/5/1932
f 2363/5/2001 2295/5/1932 2354/5/1992
f 2353/1/1991 2273/1/1911 2276/1/1914
f 2353/1/1991 2276/1/1914 2364/1/2002
f 2344/1/1982 2353/1/1991 2364/1/2002
f 2344/1/1982 2364/1/2002 2212/1/1850
f 2343/1/1981 2351/1/1989 2353/1/1991
f 2343/1/1981 2353/1/1991 2344/1/1982
f 2342/1/1980 2349/1/1987 2351/1/1989
f 2342/1/1980 2351/1/1989 2343/1/1981
f 2365/1/2003 2362/1/2000 2366/1/2004
f 2365/1/2003 2366/1/2004 2367/1/2005
f 2366/1/2004 2368/1/2006 2369/1/2007
f 2366/1/2004 2369/1/2007 2370/1/2008
f 2367/1/2005 2366/1/2004 2370/1/2008
f 2367/1/2005 2370/1/2008 2371/1/2009
f 2370/1/2008 2369/1/2007 2372/1/2010
f 2370/1/2008 2372/1/2010 2373/1/2011
f 2212/1/1850 2364/1/2002 2365/1/2003
f 2212/1/1850 2365/1/2003 2213/1/1851
f 2364/1/2002 2276/1/1914 2362/1/2000
f 2364/1/2002 2362/1/2000 2365/1/2003
f 2323/1/1961 2309/1/1947 2321/1/1959
f 2323/1/1961 2321/1/1959 2324/1/1962
f 2374/5/2012 2325/5/1963 2294/5/1931
f 2374/5/2012 2294/5/1931 2363/5/2001
f 2362/1/2000 2361/1/1999 2368/1/2006
f 2362/1/2000 2368/1/2006 2366/1/2004
f 2369/1/2007 2303/1/1941 2257/1/1895
f 2369/1/2007 2257/1/1895 2372/1/2010
f 2305/5/1943 2285/5/1922 2301/5/1937
f 2305/5/1943 2301/5/1937 2359/5/1997
f 2371/1/2009 2370/1/2008 2373/1/2011
f 2371/1/2009 2373/1/2011 2375/1/2013
f 2215/1/1853 2371/1/2009 2375/1/2013
f 2215/1/1853 2375/1/2013 2216/1/1854
f 2214/1/1852 2367/1/2005 2371/1/2009
f 2214/1/1852 2371/1/2009 2215/1/1853
f 2213/1/1851 2365/1/2003 2367/1/2005
f 2213/1/1851 2367/1/2005 2214/1/1852
f 2348/1/1986 2347/1/1985 2376/1/2014
f 2348/1/1986 2376/1/2014 2377/1/2015
f 2346/1/1984 2378/1/2016 2379/1/2017
f 2346/1/1984 2379/1/2017 2347/1/1985
f 2210/1/1848 2209/1/1847 2346/1/1984
f 2210/1/1848 2346/1/1984 2345/1/1983
f 2347/1/1985 2379/1/2017 2380/1/2018
f 2347/1/1985 2380/1/2018 2376/1/2014
f 2377/1/2015 2376/1/2014 2252/1/1890
f 2377/1/2015 2252/1/1890 2253/1/1891
f 2209/1/1847 2217/1/1855 2378/1/2016
f 2209/1/1847 2378/1/2016 2346/1/1984
f 2217/1/1855 2216/1/1854 2375/1/2013
f 2217/1/1855 2375/1/2013 2378/1/2016
f 2378/1/2016 2375/1/2013 2373/1/2011
f 2378/1/2016 2373/1/2011 2379/1/2017
f 2379/1/2017 2373/1/2011 2372/1/2010
f 2379/1/2017 2372/1/2010 2380/1/2018
f 2380/1/2018 2372/1/2010 2257/1/1895
f 2380/1/2018 2257/1/1895 2256/1/1894
f 2376/1/2014 2380/1/2018 2256/1/1894
f 2376/1/2014 2256/1/1894 2252/1/1890
f 2381/4/2019 2382/4/2020 2383/4/2021
f 2381/4/2019 2383/4/2021 2384/4/2022
f 2385/4/2023 2381/4/2019 2384/4/2022
f 2385/4/2023 2384/4/2022 2386/4/2024
f 2384/4/2022 2383/4/2021 2387/4/2025
f 2384/4/2022 2387/4/2025 2388/4/2026
f 2386/4/2024 2384/4/2022 2388/4/2026
f 2386/4/2024 2388/4/2026 2389/4/2027
f 1894/4/1543 1640/4/1293 2382/4/2020
f 1894/4/1543 2382/4/2020 2381/4/2019
f 1899/4/1548 1897/4/1546 2385/4/2023
f 1899/4/1548 2385/4/2023 2390/4/2028
f 1897/4/1546 1894/4/1543 2381/4/2019
f 1897/4/1546 2381/4/2019 2385/4/2023
f 2388/4/2026 2387/4/2025 1967/4/1616
f 2388/4/2026 1967/4/1616 2060/4/1709
f 2389/4/2027 2388/4/2026 2060/4/1709
f 2389/4/2027 2060/4/1709 2061/4/1710
f 2391/4/2029 2389/4/2027 2061/4/1710
f 2391/4/2029 2061/4/1710 977/4/670
f 2392/4/2030 2386/4/2024 2389/4/2027
f 2392/4/2030 2389/4/2027 2391/4/2029
f 2390/4/2028 2385/4/2023 2386/4/2024
f 2390/4/2028 2386/4/2024 2392/4/2030
f 2393/1/2031 2394/1/2032 2395/1/2033
f 2393/1/2031 2395/1/2033 2396/1/2034
f 2394/1/2032 2397/1/2035 2398/1/2036
f 2394/1/2032 2398/1/2036 2395/1/2033
f 2396/1/2034 2395/1/2033 2399/1/2037
f 2396/1/2034 2399/1/2037 2400/1/2038
f 2395/1/2033 2398/1/2036 2401/1/2039
f 2395/1/2033 2401/1/2039 2399/1/2037
f 1475/1/1134 2028/1/1677 2393/1/2031
f 1475/1/1134 2393/1/2031 2402/1/2040
f 2028/1/1677 2034/1/1683 2394/1/2032
f 2028/1/1677 2394/1/2032 2393/1/2031
f 2034/1/1683 2033/1/1682 2397/1/2035
f 2034/1/1683 2397/1/2035 2394/1/2032
f 2033/1/1682 1887/1/1536 2403/1/2041
f 2033/1/1682 2403/1/2041 2397/1/2035
f 2397/1/2035 2403/1/2041 2404/1/2042
f 2397/1/2035 2404/1/2042 2398/1/2036
f 2398/1/2036 2404/1/2042 2405/1/2043
f 2398/1/2036 2405/1/2043 2401/1/2039
f 2401/1/2039 2405/1/2043 1857/1/1506
f 2401/1/2039 1857/1/1506 2055/1/1704
f 2399/1/2037 2401/1/2039 2055/1/1704
f 2399/1/2037 2055/1/1704 2054/1/1703
f 2400/1/2038 2399/1/2037 2054/1/1703
f 2400/1/2038 2054/1/1703 2053/1/1702
f 2406/1/2044 2400/1/2038 2053/1/1702
f 2406/1/2044 2053/1/1702 1909/1/1558
f 2407/1/2045 2396/1/2034 2400/1/2038
f 2407/1/2045 2400/1/2038 2406/1/2044
f 2402/1/2040 2393/1/2031 2396/1/2034
f 2402/1/2040 2396/1/2034 2407/1/2045
f 2408/4/2046 2409/4/2047 2410/4/2048
f 2408/4/2046 2410/4/2048 2411/4/2049
f 2409/4/2047 2412/4/2050 2413/4/2051
f 2409/4/2047 2413/4/2051 2410/4/2048
f 2411/4/2049 2410/4/2048 2414/4/2052
f 2411/4/2049 2414/4/2052 2415/4/2053
f 2410/4/2048 2413/4/2051 2416/4/2054
f 2410/4/2048 2416/4/2054 2414/4/2052
f 1640/4/1293 1638/4/1291 2408/4/2046
f 1640/4/1293 2408/4/2046 2382/4/2020
f 1638/4/1291 1637/4/1290 2409/4/2047
f 1638/4/1291 2409/4/2047 2408/4/2046
f 1637/4/1290 1636/4/1289 2412/4/2050
f 1637/4/1290 2412/4/2050 2409/4/2047
f 1636/4/1289 1635/4/1288 2417/4/2055
f 1636/4/1289 2417/4/2055 2412/4/2050
f 2412/4/2050 2417/4/2055 2418/4/2056
f 2412/4/2050 2418/4/2056 2413/4/2051
f 2413/4/2051 2418/4/2056 2419/4/2057
f 2413/4/2051 2419/4/2057 2416/4/2054
f 2416/4/2054 2419/4/2057 1972/4/1621
f 2416/4/2054 1972/4/1621 1971/4/1620
f 2414/4/2052 2416/4/2054 1971/4/1620
f 2414/4/2052 1971/4/1620 1970/4/1619
f 2415/4/2053 2414/4/2052 1970/4/1619
f 2415/4/2053 1970/4/1619 1968/4/1617
f 2387/4/2025 2415/4/2053 1968/4/1617
f 2387/4/2025 1968/4/1617 1967/4/1616
f 2383/4/2021 2411/4/2049 2415/4/2053
f 2383/4/2021 2415/4/2053 2387/4/2025
f 2382/4/2020 2408/4/2046 2411/4/2049
f 2382/4/2020 2411/4/2049 2383/4/2021
f 2420/1/2058 2421/1/2059 2422/1/2060
f 2420/1/2058 2422/1/2060 2423/1/2061
f 2421/1/2059 2424/1/2062 2425/1/2063
f 2421/1/2059 2425/1/2063 2422/1/2060
f 2423/1/2061 2422/1/2060 2426/1/2064
f 2423/1/2061 2426/1/2064 2427/1/2065
f 2422/1/2060 2425/1/2063 2428/1/2066
f 2422/1/2060 2428/1/2066 2426/1/2064
f 1475/1/1134 2402/1/2040 2420/1/2058
f 1475/1/1134 2420/1/2058 2241/1/1879
f 2402/1/2040 2407/1/2045 2421/1/2059
f 2402/1/2040 2421/1/2059 2420/1/2058
f 2407/1/2045 2406/1/2044 2424/1/2062
f 2407/1/2045 2424/1/2062 2421/1/2059
f 2406/1/2044 1909/1/1558 1911/1/1560
f 2406/1/2044 1911/1/1560 2424/1/2062
f 2424/1/2062 1911/1/1560 1924/1/1573
f 2424/1/2062 1924/1/1573 2425/1/2063
f 2425/1/2063 1924/1/1573 1922/1/1571
f 2425/1/2063 1922/1/1571 2428/1/2066
f 2428/1/2066 1922/1/1571 1923/1/1572
f 2428/1/2066 1923/1/1572 2358/1/1996
f 2426/1/2064 2428/1/2066 2358/1/1996
f 2426/1/2064 2358/1/1996 2357/1/1995
f 2427/1/2065 2426/1/2064 2357/1/1995
f 2427/1/2065 2357/1/1995 2356/1/1994
f 2243/1/1881 2427/1/2065 2356/1/1994
f 2243/1/1881 2356/1/1994 2244/1/1882
f 2242/1/1880 2423/1/2061 2427/1/2065
f 2242/1/1880 2427/1/2065 2243/1/1881
f 2241/1/1879 2420/1/2058 2423/1/2061
f 2241/1/1879 2423/1/2061 2242/1/1880
f 2429/1/2067 2430/1/2068 2431/1/2069
f 2429/1/2067 2431/1/2069 2432/1/2070
f 2430/1/2068 2433/1/2071 2434/1/2072
f 2430/1/2068 2434/1/2072 2431/1/2069
f 2432/1/2070 2431/1/2069 2435/1/2073
f 2432/1/2070 2435/1/2073 2436/1/2074
f 2431/1/2069 2434/1/2072 2437/1/2075
f 2431/1/2069 2437/1/2075 2435/1/2073
f 1887/1/1536 1885/1/1534 2429/1/2067
f 1887/1/1536 2429/1/2067 2403/1/2041
f 1885/1/1534 1884/1/1533 2430/1/2068
f 1885/1/1534 2430/1/2068 2429/1/2067
f 1884/1/1533 1883/1/1532 2433/1/2071
f 1884/1/1533 2433/1/2071 2430/1/2068
f 1883/1/1532 1882/1/1531 2438/1/2076
f 1883/1/1532 2438/1/2076 2433/1/2071
f 2433/1/2071 2438/1/2076 2439/1/2077
f 2433/1/2071 2439/1/2077 2434/1/2072
f 2434/1/2072 2439/1/2077 2440/1/2078
f 2434/1/2072 2440/1/2078 2437/1/2075
f 2437/1/2075 2440/1/2078 967/1/660
f 2437/1/2075 967/1/660 1861/1/1510
f 2435/1/2073 2437/1/2075 1861/1/1510
f 2435/1/2073 1861/1/1510 1860/1/1509
f 2436/1/2074 2435/1/2073 1860/1/1509
f 2436/1/2074 1860/1/1509 1858/1/1507
f 2405/1/2043 2436/1/2074 1858/1/1507
f 2405/1/2043 1858/1/1507 1857/1/1506
f 2404/1/2042 2432/1/2070 2436/1/2074
f 2404/1/2042 2436/1/2074 2405/1/2043
f 2403/1/2041 2429/1/2067 2432/1/2070
f 2403/1/2041 2432/1/2070 2404/1/2042
f 2441/4/2079 2442/4/2080 2443/4/2081
f 2441/4/2079 2443/4/2081 2444/4/2082
f 2190/1/1828 2189/1/1827 2445/1/2083
f 2190/1/1828 2445/1/2083 2446/1/2084
f 2444/4/2082 2443/4/2081 1687/4/1339
f 2444/4/2082 1687/4/1339 1686/4/1338
f 1575/1/1230 1574/1/1229 2447/1/2085
f 1575/1/1230 2447/1/2085 2448/1/2086
f 1882/1/1531 1824/1/1473 1827/1/1476
f 1882/1/1531 1827/1/1476 2438/1/2076
f 2449/4/2087 1938/4/1587 2442/4/2080
f 2449/4/2087 2442/4/2080 2441/4/2079
f 1929/4/1578 1928/4/1577 1938/4/1587
f 1929/4/1578 1938/4/1587 2449/4/2087
f 1938/4/1587 1899/4/1548 2390/4/2028
f 1938/4/1587 2390/4/2028 2442/4/2080
f 2442/4/2080 2390/4/2028 2392/4/2030
f 2442/4/2080 2392/4/2030 2443/4/2081
f 2443/4/2081 2392/4/2030 2391/4/2029
f 2443/4/2081 2391/4/2029 1687/4/1339
f 1687/4/1339 2391/4/2029 977/4/670
f 1687/4/1339 977/4/670 972/4/665
f 2446/1/2084 2445/1/2083 2450/1/2088
f 2446/1/2084 2450/1/2088 968/1/661
f 968/1/661 2450/1/2088 1652/1/1305
f 968/1/661 1652/1/1305 969/1/662
f 2440/1/2078 2446/1/2084 968/1/661
f 2440/1/2078 968/1/661 967/1/660
f 2439/1/2077 2190/1/1828 2446/1/2084
f 2439/1/2077 2446/1/2084 2440/1/2078
f 2438/1/2076 1827/1/1476 2190/1/1828
f 2438/1/2076 2190/1/1828 2439/1/2077
f 2451/2/2089 2452/2/2090 2453/2/2091
f 2451/2/2089 2453/2/2091 2454/2/2092
f 2452/2/2090 2455/2/2093 2456/2/2094
f 2452/2/2090 2456/2/2094 2453/2/2091
f 2454/2/2092 2453/2/2091 2457/2/2095
f 2454/2/2092 2457/2/2095 2458/2/2096
f 2453/2/2091 2456/2/2094 2459/2/2097
f 2453/2/2091 2459/2/2097 2457/2/2095
f 1763/4/1412 1768/4/1417 1778/4/1427
f 1763/4/1412 1778/4/1427 1764/4/1413
f 2460/2/2098 2461/2/2099 2451/2/2089
f 2460/2/2098 2451/2/2089 2462/2/2100
f 2461/2/2099 2463/2/2101 2452/2/2090
f 2461/2/2099 2452/2/2090 2451/2/2089
f 2463/2/2101 2464/2/2102 2455/2/2093
f 2463/2/2101 2455/2/2093 2452/2/2090
f 2455/2/2093 2465/2/2103 2466/2/2104
f 2455/2/2093 2466/2/2104 2456/2/2094
f 2456/2/2094 2466/2/2104 2467/2/2105
f 2456/2/2094 2467/2/2105 2459/2/2097
f 2459/2/2097 2467/2/2105 2468/2/2106
f 2459/2/2097 2468/2/2106 2469/2/2107
f 2457/2/2095 2459/2/2097 2469/2/2107
f 2457/2/2095 2469/2/2107 2470/2/2108
f 2458/2/2096 2457/2/2095 2470/2/2108
f 2458/2/2096 2470/2/2108 2471/2/2109
f 2472/2/2110 2458/2/2096 2471/2/2109
f 2472/2/2110 2471/2/2109 2473/2/2111
f 2474/2/2112 2454/2/2092 2458/2/2096
f 2474/2/2112 2458/2/2096 2472/2/2110
f 2462/2/2100 2451/2/2089 2454/2/2092
f 2462/2/2100 2454/2/2092 2474/2/2112
f 1813/4/1462 1810/4/1459 1780/4/1429
f 1813/4/1462 1780/4/1429 1783/4/1432
f 1810/4/1459 1809/4/1458 2475/4/2113
f 1810/4/1459 2475/4/2113 1780/4/1429
f 2475/4/2113 2476/4/2114 1781/4/1430
f 2475/4/2113 1781/4/1430 1780/4/1429
f 1779/4/1428 2476/4/2114 2475/4/2113
f 1779/4/1428 2475/4/2113 1777/4/1426
f 1818/1/1467 1806/1/1455 2477/1/2115
f 1818/1/1467 2477/1/2115 2478/1/2116
f 1721/1/1372 1720/1/1371 2479/1/2117
f 1721/1/1372 2479/1/2117 2480/1/2118
f 1662/4/1315 1822/4/1471 1823/4/1472
f 1662/4/1315 1823/4/1472 1663/4/1316
f 1807/4/1456 1771/4/1420 1773/4/1422
f 1807/4/1456 1773/4/1422 1809/4/1458
f 1809/4/1458 1773/4/1422 1777/4/1426
f 1809/4/1458 1777/4/1426 2475/4/2113
f 2481/4/2119 1783/4/1432 1782/4/1431
f 2481/4/2119 1782/4/1431 2482/4/2120
f 2483/4/2121 2484/4/2122 2485/4/2123
f 2483/4/2121 2485/4/2123 2486/4/2124
f 1814/4/1463 1813/4/1462 1783/4/1432
f 1814/4/1463 1783/4/1432 2481/4/2119
f 1659/4/1312 1829/4/1478 2483/4/2121
f 1659/4/1312 2483/4/2121 2486/4/2124
f 1829/4/1478 2487/4/2125 2488/4/2126
f 1829/4/1478 2488/4/2126 2483/4/2121
f 2488/4/2126 2489/4/2127 2484/4/2122
f 2488/4/2126 2484/4/2122 2483/4/2121
f 2482/4/2120 2489/4/2127 2488/4/2126
f 2482/4/2120 2488/4/2126 2481/4/2119
f 1646/1/1299 1665/1/1318 1668/1/1321
f 1646/1/1299 1668/1/1321 2490/1/2128
f 1828/4/1477 2491/4/2129 2487/4/2125
f 1828/4/1477 2487/4/2125 1829/4/1478
f 1666/1/1319 1818/1/1467 2478/1/2116
f 1666/1/1319 2478/1/2116 1667/1/1320
f 1806/1/1455 1721/1/1372 2480/1/2118
f 1806/1/1455 2480/1/2118 2477/1/2115
f 2487/4/2125 1814/4/1463 2481/4/2119
f 2487/4/2125 2481/4/2119 2488/4/2126
f 2492/4/2130 2486/4/2124 2485/4/2123
f 2492/4/2130 2485/4/2123 2493/4/2131
f 2494/4/2132 2495/4/2133 2496/4/2134
f 2494/4/2132 2496/4/2134 2497/4/2135
f 1660/4/1313 1659/4/1312 2486/4/2124
f 1660/4/1313 2486/4/2124 2492/4/2130
f 1664/4/1317 1663/4/1316 2494/4/2132
f 1664/4/1317 2494/4/2132 2497/4/2135
f 1663/4/1316 1823/4/1472 2498/4/2136
f 1663/4/1316 2498/4/2136 2494/4/2132
f 2498/4/2136 2499/4/2137 2495/4/2133
f 2498/4/2136 2495/4/2133 2494/4/2132
f 2493/4/2131 2499/4/2137 2498/4/2136
f 2493/4/2131 2498/4/2136 2492/4/2130
f 1669/4/1322 1661/4/1314 1664/4/1317
f 1669/4/1322 1664/4/1317 1776/4/1425
f 1615/4/1268 1614/4/1267 1662/4/1315
f 1615/4/1268 1662/4/1315 1661/4/1314
f 2500/1/2138 1647/1/1300 2501/1/2139
f 2500/1/2138 2501/1/2139 2502/1/2140
f 1647/1/1300 1646/1/1299 2490/1/2128
f 1647/1/1300 2490/1/2128 2501/1/2139
f 1823/4/1472 1660/4/1313 2492/4/2130
f 1823/4/1472 2492/4/2130 2498/4/2136
f 1769/4/1418 2497/4/2135 2496/4/2134
f 1769/4/1418 2496/4/2134 1770/4/1419
f 1648/1/1301 1647/1/1300 2500/1/2138
f 1648/1/1301 2500/1/2138 2503/1/2141
f 1776/4/1425 1664/4/1317 2497/4/2135
f 1776/4/1425 2497/4/2135 1769/4/1418
f 2504/2/2142 2505/2/2143 2506/2/2144
f 2504/2/2142 2506/2/2144 2507/2/2145
f 2505/2/2143 2508/2/2146 2509/2/2147
f 2505/2/2143 2509/2/2147 2506/2/2144
f 2507/2/2145 2506/2/2144 2510/2/2148
f 2507/2/2145 2510/2/2148 2511/2/2149
f 2506/2/2144 2509/2/2147 2512/2/2150
f 2506/2/2144 2512/2/2150 2510/2/2148
f 2513/2/2151 2514/2/2152 2504/2/2142
f 2513/2/2151 2504/2/2142 2515/2/2153
f 2514/2/2152 2516/2/2154 2505/2/2143
f 2514/2/2152 2505/2/2143 2504/2/2142
f 2516/2/2154 2517/2/2155 2508/2/2146
f 2516/2/2154 2508/2/2146 2505/2/2143
f 2517/2/2155 2473/2/2111 2471/2/2109
f 2517/2/2155 2471/2/2109 2508/2/2146
f 2508/2/2146 2471/2/2109 2470/2/2108
f 2508/2/2146 2470/2/2108 2509/2/2147
f 2509/2/2147 2470/2/2108 2469/2/2107
f 2509/2/2147 2469/2/2107 2512/2/2150
f 2512/2/2150 2469/2/2107 2468/2/2106
f 2512/2/2150 2468/2/2106 2518/2/2156
f 2510/2/2148 2512/2/2150 2518/2/2156
f 2510/2/2148 2518/2/2156 2519/2/2157
f 2511/2/2149 2510/2/2148 2519/2/2157
f 2511/2/2149 2519/2/2157 2520/2/2158
f 2521/2/2159 2511/2/2149 2520/2/2158
f 2521/2/2159 2520/2/2158 2522/2/2160
f 2523/2/2161 2507/2/2145 2511/2/2149
f 2523/2/2161 2511/2/2149 2521/2/2159
f 2515/2/2153 2504/2/2142 2507/2/2145
f 2515/2/2153 2507/2/2145 2523/2/2161
f 2524/2/2162 2525/2/2163 2526/2/2164
f 2524/2/2162 2526/2/2164 2527/2/2165
f 2525/2/2163 2528/2/2166 2529/2/2167
f 2525/2/2163 2529/2/2167 2526/2/2164
f 2527/2/2165 2526/2/2164 2530/2/2168
f 2527/2/2165 2530/2/2168 2531/2/2169
f 2526/2/2164 2529/2/2167 2532/2/2170
f 2526/2/2164 2532/2/2170 2530/2/2168
f 2464/2/2102 2533/2/2171 2465/2/2103
f 2464/2/2102 2465/2/2103 2455/2/2093
f 2534/2/2172 2535/2/2173 2524/2/2162
f 2534/2/2172 2524/2/2162 2536/2/2174
f 2535/2/2173 2537/2/2175 2525/2/2163
f 2535/2/2173 2525/2/2163 2524/2/2162
f 2537/2/2175 2538/2/2176 2528/2/2166
f 2537/2/2175 2528/2/2166 2525/2/2163
f 2528/2/2166 2462/2/2100 2474/2/2112
f 2528/2/2166 2474/2/2112 2529/2/2167
f 2529/2/2167 2474/2/2112 2472/2/2110
f 2529/2/2167 2472/2/2110 2532/2/2170
f 2532/2/2170 2472/2/2110 2473/2/2111
f 2532/2/2170 2473/2/2111 2517/2/2155
f 2530/2/2168 2532/2/2170 2517/2/2155
f 2530/2/2168 2517/2/2155 2516/2/2154
f 2531/2/2169 2530/2/2168 2516/2/2154
f 2531/2/2169 2516/2/2154 2514/2/2152
f 2539/2/2177 2531/2/2169 2514/2/2152
f 2539/2/2177 2514/2/2152 2513/2/2151
f 2540/2/2178 2527/2/2165 2531/2/2169
f 2540/2/2178 2531/2/2169 2539/2/2177
f 2536/2/2174 2524/2/2162 2527/2/2165
f 2536/2/2174 2527/2/2165 2540/2/2178
f 2541/2/2179 2542/2/2180 2543/2/2181
f 2541/2/2179 2543/2/2181 2544/2/2182
f 2542/2/2180 2545/2/2183 2546/2/2184
f 2542/2/2180 2546/2/2184 2543/2/2181
f 2544/2/2182 2543/2/2181 2547/2/2185
f 2544/2/2182 2547/2/2185 2548/2/2186
f 2543/2/2181 2546/2/2184 2549/2/2187
f 2543/2/2181 2549/2/2187 2547/2/2185
f 2538/2/2176 2460/2/2098 2462/2/2100
f 2538/2/2176 2462/2/2100 2528/2/2166
f 2550/2/2188 2551/2/2189 2541/2/2179
f 2550/2/2188 2541/2/2179 2552/2/2190
f 2551/2/2189 2553/2/2191 2542/2/2180
f 2551/2/2189 2542/2/2180 2541/2/2179
f 2553/2/2191 2554/2/2192 2545/2/2183
f 2553/2/2191 2545/2/2183 2542/2/2180
f 2545/2/2183 2536/2/2174 2540/2/2178
f 2545/2/2183 2540/2/2178 2546/2/2184
f 2546/2/2184 2540/2/2178 2539/2/2177
f 2546/2/2184 2539/2/2177 2549/2/2187
f 2549/2/2187 2539/2/2177 2513/2/2151
f 2549/2/2187 2513/2/2151 2515/2/2153
f 2547/2/2185 2549/2/2187 2515/2/2153
f 2547/2/2185 2515/2/2153 2523/2/2161
f 2548/2/2186 2547/2/2185 2523/2/2161
f 2548/2/2186 2523/2/2161 2521/2/2159
f 2555/2/2193 2548/2/2186 2521/2/2159
f 2555/2/2193 2521/2/2159 2522/2/2160
f 2556/2/2194 2544/2/2182 2548/2/2186
f 2556/2/2194 2548/2/2186 2555/2/2193
f 2552/2/2190 2541/2/2179 2544/2/2182
f 2552/2/2190 2544/2/2182 2556/2/2194
f 2557/2/2195 2558/2/2196 2559/2/2197
f 2557/2/2195 2559/2/2197 2560/2/2198
f 2558/2/2196 2561/2/2199 2562/2/2200
f 2558/2/2196 2562/2/2200 2559/2/2197
f 2560/2/2198 2559/2/2197 2563/2/2201
f 2560/2/2198 2563/2/2201 2564/2/2202
f 2559/2/2197 2562/2/2200 2565/2/2203
f 2559/2/2197 2565/2/2203 2563/2/2201
f 2554/2/2192 2534/2/2172 2536/2/2174
f 2554/2/2192 2536/2/2174 2545/2/2183
f 2533/2/2171 2566/2/2204 2557/2/2195
f 2533/2/2171 2557/2/2195 2465/2/2103
f 2566/2/2204 2567/2/2205 2558/2/2196
f 2566/2/2204 2558/2/2196 2557/2/2195
f 2567/2/2205 2568/2/2206 2561/2/2199
f 2567/2/2205 2561/2/2199 2558/2/2196
f 2561/2/2199 2552/2/2190 2556/2/2194
f 2561/2/2199 2556/2/2194 2562/2/2200
f 2562/2/2200 2556/2/2194 2555/2/2193
f 2562/2/2200 2555/2/2193 2565/2/2203
f 2565/2/2203 2555/2/2193 2522/2/2160
f 2565/2/2203 2522/2/2160 2520/2/2158
f 2563/2/2201 2565/2/2203 2520/2/2158
f 2563/2/2201 2520/2/2158 2519/2/2157
f 2564/2/2202 2563/2/2201 2519/2/2157
f 2564/2/2202 2519/2/2157 2518/2/2156
f 2467/2/2105 2564/2/2202 2518/2/2156
f 2467/2/2105 2518/2/2156 2468/2/2106
f 2466/2/2104 2560/2/2198 2564/2/2202
f 2466/2/2104 2564/2/2202 2467/2/2105
f 2465/2/2103 2557/2/2195 2560/2/2198
f 2465/2/2103 2560/2/2198 2466/2/2104
f 1781/4/1430 2476/4/2114 2569/4/2207
f 1781/4/1430 2569/4/2207 2570/4/2208
f 2571/4/2209 2569/4/2207 2476/4/2114
f 2571/4/2209 2476/4/2114 1779/4/1428
f 2572/4/2210 2570/4/2208 2573/4/2211
f 2572/4/2210 2573/4/2211 2574/4/2212
f 2570/4/2208 2569/4/2207 2575/4/2206
f 2570/4/2208 2575/4/2206 2573/4/2211
f 1778/4/1427 1768/4/1417 2576/4/2213
f 1778/4/1427 2576/4/2213 2577/4/2214
f 2572/4/2210 2578/4/2215 2482/4/2120
f 2572/4/2210 2482/4/2120 1782/4/1431
f 2569/4/2207 2571/4/2209 2579/4/2188
f 2569/4/2207 2579/4/2188 2575/4/2206
f 2578/4/2215 2572/4/2210 2574/4/2212
f 2578/4/2215 2574/4/2212 2580/4/2171
f 1768/4/1417 1767/4/1416 2581/4/2216
f 1768/4/1417 2581/4/2216 2576/4/2213
f 2582/4/2217 2581/4/2216 1767/4/1416
f 2582/4/2217 1767/4/1416 1770/4/1419
f 2577/4/2214 2576/4/2213 2583/4/2191
f 2577/4/2214 2583/4/2191 2584/4/2189
f 2576/4/2213 2581/4/2216 2585/4/2192
f 2576/4/2213 2585/4/2192 2583/4/2191
f 2496/4/2134 2495/4/2133 2586/4/2218
f 2496/4/2134 2586/4/2218 2587/4/2219
f 2577/4/2214 2571/4/2209 1779/4/1428
f 2577/4/2214 1779/4/1428 1778/4/1427
f 2581/4/2216 2582/4/2217 2588/4/2220
f 2581/4/2216 2588/4/2220 2585/4/2192
f 2571/4/2209 2577/4/2214 2584/4/2189
f 2571/4/2209 2584/4/2189 2579/4/2188
f 2495/4/2133 2499/4/2137 2589/4/2221
f 2495/4/2133 2589/4/2221 2586/4/2218
f 2590/4/2222 2589/4/2221 2499/4/2137
f 2590/4/2222 2499/4/2137 2493/4/2131
f 2587/4/2219 2586/4/2218 2591/4/2223
f 2587/4/2219 2591/4/2223 2592/4/2224
f 2586/4/2218 2589/4/2221 2593/4/2225
f 2586/4/2218 2593/4/2225 2591/4/2223
f 2485/4/2123 2484/4/2122 2594/4/2226
f 2485/4/2123 2594/4/2226 2595/4/2227
f 2587/4/2219 2582/4/2217 1770/4/1419
f 2587/4/2219 1770/4/1419 2496/4/2134
f 2589/4/2221 2590/4/2222 2596/4/2098
f 2589/4/2221 2596/4/2098 2593/4/2225
f 2582/4/2217 2587/4/2219 2592/4/2224
f 2582/4/2217 2592/4/2224 2588/4/2220
f 2484/4/2122 2489/4/2127 2597/4/2228
f 2484/4/2122 2597/4/2228 2594/4/2226
f 2482/4/2120 2578/4/2215 2597/4/2228
f 2482/4/2120 2597/4/2228 2489/4/2127
f 2595/4/2227 2594/4/2226 2598/4/2101
f 2595/4/2227 2598/4/2101 2599/4/2099
f 2594/4/2226 2597/4/2228 2600/4/2102
f 2594/4/2226 2600/4/2102 2598/4/2101
f 2568/2/2206 2550/2/2188 2552/2/2190
f 2568/2/2206 2552/2/2190 2561/2/2199
f 2595/4/2227 2590/4/2222 2493/4/2131
f 2595/4/2227 2493/4/2131 2485/4/2123
f 2597/4/2228 2578/4/2215 2580/4/2171
f 2597/4/2228 2580/4/2171 2600/4/2102
f 2590/4/2222 2595/4/2227 2599/4/2099
f 2590/4/2222 2599/4/2099 2596/4/2098
f 2601/1/2229 2602/1/2230 2603/1/2231
f 2601/1/2229 2603/1/2231 2604/1/2232
f 2199/5/1837 2198/5/1836 2605/5/2233
f 2199/5/1837 2605/5/2233 2606/5/2234
f 2604/1/2232 2603/1/2231 2607/1/2235
f 2604/1/2232 2607/1/2235 2608/1/2236
f 2609/1/2237 2608/1/2236 1820/1/1469
f 2609/1/2237 1820/1/1469 1819/1/1468
f 1541/5/1198 1540/5/1197 1550/5/1205
f 1541/5/1198 1550/5/1205 2610/5/2238
f 2611/1/36 1755/1/1405 2602/1/2230
f 2611/1/36 2602/1/2230 2601/1/2229
f 1744/1/1394 1743/1/1393 1755/1/1405
f 1744/1/1394 1755/1/1405 2611/1/36
f 1755/1/1405 1736/1/1387 2612/1/2239
f 1755/1/1405 2612/1/2239 2602/1/2230
f 2602/1/2230 2612/1/2239 2613/1/2240
f 2602/1/2230 2613/1/2240 2603/1/2231
f 2603/1/2231 2613/1/2240 2614/1/2241
f 2603/1/2231 2614/1/2241 2607/1/2235
f 2607/1/2235 2614/1/2241 1800/1/1449
f 2607/1/2235 1800/1/1449 1821/1/1470
f 2615/4/2242 2616/4/2243 2617/4/2244
f 2615/4/2242 2617/4/2244 2618/4/2245
f 2608/1/2236 2607/1/2235 1821/1/1470
f 2608/1/2236 1821/1/1470 1820/1/1469
f 1702/5/1354 2619/5/2246 2620/5/2247
f 1702/5/1354 2620/5/2247 2621/5/2248
f 1528/1/1185 2609/1/2237 1819/1/1468
f 1528/1/1185 1819/1/1468 1529/1/1186
f 1699/5/1351 1698/5/1350 2199/5/1837
f 1699/5/1351 2199/5/1837 2619/5/2246
f 1734/4/1385 1733/4/1384 2622/4/2249
f 1734/4/1385 2622/4/2249 2623/4/2250
f 2623/4/2250 2622/4/2249 1805/4/1454
f 2623/4/2250 1805/4/1454 1804/4/1453
f 1759/5/1408 2624/5/2251 2625/5/2252
f 1759/5/1408 2625/5/2252 2626/5/2253
f 2448/1/2086 2447/1/2085 974/1/667
f 2448/1/2086 974/1/667 973/1/666
f 1736/1/1387 1572/1/1227 1575/1/1230
f 1736/1/1387 1575/1/1230 2612/1/2239
f 1718/4/1369 1717/4/1368 1731/4/1382
f 1718/4/1369 1731/4/1382 1732/4/1383
f 1812/4/1461 1808/4/1457 1810/4/1459
f 1812/4/1461 1810/4/1459 1813/4/1462
f 1731/4/1382 1553/4/1208 2627/4/2254
f 1731/4/1382 2627/4/2254 1733/4/1384
f 1733/4/1384 2627/4/2254 2628/4/2255
f 1733/4/1384 2628/4/2255 2622/4/2249
f 2622/4/2249 2628/4/2255 2629/4/2256
f 2622/4/2249 2629/4/2256 1805/4/1454
f 1805/4/1454 2629/4/2256 1786/4/1435
f 1805/4/1454 1786/4/1435 1803/4/1452
f 2630/1/2257 1527/1/1184 1530/1/1187
f 2630/1/2257 1530/1/1187 2631/1/2258
f 976/1/669 975/1/668 1719/1/1370
f 976/1/669 1719/1/1370 1722/1/1373
f 2614/1/2241 973/1/666 976/1/669
f 2614/1/2241 976/1/669 1800/1/1449
f 2613/1/2240 2448/1/2086 973/1/666
f 2613/1/2240 973/1/666 2614/1/2241
f 2612/1/2239 1575/1/1230 2448/1/2086
f 2612/1/2239 2448/1/2086 2613/1/2240
f 1547/5/1203 1546/5/1202 2632/5/2259
f 1547/5/1203 2632/5/2259 2633/5/2260
f 2618/4/2245 2617/4/2244 2634/4/2261
f 2618/4/2245 2634/4/2261 2635/4/2262
f 2633/5/2260 2632/5/2259 2636/5/2263
f 2633/5/2260 2636/5/2263 2637/5/2264
f 2635/4/2262 2634/4/2261 1789/4/1438
f 2635/4/2262 1789/4/1438 1787/4/1436
f 1553/4/1208 1552/4/1207 2615/4/2242
f 1553/4/1208 2615/4/2242 2627/4/2254
f 1511/4/1169 1510/4/1168 2638/4/2265
f 1511/4/1169 2638/4/2265 1552/4/1207
f 1552/4/1207 2638/4/2265 2616/4/2243
f 1552/4/1207 2616/4/2243 2615/4/2242
f 1758/5/1407 2639/5/2266 2624/5/2251
f 1758/5/1407 2624/5/2251 1759/5/1408
f 1546/5/1202 1707/5/1358 2640/5/2267
f 1546/5/1202 2640/5/2267 2632/5/2259
f 2185/4/1823 2193/4/1831 2200/4/1838
f 2185/4/1823 2200/4/1838 2186/4/1824
f 2640/5/2267 2626/5/2253 2641/5/2268
f 2640/5/2267 2641/5/2268 2642/5/2269
f 1703/5/1355 1702/5/1354 2621/5/2248
f 1703/5/1355 2621/5/2248 2643/5/2270
f 2634/4/2261 2644/4/2271 1790/4/1439
f 2634/4/2261 1790/4/1439 1789/4/1438
f 2629/4/2256 2635/4/2262 1787/4/1436
f 2629/4/2256 1787/4/1436 1786/4/1435
f 2628/4/2255 2618/4/2245 2635/4/2262
f 2628/4/2255 2635/4/2262 2629/4/2256
f 2627/4/2254 2615/4/2242 2618/4/2245
f 2627/4/2254 2618/4/2245 2628/4/2255
f 2645/5/2272 2646/5/2273 1701/5/1353
f 2645/5/2272 1701/5/1353 1700/5/1352
f 2626/5/2253 2625/5/2252 2647/5/2274
f 2626/5/2253 2647/5/2274 2641/5/2268
f 1650/4/1303 1655/4/1308 1613/4/1266
f 1650/4/1303 1613/4/1266 1616/4/1269
f 2631/1/2258 1530/1/1187 1648/1/1301
f 2631/1/2258 1648/1/1301 2503/1/2141
f 1514/5/1171 1537/5/1194 1543/5/1200
f 1514/5/1171 1543/5/1200 1704/5/1356
f 2648/5/2275 1760/5/1409 1517/5/1174
f 2648/5/2275 1517/5/1174 1516/5/1173
f 1725/1/1376 1730/1/1381 1714/1/1365
f 1725/1/1376 1714/1/1365 1713/1/1364
f 1517/5/1174 1541/5/1198 2610/5/2238
f 1517/5/1174 2610/5/2238 1518/5/1175
f 1701/5/1353 1699/5/1351 2619/5/2246
f 1701/5/1353 2619/5/2246 1702/5/1354
f 1522/4/1179 2201/4/1839 1509/4/1167
f 1522/4/1179 1509/4/1167 1508/4/1166
f 2619/5/2246 2199/5/1837 2606/5/2234
f 2619/5/2246 2606/5/2234 2620/5/2247
f 2649/2/2276 2650/2/2277 2651/2/2278
f 2649/2/2276 2651/2/2278 2652/2/2279
f 2644/4/2271 1694/4/1346 1649/4/1302
f 2644/4/2271 1649/4/1302 1790/4/1439
f 2632/5/2259 2640/5/2267 2642/5/2269
f 2632/5/2259 2642/5/2269 2636/5/2263
f 1707/5/1358 1759/5/1408 2626/5/2253
f 1707/5/1358 2626/5/2253 2640/5/2267
f 2253/1/1891 2246/1/2280 2653/1/529
f 2253/1/1891 2653/1/529 2654/1/529
f 2249/1/1887 2248/1/1886 2255/1/1893
f 2249/1/1887 2255/1/1893 2655/1/2281
f 2255/1/1893 2280/1/1917 2279/1/1916
f 2255/1/1893 2279/1/1916 2655/1/2281
f 2210/1/2282 2345/1/2283 2656/1/529
f 2210/1/2282 2656/1/529 2657/1/529
f 2345/1/2283 2348/1/2284 2658/1/529
f 2345/1/2283 2658/1/529 2656/1/529
f 2348/1/2284 2377/1/2015 2659/1/529
f 2348/1/2284 2659/1/529 2658/1/529
f 2377/1/2015 2253/1/1891 2654/1/529
f 2377/1/2015 2654/1/529 2659/1/529
f 1782/4/1431 1781/4/1430 2570/4/2208
f 1782/4/1431 2570/4/2208 2572/4/2210
f 1119/2/9 1113/2/801 25/2/22
f 1119/2/9 25/2/22 24/2/6
f 2660/1/2285 2661/1/2286 1117/1/804
f 2660/1/2285 1117/1/804 1031/1/720
f 1111/1/799 1110/1/798 1117/1/804
f 1111/1/799 1117/1/804 2661/1/2286
f 1031/1/720 1030/1/719 1118/1/805
f 1031/1/720 1118/1/805 2660/1/2285
f 1115/2/802 25/2/22 1113/2/801
f 1115/2/802 1113/2/801 19/2/17
f 2662/1/2287 1014/1/705 1013/1/704
f 2662/1/2287 1013/1/704 2663/1/2288
f 2664/2/2289 1300/2/965 1299/2/964
f 2664/2/2289 1299/2/964 2665/2/2290
f 1015/2/706 1008/2/700 2666/2/703
f 1015/2/706 2666/2/703 2667/2/2291
f 1008/2/700 1007/2/697 2668/2/2292
f 1008/2/700 2668/2/2292 2666/2/703
f 1016/2/707 1015/2/706 2667/2/2291
f 1016/2/707 2667/2/2291 2669/2/2293
f 1307/2/972 1306/2/971 2670/2/2294
f 1307/2/972 2670/2/2294 2671/2/2295
f 1314/2/979 1311/2/976 2672/2/2296
f 1314/2/979 2672/2/2296 2673/2/2297
f 1311/2/976 1307/2/972 2671/2/2295
f 1311/2/976 2671/2/2295 2672/2/2296
f 2671/2/2295 2670/2/2294 2674/2/2298
f 2671/2/2295 2674/2/2298 2675/2/2299
f 2673/2/2297 2672/2/2296 2676/2/2300
f 2673/2/2297 2676/2/2300 2677/2/2301
f 2672/2/2296 2671/2/2295 2675/2/2299
f 2672/2/2296 2675/2/2299 2676/2/2300
f 1290/2/956 1287/2/954 1272/2/942
f 1290/2/956 1272/2/942 1280/2/948
f 1286/2/953 1285/2/952 2678/2/2302
f 1286/2/953 2678/2/2302 1315/2/980
f 1287/2/954 1286/2/953 1273/2/943
f 1287/2/954 1273/2/943 1272/2/942
f 2679/2/23 1276/2/946 1300/2/965
f 2679/2/23 1300/2/965 2664/2/2289
f 1276/2/946 2679/2/23 2680/2/25
f 1276/2/946 2680/2/25 1277/2/937
f 1293/2/959 1300/2/965 1276/2/946
f 1293/2/959 1276/2/946 1275/2/945
f 1333/2/998 1332/2/997 1336/2/1000
f 1333/2/998 1336/2/1000 1353/2/1015
f 1357/2/1019 1333/2/998 1353/2/1015
f 1357/2/1019 1353/2/1015 1354/2/1016
f 1337/2/1001 1332/2/997 1331/2/996
f 1337/2/1001 1331/2/996 2681/2/2303
f 1321/2/986 1344/2/1008 1343/2/1007
f 1321/2/986 1343/2/1007 2124/2/1770
f 1322/2/987 1321/2/986 2124/2/1770
f 1322/2/987 2124/2/1770 2123/2/1769
f 1345/2/1009 1344/2/1008 2682/2/2304
f 1345/2/1009 2682/2/2304 2683/2/2305
f 1029/2/715 1028/2/718 994/2/687
f 1029/2/715 994/2/687 993/2/686
f 1028/2/718 1035/2/723 1622/2/1275
f 1028/2/718 1622/2/1275 994/2/687
f 2684/2/2306 1622/2/1275 1035/2/723
f 2684/2/2306 1035/2/723 2685/2/2307
f 1038/1/726 1076/1/764 1078/1/766
f 1038/1/726 1078/1/766 1065/1/753
f 2686/2/2308 2687/2/2309 2688/2/2310
f 2686/2/2308 2688/2/2310 2689/2/2311
f 2119/2/1765 2118/2/1764 2112/2/1760
f 2119/2/1765 2112/2/1760 2690/2/2312
f 2691/2/2313 2686/2/2308 2689/2/2311
f 2691/2/2313 2689/2/2311 2692/2/2314
f 2687/2/2309 2118/2/1764 2117/2/1763
f 2687/2/2309 2117/2/1763 2688/2/2310
f 2074/2/1723 2113/2/1761 2687/2/2309
f 2074/2/1723 2687/2/2309 2686/2/2308
f 2690/2/2312 2112/2/1760 2111/2/1759
f 2690/2/2312 2111/2/1759 2693/2/1762
f 2075/2/1724 2074/2/1723 2686/2/2308
f 2075/2/1724 2686/2/2308 2691/2/2313
f 2113/2/1761 2112/2/1760 2118/2/1764
f 2113/2/1761 2118/2/1764 2687/2/2309
f 2104/2/1753 2103/2/1752 31/2/27
f 2104/2/1753 31/2/27 30/2/26
f 2694/2/2315 2695/2/2316 2696/2/2317
f 2694/2/2315 2696/2/2317 2697/2/2318
f 2694/2/2315 2103/2/1752 2102/2/1751
f 2694/2/2315 2102/2/1751 2698/2/2319
f 2697/2/2318 31/2/27 2103/2/1752
f 2697/2/2318 2103/2/1752 2694/2/2315
f 1067/1/755 1071/1/759 1074/1/762
f 1067/1/755 1074/1/762 1037/1/725
f 35/1/31 2699/1/1772 2130/1/1771
f 35/1/31 2130/1/1771 2129/1/1763
f 1002/1/695 1001/1/694 1022/1/713
f 1002/1/695 1022/1/713 1021/1/712
f 2109/1/1751 2108/1/1757 2134/1/1777
f 2109/1/1751 2134/1/1777 2700/1/2320
f 2108/1/1757 2114/1/1759 2135/1/1758
f 2108/1/1757 2135/1/1758 2134/1/1777
f 14/1/14 1006/1/699 1458/1/1117
f 14/1/14 1458/1/1117 12/1/12
f 2254/1/1892 2260/1/1898 2280/1/1917
f 2254/1/1892 2280/1/1917 2255/1/1893
f 2701/2/2321 2702/2/1407 2703/2/2322
f 2701/2/2321 2703/2/2322 2704/2/2323
f 2705/2/1195 2706/2/1409 2707/2/1296
f 2705/2/1195 2707/2/1296 2708/2/2324
f 2708/2/2324 2709/2/1336 2710/2/1196
f 2708/2/2324 2710/2/1196 2705/2/1195
f 2711/2/1330 2712/2/2325 2713/2/2326
f 2711/2/1330 2713/2/2326 2714/2/1192
f 2715/2/2327 2716/2/2328 2717/2/2329
f 2715/2/2327 2717/2/2329 2718/2/2330
f 2719/2/2260 2720/2/2264 2721/2/2261
f 2719/2/2260 2721/2/2261 2722/2/2244
f 2723/2/2331 2724/2/1821 2725/2/2332
f 2723/2/2331 2725/2/2332 2726/2/1830
f 2727/2/1829 2728/2/1803 2729/2/1817
f 2727/2/1829 2729/2/1817 2730/2/2333
f 2726/2/1830 2731/2/1403 2732/2/2334
f 2726/2/1830 2732/2/2334 2723/2/2331
f 2733/2/1163 42/2/38 44/2/40
f 2733/2/1163 44/2/40 2734/2/1839
f 2735/2/1191 2736/2/1170 2737/2/1165
f 2735/2/1191 2737/2/1165 2738/2/1359
f 2738/2/1359 2711/2/1330 2714/2/1192
f 2738/2/1359 2714/2/1192 2735/2/1191
f 2739/2/1297 2707/2/1296 2706/2/1409
f 2739/2/1297 2706/2/1409 2740/2/2335
f 2741/2/1389 45/2/41 47/2/43
f 2741/2/1389 47/2/43 2742/2/1335
f 2743/2/2336 2744/2/2337 2745/2/2338
f 2743/2/2336 2745/2/2338 2746/2/1306
f 2747/2/1348 2649/2/2276 2652/2/2279
f 2747/2/1348 2652/2/2279 2748/2/2339
f 2748/2/2339 2749/2/1205 2750/2/1349
f 2748/2/2339 2750/2/1349 2747/2/1348
f 2724/2/1821 2751/2/1820 2752/2/2340
f 2724/2/1821 2752/2/2340 2725/2/2332
f 2753/2/1201 37/2/33 36/2/32
f 2753/2/1201 36/2/32 2754/2/1356
f 2755/2/1346 2756/2/2341 2757/2/2263
f 2755/2/1346 2757/2/2263 2758/2/2342
f 2758/2/2342 2743/2/2336 2746/2/1306
f 2758/2/2342 2746/2/1306 2755/2/1346
f 2759/2/1182 2732/2/2334 2731/2/1403
f 2759/2/1182 2731/2/1403 2760/2/1402
f 2761/2/2343 2762/2/1798 2763/2/1397
f 2761/2/2343 2763/2/1397 2764/2/1400
f 2765/2/2270 2766/2/2344 2767/2/1184
f 2765/2/2270 2767/2/1184 2768/2/2345
f 2769/2/2229 2770/2/2232 2771/2/1836
f 2769/2/2229 2771/2/1836 2772/2/1406
f 37/2/33 2773/2/1203 2774/2/2346
f 37/2/33 2774/2/2346 38/2/34
f 38/2/34 2775/2/1168 2776/2/2347
f 38/2/34 2776/2/2347 36/2/32
f 2720/2/2264 2757/2/2263 2756/2/2341
f 2720/2/2264 2756/2/2341 2721/2/2261
f 2764/2/1400 2741/2/1389 2742/2/1335
f 2764/2/1400 2742/2/1335 2761/2/2343
f 2709/2/1336 47/2/43 46/2/42
f 2709/2/1336 46/2/42 2710/2/1196
f 2777/2/1200 2703/2/2322 2702/2/1407
f 2777/2/1200 2702/2/1407 2778/2/2348
f 2778/2/2348 2753/2/1201 2754/2/1356
f 2778/2/2348 2754/2/1356 2777/2/1200
f 2779/2/2247 2715/2/2327 2718/2/2330
f 2779/2/2247 2718/2/2330 2780/2/1185
f 2780/2/1185 2767/2/1184 2766/2/2344
f 2780/2/1185 2766/2/2344 2779/2/2247
f 2781/2/1183 2759/2/1182 2760/2/1402
f 2781/2/1183 2760/2/1402 2782/2/1404
f 2782/2/1404 2733/2/1163 2734/2/1839
f 2782/2/1404 2734/2/1839 2781/2/1183
f 42/2/38 2737/2/1165 2736/2/1170
f 42/2/38 2736/2/1170 43/2/39
f 43/2/39 2776/2/2347 2775/2/1168
f 43/2/39 2775/2/1168 44/2/40
f 45/2/41 2783/2/1394 2784/2/1204
f 45/2/41 2784/2/1204 46/2/42
f 2773/2/1203 2719/2/2260 2722/2/2244
f 2773/2/1203 2722/2/2244 2774/2/2346
f 2749/2/1205 39/2/35 41/2/37
f 2749/2/1205 41/2/37 2750/2/1349
f 40/2/36 2769/2/2229 2772/2/1406
f 40/2/36 2772/2/1406 41/2/37
f 2770/2/2232 2717/2/2329 2716/2/2328
f 2770/2/2232 2716/2/2328 2771/2/1836
f 39/2/35 2784/2/1204 2783/2/1394
f 39/2/35 2783/2/1394 40/2/36
f 2785/2/1802 2786/2/1398 2787/2/2349
f 2785/2/1802 2787/2/2349 2788/2/1804
f 2786/2/1398 2763/2/1397 2762/2/1798
f 2786/2/1398 2762/2/1798 2787/2/2349
f 2788/2/1804 2729/2/1817 2728/2/1803
f 2788/2/1804 2728/2/1803 2785/2/1802
f 2646/5/2273 1696/5/1348 1699/5/1351
f 2646/5/2273 1699/5/1351 1701/5/1353
f 2789/2/2350 2790/2/2351 2791/2/2140
f 2789/2/2350 2791/2/2140 2792/2/2139
f 2793/2/2352 2794/2/2353 2795/2/667
f 2793/2/2352 2795/2/667 2796/2/2354
f 2797/2/2355 2795/2/667 2794/2/2353
f 2797/2/2355 2794/2/2353 2798/2/2356
f 2799/2/1259 2800/2/1250 2801/2/2357
f 2799/2/1259 2801/2/2357 2802/2/2358
f 2798/2/2356 2803/2/2359 2804/2/1370
f 2798/2/2356 2804/2/1370 2797/2/2355
f 2805/2/2360 2806/2/1274 2807/2/2361
f 2805/2/2360 2807/2/2361 2808/2/1234
f 2809/2/1265 2810/2/2362 2811/2/1246
f 2809/2/1265 2811/2/1246 2812/2/1159
f 2808/2/1234 2813/2/1120 2814/2/1260
f 2808/2/1234 2814/2/1260 2805/2/2360
f 2812/2/1159 2815/2/1158 2816/2/1119
f 2812/2/1159 2816/2/1119 2809/2/1265
f 2790/2/2351 2817/2/1267 2818/2/2363
f 2790/2/2351 2818/2/2363 2791/2/2140
f 2819/2/2364 2820/2/2365 2821/2/2366
f 2819/2/2364 2821/2/2366 2822/2/2367
f 2823/2/649 2824/2/655 2825/2/652
f 2823/2/649 2825/2/652 2826/2/651
f 2827/2/2368 2828/2/1145 2829/2/657
f 2827/2/2368 2829/2/657 2830/2/1140
f 2831/2/2369 2818/2/2363 2817/2/1267
f 2831/2/2369 2817/2/1267 2832/2/2370
f 2833/2/1818 2834/2/2371 2835/2/1328
f 2833/2/1818 2835/2/1328 2836/2/2372
f 2837/2/2373 2838/2/2374 2839/2/1661
f 2837/2/2373 2839/2/1661 2840/2/2375
f 2830/2/1140 2841/2/2376 2842/2/1688
f 2830/2/1140 2842/2/1688 2827/2/2368
f 2843/2/1310 2789/2/2350 2792/2/2139
f 2843/2/1310 2792/2/2139 2844/2/2128
f 2844/2/2128 2845/2/2377 2846/2/1311
f 2844/2/2128 2846/2/1311 2843/2/1310
f 1555/2/1210 1558/2/1213 1491/2/1150
f 1555/2/1210 1491/2/1150 1490/2/1149
f 1577/2/1232 1559/2/1214 1562/2/1217
f 1577/2/1232 1562/2/1217 1925/2/1574
f 2847/2/2378 2848/2/1578 2849/2/2379
f 2847/2/2378 2849/2/2379 2850/2/1446
f 2851/2/2380 2852/2/1714 2853/2/1686
f 2851/2/2380 2853/2/1686 2854/2/1541
f 2806/2/1274 2855/2/2381 2856/2/1717
f 2806/2/1274 2856/2/1717 2807/2/2361
f 2857/2/1540 2847/2/2378 2850/2/1446
f 2857/2/1540 2850/2/1446 2858/2/2382
f 2859/2/2383 2860/2/2384 2861/2/1580
f 2859/2/2383 2861/2/1580 2862/2/676
f 2858/2/2382 2851/2/2380 2854/2/1541
f 2858/2/2382 2854/2/1541 2857/2/1540
f 2863/2/2385 2864/2/2386 2865/2/1808
f 2863/2/2385 2865/2/1808 2866/2/2387
f 2864/2/2386 2867/2/1819 2868/2/2388
f 2864/2/2386 2868/2/2388 2865/2/1808
f 2869/2/2079 2870/2/2082 2871/2/2389
f 2869/2/2079 2871/2/2389 2872/2/1475
f 2866/2/2387 2873/2/658 2874/2/2390
f 2866/2/2387 2874/2/2390 2863/2/2385
f 2828/2/1145 2874/2/2390 2873/2/658
f 2828/2/1145 2873/2/658 2829/2/657
f 2875/2/1253 2876/2/1237 2877/2/1219
f 2875/2/1253 2877/2/1219 2878/2/2391
f 2876/2/1237 1590/2/1243 1587/2/1220
f 2876/2/1237 1587/2/1220 2877/2/1219
f 2862/2/676 2825/2/652 2824/2/655
f 2862/2/676 2824/2/655 2859/2/2383
f 2878/2/2391 2801/2/2357 2800/2/1250
f 2878/2/2391 2800/2/1250 2875/2/1253
f 2820/2/2365 2879/2/1369 2880/2/2392
f 2820/2/2365 2880/2/2392 2821/2/2366
f 2881/2/2087 2869/2/2079 2872/2/1475
f 2881/2/2087 2872/2/1475 2882/2/1474
f 2883/2/2088 2884/2/2393 2885/2/1338
f 2883/2/2088 2885/2/1338 2886/2/664
f 2887/2/2118 2888/2/2117 2889/2/2394
f 2887/2/2118 2889/2/2394 2890/2/1461
f 2891/2/2395 2793/2/2352 2796/2/2354
f 2891/2/2395 2796/2/2354 2892/2/1229
f 2882/2/1474 2849/2/2379 2848/2/1578
f 2882/2/1474 2848/2/1578 2881/2/2087
f 2810/2/2362 2799/2/1259 2802/2/2358
f 2810/2/2362 2802/2/2358 2811/2/1246
f 2886/2/664 2893/2/646 2894/2/2396
f 2886/2/664 2894/2/2396 2883/2/2088
f 1558/2/1213 1562/2/1217 1559/2/1214
f 1558/2/1213 1559/2/1214 1491/2/1150
f 2813/2/1120 2816/2/1119 2815/2/1158
f 2813/2/1120 2815/2/1158 2814/2/1260
f 2895/2/2397 2831/2/2369 2832/2/2370
f 2895/2/2397 2832/2/2370 2896/2/2398
f 2888/2/2117 2897/2/2399 2898/2/2400
f 2888/2/2117 2898/2/2400 2889/2/2394
f 2899/2/2401 2839/2/1661 2838/2/2374
f 2899/2/2401 2838/2/2374 2900/2/1671
f 2900/2/1671 2901/2/1684 2902/2/2402
f 2900/2/1671 2902/2/2402 2899/2/2401
f 2901/2/1684 2903/2/2403 2904/2/2404
f 2901/2/1684 2904/2/2404 2902/2/2402
f 2852/2/1714 2842/2/1688 2841/2/2376
f 2852/2/1714 2841/2/2376 2853/2/1686
f 2855/2/2381 2905/2/2405 2906/2/2406
f 2855/2/2381 2906/2/2406 2856/2/1717
f 2845/2/2377 2907/2/2407 2908/2/2408
f 2845/2/2377 2908/2/2408 2846/2/1311
f 2909/2/2409 2891/2/2395 2892/2/1229
f 2909/2/2409 2892/2/1229 2910/2/2410
f 2910/2/2410 2880/2/2392 2879/2/1369
f 2910/2/2410 2879/2/1369 2909/2/2409
f 2907/2/2407 2911/2/2116 2912/2/2411
f 2907/2/2407 2912/2/2411 2908/2/2408
f 1571/2/1226 1555/2/1210 1490/2/1149
f 1571/2/1226 1490/2/1149 1602/2/1255
f 1590/2/1243 1568/2/1223 1588/2/1241
f 1590/2/1243 1588/2/1241 1587/2/1220
f 1602/2/1255 1588/2/1241 1568/2/1223
f 1602/2/1255 1568/2/1223 1571/2/1226
f 2913/2/2412 2819/2/2364 2822/2/2367
f 2913/2/2412 2822/2/2367 2914/2/2413
f 2803/2/2359 2898/2/2400 2897/2/2399
f 2803/2/2359 2897/2/2399 2804/2/1370
f 2915/2/2414 2916/2/2415 2917/2/2416
f 2915/2/2414 2917/2/2416 2918/2/2417
f 2893/2/646 2823/2/649 2826/2/651
f 2893/2/646 2826/2/651 2894/2/2396
f 2870/2/2082 2885/2/1338 2884/2/2393
f 2870/2/2082 2884/2/2393 2871/2/2389
f 2919/2/2115 2887/2/2118 2890/2/1461
f 2919/2/2115 2890/2/1461 2920/2/1460
f 2920/2/1460 2912/2/2411 2911/2/2116
f 2920/2/1460 2911/2/2116 2919/2/2115
f 2860/2/2384 2837/2/2373 2840/2/2375
f 2860/2/2384 2840/2/2375 2861/2/1580
f 2921/2/1669 2904/2/2404 2903/2/2403
f 2921/2/1669 2903/2/2403 2922/2/2418
f 2914/2/2413 2906/2/2406 2905/2/2405
f 2914/2/2413 2905/2/2405 2913/2/2412
f 2701/2/2321 2704/2/2323 2651/2/2278
f 2701/2/2321 2651/2/2278 2650/2/2277
f 2727/2/1829 2730/2/2333 2752/2/2340
f 2727/2/1829 2752/2/2340 2751/2/1820
f 2739/2/1297 2740/2/2335 2713/2/2326
f 2739/2/1297 2713/2/2326 2712/2/2325
f 2765/2/2270 2768/2/2345 2745/2/2338
f 2765/2/2270 2745/2/2338 2744/2/2337
f 2918/2/2417 2701/2/2321 2650/2/2277
f 2918/2/2417 2650/2/2277 2915/2/2414
f 2704/2/2323 2923/2/2419 2924/2/2420
f 2704/2/2323 2924/2/2420 2651/2/2278
f 2740/2/2335 2924/2/2420 2923/2/2419
f 2740/2/2335 2923/2/2419 2713/2/2326
f 2834/2/2371 2739/2/1297 2712/2/2325
f 2834/2/2371 2712/2/2325 2835/2/1328
f 2730/2/2333 2833/2/1818 2836/2/2372
f 2730/2/2333 2836/2/2372 2752/2/2340
f 2867/2/1819 2727/2/1829 2751/2/1820
f 2867/2/1819 2751/2/1820 2868/2/2388
f 2916/2/2415 2765/2/2270 2744/2/2337
f 2916/2/2415 2744/2/2337 2917/2/2416
f 2768/2/2345 2895/2/2397 2896/2/2398
f 2768/2/2345 2896/2/2398 2745/2/2338
f 2491/4/2129 1811/4/1460 1814/4/1463
f 2491/4/2129 1814/4/1463 2487/4/2125
f 2925/2/1962 2926/2/1959 2927/2/2421
f 2925/2/1962 2927/2/2421 2928/2/1963
f 2928/2/1963 2929/2/2422 2930/2/1912
f 2928/2/1963 2930/2/1912 2925/2/1962
f 2931/2/2423 2930/2/1912 2929/2/2422
f 2931/2/2423 2929/2/2422 2932/2/2424
f 2932/2/2424 2933/2/2425 2934/2/2426
f 2932/2/2424 2934/2/2426 2931/2/2423
f 2935/2/2427 2936/2/1936 2937/2/2428
f 2935/2/2427 2937/2/2428 2938/2/2429
f 2939/2/2430 52/2/2431 51/2/1958
f 2939/2/2430 51/2/1958 2940/2/1957
f 2936/2/1936 2941/2/1935 2942/2/1926
f 2936/2/1936 2942/2/1926 2937/2/2428
f 2926/2/1959 2943/2/2432 2944/2/1928
f 2926/2/1959 2944/2/1928 2927/2/2421
f 2945/2/2433 2946/2/1952 2947/2/1950
f 2945/2/2433 2947/2/1950 2948/2/1974
f 2948/2/1974 2939/2/2430 2940/2/1957
f 2948/2/1974 2940/2/1957 2945/2/2433
f 2943/2/2432 2947/2/1950 2946/2/1952
f 2943/2/2432 2946/2/1952 2944/2/1928
f 2949/2/1997 2935/2/2427 2938/2/2429
f 2949/2/1997 2938/2/2429 2950/2/1941
f 2950/2/1941 2951/2/2007 2952/2/1998
f 2950/2/1941 2952/2/1998 2949/2/1997
f 2933/2/2425 2953/2/1993 2954/2/2434
f 2933/2/2425 2954/2/2434 2934/2/2426
f 2955/2/2435 2942/2/1926 2941/2/1935
f 2955/2/2435 2941/2/1935 2956/2/2436
f 2956/2/2436 49/2/1940 48/2/2437
f 2956/2/2436 48/2/2437 2955/2/2435
f 2953/2/1993 2952/2/1998 2951/2/2007
f 2953/2/1993 2951/2/2007 2954/2/2434
f 2317/1/1955 2327/1/1965 2335/1/1973
f 2317/1/1955 2335/1/1973 2336/1/1974
f 2957/4/2438 2958/4/2439 2959/4/2440
f 2957/4/2438 2959/4/2440 2960/4/2441
f 2961/1/2442 2962/1/2443 2963/1/2444
f 2961/1/2442 2963/1/2444 2964/1/2445
f 2958/4/2439 2965/4/2446 2966/4/2447
f 2958/4/2439 2966/4/2447 2959/4/2440
f 2967/4/2448 2968/4/2449 2969/4/2450
f 2967/4/2448 2969/4/2450 2970/4/2451
f 2971/1/2452 2972/1/2453 2973/1/2454
f 2971/1/2452 2973/1/2454 2974/1/2455
f 2975/4/2456 2957/4/2438 2960/4/2441
f 2975/4/2456 2960/4/2441 2976/4/2457
f 2977/1/2458 2978/1/2459 2979/1/2460
f 2977/1/2458 2979/1/2460 2980/1/2461
f 2976/4/2457 2960/4/2441 2981/4/2462
f 2976/4/2457 2981/4/2462 2982/4/2463
f 2960/4/2441 2959/4/2440 2983/4/2464
f 2960/4/2441 2983/4/2464 2981/4/2462
f 2959/4/2440 2966/4/2447 2984/4/2465
f 2959/4/2440 2984/4/2465 2983/4/2464
f 2966/4/2447 2985/4/2466 2986/4/2467
f 2966/4/2447 2986/4/2467 2984/4/2465
f 2962/1/2443 2987/1/2468 2988/1/2469
f 2962/1/2443 2988/1/2469 2963/1/2444
f 2989/1/2470 2990/1/2471 2991/1/2472
f 2989/1/2470 2991/1/2472 2992/1/2473
f 2993/1/2474 2994/1/2475 2987/1/2468
f 2993/1/2474 2987/1/2468 2962/1/2443
f 2995/1/2476 2993/1/2474 2962/1/2443
f 2995/1/2476 2962/1/2443 2961/1/2442
f 2972/1/2453 2995/1/2476 2961/1/2442
f 2972/1/2453 2961/1/2442 2973/1/2454
f 2996/2/2477 2997/2/2478 2998/2/2479
f 2996/2/2477 2998/2/2479 2999/2/2480
f 3000/2/2481 3001/2/2482 3002/2/2483
f 3000/2/2481 3002/2/2483 3003/2/2484
f 3004/1/2485 3005/1/2486 3006/1/2487
f 3004/1/2485 3006/1/2487 3007/1/2488
f 3008/1/2489 66/1/62 3009/1/2490
f 3008/1/2489 3009/1/2490 3010/1/2491
f 3011/2/2489 3012/2/2491 3013/2/2492
f 3011/2/2489 3013/2/2492 3014/2/2493
f 3015/1/2494 3016/1/2495 3017/1/2496
f 3015/1/2494 3017/1/2496 3018/1/2497
f 3002/2/2483 3019/2/2498 3014/2/2493
f 3002/2/2483 3014/2/2493 3013/2/2492
f 3002/2/2483 3001/2/2482 3020/2/2499
f 3002/2/2483 3020/2/2499 3019/2/2498
f 3021/1/2500 3005/1/2486 3004/1/2485
f 3021/1/2500 3004/1/2485 3022/1/2501
f 3012/2/2491 3023/2/2502 3024/2/2503
f 3012/2/2491 3024/2/2503 3013/2/2492
f 3025/1/2504 76/1/71 3026/1/2505
f 3025/1/2504 3026/1/2505 3027/1/2506
f 3028/1/2507 3029/1/2508 3025/1/2504
f 3028/1/2507 3025/1/2504 3006/1/2487
f 3030/2/2509 3031/2/2508 3032/2/2510
f 3030/2/2509 3032/2/2510 3033/2/2511
f 3034/1/2512 3035/1/2511 3036/1/2513
f 3034/1/2512 3036/1/2513 3037/1/2514
f 3033/2/2511 3032/2/2510 3038/2/2515
f 3033/2/2511 3038/2/2515 3039/2/2516
f 3040/1/2517 3041/1/2518 3042/1/2519
f 3040/1/2517 3042/1/2519 3043/1/2520
f 3044/4/2521 3045/4/2522 3046/4/2523
f 3044/4/2521 3046/4/2523 3047/4/2524
f 3047/4/2524 3046/4/2523 3048/4/2525
f 3047/4/2524 3048/4/2525 3049/4/2526
f 3045/4/2522 3050/4/2527 3051/4/2528
f 3045/4/2522 3051/4/2528 3046/4/2523
f 3046/4/2523 3051/4/2528 3052/4/2529
f 3046/4/2523 3052/4/2529 3048/4/2525
f 1049/4/737 3053/4/2530 3044/4/2521
f 1049/4/737 3044/4/2521 1050/4/738
f 1050/4/738 3044/4/2521 3047/4/2524
f 1050/4/738 3047/4/2524 1052/4/740
f 1052/4/740 3047/4/2524 3049/4/2526
f 1052/4/740 3049/4/2526 1053/4/741
f 1053/4/741 3049/4/2526 3054/4/2531
f 1053/4/741 3054/4/2531 1054/4/742
f 3049/4/2526 3048/4/2525 3055/4/2532
f 3049/4/2526 3055/4/2532 3054/4/2531
f 3048/4/2525 3052/4/2529 3056/4/2533
f 3048/4/2525 3056/4/2533 3055/4/2532
f 3052/4/2529 3057/4/2534 3058/4/2535
f 3052/4/2529 3058/4/2535 3056/4/2533
f 3051/4/2528 3059/4/2536 3057/4/2534
f 3051/4/2528 3057/4/2534 3052/4/2529
f 3050/4/2527 3060/4/2537 3059/4/2536
f 3050/4/2527 3059/4/2536 3051/4/2528
f 3061/4/2538 3062/4/2539 3060/4/2537
f 3061/4/2538 3060/4/2537 3050/4/2527
f 3063/4/2540 3061/4/2538 3050/4/2527
f 3063/4/2540 3050/4/2527 3045/4/2522
f 3053/4/2530 3063/4/2540 3045/4/2522
f 3053/4/2530 3045/4/2522 3044/4/2521
f 3041/1/2518 3064/1/2541 3065/1/2542
f 3041/1/2518 3065/1/2542 3042/1/2519
f 1067/1/755 1068/1/756 3040/1/2517
f 1067/1/755 3040/1/2517 3043/1/2520
f 1069/1/757 3066/1/2543 3040/1/2517
f 1069/1/757 3040/1/2517 1068/1/756
f 3064/1/2541 3004/1/2485 3007/1/2488
f 3064/1/2541 3007/1/2488 3065/1/2542
f 1071/1/759 3067/1/2544 3068/1/2545
f 1071/1/759 3068/1/2545 1072/1/760
f 3067/1/2544 3069/1/2546 3070/1/2547
f 3067/1/2544 3070/1/2547 3068/1/2545
f 3069/1/2546 3071/1/2548 3072/1/2549
f 3069/1/2546 3072/1/2549 3070/1/2547
f 3071/1/2548 3027/1/2506 3026/1/2505
f 3071/1/2548 3026/1/2505 3072/1/2549
f 3073/4/2550 3074/4/2551 3075/4/2552
f 3073/4/2550 3075/4/2552 3076/4/2553
f 3077/1/2554 3022/1/2501 3004/1/2485
f 3077/1/2554 3004/1/2485 3064/1/2541
f 3078/1/2555 3077/1/2554 3064/1/2541
f 3078/1/2555 3064/1/2541 3041/1/2518
f 3066/1/2543 3078/1/2555 3041/1/2518
f 3066/1/2543 3041/1/2518 3040/1/2517
f 3079/4/2556 3080/4/2557 3081/4/2558
f 3079/4/2556 3081/4/2558 3082/4/2559
f 3082/4/2559 3081/4/2558 3083/4/2560
f 3082/4/2559 3083/4/2560 3084/4/2561
f 3080/4/2557 3085/4/2562 3086/4/2563
f 3080/4/2557 3086/4/2563 3081/4/2558
f 3081/4/2558 3086/4/2563 3087/4/2564
f 3081/4/2558 3087/4/2564 3083/4/2560
f 1094/4/782 1096/4/784 3079/4/2556
f 1094/4/782 3079/4/2556 3088/4/2565
f 3088/4/2565 3079/4/2556 3082/4/2559
f 3088/4/2565 3082/4/2559 3089/4/2566
f 3089/4/2566 3082/4/2559 3084/4/2561
f 3089/4/2566 3084/4/2561 3090/4/2567
f 3090/4/2567 3084/4/2561 3091/4/2568
f 3090/4/2567 3091/4/2568 3092/4/2569
f 3084/4/2561 3083/4/2560 3093/4/2570
f 3084/4/2561 3093/4/2570 3091/4/2568
f 3083/4/2560 3087/4/2564 3094/4/2571
f 3083/4/2560 3094/4/2571 3093/4/2570
f 3087/4/2564 3095/4/2572 3096/4/2573
f 3087/4/2564 3096/4/2573 3094/4/2571
f 3086/4/2563 3097/4/2574 3095/4/2572
f 3086/4/2563 3095/4/2572 3087/4/2564
f 3085/4/2562 3098/4/2575 3097/4/2574
f 3085/4/2562 3097/4/2574 3086/4/2563
f 1107/4/795 1108/4/796 3098/4/2575
f 1107/4/795 3098/4/2575 3085/4/2562
f 1109/4/797 1107/4/795 3085/4/2562
f 1109/4/797 3085/4/2562 3080/4/2557
f 1096/4/784 1109/4/797 3080/4/2557
f 1096/4/784 3080/4/2557 3079/4/2556
f 3099/1/2576 3100/1/2577 54/1/50
f 3099/1/2576 54/1/50 3101/1/2578
f 71/2/66 70/2/52 69/2/65
f 71/2/66 69/2/65 3102/2/2579
f 3103/2/2578 72/2/67 71/2/66
f 3103/2/2578 71/2/66 3104/2/2580
f 3105/1/2581 3099/1/2576 3106/1/2582
f 3105/1/2581 3106/1/2582 3037/1/2514
f 3034/1/2512 3107/1/2583 75/1/70
f 3034/1/2512 75/1/70 76/1/71
f 76/1/71 57/1/53 59/1/55
f 76/1/71 59/1/55 3026/1/2505
f 3102/2/2579 69/2/65 3108/2/2584
f 3102/2/2579 3108/2/2584 3109/2/58
f 69/2/65 68/2/64 74/2/69
f 69/2/65 74/2/69 3108/2/2584
f 55/1/51 3110/1/2585 60/1/56
f 55/1/51 60/1/56 56/1/52
f 3111/1/2586 3112/1/2587 3110/1/2585
f 3111/1/2586 3110/1/2585 55/1/51
f 3100/1/2577 3111/1/2586 55/1/51
f 3100/1/2577 55/1/51 54/1/50
f 3113/1/2588 3114/1/2589 3115/1/2590
f 3113/1/2588 3115/1/2590 3116/1/2591
f 3116/1/2591 3115/1/2590 3117/1/2592
f 3116/1/2591 3117/1/2592 63/1/59
f 3118/2/2589 3119/2/2593 3120/2/2594
f 3118/2/2589 3120/2/2594 3121/2/2595
f 3121/2/2595 3120/2/2594 3122/2/2596
f 3121/2/2595 3122/2/2596 3123/2/2592
f 3112/1/2587 3124/1/2597 3113/1/2588
f 3112/1/2587 3113/1/2588 3110/1/2585
f 3110/1/2585 3113/1/2588 3116/1/2591
f 3110/1/2585 3116/1/2591 60/1/56
f 60/1/56 3116/1/2591 63/1/59
f 60/1/56 63/1/59 61/1/57
f 63/1/59 3117/1/2592 3125/1/2598
f 63/1/59 3125/1/2598 64/1/60
f 3123/2/2592 3122/2/2596 3126/2/2599
f 3123/2/2592 3126/2/2599 3127/2/2598
f 3122/2/2596 3128/2/2600 3129/2/2601
f 3122/2/2596 3129/2/2601 3126/2/2599
f 3120/2/2594 3130/2/2602 3128/2/2600
f 3120/2/2594 3128/2/2600 3122/2/2596
f 3119/2/2593 3131/2/2603 3130/2/2602
f 3119/2/2593 3130/2/2602 3120/2/2594
f 3132/2/2604 3133/2/2605 3131/2/2603
f 3132/2/2604 3131/2/2603 3119/2/2593
f 3134/2/2606 3132/2/2604 3119/2/2593
f 3134/2/2606 3119/2/2593 3118/2/2589
f 3124/1/2597 3135/1/2606 3114/1/2589
f 3124/1/2597 3114/1/2589 3113/1/2588
f 3136/4/2607 3137/4/2608 3138/4/2609
f 3136/4/2607 3138/4/2609 3139/4/2610
f 3139/4/2610 3138/4/2609 3140/4/2611
f 3139/4/2610 3140/4/2611 3141/4/2612
f 3142/2/2608 3143/2/2613 3144/2/2614
f 3142/2/2608 3144/2/2614 3145/2/2609
f 3145/2/2609 3144/2/2614 3146/2/2615
f 3145/2/2609 3146/2/2615 3147/2/2611
f 1108/4/796 1159/4/839 3136/4/2607
f 1108/4/796 3136/4/2607 3098/4/2575
f 3098/4/2575 3136/4/2607 3139/4/2610
f 3098/4/2575 3139/4/2610 3097/4/2574
f 3097/4/2574 3139/4/2610 3141/4/2612
f 3097/4/2574 3141/4/2612 3095/4/2572
f 3095/4/2572 3141/4/2612 3148/4/2616
f 3095/4/2572 3148/4/2616 3096/4/2573
f 3141/4/2612 3140/4/2611 3149/4/2617
f 3141/4/2612 3149/4/2617 3148/4/2616
f 3147/2/2611 3146/2/2615 3150/2/2618
f 3147/2/2611 3150/2/2618 3151/2/2619
f 3146/2/2615 3152/2/2620 3153/2/2621
f 3146/2/2615 3153/2/2621 3150/2/2618
f 3144/2/2614 3154/2/2622 3152/2/2620
f 3144/2/2614 3152/2/2620 3146/2/2615
f 3143/2/2613 3155/2/2623 3154/2/2622
f 3143/2/2613 3154/2/2622 3144/2/2614
f 1168/2/847 1169/2/848 3155/2/2623
f 1168/2/847 3155/2/2623 3143/2/2613
f 1170/2/849 1168/2/847 3143/2/2613
f 1170/2/849 3143/2/2613 3142/2/2608
f 1159/4/839 1171/4/849 3137/4/2608
f 1159/4/839 3137/4/2608 3136/4/2607
f 3156/1/2624 3157/1/2625 3158/1/2626
f 3156/1/2624 3158/1/2626 3159/1/2627
f 3159/1/2627 3158/1/2626 3160/1/2628
f 3159/1/2627 3160/1/2628 3161/1/2629
f 3162/2/2625 3163/2/2630 3164/2/2631
f 3162/2/2625 3164/2/2631 3165/2/2626
f 3165/2/2626 3164/2/2631 3166/2/2632
f 3165/2/2626 3166/2/2632 3167/2/2628
f 74/2/69 73/2/68 3168/2/2624
f 74/2/69 3168/2/2624 3169/2/2633
f 3169/2/2633 3168/2/2624 3170/2/2634
f 3169/2/2633 3170/2/2634 3171/2/2635
f 3171/2/2635 3170/2/2634 3172/2/2636
f 3171/2/2635 3172/2/2636 3173/2/2637
f 3173/2/2637 3172/2/2636 1191/2/865
f 3173/2/2637 1191/2/865 1190/2/864
f 3161/1/2629 3160/1/2628 1193/1/867
f 3161/1/2629 1193/1/867 1192/1/866
f 3167/2/2628 3166/2/2632 1195/2/868
f 3167/2/2628 1195/2/868 1194/2/867
f 3166/2/2632 3174/2/2638 1196/2/869
f 3166/2/2632 1196/2/869 1195/2/868
f 3164/2/2631 3175/2/2639 3174/2/2638
f 3164/2/2631 3174/2/2638 3166/2/2632
f 3163/2/2630 3176/2/2640 3175/2/2639
f 3163/2/2630 3175/2/2639 3164/2/2631
f 3126/2/2599 3129/2/2601 3176/2/2640
f 3126/2/2599 3176/2/2640 3163/2/2630
f 3127/2/2598 3126/2/2599 3163/2/2630
f 3127/2/2598 3163/2/2630 3162/2/2625
f 64/1/60 3125/1/2598 3157/1/2625
f 64/1/60 3157/1/2625 3156/1/2624
f 3177/2/2641 3178/2/2642 3179/2/2643
f 3177/2/2641 3179/2/2643 3180/2/2644
f 3180/2/2644 3179/2/2643 3181/2/2645
f 3180/2/2644 3181/2/2645 3182/2/2646
f 3178/2/2642 3183/2/2647 3184/2/2648
f 3178/2/2642 3184/2/2648 3179/2/2643
f 3179/2/2643 3184/2/2648 3185/2/2649
f 3179/2/2643 3185/2/2649 3181/2/2645
f 3133/2/2605 3186/2/2650 3177/2/2641
f 3133/2/2605 3177/2/2641 3131/2/2603
f 3131/2/2603 3177/2/2641 3180/2/2644
f 3131/2/2603 3180/2/2644 3130/2/2602
f 3130/2/2602 3180/2/2644 3182/2/2646
f 3130/2/2602 3182/2/2646 3128/2/2600
f 3128/2/2600 3182/2/2646 3176/2/2640
f 3128/2/2600 3176/2/2640 3129/2/2601
f 3182/2/2646 3181/2/2645 3175/2/2639
f 3182/2/2646 3175/2/2639 3176/2/2640
f 3181/2/2645 3185/2/2649 3174/2/2638
f 3181/2/2645 3174/2/2638 3175/2/2639
f 3185/2/2649 1210/2/883 1196/2/869
f 3185/2/2649 1196/2/869 3174/2/2638
f 3184/2/2648 1211/2/884 1210/2/883
f 3184/2/2648 1210/2/883 3185/2/2649
f 3183/2/2647 1212/2/885 1211/2/884
f 3183/2/2647 1211/2/884 3184/2/2648
f 3187/2/2651 1214/2/887 1212/2/885
f 3187/2/2651 1212/2/885 3183/2/2647
f 3188/2/2652 3187/2/2651 3183/2/2647
f 3188/2/2652 3183/2/2647 3178/2/2642
f 3186/2/2650 3188/2/2652 3178/2/2642
f 3186/2/2650 3178/2/2642 3177/2/2641
f 3189/1/2653 3190/1/2654 3191/1/2655
f 3189/1/2653 3191/1/2655 3192/1/2656
f 3192/1/2656 3191/1/2655 3193/1/2657
f 3192/1/2656 3193/1/2657 3194/1/2658
f 3195/2/2659 3196/2/2660 3197/2/2661
f 3195/2/2659 3197/2/2661 3198/2/2662
f 3198/2/2662 3197/2/2661 3199/2/2663
f 3198/2/2662 3199/2/2663 3200/2/2657
f 3026/1/2505 59/1/55 3189/1/2653
f 3026/1/2505 3189/1/2653 3072/1/2549
f 3072/1/2549 3189/1/2653 3192/1/2656
f 3072/1/2549 3192/1/2656 3070/1/2547
f 3070/1/2547 3192/1/2656 3194/1/2658
f 3070/1/2547 3194/1/2658 3068/1/2545
f 3068/1/2545 3194/1/2658 1228/1/900
f 3068/1/2545 1228/1/900 1072/1/760
f 3194/1/2658 3193/1/2657 1229/1/901
f 3194/1/2658 1229/1/901 1228/1/900
f 3200/2/2657 3199/2/2663 1231/2/902
f 3200/2/2657 1231/2/902 1230/2/901
f 3199/2/2663 3173/2/2637 1190/2/864
f 3199/2/2663 1190/2/864 1231/2/902
f 3197/2/2661 3171/2/2635 3173/2/2637
f 3197/2/2661 3173/2/2637 3199/2/2663
f 3196/2/2660 3169/2/2633 3171/2/2635
f 3196/2/2660 3171/2/2635 3197/2/2661
f 3108/2/2584 74/2/69 3169/2/2633
f 3108/2/2584 3169/2/2633 3196/2/2660
f 3109/2/58 3108/2/2584 3196/2/2660
f 3109/2/58 3196/2/2660 3195/2/2659
f 59/1/55 62/1/58 3190/1/2654
f 59/1/55 3190/1/2654 3189/1/2653
f 3201/1/2664 3202/1/2665 3203/1/2666
f 3201/1/2664 3203/1/2666 3204/1/2667
f 3204/1/2667 3203/1/2666 3205/1/2668
f 3204/1/2667 3205/1/2668 3206/1/2669
f 3202/1/2665 3207/1/2670 3208/1/2671
f 3202/1/2665 3208/1/2671 3203/1/2666
f 3203/1/2666 3208/1/2671 3209/1/2672
f 3203/1/2666 3209/1/2672 3205/1/2668
f 1241/1/912 3210/1/2673 3201/1/2664
f 1241/1/912 3201/1/2664 1242/1/913
f 1242/1/913 3201/1/2664 3204/1/2667
f 1242/1/913 3204/1/2667 1244/1/915
f 1244/1/915 3204/1/2667 3206/1/2669
f 1244/1/915 3206/1/2669 1245/1/916
f 1245/1/916 3206/1/2669 3066/1/2543
f 1245/1/916 3066/1/2543 1069/1/757
f 3206/1/2669 3205/1/2668 3078/1/2555
f 3206/1/2669 3078/1/2555 3066/1/2543
f 3205/1/2668 3209/1/2672 3077/1/2554
f 3205/1/2668 3077/1/2554 3078/1/2555
f 3209/1/2672 3211/1/2674 3022/1/2501
f 3209/1/2672 3022/1/2501 3077/1/2554
f 3208/1/2671 3212/1/2675 3211/1/2674
f 3208/1/2671 3211/1/2674 3209/1/2672
f 3207/1/2670 3213/1/2676 3212/1/2675
f 3207/1/2670 3212/1/2675 3208/1/2671
f 3214/1/2677 3215/1/2678 3213/1/2676
f 3214/1/2677 3213/1/2676 3207/1/2670
f 3216/1/2679 3214/1/2677 3207/1/2670
f 3216/1/2679 3207/1/2670 3202/1/2665
f 3210/1/2673 3216/1/2679 3202/1/2665
f 3210/1/2673 3202/1/2665 3201/1/2664
f 3074/4/2551 3217/4/2680 3218/4/2681
f 3074/4/2551 3218/4/2681 3075/4/2552
f 1254/4/784 1255/4/925 3073/4/2550
f 1254/4/784 3073/4/2550 3076/4/2553
f 1094/4/782 3088/4/2565 3073/4/2550
f 1094/4/782 3073/4/2550 1255/4/925
f 3217/4/2680 3219/4/2682 3220/4/2683
f 3217/4/2680 3220/4/2683 3218/4/2681
f 1254/4/784 3076/4/2553 3221/4/2684
f 1254/4/784 3221/4/2684 1258/4/928
f 3076/4/2553 3075/4/2552 3222/4/2685
f 3076/4/2553 3222/4/2685 3221/4/2684
f 3075/4/2552 3218/4/2681 3223/4/2686
f 3075/4/2552 3223/4/2686 3222/4/2685
f 3218/4/2681 3220/4/2683 3224/4/2687
f 3218/4/2681 3224/4/2687 3223/4/2686
f 3225/4/2688 3226/4/2689 3227/4/2690
f 3225/4/2688 3227/4/2690 3228/4/2691
f 3090/4/2567 3092/4/2569 3219/4/2682
f 3090/4/2567 3219/4/2682 3217/4/2680
f 3089/4/2566 3090/4/2567 3217/4/2680
f 3089/4/2566 3217/4/2680 3074/4/2551
f 3088/4/2565 3089/4/2566 3074/4/2551
f 3088/4/2565 3074/4/2551 3073/4/2550
f 3229/1/2692 3230/1/2693 3231/1/2694
f 3229/1/2692 3231/1/2694 3232/1/2695
f 3233/2/2695 3234/2/2696 3235/2/2697
f 3233/2/2695 3235/2/2697 3236/2/2698
f 3237/2/2699 3238/2/2700 3239/2/2701
f 3237/2/2699 3239/2/2701 3240/2/2702
f 3241/2/2703 3233/2/2695 3236/2/2698
f 3241/2/2703 3236/2/2698 3242/2/2704
f 3243/1/2705 3244/1/2706 3245/1/2707
f 3243/1/2705 3245/1/2707 3246/1/2708
f 3247/2/2706 3248/2/2705 3249/2/2709
f 3247/2/2706 3249/2/2709 3250/2/2710
f 3251/2/2711 3252/2/2712 3249/2/2709
f 3251/2/2711 3249/2/2709 3248/2/2705
f 3253/2/2713 3254/2/2714 3255/2/2715
f 3253/2/2713 3255/2/2715 3256/2/2716
f 3257/1/2717 3258/1/2718 3259/1/2719
f 3257/1/2717 3259/1/2719 3260/1/2720
f 3261/2/2717 3256/2/2716 3255/2/2715
f 3261/2/2717 3255/2/2715 3262/2/2721
f 3254/2/2714 3263/2/2722 3237/2/2699
f 3254/2/2714 3237/2/2699 3255/2/2715
f 3264/1/2723 82/1/75 3213/1/2676
f 3264/1/2723 3213/1/2676 3215/1/2678
f 82/1/75 3265/1/2724 3212/1/2675
f 82/1/75 3212/1/2675 3213/1/2676
f 3265/1/2724 3266/1/2725 3211/1/2674
f 3265/1/2724 3211/1/2674 3212/1/2675
f 3266/1/2725 3021/1/2500 3022/1/2501
f 3266/1/2725 3022/1/2501 3211/1/2674
f 3267/2/2726 3268/2/2727 3269/2/2728
f 3267/2/2726 3269/2/2728 3270/2/2729
f 3245/1/2707 3271/1/2730 3272/1/2727
f 3245/1/2707 3272/1/2727 3246/1/2708
f 3268/2/2727 3273/2/2731 3274/2/2732
f 3268/2/2727 3274/2/2732 3269/2/2728
f 3275/2/2733 3276/2/2734 3274/2/2732
f 3275/2/2733 3274/2/2732 3273/2/2731
f 3277/2/2735 3250/2/2710 3235/2/2697
f 3277/2/2735 3235/2/2697 3278/2/2736
f 3234/2/2696 3279/2/2737 3278/2/2736
f 3234/2/2696 3278/2/2736 3235/2/2697
f 3263/2/2722 3280/2/2738 3238/2/2700
f 3263/2/2722 3238/2/2700 3237/2/2699
f 3281/2/2739 3282/2/2740 3283/2/2741
f 3281/2/2739 3283/2/2741 3284/2/2742
f 3285/1/2743 3286/1/2744 3287/1/2745
f 3285/1/2743 3287/1/2745 3288/1/2746
f 3289/1/2747 3290/1/2748 3291/1/2749
f 3289/1/2747 3291/1/2749 3292/1/2750
f 3293/2/2751 3294/2/2747 3295/2/2752
f 3293/2/2751 3295/2/2752 3296/2/2753
f 3297/2/2754 3298/2/2755 3296/2/2753
f 3297/2/2754 3296/2/2753 3299/2/2756
f 3300/1/2757 3301/1/2758 3302/1/2759
f 3300/1/2757 3302/1/2759 3303/1/2760
f 3304/2/2761 3305/2/2762 3306/2/2763
f 3304/2/2761 3306/2/2763 3307/2/2764
f 3287/1/2745 3308/1/2765 3309/1/2766
f 3287/1/2745 3309/1/2766 3288/1/2746
f 3308/1/2765 3264/1/2723 3215/1/2678
f 3308/1/2765 3215/1/2678 3309/1/2766
f 3310/2/2767 3297/2/2754 3299/2/2756
f 3310/2/2767 3299/2/2756 3311/2/2768
f 3312/1/2768 3313/1/2769 3259/1/2719
f 3312/1/2768 3259/1/2719 3258/1/2718
f 3314/2/2769 3311/2/2768 3299/2/2756
f 3314/2/2769 3299/2/2756 3315/2/2770
f 3316/2/2771 3317/2/2772 3314/2/2769
f 3316/2/2771 3314/2/2769 3315/2/2770
f 3318/2/2773 3319/2/2774 3295/2/2752
f 3318/2/2773 3295/2/2752 3294/2/2747
f 3301/1/2758 3320/1/2775 3321/1/2776
f 3301/1/2758 3321/1/2776 3302/1/2759
f 3303/1/2760 3302/1/2759 3322/1/2777
f 3303/1/2760 3322/1/2777 3323/1/2778
f 1362/1/1024 1363/1/1025 3300/1/2757
f 1362/1/1024 3300/1/2757 3303/1/2760
f 3302/1/2759 3321/1/2776 3324/1/2779
f 3302/1/2759 3324/1/2779 3322/1/2777
f 3320/1/2775 3285/1/2743 3288/1/2746
f 3320/1/2775 3288/1/2746 3321/1/2776
f 1362/1/1024 3303/1/2760 3323/1/2778
f 1362/1/1024 3323/1/2778 1365/1/1027
f 1365/1/1027 3323/1/2778 3210/1/2673
f 1365/1/1027 3210/1/2673 1241/1/912
f 3323/1/2778 3322/1/2777 3216/1/2679
f 3323/1/2778 3216/1/2679 3210/1/2673
f 3322/1/2777 3324/1/2779 3214/1/2677
f 3322/1/2777 3214/1/2677 3216/1/2679
f 3324/1/2779 3309/1/2766 3215/1/2678
f 3324/1/2779 3215/1/2678 3214/1/2677
f 3321/1/2776 3288/1/2746 3309/1/2766
f 3321/1/2776 3309/1/2766 3324/1/2779
f 3325/4/2780 3326/4/2781 3327/4/2782
f 3325/4/2780 3327/4/2782 3328/4/2783
f 3329/4/2784 3330/4/2785 3331/4/2786
f 3329/4/2784 3331/4/2786 3332/4/2787
f 3332/4/2787 3331/4/2786 3333/4/2788
f 3332/4/2787 3333/4/2788 3334/4/2789
f 3330/4/2785 3335/4/2790 3336/4/2791
f 3330/4/2785 3336/4/2791 3331/4/2786
f 3331/4/2786 3336/4/2791 3337/4/2792
f 3331/4/2786 3337/4/2792 3333/4/2788
f 1258/4/928 3221/4/2684 3329/4/2784
f 1258/4/928 3329/4/2784 1379/4/1041
f 1379/4/1041 3329/4/2784 3332/4/2787
f 1379/4/1041 3332/4/2787 1380/4/1041
f 1380/4/1041 3332/4/2787 3334/4/2789
f 1380/4/1041 3334/4/2789 1381/4/1042
f 1381/4/1042 3334/4/2789 3338/4/2793
f 1381/4/1042 3338/4/2793 1382/4/1043
f 3334/4/2789 3333/4/2788 3339/4/2794
f 3334/4/2789 3339/4/2794 3338/4/2793
f 3333/4/2788 3337/4/2792 3340/4/2795
f 3333/4/2788 3340/4/2795 3339/4/2794
f 3337/4/2792 3341/4/2796 3342/4/2797
f 3337/4/2792 3342/4/2797 3340/4/2795
f 3336/4/2791 3343/4/2798 3341/4/2796
f 3336/4/2791 3341/4/2796 3337/4/2792
f 3335/4/2790 3344/4/2799 3343/4/2798
f 3335/4/2790 3343/4/2798 3336/4/2791
f 3223/4/2686 3224/4/2687 3344/4/2799
f 3223/4/2686 3344/4/2799 3335/4/2790
f 3222/4/2685 3223/4/2686 3335/4/2790
f 3222/4/2685 3335/4/2790 3330/4/2785
f 3221/4/2684 3222/4/2685 3330/4/2785
f 3221/4/2684 3330/4/2785 3329/4/2784
f 3345/4/2800 3346/4/2801 3347/4/2802
f 3345/4/2800 3347/4/2802 3326/4/2781
f 3348/4/2803 3328/4/2783 3327/4/2782
f 3348/4/2803 3327/4/2782 3349/4/2804
f 3350/4/2805 3351/4/2806 3352/4/2807
f 3350/4/2805 3352/4/2807 3353/4/2808
f 3326/4/2781 3347/4/2802 3354/4/2809
f 3326/4/2781 3354/4/2809 3327/4/2782
f 3346/4/2801 3342/4/2797 3355/4/2810
f 3346/4/2801 3355/4/2810 3347/4/2802
f 3326/4/2781 3325/4/2780 3062/4/2539
f 3326/4/2781 3062/4/2539 3345/4/2800
f 3327/4/2782 3354/4/2809 3356/4/2811
f 3327/4/2782 3356/4/2811 3349/4/2804
f 3354/4/2809 3357/4/2812 3358/4/2813
f 3354/4/2809 3358/4/2813 3356/4/2811
f 3347/4/2802 3355/4/2810 3357/4/2812
f 3347/4/2802 3357/4/2812 3354/4/2809
f 3341/4/2796 3343/4/2798 3359/4/2814
f 3341/4/2796 3359/4/2814 3360/4/2815
f 3343/4/2798 3344/4/2799 3361/4/2816
f 3343/4/2798 3361/4/2816 3359/4/2814
f 3360/4/2815 3359/4/2814 3362/4/2817
f 3360/4/2815 3362/4/2817 3363/4/2818
f 3355/4/2810 3342/4/2797 3341/4/2796
f 3355/4/2810 3341/4/2796 3360/4/2815
f 3359/4/2814 3361/4/2816 3364/4/2819
f 3359/4/2814 3364/4/2819 3362/4/2817
f 3344/4/2799 3224/4/2687 3365/4/2820
f 3344/4/2799 3365/4/2820 3361/4/2816
f 3355/4/2810 3360/4/2815 3363/4/2818
f 3355/4/2810 3363/4/2818 3357/4/2812
f 3357/4/2812 3363/4/2818 3366/4/2821
f 3357/4/2812 3366/4/2821 3358/4/2813
f 3363/4/2818 3362/4/2817 3367/4/2822
f 3363/4/2818 3367/4/2822 3366/4/2821
f 3362/4/2817 3364/4/2819 3368/4/2823
f 3362/4/2817 3368/4/2823 3367/4/2822
f 3364/4/2819 3369/4/2824 3370/4/2825
f 3364/4/2819 3370/4/2825 3368/4/2823
f 3361/4/2816 3365/4/2820 3369/4/2824
f 3361/4/2816 3369/4/2824 3364/4/2819
f 3152/2/2620 3154/2/2622 3371/2/2826
f 3152/2/2620 3371/2/2826 3372/2/2827
f 3154/2/2622 3155/2/2623 3373/2/2828
f 3154/2/2622 3373/2/2828 3371/2/2826
f 3372/2/2827 3371/2/2826 3374/2/2829
f 3372/2/2827 3374/2/2829 3375/2/2830
f 3153/2/2621 3152/2/2620 3372/2/2827
f 3153/2/2621 3372/2/2827 3376/2/2831
f 3371/2/2826 3373/2/2828 3377/2/2832
f 3371/2/2826 3377/2/2832 3374/2/2829
f 3155/2/2623 1169/2/848 1423/2/1084
f 3155/2/2623 1423/2/1084 3373/2/2828
f 3376/2/2831 3372/2/2827 3375/2/2830
f 3376/2/2831 3375/2/2830 3378/2/2833
f 3378/2/2833 3375/2/2830 3379/2/2834
f 3378/2/2833 3379/2/2834 3380/2/2835
f 3375/2/2830 3374/2/2829 3381/2/2836
f 3375/2/2830 3381/2/2836 3379/2/2834
f 3374/2/2829 3377/2/2832 3382/2/2837
f 3374/2/2829 3382/2/2837 3381/2/2836
f 3377/2/2832 1430/2/1091 1429/2/1090
f 3377/2/2832 1429/2/1090 3382/2/2837
f 3373/2/2828 1423/2/1084 1430/2/1091
f 3373/2/2828 1430/2/1091 3377/2/2832
f 3148/4/2616 3149/4/2617 3383/4/2838
f 3148/4/2616 3383/4/2838 3384/4/2839
f 3151/2/2619 3150/2/2618 3385/2/2840
f 3151/2/2619 3385/2/2840 3386/2/2838
f 3384/4/2839 3383/4/2838 3387/4/2841
f 3384/4/2839 3387/4/2841 3388/4/2842
f 3096/4/2573 3148/4/2616 3384/4/2839
f 3096/4/2573 3384/4/2839 3389/4/2843
f 3386/2/2838 3385/2/2840 3390/2/2844
f 3386/2/2838 3390/2/2844 3391/2/2841
f 3150/2/2618 3153/2/2621 3376/2/2831
f 3150/2/2618 3376/2/2831 3385/2/2840
f 3389/4/2843 3384/4/2839 3388/4/2842
f 3389/4/2843 3388/4/2842 3392/4/2845
f 3392/4/2845 3388/4/2842 3393/4/2846
f 3392/4/2845 3393/4/2846 3394/4/2847
f 3388/4/2842 3387/4/2841 3395/4/2848
f 3388/4/2842 3395/4/2848 3393/4/2846
f 3391/2/2841 3390/2/2844 3396/2/2849
f 3391/2/2841 3396/2/2849 3397/2/2850
f 3390/2/2844 3378/2/2833 3380/2/2835
f 3390/2/2844 3380/2/2835 3396/2/2849
f 3385/2/2840 3376/2/2831 3378/2/2833
f 3385/2/2840 3378/2/2833 3390/2/2844
f 3091/4/2568 3093/4/2570 3398/4/2851
f 3091/4/2568 3398/4/2851 3399/4/2852
f 3093/4/2570 3094/4/2571 3400/4/2853
f 3093/4/2570 3400/4/2853 3398/4/2851
f 3399/4/2852 3398/4/2851 3401/4/2854
f 3399/4/2852 3401/4/2854 3402/4/2855
f 3092/4/2569 3091/4/2568 3399/4/2852
f 3092/4/2569 3399/4/2852 3403/4/2856
f 3398/4/2851 3400/4/2853 3404/4/2857
f 3398/4/2851 3404/4/2857 3401/4/2854
f 3094/4/2571 3096/4/2573 3389/4/2843
f 3094/4/2571 3389/4/2843 3400/4/2853
f 3403/4/2856 3399/4/2852 3402/4/2855
f 3403/4/2856 3402/4/2855 3405/4/2858
f 3405/4/2858 3402/4/2855 3406/4/2859
f 3405/4/2858 3406/4/2859 3407/4/2860
f 3402/4/2855 3401/4/2854 3408/4/2861
f 3402/4/2855 3408/4/2861 3406/4/2859
f 3401/4/2854 3404/4/2857 3409/4/2862
f 3401/4/2854 3409/4/2862 3408/4/2861
f 3404/4/2857 3392/4/2845 3394/4/2847
f 3404/4/2857 3394/4/2847 3409/4/2862
f 3400/4/2853 3389/4/2843 3392/4/2845
f 3400/4/2853 3392/4/2845 3404/4/2857
f 3410/1/2863 3411/1/2864 3412/1/2865
f 3410/1/2863 3412/1/2865 3413/1/2866
f 3414/4/2867 3225/4/2688 3228/4/2691
f 3414/4/2867 3228/4/2691 3415/4/2868
f 3365/4/2820 3224/4/2687 3220/4/2683
f 3365/4/2820 3220/4/2683 3226/4/2689
f 3219/4/2682 3092/4/2569 3403/4/2856
f 3219/4/2682 3403/4/2856 3227/4/2690
f 3365/4/2820 3226/4/2689 3225/4/2688
f 3365/4/2820 3225/4/2688 3369/4/2824
f 3369/4/2824 3225/4/2688 3414/4/2867
f 3369/4/2824 3414/4/2867 3370/4/2825
f 3226/4/2689 3220/4/2683 3219/4/2682
f 3226/4/2689 3219/4/2682 3227/4/2690
f 3228/4/2691 3405/4/2858 3407/4/2860
f 3228/4/2691 3407/4/2860 3415/4/2868
f 3227/4/2690 3403/4/2856 3405/4/2858
f 3227/4/2690 3405/4/2858 3228/4/2691
f 1464/1/1123 3416/1/2869 3417/1/2870
f 1464/1/1123 3417/1/2870 1465/1/1124
f 1468/1/1127 1471/1/1130 3418/1/2871
f 1468/1/1127 3418/1/2871 3419/1/2872
f 3420/1/2873 3418/1/2871 3417/1/2870
f 3420/1/2873 3417/1/2870 3416/1/2869
f 1471/1/1130 1465/1/1124 3417/1/2870
f 1471/1/1130 3417/1/2870 3418/1/2871
f 3416/1/2869 1464/1/1123 1474/1/1133
f 3416/1/2869 1474/1/1133 3421/1/2874
f 3422/1/2875 3423/1/2876 3420/1/2873
f 3422/1/2875 3420/1/2873 3424/1/2877
f 3424/1/2877 3420/1/2873 3416/1/2869
f 3424/1/2877 3416/1/2869 3421/1/2874
f 3423/1/2876 3419/1/2872 3418/1/2871
f 3423/1/2876 3418/1/2871 3420/1/2873
f 3056/4/2533 3425/4/2878 3426/4/2879
f 3056/4/2533 3426/4/2879 3055/4/2532
f 3427/4/2880 2967/4/2448 2970/4/2451
f 3427/4/2880 2970/4/2451 3428/4/2881
f 3429/1/2882 3430/1/2883 3431/1/2884
f 3429/1/2882 3431/1/2884 3432/1/2885
f 3433/1/2886 3434/1/2887 3435/1/2888
f 3433/1/2886 3435/1/2888 3431/1/2884
f 3436/2/2889 3437/2/2890 3438/2/2891
f 3436/2/2889 3438/2/2891 3439/2/2892
f 3440/4/2893 3441/4/2894 3063/4/2540
f 3440/4/2893 3063/4/2540 3053/4/2530
f 2967/4/2448 3427/4/2880 3348/4/2803
f 2967/4/2448 3348/4/2803 3349/4/2804
f 3431/1/2884 3435/1/2888 3442/1/2895
f 3431/1/2884 3442/1/2895 3432/1/2885
f 3435/1/2888 3443/1/2896 3444/1/2897
f 3435/1/2888 3444/1/2897 3442/1/2895
f 3445/4/2898 3446/4/2899 3447/4/2900
f 3445/4/2898 3447/4/2900 3448/4/2901
f 3434/1/2887 3449/1/2902 3443/1/2896
f 3434/1/2887 3443/1/2896 3435/1/2888
f 3356/4/2811 3358/4/2813 3450/4/2903
f 3356/4/2811 3450/4/2903 2968/4/2449
f 3349/4/2804 3356/4/2811 2968/4/2449
f 3349/4/2804 2968/4/2449 2967/4/2448
f 3451/5/2904 3452/5/88 3453/5/2905
f 3451/5/2904 3453/5/2905 3454/5/2906
f 3455/4/2907 3456/4/2908 3457/4/2909
f 3455/4/2907 3457/4/2909 3458/4/2910
f 3459/5/90 3460/5/2911 3461/5/2912
f 3459/5/90 3461/5/2912 3462/5/2913
f 3463/5/2914 3464/5/2915 3465/5/2916
f 3463/5/2914 3465/5/2916 3466/5/2917
f 3467/4/2918 3468/4/2919 3469/4/2920
f 3467/4/2918 3469/4/2920 3470/4/2921
f 3471/4/2922 3470/4/2921 3472/4/2923
f 3471/4/2922 3472/4/2923 3473/4/2924
f 3474/1/2925 3475/1/2926 3476/1/2927
f 3474/1/2925 3476/1/2927 3477/1/2928
f 3478/5/2929 3454/5/2906 3479/5/2930
f 3478/5/2929 3479/5/2930 3480/5/2931
f 3481/5/2932 3482/5/2933 3483/5/2934
f 3481/5/2932 3483/5/2934 3484/5/2935
f 3485/5/2936 3486/5/2937 3487/5/2938
f 3485/5/2936 3487/5/2938 3488/5/2939
f 3482/5/2933 3489/5/2940 3490/5/2941
f 3482/5/2933 3490/5/2941 3483/5/2934
f 3491/5/84 3492/5/2942 3493/5/2943
f 3491/5/84 3493/5/2943 3494/5/2944
f 3487/5/2938 3495/5/2945 3496/5/2946
f 3487/5/2938 3496/5/2946 3497/5/2947
f 3498/4/2948 3499/4/2949 3500/4/2950
f 3498/4/2948 3500/4/2950 3456/4/2908
f 3501/4/2951 3498/4/2948 3456/4/2908
f 3501/4/2951 3456/4/2908 3455/4/2907
f 3468/4/2919 3501/4/2951 3455/4/2907
f 3468/4/2919 3455/4/2907 3469/4/2920
f 3502/2/2952 3503/2/2953 3504/2/2954
f 3502/2/2952 3504/2/2954 3505/2/2955
f 3437/2/2890 3506/2/2956 3507/2/2957
f 3437/2/2890 3507/2/2957 3438/2/2891
f 3503/2/2953 3508/2/2958 3509/2/2959
f 3503/2/2953 3509/2/2959 3504/2/2954
f 3510/4/2960 3511/4/2961 3512/4/2962
f 3510/4/2960 3512/4/2962 3513/4/2963
f 3380/2/2835 3379/2/2834 3436/2/2889
f 3380/2/2835 3436/2/2889 3514/2/2964
f 3515/2/2965 3516/2/2966 3517/2/2967
f 3515/2/2965 3517/2/2967 3518/2/2968
f 3519/1/2969 3520/1/2970 3521/1/2971
f 3519/1/2969 3521/1/2971 3522/1/2972
f 3517/2/2967 3505/2/2955 3186/2/2650
f 3517/2/2967 3186/2/2650 3133/2/2605
f 3505/2/2955 3504/2/2954 3188/2/2652
f 3505/2/2955 3188/2/2652 3186/2/2650
f 3504/2/2954 3509/2/2959 3187/2/2651
f 3504/2/2954 3187/2/2651 3188/2/2652
f 3509/2/2959 1576/2/1231 1214/2/887
f 3509/2/2959 1214/2/887 3187/2/2651
f 3506/2/2956 1578/2/1233 1577/2/1232
f 3506/2/2956 1577/2/1232 3507/2/2957
f 65/1/61 3523/1/2973 3524/1/2974
f 65/1/61 3524/1/2974 3525/1/2975
f 3382/2/2837 1429/2/1090 1578/2/1233
f 3382/2/2837 1578/2/1233 3506/2/2956
f 3381/2/2836 3382/2/2837 3506/2/2956
f 3381/2/2836 3506/2/2956 3437/2/2890
f 3379/2/2834 3381/2/2836 3437/2/2890
f 3379/2/2834 3437/2/2890 3436/2/2889
f 3526/1/2976 3527/1/2977 3528/1/2978
f 3526/1/2976 3528/1/2978 3529/1/2979
f 3530/2/2961 3531/2/2980 3532/2/2981
f 3530/2/2961 3532/2/2981 3533/2/2962
f 3534/2/2982 3515/2/2965 3518/2/2968
f 3534/2/2982 3518/2/2968 3535/2/2978
f 3536/4/2983 3537/4/2984 3538/4/2985
f 3536/4/2983 3538/4/2985 3539/4/2986
f 3394/4/2847 3393/4/2846 3510/4/2960
f 3394/4/2847 3510/4/2960 3540/4/2987
f 3541/1/2988 3542/1/2989 3543/1/2990
f 3541/1/2988 3543/1/2990 3544/1/2991
f 3540/4/2987 3510/4/2960 3513/4/2963
f 3540/4/2987 3513/4/2963 3545/4/2992
f 3543/1/2990 3529/1/2979 3124/1/2597
f 3543/1/2990 3124/1/2597 3112/1/2587
f 3529/1/2979 3528/1/2978 3135/1/2606
f 3529/1/2979 3135/1/2606 3124/1/2597
f 3535/2/2978 3518/2/2968 3132/2/2604
f 3535/2/2978 3132/2/2604 3134/2/2606
f 3518/2/2968 3517/2/2967 3133/2/2605
f 3518/2/2968 3133/2/2605 3132/2/2604
f 3516/2/2966 3502/2/2952 3505/2/2955
f 3516/2/2966 3505/2/2955 3517/2/2967
f 3514/2/2964 3436/2/2889 3439/2/2892
f 3514/2/2964 3439/2/2892 3546/2/2993
f 3396/2/2849 3380/2/2835 3514/2/2964
f 3396/2/2849 3514/2/2964 3531/2/2980
f 3397/2/2850 3396/2/2849 3531/2/2980
f 3397/2/2850 3531/2/2980 3530/2/2961
f 3393/4/2846 3395/4/2848 3511/4/2961
f 3393/4/2846 3511/4/2961 3510/4/2960
f 3547/1/2994 3548/1/2995 3549/1/2996
f 3547/1/2994 3549/1/2996 3550/1/2997
f 3548/1/2995 3541/1/2988 3544/1/2991
f 3548/1/2995 3544/1/2991 3549/1/2996
f 3551/4/2998 3552/4/2999 3445/4/2898
f 3551/4/2998 3445/4/2898 3448/4/2901
f 3537/4/2984 3553/4/3000 3554/4/3001
f 3537/4/2984 3554/4/3001 3538/4/2985
f 3407/4/2860 3406/4/2859 3536/4/2983
f 3407/4/2860 3536/4/2983 3446/4/2899
f 3412/1/2865 3555/1/3002 3556/1/3003
f 3412/1/2865 3556/1/3003 3413/1/2866
f 3446/4/2899 3536/4/2983 3539/4/2986
f 3446/4/2899 3539/4/2986 3447/4/2900
f 3556/1/3003 3550/1/2997 3099/1/2576
f 3556/1/3003 3099/1/2576 3105/1/2581
f 3550/1/2997 3549/1/2996 3100/1/2577
f 3550/1/2997 3100/1/2577 3099/1/2576
f 3549/1/2996 3544/1/2991 3111/1/2586
f 3549/1/2996 3111/1/2586 3100/1/2577
f 3544/1/2991 3543/1/2990 3112/1/2587
f 3544/1/2991 3112/1/2587 3111/1/2586
f 3531/2/2980 3514/2/2964 3546/2/2993
f 3531/2/2980 3546/2/2993 3532/2/2981
f 3542/1/2989 3526/1/2976 3529/1/2979
f 3542/1/2989 3529/1/2979 3543/1/2990
f 3409/4/2862 3394/4/2847 3540/4/2987
f 3409/4/2862 3540/4/2987 3553/4/3000
f 3408/4/2861 3409/4/2862 3553/4/3000
f 3408/4/2861 3553/4/3000 3537/4/2984
f 3406/4/2859 3408/4/2861 3537/4/2984
f 3406/4/2859 3537/4/2984 3536/4/2983
f 3557/4/3004 3558/4/3005 3559/4/3006
f 3557/4/3004 3559/4/3006 3560/4/3007
f 3009/1/2490 3410/1/2863 3413/1/2866
f 3009/1/2490 3413/1/2866 3561/1/3008
f 3370/4/2825 3414/4/2867 3552/4/2999
f 3370/4/2825 3552/4/2999 3562/4/3009
f 3525/1/2975 3411/1/2864 3410/1/2863
f 3525/1/2975 3410/1/2863 65/1/61
f 3563/4/3010 3564/4/3011 3565/4/3012
f 3563/4/3010 3565/4/3012 3562/4/3009
f 3414/4/2867 3415/4/2868 3445/4/2898
f 3414/4/2867 3445/4/2898 3552/4/2999
f 2998/2/2479 2997/2/2478 3566/2/3013
f 2998/2/2479 3566/2/3013 3567/2/3014
f 3553/4/3000 3540/4/2987 3545/4/2992
f 3553/4/3000 3545/4/2992 3554/4/3001
f 3555/1/3002 3547/1/2994 3550/1/2997
f 3555/1/3002 3550/1/2997 3556/1/3003
f 3415/4/2868 3407/4/2860 3446/4/2899
f 3415/4/2868 3446/4/2899 3445/4/2898
f 3055/4/2532 3426/4/2879 3568/4/3015
f 3055/4/2532 3568/4/3015 3054/4/2531
f 1054/4/742 3054/4/2531 3568/4/3015
f 1054/4/742 3568/4/3015 1625/4/1278
f 3425/4/2878 3569/4/3016 3570/4/3017
f 3425/4/2878 3570/4/3017 3426/4/2879
f 3426/4/2879 3570/4/3017 3571/4/3018
f 3426/4/2879 3571/4/3018 3568/4/3015
f 1629/4/1282 3572/4/3019 3573/4/3020
f 1629/4/1282 3573/4/3020 1630/4/1283
f 3425/4/2878 3056/4/2533 3058/4/2535
f 3425/4/2878 3058/4/2535 3574/4/3021
f 3568/4/3015 3571/4/3018 1634/4/1287
f 3568/4/3015 1634/4/1287 1625/4/1278
f 3571/4/3018 3575/4/3022 1635/4/1288
f 3571/4/3018 1635/4/1288 1634/4/1287
f 3570/4/3017 3576/4/3023 3575/4/3022
f 3570/4/3017 3575/4/3022 3571/4/3018
f 3569/4/3016 3577/4/3024 3576/4/3023
f 3569/4/3016 3576/4/3023 3570/4/3017
f 3578/4/3025 3579/4/3026 3577/4/3024
f 3578/4/3025 3577/4/3024 3569/4/3016
f 3574/4/3021 3578/4/3025 3569/4/3016
f 3574/4/3021 3569/4/3016 3425/4/2878
f 3580/5/3027 3581/5/3028 3582/5/3029
f 3580/5/3027 3582/5/3029 3583/5/3030
f 3584/1/3031 3585/1/3032 3586/1/3033
f 3584/1/3031 3586/1/3033 3587/1/3034
f 3588/4/3035 3589/4/3036 3558/4/3005
f 3588/4/3035 3558/4/3005 3590/4/3037
f 2973/1/2454 2961/1/2442 2964/1/2445
f 2973/1/2454 2964/1/2445 3591/1/3038
f 3592/4/3039 3590/4/3037 3593/4/3040
f 3592/4/3039 3593/4/3040 3594/4/3041
f 3475/1/2926 3585/1/3032 3584/1/3031
f 3475/1/2926 3584/1/3031 3476/1/2927
f 3589/4/3036 3595/4/3042 3559/4/3006
f 3589/4/3036 3559/4/3006 3558/4/3005
f 3596/4/3043 3597/4/3044 3598/4/3045
f 3596/4/3043 3598/4/3045 3599/4/3046
f 3600/4/3047 3601/4/3048 3602/4/3049
f 3600/4/3047 3602/4/3049 3603/4/3050
f 3604/1/3051 3605/1/3052 3606/1/3053
f 3604/1/3051 3606/1/3053 3607/1/3054
f 3595/4/3042 3608/4/3055 3600/4/3047
f 3595/4/3042 3600/4/3047 3559/4/3006
f 3609/4/3056 3610/4/3057 3611/4/3058
f 3609/4/3056 3611/4/3058 3612/4/3059
f 3613/5/3060 3614/5/3061 3615/5/3062
f 3613/5/3060 3615/5/3062 3616/5/3063
f 3484/5/2935 3483/5/2934 3617/5/3064
f 3484/5/2935 3617/5/3064 3618/5/3065
f 3483/5/2934 3490/5/2941 3619/5/3066
f 3483/5/2934 3619/5/3066 3617/5/3064
f 3620/5/3067 3621/5/3068 3622/5/92
f 3620/5/3067 3622/5/92 3623/5/3069
f 3480/5/2931 3479/5/2930 3613/5/3060
f 3480/5/2931 3613/5/3060 3624/5/3070
f 3625/4/3071 2975/4/2456 2976/4/2457
f 3625/4/3071 2976/4/2457 3626/4/3072
f 3627/5/3073 3624/5/3070 3628/5/3074
f 3627/5/3073 3628/5/3074 3629/5/3075
f 3630/5/3076 3583/5/3030 3631/5/3077
f 3630/5/3076 3631/5/3077 3632/5/3078
f 3633/4/3079 3588/4/3035 3590/4/3037
f 3633/4/3079 3590/4/3037 3592/4/3039
f 3583/5/3030 3582/5/3029 3634/5/3080
f 3583/5/3030 3634/5/3080 3631/5/3077
f 3635/5/3081 3636/5/3082 3637/5/3083
f 3635/5/3081 3637/5/3083 3638/5/3084
f 3639/5/3085 3640/5/3086 3641/5/3087
f 3639/5/3085 3641/5/3087 3642/5/3088
f 3460/5/2911 3643/5/82 3644/5/3089
f 3460/5/2911 3644/5/3089 3461/5/2912
f 3494/5/2944 3493/5/2943 3645/5/3090
f 3494/5/2944 3645/5/3090 3646/5/3091
f 3462/5/2913 3461/5/2912 3482/5/2933
f 3462/5/2913 3482/5/2933 3481/5/2932
f 3454/5/2906 3453/5/2905 3647/5/3092
f 3454/5/2906 3647/5/3092 3479/5/2930
f 3648/4/3093 3649/4/3094 3650/4/3095
f 3648/4/3093 3650/4/3095 3651/4/3096
f 3652/1/3097 3653/1/3098 3654/1/3099
f 3652/1/3097 3654/1/3099 3655/1/3100
f 3649/4/3094 3656/4/3101 3657/4/3102
f 3649/4/3094 3657/4/3102 3650/4/3095
f 3658/1/3103 3659/1/3104 3660/1/3105
f 3658/1/3103 3660/1/3105 3661/1/3106
f 3662/1/3107 3663/1/3108 3664/1/3109
f 3662/1/3107 3664/1/3109 3665/1/3110
f 3666/1/3111 3665/1/3110 3667/1/3112
f 3666/1/3111 3667/1/3112 3668/1/3113
f 3665/1/3110 3664/1/3109 3669/1/3114
f 3665/1/3110 3669/1/3114 3667/1/3112
f 3352/4/2807 3651/4/3096 3468/4/2919
f 3352/4/2807 3468/4/2919 3467/4/2918
f 3651/4/3096 3650/4/3095 3501/4/2951
f 3651/4/3096 3501/4/2951 3468/4/2919
f 3650/4/3095 3657/4/3102 3498/4/2948
f 3650/4/3095 3498/4/2948 3501/4/2951
f 3657/4/3102 3670/4/3115 3499/4/2949
f 3657/4/3102 3499/4/2949 3498/4/2948
f 3653/1/3098 3519/1/2969 3522/1/2972
f 3653/1/3098 3522/1/2972 3654/1/3099
f 3671/4/3116 3672/4/3117 3673/4/3118
f 3671/4/3116 3673/4/3118 3670/4/3115
f 3674/1/3119 3675/1/3120 3519/1/2969
f 3674/1/3119 3519/1/2969 3653/1/3098
f 3676/1/3121 3674/1/3119 3653/1/3098
f 3676/1/3121 3653/1/3098 3652/1/3097
f 3663/1/3108 3676/1/3121 3652/1/3097
f 3663/1/3108 3652/1/3097 3664/1/3109
f 3677/1/3122 3678/1/91 3679/1/3123
f 3677/1/3122 3679/1/3123 3680/1/3124
f 3488/5/2939 3487/5/2938 3497/5/2947
f 3488/5/2939 3497/5/2947 3681/5/93
f 3678/1/91 3682/1/3125 3683/1/3126
f 3678/1/91 3683/1/3126 3679/1/3123
f 3684/1/3127 3685/1/3128 3686/1/3129
f 3684/1/3127 3686/1/3129 3687/1/3130
f 3632/5/3078 3631/5/3077 3620/5/3067
f 3632/5/3078 3620/5/3067 3688/5/3131
f 3689/1/3132 3677/1/3122 3680/1/3124
f 3689/1/3132 3680/1/3124 3690/1/3133
f 3691/5/3134 3692/5/3135 3478/5/2929
f 3691/5/3134 3478/5/2929 3693/5/3136
f 3690/1/3133 3680/1/3124 3663/1/3108
f 3690/1/3133 3663/1/3108 3662/1/3107
f 3680/1/3124 3679/1/3123 3676/1/3121
f 3680/1/3124 3676/1/3121 3663/1/3108
f 3679/1/3123 3683/1/3126 3674/1/3119
f 3679/1/3123 3674/1/3119 3676/1/3121
f 3683/1/3126 3694/1/3137 3675/1/3120
f 3683/1/3126 3675/1/3120 3674/1/3119
f 3479/5/2930 3647/5/3092 3614/5/3061
f 3479/5/2930 3614/5/3061 3613/5/3060
f 3638/5/3084 3637/5/3083 3695/5/3138
f 3638/5/3084 3695/5/3138 3696/5/86
f 3646/5/3091 3645/5/3090 3697/5/3139
f 3646/5/3091 3697/5/3139 3698/5/3140
f 3631/5/3077 3634/5/3080 3621/5/3068
f 3631/5/3077 3621/5/3068 3620/5/3067
f 3699/5/3141 3466/5/2917 3486/5/2937
f 3699/5/3141 3486/5/2937 3485/5/2936
f 3700/4/3142 3701/4/3143 3702/4/3144
f 3700/4/3142 3702/4/3144 3703/4/3145
f 3703/4/3145 3702/4/3144 3704/4/3146
f 3703/4/3145 3704/4/3146 3705/4/3147
f 3704/4/3146 3702/4/3144 3706/4/3148
f 3704/4/3146 3706/4/3148 3707/4/3149
f 3708/4/3150 3704/4/3146 3707/4/3149
f 3708/4/3150 3707/4/3149 3709/4/3151
f 3710/4/3152 3711/4/3153 3700/4/3142
f 3710/4/3152 3700/4/3142 3712/4/3154
f 3712/4/3154 3700/4/3142 3703/4/3145
f 3712/4/3154 3703/4/3145 3713/4/3155
f 3713/4/3155 3703/4/3145 3705/4/3147
f 3713/4/3155 3705/4/3147 3714/4/3156
f 3714/4/3156 3705/4/3147 3715/4/3157
f 3714/4/3156 3715/4/3157 3608/4/3055
f 3705/4/3147 3704/4/3146 3708/4/3150
f 3705/4/3147 3708/4/3150 3715/4/3157
f 3716/4/3158 3717/4/3159 3718/4/3160
f 3716/4/3158 3718/4/3160 3701/4/3143
f 3719/4/3161 3720/4/3162 3721/4/3163
f 3719/4/3161 3721/4/3163 3722/4/3164
f 3711/4/3153 3716/4/3158 3701/4/3143
f 3711/4/3153 3701/4/3143 3700/4/3142
f 3723/4/3165 3609/4/3056 3612/4/3059
f 3723/4/3165 3612/4/3059 3724/4/3166
f 3595/4/3042 3589/4/3036 3723/4/3165
f 3595/4/3042 3723/4/3165 3724/4/3166
f 3725/4/3167 3726/4/3168 3610/4/3057
f 3725/4/3167 3610/4/3057 3727/4/3169
f 3727/4/3169 3610/4/3057 3609/4/3056
f 3727/4/3169 3609/4/3056 3728/4/3170
f 3728/4/3170 3609/4/3056 3723/4/3165
f 3728/4/3170 3723/4/3165 3729/4/3171
f 3729/4/3171 3723/4/3165 3589/4/3036
f 3729/4/3171 3589/4/3036 3588/4/3035
f 3726/4/3168 3730/4/3172 3611/4/3058
f 3726/4/3168 3611/4/3058 3610/4/3057
f 3724/4/3166 3714/4/3156 3608/4/3055
f 3724/4/3166 3608/4/3055 3595/4/3042
f 3612/4/3059 3713/4/3155 3714/4/3156
f 3612/4/3059 3714/4/3156 3724/4/3166
f 3611/4/3058 3712/4/3154 3713/4/3155
f 3611/4/3058 3713/4/3155 3612/4/3059
f 3730/4/3172 3710/4/3152 3712/4/3154
f 3730/4/3172 3712/4/3154 3611/4/3058
f 3731/4/3173 3732/4/3174 3733/4/3175
f 3731/4/3173 3733/4/3175 3734/4/3176
f 3735/1/3177 3736/1/3178 3737/1/3179
f 3735/1/3177 3737/1/3179 3738/1/3180
f 3730/4/3172 3726/4/3168 3731/4/3173
f 3730/4/3172 3731/4/3173 3734/4/3176
f 3739/1/3181 3740/1/3182 3659/1/3104
f 3739/1/3181 3659/1/3104 2978/1/2459
f 3741/4/3183 3732/4/3174 3731/4/3173
f 3741/4/3183 3731/4/3173 3742/4/3184
f 3743/4/3185 3741/4/3183 3742/4/3184
f 3743/4/3185 3742/4/3184 3744/4/3186
f 3742/4/3184 3731/4/3173 3726/4/3168
f 3742/4/3184 3726/4/3168 3725/4/3167
f 3740/1/3182 3745/1/3187 3660/1/3105
f 3740/1/3182 3660/1/3105 3659/1/3104
f 3734/4/3176 3746/4/3188 3710/4/3152
f 3734/4/3176 3710/4/3152 3730/4/3172
f 3747/4/3189 3748/4/3190 3749/4/3191
f 3747/4/3189 3749/4/3191 3746/4/3188
f 3733/4/3175 3747/4/3189 3746/4/3188
f 3733/4/3175 3746/4/3188 3734/4/3176
f 3750/4/3192 3751/4/3193 3752/4/3194
f 3750/4/3192 3752/4/3194 3753/4/3195
f 3754/1/3196 3755/1/3197 3604/1/3051
f 3754/1/3196 3604/1/3051 3607/1/3054
f 3756/1/3198 3754/1/3196 3607/1/3054
f 3756/1/3198 3607/1/3054 3757/1/3199
f 3745/1/3187 3740/1/3182 3756/1/3198
f 3745/1/3187 3756/1/3198 3757/1/3199
f 3476/1/2927 3584/1/3031 3755/1/3197
f 3476/1/2927 3755/1/3197 3758/1/3200
f 3758/1/3200 3755/1/3197 3754/1/3196
f 3758/1/3200 3754/1/3196 3759/1/3201
f 3759/1/3201 3754/1/3196 3756/1/3198
f 3759/1/3201 3756/1/3198 3760/1/3202
f 3760/1/3202 3756/1/3198 3740/1/3182
f 3760/1/3202 3740/1/3182 3739/1/3181
f 3584/1/3031 3587/1/3034 3604/1/3051
f 3584/1/3031 3604/1/3051 3755/1/3197
f 3761/4/3203 3762/4/3204 3597/4/3044
f 3761/4/3203 3597/4/3044 3596/4/3043
f 3763/1/3205 3764/1/3206 3765/1/3207
f 3763/1/3205 3765/1/3207 3766/1/3208
f 3599/4/3046 3598/4/3045 3767/4/3209
f 3599/4/3046 3767/4/3209 3768/4/3210
f 3769/1/3211 3770/1/3212 3771/1/3213
f 3769/1/3211 3771/1/3213 3772/1/3214
f 3773/4/3215 3774/4/3216 3573/4/3020
f 3773/4/3215 3573/4/3020 3572/4/3019
f 1836/4/1485 1630/4/1283 3573/4/3020
f 1836/4/1485 3573/4/3020 3774/4/3216
f 3572/4/3019 1629/4/1282 1838/4/1487
f 3572/4/3019 1838/4/1487 3775/4/3217
f 3776/4/3218 3777/4/3219 3773/4/3215
f 3776/4/3218 3773/4/3215 3778/4/3220
f 3778/4/3220 3773/4/3215 3572/4/3019
f 3778/4/3220 3572/4/3019 3775/4/3217
f 3777/4/3219 3779/4/3221 3774/4/3216
f 3777/4/3219 3774/4/3216 3773/4/3215
f 1843/4/1492 1836/4/1485 3774/4/3216
f 1843/4/1492 3774/4/3216 3779/4/3221
f 3780/1/3222 3781/1/3223 3782/1/3224
f 3780/1/3222 3782/1/3224 3783/1/3225
f 3784/1/3226 3785/1/3227 3786/1/3228
f 3784/1/3226 3786/1/3228 3787/1/3229
f 3787/1/3229 3786/1/3228 3788/1/3230
f 3787/1/3229 3788/1/3230 3789/1/3231
f 3785/1/3227 3790/1/3232 3791/1/3233
f 3785/1/3227 3791/1/3233 3786/1/3228
f 3786/1/3228 3791/1/3233 3792/1/3234
f 3786/1/3228 3792/1/3234 3788/1/3230
f 3793/1/3235 3794/1/3236 3784/1/3226
f 3793/1/3235 3784/1/3226 3795/1/3237
f 3795/1/3237 3784/1/3226 3787/1/3229
f 3795/1/3237 3787/1/3229 3796/1/3238
f 3796/1/3238 3787/1/3229 3789/1/3231
f 3796/1/3238 3789/1/3231 3797/1/3239
f 3797/1/3239 3789/1/3231 2972/1/2453
f 3797/1/3239 2972/1/2453 2971/1/2452
f 3789/1/3231 3788/1/3230 2995/1/2476
f 3789/1/3231 2995/1/2476 2972/1/2453
f 3788/1/3230 3792/1/3234 2993/1/2474
f 3788/1/3230 2993/1/2474 2995/1/2476
f 3792/1/3234 3798/1/3240 2994/1/2475
f 3792/1/3234 2994/1/2475 2993/1/2474
f 3791/1/3233 3799/1/3241 3798/1/3240
f 3791/1/3233 3798/1/3240 3792/1/3234
f 3790/1/3232 3800/1/3242 3799/1/3241
f 3790/1/3232 3799/1/3241 3791/1/3233
f 3801/1/3243 3802/1/3244 3800/1/3242
f 3801/1/3243 3800/1/3242 3790/1/3232
f 3803/1/3245 3801/1/3243 3790/1/3232
f 3803/1/3245 3790/1/3232 3785/1/3227
f 3794/1/3236 3803/1/3245 3785/1/3227
f 3794/1/3236 3785/1/3227 3784/1/3226
f 3783/1/3225 3782/1/3224 3804/1/3246
f 3783/1/3225 3804/1/3246 3805/1/3247
f 3806/1/3248 3805/1/3247 3804/1/3246
f 3806/1/3248 3804/1/3246 3807/1/3249
f 3781/1/3223 3808/1/3250 3809/1/3251
f 3781/1/3223 3809/1/3251 3782/1/3224
f 3782/1/3224 3809/1/3251 3810/1/3252
f 3782/1/3224 3810/1/3252 3804/1/3246
f 3811/4/3253 3812/4/3254 3813/4/3255
f 3811/4/3253 3813/4/3255 3814/4/3256
f 3781/1/3223 3780/1/3222 3815/1/3257
f 3781/1/3223 3815/1/3257 3816/1/3258
f 3804/1/3246 3810/1/3252 3817/1/3259
f 3804/1/3246 3817/1/3259 3807/1/3249
f 3810/1/3252 3818/1/3260 3819/1/3261
f 3810/1/3252 3819/1/3261 3817/1/3259
f 3809/1/3251 3820/1/3262 3818/1/3260
f 3809/1/3251 3818/1/3260 3810/1/3252
f 3808/1/3250 3821/1/3263 3820/1/3262
f 3808/1/3250 3820/1/3262 3809/1/3251
f 3822/1/3264 3823/1/3265 3821/1/3263
f 3822/1/3264 3821/1/3263 3808/1/3250
f 3816/1/3258 3822/1/3264 3808/1/3250
f 3816/1/3258 3808/1/3250 3781/1/3223
f 3812/4/3254 3824/4/3266 3825/4/3267
f 3812/4/3254 3825/4/3267 3813/4/3255
f 3814/4/3256 3813/4/3255 3574/4/3021
f 3814/4/3256 3574/4/3021 3058/4/2535
f 3826/4/3268 3827/4/3269 3828/4/3270
f 3826/4/3268 3828/4/3270 3829/4/3271
f 3825/4/3267 3830/4/3272 3579/4/3026
f 3825/4/3267 3579/4/3026 3578/4/3025
f 3813/4/3255 3825/4/3267 3578/4/3025
f 3813/4/3255 3578/4/3025 3574/4/3021
f 3812/4/3254 3811/4/3253 3831/4/3273
f 3812/4/3254 3831/4/3273 3832/4/3274
f 3824/4/3266 3833/4/3275 3830/4/3272
f 3824/4/3266 3830/4/3272 3825/4/3267
f 3834/4/3276 3835/4/3277 3833/4/3275
f 3834/4/3276 3833/4/3275 3824/4/3266
f 3832/4/3274 3834/4/3276 3824/4/3266
f 3832/4/3274 3824/4/3266 3812/4/3254
f 3836/1/3278 3837/1/3279 3838/1/3280
f 3836/1/3278 3838/1/3280 3839/1/3281
f 3839/1/3281 3838/1/3280 3840/1/3282
f 3839/1/3281 3840/1/3282 3841/1/3283
f 3837/1/3279 3842/1/3284 3843/1/3285
f 3837/1/3279 3843/1/3285 3838/1/3280
f 3838/1/3280 3843/1/3285 3844/1/3286
f 3838/1/3280 3844/1/3286 3840/1/3282
f 3845/1/3287 3846/1/3288 3836/1/3278
f 3845/1/3287 3836/1/3278 3847/1/3289
f 3847/1/3289 3836/1/3278 3839/1/3281
f 3847/1/3289 3839/1/3281 3848/1/3290
f 3848/1/3290 3839/1/3281 3841/1/3283
f 3848/1/3290 3841/1/3283 3849/1/3291
f 3849/1/3291 3841/1/3283 3850/1/3292
f 3849/1/3291 3850/1/3292 3851/1/3293
f 3841/1/3283 3840/1/3282 3852/1/3294
f 3841/1/3283 3852/1/3294 3850/1/3292
f 3840/1/3282 3844/1/3286 3853/1/3295
f 3840/1/3282 3853/1/3295 3852/1/3294
f 3844/1/3286 3854/1/3296 3855/1/3297
f 3844/1/3286 3855/1/3297 3853/1/3295
f 3843/1/3285 3856/1/3298 3854/1/3296
f 3843/1/3285 3854/1/3296 3844/1/3286
f 3842/1/3284 3857/1/3299 3856/1/3298
f 3842/1/3284 3856/1/3298 3843/1/3285
f 3858/1/3300 3859/1/3301 3857/1/3299
f 3858/1/3300 3857/1/3299 3842/1/3284
f 3860/1/3302 3858/1/3300 3842/1/3284
f 3860/1/3302 3842/1/3284 3837/1/3279
f 3846/1/3288 3860/1/3302 3837/1/3279
f 3846/1/3288 3837/1/3279 3836/1/3278
f 3508/2/2958 1925/2/1574 1576/2/1231
f 3508/2/2958 1576/2/1231 3509/2/2959
f 3832/4/3274 3831/4/3273 3826/4/3268
f 3832/4/3274 3826/4/3268 3861/4/3303
f 3862/4/3304 3863/4/3305 3864/4/3306
f 3862/4/3304 3864/4/3306 3861/4/3303
f 3865/1/3307 3866/1/3308 3867/1/3309
f 3865/1/3307 3867/1/3309 3868/1/3310
f 3869/4/3311 3870/4/3312 3871/4/3313
f 3869/4/3311 3871/4/3313 3872/4/3314
f 3735/1/3177 3772/1/3214 3806/1/3248
f 3735/1/3177 3806/1/3248 3807/1/3249
f 3861/4/3303 3864/4/3306 3834/4/3276
f 3861/4/3303 3834/4/3276 3832/4/3274
f 3864/4/3306 3873/4/3315 3835/4/3277
f 3864/4/3306 3835/4/3277 3834/4/3276
f 3736/1/3178 3763/1/3205 3766/1/3208
f 3736/1/3178 3766/1/3208 3737/1/3179
f 2987/1/2468 3865/1/3307 3868/1/3310
f 2987/1/2468 3868/1/3310 2988/1/2469
f 3817/1/3259 3819/1/3261 3763/1/3205
f 3817/1/3259 3763/1/3205 3736/1/3178
f 3807/1/3249 3817/1/3259 3736/1/3178
f 3807/1/3249 3736/1/3178 3735/1/3177
f 3874/1/3316 3875/1/3317 3876/1/3318
f 3874/1/3316 3876/1/3318 3877/1/3319
f 3877/1/3319 3876/1/3318 3878/1/3320
f 3877/1/3319 3878/1/3320 3879/1/3321
f 3875/1/3317 3880/1/3322 3881/1/3323
f 3875/1/3317 3881/1/3323 3876/1/3318
f 3876/1/3318 3881/1/3323 3882/1/3324
f 3876/1/3318 3882/1/3324 3878/1/3320
f 3802/1/3244 3883/1/3325 3874/1/3316
f 3802/1/3244 3874/1/3316 3800/1/3242
f 3800/1/3242 3874/1/3316 3877/1/3319
f 3800/1/3242 3877/1/3319 3799/1/3241
f 3799/1/3241 3877/1/3319 3879/1/3321
f 3799/1/3241 3879/1/3321 3798/1/3240
f 3798/1/3240 3879/1/3321 3884/1/3326
f 3798/1/3240 3884/1/3326 2994/1/2475
f 3879/1/3321 3878/1/3320 3885/1/3327
f 3879/1/3321 3885/1/3327 3884/1/3326
f 3878/1/3320 3882/1/3324 3886/1/3328
f 3878/1/3320 3886/1/3328 3885/1/3327
f 3882/1/3324 3887/1/3329 3888/1/3330
f 3882/1/3324 3888/1/3330 3886/1/3328
f 3881/1/3323 3889/1/3331 3887/1/3329
f 3881/1/3323 3887/1/3329 3882/1/3324
f 3880/1/3322 3890/1/3332 3889/1/3331
f 3880/1/3322 3889/1/3331 3881/1/3323
f 3891/1/3333 3851/1/3293 3890/1/3332
f 3891/1/3333 3890/1/3332 3880/1/3322
f 3892/1/3334 3891/1/3333 3880/1/3322
f 3892/1/3334 3880/1/3322 3875/1/3317
f 3883/1/3325 3892/1/3334 3875/1/3317
f 3883/1/3325 3875/1/3317 3874/1/3316
f 3893/4/3335 3894/4/3336 3895/4/3337
f 3893/4/3335 3895/4/3337 3896/4/3338
f 3896/4/3338 3895/4/3337 3897/4/3339
f 3896/4/3338 3897/4/3339 3898/4/3340
f 3894/4/3336 3899/4/3341 3900/4/3342
f 3894/4/3336 3900/4/3342 3895/4/3337
f 3895/4/3337 3900/4/3342 3901/4/3343
f 3895/4/3337 3901/4/3343 3897/4/3339
f 3902/4/3344 3903/4/3345 3893/4/3335
f 3902/4/3344 3893/4/3335 3904/4/3346
f 3904/4/3346 3893/4/3335 3896/4/3338
f 3904/4/3346 3896/4/3338 3905/4/3347
f 3905/4/3347 3896/4/3338 3898/4/3340
f 3905/4/3347 3898/4/3340 3906/4/3348
f 3906/4/3348 3898/4/3340 1973/4/1622
f 3906/4/3348 1973/4/1622 1972/4/1621
f 3898/4/3340 3897/4/3339 1974/4/1623
f 3898/4/3340 1974/4/1623 1973/4/1622
f 3897/4/3339 3901/4/3343 1975/4/1624
f 3897/4/3339 1975/4/1624 1974/4/1623
f 3901/4/3343 3907/4/3349 1838/4/1487
f 3901/4/3343 1838/4/1487 1975/4/1624
f 3900/4/3342 3871/4/3313 3907/4/3349
f 3900/4/3342 3907/4/3349 3901/4/3343
f 3899/4/3341 3872/4/3314 3871/4/3313
f 3899/4/3341 3871/4/3313 3900/4/3342
f 3908/4/3350 3909/4/3351 3872/4/3314
f 3908/4/3350 3872/4/3314 3899/4/3341
f 3910/4/3352 3908/4/3350 3899/4/3341
f 3910/4/3352 3899/4/3341 3894/4/3336
f 3903/4/3345 3910/4/3352 3894/4/3336
f 3903/4/3345 3894/4/3336 3893/4/3335
f 3911/4/3353 3912/4/3354 3870/4/3312
f 3911/4/3353 3870/4/3312 3869/4/3311
f 3870/4/3312 3913/4/3355 3907/4/3349
f 3870/4/3312 3907/4/3349 3871/4/3313
f 3912/4/3354 3914/4/3356 3913/4/3355
f 3912/4/3354 3913/4/3355 3870/4/3312
f 3915/4/3357 3869/4/3311 3872/4/3314
f 3915/4/3357 3872/4/3314 3909/4/3351
f 2986/4/2467 3916/4/3358 3911/4/3353
f 2986/4/2467 3911/4/3353 3917/4/3359
f 3917/4/3359 3911/4/3353 3869/4/3311
f 3917/4/3359 3869/4/3311 3915/4/3357
f 3913/4/3355 3775/4/3217 1838/4/1487
f 3913/4/3355 1838/4/1487 3907/4/3349
f 3918/1/3360 3919/1/3361 1989/1/1638
f 3918/1/3360 1989/1/1638 1988/1/1637
f 3914/4/3356 3778/4/3220 3775/4/3217
f 3914/4/3356 3775/4/3217 3913/4/3355
f 3920/4/3362 3776/4/3218 3778/4/3220
f 3920/4/3362 3778/4/3220 3914/4/3356
f 3921/4/3363 3920/4/3362 3914/4/3356
f 3921/4/3363 3914/4/3356 3912/4/3354
f 3916/4/3358 3921/4/3363 3912/4/3354
f 3916/4/3358 3912/4/3354 3911/4/3353
f 3922/1/3364 3919/1/3361 3918/1/3360
f 3922/1/3364 3918/1/3360 3923/1/3365
f 3923/1/3365 3918/1/3360 3924/1/3366
f 3923/1/3365 3924/1/3366 3925/1/3367
f 3924/1/3366 3918/1/3360 1988/1/1637
f 3924/1/3366 1988/1/1637 1997/1/1646
f 1998/1/1647 3926/1/3368 3924/1/3366
f 1998/1/1647 3924/1/3366 1997/1/1646
f 3851/1/3293 3927/1/3369 3922/1/3364
f 3851/1/3293 3922/1/3364 3890/1/3332
f 3890/1/3332 3922/1/3364 3923/1/3365
f 3890/1/3332 3923/1/3365 3889/1/3331
f 3889/1/3331 3923/1/3365 3925/1/3367
f 3889/1/3331 3925/1/3367 3887/1/3329
f 3887/1/3329 3925/1/3367 3928/1/3370
f 3887/1/3329 3928/1/3370 3888/1/3330
f 3925/1/3367 3924/1/3366 3926/1/3368
f 3925/1/3367 3926/1/3368 3928/1/3370
f 3929/1/3371 2003/1/1652 1989/1/1638
f 3929/1/3371 1989/1/1638 3919/1/3361
f 3930/1/3372 3931/1/3373 3932/1/3374
f 3930/1/3372 3932/1/3374 3933/1/3375
f 3927/1/3369 3929/1/3371 3919/1/3361
f 3927/1/3369 3919/1/3361 3922/1/3364
f 3934/4/3376 3935/4/3377 3936/4/3378
f 3934/4/3376 3936/4/3378 3937/4/3379
f 3866/1/3308 3938/1/3380 3939/1/3381
f 3866/1/3308 3939/1/3381 3867/1/3309
f 3935/4/3377 3940/4/3382 3941/4/3383
f 3935/4/3377 3941/4/3383 3936/4/3378
f 2990/1/2471 3942/1/3384 3943/1/3385
f 2990/1/2471 3943/1/3385 2991/1/2472
f 2994/1/2475 3884/1/3326 3865/1/3307
f 2994/1/2475 3865/1/3307 2987/1/2468
f 3944/4/3386 3934/4/3376 3937/4/3379
f 3944/4/3386 3937/4/3379 2985/4/2466
f 2965/4/2446 3944/4/3386 2985/4/2466
f 2965/4/2446 2985/4/2466 2966/4/2447
f 2985/4/2466 3937/4/3379 3916/4/3358
f 2985/4/2466 3916/4/3358 2986/4/2467
f 3937/4/3379 3936/4/3378 3921/4/3363
f 3937/4/3379 3921/4/3363 3916/4/3358
f 3936/4/3378 3941/4/3383 3920/4/3362
f 3936/4/3378 3920/4/3362 3921/4/3363
f 3941/4/3383 3945/4/3387 3776/4/3218
f 3941/4/3383 3776/4/3218 3920/4/3362
f 3943/1/3385 3942/1/3384 2021/1/1670
f 3943/1/3385 2021/1/1670 2020/1/1669
f 3940/4/3382 3946/4/3388 3945/4/3387
f 3940/4/3382 3945/4/3387 3941/4/3383
f 3886/1/3328 3888/1/3330 2989/1/2470
f 3886/1/3328 2989/1/2470 3938/1/3380
f 3885/1/3327 3886/1/3328 3938/1/3380
f 3885/1/3327 3938/1/3380 3866/1/3308
f 3884/1/3326 3885/1/3327 3866/1/3308
f 3884/1/3326 3866/1/3308 3865/1/3307
f 3947/1/3389 3948/1/3390 3931/1/3373
f 3947/1/3389 3931/1/3373 3930/1/3372
f 3931/1/3373 3949/1/3391 3950/1/3392
f 3931/1/3373 3950/1/3392 3932/1/3374
f 3948/1/3390 3951/1/3393 3949/1/3391
f 3948/1/3390 3949/1/3391 3931/1/3373
f 1468/1/1127 3419/1/2872 3930/1/3372
f 1468/1/1127 3930/1/3372 3933/1/3375
f 3422/1/2875 3952/1/3394 3947/1/3389
f 3422/1/2875 3947/1/3389 3423/1/2876
f 3423/1/2876 3947/1/3389 3930/1/3372
f 3423/1/2876 3930/1/3372 3419/1/2872
f 3949/1/3391 3816/1/3258 3815/1/3257
f 3949/1/3391 3815/1/3257 3950/1/3392
f 3953/4/3395 3954/4/3396 2031/4/1680
f 3953/4/3395 2031/4/1680 2030/4/1679
f 3951/1/3393 3822/1/3264 3816/1/3258
f 3951/1/3393 3816/1/3258 3949/1/3391
f 3955/1/3397 3823/1/3265 3822/1/3264
f 3955/1/3397 3822/1/3264 3951/1/3393
f 3956/1/3398 3955/1/3397 3951/1/3393
f 3956/1/3398 3951/1/3393 3948/1/3390
f 3952/1/3394 3956/1/3398 3948/1/3390
f 3952/1/3394 3948/1/3390 3947/1/3389
f 3957/4/3399 3954/4/3396 3953/4/3395
f 3957/4/3399 3953/4/3395 3958/4/3400
f 3827/4/3269 3959/4/3401 3960/4/3402
f 3827/4/3269 3960/4/3402 3828/4/3270
f 3961/1/3403 3962/1/3404 3430/1/2883
f 3961/1/3403 3430/1/2883 3963/1/3405
f 1843/4/1492 3779/4/3221 3953/4/3395
f 1843/4/1492 3953/4/3395 2030/4/1679
f 3888/1/3330 3928/1/3370 2990/1/2471
f 3888/1/3330 2990/1/2471 2989/1/2470
f 3946/4/3388 3957/4/3399 3958/4/3400
f 3946/4/3388 3958/4/3400 3945/4/3387
f 3938/1/3380 2989/1/2470 2992/1/2473
f 3938/1/3380 2992/1/2473 3939/1/3381
f 3945/4/3387 3958/4/3400 3777/4/3219
f 3945/4/3387 3777/4/3219 3776/4/3218
f 3958/4/3400 3953/4/3395 3779/4/3221
f 3958/4/3400 3779/4/3221 3777/4/3219
f 3926/1/3368 1998/1/1647 2021/1/1670
f 3926/1/3368 2021/1/1670 3942/1/3384
f 3964/4/3406 3965/4/3407 3910/4/3352
f 3964/4/3406 3910/4/3352 3903/4/3345
f 3928/1/3370 3926/1/3368 3942/1/3384
f 3928/1/3370 3942/1/3384 2990/1/2471
f 3966/1/3408 3967/1/3409 3968/1/3410
f 3966/1/3408 3968/1/3410 3969/1/3411
f 3969/1/3411 3968/1/3410 3970/1/3412
f 3969/1/3411 3970/1/3412 3971/1/3413
f 3967/1/3409 3972/1/3414 3973/1/3415
f 3967/1/3409 3973/1/3415 3968/1/3410
f 3968/1/3410 3973/1/3415 3974/1/3416
f 3968/1/3410 3974/1/3416 3970/1/3412
f 3845/1/3287 3847/1/3289 3966/1/3408
f 3845/1/3287 3966/1/3408 3975/1/3417
f 3975/1/3417 3966/1/3408 3969/1/3411
f 3975/1/3417 3969/1/3411 3976/1/3418
f 3976/1/3418 3969/1/3411 3971/1/3413
f 3976/1/3418 3971/1/3413 3977/1/3419
f 3977/1/3419 3971/1/3413 3794/1/3236
f 3977/1/3419 3794/1/3236 3793/1/3235
f 3971/1/3413 3970/1/3412 3803/1/3245
f 3971/1/3413 3803/1/3245 3794/1/3236
f 3970/1/3412 3974/1/3416 3801/1/3243
f 3970/1/3412 3801/1/3243 3803/1/3245
f 3974/1/3416 3883/1/3325 3802/1/3244
f 3974/1/3416 3802/1/3244 3801/1/3243
f 3973/1/3415 3892/1/3334 3883/1/3325
f 3973/1/3415 3883/1/3325 3974/1/3416
f 3972/1/3414 3891/1/3333 3892/1/3334
f 3972/1/3414 3892/1/3334 3973/1/3415
f 3849/1/3291 3851/1/3293 3891/1/3333
f 3849/1/3291 3891/1/3333 3972/1/3414
f 3848/1/3290 3849/1/3291 3972/1/3414
f 3848/1/3290 3972/1/3414 3967/1/3409
f 3847/1/3289 3848/1/3290 3967/1/3409
f 3847/1/3289 3967/1/3409 3966/1/3408
f 3978/4/3420 3979/4/3421 3965/4/3407
f 3978/4/3420 3965/4/3407 3964/4/3406
f 3965/4/3407 3980/4/3422 3908/4/3350
f 3965/4/3407 3908/4/3350 3910/4/3352
f 3979/4/3421 3981/4/3423 3980/4/3422
f 3979/4/3421 3980/4/3422 3965/4/3407
f 3902/4/3344 3982/4/3424 3964/4/3406
f 3902/4/3344 3964/4/3406 3903/4/3345
f 2982/4/2463 2981/4/2462 3978/4/3420
f 2982/4/2463 3978/4/3420 3983/4/3425
f 3983/4/3425 3978/4/3420 3964/4/3406
f 3983/4/3425 3964/4/3406 3982/4/3424
f 3980/4/3422 3915/4/3357 3909/4/3351
f 3980/4/3422 3909/4/3351 3908/4/3350
f 3057/4/2534 3059/4/2536 3984/4/3426
f 3057/4/2534 3984/4/3426 3985/4/3427
f 3981/4/3423 3917/4/3359 3915/4/3357
f 3981/4/3423 3915/4/3357 3980/4/3422
f 2984/4/2465 2986/4/2467 3917/4/3359
f 2984/4/2465 3917/4/3359 3981/4/3423
f 2983/4/2464 2984/4/2465 3981/4/3423
f 2983/4/2464 3981/4/3423 3979/4/3421
f 2981/4/2462 2983/4/2464 3979/4/3421
f 2981/4/2462 3979/4/3421 3978/4/3420
f 3770/1/3212 3986/1/3428 3987/1/3429
f 3770/1/3212 3987/1/3429 3771/1/3213
f 3959/4/3401 3988/4/3430 3989/4/3431
f 3959/4/3401 3989/4/3431 3960/4/3402
f 3986/1/3428 3961/1/3403 3963/1/3405
f 3986/1/3428 3963/1/3405 3987/1/3429
f 3523/1/2973 3990/1/3432 3991/1/3433
f 3523/1/2973 3991/1/3433 3524/1/2974
f 3831/4/3273 3992/4/3434 3827/4/3269
f 3831/4/3273 3827/4/3269 3826/4/3268
f 3829/4/3271 3862/4/3304 3861/4/3303
f 3829/4/3271 3861/4/3303 3826/4/3268
f 3772/1/3214 3735/1/3177 3738/1/3180
f 3772/1/3214 3738/1/3180 3769/1/3211
f 3772/1/3214 3771/1/3213 3993/1/3435
f 3772/1/3214 3993/1/3435 3806/1/3248
f 3994/2/3436 3995/2/3437 3996/2/3438
f 3994/2/3436 3996/2/3438 3997/2/3439
f 3963/1/3405 3430/1/2883 3429/1/2882
f 3963/1/3405 3429/1/2882 3998/1/3440
f 3988/4/3430 3427/4/2880 3428/4/2881
f 3988/4/3430 3428/4/2881 3989/4/3431
f 3962/1/3404 3433/1/2886 3431/1/2884
f 3962/1/3404 3431/1/2884 3430/1/2883
f 3999/4/3441 3348/4/2803 3427/4/2880
f 3999/4/3441 3427/4/2880 3988/4/3430
f 4000/4/3442 3999/4/3441 3988/4/3430
f 4000/4/3442 3988/4/3430 3959/4/3401
f 3992/4/3434 4000/4/3442 3959/4/3401
f 3992/4/3434 3959/4/3401 3827/4/3269
f 3059/4/2536 3060/4/2537 4001/4/3443
f 3059/4/2536 4001/4/3443 3984/4/3426
f 3985/4/3427 3984/4/3426 4002/4/3444
f 3985/4/3427 4002/4/3444 4003/4/3445
f 3814/4/3256 3058/4/2535 3057/4/2534
f 3814/4/3256 3057/4/2534 3985/4/3427
f 3984/4/3426 4001/4/3443 4004/4/3446
f 3984/4/3426 4004/4/3446 4002/4/3444
f 3060/4/2537 3062/4/2539 3325/4/2780
f 3060/4/2537 3325/4/2780 4001/4/3443
f 3814/4/3256 3985/4/3427 4003/4/3445
f 3814/4/3256 4003/4/3445 3811/4/3253
f 3811/4/3253 4003/4/3445 3992/4/3434
f 3811/4/3253 3992/4/3434 3831/4/3273
f 4003/4/3445 4002/4/3444 4000/4/3442
f 4003/4/3445 4000/4/3442 3992/4/3434
f 4002/4/3444 4004/4/3446 3999/4/3441
f 4002/4/3444 3999/4/3441 4000/4/3442
f 4004/4/3446 3328/4/2783 3348/4/2803
f 4004/4/3446 3348/4/2803 3999/4/3441
f 4001/4/3443 3325/4/2780 3328/4/2783
f 4001/4/3443 3328/4/2783 4004/4/3446
f 2083/1/1732 2086/1/1735 4005/1/3447
f 2083/1/1732 4005/1/3447 4006/1/3448
f 4007/1/3449 4008/1/3450 4009/1/3451
f 4007/1/3449 4009/1/3451 4010/1/3452
f 4010/1/3452 4009/1/3451 4011/1/3453
f 4010/1/3452 4011/1/3453 4012/1/3454
f 4008/1/3450 4013/1/3455 4014/1/3456
f 4008/1/3450 4014/1/3456 4009/1/3451
f 4009/1/3451 4014/1/3456 4015/1/3457
f 4009/1/3451 4015/1/3457 4011/1/3453
f 1468/1/1127 3933/1/3375 4007/1/3449
f 1468/1/1127 4007/1/3449 2096/1/1745
f 2096/1/1745 4007/1/3449 4010/1/3452
f 2096/1/1745 4010/1/3452 2097/1/1746
f 2097/1/1746 4010/1/3452 4012/1/3454
f 2097/1/1746 4012/1/3454 2098/1/1747
f 2098/1/1747 4012/1/3454 3300/1/2757
f 2098/1/1747 3300/1/2757 1363/1/1025
f 4012/1/3454 4011/1/3453 3301/1/2758
f 4012/1/3454 3301/1/2758 3300/1/2757
f 4011/1/3453 4015/1/3457 3320/1/2775
f 4011/1/3453 3320/1/2775 3301/1/2758
f 4015/1/3457 4016/1/3458 3285/1/2743
f 4015/1/3457 3285/1/2743 3320/1/2775
f 4014/1/3456 4017/1/3459 4016/1/3458
f 4014/1/3456 4016/1/3458 4015/1/3457
f 4013/1/3455 4018/1/3460 4017/1/3459
f 4013/1/3455 4017/1/3459 4014/1/3456
f 3950/1/3392 3815/1/3257 4018/1/3460
f 3950/1/3392 4018/1/3460 4013/1/3455
f 3932/1/3374 3950/1/3392 4013/1/3455
f 3932/1/3374 4013/1/3455 4008/1/3450
f 3933/1/3375 3932/1/3374 4008/1/3450
f 3933/1/3375 4008/1/3450 4007/1/3449
f 4019/2/3461 4020/2/3462 4021/2/3463
f 4019/2/3461 4021/2/3463 4022/2/3464
f 3043/1/2520 3042/1/2519 3069/1/2546
f 3043/1/2520 3069/1/2546 3067/1/2544
f 4023/1/3465 4024/1/3461 4025/1/3466
f 4023/1/3465 4025/1/3466 4026/1/3467
f 4027/2/3468 4028/2/3469 4029/2/3470
f 4027/2/3468 4029/2/3470 4030/2/3471
f 4031/1/3471 4032/1/3472 4026/1/3467
f 4031/1/3471 4026/1/3467 4025/1/3466
f 4033/2/80 4034/2/79 4035/2/3473
f 4033/2/80 4035/2/3473 4036/2/3474
f 3806/1/3248 3993/1/3435 4037/1/3475
f 3806/1/3248 4037/1/3475 3805/1/3247
f 3805/1/3247 4037/1/3475 4038/1/3476
f 3805/1/3247 4038/1/3476 3783/1/3225
f 3783/1/3225 4038/1/3476 4039/1/3477
f 3783/1/3225 4039/1/3477 3780/1/3222
f 3780/1/3222 4039/1/3477 4018/1/3460
f 3780/1/3222 4018/1/3460 3815/1/3257
f 4039/1/3477 4026/1/3467 4017/1/3459
f 4039/1/3477 4017/1/3459 4018/1/3460
f 4026/1/3467 88/1/81 4016/1/3458
f 4026/1/3467 4016/1/3458 4017/1/3459
f 88/1/81 3286/1/2744 3285/1/2743
f 88/1/81 3285/1/2743 4016/1/3458
f 4040/2/3478 4041/2/3479 4042/2/3480
f 4040/2/3478 4042/2/3480 4043/2/3481
f 4044/1/3482 4045/1/3483 4046/1/3474
f 4044/1/3482 4046/1/3474 4047/1/3484
f 4042/2/3480 4048/2/3482 3307/2/2764
f 4042/2/3480 3307/2/2764 4043/2/3481
f 4049/2/3485 3304/2/2761 3307/2/2764
f 4049/2/3485 3307/2/2764 4048/2/3482
f 4050/1/3486 4051/1/3439 4052/1/3468
f 4050/1/3486 4052/1/3468 4053/1/3487
f 3065/1/2542 3007/1/2488 3027/1/2506
f 3065/1/2542 3027/1/2506 3071/1/2548
f 4027/2/3468 3997/2/3439 3996/2/3438
f 4027/2/3468 3996/2/3438 4028/2/3469
f 4054/4/3488 4055/4/3489 3441/4/2894
f 4054/4/3488 3441/4/2894 3440/4/2893
f 3441/4/2894 4056/4/3490 3061/4/2538
f 3441/4/2894 3061/4/2538 3063/4/2540
f 4055/4/3489 4057/4/3491 4056/4/3490
f 4055/4/3489 4056/4/3490 3441/4/2894
f 1049/4/737 2141/4/1782 3440/4/2893
f 1049/4/737 3440/4/2893 3053/4/2530
f 1382/4/1043 3338/4/2793 4054/4/3488
f 1382/4/1043 4054/4/3488 2142/4/1783
f 2142/4/1783 4054/4/3488 3440/4/2893
f 2142/4/1783 3440/4/2893 2141/4/1782
f 4056/4/3490 3345/4/2800 3062/4/2539
f 4056/4/3490 3062/4/2539 3061/4/2538
f 4058/1/2503 4059/1/3492 4060/1/2478
f 4058/1/2503 4060/1/2478 4061/1/2484
f 3024/2/2503 3003/2/2484 3002/2/2483
f 3024/2/2503 3002/2/2483 3013/2/2492
f 4057/4/3491 3346/4/2801 3345/4/2800
f 4057/4/3491 3345/4/2800 4056/4/3490
f 3340/4/2795 3342/4/2797 3346/4/2801
f 3340/4/2795 3346/4/2801 4057/4/3491
f 3339/4/2794 3340/4/2795 4057/4/3491
f 3339/4/2794 4057/4/3491 4055/4/3489
f 3338/4/2793 3339/4/2794 4055/4/3489
f 3338/4/2793 4055/4/3489 4054/4/3488
f 4062/1/3493 3684/1/3127 3687/1/3130
f 4062/1/3493 3687/1/3130 4063/1/3494
f 4063/1/3494 3687/1/3130 4064/1/3495
f 4063/1/3494 4064/1/3495 4065/1/3496
f 3687/1/3130 3686/1/3129 4066/1/3497
f 3687/1/3130 4066/1/3497 4064/1/3495
f 3624/5/3070 3613/5/3060 3616/5/3063
f 3624/5/3070 3616/5/3063 3628/5/3074
f 3444/1/2897 4067/1/3498 4062/1/3493
f 3444/1/2897 4062/1/3493 4068/1/3499
f 4068/1/3499 4062/1/3493 4063/1/3494
f 4068/1/3499 4063/1/3494 4069/1/3500
f 4069/1/3500 4063/1/3494 4065/1/3496
f 4069/1/3500 4065/1/3496 4070/1/3501
f 4070/1/3501 4065/1/3496 4071/1/3502
f 4070/1/3501 4071/1/3502 67/1/63
f 4065/1/3496 4064/1/3495 4072/1/3503
f 4065/1/3496 4072/1/3503 4071/1/3502
f 4064/1/3495 4066/1/3497 4073/1/3504
f 4064/1/3495 4073/1/3504 4072/1/3503
f 4066/1/3497 3690/1/3133 3662/1/3107
f 4066/1/3497 3662/1/3107 4073/1/3504
f 4074/5/3505 3688/5/3131 4075/5/3506
f 4074/5/3505 4075/5/3506 4076/5/3507
f 3688/5/3131 3620/5/3067 3623/5/3069
f 3688/5/3131 3623/5/3069 4075/5/3506
f 4077/1/3508 4078/1/3509 4079/1/3510
f 4077/1/3508 4079/1/3510 4080/1/3511
f 4081/5/3512 3632/5/3078 3688/5/3131
f 4081/5/3512 3688/5/3131 4074/5/3505
f 4067/1/3498 4080/1/3511 3684/1/3127
f 4067/1/3498 3684/1/3127 4062/1/3493
f 3564/4/3011 4082/4/3513 4083/4/3514
f 3564/4/3011 4083/4/3514 3565/4/3012
f 3990/1/3432 3666/1/3111 3668/1/3113
f 3990/1/3432 3668/1/3113 3991/1/3433
f 4082/4/3513 3350/4/2805 3353/4/2808
f 4082/4/3513 3353/4/2808 4083/4/3514
f 4084/4/3515 4085/4/3516 4086/4/3517
f 4084/4/3515 4086/4/3517 4087/4/3518
f 67/1/63 4071/1/3502 3523/1/2973
f 67/1/63 3523/1/2973 65/1/61
f 3562/4/3009 3552/4/2999 3551/4/2998
f 3562/4/3009 3551/4/2998 3563/4/3010
f 3449/1/2902 4088/1/3519 4089/1/3520
f 3449/1/2902 4089/1/3520 3443/1/2896
f 3562/4/3009 3565/4/3012 4090/4/3521
f 3562/4/3009 4090/4/3521 3370/4/2825
f 3565/4/3012 4083/4/3514 4091/4/3522
f 3565/4/3012 4091/4/3522 4090/4/3521
f 4083/4/3514 3353/4/2808 4092/4/3523
f 4083/4/3514 4092/4/3523 4091/4/3522
f 3353/4/2808 3352/4/2807 3467/4/2918
f 3353/4/2808 3467/4/2918 4092/4/3523
f 3351/4/2806 3648/4/3093 3651/4/3096
f 3351/4/2806 3651/4/3096 3352/4/2807
f 4093/5/3524 4094/5/3525 3630/5/3076
f 4093/5/3524 3630/5/3076 4095/5/3526
f 4073/1/3504 3662/1/3107 3665/1/3110
f 4073/1/3504 3665/1/3110 3666/1/3111
f 4072/1/3503 4073/1/3504 3666/1/3111
f 4072/1/3503 3666/1/3111 3990/1/3432
f 4071/1/3502 4072/1/3503 3990/1/3432
f 4071/1/3502 3990/1/3432 3523/1/2973
f 4088/1/3519 4096/1/3527 4077/1/3508
f 4088/1/3519 4077/1/3508 4089/1/3520
f 4085/4/3516 4097/4/3528 4098/4/3529
f 4085/4/3516 4098/4/3529 4086/4/3517
f 4094/5/3525 3580/5/3027 3583/5/3030
f 4094/5/3525 3583/5/3030 3630/5/3076
f 4099/4/3530 3473/4/2924 4100/4/3531
f 4099/4/3530 4100/4/3531 4101/4/3532
f 3358/4/2813 4102/4/3533 4084/4/3515
f 3358/4/2813 4084/4/3515 3450/4/2903
f 2968/4/2449 3450/4/2903 4103/4/3534
f 2968/4/2449 4103/4/3534 2969/4/2450
f 3450/4/2903 4084/4/3515 4087/4/3518
f 3450/4/2903 4087/4/3518 4103/4/3534
f 3443/1/2896 4089/1/3520 4067/1/3498
f 3443/1/2896 4067/1/3498 3444/1/2897
f 4089/1/3520 4077/1/3508 4080/1/3511
f 4089/1/3520 4080/1/3511 4067/1/3498
f 3686/1/3129 3689/1/3132 3690/1/3133
f 3686/1/3129 3690/1/3133 4066/1/3497
f 4080/1/3511 4079/1/3510 3685/1/3128
f 4080/1/3511 3685/1/3128 3684/1/3127
f 3764/1/3206 4104/1/3535 4105/1/3536
f 3764/1/3206 4105/1/3536 3765/1/3207
f 4096/1/3527 4106/1/3537 4078/1/3509
f 4096/1/3527 4078/1/3509 4077/1/3508
f 4095/5/3526 3630/5/3076 3632/5/3078
f 4095/5/3526 3632/5/3078 4081/5/3512
f 4107/5/3538 3480/5/2931 3624/5/3070
f 4107/5/3538 3624/5/3070 3627/5/3073
f 4102/4/3533 4108/4/3539 4085/4/3516
f 4102/4/3533 4085/4/3516 4084/4/3515
f 4109/4/3540 4110/4/3541 4099/4/3530
f 4109/4/3540 4099/4/3530 4111/4/3542
f 4111/4/3542 4099/4/3530 4101/4/3532
f 4111/4/3542 4101/4/3532 4112/4/3543
f 3637/5/3083 4113/5/3544 4114/5/3545
f 3637/5/3083 4114/5/3545 3695/5/3138
f 4110/4/3541 3471/4/2922 3473/4/2924
f 4110/4/3541 3473/4/2924 4099/4/3530
f 3370/4/2825 4090/4/3521 4109/4/3540
f 3370/4/2825 4109/4/3540 3368/4/2823
f 3368/4/2823 4109/4/3540 4111/4/3542
f 3368/4/2823 4111/4/3542 3367/4/2822
f 3367/4/2822 4111/4/3542 4112/4/3543
f 3367/4/2822 4112/4/3543 3366/4/2821
f 3366/4/2821 4112/4/3543 4102/4/3533
f 3366/4/2821 4102/4/3533 3358/4/2813
f 4112/4/3543 4101/4/3532 4108/4/3539
f 4112/4/3543 4108/4/3539 4102/4/3533
f 3693/5/3136 3478/5/2929 3480/5/2931
f 3693/5/3136 3480/5/2931 4107/5/3538
f 4108/4/3539 4115/4/3546 4097/4/3528
f 4108/4/3539 4097/4/3528 4085/4/3516
f 3470/4/2921 3469/4/2920 4116/4/3547
f 3470/4/2921 4116/4/3547 3472/4/2923
f 3692/5/3135 3451/5/2904 3454/5/2906
f 3692/5/3135 3454/5/2906 3478/5/2929
f 4092/4/3523 3467/4/2918 3470/4/2921
f 4092/4/3523 3470/4/2921 3471/4/2922
f 4091/4/3522 4092/4/3523 3471/4/2922
f 4091/4/3522 3471/4/2922 4110/4/3541
f 4090/4/3521 4091/4/3522 4110/4/3541
f 4090/4/3521 4110/4/3541 4109/4/3540
f 2086/1/1735 2203/1/1841 4117/1/3548
f 2086/1/1735 4117/1/3548 4005/1/3447
f 4006/1/3448 4005/1/3447 4118/1/3549
f 4006/1/3448 4118/1/3549 4119/1/3550
f 4120/1/3551 2207/1/1845 2083/1/1732
f 4120/1/3551 2083/1/1732 4006/1/3448
f 4005/1/3447 4117/1/3548 4121/1/3552
f 4005/1/3447 4121/1/3552 4118/1/3549
f 2203/1/1841 2210/1/1848 4122/1/3553
f 2203/1/1841 4122/1/3553 4117/1/3548
f 4120/1/3551 4006/1/3448 4119/1/3550
f 4120/1/3551 4119/1/3550 4123/1/3554
f 4123/1/3554 4119/1/3550 4124/1/3555
f 4123/1/3554 4124/1/3555 4125/1/3556
f 4119/1/3550 4118/1/3549 4126/1/3557
f 4119/1/3550 4126/1/3557 4124/1/3555
f 4118/1/3549 4121/1/3552 4127/1/3558
f 4118/1/3549 4127/1/3558 4126/1/3557
f 4121/1/3552 4128/1/3559 4129/1/3560
f 4121/1/3552 4129/1/3560 4127/1/3558
f 4117/1/3548 4122/1/3553 4128/1/3559
f 4117/1/3548 4128/1/3559 4121/1/3552
f 4130/1/3561 4131/1/3562 2220/1/1858
f 4130/1/3561 2220/1/1858 2219/1/1857
f 4132/1/3563 4133/1/3564 4131/1/3562
f 4132/1/3563 4131/1/3562 4130/1/3561
f 4131/1/3562 4134/1/3565 2224/1/1862
f 4131/1/3562 2224/1/1862 2220/1/1858
f 4133/1/3564 4135/1/3566 4134/1/3565
f 4133/1/3564 4134/1/3565 4131/1/3562
f 2003/1/1652 3929/1/3371 4130/1/3561
f 2003/1/1652 4130/1/3561 2219/1/1857
f 3851/1/3293 3850/1/3292 4132/1/3563
f 3851/1/3293 4132/1/3563 3927/1/3369
f 3927/1/3369 4132/1/3563 4130/1/3561
f 3927/1/3369 4130/1/3561 3929/1/3371
f 4134/1/3565 4136/1/3567 2227/1/1865
f 4134/1/3565 2227/1/1865 2224/1/1862
f 2229/1/1867 2232/1/1870 4137/1/3568
f 2229/1/1867 4137/1/3568 4138/1/3569
f 4135/1/3566 4139/1/3570 4136/1/3567
f 4135/1/3566 4136/1/3567 4134/1/3565
f 3853/1/3295 3855/1/3297 4139/1/3570
f 3853/1/3295 4139/1/3570 4135/1/3566
f 3852/1/3294 3853/1/3295 4135/1/3566
f 3852/1/3294 4135/1/3566 4133/1/3564
f 3850/1/3292 3852/1/3294 4133/1/3564
f 3850/1/3292 4133/1/3564 4132/1/3563
f 2232/1/1870 2235/1/1873 4140/1/3571
f 2232/1/1870 4140/1/3571 4137/1/3568
f 4138/1/3569 4137/1/3568 4141/1/3572
f 4138/1/3569 4141/1/3572 4142/1/3573
f 1474/1/1133 2229/1/1867 4138/1/3569
f 1474/1/1133 4138/1/3569 3421/1/2874
f 4137/1/3568 4140/1/3571 4143/1/3574
f 4137/1/3568 4143/1/3574 4141/1/3572
f 2235/1/1873 2240/1/1878 4144/1/3575
f 2235/1/1873 4144/1/3575 4140/1/3571
f 3421/1/2874 4138/1/3569 4142/1/3573
f 3421/1/2874 4142/1/3573 3424/1/2877
f 3424/1/2877 4142/1/3573 4145/1/3576
f 3424/1/2877 4145/1/3576 3422/1/2875
f 4142/1/3573 4141/1/3572 4146/1/3577
f 4142/1/3573 4146/1/3577 4145/1/3576
f 4141/1/3572 4143/1/3574 4147/1/3578
f 4141/1/3572 4147/1/3578 4146/1/3577
f 4143/1/3574 4148/1/3579 4149/1/3580
f 4143/1/3574 4149/1/3580 4147/1/3578
f 4140/1/3571 4144/1/3575 4148/1/3579
f 4140/1/3571 4148/1/3579 4143/1/3574
f 2246/1/1884 2249/1/1887 4150/1/3581
f 2246/1/1884 4150/1/3581 4151/1/3582
f 4151/1/3582 4150/1/3581 4152/1/3583
f 4151/1/3582 4152/1/3583 4153/1/3584
f 4154/1/3585 2253/1/1891 2246/1/1884
f 4154/1/3585 2246/1/1884 4151/1/3582
f 4150/1/3581 4155/1/3586 4156/1/3587
f 4150/1/3581 4156/1/3587 4152/1/3583
f 4154/1/3585 4151/1/3582 4153/1/3584
f 4154/1/3585 4153/1/3584 4157/1/3588
f 4157/1/3588 4153/1/3584 4158/1/3589
f 4157/1/3588 4158/1/3589 4159/1/3590
f 4153/1/3584 4152/1/3583 4160/1/3591
f 4153/1/3584 4160/1/3591 4158/1/3589
f 4152/1/3583 4156/1/3587 4161/1/3592
f 4152/1/3583 4161/1/3592 4160/1/3591
f 4162/5/3593 4163/5/3594 2263/5/1901
f 4162/5/3593 2263/5/1901 2262/5/1900
f 4164/5/3595 4165/5/3596 4162/5/3593
f 4164/5/3595 4162/5/3593 4166/5/3597
f 4166/5/3597 4162/5/3593 2262/5/1900
f 4166/5/3597 2262/5/1900 2268/5/1906
f 4167/1/3598 4168/1/3599 2271/1/1909
f 4167/1/3598 2271/1/1909 2270/1/1908
f 4169/1/3600 4170/1/3601 4171/1/3602
f 4169/1/3600 4171/1/3602 4172/1/3603
f 4173/1/3604 4174/1/3605 2279/1/1916
f 4173/1/3604 2279/1/1916 2278/1/44
f 4165/5/3596 4175/5/3606 4163/5/3594
f 4165/5/3596 4163/5/3594 4162/5/3593
f 4176/5/3607 4177/5/3608 4178/5/3609
f 4176/5/3607 4178/5/3609 4179/5/3610
f 4179/5/3610 4178/5/3609 4180/5/3611
f 4179/5/3610 4180/5/3611 4181/5/3612
f 4182/1/3613 4160/1/3591 4161/1/3592
f 4182/1/3613 4161/1/3592 4183/1/3614
f 4184/5/3615 4185/5/3616 4186/5/3617
f 4184/5/3615 4186/5/3617 4187/5/3618
f 4188/5/3619 4189/5/3620 4176/5/3607
f 4188/5/3619 4176/5/3607 4185/5/3616
f 4185/5/3616 4176/5/3607 4179/5/3610
f 4185/5/3616 4179/5/3610 4186/5/3617
f 4186/5/3617 4179/5/3610 4181/5/3612
f 4186/5/3617 4181/5/3612 4190/5/3621
f 4190/5/3621 4181/5/3612 4165/5/3596
f 4190/5/3621 4165/5/3596 4164/5/3595
f 4181/5/3612 4180/5/3611 4175/5/3606
f 4181/5/3612 4175/5/3606 4165/5/3596
f 4175/5/3606 4191/5/3622 2297/5/45
f 4175/5/3606 2297/5/45 4163/5/3594
f 4180/5/3611 4192/5/3623 4191/5/3622
f 4180/5/3611 4191/5/3622 4175/5/3606
f 4178/5/3609 4193/5/3624 4192/5/3623
f 4178/5/3609 4192/5/3623 4180/5/3611
f 4177/5/3608 4194/5/3625 4193/5/3624
f 4177/5/3608 4193/5/3624 4178/5/3609
f 2263/5/1901 4163/5/3594 2297/5/45
f 4195/1/3626 4159/1/3590 4158/1/3589
f 4195/1/3626 4158/1/3589 4196/1/3627
f 4189/5/3620 4197/5/3628 4177/5/3608
f 4189/5/3620 4177/5/3608 4176/5/3607
f 4198/1/3629 4199/1/3630 4200/1/3631
f 4198/1/3629 4200/1/3631 4201/1/3632
f 4201/1/3632 4200/1/3631 4202/1/3633
f 4201/1/3632 4202/1/3633 4203/1/3634
f 4200/1/3631 4204/1/3635 4205/1/3636
f 4200/1/3631 4205/1/3636 4202/1/3633
f 4187/5/3618 4186/5/3617 4190/5/3621
f 4187/5/3618 4190/5/3621 4206/5/3637
f 3859/1/3301 4207/1/3638 4198/1/3629
f 3859/1/3301 4198/1/3629 3857/1/3299
f 3857/1/3299 4198/1/3629 4201/1/3632
f 3857/1/3299 4201/1/3632 3856/1/3298
f 3856/1/3298 4201/1/3632 4203/1/3634
f 3856/1/3298 4203/1/3634 3854/1/3296
f 3854/1/3296 4203/1/3634 4208/1/3639
f 3854/1/3296 4208/1/3639 3855/1/3297
f 4203/1/3634 4202/1/3633 4209/1/3640
f 4203/1/3634 4209/1/3640 4208/1/3639
f 4210/5/3641 4164/5/3595 4166/5/3597
f 4210/5/3641 4166/5/3597 4211/5/3642
f 4183/1/3614 4161/1/3592 4174/1/3605
f 4183/1/3614 4174/1/3605 4173/1/3604
f 4211/5/3642 4166/5/3597 2268/5/1906
f 4211/5/3642 2268/5/1906 2320/5/1958
f 4199/1/3630 4212/1/3643 4204/1/3635
f 4199/1/3630 4204/1/3635 4200/1/3631
f 4213/1/3644 4172/1/3603 4214/1/3645
f 4213/1/3644 4214/1/3645 4215/1/3646
f 4216/5/3647 4188/5/3619 4185/5/3616
f 4216/5/3647 4185/5/3616 4184/5/3615
f 4207/1/3638 4215/1/3646 4199/1/3630
f 4207/1/3638 4199/1/3630 4198/1/3629
f 4217/1/3648 4218/1/3649 4168/1/3599
f 4217/1/3648 4168/1/3599 4167/1/3598
f 4219/1/3650 4169/1/3600 4172/1/3603
f 4219/1/3650 4172/1/3603 4213/1/3644
f 4168/1/3599 2330/1/1968 2329/1/1967
f 4168/1/3599 2329/1/1967 2271/1/1909
f 2227/1/1865 4136/1/3567 4167/1/3598
f 2227/1/1865 4167/1/3598 2270/1/1908
f 3855/1/3297 4208/1/3639 4217/1/3648
f 3855/1/3297 4217/1/3648 4139/1/3570
f 4139/1/3570 4217/1/3648 4167/1/3598
f 4139/1/3570 4167/1/3598 4136/1/3567
f 4196/1/3627 4158/1/3589 4160/1/3591
f 4196/1/3627 4160/1/3591 4182/1/3613
f 2331/1/1969 2334/1/1972 4220/1/3651
f 2331/1/1969 4220/1/3651 4221/1/3652
f 4218/1/3649 4222/1/3653 2330/1/1968
f 4218/1/3649 2330/1/1968 4168/1/3599
f 4206/5/3637 4190/5/3621 4164/5/3595
f 4206/5/3637 4164/5/3595 4210/5/3641
f 4202/1/3633 4205/1/3636 4223/1/3654
f 4202/1/3633 4223/1/3654 4209/1/3640
f 4208/1/3639 4209/1/3640 4218/1/3649
f 4208/1/3639 4218/1/3649 4217/1/3648
f 2334/1/1972 2338/1/1976 4224/1/3655
f 2334/1/1972 4224/1/3655 4220/1/3651
f 4221/1/3652 4220/1/3651 4225/1/3656
f 4221/1/3652 4225/1/3656 4226/1/3657
f 2240/1/1878 2331/1/1969 4221/1/3652
f 2240/1/1878 4221/1/3652 4144/1/3575
f 4220/1/3651 4224/1/3655 4227/1/3658
f 4220/1/3651 4227/1/3658 4225/1/3656
f 2338/1/1976 2207/1/1845 4120/1/3551
f 2338/1/1976 4120/1/3551 4224/1/3655
f 4144/1/3575 4221/1/3652 4226/1/3657
f 4144/1/3575 4226/1/3657 4148/1/3579
f 4148/1/3579 4226/1/3657 4228/1/3659
f 4148/1/3579 4228/1/3659 4149/1/3580
f 4226/1/3657 4225/1/3656 4229/1/3660
f 4226/1/3657 4229/1/3660 4228/1/3659
f 4225/1/3656 4227/1/3658 4230/1/3661
f 4225/1/3656 4230/1/3661 4229/1/3660
f 4227/1/3658 4123/1/3554 4125/1/3556
f 4227/1/3658 4125/1/3556 4230/1/3661
f 4224/1/3655 4120/1/3551 4123/1/3554
f 4224/1/3655 4123/1/3554 4227/1/3658
f 2345/1/3662 2348/1/3663 4231/1/3664
f 2345/1/3662 4231/1/3664 4232/1/3665
f 4233/1/3666 4234/1/3667 4219/1/3650
f 4233/1/3666 4219/1/3650 4235/1/3668
f 4235/1/3668 4219/1/3650 4213/1/3644
f 4235/1/3668 4213/1/3644 4236/1/3669
f 4234/1/3667 4237/1/3670 4169/1/3600
f 4234/1/3667 4169/1/3600 4219/1/3650
f 4238/5/3671 4239/5/3672 4197/5/3628
f 4238/5/3671 4197/5/3628 4189/5/3620
f 4149/1/3580 4228/1/3659 4233/1/3666
f 4149/1/3580 4233/1/3666 4240/1/3673
f 4240/1/3673 4233/1/3666 4235/1/3668
f 4240/1/3673 4235/1/3668 4241/1/3674
f 4241/1/3674 4235/1/3668 4236/1/3669
f 4241/1/3674 4236/1/3669 4242/1/3675
f 4242/1/3675 4236/1/3669 4207/1/3638
f 4242/1/3675 4207/1/3638 3859/1/3301
f 4236/1/3669 4213/1/3644 4215/1/3646
f 4236/1/3669 4215/1/3646 4207/1/3638
f 4239/5/3672 4243/5/3676 4244/5/3677
f 4239/5/3672 4244/5/3677 4197/5/3628
f 4170/1/3601 4245/1/3678 4246/1/3679
f 4170/1/3601 4246/1/3679 4171/1/3602
f 4247/5/3680 4238/5/3671 4189/5/3620
f 4247/5/3680 4189/5/3620 4188/5/3619
f 4237/1/3670 4248/1/3681 4170/1/3601
f 4237/1/3670 4170/1/3601 4169/1/3600
f 4230/1/3661 4125/1/3556 4248/1/3681
f 4230/1/3661 4248/1/3681 4237/1/3670
f 4229/1/3660 4230/1/3661 4237/1/3670
f 4229/1/3660 4237/1/3670 4234/1/3667
f 4228/1/3659 4229/1/3660 4234/1/3667
f 4228/1/3659 4234/1/3667 4233/1/3666
f 4249/1/3682 4250/1/3683 4251/1/3684
f 4249/1/3682 4251/1/3684 4245/1/3678
f 4251/1/3684 4252/1/3685 4253/1/3686
f 4251/1/3684 4253/1/3686 4254/1/3687
f 4250/1/3683 4255/1/3688 4252/1/3685
f 4250/1/3683 4252/1/3685 4251/1/3684
f 4252/1/3685 4256/1/3689 4257/1/3690
f 4252/1/3685 4257/1/3690 4253/1/3686
f 4125/1/3556 4124/1/3555 4249/1/3682
f 4125/1/3556 4249/1/3682 4248/1/3681
f 4248/1/3681 4249/1/3682 4245/1/3678
f 4248/1/3681 4245/1/3678 4170/1/3601
f 4215/1/3646 4214/1/3645 4212/1/3643
f 4215/1/3646 4212/1/3643 4199/1/3630
f 4258/5/3691 4247/5/3680 4188/5/3619
f 4258/5/3691 4188/5/3619 4216/5/3647
f 4245/1/3678 4251/1/3684 4254/1/3687
f 4245/1/3678 4254/1/3687 4246/1/3679
f 4253/1/3686 4257/1/3690 4159/1/3590
f 4253/1/3686 4159/1/3590 4195/1/3626
f 4197/5/3628 4244/5/3677 4194/5/3625
f 4197/5/3628 4194/5/3625 4177/5/3608
f 4255/1/3688 4259/1/3692 4256/1/3689
f 4255/1/3688 4256/1/3689 4252/1/3685
f 4127/1/3558 4129/1/3560 4259/1/3692
f 4127/1/3558 4259/1/3692 4255/1/3688
f 4126/1/3557 4127/1/3558 4255/1/3688
f 4126/1/3557 4255/1/3688 4250/1/3683
f 4124/1/3555 4126/1/3557 4250/1/3683
f 4124/1/3555 4250/1/3683 4249/1/3682
f 2348/1/3663 2377/1/2015 4260/1/3693
f 2348/1/3663 4260/1/3693 4231/1/3664
f 4232/1/3665 4231/1/3664 4261/1/3694
f 4232/1/3665 4261/1/3694 4262/1/3695
f 2210/1/1848 2345/1/3662 4232/1/3665
f 2210/1/1848 4232/1/3665 4122/1/3553
f 4231/1/3664 4260/1/3693 4263/1/3696
f 4231/1/3664 4263/1/3696 4261/1/3694
f 2377/1/2015 2253/1/1891 4154/1/3585
f 2377/1/2015 4154/1/3585 4260/1/3693
f 4122/1/3553 4232/1/3665 4262/1/3695
f 4122/1/3553 4262/1/3695 4128/1/3559
f 4128/1/3559 4262/1/3695 4259/1/3692
f 4128/1/3559 4259/1/3692 4129/1/3560
f 4262/1/3695 4261/1/3694 4256/1/3689
f 4262/1/3695 4256/1/3689 4259/1/3692
f 4261/1/3694 4263/1/3696 4257/1/3690
f 4261/1/3694 4257/1/3690 4256/1/3689
f 4263/1/3696 4157/1/3588 4159/1/3590
f 4263/1/3696 4159/1/3590 4257/1/3690
f 4260/1/3693 4154/1/3585 4157/1/3588
f 4260/1/3693 4157/1/3588 4263/1/3696
f 4264/4/3697 4265/4/3698 4266/4/3699
f 4264/4/3697 4266/4/3699 4267/4/3700
f 4268/4/3701 4269/4/3702 4265/4/3698
f 4268/4/3701 4265/4/3698 4264/4/3697
f 4265/4/3698 4270/4/3703 4271/4/3704
f 4265/4/3698 4271/4/3704 4266/4/3699
f 4269/4/3702 4272/4/3705 4270/4/3703
f 4269/4/3702 4270/4/3703 4265/4/3698
f 3830/4/3272 4264/4/3697 4267/4/3700
f 3830/4/3272 4267/4/3700 3579/4/3026
f 3835/4/3277 4273/4/3706 4268/4/3701
f 3835/4/3277 4268/4/3701 3833/4/3275
f 3833/4/3275 4268/4/3701 4264/4/3697
f 3833/4/3275 4264/4/3697 3830/4/3272
f 4270/4/3703 3982/4/3424 3902/4/3344
f 4270/4/3703 3902/4/3344 4271/4/3704
f 4272/4/3705 3983/4/3425 3982/4/3424
f 4272/4/3705 3982/4/3424 4270/4/3703
f 4274/4/3707 2982/4/2463 3983/4/3425
f 4274/4/3707 3983/4/3425 4272/4/3705
f 4275/4/3708 4274/4/3707 4272/4/3705
f 4275/4/3708 4272/4/3705 4269/4/3702
f 4273/4/3706 4275/4/3708 4269/4/3702
f 4273/4/3706 4269/4/3702 4268/4/3701
f 4276/1/3709 4277/1/3710 4278/1/3711
f 4276/1/3709 4278/1/3711 4279/1/3712
f 4279/1/3712 4278/1/3711 4280/1/3713
f 4279/1/3712 4280/1/3713 4281/1/3714
f 4277/1/3710 4282/1/3715 4283/1/3716
f 4277/1/3710 4283/1/3716 4278/1/3711
f 4278/1/3711 4283/1/3716 4284/1/3717
f 4278/1/3711 4284/1/3717 4280/1/3713
f 3422/1/2875 4285/1/3718 4276/1/3709
f 3422/1/2875 4276/1/3709 3952/1/3394
f 3952/1/3394 4276/1/3709 4279/1/3712
f 3952/1/3394 4279/1/3712 3956/1/3398
f 3956/1/3398 4279/1/3712 4281/1/3714
f 3956/1/3398 4281/1/3714 3955/1/3397
f 3955/1/3397 4281/1/3714 4286/1/3719
f 3955/1/3397 4286/1/3719 3823/1/3265
f 4281/1/3714 4280/1/3713 4287/1/3720
f 4281/1/3714 4287/1/3720 4286/1/3719
f 4280/1/3713 4284/1/3717 4288/1/3721
f 4280/1/3713 4288/1/3721 4287/1/3720
f 4284/1/3717 3977/1/3419 3793/1/3235
f 4284/1/3717 3793/1/3235 4288/1/3721
f 4283/1/3716 3976/1/3418 3977/1/3419
f 4283/1/3716 3977/1/3419 4284/1/3717
f 4282/1/3715 3975/1/3417 3976/1/3418
f 4282/1/3715 3976/1/3418 4283/1/3716
f 4289/1/3722 3845/1/3287 3975/1/3417
f 4289/1/3722 3975/1/3417 4282/1/3715
f 4290/1/3723 4289/1/3722 4282/1/3715
f 4290/1/3723 4282/1/3715 4277/1/3710
f 4285/1/3718 4290/1/3723 4277/1/3710
f 4285/1/3718 4277/1/3710 4276/1/3709
f 4291/4/3724 4292/4/3725 4293/4/3726
f 4291/4/3724 4293/4/3726 4294/4/3727
f 4294/4/3727 4293/4/3726 4295/4/3728
f 4294/4/3727 4295/4/3728 4296/4/3729
f 4292/4/3725 4297/4/3730 4298/4/3731
f 4292/4/3725 4298/4/3731 4293/4/3726
f 4293/4/3726 4298/4/3731 4299/4/3732
f 4293/4/3726 4299/4/3732 4295/4/3728
f 3579/4/3026 4267/4/3700 4291/4/3724
f 3579/4/3026 4291/4/3724 3577/4/3024
f 3577/4/3024 4291/4/3724 4294/4/3727
f 3577/4/3024 4294/4/3727 3576/4/3023
f 3576/4/3023 4294/4/3727 4296/4/3729
f 3576/4/3023 4296/4/3729 3575/4/3022
f 3575/4/3022 4296/4/3729 2417/4/2055
f 3575/4/3022 2417/4/2055 1635/4/1288
f 4296/4/3729 4295/4/3728 2418/4/2056
f 4296/4/3729 2418/4/2056 2417/4/2055
f 4295/4/3728 4299/4/3732 2419/4/2057
f 4295/4/3728 2419/4/2057 2418/4/2056
f 4299/4/3732 3906/4/3348 1972/4/1621
f 4299/4/3732 1972/4/1621 2419/4/2057
f 4298/4/3731 3905/4/3347 3906/4/3348
f 4298/4/3731 3906/4/3348 4299/4/3732
f 4297/4/3730 3904/4/3346 3905/4/3347
f 4297/4/3730 3905/4/3347 4298/4/3731
f 4271/4/3704 3902/4/3344 3904/4/3346
f 4271/4/3704 3904/4/3346 4297/4/3730
f 4266/4/3699 4271/4/3704 4297/4/3730
f 4266/4/3699 4297/4/3730 4292/4/3725
f 4267/4/3700 4266/4/3699 4292/4/3725
f 4267/4/3700 4292/4/3725 4291/4/3724
f 4300/1/3733 4301/1/3734 4302/1/3735
f 4300/1/3733 4302/1/3735 4303/1/3736
f 4303/1/3736 4302/1/3735 4304/1/3737
f 4303/1/3736 4304/1/3737 4305/1/3738
f 4301/1/3734 4306/1/3739 4307/1/3740
f 4301/1/3734 4307/1/3740 4302/1/3735
f 4302/1/3735 4307/1/3740 4308/1/3741
f 4302/1/3735 4308/1/3741 4304/1/3737
f 3422/1/2875 4145/1/3576 4300/1/3733
f 3422/1/2875 4300/1/3733 4285/1/3718
f 4285/1/3718 4300/1/3733 4303/1/3736
f 4285/1/3718 4303/1/3736 4290/1/3723
f 4290/1/3723 4303/1/3736 4305/1/3738
f 4290/1/3723 4305/1/3738 4289/1/3722
f 4289/1/3722 4305/1/3738 3846/1/3288
f 4289/1/3722 3846/1/3288 3845/1/3287
f 4305/1/3738 4304/1/3737 3860/1/3302
f 4305/1/3738 3860/1/3302 3846/1/3288
f 4304/1/3737 4308/1/3741 3858/1/3300
f 4304/1/3737 3858/1/3300 3860/1/3302
f 4308/1/3741 4242/1/3675 3859/1/3301
f 4308/1/3741 3859/1/3301 3858/1/3300
f 4307/1/3740 4241/1/3674 4242/1/3675
f 4307/1/3740 4242/1/3675 4308/1/3741
f 4306/1/3739 4240/1/3673 4241/1/3674
f 4306/1/3739 4241/1/3674 4307/1/3740
f 4147/1/3578 4149/1/3580 4240/1/3673
f 4147/1/3578 4240/1/3673 4306/1/3739
f 4146/1/3577 4147/1/3578 4306/1/3739
f 4146/1/3577 4306/1/3739 4301/1/3734
f 4145/1/3576 4146/1/3577 4301/1/3734
f 4145/1/3576 4301/1/3734 4300/1/3733
f 4309/1/3742 4310/1/3743 4311/1/3744
f 4309/1/3742 4311/1/3744 4312/1/3745
f 4312/1/3745 4311/1/3744 4313/1/3746
f 4312/1/3745 4313/1/3746 4314/1/3747
f 4310/1/3743 4315/1/3748 4316/1/3749
f 4310/1/3743 4316/1/3749 4311/1/3744
f 4311/1/3744 4316/1/3749 4317/1/3750
f 4311/1/3744 4317/1/3750 4313/1/3746
f 3823/1/3265 4286/1/3719 4309/1/3742
f 3823/1/3265 4309/1/3742 3821/1/3263
f 3821/1/3263 4309/1/3742 4312/1/3745
f 3821/1/3263 4312/1/3745 3820/1/3262
f 3820/1/3262 4312/1/3745 4314/1/3747
f 3820/1/3262 4314/1/3747 3818/1/3260
f 3818/1/3260 4314/1/3747 4318/1/3751
f 3818/1/3260 4318/1/3751 3819/1/3261
f 4314/1/3747 4313/1/3746 4319/1/3752
f 4314/1/3747 4319/1/3752 4318/1/3751
f 4313/1/3746 4317/1/3750 4320/1/3753
f 4313/1/3746 4320/1/3753 4319/1/3752
f 4317/1/3750 3797/1/3239 2971/1/2452
f 4317/1/3750 2971/1/2452 4320/1/3753
f 4316/1/3749 3796/1/3238 3797/1/3239
f 4316/1/3749 3797/1/3239 4317/1/3750
f 4315/1/3748 3795/1/3237 3796/1/3238
f 4315/1/3748 3796/1/3238 4316/1/3749
f 4288/1/3721 3793/1/3235 3795/1/3237
f 4288/1/3721 3795/1/3237 4315/1/3748
f 4287/1/3720 4288/1/3721 4315/1/3748
f 4287/1/3720 4315/1/3748 4310/1/3743
f 4286/1/3719 4287/1/3720 4310/1/3743
f 4286/1/3719 4310/1/3743 4309/1/3742
f 4321/4/3754 4322/4/3755 4323/4/3756
f 4321/4/3754 4323/4/3756 4324/4/3757
f 4104/1/3535 4325/1/3758 4326/1/3759
f 4104/1/3535 4326/1/3759 4105/1/3536
f 4322/4/3755 3625/4/3071 3626/4/3072
f 4322/4/3755 3626/4/3072 4323/4/3756
f 3520/1/2970 4327/1/3760 4328/1/3761
f 3520/1/2970 4328/1/3761 3521/1/2971
f 3819/1/3261 4318/1/3751 3764/1/3206
f 3819/1/3261 3764/1/3206 3763/1/3205
f 4329/4/3762 4321/4/3754 4324/4/3757
f 4329/4/3762 4324/4/3757 3873/4/3315
f 3863/4/3305 4329/4/3762 3873/4/3315
f 3863/4/3305 3873/4/3315 3864/4/3306
f 3873/4/3315 4324/4/3757 4273/4/3706
f 3873/4/3315 4273/4/3706 3835/4/3277
f 4324/4/3757 4323/4/3756 4275/4/3708
f 4324/4/3757 4275/4/3708 4273/4/3706
f 4323/4/3756 3626/4/3072 4274/4/3707
f 4323/4/3756 4274/4/3707 4275/4/3708
f 3626/4/3072 2976/4/2457 2982/4/2463
f 3626/4/3072 2982/4/2463 4274/4/3707
f 4325/1/3758 2974/1/2455 4330/1/3763
f 4325/1/3758 4330/1/3763 4326/1/3759
f 2974/1/2455 2973/1/2454 3591/1/3038
f 2974/1/2455 3591/1/3038 4330/1/3763
f 4320/1/3753 2971/1/2452 2974/1/2455
f 4320/1/3753 2974/1/2455 4325/1/3758
f 4319/1/3752 4320/1/3753 4325/1/3758
f 4319/1/3752 4325/1/3758 4104/1/3535
f 4318/1/3751 4319/1/3752 4104/1/3535
f 4318/1/3751 4104/1/3535 3764/1/3206
f 4331/2/3764 4332/2/3765 4333/2/3766
f 4331/2/3764 4333/2/3766 4334/2/3767
f 4334/2/3767 4333/2/3766 4335/2/3768
f 4334/2/3767 4335/2/3768 4336/2/3769
f 4332/2/3765 4337/2/3770 4338/2/3771
f 4332/2/3765 4338/2/3771 4333/2/3766
f 4333/2/3766 4338/2/3771 4339/2/3772
f 4333/2/3766 4339/2/3772 4335/2/3768
f 3702/4/3144 3701/4/3143 3718/4/3160
f 3702/4/3144 3718/4/3160 3706/4/3148
f 4340/2/3773 4341/2/3774 4331/2/3764
f 4340/2/3773 4331/2/3764 4342/2/3775
f 4342/2/3775 4331/2/3764 4334/2/3767
f 4342/2/3775 4334/2/3767 4343/2/3776
f 4343/2/3776 4334/2/3767 4336/2/3769
f 4343/2/3776 4336/2/3769 4344/2/3777
f 4336/2/3769 4335/2/3768 4345/2/3778
f 4336/2/3769 4345/2/3778 4346/2/3779
f 4335/2/3768 4339/2/3772 4347/2/3780
f 4335/2/3768 4347/2/3780 4345/2/3778
f 4339/2/3772 4348/2/3781 4349/2/3782
f 4339/2/3772 4349/2/3782 4347/2/3780
f 4338/2/3771 4350/2/3783 4348/2/3781
f 4338/2/3771 4348/2/3781 4339/2/3772
f 4337/2/3770 4351/2/3784 4350/2/3783
f 4337/2/3770 4350/2/3783 4338/2/3771
f 4352/2/3785 4353/2/3786 4351/2/3784
f 4352/2/3785 4351/2/3784 4337/2/3770
f 4354/2/3787 4352/2/3785 4337/2/3770
f 4354/2/3787 4337/2/3770 4332/2/3765
f 4341/2/3774 4354/2/3787 4332/2/3765
f 4341/2/3774 4332/2/3765 4331/2/3764
f 3752/4/3194 3720/4/3162 3719/4/3161
f 3752/4/3194 3719/4/3161 3748/4/3190
f 3748/4/3190 3719/4/3161 4355/4/3788
f 3748/4/3190 4355/4/3788 3749/4/3191
f 4355/4/3788 3719/4/3161 3722/4/3164
f 4355/4/3788 3722/4/3164 4356/4/3789
f 3717/4/3159 3716/4/3158 4355/4/3788
f 3717/4/3159 4355/4/3788 4356/4/3789
f 3757/1/3199 4357/1/3790 4358/1/3791
f 3757/1/3199 4358/1/3791 3745/1/3187
f 3660/1/3105 4359/1/3792 4360/1/3793
f 3660/1/3105 4360/1/3793 3661/1/3106
f 3603/4/3050 3602/4/3049 3762/4/3204
f 3603/4/3050 3762/4/3204 3761/4/3203
f 3746/4/3188 3749/4/3191 3711/4/3153
f 3746/4/3188 3711/4/3153 3710/4/3152
f 3749/4/3191 4355/4/3788 3716/4/3158
f 3749/4/3191 3716/4/3158 3711/4/3153
f 4361/4/3794 4362/4/3795 3721/4/3163
f 4361/4/3794 3721/4/3163 3720/4/3162
f 4363/4/3796 4364/4/3797 4365/4/3798
f 4363/4/3796 4365/4/3798 4366/4/3799
f 3751/4/3193 4361/4/3794 3720/4/3162
f 3751/4/3193 3720/4/3162 3752/4/3194
f 3598/4/3045 4364/4/3797 4363/4/3796
f 3598/4/3045 4363/4/3796 3767/4/3209
f 3767/4/3209 4363/4/3796 4367/4/3800
f 3767/4/3209 4367/4/3800 4368/4/3801
f 4367/4/3800 4363/4/3796 4366/4/3799
f 4367/4/3800 4366/4/3799 4369/4/3802
f 4362/4/3795 4361/4/3794 4367/4/3800
f 4362/4/3795 4367/4/3800 4369/4/3802
f 3587/1/3034 4370/1/3803 3605/1/3052
f 3587/1/3034 3605/1/3052 3604/1/3051
f 3768/4/3210 3767/4/3209 4368/4/3801
f 3768/4/3210 4368/4/3801 4371/4/3804
f 3607/1/3054 3606/1/3053 4357/1/3790
f 3607/1/3054 4357/1/3790 3757/1/3199
f 3745/1/3187 4358/1/3791 4359/1/3792
f 3745/1/3187 4359/1/3792 3660/1/3105
f 4368/4/3801 4367/4/3800 4361/4/3794
f 4368/4/3801 4361/4/3794 3751/4/3193
f 4372/4/3805 4373/4/3806 4365/4/3798
f 4372/4/3805 4365/4/3798 4364/4/3797
f 4374/4/3807 4375/4/3808 4376/4/3809
f 4374/4/3807 4376/4/3809 4377/4/3810
f 3597/4/3044 4372/4/3805 4364/4/3797
f 3597/4/3044 4364/4/3797 3598/4/3045
f 3601/4/3048 4375/4/3808 4374/4/3807
f 3601/4/3048 4374/4/3807 3602/4/3049
f 3602/4/3049 4374/4/3807 4378/4/3811
f 3602/4/3049 4378/4/3811 3762/4/3204
f 4378/4/3811 4374/4/3807 4377/4/3810
f 4378/4/3811 4377/4/3810 4379/4/3812
f 4373/4/3806 4372/4/3805 4378/4/3811
f 4373/4/3806 4378/4/3811 4379/4/3812
f 3608/4/3055 3715/4/3157 3601/4/3048
f 3608/4/3055 3601/4/3048 3600/4/3047
f 3559/4/3006 3600/4/3047 3603/4/3050
f 3559/4/3006 3603/4/3050 3560/4/3007
f 4380/1/3813 4381/1/3814 4382/1/3815
f 4380/1/3813 4382/1/3815 3586/1/3033
f 3586/1/3033 4382/1/3815 4370/1/3803
f 3586/1/3033 4370/1/3803 3587/1/3034
f 3762/4/3204 4378/4/3811 4372/4/3805
f 3762/4/3204 4372/4/3805 3597/4/3044
f 3708/4/3150 3709/4/3151 4376/4/3809
f 3708/4/3150 4376/4/3809 4375/4/3808
f 3585/1/3032 4383/1/3816 4380/1/3813
f 3585/1/3032 4380/1/3813 3586/1/3033
f 3715/4/3157 3708/4/3150 4375/4/3808
f 3715/4/3157 4375/4/3808 3601/4/3048
f 4384/2/3817 4385/2/3818 4386/2/3819
f 4384/2/3817 4386/2/3819 4387/2/3820
f 4387/2/3820 4386/2/3819 4388/2/3821
f 4387/2/3820 4388/2/3821 4389/2/3822
f 4385/2/3818 4390/2/3823 4391/2/3824
f 4385/2/3818 4391/2/3824 4386/2/3819
f 4386/2/3819 4391/2/3824 4392/2/3825
f 4386/2/3819 4392/2/3825 4388/2/3821
f 4393/2/3826 4394/2/3827 4384/2/3817
f 4393/2/3826 4384/2/3817 4395/2/3828
f 4395/2/3828 4384/2/3817 4387/2/3820
f 4395/2/3828 4387/2/3820 4396/2/3829
f 4396/2/3829 4387/2/3820 4389/2/3822
f 4396/2/3829 4389/2/3822 4397/2/3830
f 4397/2/3830 4389/2/3822 4351/2/3784
f 4397/2/3830 4351/2/3784 4353/2/3786
f 4389/2/3822 4388/2/3821 4350/2/3783
f 4389/2/3822 4350/2/3783 4351/2/3784
f 4388/2/3821 4392/2/3825 4348/2/3781
f 4388/2/3821 4348/2/3781 4350/2/3783
f 4392/2/3825 4398/2/3831 4349/2/3782
f 4392/2/3825 4349/2/3782 4348/2/3781
f 4391/2/3824 4399/2/3832 4398/2/3831
f 4391/2/3824 4398/2/3831 4392/2/3825
f 4390/2/3823 4400/2/3833 4399/2/3832
f 4390/2/3823 4399/2/3832 4391/2/3824
f 4401/2/3834 4402/2/3835 4400/2/3833
f 4401/2/3834 4400/2/3833 4390/2/3823
f 4403/2/3836 4401/2/3834 4390/2/3823
f 4403/2/3836 4390/2/3823 4385/2/3818
f 4394/2/3827 4403/2/3836 4385/2/3818
f 4394/2/3827 4385/2/3818 4384/2/3817
f 4404/2/3837 4405/2/3838 4406/2/3839
f 4404/2/3837 4406/2/3839 4407/2/3840
f 4407/2/3840 4406/2/3839 4408/2/3841
f 4407/2/3840 4408/2/3841 4409/2/3842
f 4405/2/3838 4410/2/3843 4411/2/3844
f 4405/2/3838 4411/2/3844 4406/2/3839
f 4406/2/3839 4411/2/3844 4412/2/3845
f 4406/2/3839 4412/2/3845 4408/2/3841
f 4344/2/3777 4336/2/3769 4346/2/3779
f 4344/2/3777 4346/2/3779 4413/2/3846
f 4414/2/3847 4415/2/3848 4404/2/3837
f 4414/2/3847 4404/2/3837 4416/2/3849
f 4416/2/3849 4404/2/3837 4407/2/3840
f 4416/2/3849 4407/2/3840 4417/2/3850
f 4417/2/3850 4407/2/3840 4409/2/3842
f 4417/2/3850 4409/2/3842 4418/2/3851
f 4409/2/3842 4408/2/3841 4354/2/3787
f 4409/2/3842 4354/2/3787 4341/2/3774
f 4408/2/3841 4412/2/3845 4352/2/3785
f 4408/2/3841 4352/2/3785 4354/2/3787
f 4412/2/3845 4397/2/3830 4353/2/3786
f 4412/2/3845 4353/2/3786 4352/2/3785
f 4411/2/3844 4396/2/3829 4397/2/3830
f 4411/2/3844 4397/2/3830 4412/2/3845
f 4410/2/3843 4395/2/3828 4396/2/3829
f 4410/2/3843 4396/2/3829 4411/2/3844
f 4419/2/3852 4393/2/3826 4395/2/3828
f 4419/2/3852 4395/2/3828 4410/2/3843
f 4420/2/3853 4419/2/3852 4410/2/3843
f 4420/2/3853 4410/2/3843 4405/2/3838
f 4415/2/3848 4420/2/3853 4405/2/3838
f 4415/2/3848 4405/2/3838 4404/2/3837
f 4421/2/3854 4422/2/3855 4423/2/3856
f 4421/2/3854 4423/2/3856 4424/2/3857
f 4424/2/3857 4423/2/3856 4425/2/3858
f 4424/2/3857 4425/2/3858 4426/2/3859
f 4422/2/3855 4427/2/3860 4428/2/3861
f 4422/2/3855 4428/2/3861 4423/2/3856
f 4423/2/3856 4428/2/3861 4429/2/3862
f 4423/2/3856 4429/2/3862 4425/2/3858
f 4418/2/3851 4409/2/3842 4341/2/3774
f 4418/2/3851 4341/2/3774 4340/2/3773
f 4430/2/3863 4431/2/3864 4421/2/3854
f 4430/2/3863 4421/2/3854 4432/2/3865
f 4432/2/3865 4421/2/3854 4424/2/3857
f 4432/2/3865 4424/2/3857 4433/2/3866
f 4433/2/3866 4424/2/3857 4426/2/3859
f 4433/2/3866 4426/2/3859 4434/2/3867
f 4426/2/3859 4425/2/3858 4420/2/3853
f 4426/2/3859 4420/2/3853 4415/2/3848
f 4425/2/3858 4429/2/3862 4419/2/3852
f 4425/2/3858 4419/2/3852 4420/2/3853
f 4429/2/3862 4394/2/3827 4393/2/3826
f 4429/2/3862 4393/2/3826 4419/2/3852
f 4428/2/3861 4403/2/3836 4394/2/3827
f 4428/2/3861 4394/2/3827 4429/2/3862
f 4427/2/3860 4401/2/3834 4403/2/3836
f 4427/2/3860 4403/2/3836 4428/2/3861
f 4435/2/3868 4402/2/3835 4401/2/3834
f 4435/2/3868 4401/2/3834 4427/2/3860
f 4436/2/3869 4435/2/3868 4427/2/3860
f 4436/2/3869 4427/2/3860 4422/2/3855
f 4431/2/3864 4436/2/3869 4422/2/3855
f 4431/2/3864 4422/2/3855 4421/2/3854
f 4437/2/3870 4438/2/3871 4439/2/3872
f 4437/2/3870 4439/2/3872 4440/2/3873
f 4440/2/3873 4439/2/3872 4441/2/3874
f 4440/2/3873 4441/2/3874 4442/2/3875
f 4438/2/3871 4443/2/3876 4444/2/3877
f 4438/2/3871 4444/2/3877 4439/2/3872
f 4439/2/3872 4444/2/3877 4445/2/3878
f 4439/2/3872 4445/2/3878 4441/2/3874
f 4434/2/3867 4426/2/3859 4415/2/3848
f 4434/2/3867 4415/2/3848 4414/2/3847
f 4413/2/3846 4346/2/3779 4437/2/3870
f 4413/2/3846 4437/2/3870 4446/2/3879
f 4446/2/3879 4437/2/3870 4440/2/3873
f 4446/2/3879 4440/2/3873 4447/2/3880
f 4447/2/3880 4440/2/3873 4442/2/3875
f 4447/2/3880 4442/2/3875 4448/2/3881
f 4442/2/3875 4441/2/3874 4436/2/3869
f 4442/2/3875 4436/2/3869 4431/2/3864
f 4441/2/3874 4445/2/3878 4435/2/3868
f 4441/2/3874 4435/2/3868 4436/2/3869
f 4445/2/3878 4400/2/3833 4402/2/3835
f 4445/2/3878 4402/2/3835 4435/2/3868
f 4444/2/3877 4399/2/3832 4400/2/3833
f 4444/2/3877 4400/2/3833 4445/2/3878
f 4443/2/3876 4398/2/3831 4399/2/3832
f 4443/2/3876 4399/2/3832 4444/2/3877
f 4347/2/3780 4349/2/3782 4398/2/3831
f 4347/2/3780 4398/2/3831 4443/2/3876
f 4345/2/3778 4347/2/3780 4443/2/3876
f 4345/2/3778 4443/2/3876 4438/2/3871
f 4346/2/3779 4345/2/3778 4438/2/3871
f 4346/2/3779 4438/2/3871 4437/2/3870
f 3722/4/3164 4449/4/3882 4450/4/3883
f 3722/4/3164 4450/4/3883 4356/4/3789
f 4451/4/3884 3717/4/3159 4356/4/3789
f 4451/4/3884 4356/4/3789 4450/4/3883
f 4452/4/3885 4453/4/3886 4454/4/3887
f 4452/4/3885 4454/4/3887 4449/4/3882
f 4449/4/3882 4454/4/3887 4455/4/3881
f 4449/4/3882 4455/4/3881 4450/4/3883
f 3718/4/3160 4456/4/3888 4457/4/3889
f 3718/4/3160 4457/4/3889 3706/4/3148
f 4452/4/3885 3721/4/3163 4362/4/3795
f 4452/4/3885 4362/4/3795 4458/4/3890
f 4450/4/3883 4455/4/3881 4459/4/3863
f 4450/4/3883 4459/4/3863 4451/4/3884
f 4458/4/3890 4460/4/3846 4453/4/3886
f 4458/4/3890 4453/4/3886 4452/4/3885
f 3706/4/3148 4457/4/3889 4461/4/3891
f 3706/4/3148 4461/4/3891 3707/4/3149
f 4462/4/3892 3709/4/3151 3707/4/3149
f 4462/4/3892 3707/4/3149 4461/4/3891
f 4456/4/3888 4463/4/3865 4464/4/3866
f 4456/4/3888 4464/4/3866 4457/4/3889
f 4457/4/3889 4464/4/3866 4465/4/3867
f 4457/4/3889 4465/4/3867 4461/4/3891
f 4376/4/3809 4466/4/3893 4467/4/3894
f 4376/4/3809 4467/4/3894 4377/4/3810
f 4456/4/3888 3718/4/3160 3717/4/3159
f 4456/4/3888 3717/4/3159 4451/4/3884
f 4461/4/3891 4465/4/3867 4468/4/3895
f 4461/4/3891 4468/4/3895 4462/4/3892
f 4451/4/3884 4459/4/3863 4463/4/3865
f 4451/4/3884 4463/4/3865 4456/4/3888
f 4377/4/3810 4467/4/3894 4469/4/3896
f 4377/4/3810 4469/4/3896 4379/4/3812
f 4470/4/3897 4373/4/3806 4379/4/3812
f 4470/4/3897 4379/4/3812 4469/4/3896
f 4466/4/3893 4471/4/3898 4472/4/3899
f 4466/4/3893 4472/4/3899 4467/4/3894
f 4467/4/3894 4472/4/3899 4473/4/3851
f 4467/4/3894 4473/4/3851 4469/4/3896
f 4365/4/3798 4474/4/3900 4475/4/3901
f 4365/4/3798 4475/4/3901 4366/4/3799
f 4466/4/3893 4376/4/3809 3709/4/3151
f 4466/4/3893 3709/4/3151 4462/4/3892
f 4469/4/3896 4473/4/3851 4476/4/3773
f 4469/4/3896 4476/4/3773 4470/4/3897
f 4462/4/3892 4468/4/3895 4471/4/3898
f 4462/4/3892 4471/4/3898 4466/4/3893
f 4366/4/3799 4475/4/3901 4477/4/3902
f 4366/4/3799 4477/4/3902 4369/4/3802
f 4362/4/3795 4369/4/3802 4477/4/3902
f 4362/4/3795 4477/4/3902 4458/4/3890
f 4474/4/3900 4478/4/3775 4479/4/3776
f 4474/4/3900 4479/4/3776 4475/4/3901
f 4475/4/3901 4479/4/3776 4480/4/3777
f 4475/4/3901 4480/4/3777 4477/4/3902
f 4448/2/3881 4442/2/3875 4431/2/3864
f 4448/2/3881 4431/2/3864 4430/2/3863
f 4474/4/3900 4365/4/3798 4373/4/3806
f 4474/4/3900 4373/4/3806 4470/4/3897
f 4477/4/3902 4480/4/3777 4460/4/3846
f 4477/4/3902 4460/4/3846 4458/4/3890
f 4470/4/3897 4476/4/3773 4478/4/3775
f 4470/4/3897 4478/4/3775 4474/4/3900
f 4481/1/3903 4482/1/3904 4483/1/3905
f 4481/1/3903 4483/1/3905 4484/1/3906
f 4113/5/3544 4485/5/2234 4486/5/3907
f 4113/5/3544 4486/5/3907 4114/5/3545
f 4482/1/3904 4487/1/3908 4488/1/3909
f 4482/1/3904 4488/1/3909 4483/1/3905
f 4489/1/3910 3758/1/3200 3759/1/3201
f 4489/1/3910 3759/1/3201 4487/1/3908
f 3486/5/2937 4490/5/3911 3495/5/2945
f 3486/5/2937 3495/5/2945 3487/5/2938
f 4491/1/87 4481/1/3903 4484/1/3906
f 4491/1/87 4484/1/3906 3694/1/3137
f 3682/1/3125 4491/1/87 3694/1/3137
f 3682/1/3125 3694/1/3137 3683/1/3126
f 3694/1/3137 4484/1/3906 4492/1/3912
f 3694/1/3137 4492/1/3912 3675/1/3120
f 4484/1/3906 4483/1/3905 4493/1/3913
f 4484/1/3906 4493/1/3913 4492/1/3912
f 4483/1/3905 4488/1/3909 4494/1/3914
f 4483/1/3905 4494/1/3914 4493/1/3913
f 4488/1/3909 3760/1/3202 3739/1/3181
f 4488/1/3909 3739/1/3181 4494/1/3914
f 4495/4/3915 4496/4/3916 4497/4/3917
f 4495/4/3915 4497/4/3917 4498/4/3918
f 4487/1/3908 3759/1/3201 3760/1/3202
f 4487/1/3908 3760/1/3202 4488/1/3909
f 3641/5/3087 4499/5/3919 4500/5/3920
f 3641/5/3087 4500/5/3920 4501/5/3921
f 3477/1/2928 3476/1/2927 3758/1/3200
f 3477/1/2928 3758/1/3200 4489/1/3910
f 3636/5/3082 4501/5/3921 4113/5/3544
f 3636/5/3082 4113/5/3544 3637/5/3083
f 3672/4/3117 4502/4/3922 4503/4/3923
f 3672/4/3117 4503/4/3923 3673/4/3118
f 4502/4/3922 3743/4/3185 3744/4/3186
f 4502/4/3922 3744/4/3186 4503/4/3923
f 3697/5/3139 4504/5/3924 4505/5/3925
f 3697/5/3139 4505/5/3925 4506/5/3926
f 4327/1/3760 2977/1/2458 2980/1/2461
f 4327/1/3760 2980/1/2461 4328/1/3761
f 3675/1/3120 4492/1/3912 3520/1/2970
f 3675/1/3120 3520/1/2970 3519/1/2969
f 3656/4/3101 3671/4/3116 3670/4/3115
f 3656/4/3101 3670/4/3115 3657/4/3102
f 3753/4/3195 3752/4/3194 3748/4/3190
f 3753/4/3195 3748/4/3190 3747/4/3189
f 3670/4/3115 3673/4/3118 4507/4/3927
f 3670/4/3115 4507/4/3927 3499/4/2949
f 3673/4/3118 4503/4/3923 4508/4/3928
f 3673/4/3118 4508/4/3928 4507/4/3927
f 4503/4/3923 3744/4/3186 4509/4/3929
f 4503/4/3923 4509/4/3929 4508/4/3928
f 3744/4/3186 3742/4/3184 3725/4/3167
f 3744/4/3186 3725/4/3167 4509/4/3929
f 4510/1/3930 4511/1/3931 3475/1/2926
f 4510/1/3930 3475/1/2926 3474/1/2925
f 2978/1/2459 3659/1/3104 3658/1/3103
f 2978/1/2459 3658/1/3103 2979/1/2460
f 4494/1/3914 3739/1/3181 2978/1/2459
f 4494/1/3914 2978/1/2459 2977/1/2458
f 4493/1/3913 4494/1/3914 2977/1/2458
f 4493/1/3913 2977/1/2458 4327/1/3760
f 4492/1/3912 4493/1/3913 4327/1/3760
f 4492/1/3912 4327/1/3760 3520/1/2970
f 3492/5/2942 4512/5/3932 4513/5/3933
f 3492/5/2942 4513/5/3933 3493/5/2943
f 4496/4/3916 4514/4/3934 4515/4/3935
f 4496/4/3916 4515/4/3935 4497/4/3917
f 4512/5/3932 4516/5/3936 4517/5/3937
f 4512/5/3932 4517/5/3937 4513/5/3933
f 4514/4/3934 3727/4/3169 3728/4/3170
f 4514/4/3934 3728/4/3170 4515/4/3935
f 3499/4/2949 4507/4/3927 4495/4/3915
f 3499/4/2949 4495/4/3915 3500/4/2950
f 3456/4/2908 3500/4/2950 4518/4/3938
f 3456/4/2908 4518/4/3938 3457/4/2909
f 3500/4/2950 4495/4/3915 4498/4/3918
f 3500/4/2950 4498/4/3918 4518/4/3938
f 3698/5/3140 3697/5/3139 4506/5/3926
f 3698/5/3140 4506/5/3926 4519/5/3939
f 3493/5/2943 4513/5/3933 4520/5/3940
f 3493/5/2943 4520/5/3940 3645/5/3090
f 4101/4/3532 4100/4/3531 4115/4/3546
f 4101/4/3532 4115/4/3546 4108/4/3539
f 4520/5/3940 4521/5/3941 4522/5/3942
f 4520/5/3940 4522/5/3942 4504/5/3924
f 3640/5/3086 4523/5/3943 4499/5/3919
f 3640/5/3086 4499/5/3919 3641/5/3087
f 4515/4/3935 3728/4/3170 3729/4/3171
f 4515/4/3935 3729/4/3171 4524/4/3944
f 4509/4/3929 3725/4/3167 3727/4/3169
f 4509/4/3929 3727/4/3169 4514/4/3934
f 4508/4/3928 4509/4/3929 4514/4/3934
f 4508/4/3928 4514/4/3934 4496/4/3916
f 4507/4/3927 4508/4/3928 4496/4/3916
f 4507/4/3927 4496/4/3916 4495/4/3915
f 4525/5/3945 3639/5/3085 3642/5/3088
f 4525/5/3945 3642/5/3088 4526/5/3946
f 4504/5/3924 4522/5/3942 4527/5/3947
f 4504/5/3924 4527/5/3947 4505/5/3925
f 3590/4/3037 3558/4/3005 3557/4/3004
f 3590/4/3037 3557/4/3004 3593/4/3040
f 4511/1/3931 4383/1/3816 3585/1/3032
f 4511/1/3931 3585/1/3032 3475/1/2926
f 3461/5/2912 3644/5/3089 3489/5/2940
f 3461/5/2912 3489/5/2940 3482/5/2933
f 4528/5/3948 3463/5/2914 3466/5/2917
f 4528/5/3948 3466/5/2917 3699/5/3141
f 3664/1/3109 3652/1/3097 3655/1/3100
f 3664/1/3109 3655/1/3100 3669/1/3114
f 3466/5/2917 3465/5/2916 4490/5/3911
f 3466/5/2917 4490/5/3911 3486/5/2937
f 3642/5/3088 3641/5/3087 4501/5/3921
f 3642/5/3088 4501/5/3921 3636/5/3082
f 3469/4/2920 3455/4/2907 3458/4/2910
f 3469/4/2920 3458/4/2910 4116/4/3547
f 4501/5/3921 4500/5/3920 4485/5/2234
f 4501/5/3921 4485/5/2234 4113/5/3544
f 4529/2/3949 4530/2/3950 4531/2/3951
f 4529/2/3949 4531/2/3951 4532/2/3952
f 4524/4/3944 3729/4/3171 3588/4/3035
f 4524/4/3944 3588/4/3035 3633/4/3079
f 4513/5/3933 4517/5/3937 4521/5/3941
f 4513/5/3933 4521/5/3941 4520/5/3940
f 3645/5/3090 4520/5/3940 4504/5/3924
f 3645/5/3090 4504/5/3924 3697/5/3139
f 2249/1/1887 2655/1/2281 4155/1/3586
f 2249/1/1887 4155/1/3586 4150/1/3581
f 4155/1/3586 2655/1/2281 2279/1/1916
f 4155/1/3586 2279/1/1916 4174/1/3605
f 3721/4/3163 4452/4/3885 4449/4/3882
f 3721/4/3163 4449/4/3882 3722/4/3164
f 3109/2/58 77/2/54 79/2/72
f 3109/2/58 79/2/72 3102/2/2579
f 4533/1/3953 3037/1/2514 3106/1/2582
f 4533/1/3953 3106/1/2582 4534/1/3954
f 3101/1/2578 4534/1/3954 3106/1/2582
f 3101/1/2578 3106/1/2582 3099/1/2576
f 3037/1/2514 4533/1/3953 3107/1/2583
f 3037/1/2514 3107/1/2583 3034/1/2512
f 3104/2/2580 71/2/66 3102/2/2579
f 3104/2/2580 3102/2/2579 79/2/72
f 4535/1/3955 4536/1/3956 3017/1/2496
f 4535/1/3955 3017/1/2496 3016/1/2495
f 4537/2/3957 4538/2/3958 3261/2/2717
f 4537/2/3957 3261/2/2717 3262/2/2721
f 3019/2/2498 4539/2/3959 4540/2/2497
f 3019/2/2498 4540/2/2497 3014/2/2493
f 3014/2/2493 4540/2/2497 4541/2/3960
f 3014/2/2493 4541/2/3960 3011/2/2489
f 3020/2/2499 4542/2/3961 4539/2/3959
f 3020/2/2499 4539/2/3959 3019/2/2498
f 3269/2/2728 4543/2/3962 4544/2/3963
f 3269/2/2728 4544/2/3963 3270/2/2729
f 3276/2/2734 4545/2/3964 4546/2/3965
f 3276/2/2734 4546/2/3965 3274/2/2732
f 3274/2/2732 4546/2/3965 4543/2/3962
f 3274/2/2732 4543/2/3962 3269/2/2728
f 4543/2/3962 4547/2/3966 4548/2/3967
f 4543/2/3962 4548/2/3967 4544/2/3963
f 4545/2/3964 4549/2/3968 4550/2/3969
f 4545/2/3964 4550/2/3969 4546/2/3965
f 4546/2/3965 4550/2/3969 4547/2/3966
f 4546/2/3965 4547/2/3966 4543/2/3962
f 3252/2/2712 3242/2/2704 3236/2/2698
f 3252/2/2712 3236/2/2698 3249/2/2709
f 3250/2/2710 3277/2/2735 4551/2/3970
f 3250/2/2710 4551/2/3970 3247/2/2706
f 3249/2/2709 3236/2/2698 3235/2/2697
f 3249/2/2709 3235/2/2697 3250/2/2710
f 4552/2/73 4537/2/3957 3262/2/2721
f 4552/2/73 3262/2/2721 3240/2/2702
f 3240/2/2702 3239/2/2701 4553/2/74
f 3240/2/2702 4553/2/74 4552/2/73
f 3255/2/2715 3237/2/2699 3240/2/2702
f 3255/2/2715 3240/2/2702 3262/2/2721
f 3295/2/2752 3315/2/2770 3299/2/2756
f 3295/2/2752 3299/2/2756 3296/2/2753
f 3319/2/2774 3316/2/2771 3315/2/2770
f 3319/2/2774 3315/2/2770 3295/2/2752
f 3298/2/2755 4554/2/3971 3293/2/2751
f 3298/2/2755 3293/2/2751 3296/2/2753
f 3283/2/2741 4043/2/3481 3307/2/2764
f 3283/2/2741 3307/2/2764 3306/2/2763
f 3282/2/2740 4040/2/3478 4043/2/3481
f 3282/2/2740 4043/2/3481 3283/2/2741
f 3305/2/2762 4555/2/3972 4556/2/3973
f 3305/2/2762 4556/2/3973 3306/2/2763
f 3031/2/2508 2999/2/2480 2998/2/2479
f 3031/2/2508 2998/2/2479 3032/2/2510
f 3032/2/2510 2998/2/2479 3567/2/3014
f 3032/2/2510 3567/2/3014 3038/2/2515
f 4557/2/3974 4558/2/3975 3038/2/2515
f 4557/2/3974 3038/2/2515 3567/2/3014
f 3042/1/2519 3065/1/2542 3071/1/2548
f 3042/1/2519 3071/1/2548 3069/1/2546
f 4559/2/3976 4560/2/3977 4561/2/3978
f 4559/2/3976 4561/2/3978 4562/2/3979
f 4034/2/79 4563/2/3980 4029/2/3470
f 4034/2/79 4029/2/3470 4035/2/3473
f 4564/2/3981 4565/2/3982 4560/2/3977
f 4564/2/3981 4560/2/3977 4559/2/3976
f 4562/2/3979 4561/2/3978 4036/2/3474
f 4562/2/3979 4036/2/3474 4035/2/3473
f 3996/2/3438 4559/2/3976 4562/2/3979
f 3996/2/3438 4562/2/3979 4028/2/3469
f 4563/2/3980 4566/2/3472 4030/2/3471
f 4563/2/3980 4030/2/3471 4029/2/3470
f 3995/2/3437 4564/2/3981 4559/2/3976
f 3995/2/3437 4559/2/3976 3996/2/3438
f 4028/2/3469 4562/2/3979 4035/2/3473
f 4028/2/3469 4035/2/3473 4029/2/3470
f 4021/2/3463 83/2/76 85/2/78
f 4021/2/3463 85/2/78 4022/2/3464
f 4567/2/3983 4568/2/3984 4569/2/3985
f 4567/2/3983 4569/2/3985 4570/2/3986
f 4567/2/3983 4571/2/3987 4019/2/3461
f 4567/2/3983 4019/2/3461 4022/2/3464
f 4568/2/3984 4567/2/3983 4022/2/3464
f 4568/2/3984 4022/2/3464 85/2/78
f 1067/1/755 3043/1/2520 3067/1/2544
f 1067/1/755 3067/1/2544 1071/1/759
f 87/1/80 4046/1/3474 4045/1/3483
f 87/1/80 4045/1/3483 4572/1/3988
f 3006/1/2487 3025/1/2504 3027/1/2506
f 3006/1/2487 3027/1/2506 3007/1/2488
f 4024/1/3461 4573/1/3989 4053/1/3487
f 4024/1/3461 4053/1/3487 4025/1/3466
f 4025/1/3466 4053/1/3487 4052/1/3468
f 4025/1/3466 4052/1/3468 4031/1/3471
f 66/1/62 65/1/61 3410/1/2863
f 66/1/62 3410/1/2863 3009/1/2490
f 4156/1/3587 4155/1/3586 4174/1/3605
f 4156/1/3587 4174/1/3605 4161/1/3592
f 4574/2/3990 4575/2/3991 4576/2/3992
f 4574/2/3990 4576/2/3992 4577/2/3140
f 4578/2/2936 4579/2/3993 4580/2/3029
f 4578/2/2936 4580/2/3029 4581/2/3141
f 4579/2/3993 4578/2/2936 4582/2/2939
f 4579/2/3993 4582/2/2939 4583/2/3068
f 4584/2/3061 4585/2/2935 4586/2/3994
f 4584/2/3061 4586/2/3994 4587/2/3995
f 4588/2/3996 4589/2/3997 4590/2/3998
f 4588/2/3996 4590/2/3998 4591/2/3999
f 4592/2/3932 4593/2/3917 4594/2/3935
f 4592/2/3932 4594/2/3935 4595/2/3936
f 4596/2/4000 4597/2/3538 4598/2/4001
f 4596/2/4000 4598/2/4001 4599/2/3528
f 4600/2/3537 4601/2/4002 4602/2/3526
f 4600/2/3537 4602/2/3526 4603/2/3509
f 4597/2/3538 4596/2/4000 4604/2/4003
f 4597/2/3538 4604/2/4003 4605/2/3136
f 4606/2/2904 4607/2/3547 96/2/89
f 4606/2/2904 96/2/89 95/2/88
f 4608/2/2932 4609/2/3092 4610/2/4004
f 4608/2/2932 4610/2/4004 4611/2/2913
f 4609/2/3092 4608/2/2932 4585/2/2935
f 4609/2/3092 4585/2/2935 4584/2/3061
f 4612/2/3028 4613/2/4005 4581/2/3141
f 4612/2/3028 4581/2/3141 4580/2/3029
f 4614/2/3122 4615/2/3069 99/2/92
f 4614/2/3122 99/2/92 98/2/91
f 4616/2/3942 4617/2/3039 4618/2/4006
f 4616/2/3942 4618/2/4006 4619/2/4007
f 4620/2/3081 4621/2/4008 4530/2/3950
f 4620/2/3081 4530/2/3950 4529/2/3949
f 4621/2/4008 4620/2/3081 4622/2/3084
f 4621/2/4008 4622/2/3084 4623/2/2945
f 4599/2/3528 4598/2/4001 4624/2/4009
f 4599/2/3528 4624/2/4009 4625/2/3529
f 4626/2/2944 4627/2/3089 89/2/82
f 4626/2/2944 89/2/82 91/2/84
f 4628/2/4010 4629/2/4011 4630/2/3937
f 4628/2/4010 4630/2/3937 4631/2/4012
f 4629/2/4011 4628/2/4010 4617/2/3039
f 4629/2/4011 4617/2/3039 4616/2/3942
f 4632/2/2924 4633/2/3134 4605/2/3136
f 4632/2/2924 4605/2/3136 4604/2/4003
f 4634/2/4013 4635/2/3132 4636/2/3129
f 4634/2/4013 4636/2/3129 4637/2/3507
f 4638/2/3943 4639/2/4014 4640/2/4015
f 4638/2/3943 4640/2/4015 4641/2/4016
f 4642/2/3903 4643/2/3138 4644/2/3545
f 4642/2/3903 4644/2/3545 4645/2/3904
f 91/2/84 90/2/83 4646/2/4017
f 91/2/84 4646/2/4017 4647/2/2942
f 90/2/83 89/2/82 4648/2/4018
f 90/2/83 4648/2/4018 4649/2/2909
f 4595/2/3936 4594/2/3935 4631/2/4012
f 4595/2/3936 4631/2/4012 4630/2/3937
f 4635/2/3132 4634/2/4013 4615/2/3069
f 4635/2/3132 4615/2/3069 4614/2/3122
f 4583/2/3068 4582/2/2939 100/2/93
f 4583/2/3068 100/2/93 99/2/92
f 4650/2/2940 4651/2/4019 4577/2/3140
f 4650/2/2940 4577/2/3140 4576/2/3992
f 4651/2/4019 4650/2/2940 4627/2/3089
f 4651/2/4019 4627/2/3089 4626/2/2944
f 4652/2/3920 4653/2/2928 4589/2/3997
f 4652/2/3920 4589/2/3997 4588/2/3996
f 4653/2/2928 4652/2/3920 4641/2/4016
f 4653/2/2928 4641/2/4016 4640/2/4015
f 4654/2/2923 4655/2/3135 4633/2/3134
f 4654/2/2923 4633/2/3134 4632/2/2924
f 4655/2/3135 4654/2/2923 4607/2/3547
f 4655/2/3135 4607/2/3547 4606/2/2904
f 95/2/88 97/2/90 4611/2/2913
f 95/2/88 4611/2/2913 4610/2/4004
f 97/2/90 96/2/89 4649/2/2909
f 97/2/90 4649/2/2909 4648/2/4018
f 98/2/91 100/2/93 4656/2/2947
f 98/2/91 4656/2/2947 4657/2/3125
f 4647/2/2942 4646/2/4017 4593/2/3917
f 4647/2/2942 4593/2/3917 4592/2/3932
f 4623/2/2945 4622/2/3084 93/2/86
f 4623/2/2945 93/2/86 92/2/85
f 94/2/87 93/2/86 4643/2/3138
f 94/2/87 4643/2/3138 4642/2/3903
f 4645/2/3904 4644/2/3545 4591/2/3999
f 4645/2/3904 4591/2/3999 4590/2/3998
f 92/2/85 94/2/87 4657/2/3125
f 92/2/85 4657/2/3125 4656/2/2947
f 4658/2/3510 4659/2/3512 4660/2/4020
f 4658/2/3510 4660/2/4020 4661/2/4021
f 4661/2/4021 4660/2/4020 4637/2/3507
f 4661/2/4021 4637/2/3507 4636/2/3129
f 4659/2/3512 4658/2/3510 4603/2/3509
f 4659/2/3512 4603/2/3509 4602/2/3526
f 4526/5/3946 3642/5/3088 3636/5/3082
f 4526/5/3946 3636/5/3082 3635/5/3081
f 4662/2/3203 4663/2/3815 4664/2/4022
f 4662/2/3203 4664/2/4022 4665/2/3050
f 4666/2/4023 4667/2/3761 4668/2/2461
f 4666/2/4023 4668/2/2461 4669/2/4024
f 4670/2/4025 4671/2/4026 4669/2/4024
f 4670/2/4025 4669/2/4024 4668/2/2461
f 4672/2/2995 4673/2/4027 4674/2/4028
f 4672/2/2995 4674/2/4028 4675/2/2988
f 4671/2/4026 4670/2/4025 4676/2/4029
f 4671/2/4026 4676/2/4029 4677/2/4030
f 4678/2/4031 4679/2/2975 4680/2/4032
f 4678/2/4031 4680/2/4032 4681/2/3011
f 4682/2/3002 4683/2/2900 4684/2/2986
f 4682/2/3002 4684/2/2986 4685/2/4033
f 4679/2/2975 4678/2/4031 4686/2/2998
f 4679/2/2975 4686/2/2998 4687/2/2864
f 4683/2/2900 4682/2/3002 4688/2/2865
f 4683/2/2900 4688/2/2865 4689/2/2901
f 4665/2/3050 4664/2/4022 4690/2/4034
f 4665/2/3050 4690/2/4034 4691/2/3007
f 4692/2/4035 4693/2/4036 4694/2/4037
f 4692/2/4035 4694/2/4037 4695/2/4038
f 4696/2/2439 4697/2/4039 4698/2/4040
f 4696/2/2439 4698/2/4040 4699/2/2446
f 4700/2/4041 4701/2/2881 4702/2/2451
f 4700/2/4041 4702/2/2451 4703/2/2886
f 4704/2/4042 4705/2/4043 4691/2/3007
f 4704/2/4042 4691/2/3007 4690/2/4034
f 4706/2/3525 4707/2/4044 4708/2/3063
f 4706/2/3525 4708/2/3063 4709/2/4045
f 4710/2/4046 4711/2/4047 4712/2/3381
f 4710/2/4046 4712/2/3381 4713/2/4048
f 4701/2/2881 4700/2/4041 4714/2/3403
f 4701/2/2881 4714/2/3403 4715/2/4049
f 4716/2/4050 4717/2/3803 4663/2/3815
f 4716/2/4050 4663/2/3815 4662/2/3203
f 4717/2/3803 4716/2/4050 4718/2/4051
f 4717/2/3803 4718/2/4051 4719/2/4052
f 3502/2/2952 3439/2/2892 3438/2/2891
f 3502/2/2952 3438/2/2891 3503/2/2953
f 1577/2/1232 1925/2/1574 3508/2/2958
f 1577/2/1232 3508/2/2958 3507/2/2957
f 4720/2/3304 4721/2/3180 4722/2/4053
f 4720/2/3304 4722/2/4053 4723/2/3305
f 4724/2/4054 4725/2/3270 4726/2/3402
f 4724/2/4054 4726/2/3402 4727/2/3428
f 4681/2/3011 4680/2/4032 4728/2/4055
f 4681/2/3011 4728/2/4055 4729/2/3513
f 4730/2/3271 4731/2/4056 4721/2/3180
f 4730/2/3271 4721/2/3180 4720/2/3304
f 4732/2/4057 4733/2/2469 4734/2/3310
f 4732/2/4057 4734/2/3310 4735/2/3376
f 4731/2/4056 4730/2/3271 4725/2/3270
f 4731/2/4056 4725/2/3270 4724/2/4054
f 4736/2/4058 4737/2/4059 4738/2/3518
f 4736/2/4058 4738/2/3518 4739/2/4060
f 4739/2/4060 4738/2/3518 4740/2/4061
f 4739/2/4060 4740/2/4061 4741/2/4062
f 4742/2/3754 4743/2/3207 4744/2/4063
f 4742/2/3754 4744/2/4063 4745/2/3755
f 4737/2/4059 4736/2/4058 4746/2/4064
f 4737/2/4059 4746/2/4064 4747/2/2450
f 4703/2/2886 4702/2/2451 4747/2/2450
f 4703/2/2886 4747/2/2450 4746/2/4064
f 4748/2/2989 4749/2/4065 4750/2/2963
f 4748/2/2989 4750/2/2963 4751/2/2976
f 4751/2/2976 4750/2/2963 3533/2/2962
f 4751/2/2976 3533/2/2962 3534/2/2982
f 4733/2/2469 4732/2/4057 4699/2/2446
f 4733/2/2469 4699/2/2446 4698/2/4040
f 4749/2/4065 4748/2/2989 4675/2/2988
f 4749/2/4065 4675/2/2988 4674/2/4028
f 4695/2/4038 4694/2/4037 4752/2/4066
f 4695/2/4038 4752/2/4066 4753/2/4067
f 4754/2/3762 4755/2/3208 4743/2/3207
f 4754/2/3762 4743/2/3207 4742/2/3754
f 4756/2/3763 4757/2/2456 4758/2/3071
f 4756/2/3763 4758/2/3071 4759/2/4068
f 4760/2/3792 4761/2/4069 4762/2/4070
f 4760/2/3792 4762/2/4070 4763/2/3793
f 4764/2/4071 4765/2/2971 4667/2/3761
f 4764/2/4071 4667/2/3761 4666/2/4023
f 4755/2/3208 4754/2/3762 4723/2/3305
f 4755/2/3208 4723/2/3305 4722/2/4053
f 4685/2/4033 4684/2/2986 4673/2/4027
f 4685/2/4033 4673/2/4027 4672/2/2995
f 4757/2/2456 4756/2/3763 4766/2/4072
f 4757/2/2456 4766/2/4072 4767/2/2438
f 3503/2/2953 3438/2/2891 3507/2/2957
f 3503/2/2953 3507/2/2957 3508/2/2958
f 4687/2/2864 4686/2/2998 4689/2/2901
f 4687/2/2864 4689/2/2901 4688/2/2865
f 4768/2/4073 4769/2/4074 4705/2/4043
f 4768/2/4073 4705/2/4043 4704/2/4042
f 4763/2/3793 4762/2/4070 4770/2/4075
f 4763/2/3793 4770/2/4075 4771/2/4076
f 4772/2/4077 4773/2/4078 4713/2/4048
f 4772/2/4077 4713/2/4048 4712/2/3381
f 4773/2/4078 4772/2/4077 4774/2/4079
f 4773/2/4078 4774/2/4079 4775/2/3399
f 4775/2/3399 4774/2/4079 4776/2/4080
f 4775/2/3399 4776/2/4080 4777/2/4081
f 4727/2/3428 4726/2/3402 4715/2/4049
f 4727/2/3428 4715/2/4049 4714/2/3403
f 4729/2/3513 4728/2/4055 4778/2/4082
f 4729/2/3513 4778/2/4082 4779/2/4083
f 4719/2/4052 4718/2/4051 4780/2/4084
f 4719/2/4052 4780/2/4084 4781/2/3053
f 4782/2/4085 4783/2/4086 4765/2/2971
f 4782/2/4085 4765/2/2971 4764/2/4071
f 4783/2/4086 4782/2/4085 4753/2/4067
f 4783/2/4086 4753/2/4067 4752/2/4066
f 4781/2/3053 4780/2/4084 4784/2/3804
f 4781/2/3053 4784/2/3804 4785/2/4087
f 3516/2/2966 3546/2/2993 3439/2/2892
f 3516/2/2966 3439/2/2892 3502/2/2952
f 3534/2/2982 3533/2/2962 3532/2/2981
f 3534/2/2982 3532/2/2981 3515/2/2965
f 3546/2/2993 3516/2/2966 3515/2/2965
f 3546/2/2993 3515/2/2965 3532/2/2981
f 4786/2/4088 4787/2/4089 4693/2/4036
f 4786/2/4088 4693/2/4036 4692/2/4035
f 4677/2/4030 4676/2/4029 4771/2/4076
f 4677/2/4030 4771/2/4076 4770/2/4075
f 4788/2/4090 4789/2/4091 4790/2/4092
f 4788/2/4090 4790/2/4092 4791/2/4093
f 4767/2/2438 4766/2/4072 4697/2/4039
f 4767/2/2438 4697/2/4039 4696/2/2439
f 4745/2/3755 4744/2/4063 4759/2/4068
f 4745/2/3755 4759/2/4068 4758/2/3071
f 4792/2/4094 4793/2/4095 4761/2/4069
f 4792/2/4094 4761/2/4069 4760/2/3792
f 4793/2/4095 4792/2/4094 4785/2/4087
f 4793/2/4095 4785/2/4087 4784/2/3804
f 4735/2/3376 4734/2/3310 4711/2/4047
f 4735/2/3376 4711/2/4047 4710/2/4046
f 2921/2/1669 2922/2/2418 4777/2/4081
f 2921/2/1669 4777/2/4081 4776/2/4080
f 4787/2/4089 4786/2/4088 4779/2/4083
f 4787/2/4089 4779/2/4083 4778/2/4082
f 4574/2/3990 4532/2/3952 4531/2/3951
f 4574/2/3990 4531/2/3951 4575/2/3991
f 4600/2/3537 4625/2/3529 4624/2/4009
f 4600/2/3537 4624/2/4009 4601/2/4002
f 4612/2/3028 4587/2/3995 4586/2/3994
f 4612/2/3028 4586/2/3994 4613/2/4005
f 4638/2/3943 4619/2/4007 4618/2/4006
f 4638/2/3943 4618/2/4006 4639/2/4014
f 4789/2/4091 4788/2/4090 4532/2/3952
f 4789/2/4091 4532/2/3952 4574/2/3990
f 4575/2/3991 4531/2/3951 4794/2/4096
f 4575/2/3991 4794/2/4096 4795/2/4097
f 4613/2/4005 4586/2/3994 4795/2/4097
f 4613/2/4005 4795/2/4097 4794/2/4096
f 4709/2/4045 4708/2/3063 4587/2/3995
f 4709/2/4045 4587/2/3995 4612/2/3028
f 4601/2/4002 4624/2/4009 4707/2/4044
f 4601/2/4002 4707/2/4044 4706/2/3525
f 4741/2/4062 4740/2/4061 4625/2/3529
f 4741/2/4062 4625/2/3529 4600/2/3537
f 4791/2/4093 4790/2/4092 4619/2/4007
f 4791/2/4093 4619/2/4007 4638/2/3943
f 4639/2/4014 4618/2/4006 4769/2/4074
f 4639/2/4014 4769/2/4074 4768/2/4073
f 4371/4/3804 4368/4/3801 3751/4/3193
f 4371/4/3804 3751/4/3193 3750/4/3192
f 4796/2/3645 4797/2/4098 4798/2/4099
f 4796/2/3645 4798/2/4099 4799/2/3643
f 4797/2/4098 4796/2/3645 4800/2/3603
f 4797/2/4098 4800/2/3603 4801/2/4100
f 4802/2/4101 4803/2/4102 4801/2/4100
f 4802/2/4101 4801/2/4100 4800/2/3603
f 4803/2/4102 4802/2/4101 4804/2/4103
f 4803/2/4102 4804/2/4103 4805/2/3671
f 4806/2/4104 4807/2/3627 4808/2/4105
f 4806/2/4104 4808/2/4105 4809/2/3624
f 4810/2/4106 4811/2/3642 51/2/1958
f 4810/2/4106 51/2/1958 52/2/4107
f 4809/2/3624 4808/2/4105 4812/2/3614
f 4809/2/3624 4812/2/3614 4813/2/3623
f 4799/2/3643 4798/2/4099 4814/2/3618
f 4799/2/3643 4814/2/3618 4815/2/4108
f 4816/2/4109 4817/2/3654 4818/2/3636
f 4816/2/4109 4818/2/3636 4819/2/3637
f 4817/2/3654 4816/2/4109 4811/2/3642
f 4817/2/3654 4811/2/3642 4810/2/4106
f 4815/2/4108 4814/2/3618 4819/2/3637
f 4815/2/4108 4819/2/3637 4818/2/3636
f 4820/2/4110 4821/2/3626 4807/2/3627
f 4820/2/4110 4807/2/3627 4806/2/4104
f 4821/2/3626 4820/2/4110 4822/2/3676
f 4821/2/3626 4822/2/3676 4823/2/3686
f 4805/2/3671 4804/2/4103 4824/2/4111
f 4805/2/3671 4824/2/4111 4825/2/3672
f 4826/2/4112 4827/2/4113 4813/2/3623
f 4826/2/4112 4813/2/3623 4812/2/3614
f 4827/2/4113 4826/2/4112 48/2/44
f 4827/2/4113 48/2/44 49/2/45
f 4825/2/3672 4824/2/4111 4823/2/3686
f 4825/2/3672 4823/2/3686 4822/2/3676
f 4209/1/3640 4223/1/3654 4222/1/3653
f 4209/1/3640 4222/1/3653 4218/1/3649
f 4828/4/4114 4829/4/4115 4830/4/4116
f 4828/4/4114 4830/4/4116 4831/4/4117
f 4832/1/4118 4833/1/4119 4834/1/4120
f 4832/1/4118 4834/1/4120 4835/1/4121
f 4833/1/4119 4836/1/4122 4837/1/4123
f 4833/1/4119 4837/1/4123 4834/1/4120
f 4836/1/4122 4838/1/4124 4839/1/4125
f 4836/1/4122 4839/1/4125 4837/1/4123
f 4838/1/4124 4840/1/4126 4841/1/4127
f 4838/1/4124 4841/1/4127 4839/1/4125
f 4840/1/4126 4842/1/4128 4843/1/4129
f 4840/1/4126 4843/1/4129 4841/1/4127
f 4842/1/4128 4844/1/4130 4845/1/4131
f 4842/1/4128 4845/1/4131 4843/1/4129
f 4844/1/4130 4846/1/4132 4847/1/4133
f 4844/1/4130 4847/1/4133 4845/1/4131
f 4846/1/4132 4848/1/4134 4849/1/4135
f 4846/1/4132 4849/1/4135 4847/1/4133
f 4848/1/4134 4850/1/4136 4851/1/4137
f 4848/1/4134 4851/1/4137 4849/1/4135
f 4850/1/4136 4852/1/4138 4853/1/4139
f 4850/1/4136 4853/1/4139 4851/1/4137
f 4852/1/4138 4854/1/4140 4855/1/4141
f 4852/1/4138 4855/1/4141 4853/1/4139
f 4854/1/4140 4856/1/4142 4857/1/4143
f 4854/1/4140 4857/1/4143 4855/1/4141
f 4856/1/4142 4858/1/4144 4859/1/4145
f 4856/1/4142 4859/1/4145 4857/1/4143
f 4858/1/4144 4860/1/4146 4861/1/4147
f 4858/1/4144 4861/1/4147 4859/1/4145
f 4860/1/4146 4862/1/4148 4863/1/4149
f 4860/1/4146 4863/1/4149 4861/1/4147
f 4862/1/4148 4864/1/4150 4865/1/4151
f 4862/1/4148 4865/1/4151 4863/1/4149
f 4864/1/4150 4866/1/4152 4867/1/4153
f 4864/1/4150 4867/1/4153 4865/1/4151
f 4866/1/4152 4868/1/4154 4869/1/4155
f 4866/1/4152 4869/1/4155 4867/1/4153
f 4868/1/4154 4870/1/4156 4871/1/4157
f 4868/1/4154 4871/1/4157 4869/1/4155
f 4870/1/4156 4872/1/4158 4873/1/4159
f 4870/1/4156 4873/1/4159 4871/1/4157
f 4872/1/4158 4874/1/4160 4875/1/4161
f 4872/1/4158 4875/1/4161 4873/1/4159
f 4874/1/4160 4876/1/4162 4877/1/4163
f 4874/1/4160 4877/1/4163 4875/1/4161
f 4876/1/4162 4878/1/4164 4879/1/4165
f 4876/1/4162 4879/1/4165 4877/1/4163
f 4878/1/4164 4880/1/4166 4881/1/4167
f 4878/1/4164 4881/1/4167 4879/1/4165
f 4880/1/4166 4882/1/4168 4883/1/4169
f 4880/1/4166 4883/1/4169 4881/1/4167
f 4882/1/4168 4884/1/4170 4885/1/4171
f 4882/1/4168 4885/1/4171 4883/1/4169
f 4884/1/4170 4886/1/4172 4887/1/4173
f 4884/1/4170 4887/1/4173 4885/1/4171
f 4886/1/4172 4888/1/4174 4889/1/4175
f 4886/1/4172 4889/1/4175 4887/1/4173
f 4888/1/4174 4890/1/4176 4891/1/4177
f 4888/1/4174 4891/1/4177 4889/1/4175
f 4844/1/4130 4842/1/4128 4892/1/4178
f 4844/1/4130 4892/1/4178 4893/1/4179
f 4890/1/4176 4894/1/4180 4895/1/4181
f 4890/1/4176 4895/1/4181 4891/1/4177
f 4894/1/4180 4896/1/4182 4897/1/4183
f 4894/1/4180 4897/1/4183 4895/1/4181
f 4898/4/4184 4899/4/4185 4900/4/4186
f 4898/4/4184 4900/4/4186 4901/4/4187
f 4902/4/4188 4903/4/4189 4904/4/4190
f 4902/4/4188 4904/4/4190 4905/4/4191
f 4906/4/4192 4907/4/4193 4908/4/4194
f 4906/4/4192 4908/4/4194 4909/4/4195
f 4910/4/4196 4911/4/4197 4912/4/4198
f 4910/4/4196 4912/4/4198 4913/4/4199
f 4914/4/4200 4915/4/4201 4916/4/4202
f 4914/4/4200 4916/4/4202 4917/4/4203
f 4918/4/4204 4919/4/4205 4920/4/4206
f 4918/4/4204 4920/4/4206 4921/4/4207
f 4922/4/4208 4923/4/4209 4924/4/4210
f 4922/4/4208 4924/4/4210 4925/4/4211
f 4926/4/4212 4927/4/4213 4828/4/4114
f 4926/4/4212 4828/4/4114 4928/4/4214
f 4901/4/4187 4900/4/4186 4929/4/4215
f 4901/4/4187 4929/4/4215 4930/4/4216
f 4909/4/4195 4908/4/4194 4931/4/4217
f 4909/4/4195 4931/4/4217 4932/4/4218
f 4913/4/4199 4912/4/4198 4933/4/4219
f 4913/4/4199 4933/4/4219 4934/4/4220
f 4917/4/4203 4916/4/4202 4935/4/4221
f 4917/4/4203 4935/4/4221 4936/4/4222
f 4921/4/4207 4920/4/4206 4937/4/4223
f 4921/4/4207 4937/4/4223 4938/4/4224
f 4939/2/4225 4940/2/4226 4941/2/4227
f 4939/2/4225 4941/2/4227 4942/2/4228
f 4928/4/4214 4828/4/4114 4831/4/4117
f 4928/4/4214 4831/4/4117 4943/4/4229
f 4930/4/4216 4929/4/4215 4944/4/4230
f 4930/4/4216 4944/4/4230 4945/4/4231
f 4932/4/4218 4931/4/4217 4946/4/4232
f 4932/4/4218 4946/4/4232 4947/4/4233
f 4934/4/4220 4933/4/4219 4948/4/4234
f 4934/4/4220 4948/4/4234 4949/4/4235
f 4936/4/4222 4935/4/4221 4950/4/4236
f 4936/4/4222 4950/4/4236 4951/4/4237
f 4938/4/4224 4937/4/4223 4952/4/4238
f 4938/4/4224 4952/4/4238 4953/4/4239
f 4954/4/4240 4955/4/4241 4956/4/4242
f 4954/4/4240 4956/4/4242 4957/4/4243
f 4943/4/4229 4831/4/4117 4958/4/4244
f 4943/4/4229 4958/4/4244 4959/4/4245
f 4945/4/4231 4944/4/4230 4960/4/4246
f 4945/4/4231 4960/4/4246 4961/4/4247
f 4947/4/4233 4946/4/4232 4962/4/4248
f 4947/4/4233 4962/4/4248 4963/4/4249
f 4949/4/4235 4948/4/4234 4964/4/4250
f 4949/4/4235 4964/4/4250 4965/4/4251
f 4951/4/4237 4950/4/4236 4899/4/4185
f 4951/4/4237 4899/4/4185 4898/4/4184
f 4953/4/4239 4952/4/4238 4907/4/4193
f 4953/4/4239 4907/4/4193 4906/4/4192
f 4966/4/4252 4955/4/4241 4911/4/4197
f 4966/4/4252 4911/4/4197 4910/4/4196
f 4959/4/4245 4958/4/4244 4915/4/4201
f 4959/4/4245 4915/4/4201 4914/4/4200
f 4961/4/4247 4960/4/4246 4919/4/4205
f 4961/4/4247 4919/4/4205 4918/4/4204
f 4963/4/4249 4962/4/4248 4923/4/4209
f 4963/4/4249 4923/4/4209 4922/4/4208
f 4965/4/4251 4964/4/4250 4967/4/4253
f 4965/4/4251 4967/4/4253 4968/4/4254
f 4969/2/4255 4970/2/4256 4971/2/4257
f 4969/2/4255 4971/2/4257 4972/2/4258
f 4973/4/4259 4974/4/4260 4975/4/4261
f 4973/4/4259 4975/4/4261 4976/4/4262
f 4903/4/4189 4977/4/4263 4978/4/4264
f 4903/4/4189 4978/4/4264 4904/4/4190
f 4974/4/4260 4979/4/4265 4980/4/4266
f 4974/4/4260 4980/4/4266 4975/4/4261
f 4977/4/4263 4981/4/4267 4982/4/4268
f 4977/4/4263 4982/4/4268 4978/4/4264
f 4979/4/4265 4983/4/4269 4984/4/4270
f 4979/4/4265 4984/4/4270 4980/4/4266
f 4981/4/4267 4985/4/4271 4986/4/4272
f 4981/4/4267 4986/4/4272 4982/4/4268
f 4983/4/4269 4987/4/4273 4988/4/4274
f 4983/4/4269 4988/4/4274 4984/4/4270
f 4985/4/4271 4989/4/4275 4990/4/4276
f 4985/4/4271 4990/4/4276 4986/4/4272
f 4987/4/4273 4991/4/4277 4992/4/4278
f 4987/4/4273 4992/4/4278 4988/4/4274
f 4989/4/4275 4993/4/4279 4994/4/4280
f 4989/4/4275 4994/4/4280 4990/4/4276
f 4991/4/4277 4995/4/4281 4996/4/4282
f 4991/4/4277 4996/4/4282 4992/4/4278
f 4993/4/4279 4997/4/4283 4998/4/4284
f 4993/4/4279 4998/4/4284 4994/4/4280
f 4995/4/4281 4999/4/4285 5000/4/4286
f 4995/4/4281 5000/4/4286 4996/4/4282
f 4997/4/4283 5001/4/4287 5002/4/4288
f 4997/4/4283 5002/4/4288 4998/4/4284
f 4999/4/4285 5003/4/4289 5004/4/4290
f 4999/4/4285 5004/4/4290 5000/4/4286
f 5005/4/4291 5006/4/4292 5007/4/4293
f 5005/4/4291 5007/4/4293 5008/4/4294
f 5001/4/4287 5009/4/4295 5010/4/4296
f 5001/4/4287 5010/4/4296 5002/4/4288
f 5003/4/4289 5011/4/4297 5012/4/4298
f 5003/4/4289 5012/4/4298 5004/4/4290
f 5006/4/4292 5013/4/4299 5014/4/4300
f 5006/4/4292 5014/4/4300 5007/4/4293
f 5009/4/4295 5015/4/4301 5016/4/4302
f 5009/4/4295 5016/4/4302 5010/4/4296
f 5011/4/4297 5017/4/4303 5018/4/4304
f 5011/4/4297 5018/4/4304 5012/4/4298
f 5013/4/4299 5019/4/4305 5020/4/4306
f 5013/4/4299 5020/4/4306 5014/4/4300
f 5015/4/4301 5021/4/4307 5022/4/4308
f 5015/4/4301 5022/4/4308 5016/4/4302
f 5017/4/4303 5023/4/4309 5024/4/4310
f 5017/4/4303 5024/4/4310 5018/4/4304
f 5019/4/4305 5025/4/4311 5026/4/4312
f 5019/4/4305 5026/4/4312 5020/4/4306
f 5021/4/4307 5027/4/4313 5028/4/4314
f 5021/4/4307 5028/4/4314 5022/4/4308
f 5023/4/4309 5029/4/4315 5030/4/4316
f 5023/4/4309 5030/4/4316 5024/4/4310
f 5025/4/4311 5031/4/4317 5032/4/4318
f 5025/4/4311 5032/4/4318 5026/4/4312
f 5027/4/4313 5005/4/4291 5008/4/4294
f 5027/4/4313 5008/4/4294 5028/4/4314
f 5029/4/4315 4902/4/4188 4905/4/4191
f 5029/4/4315 4905/4/4191 5030/4/4316
f 5031/4/4317 4973/4/4259 4976/4/4262
f 5031/4/4317 4976/4/4262 5032/4/4318
f 5033/2/4319 5034/2/4320 5035/2/4321
f 5033/2/4319 5035/2/4321 5036/2/4322
f 5037/2/4323 5038/2/4324 5039/2/4325
f 5037/2/4323 5039/2/4325 5040/2/4326
f 5038/2/4324 5041/2/4327 5042/2/4328
f 5038/2/4324 5042/2/4328 5039/2/4325
f 5041/2/4327 5043/2/4329 5044/2/4330
f 5041/2/4327 5044/2/4330 5042/2/4328
f 5043/2/4329 5045/2/4331 5046/2/4332
f 5043/2/4329 5046/2/4332 5044/2/4330
f 5045/2/4331 5047/2/4333 5048/2/4334
f 5045/2/4331 5048/2/4334 5046/2/4332
f 5047/2/4333 5049/2/4335 5050/2/4336
f 5047/2/4333 5050/2/4336 5048/2/4334
f 5049/2/4335 5051/2/4337 5052/2/4338
f 5049/2/4335 5052/2/4338 5050/2/4336
f 5051/2/4337 5053/2/4339 5054/2/4340
f 5051/2/4337 5054/2/4340 5052/2/4338
f 5053/2/4339 5055/2/4341 5056/2/4342
f 5053/2/4339 5056/2/4342 5054/2/4340
f 5055/2/4341 5057/2/4343 5058/2/4344
f 5055/2/4341 5058/2/4344 5056/2/4342
f 5057/2/4343 5059/2/4345 5060/2/4346
f 5057/2/4343 5060/2/4346 5058/2/4344
f 5059/2/4345 5061/2/4347 5062/2/4348
f 5059/2/4345 5062/2/4348 5060/2/4346
f 5061/2/4347 5063/2/4349 5064/2/4350
f 5061/2/4347 5064/2/4350 5062/2/4348
f 5063/2/4349 5065/2/4351 5066/2/4352
f 5063/2/4349 5066/2/4352 5064/2/4350
f 5065/2/4351 5067/2/4353 5068/2/4354
f 5065/2/4351 5068/2/4354 5066/2/4352
f 5067/2/4353 5069/2/4355 5070/2/4356
f 5067/2/4353 5070/2/4356 5068/2/4354
f 5069/2/4355 5071/2/4357 5072/2/4358
f 5069/2/4355 5072/2/4358 5070/2/4356
f 5071/2/4357 5073/2/4359 5074/2/4360
f 5071/2/4357 5074/2/4360 5072/2/4358
f 5075/4/4361 5076/4/4362 4904/4/4190
f 5075/4/4361 4904/4/4190 4978/4/4264
f 5073/2/4359 4969/2/4255 4972/2/4258
f 5073/2/4359 4972/2/4258 5074/2/4360
f 4970/2/4256 5077/2/4363 5078/2/4364
f 4970/2/4256 5078/2/4364 4971/2/4257
f 5077/2/4363 5079/2/4365 5080/2/4366
f 5077/2/4363 5080/2/4366 5078/2/4364
f 5079/2/4365 5081/2/4367 5082/2/4368
f 5079/2/4365 5082/2/4368 5080/2/4366
f 5081/2/4367 5083/2/4369 5084/2/4370
f 5081/2/4367 5084/2/4370 5082/2/4368
f 5083/2/4369 5085/2/4371 5086/2/4372
f 5083/2/4369 5086/2/4372 5084/2/4370
f 5085/2/4371 5087/2/4373 5088/2/4374
f 5085/2/4371 5088/2/4374 5086/2/4372
f 5087/2/4373 5089/2/4375 5090/2/4376
f 5087/2/4373 5090/2/4376 5088/2/4374
f 5089/2/4375 5091/2/4377 5092/2/4378
f 5089/2/4375 5092/2/4378 5090/2/4376
f 5091/2/4377 5033/2/4319 5036/2/4322
f 5091/2/4377 5036/2/4322 5092/2/4378
f 5093/4/4379 5094/4/4380 5008/4/4294
f 5093/4/4379 5008/4/4294 5007/4/4293
f 5078/2/4364 5080/2/4366 5095/2/4381
f 5078/2/4364 5095/2/4381 5096/2/4382
f 5097/4/4383 5098/4/4384 4975/4/4261
f 5097/4/4383 4975/4/4261 4980/4/4266
f 5099/4/4385 5075/4/4361 4978/4/4264
f 5099/4/4385 4978/4/4264 4982/4/4268
f 5100/4/4386 5097/4/4383 4980/4/4266
f 5100/4/4386 4980/4/4266 4984/4/4270
f 5101/4/4387 5099/4/4385 4982/4/4268
f 5101/4/4387 4982/4/4268 4986/4/4272
f 5102/4/4388 5100/4/4386 4984/4/4270
f 5102/4/4388 4984/4/4270 4988/4/4274
f 5103/4/4389 5101/4/4387 4986/4/4272
f 5103/4/4389 4986/4/4272 4990/4/4276
f 5104/4/4390 5102/4/4388 4988/4/4274
f 5104/4/4390 4988/4/4274 4992/4/4278
f 5105/4/4391 5103/4/4389 4990/4/4276
f 5105/4/4391 4990/4/4276 4994/4/4280
f 5106/4/4392 5104/4/4390 4992/4/4278
f 5106/4/4392 4992/4/4278 4996/4/4282
f 5107/4/4393 5105/4/4391 4994/4/4280
f 5107/4/4393 4994/4/4280 4998/4/4284
f 5108/4/4394 5106/4/4392 4996/4/4282
f 5108/4/4394 4996/4/4282 5000/4/4286
f 5109/4/4395 5107/4/4393 4998/4/4284
f 5109/4/4395 4998/4/4284 5002/4/4288
f 5110/4/4396 5108/4/4394 5000/4/4286
f 5110/4/4396 5000/4/4286 5004/4/4290
f 5094/4/4380 5111/4/4397 5028/4/4314
f 5094/4/4380 5028/4/4314 5008/4/4294
f 5112/4/4398 5109/4/4395 5002/4/4288
f 5112/4/4398 5002/4/4288 5010/4/4296
f 5113/4/4399 5110/4/4396 5004/4/4290
f 5113/4/4399 5004/4/4290 5012/4/4298
f 5114/4/4400 5093/4/4379 5007/4/4293
f 5114/4/4400 5007/4/4293 5014/4/4300
f 5115/4/4401 5112/4/4398 5010/4/4296
f 5115/4/4401 5010/4/4296 5016/4/4302
f 5116/4/4402 5113/4/4399 5012/4/4298
f 5116/4/4402 5012/4/4298 5018/4/4304
f 5117/4/4403 5114/4/4400 5014/4/4300
f 5117/4/4403 5014/4/4300 5020/4/4306
f 5118/4/4404 5115/4/4401 5016/4/4302
f 5118/4/4404 5016/4/4302 5022/4/4308
f 5119/4/4405 5116/4/4402 5018/4/4304
f 5119/4/4405 5018/4/4304 5024/4/4310
f 5120/4/4406 5117/4/4403 5020/4/4306
f 5120/4/4406 5020/4/4306 5026/4/4312
f 5111/4/4397 5118/4/4404 5022/4/4308
f 5111/4/4397 5022/4/4308 5028/4/4314
f 5121/4/4407 5119/4/4405 5024/4/4310
f 5121/4/4407 5024/4/4310 5030/4/4316
f 5122/4/4408 5120/4/4406 5026/4/4312
f 5122/4/4408 5026/4/4312 5032/4/4318
f 5123/2/4409 5037/2/4323 5040/2/4326
f 5123/2/4409 5040/2/4326 5124/2/4410
f 5125/4/4411 5121/4/4407 5030/4/4316
f 5125/4/4411 5030/4/4316 4905/4/4191
f 5126/4/4412 5122/4/4408 5032/4/4318
f 5126/4/4412 5032/4/4318 4976/4/4262
f 5076/4/4362 5125/4/4411 4905/4/4191
f 5076/4/4362 4905/4/4191 4904/4/4190
f 5098/4/4384 5126/4/4412 4976/4/4262
f 5098/4/4384 4976/4/4262 4975/4/4261
f 5127/1/4413 5128/1/4414 5129/1/4415
f 5127/1/4413 5129/1/4415 5130/1/4416
f 5054/2/4340 5056/2/4342 5131/2/4417
f 5054/2/4340 5131/2/4417 5132/2/4418
f 5080/2/4366 5082/2/4368 5133/2/4419
f 5080/2/4366 5133/2/4419 5095/2/4381
f 5056/2/4342 5058/2/4344 5134/2/4420
f 5056/2/4342 5134/2/4420 5131/2/4417
f 5082/2/4368 5084/2/4370 5135/2/4421
f 5082/2/4368 5135/2/4421 5133/2/4419
f 5058/2/4344 5060/2/4346 5136/2/4422
f 5058/2/4344 5136/2/4422 5134/2/4420
f 5084/2/4370 5086/2/4372 5137/2/4423
f 5084/2/4370 5137/2/4423 5135/2/4421
f 5060/2/4346 5062/2/4348 5138/2/4424
f 5060/2/4346 5138/2/4424 5136/2/4422
f 5035/2/4321 5124/2/4410 5139/2/4425
f 5035/2/4321 5139/2/4425 5140/2/4426
f 5086/2/4372 5088/2/4374 5141/2/4427
f 5086/2/4372 5141/2/4427 5137/2/4423
f 5062/2/4348 5064/2/4350 5142/2/4428
f 5062/2/4348 5142/2/4428 5138/2/4424
f 5124/2/4410 5040/2/4326 5143/2/4429
f 5124/2/4410 5143/2/4429 5139/2/4425
f 5088/2/4374 5090/2/4376 5144/2/4430
f 5088/2/4374 5144/2/4430 5141/2/4427
f 5064/2/4350 5066/2/4352 5145/2/4431
f 5064/2/4350 5145/2/4431 5142/2/4428
f 5040/2/4326 5039/2/4325 5146/2/4432
f 5040/2/4326 5146/2/4432 5143/2/4429
f 5090/2/4376 5092/2/4378 5147/2/4433
f 5090/2/4376 5147/2/4433 5144/2/4430
f 5066/2/4352 5068/2/4354 5148/2/4434
f 5066/2/4352 5148/2/4434 5145/2/4431
f 5039/2/4325 5042/2/4328 5149/2/4435
f 5039/2/4325 5149/2/4435 5146/2/4432
f 5092/2/4378 5036/2/4322 5150/2/4436
f 5092/2/4378 5150/2/4436 5147/2/4433
f 5068/2/4354 5070/2/4356 5151/2/4437
f 5068/2/4354 5151/2/4437 5148/2/4434
f 5042/2/4328 5044/2/4330 5152/2/4438
f 5042/2/4328 5152/2/4438 5149/2/4435
f 5036/2/4322 5035/2/4321 5140/2/4426
f 5036/2/4322 5140/2/4426 5150/2/4436
f 5070/2/4356 5072/2/4358 5153/2/4439
f 5070/2/4356 5153/2/4439 5151/2/4437
f 5044/2/4330 5046/2/4332 5154/2/4440
f 5044/2/4330 5154/2/4440 5152/2/4438
f 5072/2/4358 5074/2/4360 5155/2/4441
f 5072/2/4358 5155/2/4441 5153/2/4439
f 5046/2/4332 5048/2/4334 5156/2/4442
f 5046/2/4332 5156/2/4442 5154/2/4440
f 5074/2/4360 4972/2/4258 5157/2/4443
f 5074/2/4360 5157/2/4443 5155/2/4441
f 5048/2/4334 5050/2/4336 5158/2/4444
f 5048/2/4334 5158/2/4444 5156/2/4442
f 4972/2/4258 4971/2/4257 5159/2/4445
f 4972/2/4258 5159/2/4445 5157/2/4443
f 5050/2/4336 5052/2/4338 5160/2/4446
f 5050/2/4336 5160/2/4446 5158/2/4444
f 4971/2/4257 5078/2/4364 5096/2/4382
f 4971/2/4257 5096/2/4382 5159/2/4445
f 5052/2/4338 5054/2/4340 5132/2/4418
f 5052/2/4338 5132/2/4418 5160/2/4446
f 5161/1/4447 5162/1/4448 128/1/121
f 5161/1/4447 128/1/121 125/1/118
f 5163/1/4449 5164/1/4450 5165/1/4451
f 5163/1/4449 5165/1/4451 5166/1/4452
f 5167/1/4453 5168/1/4454 5169/1/4455
f 5167/1/4453 5169/1/4455 5170/1/4456
f 5128/1/4414 5171/1/4457 5172/1/4458
f 5128/1/4414 5172/1/4458 5129/1/4415
f 5164/1/4450 5173/1/4459 5174/1/4460
f 5164/1/4450 5174/1/4460 5165/1/4451
f 5168/1/4454 5175/1/4461 5176/1/4462
f 5168/1/4454 5176/1/4462 5169/1/4455
f 5171/1/4457 5177/1/4463 5161/1/4447
f 5171/1/4457 5161/1/4447 5172/1/4458
f 5173/1/4459 5178/1/4464 5179/1/4465
f 5173/1/4459 5179/1/4465 5174/1/4460
f 5175/1/4461 5180/1/4466 5181/1/4467
f 5175/1/4461 5181/1/4467 5176/1/4462
f 5177/1/4463 5182/1/4468 5162/1/4448
f 5177/1/4463 5162/1/4448 5161/1/4447
f 5178/1/4464 5183/1/4469 5184/1/4470
f 5178/1/4464 5184/1/4470 5179/1/4465
f 5180/1/4466 5185/1/4471 5186/1/4472
f 5180/1/4466 5186/1/4472 5181/1/4467
f 5182/1/4468 5187/1/4473 5188/1/4474
f 5182/1/4468 5188/1/4474 5162/1/4448
f 5183/1/4469 5189/1/4475 5190/1/4476
f 5183/1/4469 5190/1/4476 5184/1/4470
f 5185/1/4471 5191/1/4477 5192/1/4478
f 5185/1/4471 5192/1/4478 5186/1/4472
f 5187/1/4473 5167/1/4453 5170/1/4456
f 5187/1/4473 5170/1/4456 5188/1/4474
f 5189/1/4475 5193/1/4479 5194/1/4480
f 5189/1/4475 5194/1/4480 5190/1/4476
f 5191/1/4477 5195/1/4481 5196/1/4482
f 5191/1/4477 5196/1/4482 5192/1/4478
f 5193/1/4479 5197/1/4483 5198/1/4484
f 5193/1/4479 5198/1/4484 5194/1/4480
f 5195/1/4481 5199/1/4485 5200/1/4486
f 5195/1/4481 5200/1/4486 5196/1/4482
f 5197/1/4483 5201/1/4487 5202/1/4488
f 5197/1/4483 5202/1/4488 5198/1/4484
f 5199/1/4485 5203/1/4489 5204/1/4490
f 5199/1/4485 5204/1/4490 5200/1/4486
f 5201/1/4487 5205/1/4491 5206/1/4492
f 5201/1/4487 5206/1/4492 5202/1/4488
f 5203/1/4489 5207/1/4493 5208/1/4494
f 5203/1/4489 5208/1/4494 5204/1/4490
f 5205/1/4491 5209/1/4495 5210/1/4496
f 5205/1/4491 5210/1/4496 5206/1/4492
f 5207/1/4493 5211/1/4497 5212/1/4498
f 5207/1/4493 5212/1/4498 5208/1/4494
f 5209/1/4495 5213/1/4499 5214/1/4500
f 5209/1/4495 5214/1/4500 5210/1/4496
f 5211/1/4497 5215/1/4501 5216/1/4502
f 5211/1/4497 5216/1/4502 5212/1/4498
f 5213/1/4499 5217/1/4503 5218/1/4504
f 5213/1/4499 5218/1/4504 5214/1/4500
f 5215/1/4501 5219/1/4505 5220/1/4506
f 5215/1/4501 5220/1/4506 5216/1/4502
f 5217/1/4503 5127/1/4413 5130/1/4416
f 5217/1/4503 5130/1/4416 5218/1/4504
f 5219/1/4505 5163/1/4449 5166/1/4452
f 5219/1/4505 5166/1/4452 5220/1/4506
f 5179/1/4465 5184/1/4470 129/1/122
f 5179/1/4465 129/1/122 126/1/119
f 5181/1/4467 5186/1/4472 130/1/123
f 5181/1/4467 130/1/123 127/1/120
f 5162/1/4448 5188/1/4474 131/1/124
f 5162/1/4448 131/1/124 128/1/121
f 5184/1/4470 5190/1/4476 132/1/125
f 5184/1/4470 132/1/125 129/1/122
f 5186/1/4472 5192/1/4478 133/1/126
f 5186/1/4472 133/1/126 130/1/123
f 5188/1/4474 5170/1/4456 120/1/113
f 5188/1/4474 120/1/113 131/1/124
f 5190/1/4476 5194/1/4480 101/1/94
f 5190/1/4476 101/1/94 132/1/125
f 5192/1/4478 5196/1/4482 104/1/97
f 5192/1/4478 104/1/97 133/1/126
f 5194/1/4480 5198/1/4484 102/1/95
f 5194/1/4480 102/1/95 101/1/94
f 5196/1/4482 5200/1/4486 105/1/98
f 5196/1/4482 105/1/98 104/1/97
f 5198/1/4484 5202/1/4488 106/1/99
f 5198/1/4484 106/1/99 102/1/95
f 5200/1/4486 5204/1/4490 107/1/100
f 5200/1/4486 107/1/100 105/1/98
f 5202/1/4488 5206/1/4492 108/1/101
f 5202/1/4488 108/1/101 106/1/99
f 5204/1/4490 5208/1/4494 109/1/102
f 5204/1/4490 109/1/102 107/1/100
f 5206/1/4492 5210/1/4496 110/1/103
f 5206/1/4492 110/1/103 108/1/101
f 5208/1/4494 5212/1/4498 111/1/104
f 5208/1/4494 111/1/104 109/1/102
f 5210/1/4496 5214/1/4500 112/1/105
f 5210/1/4496 112/1/105 110/1/103
f 5212/1/4498 5216/1/4502 113/1/106
f 5212/1/4498 113/1/106 111/1/104
f 5214/1/4500 5218/1/4504 114/1/107
f 5214/1/4500 114/1/107 112/1/105
f 5216/1/4502 5220/1/4506 115/1/108
f 5216/1/4502 115/1/108 113/1/106
f 5218/1/4504 5130/1/4416 116/1/109
f 5218/1/4504 116/1/109 114/1/107
f 5220/1/4506 5166/1/4452 117/1/110
f 5220/1/4506 117/1/110 115/1/108
f 5130/1/4416 5129/1/4415 118/1/111
f 5130/1/4416 118/1/111 116/1/109
f 5166/1/4452 5165/1/4451 119/1/112
f 5166/1/4452 119/1/112 117/1/110
f 5170/1/4456 5169/1/4455 121/1/114
f 5170/1/4456 121/1/114 120/1/113
f 5129/1/4415 5172/1/4458 122/1/115
f 5129/1/4415 122/1/115 118/1/111
f 5165/1/4451 5174/1/4460 123/1/116
f 5165/1/4451 123/1/116 119/1/112
f 5169/1/4455 5176/1/4462 124/1/117
f 5169/1/4455 124/1/117 121/1/114
f 5172/1/4458 5161/1/4447 125/1/118
f 5172/1/4458 125/1/118 122/1/115
f 5174/1/4460 5179/1/4465 126/1/119
f 5174/1/4460 126/1/119 123/1/116
f 5176/1/4462 5181/1/4467 127/1/120
f 5176/1/4462 127/1/120 124/1/117
f 4927/4/4213 5221/4/4507 4829/4/4115
f 4927/4/4213 4829/4/4115 4828/4/4114
f 4967/4/4253 5222/4/4508 5221/4/4507
f 4967/4/4253 5221/4/4507 4927/4/4213
f 4958/4/4244 5223/4/4509 5224/4/4510
f 4958/4/4244 5224/4/4510 4915/4/4201
f 4915/4/4201 5224/4/4510 5225/4/4511
f 4915/4/4201 5225/4/4511 4916/4/4202
f 4916/4/4202 5225/4/4511 5226/4/4512
f 4916/4/4202 5226/4/4512 4935/4/4221
f 4935/4/4221 5226/4/4512 5227/4/4513
f 4935/4/4221 5227/4/4513 4950/4/4236
f 4950/4/4236 5227/4/4513 5228/4/4514
f 4950/4/4236 5228/4/4514 4899/4/4185
f 4899/4/4185 5228/4/4514 5229/4/4515
f 4899/4/4185 5229/4/4515 4900/4/4186
f 4900/4/4186 5229/4/4515 5230/4/4516
f 4900/4/4186 5230/4/4516 4929/4/4215
f 4929/4/4215 5230/4/4516 5231/4/4517
f 4929/4/4215 5231/4/4517 4944/4/4230
f 4944/4/4230 5231/4/4517 5232/4/4518
f 4944/4/4230 5232/4/4518 4960/4/4246
f 4960/4/4246 5232/4/4518 5233/4/4519
f 4960/4/4246 5233/4/4519 4919/4/4205
f 4919/4/4205 5233/4/4519 5234/4/4520
f 4919/4/4205 5234/4/4520 4920/4/4206
f 4920/4/4206 5234/4/4520 5235/4/4521
f 4920/4/4206 5235/4/4521 4937/4/4223
f 4937/4/4223 5235/4/4521 5236/4/4522
f 4937/4/4223 5236/4/4522 4952/4/4238
f 4952/4/4238 5236/4/4522 5237/4/4523
f 4952/4/4238 5237/4/4523 4907/4/4193
f 4907/4/4193 5237/4/4523 5238/4/4524
f 4907/4/4193 5238/4/4524 4908/4/4194
f 4908/4/4194 5238/4/4524 5239/4/4525
f 4908/4/4194 5239/4/4525 4931/4/4217
f 4931/4/4217 5239/4/4525 5240/4/4526
f 4931/4/4217 5240/4/4526 4946/4/4232
f 4946/4/4232 5240/4/4526 5241/4/4527
f 4946/4/4232 5241/4/4527 4962/4/4248
f 4962/4/4248 5241/4/4527 5242/4/4528
f 4962/4/4248 5242/4/4528 4923/4/4209
f 4923/4/4209 5242/4/4528 5243/4/4529
f 4923/4/4209 5243/4/4529 4924/4/4210
f 4955/4/4241 4954/4/4240 5244/4/4530
f 4955/4/4241 5244/4/4530 4911/4/4197
f 4911/4/4197 5244/4/4530 5245/4/4531
f 4911/4/4197 5245/4/4531 4912/4/4198
f 4912/4/4198 5245/4/4531 5246/4/4532
f 4912/4/4198 5246/4/4532 4933/4/4219
f 4933/4/4219 5246/4/4532 5247/4/4533
f 4933/4/4219 5247/4/4533 4948/4/4234
f 4948/4/4234 5247/4/4533 5248/4/4534
f 4948/4/4234 5248/4/4534 4964/4/4250
f 4964/4/4250 5248/4/4534 5222/4/4508
f 4964/4/4250 5222/4/4508 4967/4/4253
f 4831/4/4117 4830/4/4116 5223/4/4509
f 4831/4/4117 5223/4/4509 4958/4/4244
f 5249/2/4535 5250/2/4536 5251/2/4537
f 5249/2/4535 5251/2/4537 5252/2/4538
f 4872/1/4158 4870/1/4156 5253/1/4539
f 4872/1/4158 5253/1/4539 5254/1/4540
f 4846/1/4132 4844/1/4130 4893/1/4179
f 4846/1/4132 4893/1/4179 5255/1/4541
f 4874/1/4160 4872/1/4158 5254/1/4540
f 4874/1/4160 5254/1/4540 5256/1/4542
f 4848/1/4134 4846/1/4132 5255/1/4541
f 4848/1/4134 5255/1/4541 5257/1/4543
f 4876/1/4162 4874/1/4160 5256/1/4542
f 4876/1/4162 5256/1/4542 5258/1/4544
f 4850/1/4136 4848/1/4134 5257/1/4543
f 4850/1/4136 5257/1/4543 5259/1/4545
f 4878/1/4164 4876/1/4162 5258/1/4544
f 4878/1/4164 5258/1/4544 5260/1/4546
f 4852/1/4138 4850/1/4136 5259/1/4545
f 4852/1/4138 5259/1/4545 5261/1/4547
f 4880/1/4166 4878/1/4164 5260/1/4546
f 4880/1/4166 5260/1/4546 5262/1/4548
f 4854/1/4140 4852/1/4138 5261/1/4547
f 4854/1/4140 5261/1/4547 5263/1/4549
f 4882/1/4168 4880/1/4166 5262/1/4548
f 4882/1/4168 5262/1/4548 5264/1/4550
f 4856/1/4142 4854/1/4140 5263/1/4549
f 4856/1/4142 5263/1/4549 5265/1/4551
f 4884/1/4170 4882/1/4168 5264/1/4550
f 4884/1/4170 5264/1/4550 5266/1/4552
f 4858/1/4144 4856/1/4142 5265/1/4551
f 4858/1/4144 5265/1/4551 5267/1/4553
f 4832/1/4118 4896/1/4182 5268/1/4554
f 4832/1/4118 5268/1/4554 5269/1/4555
f 4886/1/4172 4884/1/4170 5266/1/4552
f 4886/1/4172 5266/1/4552 5270/1/4556
f 4860/1/4146 4858/1/4144 5267/1/4553
f 4860/1/4146 5267/1/4553 5271/1/4557
f 4833/1/4119 4832/1/4118 5269/1/4555
f 4833/1/4119 5269/1/4555 5272/1/4558
f 4888/1/4174 4886/1/4172 5270/1/4556
f 4888/1/4174 5270/1/4556 5273/1/4559
f 4862/1/4148 4860/1/4146 5271/1/4557
f 4862/1/4148 5271/1/4557 5274/1/4560
f 4836/1/4122 4833/1/4119 5272/1/4558
f 4836/1/4122 5272/1/4558 5275/1/4561
f 4890/1/4176 4888/1/4174 5273/1/4559
f 4890/1/4176 5273/1/4559 5276/1/4562
f 4864/1/4150 4862/1/4148 5274/1/4560
f 4864/1/4150 5274/1/4560 5277/1/4563
f 4838/1/4124 4836/1/4122 5275/1/4561
f 4838/1/4124 5275/1/4561 5278/1/4564
f 4894/1/4180 4890/1/4176 5276/1/4562
f 4894/1/4180 5276/1/4562 5279/1/4565
f 4866/1/4152 4864/1/4150 5277/1/4563
f 4866/1/4152 5277/1/4563 5280/1/4566
f 4840/1/4126 4838/1/4124 5278/1/4564
f 4840/1/4126 5278/1/4564 5281/1/4567
f 4896/1/4182 4894/1/4180 5279/1/4565
f 4896/1/4182 5279/1/4565 5268/1/4554
f 4868/1/4154 4866/1/4152 5280/1/4566
f 4868/1/4154 5280/1/4566 5282/1/4568
f 4842/1/4128 4840/1/4126 5281/1/4567
f 4842/1/4128 5281/1/4567 4892/1/4178
f 4870/1/4156 4868/1/4154 5282/1/4568
f 4870/1/4156 5282/1/4568 5253/1/4539
f 5094/4/4380 5093/4/4379 5283/4/4409
f 5094/4/4380 5283/4/4409 5284/4/4320
f 5093/4/4379 5114/4/4400 5285/4/4323
f 5093/4/4379 5285/4/4323 5283/4/4409
f 5114/4/4400 5117/4/4403 5286/4/4324
f 5114/4/4400 5286/4/4324 5285/4/4323
f 5117/4/4403 5120/4/4406 5287/4/4327
f 5117/4/4403 5287/4/4327 5286/4/4324
f 5120/4/4406 5122/4/4408 5288/4/4569
f 5120/4/4406 5288/4/4569 5287/4/4327
f 5122/4/4408 5126/4/4412 5289/4/4331
f 5122/4/4408 5289/4/4331 5288/4/4569
f 5126/4/4412 5098/4/4384 5290/4/4333
f 5126/4/4412 5290/4/4333 5289/4/4331
f 5098/4/4384 5097/4/4383 5291/4/4335
f 5098/4/4384 5291/4/4335 5290/4/4333
f 5097/4/4383 5100/4/4386 5292/4/4337
f 5097/4/4383 5292/4/4337 5291/4/4335
f 5100/4/4386 5102/4/4388 5293/4/4339
f 5100/4/4386 5293/4/4339 5292/4/4337
f 5102/4/4388 5104/4/4390 5294/4/4341
f 5102/4/4388 5294/4/4341 5293/4/4339
f 5104/4/4390 5106/4/4392 5295/4/4570
f 5104/4/4390 5295/4/4570 5294/4/4341
f 5106/4/4392 5108/4/4394 5296/4/4571
f 5106/4/4392 5296/4/4571 5295/4/4570
f 5108/4/4394 5110/4/4396 5297/4/4347
f 5108/4/4394 5297/4/4347 5296/4/4571
f 5110/4/4396 5113/4/4399 5298/4/4349
f 5110/4/4396 5298/4/4349 5297/4/4347
f 5113/4/4399 5116/4/4402 5299/4/4351
f 5113/4/4399 5299/4/4351 5298/4/4349
f 5116/4/4402 5119/4/4405 5300/4/4353
f 5116/4/4402 5300/4/4353 5299/4/4351
f 5119/4/4405 5121/4/4407 5301/4/4355
f 5119/4/4405 5301/4/4355 5300/4/4353
f 5121/4/4407 5125/4/4411 5302/4/4357
f 5121/4/4407 5302/4/4357 5301/4/4355
f 5125/4/4411 5076/4/4362 5303/4/4359
f 5125/4/4411 5303/4/4359 5302/4/4357
f 5076/4/4362 5075/4/4361 5304/4/4572
f 5076/4/4362 5304/4/4572 5303/4/4359
f 5075/4/4361 5099/4/4385 5305/4/4256
f 5075/4/4361 5305/4/4256 5304/4/4572
f 5099/4/4385 5101/4/4387 5306/4/4363
f 5099/4/4385 5306/4/4363 5305/4/4256
f 5101/4/4387 5103/4/4389 5307/4/4365
f 5101/4/4387 5307/4/4365 5306/4/4363
f 5103/4/4389 5105/4/4391 5308/4/4367
f 5103/4/4389 5308/4/4367 5307/4/4365
f 5105/4/4391 5107/4/4393 5309/4/4369
f 5105/4/4391 5309/4/4369 5308/4/4367
f 5107/4/4393 5109/4/4395 5310/4/4371
f 5107/4/4393 5310/4/4371 5309/4/4369
f 5109/4/4395 5112/4/4398 5311/4/4573
f 5109/4/4395 5311/4/4573 5310/4/4371
f 5112/4/4398 5115/4/4401 5312/4/4574
f 5112/4/4398 5312/4/4574 5311/4/4573
f 5115/4/4401 5118/4/4404 5313/4/4377
f 5115/4/4401 5313/4/4377 5312/4/4574
f 5118/4/4404 5111/4/4397 5314/4/4319
f 5118/4/4404 5314/4/4319 5313/4/4377
f 5111/4/4397 5094/4/4380 5284/4/4320
f 5111/4/4397 5284/4/4320 5314/4/4319
f 5034/2/4320 5123/2/4409 5124/2/4410
f 5034/2/4320 5124/2/4410 5035/2/4321
f 5315/1/4575 5316/1/4576 4897/1/4183
f 5315/1/4575 4897/1/4183 4835/1/4121
f 5317/1/4116 5315/1/4575 4835/1/4121
f 5317/1/4116 4835/1/4121 4834/1/4120
f 5318/1/4509 5317/1/4116 4834/1/4120
f 5318/1/4509 4834/1/4120 4837/1/4123
f 5319/1/4577 5318/1/4509 4837/1/4123
f 5319/1/4577 4837/1/4123 4839/1/4125
f 5320/1/4578 5319/1/4577 4839/1/4125
f 5320/1/4578 4839/1/4125 4841/1/4127
f 5321/1/4579 5320/1/4578 4841/1/4127
f 5321/1/4579 4841/1/4127 4843/1/4129
f 5322/1/4580 5321/1/4579 4843/1/4129
f 5322/1/4580 4843/1/4129 4845/1/4131
f 5323/1/4514 5322/1/4580 4845/1/4131
f 5323/1/4514 4845/1/4131 4847/1/4133
f 5324/1/4581 5323/1/4514 4847/1/4133
f 5324/1/4581 4847/1/4133 4849/1/4135
f 5325/1/4582 5324/1/4581 4849/1/4135
f 5325/1/4582 4849/1/4135 4851/1/4137
f 5326/1/4583 5325/1/4582 4851/1/4137
f 5326/1/4583 4851/1/4137 4853/1/4139
f 5327/1/4584 5326/1/4583 4853/1/4139
f 5327/1/4584 4853/1/4139 4855/1/4141
f 5328/1/4585 5327/1/4584 4855/1/4141
f 5328/1/4585 4855/1/4141 4857/1/4143
f 5329/1/4586 5328/1/4585 4857/1/4143
f 5329/1/4586 4857/1/4143 4859/1/4145
f 5330/1/4587 5329/1/4586 4859/1/4145
f 5330/1/4587 4859/1/4145 4861/1/4147
f 5331/1/4588 5330/1/4587 4861/1/4147
f 5331/1/4588 4861/1/4147 4863/1/4149
f 5332/1/4589 5331/1/4588 4863/1/4149
f 5332/1/4589 4863/1/4149 4865/1/4151
f 5333/1/4590 5332/1/4589 4865/1/4151
f 5333/1/4590 4865/1/4151 4867/1/4153
f 5334/1/4591 5333/1/4590 4867/1/4153
f 5334/1/4591 4867/1/4153 4869/1/4155
f 5335/1/4592 5334/1/4591 4869/1/4155
f 5335/1/4592 4869/1/4155 4871/1/4157
f 5336/1/4593 5335/1/4592 4871/1/4157
f 5336/1/4593 4871/1/4157 4873/1/4159
f 5337/1/4594 5336/1/4593 4873/1/4159
f 5337/1/4594 4873/1/4159 4875/1/4161
f 5338/1/4529 5337/1/4594 4875/1/4161
f 5338/1/4529 4875/1/4161 4877/1/4163
f 5339/1/4595 5338/1/4529 4877/1/4163
f 5339/1/4595 4877/1/4163 4879/1/4165
f 5340/1/4240 5339/1/4595 4879/1/4165
f 5340/1/4240 4879/1/4165 4881/1/4167
f 5341/1/4596 5340/1/4240 4881/1/4167
f 5341/1/4596 4881/1/4167 4883/1/4169
f 5342/1/4597 5341/1/4596 4883/1/4169
f 5342/1/4597 4883/1/4169 4885/1/4171
f 5343/1/4598 5342/1/4597 4885/1/4171
f 5343/1/4598 4885/1/4171 4887/1/4173
f 5344/1/4599 5343/1/4598 4887/1/4173
f 5344/1/4599 4887/1/4173 4889/1/4175
f 5345/1/4600 5344/1/4599 4889/1/4175
f 5345/1/4600 4889/1/4175 4891/1/4177
f 5346/1/4601 5345/1/4600 4891/1/4177
f 5346/1/4601 4891/1/4177 4895/1/4181
f 5316/1/4576 5346/1/4601 4895/1/4181
f 5316/1/4576 4895/1/4181 4897/1/4183
f 4896/1/4182 4832/1/4118 4835/1/4121
f 4896/1/4182 4835/1/4121 4897/1/4183
f 5347/4/4602 5348/4/4603 5349/4/4604
f 5347/4/4602 5349/4/4604 5350/4/4605
f 4966/4/4252 5347/4/4602 5350/4/4605
f 4966/4/4252 5350/4/4605 5351/4/4606
f 5352/2/4607 5353/2/4608 154/2/147
f 5352/2/4607 154/2/147 153/2/146
f 5354/2/4609 5355/2/4610 5356/2/4611
f 5354/2/4609 5356/2/4611 5357/2/4612
f 5358/2/4613 5249/2/4535 5252/2/4538
f 5358/2/4613 5252/2/4538 5359/2/4614
f 5360/2/4615 5354/2/4609 5357/2/4612
f 5360/2/4615 5357/2/4612 5361/2/4616
f 5362/2/4617 5358/2/4613 5359/2/4614
f 5362/2/4617 5359/2/4614 5363/2/4618
f 5364/2/4619 5360/2/4615 5361/2/4616
f 5364/2/4619 5361/2/4616 5365/2/4620
f 5366/2/4621 5362/2/4617 5363/2/4618
f 5366/2/4621 5363/2/4618 5367/2/4622
f 5368/2/4623 5364/2/4619 5365/2/4620
f 5368/2/4623 5365/2/4620 5369/2/4624
f 5370/2/4625 5366/2/4621 5367/2/4622
f 5370/2/4625 5367/2/4622 5371/2/4626
f 5372/2/4627 5368/2/4623 5369/2/4624
f 5372/2/4627 5369/2/4624 5373/2/4628
f 5374/2/4629 5370/2/4625 5371/2/4626
f 5374/2/4629 5371/2/4626 5375/2/4630
f 5376/2/4631 5372/2/4627 5373/2/4628
f 5376/2/4631 5373/2/4628 5377/2/4632
f 5378/2/4633 5374/2/4629 5375/2/4630
f 5378/2/4633 5375/2/4630 5379/2/4634
f 5380/2/4635 5376/2/4631 5377/2/4632
f 5380/2/4635 5377/2/4632 5381/2/4636
f 5382/2/4637 5378/2/4633 5379/2/4634
f 5382/2/4637 5379/2/4634 5383/2/4638
f 5384/2/4639 5385/2/4640 5386/2/4641
f 5384/2/4639 5386/2/4641 5387/2/4642
f 5388/2/4643 5380/2/4635 5381/2/4636
f 5388/2/4643 5381/2/4636 5389/2/4644
f 5390/2/4645 5382/2/4637 5383/2/4638
f 5390/2/4645 5383/2/4638 5391/2/4646
f 5392/2/4647 5384/2/4639 5387/2/4642
f 5392/2/4647 5387/2/4642 5393/2/4648
f 5394/2/4649 5388/2/4643 5389/2/4644
f 5394/2/4649 5389/2/4644 5395/2/4650
f 5396/2/4651 5390/2/4645 5391/2/4646
f 5396/2/4651 5391/2/4646 5397/2/4652
f 5398/2/4653 5392/2/4647 5393/2/4648
f 5398/2/4653 5393/2/4648 5399/2/4654
f 5400/2/4655 5394/2/4649 5395/2/4650
f 5400/2/4655 5395/2/4650 5401/2/4656
f 5402/2/4657 5396/2/4651 5397/2/4652
f 5402/2/4657 5397/2/4652 5403/2/4658
f 5404/2/4659 5398/2/4653 5399/2/4654
f 5404/2/4659 5399/2/4654 5405/2/4660
f 5406/2/4661 5400/2/4655 5401/2/4656
f 5406/2/4661 5401/2/4656 5407/2/4662
f 5408/2/4663 5402/2/4657 5403/2/4658
f 5408/2/4663 5403/2/4658 5409/2/4664
f 5410/2/4665 5404/2/4659 5405/2/4660
f 5410/2/4665 5405/2/4660 5411/2/4666
f 5385/2/4640 5406/2/4661 5407/2/4662
f 5385/2/4640 5407/2/4662 5386/2/4641
f 5412/2/4667 5408/2/4663 5409/2/4664
f 5412/2/4667 5409/2/4664 5413/2/4668
f 5250/2/4536 5410/2/4665 5411/2/4666
f 5250/2/4536 5411/2/4666 5251/2/4537
f 5355/2/4610 5412/2/4667 5413/2/4668
f 5355/2/4610 5413/2/4668 5356/2/4611
f 5414/2/4669 5415/2/4670 151/2/144
f 5414/2/4669 151/2/144 155/2/148
f 5416/2/4671 5417/2/4672 152/2/145
f 5416/2/4671 152/2/145 156/2/149
f 5418/2/4673 5352/2/4607 153/2/146
f 5418/2/4673 153/2/146 157/2/150
f 5419/2/4674 5414/2/4669 155/2/148
f 5419/2/4674 155/2/148 158/2/151
f 5420/2/4675 5416/2/4671 156/2/149
f 5420/2/4675 156/2/149 159/2/152
f 5421/2/4676 5418/2/4673 157/2/150
f 5421/2/4676 157/2/150 160/2/153
f 5422/2/4677 5419/2/4674 158/2/151
f 5422/2/4677 158/2/151 161/2/154
f 5423/2/4678 5420/2/4675 159/2/152
f 5423/2/4678 159/2/152 162/2/155
f 5424/2/4679 5421/2/4676 160/2/153
f 5424/2/4679 160/2/153 163/2/156
f 5425/2/4680 5422/2/4677 161/2/154
f 5425/2/4680 161/2/154 164/2/157
f 5426/2/4681 5423/2/4678 162/2/155
f 5426/2/4681 162/2/155 165/2/158
f 5427/2/4682 5424/2/4679 163/2/156
f 5427/2/4682 163/2/156 166/2/159
f 5353/2/4608 5425/2/4680 164/2/157
f 5353/2/4608 164/2/157 154/2/147
f 5428/2/4683 5426/2/4681 165/2/158
f 5428/2/4683 165/2/158 135/2/128
f 5429/2/4684 5427/2/4682 166/2/159
f 5429/2/4684 166/2/159 138/2/131
f 5430/2/4685 5428/2/4683 135/2/128
f 5430/2/4685 135/2/128 134/2/127
f 5431/2/4686 5429/2/4684 138/2/131
f 5431/2/4686 138/2/131 137/2/130
f 5432/2/4687 5430/2/4685 134/2/127
f 5432/2/4687 134/2/127 139/2/132
f 5433/2/4688 5431/2/4686 137/2/130
f 5433/2/4688 137/2/130 140/2/133
f 5434/2/4689 5432/2/4687 139/2/132
f 5434/2/4689 139/2/132 141/2/134
f 5435/2/4690 5433/2/4688 140/2/133
f 5435/2/4690 140/2/133 142/2/135
f 5436/2/4691 5434/2/4689 141/2/134
f 5436/2/4691 141/2/134 143/2/136
f 5437/2/4692 5435/2/4690 142/2/135
f 5437/2/4692 142/2/135 144/2/137
f 5438/2/4693 5436/2/4691 143/2/136
f 5438/2/4693 143/2/136 145/2/138
f 5439/2/4694 5437/2/4692 144/2/137
f 5439/2/4694 144/2/137 146/2/139
f 5440/2/4695 5438/2/4693 145/2/138
f 5440/2/4695 145/2/138 147/2/140
f 5441/2/4696 5439/2/4694 146/2/139
f 5441/2/4696 146/2/139 148/2/141
f 5442/2/4697 5440/2/4695 147/2/140
f 5442/2/4697 147/2/140 149/2/142
f 5443/2/4698 5441/2/4696 148/2/141
f 5443/2/4698 148/2/141 150/2/143
f 5415/2/4670 5442/2/4697 149/2/142
f 5415/2/4670 149/2/142 151/2/144
f 5417/2/4672 5443/2/4698 150/2/143
f 5417/2/4672 150/2/143 152/2/145
f 5383/2/4638 5379/2/4634 5443/2/4698
f 5383/2/4638 5443/2/4698 5417/2/4672
f 5381/2/4636 5377/2/4632 5442/2/4697
f 5381/2/4636 5442/2/4697 5415/2/4670
f 5379/2/4634 5375/2/4630 5441/2/4696
f 5379/2/4634 5441/2/4696 5443/2/4698
f 5377/2/4632 5373/2/4628 5440/2/4695
f 5377/2/4632 5440/2/4695 5442/2/4697
f 5375/2/4630 5371/2/4626 5439/2/4694
f 5375/2/4630 5439/2/4694 5441/2/4696
f 5373/2/4628 5369/2/4624 5438/2/4693
f 5373/2/4628 5438/2/4693 5440/2/4695
f 5371/2/4626 5367/2/4622 5437/2/4692
f 5371/2/4626 5437/2/4692 5439/2/4694
f 5369/2/4624 5365/2/4620 5436/2/4691
f 5369/2/4624 5436/2/4691 5438/2/4693
f 5367/2/4622 5363/2/4618 5435/2/4690
f 5367/2/4622 5435/2/4690 5437/2/4692
f 5365/2/4620 5361/2/4616 5434/2/4689
f 5365/2/4620 5434/2/4689 5436/2/4691
f 5363/2/4618 5359/2/4614 5433/2/4688
f 5363/2/4618 5433/2/4688 5435/2/4690
f 5361/2/4616 5357/2/4612 5432/2/4687
f 5361/2/4616 5432/2/4687 5434/2/4689
f 5359/2/4614 5252/2/4538 5431/2/4686
f 5359/2/4614 5431/2/4686 5433/2/4688
f 5357/2/4612 5356/2/4611 5430/2/4685
f 5357/2/4612 5430/2/4685 5432/2/4687
f 5252/2/4538 5251/2/4537 5429/2/4684
f 5252/2/4538 5429/2/4684 5431/2/4686
f 5356/2/4611 5413/2/4668 5428/2/4683
f 5356/2/4611 5428/2/4683 5430/2/4685
f 5251/2/4537 5411/2/4666 5427/2/4682
f 5251/2/4537 5427/2/4682 5429/2/4684
f 5413/2/4668 5409/2/4664 5426/2/4681
f 5413/2/4668 5426/2/4681 5428/2/4683
f 5386/2/4641 5407/2/4662 5425/2/4680
f 5386/2/4641 5425/2/4680 5353/2/4608
f 5411/2/4666 5405/2/4660 5424/2/4679
f 5411/2/4666 5424/2/4679 5427/2/4682
f 5409/2/4664 5403/2/4658 5423/2/4678
f 5409/2/4664 5423/2/4678 5426/2/4681
f 5407/2/4662 5401/2/4656 5422/2/4677
f 5407/2/4662 5422/2/4677 5425/2/4680
f 5405/2/4660 5399/2/4654 5421/2/4676
f 5405/2/4660 5421/2/4676 5424/2/4679
f 5403/2/4658 5397/2/4652 5420/2/4675
f 5403/2/4658 5420/2/4675 5423/2/4678
f 5401/2/4656 5395/2/4650 5419/2/4674
f 5401/2/4656 5419/2/4674 5422/2/4677
f 5399/2/4654 5393/2/4648 5418/2/4673
f 5399/2/4654 5418/2/4673 5421/2/4676
f 5397/2/4652 5391/2/4646 5416/2/4671
f 5397/2/4652 5416/2/4671 5420/2/4675
f 5395/2/4650 5389/2/4644 5414/2/4669
f 5395/2/4650 5414/2/4669 5419/2/4674
f 5393/2/4648 5387/2/4642 5352/2/4607
f 5393/2/4648 5352/2/4607 5418/2/4673
f 5391/2/4646 5383/2/4638 5417/2/4672
f 5391/2/4646 5417/2/4672 5416/2/4671
f 5389/2/4644 5381/2/4636 5415/2/4670
f 5389/2/4644 5415/2/4670 5414/2/4669
f 5387/2/4642 5386/2/4641 5353/2/4608
f 5387/2/4642 5353/2/4608 5352/2/4607
f 5444/2/4699 5445/2/4700 5446/2/4701
f 5444/2/4699 5446/2/4701 5447/2/4702
f 5448/2/4703 5449/2/4704 5450/2/4705
f 5448/2/4703 5450/2/4705 5451/2/4706
f 5452/2/4707 5453/2/4708 5445/2/4700
f 5452/2/4707 5445/2/4700 5444/2/4699
f 5454/2/4709 5455/2/4710 5453/2/4708
f 5454/2/4709 5453/2/4708 5452/2/4707
f 5456/2/4711 5457/2/4712 5455/2/4710
f 5456/2/4711 5455/2/4710 5454/2/4709
f 5458/2/4713 5459/2/4714 5457/2/4712
f 5458/2/4713 5457/2/4712 5456/2/4711
f 5460/2/4603 5461/2/4715 5459/2/4714
f 5460/2/4603 5459/2/4714 5458/2/4713
f 5462/2/4716 5463/2/4717 5464/2/4718
f 5462/2/4716 5464/2/4718 5465/2/4719
f 5466/2/4720 5467/2/4721 5463/2/4717
f 5466/2/4720 5463/2/4717 5462/2/4716
f 5468/2/4722 5469/2/4723 5467/2/4721
f 5468/2/4722 5467/2/4721 5466/2/4720
f 5470/2/4724 5471/2/4725 5469/2/4723
f 5470/2/4724 5469/2/4723 5468/2/4722
f 5472/2/4726 5473/2/4727 5471/2/4725
f 5472/2/4726 5471/2/4725 5470/2/4724
f 5474/2/4728 5475/2/4729 5473/2/4727
f 5474/2/4728 5473/2/4727 5472/2/4726
f 5476/2/4730 5477/2/4731 5475/2/4729
f 5476/2/4730 5475/2/4729 5474/2/4728
f 5478/2/4732 5479/2/4733 5477/2/4731
f 5478/2/4732 5477/2/4731 5476/2/4730
f 5480/2/4734 5481/2/4735 5479/2/4733
f 5480/2/4734 5479/2/4733 5478/2/4732
f 5482/2/4736 5483/2/4737 5481/2/4735
f 5482/2/4736 5481/2/4735 5480/2/4734
f 5484/2/4738 5485/2/4739 5483/2/4737
f 5484/2/4738 5483/2/4737 5482/2/4736
f 5486/2/4740 5487/2/4741 5485/2/4739
f 5486/2/4740 5485/2/4739 5484/2/4738
f 5488/2/4742 5489/2/4743 5487/2/4741
f 5488/2/4742 5487/2/4741 5486/2/4740
f 5490/2/4744 5491/2/4745 5489/2/4743
f 5490/2/4744 5489/2/4743 5488/2/4742
f 5492/2/4746 5493/2/4747 5491/2/4745
f 5492/2/4746 5491/2/4745 5490/2/4744
f 5494/2/4748 5495/2/4749 5493/2/4747
f 5494/2/4748 5493/2/4747 5492/2/4746
f 5496/2/4750 5497/2/4751 5495/2/4749
f 5496/2/4750 5495/2/4749 5494/2/4748
f 5498/2/4752 5499/2/4753 5497/2/4751
f 5498/2/4752 5497/2/4751 5496/2/4750
f 5451/2/4706 5450/2/4705 5499/2/4753
f 5451/2/4706 5499/2/4753 5498/2/4752
f 4942/2/4228 4941/2/4227 5500/2/4754
f 4942/2/4228 5500/2/4754 5501/2/4755
f 4968/4/4254 4967/4/4253 4927/4/4213
f 4968/4/4254 4927/4/4213 4926/4/4212
f 5501/2/4755 5500/2/4754 5449/2/4704
f 5501/2/4755 5449/2/4704 5448/2/4703
f 5502/1/4756 5503/1/4757 5504/1/4758
f 5502/1/4756 5504/1/4758 5505/1/4759
f 5506/1/4726 5507/1/4724 5508/1/4760
f 5506/1/4726 5508/1/4760 5509/1/4761
f 5510/1/4702 5511/1/4225 5512/1/4762
f 5510/1/4702 5512/1/4762 5513/1/4763
f 5514/1/4706 5502/1/4756 5505/1/4759
f 5514/1/4706 5505/1/4759 5515/1/4764
f 5516/1/4728 5506/1/4726 5509/1/4761
f 5516/1/4728 5509/1/4761 5517/1/4765
f 5518/1/4699 5510/1/4702 5513/1/4763
f 5518/1/4699 5513/1/4763 5519/1/4766
f 5520/1/4703 5514/1/4706 5515/1/4764
f 5520/1/4703 5515/1/4764 5521/1/4767
f 5522/1/4768 5516/1/4728 5517/1/4765
f 5522/1/4768 5517/1/4765 5523/1/4769
f 5524/1/4707 5518/1/4699 5519/1/4766
f 5524/1/4707 5519/1/4766 5525/1/4770
f 5526/1/4755 5520/1/4703 5521/1/4767
f 5526/1/4755 5521/1/4767 5527/1/4771
f 5528/1/4732 5522/1/4768 5523/1/4769
f 5528/1/4732 5523/1/4769 5529/1/4772
f 5530/1/4709 5524/1/4707 5525/1/4770
f 5530/1/4709 5525/1/4770 5531/1/4773
f 5532/1/4228 5526/1/4755 5527/1/4771
f 5532/1/4228 5527/1/4771 5533/1/4774
f 5534/1/4734 5528/1/4732 5529/1/4772
f 5534/1/4734 5529/1/4772 5535/1/4775
f 5536/1/4711 5530/1/4709 5531/1/4773
f 5536/1/4711 5531/1/4773 5537/1/4776
f 5511/1/4225 5532/1/4228 5533/1/4774
f 5511/1/4225 5533/1/4774 5512/1/4762
f 5538/1/4736 5534/1/4734 5535/1/4775
f 5538/1/4736 5535/1/4775 5539/1/4777
f 5540/1/4713 5536/1/4711 5537/1/4776
f 5540/1/4713 5537/1/4776 5541/1/4778
f 5542/1/4738 5538/1/4736 5539/1/4777
f 5542/1/4738 5539/1/4777 5543/1/4779
f 5544/1/4603 5540/1/4713 5541/1/4778
f 5544/1/4603 5541/1/4778 5545/1/4780
f 5546/1/4781 5542/1/4738 5543/1/4779
f 5546/1/4781 5543/1/4779 5547/1/4782
f 5548/1/4783 5544/1/4603 5545/1/4780
f 5548/1/4783 5545/1/4780 5549/1/4784
f 5550/1/4785 5546/1/4781 5547/1/4782
f 5550/1/4785 5547/1/4782 5551/1/4786
f 5552/1/4719 5548/1/4783 5549/1/4784
f 5552/1/4719 5549/1/4784 5553/1/4787
f 5554/1/4788 5550/1/4785 5551/1/4786
f 5554/1/4788 5551/1/4786 5555/1/4789
f 5556/1/4790 5552/1/4719 5553/1/4787
f 5556/1/4790 5553/1/4787 5557/1/4791
f 5558/1/4746 5554/1/4788 5555/1/4789
f 5558/1/4746 5555/1/4789 5559/1/4792
f 5560/1/4793 5556/1/4790 5557/1/4791
f 5560/1/4793 5557/1/4791 5561/1/4794
f 5562/1/4795 5558/1/4746 5559/1/4792
f 5562/1/4795 5559/1/4792 5563/1/4796
f 5564/1/4722 5560/1/4793 5561/1/4794
f 5564/1/4722 5561/1/4794 5565/1/4797
f 5503/1/4757 5562/1/4795 5563/1/4796
f 5503/1/4757 5563/1/4796 5504/1/4758
f 5507/1/4724 5564/1/4722 5565/1/4797
f 5507/1/4724 5565/1/4797 5508/1/4760
f 5505/1/4759 5504/1/4758 5566/1/4259
f 5505/1/4759 5566/1/4259 5567/1/4317
f 5509/1/4761 5508/1/4760 5568/1/4188
f 5509/1/4761 5568/1/4188 5569/1/4798
f 5513/1/4763 5512/1/4762 5570/1/4799
f 5513/1/4763 5570/1/4799 5571/1/4800
f 5515/1/4764 5505/1/4759 5567/1/4317
f 5515/1/4764 5567/1/4317 5572/1/4311
f 5517/1/4765 5509/1/4761 5569/1/4798
f 5517/1/4765 5569/1/4798 5573/1/4801
f 5519/1/4766 5513/1/4763 5571/1/4800
f 5519/1/4766 5571/1/4800 5574/1/4802
f 5521/1/4767 5515/1/4764 5572/1/4311
f 5521/1/4767 5572/1/4311 5575/1/4305
f 5523/1/4769 5517/1/4765 5573/1/4801
f 5523/1/4769 5573/1/4801 5576/1/4803
f 5525/1/4770 5519/1/4766 5574/1/4802
f 5525/1/4770 5574/1/4802 5577/1/4804
f 5527/1/4771 5521/1/4767 5575/1/4305
f 5527/1/4771 5575/1/4305 5578/1/4299
f 5529/1/4772 5523/1/4769 5576/1/4803
f 5529/1/4772 5576/1/4803 5579/1/4805
f 5531/1/4773 5525/1/4770 5577/1/4804
f 5531/1/4773 5577/1/4804 5580/1/4295
f 5533/1/4774 5527/1/4771 5578/1/4299
f 5533/1/4774 5578/1/4299 5581/1/4806
f 5535/1/4775 5529/1/4772 5579/1/4805
f 5535/1/4775 5579/1/4805 5582/1/4807
f 5537/1/4776 5531/1/4773 5580/1/4295
f 5537/1/4776 5580/1/4295 5583/1/4808
f 5512/1/4762 5533/1/4774 5581/1/4806
f 5512/1/4762 5581/1/4806 5570/1/4799
f 5539/1/4777 5535/1/4775 5582/1/4807
f 5539/1/4777 5582/1/4807 5584/1/4285
f 5541/1/4778 5537/1/4776 5583/1/4808
f 5541/1/4778 5583/1/4808 5585/1/4283
f 5543/1/4779 5539/1/4777 5584/1/4285
f 5543/1/4779 5584/1/4285 5586/1/4281
f 5545/1/4780 5541/1/4778 5585/1/4283
f 5545/1/4780 5585/1/4283 5587/1/4279
f 5547/1/4782 5543/1/4779 5586/1/4281
f 5547/1/4782 5586/1/4281 5588/1/4277
f 5549/1/4784 5545/1/4780 5587/1/4279
f 5549/1/4784 5587/1/4279 5589/1/4275
f 5551/1/4786 5547/1/4782 5588/1/4277
f 5551/1/4786 5588/1/4277 5590/1/4809
f 5553/1/4787 5549/1/4784 5589/1/4275
f 5553/1/4787 5589/1/4275 5591/1/4810
f 5555/1/4789 5551/1/4786 5590/1/4809
f 5555/1/4789 5590/1/4809 5592/1/4269
f 5557/1/4791 5553/1/4787 5591/1/4810
f 5557/1/4791 5591/1/4810 5593/1/4811
f 5559/1/4792 5555/1/4789 5592/1/4269
f 5559/1/4792 5592/1/4269 5594/1/4812
f 5561/1/4794 5557/1/4791 5593/1/4811
f 5561/1/4794 5593/1/4811 5595/1/4813
f 5563/1/4796 5559/1/4792 5594/1/4812
f 5563/1/4796 5594/1/4812 5596/1/4260
f 5565/1/4797 5561/1/4794 5595/1/4813
f 5565/1/4797 5595/1/4813 5597/1/4189
f 5504/1/4758 5563/1/4796 5596/1/4260
f 5504/1/4758 5596/1/4260 5566/1/4259
f 5508/1/4760 5565/1/4797 5597/1/4189
f 5508/1/4760 5597/1/4189 5568/1/4188
f 5598/4/4718 4925/4/4211 5599/4/4814
f 5598/4/4718 5599/4/4814 5600/4/4815
f 4924/4/4210 5243/4/4529 5601/4/4816
f 4924/4/4210 5601/4/4816 5602/4/4817
f 5447/2/4702 5446/2/4701 4940/2/4226
f 5447/2/4702 4940/2/4226 4939/2/4225
f 5603/4/4818 5598/4/4718 5600/4/4815
f 5603/4/4818 5600/4/4815 5604/4/4819
f 4943/4/4229 4959/4/4245 5605/4/4704
f 4943/4/4229 5605/4/4704 5606/4/4754
f 4965/4/4251 4968/4/4254 5607/4/4701
f 4965/4/4251 5607/4/4701 5608/4/4820
f 4949/4/4235 4965/4/4251 5608/4/4820
f 4949/4/4235 5608/4/4820 5609/4/4708
f 4934/4/4220 4949/4/4235 5609/4/4708
f 4934/4/4220 5609/4/4708 5610/4/4710
f 4913/4/4199 4934/4/4220 5610/4/4710
f 4913/4/4199 5610/4/4710 5611/4/4712
f 4910/4/4196 4913/4/4199 5611/4/4712
f 4910/4/4196 5611/4/4712 5612/4/4714
f 4966/4/4252 4910/4/4196 5612/4/4714
f 4966/4/4252 5612/4/4714 5347/4/4602
f 4922/4/4208 4925/4/4211 5598/4/4718
f 4922/4/4208 5598/4/4718 5613/4/4717
f 4963/4/4249 4922/4/4208 5613/4/4717
f 4963/4/4249 5613/4/4717 5614/4/4721
f 4947/4/4233 4963/4/4249 5614/4/4721
f 4947/4/4233 5614/4/4721 5615/4/4723
f 4932/4/4218 4947/4/4233 5615/4/4723
f 4932/4/4218 5615/4/4723 5616/4/4725
f 4909/4/4195 4932/4/4218 5616/4/4725
f 4909/4/4195 5616/4/4725 5617/4/4821
f 4906/4/4192 4909/4/4195 5617/4/4821
f 4906/4/4192 5617/4/4821 5618/4/4729
f 4953/4/4239 4906/4/4192 5618/4/4729
f 4953/4/4239 5618/4/4729 5619/4/4731
f 4938/4/4224 4953/4/4239 5619/4/4731
f 4938/4/4224 5619/4/4731 5620/4/4733
f 4921/4/4207 4938/4/4224 5620/4/4733
f 4921/4/4207 5620/4/4733 5621/4/4735
f 4918/4/4204 4921/4/4207 5621/4/4735
f 4918/4/4204 5621/4/4735 5622/4/4822
f 4961/4/4247 4918/4/4204 5622/4/4822
f 4961/4/4247 5622/4/4822 5623/4/4739
f 4945/4/4231 4961/4/4247 5623/4/4739
f 4945/4/4231 5623/4/4739 5624/4/4741
f 4930/4/4216 4945/4/4231 5624/4/4741
f 4930/4/4216 5624/4/4741 5625/4/4743
f 4901/4/4187 4930/4/4216 5625/4/4743
f 4901/4/4187 5625/4/4743 5626/4/4745
f 4898/4/4184 4901/4/4187 5626/4/4745
f 4898/4/4184 5626/4/4745 5627/4/4823
f 4951/4/4237 4898/4/4184 5627/4/4823
f 4951/4/4237 5627/4/4823 5628/4/4749
f 4936/4/4222 4951/4/4237 5628/4/4749
f 4936/4/4222 5628/4/4749 5629/4/4751
f 4917/4/4203 4936/4/4222 5629/4/4751
f 4917/4/4203 5629/4/4751 5630/4/4753
f 4914/4/4200 4917/4/4203 5630/4/4753
f 4914/4/4200 5630/4/4753 5631/4/4705
f 4959/4/4245 4914/4/4200 5631/4/4705
f 4959/4/4245 5631/4/4705 5605/4/4704
f 4968/4/4254 4926/4/4212 5632/4/4226
f 4968/4/4254 5632/4/4226 5607/4/4701
f 4926/4/4212 4928/4/4214 5633/4/4824
f 4926/4/4212 5633/4/4824 5632/4/4226
f 4928/4/4214 4943/4/4229 5606/4/4754
f 4928/4/4214 5606/4/4754 5633/4/4824
f 5348/4/4603 5634/4/4825 5635/4/4826
f 5348/4/4603 5635/4/4826 5349/4/4604
f 4955/4/4241 4966/4/4252 5351/4/4606
f 4955/4/4241 5351/4/4606 4956/4/4242
f 5636/4/4827 5637/4/4828 4956/4/4242
f 5636/4/4827 4956/4/4242 5351/4/4606
f 5602/4/4817 5601/4/4816 5638/4/4829
f 5602/4/4817 5638/4/4829 5637/4/4828
f 5635/4/4826 5639/4/4830 5350/4/4605
f 5635/4/4826 5350/4/4605 5349/4/4604
f 5604/4/4819 5600/4/4815 5639/4/4830
f 5604/4/4819 5639/4/4830 5635/4/4826
f 5637/4/4828 5638/4/4829 4957/4/4243
f 5637/4/4828 4957/4/4243 4956/4/4242
f 5599/4/4814 5636/4/4827 5639/4/4830
f 5599/4/4814 5639/4/4830 5600/4/4815
f 5636/4/4827 5351/4/4606 5350/4/4605
f 5636/4/4827 5350/4/4605 5639/4/4830
f 5599/4/4814 5602/4/4817 5637/4/4828
f 5599/4/4814 5637/4/4828 5636/4/4827
f 5640/2/4831 5641/2/4832 5642/2/4833
f 5640/2/4831 5642/2/4833 5643/2/4834
f 4925/4/4211 4924/4/4210 5602/4/4817
f 4925/4/4211 5602/4/4817 5599/4/4814
f 5644/4/4835 4954/4/4240 5645/4/4836
f 5644/4/4835 5645/4/4836 5646/4/4837
f 5634/4/4825 5603/4/4818 5604/4/4819
f 5634/4/4825 5604/4/4819 5635/4/4826
f 5646/4/4837 5645/4/4836 5647/4/4838
f 5646/4/4837 5647/4/4838 5648/4/4839
f 5649/4/4840 5646/4/4837 5648/4/4839
f 5649/4/4840 5648/4/4839 5650/4/4841
f 5601/4/4816 5243/4/4529 5649/4/4840
f 5601/4/4816 5649/4/4840 5650/4/4841
f 5243/4/4529 5644/4/4835 5646/4/4837
f 5243/4/4529 5646/4/4837 5649/4/4840
f 5641/2/4832 5651/2/4816 5652/2/4842
f 5641/2/4832 5652/2/4842 5642/2/4833
f 4954/4/4240 4957/4/4243 5647/4/4838
f 4954/4/4240 5647/4/4838 5645/4/4836
f 5653/2/4843 5654/2/4844 5412/2/4667
f 5653/2/4843 5412/2/4667 5355/2/4610
f 5655/2/4845 5656/2/4846 5410/2/4665
f 5655/2/4845 5410/2/4665 5250/2/4536
f 5654/2/4844 5657/2/4847 5408/2/4663
f 5654/2/4844 5408/2/4663 5412/2/4667
f 5658/2/4848 5659/2/4849 5406/2/4661
f 5658/2/4848 5406/2/4661 5385/2/4640
f 5656/2/4846 5660/2/4850 5404/2/4659
f 5656/2/4846 5404/2/4659 5410/2/4665
f 5657/2/4847 5661/2/4851 5402/2/4657
f 5657/2/4847 5402/2/4657 5408/2/4663
f 5659/2/4849 5662/2/4852 5400/2/4655
f 5659/2/4849 5400/2/4655 5406/2/4661
f 5660/2/4850 5663/2/4853 5398/2/4653
f 5660/2/4850 5398/2/4653 5404/2/4659
f 5661/2/4851 5664/2/4854 5396/2/4651
f 5661/2/4851 5396/2/4651 5402/2/4657
f 5662/2/4852 5665/2/4855 5394/2/4649
f 5662/2/4852 5394/2/4649 5400/2/4655
f 5663/2/4853 5666/2/4856 5392/2/4647
f 5663/2/4853 5392/2/4647 5398/2/4653
f 5664/2/4854 5667/2/4857 5390/2/4645
f 5664/2/4854 5390/2/4645 5396/2/4651
f 5665/2/4855 5668/2/4858 5388/2/4643
f 5665/2/4855 5388/2/4643 5394/2/4649
f 5666/2/4856 5669/2/4859 5384/2/4639
f 5666/2/4856 5384/2/4639 5392/2/4647
f 5667/2/4857 5670/2/4860 5382/2/4637
f 5667/2/4857 5382/2/4637 5390/2/4645
f 5668/2/4858 5671/2/4861 5380/2/4635
f 5668/2/4858 5380/2/4635 5388/2/4643
f 5669/2/4859 5658/2/4848 5385/2/4640
f 5669/2/4859 5385/2/4640 5384/2/4639
f 5670/2/4860 5672/2/4862 5378/2/4633
f 5670/2/4860 5378/2/4633 5382/2/4637
f 5671/2/4861 5673/2/4863 5376/2/4631
f 5671/2/4861 5376/2/4631 5380/2/4635
f 5672/2/4862 5674/2/4864 5374/2/4629
f 5672/2/4862 5374/2/4629 5378/2/4633
f 5673/2/4863 5675/2/4865 5372/2/4627
f 5673/2/4863 5372/2/4627 5376/2/4631
f 5674/2/4864 5676/2/4866 5370/2/4625
f 5674/2/4864 5370/2/4625 5374/2/4629
f 5675/2/4865 5677/2/4867 5368/2/4623
f 5675/2/4865 5368/2/4623 5372/2/4627
f 5676/2/4866 5678/2/4868 5366/2/4621
f 5676/2/4866 5366/2/4621 5370/2/4625
f 5677/2/4867 5679/2/4869 5364/2/4619
f 5677/2/4867 5364/2/4619 5368/2/4623
f 5678/2/4868 5680/2/4870 5362/2/4617
f 5678/2/4868 5362/2/4617 5366/2/4621
f 5679/2/4869 5681/2/4871 5360/2/4615
f 5679/2/4869 5360/2/4615 5364/2/4619
f 5680/2/4870 5682/2/4872 5358/2/4613
f 5680/2/4870 5358/2/4613 5362/2/4617
f 5681/2/4871 5683/2/4873 5354/2/4609
f 5681/2/4871 5354/2/4609 5360/2/4615
f 5682/2/4872 5684/2/4874 5249/2/4535
f 5682/2/4872 5249/2/4535 5358/2/4613
f 5683/2/4873 5653/2/4843 5355/2/4610
f 5683/2/4873 5355/2/4610 5354/2/4609
f 5684/2/4874 5655/2/4845 5250/2/4536
f 5684/2/4874 5250/2/4536 5249/2/4535
f 5685/2/4179 5686/2/4875 5687/2/4876
f 5685/2/4179 5687/2/4876 5688/2/4877
f 5689/2/4878 5690/2/4539 5691/2/4879
f 5689/2/4878 5691/2/4879 5692/2/4880
f 5693/2/4541 5685/2/4179 5688/2/4877
f 5693/2/4541 5688/2/4877 5694/2/4881
f 5695/2/4882 5689/2/4878 5692/2/4880
f 5695/2/4882 5692/2/4880 5696/2/4883
f 5697/2/4543 5693/2/4541 5694/2/4881
f 5697/2/4543 5694/2/4881 5698/2/4884
f 5699/2/4544 5695/2/4882 5696/2/4883
f 5699/2/4544 5696/2/4883 5700/2/4885
f 5701/2/4545 5697/2/4543 5698/2/4884
f 5701/2/4545 5698/2/4884 5702/2/4886
f 5703/2/4546 5699/2/4544 5700/2/4885
f 5703/2/4546 5700/2/4885 5704/2/4887
f 5705/2/4888 5701/2/4545 5702/2/4886
f 5705/2/4888 5702/2/4886 5706/2/4889
f 5707/2/4548 5703/2/4546 5704/2/4887
f 5707/2/4548 5704/2/4887 5708/2/4890
f 5709/2/4549 5705/2/4888 5706/2/4889
f 5709/2/4549 5706/2/4889 5710/2/4891
f 5711/2/4550 5707/2/4548 5708/2/4890
f 5711/2/4550 5708/2/4890 5712/2/4892
f 5713/2/4893 5709/2/4549 5710/2/4891
f 5713/2/4893 5710/2/4891 5714/2/4894
f 5715/2/4552 5711/2/4550 5712/2/4892
f 5715/2/4552 5712/2/4892 5716/2/4895
f 5717/2/4896 5713/2/4893 5714/2/4894
f 5717/2/4896 5714/2/4894 5718/2/4897
f 5719/2/4555 5720/2/4898 5721/2/4899
f 5719/2/4555 5721/2/4899 5722/2/4900
f 5723/2/4556 5715/2/4552 5716/2/4895
f 5723/2/4556 5716/2/4895 5724/2/4901
f 5725/2/4557 5717/2/4896 5718/2/4897
f 5725/2/4557 5718/2/4897 5726/2/4902
f 5727/2/4558 5719/2/4555 5722/2/4900
f 5727/2/4558 5722/2/4900 5728/2/4903
f 5729/2/4904 5723/2/4556 5724/2/4901
f 5729/2/4904 5724/2/4901 5730/2/4905
f 5731/2/4560 5725/2/4557 5726/2/4902
f 5731/2/4560 5726/2/4902 5732/2/4906
f 5733/2/4561 5727/2/4558 5728/2/4903
f 5733/2/4561 5728/2/4903 5734/2/4907
f 5735/2/4908 5729/2/4904 5730/2/4905
f 5735/2/4908 5730/2/4905 5736/2/4909
f 5737/2/4910 5731/2/4560 5732/2/4906
f 5737/2/4910 5732/2/4906 5738/2/4911
f 5739/2/4564 5733/2/4561 5734/2/4907
f 5739/2/4564 5734/2/4907 5740/2/4912
f 5741/2/4913 5735/2/4908 5736/2/4909
f 5741/2/4913 5736/2/4909 5742/2/4914
f 5743/2/4566 5737/2/4910 5738/2/4911
f 5743/2/4566 5738/2/4911 5744/2/4915
f 5745/2/4916 5739/2/4564 5740/2/4912
f 5745/2/4916 5740/2/4912 5746/2/4917
f 5720/2/4898 5741/2/4913 5742/2/4914
f 5720/2/4898 5742/2/4914 5721/2/4899
f 5747/2/4918 5743/2/4566 5744/2/4915
f 5747/2/4918 5744/2/4915 5748/2/4919
f 5686/2/4875 5745/2/4916 5746/2/4917
f 5686/2/4875 5746/2/4917 5687/2/4876
f 5690/2/4539 5747/2/4918 5748/2/4919
f 5690/2/4539 5748/2/4919 5691/2/4879
f 5688/2/4877 5687/2/4876 5655/2/4845
f 5688/2/4877 5655/2/4845 5684/2/4874
f 5692/2/4880 5691/2/4879 5653/2/4843
f 5692/2/4880 5653/2/4843 5683/2/4873
f 5694/2/4881 5688/2/4877 5684/2/4874
f 5694/2/4881 5684/2/4874 5682/2/4872
f 5696/2/4883 5692/2/4880 5683/2/4873
f 5696/2/4883 5683/2/4873 5681/2/4871
f 5698/2/4884 5694/2/4881 5682/2/4872
f 5698/2/4884 5682/2/4872 5680/2/4870
f 5700/2/4885 5696/2/4883 5681/2/4871
f 5700/2/4885 5681/2/4871 5679/2/4869
f 5702/2/4886 5698/2/4884 5680/2/4870
f 5702/2/4886 5680/2/4870 5678/2/4868
f 5704/2/4887 5700/2/4885 5679/2/4869
f 5704/2/4887 5679/2/4869 5677/2/4867
f 5706/2/4889 5702/2/4886 5678/2/4868
f 5706/2/4889 5678/2/4868 5676/2/4866
f 5708/2/4890 5704/2/4887 5677/2/4867
f 5708/2/4890 5677/2/4867 5675/2/4865
f 5710/2/4891 5706/2/4889 5676/2/4866
f 5710/2/4891 5676/2/4866 5674/2/4864
f 5712/2/4892 5708/2/4890 5675/2/4865
f 5712/2/4892 5675/2/4865 5673/2/4863
f 5714/2/4894 5710/2/4891 5674/2/4864
f 5714/2/4894 5674/2/4864 5672/2/4862
f 5716/2/4895 5712/2/4892 5673/2/4863
f 5716/2/4895 5673/2/4863 5671/2/4861
f 5718/2/4897 5714/2/4894 5672/2/4862
f 5718/2/4897 5672/2/4862 5670/2/4860
f 5722/2/4900 5721/2/4899 5658/2/4848
f 5722/2/4900 5658/2/4848 5669/2/4859
f 5724/2/4901 5716/2/4895 5671/2/4861
f 5724/2/4901 5671/2/4861 5668/2/4858
f 5726/2/4902 5718/2/4897 5670/2/4860
f 5726/2/4902 5670/2/4860 5667/2/4857
f 5728/2/4903 5722/2/4900 5669/2/4859
f 5728/2/4903 5669/2/4859 5666/2/4856
f 5730/2/4905 5724/2/4901 5668/2/4858
f 5730/2/4905 5668/2/4858 5665/2/4855
f 5732/2/4906 5726/2/4902 5667/2/4857
f 5732/2/4906 5667/2/4857 5664/2/4854
f 5734/2/4907 5728/2/4903 5666/2/4856
f 5734/2/4907 5666/2/4856 5663/2/4853
f 5736/2/4909 5730/2/4905 5665/2/4855
f 5736/2/4909 5665/2/4855 5662/2/4852
f 5738/2/4911 5732/2/4906 5664/2/4854
f 5738/2/4911 5664/2/4854 5661/2/4851
f 5740/2/4912 5734/2/4907 5663/2/4853
f 5740/2/4912 5663/2/4853 5660/2/4850
f 5742/2/4914 5736/2/4909 5662/2/4852
f 5742/2/4914 5662/2/4852 5659/2/4849
f 5744/2/4915 5738/2/4911 5661/2/4851
f 5744/2/4915 5661/2/4851 5657/2/4847
f 5746/2/4917 5740/2/4912 5660/2/4850
f 5746/2/4917 5660/2/4850 5656/2/4846
f 5721/2/4899 5742/2/4914 5659/2/4849
f 5721/2/4899 5659/2/4849 5658/2/4848
f 5748/2/4919 5744/2/4915 5657/2/4847
f 5748/2/4919 5657/2/4847 5654/2/4844
f 5687/2/4876 5746/2/4917 5656/2/4846
f 5687/2/4876 5656/2/4846 5655/2/4845
f 5691/2/4879 5748/2/4919 5654/2/4844
f 5691/2/4879 5654/2/4844 5653/2/4843
f 5749/4/4223 5750/4/4206 5751/4/4586
f 5749/4/4223 5751/4/4586 5752/4/4521
f 5753/1/4146 5754/1/4147 5755/1/4145
f 5753/1/4146 5755/1/4145 5756/1/4144
f 5756/1/4144 5755/1/4145 5757/1/4143
f 5756/1/4144 5757/1/4143 5758/1/4142
f 5758/1/4142 5757/1/4143 5759/1/4141
f 5758/1/4142 5759/1/4141 5760/1/4920
f 5760/1/4920 5759/1/4141 5761/1/4139
f 5760/1/4920 5761/1/4139 5762/1/4138
f 5762/1/4138 5761/1/4139 5763/1/4137
f 5762/1/4138 5763/1/4137 5764/1/4136
f 5764/1/4136 5763/1/4137 5765/1/4135
f 5764/1/4136 5765/1/4135 5766/1/4134
f 5766/1/4134 5765/1/4135 5767/1/4133
f 5766/1/4134 5767/1/4133 5768/1/4132
f 5768/1/4132 5767/1/4133 5769/1/4131
f 5768/1/4132 5769/1/4131 5770/1/4130
f 5770/1/4130 5769/1/4131 5771/1/4129
f 5770/1/4130 5771/1/4129 5772/1/4128
f 5772/1/4128 5771/1/4129 5773/1/4127
f 5772/1/4128 5773/1/4127 5774/1/4126
f 5774/1/4126 5773/1/4127 5775/1/4125
f 5774/1/4126 5775/1/4125 5776/1/4921
f 5776/1/4921 5775/1/4125 5777/1/4123
f 5776/1/4921 5777/1/4123 5778/1/4122
f 5778/1/4122 5777/1/4123 5779/1/4120
f 5778/1/4122 5779/1/4120 5780/1/4119
f 5780/1/4119 5779/1/4120 5781/1/4121
f 5780/1/4119 5781/1/4121 5782/1/4118
f 5782/1/4118 5781/1/4121 5783/1/4183
f 5782/1/4118 5783/1/4183 5784/1/4182
f 5784/1/4182 5783/1/4183 5785/1/4181
f 5784/1/4182 5785/1/4181 5786/1/4180
f 5786/1/4180 5785/1/4181 5787/1/4177
f 5786/1/4180 5787/1/4177 5788/1/4176
f 5788/1/4176 5787/1/4177 5789/1/4175
f 5788/1/4176 5789/1/4175 5790/1/4174
f 5790/1/4174 5789/1/4175 5791/1/4173
f 5790/1/4174 5791/1/4173 5792/1/4922
f 5792/1/4922 5791/1/4173 5793/1/4171
f 5792/1/4922 5793/1/4171 5794/1/4170
f 5794/1/4170 5793/1/4171 5795/1/4169
f 5794/1/4170 5795/1/4169 5796/1/4168
f 5796/1/4168 5795/1/4169 5797/1/4167
f 5796/1/4168 5797/1/4167 5798/1/4166
f 5798/1/4166 5797/1/4167 5799/1/4165
f 5798/1/4166 5799/1/4165 5800/1/4164
f 5800/1/4164 5799/1/4165 5801/1/4163
f 5800/1/4164 5801/1/4163 5802/1/4162
f 5802/1/4162 5801/1/4163 5803/1/4161
f 5802/1/4162 5803/1/4161 5804/1/4160
f 5804/1/4160 5803/1/4161 5805/1/4159
f 5804/1/4160 5805/1/4159 5806/1/4158
f 5806/1/4158 5805/1/4159 5807/1/4157
f 5806/1/4158 5807/1/4157 5808/1/4923
f 5808/1/4923 5807/1/4157 5809/1/4155
f 5808/1/4923 5809/1/4155 5810/1/4154
f 5810/1/4154 5809/1/4155 5811/1/4153
f 5810/1/4154 5811/1/4153 5812/1/4152
f 5766/1/4134 5813/1/4543 5814/1/4545
f 5766/1/4134 5814/1/4545 5764/1/4136
f 5812/1/4152 5811/1/4153 5815/1/4151
f 5812/1/4152 5815/1/4151 5816/1/4150
f 5816/1/4150 5815/1/4151 5817/1/4149
f 5816/1/4150 5817/1/4149 5818/1/4148
f 5819/4/4184 5820/4/4237 5821/4/4236
f 5819/4/4184 5821/4/4236 5822/4/4185
f 5823/4/4924 5824/4/4302 5825/4/4296
f 5823/4/4924 5825/4/4296 5826/4/4295
f 5827/4/4254 5828/4/4251 5829/4/4250
f 5827/4/4254 5829/4/4250 5830/4/4253
f 5831/4/4208 5832/4/4249 5833/4/4248
f 5831/4/4208 5833/4/4248 5834/4/4209
f 5835/4/4247 5836/4/4231 5837/4/4230
f 5835/4/4247 5837/4/4230 5838/4/4925
f 5839/4/4245 5840/4/4926 5841/4/4117
f 5839/4/4245 5841/4/4117 5842/4/4244
f 5843/4/4196 5844/4/4252 5845/4/4927
f 5843/4/4196 5845/4/4927 5846/4/4197
f 5847/4/4239 5848/4/4224 5749/4/4223
f 5847/4/4239 5749/4/4223 5849/4/4238
f 5820/4/4237 5850/4/4222 5851/4/4221
f 5820/4/4237 5851/4/4221 5821/4/4236
f 5828/4/4251 5852/4/4235 5853/4/4234
f 5828/4/4251 5853/4/4234 5829/4/4250
f 5832/4/4249 5854/4/4233 5855/4/4232
f 5832/4/4249 5855/4/4232 5833/4/4248
f 5836/4/4231 5856/4/4216 5857/4/4215
f 5836/4/4231 5857/4/4215 5837/4/4230
f 5840/4/4926 5858/4/4214 5859/4/4114
f 5840/4/4926 5859/4/4114 5841/4/4117
f 5860/2/4730 5861/2/4732 5862/2/4733
f 5860/2/4730 5862/2/4733 5863/2/4731
f 5848/4/4224 5864/4/4207 5750/4/4206
f 5848/4/4224 5750/4/4206 5749/4/4223
f 5850/4/4222 5865/4/4203 5866/4/4202
f 5850/4/4222 5866/4/4202 5851/4/4221
f 5852/4/4235 5867/4/4220 5868/4/4219
f 5852/4/4235 5868/4/4219 5853/4/4234
f 5854/4/4233 5869/4/4218 5870/4/4217
f 5854/4/4233 5870/4/4217 5855/4/4232
f 5856/4/4216 5871/4/4187 5872/4/4186
f 5856/4/4216 5872/4/4186 5857/4/4215
f 5858/4/4214 5873/4/4212 5874/4/4213
f 5858/4/4214 5874/4/4213 5859/4/4114
f 5875/4/4529 5876/4/4928 5877/4/4929
f 5875/4/4529 5877/4/4929 5878/4/4930
f 5864/4/4207 5879/4/4204 5880/4/4205
f 5864/4/4207 5880/4/4205 5750/4/4206
f 5865/4/4203 5881/4/4200 5882/4/4201
f 5865/4/4203 5882/4/4201 5866/4/4202
f 5867/4/4220 5883/4/4199 5884/4/4198
f 5867/4/4220 5884/4/4198 5868/4/4219
f 5869/4/4218 5885/4/4195 5886/4/4194
f 5869/4/4218 5886/4/4194 5870/4/4217
f 5871/4/4187 5819/4/4184 5822/4/4185
f 5871/4/4187 5822/4/4185 5872/4/4186
f 5873/4/4212 5827/4/4254 5830/4/4253
f 5873/4/4212 5830/4/4253 5874/4/4213
f 5887/4/4211 5831/4/4208 5834/4/4209
f 5887/4/4211 5834/4/4209 5878/4/4930
f 5879/4/4204 5835/4/4247 5838/4/4925
f 5879/4/4204 5838/4/4925 5880/4/4205
f 5881/4/4200 5839/4/4245 5842/4/4244
f 5881/4/4200 5842/4/4244 5882/4/4201
f 5883/4/4199 5843/4/4196 5846/4/4197
f 5883/4/4199 5846/4/4197 5884/4/4198
f 5885/4/4195 5888/4/4931 5889/4/4193
f 5885/4/4195 5889/4/4193 5886/4/4194
f 5890/2/4371 5891/2/4372 5892/2/4370
f 5890/2/4371 5892/2/4370 5893/2/4369
f 5894/4/4273 5895/4/4274 5896/4/4270
f 5894/4/4273 5896/4/4270 5897/4/4269
f 5826/4/4295 5825/4/4296 5898/4/4288
f 5826/4/4295 5898/4/4288 5899/4/4287
f 5897/4/4269 5896/4/4270 5900/4/4266
f 5897/4/4269 5900/4/4266 5901/4/4812
f 5899/4/4287 5898/4/4288 5902/4/4284
f 5899/4/4287 5902/4/4284 5903/4/4283
f 5901/4/4812 5900/4/4266 5904/4/4261
f 5901/4/4812 5904/4/4261 5905/4/4260
f 5903/4/4283 5902/4/4284 5906/4/4280
f 5903/4/4283 5906/4/4280 5907/4/4279
f 5905/4/4260 5904/4/4261 5908/4/4262
f 5905/4/4260 5908/4/4262 5909/4/4932
f 5907/4/4279 5906/4/4280 5910/4/4276
f 5907/4/4279 5910/4/4276 5911/4/4275
f 5909/4/4932 5908/4/4262 5912/4/4318
f 5909/4/4932 5912/4/4318 5913/4/4933
f 5911/4/4275 5910/4/4276 5914/4/4272
f 5911/4/4275 5914/4/4272 5915/4/4271
f 5913/4/4933 5912/4/4318 5916/4/4312
f 5913/4/4933 5916/4/4312 5917/4/4311
f 5915/4/4271 5914/4/4272 5918/4/4268
f 5915/4/4271 5918/4/4268 5919/4/4267
f 5917/4/4311 5916/4/4312 5920/4/4306
f 5917/4/4311 5920/4/4306 5921/4/4305
f 5919/4/4267 5918/4/4268 5922/4/4264
f 5919/4/4267 5922/4/4264 5923/4/4813
f 5921/4/4305 5920/4/4306 5924/4/4300
f 5921/4/4305 5924/4/4300 5925/4/4299
f 5926/4/4303 5927/4/4304 5928/4/4298
f 5926/4/4303 5928/4/4298 5929/4/4297
f 5923/4/4813 5922/4/4264 5930/4/4190
f 5923/4/4813 5930/4/4190 5931/4/4189
f 5925/4/4299 5924/4/4300 5932/4/4934
f 5925/4/4299 5932/4/4934 5933/4/4292
f 5929/4/4297 5928/4/4298 5934/4/4290
f 5929/4/4297 5934/4/4290 5935/4/4289
f 5931/4/4189 5930/4/4190 5936/4/4191
f 5931/4/4189 5936/4/4191 5937/4/4935
f 5933/4/4292 5932/4/4934 5938/4/4294
f 5933/4/4292 5938/4/4294 5939/4/4291
f 5935/4/4289 5934/4/4290 5940/4/4286
f 5935/4/4289 5940/4/4286 5941/4/4285
f 5937/4/4935 5936/4/4191 5942/4/4316
f 5937/4/4935 5942/4/4316 5943/4/4315
f 5939/4/4291 5938/4/4294 5944/4/4314
f 5939/4/4291 5944/4/4314 5945/4/4313
f 5941/4/4285 5940/4/4286 5946/4/4282
f 5941/4/4285 5946/4/4282 5947/4/4281
f 5943/4/4315 5942/4/4316 5948/4/4310
f 5943/4/4315 5948/4/4310 5949/4/4309
f 5945/4/4313 5944/4/4314 5950/4/4308
f 5945/4/4313 5950/4/4308 5951/4/4802
f 5947/4/4281 5946/4/4282 5952/4/4278
f 5947/4/4281 5952/4/4278 5953/4/4277
f 5949/4/4309 5948/4/4310 5927/4/4304
f 5949/4/4309 5927/4/4304 5926/4/4303
f 5951/4/4802 5950/4/4308 5824/4/4302
f 5951/4/4802 5824/4/4302 5823/4/4924
f 5953/4/4277 5952/4/4278 5895/4/4274
f 5953/4/4277 5895/4/4274 5894/4/4273
f 5954/2/4353 5955/2/4354 5956/2/4352
f 5954/2/4353 5956/2/4352 5957/2/4351
f 5958/2/4347 5959/2/4348 5960/2/4346
f 5958/2/4347 5960/2/4346 5961/2/4571
f 5961/2/4571 5960/2/4346 5962/2/4344
f 5961/2/4571 5962/2/4344 5963/2/4343
f 5963/2/4343 5962/2/4344 5964/2/4342
f 5963/2/4343 5964/2/4342 5965/2/4341
f 5965/2/4341 5964/2/4342 5966/2/4340
f 5965/2/4341 5966/2/4340 5967/2/4339
f 5967/2/4339 5966/2/4340 5968/2/4338
f 5967/2/4339 5968/2/4338 5969/2/4337
f 5969/2/4337 5968/2/4338 5970/2/4336
f 5969/2/4337 5970/2/4336 5971/2/4335
f 5971/2/4335 5970/2/4336 5972/2/4334
f 5971/2/4335 5972/2/4334 5973/2/4333
f 5973/2/4333 5972/2/4334 5974/2/4332
f 5973/2/4333 5974/2/4332 5975/2/4331
f 5975/2/4331 5974/2/4332 5976/2/4330
f 5975/2/4331 5976/2/4330 5977/2/4329
f 5977/2/4329 5976/2/4330 5978/2/4328
f 5977/2/4329 5978/2/4328 5979/2/4327
f 5979/2/4327 5978/2/4328 5980/2/4325
f 5979/2/4327 5980/2/4325 5981/2/4324
f 5981/2/4324 5980/2/4325 5982/2/4326
f 5981/2/4324 5982/2/4326 5983/2/4323
f 5983/2/4323 5982/2/4326 5984/2/4410
f 5983/2/4323 5984/2/4410 5985/2/4409
f 5985/2/4409 5984/2/4410 5986/2/4321
f 5985/2/4409 5986/2/4321 5987/2/4320
f 5987/2/4320 5986/2/4321 5988/2/4322
f 5987/2/4320 5988/2/4322 5989/2/4319
f 5989/2/4319 5988/2/4322 5990/2/4378
f 5989/2/4319 5990/2/4378 5991/2/4377
f 5991/2/4377 5990/2/4378 5992/2/4376
f 5991/2/4377 5992/2/4376 5993/2/4574
f 5993/2/4574 5992/2/4376 5994/2/4374
f 5993/2/4574 5994/2/4374 5995/2/4373
f 5996/4/4395 5898/4/4288 5825/4/4296
f 5996/4/4395 5825/4/4296 5997/4/4398
f 5995/2/4373 5994/2/4374 5891/2/4372
f 5995/2/4373 5891/2/4372 5890/2/4371
f 5893/2/4369 5892/2/4370 5998/2/4368
f 5893/2/4369 5998/2/4368 5999/2/4367
f 5999/2/4367 5998/2/4368 6000/2/4366
f 5999/2/4367 6000/2/4366 6001/2/4365
f 6001/2/4365 6000/2/4366 6002/2/4364
f 6001/2/4365 6002/2/4364 6003/2/4363
f 6003/2/4363 6002/2/4364 6004/2/4257
f 6003/2/4363 6004/2/4257 6005/2/4256
f 6005/2/4256 6004/2/4257 6006/2/4258
f 6005/2/4256 6006/2/4258 6007/2/4572
f 6007/2/4572 6006/2/4258 6008/2/4360
f 6007/2/4572 6008/2/4360 6009/2/4359
f 6009/2/4359 6008/2/4360 6010/2/4358
f 6009/2/4359 6010/2/4358 6011/2/4357
f 6011/2/4357 6010/2/4358 6012/2/4356
f 6011/2/4357 6012/2/4356 6013/2/4355
f 6013/2/4355 6012/2/4356 5955/2/4354
f 6013/2/4355 5955/2/4354 5954/2/4353
f 6014/4/4399 5928/4/4298 5927/4/4304
f 6014/4/4399 5927/4/4304 6015/4/4402
f 5998/2/4368 6016/2/4419 6017/2/4381
f 5998/2/4368 6017/2/4381 6000/2/4366
f 6018/4/4383 5900/4/4266 5896/4/4270
f 6018/4/4383 5896/4/4270 6019/4/4386
f 6020/4/4393 5902/4/4284 5898/4/4288
f 6020/4/4393 5898/4/4288 5996/4/4395
f 6021/4/4384 5904/4/4261 5900/4/4266
f 6021/4/4384 5900/4/4266 6018/4/4383
f 6022/4/4391 5906/4/4280 5902/4/4284
f 6022/4/4391 5902/4/4284 6020/4/4393
f 6023/4/4412 5908/4/4262 5904/4/4261
f 6023/4/4412 5904/4/4261 6021/4/4384
f 6024/4/4389 5910/4/4276 5906/4/4280
f 6024/4/4389 5906/4/4280 6022/4/4391
f 6025/4/4408 5912/4/4318 5908/4/4262
f 6025/4/4408 5908/4/4262 6023/4/4412
f 6026/4/4387 5914/4/4272 5910/4/4276
f 6026/4/4387 5910/4/4276 6024/4/4389
f 6027/4/4406 5916/4/4312 5912/4/4318
f 6027/4/4406 5912/4/4318 6025/4/4408
f 6028/4/4385 5918/4/4268 5914/4/4272
f 6028/4/4385 5914/4/4272 6026/4/4387
f 6029/4/4403 5920/4/4306 5916/4/4312
f 6029/4/4403 5916/4/4312 6027/4/4406
f 6030/4/4361 5922/4/4264 5918/4/4268
f 6030/4/4361 5918/4/4268 6028/4/4385
f 6031/4/4400 5924/4/4300 5920/4/4306
f 6031/4/4400 5920/4/4306 6029/4/4403
f 6015/4/4402 5927/4/4304 5948/4/4310
f 6015/4/4402 5948/4/4310 6032/4/4405
f 6033/4/4362 5930/4/4190 5922/4/4264
f 6033/4/4362 5922/4/4264 6030/4/4361
f 6034/4/4936 5932/4/4934 5924/4/4300
f 6034/4/4936 5924/4/4300 6031/4/4400
f 6035/4/4396 5934/4/4290 5928/4/4298
f 6035/4/4396 5928/4/4298 6014/4/4399
f 6036/4/4411 5936/4/4191 5930/4/4190
f 6036/4/4411 5930/4/4190 6033/4/4362
f 6037/4/4380 5938/4/4294 5932/4/4934
f 6037/4/4380 5932/4/4934 6034/4/4936
f 6038/4/4394 5940/4/4286 5934/4/4290
f 6038/4/4394 5934/4/4290 6035/4/4396
f 6039/4/4407 5942/4/4316 5936/4/4191
f 6039/4/4407 5936/4/4191 6036/4/4411
f 6040/4/4397 5944/4/4314 5938/4/4294
f 6040/4/4397 5938/4/4294 6037/4/4380
f 6041/4/4392 5946/4/4282 5940/4/4286
f 6041/4/4392 5940/4/4286 6038/4/4394
f 6032/4/4405 5948/4/4310 5942/4/4316
f 6032/4/4405 5942/4/4316 6039/4/4407
f 6042/4/4404 5950/4/4308 5944/4/4314
f 6042/4/4404 5944/4/4314 6040/4/4397
f 6043/4/4390 5952/4/4278 5946/4/4282
f 6043/4/4390 5946/4/4282 6041/4/4392
f 6044/2/4349 6045/2/4350 5959/2/4348
f 6044/2/4349 5959/2/4348 5958/2/4347
f 6046/4/4401 5824/4/4302 5950/4/4308
f 6046/4/4401 5950/4/4308 6042/4/4404
f 6047/4/4388 5895/4/4274 5952/4/4278
f 6047/4/4388 5952/4/4278 6043/4/4390
f 5997/4/4398 5825/4/4296 5824/4/4302
f 5997/4/4398 5824/4/4302 6046/4/4401
f 6019/4/4386 5896/4/4270 5895/4/4274
f 6019/4/4386 5895/4/4274 6047/4/4388
f 6048/1/4491 6049/1/4492 6050/1/4488
f 6048/1/4491 6050/1/4488 6051/1/4487
f 5974/2/4332 6052/2/4440 6053/2/4937
f 5974/2/4332 6053/2/4937 5976/2/4330
f 6000/2/4366 6017/2/4381 6054/2/4382
f 6000/2/4366 6054/2/4382 6002/2/4364
f 5976/2/4330 6053/2/4937 6055/2/4435
f 5976/2/4330 6055/2/4435 5978/2/4328
f 6002/2/4364 6054/2/4382 6056/2/4445
f 6002/2/4364 6056/2/4445 6004/2/4257
f 5978/2/4328 6055/2/4435 6057/2/4432
f 5978/2/4328 6057/2/4432 5980/2/4325
f 6004/2/4257 6056/2/4445 6058/2/4443
f 6004/2/4257 6058/2/4443 6006/2/4258
f 5980/2/4325 6057/2/4432 6059/2/4429
f 5980/2/4325 6059/2/4429 5982/2/4326
f 5956/2/4352 6060/2/4431 6061/2/4428
f 5956/2/4352 6061/2/4428 6045/2/4350
f 6006/2/4258 6058/2/4443 6062/2/4441
f 6006/2/4258 6062/2/4441 6008/2/4360
f 5982/2/4326 6059/2/4429 6063/2/4425
f 5982/2/4326 6063/2/4425 5984/2/4410
f 6045/2/4350 6061/2/4428 6064/2/4424
f 6045/2/4350 6064/2/4424 5959/2/4348
f 6008/2/4360 6062/2/4441 6065/2/4439
f 6008/2/4360 6065/2/4439 6010/2/4358
f 5984/2/4410 6063/2/4425 6066/2/4426
f 5984/2/4410 6066/2/4426 5986/2/4321
f 5959/2/4348 6064/2/4424 6067/2/4422
f 5959/2/4348 6067/2/4422 5960/2/4346
f 6010/2/4358 6065/2/4439 6068/2/4437
f 6010/2/4358 6068/2/4437 6012/2/4356
f 5986/2/4321 6066/2/4426 6069/2/4436
f 5986/2/4321 6069/2/4436 5988/2/4322
f 5960/2/4346 6067/2/4422 6070/2/4420
f 5960/2/4346 6070/2/4420 5962/2/4344
f 6012/2/4356 6068/2/4437 6071/2/4434
f 6012/2/4356 6071/2/4434 5955/2/4354
f 5988/2/4322 6069/2/4436 6072/2/4433
f 5988/2/4322 6072/2/4433 5990/2/4378
f 5962/2/4344 6070/2/4420 6073/2/4417
f 5962/2/4344 6073/2/4417 5964/2/4342
f 5955/2/4354 6071/2/4434 6060/2/4431
f 5955/2/4354 6060/2/4431 5956/2/4352
f 5990/2/4378 6072/2/4433 6074/2/4938
f 5990/2/4378 6074/2/4938 5992/2/4376
f 5964/2/4342 6073/2/4417 6075/2/4418
f 5964/2/4342 6075/2/4418 5966/2/4340
f 5992/2/4376 6074/2/4938 6076/2/4427
f 5992/2/4376 6076/2/4427 5994/2/4374
f 5966/2/4340 6075/2/4418 6077/2/4446
f 5966/2/4340 6077/2/4446 5968/2/4338
f 5994/2/4374 6076/2/4427 6078/2/4423
f 5994/2/4374 6078/2/4423 5891/2/4372
f 5968/2/4338 6077/2/4446 6079/2/4444
f 5968/2/4338 6079/2/4444 5970/2/4336
f 5891/2/4372 6078/2/4423 6080/2/4421
f 5891/2/4372 6080/2/4421 5892/2/4370
f 5970/2/4336 6079/2/4444 6081/2/4442
f 5970/2/4336 6081/2/4442 5972/2/4334
f 5892/2/4370 6080/2/4421 6016/2/4419
f 5892/2/4370 6016/2/4419 5998/2/4368
f 5972/2/4334 6081/2/4442 6052/2/4440
f 5972/2/4334 6052/2/4440 5974/2/4332
f 6082/1/4480 191/1/94 194/1/125
f 6082/1/4480 194/1/125 6083/1/4476
f 6084/1/4466 6085/1/4467 6086/1/4462
f 6084/1/4466 6086/1/4462 6087/1/4461
f 6088/1/4464 6089/1/4465 6090/1/4460
f 6088/1/4464 6090/1/4460 6091/1/4459
f 6051/1/4487 6050/1/4488 6092/1/4484
f 6051/1/4487 6092/1/4484 6093/1/4483
f 6087/1/4461 6086/1/4462 6094/1/4455
f 6087/1/4461 6094/1/4455 6095/1/4454
f 6091/1/4459 6090/1/4460 6096/1/4451
f 6091/1/4459 6096/1/4451 6097/1/4450
f 6093/1/4483 6092/1/4484 6082/1/4480
f 6093/1/4483 6082/1/4480 6098/1/4479
f 6095/1/4454 6094/1/4455 6099/1/4456
f 6095/1/4454 6099/1/4456 6100/1/4453
f 6097/1/4450 6096/1/4451 6101/1/4452
f 6097/1/4450 6101/1/4452 6102/1/4449
f 6098/1/4479 6082/1/4480 6083/1/4476
f 6098/1/4479 6083/1/4476 6103/1/4475
f 6100/1/4453 6099/1/4456 6104/1/4474
f 6100/1/4453 6104/1/4474 6105/1/4939
f 6102/1/4449 6101/1/4452 6106/1/4506
f 6102/1/4449 6106/1/4506 6107/1/4505
f 6103/1/4475 6083/1/4476 6108/1/4470
f 6103/1/4475 6108/1/4470 6109/1/4469
f 6105/1/4939 6104/1/4474 6110/1/4448
f 6105/1/4939 6110/1/4448 6111/1/4468
f 6107/1/4505 6106/1/4506 6112/1/4502
f 6107/1/4505 6112/1/4502 6113/1/4501
f 6109/1/4469 6108/1/4470 6089/1/4465
f 6109/1/4469 6089/1/4465 6088/1/4464
f 6111/1/4468 6110/1/4448 6114/1/4447
f 6111/1/4468 6114/1/4447 6115/1/4463
f 6113/1/4501 6112/1/4502 6116/1/4498
f 6113/1/4501 6116/1/4498 6117/1/4497
f 6115/1/4463 6114/1/4447 6118/1/4458
f 6115/1/4463 6118/1/4458 6119/1/4457
f 6117/1/4497 6116/1/4498 6120/1/4494
f 6117/1/4497 6120/1/4494 6121/1/4493
f 6119/1/4457 6118/1/4458 6122/1/4415
f 6119/1/4457 6122/1/4415 6123/1/4414
f 6121/1/4493 6120/1/4494 6124/1/4490
f 6121/1/4493 6124/1/4490 6125/1/4489
f 6123/1/4414 6122/1/4415 6126/1/4416
f 6123/1/4414 6126/1/4416 6127/1/4413
f 6125/1/4489 6124/1/4490 6128/1/4486
f 6125/1/4489 6128/1/4486 6129/1/4940
f 6127/1/4413 6126/1/4416 6130/1/4504
f 6127/1/4413 6130/1/4504 6131/1/4503
f 6129/1/4940 6128/1/4486 6132/1/4482
f 6129/1/4940 6132/1/4482 6133/1/4481
f 6131/1/4503 6130/1/4504 6134/1/4500
f 6131/1/4503 6134/1/4500 6135/1/4499
f 6133/1/4481 6132/1/4482 6136/1/4478
f 6133/1/4481 6136/1/4478 6137/1/4477
f 6135/1/4499 6134/1/4500 6138/1/4496
f 6135/1/4499 6138/1/4496 6139/1/4495
f 6137/1/4477 6136/1/4478 6140/1/4472
f 6137/1/4477 6140/1/4472 6141/1/4471
f 6139/1/4495 6138/1/4496 6049/1/4492
f 6139/1/4495 6049/1/4492 6048/1/4491
f 6141/1/4471 6140/1/4472 6085/1/4467
f 6141/1/4471 6085/1/4467 6084/1/4466
f 6099/1/4456 192/1/113 195/1/124
f 6099/1/4456 195/1/124 6104/1/4474
f 6101/1/4452 193/1/110 196/1/108
f 6101/1/4452 196/1/108 6106/1/4506
f 6083/1/4476 194/1/125 197/1/122
f 6083/1/4476 197/1/122 6108/1/4470
f 6104/1/4474 195/1/124 198/1/121
f 6104/1/4474 198/1/121 6110/1/4448
f 6106/1/4506 196/1/108 199/1/106
f 6106/1/4506 199/1/106 6112/1/4502
f 6108/1/4470 197/1/122 186/1/162
f 6108/1/4470 186/1/162 6089/1/4465
f 6110/1/4448 198/1/121 167/1/118
f 6110/1/4448 167/1/118 6114/1/4447
f 6112/1/4502 199/1/106 170/1/104
f 6112/1/4502 170/1/104 6116/1/4498
f 6114/1/4447 167/1/118 169/1/115
f 6114/1/4447 169/1/115 6118/1/4458
f 6116/1/4498 170/1/104 171/1/102
f 6116/1/4498 171/1/102 6120/1/4494
f 6118/1/4458 169/1/115 172/1/111
f 6118/1/4458 172/1/111 6122/1/4415
f 6120/1/4494 171/1/102 173/1/100
f 6120/1/4494 173/1/100 6124/1/4490
f 6122/1/4415 172/1/111 174/1/109
f 6122/1/4415 174/1/109 6126/1/4416
f 6124/1/4490 173/1/100 175/1/98
f 6124/1/4490 175/1/98 6128/1/4486
f 6126/1/4416 174/1/109 176/1/107
f 6126/1/4416 176/1/107 6130/1/4504
f 6128/1/4486 175/1/98 177/1/97
f 6128/1/4486 177/1/97 6132/1/4482
f 6130/1/4504 176/1/107 178/1/160
f 6130/1/4504 178/1/160 6134/1/4500
f 6132/1/4482 177/1/97 179/1/161
f 6132/1/4482 179/1/161 6136/1/4478
f 6134/1/4500 178/1/160 180/1/103
f 6134/1/4500 180/1/103 6138/1/4496
f 6136/1/4478 179/1/161 181/1/123
f 6136/1/4478 181/1/123 6140/1/4472
f 6138/1/4496 180/1/103 182/1/101
f 6138/1/4496 182/1/101 6049/1/4492
f 6140/1/4472 181/1/123 183/1/120
f 6140/1/4472 183/1/120 6085/1/4467
f 6049/1/4492 182/1/101 184/1/99
f 6049/1/4492 184/1/99 6050/1/4488
f 6085/1/4467 183/1/120 185/1/117
f 6085/1/4467 185/1/117 6086/1/4462
f 6089/1/4465 186/1/162 187/1/116
f 6089/1/4465 187/1/116 6090/1/4460
f 6050/1/4488 184/1/99 188/1/95
f 6050/1/4488 188/1/95 6092/1/4484
f 6086/1/4462 185/1/117 189/1/114
f 6086/1/4462 189/1/114 6094/1/4455
f 6090/1/4460 187/1/116 190/1/112
f 6090/1/4460 190/1/112 6096/1/4451
f 6092/1/4484 188/1/95 191/1/94
f 6092/1/4484 191/1/94 6082/1/4480
f 6094/1/4455 189/1/114 192/1/113
f 6094/1/4455 192/1/113 6099/1/4456
f 6096/1/4451 190/1/112 193/1/110
f 6096/1/4451 193/1/110 6101/1/4452
f 5849/4/4238 5749/4/4223 5752/4/4521
f 5849/4/4238 5752/4/4521 6142/4/4941
f 5889/4/4193 5849/4/4238 6142/4/4941
f 5889/4/4193 6142/4/4941 6143/4/4523
f 5880/4/4205 5838/4/4925 6144/4/4518
f 5880/4/4205 6144/4/4518 6145/4/4519
f 5838/4/4925 5837/4/4230 6146/4/4517
f 5838/4/4925 6146/4/4517 6144/4/4518
f 5837/4/4230 5857/4/4215 6147/4/4942
f 5837/4/4230 6147/4/4942 6146/4/4517
f 5857/4/4215 5872/4/4186 6148/4/4515
f 5857/4/4215 6148/4/4515 6147/4/4942
f 5872/4/4186 5822/4/4185 6149/4/4514
f 5872/4/4186 6149/4/4514 6148/4/4515
f 5822/4/4185 5821/4/4236 6150/4/4513
f 5822/4/4185 6150/4/4513 6149/4/4514
f 5821/4/4236 5851/4/4221 6151/4/4943
f 5821/4/4236 6151/4/4943 6150/4/4513
f 5851/4/4221 5866/4/4202 6152/4/4511
f 5851/4/4221 6152/4/4511 6151/4/4943
f 5866/4/4202 5882/4/4201 6153/4/4510
f 5866/4/4202 6153/4/4510 6152/4/4511
f 5882/4/4201 5842/4/4244 6154/4/4509
f 5882/4/4201 6154/4/4509 6153/4/4510
f 5842/4/4244 5841/4/4117 6155/4/4944
f 5842/4/4244 6155/4/4944 6154/4/4509
f 5841/4/4117 5859/4/4114 6156/4/4115
f 5841/4/4117 6156/4/4115 6155/4/4944
f 5859/4/4114 5874/4/4213 6157/4/4945
f 5859/4/4114 6157/4/4945 6156/4/4115
f 5874/4/4213 5830/4/4253 6158/4/4508
f 5874/4/4213 6158/4/4508 6157/4/4945
f 5830/4/4253 5829/4/4250 6159/4/4534
f 5830/4/4253 6159/4/4534 6158/4/4508
f 5829/4/4250 5853/4/4234 6160/4/4533
f 5829/4/4250 6160/4/4533 6159/4/4534
f 5853/4/4234 5868/4/4219 6161/4/4946
f 5853/4/4234 6161/4/4946 6160/4/4533
f 5868/4/4219 5884/4/4198 6162/4/4531
f 5868/4/4219 6162/4/4531 6161/4/4946
f 5884/4/4198 5846/4/4197 6163/4/4947
f 5884/4/4198 6163/4/4947 6162/4/4531
f 5846/4/4197 5845/4/4927 6164/4/4240
f 5846/4/4197 6164/4/4240 6163/4/4947
f 5878/4/4930 5834/4/4209 6165/4/4948
f 5878/4/4930 6165/4/4948 5875/4/4529
f 5834/4/4209 5833/4/4248 6166/4/4527
f 5834/4/4209 6166/4/4527 6165/4/4948
f 5833/4/4248 5855/4/4232 6167/4/4592
f 5833/4/4248 6167/4/4592 6166/4/4527
f 5855/4/4232 5870/4/4217 6168/4/4525
f 5855/4/4232 6168/4/4525 6167/4/4592
f 5870/4/4217 5886/4/4194 6169/4/4524
f 5870/4/4217 6169/4/4524 6168/4/4525
f 5886/4/4194 5889/4/4193 6143/4/4523
f 5886/4/4194 6143/4/4523 6169/4/4524
f 5750/4/4206 5880/4/4205 6145/4/4519
f 5750/4/4206 6145/4/4519 5751/4/4586
f 6170/2/4617 6171/2/4618 6172/2/4622
f 6170/2/4617 6172/2/4622 6173/2/4621
f 5794/1/4170 6174/1/4552 6175/1/4556
f 5794/1/4170 6175/1/4556 5792/1/4922
f 5768/1/4132 6176/1/4541 5813/1/4543
f 5768/1/4132 5813/1/4543 5766/1/4134
f 5796/1/4168 6177/1/4550 6174/1/4552
f 5796/1/4168 6174/1/4552 5794/1/4170
f 5770/1/4130 6178/1/4179 6176/1/4541
f 5770/1/4130 6176/1/4541 5768/1/4132
f 5798/1/4166 6179/1/4548 6177/1/4550
f 5798/1/4166 6177/1/4550 5796/1/4168
f 5772/1/4128 6180/1/4178 6178/1/4179
f 5772/1/4128 6178/1/4179 5770/1/4130
f 5800/1/4164 6181/1/4546 6179/1/4548
f 5800/1/4164 6179/1/4548 5798/1/4166
f 5774/1/4126 6182/1/4567 6180/1/4178
f 5774/1/4126 6180/1/4178 5772/1/4128
f 5802/1/4162 6183/1/4544 6181/1/4546
f 5802/1/4162 6181/1/4546 5800/1/4164
f 5776/1/4921 6184/1/4564 6182/1/4567
f 5776/1/4921 6182/1/4567 5774/1/4126
f 5804/1/4160 6185/1/4542 6183/1/4544
f 5804/1/4160 6183/1/4544 5802/1/4162
f 5778/1/4122 6186/1/4949 6184/1/4564
f 5778/1/4122 6184/1/4564 5776/1/4921
f 5806/1/4158 6187/1/4540 6185/1/4542
f 5806/1/4158 6185/1/4542 5804/1/4160
f 5780/1/4119 6188/1/4558 6186/1/4949
f 5780/1/4119 6186/1/4949 5778/1/4122
f 5753/1/4146 6189/1/4557 6190/1/4560
f 5753/1/4146 6190/1/4560 5818/1/4148
f 5808/1/4923 6191/1/4539 6187/1/4540
f 5808/1/4923 6187/1/4540 5806/1/4158
f 5782/1/4118 6192/1/4950 6188/1/4558
f 5782/1/4118 6188/1/4558 5780/1/4119
f 5756/1/4144 6193/1/4553 6189/1/4557
f 5756/1/4144 6189/1/4557 5753/1/4146
f 5810/1/4154 6194/1/4918 6191/1/4539
f 5810/1/4154 6191/1/4539 5808/1/4923
f 5784/1/4182 6195/1/4554 6192/1/4950
f 5784/1/4182 6192/1/4950 5782/1/4118
f 5758/1/4142 6196/1/4551 6193/1/4553
f 5758/1/4142 6193/1/4553 5756/1/4144
f 5812/1/4152 6197/1/4566 6194/1/4918
f 5812/1/4152 6194/1/4918 5810/1/4154
f 5786/1/4180 6198/1/4565 6195/1/4554
f 5786/1/4180 6195/1/4554 5784/1/4182
f 5760/1/4920 6199/1/4951 6196/1/4551
f 5760/1/4920 6196/1/4551 5758/1/4142
f 5816/1/4150 6200/1/4563 6197/1/4566
f 5816/1/4150 6197/1/4566 5812/1/4152
f 5788/1/4176 6201/1/4562 6198/1/4565
f 5788/1/4176 6198/1/4565 5786/1/4180
f 5762/1/4138 6202/1/4888 6199/1/4951
f 5762/1/4138 6199/1/4951 5760/1/4920
f 5818/1/4148 6190/1/4560 6200/1/4563
f 5818/1/4148 6200/1/4563 5816/1/4150
f 5790/1/4174 6203/1/4559 6201/1/4562
f 5790/1/4174 6201/1/4562 5788/1/4176
f 5764/1/4136 5814/1/4545 6202/1/4888
f 5764/1/4136 6202/1/4888 5762/1/4138
f 5792/1/4922 6175/1/4556 6203/1/4559
f 5792/1/4922 6203/1/4559 5790/1/4174
f 6015/4/4402 6204/4/4351 6205/4/4349
f 6015/4/4402 6205/4/4349 6014/4/4399
f 6014/4/4399 6205/4/4349 6206/4/4347
f 6014/4/4399 6206/4/4347 6035/4/4396
f 6035/4/4396 6206/4/4347 6207/4/4571
f 6035/4/4396 6207/4/4571 6038/4/4394
f 6038/4/4394 6207/4/4571 6208/4/4343
f 6038/4/4394 6208/4/4343 6041/4/4392
f 6041/4/4392 6208/4/4343 6209/4/4341
f 6041/4/4392 6209/4/4341 6043/4/4390
f 6043/4/4390 6209/4/4341 6210/4/4339
f 6043/4/4390 6210/4/4339 6047/4/4388
f 6047/4/4388 6210/4/4339 6211/4/4337
f 6047/4/4388 6211/4/4337 6019/4/4386
f 6019/4/4386 6211/4/4337 6212/4/4335
f 6019/4/4386 6212/4/4335 6018/4/4383
f 6018/4/4383 6212/4/4335 6213/4/4333
f 6018/4/4383 6213/4/4333 6021/4/4384
f 6021/4/4384 6213/4/4333 6214/4/4331
f 6021/4/4384 6214/4/4331 6023/4/4412
f 6023/4/4412 6214/4/4331 6215/4/4569
f 6023/4/4412 6215/4/4569 6025/4/4408
f 6025/4/4408 6215/4/4569 6216/4/4327
f 6025/4/4408 6216/4/4327 6027/4/4406
f 6027/4/4406 6216/4/4327 6217/4/4324
f 6027/4/4406 6217/4/4324 6029/4/4403
f 6029/4/4403 6217/4/4324 6218/4/4952
f 6029/4/4403 6218/4/4952 6031/4/4400
f 6031/4/4400 6218/4/4952 6219/4/4953
f 6031/4/4400 6219/4/4953 6034/4/4936
f 6034/4/4936 6219/4/4953 6220/4/4954
f 6034/4/4936 6220/4/4954 6037/4/4380
f 6037/4/4380 6220/4/4954 6221/4/4319
f 6037/4/4380 6221/4/4319 6040/4/4397
f 6040/4/4397 6221/4/4319 6222/4/4955
f 6040/4/4397 6222/4/4955 6042/4/4404
f 6042/4/4404 6222/4/4955 6223/4/4574
f 6042/4/4404 6223/4/4574 6046/4/4401
f 6046/4/4401 6223/4/4574 6224/4/4373
f 6046/4/4401 6224/4/4373 5997/4/4398
f 5997/4/4398 6224/4/4373 6225/4/4371
f 5997/4/4398 6225/4/4371 5996/4/4395
f 5996/4/4395 6225/4/4371 6226/4/4369
f 5996/4/4395 6226/4/4369 6020/4/4393
f 6020/4/4393 6226/4/4369 6227/4/4367
f 6020/4/4393 6227/4/4367 6022/4/4391
f 6022/4/4391 6227/4/4367 6228/4/4365
f 6022/4/4391 6228/4/4365 6024/4/4389
f 6024/4/4389 6228/4/4365 6229/4/4363
f 6024/4/4389 6229/4/4363 6026/4/4387
f 6026/4/4387 6229/4/4363 6230/4/4256
f 6026/4/4387 6230/4/4256 6028/4/4385
f 6028/4/4385 6230/4/4256 6231/4/4572
f 6028/4/4385 6231/4/4572 6030/4/4361
f 6030/4/4361 6231/4/4572 6232/4/4359
f 6030/4/4361 6232/4/4359 6033/4/4362
f 6033/4/4362 6232/4/4359 6233/4/4357
f 6033/4/4362 6233/4/4357 6036/4/4411
f 6036/4/4411 6233/4/4357 6234/4/4355
f 6036/4/4411 6234/4/4355 6039/4/4407
f 6039/4/4407 6234/4/4355 6235/4/4353
f 6039/4/4407 6235/4/4353 6032/4/4405
f 6032/4/4405 6235/4/4353 6204/4/4351
f 6032/4/4405 6204/4/4351 6015/4/4402
f 5957/2/4351 5956/2/4352 6045/2/4350
f 5957/2/4351 6045/2/4350 6044/2/4349
f 6236/1/4587 5754/1/4147 5817/1/4149
f 6236/1/4587 5817/1/4149 6237/1/4588
f 6238/1/4586 5755/1/4145 5754/1/4147
f 6238/1/4586 5754/1/4147 6236/1/4587
f 6239/1/4585 5757/1/4143 5755/1/4145
f 6239/1/4585 5755/1/4145 6238/1/4586
f 6240/1/4584 5759/1/4141 5757/1/4143
f 6240/1/4584 5757/1/4143 6239/1/4585
f 6241/1/4583 5761/1/4139 5759/1/4141
f 6241/1/4583 5759/1/4141 6240/1/4584
f 6242/1/4582 5763/1/4137 5761/1/4139
f 6242/1/4582 5761/1/4139 6241/1/4583
f 6243/1/4581 5765/1/4135 5763/1/4137
f 6243/1/4581 5763/1/4137 6242/1/4582
f 6244/1/4514 5767/1/4133 5765/1/4135
f 6244/1/4514 5765/1/4135 6243/1/4581
f 6245/1/4956 5769/1/4131 5767/1/4133
f 6245/1/4956 5767/1/4133 6244/1/4514
f 6246/1/4579 5771/1/4129 5769/1/4131
f 6246/1/4579 5769/1/4131 6245/1/4956
f 6247/1/4578 5773/1/4127 5771/1/4129
f 6247/1/4578 5771/1/4129 6246/1/4579
f 6248/1/4577 5775/1/4125 5773/1/4127
f 6248/1/4577 5773/1/4127 6247/1/4578
f 6249/1/4509 5777/1/4123 5775/1/4125
f 6249/1/4509 5775/1/4125 6248/1/4577
f 6250/1/4116 5779/1/4120 5777/1/4123
f 6250/1/4116 5777/1/4123 6249/1/4509
f 6251/1/4575 5781/1/4121 5779/1/4120
f 6251/1/4575 5779/1/4120 6250/1/4116
f 6252/1/4576 5783/1/4183 5781/1/4121
f 6252/1/4576 5781/1/4121 6251/1/4575
f 6253/1/4601 5785/1/4181 5783/1/4183
f 6253/1/4601 5783/1/4183 6252/1/4576
f 6254/1/4600 5787/1/4177 5785/1/4181
f 6254/1/4600 5785/1/4181 6253/1/4601
f 6255/1/4599 5789/1/4175 5787/1/4177
f 6255/1/4599 5787/1/4177 6254/1/4600
f 6256/1/4598 5791/1/4173 5789/1/4175
f 6256/1/4598 5789/1/4175 6255/1/4599
f 6257/1/4597 5793/1/4171 5791/1/4173
f 6257/1/4597 5791/1/4173 6256/1/4598
f 6258/1/4596 5795/1/4169 5793/1/4171
f 6258/1/4596 5793/1/4171 6257/1/4597
f 6259/1/4240 5797/1/4167 5795/1/4169
f 6259/1/4240 5795/1/4169 6258/1/4596
f 6260/1/4595 5799/1/4165 5797/1/4167
f 6260/1/4595 5797/1/4167 6259/1/4240
f 6261/1/4529 5801/1/4163 5799/1/4165
f 6261/1/4529 5799/1/4165 6260/1/4595
f 6262/1/4594 5803/1/4161 5801/1/4163
f 6262/1/4594 5801/1/4163 6261/1/4529
f 6263/1/4593 5805/1/4159 5803/1/4161
f 6263/1/4593 5803/1/4161 6262/1/4594
f 6264/1/4592 5807/1/4157 5805/1/4159
f 6264/1/4592 5805/1/4159 6263/1/4593
f 6265/1/4957 5809/1/4155 5807/1/4157
f 6265/1/4957 5807/1/4157 6264/1/4592
f 6266/1/4590 5811/1/4153 5809/1/4155
f 6266/1/4590 5809/1/4155 6265/1/4957
f 6267/1/4589 5815/1/4151 5811/1/4153
f 6267/1/4589 5811/1/4153 6266/1/4590
f 6237/1/4588 5817/1/4149 5815/1/4151
f 6237/1/4588 5815/1/4151 6267/1/4589
f 5818/1/4148 5817/1/4149 5754/1/4147
f 5818/1/4148 5754/1/4147 5753/1/4146
f 6268/4/4958 6269/4/4959 6270/4/4960
f 6268/4/4958 6270/4/4960 6271/4/4719
f 5887/4/4211 6272/4/4961 6269/4/4959
f 5887/4/4211 6269/4/4959 6268/4/4958
f 6273/2/4671 219/2/149 220/2/152
f 6273/2/4671 220/2/152 6274/2/4675
f 6275/2/4635 6276/2/4636 6277/2/4962
f 6275/2/4635 6277/2/4962 6278/2/4643
f 6279/2/4613 6280/2/4614 6171/2/4618
f 6279/2/4613 6171/2/4618 6170/2/4617
f 6281/2/4963 6282/2/4632 6276/2/4636
f 6281/2/4963 6276/2/4636 6275/2/4635
f 6283/2/4535 6284/2/4538 6280/2/4614
f 6283/2/4535 6280/2/4614 6279/2/4613
f 6285/2/4627 6286/2/4628 6282/2/4632
f 6285/2/4627 6282/2/4632 6281/2/4963
f 6287/2/4536 6288/2/4537 6284/2/4538
f 6287/2/4536 6284/2/4538 6283/2/4535
f 6289/2/4623 6290/2/4624 6286/2/4628
f 6289/2/4623 6286/2/4628 6285/2/4627
f 6291/2/4665 6292/2/4666 6288/2/4537
f 6291/2/4665 6288/2/4537 6287/2/4536
f 6293/2/4619 6294/2/4620 6290/2/4624
f 6293/2/4619 6290/2/4624 6289/2/4623
f 6295/2/4659 6296/2/4964 6292/2/4666
f 6295/2/4659 6292/2/4666 6291/2/4665
f 6297/2/4615 6298/2/4616 6294/2/4620
f 6297/2/4615 6294/2/4620 6293/2/4619
f 6299/2/4653 6300/2/4654 6296/2/4964
f 6299/2/4653 6296/2/4964 6295/2/4659
f 6301/2/4609 6302/2/4612 6298/2/4616
f 6301/2/4609 6298/2/4616 6297/2/4615
f 6303/2/4965 6304/2/4648 6300/2/4654
f 6303/2/4965 6300/2/4654 6299/2/4653
f 6305/2/4966 6306/2/4646 6307/2/4652
f 6305/2/4966 6307/2/4652 6308/2/4651
f 6309/2/4610 6310/2/4967 6302/2/4612
f 6309/2/4610 6302/2/4612 6301/2/4609
f 6311/2/4968 6312/2/4642 6304/2/4648
f 6311/2/4968 6304/2/4648 6303/2/4965
f 6313/2/4637 6314/2/4638 6306/2/4646
f 6313/2/4637 6306/2/4646 6305/2/4966
f 6315/2/4667 6316/2/4668 6310/2/4967
f 6315/2/4667 6310/2/4967 6309/2/4610
f 6317/2/4640 6318/2/4641 6312/2/4642
f 6317/2/4640 6312/2/4642 6311/2/4968
f 6319/2/4633 6320/2/4634 6314/2/4638
f 6319/2/4633 6314/2/4638 6313/2/4637
f 6321/2/4663 6322/2/4664 6316/2/4668
f 6321/2/4663 6316/2/4668 6315/2/4667
f 6323/2/4969 6324/2/4970 6318/2/4641
f 6323/2/4969 6318/2/4641 6317/2/4640
f 6325/2/4629 6326/2/4971 6320/2/4634
f 6325/2/4629 6320/2/4634 6319/2/4633
f 6327/2/4972 6328/2/4658 6322/2/4664
f 6327/2/4972 6322/2/4664 6321/2/4663
f 6329/2/4655 6330/2/4656 6324/2/4970
f 6329/2/4655 6324/2/4970 6323/2/4969
f 6331/2/4625 6332/2/4626 6326/2/4971
f 6331/2/4625 6326/2/4971 6325/2/4629
f 6308/2/4651 6307/2/4652 6328/2/4658
f 6308/2/4651 6328/2/4658 6327/2/4972
f 6333/2/4649 6334/2/4650 6330/2/4656
f 6333/2/4649 6330/2/4656 6329/2/4655
f 6173/2/4621 6172/2/4622 6332/2/4626
f 6173/2/4621 6332/2/4626 6331/2/4625
f 6278/2/4643 6277/2/4962 6334/2/4650
f 6278/2/4643 6334/2/4650 6333/2/4649
f 6335/2/4685 221/2/127 217/2/132
f 6335/2/4685 217/2/132 6336/2/4687
f 6337/2/4607 222/2/146 218/2/150
f 6337/2/4607 218/2/150 6338/2/4673
f 6339/2/4672 223/2/145 219/2/149
f 6339/2/4672 219/2/149 6273/2/4671
f 6340/2/4683 224/2/128 221/2/127
f 6340/2/4683 221/2/127 6335/2/4685
f 6341/2/4608 225/2/147 222/2/146
f 6341/2/4608 222/2/146 6337/2/4607
f 6342/2/4698 226/2/143 223/2/145
f 6342/2/4698 223/2/145 6339/2/4672
f 6343/2/4681 227/2/158 224/2/128
f 6343/2/4681 224/2/128 6340/2/4683
f 6344/2/4680 228/2/157 225/2/147
f 6344/2/4680 225/2/147 6341/2/4608
f 6345/2/4973 229/2/141 226/2/143
f 6345/2/4973 226/2/143 6342/2/4698
f 6346/2/4678 230/2/155 227/2/158
f 6346/2/4678 227/2/158 6343/2/4681
f 6347/2/4677 231/2/154 228/2/157
f 6347/2/4677 228/2/157 6344/2/4680
f 6348/2/4694 232/2/139 229/2/141
f 6348/2/4694 229/2/141 6345/2/4973
f 6274/2/4675 220/2/152 230/2/155
f 6274/2/4675 230/2/155 6346/2/4678
f 6349/2/4674 202/2/151 231/2/154
f 6349/2/4674 231/2/154 6347/2/4677
f 6350/2/4692 204/2/137 232/2/139
f 6350/2/4692 232/2/139 6348/2/4694
f 6351/2/4669 200/2/148 202/2/151
f 6351/2/4669 202/2/151 6349/2/4674
f 6352/2/4690 203/2/135 204/2/137
f 6352/2/4690 204/2/137 6350/2/4692
f 6353/2/4670 205/2/144 200/2/148
f 6353/2/4670 200/2/148 6351/2/4669
f 6354/2/4688 206/2/133 203/2/135
f 6354/2/4688 203/2/135 6352/2/4690
f 6355/2/4697 207/2/142 205/2/144
f 6355/2/4697 205/2/144 6353/2/4670
f 6356/2/4686 208/2/130 206/2/133
f 6356/2/4686 206/2/133 6354/2/4688
f 6357/2/4695 209/2/140 207/2/142
f 6357/2/4695 207/2/142 6355/2/4697
f 6358/2/4684 210/2/131 208/2/130
f 6358/2/4684 208/2/130 6356/2/4686
f 6359/2/4693 211/2/138 209/2/140
f 6359/2/4693 209/2/140 6357/2/4695
f 6360/2/4682 212/2/159 210/2/131
f 6360/2/4682 210/2/131 6358/2/4684
f 6361/2/4691 213/2/136 211/2/138
f 6361/2/4691 211/2/138 6359/2/4693
f 6362/2/4974 214/2/156 212/2/159
f 6362/2/4974 212/2/159 6360/2/4682
f 6363/2/4689 215/2/134 213/2/136
f 6363/2/4689 213/2/136 6361/2/4691
f 6364/2/4676 216/2/153 214/2/156
f 6364/2/4676 214/2/156 6362/2/4974
f 6336/2/4687 217/2/132 215/2/134
f 6336/2/4687 215/2/134 6363/2/4689
f 6338/2/4673 218/2/150 216/2/153
f 6338/2/4673 216/2/153 6364/2/4676
f 6304/2/4648 6338/2/4673 6364/2/4676
f 6304/2/4648 6364/2/4676 6300/2/4654
f 6302/2/4612 6336/2/4687 6363/2/4689
f 6302/2/4612 6363/2/4689 6298/2/4616
f 6300/2/4654 6364/2/4676 6362/2/4974
f 6300/2/4654 6362/2/4974 6296/2/4964
f 6298/2/4616 6363/2/4689 6361/2/4691
f 6298/2/4616 6361/2/4691 6294/2/4620
f 6296/2/4964 6362/2/4974 6360/2/4682
f 6296/2/4964 6360/2/4682 6292/2/4666
f 6294/2/4620 6361/2/4691 6359/2/4693
f 6294/2/4620 6359/2/4693 6290/2/4624
f 6292/2/4666 6360/2/4682 6358/2/4684
f 6292/2/4666 6358/2/4684 6288/2/4537
f 6290/2/4624 6359/2/4693 6357/2/4695
f 6290/2/4624 6357/2/4695 6286/2/4628
f 6288/2/4537 6358/2/4684 6356/2/4686
f 6288/2/4537 6356/2/4686 6284/2/4538
f 6286/2/4628 6357/2/4695 6355/2/4697
f 6286/2/4628 6355/2/4697 6282/2/4632
f 6284/2/4538 6356/2/4686 6354/2/4688
f 6284/2/4538 6354/2/4688 6280/2/4614
f 6282/2/4632 6355/2/4697 6353/2/4670
f 6282/2/4632 6353/2/4670 6276/2/4636
f 6280/2/4614 6354/2/4688 6352/2/4690
f 6280/2/4614 6352/2/4690 6171/2/4618
f 6276/2/4636 6353/2/4670 6351/2/4669
f 6276/2/4636 6351/2/4669 6277/2/4962
f 6171/2/4618 6352/2/4690 6350/2/4692
f 6171/2/4618 6350/2/4692 6172/2/4622
f 6277/2/4962 6351/2/4669 6349/2/4674
f 6277/2/4962 6349/2/4674 6334/2/4650
f 6172/2/4622 6350/2/4692 6348/2/4694
f 6172/2/4622 6348/2/4694 6332/2/4626
f 6334/2/4650 6349/2/4674 6347/2/4677
f 6334/2/4650 6347/2/4677 6330/2/4656
f 6307/2/4652 6274/2/4675 6346/2/4678
f 6307/2/4652 6346/2/4678 6328/2/4658
f 6332/2/4626 6348/2/4694 6345/2/4973
f 6332/2/4626 6345/2/4973 6326/2/4971
f 6330/2/4656 6347/2/4677 6344/2/4680
f 6330/2/4656 6344/2/4680 6324/2/4970
f 6328/2/4658 6346/2/4678 6343/2/4681
f 6328/2/4658 6343/2/4681 6322/2/4664
f 6326/2/4971 6345/2/4973 6342/2/4698
f 6326/2/4971 6342/2/4698 6320/2/4634
f 6324/2/4970 6344/2/4680 6341/2/4608
f 6324/2/4970 6341/2/4608 6318/2/4641
f 6322/2/4664 6343/2/4681 6340/2/4683
f 6322/2/4664 6340/2/4683 6316/2/4668
f 6320/2/4634 6342/2/4698 6339/2/4672
f 6320/2/4634 6339/2/4672 6314/2/4638
f 6318/2/4641 6341/2/4608 6337/2/4607
f 6318/2/4641 6337/2/4607 6312/2/4642
f 6316/2/4668 6340/2/4683 6335/2/4685
f 6316/2/4668 6335/2/4685 6310/2/4967
f 6314/2/4638 6339/2/4672 6273/2/4671
f 6314/2/4638 6273/2/4671 6306/2/4646
f 6312/2/4642 6337/2/4607 6338/2/4673
f 6312/2/4642 6338/2/4673 6304/2/4648
f 6310/2/4967 6335/2/4685 6336/2/4687
f 6310/2/4967 6336/2/4687 6302/2/4612
f 6306/2/4646 6273/2/4671 6274/2/4675
f 6306/2/4646 6274/2/4675 6307/2/4652
f 6365/2/4726 6366/2/4975 6367/2/4729
f 6365/2/4726 6367/2/4729 6368/2/4727
f 6369/2/4736 6370/2/4738 6371/2/4739
f 6369/2/4736 6371/2/4739 6372/2/4737
f 6373/2/4724 6365/2/4726 6368/2/4727
f 6373/2/4724 6368/2/4727 6374/2/4725
f 6375/2/4722 6373/2/4724 6374/2/4725
f 6375/2/4722 6374/2/4725 6376/2/4723
f 6377/2/4793 6375/2/4722 6376/2/4723
f 6377/2/4793 6376/2/4723 6378/2/4721
f 6379/2/4790 6377/2/4793 6378/2/4721
f 6379/2/4790 6378/2/4721 6380/2/4717
f 6381/2/4719 6379/2/4790 6380/2/4717
f 6381/2/4719 6380/2/4717 6382/2/4718
f 6383/2/4976 6384/2/4603 6385/2/4715
f 6383/2/4976 6385/2/4715 6386/2/4714
f 6387/2/4977 6383/2/4976 6386/2/4714
f 6387/2/4977 6386/2/4714 6388/2/4712
f 6389/2/4709 6387/2/4977 6388/2/4712
f 6389/2/4709 6388/2/4712 6390/2/4710
f 6391/2/4707 6389/2/4709 6390/2/4710
f 6391/2/4707 6390/2/4710 6392/2/4708
f 6393/2/4978 6391/2/4707 6392/2/4708
f 6393/2/4978 6392/2/4708 6394/2/4700
f 6395/2/4702 6393/2/4978 6394/2/4700
f 6395/2/4702 6394/2/4700 6396/2/4701
f 6397/2/4225 6395/2/4702 6396/2/4701
f 6397/2/4225 6396/2/4701 6398/2/4226
f 6399/2/4228 6397/2/4225 6398/2/4226
f 6399/2/4228 6398/2/4226 6400/2/4227
f 6401/2/4755 6399/2/4228 6400/2/4227
f 6401/2/4755 6400/2/4227 6402/2/4754
f 6403/2/4703 6401/2/4755 6402/2/4754
f 6403/2/4703 6402/2/4754 6404/2/4704
f 6405/2/4706 6403/2/4703 6404/2/4704
f 6405/2/4706 6404/2/4704 6406/2/4705
f 6407/2/4752 6405/2/4706 6406/2/4705
f 6407/2/4752 6406/2/4705 6408/2/4753
f 6409/2/4750 6407/2/4752 6408/2/4753
f 6409/2/4750 6408/2/4753 6410/2/4751
f 6411/2/4748 6409/2/4750 6410/2/4751
f 6411/2/4748 6410/2/4751 6412/2/4749
f 6413/2/4746 6411/2/4748 6412/2/4749
f 6413/2/4746 6412/2/4749 6414/2/4747
f 6415/2/4979 6413/2/4746 6414/2/4747
f 6415/2/4979 6414/2/4747 6416/2/4745
f 6417/2/4742 6415/2/4979 6416/2/4745
f 6417/2/4742 6416/2/4745 6418/2/4980
f 6419/2/4740 6417/2/4742 6418/2/4980
f 6419/2/4740 6418/2/4980 6420/2/4741
f 6370/2/4738 6419/2/4740 6420/2/4741
f 6370/2/4738 6420/2/4741 6371/2/4739
f 5861/2/4732 6421/2/4734 6422/2/4735
f 5861/2/4732 6422/2/4735 5862/2/4733
f 5888/4/4931 5847/4/4239 5849/4/4238
f 5888/4/4931 5849/4/4238 5889/4/4193
f 6421/2/4734 6369/2/4736 6372/2/4737
f 6421/2/4734 6372/2/4737 6422/2/4735
f 6423/1/4781 6424/1/4782 6425/1/4786
f 6423/1/4781 6425/1/4786 6426/1/4785
f 6427/1/4699 6428/1/4766 6429/1/4770
f 6427/1/4699 6429/1/4770 6430/1/4707
f 6431/1/4728 6432/1/4765 6433/1/4769
f 6431/1/4728 6433/1/4769 6434/1/4768
f 6435/1/4738 6436/1/4779 6424/1/4782
f 6435/1/4738 6424/1/4782 6423/1/4781
f 6437/1/4702 6438/1/4763 6428/1/4766
f 6437/1/4702 6428/1/4766 6427/1/4699
f 6439/1/4726 6440/1/4761 6432/1/4765
f 6439/1/4726 6432/1/4765 6431/1/4728
f 6441/1/4736 6442/1/4777 6436/1/4779
f 6441/1/4736 6436/1/4779 6435/1/4738
f 6443/1/4225 6444/1/4762 6438/1/4763
f 6443/1/4225 6438/1/4763 6437/1/4702
f 6445/1/4724 6446/1/4760 6440/1/4761
f 6445/1/4724 6440/1/4761 6439/1/4726
f 6447/1/4734 6448/1/4775 6442/1/4777
f 6447/1/4734 6442/1/4777 6441/1/4736
f 6449/1/4228 6450/1/4774 6444/1/4762
f 6449/1/4228 6444/1/4762 6443/1/4225
f 6451/1/4722 6452/1/4981 6446/1/4760
f 6451/1/4722 6446/1/4760 6445/1/4724
f 6453/1/4732 6454/1/4772 6448/1/4775
f 6453/1/4732 6448/1/4775 6447/1/4734
f 6455/1/4755 6456/1/4771 6450/1/4774
f 6455/1/4755 6450/1/4774 6449/1/4228
f 6457/1/4793 6458/1/4794 6452/1/4981
f 6457/1/4793 6452/1/4981 6451/1/4722
f 6434/1/4768 6433/1/4769 6454/1/4772
f 6434/1/4768 6454/1/4772 6453/1/4732
f 6459/1/4703 6460/1/4767 6456/1/4771
f 6459/1/4703 6456/1/4771 6455/1/4755
f 6461/1/4790 6462/1/4791 6458/1/4794
f 6461/1/4790 6458/1/4794 6457/1/4793
f 6463/1/4706 6464/1/4764 6460/1/4767
f 6463/1/4706 6460/1/4767 6459/1/4703
f 6465/1/4719 6466/1/4982 6462/1/4791
f 6465/1/4719 6462/1/4791 6461/1/4790
f 6467/1/4756 6468/1/4759 6464/1/4764
f 6467/1/4756 6464/1/4764 6463/1/4706
f 6469/1/4783 6470/1/4983 6466/1/4982
f 6469/1/4783 6466/1/4982 6465/1/4719
f 6471/1/4757 6472/1/4758 6468/1/4759
f 6471/1/4757 6468/1/4759 6467/1/4756
f 6473/1/4603 6474/1/4984 6470/1/4983
f 6473/1/4603 6470/1/4983 6469/1/4783
f 6475/1/4795 6476/1/4796 6472/1/4758
f 6475/1/4795 6472/1/4758 6471/1/4757
f 6477/1/4713 6478/1/4778 6474/1/4984
f 6477/1/4713 6474/1/4984 6473/1/4603
f 6479/1/4746 6480/1/4792 6476/1/4796
f 6479/1/4746 6476/1/4796 6475/1/4795
f 6481/1/4711 6482/1/4776 6478/1/4778
f 6481/1/4711 6478/1/4778 6477/1/4713
f 6483/1/4985 6484/1/4789 6480/1/4792
f 6483/1/4985 6480/1/4792 6479/1/4746
f 6485/1/4709 6486/1/4773 6482/1/4776
f 6485/1/4709 6482/1/4776 6481/1/4711
f 6426/1/4785 6425/1/4786 6484/1/4789
f 6426/1/4785 6484/1/4789 6483/1/4985
f 6430/1/4707 6429/1/4770 6486/1/4773
f 6430/1/4707 6486/1/4773 6485/1/4709
f 6424/1/4782 6487/1/4277 6488/1/4986
f 6424/1/4782 6488/1/4986 6425/1/4786
f 6428/1/4766 6489/1/4802 6490/1/4924
f 6428/1/4766 6490/1/4924 6429/1/4770
f 6432/1/4765 6491/1/4801 6492/1/4803
f 6432/1/4765 6492/1/4803 6433/1/4769
f 6436/1/4779 6493/1/4281 6487/1/4277
f 6436/1/4779 6487/1/4277 6424/1/4782
f 6438/1/4763 6494/1/4800 6489/1/4802
f 6438/1/4763 6489/1/4802 6428/1/4766
f 6440/1/4761 6495/1/4987 6491/1/4801
f 6440/1/4761 6491/1/4801 6432/1/4765
f 6442/1/4777 6496/1/4988 6493/1/4281
f 6442/1/4777 6493/1/4281 6436/1/4779
f 6444/1/4762 6497/1/4799 6494/1/4800
f 6444/1/4762 6494/1/4800 6438/1/4763
f 6446/1/4760 6498/1/4188 6495/1/4987
f 6446/1/4760 6495/1/4987 6440/1/4761
f 6448/1/4775 6499/1/4289 6496/1/4988
f 6448/1/4775 6496/1/4988 6442/1/4777
f 6450/1/4774 6500/1/4806 6497/1/4799
f 6450/1/4774 6497/1/4799 6444/1/4762
f 6452/1/4981 6501/1/4189 6498/1/4188
f 6452/1/4981 6498/1/4188 6446/1/4760
f 6454/1/4772 6502/1/4805 6499/1/4289
f 6454/1/4772 6499/1/4289 6448/1/4775
f 6456/1/4771 6503/1/4299 6500/1/4806
f 6456/1/4771 6500/1/4806 6450/1/4774
f 6458/1/4794 6504/1/4813 6501/1/4189
f 6458/1/4794 6501/1/4189 6452/1/4981
f 6433/1/4769 6492/1/4803 6502/1/4805
f 6433/1/4769 6502/1/4805 6454/1/4772
f 6460/1/4767 6505/1/4989 6503/1/4299
f 6460/1/4767 6503/1/4299 6456/1/4771
f 6462/1/4791 6506/1/4267 6504/1/4813
f 6462/1/4791 6504/1/4813 6458/1/4794
f 6464/1/4764 6507/1/4311 6505/1/4989
f 6464/1/4764 6505/1/4989 6460/1/4767
f 6466/1/4982 6508/1/4271 6506/1/4267
f 6466/1/4982 6506/1/4267 6462/1/4791
f 6468/1/4759 6509/1/4990 6507/1/4311
f 6468/1/4759 6507/1/4311 6464/1/4764
f 6470/1/4983 6510/1/4275 6508/1/4271
f 6470/1/4983 6508/1/4271 6466/1/4982
f 6472/1/4758 6511/1/4259 6509/1/4990
f 6472/1/4758 6509/1/4990 6468/1/4759
f 6474/1/4984 6512/1/4991 6510/1/4275
f 6474/1/4984 6510/1/4275 6470/1/4983
f 6476/1/4796 6513/1/4260 6511/1/4259
f 6476/1/4796 6511/1/4259 6472/1/4758
f 6478/1/4778 6514/1/4283 6512/1/4991
f 6478/1/4778 6512/1/4991 6474/1/4984
f 6480/1/4792 6515/1/4812 6513/1/4260
f 6480/1/4792 6513/1/4260 6476/1/4796
f 6482/1/4776 6516/1/4287 6514/1/4283
f 6482/1/4776 6514/1/4283 6478/1/4778
f 6484/1/4789 6517/1/4269 6515/1/4812
f 6484/1/4789 6515/1/4812 6480/1/4792
f 6486/1/4773 6518/1/4295 6516/1/4287
f 6486/1/4773 6516/1/4287 6482/1/4776
f 6425/1/4786 6488/1/4986 6517/1/4269
f 6425/1/4786 6517/1/4269 6484/1/4789
f 6429/1/4770 6490/1/4924 6518/1/4295
f 6429/1/4770 6518/1/4295 6486/1/4773
f 6519/4/4992 6520/4/4993 6521/4/4994
f 6519/4/4992 6521/4/4994 5844/4/4252
f 5845/4/4927 6522/4/4995 6523/4/4831
f 5845/4/4927 6523/4/4831 6164/4/4240
f 6366/2/4975 5860/2/4730 5863/2/4731
f 6366/2/4975 5863/2/4731 6367/2/4729
f 6524/4/4996 6525/4/4997 6520/4/4993
f 6524/4/4996 6520/4/4993 6519/4/4992
f 5864/4/4207 6526/4/4735 6527/4/4822
f 5864/4/4207 6527/4/4822 5879/4/4204
f 5885/4/4195 6528/4/4821 6529/4/4729
f 5885/4/4195 6529/4/4729 5888/4/4931
f 5869/4/4218 6530/4/4725 6528/4/4821
f 5869/4/4218 6528/4/4821 5885/4/4195
f 5854/4/4233 6531/4/4723 6530/4/4725
f 5854/4/4233 6530/4/4725 5869/4/4218
f 5832/4/4249 6532/4/4721 6531/4/4723
f 5832/4/4249 6531/4/4723 5854/4/4233
f 5831/4/4208 6533/4/4717 6532/4/4721
f 5831/4/4208 6532/4/4721 5832/4/4249
f 5887/4/4211 6268/4/4958 6533/4/4717
f 5887/4/4211 6533/4/4717 5831/4/4208
f 5843/4/4196 6534/4/4714 6519/4/4992
f 5843/4/4196 6519/4/4992 5844/4/4252
f 5883/4/4199 6535/4/4712 6534/4/4714
f 5883/4/4199 6534/4/4714 5843/4/4196
f 5867/4/4220 6536/4/4710 6535/4/4712
f 5867/4/4220 6535/4/4712 5883/4/4199
f 5852/4/4235 6537/4/4708 6536/4/4710
f 5852/4/4235 6536/4/4710 5867/4/4220
f 5828/4/4251 6538/4/4820 6537/4/4708
f 5828/4/4251 6537/4/4708 5852/4/4235
f 5827/4/4254 6539/4/4701 6538/4/4820
f 5827/4/4254 6538/4/4820 5828/4/4251
f 5873/4/4212 6540/4/4226 6539/4/4701
f 5873/4/4212 6539/4/4701 5827/4/4254
f 5858/4/4214 6541/4/4227 6540/4/4226
f 5858/4/4214 6540/4/4226 5873/4/4212
f 5840/4/4926 6542/4/4754 6541/4/4227
f 5840/4/4926 6541/4/4227 5858/4/4214
f 5839/4/4245 6543/4/4704 6542/4/4754
f 5839/4/4245 6542/4/4754 5840/4/4926
f 5881/4/4200 6544/4/4705 6543/4/4704
f 5881/4/4200 6543/4/4704 5839/4/4245
f 5865/4/4203 6545/4/4753 6544/4/4705
f 5865/4/4203 6544/4/4705 5881/4/4200
f 5850/4/4222 6546/4/4751 6545/4/4753
f 5850/4/4222 6545/4/4753 5865/4/4203
f 5820/4/4237 6547/4/4749 6546/4/4751
f 5820/4/4237 6546/4/4751 5850/4/4222
f 5819/4/4184 6548/4/4823 6547/4/4749
f 5819/4/4184 6547/4/4749 5820/4/4237
f 5871/4/4187 6549/4/4745 6548/4/4823
f 5871/4/4187 6548/4/4823 5819/4/4184
f 5856/4/4216 6550/4/4743 6549/4/4745
f 5856/4/4216 6549/4/4745 5871/4/4187
f 5836/4/4231 6551/4/4741 6550/4/4743
f 5836/4/4231 6550/4/4743 5856/4/4216
f 5835/4/4247 6552/4/4739 6551/4/4741
f 5835/4/4247 6551/4/4741 5836/4/4231
f 5879/4/4204 6527/4/4822 6552/4/4739
f 5879/4/4204 6552/4/4739 5835/4/4247
f 5888/4/4931 6529/4/4729 6553/4/4731
f 5888/4/4931 6553/4/4731 5847/4/4239
f 5847/4/4239 6553/4/4731 6554/4/4733
f 5847/4/4239 6554/4/4733 5848/4/4224
f 5848/4/4224 6554/4/4733 6526/4/4735
f 5848/4/4224 6526/4/4735 5864/4/4207
f 6271/4/4719 6270/4/4960 6555/4/4826
f 6271/4/4719 6555/4/4826 6556/4/4825
f 5878/4/4930 5877/4/4929 6272/4/4961
f 5878/4/4930 6272/4/4961 5887/4/4211
f 6557/4/4998 6272/4/4961 5877/4/4929
f 6557/4/4998 5877/4/4929 6558/4/4999
f 6522/4/4995 6558/4/4999 6559/4/4829
f 6522/4/4995 6559/4/4829 6523/4/4831
f 6555/4/4826 6270/4/4960 6269/4/4959
f 6555/4/4826 6269/4/4959 6560/4/5000
f 6525/4/4997 6555/4/4826 6560/4/5000
f 6525/4/4997 6560/4/5000 6520/4/4993
f 6558/4/4999 5877/4/4929 5876/4/4928
f 6558/4/4999 5876/4/4928 6559/4/4829
f 6521/4/4994 6520/4/4993 6560/4/5000
f 6521/4/4994 6560/4/5000 6557/4/4998
f 6557/4/4998 6560/4/5000 6269/4/4959
f 6557/4/4998 6269/4/4959 6272/4/4961
f 6521/4/4994 6557/4/4998 6558/4/4999
f 6521/4/4994 6558/4/4999 6522/4/4995
f 6561/2/4816 6562/2/4842 6563/2/4833
f 6561/2/4816 6563/2/4833 6564/2/4832
f 5844/4/4252 6521/4/4994 6522/4/4995
f 5844/4/4252 6522/4/4995 5845/4/4927
f 6565/4/4835 6566/4/4837 6567/4/4840
f 6565/4/4835 6567/4/4840 5875/4/4529
f 6556/4/4825 6555/4/4826 6525/4/4997
f 6556/4/4825 6525/4/4997 6524/4/4996
f 6566/4/4837 6568/4/4839 6569/4/4842
f 6566/4/4837 6569/4/4842 6567/4/4840
f 6570/4/4836 6571/4/4838 6568/4/4839
f 6570/4/4836 6568/4/4839 6566/4/4837
f 6523/4/4831 6571/4/4838 6570/4/4836
f 6523/4/4831 6570/4/4836 6164/4/4240
f 6164/4/4240 6570/4/4836 6566/4/4837
f 6164/4/4240 6566/4/4837 6565/4/4835
f 6564/2/4832 6563/2/4833 6572/2/5001
f 6564/2/4832 6572/2/5001 6573/2/4243
f 5875/4/4529 6567/4/4840 6569/4/4842
f 5875/4/4529 6569/4/4842 5876/4/4928
f 6574/2/4858 6278/2/4643 6333/2/4649
f 6574/2/4858 6333/2/4649 6575/2/4855
f 6576/2/4868 6173/2/4621 6331/2/4625
f 6576/2/4868 6331/2/4625 6577/2/4866
f 6575/2/4855 6333/2/4649 6329/2/4655
f 6575/2/4855 6329/2/4655 6578/2/4852
f 6579/2/4854 6308/2/4651 6327/2/4972
f 6579/2/4854 6327/2/4972 6580/2/4851
f 6577/2/4866 6331/2/4625 6325/2/4629
f 6577/2/4866 6325/2/4629 6581/2/4864
f 6578/2/4852 6329/2/4655 6323/2/4969
f 6578/2/4852 6323/2/4969 6582/2/4849
f 6580/2/4851 6327/2/4972 6321/2/4663
f 6580/2/4851 6321/2/4663 6583/2/4847
f 6581/2/4864 6325/2/4629 6319/2/4633
f 6581/2/4864 6319/2/4633 6584/2/4862
f 6582/2/4849 6323/2/4969 6317/2/4640
f 6582/2/4849 6317/2/4640 6585/2/4848
f 6583/2/4847 6321/2/4663 6315/2/4667
f 6583/2/4847 6315/2/4667 6586/2/4844
f 6584/2/4862 6319/2/4633 6313/2/4637
f 6584/2/4862 6313/2/4637 6587/2/4860
f 6585/2/4848 6317/2/4640 6311/2/4968
f 6585/2/4848 6311/2/4968 6588/2/4859
f 6586/2/4844 6315/2/4667 6309/2/4610
f 6586/2/4844 6309/2/4610 6589/2/4843
f 6587/2/4860 6313/2/4637 6305/2/4966
f 6587/2/4860 6305/2/4966 6590/2/4857
f 6588/2/4859 6311/2/4968 6303/2/4965
f 6588/2/4859 6303/2/4965 6591/2/4856
f 6589/2/4843 6309/2/4610 6301/2/4609
f 6589/2/4843 6301/2/4609 6592/2/4873
f 6590/2/4857 6305/2/4966 6308/2/4651
f 6590/2/4857 6308/2/4651 6579/2/4854
f 6591/2/4856 6303/2/4965 6299/2/4653
f 6591/2/4856 6299/2/4653 6593/2/4853
f 6592/2/4873 6301/2/4609 6297/2/4615
f 6592/2/4873 6297/2/4615 6594/2/4871
f 6593/2/4853 6299/2/4653 6295/2/4659
f 6593/2/4853 6295/2/4659 6595/2/4850
f 6594/2/4871 6297/2/4615 6293/2/4619
f 6594/2/4871 6293/2/4619 6596/2/4869
f 6595/2/4850 6295/2/4659 6291/2/4665
f 6595/2/4850 6291/2/4665 6597/2/4846
f 6596/2/4869 6293/2/4619 6289/2/4623
f 6596/2/4869 6289/2/4623 6598/2/4867
f 6597/2/4846 6291/2/4665 6287/2/4536
f 6597/2/4846 6287/2/4536 6599/2/4845
f 6598/2/4867 6289/2/4623 6285/2/4627
f 6598/2/4867 6285/2/4627 6600/2/4865
f 6599/2/4845 6287/2/4536 6283/2/4535
f 6599/2/4845 6283/2/4535 6601/2/4874
f 6600/2/4865 6285/2/4627 6281/2/4963
f 6600/2/4865 6281/2/4963 6602/2/4863
f 6601/2/4874 6283/2/4535 6279/2/4613
f 6601/2/4874 6279/2/4613 6603/2/4872
f 6602/2/4863 6281/2/4963 6275/2/4635
f 6602/2/4863 6275/2/4635 6604/2/4861
f 6603/2/4872 6279/2/4613 6170/2/4617
f 6603/2/4872 6170/2/4617 6605/2/4870
f 6604/2/4861 6275/2/4635 6278/2/4643
f 6604/2/4861 6278/2/4643 6574/2/4858
f 6605/2/4870 6170/2/4617 6173/2/4621
f 6605/2/4870 6173/2/4621 6576/2/4868
f 6606/2/4543 6607/2/4884 6608/2/4886
f 6606/2/4543 6608/2/4886 6609/2/4545
f 6610/2/4552 6611/2/4895 6612/2/4901
f 6610/2/4552 6612/2/4901 6613/2/5002
f 6614/2/4541 6615/2/4881 6607/2/4884
f 6614/2/4541 6607/2/4884 6606/2/4543
f 6616/2/4550 6617/2/4892 6611/2/4895
f 6616/2/4550 6611/2/4895 6610/2/4552
f 6618/2/4179 6619/2/4877 6615/2/4881
f 6618/2/4179 6615/2/4881 6614/2/4541
f 6620/2/4548 6621/2/4890 6617/2/4892
f 6620/2/4548 6617/2/4892 6616/2/4550
f 6622/2/4875 6623/2/4876 6619/2/4877
f 6622/2/4875 6619/2/4877 6618/2/4179
f 6624/2/4546 6625/2/4887 6621/2/4890
f 6624/2/4546 6621/2/4890 6620/2/4548
f 6626/2/4916 6627/2/4917 6623/2/4876
f 6626/2/4916 6623/2/4876 6622/2/4875
f 6628/2/4544 6629/2/4885 6625/2/4887
f 6628/2/4544 6625/2/4887 6624/2/4546
f 6630/2/4564 6631/2/4912 6627/2/4917
f 6630/2/4564 6627/2/4917 6626/2/4916
f 6632/2/4882 6633/2/4883 6629/2/4885
f 6632/2/4882 6629/2/4885 6628/2/4544
f 6634/2/4561 6635/2/4907 6631/2/4912
f 6634/2/4561 6631/2/4912 6630/2/4564
f 6636/2/4878 6637/2/4880 6633/2/4883
f 6636/2/4878 6633/2/4883 6632/2/4882
f 6638/2/5003 6639/2/4903 6635/2/4907
f 6638/2/5003 6635/2/4907 6634/2/4561
f 6640/2/5004 6641/2/4902 6642/2/4906
f 6640/2/5004 6642/2/4906 6643/2/5005
f 6644/2/4539 6645/2/4879 6637/2/4880
f 6644/2/4539 6637/2/4880 6636/2/4878
f 6646/2/4555 6647/2/4900 6639/2/4903
f 6646/2/4555 6639/2/4903 6638/2/5003
f 6648/2/4896 6649/2/4897 6641/2/4902
f 6648/2/4896 6641/2/4902 6640/2/5004
f 6650/2/4918 6651/2/4919 6645/2/4879
f 6650/2/4918 6645/2/4879 6644/2/4539
f 6652/2/4898 6653/2/4899 6647/2/4900
f 6652/2/4898 6647/2/4900 6646/2/4555
f 6654/2/4893 6655/2/4894 6649/2/4897
f 6654/2/4893 6649/2/4897 6648/2/4896
f 6656/2/4566 6657/2/4915 6651/2/4919
f 6656/2/4566 6651/2/4919 6650/2/4918
f 6658/2/4913 6659/2/4914 6653/2/4899
f 6658/2/4913 6653/2/4899 6652/2/4898
f 6660/2/4549 6661/2/4891 6655/2/4894
f 6660/2/4549 6655/2/4894 6654/2/4893
f 6662/2/4910 6663/2/4911 6657/2/4915
f 6662/2/4910 6657/2/4915 6656/2/4566
f 6664/2/4908 6665/2/4909 6659/2/4914
f 6664/2/4908 6659/2/4914 6658/2/4913
f 6666/2/4888 6667/2/4889 6661/2/4891
f 6666/2/4888 6661/2/4891 6660/2/4549
f 6643/2/5005 6642/2/4906 6663/2/4911
f 6643/2/5005 6663/2/4911 6662/2/4910
f 6668/2/4559 6669/2/4905 6665/2/4909
f 6668/2/4559 6665/2/4909 6664/2/4908
f 6609/2/4545 6608/2/4886 6667/2/4889
f 6609/2/4545 6667/2/4889 6666/2/4888
f 6613/2/5002 6612/2/4901 6669/2/4905
f 6613/2/5002 6669/2/4905 6668/2/4559
f 6607/2/4884 6605/2/4870 6576/2/4868
f 6607/2/4884 6576/2/4868 6608/2/4886
f 6611/2/4895 6604/2/4861 6574/2/4858
f 6611/2/4895 6574/2/4858 6612/2/4901
f 6615/2/4881 6603/2/4872 6605/2/4870
f 6615/2/4881 6605/2/4870 6607/2/4884
f 6617/2/4892 6602/2/4863 6604/2/4861
f 6617/2/4892 6604/2/4861 6611/2/4895
f 6619/2/4877 6601/2/4874 6603/2/4872
f 6619/2/4877 6603/2/4872 6615/2/4881
f 6621/2/4890 6600/2/4865 6602/2/4863
f 6621/2/4890 6602/2/4863 6617/2/4892
f 6623/2/4876 6599/2/4845 6601/2/4874
f 6623/2/4876 6601/2/4874 6619/2/4877
f 6625/2/4887 6598/2/4867 6600/2/4865
f 6625/2/4887 6600/2/4865 6621/2/4890
f 6627/2/4917 6597/2/4846 6599/2/4845
f 6627/2/4917 6599/2/4845 6623/2/4876
f 6629/2/4885 6596/2/4869 6598/2/4867
f 6629/2/4885 6598/2/4867 6625/2/4887
f 6631/2/4912 6595/2/4850 6597/2/4846
f 6631/2/4912 6597/2/4846 6627/2/4917
f 6633/2/4883 6594/2/4871 6596/2/4869
f 6633/2/4883 6596/2/4869 6629/2/4885
f 6635/2/4907 6593/2/4853 6595/2/4850
f 6635/2/4907 6595/2/4850 6631/2/4912
f 6637/2/4880 6592/2/4873 6594/2/4871
f 6637/2/4880 6594/2/4871 6633/2/4883
f 6639/2/4903 6591/2/4856 6593/2/4853
f 6639/2/4903 6593/2/4853 6635/2/4907
f 6641/2/4902 6590/2/4857 6579/2/4854
f 6641/2/4902 6579/2/4854 6642/2/4906
f 6645/2/4879 6589/2/4843 6592/2/4873
f 6645/2/4879 6592/2/4873 6637/2/4880
f 6647/2/4900 6588/2/4859 6591/2/4856
f 6647/2/4900 6591/2/4856 6639/2/4903
f 6649/2/4897 6587/2/4860 6590/2/4857
f 6649/2/4897 6590/2/4857 6641/2/4902
f 6651/2/4919 6586/2/4844 6589/2/4843
f 6651/2/4919 6589/2/4843 6645/2/4879
f 6653/2/4899 6585/2/4848 6588/2/4859
f 6653/2/4899 6588/2/4859 6647/2/4900
f 6655/2/4894 6584/2/4862 6587/2/4860
f 6655/2/4894 6587/2/4860 6649/2/4897
f 6657/2/4915 6583/2/4847 6586/2/4844
f 6657/2/4915 6586/2/4844 6651/2/4919
f 6659/2/4914 6582/2/4849 6585/2/4848
f 6659/2/4914 6585/2/4848 6653/2/4899
f 6661/2/4891 6581/2/4864 6584/2/4862
f 6661/2/4891 6584/2/4862 6655/2/4894
f 6663/2/4911 6580/2/4851 6583/2/4847
f 6663/2/4911 6583/2/4847 6657/2/4915
f 6665/2/4909 6578/2/4852 6582/2/4849
f 6665/2/4909 6582/2/4849 6659/2/4914
f 6667/2/4889 6577/2/4866 6581/2/4864
f 6667/2/4889 6581/2/4864 6661/2/4891
f 6642/2/4906 6579/2/4854 6580/2/4851
f 6642/2/4906 6580/2/4851 6663/2/4911
f 6669/2/4905 6575/2/4855 6578/2/4852
f 6669/2/4905 6578/2/4852 6665/2/4909
f 6608/2/4886 6576/2/4868 6577/2/4866
f 6608/2/4886 6577/2/4866 6667/2/4889
f 6612/2/4901 6574/2/4858 6575/2/4855
f 6612/2/4901 6575/2/4855 6669/2/4905
f 6670/2/163 6671/2/164 6672/2/165
f 6670/2/163 6672/2/165 6673/2/166
f 6674/2/167 6675/2/168 6676/2/169
f 6674/2/167 6676/2/169 6677/2/170
f 6677/2/170 6676/2/169 6678/2/171
f 6677/2/170 6678/2/171 6679/2/172
f 6679/2/172 6678/2/171 6680/2/173
f 6679/2/172 6680/2/173 6681/2/174
f 6681/2/174 6680/2/173 6682/2/175
f 6681/2/174 6682/2/175 6683/2/176
f 6683/2/176 6682/2/175 6684/2/177
f 6683/2/176 6684/2/177 6685/2/178
f 6685/2/178 6684/2/177 6686/2/179
f 6685/2/178 6686/2/179 6687/2/180
f 6687/2/180 6686/2/179 6688/2/181
f 6687/2/180 6688/2/181 6689/2/182
f 6689/2/182 6688/2/181 6690/2/183
f 6689/2/182 6690/2/183 6691/2/184
f 6691/2/184 6690/2/183 6692/2/185
f 6691/2/184 6692/2/185 6693/2/186
f 6693/2/186 6692/2/185 6694/2/187
f 6693/2/186 6694/2/187 6695/2/188
f 6695/2/188 6694/2/187 6696/2/189
f 6695/2/188 6696/2/189 6697/2/190
f 6697/2/190 6696/2/189 6698/2/191
f 6697/2/190 6698/2/191 6699/2/192
f 6699/2/192 6698/2/191 6700/2/193
f 6699/2/192 6700/2/193 6701/2/194
f 6701/2/194 6700/2/193 6702/2/195
f 6701/2/194 6702/2/195 6703/2/196
f 6703/2/196 6702/2/195 6704/2/197
f 6703/2/196 6704/2/197 6705/2/198
f 6705/2/198 6704/2/197 6706/2/199
f 6705/2/198 6706/2/199 6707/2/200
f 6707/2/200 6706/2/199 6708/2/201
f 6707/2/200 6708/2/201 6709/2/202
f 6709/2/202 6708/2/201 6710/2/203
f 6709/2/202 6710/2/203 6711/2/204
f 6711/2/204 6710/2/203 6712/2/205
f 6711/2/204 6712/2/205 6713/2/206
f 6713/2/206 6712/2/205 6714/2/207
f 6713/2/206 6714/2/207 6715/2/208
f 6715/2/208 6714/2/207 6671/2/164
f 6715/2/208 6671/2/164 6670/2/163
f 6716/2/209 6717/2/210 6675/2/168
f 6716/2/209 6675/2/168 6674/2/167
f 6718/2/211 6719/2/212 6720/2/213
f 6718/2/211 6720/2/213 6721/2/214
f 6673/2/166 6672/2/165 6717/2/210
f 6673/2/166 6717/2/210 6716/2/209
f 6673/2/166 6716/2/209 6722/2/215
f 6673/2/166 6722/2/215 6723/2/216
f 6723/2/216 6722/2/215 6724/2/408
f 6723/2/216 6724/2/408 6725/2/218
f 6725/2/218 6724/2/408 6726/2/219
f 6725/2/218 6726/2/219 6727/2/220
f 6717/2/210 6672/2/165 6728/2/221
f 6717/2/210 6728/2/221 6729/2/222
f 6729/2/222 6728/2/221 6730/2/223
f 6729/2/222 6730/2/223 6731/2/407
f 6731/2/407 6730/2/223 6732/2/225
f 6731/2/407 6732/2/225 6733/2/226
f 6716/2/209 6674/2/167 6734/2/227
f 6716/2/209 6734/2/227 6722/2/215
f 6722/2/215 6734/2/227 6735/2/228
f 6722/2/215 6735/2/228 6724/2/408
f 6724/2/408 6735/2/228 6736/2/229
f 6724/2/408 6736/2/229 6726/2/219
f 6675/2/168 6717/2/210 6729/2/222
f 6675/2/168 6729/2/222 6737/2/230
f 6737/2/230 6729/2/222 6731/2/407
f 6737/2/230 6731/2/407 6738/2/231
f 6738/2/231 6731/2/407 6733/2/226
f 6738/2/231 6733/2/226 6739/2/232
f 6674/2/167 6677/2/170 6740/2/233
f 6674/2/167 6740/2/233 6734/2/227
f 6734/2/227 6740/2/233 6741/2/234
f 6734/2/227 6741/2/234 6735/2/228
f 6735/2/228 6741/2/234 6742/2/235
f 6735/2/228 6742/2/235 6736/2/229
f 6676/2/169 6675/2/168 6737/2/230
f 6676/2/169 6737/2/230 6743/2/236
f 6743/2/236 6737/2/230 6738/2/231
f 6743/2/236 6738/2/231 6744/2/237
f 6744/2/237 6738/2/231 6739/2/232
f 6744/2/237 6739/2/232 6745/2/238
f 6677/2/170 6679/2/172 6746/2/239
f 6677/2/170 6746/2/239 6740/2/233
f 6740/2/233 6746/2/239 6747/2/240
f 6740/2/233 6747/2/240 6741/2/234
f 6741/2/234 6747/2/240 6748/2/241
f 6741/2/234 6748/2/241 6742/2/235
f 6678/2/171 6676/2/169 6743/2/236
f 6678/2/171 6743/2/236 6749/2/242
f 6749/2/242 6743/2/236 6744/2/237
f 6749/2/242 6744/2/237 6750/2/243
f 6750/2/243 6744/2/237 6745/2/238
f 6750/2/243 6745/2/238 6751/2/244
f 6679/2/172 6681/2/174 6752/2/245
f 6679/2/172 6752/2/245 6746/2/239
f 6746/2/239 6752/2/245 6753/2/246
f 6746/2/239 6753/2/246 6747/2/240
f 6747/2/240 6753/2/246 6754/2/247
f 6747/2/240 6754/2/247 6748/2/241
f 6680/2/173 6678/2/171 6749/2/242
f 6680/2/173 6749/2/242 6755/2/248
f 6755/2/248 6749/2/242 6750/2/243
f 6755/2/248 6750/2/243 6756/2/249
f 6756/2/249 6750/2/243 6751/2/244
f 6756/2/249 6751/2/244 6757/2/250
f 6681/2/174 6683/2/176 6758/2/251
f 6681/2/174 6758/2/251 6752/2/245
f 6752/2/245 6758/2/251 6759/2/252
f 6752/2/245 6759/2/252 6753/2/246
f 6753/2/246 6759/2/252 6760/2/253
f 6753/2/246 6760/2/253 6754/2/247
f 6682/2/175 6680/2/173 6755/2/248
f 6682/2/175 6755/2/248 6761/2/254
f 6761/2/254 6755/2/248 6756/2/249
f 6761/2/254 6756/2/249 6762/2/255
f 6762/2/255 6756/2/249 6757/2/250
f 6762/2/255 6757/2/250 6763/2/256
f 6683/2/176 6685/2/178 6764/2/257
f 6683/2/176 6764/2/257 6758/2/251
f 6758/2/251 6764/2/257 6765/2/258
f 6758/2/251 6765/2/258 6759/2/252
f 6759/2/252 6765/2/258 6766/2/259
f 6759/2/252 6766/2/259 6760/2/253
f 6684/2/177 6682/2/175 6761/2/254
f 6684/2/177 6761/2/254 6767/2/260
f 6767/2/260 6761/2/254 6762/2/255
f 6767/2/260 6762/2/255 6768/2/261
f 6768/2/261 6762/2/255 6763/2/256
f 6768/2/261 6763/2/256 6769/2/262
f 6685/2/178 6687/2/180 6770/2/263
f 6685/2/178 6770/2/263 6764/2/257
f 6764/2/257 6770/2/263 6771/2/264
f 6764/2/257 6771/2/264 6765/2/258
f 6765/2/258 6771/2/264 6772/2/265
f 6765/2/258 6772/2/265 6766/2/259
f 6686/2/179 6684/2/177 6767/2/260
f 6686/2/179 6767/2/260 6773/2/266
f 6773/2/266 6767/2/260 6768/2/261
f 6773/2/266 6768/2/261 6774/2/267
f 6774/2/267 6768/2/261 6769/2/262
f 6774/2/267 6769/2/262 6775/2/268
f 6687/2/180 6689/2/182 6776/2/5006
f 6687/2/180 6776/2/5006 6770/2/263
f 6770/2/263 6776/2/5006 6777/2/270
f 6770/2/263 6777/2/270 6771/2/264
f 6771/2/264 6777/2/270 6778/2/271
f 6771/2/264 6778/2/271 6772/2/265
f 6688/2/181 6686/2/179 6773/2/266
f 6688/2/181 6773/2/266 6779/2/5007
f 6779/2/5007 6773/2/266 6774/2/267
f 6779/2/5007 6774/2/267 6780/2/273
f 6780/2/273 6774/2/267 6775/2/268
f 6780/2/273 6775/2/268 6781/2/274
f 6689/2/182 6691/2/184 6782/2/275
f 6689/2/182 6782/2/275 6776/2/5006
f 6776/2/5006 6782/2/275 6783/2/276
f 6776/2/5006 6783/2/276 6777/2/270
f 6777/2/270 6783/2/276 6784/2/277
f 6777/2/270 6784/2/277 6778/2/271
f 6690/2/183 6688/2/181 6779/2/5007
f 6690/2/183 6779/2/5007 6785/2/278
f 6785/2/278 6779/2/5007 6780/2/273
f 6785/2/278 6780/2/273 6786/2/279
f 6786/2/279 6780/2/273 6781/2/274
f 6786/2/279 6781/2/274 6787/2/280
f 6691/2/184 6693/2/186 6788/2/281
f 6691/2/184 6788/2/281 6782/2/275
f 6782/2/275 6788/2/281 6789/2/282
f 6782/2/275 6789/2/282 6783/2/276
f 6783/2/276 6789/2/282 6790/2/283
f 6783/2/276 6790/2/283 6784/2/277
f 6692/2/185 6690/2/183 6785/2/278
f 6692/2/185 6785/2/278 6791/2/284
f 6791/2/284 6785/2/278 6786/2/279
f 6791/2/284 6786/2/279 6792/2/285
f 6792/2/285 6786/2/279 6787/2/280
f 6792/2/285 6787/2/280 6793/2/286
f 6693/2/186 6695/2/188 6794/2/287
f 6693/2/186 6794/2/287 6788/2/281
f 6788/2/281 6794/2/287 6795/2/288
f 6788/2/281 6795/2/288 6789/2/282
f 6789/2/282 6795/2/288 6796/2/289
f 6789/2/282 6796/2/289 6790/2/283
f 6694/2/187 6692/2/185 6791/2/284
f 6694/2/187 6791/2/284 6797/2/290
f 6797/2/290 6791/2/284 6792/2/285
f 6797/2/290 6792/2/285 6798/2/291
f 6798/2/291 6792/2/285 6793/2/286
f 6798/2/291 6793/2/286 6799/2/292
f 6695/2/188 6697/2/190 6800/2/293
f 6695/2/188 6800/2/293 6794/2/287
f 6794/2/287 6800/2/293 6801/2/294
f 6794/2/287 6801/2/294 6795/2/288
f 6795/2/288 6801/2/294 6802/2/295
f 6795/2/288 6802/2/295 6796/2/289
f 6696/2/189 6694/2/187 6797/2/290
f 6696/2/189 6797/2/290 6803/2/296
f 6803/2/296 6797/2/290 6798/2/291
f 6803/2/296 6798/2/291 6804/2/297
f 6804/2/297 6798/2/291 6799/2/292
f 6804/2/297 6799/2/292 6805/2/298
f 6697/2/190 6699/2/192 6806/2/299
f 6697/2/190 6806/2/299 6800/2/293
f 6800/2/293 6806/2/299 6807/2/300
f 6800/2/293 6807/2/300 6801/2/294
f 6801/2/294 6807/2/300 6808/2/301
f 6801/2/294 6808/2/301 6802/2/295
f 6698/2/191 6696/2/189 6803/2/296
f 6698/2/191 6803/2/296 6809/2/302
f 6809/2/302 6803/2/296 6804/2/297
f 6809/2/302 6804/2/297 6810/2/303
f 6810/2/303 6804/2/297 6805/2/298
f 6810/2/303 6805/2/298 6811/2/304
f 6699/2/192 6701/2/194 6812/2/305
f 6699/2/192 6812/2/305 6806/2/299
f 6806/2/299 6812/2/305 6813/2/306
f 6806/2/299 6813/2/306 6807/2/300
f 6807/2/300 6813/2/306 6814/2/307
f 6807/2/300 6814/2/307 6808/2/301
f 6700/2/193 6698/2/191 6809/2/302
f 6700/2/193 6809/2/302 6815/2/308
f 6815/2/308 6809/2/302 6810/2/303
f 6815/2/308 6810/2/303 6816/2/309
f 6816/2/309 6810/2/303 6811/2/304
f 6816/2/309 6811/2/304 6817/2/310
f 6701/2/194 6703/2/196 6818/2/311
f 6701/2/194 6818/2/311 6812/2/305
f 6812/2/305 6818/2/311 6819/2/312
f 6812/2/305 6819/2/312 6813/2/306
f 6813/2/306 6819/2/312 6820/2/313
f 6813/2/306 6820/2/313 6814/2/307
f 6702/2/195 6700/2/193 6815/2/308
f 6702/2/195 6815/2/308 6821/2/314
f 6821/2/314 6815/2/308 6816/2/309
f 6821/2/314 6816/2/309 6822/2/315
f 6822/2/315 6816/2/309 6817/2/310
f 6822/2/315 6817/2/310 6823/2/316
f 6703/2/196 6705/2/198 6824/2/317
f 6703/2/196 6824/2/317 6818/2/311
f 6818/2/311 6824/2/317 6825/2/318
f 6818/2/311 6825/2/318 6819/2/312
f 6819/2/312 6825/2/318 6826/2/319
f 6819/2/312 6826/2/319 6820/2/313
f 6704/2/197 6702/2/195 6821/2/314
f 6704/2/197 6821/2/314 6827/2/320
f 6827/2/320 6821/2/314 6822/2/315
f 6827/2/320 6822/2/315 6828/2/5008
f 6828/2/5008 6822/2/315 6823/2/316
f 6828/2/5008 6823/2/316 6829/2/322
f 6705/2/198 6707/2/200 6830/2/323
f 6705/2/198 6830/2/323 6824/2/317
f 6824/2/317 6830/2/323 6831/2/324
f 6824/2/317 6831/2/324 6825/2/318
f 6825/2/318 6831/2/324 6832/2/325
f 6825/2/318 6832/2/325 6826/2/319
f 6706/2/199 6704/2/197 6827/2/320
f 6706/2/199 6827/2/320 6833/2/326
f 6833/2/326 6827/2/320 6828/2/5008
f 6833/2/326 6828/2/5008 6834/2/327
f 6834/2/327 6828/2/5008 6829/2/322
f 6834/2/327 6829/2/322 6835/2/328
f 6707/2/200 6709/2/202 6836/2/329
f 6707/2/200 6836/2/329 6830/2/323
f 6830/2/323 6836/2/329 6837/2/411
f 6830/2/323 6837/2/411 6831/2/324
f 6831/2/324 6837/2/411 6838/2/331
f 6831/2/324 6838/2/331 6832/2/325
f 6708/2/201 6706/2/199 6833/2/326
f 6708/2/201 6833/2/326 6839/2/332
f 6839/2/332 6833/2/326 6834/2/327
f 6839/2/332 6834/2/327 6840/2/333
f 6840/2/333 6834/2/327 6835/2/328
f 6840/2/333 6835/2/328 6841/2/334
f 6709/2/202 6711/2/204 6842/2/335
f 6709/2/202 6842/2/335 6836/2/329
f 6836/2/329 6842/2/335 6843/2/336
f 6836/2/329 6843/2/336 6837/2/411
f 6837/2/411 6843/2/336 6844/2/337
f 6837/2/411 6844/2/337 6838/2/331
f 6710/2/203 6708/2/201 6839/2/332
f 6710/2/203 6839/2/332 6845/2/338
f 6845/2/338 6839/2/332 6840/2/333
f 6845/2/338 6840/2/333 6846/2/339
f 6846/2/339 6840/2/333 6841/2/334
f 6846/2/339 6841/2/334 6847/2/340
f 6711/2/204 6713/2/206 6848/2/341
f 6711/2/204 6848/2/341 6842/2/335
f 6842/2/335 6848/2/341 6849/2/342
f 6842/2/335 6849/2/342 6843/2/336
f 6843/2/336 6849/2/342 6850/2/343
f 6843/2/336 6850/2/343 6844/2/337
f 6712/2/205 6710/2/203 6845/2/338
f 6712/2/205 6845/2/338 6851/2/344
f 6851/2/344 6845/2/338 6846/2/339
f 6851/2/344 6846/2/339 6852/2/345
f 6852/2/345 6846/2/339 6847/2/340
f 6852/2/345 6847/2/340 6853/2/346
f 6713/2/206 6715/2/208 6854/2/347
f 6713/2/206 6854/2/347 6848/2/341
f 6848/2/341 6854/2/347 6855/2/348
f 6848/2/341 6855/2/348 6849/2/342
f 6849/2/342 6855/2/348 6856/2/349
f 6849/2/342 6856/2/349 6850/2/343
f 6714/2/207 6712/2/205 6851/2/344
f 6714/2/207 6851/2/344 6857/2/350
f 6857/2/350 6851/2/344 6852/2/345
f 6857/2/350 6852/2/345 6858/2/351
f 6858/2/351 6852/2/345 6853/2/346
f 6858/2/351 6853/2/346 6859/2/352
f 6715/2/208 6670/2/163 6860/2/353
f 6715/2/208 6860/2/353 6854/2/347
f 6854/2/347 6860/2/353 6861/2/354
f 6854/2/347 6861/2/354 6855/2/348
f 6855/2/348 6861/2/354 6862/2/355
f 6855/2/348 6862/2/355 6856/2/349
f 6671/2/164 6714/2/207 6857/2/350
f 6671/2/164 6857/2/350 6863/2/356
f 6863/2/356 6857/2/350 6858/2/351
f 6863/2/356 6858/2/351 6864/2/357
f 6864/2/357 6858/2/351 6859/2/352
f 6864/2/357 6859/2/352 6865/2/358
f 6670/2/163 6673/2/166 6723/2/216
f 6670/2/163 6723/2/216 6860/2/353
f 6860/2/353 6723/2/216 6725/2/218
f 6860/2/353 6725/2/218 6861/2/354
f 6861/2/354 6725/2/218 6727/2/220
f 6861/2/354 6727/2/220 6862/2/355
f 6672/2/165 6671/2/164 6863/2/356
f 6672/2/165 6863/2/356 6728/2/221
f 6728/2/221 6863/2/356 6864/2/357
f 6728/2/221 6864/2/357 6730/2/223
f 6730/2/223 6864/2/357 6865/2/358
f 6730/2/223 6865/2/358 6732/2/225
f 6866/2/359 6867/2/360 6733/2/226
f 6866/2/359 6733/2/226 6732/2/225
f 6867/2/360 6868/2/361 6739/2/232
f 6867/2/360 6739/2/232 6733/2/226
f 6868/2/361 6869/2/362 6745/2/238
f 6868/2/361 6745/2/238 6739/2/232
f 6869/2/362 6870/2/363 6751/2/244
f 6869/2/362 6751/2/244 6745/2/238
f 6870/2/363 6871/2/364 6757/2/250
f 6870/2/363 6757/2/250 6751/2/244
f 6871/2/364 6872/2/365 6763/2/256
f 6871/2/364 6763/2/256 6757/2/250
f 6872/2/365 6873/2/366 6769/2/262
f 6872/2/365 6769/2/262 6763/2/256
f 6873/2/366 6874/2/367 6775/2/268
f 6873/2/366 6775/2/268 6769/2/262
f 6874/2/367 6875/2/368 6781/2/274
f 6874/2/367 6781/2/274 6775/2/268
f 6875/2/368 6876/2/369 6787/2/280
f 6875/2/368 6787/2/280 6781/2/274
f 6876/2/369 6877/2/370 6793/2/286
f 6876/2/369 6793/2/286 6787/2/280
f 6877/2/370 6878/2/371 6799/2/292
f 6877/2/370 6799/2/292 6793/2/286
f 6878/2/371 6879/2/372 6805/2/298
f 6878/2/371 6805/2/298 6799/2/292
f 6879/2/372 6880/2/373 6811/2/304
f 6879/2/372 6811/2/304 6805/2/298
f 6880/2/373 6881/2/374 6817/2/310
f 6880/2/373 6817/2/310 6811/2/304
f 6881/2/374 6882/2/375 6823/2/316
f 6881/2/374 6823/2/316 6817/2/310
f 6882/2/375 6883/2/376 6829/2/322
f 6882/2/375 6829/2/322 6823/2/316
f 6883/2/376 6884/2/377 6835/2/328
f 6883/2/376 6835/2/328 6829/2/322
f 6884/2/377 6719/2/212 6841/2/334
f 6884/2/377 6841/2/334 6835/2/328
f 6719/2/212 6718/2/211 6847/2/340
f 6719/2/212 6847/2/340 6841/2/334
f 6718/2/211 6885/2/378 6853/2/346
f 6718/2/211 6853/2/346 6847/2/340
f 6885/2/378 6886/2/379 6859/2/352
f 6885/2/378 6859/2/352 6853/2/346
f 6886/2/379 6887/2/380 6865/2/358
f 6886/2/379 6865/2/358 6859/2/352
f 6887/2/380 6866/2/359 6732/2/225
f 6887/2/380 6732/2/225 6865/2/358
f 6879/2/372 6878/2/371 6888/2/381
f 6879/2/372 6888/2/381 6889/2/382
f 6872/2/365 6871/2/364 6890/2/383
f 6872/2/365 6890/2/383 6891/2/384
f 6885/2/378 6718/2/211 6721/2/214
f 6885/2/378 6721/2/214 6892/2/385
f 6880/2/373 6879/2/372 6889/2/382
f 6880/2/373 6889/2/382 6893/2/386
f 6873/2/366 6872/2/365 6891/2/384
f 6873/2/366 6891/2/384 6894/2/387
f 6886/2/379 6885/2/378 6892/2/385
f 6886/2/379 6892/2/385 6895/2/388
f 6881/2/374 6880/2/373 6893/2/386
f 6881/2/374 6893/2/386 6896/2/389
f 6874/2/367 6873/2/366 6894/2/387
f 6874/2/367 6894/2/387 6897/2/390
f 6887/2/380 6886/2/379 6895/2/388
f 6887/2/380 6895/2/388 6898/2/391
f 6867/2/360 6866/2/359 6899/2/392
f 6867/2/360 6899/2/392 6900/2/393
f 6882/2/375 6881/2/374 6896/2/389
f 6882/2/375 6896/2/389 6901/2/5009
f 6875/2/368 6874/2/367 6897/2/390
f 6875/2/368 6897/2/390 6902/2/395
f 6866/2/359 6887/2/380 6898/2/391
f 6866/2/359 6898/2/391 6899/2/392
f 6868/2/361 6867/2/360 6900/2/393
f 6868/2/361 6900/2/393 6903/2/396
f 6883/2/376 6882/2/375 6901/2/5009
f 6883/2/376 6901/2/5009 6904/2/397
f 6876/2/369 6875/2/368 6902/2/395
f 6876/2/369 6902/2/395 6905/2/398
f 6869/2/362 6868/2/361 6903/2/396
f 6869/2/362 6903/2/396 6906/2/399
f 6884/2/377 6883/2/376 6904/2/397
f 6884/2/377 6904/2/397 6907/2/400
f 6877/2/370 6876/2/369 6905/2/398
f 6877/2/370 6905/2/398 6908/2/401
f 6870/2/363 6869/2/362 6906/2/399
f 6870/2/363 6906/2/399 6909/2/5010
f 6719/2/212 6884/2/377 6907/2/400
f 6719/2/212 6907/2/400 6720/2/213
f 6878/2/371 6877/2/370 6908/2/401
f 6878/2/371 6908/2/401 6888/2/381
f 6871/2/364 6870/2/363 6909/2/5010
f 6871/2/364 6909/2/5010 6890/2/383
f 6910/2/164 6911/2/165 6912/2/166
f 6910/2/164 6912/2/166 6913/2/163
f 6914/2/168 6915/2/169 6916/2/170
f 6914/2/168 6916/2/170 6917/2/167
f 6915/2/169 6918/2/171 6919/2/172
f 6915/2/169 6919/2/172 6916/2/170
f 6918/2/171 6920/2/173 6921/2/174
f 6918/2/171 6921/2/174 6919/2/172
f 6920/2/173 6922/2/175 6923/2/176
f 6920/2/173 6923/2/176 6921/2/174
f 6922/2/175 6924/2/177 6925/2/178
f 6922/2/175 6925/2/178 6923/2/176
f 6924/2/177 6926/2/179 6927/2/180
f 6924/2/177 6927/2/180 6925/2/178
f 6926/2/179 6928/2/181 6929/2/182
f 6926/2/179 6929/2/182 6927/2/180
f 6928/2/181 6930/2/183 6931/2/184
f 6928/2/181 6931/2/184 6929/2/182
f 6930/2/183 6932/2/185 6933/2/186
f 6930/2/183 6933/2/186 6931/2/184
f 6932/2/185 6934/2/187 6935/2/188
f 6932/2/185 6935/2/188 6933/2/186
f 6934/2/187 6936/2/189 6937/2/190
f 6934/2/187 6937/2/190 6935/2/188
f 6936/2/189 6938/2/191 6939/2/192
f 6936/2/189 6939/2/192 6937/2/190
f 6938/2/191 6940/2/193 6941/2/194
f 6938/2/191 6941/2/194 6939/2/192
f 6940/2/193 6942/2/195 6943/2/196
f 6940/2/193 6943/2/196 6941/2/194
f 6942/2/195 6944/2/197 6945/2/198
f 6942/2/195 6945/2/198 6943/2/196
f 6944/2/197 6946/2/199 6947/2/200
f 6944/2/197 6947/2/200 6945/2/198
f 6946/2/199 6948/2/201 6949/2/202
f 6946/2/199 6949/2/202 6947/2/200
f 6948/2/201 6950/2/203 6951/2/204
f 6948/2/201 6951/2/204 6949/2/202
f 6950/2/203 6952/2/205 6953/2/206
f 6950/2/203 6953/2/206 6951/2/204
f 6952/2/205 6954/2/207 6955/2/208
f 6952/2/205 6955/2/208 6953/2/206
f 6954/2/207 6910/2/164 6913/2/163
f 6954/2/207 6913/2/163 6955/2/208
f 6956/2/210 6914/2/168 6917/2/167
f 6956/2/210 6917/2/167 6957/2/209
f 6958/2/403 6959/2/5011 6960/2/405
f 6958/2/403 6960/2/405 6961/2/406
f 6911/2/165 6956/2/210 6957/2/209
f 6911/2/165 6957/2/209 6912/2/166
f 6911/2/165 6962/2/221 6963/2/222
f 6911/2/165 6963/2/222 6956/2/210
f 6962/2/221 6964/2/223 6965/2/224
f 6962/2/221 6965/2/224 6963/2/222
f 6964/2/223 6966/2/225 6967/2/226
f 6964/2/223 6967/2/226 6965/2/224
f 6957/2/209 6968/2/215 6969/2/216
f 6957/2/209 6969/2/216 6912/2/166
f 6968/2/215 6970/2/408 6971/2/218
f 6968/2/215 6971/2/218 6969/2/216
f 6970/2/408 6972/2/219 6973/2/220
f 6970/2/408 6973/2/220 6971/2/218
f 6956/2/210 6963/2/222 6974/2/230
f 6956/2/210 6974/2/230 6914/2/168
f 6963/2/222 6965/2/224 6975/2/231
f 6963/2/222 6975/2/231 6974/2/230
f 6965/2/224 6967/2/226 6976/2/232
f 6965/2/224 6976/2/232 6975/2/231
f 6917/2/167 6977/2/227 6968/2/215
f 6917/2/167 6968/2/215 6957/2/209
f 6977/2/227 6978/2/228 6970/2/408
f 6977/2/227 6970/2/408 6968/2/215
f 6978/2/228 6979/2/229 6972/2/219
f 6978/2/228 6972/2/219 6970/2/408
f 6914/2/168 6974/2/230 6980/2/5012
f 6914/2/168 6980/2/5012 6915/2/169
f 6974/2/230 6975/2/231 6981/2/237
f 6974/2/230 6981/2/237 6980/2/5012
f 6975/2/231 6976/2/232 6982/2/238
f 6975/2/231 6982/2/238 6981/2/237
f 6916/2/170 6983/2/233 6977/2/227
f 6916/2/170 6977/2/227 6917/2/167
f 6983/2/233 6984/2/234 6978/2/228
f 6983/2/233 6978/2/228 6977/2/227
f 6984/2/234 6985/2/235 6979/2/229
f 6984/2/234 6979/2/229 6978/2/228
f 6915/2/169 6980/2/5012 6986/2/242
f 6915/2/169 6986/2/242 6918/2/171
f 6980/2/5012 6981/2/237 6987/2/243
f 6980/2/5012 6987/2/243 6986/2/242
f 6981/2/237 6982/2/238 6988/2/244
f 6981/2/237 6988/2/244 6987/2/243
f 6919/2/172 6989/2/239 6983/2/233
f 6919/2/172 6983/2/233 6916/2/170
f 6989/2/239 6990/2/240 6984/2/234
f 6989/2/239 6984/2/234 6983/2/233
f 6990/2/240 6991/2/241 6985/2/235
f 6990/2/240 6985/2/235 6984/2/234
f 6918/2/171 6986/2/242 6992/2/248
f 6918/2/171 6992/2/248 6920/2/173
f 6986/2/242 6987/2/243 6993/2/409
f 6986/2/242 6993/2/409 6992/2/248
f 6987/2/243 6988/2/244 6994/2/250
f 6987/2/243 6994/2/250 6993/2/409
f 6921/2/174 6995/2/245 6989/2/239
f 6921/2/174 6989/2/239 6919/2/172
f 6995/2/245 6996/2/5013 6990/2/240
f 6995/2/245 6990/2/240 6989/2/239
f 6996/2/5013 6997/2/247 6991/2/241
f 6996/2/5013 6991/2/241 6990/2/240
f 6920/2/173 6992/2/248 6998/2/254
f 6920/2/173 6998/2/254 6922/2/175
f 6992/2/248 6993/2/409 6999/2/255
f 6992/2/248 6999/2/255 6998/2/254
f 6993/2/409 6994/2/250 7000/2/256
f 6993/2/409 7000/2/256 6999/2/255
f 6923/2/176 7001/2/251 6995/2/245
f 6923/2/176 6995/2/245 6921/2/174
f 7001/2/251 7002/2/252 6996/2/5013
f 7001/2/251 6996/2/5013 6995/2/245
f 7002/2/252 7003/2/253 6997/2/247
f 7002/2/252 6997/2/247 6996/2/5013
f 6922/2/175 6998/2/254 7004/2/260
f 6922/2/175 7004/2/260 6924/2/177
f 6998/2/254 6999/2/255 7005/2/261
f 6998/2/254 7005/2/261 7004/2/260
f 6999/2/255 7000/2/256 7006/2/262
f 6999/2/255 7006/2/262 7005/2/261
f 6925/2/178 7007/2/257 7001/2/251
f 6925/2/178 7001/2/251 6923/2/176
f 7007/2/257 7008/2/258 7002/2/252
f 7007/2/257 7002/2/252 7001/2/251
f 7008/2/258 7009/2/259 7003/2/253
f 7008/2/258 7003/2/253 7002/2/252
f 6924/2/177 7004/2/260 7010/2/266
f 6924/2/177 7010/2/266 6926/2/179
f 7004/2/260 7005/2/261 7011/2/267
f 7004/2/260 7011/2/267 7010/2/266
f 7005/2/261 7006/2/262 7012/2/268
f 7005/2/261 7012/2/268 7011/2/267
f 6927/2/180 7013/2/263 7007/2/257
f 6927/2/180 7007/2/257 6925/2/178
f 7013/2/263 7014/2/264 7008/2/258
f 7013/2/263 7008/2/258 7007/2/257
f 7014/2/264 7015/2/265 7009/2/259
f 7014/2/264 7009/2/259 7008/2/258
f 6926/2/179 7010/2/266 7016/2/5007
f 6926/2/179 7016/2/5007 6928/2/181
f 7010/2/266 7011/2/267 7017/2/273
f 7010/2/266 7017/2/273 7016/2/5007
f 7011/2/267 7012/2/268 7018/2/274
f 7011/2/267 7018/2/274 7017/2/273
f 6929/2/182 7019/2/269 7013/2/263
f 6929/2/182 7013/2/263 6927/2/180
f 7019/2/269 7020/2/270 7014/2/264
f 7019/2/269 7014/2/264 7013/2/263
f 7020/2/270 7021/2/271 7015/2/265
f 7020/2/270 7015/2/265 7014/2/264
f 6928/2/181 7016/2/5007 7022/2/278
f 6928/2/181 7022/2/278 6930/2/183
f 7016/2/5007 7017/2/273 7023/2/279
f 7016/2/5007 7023/2/279 7022/2/278
f 7017/2/273 7018/2/274 7024/2/280
f 7017/2/273 7024/2/280 7023/2/279
f 6931/2/184 7025/2/275 7019/2/269
f 6931/2/184 7019/2/269 6929/2/182
f 7025/2/275 7026/2/276 7020/2/270
f 7025/2/275 7020/2/270 7019/2/269
f 7026/2/276 7027/2/277 7021/2/271
f 7026/2/276 7021/2/271 7020/2/270
f 6930/2/183 7022/2/278 7028/2/284
f 6930/2/183 7028/2/284 6932/2/185
f 7022/2/278 7023/2/279 7029/2/285
f 7022/2/278 7029/2/285 7028/2/284
f 7023/2/279 7024/2/280 7030/2/286
f 7023/2/279 7030/2/286 7029/2/285
f 6933/2/186 7031/2/281 7025/2/275
f 6933/2/186 7025/2/275 6931/2/184
f 7031/2/281 7032/2/282 7026/2/276
f 7031/2/281 7026/2/276 7025/2/275
f 7032/2/282 7033/2/283 7027/2/277
f 7032/2/282 7027/2/277 7026/2/276
f 6932/2/185 7028/2/284 7034/2/290
f 6932/2/185 7034/2/290 6934/2/187
f 7028/2/284 7029/2/285 7035/2/291
f 7028/2/284 7035/2/291 7034/2/290
f 7029/2/285 7030/2/286 7036/2/292
f 7029/2/285 7036/2/292 7035/2/291
f 6935/2/188 7037/2/287 7031/2/281
f 6935/2/188 7031/2/281 6933/2/186
f 7037/2/287 7038/2/288 7032/2/282
f 7037/2/287 7032/2/282 7031/2/281
f 7038/2/288 7039/2/289 7033/2/283
f 7038/2/288 7033/2/283 7032/2/282
f 6934/2/187 7034/2/290 7040/2/296
f 6934/2/187 7040/2/296 6936/2/189
f 7034/2/290 7035/2/291 7041/2/297
f 7034/2/290 7041/2/297 7040/2/296
f 7035/2/291 7036/2/292 7042/2/298
f 7035/2/291 7042/2/298 7041/2/297
f 6937/2/190 7043/2/293 7037/2/287
f 6937/2/190 7037/2/287 6935/2/188
f 7043/2/293 7044/2/294 7038/2/288
f 7043/2/293 7038/2/288 7037/2/287
f 7044/2/294 7045/2/295 7039/2/289
f 7044/2/294 7039/2/289 7038/2/288
f 6936/2/189 7040/2/296 7046/2/302
f 6936/2/189 7046/2/302 6938/2/191
f 7040/2/296 7041/2/297 7047/2/303
f 7040/2/296 7047/2/303 7046/2/302
f 7041/2/297 7042/2/298 7048/2/304
f 7041/2/297 7048/2/304 7047/2/303
f 6939/2/192 7049/2/299 7043/2/293
f 6939/2/192 7043/2/293 6937/2/190
f 7049/2/299 7050/2/300 7044/2/294
f 7049/2/299 7044/2/294 7043/2/293
f 7050/2/300 7051/2/301 7045/2/295
f 7050/2/300 7045/2/295 7044/2/294
f 6938/2/191 7046/2/302 7052/2/308
f 6938/2/191 7052/2/308 6940/2/193
f 7046/2/302 7047/2/303 7053/2/309
f 7046/2/302 7053/2/309 7052/2/308
f 7047/2/303 7048/2/304 7054/2/310
f 7047/2/303 7054/2/310 7053/2/309
f 6941/2/194 7055/2/305 7049/2/299
f 6941/2/194 7049/2/299 6939/2/192
f 7055/2/305 7056/2/306 7050/2/300
f 7055/2/305 7050/2/300 7049/2/299
f 7056/2/306 7057/2/307 7051/2/301
f 7056/2/306 7051/2/301 7050/2/300
f 6940/2/193 7052/2/308 7058/2/314
f 6940/2/193 7058/2/314 6942/2/195
f 7052/2/308 7053/2/309 7059/2/315
f 7052/2/308 7059/2/315 7058/2/314
f 7053/2/309 7054/2/310 7060/2/316
f 7053/2/309 7060/2/316 7059/2/315
f 6943/2/196 7061/2/311 7055/2/305
f 6943/2/196 7055/2/305 6941/2/194
f 7061/2/311 7062/2/312 7056/2/306
f 7061/2/311 7056/2/306 7055/2/305
f 7062/2/312 7063/2/313 7057/2/307
f 7062/2/312 7057/2/307 7056/2/306
f 6942/2/195 7058/2/314 7064/2/320
f 6942/2/195 7064/2/320 6944/2/197
f 7058/2/314 7059/2/315 7065/2/321
f 7058/2/314 7065/2/321 7064/2/320
f 7059/2/315 7060/2/316 7066/2/322
f 7059/2/315 7066/2/322 7065/2/321
f 6945/2/198 7067/2/317 7061/2/311
f 6945/2/198 7061/2/311 6943/2/196
f 7067/2/317 7068/2/5014 7062/2/312
f 7067/2/317 7062/2/312 7061/2/311
f 7068/2/5014 7069/2/319 7063/2/313
f 7068/2/5014 7063/2/313 7062/2/312
f 6944/2/197 7064/2/320 7070/2/326
f 6944/2/197 7070/2/326 6946/2/199
f 7064/2/320 7065/2/321 7071/2/327
f 7064/2/320 7071/2/327 7070/2/326
f 7065/2/321 7066/2/322 7072/2/328
f 7065/2/321 7072/2/328 7071/2/327
f 6947/2/200 7073/2/323 7067/2/317
f 6947/2/200 7067/2/317 6945/2/198
f 7073/2/323 7074/2/324 7068/2/5014
f 7073/2/323 7068/2/5014 7067/2/317
f 7074/2/324 7075/2/325 7069/2/319
f 7074/2/324 7069/2/319 7068/2/5014
f 6946/2/199 7070/2/326 7076/2/332
f 6946/2/199 7076/2/332 6948/2/201
f 7070/2/326 7071/2/327 7077/2/410
f 7070/2/326 7077/2/410 7076/2/332
f 7071/2/327 7072/2/328 7078/2/334
f 7071/2/327 7078/2/334 7077/2/410
f 6949/2/202 7079/2/329 7073/2/323
f 6949/2/202 7073/2/323 6947/2/200
f 7079/2/329 7080/2/411 7074/2/324
f 7079/2/329 7074/2/324 7073/2/323
f 7080/2/411 7081/2/331 7075/2/325
f 7080/2/411 7075/2/325 7074/2/324
f 6948/2/201 7076/2/332 7082/2/338
f 6948/2/201 7082/2/338 6950/2/203
f 7076/2/332 7077/2/410 7083/2/339
f 7076/2/332 7083/2/339 7082/2/338
f 7077/2/410 7078/2/334 7084/2/340
f 7077/2/410 7084/2/340 7083/2/339
f 6951/2/204 7085/2/335 7079/2/329
f 6951/2/204 7079/2/329 6949/2/202
f 7085/2/335 7086/2/336 7080/2/411
f 7085/2/335 7080/2/411 7079/2/329
f 7086/2/336 7087/2/337 7081/2/331
f 7086/2/336 7081/2/331 7080/2/411
f 6950/2/203 7082/2/338 7088/2/344
f 6950/2/203 7088/2/344 6952/2/205
f 7082/2/338 7083/2/339 7089/2/345
f 7082/2/338 7089/2/345 7088/2/344
f 7083/2/339 7084/2/340 7090/2/346
f 7083/2/339 7090/2/346 7089/2/345
f 6953/2/206 7091/2/341 7085/2/335
f 6953/2/206 7085/2/335 6951/2/204
f 7091/2/341 7092/2/342 7086/2/336
f 7091/2/341 7086/2/336 7085/2/335
f 7092/2/342 7093/2/343 7087/2/337
f 7092/2/342 7087/2/337 7086/2/336
f 6952/2/205 7088/2/344 7094/2/350
f 6952/2/205 7094/2/350 6954/2/207
f 7088/2/344 7089/2/345 7095/2/351
f 7088/2/344 7095/2/351 7094/2/350
f 7089/2/345 7090/2/346 7096/2/352
f 7089/2/345 7096/2/352 7095/2/351
f 6955/2/208 7097/2/347 7091/2/341
f 6955/2/208 7091/2/341 6953/2/206
f 7097/2/347 7098/2/348 7092/2/342
f 7097/2/347 7092/2/342 7091/2/341
f 7098/2/348 7099/2/349 7093/2/343
f 7098/2/348 7093/2/343 7092/2/342
f 6954/2/207 7094/2/350 7100/2/356
f 6954/2/207 7100/2/356 6910/2/164
f 7094/2/350 7095/2/351 7101/2/412
f 7094/2/350 7101/2/412 7100/2/356
f 7095/2/351 7096/2/352 7102/2/358
f 7095/2/351 7102/2/358 7101/2/412
f 6913/2/163 7103/2/353 7097/2/347
f 6913/2/163 7097/2/347 6955/2/208
f 7103/2/353 7104/2/354 7098/2/348
f 7103/2/353 7098/2/348 7097/2/347
f 7104/2/354 7105/2/355 7099/2/349
f 7104/2/354 7099/2/349 7098/2/348
f 6910/2/164 7100/2/356 6962/2/221
f 6910/2/164 6962/2/221 6911/2/165
f 7100/2/356 7101/2/412 6964/2/223
f 7100/2/356 6964/2/223 6962/2/221
f 7101/2/412 7102/2/358 6966/2/225
f 7101/2/412 6966/2/225 6964/2/223
f 6912/2/166 6969/2/216 7103/2/353
f 6912/2/166 7103/2/353 6913/2/163
f 6969/2/216 6971/2/218 7104/2/354
f 6969/2/216 7104/2/354 7103/2/353
f 6971/2/218 6973/2/220 7105/2/355
f 6971/2/218 7105/2/355 7104/2/354
f 7106/2/413 6973/2/220 6972/2/219
f 7106/2/413 6972/2/219 7107/2/414
f 7107/2/414 6972/2/219 6979/2/229
f 7107/2/414 6979/2/229 7108/2/415
f 7108/2/415 6979/2/229 6985/2/235
f 7108/2/415 6985/2/235 7109/2/416
f 7109/2/416 6985/2/235 6991/2/241
f 7109/2/416 6991/2/241 7110/2/417
f 7110/2/417 6991/2/241 6997/2/247
f 7110/2/417 6997/2/247 7111/2/418
f 7111/2/418 6997/2/247 7003/2/253
f 7111/2/418 7003/2/253 7112/2/419
f 7112/2/419 7003/2/253 7009/2/259
f 7112/2/419 7009/2/259 7113/2/420
f 7113/2/420 7009/2/259 7015/2/265
f 7113/2/420 7015/2/265 7114/2/421
f 7114/2/421 7015/2/265 7021/2/271
f 7114/2/421 7021/2/271 7115/2/422
f 7115/2/422 7021/2/271 7027/2/277
f 7115/2/422 7027/2/277 7116/2/423
f 7116/2/423 7027/2/277 7033/2/283
f 7116/2/423 7033/2/283 7117/2/424
f 7117/2/424 7033/2/283 7039/2/289
f 7117/2/424 7039/2/289 7118/2/425
f 7118/2/425 7039/2/289 7045/2/295
f 7118/2/425 7045/2/295 7119/2/426
f 7119/2/426 7045/2/295 7051/2/301
f 7119/2/426 7051/2/301 7120/2/427
f 7120/2/427 7051/2/301 7057/2/307
f 7120/2/427 7057/2/307 7121/2/428
f 7121/2/428 7057/2/307 7063/2/313
f 7121/2/428 7063/2/313 7122/2/429
f 7122/2/429 7063/2/313 7069/2/319
f 7122/2/429 7069/2/319 7123/2/430
f 7123/2/430 7069/2/319 7075/2/325
f 7123/2/430 7075/2/325 7124/2/431
f 7124/2/431 7075/2/325 7081/2/331
f 7124/2/431 7081/2/331 6961/2/406
f 6961/2/406 7081/2/331 7087/2/337
f 6961/2/406 7087/2/337 6958/2/403
f 6958/2/403 7087/2/337 7093/2/343
f 6958/2/403 7093/2/343 7125/2/432
f 7125/2/432 7093/2/343 7099/2/349
f 7125/2/432 7099/2/349 7126/2/433
f 7126/2/433 7099/2/349 7105/2/355
f 7126/2/433 7105/2/355 7127/2/434
f 7127/2/434 7105/2/355 6973/2/220
f 7127/2/434 6973/2/220 7106/2/413
f 7119/2/426 7128/2/435 7129/2/436
f 7119/2/426 7129/2/436 7118/2/425
f 7112/2/419 7130/2/437 7131/2/438
f 7112/2/419 7131/2/438 7111/2/418
f 7125/2/432 7132/2/439 6959/2/5011
f 7125/2/432 6959/2/5011 6958/2/403
f 7120/2/427 7133/2/440 7128/2/435
f 7120/2/427 7128/2/435 7119/2/426
f 7113/2/420 7134/2/441 7130/2/437
f 7113/2/420 7130/2/437 7112/2/419
f 7126/2/433 7135/2/442 7132/2/439
f 7126/2/433 7132/2/439 7125/2/432
f 7121/2/428 7136/2/443 7133/2/440
f 7121/2/428 7133/2/440 7120/2/427
f 7114/2/421 7137/2/444 7134/2/441
f 7114/2/421 7134/2/441 7113/2/420
f 7127/2/434 7138/2/445 7135/2/442
f 7127/2/434 7135/2/442 7126/2/433
f 7107/2/414 7139/2/446 7140/2/447
f 7107/2/414 7140/2/447 7106/2/413
f 7122/2/429 7141/2/448 7136/2/443
f 7122/2/429 7136/2/443 7121/2/428
f 7115/2/422 7142/2/449 7137/2/444
f 7115/2/422 7137/2/444 7114/2/421
f 7106/2/413 7140/2/447 7138/2/445
f 7106/2/413 7138/2/445 7127/2/434
f 7108/2/415 7143/2/5015 7139/2/446
f 7108/2/415 7139/2/446 7107/2/414
f 7123/2/430 7144/2/451 7141/2/448
f 7123/2/430 7141/2/448 7122/2/429
f 7116/2/423 7145/2/5016 7142/2/449
f 7116/2/423 7142/2/449 7115/2/422
f 7109/2/416 7146/2/5017 7143/2/5015
f 7109/2/416 7143/2/5015 7108/2/415
f 7124/2/431 7147/2/454 7144/2/451
f 7124/2/431 7144/2/451 7123/2/430
f 7117/2/424 7148/2/455 7145/2/5016
f 7117/2/424 7145/2/5016 7116/2/423
f 7110/2/417 7149/2/456 7146/2/5017
f 7110/2/417 7146/2/5017 7109/2/416
f 6961/2/406 6960/2/405 7147/2/454
f 6961/2/406 7147/2/454 7124/2/431
f 7118/2/425 7129/2/436 7148/2/455
f 7118/2/425 7148/2/455 7117/2/424
f 7111/2/418 7131/2/438 7149/2/456
f 7111/2/418 7149/2/456 7110/2/417
f 7150/1/457 7151/1/458 7152/1/459
f 7150/1/457 7152/1/459 7153/1/460
f 7153/1/460 7152/1/459 7154/1/461
f 7153/1/460 7154/1/461 7155/1/462
f 7155/1/462 7154/1/461 7156/1/463
f 7155/1/462 7156/1/463 7157/1/464
f 7157/1/464 7156/1/463 7158/1/465
f 7157/1/464 7158/1/465 7159/1/466
f 7159/1/466 7158/1/465 7160/1/467
f 7159/1/466 7160/1/467 7161/1/468
f 7161/1/468 7160/1/467 7162/1/469
f 7161/1/468 7162/1/469 7163/1/470
f 7163/1/470 7162/1/469 7164/1/471
f 7163/1/470 7164/1/471 7165/1/472
f 7165/1/472 7164/1/471 7166/1/473
f 7165/1/472 7166/1/473 7167/1/474
f 7167/1/474 7166/1/473 7168/1/475
f 7167/1/474 7168/1/475 7169/1/476
f 7169/1/476 7168/1/475 7170/1/477
f 7169/1/476 7170/1/477 7171/1/478
f 7171/1/478 7170/1/477 7172/1/479
f 7171/1/478 7172/1/479 7173/1/480
f 7173/1/480 7172/1/479 7174/1/5018
f 7173/1/480 7174/1/5018 7175/1/482
f 7175/1/482 7174/1/5018 7176/1/483
f 7175/1/482 7176/1/483 7177/1/484
f 7177/1/484 7176/1/483 7178/1/485
f 7177/1/484 7178/1/485 7179/1/486
f 7179/1/486 7178/1/485 7180/1/487
f 7179/1/486 7180/1/487 7181/1/488
f 7181/1/488 7180/1/487 7182/1/489
f 7181/1/488 7182/1/489 7183/1/490
f 7183/1/490 7182/1/489 7184/1/491
f 7183/1/490 7184/1/491 7185/1/492
f 7185/1/492 7184/1/491 7186/1/493
f 7185/1/492 7186/1/493 7187/1/494
f 7187/1/494 7186/1/493 7188/1/495
f 7187/1/494 7188/1/495 7189/1/496
f 7189/1/496 7188/1/495 7190/1/497
f 7189/1/496 7190/1/497 7191/1/498
f 7191/1/498 7190/1/497 7192/1/499
f 7191/1/498 7192/1/499 7193/1/500
f 7193/1/500 7192/1/499 7194/1/501
f 7193/1/500 7194/1/501 7195/1/502
f 7195/1/502 7194/1/501 7196/1/503
f 7195/1/502 7196/1/503 7197/1/504
f 7197/1/504 7196/1/503 7151/1/458
f 7197/1/504 7151/1/458 7150/1/457
f 7198/1/505 7199/1/506 7200/1/507
f 7198/1/505 7200/1/507 7201/1/508
f 7201/1/508 7200/1/507 7202/1/509
f 7201/1/508 7202/1/509 7203/1/510
f 7203/1/510 7202/1/509 7204/1/511
f 7203/1/510 7204/1/511 7205/1/512
f 7205/1/512 7204/1/511 7206/1/513
f 7205/1/512 7206/1/513 7207/1/514
f 7207/1/514 7206/1/513 7208/1/515
f 7207/1/514 7208/1/515 7209/1/516
f 7209/1/516 7208/1/515 7210/1/517
f 7209/1/516 7210/1/517 7211/1/129
f 7211/1/129 7210/1/517 7212/1/518
f 7211/1/129 7212/1/518 7213/1/519
f 7213/1/519 7212/1/518 7214/1/520
f 7213/1/519 7214/1/520 7215/1/521
f 7215/1/521 7214/1/520 7216/1/522
f 7215/1/521 7216/1/522 7217/1/523
f 7217/1/523 7216/1/522 7218/1/524
f 7217/1/523 7218/1/524 7219/1/525
f 7219/1/525 7218/1/524 7220/1/526
f 7219/1/525 7220/1/526 7221/1/527
f 7221/1/527 7220/1/526 7222/1/528
f 7221/1/527 7222/1/528 7223/1/529
f 7223/1/529 7222/1/528 7224/1/530
f 7223/1/529 7224/1/530 7225/1/531
f 7225/1/531 7224/1/530 7226/1/532
f 7225/1/531 7226/1/532 7227/1/533
f 7227/1/533 7226/1/532 7228/1/534
f 7227/1/533 7228/1/534 7229/1/535
f 7229/1/535 7228/1/534 7230/1/536
f 7229/1/535 7230/1/536 7231/1/537
f 7231/1/537 7230/1/536 7232/1/538
f 7231/1/537 7232/1/538 7233/1/539
f 7233/1/539 7232/1/538 7234/1/540
f 7233/1/539 7234/1/540 7235/1/96
f 7235/1/96 7234/1/540 7236/1/541
f 7235/1/96 7236/1/541 7237/1/542
f 7237/1/542 7236/1/541 7238/1/543
f 7237/1/542 7238/1/543 7239/1/544
f 7239/1/544 7238/1/543 7240/1/545
f 7239/1/544 7240/1/545 7241/1/546
f 7241/1/546 7240/1/545 7242/1/547
f 7241/1/546 7242/1/547 7243/1/548
f 7243/1/548 7242/1/547 7244/1/549
f 7243/1/548 7244/1/549 7245/1/550
f 7245/1/550 7244/1/549 7199/1/506
f 7245/1/550 7199/1/506 7198/1/505
f 7246/1/129 7247/1/5019 7248/1/5020
f 7246/1/129 7248/1/5020 7249/1/5021
f 7249/1/5021 7248/1/5020 7250/1/5022
f 7249/1/5021 7250/1/5022 7251/1/5023
f 7251/1/5023 7250/1/5022 7252/1/5024
f 7251/1/5023 7252/1/5024 7253/1/5025
f 7253/1/5025 7252/1/5024 7254/1/5026
f 7253/1/5025 7254/1/5026 7255/1/5027
f 7255/1/5027 7254/1/5026 7256/1/5028
f 7255/1/5027 7256/1/5028 7257/1/5029
f 7257/1/5029 7256/1/5028 7258/1/5030
f 7257/1/5029 7258/1/5030 7259/1/5031
f 7259/1/5031 7258/1/5030 7260/1/5032
f 7259/1/5031 7260/1/5032 7261/1/5033
f 7261/1/5033 7260/1/5032 7262/1/5034
f 7261/1/5033 7262/1/5034 7263/1/5035
f 7263/1/5035 7262/1/5034 7264/1/5036
f 7263/1/5035 7264/1/5036 7265/1/5037
f 7265/1/5037 7264/1/5036 7266/1/5038
f 7265/1/5037 7266/1/5038 7267/1/5039
f 7267/1/5039 7266/1/5038 7268/1/5040
f 7267/1/5039 7268/1/5040 7269/1/5041
f 7269/1/5041 7268/1/5040 7270/1/5042
f 7269/1/5041 7270/1/5042 7271/1/96
f 7271/1/96 7270/1/5042 7272/1/5043
f 7271/1/96 7272/1/5043 7273/1/5044
f 7273/1/5044 7272/1/5043 7274/1/5045
f 7273/1/5044 7274/1/5045 7275/1/5046
f 7275/1/5046 7274/1/5045 7276/1/5047
f 7275/1/5046 7276/1/5047 7277/1/5048
f 7277/1/5048 7276/1/5047 7278/1/5049
f 7277/1/5048 7278/1/5049 7279/1/5050
f 7279/1/5050 7278/1/5049 7280/1/5051
f 7279/1/5050 7280/1/5051 7281/1/5052
f 7281/1/5052 7280/1/5051 7282/1/5053
f 7281/1/5052 7282/1/5053 7283/1/5054
f 7283/1/5054 7282/1/5053 7284/1/5055
f 7283/1/5054 7284/1/5055 7285/1/5056
f 7285/1/5056 7284/1/5055 7286/1/5057
f 7285/1/5056 7286/1/5057 7287/1/5058
f 7287/1/5058 7286/1/5057 7288/1/5059
f 7287/1/5058 7288/1/5059 7289/1/5060
f 7289/1/5060 7288/1/5059 7290/1/5061
f 7289/1/5060 7290/1/5061 7291/1/5062
f 7291/1/5062 7290/1/5061 7292/1/5063
f 7291/1/5062 7292/1/5063 7293/1/5064
f 7293/1/5064 7292/1/5063 7247/1/5019
f 7293/1/5064 7247/1/5019 7246/1/129
f 7294/2/5064 7295/2/129 7296/2/5065
f 7294/2/5064 7296/2/5065 7297/2/5066
f 7298/2/5021 7299/2/5023 7300/2/5067
f 7298/2/5021 7300/2/5067 7301/2/5068
f 7302/2/5031 7303/2/5033 7304/2/5069
f 7302/2/5031 7304/2/5069 7305/2/5070
f 7306/2/5041 7307/2/96 7308/2/5071
f 7306/2/5041 7308/2/5071 7309/2/5072
f 7310/2/5050 7311/2/5052 7312/2/5073
f 7310/2/5050 7312/2/5073 7313/2/5074
f 7314/2/5060 7315/2/5062 7316/2/5075
f 7314/2/5060 7316/2/5075 7317/2/5076
f 7318/2/5027 7319/2/5029 7320/2/5077
f 7318/2/5027 7320/2/5077 7321/2/5078
f 7322/2/5037 7323/2/5039 7324/2/5079
f 7322/2/5037 7324/2/5079 7325/2/5080
f 7326/2/5081 7327/2/5048 7328/2/5082
f 7326/2/5081 7328/2/5082 7329/2/5083
f 7330/2/5056 7331/2/5058 7332/2/5084
f 7330/2/5056 7332/2/5084 7333/2/5085
f 7299/2/5023 7334/2/5025 7335/2/5086
f 7299/2/5023 7335/2/5086 7300/2/5067
f 7303/2/5033 7336/2/5035 7337/2/5087
f 7303/2/5033 7337/2/5087 7304/2/5069
f 7295/2/129 7298/2/5021 7301/2/5068
f 7295/2/129 7301/2/5068 7296/2/5065
f 7307/2/96 7338/2/5044 7339/2/5088
f 7307/2/96 7339/2/5088 7308/2/5071
f 7311/2/5052 7340/2/5054 7341/2/5089
f 7311/2/5052 7341/2/5089 7312/2/5073
f 7315/2/5062 7294/2/5064 7297/2/5066
f 7315/2/5062 7297/2/5066 7316/2/5075
f 7319/2/5029 7302/2/5031 7305/2/5070
f 7319/2/5029 7305/2/5070 7320/2/5077
f 7323/2/5039 7306/2/5041 7309/2/5072
f 7323/2/5039 7309/2/5072 7324/2/5079
f 7327/2/5048 7310/2/5050 7313/2/5074
f 7327/2/5048 7313/2/5074 7328/2/5082
f 7331/2/5058 7314/2/5060 7317/2/5076
f 7331/2/5058 7317/2/5076 7332/2/5084
f 7334/2/5025 7318/2/5027 7321/2/5078
f 7334/2/5025 7321/2/5078 7335/2/5086
f 7336/2/5035 7322/2/5037 7325/2/5080
f 7336/2/5035 7325/2/5080 7337/2/5087
f 7338/2/5044 7326/2/5081 7329/2/5083
f 7338/2/5044 7329/2/5083 7339/2/5088
f 7340/2/5054 7330/2/5056 7333/2/5085
f 7340/2/5054 7333/2/5085 7341/2/5089
f 7342/2/5090 7343/2/550 7344/2/505
f 7342/2/5090 7344/2/505 7345/2/598
f 7346/2/5091 7347/2/548 7343/2/550
f 7346/2/5091 7343/2/550 7342/2/5090
f 7348/2/600 7349/2/546 7347/2/548
f 7348/2/600 7347/2/548 7346/2/5091
f 7350/2/601 7351/2/544 7349/2/546
f 7350/2/601 7349/2/546 7348/2/600
f 7352/2/5092 7353/2/542 7351/2/544
f 7352/2/5092 7351/2/544 7350/2/601
f 7354/2/603 7355/2/96 7353/2/542
f 7354/2/603 7353/2/542 7352/2/5092
f 7356/2/5093 7357/2/539 7355/2/96
f 7356/2/5093 7355/2/96 7354/2/603
f 7358/2/5094 7359/2/537 7357/2/539
f 7358/2/5094 7357/2/539 7356/2/5093
f 7360/2/606 7361/2/535 7359/2/537
f 7360/2/606 7359/2/537 7358/2/5094
f 7362/2/5095 7363/2/533 7361/2/535
f 7362/2/5095 7361/2/535 7360/2/606
f 7364/2/5096 7365/2/531 7363/2/533
f 7364/2/5096 7363/2/533 7362/2/5095
f 7366/2/609 7367/2/529 7365/2/531
f 7366/2/609 7365/2/531 7364/2/5096
f 7368/2/5097 7369/2/527 7367/2/529
f 7368/2/5097 7367/2/529 7366/2/609
f 7370/2/611 7371/2/525 7369/2/527
f 7370/2/611 7369/2/527 7368/2/5097
f 7372/2/612 7373/2/523 7371/2/525
f 7372/2/612 7371/2/525 7370/2/611
f 7374/2/613 7375/2/521 7373/2/523
f 7374/2/613 7373/2/523 7372/2/612
f 7376/2/614 7377/2/519 7375/2/521
f 7376/2/614 7375/2/521 7374/2/613
f 7378/2/615 7379/2/129 7377/2/519
f 7378/2/615 7377/2/519 7376/2/614
f 7380/2/5098 7381/2/516 7379/2/129
f 7380/2/5098 7379/2/129 7378/2/615
f 7382/2/617 7383/2/514 7381/2/516
f 7382/2/617 7381/2/516 7380/2/5098
f 7384/2/618 7385/2/512 7383/2/514
f 7384/2/618 7383/2/514 7382/2/617
f 7386/2/5099 7387/2/510 7385/2/512
f 7386/2/5099 7385/2/512 7384/2/618
f 7388/2/5100 7389/2/508 7387/2/510
f 7388/2/5100 7387/2/510 7386/2/5099
f 7345/2/598 7344/2/505 7389/2/508
f 7345/2/598 7389/2/508 7388/2/5100
f 7390/2/164 7391/2/165 7392/2/166
f 7390/2/164 7392/2/166 7393/2/163
f 7394/2/168 7395/2/169 7396/2/170
f 7394/2/168 7396/2/170 7397/2/167
f 7395/2/169 7398/2/171 7399/2/172
f 7395/2/169 7399/2/172 7396/2/170
f 7398/2/171 7400/2/173 7401/2/174
f 7398/2/171 7401/2/174 7399/2/172
f 7400/2/173 7402/2/175 7403/2/176
f 7400/2/173 7403/2/176 7401/2/174
f 7402/2/175 7404/2/177 7405/2/178
f 7402/2/175 7405/2/178 7403/2/176
f 7404/2/177 7406/2/179 7407/2/180
f 7404/2/177 7407/2/180 7405/2/178
f 7406/2/179 7408/2/181 7409/2/182
f 7406/2/179 7409/2/182 7407/2/180
f 7408/2/181 7410/2/183 7411/2/184
f 7408/2/181 7411/2/184 7409/2/182
f 7410/2/183 7412/2/185 7413/2/186
f 7410/2/183 7413/2/186 7411/2/184
f 7412/2/185 7414/2/187 7415/2/188
f 7412/2/185 7415/2/188 7413/2/186
f 7414/2/187 7416/2/189 7417/2/190
f 7414/2/187 7417/2/190 7415/2/188
f 7416/2/189 7418/2/191 7419/2/192
f 7416/2/189 7419/2/192 7417/2/190
f 7418/2/191 7420/2/193 7421/2/194
f 7418/2/191 7421/2/194 7419/2/192
f 7420/2/193 7422/2/195 7423/2/196
f 7420/2/193 7423/2/196 7421/2/194
f 7422/2/195 7424/2/197 7425/2/198
f 7422/2/195 7425/2/198 7423/2/196
f 7424/2/197 7426/2/199 7427/2/200
f 7424/2/197 7427/2/200 7425/2/198
f 7426/2/199 7428/2/201 7429/2/202
f 7426/2/199 7429/2/202 7427/2/200
f 7428/2/201 7430/2/203 7431/2/204
f 7428/2/201 7431/2/204 7429/2/202
f 7430/2/203 7432/2/205 7433/2/206
f 7430/2/203 7433/2/206 7431/2/204
f 7432/2/205 7434/2/207 7435/2/208
f 7432/2/205 7435/2/208 7433/2/206
f 7434/2/207 7390/2/164 7393/2/163
f 7434/2/207 7393/2/163 7435/2/208
f 7436/2/210 7394/2/168 7397/2/167
f 7436/2/210 7397/2/167 7437/2/209
f 7438/2/403 7439/2/404 7440/2/405
f 7438/2/403 7440/2/405 7441/2/406
f 7391/2/165 7436/2/210 7437/2/209
f 7391/2/165 7437/2/209 7392/2/166
f 7391/2/165 7442/2/221 7443/2/222
f 7391/2/165 7443/2/222 7436/2/210
f 7442/2/221 7444/2/223 7445/2/407
f 7442/2/221 7445/2/407 7443/2/222
f 7444/2/223 7446/2/225 7447/2/226
f 7444/2/223 7447/2/226 7445/2/407
f 7437/2/209 7448/2/215 7449/2/216
f 7437/2/209 7449/2/216 7392/2/166
f 7448/2/215 7450/2/408 7451/2/218
f 7448/2/215 7451/2/218 7449/2/216
f 7450/2/408 7452/2/219 7453/2/220
f 7450/2/408 7453/2/220 7451/2/218
f 7436/2/210 7443/2/222 7454/2/230
f 7436/2/210 7454/2/230 7394/2/168
f 7443/2/222 7445/2/407 7455/2/231
f 7443/2/222 7455/2/231 7454/2/230
f 7445/2/407 7447/2/226 7456/2/232
f 7445/2/407 7456/2/232 7455/2/231
f 7397/2/167 7457/2/227 7448/2/215
f 7397/2/167 7448/2/215 7437/2/209
f 7457/2/227 7458/2/228 7450/2/408
f 7457/2/227 7450/2/408 7448/2/215
f 7458/2/228 7459/2/229 7452/2/219
f 7458/2/228 7452/2/219 7450/2/408
f 7394/2/168 7454/2/230 7460/2/236
f 7394/2/168 7460/2/236 7395/2/169
f 7454/2/230 7455/2/231 7461/2/237
f 7454/2/230 7461/2/237 7460/2/236
f 7455/2/231 7456/2/232 7462/2/238
f 7455/2/231 7462/2/238 7461/2/237
f 7396/2/170 7463/2/233 7457/2/227
f 7396/2/170 7457/2/227 7397/2/167
f 7463/2/233 7464/2/234 7458/2/228
f 7463/2/233 7458/2/228 7457/2/227
f 7464/2/234 7465/2/235 7459/2/229
f 7464/2/234 7459/2/229 7458/2/228
f 7395/2/169 7460/2/236 7466/2/242
f 7395/2/169 7466/2/242 7398/2/171
f 7460/2/236 7461/2/237 7467/2/243
f 7460/2/236 7467/2/243 7466/2/242
f 7461/2/237 7462/2/238 7468/2/244
f 7461/2/237 7468/2/244 7467/2/243
f 7399/2/172 7469/2/239 7463/2/233
f 7399/2/172 7463/2/233 7396/2/170
f 7469/2/239 7470/2/240 7464/2/234
f 7469/2/239 7464/2/234 7463/2/233
f 7470/2/240 7471/2/241 7465/2/235
f 7470/2/240 7465/2/235 7464/2/234
f 7398/2/171 7466/2/242 7472/2/248
f 7398/2/171 7472/2/248 7400/2/173
f 7466/2/242 7467/2/243 7473/2/409
f 7466/2/242 7473/2/409 7472/2/248
f 7467/2/243 7468/2/244 7474/2/250
f 7467/2/243 7474/2/250 7473/2/409
f 7401/2/174 7475/2/245 7469/2/239
f 7401/2/174 7469/2/239 7399/2/172
f 7475/2/245 7476/2/5013 7470/2/240
f 7475/2/245 7470/2/240 7469/2/239
f 7476/2/5013 7477/2/247 7471/2/241
f 7476/2/5013 7471/2/241 7470/2/240
f 7400/2/173 7472/2/248 7478/2/254
f 7400/2/173 7478/2/254 7402/2/175
f 7472/2/248 7473/2/409 7479/2/255
f 7472/2/248 7479/2/255 7478/2/254
f 7473/2/409 7474/2/250 7480/2/256
f 7473/2/409 7480/2/256 7479/2/255
f 7403/2/176 7481/2/251 7475/2/245
f 7403/2/176 7475/2/245 7401/2/174
f 7481/2/251 7482/2/252 7476/2/5013
f 7481/2/251 7476/2/5013 7475/2/245
f 7482/2/252 7483/2/253 7477/2/247
f 7482/2/252 7477/2/247 7476/2/5013
f 7402/2/175 7478/2/254 7484/2/260
f 7402/2/175 7484/2/260 7404/2/177
f 7478/2/254 7479/2/255 7485/2/5101
f 7478/2/254 7485/2/5101 7484/2/260
f 7479/2/255 7480/2/256 7486/2/262
f 7479/2/255 7486/2/262 7485/2/5101
f 7405/2/178 7487/2/257 7481/2/251
f 7405/2/178 7481/2/251 7403/2/176
f 7487/2/257 7488/2/258 7482/2/252
f 7487/2/257 7482/2/252 7481/2/251
f 7488/2/258 7489/2/259 7483/2/253
f 7488/2/258 7483/2/253 7482/2/252
f 7404/2/177 7484/2/260 7490/2/266
f 7404/2/177 7490/2/266 7406/2/179
f 7484/2/260 7485/2/5101 7491/2/267
f 7484/2/260 7491/2/267 7490/2/266
f 7485/2/5101 7486/2/262 7492/2/268
f 7485/2/5101 7492/2/268 7491/2/267
f 7407/2/180 7493/2/263 7487/2/257
f 7407/2/180 7487/2/257 7405/2/178
f 7493/2/263 7494/2/264 7488/2/258
f 7493/2/263 7488/2/258 7487/2/257
f 7494/2/264 7495/2/265 7489/2/259
f 7494/2/264 7489/2/259 7488/2/258
f 7406/2/179 7490/2/266 7496/2/5102
f 7406/2/179 7496/2/5102 7408/2/181
f 7490/2/266 7491/2/267 7497/2/273
f 7490/2/266 7497/2/273 7496/2/5102
f 7491/2/267 7492/2/268 7498/2/274
f 7491/2/267 7498/2/274 7497/2/273
f 7409/2/182 7499/2/269 7493/2/263
f 7409/2/182 7493/2/263 7407/2/180
f 7499/2/269 7500/2/270 7494/2/264
f 7499/2/269 7494/2/264 7493/2/263
f 7500/2/270 7501/2/271 7495/2/265
f 7500/2/270 7495/2/265 7494/2/264
f 7408/2/181 7496/2/5102 7502/2/278
f 7408/2/181 7502/2/278 7410/2/183
f 7496/2/5102 7497/2/273 7503/2/279
f 7496/2/5102 7503/2/279 7502/2/278
f 7497/2/273 7498/2/274 7504/2/280
f 7497/2/273 7504/2/280 7503/2/279
f 7411/2/184 7505/2/275 7499/2/269
f 7411/2/184 7499/2/269 7409/2/182
f 7505/2/275 7506/2/276 7500/2/270
f 7505/2/275 7500/2/270 7499/2/269
f 7506/2/276 7507/2/277 7501/2/271
f 7506/2/276 7501/2/271 7500/2/270
f 7410/2/183 7502/2/278 7508/2/284
f 7410/2/183 7508/2/284 7412/2/185
f 7502/2/278 7503/2/279 7509/2/285
f 7502/2/278 7509/2/285 7508/2/284
f 7503/2/279 7504/2/280 7510/2/286
f 7503/2/279 7510/2/286 7509/2/285
f 7413/2/186 7511/2/281 7505/2/275
f 7413/2/186 7505/2/275 7411/2/184
f 7511/2/281 7512/2/282 7506/2/276
f 7511/2/281 7506/2/276 7505/2/275
f 7512/2/282 7513/2/283 7507/2/277
f 7512/2/282 7507/2/277 7506/2/276
f 7412/2/185 7508/2/284 7514/2/290
f 7412/2/185 7514/2/290 7414/2/187
f 7508/2/284 7509/2/285 7515/2/291
f 7508/2/284 7515/2/291 7514/2/290
f 7509/2/285 7510/2/286 7516/2/292
f 7509/2/285 7516/2/292 7515/2/291
f 7415/2/188 7517/2/287 7511/2/281
f 7415/2/188 7511/2/281 7413/2/186
f 7517/2/287 7518/2/288 7512/2/282
f 7517/2/287 7512/2/282 7511/2/281
f 7518/2/288 7519/2/289 7513/2/283
f 7518/2/288 7513/2/283 7512/2/282
f 7414/2/187 7514/2/290 7520/2/296
f 7414/2/187 7520/2/296 7416/2/189
f 7514/2/290 7515/2/291 7521/2/297
f 7514/2/290 7521/2/297 7520/2/296
f 7515/2/291 7516/2/292 7522/2/298
f 7515/2/291 7522/2/298 7521/2/297
f 7417/2/190 7523/2/293 7517/2/287
f 7417/2/190 7517/2/287 7415/2/188
f 7523/2/293 7524/2/294 7518/2/288
f 7523/2/293 7518/2/288 7517/2/287
f 7524/2/294 7525/2/295 7519/2/289
f 7524/2/294 7519/2/289 7518/2/288
f 7416/2/189 7520/2/296 7526/2/302
f 7416/2/189 7526/2/302 7418/2/191
f 7520/2/296 7521/2/297 7527/2/303
f 7520/2/296 7527/2/303 7526/2/302
f 7521/2/297 7522/2/298 7528/2/304
f 7521/2/297 7528/2/304 7527/2/303
f 7419/2/192 7529/2/299 7523/2/293
f 7419/2/192 7523/2/293 7417/2/190
f 7529/2/299 7530/2/300 7524/2/294
f 7529/2/299 7524/2/294 7523/2/293
f 7530/2/300 7531/2/301 7525/2/295
f 7530/2/300 7525/2/295 7524/2/294
f 7418/2/191 7526/2/302 7532/2/308
f 7418/2/191 7532/2/308 7420/2/193
f 7526/2/302 7527/2/303 7533/2/309
f 7526/2/302 7533/2/309 7532/2/308
f 7527/2/303 7528/2/304 7534/2/310
f 7527/2/303 7534/2/310 7533/2/309
f 7421/2/194 7535/2/5103 7529/2/299
f 7421/2/194 7529/2/299 7419/2/192
f 7535/2/5103 7536/2/306 7530/2/300
f 7535/2/5103 7530/2/300 7529/2/299
f 7536/2/306 7537/2/307 7531/2/301
f 7536/2/306 7531/2/301 7530/2/300
f 7420/2/193 7532/2/308 7538/2/314
f 7420/2/193 7538/2/314 7422/2/195
f 7532/2/308 7533/2/309 7539/2/315
f 7532/2/308 7539/2/315 7538/2/314
f 7533/2/309 7534/2/310 7540/2/316
f 7533/2/309 7540/2/316 7539/2/315
f 7423/2/196 7541/2/311 7535/2/5103
f 7423/2/196 7535/2/5103 7421/2/194
f 7541/2/311 7542/2/312 7536/2/306
f 7541/2/311 7536/2/306 7535/2/5103
f 7542/2/312 7543/2/313 7537/2/307
f 7542/2/312 7537/2/307 7536/2/306
f 7422/2/195 7538/2/314 7544/2/320
f 7422/2/195 7544/2/320 7424/2/197
f 7538/2/314 7539/2/315 7545/2/321
f 7538/2/314 7545/2/321 7544/2/320
f 7539/2/315 7540/2/316 7546/2/322
f 7539/2/315 7546/2/322 7545/2/321
f 7425/2/198 7547/2/317 7541/2/311
f 7425/2/198 7541/2/311 7423/2/196
f 7547/2/317 7548/2/5014 7542/2/312
f 7547/2/317 7542/2/312 7541/2/311
f 7548/2/5014 7549/2/319 7543/2/313
f 7548/2/5014 7543/2/313 7542/2/312
f 7424/2/197 7544/2/320 7550/2/326
f 7424/2/197 7550/2/326 7426/2/199
f 7544/2/320 7545/2/321 7551/2/327
f 7544/2/320 7551/2/327 7550/2/326
f 7545/2/321 7546/2/322 7552/2/328
f 7545/2/321 7552/2/328 7551/2/327
f 7427/2/200 7553/2/323 7547/2/317
f 7427/2/200 7547/2/317 7425/2/198
f 7553/2/323 7554/2/324 7548/2/5014
f 7553/2/323 7548/2/5014 7547/2/317
f 7554/2/324 7555/2/325 7549/2/319
f 7554/2/324 7549/2/319 7548/2/5014
f 7426/2/199 7550/2/326 7556/2/332
f 7426/2/199 7556/2/332 7428/2/201
f 7550/2/326 7551/2/327 7557/2/410
f 7550/2/326 7557/2/410 7556/2/332
f 7551/2/327 7552/2/328 7558/2/334
f 7551/2/327 7558/2/334 7557/2/410
f 7429/2/202 7559/2/329 7553/2/323
f 7429/2/202 7553/2/323 7427/2/200
f 7559/2/329 7560/2/411 7554/2/324
f 7559/2/329 7554/2/324 7553/2/323
f 7560/2/411 7561/2/331 7555/2/325
f 7560/2/411 7555/2/325 7554/2/324
f 7428/2/201 7556/2/332 7562/2/338
f 7428/2/201 7562/2/338 7430/2/203
f 7556/2/332 7557/2/410 7563/2/339
f 7556/2/332 7563/2/339 7562/2/338
f 7557/2/410 7558/2/334 7564/2/340
f 7557/2/410 7564/2/340 7563/2/339
f 7431/2/204 7565/2/335 7559/2/329
f 7431/2/204 7559/2/329 7429/2/202
f 7565/2/335 7566/2/336 7560/2/411
f 7565/2/335 7560/2/411 7559/2/329
f 7566/2/336 7567/2/337 7561/2/331
f 7566/2/336 7561/2/331 7560/2/411
f 7430/2/203 7562/2/338 7568/2/5104
f 7430/2/203 7568/2/5104 7432/2/205
f 7562/2/338 7563/2/339 7569/2/345
f 7562/2/338 7569/2/345 7568/2/5104
f 7563/2/339 7564/2/340 7570/2/346
f 7563/2/339 7570/2/346 7569/2/345
f 7433/2/206 7571/2/341 7565/2/335
f 7433/2/206 7565/2/335 7431/2/204
f 7571/2/341 7572/2/342 7566/2/336
f 7571/2/341 7566/2/336 7565/2/335
f 7572/2/342 7573/2/343 7567/2/337
f 7572/2/342 7567/2/337 7566/2/336
f 7432/2/205 7568/2/5104 7574/2/350
f 7432/2/205 7574/2/350 7434/2/207
f 7568/2/5104 7569/2/345 7575/2/351
f 7568/2/5104 7575/2/351 7574/2/350
f 7569/2/345 7570/2/346 7576/2/352
f 7569/2/345 7576/2/352 7575/2/351
f 7435/2/208 7577/2/347 7571/2/341
f 7435/2/208 7571/2/341 7433/2/206
f 7577/2/347 7578/2/348 7572/2/342
f 7577/2/347 7572/2/342 7571/2/341
f 7578/2/348 7579/2/349 7573/2/343
f 7578/2/348 7573/2/343 7572/2/342
f 7434/2/207 7574/2/350 7580/2/356
f 7434/2/207 7580/2/356 7390/2/164
f 7574/2/350 7575/2/351 7581/2/357
f 7574/2/350 7581/2/357 7580/2/356
f 7575/2/351 7576/2/352 7582/2/358
f 7575/2/351 7582/2/358 7581/2/357
f 7393/2/163 7583/2/353 7577/2/347
f 7393/2/163 7577/2/347 7435/2/208
f 7583/2/353 7584/2/5105 7578/2/348
f 7583/2/353 7578/2/348 7577/2/347
f 7584/2/5105 7585/2/355 7579/2/349
f 7584/2/5105 7579/2/349 7578/2/348
f 7390/2/164 7580/2/356 7442/2/221
f 7390/2/164 7442/2/221 7391/2/165
f 7580/2/356 7581/2/357 7444/2/223
f 7580/2/356 7444/2/223 7442/2/221
f 7581/2/357 7582/2/358 7446/2/225
f 7581/2/357 7446/2/225 7444/2/223
f 7392/2/166 7449/2/216 7583/2/353
f 7392/2/166 7583/2/353 7393/2/163
f 7449/2/216 7451/2/218 7584/2/5105
f 7449/2/216 7584/2/5105 7583/2/353
f 7451/2/218 7453/2/220 7585/2/355
f 7451/2/218 7585/2/355 7584/2/5105
f 7586/2/413 7453/2/220 7452/2/219
f 7586/2/413 7452/2/219 7587/2/414
f 7587/2/414 7452/2/219 7459/2/229
f 7587/2/414 7459/2/229 7588/2/415
f 7588/2/415 7459/2/229 7465/2/235
f 7588/2/415 7465/2/235 7589/2/416
f 7589/2/416 7465/2/235 7471/2/241
f 7589/2/416 7471/2/241 7590/2/417
f 7590/2/417 7471/2/241 7477/2/247
f 7590/2/417 7477/2/247 7591/2/418
f 7591/2/418 7477/2/247 7483/2/253
f 7591/2/418 7483/2/253 7592/2/419
f 7592/2/419 7483/2/253 7489/2/259
f 7592/2/419 7489/2/259 7593/2/420
f 7593/2/420 7489/2/259 7495/2/265
f 7593/2/420 7495/2/265 7594/2/421
f 7594/2/421 7495/2/265 7501/2/271
f 7594/2/421 7501/2/271 7595/2/422
f 7595/2/422 7501/2/271 7507/2/277
f 7595/2/422 7507/2/277 7596/2/423
f 7596/2/423 7507/2/277 7513/2/283
f 7596/2/423 7513/2/283 7597/2/424
f 7597/2/424 7513/2/283 7519/2/289
f 7597/2/424 7519/2/289 7598/2/425
f 7598/2/425 7519/2/289 7525/2/295
f 7598/2/425 7525/2/295 7599/2/426
f 7599/2/426 7525/2/295 7531/2/301
f 7599/2/426 7531/2/301 7600/2/427
f 7600/2/427 7531/2/301 7537/2/307
f 7600/2/427 7537/2/307 7601/2/428
f 7601/2/428 7537/2/307 7543/2/313
f 7601/2/428 7543/2/313 7602/2/429
f 7602/2/429 7543/2/313 7549/2/319
f 7602/2/429 7549/2/319 7603/2/430
f 7603/2/430 7549/2/319 7555/2/325
f 7603/2/430 7555/2/325 7604/2/431
f 7604/2/431 7555/2/325 7561/2/331
f 7604/2/431 7561/2/331 7441/2/406
f 7441/2/406 7561/2/331 7567/2/337
f 7441/2/406 7567/2/337 7438/2/403
f 7438/2/403 7567/2/337 7573/2/343
f 7438/2/403 7573/2/343 7605/2/432
f 7605/2/432 7573/2/343 7579/2/349
f 7605/2/432 7579/2/349 7606/2/433
f 7606/2/433 7579/2/349 7585/2/355
f 7606/2/433 7585/2/355 7607/2/434
f 7607/2/434 7585/2/355 7453/2/220
f 7607/2/434 7453/2/220 7586/2/413
f 7599/2/426 7608/2/435 7609/2/436
f 7599/2/426 7609/2/436 7598/2/425
f 7592/2/419 7610/2/437 7611/2/438
f 7592/2/419 7611/2/438 7591/2/418
f 7605/2/432 7612/2/439 7439/2/404
f 7605/2/432 7439/2/404 7438/2/403
f 7600/2/427 7613/2/5106 7608/2/435
f 7600/2/427 7608/2/435 7599/2/426
f 7593/2/420 7614/2/441 7610/2/437
f 7593/2/420 7610/2/437 7592/2/419
f 7606/2/433 7615/2/442 7612/2/439
f 7606/2/433 7612/2/439 7605/2/432
f 7601/2/428 7616/2/443 7613/2/5106
f 7601/2/428 7613/2/5106 7600/2/427
f 7594/2/421 7617/2/444 7614/2/441
f 7594/2/421 7614/2/441 7593/2/420
f 7607/2/434 7618/2/445 7615/2/442
f 7607/2/434 7615/2/442 7606/2/433
f 7587/2/414 7619/2/446 7620/2/447
f 7587/2/414 7620/2/447 7586/2/413
f 7602/2/429 7621/2/448 7616/2/443
f 7602/2/429 7616/2/443 7601/2/428
f 7595/2/422 7622/2/449 7617/2/444
f 7595/2/422 7617/2/444 7594/2/421
f 7586/2/413 7620/2/447 7618/2/445
f 7586/2/413 7618/2/445 7607/2/434
f 7588/2/415 7623/2/450 7619/2/446
f 7588/2/415 7619/2/446 7587/2/414
f 7603/2/430 7624/2/451 7621/2/448
f 7603/2/430 7621/2/448 7602/2/429
f 7596/2/423 7625/2/5016 7622/2/449
f 7596/2/423 7622/2/449 7595/2/422
f 7589/2/416 7626/2/5017 7623/2/450
f 7589/2/416 7623/2/450 7588/2/415
f 7604/2/431 7627/2/454 7624/2/451
f 7604/2/431 7624/2/451 7603/2/430
f 7597/2/424 7628/2/455 7625/2/5016
f 7597/2/424 7625/2/5016 7596/2/423
f 7590/2/417 7629/2/456 7626/2/5017
f 7590/2/417 7626/2/5017 7589/2/416
f 7441/2/406 7440/2/405 7627/2/454
f 7441/2/406 7627/2/454 7604/2/431
f 7598/2/425 7609/2/436 7628/2/455
f 7598/2/425 7628/2/455 7597/2/424
f 7591/2/418 7611/2/438 7629/2/456
f 7591/2/418 7629/2/456 7590/2/417
f 7630/2/163 7631/2/164 7632/2/165
f 7630/2/163 7632/2/165 7633/2/166
f 7634/2/167 7635/2/168 7636/2/169
f 7634/2/167 7636/2/169 7637/2/170
f 7637/2/170 7636/2/169 7638/2/171
f 7637/2/170 7638/2/171 7639/2/172
f 7639/2/172 7638/2/171 7640/2/173
f 7639/2/172 7640/2/173 7641/2/174
f 7641/2/174 7640/2/173 7642/2/175
f 7641/2/174 7642/2/175 7643/2/176
f 7643/2/176 7642/2/175 7644/2/177
f 7643/2/176 7644/2/177 7645/2/178
f 7645/2/178 7644/2/177 7646/2/179
f 7645/2/178 7646/2/179 7647/2/180
f 7647/2/180 7646/2/179 7648/2/181
f 7647/2/180 7648/2/181 7649/2/182
f 7649/2/182 7648/2/181 7650/2/183
f 7649/2/182 7650/2/183 7651/2/184
f 7651/2/184 7650/2/183 7652/2/185
f 7651/2/184 7652/2/185 7653/2/186
f 7653/2/186 7652/2/185 7654/2/187
f 7653/2/186 7654/2/187 7655/2/188
f 7655/2/188 7654/2/187 7656/2/189
f 7655/2/188 7656/2/189 7657/2/190
f 7657/2/190 7656/2/189 7658/2/191
f 7657/2/190 7658/2/191 7659/2/192
f 7659/2/192 7658/2/191 7660/2/193
f 7659/2/192 7660/2/193 7661/2/194
f 7661/2/194 7660/2/193 7662/2/195
f 7661/2/194 7662/2/195 7663/2/196
f 7663/2/196 7662/2/195 7664/2/197
f 7663/2/196 7664/2/197 7665/2/198
f 7665/2/198 7664/2/197 7666/2/199
f 7665/2/198 7666/2/199 7667/2/200
f 7667/2/200 7666/2/199 7668/2/201
f 7667/2/200 7668/2/201 7669/2/202
f 7669/2/202 7668/2/201 7670/2/203
f 7669/2/202 7670/2/203 7671/2/204
f 7671/2/204 7670/2/203 7672/2/205
f 7671/2/204 7672/2/205 7673/2/206
f 7673/2/206 7672/2/205 7674/2/207
f 7673/2/206 7674/2/207 7675/2/208
f 7675/2/208 7674/2/207 7631/2/164
f 7675/2/208 7631/2/164 7630/2/163
f 7676/2/209 7677/2/210 7635/2/168
f 7676/2/209 7635/2/168 7634/2/167
f 7678/2/211 7679/2/212 7680/2/213
f 7678/2/211 7680/2/213 7681/2/214
f 7633/2/166 7632/2/165 7677/2/210
f 7633/2/166 7677/2/210 7676/2/209
f 7633/2/166 7676/2/209 7682/2/215
f 7633/2/166 7682/2/215 7683/2/216
f 7683/2/216 7682/2/215 7684/2/217
f 7683/2/216 7684/2/217 7685/2/218
f 7685/2/218 7684/2/217 7686/2/219
f 7685/2/218 7686/2/219 7687/2/220
f 7677/2/210 7632/2/165 7688/2/221
f 7677/2/210 7688/2/221 7689/2/222
f 7689/2/222 7688/2/221 7690/2/223
f 7689/2/222 7690/2/223 7691/2/407
f 7691/2/407 7690/2/223 7692/2/225
f 7691/2/407 7692/2/225 7693/2/226
f 7676/2/209 7634/2/167 7694/2/227
f 7676/2/209 7694/2/227 7682/2/215
f 7682/2/215 7694/2/227 7695/2/228
f 7682/2/215 7695/2/228 7684/2/217
f 7684/2/217 7695/2/228 7696/2/229
f 7684/2/217 7696/2/229 7686/2/219
f 7635/2/168 7677/2/210 7689/2/222
f 7635/2/168 7689/2/222 7697/2/230
f 7697/2/230 7689/2/222 7691/2/407
f 7697/2/230 7691/2/407 7698/2/231
f 7698/2/231 7691/2/407 7693/2/226
f 7698/2/231 7693/2/226 7699/2/232
f 7634/2/167 7637/2/170 7700/2/233
f 7634/2/167 7700/2/233 7694/2/227
f 7694/2/227 7700/2/233 7701/2/234
f 7694/2/227 7701/2/234 7695/2/228
f 7695/2/228 7701/2/234 7702/2/235
f 7695/2/228 7702/2/235 7696/2/229
f 7636/2/169 7635/2/168 7697/2/230
f 7636/2/169 7697/2/230 7703/2/236
f 7703/2/236 7697/2/230 7698/2/231
f 7703/2/236 7698/2/231 7704/2/237
f 7704/2/237 7698/2/231 7699/2/232
f 7704/2/237 7699/2/232 7705/2/238
f 7637/2/170 7639/2/172 7706/2/239
f 7637/2/170 7706/2/239 7700/2/233
f 7700/2/233 7706/2/239 7707/2/240
f 7700/2/233 7707/2/240 7701/2/234
f 7701/2/234 7707/2/240 7708/2/241
f 7701/2/234 7708/2/241 7702/2/235
f 7638/2/171 7636/2/169 7703/2/236
f 7638/2/171 7703/2/236 7709/2/242
f 7709/2/242 7703/2/236 7704/2/237
f 7709/2/242 7704/2/237 7710/2/243
f 7710/2/243 7704/2/237 7705/2/238
f 7710/2/243 7705/2/238 7711/2/244
f 7639/2/172 7641/2/174 7712/2/245
f 7639/2/172 7712/2/245 7706/2/239
f 7706/2/239 7712/2/245 7713/2/246
f 7706/2/239 7713/2/246 7707/2/240
f 7707/2/240 7713/2/246 7714/2/247
f 7707/2/240 7714/2/247 7708/2/241
f 7640/2/173 7638/2/171 7709/2/242
f 7640/2/173 7709/2/242 7715/2/248
f 7715/2/248 7709/2/242 7710/2/243
f 7715/2/248 7710/2/243 7716/2/249
f 7716/2/249 7710/2/243 7711/2/244
f 7716/2/249 7711/2/244 7717/2/250
f 7641/2/174 7643/2/176 7718/2/251
f 7641/2/174 7718/2/251 7712/2/245
f 7712/2/245 7718/2/251 7719/2/252
f 7712/2/245 7719/2/252 7713/2/246
f 7713/2/246 7719/2/252 7720/2/253
f 7713/2/246 7720/2/253 7714/2/247
f 7642/2/175 7640/2/173 7715/2/248
f 7642/2/175 7715/2/248 7721/2/254
f 7721/2/254 7715/2/248 7716/2/249
f 7721/2/254 7716/2/249 7722/2/255
f 7722/2/255 7716/2/249 7717/2/250
f 7722/2/255 7717/2/250 7723/2/256
f 7643/2/176 7645/2/178 7724/2/257
f 7643/2/176 7724/2/257 7718/2/251
f 7718/2/251 7724/2/257 7725/2/5107
f 7718/2/251 7725/2/5107 7719/2/252
f 7719/2/252 7725/2/5107 7726/2/259
f 7719/2/252 7726/2/259 7720/2/253
f 7644/2/177 7642/2/175 7721/2/254
f 7644/2/177 7721/2/254 7727/2/260
f 7727/2/260 7721/2/254 7722/2/255
f 7727/2/260 7722/2/255 7728/2/5101
f 7728/2/5101 7722/2/255 7723/2/256
f 7728/2/5101 7723/2/256 7729/2/262
f 7645/2/178 7647/2/180 7730/2/263
f 7645/2/178 7730/2/263 7724/2/257
f 7724/2/257 7730/2/263 7731/2/264
f 7724/2/257 7731/2/264 7725/2/5107
f 7725/2/5107 7731/2/264 7732/2/265
f 7725/2/5107 7732/2/265 7726/2/259
f 7646/2/179 7644/2/177 7727/2/260
f 7646/2/179 7727/2/260 7733/2/266
f 7733/2/266 7727/2/260 7728/2/5101
f 7733/2/266 7728/2/5101 7734/2/267
f 7734/2/267 7728/2/5101 7729/2/262
f 7734/2/267 7729/2/262 7735/2/268
f 7647/2/180 7649/2/182 7736/2/5108
f 7647/2/180 7736/2/5108 7730/2/263
f 7730/2/263 7736/2/5108 7737/2/270
f 7730/2/263 7737/2/270 7731/2/264
f 7731/2/264 7737/2/270 7738/2/271
f 7731/2/264 7738/2/271 7732/2/265
f 7648/2/181 7646/2/179 7733/2/266
f 7648/2/181 7733/2/266 7739/2/5007
f 7739/2/5007 7733/2/266 7734/2/267
f 7739/2/5007 7734/2/267 7740/2/273
f 7740/2/273 7734/2/267 7735/2/268
f 7740/2/273 7735/2/268 7741/2/274
f 7649/2/182 7651/2/184 7742/2/275
f 7649/2/182 7742/2/275 7736/2/5108
f 7736/2/5108 7742/2/275 7743/2/276
f 7736/2/5108 7743/2/276 7737/2/270
f 7737/2/270 7743/2/276 7744/2/277
f 7737/2/270 7744/2/277 7738/2/271
f 7650/2/183 7648/2/181 7739/2/5007
f 7650/2/183 7739/2/5007 7745/2/278
f 7745/2/278 7739/2/5007 7740/2/273
f 7745/2/278 7740/2/273 7746/2/279
f 7746/2/279 7740/2/273 7741/2/274
f 7746/2/279 7741/2/274 7747/2/280
f 7651/2/184 7653/2/186 7748/2/281
f 7651/2/184 7748/2/281 7742/2/275
f 7742/2/275 7748/2/281 7749/2/282
f 7742/2/275 7749/2/282 7743/2/276
f 7743/2/276 7749/2/282 7750/2/283
f 7743/2/276 7750/2/283 7744/2/277
f 7652/2/185 7650/2/183 7745/2/278
f 7652/2/185 7745/2/278 7751/2/284
f 7751/2/284 7745/2/278 7746/2/279
f 7751/2/284 7746/2/279 7752/2/285
f 7752/2/285 7746/2/279 7747/2/280
f 7752/2/285 7747/2/280 7753/2/286
f 7653/2/186 7655/2/188 7754/2/287
f 7653/2/186 7754/2/287 7748/2/281
f 7748/2/281 7754/2/287 7755/2/288
f 7748/2/281 7755/2/288 7749/2/282
f 7749/2/282 7755/2/288 7756/2/289
f 7749/2/282 7756/2/289 7750/2/283
f 7654/2/187 7652/2/185 7751/2/284
f 7654/2/187 7751/2/284 7757/2/290
f 7757/2/290 7751/2/284 7752/2/285
f 7757/2/290 7752/2/285 7758/2/291
f 7758/2/291 7752/2/285 7753/2/286
f 7758/2/291 7753/2/286 7759/2/292
f 7655/2/188 7657/2/190 7760/2/293
f 7655/2/188 7760/2/293 7754/2/287
f 7754/2/287 7760/2/293 7761/2/294
f 7754/2/287 7761/2/294 7755/2/288
f 7755/2/288 7761/2/294 7762/2/295
f 7755/2/288 7762/2/295 7756/2/289
f 7656/2/189 7654/2/187 7757/2/290
f 7656/2/189 7757/2/290 7763/2/296
f 7763/2/296 7757/2/290 7758/2/291
f 7763/2/296 7758/2/291 7764/2/297
f 7764/2/297 7758/2/291 7759/2/292
f 7764/2/297 7759/2/292 7765/2/298
f 7657/2/190 7659/2/192 7766/2/299
f 7657/2/190 7766/2/299 7760/2/293
f 7760/2/293 7766/2/299 7767/2/300
f 7760/2/293 7767/2/300 7761/2/294
f 7761/2/294 7767/2/300 7768/2/301
f 7761/2/294 7768/2/301 7762/2/295
f 7658/2/191 7656/2/189 7763/2/296
f 7658/2/191 7763/2/296 7769/2/302
f 7769/2/302 7763/2/296 7764/2/297
f 7769/2/302 7764/2/297 7770/2/303
f 7770/2/303 7764/2/297 7765/2/298
f 7770/2/303 7765/2/298 7771/2/304
f 7659/2/192 7661/2/194 7772/2/5109
f 7659/2/192 7772/2/5109 7766/2/299
f 7766/2/299 7772/2/5109 7773/2/306
f 7766/2/299 7773/2/306 7767/2/300
f 7767/2/300 7773/2/306 7774/2/307
f 7767/2/300 7774/2/307 7768/2/301
f 7660/2/193 7658/2/191 7769/2/302
f 7660/2/193 7769/2/302 7775/2/5110
f 7775/2/5110 7769/2/302 7770/2/303
f 7775/2/5110 7770/2/303 7776/2/309
f 7776/2/309 7770/2/303 7771/2/304
f 7776/2/309 7771/2/304 7777/2/310
f 7661/2/194 7663/2/196 7778/2/311
f 7661/2/194 7778/2/311 7772/2/5109
f 7772/2/5109 7778/2/311 7779/2/312
f 7772/2/5109 7779/2/312 7773/2/306
f 7773/2/306 7779/2/312 7780/2/313
f 7773/2/306 7780/2/313 7774/2/307
f 7662/2/195 7660/2/193 7775/2/5110
f 7662/2/195 7775/2/5110 7781/2/314
f 7781/2/314 7775/2/5110 7776/2/309
f 7781/2/314 7776/2/309 7782/2/315
f 7782/2/315 7776/2/309 7777/2/310
f 7782/2/315 7777/2/310 7783/2/316
f 7663/2/196 7665/2/198 7784/2/317
f 7663/2/196 7784/2/317 7778/2/311
f 7778/2/311 7784/2/317 7785/2/5014
f 7778/2/311 7785/2/5014 7779/2/312
f 7779/2/312 7785/2/5014 7786/2/319
f 7779/2/312 7786/2/319 7780/2/313
f 7664/2/197 7662/2/195 7781/2/314
f 7664/2/197 7781/2/314 7787/2/320
f 7787/2/320 7781/2/314 7782/2/315
f 7787/2/320 7782/2/315 7788/2/321
f 7788/2/321 7782/2/315 7783/2/316
f 7788/2/321 7783/2/316 7789/2/322
f 7665/2/198 7667/2/200 7790/2/323
f 7665/2/198 7790/2/323 7784/2/317
f 7784/2/317 7790/2/323 7791/2/324
f 7784/2/317 7791/2/324 7785/2/5014
f 7785/2/5014 7791/2/324 7792/2/325
f 7785/2/5014 7792/2/325 7786/2/319
f 7666/2/199 7664/2/197 7787/2/320
f 7666/2/199 7787/2/320 7793/2/326
f 7793/2/326 7787/2/320 7788/2/321
f 7793/2/326 7788/2/321 7794/2/327
f 7794/2/327 7788/2/321 7789/2/322
f 7794/2/327 7789/2/322 7795/2/328
f 7667/2/200 7669/2/202 7796/2/329
f 7667/2/200 7796/2/329 7790/2/323
f 7790/2/323 7796/2/329 7797/2/411
f 7790/2/323 7797/2/411 7791/2/324
f 7791/2/324 7797/2/411 7798/2/331
f 7791/2/324 7798/2/331 7792/2/325
f 7668/2/201 7666/2/199 7793/2/326
f 7668/2/201 7793/2/326 7799/2/332
f 7799/2/332 7793/2/326 7794/2/327
f 7799/2/332 7794/2/327 7800/2/410
f 7800/2/410 7794/2/327 7795/2/328
f 7800/2/410 7795/2/328 7801/2/334
f 7669/2/202 7671/2/204 7802/2/335
f 7669/2/202 7802/2/335 7796/2/329
f 7796/2/329 7802/2/335 7803/2/336
f 7796/2/329 7803/2/336 7797/2/411
f 7797/2/411 7803/2/336 7804/2/337
f 7797/2/411 7804/2/337 7798/2/331
f 7670/2/203 7668/2/201 7799/2/332
f 7670/2/203 7799/2/332 7805/2/338
f 7805/2/338 7799/2/332 7800/2/410
f 7805/2/338 7800/2/410 7806/2/339
f 7806/2/339 7800/2/410 7801/2/334
f 7806/2/339 7801/2/334 7807/2/340
f 7671/2/204 7673/2/206 7808/2/341
f 7671/2/204 7808/2/341 7802/2/335
f 7802/2/335 7808/2/341 7809/2/342
f 7802/2/335 7809/2/342 7803/2/336
f 7803/2/336 7809/2/342 7810/2/343
f 7803/2/336 7810/2/343 7804/2/337
f 7672/2/205 7670/2/203 7805/2/338
f 7672/2/205 7805/2/338 7811/2/344
f 7811/2/344 7805/2/338 7806/2/339
f 7811/2/344 7806/2/339 7812/2/345
f 7812/2/345 7806/2/339 7807/2/340
f 7812/2/345 7807/2/340 7813/2/346
f 7673/2/206 7675/2/208 7814/2/347
f 7673/2/206 7814/2/347 7808/2/341
f 7808/2/341 7814/2/347 7815/2/348
f 7808/2/341 7815/2/348 7809/2/342
f 7809/2/342 7815/2/348 7816/2/349
f 7809/2/342 7816/2/349 7810/2/343
f 7674/2/207 7672/2/205 7811/2/344
f 7674/2/207 7811/2/344 7817/2/350
f 7817/2/350 7811/2/344 7812/2/345
f 7817/2/350 7812/2/345 7818/2/351
f 7818/2/351 7812/2/345 7813/2/346
f 7818/2/351 7813/2/346 7819/2/352
f 7675/2/208 7630/2/163 7820/2/353
f 7675/2/208 7820/2/353 7814/2/347
f 7814/2/347 7820/2/353 7821/2/354
f 7814/2/347 7821/2/354 7815/2/348
f 7815/2/348 7821/2/354 7822/2/355
f 7815/2/348 7822/2/355 7816/2/349
f 7631/2/164 7674/2/207 7817/2/350
f 7631/2/164 7817/2/350 7823/2/356
f 7823/2/356 7817/2/350 7818/2/351
f 7823/2/356 7818/2/351 7824/2/357
f 7824/2/357 7818/2/351 7819/2/352
f 7824/2/357 7819/2/352 7825/2/358
f 7630/2/163 7633/2/166 7683/2/216
f 7630/2/163 7683/2/216 7820/2/353
f 7820/2/353 7683/2/216 7685/2/218
f 7820/2/353 7685/2/218 7821/2/354
f 7821/2/354 7685/2/218 7687/2/220
f 7821/2/354 7687/2/220 7822/2/355
f 7632/2/165 7631/2/164 7823/2/356
f 7632/2/165 7823/2/356 7688/2/221
f 7688/2/221 7823/2/356 7824/2/357
f 7688/2/221 7824/2/357 7690/2/223
f 7690/2/223 7824/2/357 7825/2/358
f 7690/2/223 7825/2/358 7692/2/225
f 7826/2/359 7827/2/360 7693/2/226
f 7826/2/359 7693/2/226 7692/2/225
f 7827/2/360 7828/2/361 7699/2/232
f 7827/2/360 7699/2/232 7693/2/226
f 7828/2/361 7829/2/362 7705/2/238
f 7828/2/361 7705/2/238 7699/2/232
f 7829/2/362 7830/2/363 7711/2/244
f 7829/2/362 7711/2/244 7705/2/238
f 7830/2/363 7831/2/364 7717/2/250
f 7830/2/363 7717/2/250 7711/2/244
f 7831/2/364 7832/2/365 7723/2/256
f 7831/2/364 7723/2/256 7717/2/250
f 7832/2/365 7833/2/366 7729/2/262
f 7832/2/365 7729/2/262 7723/2/256
f 7833/2/366 7834/2/367 7735/2/268
f 7833/2/366 7735/2/268 7729/2/262
f 7834/2/367 7835/2/368 7741/2/274
f 7834/2/367 7741/2/274 7735/2/268
f 7835/2/368 7836/2/369 7747/2/280
f 7835/2/368 7747/2/280 7741/2/274
f 7836/2/369 7837/2/370 7753/2/286
f 7836/2/369 7753/2/286 7747/2/280
f 7837/2/370 7838/2/371 7759/2/292
f 7837/2/370 7759/2/292 7753/2/286
f 7838/2/371 7839/2/372 7765/2/298
f 7838/2/371 7765/2/298 7759/2/292
f 7839/2/372 7840/2/373 7771/2/304
f 7839/2/372 7771/2/304 7765/2/298
f 7840/2/373 7841/2/374 7777/2/310
f 7840/2/373 7777/2/310 7771/2/304
f 7841/2/374 7842/2/375 7783/2/316
f 7841/2/374 7783/2/316 7777/2/310
f 7842/2/375 7843/2/376 7789/2/322
f 7842/2/375 7789/2/322 7783/2/316
f 7843/2/376 7844/2/377 7795/2/328
f 7843/2/376 7795/2/328 7789/2/322
f 7844/2/377 7679/2/212 7801/2/334
f 7844/2/377 7801/2/334 7795/2/328
f 7679/2/212 7678/2/211 7807/2/340
f 7679/2/212 7807/2/340 7801/2/334
f 7678/2/211 7845/2/378 7813/2/346
f 7678/2/211 7813/2/346 7807/2/340
f 7845/2/378 7846/2/379 7819/2/352
f 7845/2/378 7819/2/352 7813/2/346
f 7846/2/379 7847/2/380 7825/2/358
f 7846/2/379 7825/2/358 7819/2/352
f 7847/2/380 7826/2/359 7692/2/225
f 7847/2/380 7692/2/225 7825/2/358
f 7839/2/372 7838/2/371 7848/2/381
f 7839/2/372 7848/2/381 7849/2/382
f 7832/2/365 7831/2/364 7850/2/383
f 7832/2/365 7850/2/383 7851/2/384
f 7845/2/378 7678/2/211 7681/2/214
f 7845/2/378 7681/2/214 7852/2/385
f 7840/2/373 7839/2/372 7849/2/382
f 7840/2/373 7849/2/382 7853/2/386
f 7833/2/366 7832/2/365 7851/2/384
f 7833/2/366 7851/2/384 7854/2/387
f 7846/2/379 7845/2/378 7852/2/385
f 7846/2/379 7852/2/385 7855/2/388
f 7841/2/374 7840/2/373 7853/2/386
f 7841/2/374 7853/2/386 7856/2/389
f 7834/2/367 7833/2/366 7854/2/387
f 7834/2/367 7854/2/387 7857/2/390
f 7847/2/380 7846/2/379 7855/2/388
f 7847/2/380 7855/2/388 7858/2/391
f 7827/2/360 7826/2/359 7859/2/392
f 7827/2/360 7859/2/392 7860/2/393
f 7842/2/375 7841/2/374 7856/2/389
f 7842/2/375 7856/2/389 7861/2/5009
f 7835/2/368 7834/2/367 7857/2/390
f 7835/2/368 7857/2/390 7862/2/395
f 7826/2/359 7847/2/380 7858/2/391
f 7826/2/359 7858/2/391 7859/2/392
f 7828/2/361 7827/2/360 7860/2/393
f 7828/2/361 7860/2/393 7863/2/396
f 7843/2/376 7842/2/375 7861/2/5009
f 7843/2/376 7861/2/5009 7864/2/397
f 7836/2/369 7835/2/368 7862/2/395
f 7836/2/369 7862/2/395 7865/2/398
f 7829/2/362 7828/2/361 7863/2/396
f 7829/2/362 7863/2/396 7866/2/399
f 7844/2/377 7843/2/376 7864/2/397
f 7844/2/377 7864/2/397 7867/2/400
f 7837/2/370 7836/2/369 7865/2/398
f 7837/2/370 7865/2/398 7868/2/401
f 7830/2/363 7829/2/362 7866/2/399
f 7830/2/363 7866/2/399 7869/2/5010
f 7679/2/212 7844/2/377 7867/2/400
f 7679/2/212 7867/2/400 7680/2/213
f 7838/2/371 7837/2/370 7868/2/401
f 7838/2/371 7868/2/401 7848/2/381
f 7831/2/364 7830/2/363 7869/2/5010
f 7831/2/364 7869/2/5010 7850/2/383
f 7870/1/458 7871/1/459 7872/1/460
f 7870/1/458 7872/1/460 7873/1/5111
f 7871/1/459 7874/1/461 7875/1/462
f 7871/1/459 7875/1/462 7872/1/460
f 7874/1/461 7876/1/463 7877/1/464
f 7874/1/461 7877/1/464 7875/1/462
f 7876/1/463 7878/1/465 7879/1/466
f 7876/1/463 7879/1/466 7877/1/464
f 7878/1/465 7880/1/467 7881/1/468
f 7878/1/465 7881/1/468 7879/1/466
f 7880/1/467 7882/1/469 7883/1/470
f 7880/1/467 7883/1/470 7881/1/468
f 7882/1/469 7884/1/471 7885/1/472
f 7882/1/469 7885/1/472 7883/1/470
f 7884/1/471 7886/1/473 7887/1/474
f 7884/1/471 7887/1/474 7885/1/472
f 7886/1/473 7888/1/475 7889/1/476
f 7886/1/473 7889/1/476 7887/1/474
f 7888/1/475 7890/1/477 7891/1/478
f 7888/1/475 7891/1/478 7889/1/476
f 7890/1/477 7892/1/479 7893/1/480
f 7890/1/477 7893/1/480 7891/1/478
f 7892/1/479 7894/1/481 7895/1/482
f 7892/1/479 7895/1/482 7893/1/480
f 7894/1/481 7896/1/483 7897/1/484
f 7894/1/481 7897/1/484 7895/1/482
f 7896/1/483 7898/1/485 7899/1/486
f 7896/1/483 7899/1/486 7897/1/484
f 7898/1/485 7900/1/487 7901/1/488
f 7898/1/485 7901/1/488 7899/1/486
f 7900/1/487 7902/1/489 7903/1/490
f 7900/1/487 7903/1/490 7901/1/488
f 7902/1/489 7904/1/491 7905/1/492
f 7902/1/489 7905/1/492 7903/1/490
f 7904/1/491 7906/1/493 7907/1/494
f 7904/1/491 7907/1/494 7905/1/492
f 7906/1/493 7908/1/495 7909/1/496
f 7906/1/493 7909/1/496 7907/1/494
f 7908/1/495 7910/1/497 7911/1/498
f 7908/1/495 7911/1/498 7909/1/496
f 7910/1/497 7912/1/499 7913/1/500
f 7910/1/497 7913/1/500 7911/1/498
f 7912/1/499 7914/1/501 7915/1/502
f 7912/1/499 7915/1/502 7913/1/500
f 7914/1/501 7916/1/503 7917/1/504
f 7914/1/501 7917/1/504 7915/1/502
f 7916/1/503 7870/1/458 7873/1/5111
f 7916/1/503 7873/1/5111 7917/1/504
f 7918/1/529 7919/1/527 7920/1/526
f 7918/1/529 7920/1/526 7921/1/528
f 7919/1/527 7922/1/525 7923/1/524
f 7919/1/527 7923/1/524 7920/1/526
f 7922/1/525 7924/1/523 7925/1/522
f 7922/1/525 7925/1/522 7923/1/524
f 7924/1/523 7926/1/521 7927/1/520
f 7924/1/523 7927/1/520 7925/1/522
f 7926/1/521 7928/1/519 7929/1/518
f 7926/1/521 7929/1/518 7927/1/520
f 7928/1/519 7930/1/129 7931/1/517
f 7928/1/519 7931/1/517 7929/1/518
f 7930/1/129 7932/1/516 7933/1/515
f 7930/1/129 7933/1/515 7931/1/517
f 7932/1/516 7934/1/514 7935/1/513
f 7932/1/516 7935/1/513 7933/1/515
f 7934/1/514 7936/1/512 7937/1/511
f 7934/1/514 7937/1/511 7935/1/513
f 7936/1/512 7938/1/510 7939/1/509
f 7936/1/512 7939/1/509 7937/1/511
f 7938/1/510 7940/1/508 7941/1/507
f 7938/1/510 7941/1/507 7939/1/509
f 7940/1/508 7942/1/505 7943/1/506
f 7940/1/508 7943/1/506 7941/1/507
f 7942/1/505 7944/1/550 7945/1/549
f 7942/1/505 7945/1/549 7943/1/506
f 7944/1/550 7946/1/548 7947/1/547
f 7944/1/550 7947/1/547 7945/1/549
f 7946/1/548 7948/1/546 7949/1/545
f 7946/1/548 7949/1/545 7947/1/547
f 7948/1/546 7950/1/544 7951/1/543
f 7948/1/546 7951/1/543 7949/1/545
f 7950/1/544 7952/1/542 7953/1/541
f 7950/1/544 7953/1/541 7951/1/543
f 7952/1/542 7954/1/96 7955/1/540
f 7952/1/542 7955/1/540 7953/1/541
f 7954/1/96 7956/1/539 7957/1/538
f 7954/1/96 7957/1/538 7955/1/540
f 7956/1/539 7958/1/537 7959/1/536
f 7956/1/539 7959/1/536 7957/1/538
f 7958/1/537 7960/1/535 7961/1/534
f 7958/1/537 7961/1/534 7959/1/536
f 7960/1/535 7962/1/533 7963/1/532
f 7960/1/535 7963/1/532 7961/1/534
f 7962/1/533 7964/1/531 7965/1/5112
f 7962/1/533 7965/1/5112 7963/1/532
f 7964/1/531 7918/1/529 7921/1/528
f 7964/1/531 7921/1/528 7965/1/5112
f 7966/1/129 7967/1/5113 7968/1/5114
f 7966/1/129 7968/1/5114 7969/1/5115
f 7967/1/5113 7970/1/5116 7971/1/5117
f 7967/1/5113 7971/1/5117 7968/1/5114
f 7970/1/5116 7972/1/5118 7973/1/5119
f 7970/1/5116 7973/1/5119 7971/1/5117
f 7972/1/5118 7974/1/5120 7975/1/5121
f 7972/1/5118 7975/1/5121 7973/1/5119
f 7974/1/5120 7976/1/5122 7977/1/5123
f 7974/1/5120 7977/1/5123 7975/1/5121
f 7976/1/5122 7978/1/5124 7979/1/5125
f 7976/1/5122 7979/1/5125 7977/1/5123
f 7978/1/5124 7980/1/5126 7981/1/5127
f 7978/1/5124 7981/1/5127 7979/1/5125
f 7980/1/5126 7982/1/5128 7983/1/5129
f 7980/1/5126 7983/1/5129 7981/1/5127
f 7982/1/5128 7984/1/5130 7985/1/5131
f 7982/1/5128 7985/1/5131 7983/1/5129
f 7984/1/5130 7986/1/5132 7987/1/5133
f 7984/1/5130 7987/1/5133 7985/1/5131
f 7986/1/5132 7988/1/5134 7989/1/5135
f 7986/1/5132 7989/1/5135 7987/1/5133
f 7988/1/5134 7990/1/96 7991/1/5136
f 7988/1/5134 7991/1/5136 7989/1/5135
f 7990/1/96 7992/1/5137 7993/1/5138
f 7990/1/96 7993/1/5138 7991/1/5136
f 7992/1/5137 7994/1/5139 7995/1/5140
f 7992/1/5137 7995/1/5140 7993/1/5138
f 7994/1/5139 7996/1/5141 7997/1/5142
f 7994/1/5139 7997/1/5142 7995/1/5140
f 7996/1/5141 7998/1/5143 7999/1/5144
f 7996/1/5141 7999/1/5144 7997/1/5142
f 7998/1/5143 8000/1/5145 8001/1/5146
f 7998/1/5143 8001/1/5146 7999/1/5144
f 8000/1/5145 8002/1/5147 8003/1/5148
f 8000/1/5145 8003/1/5148 8001/1/5146
f 8002/1/5147 8004/1/5149 8005/1/5150
f 8002/1/5147 8005/1/5150 8003/1/5148
f 8004/1/5149 8006/1/5151 8007/1/5152
f 8004/1/5149 8007/1/5152 8005/1/5150
f 8006/1/5151 8008/1/5153 8009/1/5154
f 8006/1/5151 8009/1/5154 8007/1/5152
f 8008/1/5153 8010/1/5155 8011/1/5156
f 8008/1/5153 8011/1/5156 8009/1/5154
f 8010/1/5155 8012/1/5157 8013/1/5158
f 8010/1/5155 8013/1/5158 8011/1/5156
f 8012/1/5157 7966/1/129 7969/1/5115
f 8012/1/5157 7969/1/5115 8013/1/5158
f 8014/2/5157 8015/2/5159 8016/2/5160
f 8014/2/5157 8016/2/5160 8017/2/129
f 8018/2/5113 8019/2/5161 8020/2/5162
f 8018/2/5113 8020/2/5162 8021/2/5163
f 8022/2/5124 8023/2/5164 8024/2/5165
f 8022/2/5124 8024/2/5165 8025/2/5126
f 8026/2/5134 8027/2/5166 8028/2/5167
f 8026/2/5134 8028/2/5167 8029/2/96
f 8030/2/5143 8031/2/5168 8032/2/5169
f 8030/2/5143 8032/2/5169 8033/2/5145
f 8034/2/5153 8035/2/5170 8036/2/5171
f 8034/2/5153 8036/2/5171 8037/2/5172
f 8038/2/5120 8039/2/5173 8040/2/5174
f 8038/2/5120 8040/2/5174 8041/2/5122
f 8042/2/5130 8043/2/5175 8044/2/5176
f 8042/2/5130 8044/2/5176 8045/2/5132
f 8046/2/5177 8047/2/5178 8048/2/5179
f 8046/2/5177 8048/2/5179 8049/2/5141
f 8050/2/5149 8051/2/5180 8052/2/5181
f 8050/2/5149 8052/2/5181 8053/2/5151
f 8021/2/5163 8020/2/5162 8054/2/5182
f 8021/2/5163 8054/2/5182 8055/2/5118
f 8025/2/5126 8024/2/5165 8056/2/5183
f 8025/2/5126 8056/2/5183 8057/2/5128
f 8017/2/129 8016/2/5160 8019/2/5161
f 8017/2/129 8019/2/5161 8018/2/5113
f 8029/2/96 8028/2/5167 8058/2/5184
f 8029/2/96 8058/2/5184 8059/2/5137
f 8033/2/5145 8032/2/5169 8060/2/5185
f 8033/2/5145 8060/2/5185 8061/2/5147
f 8037/2/5172 8036/2/5171 8015/2/5159
f 8037/2/5172 8015/2/5159 8014/2/5157
f 8041/2/5122 8040/2/5174 8023/2/5164
f 8041/2/5122 8023/2/5164 8022/2/5124
f 8045/2/5132 8044/2/5176 8027/2/5166
f 8045/2/5132 8027/2/5166 8026/2/5134
f 8049/2/5141 8048/2/5179 8031/2/5168
f 8049/2/5141 8031/2/5168 8030/2/5143
f 8053/2/5151 8052/2/5181 8035/2/5170
f 8053/2/5151 8035/2/5170 8034/2/5153
f 8055/2/5118 8054/2/5182 8039/2/5173
f 8055/2/5118 8039/2/5173 8038/2/5120
f 8057/2/5128 8056/2/5183 8043/2/5175
f 8057/2/5128 8043/2/5175 8042/2/5130
f 8059/2/5137 8058/2/5184 8047/2/5178
f 8059/2/5137 8047/2/5178 8046/2/5177
f 8061/2/5147 8060/2/5185 8051/2/5180
f 8061/2/5147 8051/2/5180 8050/2/5149
f 8062/2/5096 8063/2/609 8064/2/529
f 8062/2/5096 8064/2/529 8065/2/531
f 8066/2/5186 8062/2/5096 8065/2/531
f 8066/2/5186 8065/2/531 8067/2/533
f 8068/2/5187 8066/2/5186 8067/2/533
f 8068/2/5187 8067/2/533 8069/2/535
f 8070/2/5094 8068/2/5187 8069/2/535
f 8070/2/5094 8069/2/535 8071/2/537
f 8072/2/604 8070/2/5094 8071/2/537
f 8072/2/604 8071/2/537 8073/2/539
f 8074/2/603 8072/2/604 8073/2/539
f 8074/2/603 8073/2/539 8075/2/96
f 8076/2/5188 8074/2/603 8075/2/96
f 8076/2/5188 8075/2/96 8077/2/542
f 8078/2/601 8076/2/5188 8077/2/542
f 8078/2/601 8077/2/542 8079/2/544
f 8080/2/5189 8078/2/601 8079/2/544
f 8080/2/5189 8079/2/544 8081/2/546
f 8082/2/599 8080/2/5189 8081/2/546
f 8082/2/599 8081/2/546 8083/2/548
f 8084/2/5090 8082/2/599 8083/2/548
f 8084/2/5090 8083/2/548 8085/2/550
f 8086/2/598 8084/2/5090 8085/2/550
f 8086/2/598 8085/2/550 8087/2/505
f 8088/2/620 8086/2/598 8087/2/505
f 8088/2/620 8087/2/505 8089/2/508
f 8090/2/619 8088/2/620 8089/2/508
f 8090/2/619 8089/2/508 8091/2/510
f 8092/2/5190 8090/2/619 8091/2/510
f 8092/2/5190 8091/2/510 8093/2/512
f 8094/2/617 8092/2/5190 8093/2/512
f 8094/2/617 8093/2/512 8095/2/514
f 8096/2/5098 8094/2/617 8095/2/514
f 8096/2/5098 8095/2/514 8097/2/516
f 8098/2/615 8096/2/5098 8097/2/516
f 8098/2/615 8097/2/516 8099/2/129
f 8100/2/5191 8098/2/615 8099/2/129
f 8100/2/5191 8099/2/129 8101/2/519
f 8102/2/5192 8100/2/5191 8101/2/519
f 8102/2/5192 8101/2/519 8103/2/521
f 8104/2/5193 8102/2/5192 8103/2/521
f 8104/2/5193 8103/2/521 8105/2/523
f 8106/2/611 8104/2/5193 8105/2/523
f 8106/2/611 8105/2/523 8107/2/525
f 8108/2/610 8106/2/611 8107/2/525
f 8108/2/610 8107/2/525 8109/2/527
f 8063/2/609 8108/2/610 8109/2/527
f 8063/2/609 8109/2/527 8064/2/529
f 8110/1/5194 8111/1/5195 8112/1/5196
f 8110/1/5194 8112/1/5196 8113/1/5197
f 8113/1/5197 8112/1/5196 8114/1/5198
f 8113/1/5197 8114/1/5198 8115/1/5199
f 8116/1/5200 8117/1/5201 8118/1/5202
f 8116/1/5200 8118/1/5202 8119/1/5203
f 8120/1/5204 8121/1/5205 8110/1/5194
f 8120/1/5204 8110/1/5194 8122/1/5206
f 8123/1/5207 8124/1/5208 8125/1/5209
f 8123/1/5207 8125/1/5209 8126/1/5210
f 8127/6/5211 8128/6/5212 8129/6/5213
f 8127/6/5211 8129/6/5213 8130/6/5214
f 8111/1/5195 8131/1/5215 8132/1/5216
f 8111/1/5195 8132/1/5216 8112/1/5196
f 8112/1/5196 8132/1/5216 8133/1/5217
f 8112/1/5196 8133/1/5217 8114/1/5198
f 8134/1/5218 8135/1/5219 8136/1/5220
f 8134/1/5218 8136/1/5220 8137/1/5221
f 8138/1/5222 8113/1/5197 8115/1/5199
f 8138/1/5222 8115/1/5199 8139/1/5223
f 8122/1/5206 8110/1/5194 8113/1/5197
f 8122/1/5206 8113/1/5197 8138/1/5222
f 8140/6/5224 8141/6/5225 8142/6/5226
f 8140/6/5224 8142/6/5226 8143/6/5227
f 8137/1/5221 8136/1/5220 8144/1/5228
f 8137/1/5221 8144/1/5228 8145/1/5229
f 8146/1/5230 8135/1/5219 8134/1/5218
f 8146/1/5230 8134/1/5218 8147/1/5231
f 8148/1/5232 8147/1/5231 8134/1/5218
f 8148/1/5232 8134/1/5218 8149/1/5233
f 8145/1/5229 8144/1/5228 8150/1/5234
f 8145/1/5229 8150/1/5234 8151/1/5235
f 8146/1/5230 8152/1/5236 8153/1/5237
f 8146/1/5230 8153/1/5237 8135/1/5219
f 8135/1/5219 8153/1/5237 8154/1/5238
f 8135/1/5219 8154/1/5238 8136/1/5220
f 8136/1/5220 8154/1/5238 8155/1/5239
f 8136/1/5220 8155/1/5239 8144/1/5228
f 8144/1/5228 8155/1/5239 8156/1/5240
f 8144/1/5228 8156/1/5240 8150/1/5234
f 8157/1/5241 8158/1/5242 8159/1/5243
f 8157/1/5241 8159/1/5243 8160/1/5244
f 8161/1/5245 8145/1/5229 8151/1/5235
f 8161/1/5245 8151/1/5235 8162/1/5246
f 8163/1/5247 8137/1/5221 8145/1/5229
f 8163/1/5247 8145/1/5229 8161/1/5245
f 8149/1/5233 8134/1/5218 8137/1/5221
f 8149/1/5233 8137/1/5221 8163/1/5247
f 8164/6/5248 8140/6/5224 8143/6/5227
f 8164/6/5248 8143/6/5227 8165/6/5249
f 8166/6/5250 8167/6/5251 8168/6/5252
f 8166/6/5250 8168/6/5252 8169/6/5253
f 8170/1/5254 8171/1/5255 8172/1/5256
f 8170/1/5254 8172/1/5256 8173/1/5257
f 8171/1/5255 8174/1/5258 8175/1/5259
f 8171/1/5255 8175/1/5259 8172/1/5256
f 8176/1/5260 8177/1/5261 8178/1/5262
f 8176/1/5260 8178/1/5262 8179/1/5263
f 8180/1/5264 8181/1/5265 8171/1/5255
f 8180/1/5264 8171/1/5255 8170/1/5254
f 8181/1/5265 8182/1/5266 8174/1/5258
f 8181/1/5265 8174/1/5258 8171/1/5255
f 8141/6/5225 8183/6/5267 8184/6/5268
f 8141/6/5225 8184/6/5268 8142/6/5226
f 8174/1/5258 8122/1/5206 8138/1/5222
f 8174/1/5258 8138/1/5222 8175/1/5259
f 8175/1/5259 8138/1/5222 8139/1/5223
f 8175/1/5259 8139/1/5223 8185/1/5269
f 8172/1/5256 8175/1/5259 8185/1/5269
f 8172/1/5256 8185/1/5269 8186/1/5270
f 8173/1/5257 8172/1/5256 8186/1/5270
f 8173/1/5257 8186/1/5270 8187/1/5271
f 8188/1/5272 8173/1/5257 8187/1/5271
f 8188/1/5272 8187/1/5271 8148/1/5232
f 8178/1/5262 8170/1/5254 8173/1/5257
f 8178/1/5262 8173/1/5257 8188/1/5272
f 8121/1/5205 8189/1/5273 8111/1/5195
f 8121/1/5205 8111/1/5195 8110/1/5194
f 8190/1/5274 8116/1/5200 8119/1/5203
f 8190/1/5274 8119/1/5203 8191/1/5275
f 8192/1/5276 8193/1/5277 8194/1/5278
f 8192/1/5276 8194/1/5278 8195/1/5279
f 8196/1/5280 8197/1/5281 8198/1/5282
f 8196/1/5280 8198/1/5282 8199/1/5283
f 8197/1/5281 8200/1/5284 8201/1/5285
f 8197/1/5281 8201/1/5285 8198/1/5282
f 8202/1/5286 8203/1/5287 8204/1/5288
f 8202/1/5286 8204/1/5288 8205/1/5289
f 8206/1/5290 8207/1/5291 8208/1/5292
f 8206/1/5290 8208/1/5292 8209/1/5293
f 8210/1/5294 8191/1/5275 8197/1/5281
f 8210/1/5294 8197/1/5281 8196/1/5280
f 8191/1/5275 8119/1/5203 8200/1/5284
f 8191/1/5275 8200/1/5284 8197/1/5281
f 8119/1/5203 8118/1/5202 8211/1/5295
f 8119/1/5203 8211/1/5295 8200/1/5284
f 8200/1/5284 8211/1/5295 8212/1/5296
f 8200/1/5284 8212/1/5296 8201/1/5285
f 8201/1/5285 8212/1/5296 8156/1/5240
f 8201/1/5285 8156/1/5240 8155/1/5239
f 8198/1/5282 8201/1/5285 8155/1/5239
f 8198/1/5282 8155/1/5239 8154/1/5238
f 8199/1/5283 8198/1/5282 8154/1/5238
f 8199/1/5283 8154/1/5238 8153/1/5237
f 8213/1/5297 8199/1/5283 8153/1/5237
f 8213/1/5297 8153/1/5237 8152/1/5236
f 8208/1/5292 8196/1/5280 8199/1/5283
f 8208/1/5292 8199/1/5283 8213/1/5297
f 8214/6/5298 8215/6/5299 8216/6/5300
f 8214/6/5298 8216/6/5300 8217/6/5301
f 8160/1/5244 8159/1/5243 8218/1/5302
f 8160/1/5244 8218/1/5302 8219/1/5303
f 8219/1/5303 8218/1/5302 8220/1/5304
f 8219/1/5303 8220/1/5304 8221/1/5305
f 8222/6/5306 8166/6/5250 8169/6/5253
f 8222/6/5306 8169/6/5253 8223/6/5307
f 8224/1/5308 8225/1/5309 8157/1/5241
f 8224/1/5308 8157/1/5241 8226/1/5310
f 8227/1/5311 8228/1/5312 8229/1/5313
f 8227/1/5311 8229/1/5313 8230/1/5314
f 8158/1/5242 8117/1/5201 8231/1/5315
f 8158/1/5242 8231/1/5315 8159/1/5243
f 8159/1/5243 8231/1/5315 8232/1/5316
f 8159/1/5243 8232/1/5316 8218/1/5302
f 8218/1/5302 8232/1/5316 8233/1/5317
f 8218/1/5302 8233/1/5317 8220/1/5304
f 8234/1/5318 8235/1/5319 8236/1/5320
f 8234/1/5318 8236/1/5320 8237/1/5321
f 8238/1/5322 8219/1/5303 8221/1/5305
f 8238/1/5322 8221/1/5305 8239/1/5323
f 8240/1/5324 8160/1/5244 8219/1/5303
f 8240/1/5324 8219/1/5303 8238/1/5322
f 8226/1/5310 8157/1/5241 8160/1/5244
f 8226/1/5310 8160/1/5244 8240/1/5324
f 8237/1/5321 8236/1/5320 8241/1/5325
f 8237/1/5321 8241/1/5325 8225/1/5309
f 8151/1/5235 8150/1/5234 8235/1/5319
f 8151/1/5235 8235/1/5319 8234/1/5318
f 8162/1/5246 8151/1/5235 8234/1/5318
f 8162/1/5246 8234/1/5318 8242/1/5326
f 8225/1/5309 8241/1/5325 8158/1/5242
f 8225/1/5309 8158/1/5242 8157/1/5241
f 8150/1/5234 8156/1/5240 8212/1/5296
f 8150/1/5234 8212/1/5296 8235/1/5319
f 8235/1/5319 8212/1/5296 8211/1/5295
f 8235/1/5319 8211/1/5295 8236/1/5320
f 8236/1/5320 8211/1/5295 8118/1/5202
f 8236/1/5320 8118/1/5202 8241/1/5325
f 8243/1/5327 8237/1/5321 8225/1/5309
f 8243/1/5327 8225/1/5309 8224/1/5308
f 8242/1/5326 8234/1/5318 8237/1/5321
f 8242/1/5326 8237/1/5321 8243/1/5327
f 8193/1/5277 8244/1/5328 8245/1/5329
f 8193/1/5277 8245/1/5329 8194/1/5278
f 8246/6/5330 8247/6/5331 8167/6/5251
f 8246/6/5330 8167/6/5251 8166/6/5250
f 8248/1/5332 8249/1/5333 8116/1/5200
f 8248/1/5332 8116/1/5200 8190/1/5274
f 8250/1/5334 8251/1/5335 8252/1/5336
f 8250/1/5334 8252/1/5336 8253/1/5337
f 8254/6/5338 8255/6/5339 8256/6/5340
f 8254/6/5338 8256/6/5340 8257/6/5341
f 8258/6/5342 8259/6/5343 8247/6/5331
f 8258/6/5342 8247/6/5331 8246/6/5330
f 8194/1/5278 8245/1/5329 8249/1/5333
f 8194/1/5278 8249/1/5333 8248/1/5332
f 8244/1/5328 8233/1/5317 8232/1/5316
f 8244/1/5328 8232/1/5316 8245/1/5329
f 8245/1/5329 8232/1/5316 8231/1/5315
f 8245/1/5329 8231/1/5315 8249/1/5333
f 8249/1/5333 8231/1/5315 8117/1/5201
f 8249/1/5333 8117/1/5201 8116/1/5200
f 8256/6/5340 8246/6/5330 8166/6/5250
f 8256/6/5340 8166/6/5250 8222/6/5306
f 8222/6/5306 8223/6/5307 8260/6/5344
f 8222/6/5306 8260/6/5344 8261/6/5345
f 8251/1/5335 8262/1/5346 8263/1/5347
f 8251/1/5335 8263/1/5347 8252/1/5336
f 8264/1/5348 8265/1/5349 8266/1/5350
f 8264/1/5348 8266/1/5350 8267/1/5350
f 8268/6/5351 8269/6/5352 8164/6/5248
f 8268/6/5351 8164/6/5248 8270/6/5353
f 8269/6/5352 8271/6/5354 8140/6/5224
f 8269/6/5352 8140/6/5224 8164/6/5248
f 8272/6/5355 8273/6/5356 8274/6/5357
f 8272/6/5355 8274/6/5357 8275/6/5358
f 8276/6/5359 8277/6/5360 8269/6/5352
f 8276/6/5359 8269/6/5352 8268/6/5351
f 8277/6/5360 8278/6/5361 8271/6/5354
f 8277/6/5360 8271/6/5354 8269/6/5352
f 8279/1/5362 8280/1/5363 8281/1/5364
f 8279/1/5362 8281/1/5364 8282/1/5365
f 8283/1/5366 8267/1/5350 8266/1/5350
f 8283/1/5366 8266/1/5350 8284/1/5367
f 8271/6/5354 8285/6/5368 8141/6/5225
f 8271/6/5354 8141/6/5225 8140/6/5224
f 8274/6/5357 8268/6/5351 8270/6/5353
f 8274/6/5357 8270/6/5353 8214/6/5298
f 8286/1/5369 8287/1/5370 8288/1/5371
f 8286/1/5369 8288/1/5371 8289/1/5372
f 8290/6/5373 8291/6/5374 8292/6/5375
f 8290/6/5373 8292/6/5375 8183/6/5267
f 8293/6/5376 8294/6/5377 8291/6/5374
f 8293/6/5376 8291/6/5374 8290/6/5373
f 8262/1/5346 8283/1/5366 8284/1/5367
f 8262/1/5346 8284/1/5367 8263/1/5347
f 8270/6/5353 8164/6/5248 8165/6/5249
f 8270/6/5353 8165/6/5249 8295/6/5378
f 8296/6/5379 8297/6/5380 8298/6/5381
f 8296/6/5379 8298/6/5381 8299/6/5382
f 8264/1/5348 8279/1/5362 8282/1/5365
f 8264/1/5348 8282/1/5365 8265/1/5349
f 8291/6/5374 8299/6/5382 8130/6/5214
f 8291/6/5374 8130/6/5214 8292/6/5375
f 8285/6/5368 8290/6/5373 8183/6/5267
f 8285/6/5368 8183/6/5267 8141/6/5225
f 8278/6/5361 8300/6/5383 8285/6/5368
f 8278/6/5361 8285/6/5368 8271/6/5354
f 8228/1/5312 8202/1/5286 8205/1/5289
f 8228/1/5312 8205/1/5289 8229/1/5313
f 8230/1/5314 8229/1/5313 8301/1/5384
f 8230/1/5314 8301/1/5384 8302/1/5385
f 8303/6/5386 8275/6/5358 8217/6/5301
f 8303/6/5386 8217/6/5301 8304/6/5387
f 8305/1/5388 8306/1/5389 8307/1/5390
f 8305/1/5388 8307/1/5390 8308/1/5391
f 8239/1/5323 8227/1/5311 8230/1/5314
f 8239/1/5323 8230/1/5314 8238/1/5322
f 8309/6/5392 8272/6/5355 8275/6/5358
f 8309/6/5392 8275/6/5358 8303/6/5386
f 8302/1/5385 8301/1/5384 8305/1/5388
f 8302/1/5385 8305/1/5388 8308/1/5391
f 8203/1/5287 8250/1/5334 8253/1/5337
f 8203/1/5287 8253/1/5337 8204/1/5288
f 8273/6/5356 8276/6/5359 8268/6/5351
f 8273/6/5356 8268/6/5351 8274/6/5357
f 8275/6/5358 8274/6/5357 8214/6/5298
f 8275/6/5358 8214/6/5298 8217/6/5301
f 8280/1/5363 8310/1/5393 8311/1/5394
f 8280/1/5363 8311/1/5394 8281/1/5364
f 8217/6/5301 8216/6/5300 8312/6/5395
f 8217/6/5301 8312/6/5395 8304/6/5387
f 8308/1/5391 8307/1/5390 8224/1/5308
f 8308/1/5391 8224/1/5308 8226/1/5310
f 8300/6/5383 8293/6/5376 8290/6/5373
f 8300/6/5383 8290/6/5373 8285/6/5368
f 8240/1/5324 8302/1/5385 8308/1/5391
f 8240/1/5324 8308/1/5391 8226/1/5310
f 8238/1/5322 8230/1/5314 8302/1/5385
f 8238/1/5322 8302/1/5385 8240/1/5324
f 8310/1/5393 8286/1/5369 8289/1/5372
f 8310/1/5393 8289/1/5372 8311/1/5394
f 8313/1/5396 8314/1/5397 8315/1/5398
f 8313/1/5396 8315/1/5398 8316/1/5399
f 8298/6/5381 8317/6/5400 8318/6/5401
f 8298/6/5381 8318/6/5401 8127/6/5211
f 8317/6/5400 8257/6/5341 8261/6/5345
f 8317/6/5400 8261/6/5345 8318/6/5401
f 8294/6/5377 8296/6/5379 8299/6/5382
f 8294/6/5377 8299/6/5382 8291/6/5374
f 8297/6/5380 8319/6/5402 8317/6/5400
f 8297/6/5380 8317/6/5400 8298/6/5381
f 8319/6/5402 8254/6/5338 8257/6/5341
f 8319/6/5402 8257/6/5341 8317/6/5400
f 8287/1/5370 8192/1/5276 8195/1/5279
f 8287/1/5370 8195/1/5279 8288/1/5371
f 8255/6/5339 8258/6/5342 8246/6/5330
f 8255/6/5339 8246/6/5330 8256/6/5340
f 8257/6/5341 8256/6/5340 8222/6/5306
f 8257/6/5341 8222/6/5306 8261/6/5345
f 8307/1/5390 8306/1/5389 8320/1/5403
f 8307/1/5390 8320/1/5403 8321/1/5404
f 8314/1/5397 8206/1/5290 8209/1/5293
f 8314/1/5397 8209/1/5293 8315/1/5398
f 8292/6/5375 8130/6/5214 8129/6/5213
f 8292/6/5375 8129/6/5213 8322/6/5405
f 8214/6/5298 8270/6/5353 8295/6/5378
f 8214/6/5298 8295/6/5378 8215/6/5299
f 8299/6/5382 8298/6/5381 8127/6/5211
f 8299/6/5382 8127/6/5211 8130/6/5214
f 8182/1/5266 8120/1/5204 8122/1/5206
f 8182/1/5266 8122/1/5206 8174/1/5258
f 8318/6/5401 8323/6/5406 8128/6/5212
f 8318/6/5401 8128/6/5212 8127/6/5211
f 8261/6/5345 8260/6/5344 8323/6/5406
f 8261/6/5345 8323/6/5406 8318/6/5401
f 8316/1/5399 8315/1/5398 8324/1/5407
f 8316/1/5399 8324/1/5407 8325/1/5408
f 8315/1/5398 8209/1/5293 8326/1/5409
f 8315/1/5398 8326/1/5409 8324/1/5407
f 8207/1/5291 8210/1/5294 8196/1/5280
f 8207/1/5291 8196/1/5280 8208/1/5292
f 8209/1/5293 8208/1/5292 8213/1/5297
f 8209/1/5293 8213/1/5297 8326/1/5409
f 8326/1/5409 8213/1/5297 8152/1/5236
f 8326/1/5409 8152/1/5236 8327/1/5410
f 8324/1/5407 8326/1/5409 8327/1/5410
f 8324/1/5407 8327/1/5410 8328/1/5411
f 8325/1/5408 8324/1/5407 8328/1/5411
f 8325/1/5408 8328/1/5411 8329/1/5412
f 8132/1/5216 8325/1/5408 8329/1/5412
f 8132/1/5216 8329/1/5412 8133/1/5217
f 8131/1/5215 8316/1/5399 8325/1/5408
f 8131/1/5215 8325/1/5408 8132/1/5216
f 8189/1/5273 8330/1/5413 8131/1/5215
f 8189/1/5273 8131/1/5215 8111/1/5195
f 8306/1/5389 8176/1/5260 8179/1/5263
f 8306/1/5389 8179/1/5263 8320/1/5403
f 8321/1/5404 8320/1/5403 8331/1/5414
f 8321/1/5404 8331/1/5414 8332/1/5415
f 8320/1/5403 8179/1/5263 8333/1/5416
f 8320/1/5403 8333/1/5416 8331/1/5414
f 8177/1/5261 8180/1/5264 8170/1/5254
f 8177/1/5261 8170/1/5254 8178/1/5262
f 8179/1/5263 8178/1/5262 8188/1/5272
f 8179/1/5263 8188/1/5272 8333/1/5416
f 8333/1/5416 8188/1/5272 8148/1/5232
f 8333/1/5416 8148/1/5232 8149/1/5233
f 8331/1/5414 8333/1/5416 8149/1/5233
f 8331/1/5414 8149/1/5233 8163/1/5247
f 8332/1/5415 8331/1/5414 8163/1/5247
f 8332/1/5415 8163/1/5247 8161/1/5245
f 8242/1/5326 8332/1/5415 8161/1/5245
f 8242/1/5326 8161/1/5245 8162/1/5246
f 8243/1/5327 8321/1/5404 8332/1/5415
f 8243/1/5327 8332/1/5415 8242/1/5326
f 8224/1/5308 8307/1/5390 8321/1/5404
f 8224/1/5308 8321/1/5404 8243/1/5327
f 8126/1/5210 8125/1/5209 8334/1/5417
f 8126/1/5210 8334/1/5417 8335/1/5418
f 8114/1/5198 8124/1/5208 8123/1/5207
f 8114/1/5198 8123/1/5207 8115/1/5199
f 8139/1/5223 8115/1/5199 8123/1/5207
f 8139/1/5223 8123/1/5207 8185/1/5269
f 8335/1/5418 8334/1/5417 8146/1/5230
f 8335/1/5418 8146/1/5230 8147/1/5231
f 8114/1/5198 8133/1/5217 8329/1/5412
f 8114/1/5198 8329/1/5412 8124/1/5208
f 8124/1/5208 8329/1/5412 8328/1/5411
f 8124/1/5208 8328/1/5411 8125/1/5209
f 8125/1/5209 8328/1/5411 8327/1/5410
f 8125/1/5209 8327/1/5410 8334/1/5417
f 8334/1/5417 8327/1/5410 8152/1/5236
f 8334/1/5417 8152/1/5236 8146/1/5230
f 8187/1/5271 8335/1/5418 8147/1/5231
f 8187/1/5271 8147/1/5231 8148/1/5232
f 8186/1/5270 8126/1/5210 8335/1/5418
f 8186/1/5270 8335/1/5418 8187/1/5271
f 8185/1/5269 8123/1/5207 8126/1/5210
f 8185/1/5269 8126/1/5210 8186/1/5270
f 8241/1/5325 8118/1/5202 8117/1/5201
f 8241/1/5325 8117/1/5201 8158/1/5242
f 8183/6/5267 8292/6/5375 8322/6/5405
f 8183/6/5267 8322/6/5405 8184/6/5268
f 8336/2/5268 8337/2/5405 8338/2/5419
f 8336/2/5268 8338/2/5419 8339/2/5420
f 8340/2/5413 8338/2/5419 8337/2/5405
f 8340/2/5413 8337/2/5405 8341/2/5421
f 8342/2/5422 8336/2/5268 8339/2/5420
f 8342/2/5422 8339/2/5420 8343/2/5423
f 8344/2/5378 8345/2/5249 8346/2/5265
f 8344/2/5378 8346/2/5265 8347/2/5264
f 8345/2/5249 8348/2/5227 8349/2/5266
f 8345/2/5249 8349/2/5266 8346/2/5265
f 8343/2/5423 8349/2/5266 8348/2/5227
f 8343/2/5423 8348/2/5227 8342/2/5422
f 8350/2/5299 8344/2/5378 8347/2/5264
f 8350/2/5299 8347/2/5264 8351/2/5261
f 8352/2/5253 8353/2/5424 8354/2/5275
f 8352/2/5253 8354/2/5275 8355/2/5294
f 8356/2/5307 8352/2/5253 8355/2/5294
f 8356/2/5307 8355/2/5294 8357/2/5291
f 8358/2/5425 8359/2/5426 8360/2/5343
f 8358/2/5425 8360/2/5343 8361/2/5342
f 8359/2/5426 8362/2/5332 8363/2/5331
f 8359/2/5426 8363/2/5331 8360/2/5343
f 8362/2/5332 8364/2/5274 8365/2/5427
f 8362/2/5332 8365/2/5427 8363/2/5331
f 8353/2/5424 8365/2/5427 8364/2/5274
f 8353/2/5424 8364/2/5274 8354/2/5275
f 8366/2/5428 8358/2/5425 8361/2/5342
f 8366/2/5428 8361/2/5342 8367/2/5429
f 8368/2/5430 8369/2/5431 8370/2/5432
f 8368/2/5430 8370/2/5432 8371/2/5433
f 8369/2/5431 8372/2/5347 8373/2/5434
f 8369/2/5431 8373/2/5434 8370/2/5432
f 8374/2/5435 8373/2/5434 8372/2/5347
f 8374/2/5435 8372/2/5347 8375/2/5436
f 8376/2/5437 8368/2/5430 8371/2/5433
f 8376/2/5437 8371/2/5433 8377/2/5438
f 8378/2/5439 8379/2/5349 8380/2/5440
f 8378/2/5439 8380/2/5440 8381/2/5376
f 8382/2/5379 8380/2/5440 8379/2/5349
f 8382/2/5379 8379/2/5349 8383/2/5441
f 8375/2/5436 8378/2/5439 8381/2/5376
f 8375/2/5436 8381/2/5376 8374/2/5435
f 8384/2/5313 8385/2/5289 8386/2/5442
f 8384/2/5313 8386/2/5442 8387/2/5392
f 8387/2/5392 8388/2/5386 8389/2/5384
f 8387/2/5392 8389/2/5384 8384/2/5313
f 8388/2/5386 8390/2/5443 8391/2/5444
f 8388/2/5386 8391/2/5444 8389/2/5384
f 8377/2/5438 8386/2/5442 8385/2/5289
f 8377/2/5438 8385/2/5289 8376/2/5437
f 8392/2/5445 8393/2/5394 8394/2/5402
f 8392/2/5445 8394/2/5402 8395/2/5446
f 8393/2/5394 8396/2/5447 8397/2/5338
f 8393/2/5394 8397/2/5338 8394/2/5402
f 8367/2/5429 8397/2/5338 8396/2/5447
f 8367/2/5429 8396/2/5447 8366/2/5428
f 8383/2/5441 8392/2/5445 8395/2/5446
f 8383/2/5441 8395/2/5446 8382/2/5379
f 8398/2/5212 8399/2/5406 8400/2/5448
f 8398/2/5212 8400/2/5448 8401/2/5396
f 8399/2/5406 8402/2/5449 8403/2/5290
f 8399/2/5406 8403/2/5290 8400/2/5448
f 8357/2/5291 8403/2/5290 8402/2/5449
f 8357/2/5291 8402/2/5449 8356/2/5307
f 8341/2/5421 8398/2/5212 8401/2/5396
f 8341/2/5421 8401/2/5396 8340/2/5413
f 8404/2/5395 8405/2/5450 8406/2/5260
f 8404/2/5395 8406/2/5260 8407/2/5389
f 8390/2/5443 8404/2/5395 8407/2/5389
f 8390/2/5443 8407/2/5389 8391/2/5444
f 8351/2/5261 8406/2/5260 8405/2/5450
f 8351/2/5261 8405/2/5450 8350/2/5299
f 8330/1/5413 8313/1/5396 8316/1/5399
f 8330/1/5413 8316/1/5399 8131/1/5215
f 8408/1/5451 8409/1/5452 8410/1/5453
f 8408/1/5451 8410/1/5453 8411/1/5454
f 8409/1/5452 8412/1/5455 8413/1/5456
f 8409/1/5452 8413/1/5456 8410/1/5453
f 8414/1/5457 8415/1/5458 8416/1/5459
f 8414/1/5457 8416/1/5459 8417/1/5460
f 8418/1/5461 8419/1/5462 8408/1/5451
f 8418/1/5461 8408/1/5451 8420/1/5463
f 8421/1/5464 8422/1/5465 8423/1/5466
f 8421/1/5464 8423/1/5466 8424/1/5467
f 8425/6/5468 8426/6/5469 8427/6/5470
f 8425/6/5468 8427/6/5470 8428/6/5471
f 8411/1/5454 8410/1/5453 8429/1/5472
f 8411/1/5454 8429/1/5472 8430/1/5473
f 8410/1/5453 8413/1/5456 8431/1/5474
f 8410/1/5453 8431/1/5474 8429/1/5472
f 8432/1/5475 8433/1/5476 8434/1/5477
f 8432/1/5475 8434/1/5477 8435/1/5478
f 8436/1/5479 8437/1/5480 8412/1/5455
f 8436/1/5479 8412/1/5455 8409/1/5452
f 8419/1/5462 8436/1/5479 8409/1/5452
f 8419/1/5462 8409/1/5452 8408/1/5451
f 8438/6/5481 8439/6/5482 8440/6/5483
f 8438/6/5481 8440/6/5483 8441/6/5484
f 8433/1/5476 8442/1/5485 8443/1/5486
f 8433/1/5476 8443/1/5486 8434/1/5477
f 8444/1/5487 8445/1/5488 8432/1/5475
f 8444/1/5487 8432/1/5475 8435/1/5478
f 8446/1/5489 8447/1/5490 8432/1/5475
f 8446/1/5489 8432/1/5475 8445/1/5488
f 8442/1/5485 8448/1/5491 8449/1/5492
f 8442/1/5485 8449/1/5492 8443/1/5486
f 8444/1/5487 8435/1/5478 8450/1/5493
f 8444/1/5487 8450/1/5493 8451/1/5494
f 8435/1/5478 8434/1/5477 8452/1/5495
f 8435/1/5478 8452/1/5495 8450/1/5493
f 8434/1/5477 8443/1/5486 8453/1/5496
f 8434/1/5477 8453/1/5496 8452/1/5495
f 8443/1/5486 8449/1/5492 8454/1/5497
f 8443/1/5486 8454/1/5497 8453/1/5496
f 8455/1/5498 8456/1/5499 8457/1/5500
f 8455/1/5498 8457/1/5500 8458/1/5501
f 8459/1/5502 8460/1/5503 8448/1/5491
f 8459/1/5502 8448/1/5491 8442/1/5485
f 8461/1/5504 8459/1/5502 8442/1/5485
f 8461/1/5504 8442/1/5485 8433/1/5476
f 8447/1/5490 8461/1/5504 8433/1/5476
f 8447/1/5490 8433/1/5476 8432/1/5475
f 8462/6/5505 8463/6/5506 8439/6/5482
f 8462/6/5505 8439/6/5482 8438/6/5481
f 8464/6/5507 8465/6/5508 8466/6/5509
f 8464/6/5507 8466/6/5509 8467/6/5510
f 8468/1/5511 8469/1/5512 8470/1/5513
f 8468/1/5511 8470/1/5513 8471/1/5514
f 8471/1/5514 8470/1/5513 8472/1/5515
f 8471/1/5514 8472/1/5515 8473/1/5516
f 8474/1/5517 8475/1/5518 8476/1/5519
f 8474/1/5517 8476/1/5519 8477/1/5520
f 8478/1/5521 8468/1/5511 8471/1/5514
f 8478/1/5521 8471/1/5514 8479/1/5522
f 8479/1/5522 8471/1/5514 8473/1/5516
f 8479/1/5522 8473/1/5516 8480/1/5523
f 8441/6/5484 8440/6/5483 8481/6/5524
f 8441/6/5484 8481/6/5524 8482/6/5525
f 8473/1/5516 8472/1/5515 8436/1/5479
f 8473/1/5516 8436/1/5479 8419/1/5462
f 8472/1/5515 8483/1/5526 8437/1/5480
f 8472/1/5515 8437/1/5480 8436/1/5479
f 8470/1/5513 8484/1/5527 8483/1/5526
f 8470/1/5513 8483/1/5526 8472/1/5515
f 8469/1/5512 8485/1/5528 8484/1/5527
f 8469/1/5512 8484/1/5527 8470/1/5513
f 8486/1/5529 8446/1/5489 8485/1/5528
f 8486/1/5529 8485/1/5528 8469/1/5512
f 8476/1/5519 8486/1/5529 8469/1/5512
f 8476/1/5519 8469/1/5512 8468/1/5511
f 8420/1/5463 8408/1/5451 8411/1/5454
f 8420/1/5463 8411/1/5454 8487/1/5530
f 8488/1/5531 8489/1/5532 8415/1/5458
f 8488/1/5531 8415/1/5458 8414/1/5457
f 8490/1/5533 8491/1/5534 8492/1/5535
f 8490/1/5533 8492/1/5535 8493/1/5536
f 8494/1/5537 8495/1/5538 8496/1/5539
f 8494/1/5537 8496/1/5539 8497/1/5540
f 8497/1/5540 8496/1/5539 8498/1/5541
f 8497/1/5540 8498/1/5541 8499/1/5542
f 8500/1/5543 8501/1/5544 8502/1/5545
f 8500/1/5543 8502/1/5545 8503/1/5546
f 8504/1/5547 8505/1/5548 8506/1/5549
f 8504/1/5547 8506/1/5549 8507/1/5550
f 8508/1/5551 8494/1/5537 8497/1/5540
f 8508/1/5551 8497/1/5540 8489/1/5532
f 8489/1/5532 8497/1/5540 8499/1/5542
f 8489/1/5532 8499/1/5542 8415/1/5458
f 8415/1/5458 8499/1/5542 8509/1/5552
f 8415/1/5458 8509/1/5552 8416/1/5459
f 8499/1/5542 8498/1/5541 8510/1/5553
f 8499/1/5542 8510/1/5553 8509/1/5552
f 8498/1/5541 8453/1/5496 8454/1/5497
f 8498/1/5541 8454/1/5497 8510/1/5553
f 8496/1/5539 8452/1/5495 8453/1/5496
f 8496/1/5539 8453/1/5496 8498/1/5541
f 8495/1/5538 8450/1/5493 8452/1/5495
f 8495/1/5538 8452/1/5495 8496/1/5539
f 8511/1/5554 8451/1/5494 8450/1/5493
f 8511/1/5554 8450/1/5493 8495/1/5538
f 8506/1/5549 8511/1/5554 8495/1/5538
f 8506/1/5549 8495/1/5538 8494/1/5537
f 8512/6/5555 8513/6/5556 8514/6/5557
f 8512/6/5555 8514/6/5557 8515/6/5558
f 8456/1/5499 8516/1/5559 8517/1/5560
f 8456/1/5499 8517/1/5560 8457/1/5500
f 8516/1/5559 8518/1/5561 8519/1/5562
f 8516/1/5559 8519/1/5562 8517/1/5560
f 8520/6/5563 8521/6/5564 8465/6/5508
f 8520/6/5563 8465/6/5508 8464/6/5507
f 8522/1/5565 8523/1/5566 8455/1/5498
f 8522/1/5565 8455/1/5498 8524/1/5567
f 8525/1/5568 8526/1/5569 8527/1/5570
f 8525/1/5568 8527/1/5570 8528/1/5571
f 8458/1/5501 8457/1/5500 8529/1/5572
f 8458/1/5501 8529/1/5572 8417/1/5460
f 8457/1/5500 8517/1/5560 8530/1/5573
f 8457/1/5500 8530/1/5573 8529/1/5572
f 8517/1/5560 8519/1/5562 8531/1/5574
f 8517/1/5560 8531/1/5574 8530/1/5573
f 8532/1/5575 8533/1/5576 8534/1/5577
f 8532/1/5575 8534/1/5577 8535/1/5578
f 8536/1/5579 8537/1/5580 8518/1/5561
f 8536/1/5579 8518/1/5561 8516/1/5559
f 8538/1/5581 8536/1/5579 8516/1/5559
f 8538/1/5581 8516/1/5559 8456/1/5499
f 8523/1/5566 8538/1/5581 8456/1/5499
f 8523/1/5566 8456/1/5499 8455/1/5498
f 8533/1/5576 8524/1/5567 8539/1/5582
f 8533/1/5576 8539/1/5582 8534/1/5577
f 8448/1/5491 8532/1/5575 8535/1/5578
f 8448/1/5491 8535/1/5578 8449/1/5492
f 8460/1/5503 8540/1/5583 8532/1/5575
f 8460/1/5503 8532/1/5575 8448/1/5491
f 8524/1/5567 8455/1/5498 8458/1/5501
f 8524/1/5567 8458/1/5501 8539/1/5582
f 8449/1/5492 8535/1/5578 8510/1/5553
f 8449/1/5492 8510/1/5553 8454/1/5497
f 8535/1/5578 8534/1/5577 8509/1/5552
f 8535/1/5578 8509/1/5552 8510/1/5553
f 8534/1/5577 8539/1/5582 8416/1/5459
f 8534/1/5577 8416/1/5459 8509/1/5552
f 8541/1/5584 8522/1/5565 8524/1/5567
f 8541/1/5584 8524/1/5567 8533/1/5576
f 8540/1/5583 8541/1/5584 8533/1/5576
f 8540/1/5583 8533/1/5576 8532/1/5575
f 8493/1/5536 8492/1/5535 8542/1/5585
f 8493/1/5536 8542/1/5585 8543/1/5586
f 8544/6/5587 8464/6/5507 8467/6/5510
f 8544/6/5587 8467/6/5510 8545/6/5588
f 8546/1/5589 8488/1/5531 8414/1/5457
f 8546/1/5589 8414/1/5457 8547/1/5590
f 8548/1/5591 8549/1/5592 8550/1/5593
f 8548/1/5591 8550/1/5593 8551/1/5594
f 8552/6/5595 8553/6/5596 8554/6/5597
f 8552/6/5595 8554/6/5597 8555/6/5598
f 8556/6/5599 8544/6/5587 8545/6/5588
f 8556/6/5599 8545/6/5588 8557/6/5600
f 8492/1/5535 8546/1/5589 8547/1/5590
f 8492/1/5535 8547/1/5590 8542/1/5585
f 8543/1/5586 8542/1/5585 8530/1/5573
f 8543/1/5586 8530/1/5573 8531/1/5574
f 8542/1/5585 8547/1/5590 8529/1/5572
f 8542/1/5585 8529/1/5572 8530/1/5573
f 8547/1/5590 8414/1/5457 8417/1/5460
f 8547/1/5590 8417/1/5460 8529/1/5572
f 8554/6/5597 8520/6/5563 8464/6/5507
f 8554/6/5597 8464/6/5507 8544/6/5587
f 8520/6/5563 8558/6/5601 8559/6/5602
f 8520/6/5563 8559/6/5602 8521/6/5564
f 8551/1/5594 8550/1/5593 8560/1/5603
f 8551/1/5594 8560/1/5603 8561/1/5604
f 8562/1/5605 8563/1/5350 8564/1/5606
f 8562/1/5605 8564/1/5606 8565/1/5607
f 8566/6/5608 8567/6/5609 8462/6/5505
f 8566/6/5608 8462/6/5505 8568/6/5610
f 8568/6/5610 8462/6/5505 8438/6/5481
f 8568/6/5610 8438/6/5481 8569/6/5611
f 8570/6/5612 8571/6/5613 8572/6/5614
f 8570/6/5612 8572/6/5614 8573/6/5615
f 8574/6/5616 8566/6/5608 8568/6/5610
f 8574/6/5616 8568/6/5610 8575/6/5617
f 8575/6/5617 8568/6/5610 8569/6/5611
f 8575/6/5617 8569/6/5611 8576/6/5618
f 8577/1/5619 8578/1/5620 8579/1/5621
f 8577/1/5619 8579/1/5621 8580/1/5622
f 8581/1/5623 8582/1/5624 8564/1/5606
f 8581/1/5623 8564/1/5606 8563/1/5350
f 8569/6/5611 8438/6/5481 8441/6/5484
f 8569/6/5611 8441/6/5484 8583/6/5625
f 8572/6/5614 8512/6/5555 8567/6/5609
f 8572/6/5614 8567/6/5609 8566/6/5608
f 8584/1/5626 8585/1/5627 8586/1/5628
f 8584/1/5626 8586/1/5628 8587/1/5629
f 8588/6/5630 8482/6/5525 8589/6/5631
f 8588/6/5630 8589/6/5631 8590/6/5632
f 8591/6/5633 8588/6/5630 8590/6/5632
f 8591/6/5633 8590/6/5632 8592/6/5634
f 8561/1/5604 8560/1/5603 8582/1/5624
f 8561/1/5604 8582/1/5624 8581/1/5623
f 8567/6/5609 8593/6/5635 8463/6/5506
f 8567/6/5609 8463/6/5506 8462/6/5505
f 8594/6/5636 8595/6/5637 8596/6/5638
f 8594/6/5636 8596/6/5638 8597/6/5639
f 8562/1/5605 8565/1/5607 8578/1/5620
f 8562/1/5605 8578/1/5620 8577/1/5619
f 8590/6/5632 8589/6/5631 8426/6/5469
f 8590/6/5632 8426/6/5469 8595/6/5637
f 8583/6/5625 8441/6/5484 8482/6/5525
f 8583/6/5625 8482/6/5525 8588/6/5630
f 8576/6/5618 8569/6/5611 8583/6/5625
f 8576/6/5618 8583/6/5625 8598/6/5640
f 8528/1/5571 8527/1/5570 8501/1/5544
f 8528/1/5571 8501/1/5544 8500/1/5543
f 8526/1/5569 8599/1/5641 8600/1/5642
f 8526/1/5569 8600/1/5642 8527/1/5570
f 8601/6/5643 8602/6/5644 8513/6/5556
f 8601/6/5643 8513/6/5556 8571/6/5613
f 8603/1/5645 8604/1/5646 8605/1/5647
f 8603/1/5645 8605/1/5647 8606/1/5648
f 8537/1/5580 8536/1/5579 8526/1/5569
f 8537/1/5580 8526/1/5569 8525/1/5568
f 8607/6/5649 8601/6/5643 8571/6/5613
f 8607/6/5649 8571/6/5613 8570/6/5612
f 8599/1/5641 8604/1/5646 8603/1/5645
f 8599/1/5641 8603/1/5645 8600/1/5642
f 8503/1/5546 8502/1/5545 8549/1/5592
f 8503/1/5546 8549/1/5592 8548/1/5591
f 8573/6/5615 8572/6/5614 8566/6/5608
f 8573/6/5615 8566/6/5608 8574/6/5616
f 8571/6/5613 8513/6/5556 8512/6/5555
f 8571/6/5613 8512/6/5555 8572/6/5614
f 8580/1/5622 8579/1/5621 8608/1/5650
f 8580/1/5622 8608/1/5650 8609/1/5651
f 8513/6/5556 8602/6/5644 8610/6/5652
f 8513/6/5556 8610/6/5652 8514/6/5557
f 8604/1/5646 8523/1/5566 8522/1/5565
f 8604/1/5646 8522/1/5565 8605/1/5647
f 8598/6/5640 8583/6/5625 8588/6/5630
f 8598/6/5640 8588/6/5630 8591/6/5633
f 8538/1/5581 8523/1/5566 8604/1/5646
f 8538/1/5581 8604/1/5646 8599/1/5641
f 8536/1/5579 8538/1/5581 8599/1/5641
f 8536/1/5579 8599/1/5641 8526/1/5569
f 8609/1/5651 8608/1/5650 8585/1/5627
f 8609/1/5651 8585/1/5627 8584/1/5626
f 8611/1/5653 8612/1/5654 8613/1/5655
f 8611/1/5653 8613/1/5655 8614/1/5656
f 8596/6/5638 8425/6/5468 8615/6/5657
f 8596/6/5638 8615/6/5657 8616/6/5658
f 8616/6/5658 8615/6/5657 8558/6/5601
f 8616/6/5658 8558/6/5601 8553/6/5596
f 8592/6/5634 8590/6/5632 8595/6/5637
f 8592/6/5634 8595/6/5637 8594/6/5636
f 8597/6/5639 8596/6/5638 8616/6/5658
f 8597/6/5639 8616/6/5658 8617/6/5659
f 8617/6/5659 8616/6/5658 8553/6/5596
f 8617/6/5659 8553/6/5596 8552/6/5595
f 8587/1/5629 8586/1/5628 8491/1/5534
f 8587/1/5629 8491/1/5534 8490/1/5533
f 8555/6/5598 8554/6/5597 8544/6/5587
f 8555/6/5598 8544/6/5587 8556/6/5599
f 8553/6/5596 8558/6/5601 8520/6/5563
f 8553/6/5596 8520/6/5563 8554/6/5597
f 8605/1/5647 8618/1/5660 8619/1/5661
f 8605/1/5647 8619/1/5661 8606/1/5648
f 8614/1/5656 8613/1/5655 8505/1/5548
f 8614/1/5656 8505/1/5548 8504/1/5547
f 8589/6/5631 8620/6/5662 8427/6/5470
f 8589/6/5631 8427/6/5470 8426/6/5469
f 8512/6/5555 8515/6/5558 8593/6/5635
f 8512/6/5555 8593/6/5635 8567/6/5609
f 8595/6/5637 8426/6/5469 8425/6/5468
f 8595/6/5637 8425/6/5468 8596/6/5638
f 8480/1/5523 8473/1/5516 8419/1/5462
f 8480/1/5523 8419/1/5462 8418/1/5461
f 8615/6/5657 8425/6/5468 8428/6/5471
f 8615/6/5657 8428/6/5471 8621/6/5663
f 8558/6/5601 8615/6/5657 8621/6/5663
f 8558/6/5601 8621/6/5663 8559/6/5602
f 8612/1/5654 8622/1/5664 8623/1/5665
f 8612/1/5654 8623/1/5665 8613/1/5655
f 8613/1/5655 8623/1/5665 8624/1/5666
f 8613/1/5655 8624/1/5666 8505/1/5548
f 8507/1/5550 8506/1/5549 8494/1/5537
f 8507/1/5550 8494/1/5537 8508/1/5551
f 8505/1/5548 8624/1/5666 8511/1/5554
f 8505/1/5548 8511/1/5554 8506/1/5549
f 8624/1/5666 8625/1/5667 8451/1/5494
f 8624/1/5666 8451/1/5494 8511/1/5554
f 8623/1/5665 8626/1/5668 8625/1/5667
f 8623/1/5665 8625/1/5667 8624/1/5666
f 8622/1/5664 8627/1/5669 8626/1/5668
f 8622/1/5664 8626/1/5668 8623/1/5665
f 8429/1/5472 8431/1/5474 8627/1/5669
f 8429/1/5472 8627/1/5669 8622/1/5664
f 8430/1/5473 8429/1/5472 8622/1/5664
f 8430/1/5473 8622/1/5664 8612/1/5654
f 8487/1/5530 8411/1/5454 8430/1/5473
f 8487/1/5530 8430/1/5473 8628/1/5670
f 8606/1/5648 8619/1/5661 8475/1/5518
f 8606/1/5648 8475/1/5518 8474/1/5517
f 8618/1/5660 8629/1/5671 8630/1/5672
f 8618/1/5660 8630/1/5672 8619/1/5661
f 8619/1/5661 8630/1/5672 8631/1/5673
f 8619/1/5661 8631/1/5673 8475/1/5518
f 8477/1/5520 8476/1/5519 8468/1/5511
f 8477/1/5520 8468/1/5511 8478/1/5521
f 8475/1/5518 8631/1/5673 8486/1/5529
f 8475/1/5518 8486/1/5529 8476/1/5519
f 8631/1/5673 8447/1/5490 8446/1/5489
f 8631/1/5673 8446/1/5489 8486/1/5529
f 8630/1/5672 8461/1/5504 8447/1/5490
f 8630/1/5672 8447/1/5490 8631/1/5673
f 8629/1/5671 8459/1/5502 8461/1/5504
f 8629/1/5671 8461/1/5504 8630/1/5672
f 8540/1/5583 8460/1/5503 8459/1/5502
f 8540/1/5583 8459/1/5502 8629/1/5671
f 8541/1/5584 8540/1/5583 8629/1/5671
f 8541/1/5584 8629/1/5671 8618/1/5660
f 8522/1/5565 8541/1/5584 8618/1/5660
f 8522/1/5565 8618/1/5660 8605/1/5647
f 8422/1/5465 8632/1/5674 8633/1/5675
f 8422/1/5465 8633/1/5675 8423/1/5466
f 8413/1/5456 8412/1/5455 8421/1/5464
f 8413/1/5456 8421/1/5464 8424/1/5467
f 8437/1/5480 8483/1/5526 8421/1/5464
f 8437/1/5480 8421/1/5464 8412/1/5455
f 8632/1/5674 8445/1/5488 8444/1/5487
f 8632/1/5674 8444/1/5487 8633/1/5675
f 8413/1/5456 8424/1/5467 8627/1/5669
f 8413/1/5456 8627/1/5669 8431/1/5474
f 8424/1/5467 8423/1/5466 8626/1/5668
f 8424/1/5467 8626/1/5668 8627/1/5669
f 8423/1/5466 8633/1/5675 8625/1/5667
f 8423/1/5466 8625/1/5667 8626/1/5668
f 8633/1/5675 8444/1/5487 8451/1/5494
f 8633/1/5675 8451/1/5494 8625/1/5667
f 8485/1/5528 8446/1/5489 8445/1/5488
f 8485/1/5528 8445/1/5488 8632/1/5674
f 8484/1/5527 8485/1/5528 8632/1/5674
f 8484/1/5527 8632/1/5674 8422/1/5465
f 8483/1/5526 8484/1/5527 8422/1/5465
f 8483/1/5526 8422/1/5465 8421/1/5464
f 8539/1/5582 8458/1/5501 8417/1/5460
f 8539/1/5582 8417/1/5460 8416/1/5459
f 8482/6/5525 8481/6/5524 8620/6/5662
f 8482/6/5525 8620/6/5662 8589/6/5631
f 8634/2/5676 8635/2/5463 8636/2/5530
f 8634/2/5676 8636/2/5530 8637/2/5662
f 8638/2/5670 8639/2/5677 8637/2/5662
f 8638/2/5670 8637/2/5662 8636/2/5530
f 8640/2/5483 8641/2/5461 8635/2/5463
f 8640/2/5483 8635/2/5463 8634/2/5676
f 8642/2/5635 8643/2/5521 8644/2/5522
f 8642/2/5635 8644/2/5522 8645/2/5678
f 8645/2/5678 8644/2/5522 8646/2/5523
f 8645/2/5678 8646/2/5523 8647/2/5679
f 8641/2/5461 8640/2/5483 8647/2/5679
f 8641/2/5461 8647/2/5679 8646/2/5523
f 8648/2/5558 8649/2/5680 8643/2/5521
f 8648/2/5558 8643/2/5521 8642/2/5635
f 8650/2/5681 8651/2/5551 8652/2/5532
f 8650/2/5681 8652/2/5532 8653/2/5682
f 8654/2/5564 8655/2/5550 8651/2/5551
f 8654/2/5564 8651/2/5551 8650/2/5681
f 8656/2/5683 8657/2/5599 8658/2/5684
f 8656/2/5683 8658/2/5684 8659/2/5685
f 8659/2/5685 8658/2/5684 8660/2/5588
f 8659/2/5685 8660/2/5588 8661/2/5686
f 8661/2/5686 8660/2/5588 8662/2/5510
f 8661/2/5686 8662/2/5510 8663/2/5531
f 8653/2/5682 8652/2/5532 8663/2/5531
f 8653/2/5682 8663/2/5531 8662/2/5510
f 8664/2/5687 8665/2/5688 8657/2/5599
f 8664/2/5687 8657/2/5599 8656/2/5683
f 8666/2/5592 8667/2/5689 8668/2/5690
f 8666/2/5592 8668/2/5690 8669/2/5691
f 8669/2/5691 8668/2/5690 8670/2/5618
f 8669/2/5691 8670/2/5618 8671/2/5603
f 8672/2/5640 8673/2/5692 8671/2/5603
f 8672/2/5640 8671/2/5603 8670/2/5618
f 8674/2/5545 8675/2/5693 8667/2/5689
f 8674/2/5545 8667/2/5689 8666/2/5592
f 8676/2/5694 8677/2/5695 8678/2/5696
f 8676/2/5694 8678/2/5696 8679/2/5607
f 8680/2/5636 8681/2/5697 8679/2/5607
f 8680/2/5636 8679/2/5607 8678/2/5696
f 8673/2/5692 8672/2/5640 8677/2/5695
f 8673/2/5692 8677/2/5695 8676/2/5694
f 8682/2/5570 8683/2/5649 8684/2/5698
f 8682/2/5570 8684/2/5698 8685/2/5544
f 8683/2/5649 8682/2/5570 8686/2/5642
f 8683/2/5649 8686/2/5642 8687/2/5643
f 8687/2/5643 8686/2/5642 8688/2/5699
f 8687/2/5643 8688/2/5699 8689/2/5644
f 8675/2/5693 8674/2/5545 8685/2/5544
f 8675/2/5693 8685/2/5544 8684/2/5698
f 8690/2/5700 8691/2/5639 8692/2/5659
f 8690/2/5700 8692/2/5659 8693/2/5650
f 8693/2/5650 8692/2/5659 8694/2/5701
f 8693/2/5650 8694/2/5701 8695/2/5702
f 8665/2/5688 8664/2/5687 8695/2/5702
f 8665/2/5688 8695/2/5702 8694/2/5701
f 8681/2/5697 8680/2/5636 8691/2/5639
f 8681/2/5697 8691/2/5639 8690/2/5700
f 8696/2/5471 8697/2/5653 8698/2/5703
f 8696/2/5471 8698/2/5703 8699/2/5704
f 8699/2/5704 8698/2/5703 8700/2/5547
f 8699/2/5704 8700/2/5547 8701/2/5602
f 8655/2/5550 8654/2/5564 8701/2/5602
f 8655/2/5550 8701/2/5602 8700/2/5547
f 8639/2/5677 8638/2/5670 8697/2/5653
f 8639/2/5677 8697/2/5653 8696/2/5471
f 8702/2/5652 8703/2/5648 8704/2/5705
f 8702/2/5652 8704/2/5705 8705/2/5557
f 8689/2/5644 8688/2/5699 8703/2/5648
f 8689/2/5644 8703/2/5648 8702/2/5652
f 8649/2/5680 8648/2/5558 8705/2/5557
f 8649/2/5680 8705/2/5557 8704/2/5705
f 8628/1/5670 8430/1/5473 8612/1/5654
f 8628/1/5670 8612/1/5654 8611/1/5653
f 289/2/219 425/2/355 290/2/220
f 425/2/355 289/2/219 299/2/229
f 425/2/355 299/2/229 419/2/349
f 419/2/349 299/2/229 305/2/235
f 419/2/349 305/2/235 413/2/343
f 413/2/343 305/2/235 311/2/241
f 413/2/343 311/2/241 407/2/337
f 407/2/337 311/2/241 317/2/247
f 407/2/337 317/2/247 401/2/331
f 401/2/331 317/2/247 323/2/253
f 401/2/331 323/2/253 395/2/325
f 395/2/325 323/2/253 329/2/259
f 395/2/325 329/2/259 389/2/319
f 389/2/319 329/2/259 335/2/265
f 389/2/319 335/2/265 383/2/313
f 383/2/313 335/2/265 341/2/271
f 383/2/313 341/2/271 377/2/307
f 377/2/307 341/2/271 347/2/277
f 377/2/307 347/2/277 371/2/301
f 371/2/301 347/2/277 353/2/283
f 371/2/301 353/2/283 365/2/295
f 365/2/295 353/2/283 359/2/289
f 8708/4/5706 8706/4/5707 8707/4/5708
f 8706/4/5707 8708/4/5706 8709/4/5709
f 8706/4/5707 8709/4/5709 8729/4/5710
f 8729/4/5710 8709/4/5709 8710/4/5711
f 8729/4/5710 8710/4/5711 8728/4/5712
f 8728/4/5712 8710/4/5711 8711/4/5713
f 8728/4/5712 8711/4/5713 8727/4/5714
f 8727/4/5714 8711/4/5713 8712/4/5715
f 8727/4/5714 8712/4/5715 8726/4/5716
f 8726/4/5716 8712/4/5715 8713/4/5717
f 8726/4/5716 8713/4/5717 8725/4/5718
f 8725/4/5718 8713/4/5717 8714/4/5719
f 8725/4/5718 8714/4/5719 8724/4/5720
f 8724/4/5720 8714/4/5719 8715/4/5721
f 8724/4/5720 8715/4/5721 8723/4/5722
f 8723/4/5722 8715/4/5721 8716/4/5723
f 8723/4/5722 8716/4/5723 8722/4/5724
f 8722/4/5724 8716/4/5723 8717/4/5725
f 8722/4/5724 8717/4/5725 8721/4/5726
f 8721/4/5726 8717/4/5725 8718/4/5727
f 8721/4/5726 8718/4/5727 8720/4/5728
f 8720/4/5728 8718/4/5727 8719/4/5729
f 665/2/358 530/2/226 529/2/225
f 530/2/226 665/2/358 659/2/352
f 530/2/226 659/2/352 539/2/232
f 539/2/232 659/2/352 653/2/346
f 539/2/232 653/2/346 545/2/238
f 545/2/238 653/2/346 647/2/340
f 545/2/238 647/2/340 551/2/244
f 551/2/244 647/2/340 641/2/334
f 551/2/244 641/2/334 557/2/250
f 557/2/250 641/2/334 635/2/328
f 557/2/250 635/2/328 563/2/256
f 563/2/256 635/2/328 629/2/322
f 563/2/256 629/2/322 569/2/262
f 569/2/262 629/2/322 623/2/316
f 569/2/262 623/2/316 575/2/268
f 575/2/268 623/2/316 617/2/310
f 575/2/268 617/2/310 581/2/274
f 581/2/274 617/2/310 611/2/304
f 581/2/274 611/2/304 587/2/280
f 587/2/280 611/2/304 605/2/298
f 587/2/280 605/2/298 593/2/286
f 593/2/286 605/2/298 599/2/292
f 8730/4/5730 8752/4/5731 8753/4/5732
f 8752/4/5731 8730/4/5730 8731/4/5733
f 8752/4/5731 8731/4/5733 8751/4/5734
f 8751/4/5734 8731/4/5733 8732/4/5735
f 8751/4/5734 8732/4/5735 8750/4/5736
f 8750/4/5736 8732/4/5735 8733/4/5737
f 8750/4/5736 8733/4/5737 8749/4/5738
f 8749/4/5738 8733/4/5737 8734/4/5739
f 8749/4/5738 8734/4/5739 8748/4/5740
f 8748/4/5740 8734/4/5739 8735/4/5741
f 8748/4/5740 8735/4/5741 8747/4/5742
f 8747/4/5742 8735/4/5741 8736/4/5743
f 8747/4/5742 8736/4/5743 8746/4/5744
f 8746/4/5744 8736/4/5743 8737/4/5745
f 8746/4/5744 8737/4/5745 8745/4/5746
f 8745/4/5746 8737/4/5745 8738/4/5747
f 8745/4/5746 8738/4/5747 8744/4/5748
f 8744/4/5748 8738/4/5747 8739/4/5749
f 8744/4/5748 8739/4/5749 8743/4/5750
f 8743/4/5750 8739/4/5749 8740/4/5751
f 8743/4/5750 8740/4/5751 8742/4/5752
f 8742/4/5752 8740/4/5751 8741/4/5753
f 759/1/503 715/1/459 714/1/458
f 715/1/459 759/1/503 757/1/501
f 715/1/459 757/1/501 717/1/461
f 717/1/461 757/1/501 755/1/499
f 717/1/461 755/1/499 719/1/463
f 719/1/463 755/1/499 753/1/497
f 719/1/463 753/1/497 721/1/465
f 721/1/465 753/1/497 751/1/495
f 721/1/465 751/1/495 723/1/467
f 723/1/467 751/1/495 749/1/493
f 723/1/467 749/1/493 725/1/469
f 725/1/469 749/1/493 747/1/491
f 725/1/469 747/1/491 727/1/471
f 727/1/471 747/1/491 745/1/489
f 727/1/471 745/1/489 729/1/473
f 729/1/473 745/1/489 743/1/487
f 729/1/473 743/1/487 731/1/475
f 731/1/475 743/1/487 741/1/485
f 731/1/475 741/1/485 733/1/477
f 733/1/477 741/1/485 739/1/483
f 733/1/477 739/1/483 735/1/479
f 735/1/479 739/1/483 737/1/481
f 716/1/460 760/1/504 713/1/457
f 760/1/504 716/1/460 718/1/462
f 760/1/504 718/1/462 758/1/502
f 758/1/502 718/1/462 720/1/464
f 758/1/502 720/1/464 756/1/500
f 756/1/500 720/1/464 722/1/466
f 756/1/500 722/1/466 754/1/498
f 754/1/498 722/1/466 724/1/468
f 754/1/498 724/1/468 752/1/496
f 752/1/496 724/1/468 726/1/470
f 752/1/496 726/1/470 750/1/494
f 750/1/494 726/1/470 728/1/472
f 750/1/494 728/1/472 748/1/492
f 748/1/492 728/1/472 730/1/474
f 748/1/492 730/1/474 746/1/490
f 746/1/490 730/1/474 732/1/476
f 746/1/490 732/1/476 744/1/488
f 744/1/488 732/1/476 734/1/478
f 744/1/488 734/1/478 742/1/486
f 742/1/486 734/1/478 736/1/480
f 742/1/486 736/1/480 740/1/484
f 740/1/484 736/1/480 738/1/482
f 771/1/515 775/1/518 773/1/517
f 775/1/518 771/1/515 769/1/513
f 775/1/518 769/1/513 777/1/520
f 777/1/520 769/1/513 767/1/511
f 777/1/520 767/1/511 779/1/522
f 779/1/522 767/1/511 765/1/509
f 779/1/522 765/1/509 781/1/524
f 781/1/524 765/1/509 763/1/507
f 781/1/524 763/1/507 783/1/526
f 783/1/526 763/1/507 762/1/506
f 783/1/526 762/1/506 785/1/528
f 785/1/528 762/1/506 807/1/549
f 785/1/528 807/1/549 787/1/530
f 787/1/530 807/1/549 805/1/547
f 787/1/530 805/1/547 789/1/532
f 789/1/532 805/1/547 803/1/545
f 789/1/532 803/1/545 791/1/534
f 791/1/534 803/1/545 801/1/543
f 791/1/534 801/1/543 793/1/536
f 793/1/536 801/1/543 799/1/541
f 793/1/536 799/1/541 795/1/538
f 795/1/538 799/1/541 797/1/540
f 8761/1/5191 8759/1/5754 8760/1/5755
f 8759/1/5754 8761/1/5191 8762/1/5756
f 8759/1/5754 8762/1/5756 8758/1/5757
f 8758/1/5757 8762/1/5756 8763/1/612
f 8758/1/5757 8763/1/612 8757/1/618
f 8757/1/618 8763/1/612 8764/1/5758
f 8757/1/618 8764/1/5758 8756/1/5759
f 8756/1/5759 8764/1/5758 8765/1/5760
f 8756/1/5759 8765/1/5760 8755/1/620
f 8755/1/620 8765/1/5760 8766/1/5761
f 8755/1/620 8766/1/5761 8754/1/5762
f 8754/1/5762 8766/1/5761 8767/1/5096
f 8754/1/5762 8767/1/5096 8777/1/5763
f 8777/1/5763 8767/1/5096 8768/1/5764
f 8777/1/5763 8768/1/5764 8776/1/5765
f 8776/1/5765 8768/1/5764 8769/1/5766
f 8776/1/5765 8769/1/5766 8775/1/600
f 8775/1/600 8769/1/5766 8770/1/605
f 8775/1/600 8770/1/605 8774/1/5767
f 8774/1/5767 8770/1/605 8771/1/5768
f 8774/1/5767 8771/1/5768 8773/1/5769
f 8773/1/5769 8771/1/5768 8772/1/5770
f 831/1/572 835/1/575 833/1/574
f 835/1/575 831/1/572 829/1/570
f 835/1/575 829/1/570 837/1/577
f 837/1/577 829/1/570 827/1/568
f 837/1/577 827/1/568 839/1/579
f 839/1/579 827/1/568 825/1/566
f 839/1/579 825/1/566 841/1/581
f 841/1/581 825/1/566 823/1/564
f 841/1/581 823/1/564 843/1/583
f 843/1/583 823/1/564 821/1/562
f 843/1/583 821/1/562 845/1/585
f 845/1/585 821/1/562 819/1/560
f 845/1/585 819/1/560 847/1/587
f 847/1/587 819/1/560 817/1/558
f 847/1/587 817/1/558 849/1/589
f 849/1/589 817/1/558 815/1/556
f 849/1/589 815/1/556 851/1/591
f 851/1/591 815/1/556 813/1/554
f 851/1/591 813/1/554 853/1/593
f 853/1/593 813/1/554 811/1/552
f 853/1/593 811/1/552 855/1/595
f 855/1/595 811/1/552 810/1/551
f 8785/1/5771 8783/1/5772 8784/1/5773
f 8783/1/5772 8785/1/5771 8786/1/5774
f 8783/1/5772 8786/1/5774 8782/1/5775
f 8782/1/5775 8786/1/5774 8787/1/5776
f 8782/1/5775 8787/1/5776 8781/1/5777
f 8781/1/5777 8787/1/5776 8780/1/5778
f 8780/1/5778 8787/1/5776 8788/1/5779
f 8780/1/5778 8788/1/5779 8789/1/5780
f 8780/1/5778 8789/1/5780 8779/1/5781
f 8779/1/5781 8789/1/5780 8790/1/5782
f 8779/1/5781 8790/1/5782 8778/1/5783
f 8778/1/5783 8790/1/5782 8801/1/5784
f 8801/1/5784 8790/1/5782 8791/1/5785
f 8801/1/5784 8791/1/5785 8792/1/5786
f 8801/1/5784 8792/1/5786 8800/1/5787
f 8800/1/5787 8792/1/5786 8793/1/5788
f 8800/1/5787 8793/1/5788 8799/1/5789
f 8799/1/5789 8793/1/5788 8798/1/5790
f 8798/1/5790 8793/1/5788 8794/1/5791
f 8798/1/5790 8794/1/5791 8797/1/5792
f 8797/1/5792 8794/1/5791 8795/1/5793
f 8797/1/5792 8795/1/5793 8796/1/5794
f 8802/1/689 2145/1/688 2144/1/690
f 2145/1/688 8802/1/689 8804/1/685
f 8804/1/685 8802/1/689 8803/1/692
f 8804/1/685 8803/1/692 1024/1/686
f 1024/1/686 8803/1/692 1003/1/696
f 1024/1/686 1003/1/696 1002/1/695
f 1017/1/708 1011/1/702 1014/1/705
f 1011/1/702 1017/1/708 8805/1/2293
f 8805/1/2293 1017/1/708 8806/1/707
f 8806/1/707 1017/1/708 8803/1/692
f 8803/1/692 1017/1/708 1003/1/696
f 1006/1/699 2146/1/1784 1617/1/1270
f 2146/1/1784 1006/1/699 1005/1/698
f 2146/1/1784 1005/1/698 8807/1/711
f 2146/1/1784 8807/1/711 2143/1/710
f 1035/2/723 8809/2/5795 2685/2/2307
f 8809/2/5795 1035/2/723 8808/2/5795
f 8808/2/5795 1035/2/723 1034/2/722
f 1116/1/803 8811/1/5795 1031/1/720
f 8811/1/5795 1116/1/803 8810/1/5796
f 1031/1/720 8811/1/5795 8812/1/5795
f 1031/1/720 8812/1/5795 1032/1/721
f 1617/1/1270 8814/1/5797 8815/1/2306
f 8814/1/5797 1617/1/1270 8813/1/5797
f 8813/1/5797 1617/1/1270 2146/1/1784
f 8816/2/5797 1622/2/1275 2684/2/2306
f 1622/2/1275 8816/2/5797 8817/2/5797
f 1622/2/1275 8817/2/5797 1623/2/1276
f 8818/2/805 25/2/22 1115/2/802
f 25/2/22 8818/2/805 8819/2/20
f 25/2/22 8819/2/20 26/2/4
f 29/1/25 1268/1/938 1267/1/937
f 1268/1/938 29/1/25 8820/1/947
f 8820/1/947 29/1/25 28/1/24
f 8820/1/947 28/1/24 8821/1/948
f 8821/1/948 28/1/24 1303/1/968
f 1303/1/968 8822/1/956 8821/1/948
f 8822/1/956 1303/1/968 1304/1/969
f 8823/1/955 1282/1/950 1281/1/949
f 1282/1/950 8823/1/955 1304/1/969
f 1304/1/969 8823/1/955 8822/1/956
f 8825/1/966 2152/1/1790 8824/1/5798
f 1297/1/962 2152/1/1790 1496/1/1155
f 2152/1/1790 1297/1/962 8824/1/5798
f 8824/1/5798 1297/1/962 8826/1/957
f 8826/1/957 1297/1/962 1296/1/958
f 1298/1/963 8827/1/5799 1295/1/961
f 8827/1/5799 1298/1/963 1302/1/967
f 8827/1/5799 1302/1/967 8828/1/5800
f 8828/1/5800 1302/1/967 27/1/23
f 27/1/23 1302/1/967 28/1/24
f 1282/1/950 8829/1/970 1309/1/974
f 8829/1/970 1282/1/950 1304/1/969
f 8829/1/970 1304/1/969 8832/1/5801
f 8832/1/5801 1304/1/969 8831/1/5802
f 8831/1/5802 1304/1/969 1017/1/708
f 2662/1/2287 1017/1/708 1014/1/705
f 1017/1/708 2662/1/2287 8830/1/2298
f 1017/1/708 8830/1/2298 8831/1/5802
f 2155/1/1793 8833/1/978 8834/1/979
f 8833/1/978 2155/1/1793 1283/1/951
f 8833/1/978 1283/1/951 1310/1/975
f 13/1/13 8835/1/5803 1013/1/704
f 8835/1/5803 13/1/13 2155/1/1793
f 8835/1/5803 2155/1/1793 8834/1/979
f 1013/1/704 8835/1/5803 8836/1/2301
f 1013/1/704 8836/1/2301 2663/1/2288
f 2154/1/1792 1283/1/951 2155/1/1793
f 1283/1/951 2154/1/1792 8839/1/5804
f 8839/1/5804 2154/1/1792 8838/1/981
f 1283/1/951 8839/1/5804 8837/1/2302
f 1283/1/951 8837/1/2302 1284/1/952
f 8825/1/966 2154/1/1792 2152/1/1790
f 2154/1/1792 8825/1/966 8838/1/981
f 8838/1/981 8825/1/966 8840/1/983
f 8838/1/981 8840/1/983 8841/1/5805
f 8841/1/5805 8840/1/983 1270/1/940
f 8841/1/5805 1270/1/940 1269/1/939
f 1326/1/991 8842/1/5806 8843/1/5807
f 8844/1/5808 1325/1/990 1329/1/994
f 1325/1/990 8844/1/5808 8845/1/5809
f 1325/1/990 8845/1/5809 8842/1/5806
f 1325/1/990 8842/1/5806 1326/1/991
f 1325/1/990 1330/1/995 1329/1/994
f 1330/1/995 1325/1/990 8846/1/2303
f 8846/1/2303 1325/1/990 8848/1/1001
f 8848/1/1001 1325/1/990 8847/1/999
f 8847/1/999 1325/1/990 1347/1/1011
f 1482/1/1141 1328/1/993 1483/1/1142
f 1328/1/993 1482/1/1141 8852/1/1009
f 8852/1/1009 1482/1/1141 8851/1/1006
f 1328/1/993 8852/1/1009 8849/1/5810
f 1328/1/993 8849/1/5810 8850/1/5811
f 8853/1/5812 1298/1/963 1350/1/1013
f 1298/1/963 8853/1/5812 1302/1/967
f 1302/1/967 8853/1/5812 8847/1/999
f 1302/1/967 8847/1/999 1347/1/1011
f 1495/1/1154 1297/1/962 1496/1/1155
f 1297/1/962 1495/1/1154 8855/1/1016
f 1297/1/962 8855/1/1016 8854/1/1017
f 1297/1/962 8854/1/1017 1351/1/1014
f 1328/1/993 8856/1/5813 1483/1/1142
f 8856/1/5813 1328/1/993 8857/1/1018
f 8857/1/1018 1328/1/993 1327/1/992
f 1483/1/1142 8855/1/1016 1495/1/1154
f 8855/1/1016 1483/1/1142 8856/1/5813
f 1459/1/1118 1116/1/803 1611/1/1264
f 1116/1/803 1459/1/1118 8815/1/2306
f 8815/1/2306 1459/1/1118 1617/1/1270
f 8810/1/5796 1116/1/803 8815/1/2306
f 1832/1/1481 2133/1/1776 2064/1/1713
f 2133/1/1776 1832/1/1481 8860/1/2317
f 8860/1/2317 1832/1/1481 2071/1/1720
f 8860/1/2317 2071/1/1720 8859/1/5814
f 8858/1/5815 2133/1/1776 8860/1/2317
f 2064/1/1713 8862/1/5816 2040/1/1689
f 8862/1/5816 2064/1/1713 8861/1/5817
f 8861/1/5817 2064/1/1713 2133/1/1776
f 8861/1/5817 2133/1/1776 2136/1/1722
f 2040/1/1689 8864/1/2314 2076/1/1725
f 8864/1/2314 2040/1/1689 8863/1/2313
f 8863/1/2313 2040/1/1689 8862/1/5816
f 2120/1/1766 8866/1/5818 8867/1/5819
f 8866/1/5818 2120/1/1766 2121/1/1767
f 8866/1/5818 2121/1/1767 8865/1/28
f 8868/2/5820 31/2/27 2697/2/2318
f 31/2/27 8868/2/5820 8869/2/5821
f 31/2/27 8869/2/5821 32/2/28
f 2121/1/1767 8871/1/26 8865/1/28
f 8871/1/26 2121/1/1767 2122/1/1768
f 8871/1/26 2122/1/1768 8870/1/1753
f 8870/1/1753 2122/1/1768 2107/1/1756
f 2107/1/1756 2106/1/1755 8870/1/1753
f 34/1/30 2699/1/1772 35/1/31
f 2699/1/1772 34/1/30 8843/1/5807
f 8843/1/5807 34/1/30 1326/1/991
f 2128/1/1774 1482/1/1141 2076/1/1725
f 1482/1/1141 2128/1/1774 8851/1/1006
f 8851/1/1006 2128/1/1774 8872/1/5822
f 8872/1/5822 2128/1/1774 2127/1/1773
f 2071/1/1720 8873/1/5823 8859/1/5814
f 8873/1/5823 2071/1/1720 2120/1/1766
f 8873/1/5823 2120/1/1766 8867/1/5819
f 2133/1/1776 8874/1/5824 2134/1/1777
f 8874/1/5824 2133/1/1776 8858/1/5815
f 2134/1/1777 8874/1/5824 8875/1/5824
f 2134/1/1777 8875/1/5824 2700/1/2320
f 2694/2/2315 8877/2/5824 2695/2/2316
f 8877/2/5824 2694/2/2315 8876/2/5824
f 8876/2/5824 2694/2/2315 2698/2/2319
f 8878/1/5825 1328/1/993 8850/1/5811
f 1328/1/993 8878/1/5825 1329/1/994
f 1329/1/994 8878/1/5825 8844/1/5808
f 1344/2/1008 8879/2/5826 2682/2/2304
f 8879/2/5826 1344/2/1008 1321/2/986
f 8879/2/5826 1321/2/986 1320/2/985
f 8880/2/5827 1115/2/802 1114/2/799
f 1115/2/802 8880/2/5827 8881/2/2285
f 1115/2/802 8881/2/2285 8818/2/805
f 8882/2/5828 2697/2/2318 2696/2/2317
f 2697/2/2318 8882/2/5828 8883/2/5823
f 2697/2/2318 8883/2/5823 8868/2/5820
f 2107/1/1756 8884/1/2312 2115/1/1762
f 8884/1/2312 2107/1/1756 33/1/29
f 33/1/29 2107/1/1756 34/1/30
f 1033/1/717 23/1/21 1030/1/719
f 23/1/21 1033/1/717 8885/1/716
f 23/1/21 8885/1/716 1025/1/715
f 23/1/21 1025/1/715 1021/1/712
f 13/1/13 1004/1/697 14/1/14
f 1004/1/697 13/1/13 1013/1/704
f 1004/1/697 1013/1/704 8886/1/5829
f 8886/1/5829 1013/1/704 1012/1/703
f 8888/1/2477 4061/1/2484 4060/1/2478
f 4061/1/2484 8888/1/2477 8887/1/2481
f 8887/1/2481 8888/1/2477 3028/1/2507
f 8887/1/2481 3028/1/2507 8889/1/2482
f 8889/1/2482 3028/1/2507 3006/1/2487
f 8889/1/2482 3006/1/2487 3005/1/2486
f 3005/1/2486 8891/1/2499 8889/1/2482
f 3015/1/2494 3021/1/2500 3016/1/2495
f 3021/1/2500 3015/1/2494 8890/1/3961
f 3021/1/2500 8890/1/3961 8891/1/2499
f 3021/1/2500 8891/1/2499 3005/1/2486
f 4059/1/3492 3009/1/2490 3561/1/3008
f 3009/1/2490 4059/1/3492 3010/1/2491
f 3010/1/2491 4059/1/3492 8892/1/2502
f 8892/1/2502 4059/1/3492 4058/1/2503
f 8893/2/5830 3038/2/2515 4558/2/3975
f 3038/2/2515 8893/2/5830 8894/2/5830
f 3038/2/2515 8894/2/5830 3039/2/2516
f 3105/1/2581 8896/1/5830 8897/1/5831
f 8896/1/5830 3105/1/2581 3037/1/2514
f 8896/1/5830 3037/1/2514 8895/1/5830
f 8895/1/5830 3037/1/2514 3036/1/2513
f 8899/1/5832 3561/1/3008 8898/1/3974
f 3561/1/3008 8899/1/5832 8900/1/5832
f 3561/1/3008 8900/1/5832 4059/1/3492
f 3567/2/3014 8901/2/5832 4557/2/3974
f 8901/2/5832 3567/2/3014 8902/2/5832
f 8902/2/5832 3567/2/3014 3566/2/3013
f 79/2/72 8904/2/2583 3104/2/2580
f 8904/2/2583 79/2/72 8903/2/70
f 8903/2/70 79/2/72 78/2/53
f 8905/1/5833 3229/1/2692 3232/1/2695
f 3229/1/2692 8905/1/5833 81/1/74
f 81/1/74 8905/1/5833 8906/1/2704
f 81/1/74 8906/1/2704 82/1/75
f 82/1/75 8906/1/2704 3265/1/2724
f 3246/1/2708 8908/1/2711 3243/1/2705
f 8908/1/2711 3246/1/2708 3266/1/2725
f 8908/1/2711 3266/1/2725 8907/1/2712
f 8907/1/2712 3266/1/2725 8906/1/2704
f 8906/1/2704 3266/1/2725 3265/1/2724
f 4068/1/3499 3259/1/2719 3444/1/2897
f 3259/1/2719 4068/1/3499 8909/1/5834
f 8909/1/5834 4068/1/3499 8911/1/2722
f 3259/1/2719 8909/1/5834 8910/1/2713
f 3259/1/2719 8910/1/2713 3260/1/2720
f 82/1/75 8913/1/3957 80/1/73
f 8913/1/3957 82/1/75 3264/1/2723
f 8912/1/3958 3258/1/2718 3257/1/2717
f 3258/1/2718 8912/1/3958 3264/1/2723
f 3264/1/2723 8912/1/3958 8913/1/3957
f 3021/1/2500 4535/1/3955 3016/1/2495
f 4535/1/3955 3021/1/2500 8917/1/5835
f 8917/1/5835 3021/1/2500 8916/1/3963
f 8916/1/3963 3021/1/2500 8915/1/5836
f 8914/1/2726 3246/1/2708 3272/1/2727
f 3246/1/2708 8914/1/2726 3266/1/2725
f 3266/1/2725 8914/1/2726 8915/1/5836
f 3266/1/2725 8915/1/5836 3021/1/2500
f 67/1/63 8919/1/5837 4070/1/3501
f 8919/1/5837 67/1/63 3017/1/2496
f 8919/1/5837 3017/1/2496 8918/1/3968
f 8918/1/3968 3017/1/2496 4536/1/3956
f 4070/1/3501 8921/1/2733 3245/1/2707
f 8921/1/2733 4070/1/3501 8920/1/2734
f 8920/1/2734 4070/1/3501 8919/1/5837
f 3245/1/2707 8921/1/2733 3271/1/2730
f 3245/1/2707 4069/1/3500 4070/1/3501
f 4069/1/3500 3245/1/2707 8923/1/5838
f 8923/1/5838 3245/1/2707 8922/1/3970
f 8922/1/3970 3245/1/2707 3244/1/2706
f 8924/1/2736 4069/1/3500 8923/1/5838
f 4069/1/3500 8911/1/2722 4068/1/3499
f 8911/1/2722 4069/1/3500 8924/1/2736
f 8911/1/2722 8924/1/2736 8926/1/5839
f 8911/1/2722 8926/1/5839 8925/1/2738
f 8925/1/2738 8926/1/5839 3231/1/2694
f 8925/1/2738 3231/1/2694 3230/1/2693
f 3287/1/2745 8929/1/5840 3291/1/2749
f 8929/1/5840 3287/1/2745 8928/1/5841
f 8928/1/5841 3287/1/2745 8927/1/5842
f 8927/1/5842 3287/1/2745 8930/1/3478
f 8930/1/3478 3287/1/2745 3286/1/2744
f 3308/1/2765 8932/1/5843 8933/1/2754
f 8932/1/5843 3308/1/2765 3287/1/2745
f 3290/1/2748 3287/1/2745 3291/1/2749
f 3287/1/2745 3290/1/2748 8931/1/3971
f 3287/1/2745 8931/1/3971 8932/1/5843
f 3292/1/2750 3429/1/2882 3432/1/2885
f 3429/1/2882 3292/1/2750 8935/1/2762
f 8935/1/2762 3292/1/2750 8934/1/3972
f 8934/1/3972 3292/1/2750 8937/1/5844
f 8936/1/5845 3429/1/2882 8935/1/2762
f 3258/1/2718 8938/1/5846 3312/1/2768
f 8938/1/5846 3258/1/2718 3264/1/2723
f 8938/1/5846 3264/1/2723 8933/1/2754
f 8933/1/2754 3264/1/2723 3308/1/2765
f 3259/1/2719 3442/1/2895 3444/1/2897
f 3442/1/2895 3259/1/2719 8940/1/2771
f 8940/1/2771 3259/1/2719 8939/1/2772
f 8939/1/2772 3259/1/2719 3313/1/2769
f 8940/1/2771 3432/1/2885 3442/1/2895
f 3432/1/2885 8940/1/2771 8941/1/5847
f 3432/1/2885 8941/1/5847 3292/1/2750
f 3292/1/2750 8941/1/5847 8942/1/2773
f 3292/1/2750 8942/1/2773 3289/1/2747
f 3105/1/2581 3413/1/2866 3556/1/3003
f 3413/1/2866 3105/1/2581 8898/1/3974
f 3413/1/2866 8898/1/3974 3561/1/3008
f 8898/1/3974 3105/1/2581 8897/1/5831
f 4050/1/3486 3771/1/3213 3987/1/3429
f 3771/1/3213 4050/1/3486 8944/1/3985
f 3771/1/3213 8944/1/3985 3993/1/3435
f 8944/1/3985 4050/1/3486 8943/1/3986
f 3993/1/3435 8944/1/3985 8945/1/5848
f 3963/1/3405 8946/1/3982 8947/1/3981
f 8946/1/3982 3963/1/3405 3998/1/3440
f 3963/1/3405 8948/1/5849 3987/1/3429
f 8948/1/5849 3963/1/3405 8947/1/3981
f 3987/1/3429 8948/1/5849 8949/1/5850
f 3987/1/3429 8949/1/5850 4050/1/3486
f 4050/1/3486 8949/1/5850 4051/1/3439
f 8951/1/5851 4037/1/3475 8950/1/5852
f 4037/1/3475 8951/1/5851 4038/1/3476
f 4038/1/3476 8951/1/5851 8952/1/77
f 85/2/78 8954/2/5852 4568/2/3984
f 8954/2/5852 85/2/78 8953/2/5853
f 8953/2/5853 85/2/78 84/2/77
f 4026/1/3467 8956/1/3463 4023/1/3465
f 8956/1/3463 4026/1/3467 8955/1/76
f 8955/1/76 4038/1/3476 8952/1/77
f 4038/1/3476 8955/1/76 4039/1/3477
f 4039/1/3477 8955/1/76 4026/1/3467
f 8930/1/3478 87/1/80 4572/1/3988
f 87/1/80 8930/1/3478 88/1/81
f 88/1/81 8930/1/3478 3286/1/2744
f 3429/1/2882 4047/1/3484 3998/1/3440
f 4047/1/3484 3429/1/2882 8936/1/5845
f 4047/1/3484 8936/1/5845 8957/1/5854
f 4047/1/3484 8957/1/5854 4044/1/3482
f 8958/1/5855 3993/1/3435 8945/1/5848
f 3993/1/3435 8958/1/5855 4037/1/3475
f 4037/1/3475 8958/1/5855 8950/1/5852
f 4050/1/3486 8960/1/5856 8943/1/3986
f 8960/1/5856 4050/1/3486 4053/1/3487
f 8960/1/5856 4053/1/3487 8959/1/5857
f 8959/1/5857 4053/1/3487 4573/1/3989
f 8961/2/5856 4567/2/3983 4570/2/3986
f 4567/2/3983 8961/2/5856 8962/2/5856
f 4567/2/3983 8962/2/5856 4571/2/3987
f 3292/1/2750 8963/1/5858 8937/1/5844
f 8963/1/5858 3292/1/2750 3291/1/2749
f 8963/1/5858 3291/1/2749 8929/1/5840
f 8964/2/5859 3306/2/2763 4556/2/3973
f 3306/2/2763 8964/2/5859 3283/2/2741
f 3283/2/2741 8964/2/5859 3284/2/2742
f 3104/2/2580 8966/2/3954 3103/2/2578
f 8966/2/3954 3104/2/2580 8965/2/3953
f 8965/2/3953 3104/2/2580 8904/2/2583
f 4568/2/3984 8968/2/5860 4569/2/3985
f 8968/2/5860 4568/2/3984 8967/2/5861
f 8967/2/5861 4568/2/3984 8954/2/5852
f 88/1/81 8969/1/3980 86/1/79
f 8969/1/3980 4026/1/3467 4032/1/3472
f 4026/1/3467 8969/1/3980 88/1/81
f 76/1/71 3035/1/2511 3034/1/2512
f 3035/1/2511 76/1/71 8970/1/2509
f 8970/1/2509 76/1/71 3029/1/2508
f 3029/1/2508 76/1/71 3025/1/2504
f 3008/1/2489 67/1/63 66/1/62
f 67/1/63 3008/1/2489 3017/1/2496
f 3017/1/2496 3008/1/2489 8971/1/5862
f 3017/1/2496 8971/1/5862 3018/1/2497
f 6726/2/219 6862/2/355 6727/2/220
f 6862/2/355 6726/2/219 6736/2/229
f 6862/2/355 6736/2/229 6856/2/349
f 6856/2/349 6736/2/229 6742/2/235
f 6856/2/349 6742/2/235 6850/2/343
f 6850/2/343 6742/2/235 6748/2/241
f 6850/2/343 6748/2/241 6844/2/337
f 6844/2/337 6748/2/241 6754/2/247
f 6844/2/337 6754/2/247 6838/2/331
f 6838/2/331 6754/2/247 6760/2/253
f 6838/2/331 6760/2/253 6832/2/325
f 6832/2/325 6760/2/253 6766/2/259
f 6832/2/325 6766/2/259 6826/2/319
f 6826/2/319 6766/2/259 6772/2/265
f 6826/2/319 6772/2/265 6820/2/313
f 6820/2/313 6772/2/265 6778/2/271
f 6820/2/313 6778/2/271 6814/2/307
f 6814/2/307 6778/2/271 6784/2/277
f 6814/2/307 6784/2/277 6808/2/301
f 6808/2/301 6784/2/277 6790/2/283
f 6808/2/301 6790/2/283 6802/2/295
f 6802/2/295 6790/2/283 6796/2/289
f 8974/4/5706 8972/4/5707 8973/4/5708
f 8972/4/5707 8974/4/5706 8975/4/5709
f 8972/4/5707 8975/4/5709 8995/4/5710
f 8995/4/5710 8975/4/5709 8976/4/5711
f 8995/4/5710 8976/4/5711 8994/4/5712
f 8994/4/5712 8976/4/5711 8977/4/5713
f 8994/4/5712 8977/4/5713 8993/4/5714
f 8993/4/5714 8977/4/5713 8978/4/5715
f 8993/4/5714 8978/4/5715 8992/4/5716
f 8992/4/5716 8978/4/5715 8979/4/5717
f 8992/4/5716 8979/4/5717 8991/4/5718
f 8991/4/5718 8979/4/5717 8980/4/5719
f 8991/4/5718 8980/4/5719 8990/4/5720
f 8990/4/5720 8980/4/5719 8981/4/5721
f 8990/4/5720 8981/4/5721 8989/4/5722
f 8989/4/5722 8981/4/5721 8982/4/5723
f 8989/4/5722 8982/4/5723 8988/4/5724
f 8988/4/5724 8982/4/5723 8983/4/5725
f 8988/4/5724 8983/4/5725 8987/4/5726
f 8987/4/5726 8983/4/5725 8984/4/5727
f 8987/4/5726 8984/4/5727 8986/4/5728
f 8986/4/5728 8984/4/5727 8985/4/5729
f 7102/2/358 6967/2/226 6966/2/225
f 6967/2/226 7102/2/358 7096/2/352
f 6967/2/226 7096/2/352 6976/2/232
f 6976/2/232 7096/2/352 7090/2/346
f 6976/2/232 7090/2/346 6982/2/238
f 6982/2/238 7090/2/346 7084/2/340
f 6982/2/238 7084/2/340 6988/2/244
f 6988/2/244 7084/2/340 7078/2/334
f 6988/2/244 7078/2/334 6994/2/250
f 6994/2/250 7078/2/334 7072/2/328
f 6994/2/250 7072/2/328 7000/2/256
f 7000/2/256 7072/2/328 7066/2/322
f 7000/2/256 7066/2/322 7006/2/262
f 7006/2/262 7066/2/322 7060/2/316
f 7006/2/262 7060/2/316 7012/2/268
f 7012/2/268 7060/2/316 7054/2/310
f 7012/2/268 7054/2/310 7018/2/274
f 7018/2/274 7054/2/310 7048/2/304
f 7018/2/274 7048/2/304 7024/2/280
f 7024/2/280 7048/2/304 7042/2/298
f 7024/2/280 7042/2/298 7030/2/286
f 7030/2/286 7042/2/298 7036/2/292
f 8996/4/5730 9018/4/5731 9019/4/5732
f 9018/4/5731 8996/4/5730 8997/4/5733
f 9018/4/5731 8997/4/5733 9017/4/5734
f 9017/4/5734 8997/4/5733 8998/4/5735
f 9017/4/5734 8998/4/5735 9016/4/5736
f 9016/4/5736 8998/4/5735 8999/4/5737
f 9016/4/5736 8999/4/5737 9015/4/5738
f 9015/4/5738 8999/4/5737 9000/4/5739
f 9015/4/5738 9000/4/5739 9014/4/5740
f 9014/4/5740 9000/4/5739 9001/4/5741
f 9014/4/5740 9001/4/5741 9013/4/5742
f 9013/4/5742 9001/4/5741 9002/4/5743
f 9013/4/5742 9002/4/5743 9012/4/5744
f 9012/4/5744 9002/4/5743 9003/4/5745
f 9012/4/5744 9003/4/5745 9011/4/5746
f 9011/4/5746 9003/4/5745 9004/4/5747
f 9011/4/5746 9004/4/5747 9010/4/5748
f 9010/4/5748 9004/4/5747 9005/4/5749
f 9010/4/5748 9005/4/5749 9009/4/5750
f 9009/4/5750 9005/4/5749 9006/4/5751
f 9009/4/5750 9006/4/5751 9008/4/5752
f 9008/4/5752 9006/4/5751 9007/4/5753
f 7196/1/503 7152/1/459 7151/1/458
f 7152/1/459 7196/1/503 7194/1/501
f 7152/1/459 7194/1/501 7154/1/461
f 7154/1/461 7194/1/501 7192/1/499
f 7154/1/461 7192/1/499 7156/1/463
f 7156/1/463 7192/1/499 7190/1/497
f 7156/1/463 7190/1/497 7158/1/465
f 7158/1/465 7190/1/497 7188/1/495
f 7158/1/465 7188/1/495 7160/1/467
f 7160/1/467 7188/1/495 7186/1/493
f 7160/1/467 7186/1/493 7162/1/469
f 7162/1/469 7186/1/493 7184/1/491
f 7162/1/469 7184/1/491 7164/1/471
f 7164/1/471 7184/1/491 7182/1/489
f 7164/1/471 7182/1/489 7166/1/473
f 7166/1/473 7182/1/489 7180/1/487
f 7166/1/473 7180/1/487 7168/1/475
f 7168/1/475 7180/1/487 7178/1/485
f 7168/1/475 7178/1/485 7170/1/477
f 7170/1/477 7178/1/485 7176/1/483
f 7170/1/477 7176/1/483 7172/1/479
f 7172/1/479 7176/1/483 7174/1/5018
f 7153/1/460 7197/1/504 7150/1/457
f 7197/1/504 7153/1/460 7155/1/462
f 7197/1/504 7155/1/462 7195/1/502
f 7195/1/502 7155/1/462 7157/1/464
f 7195/1/502 7157/1/464 7193/1/500
f 7193/1/500 7157/1/464 7159/1/466
f 7193/1/500 7159/1/466 7191/1/498
f 7191/1/498 7159/1/466 7161/1/468
f 7191/1/498 7161/1/468 7189/1/496
f 7189/1/496 7161/1/468 7163/1/470
f 7189/1/496 7163/1/470 7187/1/494
f 7187/1/494 7163/1/470 7165/1/472
f 7187/1/494 7165/1/472 7185/1/492
f 7185/1/492 7165/1/472 7167/1/474
f 7185/1/492 7167/1/474 7183/1/490
f 7183/1/490 7167/1/474 7169/1/476
f 7183/1/490 7169/1/476 7181/1/488
f 7181/1/488 7169/1/476 7171/1/478
f 7181/1/488 7171/1/478 7179/1/486
f 7179/1/486 7171/1/478 7173/1/480
f 7179/1/486 7173/1/480 7177/1/484
f 7177/1/484 7173/1/480 7175/1/482
f 7208/1/515 7212/1/518 7210/1/517
f 7212/1/518 7208/1/515 7206/1/513
f 7212/1/518 7206/1/513 7214/1/520
f 7214/1/520 7206/1/513 7204/1/511
f 7214/1/520 7204/1/511 7216/1/522
f 7216/1/522 7204/1/511 7202/1/509
f 7216/1/522 7202/1/509 7218/1/524
f 7218/1/524 7202/1/509 7200/1/507
f 7218/1/524 7200/1/507 7220/1/526
f 7220/1/526 7200/1/507 7199/1/506
f 7220/1/526 7199/1/506 7222/1/528
f 7222/1/528 7199/1/506 7244/1/549
f 7222/1/528 7244/1/549 7224/1/530
f 7224/1/530 7244/1/549 7242/1/547
f 7224/1/530 7242/1/547 7226/1/532
f 7226/1/532 7242/1/547 7240/1/545
f 7226/1/532 7240/1/545 7228/1/534
f 7228/1/534 7240/1/545 7238/1/543
f 7228/1/534 7238/1/543 7230/1/536
f 7230/1/536 7238/1/543 7236/1/541
f 7230/1/536 7236/1/541 7232/1/538
f 7232/1/538 7236/1/541 7234/1/540
f 9027/1/5191 9025/1/5754 9026/1/5863
f 9025/1/5754 9027/1/5191 9024/1/5757
f 9024/1/5757 9027/1/5191 9028/1/5756
f 9024/1/5757 9028/1/5756 9023/1/618
f 9023/1/618 9028/1/5756 9029/1/612
f 9023/1/618 9029/1/612 9022/1/5864
f 9022/1/5864 9029/1/612 9030/1/5758
f 9022/1/5864 9030/1/5758 9021/1/620
f 9021/1/620 9030/1/5758 9031/1/5760
f 9021/1/620 9031/1/5760 9020/1/5762
f 9020/1/5762 9031/1/5760 9032/1/5761
f 9020/1/5762 9032/1/5761 9043/1/5763
f 9043/1/5763 9032/1/5761 9033/1/5096
f 9043/1/5763 9033/1/5096 9042/1/5865
f 9042/1/5865 9033/1/5096 9034/1/5764
f 9042/1/5865 9034/1/5764 9041/1/600
f 9041/1/600 9034/1/5764 9035/1/5766
f 9041/1/600 9035/1/5766 9040/1/5866
f 9040/1/5866 9035/1/5766 9036/1/605
f 9040/1/5866 9036/1/605 9039/1/5769
f 9039/1/5769 9036/1/605 9037/1/5768
f 9039/1/5769 9037/1/5768 9038/1/5770
f 7292/1/5063 7248/1/5020 7247/1/5019
f 7248/1/5020 7292/1/5063 7290/1/5061
f 7248/1/5020 7290/1/5061 7250/1/5022
f 7250/1/5022 7290/1/5061 7288/1/5059
f 7250/1/5022 7288/1/5059 7252/1/5024
f 7252/1/5024 7288/1/5059 7286/1/5057
f 7252/1/5024 7286/1/5057 7254/1/5026
f 7254/1/5026 7286/1/5057 7284/1/5055
f 7254/1/5026 7284/1/5055 7256/1/5028
f 7256/1/5028 7284/1/5055 7282/1/5053
f 7256/1/5028 7282/1/5053 7258/1/5030
f 7258/1/5030 7282/1/5053 7280/1/5051
f 7258/1/5030 7280/1/5051 7260/1/5032
f 7260/1/5032 7280/1/5051 7278/1/5049
f 7260/1/5032 7278/1/5049 7262/1/5034
f 7262/1/5034 7278/1/5049 7276/1/5047
f 7262/1/5034 7276/1/5047 7264/1/5036
f 7264/1/5036 7276/1/5047 7274/1/5045
f 7264/1/5036 7274/1/5045 7266/1/5038
f 7266/1/5038 7274/1/5045 7272/1/5043
f 7266/1/5038 7272/1/5043 7268/1/5040
f 7268/1/5040 7272/1/5043 7270/1/5042
f 9051/1/5867 9049/1/5868 9050/1/5869
f 9049/1/5868 9051/1/5867 9052/1/5870
f 9049/1/5868 9052/1/5870 9048/1/5871
f 9048/1/5871 9052/1/5870 9053/1/5872
f 9048/1/5871 9053/1/5872 9047/1/5873
f 9047/1/5873 9053/1/5872 9054/1/5874
f 9047/1/5873 9054/1/5874 9046/1/5875
f 9046/1/5875 9054/1/5874 9055/1/5876
f 9046/1/5875 9055/1/5876 9045/1/5877
f 9045/1/5877 9055/1/5876 9056/1/5878
f 9045/1/5877 9056/1/5878 9044/1/5879
f 9044/1/5879 9056/1/5878 9057/1/5880
f 9044/1/5879 9057/1/5880 9067/1/5881
f 9067/1/5881 9057/1/5880 9058/1/5882
f 9067/1/5881 9058/1/5882 9066/1/5075
f 9066/1/5075 9058/1/5882 9059/1/5883
f 9066/1/5075 9059/1/5883 9065/1/5884
f 9065/1/5884 9059/1/5883 9060/1/5885
f 9065/1/5884 9060/1/5885 9064/1/5886
f 9064/1/5886 9060/1/5885 9061/1/5887
f 9064/1/5886 9061/1/5887 9063/1/5888
f 9063/1/5888 9061/1/5887 9062/1/5889
f 7582/2/358 7447/2/226 7446/2/225
f 7447/2/226 7582/2/358 7576/2/352
f 7447/2/226 7576/2/352 7456/2/232
f 7456/2/232 7576/2/352 7570/2/346
f 7456/2/232 7570/2/346 7462/2/238
f 7462/2/238 7570/2/346 7564/2/340
f 7462/2/238 7564/2/340 7468/2/244
f 7468/2/244 7564/2/340 7558/2/334
f 7468/2/244 7558/2/334 7474/2/250
f 7474/2/250 7558/2/334 7552/2/328
f 7474/2/250 7552/2/328 7480/2/256
f 7480/2/256 7552/2/328 7546/2/322
f 7480/2/256 7546/2/322 7486/2/262
f 7486/2/262 7546/2/322 7540/2/316
f 7486/2/262 7540/2/316 7492/2/268
f 7492/2/268 7540/2/316 7534/2/310
f 7492/2/268 7534/2/310 7498/2/274
f 7498/2/274 7534/2/310 7528/2/304
f 7498/2/274 7528/2/304 7504/2/280
f 7504/2/280 7528/2/304 7522/2/298
f 7504/2/280 7522/2/298 7510/2/286
f 7510/2/286 7522/2/298 7516/2/292
f 9068/4/5730 9090/4/5731 9091/4/5732
f 9090/4/5731 9068/4/5730 9069/4/5733
f 9090/4/5731 9069/4/5733 9089/4/5734
f 9089/4/5734 9069/4/5733 9070/4/5735
f 9089/4/5734 9070/4/5735 9088/4/5736
f 9088/4/5736 9070/4/5735 9071/4/5737
f 9088/4/5736 9071/4/5737 9087/4/5738
f 9087/4/5738 9071/4/5737 9072/4/5739
f 9087/4/5738 9072/4/5739 9086/4/5740
f 9086/4/5740 9072/4/5739 9073/4/5741
f 9086/4/5740 9073/4/5741 9085/4/5742
f 9085/4/5742 9073/4/5741 9074/4/5743
f 9085/4/5742 9074/4/5743 9084/4/5744
f 9084/4/5744 9074/4/5743 9075/4/5745
f 9084/4/5744 9075/4/5745 9083/4/5746
f 9083/4/5746 9075/4/5745 9076/4/5747
f 9083/4/5746 9076/4/5747 9082/4/5748
f 9082/4/5748 9076/4/5747 9077/4/5749
f 9082/4/5748 9077/4/5749 9081/4/5750
f 9081/4/5750 9077/4/5749 9078/4/5751
f 9081/4/5750 9078/4/5751 9080/4/5752
f 9080/4/5752 9078/4/5751 9079/4/5753
f 7686/2/219 7822/2/355 7687/2/220
f 7822/2/355 7686/2/219 7696/2/229
f 7822/2/355 7696/2/229 7816/2/349
f 7816/2/349 7696/2/229 7702/2/235
f 7816/2/349 7702/2/235 7810/2/343
f 7810/2/343 7702/2/235 7708/2/241
f 7810/2/343 7708/2/241 7804/2/337
f 7804/2/337 7708/2/241 7714/2/247
f 7804/2/337 7714/2/247 7798/2/331
f 7798/2/331 7714/2/247 7720/2/253
f 7798/2/331 7720/2/253 7792/2/325
f 7792/2/325 7720/2/253 7726/2/259
f 7792/2/325 7726/2/259 7786/2/319
f 7786/2/319 7726/2/259 7732/2/265
f 7786/2/319 7732/2/265 7780/2/313
f 7780/2/313 7732/2/265 7738/2/271
f 7780/2/313 7738/2/271 7774/2/307
f 7774/2/307 7738/2/271 7744/2/277
f 7774/2/307 7744/2/277 7768/2/301
f 7768/2/301 7744/2/277 7750/2/283
f 7768/2/301 7750/2/283 7762/2/295
f 7762/2/295 7750/2/283 7756/2/289
f 9094/4/5706 9092/4/5707 9093/4/5708
f 9092/4/5707 9094/4/5706 9095/4/5709
f 9092/4/5707 9095/4/5709 9115/4/5710
f 9115/4/5710 9095/4/5709 9096/4/5711
f 9115/4/5710 9096/4/5711 9114/4/5712
f 9114/4/5712 9096/4/5711 9097/4/5713
f 9114/4/5712 9097/4/5713 9113/4/5714
f 9113/4/5714 9097/4/5713 9098/4/5715
f 9113/4/5714 9098/4/5715 9112/4/5716
f 9112/4/5716 9098/4/5715 9099/4/5717
f 9112/4/5716 9099/4/5717 9111/4/5718
f 9111/4/5718 9099/4/5717 9100/4/5719
f 9111/4/5718 9100/4/5719 9110/4/5720
f 9110/4/5720 9100/4/5719 9101/4/5721
f 9110/4/5720 9101/4/5721 9109/4/5722
f 9109/4/5722 9101/4/5721 9102/4/5723
f 9109/4/5722 9102/4/5723 9108/4/5724
f 9108/4/5724 9102/4/5723 9103/4/5725
f 9108/4/5724 9103/4/5725 9107/4/5726
f 9107/4/5726 9103/4/5725 9104/4/5727
f 9107/4/5726 9104/4/5727 9106/4/5728
f 9106/4/5728 9104/4/5727 9105/4/5729
f 7872/1/460 7917/1/504 7873/1/5111
f 7917/1/504 7872/1/460 7875/1/462
f 7917/1/504 7875/1/462 7915/1/502
f 7915/1/502 7875/1/462 7877/1/464
f 7915/1/502 7877/1/464 7913/1/500
f 7913/1/500 7877/1/464 7879/1/466
f 7913/1/500 7879/1/466 7911/1/498
f 7911/1/498 7879/1/466 7881/1/468
f 7911/1/498 7881/1/468 7909/1/496
f 7909/1/496 7881/1/468 7883/1/470
f 7909/1/496 7883/1/470 7907/1/494
f 7907/1/494 7883/1/470 7885/1/472
f 7907/1/494 7885/1/472 7905/1/492
f 7905/1/492 7885/1/472 7887/1/474
f 7905/1/492 7887/1/474 7903/1/490
f 7903/1/490 7887/1/474 7889/1/476
f 7903/1/490 7889/1/476 7901/1/488
f 7901/1/488 7889/1/476 7891/1/478
f 7901/1/488 7891/1/478 7899/1/486
f 7899/1/486 7891/1/478 7893/1/480
f 7899/1/486 7893/1/480 7897/1/484
f 7897/1/484 7893/1/480 7895/1/482
f 7916/1/503 7871/1/459 7870/1/458
f 7871/1/459 7916/1/503 7914/1/501
f 7871/1/459 7914/1/501 7874/1/461
f 7874/1/461 7914/1/501 7912/1/499
f 7874/1/461 7912/1/499 7876/1/463
f 7876/1/463 7912/1/499 7910/1/497
f 7876/1/463 7910/1/497 7878/1/465
f 7878/1/465 7910/1/497 7908/1/495
f 7878/1/465 7908/1/495 7880/1/467
f 7880/1/467 7908/1/495 7906/1/493
f 7880/1/467 7906/1/493 7882/1/469
f 7882/1/469 7906/1/493 7904/1/491
f 7882/1/469 7904/1/491 7884/1/471
f 7884/1/471 7904/1/491 7902/1/489
f 7884/1/471 7902/1/489 7886/1/473
f 7886/1/473 7902/1/489 7900/1/487
f 7886/1/473 7900/1/487 7888/1/475
f 7888/1/475 7900/1/487 7898/1/485
f 7888/1/475 7898/1/485 7890/1/477
f 7890/1/477 7898/1/485 7896/1/483
f 7890/1/477 7896/1/483 7892/1/479
f 7892/1/479 7896/1/483 7894/1/481
f 7933/1/515 7929/1/518 7931/1/517
f 7929/1/518 7933/1/515 7935/1/513
f 7929/1/518 7935/1/513 7927/1/520
f 7927/1/520 7935/1/513 7937/1/511
f 7927/1/520 7937/1/511 7925/1/522
f 7925/1/522 7937/1/511 7939/1/509
f 7925/1/522 7939/1/509 7923/1/524
f 7923/1/524 7939/1/509 7941/1/507
f 7923/1/524 7941/1/507 7920/1/526
f 7920/1/526 7941/1/507 7943/1/506
f 7920/1/526 7943/1/506 7921/1/528
f 7921/1/528 7943/1/506 7945/1/549
f 7921/1/528 7945/1/549 7965/1/5112
f 7965/1/5112 7945/1/549 7947/1/547
f 7965/1/5112 7947/1/547 7963/1/532
f 7963/1/532 7947/1/547 7949/1/545
f 7963/1/532 7949/1/545 7961/1/534
f 7961/1/534 7949/1/545 7951/1/543
f 7961/1/534 7951/1/543 7959/1/536
f 7959/1/536 7951/1/543 7953/1/541
f 7959/1/536 7953/1/541 7957/1/538
f 7957/1/538 7953/1/541 7955/1/540
f 9135/1/5191 9133/1/5754 9134/1/5863
f 9133/1/5754 9135/1/5191 9132/1/5757
f 9132/1/5757 9135/1/5191 9136/1/5756
f 9132/1/5757 9136/1/5756 9131/1/618
f 9131/1/618 9136/1/5756 9137/1/612
f 9131/1/618 9137/1/612 9130/1/5864
f 9130/1/5864 9137/1/612 9138/1/5890
f 9130/1/5864 9138/1/5890 9129/1/620
f 9129/1/620 9138/1/5890 9139/1/5760
f 9129/1/620 9139/1/5760 9128/1/5762
f 9128/1/5762 9139/1/5760 9116/1/5761
f 9128/1/5762 9116/1/5761 9127/1/5891
f 9127/1/5891 9116/1/5761 9117/1/5096
f 9127/1/5891 9117/1/5096 9126/1/5865
f 9126/1/5865 9117/1/5096 9118/1/5764
f 9126/1/5865 9118/1/5764 9125/1/600
f 9125/1/600 9118/1/5764 9119/1/5766
f 9125/1/600 9119/1/5766 9124/1/5866
f 9124/1/5866 9119/1/5766 9120/1/605
f 9124/1/5866 9120/1/605 9123/1/5769
f 9123/1/5769 9120/1/605 9121/1/5768
f 9123/1/5769 9121/1/5768 9122/1/5770
f 7968/1/5114 8013/1/5158 7969/1/5115
f 8013/1/5158 7968/1/5114 7971/1/5117
f 8013/1/5158 7971/1/5117 8011/1/5156
f 8011/1/5156 7971/1/5117 7973/1/5119
f 8011/1/5156 7973/1/5119 8009/1/5154
f 8009/1/5154 7973/1/5119 7975/1/5121
f 8009/1/5154 7975/1/5121 8007/1/5152
f 8007/1/5152 7975/1/5121 7977/1/5123
f 8007/1/5152 7977/1/5123 8005/1/5150
f 8005/1/5150 7977/1/5123 7979/1/5125
f 8005/1/5150 7979/1/5125 8003/1/5148
f 8003/1/5148 7979/1/5125 7981/1/5127
f 8003/1/5148 7981/1/5127 8001/1/5146
f 8001/1/5146 7981/1/5127 7983/1/5129
f 8001/1/5146 7983/1/5129 7999/1/5144
f 7999/1/5144 7983/1/5129 7985/1/5131
f 7999/1/5144 7985/1/5131 7997/1/5142
f 7997/1/5142 7985/1/5131 7987/1/5133
f 7997/1/5142 7987/1/5133 7995/1/5140
f 7995/1/5140 7987/1/5133 7989/1/5135
f 7995/1/5140 7989/1/5135 7993/1/5138
f 7993/1/5138 7989/1/5135 7991/1/5136
f 9141/1/5892 9163/1/5893 9140/1/5894
f 9163/1/5893 9141/1/5892 9162/1/5895
f 9162/1/5895 9141/1/5892 9142/1/5896
f 9162/1/5895 9142/1/5896 9161/1/5897
f 9161/1/5897 9142/1/5896 9143/1/5898
f 9161/1/5897 9143/1/5898 9160/1/5899
f 9160/1/5899 9143/1/5898 9144/1/5900
f 9160/1/5899 9144/1/5900 9159/1/5901
f 9159/1/5901 9144/1/5900 9145/1/5902
f 9159/1/5901 9145/1/5902 9158/1/5903
f 9158/1/5903 9145/1/5902 9146/1/5904
f 9158/1/5903 9146/1/5904 9157/1/5905
f 9157/1/5905 9146/1/5904 9147/1/5906
f 9157/1/5905 9147/1/5906 9156/1/5183
f 9156/1/5183 9147/1/5906 9148/1/5907
f 9156/1/5183 9148/1/5907 9155/1/5908
f 9155/1/5908 9148/1/5907 9149/1/5909
f 9155/1/5908 9149/1/5909 9154/1/5910
f 9154/1/5910 9149/1/5909 9150/1/5911
f 9154/1/5910 9150/1/5911 9153/1/5912
f 9153/1/5912 9150/1/5911 9151/1/5913
f 9153/1/5912 9151/1/5913 9152/1/5914
