# Blender 5.2.0 LTS
# www.blender.org
mtllib 18_3_Airplane_AIRPORT_0.mtl
o 18.3.Airplane_AIRPORT_0
v -24.647371 -1.193379 -2.100450
v -24.655464 -1.239260 -2.098881
v -24.799255 -1.188397 -2.062772
v -25.782143 -0.728458 -1.678277
v -25.792677 -0.837021 -1.698912
v -26.020893 -0.764432 -1.536729
v 10.009211 0.723968 -3.584687
v 12.160276 0.939620 -3.462239
v 12.106869 0.685820 -3.610298
v 15.402317 0.024574 -3.519441
v 15.464344 -0.146236 -3.540416
v 15.252938 -0.147232 -3.587873
v 18.060333 -1.596462 -3.135223
v 19.167061 -1.515231 -2.882758
v 19.124792 -2.085273 -3.116465
v 17.464642 0.227363 -2.836469
v 17.525646 0.317912 -2.789278
v 17.782738 0.367352 -2.665150
v 20.132572 -1.420938 -2.595782
v 20.075891 -1.761700 -2.800517
v 17.782738 0.367352 -2.665150
v 17.856022 0.808265 -2.533730
v 18.515112 0.433459 -2.381748
v 20.818403 -1.344852 -2.261185
v 21.150328 -1.670155 -2.522261
v 2.857565 -0.146237 -3.814341
v 3.943144 -0.146237 -3.836233
v 2.857565 -0.306227 -3.871790
v 5.801519 -1.462983 -4.327022
v 4.858944 -1.462983 -4.325914
v 5.801536 -1.340792 -4.284825
v 10.853560 -2.694304 -4.539097
v 9.933261 -1.998897 -4.342762
v 11.115340 -2.010255 -4.279059
v -25.104311 -0.905488 -1.975094
v -25.127354 -1.072349 -1.976749
v -25.498714 -0.925475 -1.851425
v 0.442036 -3.257770 -28.357510
v 0.242324 -3.617792 -28.655827
v 0.143728 -3.502484 -28.817638
v -0.448076 -2.819438 -27.137613
v -0.704942 -2.771106 -27.851385
v -0.892474 -2.761951 -27.829874
v -14.534700 -2.155019 -3.331200
v -11.198929 -2.018271 -3.595021
v -11.197842 -2.331524 -3.613189
v -24.510094 -0.095073 -1.866469
v -24.519613 -0.268409 -1.939536
v -24.672829 -0.117824 -1.833362
v -19.637110 -2.331373 -2.744458
v -19.652712 -2.401914 -2.715852
v -21.169411 -2.111975 -2.567672
v -26.195852 -0.590592 -1.318655
v -26.205996 -0.690828 -1.347817
v -26.352547 -0.625840 -1.151657
v -6.529656 -2.744069 -3.924007
v -4.491583 -2.584424 -4.024879
v -4.471110 -2.903058 -4.044224
v -24.914032 0.667588 -0.739258
v -24.839090 0.520416 -0.916667
v -24.925459 0.497583 -0.912026
v 2.621705 -1.684915 -4.358008
v 3.582670 -1.655790 -4.367612
v 2.626784 -1.791492 -4.498621
v -21.949656 3.602922 -0.372025
v -22.620182 3.353487 -0.415041
v -21.985144 3.703176 -0.369618
v -24.155115 1.551374 -0.530139
v -24.741804 1.366330 -0.529724
v -24.204075 2.071038 -0.477390
v -23.310808 2.375738 -0.468781
v -23.391594 2.798521 -0.448897
v -23.130159 -0.927582 -2.359664
v -23.176369 -1.094167 -2.359064
v -23.547163 -0.913931 -2.290678
v -23.300911 -1.542796 -2.345168
v -23.344934 -1.702880 -2.305072
v -24.077606 -1.472555 -2.215487
v -23.883814 -0.600363 -2.175751
v -23.912638 -0.736273 -2.197777
v -24.171783 -0.608871 -2.121653
v -1.660279 -1.688476 -28.357363
v -1.319453 -2.346449 -28.206598
v -1.007690 -2.359440 -28.243101
v -3.896541 -3.617792 -28.349983
v -3.911619 -3.262190 -28.042259
v -3.937385 -3.502484 -28.510994
v 20.132572 -1.420938 -2.595782
v 19.167061 -1.515231 -2.882758
v 19.379568 -0.891942 -2.617613
v 18.060333 -1.596462 -3.135223
v 18.153925 -1.000376 -2.978287
v 20.818403 -1.344852 -2.261185
v 20.395721 -0.982746 -2.236201
v 17.782738 0.367352 -2.665150
v 17.683760 0.126407 -2.801804
v 17.464642 0.227363 -2.836469
v 11.172759 -0.145072 -3.889557
v 10.958621 -0.579572 -3.995658
v 10.958621 -0.146237 -3.891859
v 8.957293 -1.221421 -4.209482
v 9.169012 -0.847553 -4.097327
v 9.169012 -1.221421 -4.205921
v 5.801519 0.095326 -3.775841
v 4.859506 -0.011188 -3.801325
v 4.858944 0.095326 -3.759179
v 6.013288 -1.221421 -4.244111
v 5.979095 -1.315585 -4.276849
v 2.645796 0.095326 -3.712309
v 2.793606 0.783927 -3.430629
v 2.795541 0.024574 -3.745818
v -10.656127 0.095326 -3.134293
v -10.654205 -0.144438 -3.214482
v -10.805875 0.024574 -3.154996
v -6.743011 0.095326 -3.331179
v -6.740289 0.723940 -3.078541
v -6.593266 0.024574 -3.366784
v 0.581908 -4.085563 -19.918076
v 0.513892 -4.085772 -20.156239
v 0.796648 -4.085674 -20.039310
v 0.634294 -2.632852 -19.749781
v 0.848870 -2.635581 -19.871828
v 0.566161 -2.638237 -19.989576
v 2.267054 -4.080363 -13.911844
v 2.200347 -4.080593 -14.151013
v 2.482585 -4.080476 -14.031649
v 2.489083 -2.501405 -14.010686
v 2.206919 -2.504140 -14.130177
v 2.273606 -2.498708 -13.890757
v -26.338486 8.058228 0.000006
v -26.336931 7.917070 0.000006
v -26.337908 7.917076 0.000006
v -26.250402 5.401224 0.000007
v -26.246668 5.260271 0.000007
v -26.246998 5.260153 0.000007
v 3.582670 -1.655790 -4.367612
v 4.858944 -1.462983 -4.325914
v 4.843588 -1.617576 -4.380213
v -22.386469 -1.884408 -2.427402
v -21.169411 -2.111975 -2.567672
v -22.403955 -1.943040 -2.412706
v -26.205996 -0.690828 -1.347817
v -26.020893 -0.764432 -1.536729
v -26.216362 -0.793253 -1.377616
v -25.127354 -1.072349 -1.976749
v -24.799255 -1.188397 -2.062772
v -25.141825 -1.177162 -1.977788
v -2.150187 -2.365157 -4.129081
v -2.144907 -2.605659 -4.164980
v 12.324735 -0.376999 -3.922272
v 12.093307 -0.140068 -3.879664
v 12.324735 -0.146237 -3.873402
v 14.098230 -0.146237 -3.810393
v 12.324735 -0.376999 -3.922272
v 12.324735 -0.146237 -3.873402
v 17.181293 0.282088 -2.920902
v -16.478741 -2.750009 -3.057710
v -14.602602 -2.884223 -3.246656
v -14.612513 -2.977977 -3.226017
v -16.478741 -2.750009 -3.057710
v -17.828579 -2.653444 -2.911121
v -17.817783 -2.586438 -2.936948
v -8.635297 -2.884637 -3.778174
v -8.638864 -3.147105 -3.767107
v -11.215628 -2.913676 -3.588508
v 4.860910 -1.260249 -4.254330
v 0.497825 -2.054651 -4.444589
v 0.255289 -2.083089 -4.343749
v 0.405644 -1.968901 -4.306365
v 15.252574 0.095326 -3.546780
v -6.529656 -2.744069 -3.924007
v -8.635297 -2.884637 -3.778174
v -8.630965 -2.566008 -3.791607
v -26.464489 -0.588665 -0.955409
v -26.471598 -0.632828 -0.967974
v 17.181293 0.282088 -2.920902
v 16.456806 0.196329 -3.184089
v 16.524866 0.408871 -3.116508
v 7.802896 -1.052121 -4.175181
v 8.015032 -1.221421 -4.225327
v 7.802896 -1.221421 -4.228895
v 17.525646 0.317912 -2.789278
v -24.655464 -1.239260 -2.098881
v -24.077606 -1.472555 -2.215487
v -24.688723 -1.427933 -2.092429
v -11.215628 -2.913676 -3.588508
v -14.602602 -2.884223 -3.246656
v -14.569128 -2.567615 -3.316353
v -4.491583 -2.584424 -4.024879
v -6.526246 -2.349784 -3.901390
v -25.792677 -0.837021 -1.698912
v -25.498714 -0.925475 -1.851425
v -25.803673 -0.950383 -1.720459
v 17.540741 1.407876 -2.229490
v 17.218773 1.384469 -2.393595
v 17.316872 1.487453 -2.271075
v -24.519613 -0.268409 -1.939536
v -24.444342 -0.342394 -1.987036
v -24.523983 -0.347931 -1.973057
v -3.453881 -1.221420 -3.856974
v -2.233952 -1.045066 -3.872233
v -2.214873 -1.218146 -3.918432
v -11.198929 -2.018271 -3.595021
v -14.534700 -2.155019 -3.331200
v -14.496401 -1.651130 -3.324693
v -23.912638 -0.736273 -2.197777
v -23.547163 -0.913931 -2.290678
v -23.947531 -0.900824 -2.224443
v 10.009211 0.723968 -3.584687
v 7.615759 0.374117 -3.687053
v 7.630290 0.753134 -3.541279
v 18.804716 1.470782 -0.717829
v 19.028656 1.446035 -0.000007
v 18.960672 1.405917 -0.694156
v 15.192069 1.237153 -3.070424
v 13.992789 1.144983 -3.251695
v 13.983346 1.327775 -3.151536
v 15.192069 1.237153 -3.070424
v 15.632580 1.269172 -2.972285
v 15.601263 1.206475 -3.042964
v 3.943144 -0.146237 -3.836233
v 4.686983 -0.036612 -3.808504
v 4.647175 -0.146237 -3.850430
v -17.726015 -2.047556 -3.031887
v -17.697741 -1.884193 -3.040738
v -4.604975 -1.354012 -3.827534
v -4.608225 -1.462983 -3.848607
v -4.757966 -1.392231 -3.828064
v -24.882103 0.940287 -0.612807
v -24.914032 0.667588 -0.739258
v -24.952763 0.919687 -0.612376
v -22.620182 3.353487 -0.415041
v -23.391594 2.798521 -0.448897
v -23.439400 3.048734 -0.437129
v -8.678961 -1.806980 -3.711547
v -8.645761 -2.176599 -3.768076
v -3.666605 -1.220993 -3.846677
v -4.600952 -1.219114 -3.801447
v -7.897353 -1.734229 -3.732748
v -7.897353 -1.943206 -3.772345
v 6.154203 -1.290726 -4.267097
v 5.979095 -1.315585 -4.276849
v 6.013288 -1.221421 -4.244111
v -1.028646 -2.791175 -27.078299
v -1.443739 -2.735042 -27.766638
v -1.363872 -2.774856 -27.044050
v 7.802896 -1.221421 -4.228895
v 7.559269 -1.227513 -4.233021
v 7.611545 -1.116208 -4.198462
v -24.647371 -1.193378 2.100467
v -24.799255 -1.188396 2.062788
v -24.655464 -1.239259 2.098898
v -25.782143 -0.728457 1.678294
v -26.020893 -0.764431 1.536747
v -25.792677 -0.837020 1.698929
v 10.009212 0.723971 3.584680
v 12.106871 0.685823 3.610290
v 12.160278 0.939623 3.462231
v 15.402319 0.024577 3.519431
v 15.252940 -0.147230 3.587863
v 15.464346 -0.146233 3.540406
v 18.060337 -1.596460 3.135212
v 19.124796 -2.085271 3.116454
v 19.167061 -1.515229 2.882746
v 17.464642 0.227364 2.836457
v 17.782738 0.367354 2.665139
v 17.525650 0.317914 2.789267
v 20.075891 -1.761698 2.800505
v 20.132572 -1.420936 2.595769
v 17.782738 0.367354 2.665139
v 18.515114 0.433461 2.381735
v 17.856024 0.808267 2.533717
v 21.150328 -1.670154 2.522248
v 20.818403 -1.344851 2.261172
v 2.857568 -0.146234 3.814338
v 2.857568 -0.306224 3.871788
v 3.943146 -0.146234 3.836230
v 5.801522 -1.462981 4.327019
v 5.801538 -1.340789 4.284822
v 4.858947 -1.462981 4.325911
v 10.853564 -2.694300 4.539091
v 11.115342 -2.010252 4.279053
v 9.933264 -1.998894 4.342756
v -25.104311 -0.905487 1.975111
v -25.498714 -0.925474 1.851442
v -25.127354 -1.072348 1.976766
v 0.442054 -3.257753 28.357513
v 0.143746 -3.502467 28.817646
v 0.242342 -3.617775 28.655830
v -0.448059 -2.819422 27.137613
v -0.892456 -2.761935 27.829874
v -0.704923 -2.771089 27.851385
v -14.534697 -2.155016 3.331211
v -11.197840 -2.331522 3.613197
v -11.198927 -2.018268 3.595030
v -24.510094 -0.095072 1.866485
v -24.672829 -0.117823 1.833378
v -24.519613 -0.268408 1.939552
v -19.637110 -2.331371 2.744472
v -21.169411 -2.111973 2.567687
v -19.652712 -2.401913 2.715866
v -26.195852 -0.590591 1.318672
v -26.352547 -0.625839 1.151675
v -26.205996 -0.690827 1.347835
v -6.529655 -2.744066 3.924012
v -4.471107 -2.903055 4.044229
v -4.491580 -2.584421 4.024884
v -24.914032 0.667588 0.739273
v -24.925459 0.497583 0.912042
v -24.839090 0.520416 0.916682
v 2.621708 -1.684911 4.358007
v 2.626787 -1.791490 4.498620
v 3.582673 -1.655788 4.367610
v -21.949656 3.602922 0.372037
v -21.985144 3.703176 0.369630
v -22.620182 3.353487 0.415053
v -24.155115 1.551374 0.530153
v -24.204075 2.071038 0.477404
v -24.741804 1.366331 0.529739
v -23.310808 2.375738 0.468795
v -23.391594 2.798522 0.448910
v -23.130159 -0.927580 2.359679
v -23.547163 -0.913929 2.290693
v -23.176369 -1.094165 2.359080
v -23.300911 -1.542795 2.345184
v -24.077606 -1.472554 2.215503
v -23.344934 -1.702878 2.305088
v -23.883814 -0.600362 2.175767
v -24.171783 -0.608870 2.121669
v -23.912638 -0.736271 2.197792
v -1.660261 -1.688460 28.357363
v -1.007671 -2.359424 28.243101
v -1.319435 -2.346432 28.206602
v -3.896523 -3.617775 28.349987
v -3.937366 -3.502466 28.510998
v -3.911601 -3.262173 28.042263
v 20.132572 -1.420936 2.595769
v 19.379568 -0.891940 2.617601
v 19.167061 -1.515229 2.882746
v 18.153927 -1.000373 2.978276
v 18.060337 -1.596460 3.135212
v 20.818403 -1.344851 2.261172
v 20.395721 -0.982745 2.236187
v 17.782738 0.367354 2.665139
v 17.464642 0.227364 2.836457
v 17.683762 0.126408 2.801792
v 11.172761 -0.145070 3.889550
v 10.958623 -0.146234 3.891851
v 10.958623 -0.579569 3.995651
v 8.957295 -1.221418 4.209476
v 9.169014 -1.221418 4.205915
v 9.169014 -0.847550 4.097322
v 5.801522 0.095328 3.775837
v 4.858947 0.095328 3.759176
v 4.859509 -0.011184 3.801322
v 5.979098 -1.315581 4.276845
v 6.013291 -1.221418 4.244107
v 2.645799 0.095328 3.712307
v 2.795543 0.024577 3.745817
v 2.793608 0.783929 3.430626
v -10.656125 0.095328 3.134299
v -10.805873 0.024577 3.155003
v -10.654203 -0.144436 3.214489
v -6.743010 0.095328 3.331183
v -6.593264 0.024577 3.366788
v -6.740287 0.723941 3.078545
v 0.581921 -4.085551 19.918076
v 0.796661 -4.085662 20.039310
v 0.513906 -4.085760 20.156239
v 0.634307 -2.632840 19.749781
v 0.566174 -2.638226 19.989576
v 0.848883 -2.635569 19.871824
v 2.267063 -4.080355 13.911843
v 2.482594 -4.080467 14.031648
v 2.200356 -4.080585 14.151012
v 2.489092 -2.501395 14.010685
v 2.273615 -2.498700 13.890756
v 2.206928 -2.504132 14.130177
v 3.582673 -1.655788 4.367610
v 4.843591 -1.617573 4.380210
v 4.858947 -1.462981 4.325911
v -22.386469 -1.884406 2.427417
v -22.403955 -1.943038 2.412722
v -21.169411 -2.111973 2.567687
v -26.205996 -0.690827 1.347835
v -26.216362 -0.793252 1.377634
v -26.020893 -0.764431 1.536747
v -25.127354 -1.072348 1.976766
v -25.141825 -1.177161 1.977805
v -24.799255 -1.188396 2.062788
v -2.144905 -2.605657 4.164983
v -2.150184 -2.365155 4.129084
v 12.324737 -0.376997 3.922264
v 12.324737 -0.146234 3.873394
v 12.093308 -0.140066 3.879656
v 14.098232 -0.146233 3.810384
v 12.324737 -0.146234 3.873394
v 12.324737 -0.376997 3.922264
v 17.181297 0.282090 2.920890
v -16.478737 -2.750006 3.057722
v -14.612509 -2.977975 3.226028
v -14.602598 -2.884221 3.246667
v -16.478737 -2.750006 3.057722
v -17.817780 -2.586436 2.936960
v -17.828579 -2.653442 2.911134
v -8.635295 -2.884634 3.778181
v -11.215626 -2.913673 3.588517
v -8.638862 -3.147103 3.767115
v 4.860913 -1.260246 4.254327
v 0.497828 -2.054647 4.444589
v 0.405647 -1.968898 4.306365
v 0.255292 -2.083086 4.343749
v 15.252576 0.095328 3.546770
v -6.529655 -2.744066 3.924012
v -8.630963 -2.566005 3.791614
v -8.635295 -2.884634 3.778181
v -26.464489 -0.588664 0.955427
v -26.471598 -0.632827 0.967992
v 17.181297 0.282090 2.920890
v 16.524868 0.408873 3.116496
v 16.456806 0.196332 3.184078
v 7.802899 -1.052117 4.175177
v 7.802899 -1.221418 4.228890
v 8.015034 -1.221418 4.225323
v 17.525650 0.317914 2.789267
v -24.655464 -1.239259 2.098898
v -24.688723 -1.427931 2.092446
v -24.077606 -1.472554 2.215503
v -11.215626 -2.913673 3.588517
v -14.569124 -2.567612 3.316364
v -14.602598 -2.884221 3.246667
v -4.491580 -2.584421 4.024884
v -6.526244 -2.349782 3.901395
v -25.792677 -0.837020 1.698929
v -25.803673 -0.950381 1.720476
v -25.498714 -0.925474 1.851442
v 17.540741 1.407877 2.229478
v 17.316872 1.487454 2.271063
v 17.218777 1.384470 2.393582
v -24.519613 -0.268408 1.939552
v -24.523983 -0.347929 1.973073
v -24.444342 -0.342393 1.987052
v -3.453878 -1.221418 3.856977
v -2.214870 -1.218144 3.918434
v -2.233949 -1.045064 3.872234
v -11.198927 -2.018268 3.595030
v -14.496397 -1.651128 3.324703
v -14.534697 -2.155016 3.331211
v -23.912638 -0.736271 2.197792
v -23.947531 -0.900823 2.224459
v -23.547163 -0.913929 2.290693
v 10.009212 0.723971 3.584680
v 7.630292 0.753137 3.541273
v 7.615762 0.374119 3.687048
v 18.804716 1.470783 0.717816
v 18.960672 1.405918 0.694142
v 15.192071 1.237155 3.070413
v 13.983348 1.327777 3.151527
v 13.992791 1.144985 3.251685
v 15.192071 1.237155 3.070413
v 15.601265 1.206477 3.042953
v 15.632582 1.269174 2.972274
v 3.943146 -0.146234 3.836230
v 4.647178 -0.146234 3.850427
v 4.686985 -0.036609 3.808501
v -17.697737 -1.884191 3.040750
v -17.726011 -2.047554 3.031899
v -4.604972 -1.354009 3.827537
v -4.757963 -1.392228 3.828068
v -4.608222 -1.462981 3.848611
v -24.882103 0.940287 0.612823
v -24.952763 0.919687 0.612391
v -24.914032 0.667588 0.739273
v -22.620182 3.353487 0.415053
v -23.439400 3.048734 0.437143
v -23.391594 2.798522 0.448910
v -8.645760 -2.176596 3.768083
v -8.678959 -1.806977 3.711554
v -3.666602 -1.220990 3.846680
v -4.600949 -1.219111 3.801450
v -7.897351 -1.943203 3.772351
v -7.897351 -1.734227 3.732754
v 6.154206 -1.290723 4.267093
v 6.013291 -1.221418 4.244107
v 5.979098 -1.315581 4.276845
v -1.028629 -2.791159 27.078302
v -1.363855 -2.774839 27.044054
v -1.443721 -2.735025 27.766638
v 7.802899 -1.221418 4.228890
v 7.611547 -1.116206 4.198457
v 7.559272 -1.227510 4.233016
v -18.773581 -0.794977 -4.912487
v -18.773581 -0.849133 -4.846497
v -18.567020 -1.157061 -5.154424
v -18.773581 -1.323709 -5.556749
v -18.773581 -1.242016 -5.581530
v -18.773581 -0.915124 -4.792339
v -18.773581 -1.157060 -5.589898
v -18.773581 -0.990411 -4.752098
v -18.773581 -1.072103 -5.581530
v -18.773581 -1.072104 -4.727316
v -18.773581 -0.990411 -5.556749
v -18.773581 -1.157061 -4.718949
v -18.773581 -0.915124 -5.516507
v -18.773581 -1.242017 -4.727316
v -18.773581 -0.849133 -5.462350
v -18.773581 -1.323709 -4.752098
v -18.773581 -0.794977 -5.396360
v -18.773581 -1.398997 -4.792339
v -18.773581 -0.754734 -5.321073
v -18.773581 -1.592535 -5.154424
v -18.773581 -1.584167 -5.239381
v -18.773581 -1.464987 -4.846497
v -18.773581 -0.729954 -5.239381
v -18.773581 -1.559386 -5.321073
v -18.773581 -1.519144 -4.912487
v -18.773581 -0.721586 -5.154424
v -18.773581 -1.519144 -5.396360
v -18.773581 -1.559386 -4.987774
v -18.773581 -0.729954 -5.069467
v -18.773581 -1.464987 -5.462350
v -18.773581 -1.584167 -5.069467
v -18.773581 -0.754734 -4.987775
v -18.773581 -1.398997 -5.516507
v -27.866819 -0.977569 -4.974925
v -27.866819 -0.946000 -5.013391
v -27.626123 -1.157065 -5.154421
v -27.866819 -1.206588 -5.403389
v -27.866819 -1.254207 -5.388943
v -27.866819 -1.016036 -4.943356
v -27.866819 -1.157065 -5.408266
v -27.866819 -1.059922 -4.919898
v -27.866819 -1.107542 -5.403389
v -27.866819 -1.107542 -4.905453
v -27.866819 -1.059922 -5.388943
v -27.866819 -1.157064 -4.900575
v -27.866819 -1.016036 -5.365486
v -27.866819 -1.206587 -4.905453
v -27.866819 -0.977569 -5.333917
v -27.866819 -1.254207 -4.919898
v -27.866819 -0.946000 -5.295450
v -27.866819 -1.298094 -4.943356
v -27.866819 -0.922542 -5.251563
v -27.866819 -1.406032 -5.203943
v -27.866819 -1.410910 -5.154421
v -27.866819 -1.336560 -4.974925
v -27.866819 -0.908096 -5.203943
v -27.866819 -1.391587 -5.251563
v -27.866819 -1.368130 -5.013391
v -27.866819 -0.903219 -5.154421
v -27.866819 -1.368130 -5.295450
v -27.866819 -1.391587 -5.057278
v -27.866819 -0.908096 -5.104898
v -27.866819 -1.336560 -5.333917
v -27.866819 -1.406032 -5.104898
v -27.866819 -0.922542 -5.057278
v -27.866819 -1.298094 -5.365486
v -18.773577 -0.794973 4.912499
v -18.567017 -1.157057 5.154436
v -18.773577 -0.849130 4.846509
v -18.773577 -1.323706 5.556761
v -18.773577 -1.242014 5.581542
v -18.773577 -0.915120 4.792351
v -18.773577 -1.157057 5.589910
v -18.773577 -0.990408 4.752110
v -18.773577 -1.072100 5.581542
v -18.773577 -1.072100 4.727329
v -18.773577 -0.990408 5.556761
v -18.773577 -1.157057 4.718962
v -18.773577 -0.915120 5.516520
v -18.773577 -1.242014 4.727329
v -18.773577 -0.849130 5.462362
v -18.773577 -1.323706 4.752110
v -18.773577 -0.794973 5.396372
v -18.773577 -1.398993 4.792351
v -18.773577 -0.754731 5.321084
v -18.773577 -1.592531 5.154436
v -18.773577 -1.584164 5.239393
v -18.773577 -1.464984 4.846509
v -18.773577 -0.729949 5.239392
v -18.773577 -1.559382 5.321084
v -18.773577 -1.519140 4.912499
v -18.773577 -0.721582 5.154435
v -18.773577 -1.519140 5.396372
v -18.773577 -1.559383 4.987787
v -18.773577 -0.729949 5.069478
v -18.773577 -1.464984 5.462362
v -18.773577 -1.584164 5.069479
v -18.773577 -0.754731 4.987786
v -18.773577 -1.398993 5.516520
v -27.866816 -0.977565 4.974943
v -27.626120 -1.157061 5.154439
v -27.866816 -0.945996 5.013411
v -27.866816 -1.206584 5.403408
v -27.866816 -1.254203 5.388962
v -27.866816 -1.016032 4.943375
v -27.866816 -1.157061 5.408286
v -27.866816 -1.059919 4.919917
v -27.866816 -1.107538 5.403408
v -27.866816 -1.107539 4.905471
v -27.866816 -1.059919 5.388962
v -27.866816 -1.157061 4.900594
v -27.866816 -1.016032 5.365505
v -27.866816 -1.206584 4.905471
v -27.866816 -0.977565 5.333936
v -27.866816 -1.254204 4.919917
v -27.866816 -0.945996 5.295469
v -27.866816 -1.298090 4.943375
v -27.866816 -0.922538 5.251583
v -27.866816 -1.406029 5.203962
v -27.866816 -1.410906 5.154440
v -27.866816 -1.336557 4.974943
v -27.866816 -0.908093 5.203962
v -27.866816 -1.391584 5.251583
v -27.866816 -1.368126 5.013411
v -27.866816 -0.903215 5.154440
v -27.866816 -1.368126 5.295469
v -27.866816 -1.391584 5.057297
v -27.866816 -0.908093 5.104917
v -27.866816 -1.336557 5.333936
v -27.866816 -1.406029 5.104917
v -27.866816 -0.922538 5.057297
v -27.866816 -1.298090 5.365505
v 19.452358 -8.647922 0.437380
v 19.452358 -8.647922 0.813978
v 19.225309 -8.677813 0.813978
v 19.225309 -8.677813 0.437380
v 18.786688 -8.560284 0.437380
v 18.786688 -8.560284 0.813979
v 18.605003 -8.420873 0.813979
v 18.605003 -8.420873 0.437380
v 18.465591 -8.239189 0.813979
v 18.465591 -8.239189 0.437380
v 18.377956 -8.027615 0.813978
v 18.377956 -8.027615 0.437380
v 18.348064 -7.800566 0.813978
v 18.348064 -7.800566 0.437380
v 18.377956 -7.573517 0.813978
v 18.377956 -7.573518 0.437380
v 18.465591 -7.361943 0.813978
v 18.465591 -7.361943 0.437380
v 18.605003 -7.180259 0.813978
v 18.605003 -7.180259 0.437380
v 18.786688 -7.040848 0.813978
v 18.786688 -7.040849 0.437380
v 18.998262 -6.953211 0.813978
v 18.998262 -6.953211 0.437380
v 19.225309 -6.923319 0.813978
v 19.225309 -6.923320 0.437380
v 19.452358 -6.953211 0.813978
v 19.452358 -6.953211 0.437379
v 19.663933 -7.040848 0.813978
v 19.663933 -7.040849 0.437379
v 19.845617 -7.180259 0.813978
v 19.845617 -7.180259 0.437379
v 19.985027 -7.361943 0.813978
v 19.985027 -7.361943 0.437379
v 20.072664 -7.573517 0.813978
v 20.072664 -7.573518 0.437379
v 20.102556 -7.800566 0.813978
v 20.102556 -7.800566 0.437379
v 20.072664 -8.027615 0.813978
v 20.072664 -8.027615 0.437380
v 19.985027 -8.239189 0.813978
v 19.985027 -8.239189 0.437380
v 19.845617 -8.420873 0.813978
v 19.845617 -8.420873 0.437380
v 19.663933 -8.560284 0.813978
v 19.663933 -8.560284 0.437380
v 18.998262 -8.647922 0.437380
v 18.998262 -8.647922 0.813978
v 19.735065 -8.094873 0.978236
v 19.793869 -7.952910 0.978236
v 19.574160 -7.894040 0.861336
v 19.538080 -7.981143 0.861336
v 19.004007 -8.626481 0.355251
v 19.225309 -8.655617 0.355251
v 19.019701 -8.567906 0.295128
v 19.225309 -8.594975 0.295128
v 19.041142 -8.487891 0.273122
v 19.225309 -8.512137 0.273122
v 19.225309 -8.655617 0.896107
v 19.004007 -8.626481 0.896108
v 19.225309 -8.594975 0.956230
v 19.019701 -8.567906 0.956230
v 19.225309 -8.512137 0.978236
v 19.041142 -8.487891 0.978237
v 18.797785 -8.541061 0.355251
v 18.828106 -8.488544 0.295128
v 18.869524 -8.416804 0.273122
v 18.797785 -8.541061 0.896108
v 18.828106 -8.488544 0.956230
v 18.869524 -8.416804 0.978237
v 18.620697 -8.405178 0.355251
v 18.663578 -8.362298 0.295128
v 18.722153 -8.303722 0.273122
v 18.620697 -8.405178 0.896108
v 18.663578 -8.362298 0.956230
v 18.722153 -8.303722 0.978237
v 18.484814 -8.228091 0.355251
v 18.537333 -8.197770 0.295128
v 18.609070 -8.156351 0.273122
v 18.484814 -8.228091 0.896108
v 18.537331 -8.197770 0.956230
v 18.609070 -8.156352 0.978237
v 18.399395 -8.021870 0.355251
v 18.457970 -8.006174 0.295128
v 18.537985 -7.984734 0.273122
v 18.399395 -8.021870 0.896108
v 18.457970 -8.006174 0.956230
v 18.537985 -7.984734 0.978237
v 18.370260 -7.800566 0.355251
v 18.430901 -7.800566 0.295128
v 18.513741 -7.800566 0.273122
v 18.370260 -7.800566 0.896108
v 18.430901 -7.800566 0.956230
v 18.513741 -7.800566 0.978237
v 18.399395 -7.579263 0.355251
v 18.457970 -7.594958 0.295128
v 18.537985 -7.616398 0.273122
v 18.399395 -7.579262 0.896107
v 18.457970 -7.594957 0.956230
v 18.537985 -7.616397 0.978237
v 18.484814 -7.373041 0.355251
v 18.537331 -7.403362 0.295128
v 18.609070 -7.444781 0.273122
v 18.484814 -7.373041 0.896107
v 18.537333 -7.403361 0.956230
v 18.609070 -7.444780 0.978236
v 18.620697 -7.195955 0.355251
v 18.663578 -7.238834 0.295128
v 18.722153 -7.297410 0.273122
v 18.620697 -7.195954 0.896107
v 18.663578 -7.238834 0.956230
v 18.722153 -7.297409 0.978236
v 18.797785 -7.060071 0.355251
v 18.828106 -7.112588 0.295128
v 18.869524 -7.184328 0.273122
v 18.797785 -7.060071 0.896107
v 18.828106 -7.112588 0.956230
v 18.869524 -7.184327 0.978236
v 19.004007 -6.974651 0.355251
v 19.019701 -7.033226 0.295128
v 19.041142 -7.113242 0.273121
v 19.004007 -6.974651 0.896107
v 19.019701 -7.033226 0.956230
v 19.041142 -7.113241 0.978236
v 19.225309 -6.945516 0.355251
v 19.225309 -7.006157 0.295128
v 19.225309 -7.088995 0.273121
v 19.225309 -6.945516 0.896107
v 19.225309 -7.006157 0.956230
v 19.225309 -7.088995 0.978236
v 19.446613 -6.974651 0.355250
v 19.430918 -7.033226 0.295128
v 19.409479 -7.113242 0.273121
v 19.446613 -6.974650 0.896107
v 19.430918 -7.033226 0.956230
v 19.409479 -7.113241 0.978236
v 19.652836 -7.060071 0.355250
v 19.622515 -7.112588 0.295128
v 19.581095 -7.184328 0.273121
v 19.652836 -7.060071 0.896107
v 19.622515 -7.112588 0.956230
v 19.581095 -7.184327 0.978236
v 19.829922 -7.195955 0.355250
v 19.787043 -7.238834 0.295128
v 19.728466 -7.297410 0.273121
v 19.829922 -7.195954 0.896107
v 19.787043 -7.238834 0.956230
v 19.728466 -7.297409 0.978236
v 19.965805 -7.373041 0.355250
v 19.913288 -7.403362 0.295128
v 19.841549 -7.444781 0.273121
v 19.965805 -7.373041 0.896107
v 19.913288 -7.403361 0.956230
v 19.841549 -7.444780 0.978236
v 20.051226 -7.579263 0.355250
v 19.992651 -7.594958 0.295128
v 19.912636 -7.616398 0.273121
v 20.051226 -7.579262 0.896107
v 19.992651 -7.594957 0.956230
v 19.912636 -7.616397 0.978236
v 20.080360 -7.800566 0.355250
v 20.019718 -7.800566 0.295128
v 19.936880 -7.800566 0.273121
v 20.080360 -7.800566 0.896107
v 20.019718 -7.800566 0.956230
v 19.936880 -7.800566 0.978236
v 20.051226 -8.021870 0.355251
v 19.992651 -8.006174 0.295128
v 19.912636 -7.984734 0.273121
v 20.051226 -8.021870 0.896107
v 19.992651 -8.006174 0.956230
v 19.912636 -7.984734 0.978236
v 19.965805 -8.228091 0.355251
v 19.913288 -8.197770 0.295128
v 19.841549 -8.156351 0.273122
v 19.965805 -8.228091 0.896107
v 19.913288 -8.197770 0.956230
v 19.841549 -8.156352 0.978236
v 19.829922 -8.405178 0.355251
v 19.787043 -8.362298 0.295128
v 19.728466 -8.303722 0.273122
v 19.829922 -8.405178 0.896107
v 19.787043 -8.362298 0.956230
v 19.728466 -8.303722 0.978236
v 19.652836 -8.541061 0.355251
v 19.622515 -8.488544 0.295128
v 19.581095 -8.416804 0.273122
v 19.652836 -8.541061 0.896107
v 19.622515 -8.488544 0.956230
v 19.581095 -8.416804 0.978236
v 19.446613 -8.626481 0.355251
v 19.430918 -8.567906 0.295128
v 19.409479 -8.487891 0.273122
v 19.446613 -8.626481 0.896107
v 19.430918 -8.567906 0.956230
v 19.409479 -8.487891 0.978236
v 19.225309 -8.389181 0.978236
v 19.072964 -8.369124 0.978237
v 18.931002 -8.310322 0.978237
v 18.809095 -8.216780 0.978237
v 18.715553 -8.094873 0.978237
v 18.656752 -7.952910 0.978237
v 18.636696 -7.800566 0.978237
v 18.656752 -7.648221 0.978236
v 18.715553 -7.506258 0.978236
v 18.809095 -7.384352 0.978236
v 18.931002 -7.290811 0.978236
v 19.072964 -7.232008 0.978236
v 19.225309 -7.211951 0.978236
v 19.377655 -7.232008 0.978236
v 19.519617 -7.290811 0.978236
v 19.641523 -7.384352 0.978236
v 19.735065 -7.506258 0.978236
v 19.793869 -7.648221 0.978236
v 19.813925 -7.800566 0.978236
v 19.641523 -8.216780 0.978236
v 19.519617 -8.310322 0.978236
v 19.377655 -8.369124 0.978236
v 19.225309 -7.439409 0.861336
v 19.318785 -7.451715 0.861335
v 18.876459 -7.894040 0.861336
v 18.864155 -7.800565 0.861336
v 19.480686 -8.055943 0.861336
v 19.405890 -7.487795 0.861335
v 18.876459 -7.707091 0.861336
v 19.405890 -8.113337 0.861336
v 19.480686 -7.545189 0.861335
v 18.912539 -7.619987 0.861336
v 19.318785 -8.149416 0.861336
v 19.225309 -8.161722 0.861336
v 19.131836 -8.149416 0.861336
v 19.538080 -7.619987 0.861335
v 18.969934 -7.545189 0.861336
v 19.044731 -8.113337 0.861336
v 19.574160 -7.707091 0.861335
v 19.044731 -7.487795 0.861336
v 18.969934 -8.055943 0.861336
v 19.586466 -7.800565 0.861336
v 19.131836 -7.451715 0.861336
v 18.912539 -7.981143 0.861336
v 19.452358 -8.647922 -0.437379
v 19.225309 -8.677813 -0.437379
v 19.225309 -8.677813 -0.813977
v 19.452358 -8.647922 -0.813977
v 18.786688 -8.560284 -0.437379
v 18.605003 -8.420873 -0.437379
v 18.605003 -8.420873 -0.813977
v 18.786688 -8.560284 -0.813977
v 18.465591 -8.239189 -0.437379
v 18.465591 -8.239189 -0.813977
v 18.377956 -8.027615 -0.437379
v 18.377956 -8.027614 -0.813977
v 18.348064 -7.800566 -0.437379
v 18.348064 -7.800566 -0.813977
v 18.377956 -7.573518 -0.437379
v 18.377956 -7.573518 -0.813977
v 18.465591 -7.361943 -0.437379
v 18.465591 -7.361944 -0.813977
v 18.605003 -7.180259 -0.437379
v 18.605003 -7.180260 -0.813977
v 18.786688 -7.040849 -0.437379
v 18.786688 -7.040849 -0.813978
v 18.998262 -6.953211 -0.437379
v 18.998262 -6.953212 -0.813978
v 19.225309 -6.923320 -0.437379
v 19.225309 -6.923320 -0.813978
v 19.452358 -6.953211 -0.437379
v 19.452358 -6.953212 -0.813978
v 19.663933 -7.040849 -0.437379
v 19.663933 -7.040849 -0.813978
v 19.845617 -7.180259 -0.437379
v 19.845617 -7.180260 -0.813978
v 19.985027 -7.361943 -0.437379
v 19.985027 -7.361944 -0.813978
v 20.072664 -7.573518 -0.437379
v 20.072664 -7.573518 -0.813978
v 20.102556 -7.800566 -0.437379
v 20.102556 -7.800566 -0.813978
v 20.072664 -8.027615 -0.437379
v 20.072664 -8.027614 -0.813978
v 19.985027 -8.239189 -0.437379
v 19.985027 -8.239189 -0.813978
v 19.845617 -8.420873 -0.437379
v 19.845617 -8.420873 -0.813978
v 19.663933 -8.560284 -0.437379
v 19.663933 -8.560284 -0.813977
v 18.998262 -8.647922 -0.437379
v 18.998262 -8.647922 -0.813977
v 19.735065 -8.094873 -0.978236
v 19.538080 -7.981144 -0.861335
v 19.574160 -7.894041 -0.861335
v 19.793869 -7.952911 -0.978236
v 19.225309 -8.655617 -0.355250
v 19.004007 -8.626481 -0.355250
v 19.225309 -8.594975 -0.295127
v 19.019701 -8.567906 -0.295127
v 19.225309 -8.512137 -0.273121
v 19.041142 -8.487891 -0.273121
v 19.004007 -8.626481 -0.896106
v 19.225309 -8.655617 -0.896106
v 19.019701 -8.567906 -0.956229
v 19.225309 -8.594975 -0.956229
v 19.041142 -8.487891 -0.978235
v 19.225309 -8.512137 -0.978236
v 18.797785 -8.541061 -0.355250
v 18.828106 -8.488544 -0.295127
v 18.869524 -8.416804 -0.273121
v 18.797785 -8.541061 -0.896106
v 18.828106 -8.488544 -0.956229
v 18.869524 -8.416804 -0.978235
v 18.620697 -8.405178 -0.355250
v 18.663578 -8.362298 -0.295127
v 18.722153 -8.303722 -0.273121
v 18.620697 -8.405178 -0.896106
v 18.663578 -8.362298 -0.956229
v 18.722153 -8.303722 -0.978235
v 18.484814 -8.228091 -0.355250
v 18.537333 -8.197770 -0.295127
v 18.609070 -8.156351 -0.273121
v 18.484814 -8.228091 -0.896106
v 18.537331 -8.197770 -0.956229
v 18.609070 -8.156351 -0.978235
v 18.399395 -8.021870 -0.355250
v 18.457970 -8.006174 -0.295127
v 18.537985 -7.984734 -0.273121
v 18.399395 -8.021870 -0.896106
v 18.457970 -8.006174 -0.956229
v 18.537985 -7.984735 -0.978235
v 18.370260 -7.800566 -0.355250
v 18.430901 -7.800566 -0.295127
v 18.513741 -7.800566 -0.273121
v 18.370260 -7.800566 -0.896106
v 18.430901 -7.800566 -0.956229
v 18.513741 -7.800566 -0.978235
v 18.399395 -7.579263 -0.355250
v 18.457970 -7.594958 -0.295127
v 18.537985 -7.616398 -0.273121
v 18.399395 -7.579263 -0.896106
v 18.457970 -7.594958 -0.956229
v 18.537985 -7.616398 -0.978235
v 18.484814 -7.373041 -0.355250
v 18.537331 -7.403362 -0.295127
v 18.609070 -7.444781 -0.273121
v 18.484814 -7.373042 -0.896107
v 18.537333 -7.403362 -0.956229
v 18.609070 -7.444781 -0.978236
v 18.620697 -7.195955 -0.355250
v 18.663578 -7.238834 -0.295127
v 18.722153 -7.297410 -0.273121
v 18.620697 -7.195955 -0.896107
v 18.663578 -7.238835 -0.956229
v 18.722153 -7.297410 -0.978236
v 18.797785 -7.060071 -0.355250
v 18.828106 -7.112588 -0.295127
v 18.869524 -7.184328 -0.273121
v 18.797785 -7.060071 -0.896107
v 18.828106 -7.112589 -0.956229
v 18.869524 -7.184328 -0.978236
v 19.004007 -6.974651 -0.355250
v 19.019701 -7.033226 -0.295128
v 19.041142 -7.113242 -0.273121
v 19.004007 -6.974652 -0.896107
v 19.019701 -7.033227 -0.956229
v 19.041142 -7.113242 -0.978236
v 19.225309 -6.945516 -0.355250
v 19.225309 -7.006157 -0.295128
v 19.225309 -7.088995 -0.273121
v 19.225309 -6.945517 -0.896107
v 19.225309 -7.006158 -0.956230
v 19.225309 -7.088996 -0.978236
v 19.446613 -6.974651 -0.355250
v 19.430918 -7.033226 -0.295128
v 19.409479 -7.113242 -0.273121
v 19.446613 -6.974651 -0.896107
v 19.430918 -7.033227 -0.956230
v 19.409479 -7.113242 -0.978236
v 19.652836 -7.060071 -0.355250
v 19.622515 -7.112588 -0.295128
v 19.581095 -7.184328 -0.273121
v 19.652836 -7.060071 -0.896107
v 19.622515 -7.112589 -0.956230
v 19.581095 -7.184328 -0.978236
v 19.829922 -7.195955 -0.355250
v 19.787043 -7.238834 -0.295128
v 19.728466 -7.297410 -0.273121
v 19.829922 -7.195955 -0.896107
v 19.787043 -7.238835 -0.956230
v 19.728466 -7.297410 -0.978236
v 19.965805 -7.373041 -0.355250
v 19.913288 -7.403362 -0.295128
v 19.841549 -7.444781 -0.273121
v 19.965805 -7.373042 -0.896107
v 19.913288 -7.403362 -0.956230
v 19.841549 -7.444781 -0.978236
v 20.051226 -7.579263 -0.355250
v 19.992651 -7.594958 -0.295128
v 19.912636 -7.616398 -0.273121
v 20.051226 -7.579263 -0.896107
v 19.992651 -7.594958 -0.956230
v 19.912636 -7.616398 -0.978236
v 20.080360 -7.800566 -0.355250
v 20.019718 -7.800566 -0.295128
v 19.936880 -7.800566 -0.273121
v 20.080360 -7.800566 -0.896107
v 20.019718 -7.800566 -0.956230
v 19.936880 -7.800566 -0.978236
v 20.051226 -8.021870 -0.355250
v 19.992651 -8.006174 -0.295128
v 19.912636 -7.984734 -0.273121
v 20.051226 -8.021870 -0.896107
v 19.992651 -8.006174 -0.956230
v 19.912636 -7.984735 -0.978236
v 19.965805 -8.228091 -0.355250
v 19.913288 -8.197770 -0.295128
v 19.841549 -8.156351 -0.273121
v 19.965805 -8.228091 -0.896107
v 19.913288 -8.197770 -0.956229
v 19.841549 -8.156351 -0.978236
v 19.829922 -8.405178 -0.355250
v 19.787043 -8.362298 -0.295127
v 19.728466 -8.303722 -0.273121
v 19.829922 -8.405178 -0.896107
v 19.787043 -8.362298 -0.956229
v 19.728466 -8.303722 -0.978236
v 19.652836 -8.541061 -0.355250
v 19.622515 -8.488544 -0.295127
v 19.581095 -8.416804 -0.273121
v 19.652836 -8.541061 -0.896107
v 19.622515 -8.488544 -0.956229
v 19.581095 -8.416804 -0.978236
v 19.446613 -8.626481 -0.355250
v 19.430918 -8.567906 -0.295127
v 19.409479 -8.487891 -0.273121
v 19.446613 -8.626481 -0.896106
v 19.430918 -8.567906 -0.956229
v 19.409479 -8.487891 -0.978236
v 19.225309 -8.389181 -0.978236
v 19.072964 -8.369124 -0.978235
v 18.931002 -8.310322 -0.978235
v 18.809095 -8.216780 -0.978235
v 18.715553 -8.094873 -0.978235
v 18.656752 -7.952911 -0.978235
v 18.636696 -7.800566 -0.978235
v 18.656752 -7.648221 -0.978236
v 18.715553 -7.506259 -0.978236
v 18.809095 -7.384353 -0.978236
v 18.931002 -7.290812 -0.978236
v 19.072964 -7.232008 -0.978236
v 19.225309 -7.211952 -0.978236
v 19.377655 -7.232008 -0.978236
v 19.519617 -7.290812 -0.978236
v 19.641523 -7.384353 -0.978236
v 19.735065 -7.506259 -0.978236
v 19.793869 -7.648221 -0.978236
v 19.813925 -7.800566 -0.978236
v 19.641523 -8.216780 -0.978236
v 19.519617 -8.310322 -0.978236
v 19.377655 -8.369124 -0.978236
v 19.318785 -7.451716 -0.861335
v 19.225309 -7.439410 -0.861335
v 18.864155 -7.800566 -0.861335
v 18.876459 -7.894041 -0.861335
v 19.480686 -8.055942 -0.861335
v 19.405890 -7.487796 -0.861335
v 18.876459 -7.707092 -0.861335
v 19.405890 -8.113337 -0.861335
v 19.480686 -7.545190 -0.861335
v 18.912539 -7.619988 -0.861335
v 19.318785 -8.149416 -0.861335
v 19.131836 -8.149416 -0.861335
v 19.225309 -8.161722 -0.861335
v 19.538080 -7.619988 -0.861335
v 18.969934 -7.545190 -0.861335
v 19.044731 -8.113337 -0.861335
v 19.574160 -7.707092 -0.861335
v 19.044731 -7.487796 -0.861335
v 18.969934 -8.055942 -0.861335
v 19.586466 -7.800566 -0.861335
v 19.131836 -7.451716 -0.861335
v 18.912539 -7.981144 -0.861335
v 19.225309 -8.166800 -0.366235
v 19.225309 -8.166800 0.366236
v 19.130522 -8.154322 0.366236
v 19.130522 -8.154322 -0.366235
v 19.042192 -8.117735 0.366236
v 19.042192 -8.117735 -0.366235
v 18.966343 -8.059533 0.366236
v 18.966343 -8.059533 -0.366235
v 18.908140 -7.983683 0.366236
v 18.908140 -7.983683 -0.366235
v 18.871553 -7.895354 0.366236
v 18.871553 -7.895354 -0.366235
v 18.859076 -7.800565 0.366236
v 18.859076 -7.800565 -0.366235
v 18.871553 -7.705777 0.366236
v 18.871553 -7.705777 -0.366235
v 18.908140 -7.617448 0.366235
v 18.908140 -7.617448 -0.366235
v 18.966343 -7.541598 0.366235
v 18.966343 -7.541598 -0.366235
v 19.042192 -7.483397 0.366235
v 19.042192 -7.483397 -0.366235
v 19.130522 -7.446810 0.366235
v 19.130522 -7.446810 -0.366235
v 19.225309 -7.434330 0.366235
v 19.225309 -7.434330 -0.366235
v 19.320099 -7.446810 0.366235
v 19.320099 -7.446810 -0.366235
v 19.408428 -7.483397 0.366235
v 19.408428 -7.483397 -0.366235
v 19.484278 -7.541598 0.366235
v 19.484278 -7.541598 -0.366235
v 19.542479 -7.617448 0.366235
v 19.542479 -7.617448 -0.366235
v 19.579067 -7.705777 0.366235
v 19.579067 -7.705777 -0.366235
v 19.591545 -7.800565 0.366235
v 19.591545 -7.800565 -0.366235
v 19.579067 -7.895354 0.366235
v 19.579067 -7.895354 -0.366235
v 19.542479 -7.983683 0.366235
v 19.542479 -7.983683 -0.366235
v 19.484278 -8.059533 0.366235
v 19.484278 -8.059533 -0.366235
v 19.408428 -8.117735 0.366235
v 19.408428 -8.117735 -0.366235
v 19.320099 -8.154322 0.366236
v 19.320099 -8.154322 -0.366235
v 19.225309 -5.796974 -0.229123
v 19.225309 -7.531468 -0.229123
v 19.166008 -7.531468 -0.221316
v 19.166008 -5.796974 -0.221316
v 19.110748 -7.531468 -0.198427
v 19.110748 -5.796974 -0.198426
v 19.063295 -7.531468 -0.162015
v 19.063295 -5.796974 -0.162015
v 19.026884 -7.531468 -0.114562
v 19.026884 -5.796974 -0.114562
v 19.003994 -7.531468 -0.059301
v 19.003994 -5.796974 -0.059301
v 18.996187 -7.531468 -0.000000
v 18.996187 -5.796974 -0.000000
v 19.003994 -7.531468 0.059301
v 19.003994 -5.796974 0.059301
v 19.026884 -7.531468 0.114561
v 19.026884 -5.796974 0.114562
v 19.063295 -7.531468 0.162014
v 19.063295 -5.796974 0.162014
v 19.110748 -7.531468 0.198426
v 19.110748 -5.796974 0.198426
v 19.166008 -7.531468 0.221316
v 19.166008 -5.796974 0.221316
v 19.225309 -7.531468 0.229123
v 19.225309 -5.796974 0.229123
v 19.284611 -7.531468 0.221316
v 19.284611 -5.796974 0.221316
v 19.339872 -7.531468 0.198426
v 19.339872 -5.796974 0.198426
v 19.387323 -7.531468 0.162014
v 19.387323 -5.796974 0.162014
v 19.423737 -7.531468 0.114561
v 19.423737 -5.796974 0.114561
v 19.446627 -7.531468 0.059301
v 19.446627 -5.796974 0.059301
v 19.454433 -7.531468 -0.000000
v 19.454433 -5.796974 -0.000000
v 19.446627 -7.531468 -0.059302
v 19.446627 -5.796974 -0.059302
v 19.423737 -7.531468 -0.114562
v 19.423737 -5.796974 -0.114562
v 19.387323 -7.531468 -0.162015
v 19.387323 -5.796974 -0.162015
v 19.339872 -7.531468 -0.198427
v 19.339872 -5.796974 -0.198427
v 19.284611 -7.531468 -0.221316
v 19.284611 -5.796974 -0.221316
v 18.441769 -5.917588 -0.202092
v 19.231789 -6.707610 -0.202092
v 19.194803 -6.744595 -0.195206
v 18.404781 -5.954574 -0.195206
v 19.160339 -6.779060 -0.175017
v 18.370317 -5.989038 -0.175016
v 19.130743 -6.808655 -0.142901
v 18.340721 -6.018634 -0.142900
v 19.108034 -6.831365 -0.101046
v 18.318012 -6.041344 -0.101046
v 19.093758 -6.845641 -0.052306
v 18.303736 -6.055620 -0.052305
v 19.088888 -6.850510 -0.000000
v 18.298866 -6.060489 0.000000
v 19.093758 -6.845641 0.052305
v 18.303736 -6.055620 0.052305
v 19.108034 -6.831365 0.101045
v 18.318012 -6.041344 0.101046
v 19.130743 -6.808655 0.142900
v 18.340721 -6.018634 0.142900
v 19.160339 -6.779060 0.175016
v 18.370317 -5.989039 0.175017
v 19.194803 -6.744595 0.195205
v 18.404781 -5.954574 0.195206
v 19.231789 -6.707610 0.202091
v 18.441769 -5.917588 0.202092
v 19.268774 -6.670624 0.195205
v 18.478752 -5.880603 0.195206
v 19.303240 -6.636159 0.175016
v 18.513218 -5.846138 0.175016
v 19.332836 -6.606564 0.142900
v 18.542812 -5.816543 0.142900
v 19.355545 -6.583854 0.101045
v 18.565521 -5.793833 0.101046
v 19.369822 -6.569579 0.052305
v 18.579800 -5.779557 0.052305
v 19.374691 -6.564709 -0.000001
v 18.584667 -5.774688 -0.000000
v 19.369822 -6.569579 -0.052306
v 18.579800 -5.779557 -0.052305
v 19.355545 -6.583854 -0.101046
v 18.565521 -5.793833 -0.101046
v 19.332836 -6.606564 -0.142901
v 18.542812 -5.816543 -0.142900
v 19.303240 -6.636159 -0.175017
v 18.513218 -5.846138 -0.175017
v 19.268774 -6.670624 -0.195206
v 18.478752 -5.880603 -0.195206
v 19.284611 -5.289648 -0.221316
v 19.284611 -5.796974 -0.221316
v 19.225309 -5.796974 -0.229123
v 19.225309 -5.289648 -0.229123
v 19.339872 -5.289648 -0.198427
v 19.339872 -5.796974 -0.198427
v 19.387323 -5.289648 -0.162015
v 19.387323 -5.796974 -0.162015
v 19.423737 -5.289648 -0.114562
v 19.423737 -5.796974 -0.114562
v 19.446627 -5.289648 -0.059302
v 19.446627 -5.796974 -0.059302
v 19.454433 -5.289648 -0.000000
v 19.454433 -5.796974 -0.000000
v 19.446627 -5.289648 0.059301
v 19.446627 -5.796974 0.059301
v 19.423737 -5.289648 0.114561
v 19.423737 -5.796974 0.114561
v 19.387323 -5.289648 0.162014
v 19.387323 -5.796974 0.162014
v 19.339872 -5.289648 0.198426
v 19.339872 -5.796974 0.198426
v 19.284611 -5.289648 0.221316
v 19.284611 -5.796974 0.221316
v 19.225309 -5.289648 0.229123
v 19.225309 -5.796974 0.229123
v 19.166008 -5.289648 0.221316
v 19.166008 -5.796974 0.221316
v 19.110748 -5.289648 0.198426
v 19.110748 -5.796974 0.198426
v 19.063295 -5.289648 0.162014
v 19.063295 -5.796974 0.162014
v 19.026884 -5.289648 0.114562
v 19.026884 -5.796974 0.114562
v 19.003994 -5.289648 0.059301
v 19.003994 -5.796974 0.059301
v 18.996187 -5.289648 0.000000
v 18.996187 -5.796974 -0.000000
v 19.003994 -5.289648 -0.059301
v 19.003994 -5.796974 -0.059301
v 19.026884 -5.289648 -0.114562
v 19.026884 -5.796974 -0.114562
v 19.063295 -5.289648 -0.162015
v 19.063295 -5.796974 -0.162015
v 19.110748 -5.289648 -0.198426
v 19.110748 -5.796974 -0.198426
v 19.166008 -5.289648 -0.221316
v 19.166008 -5.796974 -0.221316
v 17.870586 -5.272437 -0.195205
v 18.478752 -5.880603 -0.195206
v 18.441769 -5.917588 -0.202092
v 17.833601 -5.309422 -0.202091
v 17.905052 -5.237972 -0.175016
v 18.513218 -5.846138 -0.175017
v 17.934647 -5.208376 -0.142900
v 18.542812 -5.816543 -0.142900
v 17.957355 -5.185667 -0.101046
v 18.565521 -5.793833 -0.101046
v 17.971632 -5.171391 -0.052305
v 18.579800 -5.779557 -0.052305
v 17.976501 -5.166523 0.000000
v 18.584667 -5.774688 -0.000000
v 17.971632 -5.171391 0.052305
v 18.579800 -5.779557 0.052305
v 17.957355 -5.185667 0.101046
v 18.565521 -5.793833 0.101046
v 17.934647 -5.208376 0.142901
v 18.542812 -5.816543 0.142900
v 17.905052 -5.237972 0.175017
v 18.513218 -5.846138 0.175016
v 17.870586 -5.272437 0.195206
v 18.478752 -5.880603 0.195206
v 17.833601 -5.309422 0.202092
v 18.441769 -5.917588 0.202092
v 17.796616 -5.346407 0.195206
v 18.404781 -5.954574 0.195206
v 17.762150 -5.380873 0.175017
v 18.370317 -5.989039 0.175017
v 17.732555 -5.410468 0.142901
v 18.340721 -6.018634 0.142900
v 17.709846 -5.433178 0.101046
v 18.318012 -6.041344 0.101046
v 17.695570 -5.447453 0.052306
v 18.303736 -6.055620 0.052305
v 17.690701 -5.452323 0.000000
v 18.298866 -6.060489 0.000000
v 17.695570 -5.447453 -0.052305
v 18.303736 -6.055620 -0.052305
v 17.709846 -5.433178 -0.101045
v 18.318012 -6.041344 -0.101046
v 17.732555 -5.410468 -0.142900
v 18.340721 -6.018634 -0.142900
v 17.762150 -5.380872 -0.175016
v 18.370317 -5.989038 -0.175016
v 17.796616 -5.346407 -0.195205
v 18.404781 -5.954574 -0.195206
v -25.173557 -1.401788 -1.970476
v -25.555868 -1.389218 -1.844404
v -25.529085 -1.173805 -1.852417
v -25.830856 -1.178594 -1.718827
v -25.855549 -1.385880 -1.709063
v -2.127934 -3.611020 -4.163050
v -2.145201 -3.027247 -4.190755
v -1.098392 -3.052689 -4.336509
v -1.013414 -3.686503 -4.304442
v -24.554930 -0.620190 -2.049675
v -24.595789 -0.895506 -2.097551
v -25.076962 -0.651496 -1.928560
v 1.419009 -3.153522 -25.684282
v 1.489729 -3.311925 -25.771021
v 1.060940 -3.321580 -26.857521
v 1.002524 -3.166552 -26.751217
v -24.732462 -1.674712 -2.030378
v -25.205988 -1.634624 -1.909615
v -25.580938 -1.608871 -1.783014
v -25.875408 -1.593800 -1.645739
v -26.107481 -1.585761 -1.492954
v -26.092480 -1.387428 -1.559301
v -26.069075 -1.186856 -1.571468
v -26.043865 -0.975126 -1.576111
v -26.603678 -1.030468 -0.844810
v -26.617563 -1.206854 -0.834659
v -26.661381 -1.199563 -0.634885
v -26.656103 -1.035092 -0.638772
v -25.476770 -0.689199 -1.806824
v 14.160255 0.024574 -3.753964
v 14.310000 0.095326 -3.726546
v 14.278920 -0.151822 -3.806524
v 14.098230 -0.146237 -3.810393
v 12.262710 0.024574 -3.820008
v 12.112966 0.095326 -3.802325
v 12.265605 1.440148 -3.170249
v 12.160276 0.939620 -3.462239
v 11.170389 -1.462983 -4.192325
v 12.112966 -1.462983 -4.146972
v 12.051786 -2.019253 -4.228594
v 11.170389 -1.462983 -4.192325
v 11.171440 -1.220960 -4.141911
v 12.095001 -1.218960 -4.109397
v 12.112966 -1.462983 -4.146972
v 10.958621 -0.146237 -3.891859
v 10.958621 -0.579572 -3.995658
v 9.908226 -0.736859 -4.052788
v 9.928478 -0.152888 -3.899042
v 11.170389 0.095326 -3.810704
v 12.324735 -1.221420 -4.101101
v 12.262710 -1.392231 -4.130222
v 15.318735 0.478820 -3.443634
v 16.924425 1.075446 -2.761234
v 14.310000 0.095326 -3.726546
v 14.022976 0.560688 -3.571850
v 15.252574 0.095326 -3.546780
v 16.225266 -0.526733 -3.414000
v 15.870498 -1.465150 -3.670460
v 15.464476 -1.422166 -3.757419
v 15.464344 -0.146236 -3.540416
v 15.464476 -1.422166 -3.757419
v 15.255033 -1.400376 -3.801213
v 12.443447 2.526067 -0.915749
v 14.208793 2.410612 -0.916643
v 14.166519 2.225234 -1.783630
v 12.422993 2.338706 -1.782220
v -7.080383 -5.401622 -0.728012
v -9.074080 -5.316400 -0.699788
v -9.058315 -5.251309 -1.371539
v -7.060197 -5.340026 -1.426512
v -11.533776 -5.143527 -0.662503
v -11.522982 -5.075312 -1.298820
v -9.027369 -5.128282 -1.987206
v -7.021035 -5.223329 -2.065982
v -11.501565 -4.947234 -1.882753
v -5.086451 -5.477151 0.000003
v -7.086109 -5.419603 0.000004
v -5.079776 -5.460310 -0.754581
v -9.078485 -5.335454 0.000004
v -11.536755 -5.163650 0.000005
v -14.834496 -4.754073 0.000006
v -14.832062 -4.733273 -0.607428
v -14.823685 -4.664298 -1.191228
v -14.807724 -4.537282 -1.727759
v -11.501565 -4.947234 -1.882753
v -14.807724 -4.537282 -1.727759
v -14.769037 -4.238359 -2.309844
v -11.448125 -4.639572 -2.513552
v -9.027369 -5.128282 -1.987206
v -8.951092 -4.830593 -2.649854
v -7.021035 -5.223329 -2.065982
v -6.925681 -4.940076 -2.752043
v -5.011803 -5.293040 -2.139872
v -4.903988 -5.026668 -2.847325
v -5.056509 -5.402556 -1.478196
v -5.011803 -5.293040 -2.139872
v 14.073502 1.876842 -2.547554
v 12.369110 1.987383 -2.550145
v 14.218781 2.465236 -0.000006
v 12.446668 2.581422 -0.000005
v 10.184755 2.595089 -0.000004
v 10.183290 2.540513 -0.904643
v 16.099792 2.275233 -0.000006
v 17.714645 1.989903 -0.000007
v 17.677940 1.939426 -0.888871
v 16.079533 2.222113 -0.909678
v 17.562218 1.767916 -1.650140
v 16.007057 2.041522 -1.748600
v 15.854235 1.712919 -2.472036
v 15.632580 1.269172 -2.972285
v 13.408567 -5.547613 -0.771345
v 11.312119 -5.541157 -0.789217
v 11.314704 -5.493639 -1.544347
v 13.414874 -5.503938 -1.509428
v 10.145216 2.008950 -2.522583
v 10.091034 1.468668 -3.140215
v 10.173038 2.355682 -1.761447
v 16.131868 -5.557530 -0.706741
v 16.144302 -5.519914 -1.384900
v 17.378420 -5.524799 -1.297684
v 17.364845 -5.559921 -0.661386
v 16.165115 -5.448569 -2.005904
v 17.401836 -5.458139 -1.883816
v 18.634022 -5.526255 -1.200216
v 18.623707 -5.559011 -0.610815
v 18.654867 -5.463949 -1.746797
v 14.963987 -5.565160 -0.000003
v 14.967354 -5.553437 -0.743002
v 16.127689 -5.568497 -0.000004
v 14.977481 -5.513231 -1.454630
v 14.994486 -5.436981 -2.103517
v 14.994486 -5.436981 -2.103517
v 15.029487 -5.249073 -2.792276
v 16.208637 -5.272293 -2.673391
v 16.165115 -5.448569 -2.005904
v 17.453264 -5.292828 -2.524658
v 17.401836 -5.458139 -1.883816
v 18.709417 -5.308627 -2.355735
v 18.654867 -5.463949 -1.746797
v 19.919306 -5.317639 -2.176277
v 19.870850 -5.464263 -1.604393
v 19.870850 -5.464263 -1.604393
v 19.861986 -5.522646 -1.099731
v 19.862753 -5.553200 -0.558908
v 18.620850 -5.568527 -0.000005
v 19.864775 -5.562028 -0.000005
v 17.360390 -5.570151 -0.000004
v 16.714954 -2.416399 -3.623235
v 17.443665 -1.551067 -3.262780
v 17.899309 -2.557017 -3.454910
v 18.268282 -0.135628 -2.722748
v 17.443665 -1.551067 -3.262780
v 17.540197 -0.762159 -3.070774
v 15.537586 -2.277808 -3.890226
v 16.837389 -1.740920 -3.424134
v 16.456806 0.196329 -3.184089
v 17.309189 -0.002862 -2.924402
v 17.185385 -0.645270 -3.128316
v 18.515112 0.433459 -2.381748
v 19.708473 -0.406705 -2.288757
v 20.121775 -2.268085 -3.048088
v 19.065853 -2.685172 -3.354107
v 20.195337 -2.795885 -3.244773
v 21.222799 -2.466799 -2.968204
v 21.131847 -2.036945 -2.772613
v 22.953539 -2.407644 -2.570122
v 22.834417 -2.715647 -2.721182
v 23.040045 -2.144185 -2.356149
v 22.834417 -2.715647 -2.721182
v 22.953539 -2.407644 -2.570122
v 23.409664 -2.462574 -2.497005
v 23.414640 -2.772734 -2.608388
v 23.040045 -2.144185 -2.356149
v 23.404482 -2.203124 -2.308928
v 21.320229 -2.922543 -3.106038
v 23.128601 -1.924910 -2.062572
v 23.128601 -1.924910 -2.062572
v 23.467852 -2.001827 -2.031293
v 23.874969 -2.085934 -1.978123
v 23.986172 -2.251236 -2.124375
v 24.106434 -2.510952 -2.264894
v 24.196499 -2.834736 -2.348326
v 23.400434 -3.124497 -2.659440
v 24.244108 -3.199599 -2.374375
v 22.744144 -3.068699 -2.812089
v 22.744144 -3.068699 -2.812089
v 21.036484 -5.539939 -0.509734
v 21.013844 -5.511483 -1.003644
v 22.234528 -5.474648 -0.910081
v 22.225121 -5.506496 -0.464375
v 20.997475 -5.456607 -1.466021
v 22.264614 -5.417202 -1.315214
v 22.931360 -5.440887 -0.859334
v 23.027021 -5.464711 -0.439270
v 22.823782 -5.393879 -1.241167
v 21.047638 -5.548098 -0.000005
v 21.028542 -5.317533 -1.994914
v 20.997475 -5.456607 -1.466021
v 22.305281 -5.287777 -1.763578
v 22.264614 -5.417202 -1.315214
v 22.305281 -5.287777 -1.763578
v 22.802650 -5.278156 -1.644561
v 23.280169 -5.262467 -1.491403
v 23.533918 -5.294198 -1.221548
v 23.800497 -5.323794 -0.852182
v 24.071100 -5.341535 -0.436253
v 23.065779 -5.471439 -0.000006
v 24.189426 -5.347319 -0.000006
v 22.238096 -5.514594 -0.000006
v 21.455465 -1.263901 -1.874110
v 22.100515 -1.153050 -1.104971
v 23.332561 -1.541447 -1.108669
v 23.222485 -1.732616 -1.666947
v 22.325680 -1.104350 -0.586067
v 23.400949 -1.437828 -0.596795
v 23.222485 -1.732616 -1.666947
v 23.332561 -1.541447 -1.108669
v 23.897469 -1.741276 -1.192047
v 23.642328 -1.847241 -1.657383
v 23.400949 -1.437828 -0.596795
v 24.150549 -1.690274 -0.626889
v 20.852930 -0.794846 -1.850402
v 21.455465 -1.263901 -1.874110
v 21.399158 -0.650612 -1.182067
v 22.100515 -1.153050 -1.104971
v 21.686550 -0.594766 -0.628632
v 22.325680 -1.104350 -0.586067
v 21.873554 -0.566716 -0.000007
v 22.430796 -1.082912 -0.000007
v 22.430796 -1.082912 -0.000007
v 23.443441 -1.382645 -0.000007
v 23.443441 -1.382645 -0.000007
v 24.240326 -1.674265 -0.000008
v 24.986916 -1.940727 -0.000008
v 24.845882 -1.960261 -0.703196
v 24.508610 -1.987115 -1.285236
v 24.156025 -2.029259 -1.722207
v 24.975636 -2.901212 -1.954039
v 24.760473 -2.564115 -1.904647
v 25.539743 -2.581076 -1.366619
v 25.979860 -2.911819 -1.359950
v 24.521370 -2.269406 -1.816690
v 25.041311 -2.270814 -1.343908
v 26.202759 -2.560966 -0.685061
v 26.757587 -2.890956 -0.648575
v 25.556602 -2.251645 -0.710441
v 25.164095 -3.265305 -1.961332
v 25.750469 -2.231891 -0.000008
v 26.441706 -2.546741 -0.000008
v 27.060770 -2.888059 -0.000008
v 27.194330 -3.246132 -0.618859
v 27.562437 -3.252060 -0.000008
v 26.316387 -3.261823 -1.329471
v 18.366014 1.114523 -2.076191
v 18.741173 1.304024 -1.458300
v 19.896231 0.544987 -1.330157
v 19.378931 0.490862 -1.907528
v 20.319242 0.551624 -0.654328
v 19.378931 0.490862 -1.907528
v 19.896231 0.544987 -1.330157
v 20.617018 -0.004959 -1.228508
v 20.111553 -0.157890 -1.892891
v 20.319242 0.551624 -0.654328
v 20.936413 0.042928 -0.619482
v 18.337440 1.462883 -1.523995
v 18.804716 1.470782 -0.717829
v 19.028656 1.446035 -0.000007
v 20.485336 0.551624 -0.000007
v 20.485336 0.551624 -0.000007
v 21.118954 0.074182 -0.000007
v 2.770843 2.563307 -0.842478
v 4.880462 2.557551 -0.862291
v 4.879984 2.379443 -1.682152
v 2.772445 2.387653 -1.645055
v 7.702443 2.548327 -0.886811
v 7.698184 2.366696 -1.728062
v 4.878706 2.041505 -2.417157
v 2.776842 2.052030 -2.367835
v 7.686626 2.024640 -2.478196
v 0.713048 2.615117 -0.000001
v 2.770622 2.614066 -0.000002
v 0.713623 2.565403 -0.822673
v 4.880533 2.609448 -0.000003
v 7.703053 2.601719 -0.000003
v 7.664118 1.489981 -3.091655
v 4.876233 1.510111 -3.024879
v 2.785446 1.521367 -2.970919
v 0.729255 2.057256 -2.318534
v 0.751656 1.525195 -2.916983
v 0.717802 2.391720 -1.607974
v 11.319240 -5.403522 -2.231306
v 13.425571 -5.421112 -2.180995
v 11.311299 -5.555012 -0.000002
v 13.406498 -5.560348 -0.000003
v 13.425571 -5.421112 -2.180995
v 11.319240 -5.403522 -2.231306
v 11.332810 -5.182745 -2.958488
v 13.448751 -5.217551 -2.889863
v 9.586889 -5.552671 -0.000002
v 9.587307 -5.538325 -0.792506
v 9.588631 -5.489120 -1.550988
v 9.590961 -5.395804 -2.241424
v 9.590961 -5.395804 -2.241424
v 9.600849 -5.168423 -2.975956
v 11.428038 -4.503579 -3.918945
v 13.518835 -4.582518 -3.789292
v 13.486376 -4.870054 -3.539060
v 11.365487 -4.807990 -3.633276
v 4.647175 -0.146237 -3.850430
v 4.860201 -0.142709 -3.853365
v 4.647175 -1.221421 -4.236187
v 2.649238 -1.217127 -4.194095
v 2.651000 -0.336667 -3.877478
v 2.857565 -0.306227 -3.871790
v 2.857565 -1.221421 -4.200421
v 4.709200 0.024574 -3.785103
v 4.686983 -0.036612 -3.808504
v 5.801620 -0.145589 -3.867104
v 6.013288 -0.146237 -3.870193
v 5.951264 0.024574 -3.804925
v 1.553477 -1.392231 -4.185417
v 1.491452 -1.221421 -4.134551
v 1.703561 -1.220634 -4.145460
v 1.703222 -1.462983 -4.215981
v 1.491452 -0.146237 -3.775557
v 1.491452 -0.507559 -3.896199
v 0.707562 -0.620790 -3.908600
v 0.770704 -0.135149 -3.751696
v 1.491452 -0.146237 -3.775557
v 1.703618 -0.146574 -3.781795
v 1.703600 -0.476292 -3.893434
v 1.491452 -0.507559 -3.896199
v 2.645796 -1.462983 -4.280803
v 0.780056 0.780843 -3.380066
v 4.870086 0.775660 -3.480400
v 7.864923 0.024574 -3.826838
v 8.014668 0.095326 -3.801435
v 8.016010 -0.146237 -3.888686
v 7.802896 -0.146237 -3.887773
v 7.864923 -1.392231 -4.280569
v 8.014668 -1.462983 -4.299887
v 4.709200 -1.392231 -4.297818
v 2.795540 -1.392231 -4.258986
v -3.515905 0.024574 -3.511586
v -3.454313 -0.145043 -3.580011
v -3.667179 -0.145059 -3.570086
v -3.665648 0.095326 -3.477300
v -4.781384 1.449995 -2.735463
v -2.561107 1.492103 -2.821365
v -2.454370 0.742054 -3.283365
v -4.690466 0.718771 -3.187147
v -1.664270 -1.221420 -3.951784
v -1.663524 -0.962786 -3.881888
v -1.661139 -0.137615 -3.658884
v -1.454150 -0.137207 -3.667445
v -1.453875 -0.932549 -3.886186
v -1.663524 -0.962786 -3.881888
v -0.509928 0.095326 -3.614613
v -0.517459 -0.135361 -3.706182
v -1.452500 0.095326 -3.575696
v -4.931389 2.462945 -0.762997
v -2.677446 2.529748 -0.789518
v -2.664778 2.358672 -1.545365
v -4.915308 2.295815 -1.494342
v -3.665648 -1.462983 -3.893431
v -0.701569 1.518419 -2.878902
v -0.642099 0.767757 -3.343222
v -0.360185 0.024574 -3.647840
v -0.298158 -0.146237 -3.717027
v -0.298158 -0.146237 -3.717027
v -0.298158 -0.765853 -3.903251
v -0.298158 -1.221420 -4.040170
v -0.508139 -1.222460 -4.028139
v -0.511790 -0.796668 -3.902036
v -0.298158 -0.765853 -3.903251
v -0.509928 -1.462983 -4.087976
v -0.360185 -1.392231 -4.079109
v -1.602243 -1.392231 -3.989828
v -1.664270 -1.221420 -3.951784
v -1.453775 -1.221610 -3.965685
v -1.452500 -1.462983 -4.012952
v -2.629783 2.025810 -2.233871
v -4.870281 1.970829 -2.162382
v -0.771073 2.560632 -0.808791
v -0.763442 2.387873 -1.581955
v -2.679146 2.578095 -0.000000
v -4.933432 2.510213 0.000001
v -0.742516 2.053211 -2.283867
v -0.772124 2.609724 -0.000001
v -4.729668 -4.580302 -3.504142
v -4.619964 -4.238029 -3.752215
v -2.146648 -4.365260 -3.877390
v -2.208195 -4.690579 -3.616562
v 7.452051 -5.536479 -0.794197
v 5.099832 -5.535097 -0.794856
v 5.100760 -5.484239 -1.555830
v 7.452703 -5.486208 -1.554446
v 2.789511 -5.533487 -0.794569
v 2.792107 -5.482309 -1.555348
v 5.102503 -5.387787 -2.249038
v 7.453869 -5.390872 -2.246799
v 2.797044 -5.385254 -2.248545
v 7.451847 -5.551136 -0.000001
v 5.099559 -5.549924 -0.000000
v 2.788757 -5.548409 0.000001
v 0.778175 -5.545958 0.000001
v 0.779949 -5.530962 -0.793422
v 0.786054 -5.479524 -1.553208
v 0.797670 -5.381976 -2.245722
v 2.797044 -5.385254 -2.248545
v 0.797670 -5.381976 -2.245722
v 0.815860 -5.144968 -2.984973
v 2.801316 -5.151283 -2.989297
v 5.102503 -5.387787 -2.249038
v 5.104097 -5.156280 -2.989760
v 7.453869 -5.390872 -2.246799
v 7.458789 -5.160730 -2.985669
v -2.336257 -5.106743 -2.941983
v -0.625179 -4.732463 -3.664962
v -0.678127 -5.136331 -2.976277
v -4.530212 -3.868160 -3.919778
v -2.118104 -4.004702 -4.056893
v 9.231102 -3.155599 -6.820414
v 8.985052 -3.722241 -6.819677
v 8.254400 -3.633803 -8.596759
v 8.479849 -3.127942 -8.596759
v -0.661442 -4.414721 -3.956313
v 0.815336 -4.748663 -3.684240
v -0.791929 -4.075615 -4.177411
v 0.415526 -4.308544 -4.384296
v 0.709783 -4.473516 -4.014358
v 2.784733 -4.765690 -3.694620
v 5.098779 -4.777853 -3.696190
v 7.473863 -4.780470 -3.688309
v 2.705682 -4.580366 -4.043227
v 5.068325 -4.613945 -4.049206
v 7.495160 -4.596218 -4.036532
v 9.631388 -4.786198 -3.668202
v 2.624996 -4.489108 -4.419598
v 5.002432 -4.540905 -4.427925
v 7.435634 -4.501893 -4.414089
v 9.860075 -4.345599 -4.368736
v 9.702692 -4.531971 -3.996379
v 24.214615 -5.101425 -1.370743
v 24.941925 -5.117908 -0.951460
v 25.512075 -5.123947 -0.478040
v 24.549707 -4.909893 -1.510196
v 25.465500 -4.920437 -1.038443
v 23.615294 -5.083213 -1.724718
v 26.164354 -4.920352 -0.512452
v 25.727085 -5.126157 -0.000007
v 23.806124 -4.886700 -1.892014
v 23.965765 -4.631142 -2.048318
v 24.839098 -4.661600 -1.647028
v 25.910419 -4.665403 -1.122914
v 26.722939 -4.662246 -0.545997
v 27.036491 -4.667478 -0.000008
v 26.428259 -4.923632 -0.000007
v 21.127750 -5.072132 -2.533396
v 22.358603 -5.048465 -2.239035
v 22.358603 -5.048465 -2.239035
v 22.954874 -5.063406 -2.034117
v 21.209282 -4.847454 -2.774647
v 22.406521 -4.822155 -2.467170
v 20.015827 -5.060428 -2.751531
v 22.406521 -4.822155 -2.467170
v 23.069721 -4.851539 -2.224111
v 20.085480 -4.828078 -3.004184
v 20.145144 -4.535421 -3.199823
v 21.281715 -4.562356 -2.963409
v 22.468023 -4.543326 -2.639321
v 22.468023 -4.543326 -2.639321
v 23.170002 -4.584346 -2.385703
v 16.273830 -4.968582 -3.299582
v 17.531994 -5.006471 -3.140166
v 18.799547 -5.037920 -2.955255
v 16.313942 -4.708622 -3.547222
v 17.581200 -4.756745 -3.393055
v 15.081746 -4.926749 -3.426821
v 18.858604 -4.797351 -3.210823
v 15.113632 -4.655351 -3.669660
v 15.140370 -4.333430 -3.843175
v 16.347147 -4.395718 -3.728433
v 17.621704 -4.451303 -3.582243
v 18.907808 -4.498554 -3.405920
v 12.000781 -2.712420 -4.307673
v 13.770023 -2.828604 -4.161186
v 13.714928 -3.267054 -4.151239
v 11.969958 -3.143404 -4.321107
v 11.569717 -4.148474 -4.138720
v 13.564937 -4.245711 -3.968425
v -18.883989 1.918479 0.000005
v -17.844221 1.925918 0.000005
v -18.348064 1.881857 -0.229069
v -19.060711 1.880992 -0.246184
v -15.102505 2.056344 0.000004
v -17.582363 1.854726 -0.544189
v -17.980770 1.877460 -0.329887
v -16.598841 1.991318 0.000005
v -19.037683 1.833512 -0.400010
v -19.846249 1.972562 -0.260599
v -19.710098 2.014031 0.000006
v -20.452456 1.688848 -0.636096
v -20.004669 1.890653 -0.416909
v -18.970551 1.751100 -0.621446
v -18.049841 -4.115149 -1.077500
v -18.032454 -3.995886 -1.563631
v -4.475451 -3.476826 -4.018905
v -4.583613 -1.832446 -3.921648
v -2.160060 -1.915313 -4.061933
v -2.150187 -2.365157 -4.129081
v -1.023281 -2.627612 -4.307696
v 25.083223 -4.356759 -1.766076
v 25.262621 -3.884891 -1.887674
v 26.515568 -3.871450 -1.256512
v 26.275198 -4.352327 -1.189967
v -2.473486 -5.508897 -0.781505
v -2.454876 -5.455423 -1.530365
v -0.901935 -2.218787 -4.236694
v 0.255289 -2.083089 -4.343749
v -0.499664 -2.656442 -4.531452
v 13.632589 -3.856682 -4.085760
v 15.240863 -3.378579 -4.030848
v 15.164568 -3.957027 -3.963358
v -0.685929 -3.114877 -4.559622
v -0.495253 -3.867690 -4.527734
v 3.053439 -4.077842 -11.080834
v 1.438758 -4.025592 -11.080591
v 0.804097 -4.030409 -13.909926
v 2.267054 -4.080363 -13.911844
v 3.939448 -4.030613 -14.032243
v 2.482585 -4.080476 -14.031649
v 1.618369 -4.083213 -17.125628
v 2.912849 -4.035906 -17.127611
v 2.200347 -4.080593 -14.151013
v 0.750143 -4.030817 -14.149096
v 0.076529 -4.035906 -17.118406
v 1.369683 -4.083214 -17.124819
v -1.979521 -3.225323 -17.073797
v -1.815842 -3.024755 -17.064945
v -2.251660 -3.068401 -19.775591
v -2.397783 -3.255264 -19.796001
v 7.291050 -3.914179 -8.596758
v 5.738984 -4.088205 -8.596758
v 4.916877 -4.025592 -11.080933
v 6.357906 -3.856771 -11.080805
v 6.335095 -4.186528 -6.818539
v 4.515754 -4.251568 -6.698798
v 3.990234 -4.142361 -8.596757
v -3.300143 -3.155093 -25.598101
v -2.756883 -2.933361 -25.505760
v -2.952396 -2.947315 -26.381136
v -3.482413 -3.166552 -26.495678
v 1.992621 -4.088205 -8.596757
v 0.440555 -3.914179 -8.596756
v -0.002105 -3.856772 -11.080182
v -0.554096 -3.868715 -14.145804
v -1.363110 -3.607553 -14.141644
v -1.823030 -3.629717 -17.093233
v -1.096554 -3.880344 -17.107321
v -0.549920 -2.716015 -14.130579
v 0.755868 -2.553918 -14.129579
v 0.095571 -2.618567 -17.052128
v -1.082797 -2.774128 -17.055588
v -2.268604 -3.650056 -19.843006
v -1.619514 -3.891019 -19.876587
v 0.513892 -4.085772 -20.156239
v -0.623532 -4.040967 -20.141281
v -1.180798 -4.044670 -22.475958
v -0.158838 -4.087574 -22.504286
v 1.391752 -2.571253 -17.054111
v 0.634294 -2.632852 -19.749781
v -0.522441 -2.677852 -19.745092
v 4.090472 -3.880345 -17.124151
v 1.943227 -4.040778 -20.043964
v 3.000925 -3.891478 -20.035759
v 5.250257 -3.868246 -14.031218
v 25.268244 -3.640497 -1.930119
v 26.503853 -3.628795 -1.286998
v 27.484627 -3.867229 -0.594650
v 27.184229 -4.349610 -0.572291
v 27.457035 -3.621998 -0.603915
v 21.332176 -4.212451 -3.102497
v 21.357220 -3.680066 -3.179881
v 22.628565 -3.727735 -2.834517
v 22.527802 -4.216970 -2.757012
v 24.097593 -4.318055 -2.180120
v 23.355787 -3.773174 -2.620212
v 23.379452 -3.509117 -2.657146
v 24.245758 -3.583566 -2.348323
v 24.213486 -3.836435 -2.305644
v 3.688989 -3.070330 -19.946527
v 3.818694 -3.253560 -19.968868
v 2.846398 -3.278879 -22.373007
v 2.739673 -3.106748 -22.331566
v 27.867195 -3.629360 -0.000008
v 27.902111 -3.874217 -0.000008
v 27.549463 -4.355894 -0.000008
v 10.853560 -2.694304 -4.539097
v 11.034664 -3.152290 -4.553904
v 10.353230 -3.140201 -4.957780
v 10.113228 -2.759436 -4.949999
v 21.357296 -3.374176 -3.178916
v 22.670031 -3.456836 -2.849206
v 22.527802 -4.216970 -2.757012
v 22.628565 -3.727735 -2.834517
v 23.262209 -4.263453 -2.511261
v 22.670031 -3.456836 -2.849206
v 16.374409 -4.025625 -3.848148
v 16.447210 -3.457074 -3.859415
v 17.711937 -3.527084 -3.699313
v 17.652094 -4.085956 -3.697465
v 20.183565 -4.177197 -3.340595
v 18.980061 -3.583597 -3.560600
v 19.008404 -3.227725 -3.514261
v 20.215025 -3.301345 -3.362712
v 20.208048 -3.632393 -3.387766
v 16.524994 -3.053389 -3.802840
v 17.768267 -3.148040 -3.637953
v 11.821162 -3.741410 -4.269983
v 18.941057 -4.136649 -3.538045
v 15.327308 -2.954031 -4.019836
v -3.753475 -3.329547 -27.308460
v -3.727790 -3.696305 -27.587948
v 13.900140 -2.128287 -4.126980
v 10.820461 -3.912405 -4.511249
v 11.034664 -3.152290 -4.553904
v 10.820461 -3.912405 -4.511249
v 10.102329 -3.845699 -4.937479
v 14.305861 -1.301563 -3.999806
v 14.098230 -1.279948 -4.043249
v -18.059597 -4.181900 -0.549271
v -18.062647 -4.202693 0.000007
v -19.913046 -3.701101 -1.002576
v -19.894123 -3.590859 -1.455429
v -19.923241 -3.764431 -0.510972
v -26.544353 -1.998293 0.000009
v -26.630899 -1.857261 0.000009
v -26.649176 -1.798724 -0.296141
v -26.614561 -1.847854 -0.376013
v -18.032454 -3.995886 -1.563631
v -17.992756 -3.724355 -2.093166
v -19.926285 -3.784688 0.000007
v -21.467337 -3.414533 0.000008
v -21.465910 -3.394968 -0.475547
v -21.459320 -3.335207 -0.933325
v -21.444157 -3.233652 -1.355550
v -19.848696 -3.347334 -1.950067
v -19.894123 -3.590859 -1.455429
v -21.444157 -3.233652 -1.355550
v -21.399925 -3.015860 -1.818368
v -1.105809 -3.159055 -11.078958
v -0.896105 -2.928261 -11.078609
v -1.324152 -2.973312 -13.894011
v -1.511345 -3.189959 -13.896718
v -3.108839 -2.954651 -27.066736
v -3.282451 -2.901365 -27.777029
v -3.788691 -3.111228 -27.921129
v -3.628574 -3.171903 -27.197296
v -3.119753 -3.914984 -27.010483
v -3.569862 -3.695747 -26.839851
v -3.298720 -3.913557 -27.781086
v -3.370927 -3.690358 -25.874914
v -3.424402 -3.316710 -25.677301
v -3.606881 -3.325592 -26.593491
v -3.488856 -3.827654 -28.561218
v -2.506596 -2.771106 -27.720839
v -2.630336 -2.559005 -28.012316
v -3.380185 -2.675093 -28.064028
v -4.065877 -3.087871 -28.395647
v -3.968204 -3.313614 -28.612732
v -3.535056 -3.703530 -28.721100
v -1.585011 -4.085899 -28.026295
v -1.905956 -4.000286 -28.828300
v -1.039772 -3.957914 -28.856121
v -0.748591 -4.048404 -28.053631
v -0.896372 -3.584784 -11.079659
v -1.326261 -3.605766 -13.902450
v -1.546309 -3.192713 -14.136033
v 1.439463 -2.487453 -11.078136
v 3.054259 -2.435203 -11.078213
v 2.273606 -2.498708 -13.890757
v 0.809720 -2.548664 -13.890168
v -0.522795 -3.633803 -8.596756
v -24.021603 -1.227586 -2.225729
v -0.282475 -3.715704 -6.939572
v -0.531715 -3.158976 -6.940034
v -0.753129 -3.133091 -8.596756
v -0.522795 -2.890371 -8.596756
v 0.440557 -2.609994 -8.596756
v -0.001595 -2.656273 -11.078265
v -2.892160 -3.912144 -26.011974
v -0.506628 -2.711296 -13.891212
v -1.632821 -2.832093 -19.993128
v -0.578228 -2.683060 -19.984945
v -1.094669 -2.729975 -22.176136
v -2.061820 -2.874270 -22.191818
v -2.803114 -3.281945 -22.271868
v -2.669559 -3.106748 -22.234142
v -3.004255 -3.134032 -24.074284
v -3.131350 -3.301012 -24.132658
v -0.567535 -4.040577 -19.902981
v 0.581908 -4.085563 -19.918076
v -1.665688 -3.891914 -20.115101
v -2.124047 -3.900374 -22.425821
v -0.510676 -3.867780 -13.906642
v 7.458321 -3.154666 -11.079792
v 7.252444 -3.584784 -11.080460
v 6.064707 -3.606655 -14.028448
v 6.249038 -3.187509 -14.023037
v 6.067807 -2.975228 -14.020061
v 4.989897 -3.221951 -17.096239
v 4.834726 -3.024755 -17.086502
v 4.824261 -3.629717 -17.114794
v 0.766571 -3.325161 -27.602642
v 0.399326 -3.111228 -28.226976
v 0.716351 -3.171903 -27.482376
v 7.291049 -2.609994 -8.596758
v 8.254400 -2.890371 -8.596759
v 7.252831 -2.928261 -11.079412
v 6.358593 -2.656273 -11.078889
v 8.985409 -2.866866 -6.820147
v 3.664186 -3.650940 -20.013588
v 2.692339 -3.667898 -22.459539
v 4.108994 -2.774128 -17.072418
v 3.044828 -2.829793 -19.913141
v 5.255745 -2.713637 -14.015890
v 3.303013 -2.435205 -11.078237
v 4.868313 -2.485855 -11.078470
v 4.008018 -2.558951 -14.012758
v 2.489083 -2.501405 -14.010686
v 2.206919 -2.504140 -14.130177
v 2.969583 -2.623128 -17.061653
v 1.640386 -2.571254 -17.054920
v 2.594210 -2.308355 -5.652709
v 4.682364 -2.243738 -5.655361
v 4.515007 -2.328470 -6.699166
v 2.403563 -2.384798 -6.699447
v 1.992621 -2.435968 -8.596756
v 3.990205 -2.381812 -8.596757
v 5.530044 -2.429498 -8.596758
v 4.200450 -4.235011 -6.938474
v 2.355599 -4.179656 -6.938371
v 3.741443 -4.142363 -8.596757
v 0.566161 -2.638237 -19.989576
v -0.059118 -2.687034 -22.184906
v -2.308571 -3.651784 -20.081890
v -2.702074 -3.667898 -22.362112
v -1.360914 -2.977170 -14.133325
v -1.195751 -3.616783 -29.107738
v -2.055655 -3.655472 -29.077652
v -2.130775 -3.347924 -29.121807
v -1.293131 -3.313106 -29.153412
v -2.055655 -3.655472 -29.077652
v -2.894562 -3.616765 -28.976986
v -2.949051 -3.312961 -29.023586
v -2.130775 -3.347924 -29.121807
v -3.145773 -2.395915 -29.022394
v -2.406240 -2.422099 -29.111326
v -3.609907 -3.208231 -28.869884
v -3.743606 -2.318622 -28.888510
v -0.366014 -3.703531 -28.960434
v -1.119797 -3.828318 -29.015728
v -0.456220 -3.500695 -29.056030
v -1.994982 -3.869914 -28.986790
v -1.994982 -3.869914 -28.986790
v -2.847944 -3.828318 -28.884842
v -3.571110 -3.500662 -28.816940
v -0.574176 -3.208496 -29.107285
v -1.650173 -2.397074 -29.144812
v -1.002730 -2.320741 -29.112356
v 0.119071 -2.836383 -28.796553
v -0.384408 -2.048023 -28.858618
v -0.457655 -1.898565 -28.686407
v 0.042222 -2.632844 -28.591150
v -2.570873 -4.048404 -27.931946
v -2.792275 -3.957913 -28.725578
v -1.905956 -4.000286 -28.828300
v -1.585011 -4.085899 -28.026295
v 0.336149 -3.914984 -27.209930
v -0.476476 -4.051063 -27.253246
v 0.041909 -3.913558 -28.003586
v -1.301364 -4.090360 -27.231556
v -1.301364 -4.090360 -27.231556
v -2.362348 -4.051063 -27.144173
v -0.275087 -3.827655 -28.799927
v 0.571918 -3.696305 -27.873035
v -17.607054 -1.359358 -3.039516
v -19.482315 -1.677810 -2.845674
v -19.365675 -1.197911 -2.848185
v 0.561473 -2.947315 -26.580584
v 0.297559 -2.954651 -27.289244
v 0.875223 -3.695747 -27.095394
v 1.316085 -3.689679 -25.962561
v 0.002810 -2.901365 -28.015738
v 0.042351 -3.313657 -28.919071
v 0.262495 -3.087917 -28.724401
v 0.187522 -2.862174 -28.507322
v -0.199256 -2.675127 -28.303118
v -2.308063 -2.819804 -27.016695
v -2.130714 -2.811236 -26.337824
v -1.158647 -2.765876 -26.362860
v -0.682050 -2.788545 -26.404856
v -3.868436 -2.862132 -28.200987
v -20.866806 -1.070815 -2.668919
v -20.994801 -1.506069 -2.664582
v -22.233627 -1.376947 -2.503066
v -22.113361 -0.982129 -2.506671
v -1.690395 -2.522892 -28.049101
v -26.651739 -1.711934 -0.493346
v -26.678833 -1.695144 -0.340557
v -26.682194 -1.709650 0.000009
v -26.554390 -1.894863 -0.507154
v -26.348099 -2.176905 0.000009
v -26.625101 -1.566144 -0.756609
v -26.600803 -1.735459 -0.654029
v -26.674973 -1.554951 -0.571885
v -26.701210 -1.547500 -0.386868
v -26.709135 -1.552831 0.000009
v -14.421730 0.730448 -2.611812
v -14.433294 0.133015 -2.892929
v -17.355659 0.187933 -2.661160
v -17.278992 0.690163 -2.414536
v -25.089207 0.020165 -1.624448
v -25.062933 -0.172364 -1.753997
v -25.470219 -0.245084 -1.641620
v -25.495340 -0.069117 -1.524119
v -25.061094 -0.402030 -1.854927
v -25.465851 -0.457410 -1.736136
v -25.766184 -0.310783 -1.525183
v -25.774485 -0.148227 -1.425954
v -25.769556 -0.510068 -1.611005
v -24.564487 0.278113 -1.553857
v -24.521015 0.119802 -1.727529
v -24.801033 0.070699 -1.676729
v -24.844702 0.220538 -1.510904
v -26.003981 -0.555611 -1.473379
v -25.988796 -0.363882 -1.396724
v -25.970526 -0.207104 -1.319006
v -25.813002 -0.038130 -1.309120
v -25.952600 -0.109062 -1.259811
v -25.552097 0.054762 -1.380923
v -25.147324 0.158359 -1.464517
v -14.448437 -0.499253 -3.100488
v -17.440046 -0.348632 -2.844102
v -14.469013 -1.108921 -3.242244
v -17.525660 -0.875974 -2.968718
v -19.031321 0.190691 -2.509042
v -18.930107 0.632290 -2.287548
v -19.143885 -0.284527 -2.673703
v -14.658842 -3.374559 -3.076944
v -14.704996 -3.745801 -2.861380
v -17.927631 -3.282959 -2.597801
v -17.876146 -2.948654 -2.797333
v -17.216539 1.114499 -2.098878
v -14.411877 1.235609 -2.249382
v -19.258057 -0.757199 -2.785614
v -20.748220 -0.671025 -2.612984
v -20.623714 -0.249371 -2.512428
v -20.502886 0.168988 -2.364630
v -20.397121 0.553793 -2.166342
v -18.850000 1.004101 -2.005140
v -20.317806 0.874783 -1.914317
v -19.772072 -2.956479 -2.423249
v -19.709518 -2.658727 -2.611706
v -21.319130 -2.670862 -2.263195
v -21.250139 -2.406616 -2.441583
v -25.554323 0.740797 -0.604001
v -25.949804 0.613794 -0.589291
v -25.931406 0.986138 -0.515445
v -25.552378 1.109512 -0.526172
v -26.196764 0.516816 -0.560642
v -26.159912 0.906469 -0.489563
v -25.900953 1.490584 -0.468038
v -25.540270 1.614304 -0.476893
v -26.115168 1.416452 -0.444408
v -25.525274 0.496272 -0.721322
v -25.932346 0.366091 -0.699854
v -26.196102 0.246916 -0.670753
v -26.388412 0.085307 -0.619316
v -26.343840 0.447069 -0.502539
v -26.288666 0.859169 -0.438537
v -26.234020 1.375020 -0.398312
v -26.190481 2.025326 -0.372023
v -26.079098 2.066758 -0.415039
v -25.877874 2.141615 -0.437128
v -25.538279 2.267946 -0.445267
v -24.981546 1.805368 -0.478391
v -25.011782 2.463804 -0.446429
v -24.968578 1.294805 -0.529563
v -19.521877 -1.841607 -2.835871
v -26.240107 -0.995553 -1.413884
v -26.262594 -1.194642 -1.406346
v -26.417028 -1.200832 -1.225849
v -26.397800 -1.011245 -1.235631
v -26.251986 -1.936551 -1.076658
v -26.092266 -2.155214 -0.898592
v -26.177807 -2.172513 -0.678059
v -26.377533 -1.931912 -0.881885
v -17.753300 -2.205230 -3.023344
v -19.555456 -1.980636 -2.827550
v -21.078108 -1.790931 -2.646772
v -26.262594 -1.194642 -1.406346
v -26.240107 -0.995553 -1.413884
v -26.129454 -0.233607 -1.185591
v -26.170790 -0.399726 -1.249546
v -26.320375 -0.420462 -1.085836
v -26.267759 -0.238012 -1.027909
v -26.438995 -0.430245 -0.910336
v -26.385265 -0.225808 -0.854522
v -26.051765 -0.097330 -1.149719
v -26.374136 -0.814950 -1.202862
v -26.495375 -0.830526 -1.016012
v -26.581213 -0.840982 -0.820615
v -26.557129 -0.643839 -0.779786
v -26.546064 -0.570541 -0.762052
v -26.525526 -0.434463 -0.729128
v -26.477116 -0.205005 -0.675170
v -26.290493 -0.036679 -0.819561
v -26.175211 -0.079360 -0.993903
v -25.223791 -2.454618 -0.959530
v -25.200121 -2.524637 -0.657124
v -25.584837 -2.434380 -0.615257
v -25.586023 -2.375897 -0.893551
v -25.180212 -2.564504 -0.333816
v -25.587238 -2.465190 -0.313706
v -25.899492 -2.336753 -0.599196
v -25.863543 -2.294660 -0.851734
v -25.941393 -2.354088 -0.311932
v -24.800781 -2.371134 -1.403000
v -24.779419 -2.538711 -1.034979
v -25.223791 -2.454618 -0.959530
v -25.243622 -2.298318 -1.305115
v -24.779419 -2.538711 -1.034979
v -24.748505 -2.616773 -0.709461
v -24.721214 -2.662678 -0.360570
v -24.709467 -2.677696 0.000009
v -25.171867 -2.577136 0.000009
v -25.589146 -2.474118 0.000009
v -25.967854 -2.355125 0.000009
v -26.264837 -2.171583 -0.419937
v -25.851744 -2.178137 -1.124532
v -25.863543 -2.294660 -0.851734
v -26.092266 -2.155214 -0.898592
v -26.011089 -2.134209 -1.056751
v -25.593548 -2.235302 -1.210196
v -25.586023 -2.375897 -0.893551
v -26.285627 -1.766315 -1.210348
v -26.422644 -1.759845 -1.022733
v -26.476326 -1.921162 -0.683432
v -26.525881 -1.751052 -0.833276
v -26.089838 -1.945241 -1.253144
v -26.251986 -1.936551 -1.076658
v -26.108877 -1.775026 -1.385479
v -26.285627 -1.766315 -1.210348
v -26.292923 -1.581338 -1.321804
v -26.608173 -0.440145 -0.365595
v -26.620188 -0.441298 0.000009
v -26.584229 -0.198962 0.000009
v -26.570702 -0.198697 -0.335065
v -26.547573 -1.573750 -0.946599
v -26.438236 -1.578074 -1.137341
v -26.292923 -1.581338 -1.321804
v -26.538513 -0.198720 -0.502775
v -26.579809 -0.437705 -0.547422
v -26.596094 -0.552848 -0.569271
v -26.622150 -0.543634 -0.379013
v -26.637077 -0.654136 -0.393340
v -26.648523 -0.655649 0.000009
v -26.633198 -0.539723 0.000009
v -26.672562 -0.851958 0.000009
v -26.661142 -0.850586 -0.415304
v -26.484720 0.082001 -0.454032
v -26.634020 -0.847327 -0.619835
v -26.609913 -0.650578 -0.587816
v -26.522306 0.081437 -0.303858
v -26.537331 0.081305 0.000008
v -17.324667 1.781964 -0.884336
v -14.708420 1.990666 -0.749628
v -14.484051 1.848894 -1.295235
v -17.203329 1.644009 -1.296730
v -26.283751 -1.390091 -1.391621
v -26.435179 -1.392380 -1.209135
v -26.534609 -1.205031 -1.033960
v -26.518473 -1.022712 -1.044793
v -26.549778 -1.393380 -1.016609
v -26.693798 -1.191814 -0.423246
v -26.683031 -1.037441 -0.428360
v -26.283751 -1.390091 -1.391621
v -26.630564 -1.392176 -0.818807
v -26.703732 -1.183400 0.000009
v -26.694324 -1.038561 0.000009
v -26.216362 -0.793253 -1.377616
v -18.869371 1.632984 -0.932477
v -18.804346 1.481362 -1.294545
v -14.413656 1.604751 -1.803594
v -17.180176 1.428479 -1.716042
v -18.802280 1.280915 -1.664397
v -20.331097 1.461423 -0.952293
v -26.707348 -1.386178 -0.416808
v -26.717068 -1.388694 0.000009
v -20.275511 1.113039 -1.610872
v -20.277683 1.294994 -1.280581
v -26.681124 -1.388688 -0.619292
v -25.246628 -2.045727 -1.655236
v -25.603659 -2.000106 -1.534206
v -25.451574 0.358497 -0.883758
v -25.348789 0.286979 -1.075628
v -25.758572 0.164505 -1.029743
v -25.862659 0.230166 -0.852144
v -25.239759 0.235544 -1.276031
v -25.646378 0.121118 -1.211771
v -26.018972 0.049486 -0.997768
v -26.126968 0.108585 -0.825730
v -25.903605 0.015087 -1.163992
v -24.741972 0.437402 -1.127171
v -24.896740 0.399038 -1.114025
v -24.643496 0.372114 -1.347370
v -24.873531 0.319427 -1.319848
v -25.231115 -1.850903 -1.804336
v -25.597530 -1.814654 -1.678293
v -25.879181 -1.966319 -1.403317
v -25.884533 -1.790208 -1.540480
v -24.794859 -2.105510 -1.770350
v -24.768959 -1.901890 -1.923343
v -11.359948 -4.128302 -3.107657
v -8.826419 -4.334121 -3.270787
v -6.543095 -3.320202 -3.898676
v 9.804337 -3.155709 -5.663166
v 9.551970 -2.825794 -5.660976
v -11.251577 -3.334322 -3.494583
v -17.726015 -2.047556 -3.031887
v -7.835328 -2.114017 -3.800514
v -7.897353 -1.943206 -3.772345
v -7.687558 -1.943206 -3.783138
v -7.685585 -2.184769 -3.818355
v -6.531241 -1.943206 -3.842622
v -6.592567 -3.721848 -3.800812
v -8.680827 -3.559759 -3.670859
v -6.770803 -4.466609 -3.392056
v -11.302007 -3.743229 -3.337294
v -8.746902 -3.958956 -3.508775
v -6.672932 -4.106834 -3.635617
v -23.555984 7.733446 0.000005
v -23.605000 7.708797 -0.157775
v -24.155125 8.092760 -0.142371
v -24.121294 8.113585 0.000005
v -11.709292 2.174056 -0.689246
v -9.287723 2.286477 -0.706149
v -9.222108 2.131920 -1.380223
v -11.550097 2.025363 -1.327059
v -6.935296 2.385274 -0.735671
v -6.913073 2.224061 -1.440975
v -9.169108 1.839447 -1.995441
v -11.474703 1.752830 -1.906534
v -6.869492 1.913084 -2.085899
v -11.899968 2.218766 0.000003
v -9.332977 2.331688 0.000002
v -6.942503 2.431335 0.000001
v -6.789606 1.417390 -2.640683
v -9.108576 1.378142 -2.525222
v -11.436920 1.329620 -2.405852
v -9.501785 -0.146236 -3.279671
v -9.714937 -0.156690 -3.267176
v -9.713552 0.095326 -3.183020
v -9.563805 0.024574 -3.220513
v -9.563805 0.024574 -3.220513
v -9.016891 0.735779 -2.949723
v -8.887849 -0.146190 -3.311464
v -9.501785 -0.146236 -3.279671
v -7.897353 -0.895513 -3.573826
v -7.897353 -0.146236 -3.362440
v -7.688452 -0.146236 -3.373045
v -7.691772 -0.914226 -3.588110
v -7.897353 -0.146236 -3.362440
v -7.835328 0.024574 -3.306981
v -6.593266 0.024574 -3.366784
v -6.531241 -0.146236 -3.431791
v -6.750991 -0.146236 -3.420635
v -6.743011 0.095326 -3.331179
v -12.433679 -0.609531 -3.255321
v -11.269491 -0.673252 -3.344788
v -11.223207 -1.360576 -3.499868
v -12.433679 -1.221420 -3.393759
v -13.799789 -0.534756 -3.150336
v -13.799789 -1.221420 -3.304784
v -11.388238 0.744293 -2.807945
v -4.608224 0.095326 -3.433252
v -4.591406 -0.145125 -3.526992
v -4.819992 -0.146236 -3.516075
v -4.757965 0.024574 -3.453761
v -4.819993 -1.221420 -3.791987
v -6.531241 -1.019860 -3.668747
v -6.531241 -0.146236 -3.431791
v -4.819992 -0.146236 -3.516075
v -4.819993 -1.221420 -3.791987
v -4.757966 -1.392231 -3.828064
v -6.531241 -1.597939 -3.777604
v -8.678961 -1.806980 -3.711547
v -8.793570 -0.813938 -3.511555
v -7.897353 -0.895513 -3.573826
v -7.897353 -1.734229 -3.732748
v -7.688494 -1.714791 -3.739845
v -7.897353 -1.734229 -3.732748
v -0.757379 -5.526409 -0.791158
v -0.745842 -5.474548 -1.548940
v -2.419370 -5.354013 -2.213928
v -0.723894 -5.376197 -2.239968
v -2.478871 -5.524487 0.000002
v -0.760729 -5.541529 0.000002
v -2.419370 -5.354013 -2.213928
v 12.324735 -1.221420 -4.101101
v 12.324735 -0.376999 -3.922272
v 14.098230 -0.146237 -3.810393
v 14.098230 -1.279948 -4.043249
v -0.723894 -5.376197 -2.239968
v 2.641904 -2.108844 -4.917315
v 4.760376 -2.038857 -4.926596
v 6.342308 -2.088641 -4.927114
v 6.218303 -2.292315 -5.654944
v 5.956368 -2.380156 -6.794341
v 6.424745 -1.665456 -4.380873
v 5.956368 -2.380156 -6.794341
v 6.931430 -2.459152 -6.819398
v 6.427472 -2.513165 -8.596758
v 5.530044 -2.429498 -8.596758
v 2.355552 -2.396395 -6.938871
v 4.200538 -2.340542 -6.939188
v 3.741445 -2.381811 -8.596757
v -0.154323 -2.821287 -5.659737
v 0.882840 -2.504427 -5.652588
v 0.760598 -2.565960 -6.699388
v -0.253730 -2.861660 -6.700261
v 0.726002 -2.575489 -6.938843
v 0.812371 -2.347255 -4.916244
v 9.549126 -3.802718 -5.657227
v -0.218066 -3.828338 -4.943723
v -0.460872 -3.130448 -4.959460
v -0.410331 -3.157549 -5.663566
v -0.153946 -3.797734 -5.658997
v 9.933261 -1.998897 -4.342762
v 9.054005 -2.358514 -4.926669
v -0.219515 -2.743960 -4.945995
v 9.860075 -4.345599 -4.368736
v 9.036904 -4.171011 -4.904376
v 8.502054 -4.100266 -5.649086
v 7.972027 -4.009078 -6.818659
v -0.282527 -2.867927 -6.939713
v 7.972544 -2.573405 -6.819443
v 8.506193 -2.507699 -5.655351
v -0.504704 -3.160342 -6.700885
v -0.253651 -3.729472 -6.700125
v 4.681466 -4.338140 -5.649850
v 2.594475 -4.278098 -5.649046
v 2.403576 -4.195660 -6.698903
v 4.515754 -4.251568 -6.698798
v 0.814653 -4.157404 -4.909993
v 0.726078 -4.002230 -6.938560
v 0.883389 -4.096337 -5.650698
v 7.151933 -4.352593 -4.904198
v 4.883877 -4.405776 -4.910565
v 4.681466 -4.338140 -5.649850
v 6.776416 -4.280255 -5.648123
v 4.883877 -4.405776 -4.910565
v 2.642946 -4.345751 -4.907135
v -0.583271 -2.725613 -23.996006
v -1.533804 -2.767048 -23.982403
v 7.435634 -4.501893 -4.414089
v 5.002432 -4.540905 -4.427925
v 0.760701 -4.017581 -6.699119
v 3.302230 -4.077839 -11.080857
v -24.667170 8.340214 -0.127606
v -24.655239 8.361080 0.000005
v -23.721790 7.650455 -0.223753
v -24.238441 8.044847 -0.201559
v -23.052114 7.153285 -0.171787
v -22.992626 7.182916 0.000005
v -24.702421 8.294788 -0.179907
v -25.115152 8.489275 -0.116199
v -25.124506 8.513676 0.000005
v -23.193403 7.082906 -0.243678
v -23.468546 6.945854 -0.298763
v -23.951109 7.537823 -0.274242
v -24.415741 7.959347 -0.246389
v -24.813099 8.230167 -0.217956
v -25.076639 8.365376 -0.195650
v -25.096094 8.435638 -0.164005
v -26.462631 0.414406 -0.274019
v -26.478149 0.412630 0.000008
v -26.413263 0.820877 0.000008
v -26.398033 0.824730 -0.248224
v -26.424593 0.420589 -0.400080
v -26.361517 0.834814 -0.355499
v -26.351244 1.335098 0.000008
v -26.336634 1.339970 -0.228535
v -26.301893 1.351662 -0.324599
v -26.300655 1.984339 0.000008
v -26.286882 1.989462 -0.213910
v -20.279089 2.253469 0.000006
v -20.402403 2.213837 -0.257763
v -20.765156 2.609008 -0.243658
v -20.656853 2.644359 0.000006
v -26.254171 2.001631 -0.303430
v -21.035282 3.152104 -0.227966
v -20.936638 3.185942 0.000006
v -20.630276 2.128455 -0.389430
v -21.003288 2.528194 -0.352830
v -21.267179 3.072134 -0.324267
v -21.303919 3.843138 -0.213912
v -21.211668 3.877454 0.000006
v -21.138687 1.967495 -0.506716
v -21.483469 2.374150 -0.439584
v -21.720829 2.916817 -0.398445
v -21.523010 3.761638 -0.303432
v -26.283468 8.671843 0.000006
v -26.268684 8.620481 0.000006
v -26.331654 8.567780 0.000006
v -26.351179 8.602142 0.000006
v -26.189924 8.495592 -0.129075
v -26.263208 8.474573 -0.120784
v -26.151634 8.633842 -0.093824
v -26.174700 8.677813 0.000006
v -26.300018 8.428772 -0.110877
v -26.330606 8.420807 0.000006
v -26.082458 8.517357 -0.145304
v -25.995726 8.268507 -0.176078
v -26.142509 8.241419 -0.148547
v -26.238300 8.228542 -0.131882
v -26.293657 8.229763 -0.119744
v -26.293676 6.648264 0.000006
v -26.306383 6.645821 0.000006
v -26.332901 7.307211 0.000006
v -26.323391 7.302056 0.000006
v -26.215858 6.016582 -0.178442
v -26.257727 5.996828 -0.100304
v -26.258221 6.661115 -0.156862
v -26.281551 5.989605 0.000007
v -26.255610 2.787782 -0.202566
v -26.268354 2.782584 0.000008
v -26.254349 3.683544 0.000007
v -26.246616 3.686990 -0.128846
v -24.122814 5.648908 -0.374228
v -24.656031 5.280834 -0.384116
v -24.935682 6.231206 -0.356845
v -24.429253 6.467304 -0.351047
v -26.325773 8.058708 -0.095661
v -26.338486 8.058228 0.000006
v -26.338486 8.230362 0.000006
v -26.326256 8.229891 0.000006
v -26.295668 7.303478 -0.130555
v -25.906477 6.682662 -0.278356
v -26.093676 6.670970 -0.225322
v -26.163708 7.314498 -0.188264
v -26.013617 7.336771 -0.228078
v -26.200634 6.666277 -0.191717
v -26.249836 7.310647 -0.161919
v -26.229799 8.058197 -0.142625
v -26.291656 8.058214 -0.128619
v -25.700510 5.401244 -0.347975
v -25.949684 5.401203 -0.299853
v -26.022848 6.038501 -0.253753
v -25.815895 6.067339 -0.310441
v -25.473686 6.098644 -0.352284
v -25.618877 6.754435 -0.311837
v -26.148125 6.024500 -0.216386
v -26.336931 7.917070 0.000006
v -26.322493 7.917597 -0.101844
v -26.286566 7.917097 -0.135359
v -26.219721 7.917124 -0.151390
v -26.099264 7.917198 -0.175316
v -26.337908 7.917076 0.000006
v -25.942848 8.058121 -0.201622
v -26.118788 8.058182 -0.163251
v -25.777103 7.402359 -0.262245
v -25.562614 3.070338 -0.421654
v -25.876976 2.942160 -0.413948
v -25.899111 3.841859 -0.394087
v -25.613770 3.969023 -0.401424
v -26.063259 2.866210 -0.393030
v -26.068188 3.766509 -0.374173
v -26.090628 5.260312 -0.258251
v -25.939583 5.260242 -0.309170
v -26.097418 5.401237 -0.249086
v -25.562614 3.070338 -0.421654
v -25.075230 3.269059 -0.422756
v -25.876976 2.942160 -0.413948
v -26.063259 2.866210 -0.393030
v -26.166361 2.824171 -0.352295
v -26.166361 2.824171 -0.352295
v -26.161774 3.724800 -0.318971
v -26.178984 5.401247 -0.207631
v -26.230190 5.401263 -0.123256
v -26.250402 5.401224 0.000007
v -25.684439 5.260182 -0.354511
v -24.555912 4.440461 -0.401425
v -25.171379 4.166172 -0.402472
v -25.288076 5.260170 -0.375559
v -25.311960 5.401279 -0.371844
v -25.075230 3.269059 -0.422756
v -26.225328 2.800128 -0.287339
v -26.221601 3.698140 -0.244431
v -23.850208 4.754960 -0.394088
v -26.246998 5.260153 0.000007
v -26.246668 5.260271 0.000007
v -26.268354 2.782584 0.000008
v -26.255610 2.787782 -0.202566
v -26.225328 2.800128 -0.287339
v -21.557438 4.703379 0.000005
v -21.642830 4.668561 -0.202568
v -22.055897 5.554605 -0.192849
v -21.978382 5.589148 0.000005
v -26.226702 5.260273 -0.131087
v -26.174187 5.260270 -0.215715
v -22.530020 6.412453 -0.183130
v -22.461216 6.445436 0.000005
v -21.845642 4.585867 -0.287341
v -22.239985 5.472566 -0.273555
v -21.375771 4.018132 -0.211507
v -21.288164 4.060171 0.000006
v -22.693434 6.334117 -0.259769
v -21.584253 3.918084 -0.300378
v -22.240599 4.424833 -0.352297
v -22.598471 5.312805 -0.335394
v -23.011658 6.181567 -0.318491
v -25.503359 8.605177 0.000006
v -25.481201 8.574890 -0.110145
v -25.770571 8.616323 -0.107844
v -25.796484 8.653627 0.000006
v -22.861305 4.171750 -0.393031
v -23.619667 3.862541 -0.413949
v -23.161865 5.061723 -0.374174
v -24.397152 3.545535 -0.421655
v -23.511776 5.941821 -0.355317
v -25.298035 6.901927 -0.325225
v -25.517313 7.498974 -0.286238
v -23.619667 3.862541 -0.413949
v -22.861305 4.171750 -0.393031
v -24.279285 2.736296 -0.445267
v -24.397152 3.545535 -0.421655
v -25.907299 7.917124 -0.216452
v -25.710785 7.917051 -0.244957
v -25.168932 6.960827 -0.327108
v -24.757290 7.147209 -0.321971
v -25.069317 6.186185 -0.356808
v -23.900949 6.730462 -0.333308
v -24.313690 7.361922 -0.305816
v -25.078617 7.682241 -0.287395
v -24.711937 7.833916 -0.273789
v -25.386038 7.551311 -0.291476
v -25.621809 8.056942 -0.243173
v -25.361622 8.081295 -0.248315
v -25.053295 8.162287 -0.238797
v -25.834726 8.319157 -0.199935
v -25.577518 8.357754 -0.205152
v -24.842869 5.416595 -0.378262
v -25.299114 8.374191 -0.201065
v -25.991631 8.633522 -0.100472
v -26.016171 8.673138 0.000006
v -25.426085 8.504492 -0.158639
v -25.707565 8.528049 -0.158200
v -25.940058 8.523706 -0.157456
v -22.547510 -2.452598 -2.122830
v -22.617399 -2.765007 -1.701865
v -23.546976 -2.586597 -1.597218
v -23.498390 -2.295330 -1.998125
v -22.481997 -2.212743 -2.292764
v -23.443996 -2.071812 -2.161161
v -24.253248 -2.461637 -1.499305
v -24.228579 -2.184491 -1.882743
v -24.188776 -1.972102 -2.040208
v -24.137249 -1.733734 -2.150387
v -23.377155 -1.820068 -2.275720
v -21.693995 1.233756 -0.968089
v -21.636717 1.079054 -1.256670
v -22.856932 0.849985 -1.222420
v -22.923428 0.980029 -0.967380
v -21.617718 0.925130 -1.551881
v -22.811029 0.729151 -1.487486
v -23.903965 0.629411 -1.177892
v -23.986406 0.733359 -0.947433
v -23.828629 0.539933 -1.418781
v -21.818277 1.437110 -0.727527
v -21.636684 0.727821 -1.824139
v -22.795870 0.572152 -1.734070
v -23.777687 0.418632 -1.644010
v -24.059528 0.898175 -0.754022
v -23.007311 1.165510 -0.755097
v -22.648333 -2.964136 -1.266603
v -22.651863 -3.058897 -0.871481
v -23.545637 -2.862238 -0.815298
v -23.557510 -2.772933 -1.186065
v -22.649225 -3.115543 -0.443861
v -23.531353 -2.915903 -0.415022
v -24.218546 -2.722456 -0.762162
v -24.243830 -2.638354 -1.110126
v -24.194582 -2.772723 -0.387701
v -22.648333 -2.964136 -1.266603
v -22.646908 -3.134361 0.000008
v -23.524424 -2.933816 0.000008
v -24.183937 -2.789421 0.000009
v -24.243830 -2.638354 -1.110126
v -23.557510 -2.772933 -1.186065
v -22.045553 1.729012 -0.578207
v -23.105415 1.447580 -0.610288
v -23.207949 1.846228 -0.521380
v -22.261536 2.135499 -0.494114
v -24.112383 1.164692 -0.617508
v -22.436705 2.673152 -0.444978
v -24.882103 0.940287 -0.612807
v -24.204075 2.071038 -0.477390
v -21.694660 0.455752 -2.050723
v -21.782644 0.123299 -2.229424
v -22.875259 0.059360 -2.102418
v -22.819553 0.345124 -1.939777
v -21.889147 -0.243726 -2.363159
v -22.952415 -0.262559 -2.224856
v -23.783489 -0.015781 -1.981978
v -23.764208 0.230333 -1.832411
v -23.826408 -0.299436 -2.095496
v -22.002661 -0.619509 -2.454845
v -23.040455 -0.598045 -2.309954
v -24.444342 -0.342394 -1.987036
v -22.233627 -1.376947 -2.503066
v -22.315464 -1.646356 -2.487066
v -23.229702 -1.286445 -2.358372
v 2.077478 -3.298012 -24.291662
v 1.990536 -3.134032 -24.227612
v -21.032146 -1.633775 -2.656598
v -21.471298 -1.573341 -2.600135
v -22.386469 -1.884408 -2.427402
v -3.776409 0.597404 -28.467348
v -3.340476 0.599826 -28.494333
v -3.457664 0.802886 -28.509295
v -3.847433 0.801255 -28.483820
v -2.921633 0.590632 -28.550539
v -3.083423 0.794257 -28.561464
v -3.538957 0.919367 -28.530622
v -3.877892 0.916108 -28.507193
v -3.210585 0.909495 -28.577162
v -2.406240 -2.422099 -29.111326
v -4.014981 0.005850 -28.445055
v -3.566033 0.033941 -28.431143
v -4.154662 0.583077 -28.476706
v -3.043742 0.041401 -28.460096
v -2.538099 0.028611 -28.523970
v -2.594983 0.570694 -28.628836
v -2.793175 0.778282 -28.633566
v -2.961123 0.894228 -28.639563
v -3.092171 0.943926 -28.646395
v -3.300237 0.965526 -28.607996
v -3.603004 0.978349 -28.567385
v -3.906852 0.971798 -28.542883
v -4.166695 0.906224 -28.512766
v -4.117047 0.954477 -28.536646
v -4.186889 0.791091 -28.491533
v -0.091509 -3.039897 -28.979700
v -0.570330 -2.197284 -29.009844
v -0.337400 -2.464171 -28.396791
v -0.802760 -1.774512 -28.520937
v -1.818225 -2.325665 -28.148211
v -2.705119 -2.359296 -28.113268
v -1.690395 -2.522892 -28.049101
v -1.176289 -2.545988 -28.109167
v -1.319453 -2.346449 -28.206598
v -1.818225 -2.325665 -28.148211
v -0.886123 -2.559024 -28.143068
v -3.433510 -2.463906 -28.159395
v -2.935994 -1.696059 -28.264631
v -3.590808 -1.772392 -28.297083
v -4.096567 -2.836018 -28.470125
v -4.185544 -2.045109 -28.550825
v -4.096081 -2.194568 -28.723036
v -3.998963 -3.039557 -28.675535
v -3.906743 -2.632505 -28.286985
v -4.015837 -1.895849 -28.399603
v -4.065369 0.967307 -28.729506
v -4.043413 0.993919 -28.659632
v -3.719133 1.003801 -28.695662
v -3.759131 0.975951 -28.767244
v -3.977425 0.995491 -28.594465
v -3.664323 1.004743 -28.625143
v -3.380041 0.986775 -28.732756
v -3.434425 0.960552 -28.798899
v -3.342549 0.988736 -28.663855
v -4.252950 0.905288 -28.751207
v -4.304421 0.933330 -28.698847
v -4.065729 0.917713 -28.788252
v -4.303698 0.956648 -28.630888
v -4.224062 0.962064 -28.571650
v -3.061544 0.949910 -28.697397
v -3.075515 0.943682 -28.764681
v -3.149577 0.921174 -28.824606
v -3.466784 0.911440 -28.853369
v -3.239974 0.894738 -28.860956
v -3.776207 0.921981 -28.828188
v -4.503775 0.491456 -28.696283
v -4.530406 0.525263 -28.603945
v -4.530830 0.753282 -28.606321
v -4.510855 0.727980 -28.690481
v -4.411920 0.557591 -28.525892
v -4.420439 0.774849 -28.535635
v -4.462738 0.885961 -28.613913
v -4.449074 0.863884 -28.688704
v -4.364941 0.898668 -28.551134
v -2.139200 -0.003897 -28.614798
v -4.178074 -0.209374 -28.817434
v -4.401749 -0.159204 -28.709196
v -4.325914 0.462170 -28.788275
v -4.445445 -0.099853 -28.599413
v -4.314665 -0.041499 -28.505552
v -4.321277 0.843608 -28.761984
v -4.355144 0.705594 -28.774710
v -3.166195 0.435773 -28.949755
v -3.593528 0.433667 -28.922762
v -3.704537 0.686030 -28.898787
v -3.321015 0.685141 -28.924360
v -4.003426 0.442546 -28.866560
v -4.069754 0.692139 -28.846712
v -3.761702 0.836123 -28.870222
v -3.424093 0.831146 -28.893972
v -4.079674 0.837757 -28.824003
v -2.332276 -0.219120 -28.987177
v -2.776583 -0.247130 -29.001093
v -2.791761 0.449786 -28.940409
v -3.288614 -0.254508 -28.972132
v -3.783904 -0.241800 -28.908262
v -3.132787 0.831613 -28.888777
v -2.983644 0.692785 -28.916742
v -2.421281 0.541722 -28.720819
v -2.403600 0.508230 -28.813143
v -2.631369 0.735633 -28.801756
v -2.642325 0.758416 -28.717703
v -2.530685 0.475586 -28.891211
v -2.748009 0.711546 -28.872541
v -2.837921 0.869530 -28.786928
v -2.841185 0.883368 -28.712458
v -2.937044 0.848585 -28.850031
v -1.920255 -0.053987 -28.723036
v -1.886911 -0.113255 -28.832819
v -2.027951 -0.171691 -28.926680
v -1.404129 -0.999118 -28.969027
v -1.245656 -0.906608 -28.853674
v -1.761857 -1.075118 -29.044973
v -1.297856 -0.813497 -28.720240
v -1.245656 -0.906608 -28.853674
v -1.572144 -0.735697 -28.590044
v -3.508908 -1.117899 -28.959768
v -2.908670 -1.135560 -29.033838
v -2.908670 -1.135560 -29.033838
v -3.508908 -1.117899 -28.959768
v -4.335506 -0.897807 -28.588469
v -4.270969 -0.990917 -28.721903
v -2.292328 -1.121399 -29.065248
v -3.991072 -1.068718 -28.852098
v -4.189373 -0.805297 -28.473116
v -4.270969 -0.990917 -28.721903
v -4.335506 -0.897807 -28.588469
v -4.189373 -0.805297 -28.473116
v -1.994767 -0.699644 -28.505850
v -3.837252 -0.729296 -28.397169
v -2.836578 -0.672552 -28.400103
v -2.700764 -0.712436 -28.409586
v -2.089028 -0.732665 -28.486624
v -3.301172 -0.683016 -28.376890
v 0.188797 -2.687028 -22.189362
v 1.168538 -2.727895 -22.216351
v 0.421708 -2.758985 -24.039230
v -0.336238 -2.725609 -24.003563
v -0.950231 -2.750744 -25.243763
v -1.845388 -2.791147 -25.225258
v -0.234648 -2.778042 -25.460526
v -0.774580 -2.755519 -25.494034
v -1.907792 -2.795727 -25.471004
v -1.587017 -2.827424 -19.753328
v 0.848870 -2.635581 -19.871828
v 2.027339 -2.684937 -19.887640
v 0.421708 -2.758985 -24.039230
v 1.070653 -2.843814 -24.090820
v 0.443772 -2.845901 -25.478722
v -0.234648 -2.778042 -25.460526
v 1.117450 -4.044671 -22.517546
v 0.089150 -4.087584 -22.508776
v -0.493703 -4.088969 -24.508192
v 0.445262 -4.047587 -24.521784
v -2.433849 -2.907595 -24.007309
v -2.702952 -2.929269 -25.259624
v -3.251344 -3.151809 -25.351919
v 1.915714 -3.680604 -24.429899
v -3.055653 -3.680603 -24.276575
v 2.165015 -2.874270 -22.267857
v 2.081232 -3.900374 -22.501863
v 1.339984 -3.907040 -24.496878
v 0.763011 -3.911802 -26.054874
v 0.945191 -2.931399 -25.546040
v 1.472420 -2.907595 -24.126976
v -1.669949 -4.047587 -24.456339
v -0.740785 -4.088958 -24.500544
v -0.994453 -4.101411 -26.196377
v -0.082867 -4.049670 -26.089432
v -2.032979 -4.049508 -25.880445
v -1.167515 -4.089820 -25.940836
v 0.796648 -4.085674 -20.039310
v -2.435977 -3.258049 -20.035431
v -2.532215 -3.907040 -24.377207
v -3.321945 -3.688931 -25.631624
v -2.838264 -3.911422 -25.771097
v -3.376326 -3.313747 -25.431387
v -0.994453 -4.101411 -26.196377
v -2.094737 -4.049816 -26.119751
v -2.291343 -3.072196 -20.015207
v -2.291343 -3.072196 -20.015207
v -2.435977 -3.258049 -20.035431
v -2.397783 -3.255264 -19.796001
v -2.251660 -3.068401 -19.775591
v -26.282034 8.665058 0.000006
v -26.172665 8.671530 0.000006
v -26.338486 8.415253 0.000006
v -25.500586 8.601391 0.000006
v -25.123333 8.510626 0.000005
v -25.793245 8.648964 0.000006
v -26.013355 8.667603 0.000006
v -1.297856 -0.813497 -28.720240
v 17.130930 -1.079640 -3.231706
v 17.184338 -1.411149 -3.285683
v 9.169012 -0.146237 -3.893623
v 9.169012 -0.847553 -4.097327
v 1.703222 0.095326 -3.685480
v 1.553477 0.024574 -3.710592
v 11.020646 -1.392231 -4.183848
v 10.958621 -1.221421 -4.149404
v 11.020646 0.024574 -3.834897
v 8.957243 0.095326 -3.806474
v 8.957306 -0.146237 -3.892716
v 8.957243 -1.462983 -4.269549
v 9.106986 0.024574 -3.832402
v 9.169012 -0.146237 -3.893623
v 9.106986 -1.392231 -4.248273
v 2.645796 0.095326 -3.712309
v 2.651379 -0.148082 -3.809662
v 2.795541 0.024574 -3.745818
v 2.857565 -0.146237 -3.814341
v -1.602243 0.024574 -3.597118
v -3.453881 -1.221420 -3.856974
v -3.515905 -1.392231 -3.887065
v 14.310000 -2.184769 -4.068084
v 15.252574 -2.184769 -3.917579
v -6.748281 -1.943206 -3.831457
v -6.751817 -1.625872 -3.771449
v -6.531241 -1.597939 -3.777604
v -6.531241 -1.943206 -3.842622
v -7.685585 0.095326 -3.285796
v -6.743011 -2.184769 -3.866557
v -6.593266 -2.114017 -3.864032
v -6.758801 -0.999147 -3.652936
v -6.531241 -1.019860 -3.668747
v -7.835328 0.024574 -3.306981
v -9.716612 -0.761489 -3.449383
v -9.713552 -1.462983 -3.600629
v -10.656127 -1.462983 -3.547717
v -10.651623 -0.708360 -3.386404
v -9.501785 -0.773697 -3.463853
v -4.757965 0.024574 -3.453761
v -9.501785 -0.773697 -3.463853
v -2.308571 -3.651784 -20.081890
v -2.268604 -3.650056 -19.843006
v -0.549920 -2.716015 -14.130579
v -1.360914 -2.977170 -14.133325
v -1.324152 -2.973312 -13.894011
v -0.506628 -2.711296 -13.891212
v 0.809720 -2.548664 -13.890168
v 0.755868 -2.553918 -14.129579
v -1.326261 -3.605766 -13.902450
v -1.511345 -3.189959 -13.896718
v -1.546309 -3.192713 -14.136033
v -1.363110 -3.607553 -14.141644
v -1.845388 -2.791147 -25.225258
v -0.950231 -2.750744 -25.243763
v -0.774580 -2.755519 -25.494034
v -1.907792 -2.795727 -25.471004
v -0.740785 -4.088958 -24.500544
v -1.167515 -4.089820 -25.940836
v -0.994453 -4.101411 -26.196377
v -0.493703 -4.088969 -24.508192
v 0.760701 -4.017581 -6.699119
v -0.253651 -3.729472 -6.700125
v -0.282475 -3.715704 -6.939572
v 0.726078 -4.002230 -6.938560
v -0.504704 -3.160342 -6.700885
v -0.253730 -2.861660 -6.700261
v -0.282527 -2.867927 -6.939713
v -0.531715 -3.158976 -6.940034
v 2.355599 -4.179656 -6.938371
v 2.403576 -4.195660 -6.698903
v 3.053439 -4.077842 -11.080834
v 3.302230 -4.077839 -11.080857
v -0.554096 -3.868715 -14.145804
v 0.750143 -4.030817 -14.149096
v 0.804097 -4.030409 -13.909926
v -0.510676 -3.867780 -13.906642
v 3.303013 -2.435205 -11.078237
v 3.054259 -2.435203 -11.078213
v -3.321945 -3.688931 -25.631624
v -3.376326 -3.313747 -25.431387
v -3.424402 -3.316710 -25.677301
v -3.370927 -3.690358 -25.874914
v -1.632821 -2.832093 -19.993128
v -1.587017 -2.827424 -19.753328
v -0.522441 -2.677852 -19.745092
v -0.578228 -2.683060 -19.984945
v -0.623532 -4.040967 -20.141281
v -0.567535 -4.040577 -19.902981
v -2.892160 -3.912144 -26.011974
v -2.094737 -4.049816 -26.119751
v -2.032979 -4.049508 -25.880445
v -2.838264 -3.911422 -25.771097
v 4.515754 -4.251568 -6.698798
v 4.200450 -4.235011 -6.938474
v 3.741445 -2.381811 -8.596757
v 4.200538 -2.340542 -6.939188
v 4.515007 -2.328470 -6.699166
v 3.990205 -2.381812 -8.596757
v -3.251344 -3.151809 -25.351919
v -3.300143 -3.155093 -25.598101
v 0.188797 -2.687028 -22.189362
v -0.336238 -2.725609 -24.003563
v -0.583271 -2.725613 -23.996006
v -0.059118 -2.687034 -22.184906
v -0.158838 -4.087574 -22.504286
v 0.089150 -4.087584 -22.508776
v 1.618369 -4.083213 -17.125628
v 1.369683 -4.083214 -17.124819
v -1.619514 -3.891019 -19.876587
v -1.665688 -3.891914 -20.115101
v -2.702952 -2.929269 -25.259624
v -2.756883 -2.933361 -25.505760
v 3.990234 -4.142361 -8.596757
v 3.741443 -4.142363 -8.596757
v 1.640386 -2.571254 -17.054920
v 1.391752 -2.571253 -17.054111
v 0.760598 -2.565960 -6.699388
v 2.403563 -2.384798 -6.699447
v 2.355552 -2.396395 -6.938871
v 0.726002 -2.575489 -6.938843
v -25.288076 5.260170 -0.375559
v -25.684439 5.260182 -0.354511
v -25.700510 5.401244 -0.347975
v -25.311960 5.401279 -0.371844
v -24.842869 5.416595 -0.378262
v -24.656031 5.280834 -0.384116
v -24.935682 6.231206 -0.356845
v -25.069317 6.186185 -0.356808
v -25.298035 6.901927 -0.325225
v -25.168932 6.960827 -0.327108
v -26.099264 7.917198 -0.175316
v -26.219721 7.917124 -0.151390
v -26.229799 8.058197 -0.142625
v -26.118788 8.058182 -0.163251
v -26.226702 5.260273 -0.131087
v -26.230190 5.401263 -0.123256
v -26.286566 7.917097 -0.135359
v -26.291656 8.058214 -0.128619
v -25.939583 5.260242 -0.309170
v -25.949684 5.401203 -0.299853
v -26.178984 5.401247 -0.207631
v -26.097418 5.401237 -0.249086
v -26.090628 5.260312 -0.258251
v -26.174187 5.260270 -0.215715
v -25.907299 7.917124 -0.216452
v -25.942848 8.058121 -0.201622
v -25.621809 8.056942 -0.243173
v -25.710785 7.917051 -0.244957
v -25.517313 7.498974 -0.286238
v -25.386038 7.551311 -0.291476
v -26.325773 8.058708 -0.095661
v -26.322493 7.917597 -0.101844
v 15.402317 0.024574 -3.519441
v 9.169012 -0.847553 -4.097327
v 9.908226 -0.736859 -4.052788
v 9.892179 -1.199524 -4.174597
v 9.169012 -1.221421 -4.205921
v -2.908670 -1.135560 -29.033838
v 5.951263 -1.392231 -4.303497
v -19.652712 -2.401914 -2.715852
v 10.958621 -0.579572 -3.995658
v 10.958621 -1.221421 -4.149404
v -0.901935 -2.218787 -4.236694
v -0.816727 -1.931715 -4.186837
v -23.344934 -1.702880 -2.305072
v 0.497825 -2.054651 -4.444589
v 2.626784 -1.791492 -4.498621
v -17.828579 -2.653444 -2.911121
v -19.521877 -1.841607 -2.835871
v -1.404129 -0.999118 -28.969027
v -1.761857 -1.075118 -29.044973
v 17.218773 1.384469 -2.393595
v -24.801033 0.070699 -1.676729
v -24.672829 -0.117824 -1.833362
v 13.992789 1.144983 -3.251695
v -21.584253 3.918084 -0.300378
v -21.985144 3.703176 -0.369618
v -22.240599 4.424833 -0.352297
v -21.845642 4.585867 -0.287341
v -1.663524 -0.962786 -3.881888
v -2.233952 -1.045066 -3.872233
v -2.333112 -0.145597 -3.632139
v -1.661139 -0.137615 -3.658884
v -21.375771 4.018132 -0.211507
v -21.642830 4.668561 -0.202568
v -24.873531 0.319427 -1.319848
v -24.844702 0.220538 -1.510904
v -3.991072 -1.068718 -28.852098
v -24.741804 1.366330 -0.529724
v -23.176369 -1.094167 -2.359064
v -23.090517 -1.135895 -2.372812
v 17.540741 1.407876 -2.229490
v 18.337440 1.462883 -1.523995
v -21.288164 4.060171 0.000006
v -21.557438 4.703379 0.000005
v -24.925459 0.497583 -0.912026
v -24.896740 0.399038 -1.114025
v -24.171783 -0.608871 -2.121653
v -1.572144 -0.735697 -28.590044
v -21.032146 -1.633775 -2.656598
v -3.837252 -0.729296 -28.397169
v -2.292328 -1.121399 -29.065248
v 0.707562 -0.620790 -3.908600
v 1.491452 -0.507559 -3.896199
v 1.491452 -1.221421 -4.134551
v 0.630523 -1.213318 -4.100037
v -3.301172 -0.683016 -28.376890
v -0.298158 -0.765853 -3.903251
v -0.298158 -1.221420 -4.040170
v -13.799789 -1.221420 -3.304784
v -13.799789 -0.534756 -3.150336
v -12.433679 -0.609531 -3.255321
v -12.433679 -1.221420 -3.393759
v -13.799789 -0.146236 -3.025439
v -12.433679 -0.146236 -3.112513
v -12.495699 -1.392231 -3.419127
v -13.737137 -1.392529 -3.335603
v -13.588022 -1.462983 -3.356593
v -12.645447 -1.462983 -3.420046
v -13.737770 0.024574 -2.973061
v -12.495699 0.024574 -3.052294
v -13.588022 0.095326 -2.959280
v -12.645447 0.095326 -3.018433
v 5.699821 -2.579089 -11.078702
v 6.427472 -2.513165 -8.596758
v 3.784019 -2.731062 -17.069347
v 4.798781 -2.656986 -14.014742
v -0.892474 -2.761951 -27.829874
v -1.443739 -2.735042 -27.766638
v -1.028646 -2.791175 -27.078299
v -0.448076 -2.819438 -27.137613
v 0.443772 -2.845901 -25.478722
v 1.070653 -2.843814 -24.090820
v -1.176289 -2.545988 -28.109167
v 1.863562 -2.828569 -22.251949
v 2.765946 -2.790089 -19.906149
v 7.699620 -1.067585 -4.181678
v 7.596067 -0.139545 -3.884613
v 7.802896 -0.146237 -3.887773
v 7.802896 -1.052121 -4.175181
v 7.248904 -2.363798 -5.654944
v 7.435618 -2.149637 -4.927280
v 6.931430 -2.459152 -6.819398
v -1.660279 -1.688476 -28.357363
v -2.163711 -1.671034 -28.298120
v -0.065955 -2.836713 -26.471670
v 7.553669 -1.707420 -4.379990
v 4.008018 -2.558951 -14.012758
v 4.868313 -2.485855 -11.078470
v 5.699821 -2.579089 -11.078702
v 4.798781 -2.656986 -14.014742
v 6.218303 -2.292315 -5.654944
v 7.248904 -2.363798 -5.654944
v 1.168538 -2.727895 -22.216351
v 1.863562 -2.828569 -22.251949
v -0.682050 -2.788545 -26.404856
v -0.065955 -2.836713 -26.471670
v 6.342308 -2.088641 -4.927114
v 7.435618 -2.149637 -4.927280
v 2.027339 -2.684937 -19.887640
v 2.765946 -2.790089 -19.906149
v 6.424745 -1.665456 -4.380873
v 7.553669 -1.707420 -4.379990
v -2.163711 -1.671034 -28.298120
v 2.969583 -2.623128 -17.061653
v 3.784019 -2.731062 -17.069347
v 6.377561 -1.423196 -4.306136
v 6.278975 -1.323864 -4.273617
v 7.611545 -1.116208 -4.198462
v 7.559269 -1.227513 -4.233021
v 7.699620 -1.067585 -4.181678
v 7.802896 -1.052121 -4.175181
v -2.600920 -0.815196 -28.402964
v -2.085459 -0.833004 -28.467520
v -25.529085 -1.173804 1.852434
v -25.555868 -1.389217 1.844422
v -25.173557 -1.401787 1.970493
v -25.830856 -1.178593 1.718844
v -25.855549 -1.385879 1.709080
v -2.127931 -3.611017 4.163053
v -1.013412 -3.686501 4.304445
v -1.098389 -3.052685 4.336511
v -2.145198 -3.027244 4.190758
v -24.554930 -0.620189 2.049691
v -25.076962 -0.651495 1.928577
v -24.595789 -0.895504 2.097568
v 1.419026 -3.153506 25.684286
v 1.002541 -3.166536 26.751217
v 1.060957 -3.321563 26.857521
v 1.489746 -3.311909 25.771021
v -25.205988 -1.634623 1.909632
v -24.732462 -1.674711 2.030395
v -25.580938 -1.608870 1.783031
v -25.875408 -1.593799 1.645756
v -26.092480 -1.387427 1.559319
v -26.107481 -1.585759 1.492972
v -26.043865 -0.975125 1.576128
v -26.069075 -1.186855 1.571486
v -26.603678 -1.030467 0.844828
v -26.656103 -1.035092 0.638790
v -26.661381 -1.199563 0.634902
v -26.617563 -1.206853 0.834676
v -25.476770 -0.689198 1.806841
v 14.160257 0.024577 3.753955
v 14.098232 -0.146233 3.810384
v 14.278922 -0.151820 3.806515
v 14.310002 0.095328 3.726537
v 12.262712 0.024577 3.820000
v 12.112967 0.095328 3.802317
v 12.265607 1.440150 3.170239
v 12.160278 0.939623 3.462231
v 11.170391 -1.462981 4.192318
v 12.051788 -2.019250 4.228586
v 12.112967 -1.462981 4.146965
v 11.170391 -1.462981 4.192318
v 12.112967 -1.462981 4.146965
v 12.095003 -1.218957 4.109390
v 11.171442 -1.220957 4.141905
v 10.958623 -0.146234 3.891851
v 9.928481 -0.152886 3.899035
v 9.908228 -0.736857 4.052782
v 10.958623 -0.579569 3.995651
v 11.170391 0.095328 3.810696
v 12.262712 -1.392228 4.130214
v 12.324737 -1.221418 4.101093
v 15.318737 0.478824 3.443624
v 16.924427 1.075447 2.761223
v 14.310002 0.095328 3.726537
v 15.252576 0.095328 3.546770
v 14.022978 0.560690 3.571840
v 16.225269 -0.526731 3.413990
v 15.464346 -0.146233 3.540406
v 15.464478 -1.422163 3.757409
v 15.870500 -1.465147 3.670450
v 15.255034 -1.400373 3.801203
v 15.464478 -1.422163 3.757409
v 12.443447 2.526068 0.915739
v 12.422995 2.338707 1.782211
v 14.166521 2.225235 1.783619
v 14.208793 2.410612 0.916632
v -7.080383 -5.401622 0.728019
v -7.060197 -5.340025 1.426520
v -9.058315 -5.251308 1.371548
v -9.074080 -5.316400 0.699797
v -11.522982 -5.075311 1.298830
v -11.533776 -5.143527 0.662514
v -7.021033 -5.223328 2.065990
v -9.027367 -5.128281 1.987215
v -11.501563 -4.947233 1.882763
v -5.079775 -5.460310 0.754587
v -14.832062 -4.733273 0.607440
v -14.823685 -4.664297 1.191240
v -14.807724 -4.537281 1.727771
v -11.501563 -4.947233 1.882763
v -11.448123 -4.639570 2.513562
v -14.769037 -4.238358 2.309856
v -14.807724 -4.537281 1.727771
v -9.027367 -5.128281 1.987215
v -8.951090 -4.830591 2.649863
v -7.021033 -5.223328 2.065990
v -6.925679 -4.940075 2.752051
v -5.011802 -5.293039 2.139879
v -4.903986 -5.026667 2.847331
v -5.056508 -5.402555 1.478202
v -5.011802 -5.293039 2.139879
v 12.369112 1.987385 2.550135
v 14.073503 1.876843 2.547544
v 10.183290 2.540513 0.904634
v 16.079533 2.222114 0.909666
v 17.677940 1.939427 0.888858
v 16.007059 2.041523 1.748589
v 17.562222 1.767917 1.650127
v 15.854237 1.712920 2.472024
v 15.632582 1.269174 2.972274
v 13.408567 -5.547613 0.771339
v 13.414876 -5.503937 1.509422
v 11.314706 -5.493638 1.544343
v 11.312119 -5.541156 0.789213
v 10.145218 2.008952 2.522574
v 10.091036 1.468670 3.140208
v 10.173040 2.355683 1.761439
v 16.131868 -5.557530 0.706734
v 17.364845 -5.559921 0.661378
v 17.378420 -5.524798 1.297676
v 16.144302 -5.519913 1.384893
v 17.401836 -5.458138 1.883807
v 16.165117 -5.448568 2.005896
v 18.623707 -5.559011 0.610806
v 18.634022 -5.526254 1.200207
v 18.654869 -5.463948 1.746788
v 14.967354 -5.553437 0.742995
v 14.977481 -5.513230 1.454623
v 14.994488 -5.436980 2.103511
v 14.994488 -5.436980 2.103511
v 16.165117 -5.448568 2.005896
v 16.208639 -5.272291 2.673383
v 15.029489 -5.249071 2.792269
v 17.401836 -5.458138 1.883807
v 17.453266 -5.292826 2.524650
v 18.654869 -5.463948 1.746788
v 18.709419 -5.308626 2.355726
v 19.870850 -5.464262 1.604383
v 19.919306 -5.317638 2.176267
v 19.861986 -5.522645 1.099721
v 19.870850 -5.464262 1.604383
v 19.862753 -5.553200 0.558898
v 16.714954 -2.416397 3.623225
v 17.899311 -2.557015 3.454899
v 17.443666 -1.551065 3.262769
v 18.268284 -0.135626 2.722736
v 17.443666 -1.551065 3.262769
v 17.540199 -0.762157 3.070762
v 15.537588 -2.277805 3.890218
v 16.837391 -1.740917 3.424124
v 17.185387 -0.645267 3.128305
v 17.309189 -0.002860 2.924391
v 16.456806 0.196332 3.184078
v 19.708473 -0.406704 2.288744
v 18.515114 0.433461 2.381735
v 20.121778 -2.268083 3.048075
v 19.065857 -2.685170 3.354096
v 20.195341 -2.795882 3.244761
v 21.222803 -2.466797 2.968191
v 22.834417 -2.715645 2.721169
v 22.953539 -2.407643 2.570108
v 21.131847 -2.036943 2.772600
v 23.040045 -2.144184 2.356135
v 22.834417 -2.715645 2.721169
v 23.414640 -2.772733 2.608374
v 23.409664 -2.462573 2.496990
v 22.953539 -2.407643 2.570108
v 23.404482 -2.203122 2.308914
v 23.040045 -2.144184 2.356135
v 21.320232 -2.922540 3.106026
v 23.128601 -1.924909 2.062558
v 23.467852 -2.001826 2.031279
v 23.128601 -1.924909 2.062558
v 23.986172 -2.251234 2.124360
v 23.874969 -2.085933 1.978108
v 24.106434 -2.510951 2.264880
v 24.196499 -2.834734 2.348311
v 23.400434 -3.124495 2.659426
v 24.244108 -3.199597 2.374361
v 22.744144 -3.068696 2.812075
v 22.744144 -3.068696 2.812075
v 21.036484 -5.539939 0.509723
v 22.225121 -5.506496 0.464363
v 22.234528 -5.474648 0.910069
v 21.013844 -5.511482 1.003633
v 22.264614 -5.417202 1.315202
v 20.997475 -5.456606 1.466010
v 23.027021 -5.464711 0.439258
v 22.931360 -5.440886 0.859322
v 22.823782 -5.393878 1.241155
v 20.997475 -5.456606 1.466010
v 21.028542 -5.317532 1.994903
v 22.264614 -5.417202 1.315202
v 22.305281 -5.287776 1.763566
v 22.802650 -5.278155 1.644549
v 22.305281 -5.287776 1.763566
v 23.533918 -5.294197 1.221535
v 23.280169 -5.262466 1.491391
v 23.800497 -5.323793 0.852169
v 24.071100 -5.341535 0.436240
v 21.455465 -1.263900 1.874097
v 23.222485 -1.732615 1.666932
v 23.332561 -1.541446 1.108654
v 22.100515 -1.153049 1.104957
v 23.400949 -1.437828 0.596780
v 22.325680 -1.104350 0.586053
v 23.222485 -1.732615 1.666932
v 23.642328 -1.847240 1.657369
v 23.897469 -1.741275 1.192032
v 23.332561 -1.541446 1.108654
v 24.150549 -1.690274 0.626874
v 23.400949 -1.437828 0.596780
v 21.455465 -1.263900 1.874097
v 20.852930 -0.794845 1.850388
v 22.100515 -1.153049 1.104957
v 21.399158 -0.650611 1.182054
v 22.325680 -1.104350 0.586053
v 21.686550 -0.594766 0.628618
v 24.845882 -1.960261 0.703180
v 24.508610 -1.987115 1.285221
v 24.156025 -2.029258 1.722192
v 24.975636 -2.901211 1.954024
v 25.979860 -2.911818 1.359934
v 25.539743 -2.581075 1.366604
v 24.760473 -2.564114 1.904632
v 25.041311 -2.270813 1.343893
v 24.521370 -2.269405 1.816675
v 26.757587 -2.890956 0.648559
v 26.202759 -2.560965 0.685045
v 25.556602 -2.251644 0.710426
v 25.164095 -3.265304 1.961317
v 27.194330 -3.246132 0.618842
v 26.316387 -3.261822 1.329456
v 18.366016 1.114524 2.076178
v 19.378931 0.490863 1.907515
v 19.896231 0.544988 1.330143
v 18.741173 1.304025 1.458287
v 20.319242 0.551624 0.654315
v 19.378931 0.490863 1.907515
v 20.111553 -0.157889 1.892878
v 20.617018 -0.004959 1.228494
v 19.896231 0.544988 1.330143
v 20.936413 0.042929 0.619468
v 20.319242 0.551624 0.654315
v 18.337444 1.462884 1.523982
v 18.804716 1.470783 0.717816
v 2.770844 2.563308 0.842474
v 2.772446 2.387654 1.645051
v 4.879985 2.379444 1.682147
v 4.880463 2.557551 0.862286
v 7.698184 2.366697 1.728055
v 7.702444 2.548327 0.886805
v 2.776843 2.052031 2.367831
v 4.878708 2.041507 2.417152
v 7.686628 2.024642 2.478189
v 0.713624 2.565404 0.822671
v 7.664120 1.489983 3.091649
v 4.876235 1.510113 3.024875
v 2.785448 1.521369 2.970917
v 0.729256 2.057257 2.318532
v 0.751658 1.525197 2.916982
v 0.717803 2.391721 1.607972
v 13.425573 -5.421111 2.180990
v 11.319242 -5.403521 2.231302
v 13.425573 -5.421111 2.180990
v 13.448753 -5.217549 2.889858
v 11.332812 -5.182745 2.958484
v 11.319242 -5.403521 2.231302
v 9.587307 -5.538324 0.792503
v 9.588632 -5.489119 1.550985
v 9.590963 -5.395803 2.241421
v 9.600851 -5.168422 2.975953
v 9.590963 -5.395803 2.241421
v 11.428040 -4.503576 3.918940
v 11.365489 -4.807988 3.633272
v 13.486378 -4.870052 3.539054
v 13.518837 -4.582515 3.789285
v 4.647178 -0.146234 3.850427
v 4.647178 -1.221418 4.236185
v 4.860203 -0.142706 3.853362
v 2.649241 -1.217124 4.194094
v 2.857568 -1.221418 4.200420
v 2.857568 -0.306224 3.871788
v 2.651003 -0.336665 3.877476
v 4.709202 0.024577 3.785099
v 4.686985 -0.036609 3.808501
v 6.013291 -0.146234 3.870189
v 5.801622 -0.145586 3.867100
v 5.951266 0.024577 3.804921
v 1.553479 -1.392228 4.185417
v 1.703225 -1.462981 4.215981
v 1.703563 -1.220631 4.145459
v 1.491455 -1.221418 4.134551
v 1.491454 -0.146234 3.775556
v 0.770707 -0.135146 3.751695
v 0.707564 -0.620788 3.908599
v 1.491455 -0.507556 3.896199
v 1.491454 -0.146234 3.775556
v 1.491455 -0.507556 3.896199
v 1.703603 -0.476289 3.893433
v 1.703620 -0.146571 3.781794
v 2.645799 -1.462981 4.280802
v 0.780058 0.780845 3.380065
v 4.870089 0.775662 3.480396
v 7.864926 0.024577 3.826833
v 7.802899 -0.146234 3.887768
v 8.016012 -0.146234 3.888680
v 8.014670 0.095328 3.801429
v 7.864926 -1.392228 4.280564
v 8.014670 -1.462981 4.299882
v 4.709203 -1.392228 4.297815
v 2.795543 -1.392228 4.258986
v -3.515903 0.024577 3.511588
v -3.665646 0.095328 3.477302
v -3.667177 -0.145057 3.570087
v -3.454311 -0.145041 3.580013
v -4.781382 1.449997 2.735465
v -4.690464 0.718773 3.187150
v -2.454368 0.742056 3.283366
v -2.561105 1.492105 2.821366
v -1.664268 -1.221418 3.951785
v -1.663521 -0.962784 3.881889
v -1.661136 -0.137612 3.658885
v -1.663521 -0.962784 3.881889
v -1.453872 -0.932547 3.886187
v -1.454147 -0.137205 3.667445
v -0.509926 0.095328 3.614613
v -1.452498 0.095328 3.575696
v -0.517457 -0.135358 3.706183
v -4.931388 2.462945 0.762998
v -4.915308 2.295816 1.494343
v -2.664777 2.358673 1.545365
v -2.677445 2.529749 0.789518
v -3.665646 -1.462981 3.893434
v -0.642097 0.767759 3.343221
v -0.701567 1.518420 2.878902
v -0.360183 0.024577 3.647840
v -0.298156 -0.146234 3.717027
v -0.298156 -0.146234 3.717027
v -0.298156 -0.765850 3.903251
v -0.298156 -1.221418 4.040171
v -0.298156 -0.765850 3.903251
v -0.511787 -0.796666 3.902037
v -0.508137 -1.222458 4.028141
v -0.509926 -1.462981 4.087978
v -0.360183 -1.392228 4.079110
v -1.602241 -1.392228 3.989830
v -1.452497 -1.462981 4.012954
v -1.453773 -1.221607 3.965687
v -1.664268 -1.221418 3.951785
v -4.870280 1.970831 2.162383
v -2.629781 2.025812 2.233871
v -0.763441 2.387874 1.581954
v -0.771072 2.560633 0.808789
v -0.742514 2.053213 2.283866
v -4.729666 -4.580300 3.504148
v -2.208193 -4.690577 3.616565
v -2.146645 -4.365258 3.877394
v -4.619961 -4.238027 3.752220
v 7.452052 -5.536478 0.794195
v 7.452704 -5.486207 1.554444
v 5.100760 -5.484238 1.555829
v 5.099832 -5.535096 0.794856
v 2.792108 -5.482308 1.555349
v 2.789512 -5.533486 0.794570
v 7.453871 -5.390871 2.246797
v 5.102505 -5.387786 2.249038
v 2.797045 -5.385253 2.248546
v 0.779949 -5.530961 0.793424
v 0.786055 -5.479523 1.553211
v 0.797672 -5.381975 2.245724
v 2.797045 -5.385253 2.248546
v 2.801318 -5.151281 2.989298
v 0.815862 -5.144967 2.984976
v 0.797672 -5.381975 2.245724
v 5.102505 -5.387786 2.249038
v 5.104099 -5.156278 2.989760
v 7.453871 -5.390871 2.246797
v 7.458791 -5.160728 2.985667
v -2.336256 -5.106742 2.941988
v -0.678125 -5.136330 2.976281
v -0.625176 -4.732460 3.664965
v -4.530210 -3.868157 3.919783
v -2.118101 -4.004699 4.056897
v 9.231106 -3.155596 6.820409
v 8.479855 -3.127938 8.596754
v 8.254406 -3.633799 8.596754
v 8.985058 -3.722238 6.819673
v -0.661439 -4.414717 3.956316
v 0.815338 -4.748661 3.684242
v -0.791926 -4.075612 4.177414
v 0.709785 -4.473512 4.014360
v 0.415529 -4.308541 4.384298
v 5.098782 -4.777851 3.696190
v 2.784735 -4.765688 3.694621
v 7.473866 -4.780468 3.688307
v 5.068328 -4.613942 4.049205
v 2.705684 -4.580362 4.043227
v 7.495163 -4.596214 4.036530
v 9.631392 -4.786195 3.668198
v 2.624999 -4.489105 4.419598
v 5.002435 -4.540901 4.427924
v 7.435637 -4.501890 4.414086
v 9.702695 -4.531968 3.996375
v 9.860077 -4.345595 4.368732
v 24.941925 -5.117908 0.951446
v 24.214615 -5.101424 1.370730
v 25.512075 -5.123947 0.478026
v 25.465500 -4.920436 1.038429
v 24.549707 -4.909892 1.510183
v 23.615294 -5.083212 1.724705
v 26.164354 -4.920352 0.512438
v 23.806124 -4.886699 1.892002
v 24.839098 -4.661599 1.647014
v 23.965765 -4.631141 2.048306
v 25.910419 -4.665402 1.122899
v 26.722939 -4.662246 0.545982
v 22.358603 -5.048464 2.239023
v 21.127750 -5.072130 2.533385
v 22.954874 -5.063405 2.034104
v 22.358603 -5.048464 2.239023
v 22.406521 -4.822153 2.467158
v 21.209282 -4.847453 2.774636
v 20.015827 -5.060427 2.751521
v 23.069721 -4.851538 2.224099
v 22.406521 -4.822153 2.467158
v 20.085484 -4.828076 3.004174
v 21.281719 -4.562354 2.963398
v 20.145147 -4.535419 3.199812
v 22.468023 -4.543324 2.639309
v 23.170002 -4.584344 2.385691
v 22.468023 -4.543324 2.639309
v 17.531998 -5.006469 3.140157
v 16.273832 -4.968581 3.299574
v 18.799551 -5.037919 2.955245
v 17.581203 -4.756742 3.393046
v 16.313944 -4.708621 3.547214
v 15.081748 -4.926747 3.426814
v 18.858608 -4.797349 3.210814
v 15.113634 -4.655349 3.669652
v 16.347149 -4.395716 3.728425
v 15.140372 -4.333428 3.843168
v 17.621708 -4.451300 3.582234
v 18.907812 -4.498552 3.405910
v 12.000783 -2.712418 4.307666
v 11.969960 -3.143401 4.321100
v 13.714930 -3.267050 4.151232
v 13.770025 -2.828601 4.161179
v 11.569719 -4.148470 4.138715
v 13.564939 -4.245708 3.968417
v -19.060711 1.880992 0.246194
v -18.348064 1.881857 0.229080
v -17.980770 1.877461 0.329897
v -17.582363 1.854726 0.544199
v -19.037683 1.833513 0.400021
v -19.846249 1.972562 0.260610
v -20.452456 1.688849 0.636108
v -18.970551 1.751101 0.621457
v -20.004669 1.890653 0.416920
v -18.032454 -3.995885 1.563645
v -18.049841 -4.115149 1.077514
v -4.475448 -3.476823 4.018909
v -4.583610 -1.832443 3.921652
v -2.150184 -2.365155 4.129084
v -2.160057 -1.915310 4.061935
v -1.023278 -2.627609 4.307699
v 25.083223 -4.356758 1.766062
v 26.275198 -4.352326 1.189952
v 26.515568 -3.871449 1.256497
v 25.262621 -3.884890 1.887659
v -2.473485 -5.508897 0.781510
v -2.454875 -5.455422 1.530369
v -0.901932 -2.218784 4.236695
v -0.499661 -2.656440 4.531454
v 0.255292 -2.083086 4.343749
v 13.632591 -3.856679 4.085753
v 15.164570 -3.957024 3.963350
v 15.240865 -3.378576 4.030839
v -0.685926 -3.114874 4.559624
v -0.495250 -3.867687 4.527736
v 3.053447 -4.077835 11.080833
v 2.267063 -4.080355 13.911843
v 0.804106 -4.030400 13.909927
v 1.438765 -4.025585 11.080592
v 3.939457 -4.030604 14.032242
v 2.912860 -4.035896 17.127611
v 1.618380 -4.083202 17.125628
v 2.482594 -4.080467 14.031648
v 2.200356 -4.080585 14.151012
v 1.369694 -4.083204 17.124819
v 0.076540 -4.035896 17.118410
v 0.750152 -4.030808 14.149096
v -1.979509 -3.225313 17.073805
v -2.397769 -3.255252 19.796009
v -2.251647 -3.068390 19.775595
v -1.815830 -3.024745 17.064945
v 7.291056 -3.914174 8.596755
v 6.357914 -3.856764 11.080802
v 4.916883 -4.025585 11.080930
v 5.738990 -4.088201 8.596755
v 6.335100 -4.186524 6.818537
v 3.990240 -4.142356 8.596756
v 4.515758 -4.251565 6.698797
v -3.300127 -3.155077 25.598104
v -3.482396 -3.166536 26.495682
v -2.952379 -2.947298 26.381136
v -2.756866 -2.933345 25.505760
v 1.992627 -4.088201 8.596756
v -0.002098 -3.856765 11.080183
v 0.440561 -3.914174 8.596757
v -0.554087 -3.868706 14.145805
v -1.096543 -3.880334 17.107325
v -1.823019 -3.629708 17.093241
v -1.363101 -3.607544 14.141646
v -0.549911 -2.716006 14.130580
v -1.082786 -2.774118 17.055588
v 0.095582 -2.618557 17.052128
v 0.755877 -2.553909 14.129580
v -1.619500 -3.891007 19.876595
v -2.268590 -3.650044 19.843014
v 0.513906 -4.085760 20.156239
v -0.158823 -4.087560 22.504293
v -1.180784 -4.044657 22.475962
v -0.623519 -4.040955 20.141285
v -0.522428 -2.677841 19.745096
v 0.634307 -2.632840 19.749781
v 1.391763 -2.571243 17.054111
v 4.090484 -3.880335 17.124151
v 3.000938 -3.891466 20.035763
v 1.943240 -4.040765 20.043968
v 5.250266 -3.868237 14.031216
v 26.503853 -3.628794 1.286982
v 25.268244 -3.640496 1.930104
v 27.184229 -4.349610 0.572276
v 27.484627 -3.867228 0.594634
v 27.457035 -3.621997 0.603899
v 21.332180 -4.212449 3.102485
v 22.527802 -4.216968 2.756999
v 22.628565 -3.727733 2.834505
v 21.357224 -3.680064 3.179869
v 24.097593 -4.318054 2.180106
v 23.355787 -3.773173 2.620199
v 24.213486 -3.836434 2.305631
v 24.245758 -3.583565 2.348309
v 23.379452 -3.509115 2.657132
v 3.689002 -3.070319 19.946524
v 2.739687 -3.106734 22.331566
v 2.846412 -3.278866 22.373007
v 3.818707 -3.253548 19.968868
v 10.853564 -2.694300 4.539091
v 10.113231 -2.759433 4.949995
v 10.353233 -3.140198 4.957775
v 11.034668 -3.152287 4.553898
v 22.670031 -3.456833 2.849192
v 21.357300 -3.374174 3.178904
v 22.527802 -4.216968 2.756999
v 23.262209 -4.263451 2.511248
v 22.628565 -3.727733 2.834505
v 22.670031 -3.456833 2.849192
v 16.374411 -4.025622 3.848139
v 17.652096 -4.085953 3.697456
v 17.711941 -3.527081 3.699303
v 16.447212 -3.457071 3.859406
v 20.183569 -4.177194 3.340584
v 18.980064 -3.583594 3.560589
v 20.208052 -3.632391 3.387755
v 20.215029 -3.301342 3.362700
v 19.008408 -3.227723 3.514251
v 17.768269 -3.148037 3.637943
v 16.524994 -3.053386 3.802830
v 11.821164 -3.741407 4.269977
v 18.941061 -4.136646 3.538035
v 15.327310 -2.954027 4.019827
v -3.753457 -3.329531 27.308464
v -3.727772 -3.696289 27.587955
v 13.900142 -2.128284 4.126971
v 10.820465 -3.912402 4.511243
v 11.034668 -3.152287 4.553898
v 10.102332 -3.845696 4.937474
v 10.820465 -3.912402 4.511243
v 14.098232 -1.279945 4.043240
v 14.305863 -1.301561 3.999798
v -18.059597 -4.181900 0.549285
v -19.894123 -3.590858 1.455444
v -19.913046 -3.701101 1.002591
v -19.923241 -3.764431 0.510987
v -26.614561 -1.847854 0.376031
v -26.649176 -1.798724 0.296159
v -18.032454 -3.995885 1.563645
v -17.992756 -3.724353 2.093180
v -21.465910 -3.394967 0.475563
v -21.459320 -3.335207 0.933341
v -21.444157 -3.233651 1.355566
v -19.848696 -3.347333 1.950082
v -21.399925 -3.015859 1.818383
v -21.444157 -3.233651 1.355566
v -19.894123 -3.590858 1.455444
v -1.105802 -3.159049 11.078960
v -1.511336 -3.189950 13.896721
v -1.324143 -2.973304 13.894014
v -0.896098 -2.928255 11.078612
v -3.108822 -2.954634 27.066740
v -3.628556 -3.171886 27.197300
v -3.788673 -3.111212 27.921133
v -3.282433 -2.901349 27.777029
v -3.119736 -3.914968 27.010487
v -3.298702 -3.913541 27.781090
v -3.569845 -3.695730 26.839859
v -3.370910 -3.690342 25.874922
v -3.606864 -3.325576 26.593498
v -3.424385 -3.316693 25.677305
v -3.488837 -3.827638 28.561222
v -3.380167 -2.675077 28.064028
v -2.630318 -2.558989 28.012320
v -2.506578 -2.771089 27.720839
v -3.968185 -3.313596 28.612740
v -4.065859 -3.087854 28.395651
v -3.535037 -3.703514 28.721104
v -1.584993 -4.085883 28.026299
v -0.748573 -4.048387 28.053635
v -1.039754 -3.957896 28.856129
v -1.905937 -4.000269 28.828304
v -0.896365 -3.584777 11.079659
v -1.326251 -3.605757 13.902453
v -1.546299 -3.192705 14.136037
v 1.439470 -2.487446 11.078138
v 0.809729 -2.548655 13.890169
v 2.273615 -2.498700 13.890756
v 3.054267 -2.435197 11.078212
v -0.522790 -3.633798 8.596757
v -24.021603 -1.227584 2.225746
v -0.282471 -3.715700 6.939575
v -0.753123 -3.133085 8.596757
v -0.531710 -3.158972 6.940036
v -0.522790 -2.890365 8.596757
v -0.001588 -2.656266 11.078266
v 0.440562 -2.609989 8.596757
v -2.892143 -3.912128 26.011978
v -0.506619 -2.711287 13.891214
v -1.632808 -2.832081 19.993128
v -2.061806 -2.874257 22.191818
v -1.094654 -2.729961 22.176136
v -0.578215 -2.683048 19.984949
v -2.803100 -3.281932 22.271872
v -3.131334 -3.300997 24.132666
v -3.004240 -3.134017 24.074284
v -2.669545 -3.106734 22.234142
v 0.581921 -4.085551 19.918076
v -0.567523 -4.040565 19.902988
v -2.124032 -3.900361 22.425825
v -1.665675 -3.891902 20.115105
v -0.510667 -3.867771 13.906643
v 7.458329 -3.154660 11.079789
v 6.249047 -3.187500 14.023034
v 6.064716 -3.606646 14.028445
v 7.252451 -3.584777 11.080457
v 6.067816 -2.975219 14.020059
v 4.834737 -3.024745 17.086498
v 4.989908 -3.221940 17.096239
v 4.824272 -3.629708 17.114794
v 0.766589 -3.325144 27.602646
v 0.716369 -3.171887 27.482376
v 0.399344 -3.111211 28.226976
v 7.291054 -2.609989 8.596755
v 6.358600 -2.656266 11.078886
v 7.252839 -2.928255 11.079409
v 8.254406 -2.890365 8.596754
v 8.985414 -2.866862 6.820142
v 3.664199 -3.650928 20.013588
v 2.692353 -3.667884 22.459539
v 4.109004 -2.774118 17.072418
v 3.044841 -2.829781 19.913137
v 5.255754 -2.713628 14.015887
v 3.303020 -2.435198 11.078236
v 2.489092 -2.501395 14.010685
v 4.008028 -2.558942 14.012757
v 4.868320 -2.485848 11.078469
v 2.206928 -2.504132 14.130177
v 1.640397 -2.571244 17.054916
v 2.969594 -2.623119 17.061653
v 2.594214 -2.308352 5.652708
v 2.403567 -2.384794 6.699447
v 4.515011 -2.328466 6.699163
v 4.682368 -2.243735 5.655358
v 1.992627 -2.435963 8.596757
v 3.990211 -2.381807 8.596756
v 5.530049 -2.429492 8.596755
v 4.200455 -4.235007 6.938473
v 3.741449 -4.142358 8.596756
v 2.355603 -4.179652 6.938373
v -0.059104 -2.687021 22.184906
v 0.566174 -2.638226 19.989576
v -2.702060 -3.667884 22.362116
v -2.308558 -3.651772 20.081894
v -1.360904 -2.977161 14.133327
v -1.195732 -3.616765 29.107742
v -1.293112 -3.313089 29.153416
v -2.130756 -3.347907 29.121811
v -2.055635 -3.655455 29.077656
v -2.055635 -3.655455 29.077656
v -2.130756 -3.347907 29.121811
v -2.949032 -3.312944 29.023590
v -2.894543 -3.616747 28.976990
v -2.406221 -2.422081 29.111326
v -3.145754 -2.395898 29.022394
v -3.609888 -3.208213 28.869892
v -3.743587 -2.318604 28.888510
v -0.365995 -3.703514 28.960438
v -0.456201 -3.500678 29.056038
v -1.119778 -3.828301 29.015732
v -1.994963 -3.869897 28.986797
v -1.994963 -3.869897 28.986797
v -2.847925 -3.828301 28.884846
v -3.571091 -3.500645 28.816944
v -0.574157 -3.208478 29.107288
v -1.002711 -2.320723 29.112356
v -1.650154 -2.397057 29.144812
v 0.119090 -2.836365 28.796556
v 0.042241 -2.632827 28.591150
v -0.457637 -1.898548 28.686411
v -0.384389 -2.048006 28.858618
v -2.570855 -4.048387 27.931950
v -1.584993 -4.085883 28.026299
v -1.905937 -4.000269 28.828304
v -2.792256 -3.957896 28.725582
v 0.336166 -3.914967 27.209934
v 0.041927 -3.913541 28.003590
v -0.476459 -4.051046 27.253250
v -1.301346 -4.090343 27.231560
v -1.301346 -4.090343 27.231560
v -2.362330 -4.051047 27.144176
v -0.275069 -3.827637 28.799931
v 0.571936 -3.696289 27.873039
v -17.607050 -1.359356 3.039528
v -19.365675 -1.197908 2.848198
v -19.482315 -1.677809 2.845688
v 0.561491 -2.947298 26.580584
v 0.297577 -2.954634 27.289244
v 0.875241 -3.695730 27.095394
v 1.316101 -3.689663 25.962561
v 0.002829 -2.901349 28.015738
v 0.262513 -3.087900 28.724401
v 0.042370 -3.313640 28.919075
v -0.199238 -2.675110 28.303118
v 0.187540 -2.862157 28.507326
v -2.308046 -2.819788 27.016699
v -2.130697 -2.811219 26.337824
v -1.158629 -2.765860 26.362860
v -0.682033 -2.788528 26.404856
v -3.868418 -2.862115 28.200987
v -20.866806 -1.070813 2.668933
v -22.113361 -0.982126 2.506685
v -22.233627 -1.376945 2.503081
v -20.994801 -1.506067 2.664597
v -1.690377 -2.522875 28.049101
v -26.651739 -1.711934 0.493364
v -26.678833 -1.695144 0.340575
v -26.554390 -1.894863 0.507172
v -26.625101 -1.566144 0.756627
v -26.674973 -1.554950 0.571903
v -26.600803 -1.735458 0.654047
v -26.701210 -1.547500 0.386886
v -14.421730 0.730449 2.611820
v -17.278992 0.690164 2.414547
v -17.355659 0.187935 2.661171
v -14.433294 0.133016 2.892938
v -25.089207 0.020166 1.624464
v -25.495340 -0.069116 1.524135
v -25.470219 -0.245083 1.641636
v -25.062933 -0.172363 1.754013
v -25.465851 -0.457409 1.736153
v -25.061094 -0.402029 1.854944
v -25.774485 -0.148226 1.425971
v -25.766184 -0.310782 1.525200
v -25.769556 -0.510067 1.611022
v -24.564487 0.278114 1.553873
v -24.844702 0.220538 1.510920
v -24.801033 0.070700 1.676745
v -24.521015 0.119804 1.727545
v -26.003981 -0.555610 1.473396
v -25.988796 -0.363881 1.396741
v -25.970526 -0.207103 1.319023
v -25.813002 -0.038129 1.309137
v -25.952600 -0.109061 1.259828
v -25.552097 0.054763 1.380939
v -25.147324 0.158360 1.464533
v -17.440046 -0.348630 2.844113
v -14.448433 -0.499251 3.100497
v -14.469009 -1.108918 3.242253
v -17.525656 -0.875971 2.968729
v -18.930107 0.632291 2.287559
v -19.031321 0.190694 2.509053
v -19.143885 -0.284526 2.673715
v -14.658838 -3.374556 3.076955
v -17.876146 -2.948652 2.797345
v -17.927631 -3.282957 2.597814
v -14.704996 -3.745799 2.861392
v -14.411877 1.235610 2.249390
v -17.216539 1.114500 2.098888
v -19.258057 -0.757197 2.785627
v -20.623714 -0.249370 2.512441
v -20.748220 -0.671023 2.612998
v -20.502886 0.168990 2.364642
v -20.397121 0.553795 2.166354
v -18.850000 1.004103 2.005151
v -20.317806 0.874785 1.914329
v -19.709518 -2.658724 2.611720
v -19.772072 -2.956477 2.423264
v -21.319130 -2.670859 2.263210
v -21.250139 -2.406615 2.441598
v -25.554323 0.740798 0.604017
v -25.552378 1.109512 0.526188
v -25.931406 0.986138 0.515461
v -25.949804 0.613794 0.589307
v -26.159912 0.906469 0.489579
v -26.196764 0.516816 0.560659
v -25.540270 1.614304 0.476909
v -25.900953 1.490584 0.468054
v -26.115168 1.416452 0.444423
v -25.525274 0.496272 0.721337
v -25.932346 0.366092 0.699871
v -26.196102 0.246917 0.670769
v -26.343840 0.447069 0.502556
v -26.388412 0.085307 0.619333
v -26.288666 0.859170 0.438553
v -26.234020 1.375020 0.398328
v -26.079098 2.066758 0.415054
v -26.190481 2.025326 0.372038
v -25.877874 2.141615 0.437144
v -25.538279 2.267946 0.445282
v -24.981546 1.805369 0.478406
v -25.011782 2.463804 0.446444
v -24.968578 1.294805 0.529579
v -19.521877 -1.841604 2.835885
v -26.240107 -0.995552 1.413901
v -26.397800 -1.011244 1.235649
v -26.417028 -1.200830 1.225867
v -26.262594 -1.194641 1.406363
v -26.251986 -1.936551 1.076676
v -26.377533 -1.931911 0.881903
v -26.177807 -2.172512 0.678077
v -26.092266 -2.155213 0.898610
v -17.753296 -2.205228 3.023356
v -19.555456 -1.980634 2.827564
v -21.078108 -1.790930 2.646787
v -26.240107 -0.995552 1.413901
v -26.262594 -1.194641 1.406363
v -26.129454 -0.233606 1.185608
v -26.267759 -0.238011 1.027926
v -26.320375 -0.420461 1.085853
v -26.170790 -0.399725 1.249563
v -26.385265 -0.225808 0.854539
v -26.438995 -0.430244 0.910353
v -26.051765 -0.097330 1.149736
v -26.495375 -0.830525 1.016030
v -26.374136 -0.814949 1.202879
v -26.557129 -0.643838 0.779803
v -26.581213 -0.840982 0.820633
v -26.525526 -0.434462 0.729145
v -26.546064 -0.570541 0.762069
v -26.477116 -0.205004 0.675187
v -26.290493 -0.036678 0.819577
v -26.175211 -0.079360 0.993920
v -25.223791 -2.454617 0.959548
v -25.586023 -2.375897 0.893569
v -25.584837 -2.434380 0.615275
v -25.200121 -2.524637 0.657142
v -25.587238 -2.465190 0.313724
v -25.180212 -2.564504 0.333834
v -25.863543 -2.294660 0.851752
v -25.899492 -2.336752 0.599214
v -25.941393 -2.354088 0.311950
v -24.800781 -2.371133 1.403017
v -25.243622 -2.298317 1.305132
v -25.223791 -2.454617 0.959548
v -24.779419 -2.538711 1.034996
v -24.779419 -2.538711 1.034996
v -24.748505 -2.616773 0.709478
v -24.721214 -2.662678 0.360587
v -26.264837 -2.171582 0.419955
v -25.851744 -2.178136 1.124550
v -26.011089 -2.134208 1.056769
v -26.092266 -2.155213 0.898610
v -25.863543 -2.294660 0.851752
v -25.593548 -2.235301 1.210214
v -25.586023 -2.375897 0.893569
v -26.285627 -1.766315 1.210366
v -26.422644 -1.759845 1.022751
v -26.476326 -1.921161 0.683451
v -26.525881 -1.751051 0.833294
v -26.089838 -1.945241 1.253162
v -26.251986 -1.936551 1.076676
v -26.292923 -1.581337 1.321822
v -26.285627 -1.766315 1.210366
v -26.108877 -1.775025 1.385497
v -26.608173 -0.440145 0.365612
v -26.570702 -0.198697 0.335082
v -26.547573 -1.573749 0.946617
v -26.438236 -1.578073 1.137359
v -26.292923 -1.581337 1.321822
v -26.538513 -0.198720 0.502792
v -26.579809 -0.437705 0.547440
v -26.622150 -0.543634 0.379030
v -26.596094 -0.552847 0.569289
v -26.637077 -0.654135 0.393357
v -26.661142 -0.850585 0.415322
v -26.484720 0.082001 0.454049
v -26.609913 -0.650578 0.587834
v -26.634020 -0.847327 0.619853
v -26.522306 0.081437 0.303875
v -17.324667 1.781965 0.884346
v -17.203329 1.644010 1.296740
v -14.484051 1.848895 1.295243
v -14.708420 1.990667 0.749636
v -26.435179 -1.392379 1.209153
v -26.283751 -1.390090 1.391639
v -26.518473 -1.022711 1.044811
v -26.534609 -1.205030 1.033978
v -26.549778 -1.393380 1.016627
v -26.683031 -1.037441 0.428378
v -26.693798 -1.191813 0.423264
v -26.283751 -1.390090 1.391639
v -26.630564 -1.392176 0.818825
v -26.216362 -0.793252 1.377634
v -18.869371 1.632985 0.932488
v -18.804346 1.481363 1.294556
v -17.180176 1.428480 1.716052
v -14.413656 1.604752 1.803602
v -18.802280 1.280916 1.664408
v -20.331097 1.461423 0.952305
v -26.707348 -1.386178 0.416826
v -20.275511 1.113040 1.610884
v -20.277683 1.294995 1.280594
v -26.681124 -1.388687 0.619310
v -25.246628 -2.045726 1.655254
v -25.603659 -2.000105 1.534223
v -25.451574 0.358498 0.883774
v -25.862659 0.230167 0.852161
v -25.758572 0.164505 1.029760
v -25.348789 0.286980 1.075643
v -25.646378 0.121119 1.211788
v -25.239759 0.235544 1.276047
v -26.126968 0.108586 0.825746
v -26.018972 0.049486 0.997785
v -25.903605 0.015087 1.164009
v -24.896740 0.399038 1.114041
v -24.741972 0.437403 1.127187
v -24.873531 0.319428 1.319864
v -24.643496 0.372114 1.347385
v -25.231115 -1.850902 1.804353
v -25.597530 -1.814654 1.678310
v -25.879181 -1.966317 1.403334
v -25.884533 -1.790207 1.540497
v -24.794859 -2.105509 1.770367
v -24.768959 -1.901889 1.923360
v -8.826417 -4.334119 3.270795
v -11.359946 -4.128300 3.107666
v -6.543093 -3.320199 3.898682
v 9.551973 -2.825791 5.660972
v 9.804340 -3.155706 5.663162
v -11.251575 -3.334320 3.494592
v -17.726011 -2.047554 3.031899
v -7.835326 -2.114014 3.800521
v -7.685583 -2.184766 3.818361
v -7.687556 -1.943203 3.783144
v -7.897351 -1.943203 3.772351
v -6.531240 -1.943203 3.842627
v -6.592566 -3.721846 3.800818
v -8.680825 -3.559756 3.670866
v -6.770802 -4.466606 3.392062
v -8.746900 -3.958953 3.508783
v -11.302005 -3.743226 3.337303
v -6.672930 -4.106832 3.635624
v -24.155125 8.092760 0.142381
v -23.605000 7.708797 0.157785
v -11.709292 2.174056 0.689252
v -11.550097 2.025364 1.327065
v -9.222108 2.131921 1.380228
v -9.287723 2.286477 0.706154
v -6.913073 2.224062 1.440978
v -6.935296 2.385275 0.735674
v -11.474701 1.752831 1.906541
v -9.169106 1.839448 1.995446
v -6.869490 1.913086 2.085902
v -6.789604 1.417392 2.640686
v -9.108574 1.378143 2.525227
v -11.436918 1.329621 2.405858
v -9.501783 -0.146234 3.279677
v -9.563803 0.024577 3.220519
v -9.713551 0.095328 3.183026
v -9.714935 -0.156687 3.267182
v -9.563803 0.024577 3.220519
v -9.501783 -0.146234 3.279677
v -8.887847 -0.146188 3.311470
v -9.016889 0.735781 2.949728
v -7.897351 -0.895511 3.573831
v -7.691770 -0.914224 3.588115
v -7.688450 -0.146233 3.373050
v -7.897351 -0.146233 3.362445
v -7.897351 -0.146233 3.362445
v -7.835326 0.024577 3.306986
v -6.593264 0.024577 3.366788
v -6.743010 0.095328 3.331183
v -6.750989 -0.146233 3.420640
v -6.531240 -0.146233 3.431795
v -12.433677 -0.609528 3.255329
v -12.433677 -1.221418 3.393767
v -11.223206 -1.360574 3.499876
v -11.269489 -0.673250 3.344795
v -13.799786 -1.221418 3.304794
v -13.799786 -0.534755 3.150345
v -11.388236 0.744296 2.807951
v -4.608222 0.095328 3.433255
v -4.757963 0.024577 3.453764
v -4.819990 -0.146234 3.516078
v -4.591404 -0.145123 3.526995
v -4.819990 -1.221418 3.791991
v -4.819990 -0.146234 3.516078
v -6.531240 -0.146233 3.431795
v -6.531240 -1.019858 3.668751
v -4.819990 -1.221418 3.791991
v -4.757963 -1.392228 3.828068
v -6.531240 -1.597936 3.777609
v -8.678959 -1.806977 3.711554
v -7.897351 -1.734227 3.732754
v -7.897351 -0.895511 3.573831
v -8.793568 -0.813936 3.511561
v -7.897351 -1.734227 3.732754
v -7.688492 -1.714789 3.739851
v -0.757379 -5.526408 0.791161
v -0.745841 -5.474547 1.548944
v -2.419368 -5.354012 2.213933
v -0.723893 -5.376196 2.239971
v -2.419368 -5.354012 2.213933
v 12.324737 -1.221418 4.101093
v 14.098232 -1.279945 4.043240
v 14.098232 -0.146233 3.810384
v 12.324737 -0.376997 3.922264
v -0.723893 -5.376196 2.239971
v 2.641907 -2.108840 4.917314
v 4.760379 -2.038853 4.926593
v 6.218307 -2.292312 5.654941
v 6.342312 -2.088638 4.927110
v 5.956373 -2.380152 6.794338
v 6.424747 -1.665453 4.380869
v 5.956373 -2.380152 6.794338
v 5.530049 -2.429492 8.596755
v 6.427478 -2.513161 8.596755
v 6.931435 -2.459148 6.819396
v 2.355556 -2.396391 6.938871
v 3.741450 -2.381805 8.596756
v 4.200542 -2.340539 6.939186
v -0.154319 -2.821284 5.659739
v -0.253726 -2.861656 6.700263
v 0.760602 -2.565956 6.699389
v 0.882844 -2.504424 5.652589
v 0.726006 -2.575485 6.938844
v 0.812374 -2.347252 4.916244
v 9.549129 -3.802715 5.657223
v -0.218063 -3.828334 4.943724
v -0.153942 -3.797732 5.658998
v -0.410327 -3.157546 5.663568
v -0.460869 -3.130445 4.959462
v 9.933264 -1.998894 4.342756
v 9.054007 -2.358510 4.926663
v -0.219511 -2.743956 4.945997
v 9.036907 -4.171008 4.904372
v 9.860077 -4.345595 4.368732
v 8.502058 -4.100262 5.649084
v 7.972032 -4.009074 6.818656
v -0.282523 -2.867923 6.939715
v 7.972549 -2.573401 6.819439
v 8.506197 -2.507696 5.655347
v -0.253646 -3.729468 6.700127
v -0.504700 -3.160338 6.700887
v 4.681470 -4.338136 5.649849
v 4.515758 -4.251565 6.698797
v 2.403580 -4.195657 6.698904
v 2.594479 -4.278095 5.649047
v 0.814656 -4.157401 4.909995
v 0.726082 -4.002227 6.938562
v 0.883393 -4.096334 5.650700
v 7.151936 -4.352590 4.904195
v 6.776420 -4.280252 5.648121
v 4.681470 -4.338136 5.649849
v 4.883881 -4.405772 4.910564
v 4.883881 -4.405772 4.910564
v 2.642949 -4.345747 4.907135
v -1.533789 -2.767034 23.982403
v -0.583255 -2.725599 23.996006
v 7.435637 -4.501890 4.414086
v 5.002435 -4.540901 4.427924
v 0.760705 -4.017578 6.699121
v 3.302237 -4.077832 11.080856
v -24.667170 8.340214 0.127617
v -24.238441 8.044847 0.201569
v -23.721790 7.650455 0.223763
v -23.052114 7.153285 0.171797
v -24.702421 8.294788 0.179918
v -25.115152 8.489275 0.116210
v -23.193403 7.082906 0.243689
v -23.951109 7.537823 0.274253
v -23.468546 6.945854 0.298774
v -24.415741 7.959347 0.246400
v -24.813099 8.230167 0.217967
v -25.096094 8.435638 0.164016
v -25.076639 8.365376 0.195661
v -26.462631 0.414406 0.274035
v -26.398033 0.824731 0.248240
v -26.424593 0.420589 0.400096
v -26.361517 0.834815 0.355515
v -26.336634 1.339970 0.228551
v -26.301893 1.351662 0.324615
v -26.286882 1.989462 0.213925
v -20.765156 2.609008 0.243670
v -20.402403 2.213837 0.257775
v -26.254171 2.001631 0.303445
v -21.035282 3.152104 0.227977
v -21.003288 2.528194 0.352842
v -20.630276 2.128455 0.389441
v -21.267179 3.072134 0.324279
v -21.303919 3.843138 0.213923
v -21.138687 1.967495 0.506728
v -21.483469 2.374150 0.439596
v -21.720829 2.916817 0.398457
v -21.523010 3.761638 0.303443
v -26.263208 8.474573 0.120795
v -26.189924 8.495592 0.129087
v -26.151634 8.633842 0.093835
v -26.300018 8.428772 0.110888
v -26.082458 8.517357 0.145316
v -26.142509 8.241419 0.148559
v -25.995726 8.268507 0.176090
v -26.238300 8.228542 0.131893
v -26.293657 8.229763 0.119755
v -26.215858 6.016582 0.178455
v -26.258221 6.661115 0.156875
v -26.257727 5.996828 0.100317
v -26.255610 2.787782 0.202581
v -26.246616 3.686990 0.128861
v -24.122814 5.648908 0.374240
v -24.429253 6.467304 0.351059
v -24.935682 6.231206 0.356857
v -24.656031 5.280834 0.384129
v -26.325773 8.058708 0.095673
v -26.295668 7.303478 0.130568
v -25.906477 6.682662 0.278369
v -26.013617 7.336771 0.228090
v -26.163708 7.314498 0.188276
v -26.093676 6.670970 0.225334
v -26.249836 7.310647 0.161931
v -26.200634 6.666277 0.191730
v -26.229799 8.058197 0.142637
v -26.291656 8.058214 0.128631
v -25.700510 5.401244 0.347988
v -25.815895 6.067339 0.310454
v -26.022848 6.038501 0.253766
v -25.949684 5.401203 0.299866
v -25.473686 6.098644 0.352297
v -25.618877 6.754435 0.311849
v -26.148125 6.024500 0.216399
v -26.322493 7.917597 0.101856
v -26.286566 7.917097 0.135372
v -26.219721 7.917124 0.151402
v -26.099264 7.917198 0.175328
v -25.942848 8.058121 0.201634
v -26.118788 8.058182 0.163263
v -25.777103 7.402359 0.262257
v -25.562614 3.070338 0.421669
v -25.613770 3.969023 0.401438
v -25.899111 3.841859 0.394101
v -25.876976 2.942160 0.413962
v -26.068188 3.766509 0.374187
v -26.063259 2.866210 0.393044
v -25.939583 5.260242 0.309184
v -26.090628 5.260312 0.258264
v -26.097418 5.401237 0.249100
v -25.075230 3.269060 0.422770
v -25.562614 3.070338 0.421669
v -25.876976 2.942160 0.413962
v -26.063259 2.866210 0.393044
v -26.166361 2.824171 0.352310
v -26.161774 3.724800 0.318986
v -26.166361 2.824171 0.352310
v -26.178984 5.401247 0.207645
v -26.230190 5.401263 0.123269
v -25.684439 5.260182 0.354525
v -24.555912 4.440461 0.401438
v -25.288076 5.260170 0.375572
v -25.171379 4.166172 0.402486
v -25.311960 5.401279 0.371857
v -25.075230 3.269060 0.422770
v -26.225328 2.800128 0.287354
v -26.221601 3.698140 0.244445
v -23.850208 4.754960 0.394100
v -26.255610 2.787782 0.202581
v -26.225328 2.800128 0.287354
v -22.055897 5.554605 0.192860
v -21.642830 4.668561 0.202579
v -26.226702 5.260273 0.131101
v -26.174187 5.260270 0.215728
v -22.530020 6.412453 0.183141
v -22.239985 5.472566 0.273566
v -21.845642 4.585867 0.287352
v -21.375771 4.018132 0.211518
v -22.693434 6.334117 0.259779
v -21.584253 3.918084 0.300389
v -22.598471 5.312805 0.335405
v -22.240599 4.424833 0.352308
v -23.011658 6.181567 0.318502
v -25.770571 8.616323 0.107856
v -25.481201 8.574890 0.110156
v -22.861305 4.171750 0.393043
v -23.161865 5.061723 0.374186
v -23.619667 3.862541 0.413961
v -24.397152 3.545536 0.421668
v -23.511776 5.941821 0.355329
v -25.298035 6.901927 0.325237
v -25.517313 7.498974 0.286250
v -22.861305 4.171750 0.393043
v -23.619667 3.862541 0.413961
v -24.397152 3.545536 0.421668
v -24.279285 2.736297 0.445281
v -25.710785 7.917051 0.244968
v -25.907299 7.917124 0.216463
v -24.757290 7.147209 0.321983
v -25.168932 6.960827 0.327120
v -25.069317 6.186185 0.356821
v -23.900949 6.730462 0.333319
v -24.313690 7.361922 0.305827
v -24.711937 7.833916 0.273800
v -25.078617 7.682241 0.287406
v -25.361622 8.081295 0.248327
v -25.621809 8.056942 0.243185
v -25.386038 7.551311 0.291488
v -25.053295 8.162287 0.238808
v -25.577518 8.357754 0.205163
v -25.834726 8.319157 0.199946
v -24.842869 5.416595 0.378274
v -25.299114 8.374191 0.201076
v -25.991631 8.633522 0.100483
v -25.707565 8.528049 0.158212
v -25.426085 8.504492 0.158650
v -25.940058 8.523706 0.157467
v -22.547510 -2.452596 2.122846
v -23.498390 -2.295329 1.998141
v -23.546976 -2.586596 1.597235
v -22.617399 -2.765006 1.701881
v -22.481997 -2.212741 2.292780
v -23.443996 -2.071810 2.161177
v -24.228579 -2.184490 1.882760
v -24.253248 -2.461636 1.499321
v -24.188776 -1.972101 2.040225
v -24.137249 -1.733732 2.150403
v -23.377155 -1.820066 2.275736
v -21.693995 1.233757 0.968102
v -22.923428 0.980030 0.967394
v -22.856932 0.849986 1.222434
v -21.636717 1.079055 1.256683
v -22.811029 0.729152 1.487500
v -21.617718 0.925131 1.551895
v -23.986406 0.733359 0.947448
v -23.903965 0.629412 1.177907
v -23.828629 0.539933 1.418796
v -21.818277 1.437110 0.727540
v -21.636684 0.727823 1.824152
v -22.795870 0.572153 1.734084
v -23.777687 0.418633 1.644025
v -24.059528 0.898175 0.754036
v -23.007311 1.165511 0.755111
v -22.648333 -2.964135 1.266620
v -23.557510 -2.772932 1.186081
v -23.545637 -2.862238 0.815314
v -22.651863 -3.058897 0.871497
v -23.531353 -2.915903 0.415039
v -22.649225 -3.115543 0.443877
v -24.243830 -2.638353 1.110143
v -24.218546 -2.722456 0.762180
v -24.194582 -2.772723 0.387718
v -22.648333 -2.964135 1.266620
v -24.243830 -2.638353 1.110143
v -23.557510 -2.772932 1.186081
v -22.045553 1.729013 0.578220
v -22.261536 2.135499 0.494126
v -23.207949 1.846228 0.521394
v -23.105415 1.447581 0.610302
v -24.112383 1.164693 0.617523
v -22.436705 2.673153 0.444991
v -24.882103 0.940287 0.612823
v -24.204075 2.071038 0.477404
v -21.694660 0.455755 2.050736
v -22.819553 0.345126 1.939791
v -22.875259 0.059362 2.102433
v -21.782644 0.123300 2.229438
v -22.952415 -0.262556 2.224871
v -21.889147 -0.243725 2.363173
v -23.764208 0.230334 1.832426
v -23.783489 -0.015780 1.981993
v -23.826408 -0.299435 2.095511
v -22.002661 -0.619508 2.454860
v -23.040455 -0.598043 2.309970
v -24.444342 -0.342393 1.987052
v -22.233627 -1.376945 2.503081
v -23.229702 -1.286444 2.358388
v -22.315464 -1.646354 2.487082
v 1.990552 -3.134018 24.227608
v 2.077494 -3.297997 24.291666
v -21.471298 -1.573339 2.600149
v -21.032146 -1.633774 2.656612
v -22.386469 -1.884406 2.427417
v -3.776391 0.597422 28.467348
v -3.847414 0.801273 28.483820
v -3.457646 0.802903 28.509295
v -3.340458 0.599845 28.494333
v -3.083404 0.794274 28.561464
v -2.921614 0.590650 28.550543
v -3.877873 0.916126 28.507193
v -3.538939 0.919386 28.530622
v -3.210566 0.909513 28.577162
v -2.406221 -2.422081 29.111326
v -4.014963 0.005867 28.445055
v -4.154644 0.583095 28.476709
v -3.566015 0.033958 28.431143
v -3.043724 0.041419 28.460100
v -2.538081 0.028629 28.523970
v -2.793156 0.778300 28.633566
v -2.594964 0.570711 28.628836
v -2.961104 0.894247 28.639563
v -3.300218 0.965545 28.607996
v -3.092152 0.943945 28.646395
v -3.602984 0.978366 28.567385
v -3.906833 0.971817 28.542883
v -4.166677 0.906242 28.512770
v -4.117028 0.954495 28.536646
v -4.186871 0.791109 28.491533
v -0.091490 -3.039879 28.979704
v -0.570311 -2.197267 29.009844
v -0.337382 -2.464154 28.396795
v -0.802741 -1.774495 28.520941
v -2.705101 -2.359279 28.113272
v -1.818207 -2.325648 28.148211
v -1.690377 -2.522875 28.049101
v -1.818207 -2.325648 28.148211
v -1.319435 -2.346432 28.206602
v -1.176271 -2.545971 28.109167
v -0.886105 -2.559007 28.143072
v -3.433492 -2.463889 28.159395
v -3.590790 -1.772376 28.297087
v -2.935976 -1.696042 28.264631
v -4.096549 -2.836001 28.470129
v -3.998944 -3.039540 28.675535
v -4.096062 -2.194551 28.723036
v -4.185525 -2.045093 28.550829
v -3.906724 -2.632488 28.286985
v -4.015819 -1.895833 28.399603
v -4.065350 0.967326 28.729509
v -3.759112 0.975969 28.767244
v -3.719114 1.003819 28.695662
v -4.043394 0.993937 28.659632
v -3.664304 1.004760 28.625143
v -3.977406 0.995510 28.594465
v -3.434406 0.960570 28.798899
v -3.380022 0.986793 28.732756
v -3.342530 0.988754 28.663855
v -4.252931 0.905307 28.751211
v -4.065710 0.917731 28.788252
v -4.304402 0.933347 28.698851
v -4.303679 0.956667 28.630888
v -4.224043 0.962082 28.571650
v -3.061525 0.949928 28.697401
v -3.075496 0.943699 28.764681
v -3.149558 0.921193 28.824606
v -3.466765 0.911458 28.853373
v -3.239954 0.894756 28.860956
v -3.776188 0.921999 28.828188
v -4.503756 0.491474 28.696287
v -4.510836 0.727998 28.690481
v -4.530811 0.753300 28.606325
v -4.530387 0.525281 28.603945
v -4.420421 0.774868 28.535639
v -4.411901 0.557609 28.525892
v -4.449055 0.863903 28.688704
v -4.462719 0.885979 28.613916
v -4.364922 0.898685 28.551134
v -2.139181 -0.003879 28.614801
v -4.178055 -0.209356 28.817434
v -4.325895 0.462188 28.788279
v -4.401730 -0.159185 28.709196
v -4.445426 -0.099835 28.599413
v -4.314647 -0.041481 28.505552
v -4.321258 0.843626 28.761988
v -4.355125 0.705612 28.774714
v -3.166176 0.435791 28.949755
v -3.320996 0.685159 28.924360
v -3.704518 0.686048 28.898787
v -3.593509 0.433684 28.922762
v -4.069735 0.692158 28.846716
v -4.003407 0.442564 28.866560
v -3.424074 0.831164 28.893972
v -3.761683 0.836141 28.870222
v -4.079655 0.837776 28.824007
v -2.332257 -0.219102 28.987181
v -2.791742 0.449804 28.940409
v -2.776564 -0.247112 29.001093
v -3.288595 -0.254491 28.972136
v -3.783885 -0.241783 28.908262
v -3.132768 0.831632 28.888777
v -2.983625 0.692803 28.916742
v -2.421262 0.541739 28.720819
v -2.642306 0.758433 28.717703
v -2.631350 0.735652 28.801756
v -2.403581 0.508248 28.813143
v -2.747990 0.711565 28.872545
v -2.530666 0.475604 28.891211
v -2.841166 0.883386 28.712458
v -2.837902 0.869548 28.786932
v -2.937025 0.848603 28.850031
v -1.920236 -0.053968 28.723040
v -1.886892 -0.113237 28.832819
v -2.027932 -0.171673 28.926680
v -1.245637 -0.906591 28.853674
v -1.404109 -0.999101 28.969027
v -1.761837 -1.075101 29.044973
v -1.297837 -0.813480 28.720240
v -1.245637 -0.906591 28.853674
v -1.572125 -0.735680 28.590044
v -2.908651 -1.135543 29.033838
v -3.508889 -1.117882 28.959768
v -2.908651 -1.135543 29.033838
v -3.508889 -1.117882 28.959768
v -4.270950 -0.990900 28.721903
v -4.335487 -0.897790 28.588469
v -2.292309 -1.121382 29.065248
v -3.991053 -1.068700 28.852098
v -4.189355 -0.805280 28.473116
v -4.270950 -0.990900 28.721903
v -4.335487 -0.897790 28.588469
v -4.189355 -0.805280 28.473116
v -1.994749 -0.699627 28.505850
v -3.837234 -0.729280 28.397173
v -2.836560 -0.672534 28.400106
v -2.089010 -0.732648 28.486624
v -2.700746 -0.712419 28.409586
v -3.301154 -0.682999 28.376890
v 0.188811 -2.687015 22.189362
v -0.336222 -2.725594 24.003563
v 0.421724 -2.758970 24.039230
v 1.168552 -2.727881 22.216347
v -1.845372 -2.791131 25.225262
v -0.950214 -2.750729 25.243763
v -0.774563 -2.755504 25.494034
v -0.234632 -2.778027 25.460526
v -1.907776 -2.795712 25.471008
v -1.587004 -2.827412 19.753328
v 0.848883 -2.635569 19.871824
v 2.027351 -2.684926 19.887636
v 0.421724 -2.758970 24.039230
v -0.234632 -2.778027 25.460526
v 0.443789 -2.845886 25.478722
v 1.070669 -2.843799 24.090816
v 1.117465 -4.044657 22.517546
v 0.445279 -4.047571 24.521788
v -0.493687 -4.088953 24.508196
v 0.089164 -4.087570 22.508783
v -3.251328 -3.151793 25.351923
v -2.702936 -2.929253 25.259624
v -2.433834 -2.907581 24.007309
v 1.915730 -3.680588 24.429899
v -3.055636 -3.680588 24.276579
v 2.165029 -2.874257 22.267857
v 2.081247 -3.900361 22.501863
v 1.340000 -3.907025 24.496878
v 0.763029 -3.911785 26.054874
v 0.945208 -2.931384 25.546036
v 1.472436 -2.907581 24.126972
v -0.740769 -4.088943 24.500547
v -1.669933 -4.047571 24.456343
v -0.082850 -4.049654 26.089436
v -0.994436 -4.101395 26.196381
v -1.167498 -4.089804 25.940840
v -2.032962 -4.049492 25.880449
v 0.796661 -4.085662 20.039310
v -2.435964 -3.258037 20.035439
v -2.532198 -3.907025 24.377211
v -2.838247 -3.911406 25.771101
v -3.321928 -3.688915 25.631632
v -3.376310 -3.313731 25.431395
v -0.994436 -4.101395 26.196381
v -2.094719 -4.049799 26.119759
v -2.291330 -3.072184 20.015207
v -2.291330 -3.072184 20.015207
v -2.251647 -3.068390 19.775595
v -2.397769 -3.255252 19.796009
v -2.435964 -3.258037 20.035439
v -1.297837 -0.813480 28.720240
v 17.130932 -1.079638 3.231695
v 17.184340 -1.411147 3.285672
v 9.169014 -0.146234 3.893617
v 9.169014 -0.847550 4.097322
v 1.703225 0.095328 3.685479
v 1.553479 0.024577 3.710591
v 10.958623 -1.221418 4.149397
v 11.020648 -1.392228 4.183841
v 11.020648 0.024577 3.834890
v 8.957308 -0.146234 3.892710
v 8.957245 0.095328 3.806468
v 8.957245 -1.462981 4.269544
v 9.169014 -0.146234 3.893617
v 9.106989 0.024577 3.832396
v 9.106989 -1.392228 4.248268
v 2.645799 0.095328 3.712307
v 2.651381 -0.148079 3.809660
v 2.857568 -0.146234 3.814338
v 2.795543 0.024577 3.745817
v -1.602241 0.024577 3.597119
v -3.515903 -1.392228 3.887068
v -3.453878 -1.221418 3.856977
v 14.310002 -2.184766 4.068076
v 15.252576 -2.184766 3.917570
v -6.748279 -1.943203 3.831462
v -6.531240 -1.943203 3.842627
v -6.531240 -1.597936 3.777609
v -6.751815 -1.625870 3.771454
v -7.685583 0.095328 3.285801
v -6.743010 -2.184766 3.866562
v -6.593264 -2.114014 3.864038
v -6.758800 -0.999144 3.652940
v -6.531240 -1.019858 3.668751
v -7.835326 0.024577 3.306986
v -9.716610 -0.761487 3.449390
v -10.651621 -0.708358 3.386412
v -10.656125 -1.462981 3.547724
v -9.713551 -1.462981 3.600636
v -9.501783 -0.773694 3.463859
v -4.757963 0.024577 3.453764
v -9.501783 -0.773694 3.463859
v -2.268590 -3.650044 19.843014
v -2.308558 -3.651772 20.081894
v -0.549911 -2.716006 14.130580
v -0.506619 -2.711287 13.891214
v -1.324143 -2.973304 13.894014
v -1.360904 -2.977161 14.133327
v 0.755877 -2.553909 14.129580
v 0.809729 -2.548655 13.890169
v -1.326251 -3.605757 13.902453
v -1.363101 -3.607544 14.141646
v -1.546299 -3.192705 14.136037
v -1.511336 -3.189950 13.896721
v -1.845372 -2.791131 25.225262
v -1.907776 -2.795712 25.471008
v -0.774563 -2.755504 25.494034
v -0.950214 -2.750729 25.243763
v -0.740769 -4.088943 24.500547
v -0.493687 -4.088953 24.508196
v -0.994436 -4.101395 26.196381
v -1.167498 -4.089804 25.940840
v 0.760705 -4.017578 6.699121
v 0.726082 -4.002227 6.938562
v -0.282471 -3.715700 6.939575
v -0.253646 -3.729468 6.700127
v -0.504700 -3.160338 6.700887
v -0.531710 -3.158972 6.940036
v -0.282523 -2.867923 6.939715
v -0.253726 -2.861656 6.700263
v 2.403580 -4.195657 6.698904
v 2.355603 -4.179652 6.938373
v 3.053447 -4.077835 11.080833
v 3.302237 -4.077832 11.080856
v -0.554087 -3.868706 14.145805
v -0.510667 -3.867771 13.906643
v 0.804106 -4.030400 13.909927
v 0.750152 -4.030808 14.149096
v 3.303020 -2.435198 11.078236
v 3.054267 -2.435197 11.078212
v -3.321928 -3.688915 25.631632
v -3.370910 -3.690342 25.874922
v -3.424385 -3.316693 25.677305
v -3.376310 -3.313731 25.431395
v -1.632808 -2.832081 19.993128
v -1.587004 -2.827412 19.753328
v -0.578215 -2.683048 19.984949
v -0.522428 -2.677841 19.745096
v -0.623519 -4.040955 20.141285
v -0.567523 -4.040565 19.902988
v -2.892143 -3.912128 26.011978
v -2.838247 -3.911406 25.771101
v -2.032962 -4.049492 25.880449
v -2.094719 -4.049799 26.119759
v 4.515758 -4.251565 6.698797
v 4.200455 -4.235007 6.938473
v 3.741450 -2.381805 8.596756
v 3.990211 -2.381807 8.596756
v 4.515011 -2.328466 6.699163
v 4.200542 -2.340539 6.939186
v -3.300127 -3.155077 25.598104
v -3.251328 -3.151793 25.351923
v 0.188811 -2.687015 22.189362
v -0.059104 -2.687021 22.184906
v -0.583255 -2.725599 23.996006
v -0.336222 -2.725594 24.003563
v 0.089164 -4.087570 22.508783
v -0.158823 -4.087560 22.504293
v 1.369694 -4.083204 17.124819
v 1.618380 -4.083202 17.125628
v -1.619500 -3.891007 19.876595
v -1.665675 -3.891902 20.115105
v -2.702936 -2.929253 25.259624
v -2.756866 -2.933345 25.505760
v 3.990240 -4.142356 8.596756
v 3.741449 -4.142358 8.596756
v 1.391763 -2.571243 17.054111
v 1.640397 -2.571244 17.054916
v 0.760602 -2.565956 6.699389
v 0.726006 -2.575485 6.938844
v 2.355556 -2.396391 6.938871
v 2.403567 -2.384794 6.699447
v -25.288076 5.260170 0.375572
v -25.311960 5.401279 0.371857
v -25.700510 5.401244 0.347988
v -25.684439 5.260182 0.354525
v -24.656031 5.280834 0.384129
v -24.842869 5.416595 0.378274
v -24.935682 6.231206 0.356857
v -25.069317 6.186185 0.356821
v -25.168932 6.960827 0.327120
v -25.298035 6.901927 0.325237
v -26.099264 7.917198 0.175328
v -26.118788 8.058182 0.163263
v -26.229799 8.058197 0.142637
v -26.219721 7.917124 0.151402
v -26.226702 5.260273 0.131101
v -26.230190 5.401263 0.123269
v -26.291656 8.058214 0.128631
v -26.286566 7.917097 0.135372
v -25.949684 5.401203 0.299866
v -25.939583 5.260242 0.309184
v -26.178984 5.401247 0.207645
v -26.174187 5.260270 0.215728
v -26.090628 5.260312 0.258264
v -26.097418 5.401237 0.249100
v -25.907299 7.917124 0.216463
v -25.942848 8.058121 0.201634
v -25.710785 7.917051 0.244968
v -25.621809 8.056942 0.243185
v -25.386038 7.551311 0.291488
v -25.517313 7.498974 0.286250
v -26.325773 8.058708 0.095673
v -26.322493 7.917597 0.101856
v 15.402319 0.024577 3.519431
v 9.169014 -0.847550 4.097322
v 9.169014 -1.221418 4.205915
v 9.892181 -1.199521 4.174591
v 9.908228 -0.736857 4.052782
v -2.908651 -1.135543 29.033838
v 5.951266 -1.392228 4.303493
v -19.652712 -2.401913 2.715866
v 10.958623 -1.221418 4.149397
v 10.958623 -0.579569 3.995651
v -0.901932 -2.218784 4.236695
v -0.816724 -1.931712 4.186838
v -23.344934 -1.702878 2.305088
v 0.497828 -2.054647 4.444589
v 2.626787 -1.791490 4.498620
v -17.828579 -2.653442 2.911134
v -19.521877 -1.841604 2.835885
v -1.404109 -0.999101 28.969027
v -1.761837 -1.075101 29.044973
v 17.218777 1.384470 2.393582
v -24.801033 0.070700 1.676745
v -24.672829 -0.117823 1.833378
v 13.992791 1.144985 3.251685
v -21.584253 3.918084 0.300389
v -21.845642 4.585867 0.287352
v -22.240599 4.424833 0.352308
v -21.985144 3.703176 0.369630
v -1.663521 -0.962784 3.881889
v -1.661136 -0.137612 3.658885
v -2.333110 -0.145594 3.632140
v -2.233949 -1.045064 3.872234
v -21.375771 4.018132 0.211518
v -21.642830 4.668561 0.202579
v -24.873531 0.319428 1.319864
v -24.844702 0.220538 1.510920
v -3.991053 -1.068700 28.852098
v -24.741804 1.366331 0.529739
v -23.176369 -1.094165 2.359080
v -23.090517 -1.135894 2.372827
v 17.540741 1.407877 2.229478
v 18.337444 1.462884 1.523982
v -24.925459 0.497583 0.912042
v -24.896740 0.399038 1.114041
v -24.171783 -0.608870 2.121669
v -1.572125 -0.735680 28.590044
v -21.032146 -1.633774 2.656612
v -3.837234 -0.729280 28.397173
v -2.292309 -1.121382 29.065248
v 0.707564 -0.620788 3.908599
v 0.630526 -1.213315 4.100037
v 1.491455 -1.221418 4.134551
v 1.491455 -0.507556 3.896199
v -3.301154 -0.682999 28.376890
v -0.298156 -0.765850 3.903251
v -0.298156 -1.221418 4.040171
v -13.799786 -1.221418 3.304794
v -12.433677 -1.221418 3.393767
v -12.433677 -0.609528 3.255329
v -13.799786 -0.534755 3.150345
v -13.799786 -0.146234 3.025448
v -12.433677 -0.146234 3.112520
v -13.737133 -1.392527 3.335612
v -12.495697 -1.392229 3.419136
v -13.588018 -1.462981 3.356603
v -12.645445 -1.462981 3.420055
v -13.737766 0.024577 2.973070
v -12.495697 0.024577 3.052302
v -13.588018 0.095328 2.959288
v -12.645445 0.095328 3.018441
v 5.699828 -2.579082 11.078699
v 6.427478 -2.513161 8.596755
v 3.784030 -2.731051 17.069347
v 4.798790 -2.656976 14.014741
v -0.892456 -2.761935 27.829874
v -0.448059 -2.819422 27.137613
v -1.028629 -2.791159 27.078302
v -1.443721 -2.735025 27.766638
v 0.443789 -2.845886 25.478722
v 1.070669 -2.843799 24.090816
v -1.176271 -2.545971 28.109167
v 1.863577 -2.828556 22.251945
v 2.765959 -2.790077 19.906149
v 7.699623 -1.067583 4.181674
v 7.802899 -1.052117 4.175177
v 7.802899 -0.146234 3.887768
v 7.596070 -0.139541 3.884608
v 7.248908 -2.363796 5.654942
v 7.435621 -2.149633 4.927276
v 6.931435 -2.459148 6.819396
v -2.163693 -1.671017 28.298120
v -1.660261 -1.688460 28.357363
v -0.065938 -2.836696 26.471674
v 7.553672 -1.707416 4.379985
v 4.008028 -2.558942 14.012757
v 4.798790 -2.656976 14.014741
v 5.699828 -2.579082 11.078699
v 4.868320 -2.485848 11.078469
v 7.248908 -2.363796 5.654942
v 6.218307 -2.292312 5.654941
v 1.168552 -2.727881 22.216347
v 1.863577 -2.828556 22.251945
v -0.065938 -2.836696 26.471674
v -0.682033 -2.788528 26.404856
v 7.435621 -2.149633 4.927276
v 6.342312 -2.088638 4.927110
v 2.765959 -2.790077 19.906149
v 2.027351 -2.684926 19.887636
v 7.553672 -1.707416 4.379985
v 6.424747 -1.665453 4.380869
v -2.163693 -1.671017 28.298120
v 3.784030 -2.731051 17.069347
v 2.969594 -2.623119 17.061653
v 6.377563 -1.423193 4.306133
v 7.559272 -1.227510 4.233016
v 7.611547 -1.116206 4.198457
v 6.278978 -1.323861 4.273613
v 7.802899 -1.052117 4.175177
v 7.699623 -1.067583 4.181674
v -2.085441 -0.832987 28.467520
v -2.600902 -0.815179 28.402967
v -23.694983 -2.824560 -5.491858
v -25.521772 -2.620142 -5.445446
v -25.521772 -2.535254 -5.725286
v -23.694466 -2.727811 -5.810798
v -25.666243 -2.268455 -5.375491
v -25.666243 -2.203971 -5.588064
v -25.686121 -2.367572 -5.655830
v -25.686121 -2.442133 -5.410038
v -25.666243 -2.099255 -5.783974
v -25.686121 -2.246493 -5.882355
v -25.666243 -1.958331 -5.955690
v -25.686121 -2.083547 -6.080905
v -25.666243 -1.786616 -6.096614
v -25.686121 -1.884996 -6.243851
v -25.666243 -1.590707 -6.201329
v -25.686121 -1.658473 -6.364932
v -25.666243 -1.378132 -6.265813
v -25.686121 -1.412679 -6.439492
v -25.666243 -1.157063 -6.287587
v -25.686121 -1.157063 -6.464667
v -25.666243 -0.935993 -6.265813
v -25.686121 -0.901446 -6.439492
v -25.666243 -0.723419 -6.201330
v -25.686121 -0.655654 -6.364932
v -25.666243 -0.527510 -6.096614
v -25.686121 -0.429129 -6.243852
v -25.666243 -0.355795 -5.955690
v -25.686121 -0.230579 -6.080906
v -25.666243 -0.214871 -5.783975
v -25.686121 -0.067633 -5.882356
v -25.666243 -0.110155 -5.588065
v -25.686121 0.053447 -5.655831
v -25.666243 -0.045671 -5.375492
v -25.686121 0.128007 -5.410038
v -25.666243 -0.023898 -5.154422
v -25.686121 0.153183 -5.154422
v -25.666243 -0.045671 -4.933352
v -25.686121 0.128007 -4.898805
v -25.666243 -0.110155 -4.720778
v -25.686121 0.053447 -4.653012
v -25.666243 -0.214871 -4.524868
v -25.686121 -0.067632 -4.426488
v -25.666243 -0.355794 -4.353153
v -25.686121 -0.230579 -4.227938
v -25.666243 -0.527510 -4.212229
v -25.686121 -0.429129 -4.064992
v -25.666243 -0.723419 -4.107514
v -25.686121 -0.655653 -3.943912
v -25.666243 -0.935993 -4.043029
v -25.686121 -0.901446 -3.869351
v -25.666243 -1.157063 -4.021256
v -25.686121 -1.157063 -3.844175
v -25.666243 -1.378132 -4.043029
v -25.686121 -1.412679 -3.869351
v -25.666243 -1.590706 -4.107513
v -25.686121 -1.658472 -3.943912
v -25.666243 -1.786616 -4.212229
v -25.686121 -1.884996 -4.064991
v -25.666243 -1.958331 -4.353153
v -25.686121 -2.083546 -4.227938
v -25.666243 -2.099256 -4.524868
v -25.686121 -2.246493 -4.426488
v -25.666243 -2.203971 -4.720778
v -25.686121 -2.367572 -4.653011
v -25.300150 -1.533411 -6.063006
v -25.300150 -1.348924 -6.118970
v -25.666243 -2.268455 -4.933352
v -25.686121 -2.442133 -4.898804
v -25.666243 -2.290228 -5.154421
v -25.686121 -2.467309 -5.154421
v -22.259649 -1.157063 -6.993326
v -23.692772 -1.157063 -6.860340
v -23.692823 -0.825377 -6.827672
v -22.259687 -0.799431 -6.958102
v -18.590521 0.598473 -3.981412
v -18.590521 0.335897 -3.661463
v -18.447517 0.322569 -3.674793
v -18.447517 0.582798 -3.991885
v -22.261934 0.640880 -4.802535
v -23.696056 0.510436 -4.828488
v -23.696573 0.413687 -4.509548
v -22.262293 0.536564 -4.458645
v -22.263340 -1.858587 -3.466539
v -23.698067 -1.807688 -3.589425
v -23.697811 -2.101624 -3.746536
v -22.263157 -2.175517 -3.635942
v -22.260208 -2.453303 -6.456408
v -23.693577 -2.359262 -6.362372
v -23.693232 -2.101624 -6.573810
v -22.259970 -2.175511 -6.684384
v -22.260496 0.367156 -6.178618
v -23.693991 0.256574 -6.104735
v -23.694466 0.413687 -5.810799
v -22.260826 0.536559 -5.861689
v -22.263340 -0.455538 -3.466539
v -23.698067 -0.506436 -3.589425
v -23.698225 -0.825376 -3.492675
v -22.263451 -0.799428 -3.362221
v -22.261562 -2.990228 -5.160167
v -23.695517 -2.857229 -5.160173
v -22.261189 -2.955003 -5.517800
v -23.692982 -0.506437 -6.730922
v -22.259794 -0.455543 -6.853786
v -23.697048 0.256574 -4.215612
v -22.262627 0.367162 -4.141714
v -23.697466 -2.359262 -3.957974
v -22.262917 -2.453310 -3.863921
v -23.692982 -1.807688 -6.730921
v -22.259794 -1.858582 -6.853786
v -23.694983 0.510436 -5.491859
v -22.261189 0.640878 -5.517801
v -19.971550 -3.222529 -5.154954
v -20.824965 -3.141178 -5.160085
v -20.824810 -3.103060 -5.547167
v -19.971540 -3.182841 -5.557906
v -22.260826 -2.850684 -5.861688
v -23.693232 -0.212502 -6.573810
v -22.259970 -0.138615 -6.684385
v -23.697466 0.045137 -3.957974
v -22.262920 0.139185 -3.863921
v -23.697048 -2.570699 -4.215611
v -22.262627 -2.681286 -4.141713
v -23.692823 -1.488748 -6.827672
v -22.259687 -1.514694 -6.958102
v -23.695522 0.543103 -5.160174
v -22.261562 0.676103 -5.160168
v -25.521772 -1.448087 -3.691342
v -23.698225 -1.488748 -3.492675
v -23.731483 -1.488747 -2.159097
v -25.239876 -1.448087 -1.742734
v -23.693991 -2.570699 -6.104734
v -22.260496 -2.681280 -6.178617
v -23.693577 0.045136 -6.362373
v -22.260208 0.139177 -6.456409
v -23.697811 -0.212501 -3.746537
v -22.263157 -0.138607 -3.635942
v -23.696573 -2.727812 -4.509547
v -22.262293 -2.850688 -4.458644
v -22.263451 -1.514696 -3.362220
v -23.696056 -2.824560 -4.828487
v -22.261934 -2.955005 -4.802534
v -18.551401 -0.226921 -3.762369
v -18.551401 -0.516370 -3.607655
v -19.117414 -0.626211 -3.872836
v -19.117414 -0.386387 -4.001026
v -18.590521 -1.965047 -7.105069
v -18.590521 -1.568970 -7.225218
v -18.447517 -1.565292 -7.206729
v -18.447517 -1.957833 -7.087653
v -18.590521 0.015949 -3.398888
v -18.447517 0.005476 -3.414562
v -18.590521 -1.157063 -7.265788
v -18.447517 -1.157063 -7.246936
v -18.590521 -0.349078 -3.203777
v -18.447517 -0.356292 -3.221193
v -18.590521 -0.745156 -7.225219
v -18.447517 -0.748834 -7.206729
v -18.590521 -0.745155 -3.083628
v -18.447517 -0.748833 -3.102117
v -18.590521 -0.349079 -7.105070
v -18.447517 -0.356293 -7.087654
v -18.590521 -1.157062 -3.043058
v -18.447517 -1.157062 -3.061909
v -18.590521 0.015948 -6.909958
v -18.447517 0.005475 -6.894285
v -18.590521 -1.568969 -3.083627
v -18.447517 -1.565291 -3.102117
v -18.590521 0.335896 -6.647383
v -18.447517 0.322568 -6.634053
v -18.590521 -1.965046 -3.203777
v -18.447517 -1.957832 -3.221193
v -18.590521 0.598472 -6.327435
v -18.447517 0.582798 -6.316962
v -18.590521 -2.330073 -3.398887
v -18.447517 -2.319600 -3.414561
v -18.590521 0.793584 -5.962408
v -18.447517 0.776168 -5.955194
v -18.590521 -3.268427 -5.154423
v -18.590521 -3.227858 -5.566329
v -18.447517 -3.209368 -5.562652
v -18.447517 -3.249576 -5.154423
v -18.590521 -2.650023 -3.661462
v -18.447517 -2.636693 -3.674792
v -18.590521 0.913732 -5.566330
v -18.447517 0.895243 -5.562653
v -18.590521 -3.107708 -5.962407
v -18.447517 -3.090293 -5.955193
v -18.590521 -2.912598 -3.981411
v -18.447517 -2.896924 -3.991884
v -18.590521 0.954302 -5.154424
v -18.447517 0.935451 -5.154424
v -18.590521 -2.912598 -6.327434
v -18.447517 -2.896924 -6.316961
v -18.590521 -3.107708 -4.346438
v -18.447517 -3.090293 -4.353652
v -18.590521 0.913733 -4.742517
v -18.447517 0.895244 -4.746194
v -18.590521 -2.650023 -6.647382
v -18.447517 -2.636693 -6.634052
v -18.590521 -3.227858 -4.742516
v -18.447517 -3.209369 -4.746193
v -18.590521 0.793584 -4.346439
v -18.447517 0.776168 -4.353653
v -18.590521 -2.330074 -6.909958
v -18.447517 -2.319601 -6.894284
v -18.551399 -2.799102 -4.827800
v -18.551399 -2.831272 -5.154423
v -19.117414 -2.544241 -5.154422
v -19.117414 -2.517587 -4.883797
v -18.551399 -2.703830 -5.795115
v -18.551399 -2.549117 -6.084563
v -19.117414 -2.310459 -5.925098
v -19.117414 -2.438648 -5.685272
v -18.551399 -2.340907 -6.338268
v -19.117414 -2.137946 -6.135306
v -18.551399 -2.087204 -6.546477
v -19.117414 -1.927737 -6.307819
v -18.551399 -1.797755 -6.701190
v -19.117414 -1.687913 -6.436008
v -18.551399 -1.483685 -6.796463
v -19.117414 -1.427688 -6.514946
v -18.551399 -1.157062 -6.828632
v -19.117414 -1.157062 -6.541601
v -18.551399 -0.830440 -6.796463
v -19.117414 -0.886437 -6.514946
v -18.551399 -0.516371 -6.701191
v -19.117414 -0.626212 -6.436009
v -18.551399 -0.226922 -6.546477
v -19.117414 -0.386388 -6.307820
v -18.551399 0.026782 -6.338268
v -19.117414 -0.176179 -6.135307
v -18.551401 0.234992 -6.084564
v -19.117414 -0.003666 -5.925098
v -18.551401 0.389706 -5.795116
v -19.117414 0.124524 -5.685273
v -18.551401 0.484978 -5.481046
v -19.117414 0.203463 -5.425048
v -18.551401 0.517147 -5.154424
v -19.117414 0.230117 -5.154423
v -18.551401 0.484978 -4.827801
v -19.117414 0.203463 -4.883798
v -18.551401 0.389706 -4.513731
v -19.117414 0.124525 -4.623572
v -18.551401 0.234993 -4.224282
v -19.117414 -0.003665 -4.383748
v -18.551401 0.026783 -3.970578
v -19.117414 -0.176178 -4.173540
v -18.447517 -0.167762 -3.673830
v -18.447517 0.102079 -3.895282
v -18.551399 -0.830440 -3.512383
v -19.117414 -0.886437 -3.793898
v -18.551399 -1.157062 -3.480213
v -19.117414 -1.157062 -3.767244
v -18.551399 -1.483684 -3.512383
v -19.117414 -1.427687 -3.793898
v -18.551399 -1.797754 -3.607655
v -19.117414 -1.687912 -3.872836
v -18.551399 -2.087203 -3.762368
v -19.117414 -1.927737 -4.001026
v -18.551399 -2.340907 -3.970578
v -19.117414 -2.137945 -4.173539
v -18.551399 -2.549117 -4.224281
v -19.117414 -2.310459 -4.383748
v -18.551399 -2.703830 -4.513730
v -19.117414 -2.438648 -4.623571
v -18.447517 -2.903541 -5.501818
v -18.447517 -2.937757 -5.154423
v -19.421255 -1.157061 -4.203911
v -19.421255 -0.971626 -4.222175
v -18.447517 -1.157062 -6.935117
v -18.447517 -1.504459 -6.900901
v -18.447517 -0.475619 -3.509276
v -18.447517 -0.809666 -6.900901
v -18.447517 -0.809666 -3.407944
v -18.447517 -0.475620 -6.799570
v -18.447517 -1.157062 -3.373729
v -18.447517 -0.167763 -6.635016
v -18.447517 -1.504458 -3.407944
v -18.447517 0.102078 -6.413565
v -18.447517 -1.838504 -3.509276
v -18.447517 0.323530 -6.143724
v -18.447517 -2.146363 -3.673830
v -18.447517 0.488085 -5.835865
v -18.447517 -2.903541 -4.807026
v -18.447517 -2.416203 -3.895282
v -18.447517 0.589416 -5.501819
v -18.447517 -2.802209 -5.835865
v -18.447517 -2.637656 -4.165122
v -18.447517 0.623632 -5.154424
v -18.447517 -2.637656 -6.143723
v -18.447517 -2.802209 -4.472980
v -18.447517 0.589417 -4.807027
v -18.447517 -2.416203 -6.413564
v -18.447517 0.488085 -4.472981
v -18.447517 -2.146363 -6.635015
v -18.551399 -2.799102 -5.481045
v -19.117414 -2.517587 -5.425047
v -18.447517 0.323531 -4.165123
v -18.447517 -1.838505 -6.799570
v -19.421255 -1.520807 -4.276264
v -19.421255 -1.685138 -4.364101
v -19.095274 -1.581236 -4.519599
v -19.095274 -1.449238 -4.449045
v -19.421255 -0.628986 -5.944745
v -19.421255 -0.793316 -6.032581
v -19.421255 -1.342497 -4.222175
v -19.421255 -0.484949 -5.826537
v -19.421255 -1.520807 -4.276264
v -19.421255 -0.366740 -5.682499
v -19.421255 -1.685138 -4.364101
v -19.421255 -0.278903 -5.518168
v -19.421255 -2.089310 -5.339859
v -19.421255 -2.107574 -5.154423
v -19.421255 -1.829175 -4.482309
v -19.421255 -0.224813 -5.339859
v -19.421255 -2.035220 -5.518167
v -19.421255 -1.947383 -4.626347
v -19.421255 -0.206549 -5.154423
v -19.421255 -1.947383 -5.682498
v -19.421255 -2.035220 -4.790678
v -19.421255 -0.224813 -4.968988
v -19.421255 -1.829175 -5.826537
v -19.421255 -2.089310 -4.968987
v -19.421255 -0.278902 -4.790678
v -19.421255 -1.685138 -5.944745
v -19.421255 -0.366740 -4.626347
v -19.421255 -1.520807 -6.032581
v -19.421255 -0.484948 -4.482310
v -19.421255 -1.342497 -6.086671
v -19.421255 -0.628985 -4.364102
v -19.421255 -1.157061 -6.104935
v -19.421255 -0.793316 -4.276264
v -19.421255 -0.971626 -6.086671
v -19.095274 -1.791885 -4.730247
v -19.095274 -1.862439 -4.862246
v -19.421255 -0.366740 -5.682499
v -19.421255 -0.278903 -5.518168
v -19.095274 -0.451684 -5.446600
v -19.095274 -0.522238 -5.578598
v -19.421255 -2.107574 -5.154423
v -19.421255 -2.089310 -5.339859
v -19.095274 -1.905886 -5.303373
v -19.095274 -1.920557 -5.154423
v -19.421255 -1.829175 -4.482309
v -19.095274 -1.696934 -4.614550
v -19.421255 -0.224813 -5.339859
v -19.095274 -0.408236 -5.303374
v -19.421255 -2.035220 -5.518167
v -19.095274 -1.862439 -5.446600
v -19.421255 -1.947383 -4.626347
v -19.421255 -0.206549 -5.154423
v -19.095274 -0.393566 -5.154423
v -19.421255 -1.947383 -5.682498
v -19.095274 -1.791884 -5.578598
v -19.421255 -2.035220 -4.790678
v -19.421255 -0.224813 -4.968988
v -19.095274 -0.408236 -5.005473
v -19.421255 -1.829175 -5.826537
v -19.095274 -1.696934 -5.694296
v -19.421255 -2.089310 -4.968987
v -19.095274 -1.905886 -5.005472
v -19.421255 -0.278902 -4.790678
v -19.095274 -0.451683 -4.862246
v -19.421255 -1.685138 -5.944745
v -19.095274 -1.581236 -5.789246
v -19.421255 -0.366740 -4.626347
v -19.095274 -0.522238 -4.730248
v -19.421255 -1.520807 -6.032581
v -19.095274 -1.449238 -5.859801
v -19.421255 -0.484948 -4.482310
v -19.095274 -0.617189 -4.614551
v -19.421255 -1.342497 -6.086671
v -19.095274 -1.306012 -5.903248
v -19.421255 -0.628985 -4.364102
v -19.095274 -0.732886 -4.519599
v -19.421255 -1.157061 -6.104935
v -19.095274 -1.157061 -5.917918
v -19.421255 -0.793316 -4.276264
v -19.095278 -0.864884 -4.449045
v -19.421255 -0.971626 -6.086671
v -19.095274 -1.008110 -5.903248
v -19.421255 -0.971626 -4.222175
v -19.095274 -1.008110 -4.405598
v -19.421255 -0.793316 -6.032581
v -19.095274 -0.864884 -5.859801
v -19.421255 -1.157061 -4.203911
v -19.095274 -1.157061 -4.390928
v -19.421255 -0.628986 -5.944745
v -19.095274 -0.732886 -5.789247
v -19.421255 -1.342497 -4.222175
v -19.095274 -1.306012 -4.405598
v -19.421255 -0.484949 -5.826537
v -19.095274 -0.617189 -5.694296
v -25.521772 -2.648806 -5.154421
v -25.521772 -2.620142 -4.863396
v -25.521772 -2.397402 -5.983189
v -25.521772 -2.211884 -6.209243
v -25.521772 -1.985831 -6.394761
v -25.521772 -1.727928 -6.532612
v -25.521772 -1.448088 -6.617500
v -25.521772 -1.157063 -6.646164
v -25.521772 -0.866038 -6.617500
v -25.521772 -0.586198 -6.532612
v -25.521772 -0.328296 -6.394761
v -25.521772 -0.102241 -6.209243
v -25.521772 0.083276 -5.983190
v -25.521772 0.221129 -5.725287
v -25.521772 0.306016 -5.445446
v -25.521772 0.334680 -5.154422
v -25.521772 0.306016 -4.863397
v -25.521772 0.221129 -4.583556
v -25.521772 0.083276 -4.325654
v -25.521772 -0.102241 -4.099600
v -25.521772 -0.328295 -3.914083
v -25.521772 -0.586197 -3.776231
v -25.521772 -0.866038 -3.691342
v -25.521772 -1.727928 -3.776230
v -25.521772 -1.985831 -3.914082
v -25.521772 -2.211884 -4.099600
v -25.521772 -2.397401 -4.325653
v -25.521772 -2.535254 -4.583555
v -27.758572 -1.250216 -5.622725
v -27.758572 -1.339788 -5.595554
v -27.855135 -1.327345 -5.565515
v -27.855135 -1.243872 -5.590836
v -25.300150 -0.461662 -4.459021
v -25.300150 -0.610689 -4.336717
v -25.300150 -1.157063 -6.137867
v -25.300150 -0.780714 -4.245837
v -25.300150 -0.965202 -6.118970
v -25.300150 -0.965202 -4.189872
v -25.300150 -0.780714 -6.063007
v -25.300150 -1.157063 -4.170976
v -25.300150 -0.610690 -5.972127
v -25.300150 -1.348923 -4.189872
v -25.300150 -0.461662 -5.849823
v -25.300150 -1.533411 -4.245836
v -25.300150 -0.339358 -5.700795
v -25.300150 -1.703435 -4.336716
v -25.300150 -0.248478 -5.530770
v -25.300150 -2.140509 -5.154421
v -25.300150 -2.121612 -5.346282
v -25.300150 -1.852464 -4.459021
v -25.300150 -0.192514 -5.346283
v -25.300150 -2.065648 -5.530769
v -25.300150 -1.974768 -4.608048
v -25.300150 -0.173617 -5.154422
v -25.300150 -1.974767 -5.700795
v -25.300150 -2.065648 -4.778073
v -25.300150 -0.192514 -4.962561
v -25.300150 -1.852464 -5.849823
v -25.300150 -2.121612 -4.962561
v -25.300150 -0.248477 -4.778073
v -25.300150 -1.703435 -5.972126
v -25.300150 -0.339358 -4.608048
v -18.551399 -2.799102 -5.481045
v -18.551399 -2.831272 -5.154423
v -18.551399 -2.703830 -5.795115
v -18.551399 -2.549117 -6.084563
v -18.551399 -2.340907 -6.338268
v -18.551399 -2.087204 -6.546477
v -18.551399 -1.797755 -6.701190
v -18.551399 -1.483685 -6.796463
v -18.551399 -1.157062 -6.828632
v -18.551399 -0.830440 -6.796463
v -18.551399 -0.516371 -6.701191
v -18.551399 -0.226922 -6.546477
v -18.551399 0.026782 -6.338268
v -18.551401 0.234992 -6.084564
v -18.551401 0.389706 -5.795116
v -18.551401 0.484978 -5.481046
v -18.551401 0.517147 -5.154424
v -18.551401 0.484978 -4.827801
v -18.551401 0.389706 -4.513731
v -18.551401 0.234993 -4.224282
v -18.551401 0.026783 -3.970578
v -18.551401 -0.226921 -3.762369
v -18.551401 -0.516370 -3.607655
v -18.551399 -0.830440 -3.512383
v -18.551399 -1.157062 -3.480213
v -18.551399 -1.483684 -3.512383
v -18.551399 -1.797754 -3.607655
v -18.551399 -2.087203 -3.762368
v -18.551399 -2.340907 -3.970578
v -18.551399 -2.549117 -4.224281
v -18.551399 -2.703830 -4.513730
v -18.551399 -2.799102 -4.827800
v -25.521772 -2.620142 -5.445446
v -25.521772 -2.648806 -5.154421
v -25.521772 -2.535254 -5.725286
v -25.521772 -2.397402 -5.983189
v -25.521772 -2.211884 -6.209243
v -25.521772 -1.985831 -6.394761
v -25.521772 -1.727928 -6.532612
v -25.521772 -1.448088 -6.617500
v -25.521772 -1.157063 -6.646164
v -25.521772 -0.866038 -6.617500
v -25.521772 -0.586198 -6.532612
v -25.521772 -0.328296 -6.394761
v -25.521772 -0.102241 -6.209243
v -25.521772 0.083276 -5.983190
v -25.521772 0.221129 -5.725287
v -25.521772 0.306016 -5.445446
v -25.521772 0.334680 -5.154422
v -25.521772 0.306016 -4.863397
v -25.521772 0.221129 -4.583556
v -25.521772 0.083276 -4.325654
v -25.521772 -0.102241 -4.099600
v -25.521772 -0.328295 -3.914083
v -25.521772 -0.586197 -3.776231
v -25.521772 -0.866038 -3.691342
v -25.521772 -1.157063 -3.662678
v -25.521772 -1.448087 -3.691342
v -25.521772 -1.727928 -3.776230
v -25.521772 -1.985831 -3.914082
v -25.521772 -2.211884 -4.099600
v -25.521772 -2.397401 -4.325653
v -25.521772 -2.535254 -4.583555
v -25.521772 -2.620142 -4.863396
v -20.825731 -1.544137 -3.214132
v -19.971598 -1.560014 -3.129176
v -20.025700 -1.552490 -2.639029
v -20.880550 -1.544137 -2.756480
v -22.276989 -1.514696 -2.375863
v -27.902111 -1.528719 -5.228347
v -27.902111 -1.536000 -5.154420
v -27.758572 -0.891791 -4.757410
v -27.758572 -0.819435 -4.816791
v -27.855135 -0.842426 -4.839782
v -27.855135 -0.909855 -4.784445
v -27.758572 -1.157064 -5.631901
v -27.855135 -1.157064 -5.599385
v -27.758572 -0.974341 -4.713286
v -27.855135 -0.986784 -4.743326
v -27.758572 -1.063912 -5.622725
v -27.855135 -1.070256 -5.590836
v -27.758572 -1.063912 -4.686114
v -27.855135 -1.070256 -4.718005
v -27.758572 -0.974341 -5.595554
v -27.855135 -0.986783 -5.565515
v -27.758572 -1.157064 -4.676940
v -27.855135 -1.157064 -4.709455
v -27.758572 -0.891791 -5.551430
v -27.855135 -0.909855 -5.524395
v -27.758572 -1.250216 -4.686115
v -27.855135 -1.243873 -4.718005
v -27.758572 -0.819434 -5.492050
v -27.855135 -0.842426 -5.469059
v -27.758572 -1.339788 -4.713286
v -27.855135 -1.327345 -4.743326
v -27.758572 -0.760054 -5.419695
v -27.855135 -0.787090 -5.401630
v -27.758572 -1.422338 -4.757410
v -27.855135 -1.404274 -4.784445
v -27.758572 -0.715930 -5.337144
v -27.855135 -0.745970 -5.324702
v -27.758572 -1.625370 -5.247572
v -27.758572 -1.634545 -5.154420
v -27.855135 -1.602030 -5.154420
v -27.855135 -1.593480 -5.241229
v -27.758572 -1.494694 -4.816791
v -27.855135 -1.471702 -4.839782
v -27.758572 -0.688759 -5.247573
v -27.855135 -0.720649 -5.241229
v -27.758572 -1.598199 -5.337144
v -27.855135 -1.568159 -5.324701
v -27.758572 -1.554075 -4.889146
v -27.855135 -1.527040 -4.907210
v -27.758572 -0.679585 -5.154421
v -27.855135 -0.712099 -5.154421
v -27.758572 -1.554075 -5.419694
v -27.855135 -1.527040 -5.401630
v -27.758572 -1.598199 -4.971697
v -27.855135 -1.568159 -4.984139
v -27.758572 -0.688759 -5.061269
v -27.855135 -0.720649 -5.067613
v -27.758572 -1.494693 -5.492050
v -27.855135 -1.471702 -5.469059
v -27.758572 -1.625370 -5.061268
v -27.855135 -1.593480 -5.067612
v -27.758572 -0.715930 -4.971697
v -27.855135 -0.745970 -4.984140
v -27.758572 -1.422338 -5.551430
v -27.855135 -1.404274 -5.524395
v -27.758572 -0.760054 -4.889147
v -27.855135 -0.787090 -4.907210
v -27.902111 -1.425012 -4.886473
v -27.902111 -1.367590 -4.839347
v -27.902111 -0.785411 -5.228348
v -27.902111 -0.806974 -5.299433
v -27.902111 -1.507155 -5.299433
v -27.902111 -1.472138 -4.943895
v -27.902111 -0.778129 -5.154421
v -27.902111 -1.472138 -5.364946
v -27.902111 -1.507155 -5.009408
v -27.902111 -0.785411 -5.080494
v -27.902111 -1.425012 -5.422368
v -27.902111 -1.528719 -5.080494
v -27.902111 -0.806974 -5.009408
v -27.902111 -1.367590 -5.469493
v -27.902111 -0.841992 -4.943895
v -27.902111 -1.302076 -5.504510
v -27.902111 -0.889117 -4.886473
v -27.902111 -1.230991 -5.526074
v -27.902111 -0.946540 -4.839347
v -27.902111 -1.157064 -5.533355
v -27.902111 -1.012053 -4.804330
v -27.902111 -1.083138 -5.526074
v -27.902111 -1.083138 -4.782766
v -27.902111 -1.012052 -5.504510
v -27.902111 -1.157064 -4.775485
v -27.902111 -0.946540 -5.469493
v -27.902111 -1.230991 -4.782766
v -27.902111 -0.889117 -5.422369
v -27.902111 -1.302077 -4.804330
v -27.902111 -0.841992 -5.364946
v -19.971569 -3.065304 -4.364535
v -20.825266 -2.990133 -4.400803
v -20.825117 -3.103046 -4.773005
v -19.971560 -3.182841 -4.752001
v -19.971523 -2.874434 -6.302465
v -20.824532 -2.806811 -6.262411
v -20.824409 -2.560063 -6.563083
v -19.971518 -2.617568 -6.615458
v -19.971573 -2.874434 -4.007442
v -20.825401 -2.806776 -4.057782
v -19.971582 -2.617568 -3.694449
v -20.825518 -2.560025 -3.757124
v -19.971588 -2.304573 -3.437582
v -20.825615 -2.259360 -3.510381
v -19.971592 -1.947482 -3.246713
v -20.825689 -1.916337 -3.327036
v -19.971598 -1.560014 -3.129176
v -20.825731 -1.544137 -3.214132
v -19.971592 -0.366643 -3.246713
v -20.825689 -0.397788 -3.327036
v -20.825731 -0.769987 -3.214132
v -19.971598 -0.754110 -3.129176
v -19.971588 -0.009551 -3.437583
v -20.825615 -0.054764 -3.510382
v -19.971582 0.303443 -3.694450
v -20.825518 0.245900 -3.757124
v -19.971573 0.560310 -4.007443
v -20.825401 0.492652 -4.057783
v -19.971569 0.751179 -4.364536
v -20.825266 0.676008 -4.400804
v -19.971560 0.868716 -4.752003
v -20.825117 0.788921 -4.773006
v -19.971550 0.908403 -5.154956
v -20.824965 0.827053 -5.160086
v -19.971540 0.868716 -5.557908
v -20.824810 0.788936 -5.547169
v -19.971533 0.751179 -5.945374
v -20.824665 0.676034 -5.919379
v -19.971527 0.560309 -6.302466
v -20.824532 0.492686 -6.262412
v -19.971518 0.303442 -6.615459
v -20.824409 0.245937 -6.563084
v -19.971514 -0.009552 -6.872327
v -20.824316 -0.054731 -6.809842
v -19.971508 -0.366644 -7.063197
v -20.824242 -0.397761 -6.993200
v -19.971504 -0.754111 -7.180733
v -20.824200 -0.769974 -7.106112
v -19.971504 -1.157063 -7.220421
v -20.824183 -1.157063 -7.144237
v -19.971504 -1.560015 -7.180733
v -20.824200 -1.544152 -7.106111
v -19.971508 -1.947483 -7.063196
v -20.824242 -1.916364 -6.993199
v -19.971514 -2.304574 -6.872327
v -20.824316 -2.259395 -6.809841
v -20.824665 -2.990159 -5.919378
v -19.971533 -3.065304 -5.945374
v -19.971514 -2.304574 -6.872327
v -19.971508 -1.947483 -7.063196
v -19.240362 -1.965513 -7.106274
v -19.240362 -2.330750 -6.911051
v -19.971569 0.751179 -4.364536
v -19.971573 0.560310 -4.007443
v -19.240372 0.599485 -3.980819
v -19.240372 0.794708 -4.346056
v -19.971560 -3.182841 -4.752001
v -19.971550 -3.222529 -5.154954
v -19.240368 -3.269643 -5.154504
v -19.240370 -3.229051 -4.742360
v -19.971518 -2.617568 -6.615458
v -19.240362 -2.650883 -6.648324
v -19.971560 0.868716 -4.752003
v -19.240370 0.914925 -4.742361
v -19.971569 -3.065304 -4.364535
v -19.240372 -3.108832 -4.346055
v -19.971523 -2.874434 -6.302465
v -19.240364 -2.913610 -6.328191
v -19.971550 0.908403 -5.154956
v -19.240370 0.955518 -5.154506
v -19.971573 -2.874434 -4.007442
v -19.240372 -2.913609 -3.980818
v -19.971533 -3.065304 -5.945374
v -19.240364 -3.108832 -5.962954
v -19.971540 0.868716 -5.557908
v -19.240368 0.914924 -5.566649
v -19.971582 -2.617568 -3.694449
v -19.240374 -2.650883 -3.660685
v -19.971540 -3.182841 -5.557906
v -19.240368 -3.229050 -5.566648
v -19.971533 0.751179 -5.945374
v -19.240368 0.794707 -5.962955
v -19.971588 -2.304573 -3.437582
v -19.240374 -2.330749 -3.397958
v -19.971527 0.560309 -6.302466
v -19.240364 0.599484 -6.328192
v -19.971592 -1.947482 -3.246713
v -19.240374 -1.965512 -3.202735
v -19.971518 0.303442 -6.615459
v -19.240362 0.336756 -6.648325
v -19.971598 -1.560014 -3.129176
v -19.240374 -1.569206 -3.082517
v -19.971514 -0.009552 -6.872327
v -19.240362 0.016623 -6.911051
v -19.971598 -1.157062 -3.089991
v -19.240377 -1.157062 -3.042002
v -19.971508 -0.366644 -7.063197
v -19.240362 -0.348614 -7.106275
v -19.971598 -0.754110 -3.129176
v -19.240377 -0.744918 -3.082517
v -19.971504 -0.754111 -7.180733
v -19.240362 -0.744919 -7.226493
v -19.971592 -0.366643 -3.246713
v -19.240374 -0.348613 -3.202735
v -19.971504 -1.157063 -7.220421
v -19.240360 -1.157063 -7.267085
v -19.971588 -0.009551 -3.437583
v -19.240374 0.016624 -3.397958
v -19.971504 -1.560015 -7.180733
v -19.240360 -1.569207 -7.226492
v -19.971582 0.303443 -3.694450
v -19.240374 0.336757 -3.660685
v -18.590521 -1.965047 -7.105069
v -18.590521 -2.330074 -6.909958
v -18.590521 0.598473 -3.981412
v -18.590521 0.793584 -4.346439
v -18.590521 -3.268427 -5.154423
v -18.590521 -3.227858 -4.742516
v -18.590521 -2.650023 -6.647382
v -18.590521 0.913733 -4.742517
v -18.590521 -3.107708 -4.346438
v -18.590521 -2.912598 -6.327434
v -18.590521 0.954302 -5.154424
v -18.590521 -2.912598 -3.981411
v -18.590521 -3.107708 -5.962407
v -18.590521 0.913732 -5.566330
v -18.590521 -2.650023 -3.661462
v -18.590521 -3.227858 -5.566329
v -18.590521 0.793584 -5.962408
v -18.590521 -2.330073 -3.398887
v -18.590521 0.598472 -6.327435
v -18.590521 -1.965046 -3.203777
v -18.590521 0.335896 -6.647383
v -18.590521 -1.568969 -3.083627
v -18.590521 0.015948 -6.909958
v -18.590521 -1.157062 -3.043058
v -18.590521 -0.349079 -7.105070
v -18.590521 -0.745155 -3.083628
v -18.590521 -0.745156 -7.225219
v -18.590521 -0.349078 -3.203777
v -18.590521 -1.157063 -7.265788
v -18.590521 0.015949 -3.398888
v -18.590521 -1.568970 -7.225218
v -18.590521 0.335897 -3.661463
v -20.825731 -0.769987 -3.214132
v -22.276989 -0.799428 -2.375864
v -20.880550 -0.769987 -2.595154
v -25.239876 -0.866037 -1.862448
v -23.731483 -0.825376 -2.159097
v -19.971598 -0.754110 -3.129176
v -20.025700 -0.761634 -2.639029
v -20.824532 -2.806811 -6.262411
v -20.824665 -2.990159 -5.919378
v -20.825117 -3.103046 -4.773005
v -20.825266 -2.990133 -4.400803
v -20.825401 -2.806776 -4.057782
v -20.825518 -2.560025 -3.757124
v -20.825615 -2.259360 -3.510381
v -20.825689 -1.916337 -3.327036
v -20.825689 -0.397788 -3.327036
v -20.825615 -0.054764 -3.510382
v -20.825518 0.245900 -3.757124
v -20.825401 0.492652 -4.057783
v -20.825266 0.676008 -4.400804
v -20.825117 0.788921 -4.773006
v -20.824965 0.827053 -5.160086
v -20.824810 0.788936 -5.547169
v -20.824665 0.676034 -5.919379
v -20.824532 0.492686 -6.262412
v -20.824409 0.245937 -6.563084
v -20.824316 -0.054731 -6.809842
v -20.824242 -0.397761 -6.993200
v -20.824200 -0.769974 -7.106112
v -20.824183 -1.157063 -7.144237
v -20.824200 -1.544152 -7.106111
v -20.824242 -1.916364 -6.993199
v -20.824316 -2.259395 -6.809841
v -20.824409 -2.560063 -6.563083
v -20.824965 -3.141178 -5.160085
v -20.824810 -3.103060 -5.547167
v -19.971598 -1.157062 -3.089991
v -20.025700 -1.157062 -2.600575
v -22.278069 -1.157061 -2.345011
v -23.731981 -1.157062 -2.129133
v -25.239876 -1.157062 -1.833784
v -20.881008 -1.157062 -2.721844
v -25.239876 -1.448087 -1.742734
v -25.239876 -1.157062 -1.833784
v -25.940979 -1.157062 -1.534229
v -25.875427 -1.338786 -1.562893
v -25.521772 -1.157063 -3.662678
v -25.821321 -1.338786 -1.841942
v -25.886868 -1.157063 -1.887332
v -25.875427 -1.338786 -1.562893
v -25.940979 -1.157062 -1.534229
v -25.821321 -0.975338 -1.841943
v -25.875427 -0.975338 -1.562893
v -25.239876 -0.866037 -1.862448
v -25.875427 -0.975338 -1.562893
v -26.764479 -0.664990 -4.662346
v -26.764479 -0.578445 -4.767800
v -26.764479 -1.423372 -5.797347
v -26.764479 -1.543685 -5.733039
v -26.764479 -0.514137 -4.888112
v -26.764479 -1.852963 -5.154421
v -26.764479 -1.839591 -5.018658
v -26.764479 -1.649138 -5.646495
v -26.764479 -0.474536 -5.018658
v -26.764479 -1.799990 -4.888112
v -26.764479 -1.735682 -5.541041
v -26.764479 -0.461165 -5.154421
v -26.764479 -1.735682 -4.767800
v -26.764479 -1.799991 -5.420730
v -26.764479 -0.474536 -5.290184
v -26.764479 -1.649139 -4.662346
v -26.764479 -1.839591 -5.290184
v -26.764479 -0.514137 -5.420731
v -26.764479 -1.543685 -4.575802
v -26.764479 -0.578445 -5.541042
v -26.764479 -1.423373 -4.511494
v -26.764479 -0.664990 -5.646496
v -26.764479 -1.292827 -4.471894
v -26.764479 -0.770443 -5.733040
v -26.764479 -1.157064 -4.458522
v -26.764479 -0.890755 -5.797347
v -26.764479 -1.021301 -4.471894
v -26.764479 -1.021301 -5.836947
v -26.764479 -0.890755 -4.511494
v -26.764479 -1.157064 -5.850319
v -26.764479 -0.770443 -4.575802
v -26.764479 -1.292827 -5.836947
v -25.300150 -1.348924 -6.118970
v -25.300150 -1.533411 -6.063006
v -25.537657 -1.514705 -6.017846
v -25.537657 -1.339387 -6.071028
v -25.300150 -0.610689 -4.336717
v -25.300150 -0.461662 -4.459021
v -25.537657 -0.496226 -4.493586
v -25.537657 -0.637847 -4.377360
v -25.300150 -1.157063 -6.137867
v -25.537657 -1.157063 -6.088985
v -25.300150 -0.780714 -4.245837
v -25.537657 -0.799420 -4.290997
v -25.300150 -0.965202 -6.118970
v -25.537657 -0.974739 -6.071028
v -25.300150 -0.965202 -4.189872
v -25.537657 -0.974738 -4.237815
v -25.300150 -0.780714 -6.063007
v -25.537657 -0.799420 -6.017846
v -25.300150 -1.157063 -4.170976
v -25.537657 -1.157063 -4.219857
v -25.300150 -0.610690 -5.972127
v -25.537657 -0.637847 -5.931483
v -25.300150 -1.348923 -4.189872
v -25.537657 -1.339387 -4.237815
v -25.300150 -0.461662 -5.849823
v -25.537657 -0.496227 -5.815259
v -25.300150 -1.533411 -4.245836
v -25.537657 -1.514705 -4.290997
v -25.300150 -0.339358 -5.700795
v -25.537657 -0.380002 -5.673638
v -25.300150 -1.703435 -4.336716
v -25.537657 -1.676279 -4.377360
v -25.300150 -0.248478 -5.530770
v -25.537657 -0.293639 -5.512064
v -25.300150 -2.121612 -5.346282
v -25.300150 -2.140509 -5.154421
v -25.537657 -2.091627 -5.154421
v -25.537657 -2.073670 -5.336746
v -25.300150 -1.852464 -4.459021
v -25.537657 -1.817900 -4.493585
v -25.300150 -0.192514 -5.346283
v -25.537657 -0.240456 -5.336746
v -25.300150 -2.065648 -5.530769
v -25.537657 -2.020487 -5.512064
v -25.300150 -1.974768 -4.608048
v -25.537657 -1.934124 -4.635205
v -25.300150 -0.173617 -5.154422
v -25.537657 -0.222498 -5.154422
v -25.300150 -1.974767 -5.700795
v -25.537657 -1.934124 -5.673637
v -25.300150 -2.065648 -4.778073
v -25.537657 -2.020487 -4.796779
v -25.300150 -0.192514 -4.962561
v -25.537657 -0.240456 -4.972098
v -25.300150 -1.852464 -5.849823
v -25.537657 -1.817900 -5.815258
v -25.300150 -2.121612 -4.962561
v -25.537657 -2.073670 -4.972097
v -25.300150 -0.248477 -4.778073
v -25.537657 -0.293639 -4.796780
v -25.300150 -1.703435 -5.972126
v -25.537657 -1.676279 -5.931483
v -25.300150 -0.339358 -4.608048
v -25.537657 -0.380001 -4.635206
v -23.694979 -2.824558 5.491877
v -23.694462 -2.727808 5.810815
v -25.521769 -2.535251 5.725304
v -25.521769 -2.620139 5.445465
v -25.666239 -2.268451 5.375508
v -25.686117 -2.442130 5.410056
v -25.686117 -2.367569 5.655849
v -25.666239 -2.203968 5.588082
v -25.686117 -2.246490 5.882373
v -25.666239 -2.099252 5.783992
v -25.686117 -2.083543 6.080923
v -25.666239 -1.958328 5.955708
v -25.686117 -1.884993 6.243869
v -25.666239 -1.786612 6.096631
v -25.686117 -1.658469 6.364948
v -25.666239 -1.590703 6.201347
v -25.686117 -1.412676 6.439509
v -25.666239 -1.378129 6.265831
v -25.686117 -1.157059 6.464685
v -25.666239 -1.157059 6.287605
v -25.686117 -0.901443 6.439509
v -25.666239 -0.935990 6.265831
v -25.686117 -0.655649 6.364948
v -25.666239 -0.723416 6.201347
v -25.686117 -0.429125 6.243868
v -25.666239 -0.527506 6.096631
v -25.686117 -0.230575 6.080922
v -25.666239 -0.355790 5.955706
v -25.686117 -0.067629 5.882372
v -25.666239 -0.214867 5.783991
v -25.686117 0.053450 5.655848
v -25.666239 -0.110151 5.588081
v -25.686117 0.128010 5.410055
v -25.666239 -0.045667 5.375508
v -25.686117 0.153187 5.154438
v -25.666239 -0.023895 5.154438
v -25.686117 0.128010 4.898821
v -25.666239 -0.045667 4.933368
v -25.686117 0.053450 4.653028
v -25.666239 -0.110152 4.720795
v -25.686117 -0.067629 4.426504
v -25.666239 -0.214867 4.524885
v -25.686117 -0.230575 4.227954
v -25.666239 -0.355791 4.353169
v -25.686117 -0.429125 4.065008
v -25.666239 -0.527507 4.212245
v -25.686117 -0.655651 3.943929
v -25.666239 -0.723416 4.107530
v -25.686117 -0.901443 3.869368
v -25.666239 -0.935991 4.043047
v -25.686117 -1.157059 3.844192
v -25.666239 -1.157060 4.021273
v -25.686117 -1.412676 3.869368
v -25.666239 -1.378129 4.043047
v -25.686117 -1.658469 3.943929
v -25.666239 -1.590703 4.107531
v -25.686117 -1.884993 4.065009
v -25.666239 -1.786612 4.212246
v -25.686117 -2.083544 4.227954
v -25.666239 -1.958329 4.353170
v -25.686117 -2.246490 4.426506
v -25.666239 -2.099253 4.524885
v -25.686117 -2.367569 4.653029
v -25.666239 -2.203968 4.720795
v -25.300146 -1.348920 6.118988
v -25.300146 -1.533408 6.063024
v -25.686117 -2.442130 4.898823
v -25.666239 -2.268451 4.933369
v -25.686117 -2.467306 5.154439
v -25.666239 -2.290225 5.154439
v -22.259645 -1.157058 6.993341
v -22.259684 -0.799427 6.958118
v -23.692820 -0.825373 6.827688
v -23.692768 -1.157059 6.860355
v -18.590517 0.598476 3.981423
v -18.447514 0.582802 3.991896
v -18.447514 0.322571 3.674804
v -18.590517 0.335900 3.661474
v -22.261930 0.640884 4.802549
v -22.262293 0.536567 4.458660
v -23.696569 0.413690 4.509562
v -23.696053 0.510439 4.828503
v -22.263336 -1.858584 3.466554
v -22.263153 -2.175514 3.635957
v -23.697807 -2.101622 3.746552
v -23.698063 -1.807685 3.589441
v -22.260204 -2.453300 6.456423
v -22.259966 -2.175508 6.684399
v -23.693228 -2.101621 6.573827
v -23.693573 -2.359258 6.362389
v -22.260492 0.367160 6.178632
v -22.260828 0.536564 5.861703
v -23.694462 0.413690 5.810814
v -23.693987 0.256578 6.104751
v -22.263336 -0.455536 3.466553
v -22.263447 -0.799426 3.362234
v -23.698221 -0.825374 3.492691
v -23.698063 -0.506434 3.589440
v -22.261559 -2.990225 5.160183
v -22.261185 -2.955000 5.517816
v -23.695518 -2.857225 5.160190
v -22.259790 -0.455538 6.853801
v -23.692978 -0.506433 6.730938
v -22.262623 0.367165 4.141729
v -23.697048 0.256578 4.215627
v -22.262917 -2.453307 3.863936
v -23.697462 -2.359259 3.957990
v -22.259790 -1.858579 6.853801
v -23.692978 -1.807684 6.730939
v -22.261185 0.640882 5.517815
v -23.694979 0.510439 5.491876
v -19.971546 -3.222525 5.154968
v -19.971537 -3.182838 5.557920
v -20.824806 -3.103058 5.547182
v -20.824961 -3.141175 5.160101
v -22.260822 -2.850681 5.861704
v -22.259966 -0.138610 6.684399
v -23.693228 -0.212497 6.573826
v -22.262917 0.139187 3.863936
v -23.697462 0.045140 3.957989
v -22.262623 -2.681284 4.141730
v -23.697048 -2.570697 4.215629
v -22.259684 -1.514690 6.958118
v -23.692820 -1.488745 6.827688
v -22.261559 0.676107 5.160182
v -23.695518 0.543107 5.160188
v -25.521769 -1.448084 3.691359
v -25.239876 -1.448086 1.742751
v -23.731483 -1.488746 2.159112
v -23.698221 -1.488746 3.492692
v -22.260492 -2.681278 6.178633
v -23.693987 -2.570696 6.104752
v -22.260204 0.139182 6.456422
v -23.693573 0.045140 6.362388
v -22.263153 -0.138605 3.635957
v -23.697807 -0.212498 3.746552
v -22.262289 -2.850686 4.458661
v -23.696569 -2.727809 4.509564
v -22.263447 -1.514694 3.362235
v -22.261930 -2.955002 4.802550
v -23.696053 -2.824557 4.828504
v -18.551397 -0.226918 3.762380
v -19.117411 -0.386384 4.001038
v -19.117411 -0.626209 3.872848
v -18.551397 -0.516368 3.607667
v -18.590517 -1.965043 7.105082
v -18.447514 -1.957829 7.087665
v -18.447514 -1.565289 7.206742
v -18.590517 -1.568966 7.225231
v -18.447514 0.005479 3.414573
v -18.590517 0.015951 3.398899
v -18.447514 -1.157059 7.246949
v -18.590517 -1.157059 7.265800
v -18.447514 -0.356290 3.221205
v -18.590517 -0.349075 3.203789
v -18.447514 -0.748830 7.206742
v -18.590517 -0.745152 7.225230
v -18.447514 -0.748830 3.102128
v -18.590517 -0.745154 3.083640
v -18.447514 -0.356288 7.087664
v -18.590517 -0.349074 7.105082
v -18.447514 -1.157060 3.061922
v -18.590517 -1.157060 3.043070
v -18.447514 0.005480 6.894296
v -18.590517 0.015953 6.909970
v -18.447514 -1.565289 3.102129
v -18.590517 -1.568967 3.083640
v -18.447514 0.322572 6.634066
v -18.590517 0.335902 6.647395
v -18.447514 -1.957830 3.221205
v -18.590517 -1.965044 3.203789
v -18.447514 0.582802 6.316973
v -18.590517 0.598477 6.327446
v -18.447514 -2.319598 3.414574
v -18.590517 -2.330071 3.398900
v -18.447514 0.776171 5.955205
v -18.590517 0.793587 5.962418
v -18.590517 -3.268424 5.154436
v -18.447514 -3.249573 5.154436
v -18.447514 -3.209366 5.562665
v -18.590517 -3.227855 5.566342
v -18.447514 -2.636690 3.674804
v -18.590517 -2.650020 3.661475
v -18.447514 0.895248 5.562663
v -18.590517 0.913737 5.566340
v -18.447514 -3.090290 5.955206
v -18.590517 -3.107706 5.962420
v -18.447514 -2.896921 3.991897
v -18.590517 -2.912596 3.981424
v -18.447514 0.935455 5.154433
v -18.590517 0.954305 5.154433
v -18.447514 -2.896921 6.316974
v -18.590517 -2.912595 6.327446
v -18.447514 -3.090290 4.353666
v -18.590517 -3.107706 4.346452
v -18.447514 0.895248 4.746205
v -18.590517 0.913736 4.742527
v -18.447514 -2.636690 6.634067
v -18.590517 -2.650020 6.647396
v -18.447514 -3.209366 4.746207
v -18.590517 -3.227855 4.742528
v -18.447514 0.776171 4.353664
v -18.590517 0.793587 4.346449
v -18.447514 -2.319597 6.894296
v -18.590517 -2.330070 6.909971
v -18.551395 -2.799099 4.827814
v -19.117411 -2.517584 4.883811
v -19.117411 -2.544238 5.154437
v -18.551395 -2.831269 5.154436
v -18.551395 -2.703827 5.795128
v -19.117411 -2.438645 5.685286
v -19.117411 -2.310456 5.925111
v -18.551395 -2.549114 6.084577
v -19.117411 -2.137942 6.135319
v -18.551395 -2.340904 6.338281
v -19.117411 -1.927734 6.307833
v -18.551395 -2.087200 6.546489
v -19.117411 -1.687909 6.436022
v -18.551395 -1.797751 6.701203
v -19.117411 -1.427684 6.514960
v -18.551397 -1.483681 6.796474
v -19.117411 -1.157058 6.541615
v -18.551397 -1.157058 6.828646
v -19.117411 -0.886433 6.514960
v -18.551397 -0.830437 6.796474
v -19.117411 -0.626208 6.436022
v -18.551397 -0.516366 6.701203
v -19.117411 -0.386383 6.307832
v -18.551397 -0.226917 6.546489
v -19.117411 -0.176175 6.135319
v -18.551397 0.026787 6.338279
v -19.117411 -0.003661 5.925111
v -18.551397 0.234996 6.084576
v -19.117411 0.124528 5.685285
v -18.551397 0.389709 5.795127
v -19.117411 0.203466 5.425060
v -18.551397 0.484981 5.481058
v -19.117411 0.230120 5.154436
v -18.551397 0.517151 5.154435
v -19.117411 0.203466 4.883810
v -18.551397 0.484981 4.827813
v -19.117411 0.124527 4.623584
v -18.551397 0.389709 4.513741
v -19.117411 -0.003662 4.383760
v -18.551397 0.234995 4.224294
v -19.117411 -0.176176 4.173552
v -18.551397 0.026785 3.970590
v -18.447514 -0.167759 3.673841
v -18.447514 0.102081 3.895294
v -19.117411 -0.886434 3.793911
v -18.551395 -0.830437 3.512395
v -19.117411 -1.157059 3.767256
v -18.551395 -1.157059 3.480225
v -19.117411 -1.427684 3.793911
v -18.551395 -1.483681 3.512395
v -19.117411 -1.687909 3.872849
v -18.551395 -1.797752 3.607667
v -19.117411 -1.927735 4.001039
v -18.551395 -2.087200 3.762381
v -19.117411 -2.137943 4.173552
v -18.551395 -2.340904 3.970590
v -19.117411 -2.310456 4.383760
v -18.551395 -2.549114 4.224295
v -19.117411 -2.438645 4.623585
v -18.551395 -2.703827 4.513743
v -18.447514 -2.903538 5.501832
v -18.447514 -2.937753 5.154436
v -19.421251 -0.971623 4.222188
v -19.421251 -1.157058 4.203923
v -18.447514 -1.157058 6.935130
v -18.447514 -1.504455 6.900914
v -18.447514 -0.475617 3.509287
v -18.447514 -0.809663 6.900914
v -18.447514 -0.809663 3.407956
v -18.447514 -0.475616 6.799581
v -18.447514 -1.157059 3.373740
v -18.447514 -0.167758 6.635027
v -18.447514 -1.504456 3.407957
v -18.447514 0.102083 6.413576
v -18.447514 -1.838502 3.509287
v -18.447514 0.323535 6.143735
v -18.447514 -2.146361 3.673842
v -18.447514 0.488088 5.835877
v -18.447514 -2.903538 4.807040
v -18.447514 -2.416201 3.895294
v -18.447514 0.589420 5.501831
v -18.447514 -2.802206 5.835878
v -18.447514 -2.637653 4.165135
v -18.447514 0.623635 5.154435
v -18.447514 -2.637653 6.143736
v -18.447514 -2.802207 4.472993
v -18.447514 0.589420 4.807038
v -18.447514 -2.416200 6.413577
v -18.447514 0.488088 4.472992
v -18.447514 -2.146359 6.635028
v -18.551395 -2.799100 5.481059
v -19.117411 -2.517583 5.425061
v -18.447514 0.323534 4.165133
v -18.447514 -1.838501 6.799582
v -19.421251 -1.520804 4.276277
v -19.095274 -1.449235 4.449058
v -19.095270 -1.581233 4.519613
v -19.421251 -1.685134 4.364114
v -19.421251 -0.793313 6.032595
v -19.421251 -0.628981 5.944757
v -19.421251 -1.342494 4.222188
v -19.421251 -0.484944 5.826550
v -19.421251 -1.520804 4.276277
v -19.421251 -0.366735 5.682512
v -19.421251 -1.685134 4.364114
v -19.421251 -0.278899 5.518181
v -19.421251 -2.107570 5.154436
v -19.421251 -2.089307 5.339871
v -19.421251 -1.829172 4.482322
v -19.421251 -0.224809 5.339871
v -19.421251 -2.035217 5.518181
v -19.421251 -1.947380 4.626359
v -19.421251 -0.206546 5.154436
v -19.421251 -1.947380 5.682513
v -19.421251 -2.035217 4.790690
v -19.421251 -0.224809 4.968999
v -19.421251 -1.829172 5.826550
v -19.421251 -2.089307 4.969000
v -19.421251 -0.278900 4.790690
v -19.421251 -1.685134 5.944757
v -19.421251 -0.366736 4.626359
v -19.421251 -1.520804 6.032595
v -19.421251 -0.484945 4.482322
v -19.421251 -1.342494 6.086683
v -19.421251 -0.628982 4.364114
v -19.421251 -1.157058 6.104949
v -19.421251 -0.793313 4.276277
v -19.421251 -0.971623 6.086683
v -19.095270 -1.791881 4.730261
v -19.095270 -1.862436 4.862260
v -19.421251 -0.366735 5.682512
v -19.095274 -0.522234 5.578610
v -19.095274 -0.451679 5.446613
v -19.421251 -0.278899 5.518181
v -19.421251 -2.107570 5.154436
v -19.095270 -1.920554 5.154436
v -19.095270 -1.905883 5.303387
v -19.421251 -2.089307 5.339871
v -19.095270 -1.696931 4.614563
v -19.421251 -1.829172 4.482322
v -19.095274 -0.408233 5.303387
v -19.421251 -0.224809 5.339871
v -19.095270 -1.862436 5.446614
v -19.421251 -2.035217 5.518181
v -19.421251 -1.947380 4.626359
v -19.095274 -0.393562 5.154436
v -19.421251 -0.206546 5.154436
v -19.095270 -1.791881 5.578611
v -19.421251 -1.947380 5.682513
v -19.421251 -2.035217 4.790690
v -19.095274 -0.408233 5.005485
v -19.421251 -0.224809 4.968999
v -19.095270 -1.696931 5.694309
v -19.421251 -1.829172 5.826550
v -19.095270 -1.905883 5.005485
v -19.421251 -2.089307 4.969000
v -19.095274 -0.451679 4.862258
v -19.421251 -0.278900 4.790690
v -19.095270 -1.581233 5.789259
v -19.421251 -1.685134 5.944757
v -19.095274 -0.522234 4.730260
v -19.421251 -0.366736 4.626359
v -19.095270 -1.449235 5.859814
v -19.421251 -1.520804 6.032595
v -19.095274 -0.617185 4.614562
v -19.421251 -0.484945 4.482322
v -19.095270 -1.306008 5.903262
v -19.421251 -1.342494 6.086683
v -19.095270 -0.732883 4.519612
v -19.421251 -0.628982 4.364114
v -19.095270 -1.157058 5.917932
v -19.421251 -1.157058 6.104949
v -19.095274 -0.864881 4.449058
v -19.421251 -0.793313 4.276277
v -19.095270 -1.008107 5.903262
v -19.421251 -0.971623 6.086683
v -19.095274 -1.008107 4.405612
v -19.421251 -0.971623 4.222188
v -19.095274 -0.864881 5.859814
v -19.421251 -0.793313 6.032595
v -19.095274 -1.157058 4.390941
v -19.421251 -1.157058 4.203923
v -19.095274 -0.732883 5.789258
v -19.421251 -0.628981 5.944757
v -19.095274 -1.306008 4.405612
v -19.421251 -1.342494 4.222188
v -19.095274 -0.617185 5.694309
v -19.421251 -0.484944 5.826550
v -25.521769 -2.648803 5.154439
v -25.521769 -2.620139 4.863414
v -25.521769 -2.211881 6.209261
v -25.521769 -2.397399 5.983208
v -25.521769 -1.985827 6.394777
v -25.521769 -1.727924 6.532629
v -25.521769 -1.448084 6.617517
v -25.521769 -1.157059 6.646182
v -25.521769 -0.866034 6.617517
v -25.521769 -0.586194 6.532629
v -25.521769 -0.328291 6.394777
v -25.521769 -0.102237 6.209260
v -25.521769 0.083280 5.983207
v -25.521769 0.221132 5.725303
v -25.521769 0.306021 5.445464
v -25.521769 0.334684 5.154438
v -25.521769 0.306021 4.863413
v -25.521769 0.221132 4.583572
v -25.521769 0.083279 4.325670
v -25.521769 -0.102237 4.099617
v -25.521769 -0.328292 3.914099
v -25.521769 -0.586195 3.776247
v -25.521769 -0.866035 3.691358
v -25.521769 -1.727925 3.776247
v -25.521769 -1.985828 3.914100
v -25.521769 -2.211882 4.099617
v -25.521769 -2.397399 4.325671
v -25.521769 -2.535251 4.583573
v -27.758568 -1.250213 5.622744
v -27.855137 -1.243870 5.590855
v -27.855137 -1.327342 5.565534
v -27.758568 -1.339786 5.595574
v -25.300146 -0.610687 4.336733
v -25.300146 -0.461658 4.459037
v -25.300146 -1.157059 6.137885
v -25.300146 -0.780711 4.245852
v -25.300146 -0.965199 6.118988
v -25.300146 -0.965199 4.189889
v -25.300146 -0.780711 6.063023
v -25.300146 -1.157059 4.170993
v -25.300146 -0.610686 5.972144
v -25.300146 -1.348920 4.189889
v -25.300146 -0.461657 5.849840
v -25.300146 -1.533408 4.245853
v -25.300146 -0.339354 5.700812
v -25.300146 -1.703433 4.336733
v -25.300146 -0.248474 5.530787
v -25.300146 -2.121608 5.346300
v -25.300146 -2.140505 5.154439
v -25.300146 -1.852461 4.459037
v -25.300146 -0.192510 5.346299
v -25.300146 -2.065645 5.530787
v -25.300146 -1.974765 4.608065
v -25.300146 -0.173614 5.154438
v -25.300146 -1.974765 5.700812
v -25.300146 -2.065645 4.778090
v -25.300146 -0.192510 4.962578
v -25.300146 -1.852461 5.849840
v -25.300146 -2.121609 4.962578
v -25.300146 -0.248474 4.778090
v -25.300146 -1.703432 5.972145
v -25.300146 -0.339354 4.608065
v -18.551395 -2.831269 5.154436
v -18.551395 -2.799100 5.481059
v -18.551395 -2.703827 5.795128
v -18.551395 -2.549114 6.084577
v -18.551395 -2.340904 6.338281
v -18.551395 -2.087200 6.546489
v -18.551395 -1.797751 6.701203
v -18.551397 -1.483681 6.796474
v -18.551397 -1.157058 6.828646
v -18.551397 -0.830437 6.796474
v -18.551397 -0.516366 6.701203
v -18.551397 -0.226917 6.546489
v -18.551397 0.026787 6.338279
v -18.551397 0.234996 6.084576
v -18.551397 0.389709 5.795127
v -18.551397 0.484981 5.481058
v -18.551397 0.517151 5.154435
v -18.551397 0.484981 4.827813
v -18.551397 0.389709 4.513741
v -18.551397 0.234995 4.224294
v -18.551397 0.026785 3.970590
v -18.551397 -0.226918 3.762380
v -18.551397 -0.516368 3.607667
v -18.551395 -0.830437 3.512395
v -18.551395 -1.157059 3.480225
v -18.551395 -1.483681 3.512395
v -18.551395 -1.797752 3.607667
v -18.551395 -2.087200 3.762381
v -18.551395 -2.340904 3.970590
v -18.551395 -2.549114 4.224295
v -18.551395 -2.703827 4.513743
v -18.551395 -2.799099 4.827814
v -25.521769 -2.620139 5.445465
v -25.521769 -2.648803 5.154439
v -25.521769 -2.535251 5.725304
v -25.521769 -2.397399 5.983208
v -25.521769 -2.211881 6.209261
v -25.521769 -1.985827 6.394777
v -25.521769 -1.727924 6.532629
v -25.521769 -1.448084 6.617517
v -25.521769 -1.157059 6.646182
v -25.521769 -0.866034 6.617517
v -25.521769 -0.586194 6.532629
v -25.521769 -0.328291 6.394777
v -25.521769 -0.102237 6.209260
v -25.521769 0.083280 5.983207
v -25.521769 0.221132 5.725303
v -25.521769 0.306021 5.445464
v -25.521769 0.334684 5.154438
v -25.521769 0.306021 4.863413
v -25.521769 0.221132 4.583572
v -25.521769 0.083279 4.325670
v -25.521769 -0.102237 4.099617
v -25.521769 -0.328292 3.914099
v -25.521769 -0.586195 3.776247
v -25.521769 -0.866035 3.691358
v -25.521769 -1.157059 3.662695
v -25.521769 -1.448084 3.691359
v -25.521769 -1.727925 3.776247
v -25.521769 -1.985828 3.914100
v -25.521769 -2.211882 4.099617
v -25.521769 -2.397399 4.325671
v -25.521769 -2.535251 4.583573
v -25.521769 -2.620139 4.863414
v -20.825731 -1.544134 3.214147
v -20.880550 -1.544135 2.756494
v -20.025700 -1.552488 2.639042
v -19.971594 -1.560013 3.129189
v -22.276989 -1.514694 2.375879
v -27.902107 -1.528715 5.228367
v -27.902107 -1.535997 5.154440
v -27.758568 -0.891787 4.757429
v -27.855137 -0.909852 4.784464
v -27.855137 -0.842423 4.839801
v -27.758568 -0.819431 4.816810
v -27.758568 -1.157061 5.631920
v -27.855137 -1.157061 5.599406
v -27.758568 -0.974338 4.713305
v -27.855137 -0.986780 4.743344
v -27.758568 -1.063910 5.622744
v -27.855137 -1.070253 5.590855
v -27.758568 -1.063910 4.686134
v -27.855137 -1.070253 4.718024
v -27.758568 -0.974338 5.595574
v -27.855137 -0.986780 5.565534
v -27.758568 -1.157061 4.676959
v -27.855137 -1.157061 4.709474
v -27.758568 -0.891787 5.551449
v -27.855137 -0.909852 5.524415
v -27.758568 -1.250213 4.686134
v -27.855137 -1.243870 4.718024
v -27.758568 -0.819432 5.492069
v -27.855137 -0.842423 5.469078
v -27.758568 -1.339785 4.713305
v -27.855137 -1.327342 4.743344
v -27.758568 -0.760051 5.419713
v -27.855137 -0.787085 5.401650
v -27.758568 -1.422335 4.757429
v -27.855137 -1.404270 4.784464
v -27.758568 -0.715927 5.337163
v -27.855137 -0.745966 5.324720
v -27.758568 -1.625367 5.247592
v -27.855137 -1.593476 5.241248
v -27.855137 -1.602026 5.154440
v -27.758568 -1.634542 5.154440
v -27.758568 -1.494691 4.816810
v -27.855137 -1.471699 4.839801
v -27.758568 -0.688755 5.247591
v -27.855137 -0.720645 5.241247
v -27.758568 -1.598195 5.337164
v -27.855137 -1.568156 5.324720
v -27.758568 -1.554071 4.889166
v -27.855137 -1.527037 4.907230
v -27.758568 -0.679581 5.154439
v -27.855137 -0.712096 5.154439
v -27.758568 -1.554071 5.419713
v -27.855137 -1.527036 5.401650
v -27.758568 -1.598195 4.971715
v -27.855137 -1.568156 4.984159
v -27.758568 -0.688756 5.061287
v -27.855137 -0.720645 5.067631
v -27.758568 -1.494691 5.492069
v -27.855137 -1.471699 5.469078
v -27.758568 -1.625367 5.061288
v -27.855137 -1.593476 5.067631
v -27.758568 -0.715927 4.971715
v -27.855137 -0.745966 4.984158
v -27.758568 -1.422335 5.551449
v -27.855137 -1.404271 5.524415
v -27.758568 -0.760051 4.889166
v -27.855137 -0.787086 4.907229
v -27.902107 -1.425009 4.886492
v -27.902107 -1.367586 4.839366
v -27.902107 -0.785407 5.228367
v -27.902107 -0.806971 5.299452
v -27.902107 -1.507151 5.299452
v -27.902107 -1.472134 4.943915
v -27.902107 -0.778126 5.154439
v -27.902107 -1.472134 5.364964
v -27.902107 -1.507151 5.009427
v -27.902107 -0.785407 5.080513
v -27.902107 -1.425009 5.422387
v -27.902107 -1.528715 5.080513
v -27.902107 -0.806971 5.009427
v -27.902107 -1.367587 5.469514
v -27.902107 -0.841989 4.943915
v -27.902107 -1.302074 5.504529
v -27.902107 -0.889113 4.886492
v -27.902107 -1.230988 5.526094
v -27.902107 -0.946536 4.839366
v -27.902107 -1.157061 5.533375
v -27.902107 -1.012049 4.804350
v -27.902107 -1.083135 5.526094
v -27.902107 -1.083135 4.782785
v -27.902107 -1.012049 5.504529
v -27.902107 -1.157061 4.775505
v -27.902107 -0.946536 5.469513
v -27.902107 -1.230988 4.782785
v -27.902107 -0.889113 5.422387
v -27.902107 -1.302074 4.804350
v -27.902107 -0.841988 5.364964
v -19.971565 -3.065301 4.364549
v -19.971556 -3.182838 4.752017
v -20.825113 -3.103044 4.773019
v -20.825262 -2.990129 4.400818
v -19.971519 -2.874432 6.302480
v -19.971514 -2.617564 6.615474
v -20.824411 -2.560060 6.563098
v -20.824528 -2.806808 6.262426
v -19.971569 -2.874432 4.007457
v -20.825397 -2.806774 4.057797
v -19.971579 -2.617565 3.694463
v -20.825514 -2.560023 3.757138
v -19.971584 -2.304571 3.437596
v -20.825611 -2.259358 3.510395
v -19.971588 -1.947479 3.246727
v -20.825686 -1.916335 3.327049
v -19.971594 -1.560013 3.129189
v -20.825731 -1.544134 3.214147
v -19.971588 -0.366641 3.246726
v -19.971594 -0.754108 3.129189
v -20.825731 -0.769985 3.214146
v -20.825686 -0.397785 3.327049
v -19.971584 -0.009548 3.437595
v -20.825617 -0.054762 3.510395
v -19.971579 0.303445 3.694462
v -20.825518 0.245903 3.757137
v -19.971575 0.560312 4.007456
v -20.825397 0.492655 4.057796
v -19.971565 0.751183 4.364548
v -20.825262 0.676011 4.400817
v -19.971556 0.868719 4.752014
v -20.825113 0.788925 4.773018
v -19.971546 0.908406 5.154967
v -20.824961 0.827056 5.160098
v -19.971537 0.868719 5.557918
v -20.824806 0.788940 5.547181
v -19.971529 0.751183 5.945386
v -20.824661 0.676038 5.919392
v -19.971523 0.560314 6.302479
v -20.824528 0.492691 6.262425
v -19.971514 0.303447 6.615473
v -20.824411 0.245942 6.563097
v -19.971510 -0.009547 6.872340
v -20.824312 -0.054725 6.809855
v -19.971504 -0.366639 7.063209
v -20.824238 -0.397757 6.993213
v -19.971500 -0.754106 7.180746
v -20.824196 -0.769970 7.106125
v -19.971500 -1.157059 7.220434
v -20.824183 -1.157059 7.144251
v -19.971500 -1.560011 7.180746
v -20.824196 -1.544148 7.106125
v -19.971504 -1.947479 7.063209
v -20.824238 -1.916360 6.993213
v -19.971510 -2.304570 6.872340
v -20.824312 -2.259391 6.809855
v -19.971529 -3.065301 5.945387
v -20.824661 -2.990156 5.919393
v -19.971510 -2.304570 6.872340
v -19.240358 -2.330746 6.911064
v -19.240358 -1.965509 7.106287
v -19.971504 -1.947479 7.063209
v -19.971565 0.751183 4.364548
v -19.240368 0.794711 4.346067
v -19.240368 0.599487 3.980830
v -19.971575 0.560312 4.007456
v -19.971556 -3.182838 4.752017
v -19.240366 -3.229048 4.742374
v -19.240364 -3.269640 5.154519
v -19.971546 -3.222525 5.154968
v -19.971514 -2.617564 6.615474
v -19.240358 -2.650880 6.648338
v -19.971556 0.868719 4.752014
v -19.240366 0.914928 4.742373
v -19.971565 -3.065301 4.364549
v -19.240368 -3.108829 4.346069
v -19.971519 -2.874432 6.302480
v -19.240360 -2.913606 6.328206
v -19.971546 0.908406 5.154967
v -19.240366 0.955522 5.154517
v -19.971569 -2.874432 4.007457
v -19.240368 -2.913606 3.980831
v -19.971529 -3.065301 5.945387
v -19.240360 -3.108829 5.962968
v -19.971537 0.868719 5.557918
v -19.240364 0.914929 5.566661
v -19.971579 -2.617565 3.694463
v -19.240370 -2.650880 3.660697
v -19.971537 -3.182838 5.557920
v -19.240364 -3.229048 5.566662
v -19.971529 0.751183 5.945386
v -19.240364 0.794712 5.962966
v -19.971584 -2.304571 3.437596
v -19.240370 -2.330747 3.397971
v -19.971523 0.560314 6.302479
v -19.240360 0.599488 6.328205
v -19.971588 -1.947479 3.246727
v -19.240370 -1.965510 3.202748
v -19.971514 0.303447 6.615473
v -19.240358 0.336761 6.648337
v -19.971594 -1.560013 3.129189
v -19.240374 -1.569204 3.082530
v -19.971510 -0.009547 6.872340
v -19.240358 0.016628 6.911063
v -19.971594 -1.157060 3.090003
v -19.240374 -1.157061 3.042015
v -19.971504 -0.366639 7.063209
v -19.240358 -0.348609 7.106287
v -19.971594 -0.754108 3.129189
v -19.240374 -0.744916 3.082530
v -19.971500 -0.754106 7.180746
v -19.240358 -0.744915 7.226505
v -19.971588 -0.366641 3.246726
v -19.240370 -0.348610 3.202747
v -19.971500 -1.157059 7.220434
v -19.240358 -1.157059 7.267098
v -19.971584 -0.009548 3.437595
v -19.240370 0.016627 3.397971
v -19.971500 -1.560011 7.180746
v -19.240356 -1.569203 7.226505
v -19.971579 0.303445 3.694462
v -19.240370 0.336761 3.660697
v -18.590517 -2.330070 6.909971
v -18.590517 -1.965043 7.105082
v -18.590517 0.793587 4.346449
v -18.590517 0.598476 3.981423
v -18.590517 -3.227855 4.742528
v -18.590517 -3.268424 5.154436
v -18.590517 -2.650020 6.647396
v -18.590517 0.913736 4.742527
v -18.590517 -3.107706 4.346452
v -18.590517 -2.912595 6.327446
v -18.590517 0.954305 5.154433
v -18.590517 -2.912596 3.981424
v -18.590517 -3.107706 5.962420
v -18.590517 0.913737 5.566340
v -18.590517 -2.650020 3.661475
v -18.590517 -3.227855 5.566342
v -18.590517 0.793587 5.962418
v -18.590517 -2.330071 3.398900
v -18.590517 0.598477 6.327446
v -18.590517 -1.965044 3.203789
v -18.590517 0.335902 6.647395
v -18.590517 -1.568967 3.083640
v -18.590517 0.015953 6.909970
v -18.590517 -1.157060 3.043070
v -18.590517 -0.349074 7.105082
v -18.590517 -0.745154 3.083640
v -18.590517 -0.745152 7.225230
v -18.590517 -0.349075 3.203789
v -18.590517 -1.157059 7.265800
v -18.590517 0.015951 3.398899
v -18.590517 -1.568966 7.225231
v -18.590517 0.335900 3.661474
v -20.825731 -0.769985 3.214146
v -20.880550 -0.769985 2.595167
v -22.276989 -0.799426 2.375878
v -23.731483 -0.825374 2.159112
v -25.239876 -0.866035 1.862463
v -19.971594 -0.754108 3.129189
v -20.025700 -0.761632 2.639042
v -20.824661 -2.990156 5.919393
v -20.824528 -2.806808 6.262426
v -20.825262 -2.990129 4.400818
v -20.825113 -3.103044 4.773019
v -20.825397 -2.806774 4.057797
v -20.825514 -2.560023 3.757138
v -20.825611 -2.259358 3.510395
v -20.825686 -1.916335 3.327049
v -20.825686 -0.397785 3.327049
v -20.825617 -0.054762 3.510395
v -20.825518 0.245903 3.757137
v -20.825397 0.492655 4.057796
v -20.825262 0.676011 4.400817
v -20.825113 0.788925 4.773018
v -20.824961 0.827056 5.160098
v -20.824806 0.788940 5.547181
v -20.824661 0.676038 5.919392
v -20.824528 0.492691 6.262425
v -20.824411 0.245942 6.563097
v -20.824312 -0.054725 6.809855
v -20.824238 -0.397757 6.993213
v -20.824196 -0.769970 7.106125
v -20.824183 -1.157059 7.144251
v -20.824196 -1.544148 7.106125
v -20.824238 -1.916360 6.993213
v -20.824312 -2.259391 6.809855
v -20.824411 -2.560060 6.563098
v -20.824961 -3.141175 5.160101
v -20.824806 -3.103058 5.547182
v -20.025700 -1.157060 2.600588
v -19.971594 -1.157060 3.090003
v -22.278069 -1.157060 2.345026
v -23.731981 -1.157060 2.129149
v -25.239876 -1.157061 1.833800
v -20.881008 -1.157060 2.721858
v -25.239876 -1.448086 1.742751
v -25.875431 -1.338785 1.562910
v -25.940979 -1.157061 1.534246
v -25.239876 -1.157061 1.833800
v -25.521769 -1.157059 3.662695
v -25.886873 -1.157061 1.887349
v -25.821321 -1.338785 1.841960
v -25.940979 -1.157061 1.534246
v -25.875431 -1.338785 1.562910
v -25.821321 -0.975337 1.841960
v -25.875431 -0.975337 1.562909
v -25.875431 -0.975337 1.562909
v -25.239876 -0.866035 1.862463
v -26.764475 -0.664986 4.662364
v -26.764475 -0.578442 4.767817
v -26.764475 -1.423370 5.797365
v -26.764475 -1.543681 5.733057
v -26.764475 -0.514134 4.888130
v -26.764475 -1.852960 5.154439
v -26.764475 -1.839588 5.018676
v -26.764475 -1.649135 5.646513
v -26.764475 -0.474533 5.018676
v -26.764475 -1.799987 4.888131
v -26.764475 -1.735680 5.541060
v -26.764475 -0.461161 5.154439
v -26.764475 -1.735679 4.767819
v -26.764475 -1.799987 5.420749
v -26.764475 -0.474533 5.290201
v -26.764475 -1.649135 4.662364
v -26.764475 -1.839588 5.290202
v -26.764475 -0.514133 5.420747
v -26.764475 -1.543681 4.575820
v -26.764475 -0.578442 5.541059
v -26.764475 -1.423370 4.511512
v -26.764475 -0.664986 5.646513
v -26.764475 -1.292824 4.471912
v -26.764475 -0.770440 5.733057
v -26.764475 -1.157061 4.458540
v -26.764475 -0.890752 5.797365
v -26.764475 -1.021298 4.471912
v -26.764475 -1.021298 5.836966
v -26.764475 -0.890751 4.511512
v -26.764475 -1.157061 5.850338
v -26.764475 -0.770440 4.575819
v -26.764475 -1.292824 5.836966
v -25.300146 -1.348920 6.118988
v -25.537653 -1.339384 6.071045
v -25.537653 -1.514702 6.017863
v -25.300146 -1.533408 6.063024
v -25.300146 -0.610687 4.336733
v -25.537653 -0.637843 4.377377
v -25.537653 -0.496223 4.493602
v -25.300146 -0.461658 4.459037
v -25.300146 -1.157059 6.137885
v -25.537653 -1.157059 6.089003
v -25.300146 -0.780711 4.245852
v -25.537653 -0.799418 4.291014
v -25.300146 -0.965199 6.118988
v -25.537653 -0.974735 6.071045
v -25.300146 -0.965199 4.189889
v -25.537653 -0.974735 4.237832
v -25.300146 -0.780711 6.063023
v -25.537653 -0.799417 6.017863
v -25.300146 -1.157059 4.170993
v -25.537653 -1.157060 4.219874
v -25.300146 -0.610686 5.972144
v -25.537653 -0.637843 5.931500
v -25.300146 -1.348920 4.189889
v -25.537653 -1.339384 4.237832
v -25.300146 -0.461657 5.849840
v -25.537653 -0.496222 5.815275
v -25.300146 -1.533408 4.245853
v -25.537653 -1.514702 4.291014
v -25.300146 -0.339354 5.700812
v -25.537653 -0.379997 5.673654
v -25.300146 -1.703433 4.336733
v -25.537653 -1.676275 4.377377
v -25.300146 -0.248474 5.530787
v -25.537653 -0.293635 5.512080
v -25.300146 -2.121608 5.346300
v -25.537653 -2.073666 5.336762
v -25.537653 -2.091624 5.154439
v -25.300146 -2.140505 5.154439
v -25.300146 -1.852461 4.459037
v -25.537653 -1.817896 4.493602
v -25.300146 -0.192510 5.346299
v -25.537653 -0.240453 5.336762
v -25.300146 -2.065645 5.530787
v -25.537653 -2.020484 5.512081
v -25.300146 -1.974765 4.608065
v -25.537653 -1.934121 4.635222
v -25.300146 -0.173614 5.154438
v -25.537653 -0.222495 5.154438
v -25.300146 -1.974765 5.700812
v -25.537653 -1.934121 5.673654
v -25.300146 -2.065645 4.778090
v -25.537653 -2.020484 4.796796
v -25.300146 -0.192510 4.962578
v -25.537653 -0.240453 4.972114
v -25.300146 -1.852461 5.849840
v -25.537653 -1.817896 5.815275
v -25.300146 -2.121609 4.962578
v -25.537653 -2.073666 4.972115
v -25.300146 -0.248474 4.778090
v -25.537653 -0.293635 4.796795
v -25.300146 -1.703432 5.972145
v -25.537653 -1.676275 5.931500
v -25.300146 -0.339354 4.608065
v -25.537653 -0.379998 4.635222
v 3.003316 -8.647923 -5.773102
v 3.003317 -8.647923 -5.396504
v 2.776268 -8.677814 -5.396503
v 2.776268 -8.677814 -5.773102
v 2.337645 -8.560286 -5.773102
v 2.337646 -8.560286 -5.396504
v 2.155962 -8.420875 -5.396504
v 2.155962 -8.420875 -5.773102
v 2.016551 -8.239191 -5.396503
v 2.016551 -8.239191 -5.773102
v 1.928913 -8.027617 -5.396503
v 1.928913 -8.027617 -5.773102
v 1.899021 -7.800568 -5.396503
v 1.899021 -7.800568 -5.773102
v 1.928913 -7.573519 -5.396503
v 1.928913 -7.573520 -5.773102
v 2.016551 -7.361945 -5.396503
v 2.016551 -7.361945 -5.773102
v 2.155962 -7.180261 -5.396503
v 2.155962 -7.180261 -5.773102
v 2.337646 -7.040850 -5.396504
v 2.337645 -7.040851 -5.773103
v 2.549220 -6.953213 -5.396504
v 2.549220 -6.953213 -5.773103
v 2.776268 -6.923321 -5.396504
v 2.776268 -6.923322 -5.773103
v 3.003317 -6.953213 -5.396504
v 3.003316 -6.953213 -5.773103
v 3.214891 -7.040850 -5.396504
v 3.214891 -7.040851 -5.773103
v 3.396575 -7.180261 -5.396504
v 3.396575 -7.180261 -5.773102
v 3.535986 -7.361945 -5.396504
v 3.535986 -7.361945 -5.773102
v 3.623623 -7.573519 -5.396504
v 3.623623 -7.573520 -5.773102
v 3.653515 -7.800568 -5.396504
v 3.653515 -7.800568 -5.773103
v 3.623623 -8.027617 -5.396504
v 3.623623 -8.027617 -5.773103
v 3.535986 -8.239191 -5.396504
v 3.535986 -8.239191 -5.773102
v 3.396575 -8.420875 -5.396504
v 3.396575 -8.420875 -5.773102
v 3.214891 -8.560286 -5.396504
v 3.214891 -8.560286 -5.773102
v 2.549220 -8.647923 -5.773102
v 2.549220 -8.647923 -5.396504
v 3.286024 -8.094875 -5.232246
v 3.344827 -7.952912 -5.232246
v 3.125118 -7.894042 -5.349147
v 3.089039 -7.981145 -5.349147
v 2.554965 -8.626483 -5.855232
v 2.776268 -8.655619 -5.855232
v 2.570660 -8.567907 -5.915354
v 2.776268 -8.594976 -5.915354
v 2.592100 -8.487892 -5.937361
v 2.776268 -8.512139 -5.937361
v 2.776268 -8.655619 -5.314375
v 2.554965 -8.626483 -5.314375
v 2.776268 -8.594976 -5.254252
v 2.570660 -8.567908 -5.254252
v 2.776268 -8.512139 -5.232246
v 2.592100 -8.487893 -5.232246
v 2.348743 -8.541063 -5.855232
v 2.379064 -8.488546 -5.915354
v 2.420483 -8.416806 -5.937361
v 2.348743 -8.541063 -5.314375
v 2.379064 -8.488546 -5.254252
v 2.420483 -8.416806 -5.232246
v 2.171656 -8.405180 -5.855232
v 2.214536 -8.362300 -5.915354
v 2.273112 -8.303724 -5.937361
v 2.171656 -8.405180 -5.314375
v 2.214536 -8.362300 -5.254252
v 2.273112 -8.303724 -5.232246
v 2.035773 -8.228093 -5.855231
v 2.088291 -8.197772 -5.915354
v 2.160029 -8.156353 -5.937361
v 2.035773 -8.228093 -5.314374
v 2.088291 -8.197772 -5.254252
v 2.160030 -8.156353 -5.232246
v 1.950353 -8.021872 -5.855231
v 2.008928 -8.006176 -5.915354
v 2.088943 -7.984736 -5.937360
v 1.950353 -8.021872 -5.314374
v 2.008928 -8.006176 -5.254252
v 2.088943 -7.984735 -5.232245
v 1.921218 -7.800568 -5.855231
v 1.981860 -7.800568 -5.915354
v 2.064698 -7.800568 -5.937360
v 1.921219 -7.800568 -5.314374
v 1.981860 -7.800568 -5.254252
v 2.064698 -7.800568 -5.232245
v 1.950353 -7.579265 -5.855231
v 2.008928 -7.594960 -5.915354
v 2.088943 -7.616400 -5.937360
v 1.950353 -7.579264 -5.314374
v 2.008928 -7.594959 -5.254252
v 2.088943 -7.616399 -5.232245
v 2.035773 -7.373043 -5.855231
v 2.088291 -7.403364 -5.915354
v 2.160029 -7.444783 -5.937360
v 2.035773 -7.373043 -5.314374
v 2.088291 -7.403363 -5.254252
v 2.160030 -7.444782 -5.232245
v 2.171656 -7.195956 -5.855231
v 2.214536 -7.238837 -5.915354
v 2.273112 -7.297411 -5.937361
v 2.171656 -7.195956 -5.314374
v 2.214536 -7.238836 -5.254252
v 2.273112 -7.297411 -5.232246
v 2.348743 -7.060073 -5.855232
v 2.379064 -7.112590 -5.915354
v 2.420483 -7.184330 -5.937361
v 2.348743 -7.060073 -5.314375
v 2.379064 -7.112590 -5.254252
v 2.420483 -7.184330 -5.232246
v 2.554965 -6.974653 -5.855232
v 2.570660 -7.033228 -5.915355
v 2.592100 -7.113244 -5.937361
v 2.554965 -6.974653 -5.314375
v 2.570660 -7.033228 -5.254253
v 2.592100 -7.113243 -5.232246
v 2.776268 -6.945518 -5.855232
v 2.776268 -7.006159 -5.915355
v 2.776268 -7.088997 -5.937361
v 2.776268 -6.945518 -5.314375
v 2.776268 -7.006159 -5.254253
v 2.776268 -7.088997 -5.232246
v 2.997571 -6.974653 -5.855232
v 2.981877 -7.033228 -5.915355
v 2.960437 -7.113244 -5.937361
v 2.997571 -6.974652 -5.314375
v 2.981877 -7.033228 -5.254253
v 2.960437 -7.113243 -5.232246
v 3.203794 -7.060073 -5.855232
v 3.173472 -7.112590 -5.915354
v 3.132054 -7.184330 -5.937361
v 3.203794 -7.060073 -5.314375
v 3.173473 -7.112590 -5.254252
v 3.132054 -7.184330 -5.232246
v 3.380880 -7.195956 -5.855232
v 3.338001 -7.238837 -5.915354
v 3.279425 -7.297411 -5.937361
v 3.380880 -7.195956 -5.314375
v 3.338001 -7.238836 -5.254252
v 3.279425 -7.297411 -5.232246
v 3.516763 -7.373043 -5.855232
v 3.464246 -7.403364 -5.915354
v 3.392507 -7.444783 -5.937361
v 3.516763 -7.373043 -5.314375
v 3.464246 -7.403363 -5.254252
v 3.392507 -7.444782 -5.232246
v 3.602183 -7.579265 -5.855232
v 3.543609 -7.594960 -5.915354
v 3.463593 -7.616400 -5.937361
v 3.602183 -7.579264 -5.314375
v 3.543609 -7.594959 -5.254252
v 3.463593 -7.616399 -5.232246
v 3.631318 -7.800568 -5.855232
v 3.570677 -7.800568 -5.915354
v 3.487839 -7.800568 -5.937361
v 3.631318 -7.800568 -5.314375
v 3.570677 -7.800568 -5.254252
v 3.487839 -7.800568 -5.232246
v 3.602183 -8.021872 -5.855232
v 3.543609 -8.006176 -5.915354
v 3.463593 -7.984736 -5.937361
v 3.602183 -8.021872 -5.314375
v 3.543609 -8.006176 -5.254252
v 3.463593 -7.984735 -5.232246
v 3.516763 -8.228093 -5.855232
v 3.464246 -8.197772 -5.915354
v 3.392507 -8.156353 -5.937361
v 3.516763 -8.228093 -5.314375
v 3.464246 -8.197772 -5.254252
v 3.392507 -8.156353 -5.232246
v 3.380880 -8.405180 -5.855232
v 3.338001 -8.362300 -5.915354
v 3.279425 -8.303724 -5.937361
v 3.380880 -8.405180 -5.314375
v 3.338001 -8.362300 -5.254252
v 3.279425 -8.303724 -5.232246
v 3.203794 -8.541063 -5.855232
v 3.173472 -8.488546 -5.915354
v 3.132054 -8.416806 -5.937361
v 3.203794 -8.541063 -5.314375
v 3.173473 -8.488546 -5.254252
v 3.132054 -8.416806 -5.232246
v 2.997571 -8.626483 -5.855232
v 2.981877 -8.567907 -5.915354
v 2.960437 -8.487892 -5.937361
v 2.997571 -8.626483 -5.314375
v 2.981877 -8.567908 -5.254252
v 2.960437 -8.487893 -5.232246
v 2.776268 -8.389183 -5.232246
v 2.623923 -8.369126 -5.232246
v 2.481961 -8.310324 -5.232246
v 2.360054 -8.216782 -5.232246
v 2.266513 -8.094875 -5.232246
v 2.207710 -7.952912 -5.232246
v 2.187654 -7.800568 -5.232246
v 2.207710 -7.648222 -5.232246
v 2.266513 -7.506260 -5.232246
v 2.360054 -7.384354 -5.232246
v 2.481961 -7.290812 -5.232246
v 2.623923 -7.232009 -5.232246
v 2.776268 -7.211953 -5.232246
v 2.928614 -7.232009 -5.232246
v 3.070576 -7.290812 -5.232246
v 3.192482 -7.384354 -5.232246
v 3.286024 -7.506260 -5.232246
v 3.344827 -7.648222 -5.232246
v 3.364883 -7.800568 -5.232246
v 3.192482 -8.216782 -5.232246
v 3.070576 -8.310324 -5.232246
v 2.928614 -8.369126 -5.232246
v 2.776268 -7.439411 -5.349147
v 2.869743 -7.451717 -5.349147
v 2.427418 -7.894042 -5.349147
v 2.415112 -7.800567 -5.349147
v 3.031644 -8.055943 -5.349147
v 2.956847 -7.487797 -5.349147
v 2.427418 -7.707093 -5.349147
v 2.956847 -8.113338 -5.349147
v 3.031644 -7.545191 -5.349147
v 2.463498 -7.619989 -5.349147
v 2.869743 -8.149418 -5.349147
v 2.776268 -8.161724 -5.349147
v 2.682794 -8.149418 -5.349147
v 3.089039 -7.619989 -5.349147
v 2.520893 -7.545191 -5.349147
v 2.595690 -8.113338 -5.349147
v 3.125118 -7.707093 -5.349147
v 2.595690 -7.487797 -5.349147
v 2.520893 -8.055943 -5.349147
v 3.137424 -7.800567 -5.349147
v 2.682794 -7.451717 -5.349147
v 2.463498 -7.981145 -5.349147
v 3.003316 -8.647923 -6.647861
v 2.776268 -8.677814 -6.647861
v 2.776268 -8.677814 -7.024459
v 3.003316 -8.647923 -7.024460
v 2.337645 -8.560286 -6.647861
v 2.155961 -8.420875 -6.647861
v 2.155961 -8.420875 -7.024460
v 2.337645 -8.560286 -7.024460
v 2.016550 -8.239191 -6.647861
v 2.016550 -8.239191 -7.024459
v 1.928913 -8.027616 -6.647861
v 1.928913 -8.027616 -7.024459
v 1.899021 -7.800568 -6.647861
v 1.899021 -7.800568 -7.024459
v 1.928913 -7.573520 -6.647861
v 1.928913 -7.573520 -7.024459
v 2.016550 -7.361945 -6.647861
v 2.016550 -7.361945 -7.024459
v 2.155961 -7.180261 -6.647861
v 2.155961 -7.180261 -7.024459
v 2.337645 -7.040851 -6.647861
v 2.337645 -7.040850 -7.024460
v 2.549220 -6.953213 -6.647861
v 2.549220 -6.953213 -7.024460
v 2.776268 -6.923322 -6.647861
v 2.776268 -6.923322 -7.024460
v 3.003316 -6.953213 -6.647861
v 3.003316 -6.953213 -7.024460
v 3.214891 -7.040851 -6.647861
v 3.214891 -7.040850 -7.024460
v 3.396575 -7.180261 -6.647861
v 3.396574 -7.180261 -7.024460
v 3.535986 -7.361945 -6.647861
v 3.535986 -7.361945 -7.024460
v 3.623623 -7.573520 -6.647861
v 3.623623 -7.573520 -7.024460
v 3.653515 -7.800568 -6.647861
v 3.653515 -7.800568 -7.024460
v 3.623623 -8.027616 -6.647861
v 3.623623 -8.027616 -7.024460
v 3.535986 -8.239191 -6.647861
v 3.535986 -8.239191 -7.024460
v 3.396575 -8.420875 -6.647861
v 3.396574 -8.420875 -7.024460
v 3.214891 -8.560286 -6.647861
v 3.214891 -8.560286 -7.024460
v 2.549220 -8.647923 -6.647861
v 2.549220 -8.647923 -7.024460
v 3.286024 -8.094875 -7.188718
v 3.089038 -7.981146 -7.071817
v 3.125118 -7.894042 -7.071817
v 3.344826 -7.952913 -7.188718
v 2.776268 -8.655618 -6.565732
v 2.554965 -8.626483 -6.565732
v 2.776268 -8.594976 -6.505609
v 2.570660 -8.567907 -6.505609
v 2.776268 -8.512139 -6.483603
v 2.592100 -8.487892 -6.483603
v 2.554965 -8.626483 -7.106589
v 2.776268 -8.655618 -7.106589
v 2.570659 -8.567907 -7.166711
v 2.776268 -8.594976 -7.166711
v 2.592099 -8.487892 -7.188718
v 2.776268 -8.512138 -7.188718
v 2.348742 -8.541063 -6.565732
v 2.379064 -8.488546 -6.505609
v 2.420483 -8.416806 -6.483603
v 2.348742 -8.541063 -7.106589
v 2.379064 -8.488546 -7.166711
v 2.420482 -8.416806 -7.188718
v 2.171656 -8.405180 -6.565732
v 2.214536 -8.362300 -6.505609
v 2.273111 -8.303724 -6.483603
v 2.171656 -8.405180 -7.106589
v 2.214536 -8.362300 -7.166711
v 2.273111 -8.303724 -7.188718
v 2.035773 -8.228093 -6.565731
v 2.088290 -8.197772 -6.505609
v 2.160029 -8.156353 -6.483603
v 2.035773 -8.228093 -7.106588
v 2.088290 -8.197772 -7.166711
v 2.160029 -8.156353 -7.188718
v 1.950353 -8.021872 -6.565731
v 2.008927 -8.006176 -6.505609
v 2.088943 -7.984736 -6.483603
v 1.950353 -8.021872 -7.106588
v 2.008927 -8.006176 -7.166711
v 2.088943 -7.984736 -7.188717
v 1.921218 -7.800568 -6.565731
v 1.981860 -7.800568 -6.505609
v 2.064697 -7.800568 -6.483603
v 1.921218 -7.800568 -7.106588
v 1.981859 -7.800568 -7.166711
v 2.064697 -7.800568 -7.188717
v 1.950353 -7.579265 -6.565731
v 2.008927 -7.594960 -6.505609
v 2.088943 -7.616400 -6.483603
v 1.950353 -7.579265 -7.106588
v 2.008927 -7.594960 -7.166711
v 2.088943 -7.616400 -7.188717
v 2.035773 -7.373043 -6.565731
v 2.088290 -7.403364 -6.505609
v 2.160029 -7.444783 -6.483603
v 2.035773 -7.373044 -7.106588
v 2.088290 -7.403364 -7.166711
v 2.160029 -7.444783 -7.188717
v 2.171656 -7.195956 -6.565731
v 2.214536 -7.238837 -6.505609
v 2.273111 -7.297411 -6.483603
v 2.171656 -7.195957 -7.106588
v 2.214536 -7.238837 -7.166711
v 2.273111 -7.297412 -7.188718
v 2.348742 -7.060073 -6.565732
v 2.379064 -7.112590 -6.505609
v 2.420483 -7.184330 -6.483603
v 2.348742 -7.060073 -7.106589
v 2.379064 -7.112591 -7.166711
v 2.420482 -7.184330 -7.188718
v 2.554965 -6.974653 -6.565732
v 2.570660 -7.033228 -6.505610
v 2.592100 -7.113244 -6.483603
v 2.554965 -6.974653 -7.106589
v 2.570659 -7.033229 -7.166712
v 2.592099 -7.113244 -7.188718
v 2.776268 -6.945518 -6.565732
v 2.776268 -7.006159 -6.505610
v 2.776268 -7.088997 -6.483603
v 2.776268 -6.945518 -7.106589
v 2.776268 -7.006160 -7.166712
v 2.776268 -7.088998 -7.188718
v 2.997571 -6.974653 -6.565732
v 2.981876 -7.033228 -6.505610
v 2.960436 -7.113244 -6.483603
v 2.997571 -6.974653 -7.106589
v 2.981876 -7.033229 -7.166712
v 2.960436 -7.113244 -7.188718
v 3.203794 -7.060073 -6.565732
v 3.173472 -7.112590 -6.505609
v 3.132053 -7.184330 -6.483603
v 3.203793 -7.060073 -7.106589
v 3.173472 -7.112591 -7.166711
v 3.132053 -7.184330 -7.188718
v 3.380880 -7.195956 -6.565732
v 3.338000 -7.238837 -6.505609
v 3.279425 -7.297411 -6.483603
v 3.380880 -7.195957 -7.106589
v 3.338000 -7.238837 -7.166711
v 3.279424 -7.297412 -7.188718
v 3.516763 -7.373043 -6.565732
v 3.464246 -7.403364 -6.505609
v 3.392507 -7.444783 -6.483603
v 3.516763 -7.373044 -7.106589
v 3.464246 -7.403364 -7.166711
v 3.392507 -7.444783 -7.188718
v 3.602183 -7.579265 -6.565732
v 3.543609 -7.594960 -6.505609
v 3.463593 -7.616400 -6.483603
v 3.602183 -7.579265 -7.106589
v 3.543608 -7.594960 -7.166711
v 3.463593 -7.616400 -7.188718
v 3.631318 -7.800568 -6.565732
v 3.570676 -7.800568 -6.505609
v 3.487839 -7.800568 -6.483603
v 3.631318 -7.800568 -7.106589
v 3.570676 -7.800568 -7.166711
v 3.487839 -7.800568 -7.188718
v 3.602183 -8.021872 -6.565732
v 3.543609 -8.006176 -6.505609
v 3.463593 -7.984736 -6.483603
v 3.602183 -8.021872 -7.106589
v 3.543608 -8.006176 -7.166711
v 3.463593 -7.984736 -7.188718
v 3.516763 -8.228093 -6.565732
v 3.464246 -8.197772 -6.505609
v 3.392507 -8.156353 -6.483603
v 3.516763 -8.228093 -7.106589
v 3.464246 -8.197772 -7.166711
v 3.392507 -8.156353 -7.188718
v 3.380880 -8.405180 -6.565732
v 3.338000 -8.362300 -6.505609
v 3.279425 -8.303724 -6.483603
v 3.380880 -8.405180 -7.106589
v 3.338000 -8.362300 -7.166711
v 3.279424 -8.303724 -7.188718
v 3.203794 -8.541063 -6.565732
v 3.173472 -8.488546 -6.505609
v 3.132053 -8.416806 -6.483603
v 3.203793 -8.541063 -7.106589
v 3.173472 -8.488546 -7.166711
v 3.132053 -8.416806 -7.188718
v 2.997571 -8.626483 -6.565732
v 2.981876 -8.567907 -6.505609
v 2.960436 -8.487892 -6.483603
v 2.997571 -8.626483 -7.106589
v 2.981876 -8.567907 -7.166711
v 2.960436 -8.487892 -7.188718
v 2.776268 -8.389183 -7.188718
v 2.623922 -8.369126 -7.188718
v 2.481960 -8.310324 -7.188718
v 2.360054 -8.216782 -7.188718
v 2.266512 -8.094875 -7.188718
v 2.207710 -7.952913 -7.188718
v 2.187653 -7.800568 -7.188718
v 2.207710 -7.648223 -7.188718
v 2.266512 -7.506260 -7.188718
v 2.360054 -7.384355 -7.188718
v 2.481960 -7.290813 -7.188718
v 2.623922 -7.232010 -7.188718
v 2.776268 -7.211954 -7.188718
v 2.928613 -7.232010 -7.188718
v 3.070575 -7.290813 -7.188718
v 3.192482 -7.384355 -7.188718
v 3.286024 -7.506260 -7.188718
v 3.344826 -7.648223 -7.188718
v 3.364883 -7.800568 -7.188718
v 3.192482 -8.216782 -7.188718
v 3.070575 -8.310324 -7.188718
v 2.928613 -8.369126 -7.188718
v 2.869742 -7.451717 -7.071817
v 2.776268 -7.439412 -7.071817
v 2.415112 -7.800568 -7.071817
v 2.427418 -7.894042 -7.071817
v 3.031644 -8.055943 -7.071817
v 2.956846 -7.487797 -7.071817
v 2.427418 -7.707093 -7.071817
v 2.956846 -8.113338 -7.071817
v 3.031644 -7.545191 -7.071817
v 2.463497 -7.619989 -7.071817
v 2.869742 -8.149418 -7.071817
v 2.682794 -8.149418 -7.071817
v 2.776268 -8.161724 -7.071817
v 3.089038 -7.619989 -7.071817
v 2.520892 -7.545191 -7.071817
v 2.595689 -8.113338 -7.071817
v 3.125118 -7.707093 -7.071817
v 2.595689 -7.487797 -7.071817
v 2.520892 -8.055943 -7.071817
v 3.137424 -7.800568 -7.071817
v 2.682794 -7.451717 -7.071817
v 2.463497 -7.981146 -7.071817
v 2.776268 -8.166802 -6.576717
v 2.776268 -8.166802 -5.844246
v 2.681479 -8.154324 -5.844246
v 2.681479 -8.154324 -6.576717
v 2.593150 -8.117737 -5.844246
v 2.593150 -8.117736 -6.576717
v 2.517300 -8.059535 -5.844246
v 2.517300 -8.059535 -6.576717
v 2.459099 -7.983685 -5.844246
v 2.459099 -7.983685 -6.576717
v 2.422512 -7.895356 -5.844246
v 2.422511 -7.895356 -6.576717
v 2.410033 -7.800567 -5.844246
v 2.410033 -7.800567 -6.576717
v 2.422512 -7.705779 -5.844246
v 2.422511 -7.705779 -6.576717
v 2.459099 -7.617450 -5.844246
v 2.459099 -7.617450 -6.576717
v 2.517300 -7.541600 -5.844246
v 2.517300 -7.541600 -6.576717
v 2.593150 -7.483399 -5.844246
v 2.593150 -7.483399 -6.576717
v 2.681479 -7.446812 -5.844246
v 2.681479 -7.446812 -6.576717
v 2.776268 -7.434332 -5.844246
v 2.776268 -7.434332 -6.576717
v 2.871057 -7.446812 -5.844246
v 2.871057 -7.446812 -6.576717
v 2.959386 -7.483399 -5.844246
v 2.959386 -7.483399 -6.576717
v 3.035236 -7.541600 -5.844246
v 3.035236 -7.541600 -6.576717
v 3.093437 -7.617450 -5.844246
v 3.093437 -7.617450 -6.576717
v 3.130025 -7.705779 -5.844246
v 3.130025 -7.705779 -6.576717
v 3.142503 -7.800567 -5.844246
v 3.142503 -7.800567 -6.576717
v 3.130025 -7.895356 -5.844246
v 3.130025 -7.895356 -6.576717
v 3.093437 -7.983685 -5.844246
v 3.093437 -7.983685 -6.576717
v 3.035236 -8.059535 -5.844246
v 3.035236 -8.059535 -6.576717
v 2.959386 -8.117737 -5.844246
v 2.959386 -8.117736 -6.576717
v 2.871057 -8.154324 -5.844246
v 2.871057 -8.154324 -6.576717
v 2.776268 -5.076298 -6.439606
v 2.776268 -7.531470 -6.439605
v 2.716967 -7.531470 -6.431798
v 2.716967 -5.076298 -6.431798
v 2.661706 -7.531470 -6.408909
v 2.661706 -5.076298 -6.408909
v 2.614254 -7.531470 -6.372497
v 2.614254 -5.076298 -6.372497
v 2.577842 -7.531470 -6.325044
v 2.577842 -5.076298 -6.325045
v 2.554952 -7.531470 -6.269784
v 2.554952 -5.076298 -6.269784
v 2.547145 -7.531470 -6.210483
v 2.547145 -5.076298 -6.210483
v 2.554952 -7.531470 -6.151181
v 2.554952 -5.076298 -6.151181
v 2.577842 -7.531470 -6.095921
v 2.577842 -5.076298 -6.095921
v 2.614254 -7.531470 -6.048468
v 2.614254 -5.076298 -6.048469
v 2.661706 -7.531470 -6.012055
v 2.661706 -5.076298 -6.012056
v 2.716967 -7.531470 -5.989166
v 2.716967 -5.076298 -5.989167
v 2.776268 -7.531470 -5.981359
v 2.776268 -5.076298 -5.981359
v 2.835570 -7.531470 -5.989166
v 2.835570 -5.076298 -5.989167
v 2.890830 -7.531470 -6.012055
v 2.890830 -5.076298 -6.012056
v 2.938282 -7.531470 -6.048468
v 2.938282 -5.076298 -6.048469
v 2.974694 -7.531470 -6.095921
v 2.974694 -5.076298 -6.095921
v 2.997584 -7.531470 -6.151181
v 2.997584 -5.076298 -6.151181
v 3.005392 -7.531470 -6.210483
v 3.005392 -5.076298 -6.210483
v 2.997584 -7.531470 -6.269784
v 2.997584 -5.076298 -6.269784
v 2.974694 -7.531470 -6.325044
v 2.974694 -5.076298 -6.325045
v 2.938282 -7.531470 -6.372497
v 2.938282 -5.076298 -6.372497
v 2.890830 -7.531470 -6.408909
v 2.890830 -5.076298 -6.408909
v 2.835569 -7.531470 -6.431798
v 2.835569 -5.076298 -6.431798
v 2.574177 -5.309424 -4.818775
v 2.574175 -6.707612 -6.216962
v 2.581062 -6.744597 -6.179976
v 2.581063 -5.346409 -4.781789
v 2.601251 -6.779062 -6.145512
v 2.601253 -5.380874 -4.747324
v 2.633367 -6.808657 -6.115916
v 2.633369 -5.410470 -4.717729
v 2.675221 -6.831367 -6.093206
v 2.675223 -5.433179 -4.695019
v 2.723963 -6.845643 -6.078931
v 2.723964 -5.447455 -4.680744
v 2.776267 -6.850512 -6.074061
v 2.776269 -5.452324 -4.675875
v 2.828573 -6.845643 -6.078931
v 2.828574 -5.447455 -4.680744
v 2.877313 -6.831367 -6.093207
v 2.877315 -5.433179 -4.695019
v 2.919168 -6.808657 -6.115916
v 2.919169 -5.410470 -4.717729
v 2.951284 -6.779062 -6.145512
v 2.951285 -5.380874 -4.747324
v 2.971472 -6.744597 -6.179976
v 2.971474 -5.346409 -4.781789
v 2.978359 -6.707612 -6.216962
v 2.978360 -5.309424 -4.818775
v 2.971472 -6.670626 -6.253947
v 2.971474 -5.272439 -4.855760
v 2.951284 -6.636161 -6.288412
v 2.951284 -5.237974 -4.890225
v 2.919168 -6.606566 -6.318007
v 2.919169 -5.208378 -4.919821
v 2.877313 -6.583856 -6.340717
v 2.877315 -5.185669 -4.942530
v 2.828573 -6.569580 -6.354993
v 2.828574 -5.171392 -4.956806
v 2.776267 -6.564711 -6.359862
v 2.776268 -5.166524 -4.961676
v 2.723963 -6.569580 -6.354993
v 2.723963 -5.171392 -4.956806
v 2.675221 -6.583856 -6.340717
v 2.675223 -5.185669 -4.942530
v 2.633367 -6.606566 -6.318007
v 2.633368 -5.208378 -4.919821
v 2.601251 -6.636161 -6.288412
v 2.601253 -5.237974 -4.890225
v 2.581062 -6.670626 -6.253947
v 2.581063 -5.272439 -4.855760
v 2.581063 -5.272439 -4.855760
v 2.574177 -5.309424 -4.818775
v 2.574178 -4.397080 -3.906430
v 2.581064 -4.360096 -3.943415
v 2.581063 -5.346409 -4.781789
v 2.601253 -5.380874 -4.747324
v 2.601253 -4.468530 -3.834980
v 2.581064 -4.434065 -3.869445
v 2.776269 -5.452324 -4.675875
v 2.828574 -5.447455 -4.680744
v 2.828575 -4.535111 -3.768399
v 2.776270 -4.539980 -3.763530
v 2.971474 -5.346409 -4.781789
v 2.978360 -5.309424 -4.818775
v 2.978362 -4.397080 -3.906430
v 2.971475 -4.434065 -3.869445
v 2.877315 -5.185669 -4.942530
v 2.828574 -5.171392 -4.956806
v 2.828574 -4.259049 -4.044461
v 2.877316 -4.273325 -4.030186
v 2.633368 -5.208378 -4.919821
v 2.601253 -5.237974 -4.890225
v 2.601253 -4.325631 -3.977880
v 2.633369 -4.296035 -4.007476
v 2.675223 -5.433179 -4.695019
v 2.723964 -5.447455 -4.680744
v 2.723964 -4.535111 -3.768399
v 2.675224 -4.520835 -3.782675
v 2.919169 -5.410470 -4.717729
v 2.951285 -5.380874 -4.747324
v 2.951286 -4.468531 -3.834980
v 2.919170 -4.498127 -3.805384
v 2.951284 -5.237974 -4.890225
v 2.919169 -5.208378 -4.919821
v 2.919170 -4.296035 -4.007476
v 2.951286 -4.325631 -3.977881
v 2.723963 -5.171392 -4.956806
v 2.675223 -5.185669 -4.942530
v 2.675224 -4.273325 -4.030185
v 2.723964 -4.259049 -4.044461
v 2.633369 -5.410470 -4.717729
v 2.633369 -4.498127 -3.805384
v 2.877315 -5.433179 -4.695019
v 2.877316 -4.520835 -3.782675
v 2.971474 -5.272439 -4.855760
v 2.971475 -4.360096 -3.943415
v 2.776268 -5.166524 -4.961676
v 2.776270 -4.254180 -4.049331
v 2.835569 -4.029238 -6.431798
v 2.835569 -5.076298 -6.431798
v 2.776268 -5.076298 -6.439606
v 2.776268 -4.029238 -6.439606
v 2.890830 -4.029238 -6.408909
v 2.890830 -5.076298 -6.408909
v 2.938282 -4.029238 -6.372497
v 2.938282 -5.076298 -6.372497
v 2.974694 -4.029238 -6.325044
v 2.974694 -5.076298 -6.325045
v 2.997584 -4.029238 -6.269784
v 2.997584 -5.076298 -6.269784
v 3.005392 -4.029238 -6.210483
v 3.005392 -5.076298 -6.210483
v 2.997584 -4.029238 -6.151181
v 2.997584 -5.076298 -6.151181
v 2.974694 -4.029238 -6.095921
v 2.974694 -5.076298 -6.095921
v 2.938282 -4.029238 -6.048468
v 2.938282 -5.076298 -6.048469
v 2.890830 -4.029238 -6.012056
v 2.890830 -5.076298 -6.012056
v 2.835570 -4.029238 -5.989166
v 2.835570 -5.076298 -5.989167
v 2.776268 -4.029238 -5.981359
v 2.776268 -5.076298 -5.981359
v 2.716967 -4.029238 -5.989166
v 2.716967 -5.076298 -5.989167
v 2.661706 -4.029238 -6.012056
v 2.661706 -5.076298 -6.012056
v 2.614254 -4.029238 -6.048468
v 2.614254 -5.076298 -6.048469
v 2.577842 -4.029238 -6.095921
v 2.577842 -5.076298 -6.095921
v 2.554952 -4.029238 -6.151181
v 2.554952 -5.076298 -6.151181
v 2.547145 -4.029238 -6.210482
v 2.547145 -5.076298 -6.210483
v 2.554952 -4.029238 -6.269784
v 2.554952 -5.076298 -6.269784
v 2.577842 -4.029238 -6.325044
v 2.577842 -5.076298 -6.325045
v 2.614254 -4.029238 -6.372497
v 2.614254 -5.076298 -6.372497
v 2.661706 -4.029238 -6.408909
v 2.661706 -5.076298 -6.408909
v 2.716967 -4.029238 -6.431798
v 2.716967 -5.076298 -6.431798
v 3.003320 -8.647920 5.773106
v 2.776272 -8.677811 5.773106
v 2.776272 -8.677811 5.396508
v 3.003320 -8.647920 5.396508
v 2.337649 -8.560282 5.773106
v 2.155965 -8.420872 5.773106
v 2.155965 -8.420872 5.396508
v 2.337649 -8.560282 5.396508
v 2.016554 -8.239187 5.773106
v 2.016554 -8.239187 5.396508
v 1.928917 -8.027613 5.773106
v 1.928917 -8.027613 5.396507
v 1.899025 -7.800564 5.773106
v 1.899025 -7.800565 5.396507
v 1.928917 -7.573516 5.773106
v 1.928917 -7.573517 5.396507
v 2.016554 -7.361941 5.773106
v 2.016554 -7.361942 5.396507
v 2.155965 -7.180258 5.773106
v 2.155965 -7.180258 5.396507
v 2.337649 -7.040847 5.773105
v 2.337649 -7.040847 5.396506
v 2.549224 -6.953209 5.773105
v 2.549224 -6.953210 5.396506
v 2.776272 -6.923318 5.773105
v 2.776272 -6.923319 5.396506
v 3.003320 -6.953209 5.773105
v 3.003320 -6.953210 5.396506
v 3.214895 -7.040847 5.773105
v 3.214895 -7.040847 5.396506
v 3.396579 -7.180258 5.773106
v 3.396579 -7.180258 5.396507
v 3.535990 -7.361941 5.773106
v 3.535990 -7.361942 5.396507
v 3.623627 -7.573516 5.773106
v 3.623627 -7.573517 5.396507
v 3.653519 -7.800564 5.773105
v 3.653519 -7.800565 5.396506
v 3.623627 -8.027613 5.773105
v 3.623627 -8.027613 5.396506
v 3.535990 -8.239187 5.773106
v 3.535990 -8.239187 5.396508
v 3.396579 -8.420872 5.773106
v 3.396579 -8.420872 5.396508
v 3.214895 -8.560282 5.773106
v 3.214895 -8.560282 5.396508
v 2.549224 -8.647920 5.773106
v 2.549224 -8.647920 5.396508
v 3.286028 -8.094872 5.232248
v 3.089042 -7.981143 5.349150
v 3.125122 -7.894039 5.349150
v 3.344830 -7.952909 5.232248
v 2.776272 -8.655615 5.855235
v 2.554969 -8.626479 5.855235
v 2.776272 -8.594974 5.915358
v 2.570664 -8.567904 5.915358
v 2.776272 -8.512136 5.937364
v 2.592104 -8.487889 5.937364
v 2.554969 -8.626479 5.314379
v 2.776272 -8.655615 5.314379
v 2.570663 -8.567904 5.254256
v 2.776272 -8.594974 5.254256
v 2.592103 -8.487889 5.232250
v 2.776272 -8.512136 5.232250
v 2.348747 -8.541059 5.855235
v 2.379068 -8.488543 5.915358
v 2.420487 -8.416802 5.937364
v 2.348746 -8.541059 5.314379
v 2.379068 -8.488543 5.254256
v 2.420486 -8.416802 5.232250
v 2.171660 -8.405176 5.855235
v 2.214540 -8.362296 5.915358
v 2.273115 -8.303721 5.937364
v 2.171660 -8.405176 5.314379
v 2.214540 -8.362296 5.254256
v 2.273115 -8.303721 5.232250
v 2.035777 -8.228089 5.855235
v 2.088295 -8.197769 5.915358
v 2.160033 -8.156350 5.937364
v 2.035777 -8.228089 5.314379
v 2.088294 -8.197769 5.254255
v 2.160033 -8.156350 5.232248
v 1.950357 -8.021868 5.855235
v 2.008931 -8.006172 5.915358
v 2.088947 -7.984732 5.937364
v 1.950357 -8.021868 5.314379
v 2.008931 -8.006172 5.254255
v 2.088947 -7.984733 5.232249
v 1.921222 -7.800564 5.855235
v 1.981864 -7.800564 5.915358
v 2.064701 -7.800564 5.937364
v 1.921222 -7.800565 5.314379
v 1.981863 -7.800565 5.254255
v 2.064701 -7.800565 5.232249
v 1.950357 -7.579261 5.855235
v 2.008931 -7.594956 5.915358
v 2.088947 -7.616396 5.937364
v 1.950357 -7.579261 5.314379
v 2.008931 -7.594957 5.254255
v 2.088947 -7.616397 5.232249
v 2.035777 -7.373040 5.855235
v 2.088295 -7.403360 5.915358
v 2.160033 -7.444779 5.937364
v 2.035777 -7.373040 5.314378
v 2.088294 -7.403361 5.254255
v 2.160033 -7.444780 5.232249
v 2.171660 -7.195953 5.855235
v 2.214540 -7.238833 5.915358
v 2.273115 -7.297408 5.937364
v 2.171660 -7.195953 5.314378
v 2.214540 -7.238833 5.254255
v 2.273115 -7.297409 5.232248
v 2.348747 -7.060070 5.855234
v 2.379068 -7.112586 5.915358
v 2.420487 -7.184326 5.937364
v 2.348746 -7.060070 5.314377
v 2.379068 -7.112587 5.254255
v 2.420486 -7.184327 5.232248
v 2.554969 -6.974649 5.855234
v 2.570664 -7.033225 5.915357
v 2.592104 -7.113240 5.937364
v 2.554969 -6.974650 5.314377
v 2.570663 -7.033225 5.254254
v 2.592103 -7.113240 5.232248
v 2.776272 -6.945515 5.855234
v 2.776272 -7.006156 5.915357
v 2.776272 -7.088994 5.937364
v 2.776272 -6.945515 5.314377
v 2.776272 -7.006156 5.254254
v 2.776272 -7.088995 5.232248
v 2.997575 -6.974649 5.855234
v 2.981880 -7.033225 5.915357
v 2.960441 -7.113240 5.937364
v 2.997575 -6.974650 5.314377
v 2.981880 -7.033225 5.254254
v 2.960440 -7.113240 5.232248
v 3.203798 -7.060070 5.855234
v 3.173476 -7.112586 5.915358
v 3.132057 -7.184326 5.937364
v 3.203797 -7.060070 5.314377
v 3.173476 -7.112587 5.254255
v 3.132057 -7.184327 5.232248
v 3.380884 -7.195953 5.855235
v 3.338004 -7.238833 5.915358
v 3.279429 -7.297408 5.937364
v 3.380884 -7.195953 5.314377
v 3.338004 -7.238833 5.254255
v 3.279428 -7.297409 5.232248
v 3.516767 -7.373040 5.855235
v 3.464250 -7.403360 5.915358
v 3.392511 -7.444779 5.937364
v 3.516767 -7.373040 5.314377
v 3.464251 -7.403361 5.254255
v 3.392511 -7.444780 5.232248
v 3.602187 -7.579261 5.855235
v 3.543613 -7.594956 5.915358
v 3.463597 -7.616396 5.937364
v 3.602187 -7.579261 5.314379
v 3.543612 -7.594957 5.254255
v 3.463597 -7.616397 5.232248
v 3.631322 -7.800564 5.855234
v 3.570680 -7.800564 5.915358
v 3.487843 -7.800564 5.937364
v 3.631322 -7.800565 5.314378
v 3.570680 -7.800565 5.254255
v 3.487843 -7.800565 5.232248
v 3.602187 -8.021868 5.855234
v 3.543613 -8.006172 5.915358
v 3.463597 -7.984732 5.937364
v 3.602187 -8.021868 5.314378
v 3.543612 -8.006172 5.254255
v 3.463597 -7.984733 5.232248
v 3.516767 -8.228089 5.855235
v 3.464251 -8.197769 5.915358
v 3.392511 -8.156350 5.937364
v 3.516767 -8.228089 5.314379
v 3.464250 -8.197769 5.254255
v 3.392511 -8.156350 5.232248
v 3.380884 -8.405176 5.855235
v 3.338004 -8.362296 5.915358
v 3.279429 -8.303721 5.937364
v 3.380884 -8.405176 5.314379
v 3.338004 -8.362296 5.254256
v 3.279428 -8.303721 5.232250
v 3.203798 -8.541059 5.855235
v 3.173476 -8.488543 5.915358
v 3.132057 -8.416802 5.937364
v 3.203797 -8.541059 5.314379
v 3.173476 -8.488543 5.254256
v 3.132057 -8.416802 5.232250
v 2.997575 -8.626479 5.855235
v 2.981880 -8.567904 5.915358
v 2.960441 -8.487889 5.937364
v 2.997575 -8.626479 5.314379
v 2.981880 -8.567904 5.254256
v 2.960440 -8.487889 5.232250
v 2.776272 -8.389179 5.232250
v 2.623928 -8.369123 5.232250
v 2.481964 -8.310320 5.232250
v 2.360058 -8.216778 5.232250
v 2.266516 -8.094872 5.232248
v 2.207714 -7.952909 5.232248
v 2.187657 -7.800565 5.232248
v 2.207714 -7.648220 5.232248
v 2.266516 -7.506257 5.232248
v 2.360058 -7.384352 5.232248
v 2.481964 -7.290810 5.232248
v 2.623926 -7.232007 5.232248
v 2.776272 -7.211950 5.232248
v 2.928617 -7.232007 5.232248
v 3.070579 -7.290810 5.232248
v 3.192486 -7.384352 5.232248
v 3.286028 -7.506257 5.232248
v 3.344830 -7.648220 5.232248
v 3.364887 -7.800565 5.232248
v 3.192486 -8.216778 5.232250
v 3.070579 -8.310320 5.232250
v 2.928617 -8.369123 5.232250
v 2.869746 -7.451715 5.349150
v 2.776272 -7.439408 5.349150
v 2.415116 -7.800565 5.349150
v 2.427422 -7.894039 5.349150
v 3.031648 -8.055941 5.349150
v 2.956851 -7.487794 5.349150
v 2.427422 -7.707090 5.349150
v 2.956851 -8.113335 5.349150
v 3.031648 -7.545188 5.349150
v 2.463501 -7.619986 5.349150
v 2.869746 -8.149414 5.349150
v 2.682798 -8.149414 5.349150
v 2.776272 -8.161720 5.349150
v 3.089042 -7.619986 5.349150
v 2.520896 -7.545188 5.349150
v 2.595693 -8.113335 5.349150
v 3.125122 -7.707090 5.349150
v 2.595693 -7.487794 5.349150
v 2.520896 -8.055941 5.349150
v 3.137428 -7.800565 5.349150
v 2.682798 -7.451715 5.349150
v 2.463501 -7.981143 5.349150
v 3.003320 -8.647920 6.647864
v 3.003321 -8.647920 7.024464
v 2.776273 -8.677811 7.024464
v 2.776272 -8.677811 6.647864
v 2.337649 -8.560282 6.647864
v 2.337650 -8.560282 7.024464
v 2.155966 -8.420871 7.024464
v 2.155966 -8.420871 6.647864
v 2.016555 -8.239187 7.024464
v 2.016554 -8.239187 6.647864
v 1.928918 -8.027613 7.024464
v 1.928917 -8.027613 6.647864
v 1.899025 -7.800564 7.024464
v 1.899025 -7.800564 6.647864
v 1.928918 -7.573516 7.024464
v 1.928917 -7.573516 6.647864
v 2.016555 -7.361941 7.024463
v 2.016554 -7.361941 6.647864
v 2.155966 -7.180258 7.024463
v 2.155966 -7.180257 6.647864
v 2.337650 -7.040847 7.024462
v 2.337649 -7.040847 6.647863
v 2.549224 -6.953209 7.024462
v 2.549224 -6.953209 6.647863
v 2.776273 -6.923318 7.024462
v 2.776272 -6.923318 6.647863
v 3.003321 -6.953209 7.024462
v 3.003320 -6.953209 6.647863
v 3.214895 -7.040847 7.024462
v 3.214895 -7.040847 6.647863
v 3.396579 -7.180258 7.024462
v 3.396579 -7.180257 6.647864
v 3.535990 -7.361941 7.024462
v 3.535990 -7.361941 6.647864
v 3.623627 -7.573516 7.024464
v 3.623627 -7.573516 6.647864
v 3.653519 -7.800564 7.024463
v 3.653519 -7.800564 6.647863
v 3.623627 -8.027613 7.024463
v 3.623627 -8.027613 6.647863
v 3.535990 -8.239187 7.024464
v 3.535990 -8.239187 6.647864
v 3.396579 -8.420871 7.024464
v 3.396579 -8.420871 6.647864
v 3.214895 -8.560282 7.024464
v 3.214895 -8.560282 6.647864
v 2.549224 -8.647920 6.647864
v 2.549224 -8.647920 7.024464
v 3.286028 -8.094872 7.188722
v 3.344831 -7.952909 7.188722
v 3.125123 -7.894038 7.071821
v 3.089043 -7.981143 7.071821
v 2.554969 -8.626479 6.565735
v 2.776272 -8.655615 6.565735
v 2.570664 -8.567904 6.505612
v 2.776272 -8.594974 6.505612
v 2.592104 -8.487889 6.483606
v 2.776272 -8.512136 6.483606
v 2.776273 -8.655615 7.106593
v 2.554970 -8.626479 7.106593
v 2.776273 -8.594973 7.166715
v 2.570664 -8.567904 7.166715
v 2.776273 -8.512136 7.188722
v 2.592104 -8.487889 7.188722
v 2.348747 -8.541059 6.565735
v 2.379068 -8.488543 6.505612
v 2.420487 -8.416802 6.483606
v 2.348747 -8.541059 7.106593
v 2.379068 -8.488543 7.166715
v 2.420487 -8.416802 7.188722
v 2.171660 -8.405176 6.565735
v 2.214540 -8.362296 6.505612
v 2.273116 -8.303721 6.483606
v 2.171660 -8.405176 7.106593
v 2.214540 -8.362296 7.166715
v 2.273116 -8.303720 7.188722
v 2.035777 -8.228089 6.565735
v 2.088295 -8.197769 6.505613
v 2.160033 -8.156350 6.483606
v 2.035778 -8.228089 7.106593
v 2.088295 -8.197769 7.166716
v 2.160034 -8.156350 7.188722
v 1.950357 -8.021868 6.565735
v 2.008932 -8.006172 6.505613
v 2.088947 -7.984733 6.483607
v 1.950357 -8.021868 7.106592
v 2.008932 -8.006172 7.166716
v 2.088947 -7.984732 7.188722
v 1.921222 -7.800564 6.565735
v 1.981864 -7.800564 6.505613
v 2.064702 -7.800564 6.483607
v 1.921223 -7.800564 7.106592
v 1.981864 -7.800564 7.166716
v 2.064702 -7.800564 7.188722
v 1.950357 -7.579261 6.565735
v 2.008932 -7.594956 6.505613
v 2.088947 -7.616396 6.483607
v 1.950357 -7.579260 7.106592
v 2.008932 -7.594956 7.166716
v 2.088947 -7.616395 7.188722
v 2.035777 -7.373040 6.565735
v 2.088295 -7.403360 6.505613
v 2.160033 -7.444779 6.483607
v 2.035778 -7.373039 7.106592
v 2.088295 -7.403360 7.166716
v 2.160034 -7.444779 7.188722
v 2.171660 -7.195953 6.565735
v 2.214540 -7.238833 6.505613
v 2.273116 -7.297408 6.483606
v 2.171660 -7.195952 7.106592
v 2.214540 -7.238832 7.166715
v 2.273116 -7.297408 7.188721
v 2.348747 -7.060070 6.565734
v 2.379068 -7.112586 6.505612
v 2.420487 -7.184326 6.483606
v 2.348747 -7.060069 7.106591
v 2.379068 -7.112586 7.166714
v 2.420487 -7.184326 7.188721
v 2.554969 -6.974649 6.565734
v 2.570664 -7.033225 6.505612
v 2.592104 -7.113240 6.483606
v 2.554970 -6.974649 7.106591
v 2.570664 -7.033224 7.166714
v 2.592104 -7.113239 7.188721
v 2.776272 -6.945515 6.565734
v 2.776272 -7.006156 6.505612
v 2.776272 -7.088994 6.483606
v 2.776273 -6.945514 7.106591
v 2.776273 -7.006155 7.166714
v 2.776273 -7.088993 7.188721
v 2.997575 -6.974649 6.565734
v 2.981881 -7.033225 6.505612
v 2.960441 -7.113240 6.483606
v 2.997575 -6.974649 7.106591
v 2.981881 -7.033224 7.166714
v 2.960441 -7.113239 7.188721
v 3.203798 -7.060070 6.565734
v 3.173476 -7.112586 6.505612
v 3.132058 -7.184326 6.483606
v 3.203798 -7.060069 7.106591
v 3.173477 -7.112586 7.166714
v 3.132058 -7.184326 7.188721
v 3.380884 -7.195953 6.565735
v 3.338005 -7.238833 6.505612
v 3.279429 -7.297408 6.483606
v 3.380885 -7.195952 7.106591
v 3.338005 -7.238832 7.166714
v 3.279429 -7.297408 7.188721
v 3.516767 -7.373040 6.565735
v 3.464250 -7.403360 6.505612
v 3.392511 -7.444779 6.483606
v 3.516768 -7.373039 7.106591
v 3.464251 -7.403360 7.166715
v 3.392511 -7.444779 7.188722
v 3.602187 -7.579261 6.565735
v 3.543613 -7.594956 6.505612
v 3.463597 -7.616396 6.483606
v 3.602187 -7.579260 7.106591
v 3.543613 -7.594956 7.166715
v 3.463598 -7.616395 7.188722
v 3.631322 -7.800564 6.565734
v 3.570681 -7.800564 6.505612
v 3.487843 -7.800564 6.483606
v 3.631322 -7.800564 7.106591
v 3.570681 -7.800564 7.166715
v 3.487843 -7.800564 7.188722
v 3.602187 -8.021868 6.565734
v 3.543613 -8.006172 6.505612
v 3.463597 -7.984733 6.483606
v 3.602187 -8.021868 7.106591
v 3.543613 -8.006172 7.166715
v 3.463598 -7.984732 7.188722
v 3.516767 -8.228089 6.565735
v 3.464251 -8.197769 6.505612
v 3.392511 -8.156350 6.483606
v 3.516768 -8.228089 7.106593
v 3.464250 -8.197769 7.166715
v 3.392511 -8.156350 7.188722
v 3.380884 -8.405176 6.565735
v 3.338005 -8.362296 6.505612
v 3.279429 -8.303721 6.483606
v 3.380885 -8.405176 7.106593
v 3.338005 -8.362296 7.166715
v 3.279429 -8.303720 7.188722
v 3.203798 -8.541059 6.565735
v 3.173476 -8.488543 6.505612
v 3.132058 -8.416802 6.483606
v 3.203798 -8.541059 7.106593
v 3.173477 -8.488543 7.166715
v 3.132058 -8.416802 7.188722
v 2.997575 -8.626479 6.565735
v 2.981881 -8.567904 6.505612
v 2.960441 -8.487889 6.483606
v 2.997575 -8.626479 7.106593
v 2.981881 -8.567904 7.166715
v 2.960441 -8.487889 7.188722
v 2.776273 -8.389179 7.188722
v 2.623928 -8.369123 7.188722
v 2.481965 -8.310320 7.188722
v 2.360059 -8.216778 7.188722
v 2.266517 -8.094872 7.188722
v 2.207714 -7.952909 7.188722
v 2.187657 -7.800564 7.188722
v 2.207714 -7.648219 7.188722
v 2.266517 -7.506256 7.188722
v 2.360059 -7.384351 7.188721
v 2.481965 -7.290809 7.188721
v 2.623927 -7.232006 7.188721
v 2.776273 -7.211949 7.188721
v 2.928618 -7.232006 7.188721
v 3.070580 -7.290809 7.188721
v 3.192487 -7.384351 7.188721
v 3.286028 -7.506256 7.188722
v 3.344831 -7.648219 7.188722
v 3.364887 -7.800564 7.188722
v 3.192487 -8.216778 7.188722
v 3.070580 -8.310320 7.188722
v 2.928618 -8.369123 7.188722
v 2.776273 -7.439408 7.071821
v 2.869747 -7.451714 7.071821
v 2.427422 -7.894038 7.071821
v 2.415116 -7.800564 7.071821
v 3.031648 -8.055941 7.071821
v 2.956851 -7.487794 7.071821
v 2.427422 -7.707090 7.071821
v 2.956851 -8.113335 7.071821
v 3.031648 -7.545188 7.071821
v 2.463502 -7.619986 7.071821
v 2.869747 -8.149414 7.071821
v 2.776273 -8.161720 7.071821
v 2.682798 -8.149414 7.071821
v 3.089043 -7.619986 7.071821
v 2.520897 -7.545188 7.071821
v 2.595694 -8.113335 7.071821
v 3.125123 -7.707090 7.071821
v 2.595694 -7.487794 7.071821
v 2.520897 -8.055941 7.071821
v 3.137429 -7.800564 7.071821
v 2.682798 -7.451714 7.071821
v 2.463502 -7.981143 7.071821
v 2.776272 -8.166799 6.576719
v 2.681484 -8.154320 6.576719
v 2.681483 -8.154320 5.844250
v 2.776272 -8.166800 5.844250
v 2.593154 -8.117733 6.576719
v 2.593154 -8.117733 5.844250
v 2.517304 -8.059531 6.576719
v 2.517304 -8.059531 5.844250
v 2.459103 -7.983682 6.576719
v 2.459103 -7.983681 5.844250
v 2.422516 -7.895352 6.576719
v 2.422515 -7.895352 5.844250
v 2.410038 -7.800564 6.576719
v 2.410037 -7.800564 5.844250
v 2.422516 -7.705775 6.576719
v 2.422515 -7.705775 5.844250
v 2.459103 -7.617446 6.576719
v 2.459103 -7.617446 5.844250
v 2.517304 -7.541596 6.576719
v 2.517304 -7.541596 5.844250
v 2.593154 -7.483395 6.576719
v 2.593154 -7.483395 5.844250
v 2.681484 -7.446808 6.576719
v 2.681483 -7.446808 5.844250
v 2.776272 -7.434329 6.576719
v 2.776272 -7.434329 5.844250
v 2.871061 -7.446808 6.576719
v 2.871061 -7.446808 5.844250
v 2.959390 -7.483395 6.576719
v 2.959390 -7.483395 5.844250
v 3.035240 -7.541596 6.576719
v 3.035240 -7.541596 5.844250
v 3.093441 -7.617446 6.576719
v 3.093441 -7.617446 5.844250
v 3.130029 -7.705775 6.576719
v 3.130029 -7.705775 5.844250
v 3.142507 -7.800564 6.576719
v 3.142507 -7.800564 5.844250
v 3.130029 -7.895352 6.576719
v 3.130029 -7.895352 5.844250
v 3.093441 -7.983682 6.576719
v 3.093441 -7.983681 5.844250
v 3.035240 -8.059531 6.576719
v 3.035240 -8.059531 5.844250
v 2.959390 -8.117733 6.576719
v 2.959390 -8.117733 5.844250
v 2.871061 -8.154320 6.576719
v 2.871061 -8.154320 5.844250
v 2.776272 -5.076294 6.439608
v 2.716971 -5.076294 6.431800
v 2.716971 -7.531466 6.431802
v 2.776272 -7.531466 6.439609
v 2.661711 -5.076294 6.408910
v 2.661711 -7.531466 6.408911
v 2.614258 -5.076294 6.372499
v 2.614258 -7.531466 6.372500
v 2.577846 -5.076294 6.325046
v 2.577846 -7.531466 6.325047
v 2.554956 -5.076294 6.269785
v 2.554956 -7.531466 6.269786
v 2.547149 -5.076294 6.210484
v 2.547149 -7.531466 6.210485
v 2.554956 -5.076294 6.151183
v 2.554956 -7.531466 6.151184
v 2.577846 -5.076294 6.095922
v 2.577846 -7.531466 6.095923
v 2.614258 -5.076294 6.048470
v 2.614258 -7.531466 6.048470
v 2.661710 -5.076294 6.012058
v 2.661710 -7.531466 6.012059
v 2.716971 -5.076294 5.989168
v 2.716971 -7.531466 5.989169
v 2.776272 -5.076294 5.981360
v 2.776272 -7.531466 5.981363
v 2.835573 -5.076294 5.989168
v 2.835573 -7.531466 5.989169
v 2.890834 -5.076294 6.012058
v 2.890834 -7.531466 6.012059
v 2.938286 -5.076294 6.048470
v 2.938286 -7.531466 6.048470
v 2.974699 -5.076294 6.095922
v 2.974699 -7.531466 6.095923
v 2.997588 -5.076294 6.151183
v 2.997588 -7.531466 6.151184
v 3.005396 -5.076294 6.210484
v 3.005396 -7.531466 6.210485
v 2.997588 -5.076294 6.269785
v 2.997588 -7.531466 6.269786
v 2.974699 -5.076294 6.325046
v 2.974699 -7.531466 6.325047
v 2.938287 -5.076294 6.372499
v 2.938287 -7.531466 6.372500
v 2.890834 -5.076294 6.408910
v 2.890834 -7.531466 6.408911
v 2.835574 -5.076294 6.431800
v 2.835574 -7.531466 6.431802
v 2.574180 -5.309422 4.818777
v 2.581066 -5.346407 4.781791
v 2.581066 -6.744593 6.179978
v 2.574179 -6.707608 6.216964
v 2.601256 -5.380872 4.747326
v 2.601255 -6.779058 6.145514
v 2.633372 -5.410467 4.717729
v 2.633371 -6.808653 6.115918
v 2.675226 -5.433177 4.695020
v 2.675225 -6.831363 6.093209
v 2.723967 -5.447453 4.680745
v 2.723967 -6.845639 6.078932
v 2.776272 -5.452322 4.675876
v 2.776271 -6.850508 6.074064
v 2.828577 -5.447453 4.680745
v 2.828577 -6.845639 6.078932
v 2.877318 -5.433177 4.695020
v 2.877317 -6.831363 6.093209
v 2.919173 -5.410467 4.717731
v 2.919172 -6.808653 6.115918
v 2.951289 -5.380872 4.747326
v 2.951288 -6.779058 6.145514
v 2.971477 -5.346407 4.781791
v 2.971478 -6.744593 6.179978
v 2.978364 -5.309422 4.818777
v 2.978363 -6.707608 6.216964
v 2.971477 -5.272436 4.855761
v 2.971478 -6.670622 6.253950
v 2.951289 -5.237971 4.890226
v 2.951288 -6.636158 6.288414
v 2.919173 -5.208375 4.919821
v 2.919172 -6.606562 6.318010
v 2.877318 -5.185666 4.942531
v 2.877317 -6.583852 6.340720
v 2.828578 -5.171391 4.956807
v 2.828577 -6.569577 6.354995
v 2.776272 -5.166521 4.961676
v 2.776271 -6.564707 6.359865
v 2.723966 -5.171391 4.956807
v 2.723967 -6.569577 6.354995
v 2.675226 -5.185666 4.942531
v 2.675225 -6.583852 6.340720
v 2.633371 -5.208375 4.919821
v 2.633371 -6.606562 6.318010
v 2.601256 -5.237971 4.890226
v 2.601255 -6.636158 6.288414
v 2.581066 -5.272436 4.855761
v 2.581066 -6.670622 6.253950
v 2.581066 -5.272436 4.855761
v 2.581066 -4.360093 3.943417
v 2.574181 -4.397079 3.906431
v 2.574180 -5.309422 4.818777
v 2.581066 -5.346407 4.781791
v 2.581066 -4.434063 3.869446
v 2.601255 -4.468528 3.834981
v 2.601256 -5.380872 4.747326
v 2.776272 -5.452322 4.675876
v 2.776273 -4.539979 3.763530
v 2.828577 -4.535109 3.768400
v 2.828577 -5.447453 4.680745
v 2.971477 -5.346407 4.781791
v 2.971478 -4.434063 3.869446
v 2.978364 -4.397079 3.906431
v 2.978364 -5.309422 4.818777
v 2.877318 -5.185666 4.942531
v 2.877319 -4.273323 4.030187
v 2.828577 -4.259047 4.044463
v 2.828578 -5.171391 4.956807
v 2.633371 -5.208375 4.919821
v 2.633372 -4.296032 4.007477
v 2.601255 -4.325628 3.977881
v 2.601256 -5.237971 4.890226
v 2.675226 -5.433177 4.695020
v 2.675227 -4.520833 3.782675
v 2.723967 -4.535109 3.768400
v 2.723967 -5.447453 4.680745
v 2.919173 -5.410467 4.717731
v 2.919172 -4.498125 3.805385
v 2.951288 -4.468529 3.834981
v 2.951289 -5.380872 4.747326
v 2.951289 -5.237971 4.890226
v 2.951289 -4.325628 3.977881
v 2.919172 -4.296032 4.007477
v 2.919173 -5.208375 4.919821
v 2.723966 -5.171391 4.956807
v 2.723967 -4.259047 4.044463
v 2.675227 -4.273323 4.030186
v 2.675226 -5.185666 4.942531
v 2.633372 -4.498125 3.805385
v 2.633372 -5.410467 4.717729
v 2.877318 -4.520833 3.782675
v 2.877318 -5.433177 4.695020
v 2.971478 -4.360093 3.943417
v 2.971477 -5.272436 4.855761
v 2.776273 -4.254178 4.049332
v 2.776272 -5.166521 4.961676
v 2.835574 -4.029235 6.431800
v 2.776272 -4.029235 6.439606
v 2.776272 -5.076294 6.439608
v 2.835574 -5.076294 6.431800
v 2.890834 -4.029235 6.408910
v 2.890834 -5.076294 6.408910
v 2.938287 -4.029235 6.372499
v 2.938287 -5.076294 6.372499
v 2.974699 -4.029235 6.325045
v 2.974699 -5.076294 6.325046
v 2.997588 -4.029235 6.269785
v 2.997588 -5.076294 6.269785
v 3.005396 -4.029235 6.210484
v 3.005396 -5.076294 6.210484
v 2.997588 -4.029235 6.151183
v 2.997588 -5.076294 6.151183
v 2.974699 -4.029235 6.095922
v 2.974699 -5.076294 6.095922
v 2.938286 -4.029235 6.048469
v 2.938286 -5.076294 6.048470
v 2.890834 -4.029235 6.012056
v 2.890834 -5.076294 6.012058
v 2.835573 -4.029235 5.989167
v 2.835573 -5.076294 5.989168
v 2.776272 -4.029235 5.981360
v 2.776272 -5.076294 5.981360
v 2.716971 -4.029235 5.989167
v 2.716971 -5.076294 5.989168
v 2.661710 -4.029235 6.012057
v 2.661710 -5.076294 6.012058
v 2.614258 -4.029235 6.048469
v 2.614258 -5.076294 6.048470
v 2.577846 -4.029235 6.095923
v 2.577846 -5.076294 6.095922
v 2.554956 -4.029235 6.151183
v 2.554956 -5.076294 6.151183
v 2.547149 -4.029235 6.210485
v 2.547149 -5.076294 6.210484
v 2.554956 -4.029235 6.269786
v 2.554956 -5.076294 6.269785
v 2.577846 -4.029235 6.325045
v 2.577846 -5.076294 6.325046
v 2.614258 -4.029235 6.372499
v 2.614258 -5.076294 6.372499
v 2.661711 -4.029235 6.408911
v 2.661711 -5.076294 6.408910
v 2.716971 -4.029235 6.431800
v 2.716971 -5.076294 6.431800
v -26.138077 4.950545 -7.422235
v -26.138077 4.985843 -7.422235
v -26.130484 4.985362 -7.609512
v -26.130484 4.955322 -7.609512
v -26.115370 4.984659 -7.671928
v -26.115370 4.957296 -7.671928
v -24.159594 5.092463 -5.296827
v -23.774395 5.057162 -5.263380
v -24.210493 5.038541 -6.743072
v -24.524422 5.061882 -6.786414
v -26.120308 4.880476 -7.079037
v -26.139784 4.943356 -7.082373
v -26.120098 4.896445 -7.418475
v -26.085945 4.957098 -7.695800
v -26.085945 4.986110 -7.695800
v -26.020491 4.987953 -7.699859
v -26.020491 4.956336 -7.699859
v -26.066978 5.092463 -5.462410
v -26.082235 5.063371 -6.926170
v -26.119982 5.039445 -6.931406
v -26.112764 5.057162 -5.466360
v -26.120098 5.031341 -7.418475
v -26.115217 5.023483 -7.603385
v -26.108246 5.015768 -7.657650
v -25.387384 4.955976 -7.597879
v -25.387384 4.988768 -7.597880
v -25.048855 4.987953 -7.535143
v -25.048855 4.956336 -7.535143
v -26.115217 4.909797 -7.603386
v -26.108246 4.919150 -7.657650
v -26.066978 4.777624 -5.462410
v -26.112764 4.812923 -5.466361
v -26.119986 4.873976 -6.932385
v -26.082254 4.850092 -6.927938
v -24.731970 4.986110 -7.467535
v -24.731970 4.957098 -7.467535
v -25.686224 4.988884 -7.649473
v -25.686224 4.955925 -7.649473
v -25.683674 4.904291 -7.616096
v -25.383890 4.904608 -7.565005
v -24.480698 4.984659 -7.398704
v -24.480698 4.957296 -7.398704
v -25.683674 5.031514 -7.616096
v -25.383890 5.031178 -7.565005
v -25.048281 5.028833 -7.504431
v -24.744743 5.023032 -7.443354
v -24.546297 5.015768 -7.397532
v -23.535732 4.910856 -5.242690
v -23.535732 4.974752 -5.242690
v -22.990385 4.964049 -3.560004
v -22.990385 4.875559 -3.560004
v -24.744743 4.912293 -7.443354
v -24.546297 4.919150 -7.397532
v -25.048281 4.906820 -7.504432
v -25.973282 4.759499 -5.454316
v -26.004921 4.837863 -6.918515
v -25.105593 5.117268 -5.378995
v -24.705383 5.111667 -5.344237
v -24.970594 5.076619 -6.773613
v -25.287237 5.080234 -6.817363
v -25.882204 4.863372 -7.385231
v -26.015018 4.867035 -7.405058
v -26.018257 4.886041 -7.597188
v -25.890276 4.883038 -7.578667
v -26.086029 4.876991 -7.414279
v -26.085024 4.894117 -7.602427
v -25.305635 4.841731 -6.962388
v -25.637232 4.841095 -7.008707
v -25.663424 4.862848 -7.351282
v -25.348969 4.863372 -7.302210
v -25.867701 4.841723 -7.041326
v -26.007946 4.846070 -7.061830
v -26.083544 4.857779 -7.073306
v -26.137068 4.910856 -5.468490
v -26.140003 4.940314 -6.934851
v -26.083664 4.912293 -7.667271
v -26.019249 4.906820 -7.667505
v -25.893263 4.904608 -7.650771
v -25.678164 4.882608 -7.544054
v -26.139784 4.984373 -7.082750
v -24.556376 5.107802 -5.331295
v -24.848104 5.069425 -6.900690
v -24.464993 5.246679 -0.234951
v -23.696791 5.232462 -0.234951
v -23.867462 5.198035 -1.583363
v -24.629066 5.213553 -1.600815
v -25.348969 5.064526 -7.302209
v -24.986206 5.060837 -7.245009
v -25.030182 5.047527 -7.434596
v -25.374239 5.050607 -7.493605
v -24.635220 5.050826 -7.188848
v -24.709185 5.039280 -7.376615
v -24.464993 4.470877 -0.234951
v -25.124622 4.468845 -0.234950
v -25.224991 4.541531 -1.614034
v -24.629541 4.543278 -1.604763
v -25.867882 5.075818 -7.045532
v -25.637600 5.076416 -7.013558
v -25.663424 5.065053 -7.351282
v -25.882204 5.064526 -7.385231
v -25.306314 5.075775 -6.967715
v -24.349852 5.031341 -7.143587
v -24.459419 5.023483 -7.332022
v -25.678164 5.051047 -7.544053
v -25.515337 4.751866 -5.414574
v -25.626492 4.832736 -6.868265
v -25.287838 4.833356 -6.822104
v -25.105593 4.752821 -5.378995
v -22.368341 4.951804 -1.638257
v -22.368341 4.835258 -1.638257
v -21.936705 4.943306 -0.234952
v -21.936705 4.807292 -0.234952
v -25.515337 5.118222 -5.414574
v -25.626162 5.080856 -6.863981
v -24.210493 4.877047 -6.743073
v -24.016054 4.941803 -6.716416
v -23.774395 4.812923 -5.263380
v -22.941635 4.523680 -0.234951
v -23.696791 4.485093 -0.234951
v -23.867620 4.558436 -1.584166
v -23.270468 4.592240 -1.652894
v -23.278830 5.078179 -3.573674
v -22.713465 5.102119 -1.643857
v -22.321156 5.118732 -0.234952
v -24.310715 4.955322 -7.310988
v -24.310715 4.985362 -7.310987
v -24.173599 4.985843 -7.117137
v -24.173599 4.950545 -7.117137
v -22.713465 4.656628 -1.643857
v -22.321156 4.598822 -0.234951
v -23.278830 4.739933 -3.573674
v -24.016054 4.984054 -6.716416
v -24.459419 4.909797 -7.332022
v -24.349852 4.896445 -7.143587
v -22.941635 5.193875 -0.234951
v -23.270468 5.166508 -1.652895
v -24.887297 5.161419 -3.649905
v -24.387135 5.153394 -3.626201
v -24.240435 5.149046 -3.619248
v -23.744360 5.127066 -3.595737
v -25.582817 4.470877 -0.234950
v -25.861839 4.485093 -0.234950
v -25.890451 4.555522 -1.623388
v -25.638594 4.543273 -1.620147
v -25.644600 5.209883 -1.765574
v -25.235800 5.211601 -1.758823
v -25.382196 5.162740 -3.673359
v -25.725973 5.161419 -3.689652
v -24.647345 5.209864 -1.749194
v -24.037762 5.199113 -1.739317
v -25.861576 5.080194 -6.896269
v -25.799967 5.117268 -5.439285
v -26.012714 4.523680 -0.234950
v -26.026646 4.588824 -1.624743
v -26.125605 4.943306 -0.234950
v -26.128565 4.951372 -1.625032
v -26.128565 4.833845 -1.625330
v -26.125605 4.807292 -0.234950
v -25.725973 4.656692 -3.689652
v -25.935312 4.665940 -3.699574
v -25.799967 4.752821 -5.439286
v -26.048512 4.691045 -3.704938
v -24.646799 4.550873 -1.744894
v -25.235502 4.549141 -1.754872
v -25.382196 4.655371 -3.673359
v -24.887297 4.656692 -3.649905
v -25.644451 4.550880 -1.762154
v -25.893490 4.562995 -1.767111
v -26.028139 4.595814 -1.770231
v -26.086460 5.118732 -0.234950
v -26.012714 5.193875 -0.234950
v -26.026630 5.167901 -1.623129
v -26.093216 5.102964 -1.624280
v -26.086460 4.598822 -0.234950
v -26.093220 4.653726 -1.625197
v -26.103840 4.739933 -3.707560
v -25.582817 5.246679 -0.234951
v -25.124622 5.248709 -0.234951
v -25.224726 5.215297 -1.610408
v -25.638468 5.213535 -1.617015
v -26.133209 4.875559 -3.708953
v -26.133209 4.964049 -3.708953
v -26.137068 4.974752 -5.468490
v -26.128885 4.836736 -1.773037
v -26.128885 4.952255 -1.773363
v -25.861731 4.833378 -6.899936
v -26.093960 5.101234 -1.772992
v -26.028156 5.165046 -1.772001
v -26.048512 5.127066 -3.704938
v -26.103840 5.078179 -3.707560
v -26.093956 4.659667 -1.771986
v -24.240967 4.669041 -3.619273
v -23.744360 4.691045 -3.595737
v -24.386475 4.664728 -3.626169
v -24.704546 4.758433 -5.344165
v -24.557255 4.762252 -5.331372
v -24.847797 4.847874 -6.893362
v -24.524422 4.853712 -6.786415
v -24.159594 4.777624 -5.296827
v -24.036413 4.561651 -1.734866
v -25.861839 5.232462 -0.234950
v -25.890404 5.201248 -1.620964
v -24.970461 4.836950 -6.778443
v -26.083563 5.059894 -7.075408
v -26.008017 5.071530 -7.065104
v -26.015018 5.060837 -7.405058
v -26.086029 5.050826 -7.414279
v -25.935312 5.152171 -3.699574
v -25.973282 5.110589 -5.454316
v -25.893545 5.197813 -1.769766
v -24.986206 4.867035 -7.245009
v -24.635220 4.876991 -7.188848
v -26.140003 4.983604 -6.934535
v -26.004862 5.075662 -6.915724
v -26.018257 5.047527 -7.597187
v -26.085024 5.039280 -7.602427
v -25.890276 5.050607 -7.578667
v -25.893263 5.031178 -7.650772
v -26.019249 5.028833 -7.667506
v -26.083664 5.023032 -7.667270
v -26.120308 5.037248 -7.080206
v -25.030182 4.886041 -7.434596
v -24.709185 4.894117 -7.376615
v -25.374239 4.883038 -7.493604
v -25.894749 4.988768 -7.684150
v -25.894749 4.955976 -7.684150
v -26.140003 4.940314 -6.934851
v -26.140003 4.983604 -6.934535
v -26.139784 4.984373 -7.082750
v -26.139784 4.943356 -7.082373
v -26.120308 5.037248 -7.080206
v -26.119982 5.039445 -6.931406
v -26.119986 4.873976 -6.932385
v -26.120308 4.880476 -7.079037
v -25.861731 4.833378 -6.899936
v -26.004921 4.837863 -6.918515
v -26.007946 4.846070 -7.061830
v -25.867701 4.841723 -7.041326
v -26.082254 4.850092 -6.927938
v -26.083544 4.857779 -7.073306
v -25.626492 4.832736 -6.868265
v -25.637232 4.841095 -7.008707
v -25.287237 5.080234 -6.817363
v -24.970594 5.076619 -6.773613
v -24.848104 5.069425 -6.900690
v -25.306314 5.075775 -6.967715
v -25.626162 5.080856 -6.863981
v -25.637600 5.076416 -7.013558
v -24.629066 5.213553 -1.600815
v -23.867462 5.198035 -1.583363
v -24.037762 5.199113 -1.739317
v -24.647345 5.209864 -1.749194
v -24.240435 5.149046 -3.619248
v -24.387135 5.153394 -3.626201
v -24.556376 5.107802 -5.331295
v -24.705383 5.111667 -5.344237
v -25.224726 5.215297 -1.610408
v -25.235800 5.211601 -1.758823
v -25.638594 4.543273 -1.620147
v -25.890451 4.555522 -1.623388
v -25.893490 4.562995 -1.767111
v -25.644451 4.550880 -1.762154
v -26.026646 4.588824 -1.624743
v -26.028139 4.595814 -1.770231
v -26.093956 4.659667 -1.771986
v -26.093220 4.653726 -1.625197
v -25.224991 4.541531 -1.614034
v -25.235502 4.549141 -1.754872
v -26.128565 4.833845 -1.625330
v -26.128565 4.951372 -1.625032
v -26.128885 4.952255 -1.773363
v -26.128885 4.836736 -1.773037
v -26.093960 5.101234 -1.772992
v -26.093216 5.102964 -1.624280
v -23.867620 4.558436 -1.584166
v -24.629541 4.543278 -1.604763
v -24.646799 4.550873 -1.744894
v -24.036413 4.561651 -1.734866
v -24.386475 4.664728 -3.626169
v -24.240967 4.669041 -3.619273
v -24.704546 4.758433 -5.344165
v -24.557255 4.762252 -5.331372
v -26.026630 5.167901 -1.623129
v -25.890404 5.201248 -1.620964
v -25.893545 5.197813 -1.769766
v -26.028156 5.165046 -1.772001
v -25.638468 5.213535 -1.617015
v -25.644600 5.209883 -1.765574
v -26.082235 5.063371 -6.926170
v -26.004862 5.075662 -6.915724
v -26.008017 5.071530 -7.065104
v -26.083563 5.059894 -7.075408
v -25.861576 5.080194 -6.896269
v -25.867882 5.075818 -7.045532
v -24.970461 4.836950 -6.778443
v -25.287838 4.833356 -6.822104
v -25.305635 4.841731 -6.962388
v -24.847797 4.847874 -6.893362
v -26.138069 4.950552 7.422252
v -26.130474 4.955328 7.609529
v -26.130474 4.985368 7.609529
v -26.138069 4.985848 7.422252
v -26.115362 4.957302 7.671945
v -26.115362 4.984665 7.671945
v -24.159590 5.092466 5.296844
v -24.524418 5.061886 6.786430
v -24.210485 5.038547 6.743088
v -23.774385 5.057166 5.263395
v -26.120298 4.880481 7.079054
v -26.120094 4.896451 7.418492
v -26.139780 4.943361 7.082390
v -26.085936 4.957105 7.695817
v -26.020487 4.956343 7.699876
v -26.020487 4.987960 7.699876
v -26.085936 4.986115 7.695817
v -26.066975 5.092466 5.462429
v -26.112761 5.057166 5.466377
v -26.119978 5.039450 6.931423
v -26.082232 5.063376 6.926187
v -26.115213 5.023489 7.603403
v -26.120094 5.031346 7.418492
v -26.108238 5.015774 7.657668
v -25.387381 4.955982 7.597896
v -25.048851 4.956343 7.535159
v -25.048851 4.987960 7.535159
v -25.387381 4.988773 7.597896
v -26.115213 4.909803 7.603404
v -26.108238 4.919157 7.657668
v -26.066975 4.777627 5.462429
v -26.082251 4.850097 6.927956
v -26.119982 4.873981 6.932402
v -26.112761 4.812927 5.466378
v -24.731962 4.957105 7.467550
v -24.731962 4.986115 7.467550
v -25.686220 4.988890 7.649490
v -25.686220 4.955931 7.649490
v -25.683664 4.904297 7.616113
v -25.383886 4.904613 7.565021
v -24.480690 4.957302 7.398720
v -24.480690 4.984665 7.398720
v -25.383886 5.031185 7.565021
v -25.683664 5.031520 7.616112
v -25.048277 5.028840 7.504447
v -24.744734 5.023039 7.443370
v -24.546293 5.015774 7.397548
v -23.535728 4.910861 5.242705
v -22.990381 4.875562 3.560019
v -22.990381 4.964052 3.560019
v -23.535728 4.974757 5.242705
v -24.744734 4.912299 7.443370
v -24.546293 4.919157 7.397548
v -25.048277 4.906826 7.504448
v -25.973278 4.759501 5.454333
v -26.004917 4.837868 6.918532
v -25.105589 5.117271 5.379012
v -25.287228 5.080239 6.817379
v -24.970591 5.076622 6.773630
v -24.705379 5.111670 5.344254
v -25.882200 4.863377 7.385248
v -25.890268 4.883042 7.578684
v -26.018253 4.886047 7.597205
v -26.015015 4.867041 7.405076
v -26.085020 4.894123 7.602444
v -26.086025 4.876997 7.414297
v -25.305632 4.841736 6.962405
v -25.348961 4.863377 7.302227
v -25.663420 4.862854 7.351299
v -25.637222 4.841101 7.008725
v -25.867697 4.841728 7.041343
v -26.007942 4.846075 7.061847
v -26.083540 4.857783 7.073323
v -26.139999 4.940320 6.934868
v -26.137064 4.910861 5.468507
v -26.083656 4.912299 7.667288
v -26.019245 4.906826 7.667522
v -25.893259 4.904613 7.650789
v -25.678160 4.882614 7.544071
v -26.139776 4.984377 7.082767
v -24.556372 5.107806 5.331312
v -24.848101 5.069430 6.900706
v -24.464993 5.246680 0.234967
v -24.629063 5.213555 1.600831
v -23.867458 5.198037 1.583379
v -23.696791 5.232462 0.234967
v -25.348961 5.064531 7.302225
v -25.374231 5.050612 7.493620
v -25.030178 5.047533 7.434612
v -24.986197 5.060843 7.245025
v -24.709181 5.039286 7.376632
v -24.635216 5.050832 7.188864
v -24.464993 4.470877 0.234967
v -24.629538 4.543280 1.604779
v -25.224991 4.541532 1.614051
v -25.124617 4.468847 0.234967
v -25.867872 5.075823 7.045549
v -25.882200 5.064531 7.385248
v -25.663420 5.065059 7.351298
v -25.637596 5.076421 7.013576
v -25.306311 5.075778 6.967731
v -24.349842 5.031346 7.143603
v -24.459412 5.023489 7.332038
v -25.678160 5.051053 7.544070
v -25.515333 4.751869 5.414591
v -25.105589 4.752825 5.379012
v -25.287828 4.833362 6.822120
v -25.626484 4.832741 6.868283
v -22.368341 4.835258 1.638271
v -22.368341 4.951805 1.638271
v -21.936705 4.807292 0.234966
v -21.936705 4.943306 0.234966
v -25.515333 5.118225 5.414591
v -25.626158 5.080861 6.863998
v -24.210485 4.877051 6.743089
v -23.774385 4.812927 5.263395
v -24.016045 4.941808 6.716433
v -22.941635 4.523680 0.234966
v -23.270468 4.592241 1.652910
v -23.867617 4.558437 1.584182
v -23.696791 4.485094 0.234967
v -23.278826 5.078183 3.573690
v -22.713461 5.102121 1.643872
v -22.321156 5.118732 0.234966
v -24.310711 4.955328 7.311004
v -24.173595 4.950552 7.117154
v -24.173595 4.985848 7.117154
v -24.310711 4.985368 7.311004
v -22.713461 4.656630 1.643872
v -22.321156 4.598824 0.234966
v -23.278826 4.739935 3.573690
v -24.016045 4.984058 6.716433
v -24.459412 4.909803 7.332038
v -24.349842 4.896451 7.143603
v -23.270468 5.166509 1.652910
v -22.941635 5.193876 0.234966
v -24.887293 5.161422 3.649920
v -24.387131 5.153396 3.626217
v -24.240431 5.149050 3.619263
v -23.744356 5.127069 3.595753
v -25.582817 4.470877 0.234967
v -25.638588 4.543274 1.620164
v -25.890451 4.555523 1.623405
v -25.861839 4.485094 0.234967
v -25.644596 5.209886 1.765591
v -25.725965 5.161422 3.689669
v -25.382193 5.162744 3.673376
v -25.235800 5.211602 1.758840
v -24.647345 5.209866 1.749210
v -24.037762 5.199114 1.739332
v -25.799957 5.117271 5.439302
v -25.861572 5.080199 6.896287
v -26.026646 4.588825 1.624761
v -26.012709 4.523680 0.234967
v -26.125605 4.943306 0.234967
v -26.125605 4.807292 0.234967
v -26.128559 4.833846 1.625347
v -26.128559 4.951374 1.625049
v -25.725965 4.656694 3.689669
v -25.799957 4.752825 5.439303
v -25.935308 4.665943 3.699591
v -26.048502 4.691047 3.704955
v -24.646799 4.550874 1.744911
v -24.887293 4.656694 3.649921
v -25.382193 4.655373 3.673376
v -25.235498 4.549142 1.754888
v -25.644451 4.550881 1.762171
v -25.893490 4.562996 1.767128
v -26.028139 4.595816 1.770248
v -26.086460 5.118732 0.234967
v -26.093216 5.102966 1.624297
v -26.026627 5.167902 1.623146
v -26.012709 5.193876 0.234967
v -26.086460 4.598824 0.234967
v -26.093220 4.653727 1.625215
v -26.103836 4.739935 3.707577
v -25.582817 5.246679 0.234967
v -25.638462 5.213536 1.617032
v -25.224726 5.215299 1.610424
v -25.124617 5.248709 0.234967
v -26.133205 4.875562 3.708970
v -26.137064 4.974757 5.468507
v -26.133205 4.964052 3.708970
v -26.128885 4.836739 1.773054
v -26.128885 4.952256 1.773380
v -25.861727 4.833384 6.899953
v -26.093956 5.101236 1.773009
v -26.103836 5.078183 3.707577
v -26.048502 5.127069 3.704955
v -26.028156 5.165048 1.772018
v -26.093950 4.659668 1.772003
v -23.744356 4.691047 3.595753
v -24.240957 4.669043 3.619289
v -24.386467 4.664731 3.626185
v -24.704542 4.758437 5.344182
v -24.557245 4.762255 5.331388
v -24.159590 4.777627 5.296844
v -24.524418 4.853716 6.786431
v -24.847790 4.847879 6.893378
v -24.036413 4.561652 1.734882
v -25.890400 5.201249 1.620981
v -25.861839 5.232462 0.234967
v -24.970457 4.836955 6.778460
v -26.083553 5.059899 7.075426
v -26.086025 5.050832 7.414297
v -26.015015 5.060843 7.405076
v -26.008007 5.071536 7.065122
v -25.973278 5.110593 5.454333
v -25.935308 5.152174 3.699590
v -25.893545 5.197814 1.769783
v -24.635216 4.876997 7.188864
v -24.986197 4.867041 7.245025
v -26.139999 4.983609 6.934553
v -26.004858 5.075667 6.915741
v -26.085020 5.039286 7.602444
v -26.018253 5.047533 7.597204
v -25.890268 5.050612 7.578684
v -25.893259 5.031185 7.650789
v -26.019245 5.028840 7.667523
v -26.083656 5.023039 7.667287
v -26.120298 5.037253 7.080224
v -24.709181 4.894123 7.376632
v -25.030178 4.886047 7.434612
v -25.374231 4.883042 7.493620
v -25.894739 4.955982 7.684167
v -25.894739 4.988773 7.684167
v -26.139999 4.940320 6.934868
v -26.139780 4.943361 7.082390
v -26.139776 4.984377 7.082767
v -26.139999 4.983609 6.934553
v -26.120298 5.037253 7.080224
v -26.119978 5.039450 6.931423
v -26.119982 4.873981 6.932402
v -26.120298 4.880481 7.079054
v -25.861727 4.833384 6.899953
v -25.867697 4.841728 7.041343
v -26.007942 4.846075 7.061847
v -26.004917 4.837868 6.918532
v -26.083540 4.857783 7.073323
v -26.082251 4.850097 6.927956
v -25.626484 4.832741 6.868283
v -25.637222 4.841101 7.008725
v -25.287228 5.080239 6.817379
v -25.306311 5.075778 6.967731
v -24.848101 5.069430 6.900706
v -24.970591 5.076622 6.773630
v -25.626158 5.080861 6.863998
v -25.637596 5.076421 7.013576
v -24.629063 5.213555 1.600831
v -24.647345 5.209866 1.749210
v -24.037762 5.199114 1.739332
v -23.867458 5.198037 1.583379
v -24.387131 5.153396 3.626217
v -24.240431 5.149050 3.619263
v -24.705379 5.111670 5.344254
v -24.556372 5.107806 5.331312
v -25.224726 5.215299 1.610424
v -25.235800 5.211602 1.758840
v -25.638588 4.543274 1.620164
v -25.644451 4.550881 1.762171
v -25.893490 4.562996 1.767128
v -25.890451 4.555523 1.623405
v -26.028139 4.595816 1.770248
v -26.026646 4.588825 1.624761
v -26.093950 4.659668 1.772003
v -26.093220 4.653727 1.625215
v -25.224991 4.541532 1.614051
v -25.235498 4.549142 1.754888
v -26.128559 4.833846 1.625347
v -26.128885 4.836739 1.773054
v -26.128885 4.952256 1.773380
v -26.128559 4.951374 1.625049
v -26.093956 5.101236 1.773009
v -26.093216 5.102966 1.624297
v -23.867617 4.558437 1.584182
v -24.036413 4.561652 1.734882
v -24.646799 4.550874 1.744911
v -24.629538 4.543280 1.604779
v -24.240957 4.669043 3.619289
v -24.386467 4.664731 3.626185
v -24.557245 4.762255 5.331388
v -24.704542 4.758437 5.344182
v -26.026627 5.167902 1.623146
v -26.028156 5.165048 1.772018
v -25.893545 5.197814 1.769783
v -25.890400 5.201249 1.620981
v -25.644596 5.209886 1.765591
v -25.638462 5.213536 1.617032
v -26.082232 5.063376 6.926187
v -26.083553 5.059899 7.075426
v -26.008007 5.071536 7.065122
v -26.004858 5.075667 6.915741
v -25.867872 5.075823 7.045549
v -25.861572 5.080199 6.896287
v -24.970457 4.836955 6.778460
v -24.847790 4.847879 6.893378
v -25.305632 4.841736 6.962405
v -25.287828 4.833362 6.822120
v 19.131836 -8.149416 0.861336
v 19.225309 -8.161722 0.861336
v 19.318785 -8.149416 0.861336
v 19.405890 -8.113337 0.861336
v 19.480686 -8.055943 0.861336
v 19.538080 -7.981143 0.861336
v 19.574160 -7.894040 0.861336
v 19.586466 -7.800565 0.861336
v 19.574160 -7.707091 0.861335
v 19.538080 -7.619987 0.861335
v 19.480686 -7.545189 0.861335
v 19.405890 -7.487795 0.861335
v 19.318785 -7.451715 0.861335
v 19.225309 -7.439409 0.861336
v 19.131836 -7.451715 0.861336
v 19.044731 -7.487795 0.861336
v 18.969934 -7.545189 0.861336
v 18.912539 -7.619987 0.861336
v 18.876459 -7.707091 0.861336
v 18.864155 -7.800565 0.861336
v 18.876459 -7.894040 0.861336
v 18.912539 -7.981143 0.861336
v 18.969934 -8.055943 0.861336
v 19.044731 -8.113337 0.861336
v 19.131836 -8.149416 -0.861335
v 19.044731 -8.113337 -0.861335
v 18.969934 -8.055942 -0.861335
v 18.912539 -7.981144 -0.861335
v 18.876459 -7.894041 -0.861335
v 18.864155 -7.800566 -0.861335
v 18.876459 -7.707092 -0.861335
v 18.912539 -7.619988 -0.861335
v 18.969934 -7.545190 -0.861335
v 19.044731 -7.487796 -0.861335
v 19.131836 -7.451716 -0.861335
v 19.225309 -7.439410 -0.861335
v 19.318785 -7.451716 -0.861335
v 19.405890 -7.487796 -0.861335
v 19.480686 -7.545190 -0.861335
v 19.538080 -7.619988 -0.861335
v 19.574160 -7.707092 -0.861335
v 19.586466 -7.800566 -0.861335
v 19.574160 -7.894041 -0.861335
v 19.538080 -7.981144 -0.861335
v 19.480686 -8.055942 -0.861335
v 19.405890 -8.113337 -0.861335
v 19.318785 -8.149416 -0.861335
v 19.225309 -8.161722 -0.861335
v 19.225309 -5.289648 -0.229123
v 19.166008 -5.289648 -0.221316
v 19.110748 -5.289648 -0.198426
v 19.063295 -5.289648 -0.162015
v 19.026884 -5.289648 -0.114562
v 19.003994 -5.289648 -0.059301
v 18.996187 -5.289648 0.000000
v 19.003994 -5.289648 0.059301
v 19.026884 -5.289648 0.114562
v 19.063295 -5.289648 0.162014
v 19.110748 -5.289648 0.198426
v 19.166008 -5.289648 0.221316
v 19.225309 -5.289648 0.229123
v 19.284611 -5.289648 0.221316
v 19.339872 -5.289648 0.198426
v 19.387323 -5.289648 0.162014
v 19.423737 -5.289648 0.114561
v 19.446627 -5.289648 0.059301
v 19.454433 -5.289648 -0.000000
v 19.446627 -5.289648 -0.059302
v 19.423737 -5.289648 -0.114562
v 19.387323 -5.289648 -0.162015
v 19.339872 -5.289648 -0.198427
v 19.284611 -5.289648 -0.221316
v 17.833601 -5.309422 -0.202091
v 17.796616 -5.346407 -0.195205
v 17.762150 -5.380872 -0.175016
v 17.732555 -5.410468 -0.142900
v 17.709846 -5.433178 -0.101045
v 17.695570 -5.447453 -0.052305
v 17.690701 -5.452323 0.000000
v 17.695570 -5.447453 0.052306
v 17.709846 -5.433178 0.101046
v 17.732555 -5.410468 0.142901
v 17.762150 -5.380873 0.175017
v 17.796616 -5.346407 0.195206
v 17.833601 -5.309422 0.202092
v 17.870586 -5.272437 0.195206
v 17.905052 -5.237972 0.175017
v 17.934647 -5.208376 0.142901
v 17.957355 -5.185667 0.101046
v 17.971632 -5.171391 0.052305
v 17.976501 -5.166523 0.000000
v 17.971632 -5.171391 -0.052305
v 17.957355 -5.185667 -0.101046
v 17.934647 -5.208376 -0.142900
v 17.905052 -5.237972 -0.175016
v 17.870586 -5.272437 -0.195205
v 12.262710 0.024574 -3.820008
v 12.112966 0.095326 -3.802325
v 14.160255 0.024574 -3.753964
v 11.020646 0.024574 -3.834897
v 11.170389 0.095326 -3.810704
v 12.262710 -1.392231 -4.130222
v 15.402538 -2.114017 -3.878667
v 15.464808 -1.943206 -3.833650
v 15.252574 -2.184769 -3.917579
v 15.402538 -2.114017 -3.878667
v 15.464808 -1.943206 -3.833650
v 14.160255 -2.114017 -4.081572
v 14.310000 -2.184769 -4.068084
v 14.098230 -1.943206 -4.076827
v 14.160255 -2.114017 -4.081572
v 14.098230 -1.943206 -4.076827
v 17.309189 -0.002862 -2.924402
v 17.185385 -0.645270 -3.128316
v 4.858944 0.095326 -3.759179
v 4.709200 0.024574 -3.785103
v 4.686983 -0.036612 -3.808504
v 5.801519 0.095326 -3.775841
v 1.703222 -1.462983 -4.215981
v 2.645796 -1.462983 -4.280803
v 1.553477 -1.392231 -4.185417
v 1.553477 0.024574 -3.710592
v 1.703222 0.095326 -3.685480
v 7.864923 0.024574 -3.826838
v 7.615759 0.374117 -3.687053
v 9.106986 0.024574 -3.832402
v 8.957243 0.095326 -3.806474
v 8.014668 0.095326 -3.801435
v 9.106986 -1.392231 -4.248273
v 7.553669 -1.707420 -4.379990
v 7.864923 -1.392231 -4.280569
v 8.014668 -1.462983 -4.299887
v 8.957243 -1.462983 -4.269549
v 6.013288 -0.146237 -3.870193
v 2.795540 -1.392231 -4.258986
v 2.857565 -1.221421 -4.200421
v 4.647175 -1.221421 -4.236187
v 4.709200 -1.392231 -4.297818
v 4.858944 -1.462983 -4.325914
v -3.665648 0.095326 -3.477300
v -4.608224 0.095326 -3.433252
v -3.454313 -0.145043 -3.580011
v -3.515905 0.024574 -3.511586
v -1.602243 0.024574 -3.597118
v -0.509928 0.095326 -3.614613
v -1.452500 0.095326 -3.575696
v -3.515905 -1.392231 -3.887065
v -4.608225 -1.462983 -3.848607
v -3.665648 -1.462983 -3.893431
v -0.360185 0.024574 -3.647840
v -0.360185 -1.392231 -4.079109
v -0.509928 -1.462983 -4.087976
v -1.452500 -1.462983 -4.012952
v -1.602243 -1.392231 -3.989828
v -13.737137 -1.392529 -3.335603
v -13.588022 -1.462983 -3.356593
v -12.645447 -1.462983 -3.420046
v -12.495699 -1.392231 -3.419127
v -10.656127 -1.462983 -3.547717
v -9.713552 -1.462983 -3.600629
v -10.805242 -1.392529 -3.528527
v -6.593266 -2.114017 -3.864032
v -7.835328 -2.114017 -3.800514
v -7.685585 -2.184769 -3.818355
v -6.743011 -2.184769 -3.866557
v -10.867895 -0.696071 -3.371838
v -11.328464 0.052520 -3.117536
v -10.805875 0.024574 -3.154996
v -10.867895 -0.146236 -3.204292
v -10.867895 -0.696071 -3.371838
v -10.867895 -0.146236 -3.204292
v -10.656127 0.095326 -3.134293
v -9.713552 0.095326 -3.183020
v -12.645447 0.095326 -3.018433
v -12.433679 -0.146236 -3.112513
v -12.495699 0.024574 -3.052294
v -13.588022 0.095326 -2.959280
v -13.737770 0.024574 -2.973061
v -13.799789 -0.146236 -3.025439
v -10.867895 -1.221420 -3.488435
v -9.563805 -1.392231 -3.593510
v -9.501785 -1.221420 -3.560632
v -9.563805 -1.392231 -3.593510
v -9.501785 -1.221420 -3.560632
v -23.090517 -1.135895 -2.372812
v -3.453880 -0.146236 -3.580350
v -3.453881 -1.221420 -3.856974
v -3.453880 -0.146236 -3.580350
v 17.184338 -1.411149 -3.285683
v 17.130930 -1.079640 -3.231706
v -6.803531 -1.632420 -3.770023
v -10.805242 -1.392529 -3.528527
v -10.867895 -1.221420 -3.488435
v -7.685585 0.095326 -3.285796
v 15.402317 0.024574 -3.519441
v 11.020646 -1.392231 -4.183848
v -4.757966 -1.392231 -3.828064
v -6.531241 -1.597939 -3.777604
v 5.801519 0.095326 -3.775841
v 5.951264 0.024574 -3.804925
v 2.857565 -0.306227 -3.871790
v -21.471298 -1.573341 -2.600135
v -1.994767 -0.699644 -28.505850
v -2.089028 -0.732665 -28.486624
v -2.085459 -0.833004 -28.467520
v -2.600920 -0.815196 -28.402964
v -2.700764 -0.712436 -28.409586
v -2.836578 -0.672552 -28.400103
v 6.154203 -1.290726 -4.267097
v 6.278975 -1.323864 -4.273617
v 6.377561 -1.423196 -4.306136
v 5.951263 -1.392231 -4.303497
v 5.979095 -1.315585 -4.276849
v 5.801519 -1.462983 -4.327022
v 12.262712 0.024577 3.820000
v 14.160257 0.024577 3.753955
v 12.112967 0.095328 3.802317
v 11.020648 0.024577 3.834890
v 11.170391 0.095328 3.810696
v 12.262712 -1.392228 4.130214
v 15.402540 -2.114014 3.878658
v 15.464810 -1.943203 3.833641
v 15.464810 -1.943203 3.833641
v 15.402540 -2.114014 3.878658
v 15.252576 -2.184766 3.917570
v 14.160257 -2.114014 4.081564
v 14.098232 -1.943203 4.076818
v 14.310002 -2.184766 4.068076
v 14.098232 -1.943203 4.076818
v 14.160257 -2.114014 4.081564
v 17.309189 -0.002860 2.924391
v 17.185387 -0.645267 3.128305
v 4.686985 -0.036609 3.808501
v 4.709202 0.024577 3.785099
v 4.858947 0.095328 3.759176
v 5.801522 0.095328 3.775837
v 1.703225 -1.462981 4.215981
v 1.553479 -1.392228 4.185417
v 2.645799 -1.462981 4.280802
v 1.553479 0.024577 3.710591
v 1.703225 0.095328 3.685479
v 7.864926 0.024577 3.826833
v 8.014670 0.095328 3.801429
v 8.957245 0.095328 3.806468
v 9.106989 0.024577 3.832396
v 7.615762 0.374119 3.687048
v 9.106989 -1.392228 4.248268
v 8.957245 -1.462981 4.269544
v 8.014670 -1.462981 4.299882
v 7.864926 -1.392228 4.280564
v 7.553672 -1.707416 4.379985
v 6.013291 -0.146234 3.870189
v 2.795543 -1.392228 4.258986
v 4.858947 -1.462981 4.325911
v 4.709203 -1.392228 4.297815
v 4.647178 -1.221418 4.236185
v 2.857568 -1.221418 4.200420
v -3.665646 0.095328 3.477302
v -3.515903 0.024577 3.511588
v -3.454311 -0.145041 3.580013
v -4.608222 0.095328 3.433255
v -1.602241 0.024577 3.597119
v -1.452498 0.095328 3.575696
v -0.509926 0.095328 3.614613
v -3.515903 -1.392228 3.887068
v -3.665646 -1.462981 3.893434
v -4.608222 -1.462981 3.848611
v -0.360183 0.024577 3.647840
v -0.360183 -1.392228 4.079110
v -0.509926 -1.462981 4.087978
v -1.452497 -1.462981 4.012954
v -1.602241 -1.392228 3.989830
v -12.495697 -1.392229 3.419136
v -12.645445 -1.462981 3.420055
v -13.588018 -1.462981 3.356603
v -13.737133 -1.392527 3.335612
v -10.656125 -1.462981 3.547724
v -10.805240 -1.392527 3.528534
v -9.713551 -1.462981 3.600636
v -6.593264 -2.114014 3.864038
v -6.743010 -2.184766 3.866562
v -7.685583 -2.184766 3.818361
v -7.835326 -2.114014 3.800521
v -10.867893 -0.696069 3.371845
v -10.867893 -0.146234 3.204299
v -10.805873 0.024577 3.155003
v -11.328462 0.052522 3.117543
v -10.867893 -0.146234 3.204299
v -10.867893 -0.696069 3.371845
v -10.656125 0.095328 3.134299
v -9.713551 0.095328 3.183026
v -12.645445 0.095328 3.018441
v -12.495697 0.024577 3.052302
v -12.433677 -0.146234 3.112520
v -13.799786 -0.146234 3.025448
v -13.737766 0.024577 2.973070
v -13.588018 0.095328 2.959288
v -10.867893 -1.221418 3.488442
v -9.501783 -1.221418 3.560639
v -9.563803 -1.392229 3.593517
v -9.563803 -1.392229 3.593517
v -9.501783 -1.221418 3.560639
v -23.090517 -1.135894 2.372827
v -3.453878 -0.146234 3.580352
v -3.453878 -1.221418 3.856977
v -3.453878 -0.146234 3.580352
v 17.130932 -1.079638 3.231695
v 17.184340 -1.411147 3.285672
v -6.803529 -1.632418 3.770028
v -10.867893 -1.221418 3.488442
v -10.805240 -1.392527 3.528534
v -7.685583 0.095328 3.285801
v 15.402319 0.024577 3.519431
v 11.020648 -1.392228 4.183841
v -4.757963 -1.392228 3.828068
v -6.531240 -1.597936 3.777609
v 5.801522 0.095328 3.775837
v 5.951266 0.024577 3.804921
v 2.857568 -0.306224 3.871788
v -21.471298 -1.573339 2.600149
v -2.085441 -0.832987 28.467520
v -2.089010 -0.732648 28.486624
v -1.994749 -0.699627 28.505850
v -2.836560 -0.672534 28.400106
v -2.700746 -0.712419 28.409586
v -2.600902 -0.815179 28.402967
v 6.154206 -1.290723 4.267093
v 5.979098 -1.315581 4.276845
v 5.951266 -1.392228 4.303493
v 6.377563 -1.423193 4.306133
v 6.278978 -1.323861 4.273613
v 5.801522 -1.462981 4.327019
v 2.682794 -8.149418 -5.349147
v 2.776268 -8.161724 -5.349147
v 2.869743 -8.149418 -5.349147
v 2.956847 -8.113338 -5.349147
v 3.031644 -8.055943 -5.349147
v 3.089039 -7.981145 -5.349147
v 3.125118 -7.894042 -5.349147
v 3.137424 -7.800567 -5.349147
v 3.125118 -7.707093 -5.349147
v 3.089039 -7.619989 -5.349147
v 3.031644 -7.545191 -5.349147
v 2.956847 -7.487797 -5.349147
v 2.869743 -7.451717 -5.349147
v 2.776268 -7.439411 -5.349147
v 2.682794 -7.451717 -5.349147
v 2.595690 -7.487797 -5.349147
v 2.520893 -7.545191 -5.349147
v 2.463498 -7.619989 -5.349147
v 2.427418 -7.707093 -5.349147
v 2.415112 -7.800567 -5.349147
v 2.427418 -7.894042 -5.349147
v 2.463498 -7.981145 -5.349147
v 2.520893 -8.055943 -5.349147
v 2.595690 -8.113338 -5.349147
v 2.682794 -8.149418 -7.071817
v 2.595689 -8.113338 -7.071817
v 2.520892 -8.055943 -7.071817
v 2.463497 -7.981146 -7.071817
v 2.427418 -7.894042 -7.071817
v 2.415112 -7.800568 -7.071817
v 2.427418 -7.707093 -7.071817
v 2.463497 -7.619989 -7.071817
v 2.520892 -7.545191 -7.071817
v 2.595689 -7.487797 -7.071817
v 2.682794 -7.451717 -7.071817
v 2.776268 -7.439412 -7.071817
v 2.869742 -7.451717 -7.071817
v 2.956846 -7.487797 -7.071817
v 3.031644 -7.545191 -7.071817
v 3.089038 -7.619989 -7.071817
v 3.125118 -7.707093 -7.071817
v 3.137424 -7.800568 -7.071817
v 3.125118 -7.894042 -7.071817
v 3.089038 -7.981146 -7.071817
v 3.031644 -8.055943 -7.071817
v 2.956846 -8.113338 -7.071817
v 2.869742 -8.149418 -7.071817
v 2.776268 -8.161724 -7.071817
v 2.776268 -4.029238 -6.439606
v 2.716967 -4.029238 -6.431798
v 2.661706 -4.029238 -6.408909
v 2.614254 -4.029238 -6.372497
v 2.577842 -4.029238 -6.325044
v 2.554952 -4.029238 -6.269784
v 2.547145 -4.029238 -6.210482
v 2.554952 -4.029238 -6.151181
v 2.577842 -4.029238 -6.095921
v 2.614254 -4.029238 -6.048468
v 2.661706 -4.029238 -6.012056
v 2.716967 -4.029238 -5.989166
v 2.776268 -4.029238 -5.981359
v 2.835570 -4.029238 -5.989166
v 2.890830 -4.029238 -6.012056
v 2.938282 -4.029238 -6.048468
v 2.974694 -4.029238 -6.095921
v 2.997584 -4.029238 -6.151181
v 3.005392 -4.029238 -6.210483
v 2.997584 -4.029238 -6.269784
v 2.974694 -4.029238 -6.325044
v 2.938282 -4.029238 -6.372497
v 2.890830 -4.029238 -6.408909
v 2.835569 -4.029238 -6.431798
v 2.574178 -4.397080 -3.906430
v 2.581064 -4.434065 -3.869445
v 2.601253 -4.468530 -3.834980
v 2.633369 -4.498127 -3.805384
v 2.675224 -4.520835 -3.782675
v 2.723964 -4.535111 -3.768399
v 2.776270 -4.539980 -3.763530
v 2.828575 -4.535111 -3.768399
v 2.877316 -4.520835 -3.782675
v 2.919170 -4.498127 -3.805384
v 2.951286 -4.468531 -3.834980
v 2.971475 -4.434065 -3.869445
v 2.978362 -4.397080 -3.906430
v 2.971475 -4.360096 -3.943415
v 2.951286 -4.325631 -3.977881
v 2.919170 -4.296035 -4.007476
v 2.877316 -4.273325 -4.030186
v 2.828574 -4.259049 -4.044461
v 2.776270 -4.254180 -4.049331
v 2.723964 -4.259049 -4.044461
v 2.675224 -4.273325 -4.030185
v 2.633369 -4.296035 -4.007476
v 2.601253 -4.325631 -3.977880
v 2.581064 -4.360096 -3.943415
v 2.682798 -8.149414 5.349150
v 2.595693 -8.113335 5.349150
v 2.520896 -8.055941 5.349150
v 2.463501 -7.981143 5.349150
v 2.427422 -7.894039 5.349150
v 2.415116 -7.800565 5.349150
v 2.427422 -7.707090 5.349150
v 2.463501 -7.619986 5.349150
v 2.520896 -7.545188 5.349150
v 2.595693 -7.487794 5.349150
v 2.682798 -7.451715 5.349150
v 2.776272 -7.439408 5.349150
v 2.869746 -7.451715 5.349150
v 2.956851 -7.487794 5.349150
v 3.031648 -7.545188 5.349150
v 3.089042 -7.619986 5.349150
v 3.125122 -7.707090 5.349150
v 3.137428 -7.800565 5.349150
v 3.125122 -7.894039 5.349150
v 3.089042 -7.981143 5.349150
v 3.031648 -8.055941 5.349150
v 2.956851 -8.113335 5.349150
v 2.869746 -8.149414 5.349150
v 2.776272 -8.161720 5.349150
v 2.682798 -8.149414 7.071821
v 2.776273 -8.161720 7.071821
v 2.869747 -8.149414 7.071821
v 2.956851 -8.113335 7.071821
v 3.031648 -8.055941 7.071821
v 3.089043 -7.981143 7.071821
v 3.125123 -7.894038 7.071821
v 3.137429 -7.800564 7.071821
v 3.125123 -7.707090 7.071821
v 3.089043 -7.619986 7.071821
v 3.031648 -7.545188 7.071821
v 2.956851 -7.487794 7.071821
v 2.869747 -7.451714 7.071821
v 2.776273 -7.439408 7.071821
v 2.682798 -7.451714 7.071821
v 2.595694 -7.487794 7.071821
v 2.520897 -7.545188 7.071821
v 2.463502 -7.619986 7.071821
v 2.427422 -7.707090 7.071821
v 2.415116 -7.800564 7.071821
v 2.427422 -7.894038 7.071821
v 2.463502 -7.981143 7.071821
v 2.520897 -8.055941 7.071821
v 2.595694 -8.113335 7.071821
v 2.776272 -4.029235 6.439606
v 2.835574 -4.029235 6.431800
v 2.890834 -4.029235 6.408910
v 2.938287 -4.029235 6.372499
v 2.974699 -4.029235 6.325045
v 2.997588 -4.029235 6.269785
v 3.005396 -4.029235 6.210484
v 2.997588 -4.029235 6.151183
v 2.974699 -4.029235 6.095922
v 2.938286 -4.029235 6.048469
v 2.890834 -4.029235 6.012056
v 2.835573 -4.029235 5.989167
v 2.776272 -4.029235 5.981360
v 2.716971 -4.029235 5.989167
v 2.661710 -4.029235 6.012057
v 2.614258 -4.029235 6.048469
v 2.577846 -4.029235 6.095923
v 2.554956 -4.029235 6.151183
v 2.547149 -4.029235 6.210485
v 2.554956 -4.029235 6.269786
v 2.577846 -4.029235 6.325045
v 2.614258 -4.029235 6.372499
v 2.661711 -4.029235 6.408911
v 2.716971 -4.029235 6.431800
v 2.574181 -4.397079 3.906431
v 2.581066 -4.360093 3.943417
v 2.601255 -4.325628 3.977881
v 2.633372 -4.296032 4.007477
v 2.675227 -4.273323 4.030186
v 2.723967 -4.259047 4.044463
v 2.776273 -4.254178 4.049332
v 2.828577 -4.259047 4.044463
v 2.877319 -4.273323 4.030187
v 2.919172 -4.296032 4.007477
v 2.951289 -4.325628 3.977881
v 2.971478 -4.360093 3.943417
v 2.978364 -4.397079 3.906431
v 2.971478 -4.434063 3.869446
v 2.951288 -4.468529 3.834981
v 2.919172 -4.498125 3.805385
v 2.877318 -4.520833 3.782675
v 2.828577 -4.535109 3.768400
v 2.776273 -4.539979 3.763530
v 2.723967 -4.535109 3.768400
v 2.675227 -4.520833 3.782675
v 2.633372 -4.498125 3.805385
v 2.601255 -4.468528 3.834981
v 2.581066 -4.434063 3.869446
vn -0.2165 0.0264 -0.9759
vn -0.2191 0.0050 -0.9757
vn -0.2394 0.0265 -0.9705
vn -0.4625 0.2463 -0.8517
vn -0.4620 0.2088 -0.8620
vn -0.5782 0.2434 -0.7788
vn -0.0059 0.4277 -0.9039
vn 0.0216 0.4982 -0.8668
vn 0.0189 0.4118 -0.9111
vn 0.2541 0.1982 -0.9467
vn 0.2373 0.1895 -0.9528
vn 0.2155 0.1835 -0.9591
vn 0.1872 0.2600 -0.9473
vn 0.2078 0.3368 -0.9184
vn 0.1504 0.3582 -0.9215
vn 0.3002 0.2478 -0.9211
vn 0.3552 0.2386 -0.9038
vn 0.3419 0.2881 -0.8945
vn 0.2600 0.4740 -0.8413
vn 0.1716 0.4601 -0.8711
vn 0.3566 0.3993 -0.8446
vn 0.3734 0.4044 -0.8349
vn 0.3120 0.6441 -0.6984
vn 0.2151 0.6466 -0.7319
vn -0.0224 0.3563 -0.9341
vn -0.0193 0.3580 -0.9335
vn -0.0212 0.3380 -0.9409
vn 0.0024 0.3120 -0.9501
vn -0.0079 0.3233 -0.9463
vn -0.0051 0.3294 -0.9442
vn 0.2589 0.2968 -0.9192
vn 0.1230 0.4316 -0.8937
vn 0.0735 0.2134 -0.9742
vn -0.2685 0.1263 -0.9550
vn -0.2708 0.0462 -0.9615
vn -0.3526 0.1268 -0.9271
vn 0.9113 0.1494 -0.3837
vn 0.6970 -0.5125 -0.5015
vn 0.6275 -0.3054 -0.7162
vn 0.1128 0.9936 -0.0106
vn 0.1592 0.9508 0.2658
vn 0.0806 0.9487 0.3057
vn -0.0874 -0.0068 -0.9962
vn -0.0672 0.0994 -0.9928
vn -0.0757 0.0104 -0.9971
vn -0.2124 0.4565 -0.8640
vn -0.2106 0.3895 -0.8966
vn -0.2382 0.4551 -0.8580
vn -0.1435 -0.2704 -0.9520
vn -0.1516 -0.3418 -0.9275
vn -0.1534 -0.2746 -0.9492
vn -0.6805 0.2950 -0.6707
vn -0.6837 0.2655 -0.6797
vn -0.7733 0.2706 -0.5734
vn -0.0599 0.0075 -0.9982
vn -0.0538 0.0955 -0.9940
vn -0.0600 0.0065 -0.9982
vn -0.1768 0.5737 -0.7997
vn -0.2284 0.7888 -0.5706
vn -0.2375 0.7853 -0.5717
vn -0.0569 0.5785 -0.8137
vn -0.0254 0.5879 -0.8085
vn -0.0711 0.7982 -0.5982
vn 0.0898 0.0618 -0.9940
vn 0.0298 0.0438 -0.9986
vn 0.0909 0.0562 -0.9943
vn -0.0438 0.1544 -0.9870
vn -0.0501 0.1558 -0.9865
vn -0.0190 0.0722 -0.9972
vn -0.0050 0.0712 -0.9974
vn 0.0014 0.0473 -0.9989
vn -0.1476 0.1121 -0.9827
vn -0.1512 0.0380 -0.9878
vn -0.1587 0.1154 -0.9806
vn -0.1628 -0.1014 -0.9814
vn -0.1700 -0.1955 -0.9658
vn -0.1888 -0.0982 -0.9771
vn -0.1695 0.2382 -0.9563
vn -0.1706 0.1924 -0.9664
vn -0.1861 0.2409 -0.9525
vn 0.1616 0.2506 0.9545
vn 0.1233 0.3966 0.9097
vn 0.1908 0.4274 0.8837
vn -0.7985 -0.6008 -0.0385
vn -0.9559 0.0351 0.2916
vn -0.8299 -0.4828 -0.2795
vn 0.2078 0.3367 -0.9184
vn 0.2960 0.3383 -0.8933
vn 0.1872 0.2599 -0.9473
vn 0.2287 0.2381 -0.9439
vn 0.3120 0.6440 -0.6985
vn 0.3920 0.4644 -0.7942
vn 0.2691 0.3131 -0.9108
vn 0.0127 0.2688 -0.9631
vn 0.0191 0.2370 -0.9713
vn 0.0062 0.2806 -0.9598
vn 0.0155 0.2692 -0.9630
vn 0.0115 0.2736 -0.9618
vn 0.0255 0.2503 -0.9678
vn -0.0142 0.3655 -0.9307
vn -0.0151 0.3643 -0.9311
vn -0.0167 0.3726 -0.9278
vn -0.0023 0.3249 -0.9457
vn 0.0047 0.3247 -0.9458
vn -0.0263 0.3761 -0.9262
vn -0.0215 0.4553 -0.8901
vn -0.0241 0.3754 -0.9266
vn -0.0436 0.3572 -0.9330
vn -0.0454 0.3008 -0.9526
vn -0.0437 0.3415 -0.9389
vn -0.0474 0.3619 -0.9310
vn -0.0474 0.4540 -0.8897
vn -0.0482 0.3557 -0.9334
vn -0.0191 -0.9998 0.0060
vn -0.0198 -0.9998 0.0062
vn 0.0196 -0.9998 -0.0050
vn -0.0192 0.9997 -0.0176
vn 0.0203 0.9994 -0.0283
vn -0.0199 0.9997 -0.0170
vn -0.0168 -0.9998 0.0053
vn -0.0173 -0.9998 0.0055
vn 0.0172 -0.9998 -0.0041
vn 0.0184 0.9994 -0.0282
vn -0.0174 0.9997 -0.0183
vn -0.0168 0.9997 -0.0182
vn -0.9996 0.0278 -0.0011
vn -0.8912 -0.0190 -0.4533
vn -0.0000 -0.0000 -1.0000
vn -0.9994 -0.0335 -0.0004
vn -0.9762 -0.0020 -0.2167
vn -0.9503 0.0046 -0.3113
vn -0.0254 0.5880 -0.8085
vn -0.0079 0.3232 -0.9463
vn -0.0039 0.5761 -0.8174
vn -0.1545 -0.1971 -0.9681
vn -0.1534 -0.2747 -0.9492
vn -0.1635 -0.2784 -0.9464
vn -0.5781 0.2434 -0.7788
vn -0.6859 0.2348 -0.6888
vn -0.2709 0.0462 -0.9615
vn -0.2742 0.0255 -0.9613
vn -0.0806 0.1573 -0.9843
vn -0.0902 0.1161 -0.9891
vn 0.0351 0.2064 -0.9778
vn 0.0241 0.2625 -0.9646
vn 0.0341 0.2602 -0.9649
vn 0.0584 0.2539 -0.9655
vn 0.0350 0.2066 -0.9778
vn 0.3163 0.2187 -0.9231
vn -0.1193 -0.2704 -0.9553
vn -0.1062 -0.2040 -0.9732
vn -0.1123 -0.2733 -0.9554
vn -0.1360 -0.3388 -0.9310
vn -0.1290 -0.2708 -0.9540
vn -0.0694 -0.0411 -0.9967
vn -0.0762 -0.1303 -0.9885
vn -0.0863 -0.1251 -0.9884
vn -0.0117 0.3341 -0.9425
vn -0.2307 0.7703 -0.5945
vn -0.2448 0.5393 -0.8057
vn -0.1549 0.4888 -0.8586
vn 0.2117 0.2361 -0.9484
vn -0.0599 0.0076 -0.9982
vn -0.0697 -0.0411 -0.9967
vn -0.0653 0.0083 -0.9978
vn -0.8485 0.2627 -0.4593
vn -0.8578 0.2365 -0.4563
vn 0.2906 0.2051 -0.9346
vn 0.2822 0.2719 -0.9200
vn 0.0078 0.3021 -0.9533
vn 0.0139 0.2888 -0.9573
vn 0.0212 0.2765 -0.9608
vn -0.1888 -0.0983 -0.9771
vn -0.2268 -0.0976 -0.9691
vn -0.0984 -0.1185 -0.9881
vn -0.0538 0.0956 -0.9940
vn -0.0522 0.0989 -0.9937
vn -0.4615 0.1295 -0.8777
vn 0.3673 0.6821 -0.6323
vn 0.2757 0.6225 -0.7325
vn 0.2845 0.7393 -0.6103
vn -0.1856 0.3383 -0.9225
vn -0.2094 0.3390 -0.9172
vn -0.0475 0.2218 -0.9739
vn -0.0494 0.2542 -0.9659
vn -0.0565 0.2333 -0.9708
vn -0.0778 0.0853 -0.9933
vn -0.1587 0.1153 -0.9806
vn -0.1743 0.1189 -0.9775
vn -0.0115 0.3602 -0.9328
vn -0.0137 0.4455 -0.8952
vn 0.3932 0.9052 -0.1611
vn 0.4629 0.8864 -0.0000
vn 0.4667 0.8650 -0.1843
vn 0.1025 0.6035 -0.7907
vn 0.0727 0.4813 -0.8735
vn 0.0715 0.6173 -0.7835
vn 0.1025 0.6035 -0.7908
vn 0.1560 0.6969 -0.7000
vn 0.1703 0.5593 -0.8113
vn -0.0176 0.3694 -0.9291
vn -0.0185 0.3508 -0.9363
vn -0.1034 -0.0336 -0.9941
vn -0.1007 -0.0081 -0.9949
vn -0.0456 0.1907 -0.9806
vn -0.0480 0.1907 -0.9805
vn -0.0476 0.1883 -0.9810
vn -0.1001 0.3236 -0.9409
vn -0.1768 0.5737 -0.7998
vn -0.1041 0.3204 -0.9416
vn 0.0039 0.0387 -0.9992
vn -0.0508 0.1673 -0.9846
vn -0.0576 0.1018 -0.9931
vn -0.0463 0.2193 -0.9746
vn -0.0455 0.2198 -0.9745
vn -0.0484 0.1868 -0.9812
vn -0.0492 0.1638 -0.9853
vn 0.0088 0.3157 -0.9488
vn 0.0527 0.9985 0.0117
vn 0.0383 0.9474 0.3176
vn 0.0008 0.9997 0.0229
vn 0.0158 0.2796 -0.9600
vn 0.0109 0.2902 -0.9569
vn -0.2165 0.0263 0.9759
vn -0.2394 0.0265 0.9706
vn -0.2191 0.0050 0.9757
vn -0.4625 0.2463 0.8517
vn -0.5781 0.2434 0.7788
vn -0.4620 0.2088 0.8620
vn -0.0059 0.4277 0.9039
vn 0.0189 0.4118 0.9111
vn 0.0216 0.4982 0.8668
vn 0.2541 0.1982 0.9467
vn 0.2155 0.1835 0.9591
vn 0.2373 0.1895 0.9528
vn 0.1872 0.2600 0.9473
vn 0.1503 0.3582 0.9214
vn 0.2078 0.3368 0.9184
vn 0.3002 0.2478 0.9211
vn 0.3419 0.2881 0.8945
vn 0.3552 0.2386 0.9038
vn 0.1716 0.4601 0.8711
vn 0.2600 0.4740 0.8413
vn 0.3419 0.2880 0.8945
vn 0.3734 0.4044 0.8349
vn 0.3566 0.3994 0.8446
vn 0.2151 0.6466 0.7319
vn 0.3120 0.6441 0.6984
vn -0.0224 0.3563 0.9341
vn -0.0212 0.3380 0.9409
vn -0.0193 0.3580 0.9335
vn 0.0024 0.3120 0.9501
vn -0.0050 0.3294 0.9442
vn -0.0079 0.3233 0.9463
vn 0.2589 0.2968 0.9192
vn 0.0735 0.2134 0.9742
vn 0.1230 0.4316 0.8937
vn -0.2685 0.1263 0.9550
vn -0.3526 0.1268 0.9271
vn -0.2708 0.0462 0.9615
vn 0.9113 0.1494 0.3837
vn 0.6275 -0.3055 0.7162
vn 0.6970 -0.5126 0.5015
vn 0.1128 0.9936 0.0106
vn 0.0806 0.9487 -0.3057
vn 0.1593 0.9508 -0.2659
vn -0.0874 -0.0068 0.9962
vn -0.0757 0.0103 0.9971
vn -0.0672 0.0994 0.9928
vn -0.2125 0.4568 0.8638
vn -0.2382 0.4551 0.8580
vn -0.2106 0.3895 0.8966
vn -0.1435 -0.2703 0.9520
vn -0.1534 -0.2746 0.9492
vn -0.1517 -0.3417 0.9275
vn -0.6805 0.2950 0.6707
vn -0.7733 0.2706 0.5734
vn -0.6837 0.2655 0.6797
vn -0.0599 0.0075 0.9982
vn -0.0600 0.0065 0.9982
vn -0.0538 0.0955 0.9940
vn -0.1768 0.5737 0.7997
vn -0.2375 0.7854 0.5717
vn -0.2284 0.7888 0.5706
vn -0.0569 0.5785 0.8137
vn -0.0711 0.7982 0.5982
vn -0.0254 0.5879 0.8085
vn 0.0898 0.0618 0.9940
vn 0.0909 0.0562 0.9943
vn 0.0298 0.0438 0.9986
vn -0.0438 0.1543 0.9871
vn -0.0190 0.0722 0.9972
vn -0.0501 0.1558 0.9865
vn -0.0050 0.0712 0.9974
vn 0.0014 0.0473 0.9989
vn -0.1476 0.1126 0.9826
vn -0.1587 0.1154 0.9806
vn -0.1513 0.0380 0.9878
vn -0.1628 -0.1013 0.9814
vn -0.1888 -0.0982 0.9771
vn -0.1700 -0.1955 0.9658
vn -0.1695 0.2383 0.9563
vn -0.1861 0.2409 0.9525
vn -0.1705 0.1924 0.9664
vn 0.1616 0.2506 -0.9545
vn 0.1908 0.4275 -0.8837
vn 0.1233 0.3966 -0.9097
vn -0.7985 -0.6008 0.0385
vn -0.8299 -0.4827 0.2796
vn -0.9559 0.0351 -0.2916
vn 0.2960 0.3383 0.8933
vn 0.2078 0.3367 0.9184
vn 0.2287 0.2381 0.9439
vn 0.1872 0.2599 0.9473
vn 0.3120 0.6440 0.6985
vn 0.3920 0.4644 0.7942
vn 0.2691 0.3131 0.9108
vn 0.0127 0.2688 0.9631
vn 0.0062 0.2806 0.9598
vn 0.0191 0.2370 0.9713
vn 0.0155 0.2692 0.9630
vn 0.0255 0.2503 0.9678
vn 0.0115 0.2736 0.9618
vn -0.0142 0.3655 0.9307
vn -0.0167 0.3726 0.9278
vn -0.0151 0.3643 0.9312
vn 0.0047 0.3247 0.9458
vn -0.0023 0.3249 0.9457
vn -0.0263 0.3761 0.9262
vn -0.0241 0.3754 0.9266
vn -0.0215 0.4554 0.8900
vn -0.0436 0.3572 0.9330
vn -0.0437 0.3415 0.9389
vn -0.0452 0.3003 0.9528
vn -0.0474 0.3620 0.9310
vn -0.0482 0.3557 0.9334
vn -0.0474 0.4541 0.8897
vn -0.0191 -0.9998 -0.0060
vn 0.0196 -0.9998 0.0051
vn -0.0198 -0.9998 -0.0062
vn -0.0192 0.9997 0.0176
vn -0.0199 0.9997 0.0170
vn 0.0203 0.9994 0.0283
vn -0.0168 -0.9998 -0.0053
vn 0.0172 -0.9998 0.0041
vn -0.0173 -0.9998 -0.0055
vn 0.0185 0.9994 0.0282
vn -0.0168 0.9997 0.0182
vn -0.0174 0.9997 0.0183
vn -0.0254 0.5880 0.8085
vn -0.0039 0.5761 0.8174
vn -0.0079 0.3232 0.9463
vn -0.1546 -0.1973 0.9681
vn -0.1634 -0.2785 0.9464
vn -0.1534 -0.2747 0.9492
vn -0.6859 0.2348 0.6888
vn -0.2709 0.0462 0.9615
vn -0.2744 0.0254 0.9613
vn -0.2394 0.0265 0.9705
vn -0.0902 0.1161 0.9891
vn -0.0806 0.1573 0.9843
vn 0.0351 0.2064 0.9778
vn 0.0341 0.2602 0.9649
vn 0.0241 0.2625 0.9646
vn 0.0584 0.2539 0.9655
vn 0.0341 0.2602 0.9650
vn 0.0352 0.2063 0.9779
vn 0.3163 0.2187 0.9231
vn -0.1193 -0.2704 0.9553
vn -0.1123 -0.2732 0.9554
vn -0.1062 -0.2040 0.9732
vn -0.1290 -0.2708 0.9539
vn -0.1360 -0.3388 0.9310
vn -0.0694 -0.0411 0.9967
vn -0.0863 -0.1251 0.9884
vn -0.0762 -0.1303 0.9885
vn -0.0117 0.3341 0.9425
vn -0.2307 0.7703 0.5945
vn -0.1548 0.4888 0.8586
vn -0.2448 0.5393 0.8057
vn 0.2117 0.2361 0.9484
vn -0.0599 0.0076 0.9982
vn -0.0653 0.0083 0.9978
vn -0.0697 -0.0411 0.9967
vn -0.8485 0.2627 0.4593
vn -0.8578 0.2365 0.4563
vn 0.2822 0.2719 0.9200
vn 0.2907 0.2051 0.9346
vn 0.0078 0.3021 0.9533
vn 0.0212 0.2766 0.9608
vn 0.0139 0.2888 0.9573
vn -0.2268 -0.0976 0.9691
vn -0.1888 -0.0983 0.9771
vn -0.0984 -0.1185 0.9881
vn -0.0538 0.0956 0.9940
vn -0.0522 0.0989 0.9937
vn -0.4615 0.1295 0.8777
vn 0.3673 0.6821 0.6323
vn 0.2845 0.7393 0.6103
vn 0.2757 0.6225 0.7325
vn -0.2105 0.3895 0.8966
vn -0.2095 0.3393 0.9170
vn -0.1856 0.3384 0.9225
vn -0.0475 0.2218 0.9739
vn -0.0565 0.2333 0.9708
vn -0.0493 0.2542 0.9659
vn -0.0778 0.0852 0.9933
vn -0.1706 0.1924 0.9664
vn -0.1743 0.1189 0.9775
vn -0.1587 0.1153 0.9806
vn -0.0137 0.4455 0.8952
vn -0.0114 0.3602 0.9328
vn 0.3932 0.9052 0.1611
vn 0.4667 0.8650 0.1843
vn 0.1025 0.6035 0.7907
vn 0.0715 0.6173 0.7835
vn 0.0727 0.4813 0.8735
vn 0.1025 0.6035 0.7908
vn 0.1703 0.5593 0.8113
vn 0.1560 0.6969 0.7000
vn -0.0185 0.3509 0.9362
vn -0.0176 0.3694 0.9291
vn -0.1007 -0.0085 0.9949
vn -0.1034 -0.0336 0.9941
vn -0.0456 0.1905 0.9806
vn -0.0476 0.1883 0.9810
vn -0.0479 0.1907 0.9805
vn -0.1001 0.3236 0.9409
vn -0.1041 0.3204 0.9416
vn -0.1768 0.5737 0.7998
vn 0.0039 0.0387 0.9992
vn -0.0576 0.1018 0.9931
vn -0.0508 0.1673 0.9846
vn -0.0466 0.2192 0.9746
vn -0.0455 0.2198 0.9745
vn -0.0492 0.1638 0.9853
vn -0.0483 0.1868 0.9812
vn 0.0088 0.3157 0.9488
vn 0.0527 0.9985 -0.0117
vn 0.0008 0.9997 -0.0229
vn 0.0383 0.9474 -0.3176
vn 0.0212 0.2765 0.9608
vn 0.0109 0.2902 0.9569
vn 0.0158 0.2796 0.9600
vn 0.8152 0.4815 0.3218
vn 0.8152 0.4095 0.4095
vn 1.0000 -0.0000 -0.0000
vn 0.8152 -0.2216 -0.5351
vn 0.8152 -0.1130 -0.5680
vn 0.8152 0.3218 0.4815
vn 0.8152 -0.0000 -0.5792
vn 0.8152 0.2216 0.5351
vn 0.8152 0.1130 -0.5680
vn 0.8152 0.1130 0.5680
vn 0.8152 0.2216 -0.5351
vn 0.8152 -0.0000 0.5792
vn 0.8152 0.3218 -0.4815
vn 0.8152 -0.1130 0.5680
vn 0.8152 0.4095 -0.4095
vn 0.8152 -0.2216 0.5351
vn 0.8152 0.4815 -0.3218
vn 0.8152 -0.3218 0.4815
vn 0.8152 0.5351 -0.2216
vn 0.8152 -0.5792 -0.0000
vn 0.8152 -0.5680 -0.1130
vn 0.8152 -0.4095 0.4095
vn 0.8152 0.5680 -0.1130
vn 0.8152 -0.5351 -0.2216
vn 0.8152 -0.4815 0.3218
vn 0.8152 0.5792 -0.0000
vn 0.8152 -0.4815 -0.3218
vn 0.8152 -0.5351 0.2216
vn 0.8152 0.5680 0.1130
vn 0.8152 -0.4095 -0.4095
vn 0.8152 -0.5680 0.1130
vn 0.8152 0.5351 0.2216
vn 0.8152 -0.3218 -0.4815
vn -0.8758 -0.3413 -0.3413
vn -0.8758 -0.4014 -0.2682
vn -1.0000 -0.0000 -0.0000
vn -0.8758 0.0942 0.4734
vn -0.8758 0.1847 0.4460
vn -0.8758 -0.2682 -0.4014
vn -0.8758 -0.0000 0.4827
vn -0.8758 -0.1847 -0.4460
vn -0.8758 -0.0942 0.4734
vn -0.8758 -0.0942 -0.4734
vn -0.8758 -0.1847 0.4460
vn -0.8758 -0.0000 -0.4827
vn -0.8758 -0.2682 0.4014
vn -0.8758 0.0942 -0.4734
vn -0.8758 -0.3413 0.3413
vn -0.8758 0.1847 -0.4460
vn -0.8758 -0.4014 0.2682
vn -0.8758 0.2682 -0.4014
vn -0.8758 -0.4460 0.1847
vn -0.8758 0.4734 0.0942
vn -0.8758 0.4827 -0.0000
vn -0.8758 0.3413 -0.3413
vn -0.8758 -0.4734 0.0942
vn -0.8758 0.4460 0.1847
vn -0.8758 0.4013 -0.2682
vn -0.8758 -0.4827 -0.0000
vn -0.8758 0.4014 0.2682
vn -0.8758 0.4460 -0.1847
vn -0.8758 -0.4734 -0.0942
vn -0.8758 0.3413 0.3413
vn -0.8758 0.4734 -0.0942
vn -0.8758 -0.4460 -0.1847
vn -0.8758 0.2682 0.4014
vn 0.8152 0.4816 0.3218
vn -0.8758 -0.4013 -0.2682
vn 0.2566 -0.9577 -0.1302
vn 0.2566 -0.9577 0.1302
vn -0.0000 -0.9915 0.1302
vn -0.0000 -0.9915 -0.1302
vn -0.4957 -0.8587 -0.1302
vn -0.4957 -0.8587 0.1302
vn -0.7011 -0.7011 0.1302
vn -0.7011 -0.7011 -0.1302
vn -0.8587 -0.4957 0.1302
vn -0.8587 -0.4957 -0.1302
vn -0.9577 -0.2566 0.1302
vn -0.9577 -0.2566 -0.1302
vn -0.9915 -0.0000 0.1302
vn -0.9915 -0.0000 -0.1302
vn -0.9577 0.2566 0.1302
vn -0.9577 0.2566 -0.1302
vn -0.8587 0.4957 0.1302
vn -0.8587 0.4957 -0.1302
vn -0.7011 0.7011 0.1302
vn -0.7011 0.7011 -0.1302
vn -0.4957 0.8587 0.1302
vn -0.4957 0.8587 -0.1302
vn -0.2566 0.9577 0.1302
vn -0.2566 0.9577 -0.1302
vn -0.0000 0.9915 0.1302
vn -0.0000 0.9915 -0.1302
vn 0.2566 0.9577 0.1302
vn 0.2566 0.9577 -0.1302
vn 0.4957 0.8587 0.1302
vn 0.4957 0.8587 -0.1302
vn 0.7011 0.7011 0.1302
vn 0.7011 0.7011 -0.1302
vn 0.8587 0.4957 0.1302
vn 0.8587 0.4957 -0.1302
vn 0.9577 0.2566 0.1302
vn 0.9577 0.2566 -0.1302
vn 0.9915 -0.0000 0.1302
vn 0.9915 -0.0000 -0.1302
vn 0.9577 -0.2566 0.1302
vn 0.9577 -0.2566 -0.1302
vn 0.8587 -0.4957 0.1302
vn 0.8587 -0.4957 -0.1302
vn 0.7011 -0.7011 0.1302
vn 0.7011 -0.7011 -0.1302
vn 0.4957 -0.8587 0.1302
vn 0.4957 -0.8587 -0.1302
vn -0.2566 -0.9577 -0.1302
vn -0.2566 -0.9577 0.1302
vn -0.1875 0.1082 0.9763
vn -0.2091 0.0560 0.9763
vn -0.2449 0.0656 0.9673
vn -0.2196 0.1267 0.9673
vn -0.2251 -0.8400 -0.4936
vn -0.0000 -0.8697 -0.4936
vn -0.1328 -0.4955 -0.8584
vn -0.0000 -0.5130 -0.8584
vn -0.0362 -0.1353 -0.9901
vn -0.0000 -0.1400 -0.9901
vn -0.0000 -0.8697 0.4936
vn -0.2251 -0.8400 0.4936
vn -0.0000 -0.5130 0.8584
vn -0.1328 -0.4956 0.8584
vn -0.0000 -0.1400 0.9901
vn -0.0362 -0.1353 0.9901
vn -0.4348 -0.7532 -0.4936
vn -0.2565 -0.4443 -0.8584
vn -0.0700 -0.1213 -0.9901
vn -0.4348 -0.7532 0.4936
vn -0.2565 -0.4443 0.8584
vn -0.0700 -0.1213 0.9901
vn -0.6150 -0.6150 -0.4936
vn -0.3628 -0.3628 -0.8584
vn -0.0990 -0.0990 -0.9901
vn -0.6150 -0.6150 0.4936
vn -0.3628 -0.3628 0.8584
vn -0.0990 -0.0990 0.9901
vn -0.7532 -0.4348 -0.4936
vn -0.4443 -0.2565 -0.8584
vn -0.1213 -0.0700 -0.9901
vn -0.7532 -0.4348 0.4936
vn -0.4443 -0.2565 0.8584
vn -0.1213 -0.0700 0.9901
vn -0.8400 -0.2251 -0.4936
vn -0.4955 -0.1328 -0.8584
vn -0.1353 -0.0362 -0.9901
vn -0.8400 -0.2251 0.4936
vn -0.4956 -0.1328 0.8584
vn -0.1353 -0.0362 0.9901
vn -0.8697 -0.0000 -0.4936
vn -0.5130 -0.0000 -0.8584
vn -0.1400 -0.0000 -0.9901
vn -0.8697 -0.0000 0.4936
vn -0.5130 -0.0000 0.8584
vn -0.1400 -0.0000 0.9901
vn -0.8400 0.2251 -0.4936
vn -0.4956 0.1328 -0.8584
vn -0.1353 0.0362 -0.9901
vn -0.8400 0.2251 0.4936
vn -0.4955 0.1328 0.8584
vn -0.1353 0.0362 0.9901
vn -0.7532 0.4348 -0.4936
vn -0.4443 0.2565 -0.8584
vn -0.1213 0.0700 -0.9901
vn -0.7532 0.4348 0.4936
vn -0.4443 0.2565 0.8584
vn -0.1213 0.0700 0.9901
vn -0.6150 0.6150 -0.4936
vn -0.3628 0.3628 -0.8584
vn -0.0990 0.0990 -0.9901
vn -0.6150 0.6150 0.4936
vn -0.3628 0.3628 0.8584
vn -0.0990 0.0990 0.9901
vn -0.4348 0.7532 -0.4936
vn -0.2565 0.4443 -0.8584
vn -0.0700 0.1213 -0.9901
vn -0.4348 0.7532 0.4936
vn -0.2565 0.4443 0.8584
vn -0.0700 0.1213 0.9901
vn -0.2251 0.8400 -0.4936
vn -0.1328 0.4955 -0.8584
vn -0.0362 0.1353 -0.9901
vn -0.2251 0.8400 0.4936
vn -0.1328 0.4955 0.8584
vn -0.0362 0.1353 0.9901
vn -0.0000 0.8697 -0.4936
vn -0.0000 0.5130 -0.8584
vn -0.0000 0.1400 -0.9901
vn -0.0000 0.8697 0.4936
vn -0.0000 0.5130 0.8584
vn -0.0000 0.1400 0.9901
vn 0.2251 0.8400 -0.4936
vn 0.1328 0.4955 -0.8584
vn 0.0362 0.1353 -0.9901
vn 0.2251 0.8400 0.4936
vn 0.1328 0.4955 0.8584
vn 0.0362 0.1353 0.9901
vn 0.4348 0.7532 -0.4936
vn 0.2565 0.4443 -0.8584
vn 0.0700 0.1213 -0.9901
vn 0.4348 0.7532 0.4936
vn 0.2565 0.4443 0.8584
vn 0.0700 0.1213 0.9901
vn 0.6150 0.6150 -0.4936
vn 0.3628 0.3628 -0.8584
vn 0.0990 0.0990 -0.9901
vn 0.6150 0.6150 0.4936
vn 0.3628 0.3628 0.8584
vn 0.0990 0.0990 0.9901
vn 0.7532 0.4348 -0.4936
vn 0.4443 0.2565 -0.8584
vn 0.1213 0.0700 -0.9901
vn 0.7532 0.4348 0.4936
vn 0.4443 0.2565 0.8584
vn 0.1213 0.0700 0.9901
vn 0.8400 0.2251 -0.4936
vn 0.4955 0.1328 -0.8584
vn 0.1353 0.0362 -0.9901
vn 0.8400 0.2251 0.4936
vn 0.4956 0.1328 0.8584
vn 0.1353 0.0362 0.9901
vn 0.8697 -0.0000 -0.4936
vn 0.5130 -0.0000 -0.8584
vn 0.1400 -0.0000 -0.9901
vn 0.8697 -0.0000 0.4936
vn 0.5130 -0.0000 0.8584
vn 0.1400 -0.0000 0.9901
vn 0.8400 -0.2251 -0.4936
vn 0.4956 -0.1328 -0.8584
vn 0.1353 -0.0362 -0.9901
vn 0.8400 -0.2251 0.4936
vn 0.4955 -0.1328 0.8584
vn 0.1353 -0.0362 0.9901
vn 0.7532 -0.4348 -0.4936
vn 0.4443 -0.2565 -0.8584
vn 0.1213 -0.0700 -0.9901
vn 0.7532 -0.4348 0.4936
vn 0.4443 -0.2565 0.8584
vn 0.1213 -0.0700 0.9901
vn 0.6150 -0.6150 -0.4936
vn 0.3628 -0.3628 -0.8584
vn 0.0990 -0.0990 -0.9901
vn 0.6150 -0.6150 0.4936
vn 0.3628 -0.3628 0.8584
vn 0.0990 -0.0990 0.9901
vn 0.4348 -0.7532 -0.4936
vn 0.2565 -0.4443 -0.8584
vn 0.0700 -0.1213 -0.9901
vn 0.4348 -0.7532 0.4936
vn 0.2565 -0.4443 0.8584
vn 0.0700 -0.1213 0.9901
vn 0.2251 -0.8400 -0.4936
vn 0.1328 -0.4956 -0.8584
vn 0.0362 -0.1353 -0.9901
vn 0.2251 -0.8400 0.4936
vn 0.1328 -0.4956 0.8584
vn 0.0362 -0.1353 0.9901
vn -0.0000 0.2165 0.9763
vn 0.0560 0.2091 0.9763
vn 0.1082 0.1875 0.9763
vn 0.1531 0.1531 0.9763
vn 0.1875 0.1082 0.9763
vn 0.2091 0.0560 0.9763
vn 0.2165 -0.0000 0.9763
vn 0.2091 -0.0560 0.9763
vn 0.1875 -0.1082 0.9763
vn 0.1531 -0.1531 0.9763
vn 0.1082 -0.1875 0.9763
vn 0.0560 -0.2091 0.9763
vn -0.0000 -0.2165 0.9763
vn -0.0560 -0.2091 0.9763
vn -0.1082 -0.1875 0.9763
vn -0.1531 -0.1531 0.9763
vn -0.1875 -0.1082 0.9763
vn -0.2091 -0.0560 0.9763
vn -0.2165 -0.0000 0.9763
vn -0.1531 0.1531 0.9763
vn -0.1082 0.1875 0.9763
vn -0.0560 0.2091 0.9763
vn -0.0000 -0.2535 0.9673
vn -0.0656 -0.2449 0.9673
vn 0.2449 0.0656 0.9673
vn 0.2535 -0.0000 0.9673
vn -0.1793 0.1793 0.9673
vn -0.1267 -0.2196 0.9673
vn 0.2449 -0.0656 0.9673
vn -0.1268 0.2196 0.9673
vn -0.1793 -0.1793 0.9673
vn 0.2196 -0.1267 0.9673
vn -0.0656 0.2449 0.9673
vn -0.0000 0.2535 0.9673
vn 0.0656 0.2449 0.9673
vn -0.2195 -0.1268 0.9673
vn 0.1793 -0.1792 0.9673
vn 0.1267 0.2196 0.9673
vn -0.2449 -0.0656 0.9673
vn 0.1268 -0.2195 0.9673
vn 0.1793 0.1793 0.9673
vn -0.2535 -0.0000 0.9673
vn 0.0656 -0.2449 0.9673
vn 0.2195 0.1268 0.9673
vn -0.1875 0.1082 -0.9763
vn -0.2196 0.1268 -0.9673
vn -0.2449 0.0656 -0.9673
vn -0.2091 0.0560 -0.9763
vn -0.1328 -0.4956 -0.8584
vn -0.4955 -0.1328 0.8584
vn -0.4956 -0.1328 -0.8584
vn -0.4956 0.1328 0.8584
vn -0.4955 0.1328 -0.8584
vn 0.4956 0.1328 -0.8584
vn 0.4956 -0.1328 0.8584
vn 0.4955 -0.1328 -0.8584
vn -0.0000 0.2165 -0.9763
vn 0.0560 0.2091 -0.9763
vn 0.1082 0.1875 -0.9763
vn 0.1531 0.1531 -0.9763
vn 0.1875 0.1082 -0.9763
vn 0.2091 0.0560 -0.9763
vn 0.2165 -0.0000 -0.9763
vn 0.2091 -0.0560 -0.9763
vn 0.1875 -0.1082 -0.9763
vn 0.1531 -0.1531 -0.9763
vn 0.1082 -0.1875 -0.9763
vn 0.0560 -0.2091 -0.9763
vn -0.0000 -0.2165 -0.9763
vn -0.0560 -0.2091 -0.9763
vn -0.1082 -0.1875 -0.9763
vn -0.1531 -0.1531 -0.9763
vn -0.1875 -0.1082 -0.9763
vn -0.2091 -0.0560 -0.9763
vn -0.2165 -0.0000 -0.9763
vn -0.1531 0.1531 -0.9763
vn -0.1082 0.1875 -0.9763
vn -0.0560 0.2091 -0.9763
vn -0.0656 -0.2449 -0.9673
vn -0.0000 -0.2535 -0.9673
vn 0.2535 -0.0000 -0.9673
vn 0.2449 0.0656 -0.9673
vn -0.1793 0.1793 -0.9673
vn -0.1268 -0.2195 -0.9673
vn 0.2449 -0.0656 -0.9673
vn -0.1268 0.2196 -0.9673
vn -0.1793 -0.1793 -0.9673
vn 0.2195 -0.1268 -0.9673
vn -0.0656 0.2449 -0.9673
vn 0.0656 0.2449 -0.9673
vn -0.0000 0.2535 -0.9673
vn -0.2196 -0.1268 -0.9673
vn 0.1793 -0.1793 -0.9673
vn 0.1268 0.2195 -0.9673
vn -0.2449 -0.0656 -0.9673
vn 0.1267 -0.2196 -0.9673
vn 0.1793 0.1793 -0.9673
vn -0.2535 -0.0000 -0.9673
vn 0.0656 -0.2449 -0.9673
vn 0.2196 0.1268 -0.9673
vn -0.0000 -0.7342 -0.6789
vn -0.0000 -0.7342 0.6789
vn -0.1900 -0.7092 0.6789
vn -0.1900 -0.7092 -0.6789
vn -0.3671 -0.6359 0.6789
vn -0.3671 -0.6359 -0.6789
vn -0.5192 -0.5192 0.6789
vn -0.5192 -0.5192 -0.6789
vn -0.6359 -0.3671 0.6789
vn -0.6359 -0.3671 -0.6789
vn -0.7092 -0.1900 0.6789
vn -0.7092 -0.1900 -0.6789
vn -0.7343 -0.0000 0.6789
vn -0.7343 -0.0000 -0.6789
vn -0.7092 0.1900 0.6789
vn -0.7092 0.1900 -0.6789
vn -0.6359 0.3671 0.6789
vn -0.6359 0.3671 -0.6789
vn -0.5192 0.5192 0.6789
vn -0.5192 0.5192 -0.6789
vn -0.3671 0.6359 0.6789
vn -0.3671 0.6359 -0.6789
vn -0.1900 0.7092 0.6789
vn -0.1900 0.7092 -0.6789
vn -0.0000 0.7343 0.6789
vn -0.0000 0.7342 -0.6789
vn 0.1900 0.7092 0.6789
vn 0.1900 0.7092 -0.6789
vn 0.3671 0.6359 0.6789
vn 0.3671 0.6359 -0.6789
vn 0.5192 0.5192 0.6789
vn 0.5192 0.5192 -0.6789
vn 0.6359 0.3671 0.6789
vn 0.6359 0.3671 -0.6789
vn 0.7092 0.1900 0.6789
vn 0.7092 0.1900 -0.6789
vn 0.7343 -0.0000 0.6789
vn 0.7343 -0.0000 -0.6789
vn 0.7092 -0.1901 0.6789
vn 0.7093 -0.1900 -0.6789
vn 0.6359 -0.3671 0.6789
vn 0.6359 -0.3671 -0.6789
vn 0.5192 -0.5192 0.6789
vn 0.5192 -0.5192 -0.6789
vn 0.3671 -0.6359 0.6789
vn 0.3671 -0.6359 -0.6789
vn 0.1900 -0.7092 0.6789
vn 0.1900 -0.7092 -0.6789
vn -0.0000 -0.6789 -0.7343
vn -0.1900 -0.6789 -0.7092
vn -0.2588 -0.0000 -0.9659
vn -0.3671 -0.6789 -0.6359
vn -0.5000 -0.0000 -0.8660
vn -0.5192 -0.6789 -0.5192
vn -0.7071 -0.0000 -0.7071
vn -0.6359 -0.6789 -0.3671
vn -0.8660 -0.0000 -0.5000
vn -0.7092 -0.6789 -0.1900
vn -0.9659 -0.0000 -0.2588
vn -0.7343 -0.6789 -0.0000
vn -0.7092 -0.6789 0.1900
vn -0.9659 -0.0000 0.2588
vn -0.6359 -0.6789 0.3671
vn -0.8660 -0.0000 0.5000
vn -0.5192 -0.6789 0.5192
vn -0.7071 -0.0000 0.7071
vn -0.3671 -0.6789 0.6359
vn -0.5000 -0.0000 0.8660
vn -0.1900 -0.6789 0.7092
vn -0.2588 -0.0000 0.9659
vn -0.0000 -0.6789 0.7343
vn -0.0000 -0.0000 1.0000
vn 0.1900 -0.6789 0.7092
vn 0.2588 -0.0000 0.9659
vn 0.3671 -0.6789 0.6359
vn 0.5000 -0.0000 0.8660
vn 0.5192 -0.6789 0.5192
vn 0.7071 -0.0000 0.7071
vn 0.6359 -0.6789 0.3671
vn 0.8660 -0.0000 0.5000
vn 0.7092 -0.6789 0.1900
vn 0.9659 -0.0000 0.2588
vn 0.7343 -0.6789 -0.0000
vn 0.7092 -0.6789 -0.1900
vn 0.9659 -0.0000 -0.2588
vn 0.6359 -0.6789 -0.3671
vn 0.8660 -0.0000 -0.5000
vn 0.5192 -0.6789 -0.5192
vn 0.7071 -0.0000 -0.7071
vn 0.3671 -0.6789 -0.6359
vn 0.5000 -0.0000 -0.8660
vn 0.1900 -0.6789 -0.7092
vn 0.2588 -0.0000 -0.9659
vn 0.4800 -0.4800 -0.7343
vn 0.3457 -0.6144 -0.7093
vn -0.1830 -0.1830 -0.9659
vn 0.2204 -0.7396 -0.6359
vn -0.3536 -0.3536 -0.8660
vn 0.1129 -0.8472 -0.5192
vn -0.5000 -0.5000 -0.7071
vn 0.0304 -0.9297 -0.3671
vn -0.6124 -0.6124 -0.5000
vn -0.0215 -0.9815 -0.1900
vn -0.6830 -0.6830 -0.2588
vn -0.0391 -0.9992 -0.0000
vn -0.7071 -0.7071 -0.0000
vn -0.0215 -0.9815 0.1900
vn -0.6830 -0.6830 0.2588
vn 0.0304 -0.9297 0.3671
vn -0.6124 -0.6124 0.5000
vn 0.1129 -0.8472 0.5192
vn -0.5000 -0.5000 0.7071
vn 0.2204 -0.7396 0.6359
vn -0.3535 -0.3535 0.8660
vn 0.3456 -0.6144 0.7092
vn -0.1830 -0.1830 0.9659
vn 0.4800 -0.4800 0.7343
vn 0.6144 -0.3456 0.7092
vn 0.1830 0.1830 0.9659
vn 0.7396 -0.2204 0.6359
vn 0.3536 0.3536 0.8660
vn 0.8472 -0.1129 0.5192
vn 0.5000 0.5000 0.7071
vn 0.9297 -0.0303 0.3671
vn 0.6124 0.6124 0.5000
vn 0.9815 0.0214 0.1901
vn 0.6830 0.6830 0.2588
vn 0.9992 0.0391 -0.0000
vn 0.7071 0.7071 -0.0000
vn 0.9815 0.0215 -0.1900
vn 0.6830 0.6830 -0.2588
vn 0.9297 -0.0304 -0.3671
vn 0.6124 0.6124 -0.5000
vn 0.8472 -0.1129 -0.5192
vn 0.5000 0.5000 -0.7071
vn 0.7396 -0.2204 -0.6359
vn 0.3536 0.3536 -0.8660
vn 0.6144 -0.3456 -0.7092
vn 0.1830 0.1830 -0.9659
vn 0.1901 0.6789 -0.7092
vn -0.0000 0.6789 -0.7342
vn 0.3671 0.6789 -0.6359
vn 0.5192 0.6789 -0.5192
vn 0.6359 0.6789 -0.3671
vn 0.7092 0.6789 -0.1900
vn 0.7342 0.6789 -0.0000
vn 0.7092 0.6789 0.1900
vn 0.6359 0.6789 0.3671
vn 0.5192 0.6789 0.5192
vn 0.3671 0.6789 0.6359
vn 0.1901 0.6789 0.7092
vn -0.0000 0.6789 0.7342
vn -0.1901 0.6789 0.7092
vn -0.3671 0.6789 0.6358
vn -0.5192 0.6789 0.5192
vn -0.6359 0.6789 0.3671
vn -0.7092 0.6789 0.1900
vn -0.7342 0.6789 -0.0000
vn -0.7092 0.6789 -0.1900
vn -0.6359 0.6789 -0.3671
vn -0.5192 0.6789 -0.5191
vn -0.3671 0.6789 -0.6359
vn -0.1901 0.6789 -0.7092
vn -0.3457 0.6145 -0.7092
vn -0.4801 0.4801 -0.7342
vn -0.2205 0.7396 -0.6359
vn -0.1130 0.8471 -0.5193
vn -0.0304 0.9297 -0.3671
vn 0.0214 0.9816 -0.1900
vn 0.0391 0.9992 -0.0000
vn 0.0214 0.9816 0.1899
vn -0.0304 0.9297 0.3671
vn -0.1129 0.8472 0.5191
vn -0.2205 0.7397 0.6358
vn -0.3458 0.6144 0.7092
vn -0.4801 0.4800 0.7342
vn -0.6145 0.3457 0.7092
vn -0.7396 0.2205 0.6358
vn -0.3536 -0.3536 0.8660
vn -0.8472 0.1129 0.5191
vn -0.9296 0.0305 0.3672
vn -0.9815 -0.0214 0.1901
vn -0.9992 -0.0391 -0.0000
vn -0.9815 -0.0214 -0.1901
vn -0.9297 0.0304 -0.3670
vn -0.8471 0.1130 -0.5192
vn -0.7396 0.2205 -0.6359
vn -0.6143 0.3458 -0.7092
vn -0.2825 -0.0989 -0.9542
vn -0.3643 -0.1005 -0.9258
vn -0.3567 0.0279 -0.9338
vn -0.4667 0.0316 -0.8839
vn -0.4732 -0.1003 -0.8752
vn -0.0987 -0.1684 -0.9808
vn -0.0974 0.0068 -0.9952
vn -0.2752 0.0211 -0.9612
vn -0.2680 -0.2661 -0.9259
vn -0.2093 0.2427 -0.9473
vn -0.2124 0.1224 -0.9695
vn -0.2679 0.2456 -0.9316
vn 0.6105 0.7522 -0.2479
vn 0.9186 0.1548 -0.3636
vn 0.9191 0.1552 -0.3622
vn 0.6188 0.7452 -0.2485
vn -0.2386 -0.2912 -0.9264
vn -0.2918 -0.2986 -0.9087
vn -0.3697 -0.3052 -0.8776
vn -0.4738 -0.3080 -0.8250
vn -0.5922 -0.3066 -0.7452
vn -0.5961 -0.0977 -0.7970
vn -0.5893 0.0355 -0.8071
vn -0.5817 0.1302 -0.8029
vn -0.9431 0.1010 -0.3169
vn -0.9498 0.0499 -0.3088
vn -0.9807 0.0584 -0.1867
vn -0.9781 0.0897 -0.1876
vn -0.3529 0.2470 -0.9025
vn 0.0327 0.3101 -0.9501
vn 0.1142 0.2910 -0.9499
vn 0.1414 0.2208 -0.9650
vn 0.0584 0.2538 -0.9655
vn 0.0346 0.3128 -0.9492
vn 0.0197 0.3167 -0.9483
vn 0.0236 0.6323 -0.7743
vn 0.0419 0.1775 -0.9832
vn 0.0454 0.1447 -0.9884
vn 0.0760 0.1343 -0.9880
vn 0.0311 0.2086 -0.9775
vn 0.0337 0.1905 -0.9811
vn 0.0062 0.2807 -0.9598
vn 0.0161 0.2549 -0.9668
vn 0.0021 0.2973 -0.9548
vn 0.0037 0.3198 -0.9475
vn 0.0403 0.1682 -0.9849
vn 0.0433 0.1344 -0.9900
vn 0.1861 0.3440 -0.9203
vn 0.2774 0.4859 -0.8288
vn 0.0736 0.3971 -0.9148
vn 0.2117 0.2362 -0.9484
vn 0.2749 0.1858 -0.9434
vn 0.2442 0.1714 -0.9544
vn 0.2140 0.1618 -0.9633
vn 0.2080 0.1456 -0.9672
vn 0.0353 0.9901 -0.1361
vn 0.0826 0.9871 -0.1374
vn 0.0813 0.9438 -0.3204
vn 0.0332 0.9480 -0.3164
vn -0.0373 -0.9977 -0.0569
vn -0.0576 -0.9964 -0.0629
vn -0.0618 -0.9870 -0.1485
vn -0.0416 -0.9898 -0.1359
vn -0.0979 -0.9928 -0.0694
vn -0.1012 -0.9815 -0.1624
vn -0.0710 -0.9483 -0.3094
vn -0.0517 -0.9566 -0.2867
vn -0.1077 -0.9377 -0.3303
vn -0.0238 -0.9997 -0.0000
vn -0.0359 -0.9994 -0.0000
vn -0.0252 -0.9983 -0.0519
vn -0.0563 -0.9984 -0.0000
vn -0.0969 -0.9953 -0.0000
vn -0.1461 -0.9893 -0.0000
vn -0.1471 -0.9862 -0.0760
vn -0.1493 -0.9734 -0.1741
vn -0.1518 -0.9263 -0.3448
vn -0.1518 -0.9263 -0.3449
vn -0.1496 -0.8123 -0.5637
vn -0.1134 -0.8264 -0.5515
vn -0.0834 -0.8450 -0.5282
vn -0.0671 -0.8635 -0.4999
vn -0.0383 -0.9640 -0.2631
vn -0.0536 -0.8822 -0.4679
vn -0.0290 -0.9919 -0.1234
vn -0.0383 -0.9640 -0.2630
vn 0.0779 0.8271 -0.5567
vn 0.0294 0.8365 -0.5472
vn 0.0830 0.9966 -0.0000
vn 0.0358 0.9994 -0.0000
vn 0.0044 1.0000 -0.0000
vn 0.0039 0.9907 -0.1360
vn 0.1380 0.9904 -0.0000
vn 0.2844 0.9587 -0.0000
vn 0.2892 0.9439 -0.1593
vn 0.1392 0.9799 -0.1426
vn 0.2947 0.8832 -0.3650
vn 0.1438 0.9314 -0.3344
vn 0.1519 0.8038 -0.5752
vn -0.0030 -0.9993 -0.0381
vn -0.0023 -0.9992 -0.0404
vn -0.0029 -0.9954 -0.0962
vn -0.0034 -0.9958 -0.0917
vn -0.0011 0.8401 -0.5425
vn -0.0053 0.6407 -0.7678
vn 0.0023 0.9492 -0.3148
vn -0.0015 -0.9994 -0.0355
vn 0.0007 -0.9964 -0.0849
vn 0.0037 -0.9965 -0.0841
vn 0.0008 -0.9994 -0.0353
vn 0.0074 -0.9826 -0.1856
vn 0.0123 -0.9833 -0.1817
vn 0.0077 -0.9964 -0.0843
vn 0.0042 -0.9994 -0.0356
vn 0.0177 -0.9835 -0.1801
vn -0.0032 -1.0000 -0.0000
vn -0.0031 -0.9993 -0.0363
vn -0.0021 -1.0000 -0.0000
vn -0.0024 -0.9962 -0.0870
vn 0.0020 -0.9814 -0.1922
vn 0.0019 -0.9813 -0.1922
vn 0.0094 -0.9324 -0.3614
vn 0.0196 -0.9377 -0.3469
vn 0.0275 -0.9415 -0.3358
vn 0.0123 -0.9833 -0.1818
vn 0.0358 -0.9440 -0.3281
vn 0.0177 -0.9835 -0.1802
vn 0.0468 -0.9444 -0.3255
vn 0.0251 -0.9831 -0.1815
vn 0.0251 -0.9831 -0.1814
vn 0.0136 -0.9962 -0.0857
vn 0.0096 -0.9993 -0.0362
vn 0.0033 -1.0000 -0.0000
vn 0.0086 -1.0000 -0.0000
vn -0.0000 -1.0000 -0.0000
vn 0.2029 0.2132 -0.9557
vn 0.1966 0.2332 -0.9524
vn 0.1468 0.2733 -0.9507
vn 0.2815 0.3217 -0.9040
vn 0.1967 0.2331 -0.9524
vn 0.2248 0.2259 -0.9479
vn 0.1945 0.1521 -0.9690
vn 0.2327 0.1964 -0.9525
vn 0.2907 0.2051 -0.9346
vn 0.2790 0.2086 -0.9374
vn 0.2637 0.2064 -0.9422
vn 0.3877 0.4340 -0.8132
vn 0.1415 0.3879 -0.9108
vn 0.1262 0.2985 -0.9460
vn 0.1377 0.2888 -0.9474
vn 0.1686 0.3675 -0.9146
vn 0.1756 0.4844 -0.8570
vn 0.2010 0.4717 -0.8585
vn 0.2054 0.2978 -0.9323
vn 0.2167 0.6623 -0.7172
vn 0.2552 0.4534 -0.8540
vn 0.2691 0.2375 -0.9334
vn 0.2397 0.6619 -0.7102
vn 0.1837 0.2312 -0.9554
vn 0.2397 0.7919 -0.5617
vn 0.2396 0.7919 -0.5617
vn 0.2377 0.8047 -0.5440
vn 0.2757 0.7927 -0.5437
vn 0.3351 0.6569 -0.6754
vn 0.3800 0.4568 -0.8043
vn 0.3890 0.2493 -0.8869
vn 0.2799 0.0623 -0.9580
vn 0.3727 0.0608 -0.9259
vn 0.2257 0.1415 -0.9639
vn 0.2258 0.1415 -0.9639
vn 0.0219 -0.9990 -0.0387
vn 0.0275 -0.9954 -0.0914
vn 0.0468 -0.9939 -0.0996
vn 0.0416 -0.9982 -0.0426
vn 0.0415 -0.9813 -0.1882
vn 0.0618 -0.9778 -0.2004
vn 0.0943 -0.9884 -0.1189
vn 0.0877 -0.9945 -0.0575
vn 0.0982 -0.9734 -0.2070
vn 0.0203 -0.9998 -0.0000
vn 0.0692 -0.9406 -0.3323
vn 0.0416 -0.9812 -0.1882
vn 0.0949 -0.9321 -0.3496
vn 0.0950 -0.9321 -0.3496
vn 0.1245 -0.9267 -0.3546
vn 0.1623 -0.9256 -0.3419
vn 0.1648 -0.9513 -0.2606
vn 0.1466 -0.9726 -0.1804
vn 0.1345 -0.9862 -0.0963
vn 0.0845 -0.9964 -0.0000
vn 0.1318 -0.9913 -0.0000
vn 0.0405 -0.9992 -0.0000
vn 0.3700 0.7464 -0.5531
vn 0.4202 0.8296 -0.3678
vn 0.2836 0.9150 -0.2871
vn 0.2610 0.8666 -0.4253
vn 0.4552 0.8643 -0.2138
vn 0.3025 0.9400 -0.1574
vn 0.2610 0.8666 -0.4252
vn 0.2836 0.9150 -0.2872
vn 0.2966 0.9107 -0.2875
vn 0.2579 0.8775 -0.4044
vn 0.3025 0.9401 -0.1574
vn 0.3283 0.9315 -0.1568
vn 0.4812 0.5758 -0.6609
vn 0.3701 0.7464 -0.5531
vn 0.5633 0.6831 -0.4648
vn 0.4202 0.8295 -0.3678
vn 0.6150 0.7348 -0.2862
vn 0.4552 0.8643 -0.2139
vn 0.6513 0.7589 -0.0000
vn 0.4662 0.8847 -0.0000
vn 0.4661 0.8847 -0.0000
vn 0.3106 0.9505 -0.0000
vn 0.3381 0.9411 -0.0000
vn 0.3572 0.9340 -0.0000
vn 0.3615 0.9126 -0.1908
vn 0.3595 0.8733 -0.3289
vn 0.3273 0.8314 -0.4491
vn 0.4600 0.3455 -0.8180
vn 0.4609 0.5304 -0.7115
vn 0.4665 0.6701 -0.5773
vn 0.4977 0.5226 -0.6922
vn 0.4209 0.7035 -0.5727
vn 0.4282 0.7876 -0.4430
vn 0.4682 0.8157 -0.3396
vn 0.5407 0.7187 -0.4371
vn 0.4083 0.8756 -0.2582
vn 0.4441 0.1484 -0.8836
vn 0.4006 0.9162 -0.0000
vn 0.4707 0.8823 -0.0000
vn 0.5718 0.8204 -0.0000
vn 0.6266 0.5461 -0.5560
vn 0.7364 0.6765 -0.0000
vn 0.5261 0.3254 -0.7857
vn 0.4191 0.6401 -0.6439
vn 0.4613 0.8005 -0.3826
vn 0.5517 0.7094 -0.4386
vn 0.4798 0.5826 -0.6560
vn 0.5727 0.7812 -0.2485
vn 0.4798 0.5826 -0.6561
vn 0.5787 0.6655 -0.4713
vn 0.4976 0.5496 -0.6711
vn 0.5727 0.7812 -0.2486
vn 0.6125 0.7359 -0.2887
vn 0.3907 0.8440 -0.3674
vn 0.5824 0.8129 -0.0000
vn 0.6361 0.7716 -0.0000
vn 0.0004 0.9905 -0.1373
vn 0.0017 0.9906 -0.1365
vn -0.0015 0.9485 -0.3169
vn -0.0030 0.9476 -0.3193
vn 0.0019 0.9906 -0.1365
vn -0.0004 0.9491 -0.3149
vn -0.0075 0.8392 -0.5437
vn -0.0097 0.8373 -0.5466
vn -0.0053 0.8405 -0.5418
vn -0.0016 1.0000 -0.0000
vn 0.0013 1.0000 -0.0000
vn -0.0027 0.9903 -0.1387
vn 0.0025 1.0000 -0.0000
vn 0.0027 1.0000 -0.0000
vn -0.0110 0.6447 -0.7644
vn -0.0143 0.6465 -0.7628
vn -0.0171 0.6461 -0.7631
vn -0.0131 0.8344 -0.5509
vn -0.0208 0.6437 -0.7650
vn -0.0062 0.9465 -0.3228
vn -0.0037 -0.9777 -0.2099
vn -0.0026 -0.9796 -0.2010
vn -0.0022 -1.0000 -0.0000
vn -0.0028 -1.0000 -0.0000
vn -0.0026 -0.9796 -0.2011
vn -0.0036 -0.9777 -0.2099
vn -0.0028 -0.9217 -0.3879
vn 0.0002 -0.9264 -0.3766
vn -0.0011 -1.0000 -0.0000
vn -0.0012 -0.9991 -0.0415
vn -0.0017 -0.9950 -0.0994
vn -0.0025 -0.9766 -0.2150
vn -0.0025 -0.9766 -0.2151
vn -0.0017 -0.9205 -0.3908
vn 0.0510 -0.6863 -0.7256
vn 0.0326 -0.5829 -0.8119
vn 0.0123 -0.7862 -0.6178
vn 0.0094 -0.8004 -0.5993
vn -0.0184 0.3508 -0.9363
vn -0.0143 0.3491 -0.9370
vn -0.0190 0.3351 -0.9420
vn -0.0356 0.3268 -0.9444
vn -0.0292 0.3333 -0.9424
vn -0.0204 0.3349 -0.9420
vn -0.0166 0.3722 -0.9280
vn -0.0109 0.3438 -0.9390
vn -0.0080 0.3401 -0.9404
vn -0.0115 0.3560 -0.9344
vn -0.0542 0.2894 -0.9557
vn -0.0456 0.3046 -0.9514
vn -0.0496 0.3072 -0.9504
vn -0.0543 0.2991 -0.9527
vn -0.0271 0.3450 -0.9382
vn -0.0338 0.3160 -0.9481
vn -0.0391 0.3069 -0.9509
vn -0.0310 0.3415 -0.9394
vn -0.0278 0.3459 -0.9379
vn -0.0361 0.3236 -0.9455
vn -0.0366 0.3193 -0.9470
vn -0.0259 0.4531 -0.8911
vn -0.0174 0.4531 -0.8913
vn -0.0051 0.3431 -0.9393
vn -0.0057 0.3429 -0.9393
vn 0.0010 0.3170 -0.9484
vn -0.0011 0.3230 -0.9464
vn 0.0261 0.2591 -0.9655
vn 0.0283 0.2513 -0.9675
vn -0.0194 0.3324 -0.9429
vn -0.0200 0.3318 -0.9431
vn -0.0434 0.3605 -0.9317
vn -0.0449 0.3057 -0.9511
vn -0.0445 0.3048 -0.9514
vn -0.0435 0.3603 -0.9318
vn -0.0438 0.6363 -0.7702
vn -0.0371 0.6363 -0.7706
vn -0.0397 0.4434 -0.8955
vn -0.0447 0.4449 -0.8945
vn -0.0636 0.2373 -0.9694
vn -0.0530 0.2598 -0.9642
vn -0.0433 0.3133 -0.9487
vn -0.0440 0.3184 -0.9469
vn -0.0543 0.2687 -0.9617
vn -0.0339 0.3689 -0.9289
vn -0.0390 0.3248 -0.9450
vn -0.0384 0.3663 -0.9297
vn -0.0357 0.9891 -0.1430
vn -0.0245 0.9897 -0.1414
vn -0.0277 0.9434 -0.3306
vn -0.0382 0.9423 -0.3327
vn -0.0483 0.1930 -0.9800
vn -0.0277 0.6400 -0.7678
vn -0.0323 0.4477 -0.8936
vn -0.0298 0.3702 -0.9285
vn -0.0352 0.3307 -0.9431
vn -0.0353 0.3308 -0.9431
vn -0.0471 0.2930 -0.9550
vn -0.0612 0.2763 -0.9591
vn -0.0596 0.2548 -0.9652
vn -0.0496 0.2799 -0.9588
vn -0.0710 0.2448 -0.9670
vn -0.0665 0.2557 -0.9645
vn -0.0681 0.2105 -0.9752
vn -0.0634 0.2370 -0.9694
vn -0.0705 0.2174 -0.9735
vn -0.0325 0.8277 -0.5602
vn -0.0415 0.8264 -0.5616
vn -0.0111 0.9901 -0.1397
vn -0.0148 0.9451 -0.3265
vn -0.0235 0.9997 -0.0000
vn -0.0347 0.9994 -0.0000
vn -0.0212 0.8313 -0.5555
vn -0.0102 0.9999 -0.0000
vn -0.0683 -0.7078 -0.7031
vn -0.0741 -0.4923 -0.8672
vn -0.0676 -0.5457 -0.8353
vn -0.0512 -0.7430 -0.6674
vn -0.0008 -0.9991 -0.0419
vn -0.0007 -0.9991 -0.0427
vn -0.0008 -0.9948 -0.1023
vn -0.0010 -0.9949 -0.1013
vn -0.0010 -0.9991 -0.0430
vn -0.0012 -0.9947 -0.1030
vn -0.0012 -0.9757 -0.2190
vn -0.0014 -0.9761 -0.2174
vn -0.0018 -0.9753 -0.2209
vn -0.0006 -1.0000 -0.0000
vn -0.0010 -1.0000 -0.0000
vn -0.0022 -0.9991 -0.0433
vn -0.0026 -0.9946 -0.1037
vn -0.0036 -0.9747 -0.2235
vn -0.0070 -0.9159 -0.4014
vn -0.0037 -0.9194 -0.3932
vn -0.0016 -0.9214 -0.3887
vn -0.0014 -0.9761 -0.2175
vn -0.0006 -0.9213 -0.3889
vn -0.0362 -0.8994 -0.4357
vn -0.0333 -0.7833 -0.6207
vn -0.0178 -0.9103 -0.4136
vn -0.0737 -0.3237 -0.9433
vn -0.0872 -0.3758 -0.9226
vn 0.8959 0.1403 -0.4216
vn 0.6118 -0.7254 -0.3154
vn 0.6216 -0.7324 -0.2777
vn 0.9107 0.1564 -0.3822
vn -0.0852 -0.6934 -0.7155
vn -0.0220 -0.8321 -0.5542
vn -0.1913 -0.6015 -0.7756
vn -0.1907 -0.8708 -0.4532
vn -0.0662 -0.8558 -0.5131
vn -0.0122 -0.8730 -0.4876
vn -0.0019 -0.8880 -0.4599
vn 0.0059 -0.8746 -0.4848
vn -0.0316 -0.9241 -0.3808
vn -0.0020 -0.9433 -0.3318
vn 0.0231 -0.9186 -0.3944
vn 0.0102 -0.8393 -0.5436
vn -0.0523 -0.9600 -0.2749
vn -0.0016 -0.9688 -0.2477
vn 0.0437 -0.9495 -0.3108
vn 0.1501 -0.8171 -0.5566
vn 0.0480 -0.8384 -0.5430
vn 0.2240 -0.8837 -0.4109
vn 0.2106 -0.9202 -0.3300
vn 0.2212 -0.9547 -0.1990
vn 0.2835 -0.7600 -0.5849
vn 0.2969 -0.8190 -0.4911
vn 0.2305 -0.8399 -0.4914
vn 0.3319 -0.8901 -0.3125
vn 0.2330 -0.9725 -0.0000
vn 0.2845 -0.7047 -0.6499
vn 0.3122 -0.5630 -0.7652
vn 0.3244 -0.6253 -0.7097
vn 0.3654 -0.6953 -0.6189
vn 0.4307 -0.7965 -0.4244
vn 0.4857 -0.8741 -0.0000
vn 0.3574 -0.9340 -0.0000
vn 0.1186 -0.8341 -0.5387
vn 0.1582 -0.8175 -0.5538
vn 0.1583 -0.8174 -0.5539
vn 0.1937 -0.8136 -0.5483
vn 0.1695 -0.6581 -0.7336
vn 0.2188 -0.6435 -0.7335
vn 0.0847 -0.8386 -0.5381
vn 0.2572 -0.6549 -0.7106
vn 0.1239 -0.6596 -0.7414
vn 0.1493 -0.4722 -0.8688
vn 0.2032 -0.4765 -0.8554
vn 0.2546 -0.4732 -0.8434
vn 0.2880 -0.5022 -0.8154
vn 0.0422 -0.8088 -0.5866
vn 0.0542 -0.8228 -0.5658
vn 0.0673 -0.8333 -0.5487
vn 0.0642 -0.6032 -0.7950
vn 0.0803 -0.6279 -0.7742
vn 0.0265 -0.7939 -0.6074
vn 0.0990 -0.6477 -0.7554
vn 0.0460 -0.5813 -0.8124
vn 0.0595 -0.3964 -0.9162
vn 0.0782 -0.4100 -0.9087
vn 0.0965 -0.4284 -0.8984
vn 0.1179 -0.4527 -0.8838
vn 0.1282 0.0876 -0.9879
vn 0.0919 0.0363 -0.9951
vn 0.0835 -0.0637 -0.9945
vn 0.1581 -0.0435 -0.9865
vn 0.1208 -0.5542 -0.8236
vn 0.0536 -0.4039 -0.9132
vn 0.0338 0.9994 -0.0000
vn -0.0399 0.9992 -0.0000
vn -0.0127 0.9825 -0.1857
vn 0.0596 0.9617 -0.2676
vn -0.0562 0.9984 -0.0000
vn -0.0537 0.9721 -0.2284
vn -0.0417 0.9792 -0.1987
vn -0.0423 0.9991 -0.0000
vn 0.0082 0.9264 -0.3764
vn 0.2096 0.8858 -0.4141
vn 0.2194 0.9756 -0.0000
vn -0.0096 0.6930 -0.7209
vn 0.1111 0.7603 -0.6400
vn -0.0440 0.9113 -0.4095
vn -0.1956 -0.9637 -0.1816
vn -0.1948 -0.9166 -0.3491
vn -0.0680 -0.1438 -0.9873
vn -0.0499 0.1643 -0.9851
vn -0.0687 0.1817 -0.9810
vn -0.2176 0.2123 -0.9527
vn 0.3642 -0.4515 -0.8146
vn 0.3992 -0.2507 -0.8819
vn 0.5069 -0.2163 -0.8344
vn 0.4417 -0.4998 -0.7450
vn -0.0151 -0.9988 -0.0468
vn -0.0179 -0.9936 -0.1119
vn -0.1341 0.2669 -0.9543
vn -0.2449 0.5393 -0.8057
vn -0.4310 0.4634 -0.7743
vn 0.0725 -0.2163 -0.9736
vn 0.1062 -0.0435 -0.9934
vn 0.0784 -0.2059 -0.9754
vn -0.6324 0.0457 -0.7733
vn -0.5018 -0.5569 -0.6619
vn -0.0161 -0.9998 -0.0083
vn -0.0745 -0.9972 0.0044
vn -0.0774 -0.9968 0.0186
vn 0.0789 -0.9966 -0.0250
vn 0.0173 -0.9998 -0.0042
vn 0.0184 -0.9998 -0.0046
vn 0.0840 -0.9961 -0.0268
vn -0.0798 -0.9966 0.0192
vn -0.0837 -0.9963 0.0203
vn -0.0182 -0.9998 0.0057
vn -0.9773 0.1513 0.1482
vn -0.5697 0.8182 0.0774
vn -0.5842 0.8073 0.0831
vn -0.9757 0.1563 0.1535
vn 0.1955 -0.9743 -0.1118
vn 0.0715 -0.9954 -0.0645
vn 0.0748 -0.9965 -0.0370
vn 0.2044 -0.9750 -0.0867
vn 0.0679 -0.9935 -0.0915
vn 0.0045 -0.9975 -0.0708
vn 0.0140 -0.9989 -0.0454
vn -0.6298 0.7679 0.1170
vn -0.2765 0.9599 0.0451
vn -0.2814 0.9583 0.0500
vn -0.6352 0.7624 0.1235
vn -0.0715 -0.9971 -0.0246
vn -0.1964 -0.9805 -0.0034
vn -0.2047 -0.9784 0.0269
vn -0.2185 -0.9749 0.0432
vn -0.6684 -0.7358 0.1089
vn -0.6849 -0.7197 0.1138
vn -0.2287 -0.9724 0.0459
vn -0.2184 0.9757 0.0199
vn -0.0798 0.9968 -0.0045
vn -0.0834 0.9965 -0.0035
vn -0.2280 0.9734 0.0222
vn -0.7015 -0.7024 0.1206
vn -0.2397 -0.9696 0.0490
vn -0.0911 -0.9956 0.0225
vn -0.0951 -0.9952 0.0239
vn -0.0206 -0.9998 0.0064
vn -0.0182 0.9997 -0.0181
vn -0.0191 0.9997 -0.0176
vn -0.0877 0.9961 -0.0021
vn 0.2284 -0.9701 -0.0823
vn 0.0897 -0.9955 -0.0289
vn 0.2422 -0.9663 -0.0872
vn 0.2154 -0.9734 -0.0775
vn 0.4240 -0.0545 -0.9040
vn 0.5330 0.0734 -0.8429
vn 0.7099 -0.2070 -0.6732
vn 0.5695 -0.5988 -0.5632
vn 0.7087 0.2453 -0.6615
vn 0.2216 -0.2668 -0.9379
vn 0.2180 -0.0755 -0.9730
vn 0.2641 -0.1432 -0.9538
vn 0.2696 -0.2943 -0.9169
vn 0.3293 -0.4016 -0.8546
vn 0.2977 -0.2065 -0.9321
vn 0.2896 -0.0829 -0.9536
vn 0.3519 -0.1054 -0.9301
vn 0.3386 -0.2474 -0.9078
vn 0.5706 0.7855 -0.2394
vn 0.9162 0.1498 -0.3717
vn 0.9170 0.1521 -0.3689
vn 0.5869 0.7722 -0.2435
vn 0.9417 0.3365 -0.0000
vn 0.9754 -0.2205 -0.0000
vn 0.7238 -0.6900 -0.0000
vn 0.2590 0.2968 -0.9191
vn 0.3436 -0.0086 -0.9391
vn 0.6160 0.0628 -0.7852
vn 0.4485 0.5901 -0.6713
vn 0.2030 0.0784 -0.9760
vn 0.2479 -0.0073 -0.9688
vn 0.2643 -0.1433 -0.9537
vn 0.3008 -0.3426 -0.8901
vn 0.1012 -0.1844 -0.9776
vn 0.1338 0.0149 -0.9909
vn 0.1208 0.0495 -0.9914
vn 0.1113 -0.1762 -0.9780
vn 0.1635 -0.2363 -0.9578
vn 0.1269 0.0312 -0.9914
vn 0.1218 0.1874 -0.9747
vn 0.1479 0.1468 -0.9781
vn 0.1598 -0.0146 -0.9870
vn 0.1686 0.1433 -0.9752
vn 0.1294 0.1921 -0.9728
vn 0.1543 -0.2610 -0.9529
vn 0.1284 -0.2009 -0.9712
vn 0.1447 0.0710 -0.9869
vn -0.9648 0.1477 0.2175
vn -0.7652 -0.6293 0.1358
vn 0.1072 0.0882 -0.9903
vn 0.3110 -0.4348 -0.8451
vn 0.4709 -0.6011 -0.6457
vn 0.1749 0.1301 -0.9760
vn 0.0996 0.1415 -0.9849
vn -0.1945 -0.9775 -0.0814
vn -0.1936 -0.9811 -0.0000
vn -0.2270 -0.9564 -0.1838
vn -0.2243 -0.9116 -0.3446
vn -0.2268 -0.9703 -0.0845
vn -0.7613 -0.6484 -0.0000
vn -0.9018 -0.4321 -0.0000
vn -0.9129 -0.4030 -0.0647
vn -0.8310 -0.5376 -0.1427
vn -0.1858 -0.8066 -0.5611
vn -0.2264 -0.9740 -0.0000
vn -0.2324 -0.9726 -0.0000
vn -0.2326 -0.9689 -0.0850
vn -0.2322 -0.9555 -0.1821
vn -0.2296 -0.9135 -0.3359
vn -0.2120 -0.8089 -0.5484
vn -0.2242 -0.9116 -0.3446
vn -0.2296 -0.9135 -0.3360
vn -0.2189 -0.8180 -0.5318
vn -0.9793 0.1468 0.1395
vn -0.5333 0.8432 0.0680
vn -0.5458 0.8349 0.0706
vn -0.9792 0.1437 0.1429
vn -0.2905 0.9520 0.0966
vn -0.3179 0.8549 0.4101
vn -0.6959 0.5865 0.4143
vn -0.6493 0.7419 0.1676
vn -0.2909 -0.9544 0.0668
vn -0.7574 -0.6329 0.1606
vn -0.3100 -0.9506 0.0177
vn -0.7527 -0.6392 0.1577
vn -0.9666 0.1713 0.1907
vn -0.9657 0.1699 0.1961
vn -0.3818 -0.8844 -0.2686
vn -0.0984 0.9256 0.3655
vn -0.0722 0.6194 0.7817
vn -0.2837 0.5264 0.8015
vn -0.9797 -0.0857 0.1811
vn -0.8215 -0.3348 -0.4616
vn -0.4351 -0.6270 -0.6462
vn 0.0007 -0.9983 -0.0591
vn -0.0244 -0.9233 -0.3834
vn 0.1065 -0.9006 -0.4215
vn 0.1099 -0.9891 -0.0978
vn -0.6513 -0.7528 0.0957
vn -0.6574 -0.7460 0.1060
vn -0.9786 0.1466 0.1445
vn -0.0744 0.9972 -0.0051
vn -0.0161 0.9997 -0.0178
vn -0.0774 0.9970 -0.0050
vn -0.6509 -0.7556 0.0729
vn -0.1790 0.0214 -0.9836
vn -0.6517 -0.7569 0.0491
vn -0.9824 0.1457 0.1167
vn -0.9787 0.1564 0.1329
vn -0.5279 0.8466 0.0676
vn -0.1974 0.9802 0.0153
vn -0.2044 0.9787 0.0174
vn -0.2845 -0.9564 0.0665
vn -0.2122 0.9771 0.0186
vn -0.2455 0.9690 0.0282
vn -0.0906 0.9959 -0.0009
vn -0.0942 0.9955 0.0011
vn -0.2543 0.9666 0.0322
vn -0.9724 0.1635 0.1665
vn -0.6042 0.7912 0.0950
vn -0.6165 0.7803 0.1050
vn -0.9696 0.1680 0.1777
vn -0.0880 -0.9959 0.0215
vn -0.2475 -0.9675 0.0516
vn -0.2579 -0.9646 0.0554
vn -0.2122 -0.9763 0.0417
vn 0.9144 0.1477 -0.3769
vn 0.6277 -0.7345 -0.2578
vn 0.6401 -0.7256 -0.2525
vn 0.9158 0.1433 -0.3751
vn 0.5341 0.8142 -0.2275
vn 0.9158 0.1470 -0.3738
vn 0.5526 0.8000 -0.2338
vn 0.6594 -0.7056 -0.2593
vn 0.9192 0.1508 -0.3638
vn 0.7199 0.6810 -0.1339
vn 0.6368 0.7347 -0.2338
vn 0.1964 0.9760 -0.0941
vn 0.5114 0.8311 -0.2187
vn 0.5179 0.8264 -0.2212
vn 0.2040 0.9742 -0.0962
vn 0.5171 0.8182 -0.2512
vn 0.6782 -0.6852 -0.2655
vn 0.6951 -0.6662 -0.2704
vn 0.2271 0.9682 -0.1053
vn 0.2403 0.9645 -0.1095
vn 0.2147 0.9715 -0.1008
vn 0.0168 0.9995 -0.0272
vn 0.0721 0.9964 -0.0448
vn 0.0801 0.9956 -0.0487
vn 0.0185 0.9994 -0.0282
vn -0.0173 0.9997 -0.0183
vn 0.0851 0.9951 -0.0504
vn 0.0196 0.9994 -0.0286
vn -0.0717 0.9851 -0.1566
vn 0.0007 0.9846 -0.1749
vn 0.0043 0.9985 -0.0553
vn -0.0694 0.9967 -0.0428
vn -0.0710 0.9975 -0.0067
vn 0.0126 0.9995 -0.0278
vn 0.0637 0.9970 -0.0430
vn -0.0198 -0.9985 -0.0502
vn -0.0689 -0.9967 -0.0439
vn -0.0167 -0.9992 -0.0367
vn -0.0208 0.9997 -0.0161
vn -0.7123 -0.6905 0.1260
vn -0.7257 -0.6748 0.1342
vn -0.5555 0.8283 0.0730
vn 0.0418 -0.2681 -0.9625
vn -0.0750 -0.2908 -0.9539
vn -0.0788 -0.0901 -0.9928
vn 0.0182 -0.0674 -0.9976
vn -0.1997 -0.3141 -0.9282
vn -0.1832 -0.1139 -0.9765
vn -0.1722 -0.0194 -0.9849
vn -0.0818 0.0064 -0.9966
vn -0.3726 -0.1492 -0.9159
vn -0.3404 -0.0567 -0.9386
vn 0.2709 -0.5146 -0.8136
vn 0.0745 -0.5856 -0.8072
vn 0.2129 -0.2189 -0.9522
vn -0.0630 -0.6159 -0.7853
vn -0.2042 -0.6332 -0.7466
vn -0.4151 -0.3402 -0.8437
vn 0.1620 -0.0229 -0.9865
vn 0.0013 0.0353 -0.9994
vn 0.1236 0.0895 -0.9883
vn 0.7541 0.3588 -0.5500
vn 0.6978 0.4570 -0.5516
vn 0.7521 0.5867 0.3003
vn 0.7798 0.5878 0.2154
vn -0.1142 -0.9931 -0.0277
vn -0.1622 -0.9253 -0.3429
vn -0.0244 -0.9233 -0.3833
vn 0.2860 -0.9524 -0.1057
vn 0.1094 -0.9932 -0.0408
vn 0.2975 -0.9399 -0.1676
vn 0.0054 -1.0000 -0.0072
vn -0.1044 -0.9942 0.0245
vn 0.3105 -0.8264 -0.4698
vn 0.7269 -0.6079 -0.3196
vn -0.0912 0.0889 -0.9919
vn -0.1142 -0.0046 -0.9934
vn -0.1048 0.0929 -0.9901
vn 0.2774 0.9537 -0.1162
vn 0.2931 0.9521 -0.0869
vn 0.7257 -0.6284 -0.2802
vn 0.7187 -0.6381 -0.2764
vn 0.3768 0.9153 0.1420
vn 0.5311 -0.1014 -0.8412
vn 0.8307 0.1922 -0.5226
vn 0.7770 0.6263 0.0631
vn 0.4368 0.7270 0.5298
vn -0.1053 0.9931 0.0520
vn -0.1044 0.9945 0.0125
vn -0.0006 0.9999 -0.0139
vn 0.0580 0.9979 -0.0303
vn -0.6387 0.3239 0.6979
vn -0.1159 0.0985 -0.9884
vn -0.1239 0.0006 -0.9923
vn -0.1358 0.0071 -0.9907
vn -0.1291 0.1050 -0.9861
vn 0.0596 0.6681 0.7417
vn -0.9272 -0.3226 -0.1902
vn -0.9635 -0.2551 -0.0816
vn -0.9712 -0.2383 -0.0000
vn -0.7658 -0.6120 -0.1976
vn -0.5833 -0.8123 -0.0000
vn -0.9265 -0.2212 -0.3043
vn -0.8779 -0.3907 -0.2770
vn -0.9668 -0.1661 -0.1940
vn -0.9895 -0.1198 -0.0808
vn -0.9945 -0.1046 -0.0000
vn -0.0622 0.5054 -0.8607
vn -0.0624 0.3712 -0.9264
vn -0.0744 0.3887 -0.9184
vn -0.0747 0.5251 -0.8477
vn -0.2764 0.5953 -0.7545
vn -0.2727 0.4490 -0.8509
vn -0.3585 0.4293 -0.8289
vn -0.3583 0.5603 -0.7468
vn -0.2696 0.3377 -0.9018
vn -0.3559 0.3316 -0.8737
vn -0.4674 0.4009 -0.7879
vn -0.4631 0.5070 -0.7270
vn -0.4656 0.3211 -0.8247
vn -0.2274 0.7736 -0.5915
vn -0.2188 0.6087 -0.7626
vn -0.2439 0.6061 -0.7571
vn -0.2489 0.7722 -0.5846
vn -0.5788 0.3091 -0.7547
vn -0.5784 0.3782 -0.7228
vn -0.5717 0.4616 -0.6783
vn -0.4609 0.6417 -0.6130
vn -0.5530 0.5626 -0.6146
vn -0.3577 0.7158 -0.5998
vn -0.2792 0.7597 -0.5873
vn -0.0636 0.2725 -0.9601
vn -0.0765 0.2852 -0.9554
vn -0.0674 0.1908 -0.9793
vn -0.0812 0.1992 -0.9766
vn -0.0889 0.4046 -0.9101
vn -0.0907 0.5412 -0.8360
vn -0.0905 0.2979 -0.9503
vn -0.1244 -0.4164 -0.9006
vn -0.1396 -0.6198 -0.7722
vn -0.1674 -0.6193 -0.7671
vn -0.1452 -0.4165 -0.8975
vn -0.0774 0.6921 -0.7176
vn -0.0635 0.6802 -0.7302
vn -0.0950 0.2070 -0.9737
vn -0.1070 0.2149 -0.9708
vn -0.1032 0.3090 -0.9455
vn -0.1028 0.4186 -0.9023
vn -0.1070 0.5571 -0.8235
vn -0.0963 0.7026 -0.7050
vn -0.1161 0.7157 -0.6887
vn -0.1894 -0.6279 -0.7549
vn -0.1630 -0.4237 -0.8910
vn -0.1982 -0.6425 -0.7402
vn -0.1726 -0.4350 -0.8837
vn -0.1215 0.3102 -0.9429
vn -0.1797 0.2942 -0.9387
vn -0.1217 0.1500 -0.9812
vn -0.0668 0.1524 -0.9861
vn -0.3508 0.2786 -0.8940
vn -0.2936 0.1552 -0.9432
vn -0.0927 0.0750 -0.9929
vn -0.0389 0.0735 -0.9965
vn -0.2641 0.0832 -0.9609
vn -0.2008 0.5540 -0.8079
vn -0.2678 0.5163 -0.8135
vn -0.4353 0.4571 -0.7756
vn -0.7320 0.3644 -0.5757
vn -0.6558 0.2542 -0.7109
vn -0.6103 0.1649 -0.7748
vn -0.5847 0.0989 -0.8052
vn -0.5742 0.0547 -0.8169
vn -0.2519 0.0444 -0.9667
vn -0.0808 0.0396 -0.9959
vn -0.0273 0.0385 -0.9989
vn -0.0259 0.0734 -0.9970
vn -0.0144 0.0380 -0.9992
vn -0.0527 0.1550 -0.9865
vn -0.1172 -0.0309 -0.9926
vn -0.6956 0.1277 -0.7070
vn -0.7065 0.0379 -0.7067
vn -0.8083 0.0392 -0.5875
vn -0.7967 0.1213 -0.5921
vn -0.6290 -0.6339 -0.4500
vn -0.5134 -0.7931 -0.3277
vn -0.5402 -0.8107 -0.2258
vn -0.6832 -0.6406 -0.3506
vn -0.1128 -0.1169 -0.9867
vn -0.1265 -0.1152 -0.9852
vn -0.1357 -0.1115 -0.9845
vn -0.6955 0.1277 -0.7070
vn -0.6499 0.4519 -0.6111
vn -0.6715 0.3624 -0.6463
vn -0.7525 0.3399 -0.5641
vn -0.7080 0.4356 -0.5558
vn -0.8294 0.3014 -0.4703
vn -0.7733 0.3844 -0.5042
vn -0.5899 0.5788 -0.5631
vn -0.7841 0.2174 -0.5813
vn -0.8681 0.1937 -0.4570
vn -0.9325 0.1665 -0.3204
vn -0.9247 0.1985 -0.3248
vn -0.9173 0.2191 -0.3326
vn -0.9019 0.2486 -0.3533
vn -0.8539 0.3094 -0.4186
vn -0.6570 0.4970 -0.5669
vn -0.6180 0.5663 -0.5454
vn -0.2405 -0.9241 -0.2970
vn -0.2281 -0.9613 -0.1543
vn -0.2706 -0.9511 -0.1488
vn -0.2814 -0.9145 -0.2908
vn -0.2256 -0.9718 -0.0686
vn -0.2692 -0.9609 -0.0648
vn -0.3812 -0.9105 -0.1603
vn -0.3724 -0.8840 -0.2826
vn -0.3786 -0.9219 -0.0822
vn -0.2343 -0.8418 -0.4863
vn -0.2210 -0.9268 -0.3036
vn -0.2405 -0.9241 -0.2971
vn -0.2613 -0.8383 -0.4786
vn -0.2117 -0.9640 -0.1609
vn -0.2097 -0.9750 -0.0731
vn -0.2096 -0.9778 -0.0000
vn -0.2254 -0.9743 -0.0000
vn -0.2695 -0.9630 -0.0000
vn -0.3781 -0.9258 -0.0000
vn -0.5588 -0.8163 -0.1462
vn -0.3783 -0.8059 -0.4555
vn -0.3723 -0.8840 -0.2826
vn -0.5133 -0.7931 -0.3278
vn -0.4709 -0.7708 -0.4290
vn -0.3060 -0.8277 -0.4703
vn -0.6812 -0.4650 -0.5654
vn -0.7617 -0.4549 -0.4613
vn -0.7257 -0.6355 -0.2635
vn -0.8245 -0.4331 -0.3643
vn -0.5374 -0.6368 -0.5529
vn -0.5785 -0.4721 -0.6652
vn -0.6812 -0.4651 -0.5655
vn -0.7037 -0.3009 -0.6436
vn -0.9829 0.1579 -0.0952
vn -0.9897 0.1434 -0.0000
vn -0.9869 0.1611 -0.0000
vn -0.9773 0.1782 -0.1143
vn -0.8701 -0.2633 -0.4167
vn -0.7966 -0.2885 -0.5312
vn -0.7038 -0.3008 -0.6436
vn -0.9333 0.2320 -0.2741
vn -0.9552 0.1959 -0.2220
vn -0.9630 0.1767 -0.2036
vn -0.9855 0.1464 -0.0864
vn -0.9870 0.1383 -0.0819
vn -0.9917 0.1286 -0.0000
vn -0.9909 0.1344 -0.0000
vn -0.9928 0.1199 -0.0000
vn -0.9888 0.1264 -0.0790
vn -0.9063 0.2380 -0.3494
vn -0.9714 0.1429 -0.1897
vn -0.9671 0.1631 -0.1954
vn -0.9720 0.1888 -0.1400
vn -0.9847 0.1742 -0.0000
vn -0.0697 0.9589 -0.2751
vn -0.0594 0.9776 -0.2019
vn -0.0629 0.9313 -0.3588
vn -0.0779 0.9156 -0.3944
vn -0.7131 -0.0936 -0.6948
vn -0.8127 -0.0867 -0.5762
vn -0.8898 0.0426 -0.4544
vn -0.8803 0.1127 -0.4608
vn -0.8911 -0.0728 -0.4480
vn -0.9945 0.0644 -0.0828
vn -0.9927 0.0889 -0.0813
vn -0.9485 -0.0445 -0.3135
vn -0.9978 0.0668 -0.0000
vn -0.9958 0.0917 -0.0000
vn -0.0823 0.9136 -0.3983
vn -0.1003 0.8950 -0.4346
vn -0.0643 0.8373 -0.5430
vn -0.0797 0.8343 -0.5455
vn -0.1017 0.8310 -0.5469
vn -0.1049 0.8539 -0.5097
vn -0.9965 0.0074 -0.0827
vn -0.9999 0.0105 -0.0000
vn -0.1256 0.8328 -0.5392
vn -0.1272 0.8768 -0.4638
vn -0.9813 -0.0110 -0.1924
vn -0.2870 -0.6792 -0.6755
vn -0.3461 -0.6720 -0.6548
vn -0.2602 0.7692 -0.5837
vn -0.2774 0.8627 -0.4230
vn -0.3550 0.8140 -0.4597
vn -0.3345 0.7194 -0.6087
vn -0.2785 0.8582 -0.4311
vn -0.3569 0.8120 -0.4618
vn -0.4831 0.7101 -0.5122
vn -0.4798 0.6257 -0.6151
vn -0.4735 0.7199 -0.5075
vn -0.2388 0.8768 -0.4174
vn -0.2511 0.8753 -0.4132
vn -0.2340 0.8710 -0.4319
vn -0.2500 0.8704 -0.4241
vn -0.2969 -0.4794 -0.8258
vn -0.3686 -0.4819 -0.7950
vn -0.4304 -0.6552 -0.6208
vn -0.4662 -0.4789 -0.7439
vn -0.2482 -0.6797 -0.6902
vn -0.2482 -0.4731 -0.8453
vn -0.1133 -0.6327 -0.7660
vn -0.0920 -0.6543 -0.7506
vn -0.0701 -0.1354 -0.9883
vn 0.8251 0.1138 -0.5534
vn 0.5137 0.7662 -0.3860
vn -0.0977 -0.2805 -0.9549
vn -0.0506 0.1441 -0.9883
vn -0.0492 0.1639 -0.9852
vn -0.0505 0.1644 -0.9851
vn -0.0507 0.1438 -0.9883
vn -0.0493 0.1620 -0.9856
vn -0.0789 -0.3043 -0.9493
vn -0.0859 -0.2915 -0.9527
vn -0.0801 -0.6788 -0.7299
vn -0.1059 -0.4260 -0.8985
vn -0.0911 -0.4433 -0.8918
vn -0.0827 -0.4637 -0.8821
vn 0.6401 0.7683 -0.0000
vn 0.4934 0.6069 -0.6231
vn 0.4097 0.7217 -0.5579
vn 0.5006 0.8657 -0.0000
vn -0.0514 0.9851 -0.1641
vn -0.0451 0.9878 -0.1491
vn -0.0477 0.9419 -0.3326
vn -0.0541 0.9392 -0.3391
vn -0.0417 0.9887 -0.1443
vn -0.0441 0.9421 -0.3325
vn -0.0497 0.8329 -0.5511
vn -0.0557 0.8367 -0.5448
vn -0.0463 0.8287 -0.5577
vn -0.0508 0.9987 -0.0000
vn -0.0438 0.9990 -0.0000
vn -0.0406 0.9992 -0.0000
vn -0.0472 0.6431 -0.7643
vn -0.0500 0.6544 -0.7545
vn -0.0555 0.6672 -0.7428
vn -0.0526 0.3138 -0.9480
vn -0.0589 0.3000 -0.9521
vn -0.0561 0.3557 -0.9329
vn -0.0553 0.3533 -0.9339
vn -0.0553 0.3534 -0.9339
vn -0.0485 0.4634 -0.8848
vn -0.0464 0.3223 -0.9455
vn -0.0475 0.2305 -0.9719
vn -0.0470 0.3127 -0.9487
vn -0.0439 0.3034 -0.9519
vn -0.0478 0.2270 -0.9727
vn -0.0465 0.3571 -0.9329
vn -0.0465 0.3030 -0.9519
vn -0.0478 0.3045 -0.9513
vn -0.0604 0.2589 -0.9640
vn -0.0559 0.2563 -0.9650
vn -0.0594 0.1801 -0.9818
vn -0.0639 0.1869 -0.9803
vn -0.0598 0.2633 -0.9629
vn -0.0633 0.1848 -0.9807
vn -0.0547 0.4860 -0.8723
vn -0.0445 0.3622 -0.9310
vn -0.0451 0.3044 -0.9515
vn -0.0449 0.3023 -0.9521
vn -0.0453 0.3603 -0.9318
vn -0.0462 0.2181 -0.9748
vn -0.0474 0.2221 -0.9739
vn -0.0449 0.3024 -0.9521
vn -0.0462 0.2182 -0.9748
vn -0.0477 0.1883 -0.9810
vn -0.0502 0.1857 -0.9813
vn -0.0466 0.2366 -0.9705
vn -0.0507 0.1858 -0.9813
vn -0.0070 -0.9990 -0.0440
vn -0.0082 -0.9944 -0.1056
vn -0.0244 -0.9701 -0.2414
vn -0.0112 -0.9735 -0.2286
vn -0.0141 -0.9999 -0.0000
vn -0.0066 -1.0000 -0.0000
vn 0.0351 0.2065 -0.9778
vn -0.0728 0.8975 -0.4349
vn -0.0017 0.8936 -0.4489
vn 0.0388 0.8877 -0.4589
vn 0.0495 0.9811 -0.1870
vn 0.0560 0.9962 -0.0671
vn 0.0210 0.5650 -0.8248
vn 0.0946 0.9923 -0.0797
vn 0.1021 0.9932 -0.0564
vn -0.0695 0.9974 -0.0180
vn -0.0221 0.9995 -0.0238
vn -0.0179 0.9997 -0.0188
vn -0.5722 0.8174 -0.0671
vn -0.2055 0.9709 -0.1232
vn -0.1968 0.9802 -0.0214
vn -0.5503 0.8342 0.0341
vn -0.1946 0.9809 0.0018
vn -0.2159 0.8850 -0.4126
vn 0.5775 -0.7090 -0.4048
vn -0.6328 -0.7095 -0.3102
vn -0.9287 0.1067 -0.3552
vn -0.9916 0.1285 -0.0139
vn -0.6578 -0.7522 -0.0382
vn 0.1230 0.4316 -0.8936
vn 0.1968 0.8330 -0.5171
vn -0.5755 0.7218 -0.3843
vn 0.1502 -0.8170 -0.5567
vn 0.1651 -0.9274 -0.3356
vn 0.1798 -0.9670 -0.1804
vn 0.1878 -0.9720 -0.1412
vn -0.5359 0.8423 0.0570
vn 0.1935 0.9740 -0.1181
vn 0.1971 0.9513 -0.2369
vn -0.9861 0.1390 0.0909
vn -0.6578 -0.7526 0.0292
vn -0.0012 -0.9961 -0.0882
vn -0.0649 -0.9948 -0.0779
vn -0.0673 -0.9961 -0.0569
vn 0.0044 -0.9975 -0.0708
vn -0.1823 -0.9584 -0.2195
vn -0.1918 -0.9811 -0.0269
vn -0.1882 -0.9797 -0.0690
vn 0.0563 -0.9718 -0.2292
vn -0.0009 -0.9819 -0.1892
vn -0.0011 -0.9961 -0.0882
vn 0.0632 -0.9913 -0.1159
vn -0.0604 -0.9797 -0.1913
vn -0.0220 0.9997 -0.0146
vn -0.0985 0.9951 0.0038
vn -0.0016 -0.9688 -0.2478
vn -0.1906 -0.9808 -0.0422
vn 0.0163 -0.9997 -0.0173
vn 0.3196 0.8127 -0.4871
vn 0.3693 0.9293 -0.0000
vn 0.2220 0.2944 -0.9296
vn 0.2078 0.3960 -0.8944
vn 0.5633 0.4869 -0.6675
vn 0.7628 0.6466 -0.0000
vn 0.1835 0.4949 -0.8494
vn 0.2269 0.8485 -0.4781
vn 0.2517 0.9084 0.3340
vn 0.2328 0.2142 -0.9486
vn 0.0924 0.0995 -0.9907
vn 0.0875 0.1393 -0.9864
vn 0.0828 0.1945 -0.9774
vn 0.0768 0.2663 -0.9608
vn 0.0646 0.3143 -0.9471
vn 0.1327 0.5427 -0.8294
vn -0.9705 0.1781 -0.1628
vn -0.9857 0.1683 -0.0000
vn -0.9902 0.1393 -0.0000
vn -0.9727 0.1454 -0.1808
vn -0.8862 0.2068 -0.4146
vn -0.8710 0.1581 -0.4651
vn -0.9950 0.0994 -0.0000
vn -0.9757 0.1026 -0.1937
vn -0.8618 0.1057 -0.4961
vn -0.9982 0.0593 -0.0000
vn -0.9780 0.0610 -0.1995
vn 0.5385 0.8427 -0.0000
vn 0.4187 0.6661 -0.6172
vn 0.5591 0.4247 -0.7121
vn 0.8080 0.5891 -0.0000
vn -0.8584 0.0612 -0.5093
vn 0.6192 0.2953 -0.7276
vn 0.9096 0.4155 -0.0000
vn 0.1958 0.4451 -0.8738
vn 0.2212 0.2258 -0.9487
vn 0.2298 0.1383 -0.9634
vn 0.6331 0.2657 -0.7270
vn 0.9260 0.3776 -0.0000
vn 0.0456 0.3339 -0.9415
vn 0.0721 0.1612 -0.9843
vn 0.0842 0.0885 -0.9925
vn 0.2325 0.1127 -0.9660
vn -0.5106 0.8371 0.1962
vn -0.5422 0.7617 -0.3548
vn -0.5362 0.4012 -0.7426
vn -0.5421 0.7617 -0.3548
vn -0.3075 0.2552 -0.9167
vn -0.4760 0.2623 -0.8394
vn -0.2449 0.6137 -0.7506
vn -0.5108 0.8371 0.1961
vn -0.2210 0.8075 0.5469
vn -0.7281 0.0592 -0.6829
vn -0.8779 0.0547 -0.4757
vn -0.1906 0.2376 -0.9525
vn -0.1649 0.0698 -0.9838
vn -0.1797 0.0509 -0.9824
vn -0.1982 0.0426 -0.9792
vn -0.6646 0.0495 -0.7455
vn -0.9795 -0.0314 -0.1988
vn -0.9154 -0.0169 -0.4021
vn -0.8884 -0.0337 -0.4577
vn -0.7396 -0.0125 -0.6729
vn -0.9379 -0.0288 -0.3456
vn -0.9795 -0.0313 -0.1988
vn -0.7979 -0.0214 -0.6024
vn -0.9995 -0.0328 -0.0000
vn -0.9155 -0.0168 -0.4021
vn -0.9821 0.0308 -0.1857
vn -0.9996 0.0280 -0.0000
vn -1.0000 0.0099 -0.0000
vn -0.9897 0.0142 -0.1422
vn 0.0083 0.0284 -0.9996
vn -0.0053 0.0235 -0.9997
vn -0.0099 0.0318 -0.9994
vn 0.0049 0.0378 -0.9993
vn -0.9163 0.0493 -0.3975
vn -0.9996 0.0279 -0.0011
vn -0.8768 0.0625 -0.4769
vn -0.9819 0.0489 -0.1828
vn -0.8885 -0.0337 -0.4577
vn -0.8387 -0.0192 -0.5443
vn -0.2001 0.0300 -0.9793
vn -0.2819 0.0184 -0.9593
vn -0.2670 0.0313 -0.9632
vn -0.2053 0.0434 -0.9777
vn -0.4112 0.0071 -0.9115
vn -0.4391 0.0141 -0.8983
vn -0.2035 0.0492 -0.9778
vn -0.5514 0.0580 -0.8322
vn -0.1377 0.0300 -0.9900
vn -0.2602 0.0352 -0.9649
vn -0.2743 0.0207 -0.9614
vn -0.1786 0.0249 -0.9836
vn -0.0665 0.0305 -0.9973
vn -0.0948 0.0421 -0.9946
vn -0.3956 0.0115 -0.9183
vn -0.8912 -0.0190 -0.4532
vn -0.8752 -0.0070 -0.4838
vn -0.4639 0.0223 -0.8856
vn -0.2292 0.0423 -0.9725
vn -0.2052 0.0506 -0.9774
vn -0.1731 0.0640 -0.9828
vn -0.1962 0.0548 -0.9790
vn -0.1317 0.0486 -0.9901
vn -0.0235 0.0249 -0.9994
vn -0.0782 0.0245 -0.9966
vn -0.1255 0.0379 -0.9914
vn -0.0494 0.0297 -0.9983
vn -0.2729 0.0275 -0.9616
vn -0.3219 0.0407 -0.9459
vn -0.3770 0.0498 -0.9249
vn -0.2097 0.0470 -0.9766
vn -0.3886 0.0299 -0.9209
vn -0.0104 0.0250 -0.9996
vn -0.0781 0.0245 -0.9966
vn -0.2729 0.0275 -0.9617
vn -0.5929 0.0333 -0.8046
vn -0.6453 0.0367 -0.7631
vn -0.6860 0.0071 -0.7276
vn -0.9373 -0.0219 -0.3479
vn -0.0933 0.0347 -0.9950
vn -0.0044 0.0218 -0.9998
vn -0.0167 0.0236 -0.9996
vn -0.0281 0.0254 -0.9993
vn -0.0428 0.0249 -0.9988
vn -0.8712 0.0347 -0.4897
vn -0.9034 0.0260 -0.4281
vn 0.0093 0.0248 -0.9996
vn -0.9503 0.0047 -0.3113
vn -0.9763 -0.0020 -0.2166
vn 0.9136 0.4067 -0.0000
vn 0.6297 0.2849 -0.7227
vn 0.6213 0.3242 -0.7133
vn 0.8887 0.4584 -0.0000
vn -0.9311 0.0080 -0.3646
vn -0.6740 0.0345 -0.7379
vn 0.6041 0.3878 -0.6962
vn 0.8446 0.5355 -0.0000
vn 0.2341 0.1149 -0.9654
vn 0.2360 0.1301 -0.9630
vn 0.6299 0.2687 -0.7287
vn 0.9227 0.3855 -0.0000
vn 0.2371 0.1601 -0.9582
vn 0.2317 0.1097 -0.9666
vn 0.0924 0.0565 -0.9941
vn 0.0939 0.0606 -0.9937
vn 0.0946 0.0737 -0.9928
vn 0.1651 0.8769 0.4515
vn 0.1457 0.8252 -0.5457
vn 0.0711 0.7812 -0.6203
vn 0.0964 0.8833 0.4589
vn 0.0330 0.0346 -0.9989
vn 0.0078 0.0273 -0.9996
vn 0.0343 0.0342 -0.9988
vn -0.0044 0.0252 -0.9997
vn 0.0336 0.0397 -0.9986
vn -0.0475 0.0421 -0.9980
vn -0.0806 0.0511 -0.9954
vn 0.0078 0.0274 -0.9996
vn -0.0083 0.0377 -0.9993
vn -0.1616 0.0609 -0.9850
vn -0.1094 0.0659 -0.9918
vn -0.0217 0.0441 -0.9988
vn -0.0004 0.0536 -0.9986
vn -0.0212 0.0313 -0.9993
vn 0.0310 0.0537 -0.9981
vn 0.0262 0.0758 -0.9968
vn -0.0076 0.0775 -0.9970
vn 0.0208 0.1074 -0.9940
vn -0.0379 0.0621 -0.9973
vn -0.0697 0.0938 -0.9932
vn -0.0151 0.1180 -0.9929
vn 0.0149 0.1556 -0.9877
vn -0.0893 0.1291 -0.9876
vn -0.0144 0.2053 -0.9786
vn -0.0134 0.0242 -0.9996
vn 0.0233 0.2680 -0.9631
vn 0.0020 0.7380 -0.6747
vn 0.0326 0.8824 0.4694
vn 0.0687 0.4849 -0.8719
vn 0.0114 0.3945 -0.9188
vn -0.0630 0.2995 -0.9520
vn -0.2030 -0.6571 -0.7260
vn -0.2176 -0.8282 -0.5165
vn -0.2167 -0.8362 -0.5038
vn -0.2100 -0.6685 -0.7135
vn -0.1812 -0.4467 -0.8761
vn -0.1943 -0.4569 -0.8680
vn -0.2210 -0.8408 -0.4942
vn -0.2237 -0.6761 -0.7021
vn -0.2159 -0.4652 -0.8585
vn -0.2027 -0.2855 -0.9367
vn -0.1787 -0.2818 -0.9427
vn -0.1434 0.8065 -0.5736
vn -0.1583 0.8675 -0.4716
vn -0.1876 0.8693 -0.4573
vn -0.1779 0.7904 -0.5862
vn -0.1521 0.8415 -0.5185
vn -0.1784 0.8551 -0.4868
vn -0.2137 0.8756 -0.4332
vn -0.2055 0.7904 -0.5771
vn -0.2047 0.8677 -0.4530
vn -0.0892 0.5870 -0.8046
vn -0.1389 0.7337 -0.6652
vn -0.1637 0.7536 -0.6366
vn -0.1918 0.7696 -0.6091
vn -0.1592 0.5786 -0.7999
vn -0.1319 0.5777 -0.8055
vn -0.2249 -0.9181 -0.3263
vn -0.2264 -0.9576 -0.1783
vn -0.2171 -0.9608 -0.1726
vn -0.2185 -0.9227 -0.3175
vn -0.2267 -0.9704 -0.0832
vn -0.2179 -0.9726 -0.0806
vn -0.2108 -0.9632 -0.1666
vn -0.2155 -0.9260 -0.3101
vn -0.2103 -0.9746 -0.0770
vn -0.2249 -0.9181 -0.3264
vn -0.2269 -0.9739 -0.0000
vn -0.2181 -0.9759 -0.0000
vn -0.2100 -0.9777 -0.0000
vn -0.2155 -0.9259 -0.3102
vn -0.2185 -0.9227 -0.3176
vn -0.0297 0.3086 -0.9507
vn -0.0689 0.3164 -0.9461
vn -0.0267 0.1501 -0.9883
vn 0.0048 0.1468 -0.9891
vn -0.0920 0.3225 -0.9421
vn 0.0220 0.0734 -0.9971
vn -0.1001 0.3237 -0.9409
vn -0.0190 0.0721 -0.9972
vn -0.1263 0.5753 -0.8081
vn -0.1200 0.4333 -0.8932
vn -0.1419 0.4467 -0.8834
vn -0.1497 0.5935 -0.7908
vn -0.1190 0.3201 -0.9399
vn -0.1400 0.3299 -0.9336
vn -0.1711 0.4552 -0.8738
vn -0.1790 0.6066 -0.7746
vn -0.1687 0.3365 -0.9265
vn -0.1217 0.2236 -0.9670
vn -0.1418 0.2321 -0.9623
vn -0.1466 -0.1067 -0.9834
vn -0.1531 0.0148 -0.9881
vn 0.9178 0.1537 -0.3660
vn 0.6002 0.7610 -0.2462
vn -0.1267 -0.0251 -0.9916
vn -0.1310 -0.0213 -0.9912
vn -0.1546 -0.1971 -0.9681
vn 0.0156 0.0782 0.9968
vn 0.0977 0.1217 0.9878
vn 0.1025 0.1921 0.9760
vn 0.0176 0.1454 0.9892
vn 0.1887 0.1898 0.9635
vn 0.1948 0.2768 0.9410
vn 0.1002 0.4325 0.8960
vn 0.0178 0.3772 0.9259
vn 0.1829 0.4998 0.8466
vn -0.1179 0.0308 0.9925
vn 0.0097 0.0732 0.9973
vn -0.1125 0.0401 0.9928
vn 0.0938 0.1117 0.9893
vn 0.1797 0.1640 0.9700
vn 0.3669 0.3450 0.8639
vn 0.3596 0.4687 0.8069
vn 0.3065 0.6879 0.6579
vn 0.2135 0.8507 0.4804
vn 0.1443 0.8298 0.5390
vn 0.0726 0.7909 0.6076
vn -0.0010 0.7495 0.6620
vn -0.1246 0.3998 0.9081
vn -0.0745 0.7169 0.6932
vn -0.1181 0.1275 0.9848
vn 0.4064 0.0897 -0.9093
vn 0.3368 0.2064 -0.9187
vn 0.4177 0.5079 0.7534
vn 0.3760 0.3785 0.8458
vn 0.0724 0.3712 0.9257
vn -0.0387 0.3192 0.9469
vn 0.0597 0.6681 0.7417
vn 0.1148 0.6878 0.7167
vn 0.0725 0.3712 0.9257
vn 0.1963 0.7037 0.6828
vn -0.2120 0.2456 0.9459
vn -0.0126 0.1598 0.9871
vn -0.1620 0.1037 0.9813
vn -0.9813 -0.0507 0.1856
vn -0.9688 -0.0917 0.2302
vn -0.7355 -0.1106 -0.6685
vn -0.7613 -0.1677 -0.6263
vn -0.5398 0.1284 0.8320
vn -0.4653 0.0233 0.8848
vn -0.1355 0.8661 -0.4811
vn -0.1080 0.9858 -0.1285
vn -0.0133 0.9825 -0.1858
vn -0.0508 0.8605 -0.5068
vn -0.0540 0.9683 0.2438
vn 0.0276 0.9832 0.1807
vn 0.0677 0.9673 -0.2446
vn 0.0221 0.8456 -0.5334
vn 0.1036 0.9885 0.1106
vn -0.2372 0.6006 -0.7635
vn -0.3124 0.8012 -0.5104
vn -0.1564 0.6049 -0.7808
vn -0.3107 0.9505 -0.0027
vn -0.1868 0.8701 0.4562
vn 0.2382 0.9675 0.0850
vn 0.1883 0.9231 -0.3353
vn 0.1132 0.7693 -0.6287
vn -0.0192 0.6024 -0.7980
vn 0.0394 0.5996 -0.7993
vn -0.0845 0.6039 -0.7926
vn -0.7822 -0.0636 -0.6197
vn -0.9357 -0.0574 0.3480
vn -0.9229 0.2272 0.3110
vn -0.7837 0.1493 -0.6029
vn -0.3836 -0.0019 0.9235
vn -0.4033 0.1634 0.9003
vn -0.7021 0.6814 0.2067
vn -0.6077 0.5415 -0.5809
vn -0.3512 0.5763 0.7379
vn 0.3586 0.3046 0.8824
vn -0.3382 -0.0344 -0.9405
vn -0.7520 -0.1057 -0.6507
vn -0.3533 -0.0147 -0.9354
vn -0.9364 -0.1254 0.3279
vn -0.3897 -0.0294 0.9205
vn -0.3362 0.3497 -0.8745
vn -0.3648 0.0897 -0.9268
vn -0.0195 0.0774 -0.9968
vn -0.0983 0.0399 -0.9944
vn -0.1026 0.0995 -0.9897
vn -0.0229 0.1387 -0.9901
vn -0.1854 0.0146 -0.9826
vn -0.1922 0.0826 -0.9779
vn -0.1015 0.2886 -0.9521
vn -0.0278 0.3075 -0.9512
vn -0.1846 0.2793 -0.9423
vn 0.0968 0.1339 -0.9863
vn -0.0153 0.0658 -0.9977
vn 0.0942 0.1535 -0.9836
vn -0.0924 0.0304 -0.9953
vn -0.1769 0.0028 -0.9842
vn 0.0758 0.4082 -0.9098
vn 0.0895 0.2312 -0.9688
vn 0.6844 0.6270 0.3722
vn 0.6324 0.5837 -0.5092
vn 0.5492 0.6786 -0.4877
vn 0.6007 0.7335 0.3182
vn 0.2895 0.3073 -0.9065
vn 0.2672 0.4105 -0.8718
vn 0.3808 0.8149 -0.4370
vn 0.4357 0.8740 0.2154
vn 0.2030 0.5968 -0.7762
vn 0.7105 0.5903 0.3831
vn 0.6507 0.5470 -0.5267
vn 0.2929 0.2733 -0.9163
vn 0.3011 0.2568 -0.9183
vn 0.6600 0.5197 -0.5425
vn 0.1039 0.1266 -0.9865
vn 0.7251 0.5885 0.3577
vn 0.3526 0.3116 0.8823
vn -0.1715 0.0015 -0.9852
vn -0.0866 0.0291 -0.9958
vn -0.9527 -0.1195 0.2793
vn -0.7330 -0.1039 -0.6722
vn -0.0090 0.0631 -0.9980
vn -0.3316 -0.0364 -0.9427
vn -0.4177 -0.0189 0.9084
vn -0.7330 -0.1039 -0.6723
vn -0.9527 -0.1196 0.2793
vn 0.1917 0.1922 0.9624
vn -0.1330 0.0470 0.9900
vn 0.0768 0.1243 0.9893
vn 0.0962 0.1723 0.9803
vn 0.1496 0.2022 0.9678
vn 0.0019 0.0931 0.9957
vn 0.0205 0.9994 -0.0277
vn 0.0887 0.9947 -0.0514
vn 0.0813 0.9955 -0.0480
vn 0.0209 0.9994 -0.0269
vn -0.0274 0.9994 -0.0192
vn -0.1004 0.9949 -0.0000
vn 0.0696 0.9967 -0.0407
vn 0.0090 0.9997 -0.0239
vn -0.1010 0.9949 0.0045
vn -0.2383 0.9708 0.0255
vn 0.0202 0.9994 -0.0283
vn 0.0894 0.9946 -0.0518
vn 0.0814 0.9955 -0.0480
vn 0.1380 0.9881 -0.0684
vn 0.1303 0.9895 -0.0632
vn 0.0954 -0.9950 -0.0311
vn 0.0209 -0.9998 -0.0056
vn 0.0194 -0.9998 -0.0036
vn 0.1015 -0.9943 -0.0326
vn -0.2647 0.9636 0.0379
vn -0.2722 0.9613 0.0423
vn -0.6250 0.7724 0.1126
vn 0.7085 -0.6504 -0.2738
vn -0.7398 -0.6568 0.1458
vn 0.2522 0.9611 -0.1128
vn 0.2560 -0.9623 -0.0923
vn 0.2681 -0.9585 -0.0967
vn 0.2783 -0.9552 -0.1006
vn 0.2706 0.9556 -0.1165
vn 0.2622 0.9581 -0.1150
vn -0.1002 -0.9946 0.0259
vn -0.0279 -0.9996 0.0096
vn 0.0077 -1.0000 -0.0040
vn 0.1077 -0.9936 -0.0355
vn -0.1038 -0.9942 0.0272
vn -0.0366 -0.9993 0.0124
vn -0.9743 0.1599 0.1584
vn -0.2706 -0.9608 0.0607
vn -0.7484 -0.6453 0.1535
vn -0.2794 -0.9580 0.0644
vn -0.9676 0.1712 0.1858
vn -0.1044 -0.9942 0.0261
vn -0.5935 0.8000 0.0879
vn -0.5936 0.8000 0.0879
vn -0.9757 0.1564 0.1535
vn -0.5842 0.8073 0.0832
vn -0.2209 0.8075 0.5469
vn -0.5107 0.8371 0.1961
vn -0.9824 0.0378 -0.1828
vn -0.8767 0.0624 -0.4769
vn 0.2516 0.9083 0.3341
vn 0.1651 0.8769 0.4514
vn 0.0964 0.8833 0.4588
vn 0.2506 0.1784 -0.9515
vn 0.2237 0.1963 -0.9547
vn -0.0006 0.3092 -0.9510
vn -0.0252 0.3739 -0.9271
vn -0.0241 0.3729 -0.9275
vn 0.0374 0.1967 -0.9798
vn 0.0305 0.2151 -0.9761
vn 0.0034 0.3201 -0.9474
vn -0.0061 0.3425 -0.9395
vn 0.0003 0.3116 -0.9502
vn 0.0291 0.2395 -0.9705
vn -0.0060 0.3420 -0.9397
vn 0.0282 0.2306 -0.9726
vn -0.0273 0.3508 -0.9361
vn -0.0387 0.3660 -0.9298
vn -0.0474 0.2219 -0.9739
vn -0.0485 0.1930 -0.9800
vn 0.1512 0.0900 -0.9844
vn 0.1641 0.1153 -0.9797
vn -0.0507 0.1638 -0.9852
vn -0.0508 0.1851 -0.9814
vn -0.0493 0.1619 -0.9856
vn -0.0458 0.3588 -0.9323
vn -0.0508 0.1433 -0.9884
vn -0.0485 0.2248 -0.9732
vn -0.0475 0.2220 -0.9739
vn -0.0544 0.2486 -0.9671
vn -0.0545 0.1782 -0.9825
vn -0.0531 0.1768 -0.9828
vn -0.0479 0.2510 -0.9668
vn -0.0518 0.2436 -0.9685
vn -0.0454 0.3603 -0.9317
vn -0.7123 -0.6905 0.1259
vn -0.5556 0.8283 0.0730
vn -0.2122 0.9770 0.0186
vn -0.9792 0.1437 0.1430
vn -0.1004 0.9950 -0.0000
vn -0.0274 0.9994 -0.0191
vn -0.6578 -0.7527 0.0293
vn -0.0673 -0.9961 -0.0568
vn -0.2121 -0.9764 0.0417
vn -0.0162 0.9997 -0.0178
vn -0.2383 0.9709 0.0255
vn -0.2846 -0.9563 0.0665
vn -0.1045 -0.9942 0.0261
vn -0.2794 -0.9580 0.0643
vn -0.6250 0.7725 0.1125
vn 0.0208 0.9994 -0.0269
vn 0.0208 -0.9998 -0.0056
vn -0.0181 -0.9998 0.0057
vn -0.2476 -0.9675 0.0516
vn -0.0694 0.9967 -0.0429
vn -0.0696 0.9974 -0.0181
vn -0.0137 0.0240 -0.9996
vn -0.0211 0.0313 -0.9993
vn -0.0218 0.0441 -0.9988
vn -0.2051 0.0506 -0.9774
vn -0.2036 0.0492 -0.9778
vn -0.1962 0.0549 -0.9790
vn -0.9762 -0.0020 -0.2166
vn -0.9994 -0.0334 -0.0004
vn -0.2096 0.0470 -0.9767
vn -0.6859 0.0071 -0.7276
vn -0.3886 0.0300 -0.9209
vn -0.0380 0.0621 -0.9973
vn -0.8752 -0.0070 -0.4837
vn 0.0304 0.2301 -0.9727
vn -0.0865 0.0291 -0.9958
vn 0.0050 0.3128 -0.9498
vn -0.1517 -0.3420 -0.9274
vn 0.0304 0.2151 -0.9761
vn -0.0872 0.2338 -0.9684
vn -0.1700 -0.1956 -0.9658
vn -0.1168 -0.0311 -0.9927
vn 0.3012 0.2568 -0.9183
vn 0.2758 0.6224 -0.7325
vn 0.2317 0.1096 -0.9666
vn 0.0924 0.0567 -0.9941
vn -0.0437 0.3083 -0.9503
vn -0.1514 0.0380 -0.9877
vn -0.1408 0.0348 -0.9894
vn 0.3907 0.8440 -0.3675
vn 0.9226 0.3858 -0.0000
vn 0.9135 0.4068 -0.0000
vn -0.2511 0.8754 -0.4132
vn -0.1861 0.2409 -0.9526
vn 0.3526 0.3116 0.8824
vn -0.1262 -0.0248 -0.9917
vn -0.0534 0.2992 -0.9527
vn 0.0018 0.0931 0.9957
vn -0.0597 0.2633 -0.9629
vn -0.0594 0.3079 -0.9496
vn -0.0587 0.3015 -0.9517
vn -0.0656 0.1531 -0.9860
vn -0.0655 0.1531 -0.9860
vn -0.0660 0.1497 -0.9865
vn -0.0598 0.3121 -0.9481
vn -0.0591 0.3058 -0.9503
vn -0.0589 0.3651 -0.9291
vn -0.0588 0.3651 -0.9291
vn 0.1122 0.9919 -0.0591
vn 0.1022 0.9932 -0.0564
vn 0.1303 0.9892 -0.0672
vn 0.1219 0.9905 -0.0638
vn 0.0383 0.9474 0.3177
vn 0.1127 0.9936 -0.0106
vn 0.1412 0.9875 -0.0706
vn 0.1378 0.9880 -0.0695
vn 0.0072 0.3053 -0.9522
vn -0.0044 0.3326 -0.9431
vn -0.0012 0.3229 -0.9464
vn 0.0901 0.9759 -0.1986
vn 0.0808 0.8785 -0.4709
vn 0.0815 0.2092 0.9745
vn 0.1201 0.9913 -0.0537
vn 0.0500 0.5369 -0.8421
vn 0.0802 0.9956 -0.0487
vn 0.1219 0.9905 -0.0637
vn 0.0496 0.9811 -0.1870
vn 0.0887 0.9947 -0.0515
vn 0.1412 0.9875 -0.0705
vn 0.1201 0.9913 -0.0536
vn 0.0388 0.8877 -0.4588
vn 0.0895 0.9946 -0.0518
vn 0.0499 0.5369 -0.8422
vn 0.0814 0.2092 0.9745
vn 0.1303 0.9892 -0.0671
vn 0.0096 0.3013 -0.9535
vn 0.0138 0.2987 -0.9543
vn 0.0158 0.2795 -0.9600
vn 0.0073 0.3053 -0.9522
vn 0.0928 0.1632 0.9822
vn 0.1574 0.1978 0.9675
vn -0.3566 0.0279 0.9339
vn -0.3643 -0.1006 0.9258
vn -0.2825 -0.0989 0.9542
vn -0.4667 0.0316 0.8839
vn -0.4732 -0.1003 0.8752
vn -0.0987 -0.1685 0.9808
vn -0.2680 -0.2661 0.9259
vn -0.2751 0.0211 0.9612
vn -0.0970 0.0068 0.9953
vn -0.2094 0.2430 0.9472
vn -0.2680 0.2457 0.9316
vn -0.2125 0.1229 0.9694
vn 0.6106 0.7521 0.2480
vn 0.6188 0.7452 0.2485
vn 0.9191 0.1553 0.3622
vn 0.9186 0.1548 0.3636
vn -0.2920 -0.2986 0.9086
vn -0.2387 -0.2911 0.9264
vn -0.3697 -0.3052 0.8776
vn -0.4737 -0.3080 0.8251
vn -0.5961 -0.0977 0.7970
vn -0.5921 -0.3064 0.7453
vn -0.5816 0.1301 0.8030
vn -0.5892 0.0354 0.8072
vn -0.9431 0.1010 0.3169
vn -0.9781 0.0897 0.1876
vn -0.9807 0.0584 0.1867
vn -0.9498 0.0499 0.3088
vn -0.3528 0.2469 0.9025
vn 0.0327 0.3101 0.9501
vn 0.0584 0.2538 0.9655
vn 0.1414 0.2208 0.9650
vn 0.1142 0.2910 0.9499
vn 0.0346 0.3128 0.9492
vn 0.0197 0.3167 0.9483
vn 0.0236 0.6323 0.7744
vn 0.0419 0.1775 0.9832
vn 0.0760 0.1343 0.9880
vn 0.0454 0.1447 0.9884
vn 0.0337 0.1905 0.9811
vn 0.0311 0.2086 0.9775
vn 0.0022 0.2973 0.9548
vn 0.0161 0.2549 0.9668
vn 0.0037 0.3198 0.9475
vn 0.0433 0.1344 0.9900
vn 0.0403 0.1683 0.9849
vn 0.1861 0.3440 0.9203
vn 0.2773 0.4860 0.8288
vn 0.1142 0.2911 0.9499
vn 0.2117 0.2362 0.9484
vn 0.0736 0.3971 0.9148
vn 0.2749 0.1858 0.9434
vn 0.2140 0.1618 0.9633
vn 0.2442 0.1714 0.9544
vn 0.2080 0.1456 0.9672
vn 0.0352 0.9900 0.1364
vn 0.0332 0.9480 0.3164
vn 0.0813 0.9438 0.3204
vn 0.0827 0.9871 0.1373
vn -0.0372 -0.9977 0.0573
vn -0.0416 -0.9898 0.1359
vn -0.0618 -0.9870 0.1485
vn -0.0576 -0.9964 0.0629
vn -0.1014 -0.9815 0.1621
vn -0.0979 -0.9928 0.0694
vn -0.0517 -0.9566 0.2867
vn -0.0710 -0.9483 0.3094
vn -0.1077 -0.9377 0.3303
vn -0.0252 -0.9983 0.0519
vn -0.1466 -0.9863 0.0762
vn -0.1493 -0.9734 0.1740
vn -0.1518 -0.9263 0.3448
vn -0.1134 -0.8264 0.5515
vn -0.1496 -0.8123 0.5637
vn -0.1518 -0.9263 0.3449
vn -0.0834 -0.8450 0.5282
vn -0.0671 -0.8635 0.4999
vn -0.0383 -0.9640 0.2631
vn -0.0536 -0.8821 0.4679
vn -0.0290 -0.9919 0.1234
vn -0.0383 -0.9640 0.2630
vn 0.0297 0.8367 0.5468
vn 0.0776 0.8269 0.5570
vn 0.0039 0.9907 0.1360
vn 0.1392 0.9799 0.1426
vn 0.2892 0.9439 0.1594
vn 0.1438 0.9314 0.3344
vn 0.2947 0.8832 0.3650
vn 0.1519 0.8038 0.5752
vn -0.0030 -0.9993 0.0381
vn -0.0033 -0.9958 0.0912
vn -0.0029 -0.9954 0.0962
vn -0.0023 -0.9992 0.0404
vn -0.0011 0.8401 0.5425
vn -0.0053 0.6406 0.7678
vn 0.0023 0.9492 0.3148
vn -0.0015 -0.9994 0.0355
vn 0.0008 -0.9994 0.0353
vn 0.0037 -0.9965 0.0841
vn 0.0007 -0.9964 0.0849
vn 0.0123 -0.9833 0.1817
vn 0.0074 -0.9826 0.1856
vn 0.0042 -0.9994 0.0356
vn 0.0077 -0.9964 0.0843
vn 0.0177 -0.9835 0.1801
vn -0.0031 -0.9993 0.0363
vn -0.0024 -0.9962 0.0870
vn 0.0019 -0.9814 0.1922
vn 0.0019 -0.9813 0.1922
vn 0.0196 -0.9377 0.3469
vn 0.0094 -0.9324 0.3614
vn 0.0123 -0.9833 0.1818
vn 0.0275 -0.9415 0.3358
vn 0.0177 -0.9835 0.1802
vn 0.0359 -0.9440 0.3280
vn 0.0251 -0.9831 0.1815
vn 0.0468 -0.9444 0.3255
vn 0.0135 -0.9962 0.0861
vn 0.0251 -0.9831 0.1814
vn 0.0096 -0.9993 0.0362
vn 0.2029 0.2132 0.9557
vn 0.1468 0.2733 0.9507
vn 0.1966 0.2332 0.9523
vn 0.2815 0.3217 0.9040
vn 0.1967 0.2331 0.9524
vn 0.2249 0.2259 0.9478
vn 0.1946 0.1521 0.9690
vn 0.2327 0.1964 0.9525
vn 0.2637 0.2064 0.9422
vn 0.2790 0.2086 0.9374
vn 0.3877 0.4340 0.8132
vn 0.1415 0.3879 0.9108
vn 0.1262 0.2985 0.9460
vn 0.1377 0.2888 0.9474
vn 0.1686 0.3675 0.9146
vn 0.2054 0.2978 0.9323
vn 0.2010 0.4717 0.8585
vn 0.1757 0.4844 0.8570
vn 0.2167 0.6623 0.7172
vn 0.2691 0.2376 0.9334
vn 0.2552 0.4534 0.8540
vn 0.2397 0.6619 0.7102
vn 0.1837 0.2312 0.9554
vn 0.2397 0.7919 0.5617
vn 0.2377 0.8047 0.5440
vn 0.2396 0.7919 0.5617
vn 0.3351 0.6569 0.6754
vn 0.2757 0.7927 0.5437
vn 0.3800 0.4568 0.8043
vn 0.3891 0.2493 0.8869
vn 0.2799 0.0623 0.9580
vn 0.3727 0.0608 0.9259
vn 0.2257 0.1415 0.9639
vn 0.2258 0.1415 0.9639
vn 0.0219 -0.9990 0.0387
vn 0.0416 -0.9982 0.0426
vn 0.0468 -0.9939 0.0996
vn 0.0275 -0.9954 0.0914
vn 0.0618 -0.9778 0.2004
vn 0.0415 -0.9813 0.1882
vn 0.0877 -0.9945 0.0575
vn 0.0943 -0.9884 0.1189
vn 0.0983 -0.9734 0.2069
vn 0.0416 -0.9812 0.1882
vn 0.0692 -0.9406 0.3324
vn 0.0949 -0.9321 0.3496
vn 0.1246 -0.9267 0.3546
vn 0.0950 -0.9321 0.3496
vn 0.1648 -0.9513 0.2606
vn 0.1623 -0.9256 0.3419
vn 0.1466 -0.9726 0.1804
vn 0.1345 -0.9862 0.0963
vn 0.3700 0.7464 0.5531
vn 0.2610 0.8666 0.4253
vn 0.2836 0.9150 0.2871
vn 0.4202 0.8296 0.3678
vn 0.3025 0.9401 0.1574
vn 0.4552 0.8643 0.2139
vn 0.2610 0.8666 0.4252
vn 0.2579 0.8774 0.4045
vn 0.2966 0.9107 0.2875
vn 0.3283 0.9315 0.1568
vn 0.3025 0.9400 0.1574
vn 0.3701 0.7464 0.5531
vn 0.4812 0.5758 0.6609
vn 0.4203 0.8295 0.3678
vn 0.5633 0.6831 0.4648
vn 0.6150 0.7348 0.2862
vn 0.3615 0.9126 0.1908
vn 0.3595 0.8733 0.3289
vn 0.3273 0.8314 0.4491
vn 0.4600 0.3455 0.8180
vn 0.4977 0.5226 0.6922
vn 0.4665 0.6701 0.5773
vn 0.4609 0.5304 0.7115
vn 0.4282 0.7876 0.4430
vn 0.4209 0.7035 0.5727
vn 0.5407 0.7187 0.4371
vn 0.4682 0.8158 0.3396
vn 0.4083 0.8756 0.2582
vn 0.4441 0.1485 0.8836
vn 0.6266 0.5461 0.5560
vn 0.5261 0.3254 0.7857
vn 0.4191 0.6401 0.6439
vn 0.4798 0.5826 0.6560
vn 0.5517 0.7094 0.4386
vn 0.4613 0.8005 0.3825
vn 0.5727 0.7812 0.2485
vn 0.4976 0.5496 0.6711
vn 0.5787 0.6656 0.4713
vn 0.6125 0.7359 0.2887
vn 0.5727 0.7812 0.2486
vn 0.3907 0.8440 0.3674
vn 0.0004 0.9905 0.1373
vn -0.0030 0.9476 0.3193
vn -0.0015 0.9485 0.3169
vn 0.0017 0.9906 0.1365
vn -0.0004 0.9491 0.3149
vn 0.0019 0.9906 0.1365
vn -0.0099 0.8371 0.5470
vn -0.0075 0.8392 0.5437
vn -0.0054 0.8402 0.5422
vn -0.0025 0.9904 0.1384
vn -0.0109 0.6445 0.7645
vn -0.0143 0.6465 0.7628
vn -0.0173 0.6463 0.7629
vn -0.0131 0.8344 0.5509
vn -0.0207 0.6438 0.7649
vn -0.0062 0.9465 0.3228
vn -0.0026 -0.9796 0.2010
vn -0.0037 -0.9777 0.2099
vn -0.0026 -0.9796 0.2011
vn 0.0002 -0.9264 0.3766
vn -0.0028 -0.9217 0.3879
vn -0.0012 -0.9991 0.0415
vn -0.0017 -0.9950 0.0994
vn -0.0025 -0.9766 0.2150
vn -0.0018 -0.9205 0.3908
vn -0.0025 -0.9766 0.2151
vn 0.0510 -0.6863 0.7256
vn 0.0094 -0.8005 0.5993
vn 0.0123 -0.7863 0.6178
vn 0.0326 -0.5829 0.8119
vn -0.0184 0.3508 0.9363
vn -0.0190 0.3350 0.9420
vn -0.0143 0.3491 0.9370
vn -0.0356 0.3268 0.9444
vn -0.0204 0.3349 0.9420
vn -0.0292 0.3333 0.9424
vn -0.0166 0.3722 0.9280
vn -0.0080 0.3401 0.9404
vn -0.0108 0.3439 0.9389
vn -0.0115 0.3560 0.9344
vn -0.0542 0.2894 0.9557
vn -0.0543 0.2991 0.9527
vn -0.0496 0.3072 0.9503
vn -0.0456 0.3046 0.9514
vn -0.0271 0.3450 0.9382
vn -0.0309 0.3416 0.9393
vn -0.0391 0.3069 0.9509
vn -0.0338 0.3160 0.9481
vn -0.0361 0.3236 0.9455
vn -0.0278 0.3459 0.9379
vn -0.0366 0.3193 0.9470
vn -0.0258 0.4531 0.8911
vn -0.0174 0.4530 0.8913
vn -0.0052 0.3431 0.9393
vn -0.0011 0.3230 0.9464
vn 0.0010 0.3170 0.9484
vn -0.0058 0.3430 0.9393
vn 0.0261 0.2592 0.9655
vn 0.0283 0.2514 0.9675
vn -0.0194 0.3324 0.9429
vn -0.0200 0.3319 0.9431
vn -0.0434 0.3606 0.9317
vn -0.0435 0.3605 0.9318
vn -0.0445 0.3048 0.9514
vn -0.0449 0.3057 0.9511
vn -0.0438 0.6363 0.7702
vn -0.0447 0.4449 0.8945
vn -0.0397 0.4434 0.8954
vn -0.0371 0.6362 0.7706
vn -0.0636 0.2373 0.9694
vn -0.0530 0.2598 0.9642
vn -0.0433 0.3133 0.9487
vn -0.0543 0.2687 0.9617
vn -0.0439 0.3184 0.9469
vn -0.0338 0.3688 0.9289
vn -0.0384 0.3662 0.9297
vn -0.0390 0.3248 0.9450
vn -0.0357 0.9891 0.1430
vn -0.0382 0.9423 0.3327
vn -0.0275 0.9435 0.3303
vn -0.0245 0.9897 0.1414
vn -0.0483 0.1930 0.9800
vn -0.0317 0.4480 0.8935
vn -0.0277 0.6398 0.7681
vn -0.0298 0.3702 0.9285
vn -0.0352 0.3308 0.9431
vn -0.0353 0.3308 0.9431
vn -0.0471 0.2929 0.9550
vn -0.0612 0.2763 0.9591
vn -0.0471 0.2930 0.9550
vn -0.0497 0.2799 0.9587
vn -0.0596 0.2548 0.9652
vn -0.0710 0.2448 0.9670
vn -0.0665 0.2557 0.9645
vn -0.0681 0.2105 0.9752
vn -0.0705 0.2174 0.9735
vn -0.0634 0.2371 0.9694
vn -0.0637 0.2372 0.9694
vn -0.0414 0.8264 0.5615
vn -0.0325 0.8277 0.5602
vn -0.0148 0.9452 0.3262
vn -0.0113 0.9901 0.1400
vn -0.0212 0.8313 0.5555
vn -0.0683 -0.7078 0.7031
vn -0.0512 -0.7430 0.6674
vn -0.0676 -0.5457 0.8353
vn -0.0741 -0.4923 0.8672
vn -0.0008 -0.9991 0.0419
vn -0.0010 -0.9949 0.1013
vn -0.0008 -0.9948 0.1023
vn -0.0007 -0.9991 0.0427
vn -0.0012 -0.9947 0.1030
vn -0.0010 -0.9991 0.0430
vn -0.0014 -0.9761 0.2174
vn -0.0012 -0.9757 0.2190
vn -0.0018 -0.9753 0.2209
vn -0.0022 -0.9991 0.0433
vn -0.0026 -0.9946 0.1037
vn -0.0036 -0.9747 0.2235
vn -0.0037 -0.9194 0.3932
vn -0.0070 -0.9159 0.4014
vn -0.0016 -0.9214 0.3887
vn -0.0014 -0.9761 0.2175
vn -0.0006 -0.9213 0.3889
vn -0.0362 -0.8994 0.4357
vn -0.0178 -0.9103 0.4136
vn -0.0333 -0.7833 0.6207
vn -0.0737 -0.3237 0.9433
vn -0.0872 -0.3758 0.9226
vn 0.8959 0.1403 0.4216
vn 0.9107 0.1564 0.3822
vn 0.6216 -0.7324 0.2777
vn 0.6118 -0.7255 0.3152
vn -0.0852 -0.6934 0.7155
vn -0.0220 -0.8321 0.5542
vn -0.1913 -0.6015 0.7756
vn -0.0662 -0.8558 0.5131
vn -0.1907 -0.8708 0.4532
vn -0.0019 -0.8880 0.4599
vn -0.0122 -0.8730 0.4876
vn 0.0059 -0.8746 0.4848
vn -0.0020 -0.9433 0.3318
vn -0.0316 -0.9241 0.3808
vn 0.0231 -0.9186 0.3944
vn 0.0102 -0.8393 0.5435
vn -0.0523 -0.9600 0.2749
vn -0.0016 -0.9688 0.2477
vn 0.0437 -0.9495 0.3108
vn 0.0480 -0.8384 0.5430
vn 0.1501 -0.8171 0.5566
vn 0.2106 -0.9202 0.3300
vn 0.2240 -0.8837 0.4109
vn 0.2212 -0.9547 0.1990
vn 0.2969 -0.8190 0.4911
vn 0.2835 -0.7600 0.5849
vn 0.2305 -0.8399 0.4913
vn 0.3319 -0.8901 0.3125
vn 0.2845 -0.7047 0.6499
vn 0.3244 -0.6253 0.7097
vn 0.3122 -0.5630 0.7652
vn 0.3654 -0.6953 0.6189
vn 0.4307 -0.7965 0.4244
vn 0.1582 -0.8175 0.5538
vn 0.1186 -0.8341 0.5387
vn 0.1937 -0.8135 0.5484
vn 0.1583 -0.8174 0.5539
vn 0.2188 -0.6435 0.7335
vn 0.1695 -0.6581 0.7336
vn 0.0847 -0.8386 0.5381
vn 0.2572 -0.6549 0.7106
vn 0.1239 -0.6596 0.7413
vn 0.2032 -0.4765 0.8554
vn 0.1493 -0.4722 0.8688
vn 0.2546 -0.4732 0.8434
vn 0.2880 -0.5022 0.8154
vn 0.0542 -0.8228 0.5658
vn 0.0420 -0.8090 0.5863
vn 0.0673 -0.8333 0.5487
vn 0.0804 -0.6279 0.7741
vn 0.0642 -0.6032 0.7950
vn 0.0265 -0.7939 0.6074
vn 0.0990 -0.6477 0.7554
vn 0.0460 -0.5812 0.8124
vn 0.0782 -0.4099 0.9088
vn 0.0595 -0.3964 0.9161
vn 0.0965 -0.4285 0.8984
vn 0.1179 -0.4527 0.8838
vn 0.1282 0.0876 0.9879
vn 0.1580 -0.0435 0.9865
vn 0.0835 -0.0637 0.9945
vn 0.0919 0.0363 0.9951
vn 0.1208 -0.5542 0.8236
vn 0.0536 -0.4039 0.9132
vn 0.0596 0.9617 0.2676
vn -0.0127 0.9825 0.1857
vn -0.0417 0.9792 0.1987
vn -0.0537 0.9721 0.2284
vn 0.0082 0.9264 0.3764
vn 0.2096 0.8858 0.4141
vn -0.0096 0.6930 0.7209
vn -0.0440 0.9113 0.4095
vn 0.1111 0.7603 0.6400
vn -0.1948 -0.9166 0.3491
vn -0.1956 -0.9637 0.1816
vn -0.0680 -0.1438 0.9873
vn -0.0499 0.1643 0.9851
vn -0.0687 0.1817 0.9809
vn -0.2176 0.2123 0.9527
vn 0.3642 -0.4516 0.8145
vn 0.4417 -0.4998 0.7450
vn 0.5069 -0.2163 0.8344
vn 0.3992 -0.2507 0.8819
vn -0.0151 -0.9988 0.0468
vn -0.0179 -0.9936 0.1119
vn -0.1341 0.2669 0.9543
vn -0.4310 0.4634 0.7743
vn -0.2449 0.5393 0.8057
vn 0.0725 -0.2163 0.9736
vn 0.0784 -0.2059 0.9754
vn 0.1062 -0.0435 0.9934
vn -0.6324 0.0457 0.7733
vn -0.5018 -0.5569 0.6619
vn -0.0161 -0.9998 0.0083
vn -0.0774 -0.9968 -0.0186
vn -0.0745 -0.9972 -0.0044
vn 0.0790 -0.9966 0.0250
vn 0.0838 -0.9961 0.0266
vn 0.0184 -0.9998 0.0046
vn 0.0173 -0.9998 0.0042
vn -0.0182 -0.9998 -0.0057
vn -0.0837 -0.9963 -0.0203
vn -0.0798 -0.9966 -0.0192
vn -0.9773 0.1513 -0.1482
vn -0.9757 0.1563 -0.1535
vn -0.5842 0.8073 -0.0831
vn -0.5697 0.8182 -0.0774
vn 0.1955 -0.9743 0.1118
vn 0.2044 -0.9750 0.0867
vn 0.0748 -0.9965 0.0370
vn 0.0715 -0.9954 0.0645
vn 0.0679 -0.9935 0.0915
vn 0.0140 -0.9989 0.0454
vn 0.0045 -0.9975 0.0708
vn -0.6298 0.7679 -0.1170
vn -0.6352 0.7624 -0.1235
vn -0.2814 0.9583 -0.0500
vn -0.2765 0.9599 -0.0451
vn -0.0713 -0.9971 0.0249
vn -0.2047 -0.9784 -0.0269
vn -0.1964 -0.9805 0.0034
vn -0.2185 -0.9749 -0.0432
vn -0.2286 -0.9724 -0.0458
vn -0.6849 -0.7197 -0.1138
vn -0.6684 -0.7358 -0.1089
vn -0.2184 0.9757 -0.0199
vn -0.2280 0.9734 -0.0223
vn -0.0834 0.9965 0.0035
vn -0.0798 0.9968 0.0045
vn -0.2397 -0.9696 -0.0490
vn -0.7015 -0.7024 -0.1206
vn -0.0206 -0.9998 -0.0064
vn -0.0952 -0.9952 -0.0240
vn -0.0911 -0.9956 -0.0225
vn -0.0877 0.9961 0.0021
vn -0.0191 0.9997 0.0176
vn -0.0182 0.9997 0.0181
vn 0.2285 -0.9701 0.0823
vn 0.2422 -0.9663 0.0872
vn 0.0898 -0.9955 0.0289
vn 0.2154 -0.9734 0.0775
vn 0.5330 0.0735 0.8429
vn 0.4240 -0.0545 0.9040
vn 0.5695 -0.5988 0.5632
vn 0.7099 -0.2070 0.6732
vn 0.7087 0.2453 0.6615
vn 0.2216 -0.2668 0.9379
vn 0.2696 -0.2943 0.9169
vn 0.2642 -0.1432 0.9538
vn 0.2180 -0.0755 0.9730
vn 0.3293 -0.4016 0.8546
vn 0.2977 -0.2065 0.9321
vn 0.3386 -0.2474 0.9078
vn 0.3519 -0.1054 0.9301
vn 0.2896 -0.0829 0.9536
vn 0.5707 0.7855 0.2394
vn 0.5869 0.7722 0.2435
vn 0.9170 0.1521 0.3689
vn 0.9162 0.1499 0.3717
vn 0.2590 0.2968 0.9191
vn 0.4485 0.5901 0.6713
vn 0.6160 0.0628 0.7852
vn 0.3436 -0.0086 0.9391
vn 0.2479 -0.0073 0.9688
vn 0.2030 0.0783 0.9760
vn 0.3008 -0.3426 0.8901
vn 0.2642 -0.1433 0.9538
vn 0.1012 -0.1844 0.9776
vn 0.1113 -0.1762 0.9780
vn 0.1208 0.0495 0.9914
vn 0.1338 0.0149 0.9909
vn 0.1635 -0.2362 0.9578
vn 0.1269 0.0312 0.9914
vn 0.1598 -0.0146 0.9870
vn 0.1479 0.1467 0.9781
vn 0.1218 0.1874 0.9747
vn 0.1294 0.1921 0.9728
vn 0.1686 0.1433 0.9752
vn 0.1543 -0.2609 0.9529
vn 0.1284 -0.2009 0.9712
vn 0.1447 0.0710 0.9869
vn -0.9648 0.1477 -0.2175
vn -0.7653 -0.6292 -0.1357
vn 0.1072 0.0882 0.9903
vn 0.3109 -0.4348 0.8451
vn 0.4709 -0.6011 0.6457
vn 0.3110 -0.4348 0.8451
vn 0.0996 0.1415 0.9849
vn 0.1749 0.1301 0.9760
vn -0.1945 -0.9775 0.0814
vn -0.2243 -0.9116 0.3446
vn -0.2270 -0.9564 0.1838
vn -0.2268 -0.9703 0.0845
vn -0.8310 -0.5376 0.1427
vn -0.9129 -0.4030 0.0647
vn -0.1858 -0.8066 0.5611
vn -0.2325 -0.9689 0.0847
vn -0.2322 -0.9555 0.1821
vn -0.2296 -0.9135 0.3359
vn -0.2120 -0.8089 0.5484
vn -0.2189 -0.8180 0.5319
vn -0.2296 -0.9135 0.3360
vn -0.9793 0.1468 -0.1395
vn -0.9792 0.1437 -0.1429
vn -0.5458 0.8349 -0.0706
vn -0.5332 0.8433 -0.0678
vn -0.2904 0.9520 -0.0967
vn -0.6492 0.7419 -0.1676
vn -0.6960 0.5865 -0.4143
vn -0.3179 0.8549 -0.4101
vn -0.2909 -0.9544 -0.0668
vn -0.3102 -0.9505 -0.0178
vn -0.7574 -0.6329 -0.1606
vn -0.7527 -0.6392 -0.1577
vn -0.9657 0.1700 -0.1962
vn -0.9666 0.1713 -0.1907
vn -0.3817 -0.8844 0.2687
vn -0.2836 0.5264 -0.8016
vn -0.0723 0.6194 -0.7817
vn -0.0984 0.9256 -0.3655
vn -0.8215 -0.3348 0.4616
vn -0.9797 -0.0857 -0.1811
vn -0.4349 -0.6270 0.6463
vn 0.0007 -0.9983 0.0591
vn 0.1099 -0.9891 0.0978
vn 0.1065 -0.9006 0.4215
vn -0.0244 -0.9233 0.3834
vn -0.6513 -0.7528 -0.0957
vn -0.6574 -0.7460 -0.1060
vn -0.9786 0.1466 -0.1447
vn -0.0741 0.9972 0.0051
vn -0.0774 0.9970 0.0050
vn -0.0161 0.9997 0.0178
vn -0.6510 -0.7556 -0.0730
vn -0.1791 0.0215 0.9836
vn -0.6517 -0.7569 -0.0491
vn -0.9787 0.1564 -0.1329
vn -0.9824 0.1457 -0.1167
vn -0.5279 0.8466 -0.0676
vn -0.2041 0.9788 -0.0174
vn -0.1974 0.9802 -0.0153
vn -0.2845 -0.9564 -0.0665
vn -0.2122 0.9771 -0.0186
vn -0.2455 0.9690 -0.0282
vn -0.2543 0.9666 -0.0322
vn -0.0942 0.9955 -0.0011
vn -0.0906 0.9959 0.0009
vn -0.9723 0.1641 -0.1664
vn -0.9696 0.1680 -0.1777
vn -0.6165 0.7803 -0.1050
vn -0.6042 0.7912 -0.0950
vn -0.0880 -0.9959 -0.0215
vn -0.2580 -0.9646 -0.0555
vn -0.2475 -0.9675 -0.0516
vn -0.2122 -0.9763 -0.0417
vn 0.9144 0.1477 0.3769
vn 0.9158 0.1435 0.3751
vn 0.6401 -0.7256 0.2525
vn 0.6277 -0.7345 0.2578
vn 0.5336 0.8146 0.2272
vn 0.5526 0.8000 0.2338
vn 0.9158 0.1469 0.3738
vn 0.6594 -0.7056 0.2593
vn 0.9191 0.1509 0.3639
vn 0.6368 0.7348 0.2338
vn 0.7199 0.6810 0.1339
vn 0.1964 0.9760 0.0941
vn 0.2040 0.9742 0.0962
vn 0.5180 0.8263 0.2212
vn 0.5114 0.8311 0.2187
vn 0.5171 0.8182 0.2513
vn 0.6782 -0.6852 0.2655
vn 0.6950 -0.6662 0.2703
vn 0.2272 0.9681 0.1053
vn 0.2403 0.9645 0.1095
vn 0.2147 0.9715 0.1008
vn 0.0168 0.9995 0.0272
vn 0.0801 0.9956 0.0487
vn 0.0721 0.9964 0.0448
vn -0.0173 0.9997 0.0183
vn 0.0196 0.9994 0.0286
vn 0.0851 0.9951 0.0504
vn -0.0717 0.9851 0.1566
vn -0.0694 0.9967 0.0428
vn 0.0043 0.9985 0.0553
vn 0.0007 0.9846 0.1749
vn -0.0714 0.9974 0.0068
vn 0.0126 0.9995 0.0278
vn 0.0637 0.9970 0.0430
vn -0.0198 -0.9985 0.0502
vn -0.0167 -0.9992 0.0367
vn -0.0689 -0.9967 0.0439
vn -0.0208 0.9997 0.0161
vn -0.7257 -0.6748 -0.1342
vn -0.7123 -0.6905 -0.1260
vn -0.5555 0.8283 -0.0730
vn 0.0418 -0.2681 0.9625
vn 0.0181 -0.0675 0.9976
vn -0.0788 -0.0901 0.9928
vn -0.0750 -0.2907 0.9539
vn -0.0750 -0.2908 0.9539
vn -0.1832 -0.1139 0.9765
vn -0.1997 -0.3141 0.9282
vn -0.0818 0.0064 0.9966
vn -0.1722 -0.0194 0.9849
vn -0.3726 -0.1492 0.9159
vn -0.3404 -0.0567 0.9386
vn 0.2711 -0.5142 0.8137
vn 0.2130 -0.2193 0.9521
vn 0.0745 -0.5856 0.8072
vn -0.0630 -0.6159 0.7853
vn -0.2042 -0.6332 0.7466
vn -0.4151 -0.3402 0.8437
vn 0.1620 -0.0229 0.9865
vn 0.1236 0.0895 0.9883
vn 0.0013 0.0353 0.9994
vn 0.7542 0.3588 0.5500
vn 0.7798 0.5878 -0.2154
vn 0.7521 0.5866 -0.3003
vn 0.6977 0.4570 0.5516
vn -0.1141 -0.9931 0.0277
vn -0.0244 -0.9233 0.3833
vn -0.1622 -0.9253 0.3429
vn 0.2863 -0.9522 0.1061
vn 0.2975 -0.9399 0.1676
vn 0.1094 -0.9932 0.0408
vn 0.0054 -1.0000 0.0072
vn -0.1043 -0.9943 -0.0243
vn 0.3105 -0.8264 0.4697
vn 0.7269 -0.6079 0.3196
vn -0.0912 0.0889 0.9919
vn -0.1048 0.0929 0.9901
vn -0.1143 -0.0042 0.9934
vn 0.2774 0.9537 0.1162
vn 0.2930 0.9521 0.0869
vn 0.7256 -0.6285 0.2801
vn 0.7187 -0.6381 0.2763
vn 0.3768 0.9153 -0.1420
vn 0.8307 0.1922 0.5226
vn 0.5311 -0.1014 0.8412
vn 0.4368 0.7270 -0.5298
vn 0.7770 0.6263 -0.0631
vn -0.1053 0.9931 -0.0520
vn -0.1044 0.9945 -0.0125
vn -0.0006 0.9999 0.0139
vn 0.0580 0.9979 0.0303
vn -0.6387 0.3239 -0.6979
vn -0.1158 0.0982 0.9884
vn -0.1291 0.1050 0.9861
vn -0.1358 0.0071 0.9907
vn -0.1239 0.0006 0.9923
vn 0.0596 0.6681 -0.7417
vn -0.9272 -0.3226 0.1902
vn -0.9635 -0.2551 0.0816
vn -0.7658 -0.6120 0.1976
vn -0.9266 -0.2211 0.3043
vn -0.9669 -0.1661 0.1939
vn -0.8779 -0.3907 0.2770
vn -0.9895 -0.1198 0.0808
vn -0.0622 0.5054 0.8606
vn -0.0747 0.5251 0.8477
vn -0.0744 0.3887 0.9184
vn -0.0624 0.3713 0.9264
vn -0.2763 0.5952 0.7545
vn -0.3583 0.5603 0.7468
vn -0.3582 0.4290 0.8292
vn -0.2727 0.4490 0.8509
vn -0.3559 0.3316 0.8737
vn -0.2696 0.3377 0.9018
vn -0.4627 0.5068 0.7273
vn -0.4676 0.4011 0.7877
vn -0.4656 0.3211 0.8247
vn -0.2273 0.7735 0.5916
vn -0.2489 0.7722 0.5846
vn -0.2439 0.6061 0.7571
vn -0.2188 0.6087 0.7626
vn -0.5789 0.3092 0.7545
vn -0.5784 0.3782 0.7228
vn -0.5717 0.4616 0.6783
vn -0.4609 0.6417 0.6130
vn -0.5530 0.5626 0.6146
vn -0.3577 0.7158 0.5998
vn -0.2791 0.7597 0.5874
vn -0.0765 0.2852 0.9554
vn -0.0636 0.2725 0.9601
vn -0.0673 0.1908 0.9793
vn -0.0812 0.1992 0.9766
vn -0.0907 0.5412 0.8360
vn -0.0889 0.4046 0.9101
vn -0.0905 0.2979 0.9503
vn -0.1244 -0.4164 0.9006
vn -0.1452 -0.4165 0.8975
vn -0.1674 -0.6192 0.7671
vn -0.1396 -0.6198 0.7722
vn -0.0635 0.6802 0.7302
vn -0.0774 0.6922 0.7176
vn -0.0950 0.2070 0.9737
vn -0.1032 0.3090 0.9455
vn -0.1070 0.2149 0.9708
vn -0.1028 0.4186 0.9023
vn -0.1071 0.5572 0.8234
vn -0.0963 0.7026 0.7050
vn -0.1161 0.7157 0.6887
vn -0.1630 -0.4237 0.8910
vn -0.1894 -0.6279 0.7549
vn -0.1982 -0.6425 0.7402
vn -0.1726 -0.4350 0.8837
vn -0.1215 0.3102 0.9429
vn -0.0667 0.1525 0.9861
vn -0.1215 0.1501 0.9812
vn -0.1797 0.2942 0.9387
vn -0.2936 0.1552 0.9432
vn -0.3507 0.2786 0.8941
vn -0.0389 0.0735 0.9965
vn -0.0930 0.0748 0.9929
vn -0.2641 0.0832 0.9609
vn -0.2008 0.5541 0.8079
vn -0.2678 0.5163 0.8135
vn -0.4353 0.4571 0.7756
vn -0.6558 0.2542 0.7109
vn -0.7320 0.3643 0.5757
vn -0.6103 0.1649 0.7748
vn -0.5847 0.0989 0.8052
vn -0.2519 0.0444 0.9667
vn -0.5742 0.0547 0.8169
vn -0.0808 0.0396 0.9959
vn -0.0273 0.0385 0.9989
vn -0.0259 0.0734 0.9970
vn -0.0144 0.0380 0.9992
vn -0.0527 0.1550 0.9865
vn -0.1170 -0.0309 0.9926
vn -0.6956 0.1277 0.7070
vn -0.7967 0.1213 0.5921
vn -0.8083 0.0394 0.5874
vn -0.7065 0.0379 0.7067
vn -0.6290 -0.6339 0.4500
vn -0.6832 -0.6406 0.3506
vn -0.5402 -0.8107 0.2258
vn -0.5134 -0.7931 0.3277
vn -0.1128 -0.1169 0.9867
vn -0.1265 -0.1152 0.9852
vn -0.1356 -0.1118 0.9844
vn -0.6955 0.1277 0.7070
vn -0.6499 0.4519 0.6111
vn -0.7080 0.4356 0.5558
vn -0.7525 0.3399 0.5641
vn -0.6715 0.3624 0.6463
vn -0.7733 0.3844 0.5042
vn -0.8294 0.3014 0.4703
vn -0.5899 0.5788 0.5631
vn -0.8679 0.1935 0.4575
vn -0.7838 0.2174 0.5817
vn -0.9247 0.1985 0.3248
vn -0.9325 0.1665 0.3204
vn -0.9019 0.2486 0.3533
vn -0.9173 0.2191 0.3326
vn -0.8539 0.3094 0.4186
vn -0.6570 0.4970 0.5669
vn -0.6180 0.5663 0.5454
vn -0.2405 -0.9241 0.2970
vn -0.2814 -0.9145 0.2908
vn -0.2707 -0.9511 0.1489
vn -0.2281 -0.9613 0.1543
vn -0.2691 -0.9609 0.0646
vn -0.2256 -0.9718 0.0686
vn -0.3723 -0.8840 0.2826
vn -0.3812 -0.9105 0.1604
vn -0.3786 -0.9219 0.0822
vn -0.2345 -0.8417 0.4864
vn -0.2611 -0.8382 0.4787
vn -0.2405 -0.9241 0.2971
vn -0.2210 -0.9268 0.3036
vn -0.2117 -0.9640 0.1610
vn -0.2097 -0.9750 0.0731
vn -0.5588 -0.8163 0.1462
vn -0.3783 -0.8059 0.4555
vn -0.4709 -0.7709 0.4290
vn -0.5133 -0.7931 0.3278
vn -0.3060 -0.8277 0.4703
vn -0.6812 -0.4650 0.5654
vn -0.7617 -0.4549 0.4613
vn -0.7257 -0.6355 0.2635
vn -0.8245 -0.4331 0.3643
vn -0.5374 -0.6368 0.5529
vn -0.7037 -0.3009 0.6436
vn -0.6812 -0.4651 0.5655
vn -0.5785 -0.4721 0.6652
vn -0.9829 0.1579 0.0949
vn -0.9773 0.1782 0.1144
vn -0.8701 -0.2633 0.4167
vn -0.7966 -0.2885 0.5312
vn -0.7038 -0.3008 0.6436
vn -0.9333 0.2320 0.2741
vn -0.9552 0.1960 0.2220
vn -0.9854 0.1464 0.0865
vn -0.9630 0.1768 0.2036
vn -0.9870 0.1383 0.0819
vn -0.9888 0.1264 0.0790
vn -0.9063 0.2380 0.3494
vn -0.9671 0.1632 0.1954
vn -0.9714 0.1426 0.1899
vn -0.9720 0.1887 0.1400
vn -0.0697 0.9589 0.2751
vn -0.0779 0.9156 0.3944
vn -0.0631 0.9312 0.3590
vn -0.0594 0.9776 0.2019
vn -0.8127 -0.0867 0.5762
vn -0.7131 -0.0936 0.6948
vn -0.8803 0.1126 0.4608
vn -0.8898 0.0426 0.4544
vn -0.8911 -0.0728 0.4480
vn -0.9927 0.0889 0.0813
vn -0.9945 0.0644 0.0828
vn -0.9485 -0.0445 0.3135
vn -0.0823 0.9136 0.3983
vn -0.1003 0.8950 0.4346
vn -0.0797 0.8343 0.5455
vn -0.0643 0.8374 0.5428
vn -0.1017 0.8310 0.5469
vn -0.1049 0.8539 0.5097
vn -0.9965 0.0074 0.0828
vn -0.1256 0.8328 0.5392
vn -0.1271 0.8768 0.4637
vn -0.9813 -0.0110 0.1924
vn -0.2870 -0.6792 0.6755
vn -0.3461 -0.6720 0.6548
vn -0.2602 0.7691 0.5837
vn -0.3345 0.7194 0.6087
vn -0.3551 0.8140 0.4597
vn -0.2773 0.8626 0.4230
vn -0.3568 0.8122 0.4615
vn -0.2785 0.8582 0.4311
vn -0.4798 0.6257 0.6151
vn -0.4831 0.7101 0.5122
vn -0.4735 0.7199 0.5074
vn -0.2511 0.8753 0.4133
vn -0.2388 0.8768 0.4175
vn -0.2500 0.8704 0.4241
vn -0.2340 0.8710 0.4319
vn -0.2969 -0.4794 0.8258
vn -0.3685 -0.4819 0.7950
vn -0.4304 -0.6552 0.6208
vn -0.4662 -0.4789 0.7439
vn -0.2482 -0.6797 0.6902
vn -0.2482 -0.4730 0.8453
vn -0.0920 -0.6543 0.7506
vn -0.1133 -0.6327 0.7660
vn -0.0700 -0.1357 0.9883
vn 0.5137 0.7662 0.3861
vn 0.8251 0.1138 0.5534
vn -0.0977 -0.2805 0.9549
vn -0.1035 -0.0335 0.9941
vn -0.0508 0.1441 0.9883
vn -0.0507 0.1438 0.9883
vn -0.0506 0.1649 0.9850
vn -0.0492 0.1639 0.9853
vn -0.0493 0.1620 0.9856
vn -0.0790 -0.3042 0.9493
vn -0.0860 -0.2914 0.9527
vn -0.0801 -0.6788 0.7299
vn -0.0911 -0.4433 0.8917
vn -0.1059 -0.4260 0.8985
vn -0.0827 -0.4637 0.8821
vn 0.4097 0.7217 0.5579
vn 0.4934 0.6069 0.6231
vn -0.0514 0.9851 0.1641
vn -0.0541 0.9392 0.3391
vn -0.0478 0.9418 0.3328
vn -0.0451 0.9878 0.1491
vn -0.0441 0.9421 0.3325
vn -0.0418 0.9886 0.1444
vn -0.0557 0.8367 0.5448
vn -0.0497 0.8329 0.5511
vn -0.0462 0.8288 0.5576
vn -0.0472 0.6435 0.7640
vn -0.0500 0.6543 0.7545
vn -0.0555 0.6672 0.7428
vn -0.0526 0.3138 0.9480
vn -0.0553 0.3533 0.9339
vn -0.0561 0.3557 0.9329
vn -0.0589 0.2999 0.9521
vn -0.0553 0.3534 0.9339
vn -0.0464 0.3223 0.9455
vn -0.0484 0.4635 0.8848
vn -0.0475 0.2305 0.9719
vn -0.0482 0.2271 0.9727
vn -0.0439 0.3034 0.9519
vn -0.0470 0.3127 0.9487
vn -0.0465 0.3571 0.9329
vn -0.0478 0.3045 0.9513
vn -0.0465 0.3030 0.9519
vn -0.0604 0.2589 0.9640
vn -0.0639 0.1869 0.9803
vn -0.0594 0.1802 0.9818
vn -0.0559 0.2563 0.9650
vn -0.0633 0.1848 0.9807
vn -0.0597 0.2633 0.9629
vn -0.0547 0.4860 0.8722
vn -0.0445 0.3622 0.9310
vn -0.0453 0.3603 0.9318
vn -0.0449 0.3023 0.9521
vn -0.0451 0.3044 0.9515
vn -0.0462 0.2181 0.9748
vn -0.0474 0.2221 0.9739
vn -0.0462 0.2182 0.9748
vn -0.0475 0.1883 0.9810
vn -0.0502 0.1857 0.9813
vn -0.0475 0.2304 0.9719
vn -0.0466 0.2366 0.9705
vn -0.0484 0.1867 0.9812
vn -0.0508 0.1855 0.9813
vn -0.0070 -0.9990 0.0440
vn -0.0082 -0.9944 0.1057
vn -0.0244 -0.9701 0.2414
vn -0.0112 -0.9735 0.2286
vn 0.0403 0.1682 0.9849
vn -0.0728 0.8975 0.4349
vn -0.0017 0.8935 0.4491
vn 0.0495 0.9811 0.1870
vn 0.0388 0.8877 0.4589
vn 0.0560 0.9962 0.0671
vn 0.0210 0.5650 0.8248
vn 0.1021 0.9932 0.0564
vn 0.0945 0.9923 0.0797
vn -0.0695 0.9974 0.0180
vn -0.0179 0.9997 0.0188
vn -0.0221 0.9995 0.0238
vn -0.5722 0.8174 0.0671
vn -0.5503 0.8342 -0.0341
vn -0.1968 0.9802 0.0214
vn -0.2053 0.9709 0.1233
vn -0.1946 0.9809 -0.0018
vn -0.2158 0.8850 0.4126
vn 0.5775 -0.7090 0.4047
vn -0.6328 -0.7095 0.3101
vn -0.6578 -0.7522 0.0382
vn -0.9916 0.1285 0.0139
vn -0.9287 0.1067 0.3552
vn 0.1230 0.4316 0.8936
vn 0.1968 0.8330 0.5171
vn -0.5755 0.7218 0.3843
vn 0.1651 -0.9274 0.3356
vn 0.1502 -0.8170 0.5567
vn 0.1798 -0.9670 0.1805
vn 0.1873 -0.9721 0.1413
vn -0.5359 0.8423 -0.0570
vn 0.1936 0.9740 0.1181
vn 0.1971 0.9513 0.2369
vn -0.6578 -0.7527 -0.0293
vn -0.9861 0.1390 -0.0909
vn -0.0012 -0.9961 0.0882
vn 0.0044 -0.9975 0.0708
vn -0.0673 -0.9961 0.0569
vn -0.0649 -0.9948 0.0780
vn -0.1823 -0.9584 0.2195
vn -0.1918 -0.9811 0.0269
vn -0.1882 -0.9797 0.0690
vn 0.0563 -0.9718 0.2291
vn 0.0632 -0.9913 0.1159
vn -0.0011 -0.9961 0.0882
vn -0.0009 -0.9819 0.1892
vn -0.0010 -0.9819 0.1892
vn -0.0604 -0.9797 0.1913
vn -0.0985 0.9951 -0.0038
vn -0.0220 0.9997 0.0146
vn -0.0016 -0.9688 0.2478
vn -0.1907 -0.9807 0.0422
vn 0.0163 -0.9997 0.0173
vn 0.3196 0.8127 0.4871
vn 0.2078 0.3960 0.8944
vn 0.2220 0.2944 0.9296
vn 0.5633 0.4870 0.6675
vn 0.1835 0.4949 0.8494
vn 0.2269 0.8485 0.4781
vn 0.2328 0.2142 0.9486
vn 0.0875 0.1393 0.9864
vn 0.0923 0.0994 0.9908
vn 0.0828 0.1945 0.9774
vn 0.0768 0.2663 0.9608
vn 0.1327 0.5427 0.8294
vn 0.0646 0.3143 0.9471
vn -0.9705 0.1781 0.1627
vn -0.9727 0.1454 0.1808
vn -0.8862 0.2068 0.4146
vn -0.8710 0.1581 0.4651
vn -0.9757 0.1026 0.1936
vn -0.8618 0.1057 0.4961
vn -0.9780 0.0610 0.1995
vn 0.5591 0.4247 0.7121
vn 0.4187 0.6661 0.6172
vn -0.8584 0.0612 0.5093
vn 0.6192 0.2953 0.7276
vn 0.2212 0.2258 0.9487
vn 0.1958 0.4451 0.8738
vn 0.2298 0.1383 0.9634
vn 0.6331 0.2657 0.7270
vn 0.0456 0.3339 0.9415
vn 0.0721 0.1611 0.9843
vn 0.0842 0.0884 0.9925
vn 0.2324 0.1127 0.9661
vn -0.5421 0.7617 -0.3549
vn -0.5362 0.4012 -0.7427
vn -0.4760 0.2624 0.8394
vn -0.3075 0.2552 0.9167
vn -0.2448 0.6137 0.7506
vn -0.8779 0.0546 -0.4757
vn -0.7281 0.0592 0.6829
vn -0.1906 0.2376 0.9525
vn -0.1797 0.0509 0.9824
vn -0.1649 0.0698 0.9838
vn -0.1982 0.0426 0.9792
vn -0.6646 0.0495 0.7455
vn -0.7396 -0.0125 0.6729
vn -0.7979 -0.0214 0.6024
vn -0.9379 -0.0288 0.3456
vn -0.9821 0.0308 0.1857
vn -0.9897 0.0142 0.1422
vn 0.0083 0.0284 0.9996
vn 0.0049 0.0378 0.9993
vn -0.0099 0.0318 0.9994
vn -0.0053 0.0235 0.9997
vn -0.9163 0.0493 0.3975
vn -0.8387 -0.0192 0.5443
vn -0.2001 0.0300 0.9793
vn -0.2052 0.0433 0.9778
vn -0.2671 0.0313 0.9632
vn -0.2819 0.0184 0.9593
vn -0.4391 0.0141 0.8983
vn -0.4111 0.0071 0.9116
vn -0.2035 0.0493 0.9778
vn -0.5514 0.0580 0.8322
vn -0.1377 0.0300 0.9900
vn -0.1786 0.0249 0.9836
vn -0.2742 0.0206 0.9615
vn -0.2602 0.0352 0.9649
vn -0.0665 0.0305 0.9973
vn -0.0949 0.0421 0.9946
vn -0.3956 0.0115 0.9184
vn -0.8752 -0.0070 0.4838
vn -0.8912 -0.0191 -0.4533
vn -0.4639 0.0223 0.8856
vn -0.2292 0.0423 0.9725
vn -0.2052 0.0506 0.9774
vn -0.1731 0.0640 0.9828
vn -0.1962 0.0549 0.9790
vn -0.1317 0.0486 0.9901
vn -0.0235 0.0249 0.9994
vn -0.0494 0.0297 0.9983
vn -0.1255 0.0379 0.9914
vn -0.0782 0.0245 0.9966
vn -0.3219 0.0407 0.9459
vn -0.2729 0.0275 0.9616
vn -0.2097 0.0470 0.9766
vn -0.3770 0.0498 0.9249
vn -0.3886 0.0299 0.9209
vn -0.0104 0.0250 0.9996
vn -0.0781 0.0245 0.9966
vn -0.2729 0.0275 0.9617
vn -0.5929 0.0333 0.8046
vn -0.6453 0.0367 0.7631
vn -0.6860 0.0071 0.7276
vn -0.9373 -0.0219 0.3479
vn -0.0933 0.0347 0.9950
vn -0.0044 0.0218 0.9998
vn -0.0281 0.0254 0.9993
vn -0.0167 0.0236 0.9996
vn -0.0428 0.0249 0.9988
vn -0.0104 0.0249 0.9996
vn -0.8712 0.0347 0.4897
vn -0.9033 0.0260 0.4282
vn 0.0093 0.0248 0.9996
vn -0.8712 0.0346 0.4897
vn 0.6213 0.3242 0.7134
vn 0.6297 0.2849 0.7227
vn -0.9311 0.0080 0.3646
vn -0.6740 0.0345 0.7379
vn 0.6040 0.3878 0.6962
vn 0.2359 0.1300 0.9630
vn 0.2341 0.1149 0.9654
vn 0.6299 0.2687 0.7287
vn 0.2371 0.1600 0.9582
vn 0.2317 0.1097 0.9666
vn 0.0939 0.0606 0.9937
vn 0.0924 0.0566 0.9941
vn 0.0946 0.0737 0.9928
vn 0.1651 0.8769 0.4513
vn 0.0711 0.7812 0.6203
vn 0.1457 0.8252 0.5457
vn 0.0330 0.0346 0.9989
vn 0.0343 0.0342 0.9988
vn 0.0078 0.0273 0.9996
vn -0.0044 0.0252 0.9997
vn 0.0336 0.0397 0.9986
vn -0.0475 0.0421 0.9980
vn -0.0806 0.0511 0.9954
vn 0.0330 0.0347 0.9989
vn -0.0083 0.0377 0.9993
vn -0.1094 0.0659 0.9918
vn -0.1616 0.0609 0.9850
vn -0.0004 0.0536 0.9986
vn -0.0217 0.0441 0.9988
vn -0.0212 0.0313 0.9993
vn 0.0310 0.0537 0.9981
vn 0.0262 0.0759 0.9968
vn 0.0208 0.1074 0.9940
vn -0.0076 0.0775 0.9970
vn -0.0151 0.1180 0.9929
vn -0.0697 0.0938 0.9932
vn -0.0379 0.0621 0.9973
vn 0.0149 0.1556 0.9877
vn -0.0143 0.2053 0.9786
vn -0.0893 0.1291 0.9876
vn -0.0134 0.0242 0.9996
vn 0.0233 0.2680 0.9631
vn 0.0021 0.7380 0.6748
vn 0.0114 0.3945 0.9188
vn 0.0687 0.4849 0.8719
vn -0.0630 0.2995 0.9520
vn -0.2029 -0.6572 0.7259
vn -0.2100 -0.6685 0.7135
vn -0.2167 -0.8361 0.5039
vn -0.2176 -0.8282 0.5164
vn -0.1812 -0.4467 0.8761
vn -0.1943 -0.4569 0.8680
vn -0.2236 -0.6761 0.7021
vn -0.2210 -0.8408 0.4942
vn -0.2159 -0.4652 0.8585
vn -0.2027 -0.2855 0.9367
vn -0.1786 -0.2820 0.9427
vn -0.1434 0.8065 0.5736
vn -0.1779 0.7904 0.5862
vn -0.1876 0.8693 0.4574
vn -0.1583 0.8675 0.4716
vn -0.1784 0.8552 0.4867
vn -0.1520 0.8414 0.5185
vn -0.2055 0.7905 0.5770
vn -0.2137 0.8756 0.4332
vn -0.2047 0.8677 0.4530
vn -0.0892 0.5870 0.8046
vn -0.1389 0.7337 0.6652
vn -0.1637 0.7536 0.6366
vn -0.1918 0.7696 0.6090
vn -0.1592 0.5786 0.7999
vn -0.1319 0.5777 0.8055
vn -0.2249 -0.9181 0.3263
vn -0.2185 -0.9227 0.3175
vn -0.2173 -0.9607 0.1726
vn -0.2263 -0.9577 0.1780
vn -0.2179 -0.9726 0.0806
vn -0.2268 -0.9704 0.0835
vn -0.2155 -0.9260 0.3101
vn -0.2108 -0.9632 0.1670
vn -0.2103 -0.9746 0.0770
vn -0.2249 -0.9181 0.3264
vn -0.2155 -0.9259 0.3102
vn -0.2185 -0.9227 0.3176
vn -0.0297 0.3086 0.9507
vn 0.0048 0.1468 0.9891
vn -0.0267 0.1501 0.9883
vn -0.0689 0.3164 0.9461
vn -0.0920 0.3225 0.9421
vn 0.0220 0.0733 0.9971
vn -0.1001 0.3237 0.9409
vn -0.0190 0.0721 0.9972
vn -0.1265 0.5755 0.8080
vn -0.1497 0.5936 0.7907
vn -0.1419 0.4467 0.8833
vn -0.1200 0.4333 0.8932
vn -0.1400 0.3299 0.9336
vn -0.1190 0.3201 0.9399
vn -0.1789 0.6065 0.7747
vn -0.1710 0.4550 0.8739
vn -0.1687 0.3365 0.9265
vn -0.1217 0.2236 0.9670
vn -0.1418 0.2321 0.9623
vn -0.1531 0.0148 0.9881
vn -0.1465 -0.1071 0.9834
vn 0.6002 0.7610 0.2462
vn 0.9178 0.1537 0.3660
vn -0.1310 -0.0213 0.9912
vn -0.1264 -0.0248 0.9917
vn -0.1546 -0.1971 0.9681
vn 0.0156 0.0782 -0.9968
vn 0.0176 0.1453 -0.9892
vn 0.1026 0.1921 -0.9760
vn 0.0975 0.1217 -0.9878
vn 0.1948 0.2768 -0.9410
vn 0.1887 0.1898 -0.9635
vn 0.0178 0.3772 -0.9259
vn 0.1002 0.4325 -0.8961
vn 0.1829 0.4998 -0.8466
vn -0.1180 0.0308 -0.9925
vn -0.1125 0.0401 -0.9928
vn 0.0097 0.0732 -0.9973
vn 0.0938 0.1117 -0.9893
vn 0.1797 0.1640 -0.9700
vn 0.3597 0.4686 -0.8069
vn 0.3671 0.3453 -0.8637
vn 0.3065 0.6879 -0.6579
vn 0.1443 0.8298 -0.5390
vn 0.2135 0.8507 -0.4804
vn 0.0726 0.7909 -0.6076
vn -0.0010 0.7495 -0.6620
vn -0.1246 0.3998 -0.9081
vn -0.0745 0.7169 -0.6932
vn -0.1181 0.1275 -0.9848
vn 0.4064 0.0897 0.9093
vn 0.3367 0.2063 0.9187
vn 0.4177 0.5079 -0.7534
vn 0.3760 0.3785 -0.8458
vn -0.0387 0.3192 -0.9469
vn 0.0724 0.3712 -0.9257
vn 0.0597 0.6681 -0.7417
vn 0.0725 0.3712 -0.9257
vn 0.1148 0.6878 -0.7167
vn 0.1963 0.7037 -0.6828
vn -0.2120 0.2456 -0.9459
vn -0.1620 0.1037 -0.9813
vn -0.0126 0.1598 -0.9871
vn -0.9813 -0.0507 -0.1856
vn -0.7613 -0.1677 0.6264
vn -0.7355 -0.1106 0.6685
vn -0.9688 -0.0917 -0.2301
vn -0.5398 0.1284 -0.8320
vn -0.4654 0.0233 -0.8848
vn -0.1355 0.8662 0.4811
vn -0.0508 0.8605 0.5068
vn -0.0133 0.9825 0.1857
vn -0.1080 0.9858 0.1285
vn 0.0276 0.9832 -0.1806
vn -0.0540 0.9683 -0.2439
vn 0.0221 0.8456 0.5333
vn 0.0676 0.9673 0.2445
vn 0.1036 0.9884 -0.1106
vn -0.2372 0.6006 0.7635
vn -0.1564 0.6050 0.7808
vn -0.3124 0.8012 0.5104
vn -0.3107 0.9505 0.0026
vn -0.1868 0.8701 -0.4562
vn 0.2382 0.9675 -0.0850
vn 0.1883 0.9231 0.3353
vn 0.1132 0.7693 0.6287
vn -0.0192 0.6024 0.7980
vn 0.0395 0.5996 0.7993
vn -0.0845 0.6038 0.7927
vn -0.7822 -0.0636 0.6197
vn -0.7837 0.1493 0.6029
vn -0.9229 0.2272 -0.3110
vn -0.9357 -0.0574 -0.3480
vn -0.4033 0.1634 -0.9003
vn -0.3836 -0.0019 -0.9235
vn -0.6077 0.5415 0.5809
vn -0.7021 0.6814 -0.2066
vn -0.3512 0.5763 -0.7379
vn 0.3586 0.3046 -0.8824
vn -0.3382 -0.0344 0.9405
vn -0.3533 -0.0147 0.9354
vn -0.7520 -0.1057 0.6507
vn -0.9364 -0.1254 -0.3279
vn -0.3897 -0.0294 -0.9205
vn -0.3362 0.3497 0.8745
vn -0.3648 0.0897 0.9268
vn -0.0195 0.0774 0.9968
vn -0.0229 0.1388 0.9901
vn -0.1027 0.0995 0.9897
vn -0.0982 0.0399 0.9944
vn -0.1922 0.0826 0.9779
vn -0.1854 0.0145 0.9825
vn -0.0278 0.3075 0.9512
vn -0.1015 0.2886 0.9520
vn -0.1846 0.2793 0.9423
vn 0.0968 0.1339 0.9863
vn 0.0942 0.1535 0.9836
vn -0.0154 0.0657 0.9977
vn -0.0924 0.0304 0.9953
vn -0.1768 0.0031 0.9842
vn 0.0758 0.4081 0.9098
vn 0.0895 0.2312 0.9688
vn 0.6843 0.6272 -0.3720
vn 0.6007 0.7335 -0.3182
vn 0.5492 0.6786 0.4877
vn 0.6324 0.5837 0.5092
vn 0.2672 0.4105 0.8718
vn 0.2895 0.3073 0.9065
vn 0.4356 0.8740 -0.2154
vn 0.3808 0.8149 0.4370
vn 0.2031 0.5968 0.7763
vn 0.7105 0.5903 -0.3831
vn 0.6507 0.5470 0.5267
vn 0.2929 0.2733 0.9163
vn 0.6604 0.5191 0.5425
vn 0.3012 0.2568 0.9183
vn 0.1039 0.1266 0.9865
vn 0.7251 0.5885 -0.3577
vn 0.6600 0.5197 0.5425
vn 0.3526 0.3116 -0.8823
vn -0.0866 0.0291 0.9958
vn -0.1715 0.0015 0.9852
vn -0.7330 -0.1039 0.6722
vn -0.9527 -0.1196 -0.2794
vn -0.0090 0.0630 0.9980
vn -0.3316 -0.0364 0.9427
vn -0.4177 -0.0189 -0.9084
vn -0.7330 -0.1039 0.6723
vn -0.9527 -0.1196 -0.2793
vn 0.1917 0.1922 -0.9624
vn -0.1330 0.0470 -0.9900
vn 0.0768 0.1243 -0.9893
vn 0.1496 0.2022 -0.9678
vn 0.0962 0.1724 -0.9803
vn 0.0019 0.0931 -0.9957
vn 0.0205 0.9994 0.0277
vn 0.0209 0.9994 0.0269
vn 0.0813 0.9955 0.0480
vn 0.0887 0.9947 0.0514
vn -0.0274 0.9994 0.0192
vn 0.0090 0.9997 0.0239
vn 0.0696 0.9967 0.0407
vn -0.1010 0.9949 -0.0045
vn -0.2383 0.9708 -0.0258
vn 0.0894 0.9946 0.0518
vn 0.0814 0.9955 0.0480
vn 0.1303 0.9895 0.0632
vn 0.1380 0.9881 0.0684
vn 0.0954 -0.9950 0.0311
vn 0.1015 -0.9943 0.0326
vn 0.0194 -0.9998 0.0036
vn 0.0209 -0.9998 0.0056
vn -0.6250 0.7724 -0.1126
vn -0.2722 0.9613 -0.0423
vn -0.2649 0.9635 -0.0379
vn 0.7085 -0.6504 0.2738
vn -0.7398 -0.6568 -0.1458
vn 0.2522 0.9611 0.1128
vn 0.2560 -0.9623 0.0923
vn 0.2681 -0.9585 0.0967
vn 0.2780 -0.9553 0.1004
vn 0.2706 0.9556 0.1165
vn 0.2623 0.9581 0.1150
vn -0.0279 -0.9996 -0.0096
vn -0.1002 -0.9946 -0.0259
vn 0.1076 -0.9936 0.0355
vn 0.0077 -1.0000 0.0040
vn -0.0366 -0.9993 -0.0124
vn -0.1038 -0.9942 -0.0272
vn 0.0196 -0.9998 0.0050
vn -0.9743 0.1599 -0.1584
vn -0.2706 -0.9608 -0.0607
vn -0.2794 -0.9580 -0.0643
vn -0.7484 -0.6453 -0.1535
vn -0.9676 0.1712 -0.1858
vn -0.1044 -0.9942 -0.0261
vn -0.5935 0.8000 -0.0879
vn -0.5936 0.8000 -0.0879
vn -0.5842 0.8074 -0.0831
vn -0.9757 0.1564 -0.1535
vn 0.7251 0.5885 -0.3578
vn 0.2506 0.1784 0.9515
vn 0.2237 0.1963 0.9547
vn -0.0006 0.3092 0.9510
vn -0.0252 0.3739 0.9271
vn -0.0241 0.3729 0.9275
vn 0.0305 0.2151 0.9761
vn 0.0374 0.1967 0.9798
vn 0.0034 0.3201 0.9474
vn 0.0003 0.3116 0.9502
vn -0.0061 0.3425 0.9395
vn 0.0291 0.2395 0.9705
vn -0.0060 0.3420 0.9397
vn 0.0281 0.2306 0.9726
vn -0.0273 0.3508 0.9361
vn -0.0387 0.3660 0.9298
vn -0.0485 0.1930 0.9800
vn -0.0474 0.2219 0.9739
vn 0.1512 0.0900 0.9844
vn 0.1641 0.1153 0.9797
vn -0.0506 0.1638 0.9852
vn -0.0493 0.1619 0.9856
vn -0.0508 0.1851 0.9814
vn -0.0458 0.3588 0.9323
vn -0.0507 0.1432 0.9884
vn -0.0508 0.1431 0.9884
vn -0.0485 0.2248 0.9732
vn -0.0475 0.2220 0.9739
vn -0.0543 0.2486 0.9671
vn -0.0479 0.2510 0.9668
vn -0.0531 0.1768 0.9828
vn -0.0545 0.1782 0.9825
vn -0.0519 0.2435 0.9685
vn -0.0454 0.3603 0.9317
vn -0.0518 0.2436 0.9685
vn -0.2122 0.9770 -0.0186
vn -0.9786 0.1466 -0.1445
vn -0.9793 0.1437 -0.1428
vn -0.1004 0.9949 -0.0001
vn -0.0274 0.9994 0.0191
vn -0.1906 -0.9808 0.0422
vn -0.5503 0.8343 -0.0341
vn -0.0673 -0.9961 0.0568
vn -0.2383 0.9709 -0.0255
vn -0.2844 -0.9564 -0.0665
vn -0.2795 -0.9580 -0.0643
vn -0.1045 -0.9942 -0.0261
vn -0.0221 0.9995 0.0239
vn -0.6250 0.7725 -0.1125
vn 0.0208 0.9994 0.0269
vn 0.0208 -0.9998 0.0056
vn -0.0181 -0.9998 -0.0057
vn -0.2476 -0.9675 -0.0516
vn -0.0696 0.9974 0.0181
vn -0.0694 0.9967 0.0429
vn -0.1376 0.0300 0.9900
vn -0.0137 0.0240 0.9996
vn -0.0100 0.0318 0.9994
vn -0.0211 0.0313 0.9993
vn -0.0218 0.0441 0.9988
vn -0.2051 0.0506 0.9774
vn -0.2036 0.0492 0.9778
vn -0.9311 0.0079 0.3646
vn -0.2096 0.0470 0.9767
vn -0.6859 0.0071 0.7276
vn -0.3886 0.0300 0.9209
vn -0.1616 0.0610 0.9850
vn -0.0380 0.0621 0.9973
vn -0.8752 -0.0070 0.4837
vn 0.0304 0.2300 0.9727
vn -0.0865 0.0291 0.9958
vn 0.0050 0.3128 0.9498
vn -0.1517 -0.3420 0.9274
vn 0.0304 0.2151 0.9761
vn -0.0872 0.2338 0.9684
vn -0.1700 -0.1956 0.9658
vn -0.1170 -0.0308 0.9927
vn 0.3011 0.2568 0.9183
vn 0.2758 0.6224 0.7325
vn 0.0925 0.0564 0.9941
vn -0.0438 0.3080 0.9504
vn -0.0494 0.2543 0.9659
vn 0.6298 0.2687 0.7288
vn -0.1513 0.0379 0.9878
vn -0.1408 0.0348 0.9894
vn 0.3907 0.8440 0.3675
vn -0.2375 0.7853 0.5717
vn -0.2511 0.8754 0.4132
vn -0.1861 0.2409 0.9526
vn 0.3526 0.3116 -0.8824
vn -0.1263 -0.0247 0.9917
vn -0.0090 0.0631 0.9980
vn -0.0534 0.2993 0.9527
vn -0.0597 0.2634 0.9628
vn -0.0594 0.3079 0.9496
vn -0.0586 0.3015 0.9517
vn -0.0655 0.1532 0.9860
vn -0.0656 0.1531 0.9860
vn -0.0660 0.1497 0.9865
vn -0.0598 0.3121 0.9481
vn -0.0591 0.3058 0.9503
vn -0.0589 0.3651 0.9291
vn -0.0588 0.3651 0.9291
vn 0.1122 0.9919 0.0591
vn 0.1022 0.9932 0.0564
vn 0.1302 0.9892 0.0674
vn 0.1219 0.9905 0.0638
vn 0.1127 0.9936 0.0106
vn 0.0377 0.9473 -0.3181
vn 0.1148 0.6878 -0.7168
vn 0.1412 0.9875 0.0706
vn 0.1379 0.9880 0.0696
vn 0.0072 0.3053 0.9522
vn -0.0012 0.3229 0.9464
vn -0.0044 0.3326 0.9431
vn 0.0901 0.9759 0.1986
vn 0.0808 0.8785 0.4709
vn 0.0946 0.9923 0.0797
vn 0.0815 0.2092 -0.9745
vn 0.1201 0.9913 0.0537
vn 0.0480 0.5373 0.8420
vn 0.0802 0.9956 0.0487
vn 0.1219 0.9905 0.0637
vn 0.0887 0.9947 0.0515
vn 0.1412 0.9875 0.0705
vn 0.1201 0.9913 0.0536
vn 0.0388 0.8877 0.4588
vn 0.1379 0.9880 0.0695
vn 0.0895 0.9946 0.0518
vn 0.0499 0.5369 0.8422
vn 0.0814 0.2092 -0.9745
vn 0.1305 0.9892 0.0670
vn 0.0096 0.3013 0.9535
vn 0.0158 0.2795 0.9600
vn 0.0138 0.2987 0.9543
vn 0.0073 0.3053 0.9522
vn 0.1574 0.1978 -0.9675
vn 0.0928 0.1632 -0.9822
vn -0.1031 -0.9755 -0.1943
vn -0.4482 -0.8768 -0.1743
vn -0.4485 -0.8258 -0.3420
vn -0.1034 -0.9188 -0.3808
vn -0.8133 0.5707 0.1135
vn -0.8133 0.5376 0.2227
vn -0.9440 -0.3048 -0.1262
vn -0.9440 -0.3236 -0.0644
vn -0.8133 0.4838 0.3233
vn -0.9440 -0.2743 -0.1833
vn -0.8133 0.4115 0.4115
vn -0.9440 -0.2333 -0.2333
vn -0.8133 0.3233 0.4838
vn -0.9440 -0.1833 -0.2743
vn -0.8133 0.2227 0.5376
vn -0.9440 -0.1262 -0.3048
vn -0.8133 0.1135 0.5707
vn -0.9440 -0.0644 -0.3236
vn -0.8133 -0.0000 0.5819
vn -0.9440 -0.0000 -0.3299
vn -0.8133 -0.1135 0.5707
vn -0.9440 0.0644 -0.3236
vn -0.8133 -0.2227 0.5376
vn -0.9440 0.1262 -0.3048
vn -0.8133 -0.3233 0.4838
vn -0.9440 0.1833 -0.2743
vn -0.8133 -0.4115 0.4114
vn -0.9440 0.2333 -0.2333
vn -0.8133 -0.4838 0.3233
vn -0.9440 0.2743 -0.1833
vn -0.8133 -0.5376 0.2227
vn -0.9440 0.3048 -0.1262
vn -0.8133 -0.5707 0.1135
vn -0.9440 0.3236 -0.0644
vn -0.8133 -0.5819 -0.0000
vn -0.9440 0.3299 -0.0000
vn -0.8133 -0.5707 -0.1135
vn -0.9440 0.3236 0.0644
vn -0.8133 -0.5376 -0.2227
vn -0.9440 0.3048 0.1262
vn -0.8133 -0.4838 -0.3233
vn -0.9440 0.2743 0.1833
vn -0.8133 -0.4114 -0.4115
vn -0.9440 0.2333 0.2333
vn -0.8133 -0.3233 -0.4838
vn -0.9440 0.1833 0.2743
vn -0.8133 -0.2227 -0.5376
vn -0.9440 0.1262 0.3048
vn -0.8133 -0.1135 -0.5707
vn -0.9440 0.0644 0.3236
vn -0.8133 -0.0000 -0.5819
vn -0.9440 -0.0000 0.3299
vn -0.8133 0.1135 -0.5707
vn -0.9440 -0.0644 0.3236
vn -0.8133 0.2227 -0.5376
vn -0.9440 -0.1263 0.3048
vn -0.8133 0.3233 -0.4838
vn -0.9440 -0.1833 0.2743
vn -0.8133 0.4115 -0.4115
vn -0.9440 -0.2333 0.2333
vn -0.8133 0.4838 -0.3233
vn -0.9440 -0.2743 0.1833
vn -0.8133 0.5376 -0.2227
vn -0.9440 -0.3048 0.1262
vn -0.9995 -0.0125 -0.0302
vn -0.9995 -0.0063 -0.0321
vn -0.8133 0.5707 -0.1135
vn -0.9440 -0.3236 0.0644
vn -0.8133 0.5819 -0.0000
vn -0.9440 -0.3299 -0.0000
vn -0.0985 -0.0000 -0.9951
vn -0.1043 -0.0000 -0.9945
vn -0.1043 0.1940 -0.9755
vn -0.0985 0.1941 -0.9760
vn 0.0661 0.8296 0.5544
vn 0.0661 0.7056 0.7056
vn 0.7320 0.4818 0.4818
vn 0.7320 0.5665 0.3785
vn -0.0984 0.9760 0.1940
vn -0.1025 0.9757 0.1938
vn -0.1023 0.9191 0.3805
vn -0.0984 0.9194 0.3807
vn -0.0984 -0.3809 0.9194
vn -0.1014 -0.3808 0.9191
vn -0.1016 -0.5528 0.8271
vn -0.0984 -0.5529 0.8274
vn -0.0985 -0.7036 -0.7037
vn -0.1038 -0.7032 -0.7034
vn -0.1040 -0.5524 -0.8270
vn -0.0985 -0.5528 -0.8275
vn -0.0985 0.8274 -0.5529
vn -0.1036 0.8269 -0.5528
vn -0.1034 0.9188 -0.3809
vn -0.0985 0.9194 -0.3809
vn -0.0984 0.3809 0.9194
vn -0.1014 0.3808 0.9191
vn -0.0760 0.8031 0.5909
vn -0.0730 0.8013 0.5938
vn -0.0985 -0.9951 -0.0001
vn -0.1028 -0.9947 -0.0003
vn -0.0985 -0.9760 -0.1942
vn -0.1042 0.3805 -0.9189
vn -0.0985 0.3808 -0.9194
vn -0.1020 0.8272 0.5525
vn -0.0984 0.8275 0.5528
vn -0.1018 -0.7036 0.7033
vn -0.0984 -0.7037 0.7036
vn -0.1042 -0.3805 -0.9189
vn -0.0985 -0.3808 -0.9194
vn -0.1031 0.9755 -0.1943
vn -0.0985 0.9760 -0.1942
vn -0.0795 -0.9968 0.0002
vn -0.0996 -0.9950 -0.0002
vn -0.0991 -0.9759 -0.1943
vn -0.0789 -0.9778 -0.1943
vn -0.0985 -0.9194 -0.3809
vn -0.1040 0.5524 -0.8270
vn -0.0985 0.5528 -0.8275
vn -0.1018 0.7036 0.7033
vn -0.0984 0.7037 0.7036
vn -0.1020 -0.8273 0.5525
vn -0.0984 -0.8275 0.5528
vn -0.1043 -0.1940 -0.9755
vn -0.0985 -0.1941 -0.9760
vn -0.1028 0.9947 -0.0003
vn -0.0985 0.9951 -0.0001
vn -0.6772 -0.4685 0.5673
vn -0.0759 -0.8030 0.5911
vn 0.1141 -0.7246 0.6797
vn 0.1275 -0.6802 0.7219
vn -0.1036 -0.8269 -0.5528
vn -0.0985 -0.8274 -0.5529
vn -0.1039 0.7032 -0.7034
vn -0.0985 0.7036 -0.7037
vn -0.1016 0.5528 0.8271
vn -0.0984 0.5529 0.8274
vn -0.1022 -0.9191 0.3805
vn -0.0985 -0.9194 0.3807
vn -0.0732 -0.8013 0.5938
vn -0.1025 -0.9757 0.1938
vn -0.0985 -0.9760 0.1940
vn 0.5969 -0.4458 -0.6671
vn 0.5969 -0.3070 -0.7412
vn 0.6490 -0.2911 -0.7029
vn 0.6490 -0.4227 -0.6326
vn 0.0662 -0.3818 -0.9219
vn 0.0662 -0.1947 -0.9786
vn 0.7320 -0.1329 -0.6682
vn 0.7320 -0.2607 -0.6295
vn 0.0661 0.5543 0.8297
vn 0.7320 0.3785 0.5665
vn 0.0662 -0.0000 -0.9978
vn 0.7320 -0.0000 -0.6813
vn 0.0661 0.3818 0.9219
vn 0.7320 0.2607 0.6295
vn 0.0662 0.1947 -0.9786
vn 0.7320 0.1329 -0.6682
vn 0.0661 0.1946 0.9786
vn 0.7320 0.1329 0.6682
vn 0.0662 0.3818 -0.9219
vn 0.7320 0.2607 -0.6295
vn 0.0661 -0.0000 0.9978
vn 0.7320 -0.0000 0.6813
vn 0.0662 0.5544 -0.8296
vn 0.7320 0.3785 -0.5665
vn 0.0661 -0.1946 0.9786
vn 0.7320 -0.1329 0.6682
vn 0.0662 0.7056 -0.7056
vn 0.7320 0.4818 -0.4818
vn 0.0661 -0.3818 0.9219
vn 0.7320 -0.2607 0.6295
vn 0.0662 0.8297 -0.5543
vn 0.7320 0.5665 -0.3785
vn 0.0661 -0.5543 0.8297
vn 0.7320 -0.3785 0.5665
vn 0.0662 0.9219 -0.3818
vn 0.7320 0.6295 -0.2607
vn 0.0662 -0.9978 -0.0000
vn 0.0662 -0.9786 -0.1947
vn 0.7320 -0.6682 -0.1329
vn 0.7320 -0.6813 -0.0000
vn 0.0661 -0.7056 0.7056
vn 0.7320 -0.4818 0.4818
vn 0.0662 0.9786 -0.1947
vn 0.7320 0.6682 -0.1329
vn 0.0662 -0.9219 -0.3818
vn 0.7320 -0.6295 -0.2607
vn 0.0662 -0.8296 0.5544
vn 0.7320 -0.5665 0.3785
vn 0.0662 0.9978 -0.0000
vn 0.7320 0.6813 -0.0000
vn 0.0662 -0.8296 -0.5544
vn 0.7320 -0.5665 -0.3785
vn 0.0662 -0.9219 0.3818
vn 0.7320 -0.6295 0.2607
vn 0.0662 0.9786 0.1947
vn 0.7320 0.6682 0.1329
vn 0.0662 -0.7056 -0.7056
vn 0.7320 -0.4818 -0.4818
vn 0.0662 -0.9786 0.1947
vn 0.7320 -0.6682 0.1329
vn 0.0662 0.9219 0.3819
vn 0.7320 0.6295 0.2607
vn 0.0662 -0.5544 -0.8296
vn 0.7320 -0.3785 -0.5665
vn 0.5969 0.7869 -0.1565
vn 0.5969 0.8023 -0.0000
vn 0.6490 0.7608 -0.0000
vn 0.6490 0.7462 -0.1484
vn 0.5969 0.7412 0.3070
vn 0.5969 0.6671 0.4457
vn 0.6490 0.6326 0.4227
vn 0.6490 0.7029 0.2911
vn 0.5969 0.5673 0.5673
vn 0.6490 0.5380 0.5380
vn 0.5969 0.4458 0.6671
vn 0.6490 0.4227 0.6326
vn 0.5969 0.3070 0.7412
vn 0.6490 0.2911 0.7029
vn 0.5969 0.1565 0.7869
vn 0.6490 0.1484 0.7462
vn 0.5969 -0.0000 0.8023
vn 0.6490 -0.0000 0.7608
vn 0.5969 -0.1565 0.7869
vn 0.6490 -0.1484 0.7462
vn 0.5969 -0.3070 0.7412
vn 0.6490 -0.2911 0.7029
vn 0.5969 -0.4457 0.6671
vn 0.6490 -0.4227 0.6326
vn 0.5969 -0.5673 0.5673
vn 0.6490 -0.5380 0.5380
vn 0.5969 -0.6671 0.4458
vn 0.6490 -0.6326 0.4227
vn 0.5969 -0.7412 0.3070
vn 0.6490 -0.7029 0.2911
vn 0.5969 -0.7869 0.1565
vn 0.6490 -0.7462 0.1484
vn 0.5969 -0.8023 -0.0000
vn 0.6490 -0.7608 -0.0000
vn 0.5969 -0.7869 -0.1565
vn 0.6490 -0.7462 -0.1484
vn 0.5969 -0.7412 -0.3070
vn 0.6490 -0.7029 -0.2911
vn 0.5969 -0.6671 -0.4457
vn 0.6490 -0.6326 -0.4227
vn 0.5969 -0.5673 -0.5673
vn 0.6490 -0.5380 -0.5380
vn 0.9343 -0.1980 -0.2963
vn 0.9343 -0.2520 -0.2520
vn 0.5969 -0.1565 -0.7869
vn 0.6490 -0.1484 -0.7462
vn 0.5969 -0.0000 -0.8023
vn 0.6490 -0.0000 -0.7608
vn 0.5969 0.1565 -0.7869
vn 0.6490 0.1484 -0.7462
vn 0.5969 0.3070 -0.7412
vn 0.6490 0.2911 -0.7029
vn 0.5969 0.4457 -0.6671
vn 0.6490 0.4227 -0.6326
vn 0.5969 0.5673 -0.5673
vn 0.6490 0.5380 -0.5380
vn 0.5969 0.6671 -0.4458
vn 0.6490 0.6326 -0.4227
vn 0.5969 0.7412 -0.3070
vn 0.6490 0.7029 -0.2911
vn 0.9343 0.3496 0.0695
vn 0.9343 0.3564 -0.0000
vn 0.9846 -0.0000 0.1746
vn 0.9846 0.0341 0.1712
vn 0.9343 -0.0000 0.3564
vn 0.9343 0.0695 0.3496
vn 0.9343 -0.1364 -0.3293
vn 0.9343 -0.0695 0.3496
vn 0.9343 -0.0695 -0.3496
vn 0.9343 -0.1364 0.3293
vn 0.9343 -0.0000 -0.3564
vn 0.9343 -0.1980 0.2963
vn 0.9343 0.0695 -0.3496
vn 0.9343 -0.2520 0.2520
vn 0.9343 0.1364 -0.3293
vn 0.9343 -0.2963 0.1980
vn 0.9343 0.1980 -0.2963
vn 0.9343 -0.3293 0.1364
vn 0.9343 0.3496 -0.0695
vn 0.9343 0.2520 -0.2520
vn 0.9343 -0.3496 0.0695
vn 0.9343 0.3293 0.1364
vn 0.9343 0.2963 -0.1980
vn 0.9343 -0.3564 -0.0000
vn 0.9343 0.2963 0.1980
vn 0.9343 0.3293 -0.1364
vn 0.9343 -0.3496 -0.0695
vn 0.9343 0.2520 0.2520
vn 0.9343 -0.3293 -0.1364
vn 0.9343 0.1980 0.2963
vn 0.5969 0.7869 0.1565
vn 0.6490 0.7462 0.1484
vn 0.9343 -0.2963 -0.1980
vn 0.9343 0.1364 0.3293
vn 0.9847 -0.0667 0.1612
vn 0.9847 -0.0969 0.1451
vn 0.6074 -0.4413 0.6605
vn 0.6074 -0.3040 0.7339
vn 0.9846 0.0970 -0.1452
vn 0.9846 0.0668 -0.1613
vn 0.9846 -0.0340 0.1713
vn 0.9846 0.1234 -0.1235
vn 0.9846 -0.0668 0.1613
vn 0.9846 0.1452 -0.0970
vn 0.9846 -0.0970 0.1452
vn 0.9846 0.1613 -0.0669
vn 0.9846 -0.1713 -0.0340
vn 0.9846 -0.1746 -0.0000
vn 0.9846 -0.1234 0.1235
vn 0.9846 0.1712 -0.0341
vn 0.9846 -0.1613 -0.0668
vn 0.9846 -0.1452 0.0970
vn 0.9846 0.1746 -0.0000
vn 0.9846 -0.1452 -0.0970
vn 0.9846 -0.1613 0.0669
vn 0.9846 0.1713 0.0340
vn 0.9846 -0.1235 -0.1234
vn 0.9846 -0.1712 0.0341
vn 0.9846 0.1613 0.0668
vn 0.9846 -0.0970 -0.1452
vn 0.9846 0.1452 0.0970
vn 0.9846 -0.0669 -0.1613
vn 0.9846 0.1235 0.1234
vn 0.9846 -0.0341 -0.1712
vn 0.9846 0.0970 0.1452
vn 0.9846 -0.0000 -0.1746
vn 0.9846 0.0669 0.1613
vn 0.9846 0.0340 -0.1713
vn 0.6074 -0.6605 0.4413
vn 0.6074 -0.7339 0.3040
vn 0.9847 0.1451 -0.0970
vn 0.9847 0.1612 -0.0668
vn 0.6074 0.7339 -0.3040
vn 0.6074 0.6605 -0.4413
vn 0.9847 -0.1745 -0.0000
vn 0.9847 -0.1712 -0.0340
vn 0.6074 -0.7791 -0.1550
vn 0.6074 -0.7944 -0.0000
vn 0.9847 -0.1234 0.1234
vn 0.6074 -0.5617 0.5617
vn 0.9847 0.1712 -0.0341
vn 0.6074 0.7791 -0.1550
vn 0.9847 -0.1612 -0.0667
vn 0.6074 -0.7339 -0.3040
vn 0.9847 -0.1451 0.0970
vn 0.9847 0.1745 -0.0000
vn 0.6074 0.7944 -0.0000
vn 0.9847 -0.1451 -0.0969
vn 0.6074 -0.6605 -0.4413
vn 0.9847 -0.1612 0.0668
vn 0.9847 0.1712 0.0340
vn 0.6074 0.7791 0.1550
vn 0.9847 -0.1234 -0.1234
vn 0.6074 -0.5617 -0.5617
vn 0.9847 -0.1712 0.0341
vn 0.6074 -0.7791 0.1550
vn 0.9847 0.1612 0.0667
vn 0.6074 0.7339 0.3040
vn 0.9847 -0.0970 -0.1451
vn 0.6074 -0.4413 -0.6605
vn 0.9847 0.1451 0.0969
vn 0.6074 0.6605 0.4413
vn 0.9847 -0.0668 -0.1612
vn 0.6074 -0.3040 -0.7339
vn 0.9847 0.1234 0.1234
vn 0.6074 0.5617 0.5617
vn 0.9847 -0.0341 -0.1712
vn 0.6074 -0.1550 -0.7791
vn 0.9847 0.0970 0.1451
vn 0.6074 0.4413 0.6605
vn 0.9847 -0.0000 -0.1745
vn 0.6074 -0.0000 -0.7944
vn 0.9847 0.0668 0.1612
vn 0.6074 0.3040 0.7339
vn 0.9847 0.0340 -0.1712
vn 0.6074 0.1550 -0.7791
vn 0.9847 0.0341 0.1711
vn 0.6074 0.1550 0.7791
vn 0.9847 0.0667 -0.1612
vn 0.6074 0.3040 -0.7339
vn 0.9847 -0.0000 0.1745
vn 0.6074 -0.0000 0.7944
vn 0.9847 0.0969 -0.1451
vn 0.6074 0.4413 -0.6605
vn 0.9847 -0.0340 0.1712
vn 0.6074 -0.1550 0.7791
vn 0.9847 0.1234 -0.1234
vn 0.6074 0.5617 -0.5617
vn -0.4480 -0.8941 0.0001
vn -0.4477 -0.8770 0.1745
vn -0.4487 -0.7431 -0.4965
vn -0.4489 -0.6319 -0.6318
vn -0.4491 -0.4964 -0.7429
vn -0.4492 -0.3419 -0.8254
vn -0.4492 -0.1743 -0.8762
vn -0.4493 -0.0000 -0.8934
vn -0.4492 0.1743 -0.8762
vn -0.4492 0.3419 -0.8254
vn -0.4490 0.4964 -0.7429
vn -0.4489 0.6319 -0.6318
vn -0.4487 0.7431 -0.4965
vn -0.4484 0.8258 -0.3420
vn -0.4482 0.8768 -0.1743
vn -0.4479 0.8941 0.0001
vn -0.4477 0.8770 0.1745
vn -0.4475 0.8262 0.3423
vn -0.4472 0.7437 0.4969
vn -0.4470 0.6325 0.6326
vn -0.4469 0.4970 0.7439
vn -0.4467 0.3424 0.8266
vn -0.6772 0.4685 0.5674
vn -0.4467 -0.3424 0.8266
vn -0.4469 -0.4970 0.7439
vn -0.4470 -0.6325 0.6326
vn -0.4472 -0.7437 0.4970
vn -0.4474 -0.8262 0.3423
vn -0.2664 -0.1880 -0.9453
vn -0.2664 -0.3689 -0.8905
vn -0.5870 -0.3098 -0.7479
vn -0.5870 -0.1579 -0.7940
vn -0.9995 0.0231 0.0232
vn -0.9995 0.0181 0.0272
vn -0.9995 0.0001 -0.0327
vn -0.9995 0.0125 0.0302
vn -0.9995 0.0064 -0.0321
vn -0.9995 0.0063 0.0321
vn -0.9995 0.0126 -0.0302
vn -0.9995 -0.0001 0.0327
vn -0.9995 0.0182 -0.0272
vn -0.9995 -0.0064 0.0321
vn -0.9995 0.0232 -0.0231
vn -0.9995 -0.0126 0.0302
vn -0.9995 0.0272 -0.0181
vn -0.9995 -0.0182 0.0272
vn -0.9995 0.0302 -0.0125
vn -0.9995 -0.0327 -0.0001
vn -0.9995 -0.0321 -0.0064
vn -0.9995 -0.0232 0.0231
vn -0.9995 0.0321 -0.0063
vn -0.9995 -0.0302 -0.0126
vn -0.9995 -0.0272 0.0181
vn -0.9995 0.0327 0.0001
vn -0.9995 -0.0272 -0.0182
vn -0.9995 -0.0302 0.0125
vn -0.9995 0.0321 0.0064
vn -0.9995 -0.0231 -0.0232
vn -0.9995 -0.0321 0.0063
vn -0.9995 0.0302 0.0126
vn -0.9995 -0.0181 -0.0272
vn -0.9995 0.0272 0.0182
vn 0.5969 0.4457 0.6671
vn 0.5969 -0.6671 0.4457
vn 0.5970 -0.8023 -0.0000
vn 0.5970 -0.7868 -0.1565
vn 0.5969 -0.4457 -0.6671
vn 0.5969 0.6671 -0.4457
vn -0.4483 -0.8767 -0.1743
vn -0.4480 -0.8940 0.0001
vn -0.4488 -0.7431 -0.4964
vn -0.4493 -0.3419 -0.8254
vn -0.4493 -0.1743 -0.8762
vn -0.4493 0.1743 -0.8762
vn -0.4493 0.3419 -0.8254
vn -0.4491 0.4964 -0.7429
vn -0.4485 0.8258 -0.3420
vn -0.4483 0.8767 -0.1743
vn -0.4480 0.8940 -0.0000
vn -0.4478 0.8770 0.1745
vn -0.4473 0.7437 0.4969
vn -0.4471 0.6325 0.6325
vn -0.4469 0.4970 0.7438
vn -0.4468 0.3424 0.8265
vn -0.6773 0.4684 0.5674
vn -0.9676 -0.0000 0.2523
vn -0.6773 -0.4685 0.5673
vn -0.4468 -0.3423 0.8265
vn -0.4469 -0.4969 0.7438
vn -0.4471 -0.6325 0.6325
vn -0.4473 -0.7436 0.4970
vn -0.4475 -0.8262 0.3423
vn -0.4478 -0.8770 0.1745
vn -0.0745 -0.8015 0.5933
vn 0.1933 -0.4778 0.8569
vn 0.5057 -0.6030 0.6170
vn 0.0237 -0.7836 0.6208
vn 0.1292 -0.7253 0.6761
vn -0.9804 -0.1930 -0.0384
vn -0.9804 -0.1968 -0.0000
vn -0.2664 0.5355 0.8014
vn -0.2664 0.6816 0.6816
vn -0.5870 0.5724 0.5724
vn -0.5870 0.4498 0.6731
vn -0.2664 -0.0000 -0.9639
vn -0.5870 -0.0000 -0.8096
vn -0.2664 0.3689 0.8905
vn -0.5870 0.3098 0.7479
vn -0.2664 0.1880 -0.9453
vn -0.5870 0.1579 -0.7940
vn -0.2664 0.1880 0.9453
vn -0.5870 0.1579 0.7940
vn -0.2664 0.3689 -0.8905
vn -0.5870 0.3098 -0.7479
vn -0.2664 -0.0000 0.9639
vn -0.5870 -0.0000 0.8096
vn -0.2664 0.5355 -0.8014
vn -0.5870 0.4498 -0.6731
vn -0.2664 -0.1880 0.9453
vn -0.5870 -0.1579 0.7940
vn -0.2664 0.6816 -0.6816
vn -0.5870 0.5724 -0.5724
vn -0.2664 -0.3689 0.8905
vn -0.5870 -0.3098 0.7479
vn -0.2664 0.8014 -0.5355
vn -0.5870 0.6731 -0.4498
vn -0.2664 -0.5355 0.8014
vn -0.5870 -0.4498 0.6731
vn -0.2664 0.8905 -0.3689
vn -0.5870 0.7479 -0.3098
vn -0.2664 -0.9453 -0.1880
vn -0.2664 -0.9639 -0.0000
vn -0.5870 -0.8096 -0.0000
vn -0.5870 -0.7940 -0.1579
vn -0.2664 -0.6816 0.6816
vn -0.5870 -0.5725 0.5724
vn -0.2664 0.9453 -0.1880
vn -0.5870 0.7940 -0.1579
vn -0.2664 -0.8905 -0.3689
vn -0.5870 -0.7479 -0.3098
vn -0.2664 -0.8014 0.5355
vn -0.5870 -0.6731 0.4498
vn -0.2664 0.9639 -0.0000
vn -0.5870 0.8096 -0.0000
vn -0.2664 -0.8014 -0.5355
vn -0.5870 -0.6731 -0.4498
vn -0.2664 -0.8905 0.3689
vn -0.5870 -0.7479 0.3098
vn -0.2664 0.9453 0.1880
vn -0.5870 0.7940 0.1579
vn -0.2664 -0.6816 -0.6816
vn -0.5870 -0.5724 -0.5724
vn -0.2664 -0.9453 0.1880
vn -0.5870 -0.7940 0.1579
vn -0.2664 0.8905 0.3689
vn -0.5870 0.7479 0.3098
vn -0.2664 -0.5355 -0.8014
vn -0.5870 -0.4498 -0.6731
vn -0.2664 0.8014 0.5355
vn -0.5870 0.6731 0.4498
vn -0.9804 -0.1392 0.1392
vn -0.9804 -0.1093 0.1636
vn -0.9804 0.1930 -0.0384
vn -0.9804 0.1818 -0.0753
vn -0.9804 -0.1818 -0.0753
vn -0.9804 -0.1636 0.1093
vn -0.9804 0.1968 -0.0000
vn -0.9804 -0.1636 -0.1093
vn -0.9804 -0.1818 0.0753
vn -0.9804 0.1930 0.0384
vn -0.9804 -0.1392 -0.1392
vn -0.9804 -0.1930 0.0384
vn -0.9804 0.1818 0.0753
vn -0.9804 -0.1093 -0.1636
vn -0.9804 0.1636 0.1093
vn -0.9804 -0.0753 -0.1818
vn -0.9804 0.1392 0.1392
vn -0.9804 -0.0384 -0.1930
vn -0.9804 0.1093 0.1636
vn -0.9804 -0.0000 -0.1968
vn -0.9804 0.0753 0.1818
vn -0.9804 0.0384 -0.1930
vn -0.9804 0.0384 0.1930
vn -0.9804 0.0753 -0.1818
vn -0.9804 -0.0000 0.1968
vn -0.9804 0.1093 -0.1636
vn -0.9804 -0.0384 0.1930
vn -0.9804 0.1392 -0.1392
vn -0.9804 -0.0753 0.1818
vn -0.9804 0.1636 -0.1093
vn -0.0808 -0.9208 0.3816
vn -0.1008 -0.9193 0.3805
vn -0.1002 -0.9759 0.1939
vn -0.0801 -0.9776 0.1946
vn -0.0777 -0.8290 -0.5538
vn -0.0980 -0.8274 -0.5531
vn -0.0976 -0.7036 -0.7038
vn -0.0772 -0.7051 -0.7049
vn -0.0813 -0.8286 0.5538
vn -0.1013 -0.8273 0.5526
vn -0.0818 -0.7047 0.7048
vn -0.1017 -0.7036 0.7033
vn -0.0822 -0.5536 0.8287
vn -0.1021 -0.5528 0.8271
vn -0.0825 -0.3813 0.9208
vn -0.1024 -0.3808 0.9190
vn 0.1933 -0.4777 0.8570
vn -0.0804 -0.8014 0.5927
vn -0.0826 0.3813 0.9207
vn -0.1024 0.3808 0.9190
vn -0.0743 0.8017 0.5931
vn 0.1936 0.4778 0.8569
vn -0.0822 0.5536 0.8287
vn -0.1021 0.5528 0.8271
vn -0.0818 0.7047 0.7048
vn -0.1018 0.7035 0.7033
vn -0.0813 0.8286 0.5538
vn -0.1013 0.8273 0.5526
vn -0.0808 0.9208 0.3816
vn -0.1008 0.9193 0.3805
vn -0.0802 0.9776 0.1946
vn -0.1002 0.9759 0.1939
vn -0.0795 0.9968 0.0002
vn -0.0996 0.9950 -0.0002
vn -0.0789 0.9778 -0.1943
vn -0.0991 0.9759 -0.1943
vn -0.0783 0.9211 -0.3814
vn -0.0985 0.9193 -0.3810
vn -0.0777 0.8290 -0.5538
vn -0.0980 0.8274 -0.5531
vn -0.0772 0.7051 -0.7049
vn -0.0976 0.7036 -0.7038
vn -0.0769 0.5540 -0.8290
vn -0.0972 0.5528 -0.8276
vn -0.0766 0.3816 -0.9211
vn -0.0969 0.3808 -0.9196
vn -0.0764 0.1946 -0.9779
vn -0.0968 0.1941 -0.9762
vn -0.0763 -0.0000 -0.9971
vn -0.0967 -0.0000 -0.9953
vn -0.0764 -0.1946 -0.9779
vn -0.0968 -0.1941 -0.9762
vn -0.0766 -0.3816 -0.9211
vn -0.0969 -0.3808 -0.9196
vn -0.0769 -0.5540 -0.8290
vn -0.0972 -0.5528 -0.8276
vn -0.0985 -0.9193 -0.3810
vn -0.0783 -0.9211 -0.3814
vn -0.0768 -0.5540 -0.8290
vn -0.0765 -0.3816 -0.9211
vn -0.0308 -0.3825 -0.9234
vn -0.0309 -0.5553 -0.8311
vn -0.0314 0.8311 0.5553
vn -0.0313 0.9234 0.3825
vn -0.0802 -0.9776 0.1946
vn -0.0312 -0.9995 -0.0000
vn -0.0312 -0.9803 0.1950
vn -0.0309 -0.7068 -0.7068
vn -0.0312 0.9803 0.1950
vn -0.0313 -0.9234 0.3825
vn -0.0310 -0.8311 -0.5553
vn -0.0312 0.9995 -0.0000
vn -0.0314 -0.8311 0.5553
vn -0.0310 -0.9234 -0.3825
vn -0.0311 0.9803 -0.1950
vn -0.0314 -0.7068 0.7068
vn -0.0311 -0.9803 -0.1950
vn -0.0310 0.9234 -0.3825
vn -0.0315 -0.5553 0.8311
vn -0.0310 0.8311 -0.5553
vn -0.0315 -0.3825 0.9234
vn -0.0309 0.7068 -0.7068
vn 0.1934 -0.4777 0.8570
vn -0.0316 -0.1948 0.9803
vn -0.0768 0.5540 -0.8290
vn -0.0309 0.5553 -0.8311
vn 0.6643 -0.0000 0.7475
vn -0.0318 -0.0001 0.9995
vn -0.0765 0.3816 -0.9211
vn -0.0308 0.3825 -0.9234
vn -0.0315 0.1949 0.9803
vn -0.0763 0.1946 -0.9779
vn -0.0308 0.1950 -0.9803
vn -0.0825 0.3813 0.9208
vn -0.0315 0.3825 0.9234
vn -0.0308 -0.0000 -0.9995
vn -0.0315 0.5553 0.8311
vn -0.0763 -0.1946 -0.9779
vn -0.0308 -0.1950 -0.9803
vn -0.0314 0.7067 0.7068
vn 0.0662 -0.3819 -0.9219
vn 0.0661 0.9219 0.3818
vn 0.0661 -0.9978 -0.0000
vn 0.0661 -0.9786 0.1947
vn 0.0662 -0.7056 -0.7055
vn 0.0661 0.9786 0.1947
vn 0.0661 -0.9219 0.3819
vn 0.0662 -0.8297 -0.5543
vn 0.0661 0.9978 -0.0000
vn 0.0661 -0.8296 0.5544
vn 0.0661 0.9786 -0.1947
vn 0.0661 -0.9786 -0.1946
vn 0.0662 0.9219 -0.3819
vn 0.0661 -0.5544 0.8297
vn 0.0661 -0.3819 0.9219
vn 0.0660 0.1946 0.9786
vn 0.0661 0.3819 0.9219
vn 0.0661 0.5544 0.8297
vn 0.1142 0.7016 0.7034
vn 0.0485 0.6774 0.7340
vn 0.1053 0.7750 0.6231
vn 0.0979 0.7446 0.6603
vn 0.1935 0.4778 0.8569
vn 0.5581 0.5572 0.6149
vn -0.0981 -0.8274 -0.5530
vn -0.1014 -0.8273 0.5526
vn -0.1017 -0.7035 0.7033
vn -0.1024 -0.3807 0.9190
vn -0.0997 0.9950 -0.0002
vn -0.0986 0.9193 -0.3810
vn -0.0970 0.3808 -0.9196
vn -0.0968 -0.0000 -0.9953
vn -0.0970 -0.3808 -0.9196
vn -0.0997 -0.9950 -0.0002
vn 0.6642 -0.0000 0.7475
vn 0.6120 -0.0735 0.7874
vn 0.1903 -0.0519 0.9804
vn 0.1790 0.0474 0.9827
vn 0.2934 0.1018 0.9506
vn 0.0719 -0.1045 0.9919
vn 0.1275 -0.6801 0.7219
vn 0.2934 0.1018 0.9505
vn -0.6795 0.1106 0.7253
vn -0.4654 -0.5515 0.6923
vn -0.6831 -0.7248 -0.0890
vn -0.9849 -0.0000 -0.1730
vn -0.4653 -0.5515 0.6923
vn -0.6818 0.7262 -0.0888
vn -0.3845 0.6528 0.6527
vn -0.3844 0.6528 0.6528
vn -0.2026 0.6924 0.6924
vn -0.2026 0.8142 0.5440
vn -0.2026 -0.3747 -0.9047
vn -0.2026 -0.5440 -0.8142
vn -0.2026 0.9047 0.3747
vn -0.2026 -0.9793 -0.0000
vn -0.2026 -0.9604 0.1910
vn -0.2026 -0.6924 -0.6924
vn -0.2026 0.9604 0.1910
vn -0.2026 -0.9047 0.3747
vn -0.2026 -0.8142 -0.5440
vn -0.2026 0.9793 -0.0000
vn -0.2026 -0.8142 0.5440
vn -0.2026 -0.9047 -0.3747
vn -0.2026 0.9604 -0.1910
vn -0.2026 -0.6924 0.6924
vn -0.2026 -0.9604 -0.1910
vn -0.2026 0.9047 -0.3747
vn -0.2026 -0.5440 0.8142
vn -0.2026 0.8142 -0.5440
vn -0.2026 -0.3747 0.9047
vn -0.2026 0.6924 -0.6924
vn -0.2026 -0.1910 0.9604
vn -0.2026 0.5440 -0.8142
vn -0.2026 -0.0000 0.9793
vn -0.2026 0.3747 -0.9047
vn -0.2026 0.1910 0.9604
vn -0.2026 0.1910 -0.9604
vn -0.2026 0.3747 0.9047
vn -0.2026 -0.0000 -0.9793
vn -0.2026 0.5440 0.8142
vn -0.2026 -0.1910 -0.9604
vn -0.9995 -0.0125 -0.0303
vn -0.1963 -0.3752 -0.9059
vn -0.1963 -0.1913 -0.9617
vn -0.9995 0.0182 0.0273
vn -0.1963 0.6933 0.6933
vn -0.1963 0.5448 0.8153
vn -0.1963 -0.0000 -0.9805
vn -0.9995 0.0125 0.0303
vn -0.1963 0.3752 0.9059
vn -0.1963 0.1913 -0.9617
vn -0.9995 0.0063 0.0322
vn -0.1963 0.1913 0.9617
vn -0.1963 0.3752 -0.9059
vn -0.1963 -0.0000 0.9805
vn -0.9995 0.0183 -0.0272
vn -0.1963 0.5448 -0.8153
vn -0.1963 -0.1913 0.9617
vn -0.1963 0.6933 -0.6933
vn -0.9995 -0.0126 0.0303
vn -0.1963 -0.3752 0.9059
vn -0.9995 0.0273 -0.0182
vn -0.1963 0.8153 -0.5448
vn -0.9995 -0.0183 0.0272
vn -0.1963 -0.5448 0.8153
vn -0.9995 0.0303 -0.0125
vn -0.1963 0.9059 -0.3752
vn -0.9995 -0.0328 -0.0001
vn -0.1963 -0.9805 -0.0000
vn -0.1963 -0.9617 -0.1913
vn -0.1963 -0.6933 0.6933
vn -0.1963 0.9617 -0.1913
vn -0.1963 -0.9059 -0.3752
vn -0.9995 -0.0273 0.0182
vn -0.1963 -0.8153 0.5448
vn -0.1963 0.9805 -0.0000
vn -0.9995 -0.0272 -0.0183
vn -0.1963 -0.8153 -0.5448
vn -0.9995 -0.0303 0.0125
vn -0.1963 -0.9059 0.3752
vn -0.1963 0.9617 0.1913
vn -0.1963 -0.6933 -0.6933
vn -0.1963 -0.9617 0.1913
vn -0.9995 0.0303 0.0126
vn -0.1963 0.9059 0.3752
vn -0.9995 -0.0181 -0.0273
vn -0.1963 -0.5448 -0.8153
vn -0.9995 0.0272 0.0183
vn -0.1963 0.8153 0.5448
vn -0.1031 -0.9755 0.1943
vn -0.1034 -0.9188 0.3809
vn -0.4485 -0.8258 0.3420
vn -0.4482 -0.8768 0.1743
vn -0.8133 0.4114 -0.4115
vn -0.9440 -0.1262 0.3048
vn -0.8133 -0.4115 -0.4114
vn -0.8133 -0.4114 0.4115
vn -0.8133 0.4115 0.4114
vn -0.0985 -0.0000 0.9951
vn -0.0985 0.1941 0.9760
vn -0.1043 0.1940 0.9755
vn -0.1043 -0.0000 0.9945
vn 0.0661 0.8297 -0.5544
vn 0.0661 0.7056 -0.7056
vn -0.0984 0.9760 -0.1940
vn -0.0984 0.9194 -0.3807
vn -0.1023 0.9191 -0.3805
vn -0.1025 0.9757 -0.1938
vn -0.0984 -0.3809 -0.9194
vn -0.0984 -0.5529 -0.8274
vn -0.1016 -0.5528 -0.8271
vn -0.1014 -0.3808 -0.9191
vn -0.0985 -0.7036 0.7037
vn -0.0985 -0.5528 0.8275
vn -0.1040 -0.5524 0.8270
vn -0.1038 -0.7032 0.7034
vn -0.0985 0.8274 0.5529
vn -0.0985 0.9194 0.3809
vn -0.1034 0.9188 0.3808
vn -0.1036 0.8269 0.5528
vn -0.0984 0.3809 -0.9194
vn -0.0730 0.8013 -0.5938
vn -0.0760 0.8031 -0.5909
vn -0.1015 0.3808 -0.9191
vn -0.0985 -0.9951 0.0001
vn -0.0985 -0.9760 0.1942
vn -0.1028 -0.9947 0.0003
vn -0.0985 0.3808 0.9194
vn -0.1042 0.3805 0.9189
vn -0.0984 0.8275 -0.5528
vn -0.1020 0.8272 -0.5525
vn -0.0984 -0.7037 -0.7036
vn -0.1018 -0.7036 -0.7033
vn -0.0985 -0.3808 0.9194
vn -0.1042 -0.3805 0.9189
vn -0.0985 0.9760 0.1942
vn -0.1031 0.9755 0.1943
vn -0.0795 -0.9968 -0.0002
vn -0.0789 -0.9778 0.1943
vn -0.0991 -0.9759 0.1943
vn -0.0997 -0.9950 0.0002
vn -0.0985 -0.9194 0.3809
vn -0.0985 0.5528 0.8275
vn -0.1040 0.5524 0.8270
vn -0.0984 0.7037 -0.7036
vn -0.1018 0.7036 -0.7033
vn -0.0984 -0.8275 -0.5528
vn -0.1020 -0.8273 -0.5525
vn -0.0985 -0.1941 0.9760
vn -0.1042 -0.1940 0.9755
vn -0.0985 0.9951 0.0001
vn -0.1028 0.9947 0.0003
vn -0.6772 -0.4685 -0.5673
vn 0.1275 -0.6802 -0.7219
vn 0.1141 -0.7246 -0.6797
vn -0.0758 -0.8031 -0.5910
vn -0.0985 -0.8274 0.5529
vn -0.1036 -0.8269 0.5528
vn -0.0985 0.7036 0.7037
vn -0.1039 0.7032 0.7034
vn -0.0984 0.5529 -0.8274
vn -0.1016 0.5528 -0.8271
vn -0.0985 -0.9194 -0.3807
vn -0.1022 -0.9191 -0.3805
vn -0.0732 -0.8013 -0.5938
vn -0.0985 -0.9760 -0.1940
vn -0.1025 -0.9757 -0.1938
vn 0.0662 -0.3818 0.9218
vn 0.0663 -0.1947 0.9786
vn 0.0661 0.5544 -0.8297
vn 0.0663 -0.0000 0.9978
vn 0.0661 0.3818 -0.9219
vn 0.0662 0.1947 0.9786
vn 0.0661 0.1946 -0.9786
vn 0.0662 0.3818 0.9218
vn 0.0661 -0.0000 -0.9978
vn 0.0662 0.5543 0.8296
vn 0.0661 -0.1946 -0.9786
vn 0.0662 0.7056 0.7056
vn 0.0661 -0.3818 -0.9219
vn 0.0662 0.8296 0.5544
vn 0.0661 -0.5543 -0.8297
vn 0.0662 0.9219 0.3818
vn 0.0661 -0.7056 -0.7056
vn 0.0661 -0.8297 -0.5544
vn 0.0662 -0.9219 -0.3819
vn 0.0662 -0.7056 0.7056
vn 0.0662 -0.5544 0.8296
vn 0.9846 -0.0971 -0.1452
vn 0.9846 0.0001 0.1746
vn 0.9847 0.1711 -0.0341
vn 0.9847 0.0341 0.1712
vn 0.9847 -0.0341 -0.1711
vn -0.4480 -0.8941 -0.0001
vn -0.4477 -0.8770 -0.1745
vn -0.4489 -0.6319 0.6318
vn -0.4487 -0.7431 0.4965
vn -0.4491 -0.4964 0.7429
vn -0.4492 -0.3419 0.8254
vn -0.4492 -0.1743 0.8762
vn -0.4493 -0.0000 0.8934
vn -0.4492 0.1743 0.8762
vn -0.4492 0.3419 0.8254
vn -0.4490 0.4964 0.7429
vn -0.4489 0.6319 0.6318
vn -0.4487 0.7431 0.4965
vn -0.4484 0.8258 0.3420
vn -0.4482 0.8768 0.1743
vn -0.4479 0.8941 -0.0001
vn -0.4477 0.8770 -0.1745
vn -0.4475 0.8262 -0.3423
vn -0.4472 0.7436 -0.4970
vn -0.4470 0.6325 -0.6326
vn -0.4469 0.4970 -0.7439
vn -0.4467 0.3424 -0.8266
vn -0.6772 0.4685 -0.5674
vn -0.4467 -0.3424 -0.8266
vn -0.4469 -0.4970 -0.7438
vn -0.4470 -0.6325 -0.6326
vn -0.4472 -0.7437 -0.4969
vn -0.4474 -0.8262 -0.3423
vn 0.5970 -0.7868 0.1565
vn 0.5970 0.7412 0.3070
vn -0.4483 -0.8767 0.1743
vn -0.4480 -0.8940 -0.0000
vn -0.4488 -0.7431 0.4965
vn -0.4490 -0.6318 0.6318
vn -0.4493 -0.3419 0.8254
vn -0.4493 -0.1743 0.8762
vn -0.4493 0.1743 0.8762
vn -0.4493 0.3419 0.8254
vn -0.4491 0.4964 0.7429
vn -0.4487 0.7431 0.4964
vn -0.4485 0.8258 0.3420
vn -0.4483 0.8767 0.1743
vn -0.4480 0.8940 -0.0001
vn -0.4478 0.8770 -0.1745
vn -0.4473 0.7436 -0.4969
vn -0.4471 0.6325 -0.6325
vn -0.4469 0.4969 -0.7438
vn -0.4468 0.3423 -0.8265
vn -0.6773 0.4684 -0.5674
vn -0.9676 -0.0000 -0.2523
vn -0.6773 -0.4685 -0.5673
vn -0.4468 -0.3424 -0.8265
vn -0.4471 -0.6325 -0.6325
vn -0.4473 -0.7437 -0.4969
vn -0.4475 -0.8262 -0.3423
vn -0.4478 -0.8770 -0.1745
vn -0.0745 -0.8015 -0.5933
vn 0.0237 -0.7836 -0.6208
vn 0.5056 -0.6031 -0.6170
vn 0.1934 -0.4777 -0.8570
vn 0.1292 -0.7253 -0.6761
vn -0.5871 0.5724 -0.5724
vn -0.2664 0.1880 0.9454
vn -0.2664 0.1880 -0.9454
vn -0.2664 -0.1880 -0.9454
vn -0.5871 -0.3098 -0.7479
vn -0.5871 -0.4498 -0.6731
vn -0.5871 0.7479 0.3098
vn -0.5871 -0.8096 -0.0000
vn -0.5871 -0.6731 0.4498
vn -0.2664 0.9454 -0.1880
vn -0.5871 0.7940 -0.1579
vn -0.5871 -0.5724 0.5724
vn -0.5871 -0.7940 -0.1579
vn -0.5871 0.6731 -0.4498
vn -0.9804 -0.1392 -0.1391
vn -0.9805 0.1818 0.0753
vn -0.9805 -0.1818 0.0753
vn -0.9805 0.1968 -0.0000
vn -0.9805 -0.1636 0.1093
vn -0.9804 -0.1391 0.1391
vn -0.9805 0.1636 -0.1093
vn -0.9804 0.1391 -0.1391
vn -0.9805 0.1093 -0.1636
vn -0.9805 0.0753 -0.1818
vn -0.9804 0.1391 0.1391
vn -0.9805 -0.0753 -0.1818
vn -0.9805 0.1636 0.1093
vn -0.0808 -0.9208 -0.3816
vn -0.0801 -0.9776 -0.1946
vn -0.1002 -0.9759 -0.1939
vn -0.1008 -0.9193 -0.3805
vn -0.0777 -0.8290 0.5538
vn -0.0772 -0.7051 0.7049
vn -0.0976 -0.7036 0.7038
vn -0.0980 -0.8274 0.5531
vn -0.0813 -0.8286 -0.5538
vn -0.1013 -0.8273 -0.5526
vn -0.0818 -0.7047 -0.7048
vn -0.1017 -0.7036 -0.7033
vn -0.0822 -0.5536 -0.8287
vn -0.1021 -0.5528 -0.8271
vn -0.0825 -0.3813 -0.9208
vn -0.1024 -0.3808 -0.9190
vn 0.1933 -0.4777 -0.8570
vn -0.0825 0.3813 -0.9208
vn 0.1935 0.4778 -0.8569
vn -0.0804 0.8015 -0.5926
vn -0.1023 0.3808 -0.9190
vn -0.0823 0.5536 -0.8287
vn -0.1021 0.5528 -0.8271
vn -0.0818 0.7047 -0.7048
vn -0.1017 0.7036 -0.7033
vn -0.0813 0.8286 -0.5538
vn -0.1013 0.8273 -0.5526
vn -0.0808 0.9208 -0.3816
vn -0.1008 0.9193 -0.3805
vn -0.0802 0.9776 -0.1946
vn -0.1002 0.9759 -0.1939
vn -0.0795 0.9968 -0.0002
vn -0.0996 0.9950 0.0002
vn -0.0789 0.9778 0.1943
vn -0.0991 0.9759 0.1943
vn -0.0783 0.9211 0.3814
vn -0.0985 0.9193 0.3810
vn -0.0777 0.8290 0.5538
vn -0.0980 0.8274 0.5531
vn -0.0772 0.7051 0.7049
vn -0.0976 0.7036 0.7038
vn -0.0769 0.5540 0.8290
vn -0.0972 0.5528 0.8276
vn -0.0766 0.3816 0.9211
vn -0.0969 0.3808 0.9196
vn -0.0764 0.1946 0.9779
vn -0.0968 0.1941 0.9762
vn -0.0763 -0.0000 0.9971
vn -0.0967 -0.0000 0.9953
vn -0.0764 -0.1946 0.9779
vn -0.0968 -0.1941 0.9762
vn -0.0766 -0.3816 0.9211
vn -0.0970 -0.3808 0.9196
vn -0.0769 -0.5540 0.8290
vn -0.0972 -0.5528 0.8276
vn -0.0783 -0.9211 0.3814
vn -0.0986 -0.9193 0.3810
vn -0.0768 -0.5540 0.8290
vn -0.0309 -0.5553 0.8311
vn -0.0308 -0.3825 0.9234
vn -0.0765 -0.3816 0.9211
vn -0.0313 0.9234 -0.3825
vn -0.0314 0.8311 -0.5553
vn -0.0802 -0.9776 -0.1946
vn -0.0312 -0.9803 -0.1950
vn -0.0309 -0.7068 0.7068
vn -0.0312 0.9803 -0.1950
vn -0.0313 -0.9234 -0.3825
vn -0.0310 -0.8311 0.5553
vn -0.0314 -0.8311 -0.5553
vn -0.0310 -0.9234 0.3825
vn -0.0311 0.9803 0.1950
vn -0.0314 -0.7068 -0.7068
vn -0.0311 -0.9803 0.1950
vn -0.0310 0.9234 0.3825
vn -0.0315 -0.5553 -0.8311
vn -0.0310 0.8311 0.5553
vn -0.0315 -0.3825 -0.9234
vn -0.0309 0.7068 0.7068
vn -0.0316 -0.1948 -0.9803
vn -0.0768 0.5540 0.8290
vn -0.0309 0.5553 0.8311
vn 0.6643 -0.0000 -0.7475
vn -0.0318 -0.0001 -0.9995
vn -0.0765 0.3816 0.9211
vn -0.0308 0.3825 0.9234
vn 0.1936 0.4778 -0.8569
vn -0.0315 0.1949 -0.9803
vn -0.0763 0.1946 0.9779
vn -0.0308 0.1950 0.9803
vn -0.0315 0.3825 -0.9234
vn -0.0308 -0.0000 0.9995
vn -0.0822 0.5536 -0.8287
vn -0.0315 0.5553 -0.8311
vn -0.0763 -0.1946 0.9779
vn -0.0308 -0.1950 0.9803
vn -0.0314 0.7067 -0.7068
vn 0.0662 -0.3818 0.9219
vn 0.0661 0.9219 -0.3818
vn 0.0661 0.8296 -0.5544
vn 0.0661 -0.9786 -0.1947
vn 0.0661 -0.9219 -0.3818
vn 0.0662 -0.8296 0.5543
vn 0.0661 -0.8296 -0.5544
vn 0.0661 -0.3819 -0.9219
vn 0.0662 0.7055 0.7056
vn 0.0660 -0.1946 -0.9786
vn 0.0662 0.5544 0.8296
vn 0.0662 0.3818 0.9219
vn 0.0660 0.1946 -0.9786
vn 0.0662 -0.0000 0.9978
vn 0.0662 -0.1947 0.9786
vn -0.0744 0.8017 -0.5931
vn 0.0484 0.6774 -0.7340
vn 0.1142 0.7016 -0.7034
vn 0.0979 0.7446 -0.6603
vn 0.1053 0.7750 -0.6231
vn 0.5581 0.5572 -0.6149
vn -0.0985 -0.9193 0.3810
vn -0.0981 -0.8274 0.5530
vn -0.1024 -0.3807 -0.9190
vn -0.1025 0.3807 -0.9190
vn -0.1018 0.7035 -0.7033
vn -0.1003 0.9759 -0.1939
vn -0.0997 0.9950 0.0002
vn -0.0986 0.9193 0.3810
vn -0.0970 0.3808 0.9196
vn -0.0968 -0.0000 0.9953
vn 0.6120 -0.0735 -0.7874
vn 0.6642 -0.0000 -0.7475
vn 0.1903 -0.0519 -0.9804
vn 0.1790 0.0474 -0.9827
vn 0.2934 0.1018 -0.9506
vn 0.0719 -0.1045 -0.9919
vn 0.1276 -0.6802 -0.7219
vn -0.4653 -0.5516 -0.6923
vn -0.6795 0.1105 -0.7253
vn 0.2934 0.1018 -0.9505
vn -0.9849 -0.0000 0.1730
vn -0.6831 -0.7249 0.0890
vn -0.6795 0.1106 -0.7253
vn -0.4654 -0.5515 -0.6923
vn -0.6818 0.7262 0.0888
vn -0.3844 0.6528 -0.6527
vn -0.9995 -0.0001 0.0328
vn -0.9995 0.0126 -0.0303
vn -0.9995 -0.0182 -0.0273
vn -0.9995 -0.0322 0.0063
vn -0.9995 0.0328 0.0001
vn -0.9995 -0.0303 -0.0126
vn -0.9995 0.0322 -0.0063
vn 0.1328 -0.4955 -0.8584
vn 0.1328 -0.4955 0.8584
vn -0.1268 -0.2196 0.9673
vn -0.2196 -0.1268 0.9673
vn 0.1793 -0.1793 0.9673
vn 0.1268 -0.2196 0.9673
vn 0.2196 0.1268 0.9673
vn -0.2195 0.1268 -0.9673
vn -0.1328 -0.4955 0.8584
vn -0.2196 -0.1267 -0.9673
vn -0.0000 0.7342 0.6789
vn 0.7092 -0.1900 0.6789
vn 0.7092 -0.1900 -0.6789
vn -0.7343 -0.4800 -0.4800
vn -0.7092 -0.6144 -0.3457
vn -0.9659 -0.1830 0.1830
vn -0.6359 -0.7396 -0.2204
vn -0.8660 -0.3536 0.3536
vn -0.5192 -0.8472 -0.1129
vn -0.7071 -0.5000 0.5000
vn -0.3671 -0.9297 -0.0304
vn -0.5000 -0.6124 0.6124
vn -0.1900 -0.9815 0.0215
vn -0.2588 -0.6830 0.6830
vn -0.0000 -0.9992 0.0392
vn -0.0000 -0.7071 0.7071
vn 0.1900 -0.9815 0.0215
vn 0.2588 -0.6830 0.6830
vn 0.3671 -0.9297 -0.0304
vn 0.5000 -0.6124 0.6124
vn 0.5192 -0.8472 -0.1129
vn 0.7071 -0.5000 0.5000
vn 0.6359 -0.7396 -0.2204
vn 0.8660 -0.3536 0.3535
vn 0.7092 -0.6144 -0.3456
vn 0.9659 -0.1830 0.1830
vn 0.7343 -0.4800 -0.4800
vn 0.7092 -0.3457 -0.6144
vn 0.9659 0.1830 -0.1830
vn 0.6359 -0.2204 -0.7396
vn 0.8660 0.3535 -0.3535
vn 0.5192 -0.1129 -0.8472
vn 0.7071 0.5000 -0.5000
vn 0.3671 -0.0304 -0.9297
vn 0.5000 0.6124 -0.6124
vn 0.1900 0.0215 -0.9815
vn 0.2588 0.6830 -0.6830
vn -0.0000 0.0392 -0.9992
vn -0.0000 0.7071 -0.7071
vn -0.1900 0.0215 -0.9815
vn -0.2588 0.6830 -0.6830
vn -0.3671 -0.0304 -0.9297
vn -0.5000 0.6124 -0.6124
vn -0.5192 -0.1129 -0.8472
vn -0.7071 0.5000 -0.5000
vn -0.6359 -0.2204 -0.7396
vn -0.8660 0.3535 -0.3535
vn -0.7092 -0.3457 -0.6144
vn -0.9659 0.1830 -0.1830
vn -0.7342 0.4801 0.4800
vn -0.7092 0.6145 0.3456
vn -0.6358 0.2205 0.7397
vn -0.7092 0.3457 0.6145
vn 0.1902 -0.0214 0.9815
vn -0.0000 -0.0391 0.9992
vn 0.7342 0.4801 0.4801
vn 0.7092 0.3457 0.6144
vn 0.1900 0.9815 -0.0214
vn 0.3671 0.9297 0.0305
vn -0.8660 0.3536 -0.3535
vn -0.6359 0.7396 0.2205
vn -0.5192 0.8471 0.1130
vn -0.1900 -0.0214 0.9816
vn -0.3671 0.0304 0.9297
vn 0.8660 -0.3536 0.3536
vn 0.6359 0.2205 0.7396
vn 0.5192 0.1130 0.8472
vn 0.8660 0.3535 -0.3536
vn 0.5193 0.8471 0.1130
vn 0.6359 0.7396 0.2205
vn -0.3670 0.9297 0.0304
vn -0.1901 0.9815 -0.0214
vn -0.5192 0.1130 0.8472
vn 0.3670 0.0304 0.9297
vn 0.7092 0.6145 0.3457
vn -0.0000 0.9992 -0.0391
vn 0.1900 0.6789 -0.7092
vn 0.5192 0.6789 -0.5191
vn 0.7091 0.6789 -0.1903
vn 0.7092 0.6789 0.1899
vn 0.6358 0.6789 0.3671
vn 0.5192 0.6789 0.5191
vn 0.3671 0.6789 0.6358
vn -0.1900 0.6789 0.7092
vn -0.3671 0.6789 0.6359
vn -0.6358 0.6789 0.3671
vn -0.7092 0.6789 -0.1901
vn -0.6359 0.6789 -0.3670
vn -0.3671 0.6789 -0.6358
vn -0.6149 0.6150 0.4936
vn -0.1268 -0.2196 -0.9673
vn -0.1267 0.2196 -0.9673
vn 0.2196 0.1267 -0.9673
vn -0.0000 -0.7343 -0.6789
vn -0.9659 -0.1830 -0.1830
vn -0.7092 -0.6144 0.3456
vn -0.7343 -0.4800 0.4800
vn -0.8660 -0.3536 -0.3536
vn -0.6359 -0.7396 0.2204
vn -0.7071 -0.5000 -0.5000
vn -0.5192 -0.8472 0.1129
vn -0.5000 -0.6124 -0.6124
vn -0.3671 -0.9297 0.0304
vn -0.2588 -0.6830 -0.6830
vn -0.1900 -0.9815 -0.0215
vn -0.0000 -0.7071 -0.7071
vn -0.0000 -0.9992 -0.0392
vn 0.2588 -0.6830 -0.6830
vn 0.1900 -0.9815 -0.0215
vn 0.5000 -0.6124 -0.6124
vn 0.3671 -0.9297 0.0304
vn 0.7071 -0.5000 -0.5000
vn 0.5192 -0.8472 0.1129
vn 0.8660 -0.3536 -0.3536
vn 0.6359 -0.7396 0.2204
vn 0.9659 -0.1830 -0.1830
vn 0.7092 -0.6144 0.3457
vn 0.7342 -0.4800 0.4800
vn 0.9659 0.1830 0.1830
vn 0.7093 -0.3456 0.6144
vn 0.8660 0.3535 0.3535
vn 0.6359 -0.2204 0.7396
vn 0.7071 0.5000 0.5000
vn 0.5192 -0.1129 0.8472
vn 0.5000 0.6124 0.6124
vn 0.3671 -0.0304 0.9297
vn 0.2588 0.6830 0.6830
vn 0.1900 0.0215 0.9815
vn -0.0000 0.7071 0.7071
vn -0.0000 0.0392 0.9992
vn -0.2588 0.6830 0.6830
vn -0.1900 0.0215 0.9815
vn -0.5000 0.6124 0.6124
vn -0.3671 -0.0304 0.9297
vn -0.7071 0.5000 0.5000
vn -0.5192 -0.1129 0.8472
vn -0.8660 0.3536 0.3535
vn -0.6359 -0.2204 0.7396
vn -0.9659 0.1830 0.1830
vn -0.7092 -0.3456 0.6144
vn -0.7092 0.6145 -0.3457
vn -0.7342 0.4800 -0.4801
vn -0.7092 0.3458 -0.6144
vn -0.6359 0.2205 -0.7396
vn -0.0000 -0.0391 -0.9992
vn 0.1901 -0.0214 -0.9815
vn 0.7092 0.3457 -0.6145
vn 0.7342 0.4801 -0.4800
vn 0.3672 0.9296 -0.0305
vn 0.1902 0.9815 0.0214
vn -0.5193 0.8471 -0.1130
vn -0.6359 0.7396 -0.2205
vn -0.8660 0.3536 0.3536
vn -0.3671 0.0304 -0.9297
vn -0.1899 -0.0214 -0.9816
vn 0.5191 0.1129 -0.8472
vn 0.6359 0.2205 -0.7396
vn 0.8660 0.3536 0.3535
vn 0.6358 0.7397 -0.2205
vn 0.5191 0.8472 -0.1129
vn -0.1901 0.9815 0.0214
vn -0.3671 0.9297 -0.0304
vn -0.5191 0.1129 -0.8472
vn 0.3671 0.0305 -0.9297
vn 0.7092 0.6144 -0.3457
vn -0.0000 0.9992 0.0391
vn 0.6359 0.6789 0.3670
vn 0.7092 0.6789 -0.1899
vn 0.6358 0.6789 -0.3671
vn 0.1899 0.6789 -0.7092
vn -0.1900 0.6789 -0.7092
vn -0.3670 0.6789 -0.6359
vn -0.5192 0.6789 -0.5192
vn -0.6358 0.6789 -0.3671
vn -0.7092 0.6789 0.1902
vn -0.6358 0.6789 0.3672
vn -0.3672 0.6789 0.6358
vn -0.9870 -0.1587 -0.0272
vn -0.9823 0.1858 -0.0233
vn -0.9738 0.1836 -0.1338
vn -0.9783 -0.1558 -0.1363
vn -0.8102 0.2267 -0.5406
vn -0.8131 -0.1955 -0.5483
vn 0.0674 0.9971 -0.0364
vn 0.2132 0.9742 -0.0738
vn 0.1881 0.9793 -0.0745
vn 0.0597 0.9975 -0.0388
vn -0.7860 -0.6177 -0.0277
vn -0.9884 -0.1515 -0.0073
vn -0.7712 -0.6347 -0.0490
vn -0.3291 -0.2529 -0.9098
vn -0.3322 0.2920 -0.8969
vn 0.0239 0.3230 -0.9461
vn 0.0282 -0.2802 -0.9595
vn -0.4102 0.9119 -0.0135
vn -0.3668 0.9302 -0.0162
vn -0.7915 0.6112 -0.0055
vn -0.8238 0.5669 -0.0028
vn -0.7552 0.6548 -0.0306
vn -0.7312 0.6700 -0.1282
vn -0.6715 0.6324 -0.3862
vn 0.1690 -0.2733 -0.9470
vn 0.1670 0.3159 -0.9340
vn 0.1862 0.3105 -0.9322
vn 0.1879 -0.2683 -0.9448
vn -0.7468 -0.6484 -0.1477
vn -0.6848 -0.5963 -0.4189
vn -0.4081 -0.9120 -0.0405
vn -0.8353 -0.5495 -0.0188
vn -0.8054 -0.5923 -0.0227
vn -0.3637 -0.9305 -0.0438
vn 0.2266 0.2949 -0.9283
vn 0.2278 -0.2525 -0.9404
vn 0.1579 0.3196 -0.9343
vn 0.1601 -0.2769 -0.9475
vn 0.1009 -0.7930 -0.6008
vn 0.1091 -0.7891 -0.6046
vn 0.3593 0.3985 -0.8439
vn 0.3657 -0.3523 -0.8615
vn 0.0928 0.8277 -0.5535
vn 0.1011 0.8239 -0.5577
vn 0.1172 0.8188 -0.5620
vn 0.1453 0.8093 -0.5691
vn 0.1886 0.8009 -0.5683
vn 0.7969 -0.5391 -0.2727
vn 0.7830 0.5682 -0.2530
vn 0.7938 0.5519 -0.2554
vn 0.8084 -0.5206 -0.2747
vn 0.1536 -0.7732 -0.6152
vn 0.2019 -0.7631 -0.6140
vn 0.1256 -0.7834 -0.6087
vn -0.1103 -0.9926 -0.0504
vn -0.0931 -0.9943 -0.0527
vn 0.0104 0.9996 -0.0268
vn 0.0227 0.9993 -0.0286
vn 0.0209 0.9993 -0.0310
vn 0.0113 0.9995 -0.0300
vn -0.0023 -0.9967 -0.0817
vn -0.0726 -0.9943 -0.0778
vn -0.0497 -0.9803 -0.1912
vn 0.0173 -0.9805 -0.1956
vn -0.3157 -0.9463 -0.0691
vn -0.2748 -0.9457 -0.1739
vn 0.0164 -0.9978 -0.0638
vn 0.0085 -0.9980 -0.0621
vn 0.0127 -0.9964 -0.0836
vn 0.0196 -0.9962 -0.0850
vn -0.0078 -0.9981 -0.0604
vn -0.0826 -0.9950 -0.0568
vn -0.3366 -0.9404 -0.0483
vn -0.9925 -0.1224 -0.0010
vn -0.9902 -0.1399 -0.0034
vn -0.2743 -0.7609 -0.5880
vn -0.0037 -0.7974 -0.6035
vn 0.0819 -0.7961 -0.5996
vn 0.0324 -0.9796 -0.1982
vn -0.9841 0.1773 -0.0033
vn 0.0348 0.9989 -0.0304
vn 0.0292 0.9990 -0.0345
vn 0.0121 0.9996 -0.0260
vn 0.0358 0.9989 -0.0297
vn 0.0359 0.9989 -0.0292
vn 0.0115 0.9996 -0.0244
vn 0.0147 0.9984 -0.0546
vn 0.0282 0.9980 -0.0564
vn 0.0481 0.9832 -0.1759
vn 0.0343 0.9844 -0.1727
vn 0.0592 0.9962 -0.0639
vn 0.0745 0.9814 -0.1771
vn 0.0122 -0.9984 -0.0546
vn -0.0001 -0.9986 -0.0526
vn -0.0000 -0.9986 -0.0533
vn 0.0118 -0.9985 -0.0532
vn -0.0121 0.9995 -0.0306
vn 0.0042 0.9995 -0.0319
vn 0.0080 0.9985 -0.0537
vn -0.0072 0.9986 -0.0521
vn 0.0120 0.9994 -0.0332
vn 0.1823 0.9763 -0.1171
vn 0.2083 0.9249 -0.3180
vn 0.0277 0.9851 -0.1698
vn 0.0044 -0.9984 -0.0559
vn 0.0067 -0.9983 -0.0579
vn 0.0150 -0.9981 -0.0606
vn 0.0131 -0.9983 -0.0573
vn 0.8037 0.5393 -0.2514
vn 0.8183 -0.5076 -0.2696
vn 0.8369 0.4839 -0.2557
vn 0.8441 -0.4630 -0.2702
vn 0.0018 0.9997 -0.0257
vn 0.0030 0.9996 -0.0279
vn 0.2160 -0.9699 -0.1127
vn 0.7799 -0.5535 -0.2922
vn 0.2422 -0.9638 -0.1115
vn 0.0890 -0.9937 -0.0683
vn 0.0364 -0.9976 -0.0583
vn 0.0363 -0.9976 -0.0586
vn 0.0821 -0.9943 -0.0686
vn 0.2393 0.9675 -0.0813
vn 0.2580 0.9624 -0.0848
vn 0.2886 0.9531 -0.0907
vn 0.5889 -0.4911 -0.6419
vn 0.5781 0.5233 -0.6260
vn 0.7263 0.5703 -0.3837
vn 0.7375 -0.5431 -0.4013
vn 0.2889 -0.9496 -0.1217
vn 0.3232 -0.9377 -0.1274
vn 0.2694 -0.9556 -0.1191
vn 0.7671 0.5806 -0.2728
vn 0.2331 -0.8997 -0.3690
vn 0.2098 -0.9648 -0.1586
vn 0.0891 0.9952 -0.0394
vn 0.0817 0.9959 -0.0389
vn 0.0106 0.9996 -0.0267
vn 0.0242 0.9993 -0.0287
vn 0.0384 0.9988 -0.0309
vn 0.0759 0.9964 -0.0383
vn -0.0263 -0.9984 -0.0510
vn -0.1449 -0.9883 -0.0470
vn -0.1447 -0.9883 -0.0476
vn -0.0262 -0.9983 -0.0516
vn -0.0253 0.9994 -0.0237
vn -0.0000 0.9997 -0.0252
vn 0.0006 0.9997 -0.0256
vn -0.0229 0.9994 -0.0241
vn 0.0110 0.9996 -0.0251
vn 0.0243 0.9994 -0.0259
vn -0.0149 0.9995 -0.0266
vn -0.0188 0.9995 -0.0242
vn -0.4873 -0.8725 -0.0359
vn -0.4878 -0.8722 -0.0363
vn -0.9938 0.1113 0.0025
vn -0.9936 0.1131 0.0025
vn -0.9954 -0.0955 -0.0001
vn -0.9954 -0.0957 -0.0000
vn -0.0214 -0.9983 -0.0538
vn -0.1282 -0.9905 -0.0498
vn -0.0161 -0.9984 -0.0542
vn -0.4513 -0.8915 -0.0390
vn 0.0117 -0.9984 -0.0547
vn 0.0007 -0.9985 -0.0548
vn 0.0020 -0.9985 -0.0555
vn 0.0121 -0.9983 -0.0569
vn -0.0245 -0.9983 -0.0532
vn -0.1392 -0.9891 -0.0489
vn -0.4763 -0.8785 -0.0376
vn -0.8740 0.4859 -0.0014
vn -0.4898 0.8718 -0.0113
vn -0.4882 0.8726 -0.0115
vn -0.8728 0.4881 -0.0015
vn -0.8799 -0.4749 -0.0146
vn -0.8811 -0.4728 -0.0147
vn -0.8614 -0.5076 -0.0168
vn -0.0263 0.9994 -0.0228
vn -0.0005 0.9997 -0.0243
vn -0.0003 0.9997 -0.0246
vn -0.0265 0.9994 -0.0231
vn -0.9942 -0.1071 -0.0004
vn -0.9920 0.1262 0.0025
vn -0.9896 0.1436 0.0024
vn -0.9951 -0.0991 -0.0001
vn -0.9931 0.1170 0.0025
vn -0.0112 -0.9983 -0.0563
vn -0.8665 0.4991 -0.0016
vn -0.4769 0.8789 -0.0119
vn -0.4524 0.8917 -0.0126
vn -0.8518 0.5238 -0.0020
vn -0.8751 -0.4836 -0.0155
vn 0.0399 -0.9973 -0.0615
vn 0.0772 -0.9946 -0.0691
vn 0.0257 -0.9979 -0.0591
vn 0.0253 -0.9979 -0.0592
vn 0.0375 -0.9974 -0.0612
vn 0.0334 -0.9973 -0.0654
vn 0.0636 -0.9955 -0.0701
vn 0.0700 -0.9953 -0.0673
vn 0.0252 -0.9981 -0.0558
vn -0.1455 0.9892 -0.0191
vn -0.1452 0.9892 -0.0193
vn 0.0245 -0.9978 -0.0619
vn -0.3401 0.9402 -0.0205
vn -0.0868 0.9959 -0.0273
vn -0.0771 0.9958 -0.0485
vn -0.3197 0.9466 -0.0412
vn -0.1300 0.9913 -0.0204
vn -0.1131 0.9934 -0.0209
vn -0.1401 0.9899 -0.0201
vn 0.0330 -0.9957 -0.0870
vn 0.0640 -0.9934 -0.0956
vn -0.9864 0.1643 0.0004
vn -0.0968 0.9950 -0.0232
vn -0.0545 0.9851 -0.1632
vn -0.2797 0.9488 -0.1468
vn 0.0128 0.9858 -0.1674
vn 0.0738 0.8306 -0.5520
vn -0.0107 0.8317 -0.5551
vn -0.2764 0.7941 -0.5412
vn -0.7707 0.6372 -0.0098
vn 0.0528 -0.9774 -0.2048
vn 0.0789 -0.9752 -0.2066
vn 0.0391 -0.9787 -0.2013
vn 0.1343 0.3227 -0.9369
vn 0.1370 -0.2800 -0.9502
vn -0.9842 0.1772 -0.0033
vn -0.7707 0.6371 -0.0098
vn -0.8053 -0.5924 -0.0227
vn -0.0111 -0.9983 -0.0564
vn -0.0931 -0.9943 -0.0528
vn -0.0827 -0.9950 -0.0568
vn 0.0067 -0.9983 -0.0580
vn 0.0085 -0.9980 -0.0620
vn 0.0115 0.9996 -0.0243
vn 0.0358 0.9989 -0.0291
vn 0.0110 0.9996 -0.0250
vn 0.0226 0.9993 -0.0286
vn -0.0003 0.9997 -0.0247
vn -0.0001 0.9997 -0.0252
vn -0.0261 -0.9983 -0.0517
vn -0.1446 -0.9883 -0.0476
vn -0.1393 -0.9890 -0.0489
vn -0.0245 -0.9983 -0.0531
vn -0.8810 -0.4728 -0.0147
vn -0.0000 -0.9986 -0.0534
vn 0.0006 -0.9985 -0.0546
vn -0.9954 -0.0959 -0.0000
vn -0.9936 0.1132 0.0025
vn -0.9931 0.1171 0.0025
vn -0.9951 -0.0992 -0.0001
vn -0.8665 0.4992 -0.0016
vn -0.8728 0.4881 -0.0014
vn 0.0254 -0.9979 -0.0592
vn 0.0374 -0.9974 -0.0612
vn -0.1451 0.9892 -0.0194
vn -0.1401 0.9899 -0.0200
vn -0.4770 0.8788 -0.0120
vn -0.3668 0.9302 -0.0163
vn -0.0968 0.9950 -0.0233
vn -0.0868 0.9958 -0.0273
vn -0.0148 0.9995 -0.0266
vn 0.0150 -0.9980 -0.0606
vn 0.0163 -0.9978 -0.0637
vn 0.0333 -0.9973 -0.0654
vn -0.9870 -0.1587 0.0271
vn -0.9783 -0.1558 0.1363
vn -0.9739 0.1836 0.1338
vn -0.9823 0.1858 0.0233
vn -0.8131 -0.1955 0.5483
vn -0.8102 0.2266 0.5406
vn 0.0672 0.9971 0.0364
vn 0.0597 0.9975 0.0388
vn 0.1881 0.9793 0.0745
vn 0.2132 0.9742 0.0738
vn -0.7860 -0.6176 0.0277
vn -0.7712 -0.6346 0.0490
vn -0.9884 -0.1514 0.0073
vn -0.3291 -0.2528 0.9098
vn 0.0280 -0.2798 0.9597
vn 0.0238 0.3230 0.9461
vn -0.3322 0.2920 0.8969
vn -0.4102 0.9119 0.0137
vn -0.8238 0.5669 0.0028
vn -0.7915 0.6112 0.0056
vn -0.3668 0.9302 0.0162
vn -0.7313 0.6699 0.1282
vn -0.7553 0.6547 0.0306
vn -0.6715 0.6324 0.3862
vn 0.1690 -0.2733 0.9470
vn 0.1880 -0.2684 0.9448
vn 0.1862 0.3105 0.9322
vn 0.1670 0.3158 0.9340
vn -0.7469 -0.6483 0.1478
vn -0.6848 -0.5963 0.4189
vn -0.4087 -0.9118 0.0405
vn -0.3637 -0.9305 0.0438
vn -0.8053 -0.5924 0.0227
vn -0.8354 -0.5494 0.0188
vn 0.2278 -0.2525 0.9404
vn 0.2266 0.2949 0.9283
vn 0.1579 0.3196 0.9343
vn 0.1601 -0.2769 0.9475
vn 0.1009 -0.7930 0.6008
vn 0.1091 -0.7890 0.6046
vn 0.3657 -0.3523 0.8615
vn 0.3593 0.3984 0.8439
vn 0.1011 0.8238 0.5577
vn 0.0929 0.8275 0.5538
vn 0.1172 0.8188 0.5620
vn 0.1453 0.8093 0.5691
vn 0.1886 0.8009 0.5683
vn 0.7969 -0.5391 0.2726
vn 0.8084 -0.5206 0.2747
vn 0.7940 0.5516 0.2554
vn 0.7829 0.5683 0.2530
vn 0.1536 -0.7732 0.6152
vn 0.2019 -0.7631 0.6139
vn 0.1256 -0.7834 0.6087
vn -0.1105 -0.9926 0.0504
vn -0.0931 -0.9943 0.0527
vn 0.0104 0.9996 0.0268
vn 0.0113 0.9995 0.0300
vn 0.0209 0.9993 0.0310
vn 0.0227 0.9993 0.0286
vn -0.0023 -0.9967 0.0817
vn 0.0174 -0.9805 0.1956
vn -0.0497 -0.9803 0.1912
vn -0.0724 -0.9943 0.0777
vn -0.2748 -0.9456 0.1739
vn -0.3157 -0.9463 0.0691
vn 0.0164 -0.9978 0.0638
vn 0.0196 -0.9962 0.0850
vn 0.0127 -0.9964 0.0836
vn 0.0085 -0.9980 0.0621
vn -0.0078 -0.9981 0.0604
vn -0.0826 -0.9950 0.0568
vn -0.3367 -0.9404 0.0483
vn -0.9902 -0.1400 0.0034
vn -0.9925 -0.1223 0.0010
vn -0.2743 -0.7609 0.5880
vn -0.0037 -0.7974 0.6034
vn 0.0816 -0.7962 0.5994
vn 0.0323 -0.9796 0.1985
vn -0.9841 0.1774 0.0034
vn 0.0348 0.9989 0.0304
vn 0.0292 0.9990 0.0345
vn 0.0118 0.9996 0.0262
vn 0.0115 0.9996 0.0243
vn 0.0359 0.9989 0.0292
vn 0.0358 0.9989 0.0297
vn 0.0147 0.9984 0.0546
vn 0.0343 0.9844 0.1727
vn 0.0481 0.9833 0.1757
vn 0.0282 0.9980 0.0564
vn 0.0744 0.9814 0.1772
vn 0.0591 0.9962 0.0639
vn 0.0122 -0.9984 0.0546
vn 0.0118 -0.9985 0.0532
vn -0.0001 -0.9986 0.0531
vn -0.0001 -0.9986 0.0526
vn -0.0121 0.9995 0.0306
vn -0.0072 0.9986 0.0521
vn 0.0080 0.9985 0.0537
vn 0.0042 0.9995 0.0320
vn 0.0120 0.9994 0.0332
vn 0.1822 0.9763 0.1171
vn 0.2083 0.9249 0.3180
vn 0.0277 0.9851 0.1698
vn 0.0044 -0.9984 0.0559
vn 0.0131 -0.9983 0.0573
vn 0.0150 -0.9981 0.0605
vn 0.0067 -0.9983 0.0580
vn 0.8183 -0.5076 0.2696
vn 0.8037 0.5394 0.2513
vn 0.8442 -0.4630 0.2702
vn 0.8369 0.4840 0.2557
vn 0.0018 0.9997 0.0257
vn 0.0030 0.9996 0.0279
vn 0.2160 -0.9699 0.1127
vn 0.2423 -0.9638 0.1115
vn 0.7799 -0.5535 0.2922
vn 0.0890 -0.9937 0.0683
vn 0.0822 -0.9943 0.0686
vn 0.0363 -0.9976 0.0586
vn 0.0364 -0.9976 0.0583
vn 0.2393 0.9675 0.0813
vn 0.2580 0.9624 0.0848
vn 0.2886 0.9531 0.0907
vn 0.5889 -0.4911 0.6419
vn 0.7375 -0.5431 0.4013
vn 0.7263 0.5703 0.3837
vn 0.5782 0.5232 0.6260
vn 0.2889 -0.9496 0.1217
vn 0.3233 -0.9377 0.1275
vn 0.2694 -0.9556 0.1191
vn 0.7671 0.5806 0.2728
vn 0.2331 -0.8997 0.3690
vn 0.2098 -0.9648 0.1586
vn 0.0817 0.9959 0.0389
vn 0.0890 0.9953 0.0395
vn 0.0106 0.9996 0.0267
vn 0.0242 0.9993 0.0287
vn 0.0384 0.9988 0.0309
vn 0.0759 0.9964 0.0383
vn -0.0261 -0.9984 0.0511
vn -0.0262 -0.9983 0.0516
vn -0.1447 -0.9883 0.0476
vn -0.1450 -0.9883 0.0470
vn -0.0252 0.9994 0.0238
vn -0.0229 0.9994 0.0241
vn 0.0006 0.9997 0.0256
vn 0.0001 0.9997 0.0256
vn 0.0110 0.9996 0.0250
vn 0.0243 0.9994 0.0259
vn -0.0188 0.9995 0.0242
vn -0.0149 0.9995 0.0266
vn -0.4878 -0.8722 0.0363
vn -0.4873 -0.8725 0.0359
vn -0.9938 0.1114 -0.0025
vn -0.9936 0.1132 -0.0025
vn -0.0214 -0.9983 0.0538
vn -0.0161 -0.9984 0.0542
vn -0.1282 -0.9905 0.0498
vn -0.4513 -0.8915 0.0390
vn 0.0117 -0.9984 0.0546
vn 0.0121 -0.9983 0.0569
vn 0.0020 -0.9985 0.0555
vn 0.0007 -0.9985 0.0547
vn -0.0245 -0.9983 0.0532
vn -0.1393 -0.9890 0.0489
vn -0.4763 -0.8785 0.0376
vn -0.8740 0.4858 0.0014
vn -0.8728 0.4880 0.0014
vn -0.4883 0.8726 0.0114
vn -0.4898 0.8718 0.0113
vn -0.8799 -0.4749 0.0146
vn -0.8810 -0.4728 0.0147
vn -0.8614 -0.5076 0.0168
vn -0.0265 0.9994 0.0229
vn -0.0265 0.9994 0.0231
vn -0.0003 0.9997 0.0247
vn -0.0005 0.9997 0.0243
vn -0.9943 -0.1070 0.0004
vn -0.9896 0.1436 -0.0024
vn -0.9920 0.1259 -0.0025
vn -0.9951 -0.0991 0.0001
vn -0.9931 0.1170 -0.0025
vn -0.0112 -0.9983 0.0564
vn -0.8665 0.4992 0.0016
vn -0.8518 0.5239 0.0020
vn -0.4525 0.8917 0.0126
vn -0.4770 0.8788 0.0120
vn -0.8751 -0.4836 0.0155
vn 0.0772 -0.9946 0.0690
vn 0.0399 -0.9973 0.0615
vn 0.0257 -0.9979 0.0591
vn 0.0253 -0.9979 0.0592
vn 0.0375 -0.9974 0.0612
vn 0.0701 -0.9953 0.0673
vn 0.0637 -0.9955 0.0701
vn 0.0334 -0.9973 0.0654
vn 0.0252 -0.9981 0.0558
vn -0.1451 0.9892 0.0194
vn -0.1455 0.9892 0.0191
vn 0.0245 -0.9978 0.0619
vn -0.3401 0.9402 0.0205
vn -0.3199 0.9466 0.0411
vn -0.0771 0.9958 0.0485
vn -0.0869 0.9958 0.0273
vn -0.1130 0.9934 0.0208
vn -0.1300 0.9913 0.0204
vn -0.1401 0.9899 0.0200
vn 0.0639 -0.9934 0.0953
vn 0.0326 -0.9957 0.0866
vn -0.9864 0.1642 -0.0004
vn -0.0968 0.9950 0.0233
vn -0.2797 0.9488 0.1468
vn -0.0545 0.9851 0.1632
vn 0.0128 0.9858 0.1674
vn 0.0738 0.8306 0.5520
vn -0.0107 0.8316 0.5552
vn -0.2765 0.7941 0.5412
vn -0.7707 0.6372 0.0098
vn 0.0789 -0.9752 0.2066
vn 0.0528 -0.9774 0.2049
vn 0.0391 -0.9787 0.2013
vn 0.1369 -0.2797 0.9503
vn 0.1343 0.3226 0.9369
vn -0.9901 -0.1400 0.0034
vn -0.9884 -0.1515 0.0073
vn -0.9842 0.1773 0.0033
vn -0.7915 0.6111 0.0056
vn -0.8054 -0.5924 0.0227
vn -0.0931 -0.9943 0.0528
vn -0.3366 -0.9404 0.0483
vn 0.0085 -0.9980 0.0620
vn 0.0042 0.9995 0.0319
vn 0.0243 0.9994 0.0260
vn 0.0358 0.9989 0.0291
vn 0.0383 0.9988 0.0309
vn -0.0004 0.9997 0.0245
vn -0.0001 0.9997 0.0251
vn -0.0260 -0.9983 0.0517
vn -0.0246 -0.9983 0.0530
vn -0.1446 -0.9883 0.0476
vn -0.8752 -0.4836 0.0155
vn 0.0001 -0.9986 0.0535
vn 0.0006 -0.9985 0.0546
vn -0.9954 -0.0958 -0.0000
vn -0.9931 0.1170 -0.0026
vn -0.8728 0.4881 0.0014
vn 0.0117 -0.9984 0.0547
vn 0.0374 -0.9974 0.0612
vn -0.4769 0.8789 0.0120
vn -0.1401 0.9899 0.0199
vn -0.0253 0.9994 0.0237
vn -0.0264 0.9994 0.0231
vn -0.3668 0.9302 0.0163
vn -0.0148 0.9995 0.0266
vn 0.0163 -0.9978 0.0637
vn 0.0151 -0.9980 0.0606
vn -0.0656 0.2448 0.9674
vn 0.0656 0.2448 0.9674
vn -0.0000 0.2534 0.9674
vn -0.1267 0.2195 0.9674
vn 0.1267 0.2195 0.9674
vn -0.1792 0.1792 0.9674
vn 0.1792 0.1792 0.9674
vn -0.2195 0.1267 0.9674
vn 0.2195 0.1267 0.9674
vn -0.2448 0.0656 0.9674
vn 0.2448 0.0656 0.9674
vn -0.2534 -0.0000 0.9674
vn 0.2534 -0.0000 0.9674
vn -0.2448 -0.0656 0.9674
vn 0.2448 -0.0656 0.9674
vn -0.2195 -0.1267 0.9674
vn 0.2195 -0.1267 0.9674
vn -0.1792 -0.1792 0.9674
vn 0.1792 -0.1792 0.9674
vn -0.1267 -0.2195 0.9674
vn 0.1267 -0.2195 0.9674
vn -0.0656 -0.2448 0.9674
vn 0.0656 -0.2448 0.9674
vn -0.0000 -0.2534 0.9674
vn 0.0656 0.2448 -0.9674
vn -0.0656 0.2448 -0.9674
vn -0.0000 0.2534 -0.9674
vn 0.1267 0.2195 -0.9674
vn -0.1267 0.2195 -0.9674
vn 0.1792 0.1792 -0.9674
vn -0.1792 0.1792 -0.9674
vn 0.2195 0.1267 -0.9674
vn -0.2195 0.1267 -0.9674
vn 0.2448 0.0656 -0.9674
vn -0.2448 0.0656 -0.9674
vn 0.2534 -0.0000 -0.9674
vn -0.2534 -0.0000 -0.9674
vn 0.2448 -0.0656 -0.9674
vn -0.2448 -0.0656 -0.9674
vn 0.2195 -0.1267 -0.9674
vn -0.2195 -0.1267 -0.9674
vn 0.1792 -0.1792 -0.9674
vn -0.1792 -0.1792 -0.9674
vn 0.1267 -0.2195 -0.9674
vn -0.1267 -0.2195 -0.9674
vn 0.0656 -0.2448 -0.9674
vn -0.0656 -0.2448 -0.9674
vn -0.0000 -0.2534 -0.9674
vn -0.7093 0.6788 0.1900
vn -0.7093 0.6788 -0.1900
vn -0.7343 0.6789 0.0001
vn -0.6359 0.6789 0.3672
vn -0.3672 0.6789 -0.6359
vn -0.1900 0.6789 0.7093
vn 0.0001 0.6789 0.7343
vn -0.0001 0.6789 -0.7343
vn 0.1900 0.6789 -0.7093
vn 0.3672 0.6788 0.6359
vn 0.3671 0.6788 -0.6359
vn 0.6359 0.6789 -0.3672
vn 0.7093 0.6789 0.1900
vn 0.7093 0.6789 -0.1900
vn 0.7343 0.6789 -0.0001
vn -0.3456 0.6144 0.7093
vn -0.6144 0.3456 0.7092
vn -0.4800 0.4800 0.7343
vn -0.7396 0.2205 0.6359
vn -0.2204 0.7397 0.6359
vn -0.8471 0.1129 0.5192
vn -0.1129 0.8472 0.5192
vn -0.9296 0.0303 0.3672
vn -0.9815 -0.0215 0.1901
vn 0.0215 0.9816 0.1900
vn -0.9992 -0.0392 0.0001
vn 0.0392 0.9992 -0.0001
vn -0.9816 -0.0215 -0.1900
vn 0.0215 0.9815 -0.1901
vn -0.9297 0.0303 -0.3671
vn -0.0304 0.9297 -0.3672
vn -0.8472 0.1129 -0.5192
vn -0.1129 0.8471 -0.5192
vn -0.7397 0.2204 -0.6359
vn -0.2204 0.7396 -0.6359
vn -0.6144 0.3456 -0.7092
vn -0.3457 0.6144 -0.7093
vn -0.4801 0.4800 -0.7342
vn 0.2008 0.1587 -0.9667
vn 0.1640 0.1153 -0.9797
vn 0.1752 0.0676 -0.9822
vn 0.2637 0.2064 -0.9423
vn -0.0167 0.3727 -0.9278
vn -0.0366 0.3192 -0.9470
vn -0.0542 0.2991 -0.9527
vn -0.0541 0.2894 -0.9557
vn -0.0242 0.3730 -0.9275
vn -0.0052 0.3431 -0.9393
vn -0.0113 0.3605 -0.9327
vn -0.0058 0.3430 -0.9393
vn 0.0261 0.2592 -0.9655
vn 0.0292 0.2395 -0.9705
vn 0.0281 0.2306 -0.9726
vn -0.0199 0.3318 -0.9431
vn -0.0193 0.3324 -0.9430
vn -0.0203 0.3348 -0.9421
vn -0.0189 0.3353 -0.9419
vn -0.0435 0.3609 -0.9316
vn -0.0431 0.3602 -0.9319
vn -0.0384 0.3662 -0.9297
vn -0.0338 0.3689 -0.9289
vn -0.0483 0.1931 -0.9800
vn -0.0484 0.1930 -0.9800
vn -0.0706 0.2175 -0.9735
vn -0.0661 0.1497 -0.9865
vn -0.0504 0.1823 -0.9819
vn -0.0506 0.1440 -0.9883
vn -0.0508 0.1434 -0.9884
vn -0.0494 0.2923 -0.9550
vn -0.0484 0.2534 -0.9661
vn -0.0544 0.3510 -0.9348
vn -0.0484 0.2535 -0.9661
vn -0.0495 0.2924 -0.9550
vn -0.0586 0.3015 -0.9517
vn -0.0594 0.3078 -0.9496
vn -0.0598 0.3121 -0.9482
vn -0.0471 0.2141 -0.9757
vn -0.0495 0.2039 -0.9777
vn -0.0462 0.2498 -0.9672
vn -0.0509 0.1853 -0.9814
vn -0.0470 0.2141 -0.9757
vn 0.0374 0.1966 -0.9798
vn -0.1310 -0.0212 -0.9912
vn 0.1496 0.2022 0.9679
vn 0.1918 0.1922 0.9624
vn 0.0962 0.1724 0.9803
vn 0.0767 0.1242 0.9893
vn 0.0050 0.3127 -0.9498
vn 0.0138 0.2987 -0.9542
vn 0.0198 0.3167 0.9483
vn 0.2008 0.1587 0.9667
vn 0.1752 0.0676 0.9822
vn 0.2637 0.2064 0.9423
vn -0.0167 0.3727 0.9278
vn -0.0544 0.2991 0.9527
vn -0.0366 0.3192 0.9470
vn -0.0252 0.3740 0.9271
vn -0.0242 0.3730 0.9275
vn -0.0060 0.3419 0.9397
vn 0.0292 0.2395 0.9705
vn 0.0283 0.2513 0.9675
vn -0.0193 0.3324 0.9429
vn -0.0200 0.3318 0.9431
vn -0.0190 0.3351 0.9420
vn -0.0203 0.3348 0.9421
vn -0.0435 0.3606 0.9317
vn -0.0435 0.3604 0.9318
vn -0.0384 0.3663 0.9297
vn -0.0338 0.3689 0.9289
vn -0.0483 0.1931 0.9800
vn -0.0480 0.1907 0.9805
vn -0.0706 0.2175 0.9735
vn -0.0655 0.1531 0.9860
vn -0.0504 0.1823 0.9819
vn -0.0508 0.1432 0.9884
vn -0.0508 0.1434 0.9884
vn -0.0506 0.1441 0.9883
vn -0.0495 0.2924 0.9550
vn -0.0484 0.2535 0.9661
vn -0.0544 0.3510 0.9348
vn -0.0494 0.2924 0.9550
vn -0.0597 0.3121 0.9482
vn -0.0471 0.2142 0.9757
vn -0.0495 0.2039 0.9777
vn -0.1409 0.0349 0.9894
vn -0.0462 0.2499 0.9672
vn -0.0462 0.2498 0.9672
vn -0.0506 0.1855 0.9813
vn 0.1918 0.1922 -0.9624
vn 0.0138 0.2987 0.9542
vn 0.0050 0.3127 0.9498
vn -0.7092 0.6789 0.1901
vn -0.7093 0.6789 -0.1900
vn -0.7343 0.6788 0.0001
vn 0.3672 0.6789 0.6359
vn 0.7092 0.6789 -0.1901
vn 0.1901 -0.0215 0.9815
vn -0.1900 -0.0215 0.9815
vn 0.0001 -0.0392 0.9992
vn 0.3672 0.0304 0.9297
vn -0.3671 0.0303 0.9297
vn 0.5193 0.1129 0.8471
vn -0.5192 0.1129 0.8472
vn -0.6359 0.2204 0.7397
vn 0.7093 0.3457 0.6144
vn -0.7092 0.3456 0.6144
vn 0.7343 0.4800 0.4800
vn -0.7343 0.4800 0.4801
vn 0.7092 0.6144 0.3456
vn -0.7093 0.6144 0.3457
vn 0.6359 0.7397 0.2204
vn 0.5192 0.8472 0.1128
vn -0.5192 0.8471 0.1129
vn 0.3671 0.9297 0.0303
vn -0.3672 0.9297 0.0304
vn 0.1900 0.9815 -0.0215
vn -0.1901 0.9815 -0.0215
vn -0.0001 0.9992 -0.0392
vn 0.3671 0.6788 -0.6360
vn 0.7343 0.6788 -0.0001
vn -0.7093 0.6144 -0.3456
vn -0.7092 0.3457 -0.6144
vn -0.7343 0.4800 -0.4799
vn -0.6359 0.2204 -0.7396
vn -0.6359 0.7397 -0.2204
vn -0.5193 0.1129 -0.8471
vn -0.5192 0.8472 -0.1129
vn -0.3672 0.0304 -0.9297
vn -0.1901 -0.0215 -0.9815
vn -0.1900 0.9815 0.0215
vn -0.0001 -0.0392 -0.9992
vn 0.0001 0.9992 0.0392
vn 0.1900 -0.0215 -0.9816
vn 0.1901 0.9815 0.0215
vn 0.3671 0.0304 -0.9297
vn 0.3672 0.9296 -0.0304
vn 0.5192 0.1129 -0.8472
vn 0.5192 0.8471 -0.1129
vn 0.6359 0.2204 -0.7397
vn 0.6359 0.7396 -0.2204
vn 0.7093 0.3456 -0.6144
vn 0.7093 0.6144 -0.3457
vn 0.7344 0.4799 -0.4800
vt 0.719031 0.467753
vt 0.344401 0.467753
vt 0.657214 0.467753
vt 0.781994 0.467753
s 1
usemtl AIRPORT
f 1/1/1 2/1/2 3/1/3
f 4/1/4 5/1/5 6/1/6
f 7/1/7 8/1/8 9/1/9
f 10/2/10 11/2/11 12/2/12
f 13/3/13 14/3/14 15/3/15
f 16/3/16 17/3/17 18/3/18
f 14/3/14 19/3/19 20/3/20
f 21/1/18 22/1/21 23/1/22
f 19/3/19 24/3/23 25/3/24
f 26/4/25 27/4/26 28/4/27
f 29/2/28 30/2/29 31/2/30
f 32/3/31 33/3/32 34/3/33
f 35/1/34 36/1/35 37/1/36
f 38/4/37 39/4/38 40/4/39
f 41/4/40 42/4/41 43/4/42
f 44/1/43 45/1/44 46/1/45
f 47/4/46 48/4/47 49/4/48
f 50/1/49 51/1/50 52/1/51
f 53/1/52 54/1/53 55/1/54
f 56/3/55 57/3/56 58/3/57
f 59/4/58 60/4/59 61/4/60
f 62/1/61 63/1/62 64/1/63
f 65/4/64 66/4/65 67/4/66
f 68/4/67 69/4/68 70/4/69
f 71/4/70 70/4/69 72/4/71
f 73/4/72 74/4/73 75/4/74
f 76/1/75 77/1/76 78/1/77
f 79/4/78 80/4/79 81/4/80
f 82/4/81 83/4/82 84/4/83
f 85/3/84 86/3/85 87/3/86
f 88/2/19 89/2/87 90/2/88
f 89/2/87 91/2/89 92/2/90
f 93/2/91 88/2/19 94/2/92
f 95/2/18 96/2/93 97/2/16
f 98/2/94 99/2/95 100/2/96
f 101/2/97 102/2/98 103/2/99
f 104/2/100 105/2/101 106/2/102
f 31/2/30 107/2/103 108/2/104
f 109/4/105 110/4/106 111/4/107
f 112/2/108 113/2/109 114/2/110
f 115/4/111 116/4/112 117/4/113
f 118/2/114 119/2/115 120/2/116
f 121/2/117 122/2/118 123/2/119
f 124/2/120 125/2/121 126/2/122
f 127/2/123 128/2/124 129/2/125
f 130/2/126 131/2/127 132/2/128
f 133/2/129 134/2/130 135/2/131
f 136/3/132 137/3/133 138/3/134
f 139/3/135 140/3/136 141/3/137
f 142/3/53 143/3/138 144/3/139
f 145/3/140 146/3/3 147/3/141
f 57/3/56 148/3/142 149/3/143
f 150/2/144 151/2/145 152/2/146
f 153/1/147 154/1/148 155/1/146
f 156/3/149 17/3/17 16/3/16
f 157/3/150 158/3/151 159/3/152
f 160/1/150 161/1/153 162/1/154
f 163/3/155 164/3/156 165/3/157
f 31/2/30 30/2/29 166/2/158
f 167/1/159 168/1/160 169/1/161
f 12/2/12 170/2/162 10/2/10
f 171/1/163 172/1/164 173/1/165
f 174/1/166 55/1/54 175/1/167
f 176/1/149 177/1/168 178/1/169
f 179/2/170 180/2/171 181/2/172
f 21/1/18 182/1/17 22/1/21
f 183/3/2 184/3/173 185/3/174
f 186/1/157 187/1/151 188/1/175
f 189/1/176 171/1/163 190/1/177
f 191/3/5 192/3/36 193/3/178
f 194/4/179 195/4/180 196/4/181
f 197/1/47 198/1/182 199/1/183
f 200/1/184 201/1/185 202/1/186
f 203/4/44 204/4/43 205/4/187
f 206/1/79 207/1/188 208/1/189
f 209/4/7 210/4/190 211/4/191
f 212/1/192 213/1/193 214/1/194
f 215/4/195 216/4/196 217/4/197
f 218/1/198 219/1/199 220/1/200
f 221/1/26 222/1/201 223/1/202
f 204/4/43 224/4/203 225/4/204
f 226/2/205 227/2/206 228/2/207
f 229/1/208 230/1/209 231/1/210
f 232/1/65 233/1/71 234/1/211
f 45/1/44 235/1/212 236/1/213
f 237/2/214 226/2/205 238/2/215
f 235/1/212 239/1/216 240/1/217
f 241/1/218 242/1/104 243/1/103
f 244/3/219 245/3/220 246/3/221
f 247/3/172 248/3/222 249/3/223
f 250/1/224 251/1/225 252/1/226
f 253/1/227 254/1/228 255/1/229
f 256/1/230 257/1/231 258/1/232
f 259/2/233 260/2/234 261/2/235
f 262/3/236 263/3/237 264/3/238
f 265/3/239 266/3/240 267/3/241
f 264/3/238 268/3/242 269/3/243
f 270/1/244 271/1/245 272/1/246
f 269/3/243 273/3/247 274/3/248
f 275/4/249 276/4/250 277/4/251
f 278/2/252 279/2/253 280/2/254
f 281/3/255 282/3/256 283/3/257
f 284/1/258 285/1/259 286/1/260
f 287/4/261 288/4/262 289/4/263
f 290/4/264 291/4/265 292/4/266
f 293/1/267 294/1/268 295/1/269
f 296/4/270 297/4/271 298/4/272
f 299/1/273 300/1/274 301/1/275
f 302/1/276 303/1/277 304/1/278
f 305/3/279 306/3/280 307/3/281
f 308/4/282 309/4/283 310/4/284
f 311/1/285 312/1/286 313/1/287
f 314/4/288 315/4/289 316/4/290
f 317/4/291 318/4/292 319/4/293
f 320/4/294 321/4/295 318/4/292
f 322/4/296 323/4/297 324/4/298
f 325/1/299 326/1/300 327/1/301
f 328/4/302 329/4/303 330/4/304
f 331/4/305 332/4/306 333/4/307
f 334/3/308 335/3/309 336/3/310
f 337/2/243 338/2/311 339/2/312
f 339/2/312 340/2/313 341/2/314
f 342/2/315 343/2/316 337/2/243
f 344/2/240 345/2/239 346/2/317
f 347/2/318 348/2/319 349/2/320
f 350/2/321 351/2/322 352/2/323
f 353/2/324 354/2/325 355/2/326
f 279/2/253 356/2/327 357/2/328
f 358/4/329 359/4/330 360/4/331
f 361/2/332 362/2/333 363/2/334
f 364/4/335 365/4/336 366/4/337
f 367/2/338 368/2/339 369/2/340
f 370/2/341 371/2/342 372/2/343
f 373/2/344 374/2/345 375/2/346
f 376/2/347 377/2/348 378/2/349
f 379/3/350 380/3/351 381/3/352
f 382/3/353 383/3/354 384/3/355
f 385/3/278 386/3/356 387/3/228
f 388/3/357 389/3/358 390/3/359
f 307/3/281 391/3/360 392/3/361
f 393/2/362 394/2/363 395/2/364
f 396/1/365 397/1/366 398/1/367
f 399/3/368 265/3/239 267/3/241
f 400/3/369 401/3/370 402/3/371
f 403/1/369 404/1/372 405/1/373
f 406/3/374 407/3/375 408/3/376
f 279/2/253 409/2/377 280/2/254
f 410/1/378 411/1/379 412/1/380
f 260/2/234 259/2/233 413/2/381
f 414/1/382 415/1/383 416/1/384
f 417/1/385 418/1/386 303/1/277
f 419/1/368 420/1/387 421/1/388
f 422/2/389 423/2/390 424/2/391
f 270/1/244 272/1/246 425/1/241
f 426/3/226 427/3/392 428/3/393
f 429/1/375 430/1/394 431/1/371
f 432/1/395 433/1/396 414/1/382
f 434/3/229 435/3/397 436/3/259
f 437/4/398 438/4/399 439/4/400
f 440/1/401 441/1/402 442/1/403
f 443/1/404 444/1/405 445/1/406
f 446/4/269 447/4/407 448/4/267
f 449/1/408 450/1/409 451/1/410
f 452/4/230 453/4/411 454/4/412
f 455/1/413 456/1/414 213/1/193
f 457/4/415 458/4/416 459/4/417
f 460/1/418 461/1/419 462/1/420
f 463/1/251 464/1/421 465/1/422
f 448/4/267 466/4/423 467/4/424
f 468/2/425 469/2/426 470/2/427
f 471/1/428 472/1/429 473/1/430
f 474/1/290 475/1/431 476/1/295
f 295/1/269 477/1/432 478/1/433
f 479/2/434 480/2/435 468/2/425
f 478/1/433 481/1/436 482/1/437
f 483/1/438 484/1/328 485/1/327
f 486/3/439 487/3/440 488/3/441
f 489/3/442 490/3/443 491/3/444
f 492/4/445 493/4/446 494/4/447
f 495/4/448 496/4/449 494/4/447
f 493/4/446 497/4/450 494/4/447
f 496/4/449 498/4/451 494/4/447
f 497/4/450 499/4/452 494/4/447
f 498/4/451 500/4/453 494/4/447
f 499/4/452 501/4/454 494/4/447
f 500/4/453 502/4/455 494/4/447
f 501/4/454 503/4/456 494/4/447
f 502/4/455 504/4/457 494/4/447
f 503/4/456 505/4/458 494/4/447
f 504/4/457 506/4/459 494/4/447
f 505/4/458 507/4/460 494/4/447
f 506/4/459 508/4/461 494/4/447
f 507/4/460 509/4/462 494/4/447
f 508/4/461 510/4/463 494/4/447
f 511/4/464 512/4/465 494/4/447
f 509/4/462 513/4/466 494/4/447
f 510/4/463 514/4/467 494/4/447
f 512/4/465 515/4/468 494/4/447
f 513/4/466 516/4/469 494/4/447
f 514/4/467 517/4/470 494/4/447
f 515/4/468 518/4/471 494/4/447
f 516/4/469 519/4/472 494/4/447
f 517/4/470 520/4/473 494/4/447
f 518/4/471 521/4/474 494/4/447
f 519/4/472 522/4/475 494/4/447
f 520/4/473 523/4/476 494/4/447
f 521/4/474 524/4/477 494/4/447
f 522/4/475 511/4/464 494/4/447
f 523/4/476 492/4/445 494/4/447
f 524/4/477 495/4/448 494/4/447
f 525/2/478 526/2/479 527/2/480
f 528/2/481 529/2/482 527/2/480
f 530/2/483 525/2/478 527/2/480
f 531/2/484 528/2/481 527/2/480
f 532/2/485 530/2/483 527/2/480
f 533/2/486 531/2/484 527/2/480
f 534/2/487 532/2/485 527/2/480
f 535/2/488 533/2/486 527/2/480
f 536/2/489 534/2/487 527/2/480
f 537/2/490 535/2/488 527/2/480
f 538/2/491 536/2/489 527/2/480
f 539/2/492 537/2/490 527/2/480
f 540/2/493 538/2/491 527/2/480
f 541/2/494 539/2/492 527/2/480
f 542/2/495 540/2/493 527/2/480
f 543/2/496 541/2/494 527/2/480
f 544/2/497 545/2/498 527/2/480
f 546/2/499 542/2/495 527/2/480
f 547/2/500 543/2/496 527/2/480
f 548/2/501 544/2/497 527/2/480
f 549/2/502 546/2/499 527/2/480
f 550/2/503 547/2/500 527/2/480
f 551/2/504 548/2/501 527/2/480
f 552/2/505 549/2/502 527/2/480
f 553/2/506 550/2/503 527/2/480
f 554/2/507 551/2/504 527/2/480
f 555/2/508 552/2/505 527/2/480
f 556/2/509 553/2/506 527/2/480
f 557/2/510 554/2/507 527/2/480
f 545/2/498 555/2/508 527/2/480
f 526/2/479 556/2/509 527/2/480
f 529/2/482 557/2/510 527/2/480
f 558/4/461 559/4/447 560/4/459
f 561/4/460 559/4/447 562/4/458
f 560/4/459 559/4/447 563/4/457
f 562/4/458 559/4/447 564/4/456
f 563/4/457 559/4/447 565/4/455
f 564/4/456 559/4/447 566/4/454
f 565/4/455 559/4/447 567/4/453
f 566/4/454 559/4/447 568/4/452
f 567/4/453 559/4/447 569/4/451
f 568/4/452 559/4/447 570/4/450
f 569/4/451 559/4/447 571/4/449
f 570/4/450 559/4/447 572/4/446
f 571/4/449 559/4/447 573/4/448
f 572/4/446 559/4/447 574/4/511
f 573/4/448 559/4/447 575/4/477
f 574/4/511 559/4/447 576/4/476
f 577/4/464 559/4/447 578/4/475
f 575/4/477 559/4/447 579/4/474
f 576/4/476 559/4/447 580/4/473
f 578/4/475 559/4/447 581/4/472
f 579/4/474 559/4/447 582/4/471
f 580/4/473 559/4/447 583/4/470
f 581/4/472 559/4/447 584/4/469
f 582/4/471 559/4/447 585/4/468
f 583/4/470 559/4/447 586/4/467
f 584/4/469 559/4/447 587/4/466
f 585/4/468 559/4/447 588/4/465
f 586/4/467 559/4/447 589/4/463
f 587/4/466 559/4/447 590/4/462
f 588/4/465 559/4/447 577/4/464
f 589/4/463 559/4/447 558/4/461
f 590/4/462 559/4/447 561/4/460
f 591/2/492 592/2/480 593/2/494
f 594/2/491 592/2/480 595/2/493
f 596/2/490 592/2/480 591/2/492
f 597/2/489 592/2/480 594/2/491
f 598/2/488 592/2/480 596/2/490
f 599/2/487 592/2/480 597/2/489
f 600/2/486 592/2/480 598/2/488
f 601/2/485 592/2/480 599/2/487
f 602/2/484 592/2/480 600/2/486
f 603/2/483 592/2/480 601/2/485
f 604/2/481 592/2/480 602/2/484
f 605/2/478 592/2/480 603/2/483
f 606/2/482 592/2/480 604/2/481
f 607/2/512 592/2/480 605/2/478
f 608/2/510 592/2/480 606/2/482
f 609/2/509 592/2/480 607/2/512
f 610/2/508 592/2/480 611/2/498
f 612/2/507 592/2/480 608/2/510
f 613/2/506 592/2/480 609/2/509
f 614/2/505 592/2/480 610/2/508
f 615/2/504 592/2/480 612/2/507
f 616/2/503 592/2/480 613/2/506
f 617/2/502 592/2/480 614/2/505
f 618/2/501 592/2/480 615/2/504
f 619/2/500 592/2/480 616/2/503
f 620/2/499 592/2/480 617/2/502
f 621/2/497 592/2/480 618/2/501
f 622/2/496 592/2/480 619/2/500
f 623/2/495 592/2/480 620/2/499
f 611/2/498 592/2/480 621/2/497
f 593/2/494 592/2/480 622/2/496
f 595/2/493 592/2/480 623/2/495
f 624/2/513 625/2/514 626/2/515
f 624/2/513 626/2/515 627/2/516
f 628/2/517 629/2/518 630/2/519
f 628/2/517 630/2/519 631/2/520
f 631/2/520 630/2/519 632/2/521
f 631/2/520 632/2/521 633/2/522
f 633/2/522 632/2/521 634/2/523
f 633/2/522 634/2/523 635/2/524
f 635/2/524 634/2/523 636/2/525
f 635/2/524 636/2/525 637/2/526
f 637/2/526 636/2/525 638/2/527
f 637/2/526 638/2/527 639/2/528
f 639/2/528 638/2/527 640/2/529
f 639/2/528 640/2/529 641/2/530
f 641/2/530 640/2/529 642/2/531
f 641/2/530 642/2/531 643/2/532
f 643/2/532 642/2/531 644/2/533
f 643/2/532 644/2/533 645/2/534
f 645/2/534 644/2/533 646/2/535
f 645/2/534 646/2/535 647/2/536
f 647/2/536 646/2/535 648/2/537
f 647/2/536 648/2/537 649/2/538
f 649/2/538 648/2/537 650/2/539
f 649/2/538 650/2/539 651/2/540
f 651/2/540 650/2/539 652/2/541
f 651/2/540 652/2/541 653/2/542
f 653/2/542 652/2/541 654/2/543
f 653/2/542 654/2/543 655/2/544
f 655/2/544 654/2/543 656/2/545
f 655/2/544 656/2/545 657/2/546
f 657/2/546 656/2/545 658/2/547
f 657/2/546 658/2/547 659/2/548
f 659/2/548 658/2/547 660/2/549
f 659/2/548 660/2/549 661/2/550
f 661/2/550 660/2/549 662/2/551
f 661/2/550 662/2/551 663/2/552
f 663/2/552 662/2/551 664/2/553
f 663/2/552 664/2/553 665/2/554
f 665/2/554 664/2/553 666/2/555
f 665/2/554 666/2/555 667/2/556
f 667/2/556 666/2/555 668/2/557
f 667/2/556 668/2/557 669/2/558
f 669/2/558 668/2/557 625/2/514
f 669/2/558 625/2/514 624/2/513
f 670/2/559 671/2/560 629/2/518
f 670/2/559 629/2/518 628/2/517
f 672/2/561 673/2/562 674/2/563
f 672/2/561 674/2/563 675/2/564
f 627/2/516 626/2/515 671/2/560
f 627/2/516 671/2/560 670/2/559
f 627/2/516 670/2/559 676/2/565
f 627/2/516 676/2/565 677/2/566
f 677/2/566 676/2/565 678/2/567
f 677/2/566 678/2/567 679/2/568
f 679/2/568 678/2/567 680/2/569
f 679/2/568 680/2/569 681/2/570
f 671/2/560 626/2/515 682/2/571
f 671/2/560 682/2/571 683/2/572
f 683/2/572 682/2/571 684/2/573
f 683/2/572 684/2/573 685/2/574
f 685/2/574 684/2/573 686/2/575
f 685/2/574 686/2/575 687/2/576
f 670/2/559 628/2/517 688/2/577
f 670/2/559 688/2/577 676/2/565
f 676/2/565 688/2/577 689/2/578
f 676/2/565 689/2/578 678/2/567
f 678/2/567 689/2/578 690/2/579
f 678/2/567 690/2/579 680/2/569
f 629/2/518 671/2/560 683/2/572
f 629/2/518 683/2/572 691/2/580
f 691/2/580 683/2/572 685/2/574
f 691/2/580 685/2/574 692/2/581
f 692/2/581 685/2/574 687/2/576
f 692/2/581 687/2/576 693/2/582
f 628/2/517 631/2/520 694/2/583
f 628/2/517 694/2/583 688/2/577
f 688/2/577 694/2/583 695/2/584
f 688/2/577 695/2/584 689/2/578
f 689/2/578 695/2/584 696/2/585
f 689/2/578 696/2/585 690/2/579
f 630/2/519 629/2/518 691/2/580
f 630/2/519 691/2/580 697/2/586
f 697/2/586 691/2/580 692/2/581
f 697/2/586 692/2/581 698/2/587
f 698/2/587 692/2/581 693/2/582
f 698/2/587 693/2/582 699/2/588
f 631/2/520 633/2/522 700/2/589
f 631/2/520 700/2/589 694/2/583
f 694/2/583 700/2/589 701/2/590
f 694/2/583 701/2/590 695/2/584
f 695/2/584 701/2/590 702/2/591
f 695/2/584 702/2/591 696/2/585
f 632/2/521 630/2/519 697/2/586
f 632/2/521 697/2/586 703/2/592
f 703/2/592 697/2/586 698/2/587
f 703/2/592 698/2/587 704/2/593
f 704/2/593 698/2/587 699/2/588
f 704/2/593 699/2/588 705/2/594
f 633/2/522 635/2/524 706/2/595
f 633/2/522 706/2/595 700/2/589
f 700/2/589 706/2/595 707/2/596
f 700/2/589 707/2/596 701/2/590
f 701/2/590 707/2/596 708/2/597
f 701/2/590 708/2/597 702/2/591
f 634/2/523 632/2/521 703/2/592
f 634/2/523 703/2/592 709/2/598
f 709/2/598 703/2/592 704/2/593
f 709/2/598 704/2/593 710/2/599
f 710/2/599 704/2/593 705/2/594
f 710/2/599 705/2/594 711/2/600
f 635/2/524 637/2/526 712/2/601
f 635/2/524 712/2/601 706/2/595
f 706/2/595 712/2/601 713/2/602
f 706/2/595 713/2/602 707/2/596
f 707/2/596 713/2/602 714/2/603
f 707/2/596 714/2/603 708/2/597
f 636/2/525 634/2/523 709/2/598
f 636/2/525 709/2/598 715/2/604
f 715/2/604 709/2/598 710/2/599
f 715/2/604 710/2/599 716/2/605
f 716/2/605 710/2/599 711/2/600
f 716/2/605 711/2/600 717/2/606
f 637/2/526 639/2/528 718/2/607
f 637/2/526 718/2/607 712/2/601
f 712/2/601 718/2/607 719/2/608
f 712/2/601 719/2/608 713/2/602
f 713/2/602 719/2/608 720/2/609
f 713/2/602 720/2/609 714/2/603
f 638/2/527 636/2/525 715/2/604
f 638/2/527 715/2/604 721/2/610
f 721/2/610 715/2/604 716/2/605
f 721/2/610 716/2/605 722/2/611
f 722/2/611 716/2/605 717/2/606
f 722/2/611 717/2/606 723/2/612
f 639/2/528 641/2/530 724/2/613
f 639/2/528 724/2/613 718/2/607
f 718/2/607 724/2/613 725/2/614
f 718/2/607 725/2/614 719/2/608
f 719/2/608 725/2/614 726/2/615
f 719/2/608 726/2/615 720/2/609
f 640/2/529 638/2/527 721/2/610
f 640/2/529 721/2/610 727/2/616
f 727/2/616 721/2/610 722/2/611
f 727/2/616 722/2/611 728/2/617
f 728/2/617 722/2/611 723/2/612
f 728/2/617 723/2/612 729/2/618
f 641/2/530 643/2/532 730/2/619
f 641/2/530 730/2/619 724/2/613
f 724/2/613 730/2/619 731/2/620
f 724/2/613 731/2/620 725/2/614
f 725/2/614 731/2/620 732/2/621
f 725/2/614 732/2/621 726/2/615
f 642/2/531 640/2/529 727/2/616
f 642/2/531 727/2/616 733/2/622
f 733/2/622 727/2/616 728/2/617
f 733/2/622 728/2/617 734/2/623
f 734/2/623 728/2/617 729/2/618
f 734/2/623 729/2/618 735/2/624
f 643/2/532 645/2/534 736/2/625
f 643/2/532 736/2/625 730/2/619
f 730/2/619 736/2/625 737/2/626
f 730/2/619 737/2/626 731/2/620
f 731/2/620 737/2/626 738/2/627
f 731/2/620 738/2/627 732/2/621
f 644/2/533 642/2/531 733/2/622
f 644/2/533 733/2/622 739/2/628
f 739/2/628 733/2/622 734/2/623
f 739/2/628 734/2/623 740/2/629
f 740/2/629 734/2/623 735/2/624
f 740/2/629 735/2/624 741/2/630
f 645/2/534 647/2/536 742/2/631
f 645/2/534 742/2/631 736/2/625
f 736/2/625 742/2/631 743/2/632
f 736/2/625 743/2/632 737/2/626
f 737/2/626 743/2/632 744/2/633
f 737/2/626 744/2/633 738/2/627
f 646/2/535 644/2/533 739/2/628
f 646/2/535 739/2/628 745/2/634
f 745/2/634 739/2/628 740/2/629
f 745/2/634 740/2/629 746/2/635
f 746/2/635 740/2/629 741/2/630
f 746/2/635 741/2/630 747/2/636
f 647/2/536 649/2/538 748/2/637
f 647/2/536 748/2/637 742/2/631
f 742/2/631 748/2/637 749/2/638
f 742/2/631 749/2/638 743/2/632
f 743/2/632 749/2/638 750/2/639
f 743/2/632 750/2/639 744/2/633
f 648/2/537 646/2/535 745/2/634
f 648/2/537 745/2/634 751/2/640
f 751/2/640 745/2/634 746/2/635
f 751/2/640 746/2/635 752/2/641
f 752/2/641 746/2/635 747/2/636
f 752/2/641 747/2/636 753/2/642
f 649/2/538 651/2/540 754/2/643
f 649/2/538 754/2/643 748/2/637
f 748/2/637 754/2/643 755/2/644
f 748/2/637 755/2/644 749/2/638
f 749/2/638 755/2/644 756/2/645
f 749/2/638 756/2/645 750/2/639
f 650/2/539 648/2/537 751/2/640
f 650/2/539 751/2/640 757/2/646
f 757/2/646 751/2/640 752/2/641
f 757/2/646 752/2/641 758/2/647
f 758/2/647 752/2/641 753/2/642
f 758/2/647 753/2/642 759/2/648
f 651/2/540 653/2/542 760/2/649
f 651/2/540 760/2/649 754/2/643
f 754/2/643 760/2/649 761/2/650
f 754/2/643 761/2/650 755/2/644
f 755/2/644 761/2/650 762/2/651
f 755/2/644 762/2/651 756/2/645
f 652/2/541 650/2/539 757/2/646
f 652/2/541 757/2/646 763/2/652
f 763/2/652 757/2/646 758/2/647
f 763/2/652 758/2/647 764/2/653
f 764/2/653 758/2/647 759/2/648
f 764/2/653 759/2/648 765/2/654
f 653/2/542 655/2/544 766/2/655
f 653/2/542 766/2/655 760/2/649
f 760/2/649 766/2/655 767/2/656
f 760/2/649 767/2/656 761/2/650
f 761/2/650 767/2/656 768/2/657
f 761/2/650 768/2/657 762/2/651
f 654/2/543 652/2/541 763/2/652
f 654/2/543 763/2/652 769/2/658
f 769/2/658 763/2/652 764/2/653
f 769/2/658 764/2/653 770/2/659
f 770/2/659 764/2/653 765/2/654
f 770/2/659 765/2/654 771/2/660
f 655/2/544 657/2/546 772/2/661
f 655/2/544 772/2/661 766/2/655
f 766/2/655 772/2/661 773/2/662
f 766/2/655 773/2/662 767/2/656
f 767/2/656 773/2/662 774/2/663
f 767/2/656 774/2/663 768/2/657
f 656/2/545 654/2/543 769/2/658
f 656/2/545 769/2/658 775/2/664
f 775/2/664 769/2/658 770/2/659
f 775/2/664 770/2/659 776/2/665
f 776/2/665 770/2/659 771/2/660
f 776/2/665 771/2/660 777/2/666
f 657/2/546 659/2/548 778/2/667
f 657/2/546 778/2/667 772/2/661
f 772/2/661 778/2/667 779/2/668
f 772/2/661 779/2/668 773/2/662
f 773/2/662 779/2/668 780/2/669
f 773/2/662 780/2/669 774/2/663
f 658/2/547 656/2/545 775/2/664
f 658/2/547 775/2/664 781/2/670
f 781/2/670 775/2/664 776/2/665
f 781/2/670 776/2/665 782/2/671
f 782/2/671 776/2/665 777/2/666
f 782/2/671 777/2/666 783/2/672
f 659/2/548 661/2/550 784/2/673
f 659/2/548 784/2/673 778/2/667
f 778/2/667 784/2/673 785/2/674
f 778/2/667 785/2/674 779/2/668
f 779/2/668 785/2/674 786/2/675
f 779/2/668 786/2/675 780/2/669
f 660/2/549 658/2/547 781/2/670
f 660/2/549 781/2/670 787/2/676
f 787/2/676 781/2/670 782/2/671
f 787/2/676 782/2/671 788/2/677
f 788/2/677 782/2/671 783/2/672
f 788/2/677 783/2/672 789/2/678
f 661/2/550 663/2/552 790/2/679
f 661/2/550 790/2/679 784/2/673
f 784/2/673 790/2/679 791/2/680
f 784/2/673 791/2/680 785/2/674
f 785/2/674 791/2/680 792/2/681
f 785/2/674 792/2/681 786/2/675
f 662/2/551 660/2/549 787/2/676
f 662/2/551 787/2/676 793/2/682
f 793/2/682 787/2/676 788/2/677
f 793/2/682 788/2/677 794/2/683
f 794/2/683 788/2/677 789/2/678
f 794/2/683 789/2/678 795/2/684
f 663/2/552 665/2/554 796/2/685
f 663/2/552 796/2/685 790/2/679
f 790/2/679 796/2/685 797/2/686
f 790/2/679 797/2/686 791/2/680
f 791/2/680 797/2/686 798/2/687
f 791/2/680 798/2/687 792/2/681
f 664/2/553 662/2/551 793/2/682
f 664/2/553 793/2/682 799/2/688
f 799/2/688 793/2/682 794/2/683
f 799/2/688 794/2/683 800/2/689
f 800/2/689 794/2/683 795/2/684
f 800/2/689 795/2/684 801/2/690
f 665/2/554 667/2/556 802/2/691
f 665/2/554 802/2/691 796/2/685
f 796/2/685 802/2/691 803/2/692
f 796/2/685 803/2/692 797/2/686
f 797/2/686 803/2/692 804/2/693
f 797/2/686 804/2/693 798/2/687
f 666/2/555 664/2/553 799/2/688
f 666/2/555 799/2/688 805/2/694
f 805/2/694 799/2/688 800/2/689
f 805/2/694 800/2/689 806/2/695
f 806/2/695 800/2/689 801/2/690
f 806/2/695 801/2/690 807/2/696
f 667/2/556 669/2/558 808/2/697
f 667/2/556 808/2/697 802/2/691
f 802/2/691 808/2/697 809/2/698
f 802/2/691 809/2/698 803/2/692
f 803/2/692 809/2/698 810/2/699
f 803/2/692 810/2/699 804/2/693
f 668/2/557 666/2/555 805/2/694
f 668/2/557 805/2/694 811/2/700
f 811/2/700 805/2/694 806/2/695
f 811/2/700 806/2/695 812/2/701
f 812/2/701 806/2/695 807/2/696
f 812/2/701 807/2/696 813/2/702
f 669/2/558 624/2/513 814/2/703
f 669/2/558 814/2/703 808/2/697
f 808/2/697 814/2/703 815/2/704
f 808/2/697 815/2/704 809/2/698
f 809/2/698 815/2/704 816/2/705
f 809/2/698 816/2/705 810/2/699
f 625/2/514 668/2/557 811/2/700
f 625/2/514 811/2/700 817/2/706
f 817/2/706 811/2/700 812/2/701
f 817/2/706 812/2/701 818/2/707
f 818/2/707 812/2/701 813/2/702
f 818/2/707 813/2/702 819/2/708
f 624/2/513 627/2/516 677/2/566
f 624/2/513 677/2/566 814/2/703
f 814/2/703 677/2/566 679/2/568
f 814/2/703 679/2/568 815/2/704
f 815/2/704 679/2/568 681/2/570
f 815/2/704 681/2/570 816/2/705
f 626/2/515 625/2/514 817/2/706
f 626/2/515 817/2/706 682/2/571
f 682/2/571 817/2/706 818/2/707
f 682/2/571 818/2/707 684/2/573
f 684/2/573 818/2/707 819/2/708
f 684/2/573 819/2/708 686/2/575
f 820/2/709 821/2/710 687/2/576
f 820/2/709 687/2/576 686/2/575
f 821/2/710 822/2/711 693/2/582
f 821/2/710 693/2/582 687/2/576
f 822/2/711 823/2/712 699/2/588
f 822/2/711 699/2/588 693/2/582
f 823/2/712 824/2/713 705/2/594
f 823/2/712 705/2/594 699/2/588
f 824/2/713 825/2/714 711/2/600
f 824/2/713 711/2/600 705/2/594
f 825/2/714 826/2/715 717/2/606
f 825/2/714 717/2/606 711/2/600
f 826/2/715 827/2/716 723/2/612
f 826/2/715 723/2/612 717/2/606
f 827/2/716 828/2/717 729/2/618
f 827/2/716 729/2/618 723/2/612
f 828/2/717 829/2/718 735/2/624
f 828/2/717 735/2/624 729/2/618
f 829/2/718 830/2/719 741/2/630
f 829/2/718 741/2/630 735/2/624
f 830/2/719 831/2/720 747/2/636
f 830/2/719 747/2/636 741/2/630
f 831/2/720 832/2/721 753/2/642
f 831/2/720 753/2/642 747/2/636
f 832/2/721 833/2/722 759/2/648
f 832/2/721 759/2/648 753/2/642
f 833/2/722 834/2/723 765/2/654
f 833/2/722 765/2/654 759/2/648
f 834/2/723 835/2/724 771/2/660
f 834/2/723 771/2/660 765/2/654
f 835/2/724 836/2/725 777/2/666
f 835/2/724 777/2/666 771/2/660
f 836/2/725 837/2/726 783/2/672
f 836/2/725 783/2/672 777/2/666
f 837/2/726 838/2/727 789/2/678
f 837/2/726 789/2/678 783/2/672
f 838/2/727 673/2/562 795/2/684
f 838/2/727 795/2/684 789/2/678
f 673/2/562 672/2/561 801/2/690
f 673/2/562 801/2/690 795/2/684
f 672/2/561 839/2/728 807/2/696
f 672/2/561 807/2/696 801/2/690
f 839/2/728 840/2/729 813/2/702
f 839/2/728 813/2/702 807/2/696
f 840/2/729 841/2/730 819/2/708
f 840/2/729 819/2/708 813/2/702
f 841/2/730 820/2/709 686/2/575
f 841/2/730 686/2/575 819/2/708
f 833/2/722 832/2/721 842/2/731
f 833/2/722 842/2/731 843/2/732
f 826/2/715 825/2/714 844/2/733
f 826/2/715 844/2/733 845/2/734
f 839/2/728 672/2/561 675/2/564
f 839/2/728 675/2/564 846/2/735
f 834/2/723 833/2/722 843/2/732
f 834/2/723 843/2/732 847/2/736
f 827/2/716 826/2/715 845/2/734
f 827/2/716 845/2/734 848/2/737
f 840/2/729 839/2/728 846/2/735
f 840/2/729 846/2/735 849/2/738
f 835/2/724 834/2/723 847/2/736
f 835/2/724 847/2/736 850/2/739
f 828/2/717 827/2/716 848/2/737
f 828/2/717 848/2/737 851/2/740
f 841/2/730 840/2/729 849/2/738
f 841/2/730 849/2/738 852/2/741
f 821/2/710 820/2/709 853/2/742
f 821/2/710 853/2/742 854/2/743
f 836/2/725 835/2/724 850/2/739
f 836/2/725 850/2/739 855/2/744
f 829/2/718 828/2/717 851/2/740
f 829/2/718 851/2/740 856/2/745
f 820/2/709 841/2/730 852/2/741
f 820/2/709 852/2/741 853/2/742
f 822/2/711 821/2/710 854/2/743
f 822/2/711 854/2/743 857/2/746
f 837/2/726 836/2/725 855/2/744
f 837/2/726 855/2/744 858/2/747
f 830/2/719 829/2/718 856/2/745
f 830/2/719 856/2/745 859/2/748
f 823/2/712 822/2/711 857/2/746
f 823/2/712 857/2/746 860/2/749
f 838/2/727 837/2/726 858/2/747
f 838/2/727 858/2/747 861/2/750
f 831/2/720 830/2/719 859/2/748
f 831/2/720 859/2/748 862/2/751
f 824/2/713 823/2/712 860/2/749
f 824/2/713 860/2/749 863/2/752
f 673/2/562 838/2/727 861/2/750
f 673/2/562 861/2/750 674/2/563
f 832/2/721 831/2/720 862/2/751
f 832/2/721 862/2/751 842/2/731
f 825/2/714 824/2/713 863/2/752
f 825/2/714 863/2/752 844/2/733
f 864/2/514 865/2/515 866/2/516
f 864/2/514 866/2/516 867/2/513
f 868/2/518 869/2/519 870/2/520
f 868/2/518 870/2/520 871/2/517
f 869/2/519 872/2/521 873/2/522
f 869/2/519 873/2/522 870/2/520
f 872/2/521 874/2/523 875/2/524
f 872/2/521 875/2/524 873/2/522
f 874/2/523 876/2/525 877/2/526
f 874/2/523 877/2/526 875/2/524
f 876/2/525 878/2/527 879/2/528
f 876/2/525 879/2/528 877/2/526
f 878/2/527 880/2/529 881/2/530
f 878/2/527 881/2/530 879/2/528
f 880/2/529 882/2/531 883/2/532
f 880/2/529 883/2/532 881/2/530
f 882/2/531 884/2/533 885/2/534
f 882/2/531 885/2/534 883/2/532
f 884/2/533 886/2/535 887/2/536
f 884/2/533 887/2/536 885/2/534
f 886/2/535 888/2/537 889/2/538
f 886/2/535 889/2/538 887/2/536
f 888/2/537 890/2/539 891/2/540
f 888/2/537 891/2/540 889/2/538
f 890/2/539 892/2/541 893/2/542
f 890/2/539 893/2/542 891/2/540
f 892/2/541 894/2/543 895/2/544
f 892/2/541 895/2/544 893/2/542
f 894/2/543 896/2/545 897/2/546
f 894/2/543 897/2/546 895/2/544
f 896/2/545 898/2/547 899/2/548
f 896/2/545 899/2/548 897/2/546
f 898/2/547 900/2/549 901/2/550
f 898/2/547 901/2/550 899/2/548
f 900/2/549 902/2/551 903/2/552
f 900/2/549 903/2/552 901/2/550
f 902/2/551 904/2/553 905/2/554
f 902/2/551 905/2/554 903/2/552
f 904/2/553 906/2/555 907/2/556
f 904/2/553 907/2/556 905/2/554
f 906/2/555 908/2/557 909/2/558
f 906/2/555 909/2/558 907/2/556
f 908/2/557 864/2/514 867/2/513
f 908/2/557 867/2/513 909/2/558
f 910/2/560 868/2/518 871/2/517
f 910/2/560 871/2/517 911/2/559
f 912/2/753 913/2/754 914/2/755
f 912/2/753 914/2/755 915/2/756
f 865/2/515 910/2/560 911/2/559
f 865/2/515 911/2/559 866/2/516
f 865/2/515 916/2/571 917/2/572
f 865/2/515 917/2/572 910/2/560
f 916/2/571 918/2/573 919/2/574
f 916/2/571 919/2/574 917/2/572
f 918/2/573 920/2/575 921/2/576
f 918/2/573 921/2/576 919/2/574
f 911/2/559 922/2/565 923/2/566
f 911/2/559 923/2/566 866/2/516
f 922/2/565 924/2/757 925/2/568
f 922/2/565 925/2/568 923/2/566
f 924/2/757 926/2/569 927/2/570
f 924/2/757 927/2/570 925/2/568
f 910/2/560 917/2/572 928/2/580
f 910/2/560 928/2/580 868/2/518
f 917/2/572 919/2/574 929/2/581
f 917/2/572 929/2/581 928/2/580
f 919/2/574 921/2/576 930/2/582
f 919/2/574 930/2/582 929/2/581
f 871/2/517 931/2/577 922/2/565
f 871/2/517 922/2/565 911/2/559
f 931/2/577 932/2/578 924/2/757
f 931/2/577 924/2/757 922/2/565
f 932/2/578 933/2/579 926/2/569
f 932/2/578 926/2/569 924/2/757
f 868/2/518 928/2/580 934/2/586
f 868/2/518 934/2/586 869/2/519
f 928/2/580 929/2/581 935/2/587
f 928/2/580 935/2/587 934/2/586
f 929/2/581 930/2/582 936/2/588
f 929/2/581 936/2/588 935/2/587
f 870/2/520 937/2/583 931/2/577
f 870/2/520 931/2/577 871/2/517
f 937/2/583 938/2/584 932/2/578
f 937/2/583 932/2/578 931/2/577
f 938/2/584 939/2/585 933/2/579
f 938/2/584 933/2/579 932/2/578
f 869/2/519 934/2/586 940/2/592
f 869/2/519 940/2/592 872/2/521
f 934/2/586 935/2/587 941/2/593
f 934/2/586 941/2/593 940/2/592
f 935/2/587 936/2/588 942/2/594
f 935/2/587 942/2/594 941/2/593
f 873/2/522 943/2/589 937/2/583
f 873/2/522 937/2/583 870/2/520
f 943/2/589 944/2/590 938/2/584
f 943/2/589 938/2/584 937/2/583
f 944/2/590 945/2/591 939/2/585
f 944/2/590 939/2/585 938/2/584
f 872/2/521 940/2/592 946/2/598
f 872/2/521 946/2/598 874/2/523
f 940/2/592 941/2/593 947/2/758
f 940/2/592 947/2/758 946/2/598
f 941/2/593 942/2/594 948/2/600
f 941/2/593 948/2/600 947/2/758
f 875/2/524 949/2/595 943/2/589
f 875/2/524 943/2/589 873/2/522
f 949/2/595 950/2/759 944/2/590
f 949/2/595 944/2/590 943/2/589
f 950/2/759 951/2/597 945/2/591
f 950/2/759 945/2/591 944/2/590
f 874/2/523 946/2/598 952/2/604
f 874/2/523 952/2/604 876/2/525
f 946/2/598 947/2/758 953/2/605
f 946/2/598 953/2/605 952/2/604
f 947/2/758 948/2/600 954/2/606
f 947/2/758 954/2/606 953/2/605
f 877/2/526 955/2/601 949/2/595
f 877/2/526 949/2/595 875/2/524
f 955/2/601 956/2/602 950/2/759
f 955/2/601 950/2/759 949/2/595
f 956/2/602 957/2/603 951/2/597
f 956/2/602 951/2/597 950/2/759
f 876/2/525 952/2/604 958/2/610
f 876/2/525 958/2/610 878/2/527
f 952/2/604 953/2/605 959/2/760
f 952/2/604 959/2/760 958/2/610
f 953/2/605 954/2/606 960/2/612
f 953/2/605 960/2/612 959/2/760
f 879/2/528 961/2/607 955/2/601
f 879/2/528 955/2/601 877/2/526
f 961/2/607 962/2/761 956/2/602
f 961/2/607 956/2/602 955/2/601
f 962/2/761 963/2/609 957/2/603
f 962/2/761 957/2/603 956/2/602
f 878/2/527 958/2/610 964/2/616
f 878/2/527 964/2/616 880/2/529
f 958/2/610 959/2/760 965/2/617
f 958/2/610 965/2/617 964/2/616
f 959/2/760 960/2/612 966/2/618
f 959/2/760 966/2/618 965/2/617
f 881/2/530 967/2/613 961/2/607
f 881/2/530 961/2/607 879/2/528
f 967/2/613 968/2/614 962/2/761
f 967/2/613 962/2/761 961/2/607
f 968/2/614 969/2/615 963/2/609
f 968/2/614 963/2/609 962/2/761
f 880/2/529 964/2/616 970/2/622
f 880/2/529 970/2/622 882/2/531
f 964/2/616 965/2/617 971/2/623
f 964/2/616 971/2/623 970/2/622
f 965/2/617 966/2/618 972/2/624
f 965/2/617 972/2/624 971/2/623
f 883/2/532 973/2/619 967/2/613
f 883/2/532 967/2/613 881/2/530
f 973/2/619 974/2/620 968/2/614
f 973/2/619 968/2/614 967/2/613
f 974/2/620 975/2/621 969/2/615
f 974/2/620 969/2/615 968/2/614
f 882/2/531 970/2/622 976/2/628
f 882/2/531 976/2/628 884/2/533
f 970/2/622 971/2/623 977/2/629
f 970/2/622 977/2/629 976/2/628
f 971/2/623 972/2/624 978/2/630
f 971/2/623 978/2/630 977/2/629
f 885/2/534 979/2/625 973/2/619
f 885/2/534 973/2/619 883/2/532
f 979/2/625 980/2/626 974/2/620
f 979/2/625 974/2/620 973/2/619
f 980/2/626 981/2/627 975/2/621
f 980/2/626 975/2/621 974/2/620
f 884/2/533 976/2/628 982/2/634
f 884/2/533 982/2/634 886/2/535
f 976/2/628 977/2/629 983/2/635
f 976/2/628 983/2/635 982/2/634
f 977/2/629 978/2/630 984/2/636
f 977/2/629 984/2/636 983/2/635
f 887/2/536 985/2/631 979/2/625
f 887/2/536 979/2/625 885/2/534
f 985/2/631 986/2/632 980/2/626
f 985/2/631 980/2/626 979/2/625
f 986/2/632 987/2/633 981/2/627
f 986/2/632 981/2/627 980/2/626
f 886/2/535 982/2/634 988/2/640
f 886/2/535 988/2/640 888/2/537
f 982/2/634 983/2/635 989/2/641
f 982/2/634 989/2/641 988/2/640
f 983/2/635 984/2/636 990/2/642
f 983/2/635 990/2/642 989/2/641
f 889/2/538 991/2/637 985/2/631
f 889/2/538 985/2/631 887/2/536
f 991/2/637 992/2/638 986/2/632
f 991/2/637 986/2/632 985/2/631
f 992/2/638 993/2/639 987/2/633
f 992/2/638 987/2/633 986/2/632
f 888/2/537 988/2/640 994/2/646
f 888/2/537 994/2/646 890/2/539
f 988/2/640 989/2/641 995/2/647
f 988/2/640 995/2/647 994/2/646
f 989/2/641 990/2/642 996/2/648
f 989/2/641 996/2/648 995/2/647
f 891/2/540 997/2/643 991/2/637
f 891/2/540 991/2/637 889/2/538
f 997/2/643 998/2/644 992/2/638
f 997/2/643 992/2/638 991/2/637
f 998/2/644 999/2/645 993/2/639
f 998/2/644 993/2/639 992/2/638
f 890/2/539 994/2/646 1000/2/652
f 890/2/539 1000/2/652 892/2/541
f 994/2/646 995/2/647 1001/2/653
f 994/2/646 1001/2/653 1000/2/652
f 995/2/647 996/2/648 1002/2/654
f 995/2/647 1002/2/654 1001/2/653
f 893/2/542 1003/2/649 997/2/643
f 893/2/542 997/2/643 891/2/540
f 1003/2/649 1004/2/650 998/2/644
f 1003/2/649 998/2/644 997/2/643
f 1004/2/650 1005/2/651 999/2/645
f 1004/2/650 999/2/645 998/2/644
f 892/2/541 1000/2/652 1006/2/658
f 892/2/541 1006/2/658 894/2/543
f 1000/2/652 1001/2/653 1007/2/659
f 1000/2/652 1007/2/659 1006/2/658
f 1001/2/653 1002/2/654 1008/2/660
f 1001/2/653 1008/2/660 1007/2/659
f 895/2/544 1009/2/655 1003/2/649
f 895/2/544 1003/2/649 893/2/542
f 1009/2/655 1010/2/656 1004/2/650
f 1009/2/655 1004/2/650 1003/2/649
f 1010/2/656 1011/2/657 1005/2/651
f 1010/2/656 1005/2/651 1004/2/650
f 894/2/543 1006/2/658 1012/2/664
f 894/2/543 1012/2/664 896/2/545
f 1006/2/658 1007/2/659 1013/2/665
f 1006/2/658 1013/2/665 1012/2/664
f 1007/2/659 1008/2/660 1014/2/666
f 1007/2/659 1014/2/666 1013/2/665
f 897/2/546 1015/2/661 1009/2/655
f 897/2/546 1009/2/655 895/2/544
f 1015/2/661 1016/2/662 1010/2/656
f 1015/2/661 1010/2/656 1009/2/655
f 1016/2/662 1017/2/663 1011/2/657
f 1016/2/662 1011/2/657 1010/2/656
f 896/2/545 1012/2/664 1018/2/670
f 896/2/545 1018/2/670 898/2/547
f 1012/2/664 1013/2/665 1019/2/671
f 1012/2/664 1019/2/671 1018/2/670
f 1013/2/665 1014/2/666 1020/2/672
f 1013/2/665 1020/2/672 1019/2/671
f 899/2/548 1021/2/667 1015/2/661
f 899/2/548 1015/2/661 897/2/546
f 1021/2/667 1022/2/762 1016/2/662
f 1021/2/667 1016/2/662 1015/2/661
f 1022/2/762 1023/2/669 1017/2/663
f 1022/2/762 1017/2/663 1016/2/662
f 898/2/547 1018/2/670 1024/2/676
f 898/2/547 1024/2/676 900/2/549
f 1018/2/670 1019/2/671 1025/2/677
f 1018/2/670 1025/2/677 1024/2/676
f 1019/2/671 1020/2/672 1026/2/678
f 1019/2/671 1026/2/678 1025/2/677
f 901/2/550 1027/2/673 1021/2/667
f 901/2/550 1021/2/667 899/2/548
f 1027/2/673 1028/2/674 1022/2/762
f 1027/2/673 1022/2/762 1021/2/667
f 1028/2/674 1029/2/675 1023/2/669
f 1028/2/674 1023/2/669 1022/2/762
f 900/2/549 1024/2/676 1030/2/682
f 900/2/549 1030/2/682 902/2/551
f 1024/2/676 1025/2/677 1031/2/763
f 1024/2/676 1031/2/763 1030/2/682
f 1025/2/677 1026/2/678 1032/2/684
f 1025/2/677 1032/2/684 1031/2/763
f 903/2/552 1033/2/679 1027/2/673
f 903/2/552 1027/2/673 901/2/550
f 1033/2/679 1034/2/764 1028/2/674
f 1033/2/679 1028/2/674 1027/2/673
f 1034/2/764 1035/2/681 1029/2/675
f 1034/2/764 1029/2/675 1028/2/674
f 902/2/551 1030/2/682 1036/2/688
f 902/2/551 1036/2/688 904/2/553
f 1030/2/682 1031/2/763 1037/2/689
f 1030/2/682 1037/2/689 1036/2/688
f 1031/2/763 1032/2/684 1038/2/690
f 1031/2/763 1038/2/690 1037/2/689
f 905/2/554 1039/2/685 1033/2/679
f 905/2/554 1033/2/679 903/2/552
f 1039/2/685 1040/2/686 1034/2/764
f 1039/2/685 1034/2/764 1033/2/679
f 1040/2/686 1041/2/687 1035/2/681
f 1040/2/686 1035/2/681 1034/2/764
f 904/2/553 1036/2/688 1042/2/694
f 904/2/553 1042/2/694 906/2/555
f 1036/2/688 1037/2/689 1043/2/695
f 1036/2/688 1043/2/695 1042/2/694
f 1037/2/689 1038/2/690 1044/2/696
f 1037/2/689 1044/2/696 1043/2/695
f 907/2/556 1045/2/691 1039/2/685
f 907/2/556 1039/2/685 905/2/554
f 1045/2/691 1046/2/692 1040/2/686
f 1045/2/691 1040/2/686 1039/2/685
f 1046/2/692 1047/2/693 1041/2/687
f 1046/2/692 1041/2/687 1040/2/686
f 906/2/555 1042/2/694 1048/2/700
f 906/2/555 1048/2/700 908/2/557
f 1042/2/694 1043/2/695 1049/2/701
f 1042/2/694 1049/2/701 1048/2/700
f 1043/2/695 1044/2/696 1050/2/702
f 1043/2/695 1050/2/702 1049/2/701
f 909/2/558 1051/2/697 1045/2/691
f 909/2/558 1045/2/691 907/2/556
f 1051/2/697 1052/2/698 1046/2/692
f 1051/2/697 1046/2/692 1045/2/691
f 1052/2/698 1053/2/699 1047/2/693
f 1052/2/698 1047/2/693 1046/2/692
f 908/2/557 1048/2/700 1054/2/706
f 908/2/557 1054/2/706 864/2/514
f 1048/2/700 1049/2/701 1055/2/707
f 1048/2/700 1055/2/707 1054/2/706
f 1049/2/701 1050/2/702 1056/2/708
f 1049/2/701 1056/2/708 1055/2/707
f 867/2/513 1057/2/703 1051/2/697
f 867/2/513 1051/2/697 909/2/558
f 1057/2/703 1058/2/704 1052/2/698
f 1057/2/703 1052/2/698 1051/2/697
f 1058/2/704 1059/2/705 1053/2/699
f 1058/2/704 1053/2/699 1052/2/698
f 864/2/514 1054/2/706 916/2/571
f 864/2/514 916/2/571 865/2/515
f 1054/2/706 1055/2/707 918/2/573
f 1054/2/706 918/2/573 916/2/571
f 1055/2/707 1056/2/708 920/2/575
f 1055/2/707 920/2/575 918/2/573
f 866/2/516 923/2/566 1057/2/703
f 866/2/516 1057/2/703 867/2/513
f 923/2/566 925/2/568 1058/2/704
f 923/2/566 1058/2/704 1057/2/703
f 925/2/568 927/2/570 1059/2/705
f 925/2/568 1059/2/705 1058/2/704
f 1060/2/765 927/2/570 926/2/569
f 1060/2/765 926/2/569 1061/2/766
f 1061/2/766 926/2/569 933/2/579
f 1061/2/766 933/2/579 1062/2/767
f 1062/2/767 933/2/579 939/2/585
f 1062/2/767 939/2/585 1063/2/768
f 1063/2/768 939/2/585 945/2/591
f 1063/2/768 945/2/591 1064/2/769
f 1064/2/769 945/2/591 951/2/597
f 1064/2/769 951/2/597 1065/2/770
f 1065/2/770 951/2/597 957/2/603
f 1065/2/770 957/2/603 1066/2/771
f 1066/2/771 957/2/603 963/2/609
f 1066/2/771 963/2/609 1067/2/772
f 1067/2/772 963/2/609 969/2/615
f 1067/2/772 969/2/615 1068/2/773
f 1068/2/773 969/2/615 975/2/621
f 1068/2/773 975/2/621 1069/2/774
f 1069/2/774 975/2/621 981/2/627
f 1069/2/774 981/2/627 1070/2/775
f 1070/2/775 981/2/627 987/2/633
f 1070/2/775 987/2/633 1071/2/776
f 1071/2/776 987/2/633 993/2/639
f 1071/2/776 993/2/639 1072/2/777
f 1072/2/777 993/2/639 999/2/645
f 1072/2/777 999/2/645 1073/2/778
f 1073/2/778 999/2/645 1005/2/651
f 1073/2/778 1005/2/651 1074/2/779
f 1074/2/779 1005/2/651 1011/2/657
f 1074/2/779 1011/2/657 1075/2/780
f 1075/2/780 1011/2/657 1017/2/663
f 1075/2/780 1017/2/663 1076/2/781
f 1076/2/781 1017/2/663 1023/2/669
f 1076/2/781 1023/2/669 1077/2/782
f 1077/2/782 1023/2/669 1029/2/675
f 1077/2/782 1029/2/675 1078/2/783
f 1078/2/783 1029/2/675 1035/2/681
f 1078/2/783 1035/2/681 915/2/756
f 915/2/756 1035/2/681 1041/2/687
f 915/2/756 1041/2/687 912/2/753
f 912/2/753 1041/2/687 1047/2/693
f 912/2/753 1047/2/693 1079/2/784
f 1079/2/784 1047/2/693 1053/2/699
f 1079/2/784 1053/2/699 1080/2/785
f 1080/2/785 1053/2/699 1059/2/705
f 1080/2/785 1059/2/705 1081/2/786
f 1081/2/786 1059/2/705 927/2/570
f 1081/2/786 927/2/570 1060/2/765
f 1073/2/778 1082/2/787 1083/2/788
f 1073/2/778 1083/2/788 1072/2/777
f 1066/2/771 1084/2/789 1085/2/790
f 1066/2/771 1085/2/790 1065/2/770
f 1079/2/784 1086/2/791 913/2/754
f 1079/2/784 913/2/754 912/2/753
f 1074/2/779 1087/2/792 1082/2/787
f 1074/2/779 1082/2/787 1073/2/778
f 1067/2/772 1088/2/793 1084/2/789
f 1067/2/772 1084/2/789 1066/2/771
f 1080/2/785 1089/2/794 1086/2/791
f 1080/2/785 1086/2/791 1079/2/784
f 1075/2/780 1090/2/795 1087/2/792
f 1075/2/780 1087/2/792 1074/2/779
f 1068/2/773 1091/2/796 1088/2/793
f 1068/2/773 1088/2/793 1067/2/772
f 1081/2/786 1092/2/797 1089/2/794
f 1081/2/786 1089/2/794 1080/2/785
f 1061/2/766 1093/2/798 1094/2/799
f 1061/2/766 1094/2/799 1060/2/765
f 1076/2/781 1095/2/800 1090/2/795
f 1076/2/781 1090/2/795 1075/2/780
f 1069/2/774 1096/2/801 1091/2/796
f 1069/2/774 1091/2/796 1068/2/773
f 1060/2/765 1094/2/799 1092/2/797
f 1060/2/765 1092/2/797 1081/2/786
f 1062/2/767 1097/2/802 1093/2/798
f 1062/2/767 1093/2/798 1061/2/766
f 1077/2/782 1098/2/803 1095/2/800
f 1077/2/782 1095/2/800 1076/2/781
f 1070/2/775 1099/2/804 1096/2/801
f 1070/2/775 1096/2/801 1069/2/774
f 1063/2/768 1100/2/805 1097/2/802
f 1063/2/768 1097/2/802 1062/2/767
f 1078/2/783 1101/2/806 1098/2/803
f 1078/2/783 1098/2/803 1077/2/782
f 1071/2/776 1102/2/807 1099/2/804
f 1071/2/776 1099/2/804 1070/2/775
f 1064/2/769 1103/2/808 1100/2/805
f 1064/2/769 1100/2/805 1063/2/768
f 915/2/756 914/2/755 1101/2/806
f 915/2/756 1101/2/806 1078/2/783
f 1072/2/777 1083/2/788 1102/2/807
f 1072/2/777 1102/2/807 1071/2/776
f 1065/2/770 1085/2/790 1103/2/808
f 1065/2/770 1103/2/808 1064/2/769
f 1104/3/809 1105/3/810 1106/3/811
f 1104/3/809 1106/3/811 1107/3/812
f 1107/3/812 1106/3/811 1108/3/813
f 1107/3/812 1108/3/813 1109/3/814
f 1109/3/814 1108/3/813 1110/3/815
f 1109/3/814 1110/3/815 1111/3/816
f 1111/3/816 1110/3/815 1112/3/817
f 1111/3/816 1112/3/817 1113/3/818
f 1113/3/818 1112/3/817 1114/3/819
f 1113/3/818 1114/3/819 1115/3/820
f 1115/3/820 1114/3/819 1116/3/821
f 1115/3/820 1116/3/821 1117/3/822
f 1117/3/822 1116/3/821 1118/3/823
f 1117/3/822 1118/3/823 1119/3/824
f 1119/3/824 1118/3/823 1120/3/825
f 1119/3/824 1120/3/825 1121/3/826
f 1121/3/826 1120/3/825 1122/3/827
f 1121/3/826 1122/3/827 1123/3/828
f 1123/3/828 1122/3/827 1124/3/829
f 1123/3/828 1124/3/829 1125/3/830
f 1125/3/830 1124/3/829 1126/3/831
f 1125/3/830 1126/3/831 1127/3/832
f 1127/3/832 1126/3/831 1128/3/833
f 1127/3/832 1128/3/833 1129/3/834
f 1129/3/834 1128/3/833 1130/3/835
f 1129/3/834 1130/3/835 1131/3/836
f 1131/3/836 1130/3/835 1132/3/837
f 1131/3/836 1132/3/837 1133/3/838
f 1133/3/838 1132/3/837 1134/3/839
f 1133/3/838 1134/3/839 1135/3/840
f 1135/3/840 1134/3/839 1136/3/841
f 1135/3/840 1136/3/841 1137/3/842
f 1137/3/842 1136/3/841 1138/3/843
f 1137/3/842 1138/3/843 1139/3/844
f 1139/3/844 1138/3/843 1140/3/845
f 1139/3/844 1140/3/845 1141/3/846
f 1141/3/846 1140/3/845 1142/3/847
f 1141/3/846 1142/3/847 1143/3/848
f 1143/3/848 1142/3/847 1144/3/849
f 1143/3/848 1144/3/849 1145/3/850
f 1145/3/850 1144/3/849 1146/3/851
f 1145/3/850 1146/3/851 1147/3/852
f 1147/3/852 1146/3/851 1148/3/853
f 1147/3/852 1148/3/853 1149/3/854
f 1149/3/854 1148/3/853 1150/3/855
f 1149/3/854 1150/3/855 1151/3/856
f 1151/3/856 1150/3/855 1105/3/810
f 1151/3/856 1105/3/810 1104/3/809
f 1152/3/128 1153/3/857 1154/3/858
f 1152/3/128 1154/3/858 1155/3/859
f 1155/3/859 1154/3/858 1156/3/860
f 1155/3/859 1156/3/860 1157/3/861
f 1157/3/861 1156/3/860 1158/3/862
f 1157/3/861 1158/3/862 1159/3/863
f 1159/3/863 1158/3/862 1160/3/864
f 1159/3/863 1160/3/864 1161/3/865
f 1161/3/865 1160/3/864 1162/3/866
f 1161/3/865 1162/3/866 1163/3/867
f 1163/3/867 1162/3/866 1164/3/868
f 1163/3/867 1164/3/868 1165/3/480
f 1165/3/480 1164/3/868 1166/3/869
f 1165/3/480 1166/3/869 1167/3/870
f 1167/3/870 1166/3/869 1168/3/871
f 1167/3/870 1168/3/871 1169/3/872
f 1169/3/872 1168/3/871 1170/3/873
f 1169/3/872 1170/3/873 1171/3/874
f 1171/3/874 1170/3/873 1172/3/875
f 1171/3/874 1172/3/875 1173/3/876
f 1173/3/876 1172/3/875 1174/3/877
f 1173/3/876 1174/3/877 1175/3/878
f 1175/3/878 1174/3/877 1176/3/879
f 1175/3/878 1176/3/879 1177/3/880
f 1177/3/880 1176/3/879 1178/3/881
f 1177/3/880 1178/3/881 1179/3/882
f 1179/3/882 1178/3/881 1180/3/883
f 1179/3/882 1180/3/883 1181/3/884
f 1181/3/884 1180/3/883 1182/3/885
f 1181/3/884 1182/3/885 1183/3/886
f 1183/3/886 1182/3/885 1184/3/887
f 1183/3/886 1184/3/887 1185/3/888
f 1185/3/888 1184/3/887 1186/3/889
f 1185/3/888 1186/3/889 1187/3/890
f 1187/3/890 1186/3/889 1188/3/891
f 1187/3/890 1188/3/891 1189/3/447
f 1189/3/447 1188/3/891 1190/3/892
f 1189/3/447 1190/3/892 1191/3/893
f 1191/3/893 1190/3/892 1192/3/894
f 1191/3/893 1192/3/894 1193/3/895
f 1193/3/895 1192/3/894 1194/3/896
f 1193/3/895 1194/3/896 1195/3/897
f 1195/3/897 1194/3/896 1196/3/898
f 1195/3/897 1196/3/898 1197/3/899
f 1197/3/899 1196/3/898 1198/3/900
f 1197/3/899 1198/3/900 1199/3/901
f 1199/3/901 1198/3/900 1153/3/857
f 1199/3/901 1153/3/857 1152/3/128
f 1200/3/128 1201/3/902 1202/3/903
f 1200/3/128 1202/3/903 1203/3/904
f 1203/3/904 1202/3/903 1204/3/905
f 1203/3/904 1204/3/905 1205/3/906
f 1205/3/906 1204/3/905 1206/3/907
f 1205/3/906 1206/3/907 1207/3/908
f 1207/3/908 1206/3/907 1208/3/909
f 1207/3/908 1208/3/909 1209/3/910
f 1209/3/910 1208/3/909 1210/3/911
f 1209/3/910 1210/3/911 1211/3/912
f 1211/3/912 1210/3/911 1212/3/913
f 1211/3/912 1212/3/913 1213/3/914
f 1213/3/914 1212/3/913 1214/3/915
f 1213/3/914 1214/3/915 1215/3/916
f 1215/3/916 1214/3/915 1216/3/917
f 1215/3/916 1216/3/917 1217/3/918
f 1217/3/918 1216/3/917 1218/3/919
f 1217/3/918 1218/3/919 1219/3/920
f 1219/3/920 1218/3/919 1220/3/921
f 1219/3/920 1220/3/921 1221/3/922
f 1221/3/922 1220/3/921 1222/3/923
f 1221/3/922 1222/3/923 1223/3/924
f 1223/3/924 1222/3/923 1224/3/925
f 1223/3/924 1224/3/925 1225/3/880
f 1225/3/880 1224/3/925 1226/3/926
f 1225/3/880 1226/3/926 1227/3/927
f 1227/3/927 1226/3/926 1228/3/928
f 1227/3/927 1228/3/928 1229/3/929
f 1229/3/929 1228/3/928 1230/3/930
f 1229/3/929 1230/3/930 1231/3/931
f 1231/3/931 1230/3/930 1232/3/932
f 1231/3/931 1232/3/932 1233/3/933
f 1233/3/933 1232/3/932 1234/3/934
f 1233/3/933 1234/3/934 1235/3/935
f 1235/3/935 1234/3/934 1236/3/936
f 1235/3/935 1236/3/936 1237/3/937
f 1237/3/937 1236/3/936 1238/3/938
f 1237/3/937 1238/3/938 1239/3/939
f 1239/3/939 1238/3/938 1240/3/940
f 1239/3/939 1240/3/940 1241/3/941
f 1241/3/941 1240/3/940 1242/3/942
f 1241/3/941 1242/3/942 1243/3/943
f 1243/3/943 1242/3/942 1244/3/944
f 1243/3/943 1244/3/944 1245/3/945
f 1245/3/945 1244/3/944 1246/3/946
f 1245/3/945 1246/3/946 1247/3/947
f 1247/3/947 1246/3/946 1201/3/902
f 1247/3/947 1201/3/902 1200/3/128
f 1248/1/948 1249/1/901 1250/1/128
f 1248/1/948 1250/1/128 1251/1/949
f 1252/1/950 1253/1/899 1249/1/901
f 1252/1/950 1249/1/901 1248/1/948
f 1254/1/951 1255/1/897 1253/1/899
f 1254/1/951 1253/1/899 1252/1/950
f 1256/1/952 1257/1/895 1255/1/897
f 1256/1/952 1255/1/897 1254/1/951
f 1258/1/953 1259/1/893 1257/1/895
f 1258/1/953 1257/1/895 1256/1/952
f 1260/1/954 1261/1/447 1259/1/893
f 1260/1/954 1259/1/893 1258/1/953
f 1262/1/955 1263/1/890 1261/1/447
f 1262/1/955 1261/1/447 1260/1/954
f 1264/1/956 1265/1/888 1263/1/890
f 1264/1/956 1263/1/890 1262/1/955
f 1266/1/957 1267/1/886 1265/1/888
f 1266/1/957 1265/1/888 1264/1/956
f 1268/1/958 1269/1/884 1267/1/886
f 1268/1/958 1267/1/886 1266/1/957
f 1270/1/959 1271/1/882 1269/1/884
f 1270/1/959 1269/1/884 1268/1/958
f 1272/1/960 1273/1/880 1271/1/882
f 1272/1/960 1271/1/882 1270/1/959
f 1274/1/961 1275/1/878 1273/1/880
f 1274/1/961 1273/1/880 1272/1/960
f 1276/1/962 1277/1/876 1275/1/878
f 1276/1/962 1275/1/878 1274/1/961
f 1278/1/963 1279/1/874 1277/1/876
f 1278/1/963 1277/1/876 1276/1/962
f 1280/1/964 1281/1/872 1279/1/874
f 1280/1/964 1279/1/874 1278/1/963
f 1282/1/965 1283/1/870 1281/1/872
f 1282/1/965 1281/1/872 1280/1/964
f 1284/1/966 1285/1/480 1283/1/870
f 1284/1/966 1283/1/870 1282/1/965
f 1286/1/967 1287/1/867 1285/1/480
f 1286/1/967 1285/1/480 1284/1/966
f 1288/1/968 1289/1/865 1287/1/867
f 1288/1/968 1287/1/867 1286/1/967
f 1290/1/969 1291/1/863 1289/1/865
f 1290/1/969 1289/1/865 1288/1/968
f 1292/1/970 1293/1/861 1291/1/863
f 1292/1/970 1291/1/863 1290/1/969
f 1294/1/971 1295/1/859 1293/1/861
f 1294/1/971 1293/1/861 1292/1/970
f 1251/1/949 1250/1/128 1295/1/859
f 1251/1/949 1295/1/859 1294/1/971
f 1296/1/972 1297/1/947 1298/1/128
f 1296/1/972 1298/1/128 1299/1/973
f 1300/1/974 1301/1/945 1297/1/947
f 1300/1/974 1297/1/947 1296/1/972
f 1302/1/975 1303/1/943 1301/1/945
f 1302/1/975 1301/1/945 1300/1/974
f 1304/1/976 1305/1/941 1303/1/943
f 1304/1/976 1303/1/943 1302/1/975
f 1306/1/977 1307/1/939 1305/1/941
f 1306/1/977 1305/1/941 1304/1/976
f 1308/1/978 1309/1/937 1307/1/939
f 1308/1/978 1307/1/939 1306/1/977
f 1310/1/979 1311/1/935 1309/1/937
f 1310/1/979 1309/1/937 1308/1/978
f 1312/1/980 1313/1/933 1311/1/935
f 1312/1/980 1311/1/935 1310/1/979
f 1314/1/981 1315/1/931 1313/1/933
f 1314/1/981 1313/1/933 1312/1/980
f 1316/1/982 1317/1/929 1315/1/931
f 1316/1/982 1315/1/931 1314/1/981
f 1318/1/983 1319/1/927 1317/1/929
f 1318/1/983 1317/1/929 1316/1/982
f 1320/1/984 1321/1/880 1319/1/927
f 1320/1/984 1319/1/927 1318/1/983
f 1322/1/985 1323/1/924 1321/1/880
f 1322/1/985 1321/1/880 1320/1/984
f 1324/1/986 1325/1/987 1323/1/924
f 1324/1/986 1323/1/924 1322/1/985
f 1326/1/988 1327/1/920 1325/1/987
f 1326/1/988 1325/1/987 1324/1/986
f 1328/1/989 1329/1/918 1327/1/920
f 1328/1/989 1327/1/920 1326/1/988
f 1330/1/990 1331/1/916 1329/1/918
f 1330/1/990 1329/1/918 1328/1/989
f 1332/1/991 1333/1/914 1331/1/916
f 1332/1/991 1331/1/916 1330/1/990
f 1334/1/992 1335/1/912 1333/1/914
f 1334/1/992 1333/1/914 1332/1/991
f 1336/1/993 1337/1/910 1335/1/912
f 1336/1/993 1335/1/912 1334/1/992
f 1338/1/994 1339/1/908 1337/1/910
f 1338/1/994 1337/1/910 1336/1/993
f 1340/1/995 1341/1/906 1339/1/908
f 1340/1/995 1339/1/908 1338/1/994
f 1342/1/996 1343/1/904 1341/1/906
f 1342/1/996 1341/1/906 1340/1/995
f 1299/1/973 1298/1/128 1343/1/904
f 1299/1/973 1343/1/904 1342/1/996
f 147/3/141 1344/3/997 1345/3/998
f 147/3/141 1345/3/998 1346/3/999
f 192/3/36 1346/3/999 1347/3/1000
f 192/3/36 1347/3/1000 193/3/178
f 1346/3/999 1345/3/998 1348/3/1001
f 1346/3/999 1348/3/1001 1347/3/1000
f 1349/3/1002 1350/3/1003 1351/3/1004
f 1349/3/1002 1351/3/1004 1352/3/1005
f 1353/1/1006 1354/1/1007 35/1/34
f 1353/1/1006 35/1/34 1355/1/1008
f 1356/4/1009 1357/4/1010 1358/4/1011
f 1356/4/1009 1358/4/1011 1359/4/1012
f 185/3/174 1360/3/1013 1361/3/1014
f 185/3/174 1361/3/1014 1344/3/997
f 1344/3/997 1361/3/1014 1362/3/1015
f 1344/3/997 1362/3/1015 1345/3/998
f 1345/3/998 1362/3/1015 1363/3/1016
f 1345/3/998 1363/3/1016 1348/3/1001
f 1348/3/1001 1363/3/1016 1364/3/1017
f 1348/3/1001 1364/3/1017 1365/3/1018
f 193/3/178 1347/3/1000 1366/3/1019
f 193/3/178 1366/3/1019 1367/3/1020
f 1368/1/1021 1369/1/1022 1370/1/1023
f 1368/1/1021 1370/1/1023 1371/1/1024
f 1372/1/1025 37/1/36 5/1/5
f 1372/1/1025 5/1/5 4/1/4
f 1355/1/1008 35/1/34 37/1/36
f 1355/1/1008 37/1/36 1372/1/1025
f 1373/2/1026 1374/2/1027 1375/2/1028
f 1373/2/1026 1375/2/1028 1376/2/1029
f 1377/2/1030 152/2/146 151/2/145
f 1377/2/1030 151/2/145 1378/2/1031
f 1379/4/1032 217/4/197 216/4/196
f 1379/4/1032 216/4/196 1380/4/8
f 1381/3/1033 1382/3/1034 1383/3/1035
f 1381/3/1033 1383/3/1035 34/3/33
f 1384/2/1033 1385/2/1036 1386/2/1037
f 1384/2/1033 1386/2/1037 1387/2/1034
f 1388/1/1038 1389/1/95 1390/1/1039
f 1388/1/1038 1390/1/1039 1391/1/1040
f 151/2/145 98/2/94 1392/2/1041
f 151/2/145 1392/2/1041 1378/2/1031
f 1387/2/1034 1386/2/1037 1393/2/1042
f 1387/2/1034 1393/2/1042 1394/2/1043
f 1395/1/1044 220/1/200 1396/1/1045
f 1395/1/1044 1396/1/1045 178/1/169
f 1397/1/1027 1398/1/1046 1395/1/1044
f 1397/1/1027 1395/1/1044 1399/1/1047
f 1400/3/1048 1401/3/1049 1402/3/1050
f 1400/3/1048 1402/3/1050 1403/3/11
f 11/2/11 1404/2/1050 1405/2/1051
f 11/2/11 1405/2/1051 12/2/12
f 1406/4/1052 1407/4/1053 1408/4/1054
f 1406/4/1052 1408/4/1054 1409/4/1055
f 1410/1/1056 1411/1/1057 1412/1/1058
f 1410/1/1056 1412/1/1058 1413/1/1059
f 1411/1/1057 1414/1/1060 1415/1/1061
f 1411/1/1057 1415/1/1061 1412/1/1058
f 1413/1/1059 1412/1/1058 1416/1/1062
f 1413/1/1059 1416/1/1062 1417/1/1063
f 1412/1/1058 1415/1/1061 1418/1/1064
f 1412/1/1058 1418/1/1064 1416/1/1062
f 1419/1/1065 1420/1/1066 1410/1/1056
f 1419/1/1065 1410/1/1056 1421/1/1067
f 1420/1/1066 1422/1/1068 1411/1/1057
f 1420/1/1066 1411/1/1057 1410/1/1056
f 1422/1/1068 1423/1/1069 1414/1/1060
f 1422/1/1068 1414/1/1060 1411/1/1057
f 1423/1/1069 1424/1/1070 1425/1/1071
f 1423/1/1069 1425/1/1071 1414/1/1060
f 1414/1/1060 1425/1/1071 1426/1/1072
f 1414/1/1060 1426/1/1072 1415/1/1061
f 1415/1/1061 1426/1/1072 1427/1/1073
f 1415/1/1061 1427/1/1073 1418/1/1064
f 1428/3/1064 1429/3/1074 1430/3/1075
f 1428/3/1064 1430/3/1075 1431/3/1076
f 1432/3/1062 1428/3/1064 1431/3/1076
f 1432/3/1062 1431/3/1076 1433/3/1077
f 1434/3/1063 1432/3/1062 1433/3/1077
f 1434/3/1063 1433/3/1077 1435/3/1078
f 1436/3/1079 1434/3/1063 1435/3/1078
f 1436/3/1079 1435/3/1078 1437/3/1080
f 1438/1/1081 1413/1/1059 1417/1/1063
f 1438/1/1081 1417/1/1063 1439/1/1082
f 1421/1/1067 1410/1/1056 1413/1/1059
f 1421/1/1067 1413/1/1059 1438/1/1081
f 1409/4/1055 1408/4/1054 1440/4/1083
f 1409/4/1055 1440/4/1083 1441/4/1084
f 1442/4/1085 1407/4/1053 1406/4/1052
f 1442/4/1085 1406/4/1052 1443/4/1086
f 1444/4/1087 1443/4/1086 1406/4/1052
f 1444/4/1087 1406/4/1052 1445/4/1088
f 1441/4/1084 1440/4/1083 217/4/197
f 1441/4/1084 217/4/197 1379/4/1032
f 1446/4/1089 1447/4/1090 1448/4/1091
f 1446/4/1089 1448/4/1091 1449/4/1092
f 1449/4/1092 1448/4/1091 1450/4/1093
f 1449/4/1092 1450/4/1093 1451/4/1094
f 1451/4/1094 1450/4/1093 196/4/181
f 1451/4/1094 196/4/181 1452/4/1095
f 1452/4/1095 196/4/181 195/4/180
f 1452/4/1095 195/4/180 1453/4/199
f 1454/1/1096 1455/1/1097 1456/1/1098
f 1454/1/1096 1456/1/1098 1457/1/1099
f 1458/4/1100 1441/4/1084 1379/4/1032
f 1458/4/1100 1379/4/1032 1459/4/1101
f 1460/4/1102 1409/4/1055 1441/4/1084
f 1460/4/1102 1441/4/1084 1458/4/1100
f 1445/4/1088 1406/4/1052 1409/4/1055
f 1445/4/1088 1409/4/1055 1460/4/1102
f 1461/1/1103 1462/1/1104 1463/1/1105
f 1461/1/1103 1463/1/1105 1464/1/1106
f 1462/1/1104 1465/1/1107 1466/1/1108
f 1462/1/1104 1466/1/1108 1463/1/1105
f 1464/1/1106 1463/1/1105 1467/1/1109
f 1464/1/1106 1467/1/1109 1468/1/1110
f 1463/1/1105 1466/1/1108 1469/1/1111
f 1463/1/1105 1469/1/1111 1467/1/1109
f 1470/1/1112 1471/1/1113 1461/1/1103
f 1470/1/1112 1461/1/1103 1472/1/1114
f 1471/1/1113 1473/1/1115 1462/1/1104
f 1471/1/1113 1462/1/1104 1461/1/1103
f 1473/1/1115 1474/1/1116 1465/1/1107
f 1473/1/1115 1465/1/1107 1462/1/1104
f 1475/3/1117 1476/3/1118 1477/3/1119
f 1475/3/1117 1477/3/1119 1478/3/1107
f 1478/3/1107 1477/3/1119 1479/3/1120
f 1478/3/1107 1479/3/1120 1480/3/1121
f 1480/3/1121 1479/3/1120 1481/3/1122
f 1480/3/1121 1481/3/1122 1482/3/1123
f 1482/3/1123 1481/3/1122 1483/3/1124
f 1482/3/1123 1483/3/1124 1484/3/1125
f 1467/1/1109 1469/1/1111 1485/1/1126
f 1467/1/1109 1485/1/1126 1486/1/1127
f 1468/1/1110 1467/1/1109 1486/1/1127
f 1468/1/1110 1486/1/1127 1487/1/1128
f 1488/1/1129 1468/1/1110 1487/1/1128
f 1488/1/1129 1487/1/1128 1489/1/1130
f 1490/1/1131 1464/1/1106 1468/1/1110
f 1490/1/1131 1468/1/1110 1488/1/1129
f 1472/1/1114 1461/1/1103 1464/1/1106
f 1472/1/1114 1464/1/1106 1490/1/1131
f 1491/3/1132 1492/3/1133 13/3/13
f 1491/3/1132 13/3/13 1493/3/1134
f 92/2/90 1494/2/1135 90/2/88
f 92/2/90 90/2/88 89/2/87
f 1495/2/1136 1496/2/1137 92/2/90
f 1495/2/1136 92/2/90 91/2/89
f 1497/3/1138 1401/3/1049 1498/3/1139
f 1497/3/1138 1498/3/1139 1491/3/1132
f 1400/3/1048 1499/3/1140 1500/3/1141
f 1400/3/1048 1500/3/1141 1501/3/1142
f 1494/2/1135 1502/2/22 1503/2/1143
f 1494/2/1135 1503/2/1143 90/2/88
f 90/2/88 1503/2/1143 94/2/92
f 90/2/88 94/2/92 88/2/19
f 15/3/15 14/3/14 20/3/20
f 15/3/15 20/3/20 1504/3/1144
f 1505/3/1145 15/3/15 1504/3/1144
f 1505/3/1145 1504/3/1144 1506/3/1146
f 1493/3/1134 13/3/13 15/3/15
f 1493/3/1134 15/3/15 1505/3/1145
f 1507/3/1147 1508/3/1148 1509/3/1149
f 1507/3/1147 1509/3/1149 1510/3/1150
f 1508/3/1148 25/3/24 1511/3/1151
f 1508/3/1148 1511/3/1151 1509/3/1149
f 1512/1/1150 1513/1/1149 1514/1/1152
f 1512/1/1150 1514/1/1152 1515/1/1153
f 1513/1/1149 1516/1/1151 1517/1/1154
f 1513/1/1149 1517/1/1154 1514/1/1152
f 1506/3/1146 1504/3/1144 1507/3/1147
f 1506/3/1146 1507/3/1147 1518/3/1155
f 1504/3/1144 20/3/20 1508/3/1148
f 1504/3/1144 1508/3/1148 1507/3/1147
f 20/3/20 19/3/19 25/3/24
f 20/3/20 25/3/24 1508/3/1148
f 25/3/24 24/3/23 1519/3/1156
f 25/3/24 1519/3/1156 1511/3/1151
f 1516/1/1151 1520/1/1157 1521/1/1158
f 1516/1/1151 1521/1/1158 1517/1/1154
f 1517/1/1154 1521/1/1158 1522/1/1159
f 1517/1/1154 1522/1/1159 1523/1/1160
f 1514/1/1152 1517/1/1154 1523/1/1160
f 1514/1/1152 1523/1/1160 1524/1/1161
f 1515/1/1153 1514/1/1152 1524/1/1161
f 1515/1/1153 1524/1/1161 1525/1/1162
f 1526/1/1163 1515/1/1153 1525/1/1162
f 1526/1/1163 1525/1/1162 1527/1/1164
f 1528/1/1165 1512/1/1150 1515/1/1153
f 1528/1/1165 1515/1/1153 1526/1/1163
f 1518/3/1155 1507/3/1147 1510/3/1150
f 1518/3/1155 1510/3/1150 1529/3/1166
f 1530/1/1167 1531/1/1168 1532/1/1169
f 1530/1/1167 1532/1/1169 1533/1/1170
f 1531/1/1168 1534/1/1171 1535/1/1172
f 1531/1/1168 1535/1/1172 1532/1/1169
f 1533/1/1170 1532/1/1169 1536/1/1173
f 1533/1/1170 1536/1/1173 1537/1/1174
f 1532/1/1169 1535/1/1172 1538/1/1175
f 1532/1/1169 1538/1/1175 1536/1/1173
f 1489/1/1130 1487/1/1128 1530/1/1167
f 1489/1/1130 1530/1/1167 1539/1/1176
f 1487/1/1128 1486/1/1127 1531/1/1168
f 1487/1/1128 1531/1/1168 1530/1/1167
f 1486/1/1127 1485/1/1126 1534/1/1171
f 1486/1/1127 1534/1/1171 1531/1/1168
f 1484/3/1125 1483/3/1124 1540/3/1177
f 1484/3/1125 1540/3/1177 1541/3/1178
f 1541/3/1178 1540/3/1177 1542/3/1179
f 1541/3/1178 1542/3/1179 1543/3/1172
f 1535/1/1172 1544/1/1180 1545/1/1181
f 1535/1/1172 1545/1/1181 1538/1/1175
f 1538/1/1175 1545/1/1181 1546/1/1182
f 1538/1/1175 1546/1/1182 1547/1/1183
f 1536/1/1173 1538/1/1175 1547/1/1183
f 1536/1/1173 1547/1/1183 1548/1/1184
f 1537/1/1174 1536/1/1173 1548/1/1184
f 1537/1/1174 1548/1/1184 1549/1/1185
f 1550/1/1186 1537/1/1174 1549/1/1185
f 1550/1/1186 1549/1/1185 1551/1/1187
f 1552/1/1188 1533/1/1170 1537/1/1174
f 1552/1/1188 1537/1/1174 1550/1/1186
f 1539/1/1176 1530/1/1167 1533/1/1170
f 1539/1/1176 1533/1/1170 1552/1/1188
f 1553/3/1189 1554/3/1190 1555/3/1191
f 1553/3/1189 1555/3/1191 1556/3/1192
f 1554/3/1190 1557/3/1193 1558/3/1194
f 1554/3/1190 1558/3/1194 1555/3/1191
f 1559/1/1195 1560/1/1196 1561/1/1197
f 1559/1/1195 1561/1/1197 1562/1/1198
f 1560/1/1196 1563/1/1199 1564/1/1200
f 1560/1/1196 1564/1/1200 1561/1/1197
f 94/2/92 1565/2/1201 1566/2/1202
f 94/2/92 1566/2/1202 93/2/91
f 1565/2/1201 1567/2/1203 1568/2/1204
f 1565/2/1201 1568/2/1204 1566/2/1202
f 1567/2/1203 1569/2/1205 1570/2/1206
f 1567/2/1203 1570/2/1206 1568/2/1204
f 1569/2/1205 1571/2/1207 1572/2/1208
f 1569/2/1205 1572/2/1208 1570/2/1206
f 1557/3/1193 1573/3/1209 1574/3/1210
f 1557/3/1193 1574/3/1210 1558/3/1194
f 1563/1/1199 1575/1/1210 1576/1/1211
f 1563/1/1199 1576/1/1211 1564/1/1200
f 1564/1/1200 1576/1/1211 1577/1/1212
f 1564/1/1200 1577/1/1212 1578/1/1213
f 1561/1/1197 1564/1/1200 1578/1/1213
f 1561/1/1197 1578/1/1213 1579/1/1214
f 1562/1/1198 1561/1/1197 1579/1/1214
f 1562/1/1198 1579/1/1214 1580/1/1215
f 1521/1/1158 1562/1/1198 1580/1/1215
f 1521/1/1158 1580/1/1215 1522/1/1159
f 1520/1/1157 1559/1/1195 1562/1/1198
f 1520/1/1157 1562/1/1198 1521/1/1158
f 24/3/23 1553/3/1189 1556/3/1192
f 24/3/23 1556/3/1192 1519/3/1156
f 1581/1/1216 1582/1/1217 1583/1/1218
f 1581/1/1216 1583/1/1218 1584/1/1219
f 1582/1/1217 1585/1/1220 1586/1/1221
f 1582/1/1217 1586/1/1221 1583/1/1218
f 1584/1/1219 1583/1/1218 1587/1/1222
f 1584/1/1219 1587/1/1222 1588/1/1223
f 1583/1/1218 1586/1/1221 1589/1/1224
f 1583/1/1218 1589/1/1224 1587/1/1222
f 1527/1/1164 1525/1/1162 1581/1/1216
f 1527/1/1164 1581/1/1216 1590/1/1225
f 1525/1/1162 1524/1/1161 1582/1/1217
f 1525/1/1162 1582/1/1217 1581/1/1216
f 1524/1/1161 1523/1/1160 1585/1/1220
f 1524/1/1161 1585/1/1220 1582/1/1217
f 1523/1/1160 1522/1/1159 1580/1/1215
f 1523/1/1160 1580/1/1215 1585/1/1220
f 1585/1/1220 1580/1/1215 1579/1/1214
f 1585/1/1220 1579/1/1214 1586/1/1221
f 1586/1/1221 1579/1/1214 1578/1/1213
f 1586/1/1221 1578/1/1213 1589/1/1224
f 1589/1/1224 1578/1/1213 1577/1/1212
f 1589/1/1224 1577/1/1212 1591/1/1226
f 1587/1/1222 1589/1/1224 1591/1/1226
f 1587/1/1222 1591/1/1226 1592/1/1227
f 1588/1/1223 1587/1/1222 1592/1/1227
f 1588/1/1223 1592/1/1227 1593/1/1228
f 1594/1/1229 1588/1/1223 1593/1/1228
f 1594/1/1229 1593/1/1228 1595/1/1230
f 1596/1/1231 1584/1/1219 1588/1/1223
f 1596/1/1231 1588/1/1223 1594/1/1229
f 1590/1/1225 1581/1/1216 1584/1/1219
f 1590/1/1225 1584/1/1219 1596/1/1231
f 1597/1/1232 1598/1/1233 1599/1/1234
f 1597/1/1232 1599/1/1234 1600/1/1235
f 1598/1/1233 214/1/194 1601/1/1236
f 1598/1/1233 1601/1/1236 1599/1/1234
f 1602/2/1237 1603/2/1234 1604/2/1238
f 1602/2/1237 1604/2/1238 1605/2/1239
f 1603/2/1234 1606/2/1240 1607/2/1241
f 1603/2/1234 1607/2/1241 1604/2/1238
f 196/4/181 1450/4/1093 1608/4/1242
f 196/4/181 1608/4/1242 194/4/179
f 1450/4/1093 1448/4/1091 1609/4/192
f 1450/4/1093 1609/4/192 1608/4/1242
f 1448/4/1091 1447/4/1090 1610/4/193
f 1448/4/1091 1610/4/193 1609/4/192
f 214/1/194 213/1/193 1611/1/1243
f 214/1/194 1611/1/1243 1601/1/1236
f 1606/2/1240 1612/2/1243 1613/2/1244
f 1606/2/1240 1613/2/1244 1607/2/1241
f 1607/2/1241 1613/2/1244 1571/2/1207
f 1607/2/1241 1571/2/1207 1569/2/1205
f 1604/2/1238 1607/2/1241 1569/2/1205
f 1604/2/1238 1569/2/1205 1567/2/1203
f 1605/2/1239 1604/2/1238 1567/2/1203
f 1605/2/1239 1567/2/1203 1565/2/1201
f 1503/2/1143 1605/2/1239 1565/2/1201
f 1503/2/1143 1565/2/1201 94/2/92
f 1502/2/22 1602/2/1237 1605/2/1239
f 1502/2/22 1605/2/1239 1503/2/1143
f 22/1/21 1597/1/1232 1600/1/1235
f 22/1/21 1600/1/1235 23/1/22
f 1614/4/1245 1615/4/1246 1616/4/1247
f 1614/4/1245 1616/4/1247 1617/4/1248
f 1615/4/1246 1618/4/1249 1619/4/1250
f 1615/4/1246 1619/4/1250 1616/4/1247
f 1617/4/1248 1616/4/1247 1620/4/1251
f 1617/4/1248 1620/4/1251 1621/4/1252
f 1616/4/1247 1619/4/1250 1622/4/1253
f 1616/4/1247 1622/4/1253 1620/4/1251
f 1623/4/1254 1624/4/1255 1614/4/1245
f 1623/4/1254 1614/4/1245 1625/4/1256
f 1624/4/1255 1626/4/1257 1615/4/1246
f 1624/4/1255 1615/4/1246 1614/4/1245
f 1626/4/1257 1627/4/1258 1618/4/1249
f 1626/4/1257 1618/4/1249 1615/4/1246
f 1627/4/1258 1444/4/1087 1445/4/1088
f 1627/4/1258 1445/4/1088 1618/4/1249
f 1618/4/1249 1445/4/1088 1460/4/1102
f 1618/4/1249 1460/4/1102 1619/4/1250
f 1619/4/1250 1460/4/1102 1458/4/1100
f 1619/4/1250 1458/4/1100 1622/4/1253
f 1622/4/1253 1458/4/1100 1459/4/1101
f 1622/4/1253 1459/4/1101 1628/4/1259
f 1620/4/1251 1622/4/1253 1628/4/1259
f 1620/4/1251 1628/4/1259 1629/4/1260
f 1621/4/1252 1620/4/1251 1629/4/1260
f 1621/4/1252 1629/4/1260 1630/4/1261
f 1631/4/1262 1621/4/1252 1630/4/1261
f 1631/4/1262 1630/4/1261 1632/4/1263
f 1633/4/1264 1617/4/1248 1621/4/1252
f 1633/4/1264 1621/4/1252 1631/4/1262
f 1625/4/1256 1614/4/1245 1617/4/1248
f 1625/4/1256 1617/4/1248 1633/4/1264
f 1457/1/1099 1456/1/1098 1634/1/1265
f 1457/1/1099 1634/1/1265 1635/1/1266
f 1636/1/1267 1455/1/1097 1454/1/1096
f 1636/1/1267 1454/1/1096 1637/1/1268
f 1470/1/1112 1637/1/1268 1454/1/1096
f 1470/1/1112 1454/1/1096 1471/1/1113
f 1638/3/1269 1639/3/1270 1640/3/1271
f 1638/3/1269 1640/3/1271 1641/3/1272
f 1636/1/1267 1642/1/1273 1643/1/1274
f 1636/1/1267 1643/1/1274 1455/1/1097
f 1455/1/1097 1643/1/1274 1644/1/1275
f 1455/1/1097 1644/1/1275 1456/1/1098
f 1456/1/1098 1644/1/1275 1645/1/1276
f 1456/1/1098 1645/1/1276 1634/1/1265
f 1639/3/1270 1646/3/1277 1647/3/1278
f 1639/3/1270 1647/3/1278 1640/3/1271
f 1648/3/1279 1649/3/1280 1650/3/1281
f 1648/3/1279 1650/3/1281 1651/3/1282
f 1475/3/1117 1638/3/1269 1641/3/1272
f 1475/3/1117 1641/3/1272 1476/3/1118
f 1473/1/1115 1457/1/1099 1635/1/1266
f 1473/1/1115 1635/1/1266 1474/1/1116
f 1471/1/1113 1454/1/1096 1457/1/1099
f 1471/1/1113 1457/1/1099 1473/1/1115
f 1652/2/1283 1653/2/1284 166/2/158
f 1652/2/1283 166/2/158 1654/2/1285
f 1655/2/1286 1656/2/1287 1657/2/27
f 1655/2/1286 1657/2/27 1658/2/1288
f 1659/2/1289 106/2/102 105/2/101
f 1659/2/1289 105/2/101 1660/2/201
f 107/2/103 31/2/30 1661/2/1290
f 107/2/103 1661/2/1290 1662/2/1291
f 1663/2/1292 1662/2/1291 1661/2/1290
f 1663/2/1292 1661/2/1290 104/2/100
f 1664/2/1293 1665/2/1294 1666/2/1295
f 1664/2/1293 1666/2/1295 1667/2/1296
f 1668/4/1297 1669/4/1298 1670/4/1299
f 1668/4/1297 1670/4/1299 1671/4/1300
f 1672/2/1297 1673/2/1301 1674/2/1302
f 1672/2/1297 1674/2/1302 1675/2/1298
f 1667/2/1296 1666/2/1295 1655/2/1286
f 1667/2/1296 1655/2/1286 1676/2/1303
f 1677/4/1304 1632/4/1263 1630/4/1261
f 1677/4/1304 1630/4/1261 110/4/106
f 110/4/106 1630/4/1261 1629/4/1260
f 110/4/106 1629/4/1260 1678/4/1305
f 1678/4/1305 1629/4/1260 1628/4/1259
f 1678/4/1305 1628/4/1259 211/4/191
f 211/4/191 1628/4/1259 1459/4/1101
f 211/4/191 1459/4/1101 209/4/7
f 1679/2/1306 1680/2/1307 1681/2/1308
f 1679/2/1306 1681/2/1308 1682/2/1309
f 1682/2/1309 1681/2/1308 180/2/171
f 1682/2/1309 180/2/171 179/2/170
f 1683/2/1310 181/2/172 180/2/171
f 1683/2/1310 180/2/171 1684/2/1311
f 1654/2/1285 166/2/158 30/2/29
f 1654/2/1285 30/2/29 1685/2/1312
f 1676/2/1303 1655/2/1286 1658/2/1288
f 1676/2/1303 1658/2/1288 1686/2/1313
f 1687/2/1314 1688/2/1315 1689/2/1316
f 1687/2/1314 1689/2/1316 1690/2/1317
f 1691/4/1318 1692/4/1319 1693/4/1320
f 1691/4/1318 1693/4/1320 1694/4/1321
f 1695/1/1322 202/1/186 201/1/185
f 1695/1/1322 201/1/185 1696/1/1323
f 1697/2/1324 1698/2/1325 1699/2/1326
f 1697/2/1324 1699/2/1326 1700/2/1323
f 1701/2/1327 1702/2/1328 1698/2/1325
f 1701/2/1327 1698/2/1325 1703/2/1329
f 1704/4/1330 1705/4/1331 1706/4/1332
f 1704/4/1330 1706/4/1332 1707/4/1333
f 227/2/206 226/2/205 237/2/214
f 227/2/206 237/2/214 1708/2/1334
f 1693/4/1320 1692/4/1319 1709/4/1335
f 1693/4/1320 1709/4/1335 1710/4/1336
f 1710/4/1336 1709/4/1335 1632/4/1263
f 1710/4/1336 1632/4/1263 1677/4/1304
f 1711/2/1337 1712/2/1338 1702/2/1328
f 1711/2/1337 1702/2/1328 1701/2/1327
f 1713/4/1339 1671/4/1300 1670/4/1299
f 1713/4/1339 1670/4/1299 1714/4/1340
f 1715/2/1341 1716/2/1342 1717/2/1343
f 1715/2/1341 1717/2/1343 1718/2/1340
f 1719/2/1344 1716/2/1342 1715/2/1341
f 1719/2/1344 1715/2/1341 1720/2/1345
f 1721/2/1346 1722/2/1322 1723/2/1347
f 1721/2/1346 1723/2/1347 1724/2/1348
f 1707/4/1333 1706/4/1332 1725/4/1349
f 1707/4/1333 1725/4/1349 1726/4/1350
f 1705/4/1331 1727/4/1351 1728/4/1352
f 1705/4/1331 1728/4/1352 1706/4/1332
f 1729/4/1353 1705/4/1331 1704/4/1330
f 1729/4/1353 1704/4/1330 1730/4/1354
f 1706/4/1332 1728/4/1352 1731/4/1355
f 1706/4/1332 1731/4/1355 1725/4/1349
f 1726/4/1350 1725/4/1349 1692/4/1319
f 1726/4/1350 1692/4/1319 1691/4/1318
f 1729/4/1353 1732/4/1356 1727/4/1351
f 1729/4/1353 1727/4/1351 1705/4/1331
f 1732/4/1356 1623/4/1254 1625/4/1256
f 1732/4/1356 1625/4/1256 1727/4/1351
f 1727/4/1351 1625/4/1256 1633/4/1264
f 1727/4/1351 1633/4/1264 1728/4/1352
f 1728/4/1352 1633/4/1264 1631/4/1262
f 1728/4/1352 1631/4/1262 1731/4/1355
f 1731/4/1355 1631/4/1262 1632/4/1263
f 1731/4/1355 1632/4/1263 1709/4/1335
f 1725/4/1349 1731/4/1355 1709/4/1335
f 1725/4/1349 1709/4/1335 1692/4/1319
f 1733/3/1357 1734/3/1358 1735/3/1359
f 1733/3/1357 1735/3/1359 1736/3/1360
f 1737/1/1361 1738/1/1362 1739/1/1363
f 1737/1/1361 1739/1/1363 1740/1/1364
f 1738/1/1362 1741/1/1365 1742/1/1366
f 1738/1/1362 1742/1/1366 1739/1/1363
f 1740/1/1364 1739/1/1363 1743/1/1367
f 1740/1/1364 1743/1/1367 1744/1/1368
f 1739/1/1363 1742/1/1366 1745/1/1369
f 1739/1/1363 1745/1/1369 1743/1/1367
f 1642/1/1273 1746/1/1370 1737/1/1361
f 1642/1/1273 1737/1/1361 1643/1/1274
f 1746/1/1370 1747/1/1370 1738/1/1362
f 1746/1/1370 1738/1/1362 1737/1/1361
f 1747/1/1370 1748/1/1371 1741/1/1365
f 1747/1/1370 1741/1/1365 1738/1/1362
f 1748/1/1371 1749/1/1114 1750/1/1372
f 1748/1/1371 1750/1/1372 1741/1/1365
f 1741/1/1365 1750/1/1372 1751/1/1373
f 1741/1/1365 1751/1/1373 1742/1/1366
f 1742/1/1366 1751/1/1373 1752/1/1374
f 1742/1/1366 1752/1/1374 1745/1/1369
f 1753/3/1369 1754/3/1374 1755/3/1375
f 1753/3/1369 1755/3/1375 1756/3/1376
f 1757/3/1367 1753/3/1369 1756/3/1376
f 1757/3/1367 1756/3/1376 1758/3/1377
f 1759/3/1378 1757/3/1367 1758/3/1377
f 1759/3/1378 1758/3/1377 1760/3/1379
f 1646/3/1277 1759/3/1378 1760/3/1379
f 1646/3/1277 1760/3/1379 1647/3/1278
f 1644/1/1275 1740/1/1364 1744/1/1368
f 1644/1/1275 1744/1/1368 1645/1/1276
f 1643/1/1274 1737/1/1361 1740/1/1364
f 1643/1/1274 1740/1/1364 1644/1/1275
f 1761/3/1380 1736/3/1360 1762/3/1381
f 1761/3/1380 1762/3/1381 1763/3/1382
f 1764/3/1383 1765/3/1384 1735/3/1359
f 1764/3/1383 1735/3/1359 1734/3/1358
f 1766/4/1385 1767/4/1386 1768/4/1387
f 1766/4/1385 1768/4/1387 1769/4/1388
f 1736/3/1360 1735/3/1359 1770/3/1389
f 1736/3/1360 1770/3/1389 1762/3/1381
f 1763/3/1382 1762/3/1381 1771/3/1390
f 1763/3/1382 1771/3/1390 1755/3/1375
f 1736/3/1360 1761/3/1380 1437/3/1080
f 1736/3/1360 1437/3/1080 1733/3/1357
f 1735/3/1359 1765/3/1384 1772/3/1391
f 1735/3/1359 1772/3/1391 1770/3/1389
f 1770/3/1389 1772/3/1391 1773/3/1392
f 1770/3/1389 1773/3/1392 1774/3/1393
f 1762/3/1381 1770/3/1389 1774/3/1393
f 1762/3/1381 1774/3/1393 1771/3/1390
f 1756/3/1376 1775/3/1394 1776/3/1395
f 1756/3/1376 1776/3/1395 1758/3/1377
f 1758/3/1377 1776/3/1395 1777/3/1396
f 1758/3/1377 1777/3/1396 1760/3/1379
f 1775/3/1394 1778/3/1397 1779/3/1398
f 1775/3/1394 1779/3/1398 1776/3/1395
f 1771/3/1390 1775/3/1394 1756/3/1376
f 1771/3/1390 1756/3/1376 1755/3/1375
f 1776/3/1395 1779/3/1398 1780/3/1399
f 1776/3/1395 1780/3/1399 1777/3/1396
f 1760/3/1379 1777/3/1396 1781/3/1400
f 1760/3/1379 1781/3/1400 1647/3/1278
f 1771/3/1390 1774/3/1393 1778/3/1397
f 1771/3/1390 1778/3/1397 1775/3/1394
f 1774/3/1393 1773/3/1392 1782/3/1401
f 1774/3/1393 1782/3/1401 1778/3/1397
f 1778/3/1397 1782/3/1401 1783/3/1402
f 1778/3/1397 1783/3/1402 1779/3/1398
f 1779/3/1398 1783/3/1402 1784/3/1403
f 1779/3/1398 1784/3/1403 1780/3/1399
f 1780/3/1399 1784/3/1403 1785/3/1404
f 1780/3/1399 1785/3/1404 1786/3/1405
f 1777/3/1396 1780/3/1399 1786/3/1405
f 1777/3/1396 1786/3/1405 1781/3/1400
f 1547/1/1183 1787/1/1406 1788/1/1407
f 1547/1/1183 1788/1/1407 1548/1/1184
f 1548/1/1184 1788/1/1407 1789/1/1408
f 1548/1/1184 1789/1/1408 1549/1/1185
f 1787/1/1406 1790/1/1409 1791/1/1410
f 1787/1/1406 1791/1/1410 1788/1/1407
f 1546/1/1182 1792/1/1411 1787/1/1406
f 1546/1/1182 1787/1/1406 1547/1/1183
f 1788/1/1407 1791/1/1410 1793/1/1412
f 1788/1/1407 1793/1/1412 1789/1/1408
f 1549/1/1185 1789/1/1408 1794/1/1413
f 1549/1/1185 1794/1/1413 1551/1/1187
f 1792/1/1411 1795/1/1414 1790/1/1409
f 1792/1/1411 1790/1/1409 1787/1/1406
f 1795/1/1414 1796/1/1415 1797/1/1416
f 1795/1/1414 1797/1/1416 1790/1/1409
f 1790/1/1409 1797/1/1416 1798/1/1417
f 1790/1/1409 1798/1/1417 1791/1/1410
f 1791/1/1410 1798/1/1417 1799/1/1418
f 1791/1/1410 1799/1/1418 1793/1/1412
f 1793/1/1412 1799/1/1418 1800/1/1419
f 1793/1/1412 1800/1/1419 1801/1/1420
f 1789/1/1408 1793/1/1412 1801/1/1420
f 1789/1/1408 1801/1/1420 1794/1/1413
f 1540/3/1177 1802/3/1421 1803/3/1422
f 1540/3/1177 1803/3/1422 1542/3/1179
f 1544/1/1180 1804/1/1423 1805/1/1424
f 1544/1/1180 1805/1/1424 1545/1/1181
f 1802/3/1421 1806/3/1425 1807/3/1426
f 1802/3/1421 1807/3/1426 1803/3/1422
f 1483/3/1124 1808/3/1427 1802/3/1421
f 1483/3/1124 1802/3/1421 1540/3/1177
f 1804/1/1423 1809/1/1426 1810/1/1428
f 1804/1/1423 1810/1/1428 1805/1/1424
f 1545/1/1181 1805/1/1424 1792/1/1411
f 1545/1/1181 1792/1/1411 1546/1/1182
f 1808/3/1427 1811/3/1429 1806/3/1425
f 1808/3/1427 1806/3/1425 1802/3/1421
f 1811/3/1429 1812/3/1430 1813/3/1431
f 1811/3/1429 1813/3/1431 1806/3/1425
f 1806/3/1425 1813/3/1431 1814/3/1432
f 1806/3/1425 1814/3/1432 1807/3/1426
f 1809/1/1426 1815/1/1432 1816/1/1433
f 1809/1/1426 1816/1/1433 1810/1/1428
f 1810/1/1428 1816/1/1433 1796/1/1415
f 1810/1/1428 1796/1/1415 1795/1/1414
f 1805/1/1424 1810/1/1428 1795/1/1414
f 1805/1/1424 1795/1/1414 1792/1/1411
f 1477/3/1119 1817/3/1434 1818/3/1435
f 1477/3/1119 1818/3/1435 1479/3/1120
f 1479/3/1120 1818/3/1435 1819/3/1436
f 1479/3/1120 1819/3/1436 1481/3/1122
f 1817/3/1434 1820/3/1437 1821/3/1438
f 1817/3/1434 1821/3/1438 1818/3/1435
f 1476/3/1118 1822/3/1439 1817/3/1434
f 1476/3/1118 1817/3/1434 1477/3/1119
f 1818/3/1435 1821/3/1438 1823/3/1440
f 1818/3/1435 1823/3/1440 1819/3/1436
f 1481/3/1122 1819/3/1436 1808/3/1427
f 1481/3/1122 1808/3/1427 1483/3/1124
f 1822/3/1439 1824/3/1441 1820/3/1437
f 1822/3/1439 1820/3/1437 1817/3/1434
f 1824/3/1441 1825/3/1442 1826/3/1443
f 1824/3/1441 1826/3/1443 1820/3/1437
f 1820/3/1437 1826/3/1443 1827/3/1444
f 1820/3/1437 1827/3/1444 1821/3/1438
f 1821/3/1438 1827/3/1444 1828/3/1445
f 1821/3/1438 1828/3/1445 1823/3/1440
f 1823/3/1440 1828/3/1445 1812/3/1430
f 1823/3/1440 1812/3/1430 1811/3/1429
f 1819/3/1436 1823/3/1440 1811/3/1429
f 1819/3/1436 1811/3/1429 1808/3/1427
f 1829/3/1446 1830/3/1447 1831/3/1448
f 1829/3/1446 1831/3/1448 1832/3/1449
f 1833/3/1450 1834/3/1451 1649/3/1280
f 1833/3/1450 1649/3/1280 1648/3/1279
f 1781/3/1400 1651/3/1282 1640/3/1271
f 1781/3/1400 1640/3/1271 1647/3/1278
f 1641/3/1272 1650/3/1281 1822/3/1439
f 1641/3/1272 1822/3/1439 1476/3/1118
f 1781/3/1400 1786/3/1405 1648/3/1279
f 1781/3/1400 1648/3/1279 1651/3/1282
f 1786/3/1405 1785/3/1404 1833/3/1450
f 1786/3/1405 1833/3/1450 1648/3/1279
f 1651/3/1282 1650/3/1281 1641/3/1272
f 1651/3/1282 1641/3/1272 1640/3/1271
f 1649/3/1280 1834/3/1451 1825/3/1442
f 1649/3/1280 1825/3/1442 1824/3/1441
f 1650/3/1281 1649/3/1280 1824/3/1441
f 1650/3/1281 1824/3/1441 1822/3/1439
f 1835/4/1452 1836/4/1453 1837/4/1454
f 1835/4/1452 1837/4/1454 1838/4/1455
f 1839/4/1456 1840/4/1457 1841/4/1458
f 1839/4/1456 1841/4/1458 1842/4/1459
f 1843/4/1460 1838/4/1455 1837/4/1454
f 1843/4/1460 1837/4/1454 1841/4/1458
f 1842/4/1459 1841/4/1458 1837/4/1454
f 1842/4/1459 1837/4/1454 1836/4/1453
f 1838/4/1455 1844/4/1461 1845/4/1462
f 1838/4/1455 1845/4/1462 1835/4/1452
f 1846/4/1463 1847/4/1464 1843/4/1460
f 1846/4/1463 1843/4/1460 1848/4/1465
f 1847/4/1464 1844/4/1461 1838/4/1455
f 1847/4/1464 1838/4/1455 1843/4/1460
f 1848/4/1465 1843/4/1460 1841/4/1458
f 1848/4/1465 1841/4/1458 1840/4/1457
f 1427/1/1073 1426/1/1072 1849/1/1466
f 1427/1/1073 1849/1/1466 1850/1/1467
f 1851/3/1468 58/3/57 1350/3/1003
f 1851/3/1468 1350/3/1003 1349/3/1002
f 1852/1/1469 1853/1/1470 1854/1/142
f 1852/1/1469 1854/1/142 189/1/176
f 1350/3/1003 149/3/143 1855/3/1471
f 1350/3/1003 1855/3/1471 1351/3/1004
f 1856/1/1472 1857/1/1473 1858/1/1474
f 1856/1/1472 1858/1/1474 1859/1/1475
f 1860/1/1476 1421/1/1067 1438/1/1081
f 1860/1/1476 1438/1/1081 1861/1/1477
f 1349/3/1002 1765/3/1384 1764/3/1383
f 1349/3/1002 1764/3/1383 1851/3/1468
f 149/3/143 148/3/142 1862/3/1478
f 149/3/143 1862/3/1478 1855/3/1471
f 1855/3/1471 1862/3/1478 1863/3/1479
f 1855/3/1471 1863/3/1479 1864/3/1480
f 1865/3/1481 1831/3/1448 1866/3/1482
f 1865/3/1481 1866/3/1482 1867/3/1483
f 1351/3/1004 1855/3/1471 1864/3/1480
f 1351/3/1004 1864/3/1480 1868/3/1484
f 1772/3/1391 1352/3/1005 1869/3/1485
f 1772/3/1391 1869/3/1485 1773/3/1392
f 1765/3/1384 1349/3/1002 1352/3/1005
f 1765/3/1384 1352/3/1005 1772/3/1391
f 1870/1/1486 1871/1/1487 1872/1/1488
f 1870/1/1486 1872/1/1488 1873/1/120
f 1874/4/1489 1875/4/1490 1876/4/1491
f 1874/4/1489 1876/4/1491 1877/4/1492
f 1878/1/121 1879/1/1493 1880/1/1494
f 1878/1/121 1880/1/1494 1881/1/1495
f 1882/1/1496 1883/1/1497 1884/1/1498
f 1882/1/1496 1884/1/1498 1885/1/1499
f 1886/4/1500 1887/4/1501 1888/4/1502
f 1886/4/1500 1888/4/1502 1889/4/1503
f 1890/4/1504 1891/4/1505 1892/4/1506
f 1890/4/1504 1892/4/1506 1887/4/1501
f 1893/3/1507 1894/3/1508 1895/3/1509
f 1893/3/1507 1895/3/1509 1896/3/1510
f 1897/1/1511 1898/1/1512 1899/1/1513
f 1897/1/1511 1899/1/1513 1871/1/1487
f 1900/1/1514 1901/1/1515 1902/1/1516
f 1900/1/1514 1902/1/1516 1903/1/1517
f 1904/1/1518 1905/1/1519 1906/1/1520
f 1904/1/1518 1906/1/1520 1907/1/1521
f 1903/1/1517 1902/1/1516 1908/1/1522
f 1903/1/1517 1908/1/1522 1909/1/1523
f 1910/1/115 1911/1/1524 1912/1/1525
f 1910/1/115 1912/1/1525 1913/1/1526
f 1906/1/1520 1914/1/1527 1915/1/1528
f 1906/1/1520 1915/1/1528 1916/1/1529
f 1917/4/1530 1877/4/1492 1918/4/1531
f 1917/4/1530 1918/4/1531 1919/4/1532
f 1920/4/1533 1874/4/1489 1877/4/1492
f 1920/4/1533 1877/4/1492 1917/4/1530
f 1889/4/1503 1888/4/1502 1874/4/1489
f 1889/4/1503 1874/4/1489 1920/4/1533
f 1857/1/1473 1921/1/1534 1922/1/1535
f 1857/1/1473 1922/1/1535 1858/1/1474
f 1859/1/1475 1858/1/1474 1923/1/1536
f 1859/1/1475 1923/1/1536 1924/1/1537
f 1858/1/1474 1922/1/1535 1925/1/1538
f 1858/1/1474 1925/1/1538 1923/1/1536
f 1926/3/1539 1927/3/1540 1928/3/1541
f 1926/3/1539 1928/3/1541 1929/3/1542
f 1796/1/1415 1930/1/1543 1856/1/1472
f 1796/1/1415 1856/1/1472 1797/1/1416
f 1931/1/1544 1932/1/1545 1933/1/1546
f 1931/1/1544 1933/1/1546 1934/1/1547
f 1935/4/1548 1936/4/1549 1937/4/1550
f 1935/4/1548 1937/4/1550 1938/4/1551
f 1933/1/1546 1527/1/1164 1590/1/1225
f 1933/1/1546 1590/1/1225 1921/1/1534
f 1921/1/1534 1590/1/1225 1596/1/1231
f 1921/1/1534 1596/1/1231 1922/1/1535
f 1922/1/1535 1596/1/1231 1594/1/1229
f 1922/1/1535 1594/1/1229 1925/1/1538
f 1925/1/1538 1594/1/1229 1595/1/1230
f 1925/1/1538 1595/1/1230 1939/1/1552
f 1924/1/1537 1923/1/1536 1940/1/1553
f 1924/1/1537 1940/1/1553 1941/1/1554
f 1942/4/1555 1943/4/1556 1944/4/1557
f 1942/4/1555 1944/4/1557 1945/4/1558
f 1799/1/1418 1924/1/1537 1941/1/1554
f 1799/1/1418 1941/1/1554 1800/1/1419
f 1798/1/1417 1859/1/1475 1924/1/1537
f 1798/1/1417 1924/1/1537 1799/1/1418
f 1797/1/1416 1856/1/1472 1859/1/1475
f 1797/1/1416 1859/1/1475 1798/1/1417
f 1927/3/1540 1946/3/1559 1947/3/1560
f 1927/3/1540 1947/3/1560 1928/3/1541
f 1948/1/1542 1949/1/1561 1931/1/1544
f 1948/1/1542 1931/1/1544 1950/1/1562
f 1949/1/1561 1951/1/1560 1932/1/1545
f 1949/1/1561 1932/1/1545 1931/1/1544
f 1952/3/1563 1953/3/1564 1954/3/1565
f 1952/3/1563 1954/3/1565 1955/3/1566
f 1812/3/1430 1956/3/1567 1926/3/1539
f 1812/3/1430 1926/3/1539 1813/3/1431
f 1957/3/1568 1958/3/1569 1959/3/1570
f 1957/3/1568 1959/3/1570 1960/3/1571
f 1956/3/1567 1960/3/1571 1927/3/1540
f 1956/3/1567 1927/3/1540 1926/3/1539
f 1959/3/1570 1506/3/1146 1518/3/1155
f 1959/3/1570 1518/3/1155 1946/3/1559
f 1946/3/1559 1518/3/1155 1529/3/1166
f 1946/3/1559 1529/3/1166 1947/3/1560
f 1951/1/1560 1528/1/1165 1526/1/1163
f 1951/1/1560 1526/1/1163 1932/1/1545
f 1932/1/1545 1526/1/1163 1527/1/1164
f 1932/1/1545 1527/1/1164 1933/1/1546
f 1934/1/1547 1933/1/1546 1921/1/1534
f 1934/1/1547 1921/1/1534 1857/1/1473
f 1930/1/1543 1934/1/1547 1857/1/1473
f 1930/1/1543 1857/1/1473 1856/1/1472
f 1816/1/1433 1950/1/1562 1930/1/1543
f 1816/1/1433 1930/1/1543 1796/1/1415
f 1815/1/1432 1948/1/1542 1950/1/1562
f 1815/1/1432 1950/1/1562 1816/1/1433
f 1813/3/1431 1926/3/1539 1929/3/1542
f 1813/3/1431 1929/3/1542 1814/3/1432
f 1953/3/1564 1961/3/1572 1962/3/1573
f 1953/3/1564 1962/3/1573 1954/3/1565
f 1954/3/1565 1962/3/1573 1958/3/1569
f 1954/3/1565 1958/3/1569 1957/3/1568
f 1832/3/1449 1831/3/1448 1865/3/1481
f 1832/3/1449 1865/3/1481 1963/3/1574
f 1955/3/1566 1954/3/1565 1957/3/1568
f 1955/3/1566 1957/3/1568 1964/3/1575
f 1825/3/1442 1867/3/1483 1952/3/1563
f 1825/3/1442 1952/3/1563 1826/3/1443
f 1831/3/1448 1830/3/1447 1965/3/1576
f 1831/3/1448 1965/3/1576 1866/3/1482
f 1867/3/1483 1866/3/1482 1953/3/1564
f 1867/3/1483 1953/3/1564 1952/3/1563
f 1965/3/1576 1497/3/1138 1491/3/1132
f 1965/3/1576 1491/3/1132 1961/3/1572
f 1961/3/1572 1491/3/1132 1493/3/1134
f 1961/3/1572 1493/3/1134 1962/3/1573
f 1962/3/1573 1493/3/1134 1505/3/1145
f 1962/3/1573 1505/3/1145 1958/3/1569
f 1958/3/1569 1505/3/1145 1506/3/1146
f 1958/3/1569 1506/3/1146 1959/3/1570
f 1950/1/1562 1931/1/1544 1934/1/1547
f 1950/1/1562 1934/1/1547 1930/1/1543
f 1960/3/1571 1959/3/1570 1946/3/1559
f 1960/3/1571 1946/3/1559 1927/3/1540
f 1828/3/1445 1964/3/1575 1956/3/1567
f 1828/3/1445 1956/3/1567 1812/3/1430
f 1827/3/1444 1955/3/1566 1964/3/1575
f 1827/3/1444 1964/3/1575 1828/3/1445
f 1826/3/1443 1952/3/1563 1955/3/1566
f 1826/3/1443 1955/3/1566 1827/3/1444
f 1966/3/1577 86/3/85 85/3/84
f 1966/3/1577 85/3/84 1967/3/1578
f 1383/3/1035 1968/3/1579 1830/3/1447
f 1383/3/1035 1830/3/1447 1829/3/1446
f 1785/3/1404 1969/3/1580 1963/3/1574
f 1785/3/1404 1963/3/1574 1833/3/1450
f 1970/3/1556 32/3/31 1829/3/1446
f 1970/3/1556 1829/3/1446 1832/3/1449
f 1943/4/1556 1971/4/1580 1972/4/1581
f 1943/4/1556 1972/4/1581 1944/4/1557
f 1833/3/1450 1963/3/1574 1865/3/1481
f 1833/3/1450 1865/3/1481 1834/3/1451
f 1375/2/1028 1973/2/1582 1974/2/1583
f 1375/2/1028 1974/2/1583 1376/2/1029
f 1964/3/1575 1957/3/1568 1960/3/1571
f 1964/3/1575 1960/3/1571 1956/3/1567
f 1866/3/1482 1965/3/1576 1961/3/1572
f 1866/3/1482 1961/3/1572 1953/3/1564
f 1834/3/1451 1865/3/1481 1867/3/1483
f 1834/3/1451 1867/3/1483 1825/3/1442
f 1426/1/1072 1425/1/1071 1975/1/1584
f 1426/1/1072 1975/1/1584 1849/1/1466
f 1424/1/1070 1976/1/1585 1975/1/1584
f 1424/1/1070 1975/1/1584 1425/1/1071
f 1850/1/1467 1849/1/1466 1977/1/1586
f 1850/1/1467 1977/1/1586 1978/1/1587
f 1849/1/1466 1975/1/1584 1979/1/1588
f 1849/1/1466 1979/1/1588 1977/1/1586
f 1980/1/1589 1981/1/1590 1982/1/1591
f 1980/1/1589 1982/1/1591 1983/1/1592
f 1984/3/1467 1985/3/1593 1430/3/1075
f 1984/3/1467 1430/3/1075 1429/3/1074
f 1975/1/1584 1976/1/1585 1986/1/1594
f 1975/1/1584 1986/1/1594 1979/1/1588
f 1979/1/1588 1986/1/1594 1987/1/1595
f 1979/1/1588 1987/1/1595 1988/1/1596
f 1977/1/1586 1979/1/1588 1988/1/1596
f 1977/1/1586 1988/1/1596 1989/1/1597
f 1978/1/1587 1977/1/1586 1989/1/1597
f 1978/1/1587 1989/1/1597 1990/1/1598
f 1991/3/1599 1992/3/1600 1993/3/1601
f 1991/3/1599 1993/3/1601 1994/3/1602
f 1985/3/1593 1984/3/1467 1992/3/1600
f 1985/3/1593 1992/3/1600 1991/3/1599
f 1995/1/1603 1996/1/1604 1997/1/1605
f 1995/1/1603 1997/1/1605 1998/1/1606
f 1999/3/1607 2000/3/1608 2001/3/1609
f 1999/3/1607 2001/3/1609 2002/3/1610
f 2003/3/1611 2004/3/1612 1967/3/1578
f 2003/3/1611 1967/3/1578 2005/3/1613
f 2006/3/1614 2007/3/1615 2008/3/1616
f 2006/3/1614 2008/3/1616 2004/3/1612
f 1896/3/1510 1895/3/1509 1999/3/1607
f 1896/3/1510 1999/3/1607 2002/3/1610
f 2005/3/1613 1967/3/1578 85/3/84
f 2005/3/1613 85/3/84 2009/3/1617
f 2000/3/1608 2010/3/1618 2011/3/1619
f 2000/3/1608 2011/3/1619 2012/3/1620
f 87/3/86 86/3/85 2013/3/1621
f 87/3/86 2013/3/1621 2014/3/1622
f 2009/3/1617 85/3/84 87/3/86
f 2009/3/1617 87/3/86 2015/3/1623
f 2016/4/1624 2017/4/1625 2018/4/1626
f 2016/4/1624 2018/4/1626 2019/4/1627
f 2020/1/1628 1995/1/1603 1998/1/1606
f 2020/1/1628 1998/1/1606 2021/1/1629
f 1901/1/1515 2022/1/1630 1882/1/1496
f 1901/1/1515 1882/1/1496 1902/1/1516
f 1902/1/1516 1882/1/1496 1885/1/1499
f 1902/1/1516 1885/1/1499 1908/1/1522
f 2023/1/1631 2024/1/1632 2025/1/125
f 2023/1/1631 2025/1/125 2026/1/1633
f 1898/1/1512 2027/1/1634 2020/1/1628
f 1898/1/1512 2020/1/1628 1899/1/1513
f 2028/1/1635 78/1/77 2/1/2
f 2028/1/1635 2/1/2 1/1/1
f 2029/1/1636 2030/1/1637 2031/1/1638
f 2029/1/1636 2031/1/1638 2027/1/1634
f 2032/1/1639 2033/1/1640 2034/1/1641
f 2032/1/1639 2034/1/1641 1996/1/1604
f 2035/3/1642 2006/3/1614 2004/3/1612
f 2035/3/1642 2004/3/1612 2003/3/1611
f 1996/1/1604 2034/1/1641 2036/1/1643
f 1996/1/1604 2036/1/1643 1997/1/1605
f 2037/1/1644 2038/1/1645 2039/1/1646
f 2037/1/1644 2039/1/1646 2040/1/1647
f 2041/1/1648 2042/1/1649 2043/1/1650
f 2041/1/1648 2043/1/1650 2044/1/1651
f 1881/1/1495 1880/1/1494 2045/1/1652
f 1881/1/1495 2045/1/1652 2046/1/114
f 1911/1/1524 2047/1/1653 2048/1/1654
f 1911/1/1524 2048/1/1654 1912/1/1525
f 1879/1/1493 1900/1/1514 1903/1/1517
f 1879/1/1493 1903/1/1517 1880/1/1494
f 1871/1/1487 1899/1/1513 2049/1/1655
f 1871/1/1487 2049/1/1655 1872/1/1488
f 2050/4/1656 2051/4/1657 2052/4/1658
f 2050/4/1656 2052/4/1658 2053/4/1659
f 2054/4/1660 2053/4/1659 2055/4/1661
f 2054/4/1660 2055/4/1661 2056/4/1662
f 2053/4/1659 2052/4/1658 2057/4/1663
f 2053/4/1659 2057/4/1663 2055/4/1661
f 2058/4/1664 38/4/37 2059/4/1665
f 2058/4/1664 2059/4/1665 2060/4/1666
f 2061/4/1667 2062/4/1668 2063/4/1669
f 2061/4/1667 2063/4/1669 2064/4/1670
f 2065/4/1671 1766/4/1385 1769/4/1388
f 2065/4/1671 1769/4/1388 2062/4/1668
f 2062/4/1668 1769/4/1388 2050/4/1656
f 2062/4/1668 2050/4/1656 2063/4/1669
f 1768/4/1387 1886/4/1500 1889/4/1503
f 1768/4/1387 1889/4/1503 2051/4/1657
f 2051/4/1657 1889/4/1503 1920/4/1533
f 2051/4/1657 1920/4/1533 2052/4/1658
f 2052/4/1658 1920/4/1533 1917/4/1530
f 2052/4/1658 1917/4/1530 2057/4/1663
f 2057/4/1663 1917/4/1530 1919/4/1532
f 2057/4/1663 1919/4/1532 2066/4/1672
f 2056/4/1662 2055/4/1661 1936/4/1549
f 2056/4/1662 1936/4/1549 1935/4/1548
f 1936/4/1549 2066/4/1672 2067/4/1673
f 1936/4/1549 2067/4/1673 1937/4/1550
f 2068/4/1674 2056/4/1662 1935/4/1548
f 2068/4/1674 1935/4/1548 2069/4/1675
f 2070/4/1676 2054/4/1660 2056/4/1662
f 2070/4/1676 2056/4/1662 2068/4/1674
f 2064/4/1670 2063/4/1669 2054/4/1660
f 2064/4/1670 2054/4/1660 2070/4/1676
f 2071/3/1677 2072/3/1678 2073/3/1679
f 2071/3/1677 2073/3/1679 2074/3/1680
f 1905/1/1519 2075/1/1681 1914/1/1527
f 1905/1/1519 1914/1/1527 1906/1/1520
f 2074/3/1680 2073/3/1679 2076/3/1682
f 2074/3/1680 2076/3/1682 2077/3/1683
f 2078/3/1684 2079/3/1685 2080/3/1686
f 2078/3/1684 2080/3/1686 2081/3/1687
f 2033/1/1640 2082/1/1688 2023/1/1631
f 2033/1/1640 2023/1/1631 2034/1/1641
f 2083/3/1689 2084/3/1690 2072/3/1678
f 2083/3/1689 2072/3/1678 2071/3/1677
f 2085/1/1691 2086/1/1692 1897/1/1511
f 2085/1/1691 1897/1/1511 2087/1/1693
f 1899/1/1513 2020/1/1628 2021/1/1629
f 1899/1/1513 2021/1/1629 2049/1/1655
f 2038/1/1645 2088/1/119 2089/1/1694
f 2038/1/1645 2089/1/1694 2039/1/1646
f 2047/1/1653 2090/1/1695 2091/1/1696
f 2047/1/1653 2091/1/1696 2048/1/1654
f 2034/1/1641 2023/1/1631 2026/1/1633
f 2034/1/1641 2026/1/1633 2036/1/1643
f 2092/1/1697 1904/1/1518 1907/1/1521
f 2092/1/1697 1907/1/1521 1883/1/1497
f 2093/4/1698 2094/4/1699 2095/4/1700
f 2093/4/1698 2095/4/1700 2096/4/1701
f 2097/3/1699 2098/3/1702 2099/3/1703
f 2097/3/1699 2099/3/1703 2100/3/1700
f 2099/3/1703 2101/3/1704 2102/3/1705
f 2099/3/1703 2102/3/1705 2100/3/1700
f 2103/3/1706 2104/3/1707 2101/3/1704
f 2103/3/1706 2101/3/1704 2099/3/1703
f 2105/4/1708 2106/4/1709 2093/4/1698
f 2105/4/1708 2093/4/1698 2107/4/1710
f 2106/4/1709 2108/4/1711 2094/4/1699
f 2106/4/1709 2094/4/1699 2093/4/1698
f 2109/3/1711 2110/3/1712 2098/3/1702
f 2109/3/1711 2098/3/1702 2097/3/1699
f 2110/3/1712 2015/3/1623 2111/3/1713
f 2110/3/1712 2111/3/1713 2098/3/1702
f 2098/3/1702 2111/3/1713 2103/3/1706
f 2098/3/1702 2103/3/1706 2099/3/1703
f 2112/4/1714 2096/4/1701 2113/4/1715
f 2112/4/1714 2113/4/1715 2114/4/1716
f 2115/4/1717 2116/4/1718 2117/4/1719
f 2115/4/1717 2117/4/1719 2118/4/1720
f 2107/4/1710 2093/4/1698 2096/4/1701
f 2107/4/1710 2096/4/1701 2112/4/1714
f 2119/3/1721 2120/3/1722 2121/3/1723
f 2119/3/1721 2121/3/1723 2122/3/1624
f 2009/3/1617 2120/3/1722 2119/3/1721
f 2009/3/1617 2119/3/1721 2005/3/1613
f 2123/4/1724 2124/4/1725 2019/4/1627
f 2123/4/1724 2019/4/1627 2125/4/1726
f 2124/4/1725 2126/4/1727 2016/4/1624
f 2124/4/1725 2016/4/1624 2019/4/1627
f 2127/3/1727 2128/3/1728 2119/3/1721
f 2127/3/1727 2119/3/1721 2122/3/1624
f 2128/3/1728 2003/3/1611 2005/3/1613
f 2128/3/1728 2005/3/1613 2119/3/1721
f 2125/4/1726 2019/4/1627 2018/4/1626
f 2125/4/1726 2018/4/1626 2129/4/1729
f 2120/3/1722 2009/3/1617 2015/3/1623
f 2120/3/1722 2015/3/1623 2110/3/1712
f 2121/3/1723 2120/3/1722 2110/3/1712
f 2121/3/1723 2110/3/1712 2109/3/1711
f 2018/4/1626 2017/4/1625 2108/4/1711
f 2018/4/1626 2108/4/1711 2106/4/1709
f 2129/4/1729 2018/4/1626 2106/4/1709
f 2129/4/1729 2106/4/1709 2105/4/1708
f 2130/4/1730 39/4/38 38/4/37
f 2130/4/1730 38/4/37 2058/4/1664
f 2131/4/1731 225/4/204 2132/4/1732
f 2131/4/1731 2132/4/1732 2133/4/1733
f 2129/4/1729 39/4/38 2130/4/1730
f 2129/4/1729 2130/4/1730 2125/4/1726
f 2134/4/1734 1359/4/1012 2060/4/1666
f 2134/4/1734 2060/4/1666 2135/4/1735
f 1358/4/1011 2136/4/1736 2130/4/1730
f 1358/4/1011 2130/4/1730 2058/4/1664
f 1357/4/1010 2137/4/1737 2136/4/1736
f 1357/4/1010 2136/4/1736 1358/4/1011
f 2136/4/1736 2123/4/1724 2125/4/1726
f 2136/4/1736 2125/4/1726 2130/4/1730
f 2135/4/1735 2060/4/1666 2059/4/1665
f 2135/4/1735 2059/4/1665 2138/4/1738
f 39/4/38 2129/4/1729 2105/4/1708
f 39/4/38 2105/4/1708 40/4/39
f 38/4/37 40/4/39 2139/4/1739
f 38/4/37 2139/4/1739 2140/4/1740
f 2138/4/1738 2059/4/1665 2141/4/1741
f 2138/4/1738 2141/4/1741 2142/4/1742
f 246/3/221 245/3/220 2010/3/1618
f 246/3/221 2010/3/1618 2143/3/1743
f 2138/4/1738 42/4/41 41/4/40
f 2138/4/1738 41/4/40 2135/4/1735
f 1895/3/1509 2144/3/1744 2143/3/1743
f 1895/3/1509 2143/3/1743 1999/3/1607
f 2144/3/1744 2145/3/1745 246/3/221
f 2144/3/1744 246/3/221 2143/3/1743
f 2145/3/1745 2146/3/1746 244/3/219
f 2145/3/1745 244/3/219 246/3/221
f 1999/3/1607 2143/3/1743 2010/3/1618
f 1999/3/1607 2010/3/1618 2000/3/1608
f 2001/3/1609 2000/3/1608 2012/3/1620
f 2001/3/1609 2012/3/1620 2147/3/1747
f 2148/4/1748 2149/4/1749 2150/4/1750
f 2148/4/1748 2150/4/1750 2151/4/1751
f 2010/3/1618 245/3/220 2152/3/1752
f 2010/3/1618 2152/3/1752 2011/3/1619
f 2153/1/1753 1983/1/1592 1982/1/1591
f 2153/1/1753 1982/1/1591 2154/1/1754
f 2155/1/1755 2154/1/1754 1982/1/1591
f 2155/1/1755 1982/1/1591 1981/1/1590
f 1983/1/1592 2156/1/1756 2157/1/1757
f 1983/1/1592 2157/1/1757 1980/1/1589
f 2158/1/1758 2159/1/1759 2153/1/1753
f 2158/1/1758 2153/1/1753 2160/1/1760
f 2159/1/1759 2156/1/1756 1983/1/1592
f 2159/1/1759 1983/1/1592 2153/1/1753
f 2160/1/1760 2153/1/1753 2154/1/1754
f 2160/1/1760 2154/1/1754 2161/1/1761
f 2162/1/1762 2161/1/1761 2154/1/1754
f 2162/1/1762 2154/1/1754 2155/1/1755
f 2163/4/1763 2164/4/1764 2165/4/1765
f 2163/4/1763 2165/4/1765 2166/4/1766
f 2167/1/1767 2168/1/1768 2169/1/1769
f 2167/1/1767 2169/1/1769 2170/1/1770
f 2168/1/1768 2171/1/1771 2172/1/1772
f 2168/1/1768 2172/1/1772 2169/1/1769
f 2170/1/1770 2169/1/1769 2173/1/1773
f 2170/1/1770 2173/1/1773 2174/1/1774
f 2169/1/1769 2172/1/1772 2175/1/1775
f 2169/1/1769 2175/1/1775 2173/1/1773
f 2176/4/1776 2177/4/1777 2178/4/1778
f 2176/4/1776 2178/4/1778 2179/4/1779
f 2177/4/1777 47/4/46 49/4/48
f 2177/4/1777 49/4/48 2178/4/1778
f 199/1/183 1353/1/1006 1355/1/1008
f 199/1/183 1355/1/1008 2171/1/1771
f 2171/1/1771 1355/1/1008 1372/1/1025
f 2171/1/1771 1372/1/1025 2172/1/1772
f 2172/1/1772 1372/1/1025 4/1/4
f 2172/1/1772 4/1/4 2175/1/1775
f 2175/1/1775 4/1/4 6/1/6
f 2175/1/1775 6/1/6 2180/1/1780
f 2173/1/1773 2175/1/1775 2180/1/1780
f 2173/1/1773 2180/1/1780 2181/1/1781
f 2174/1/1774 2173/1/1773 2181/1/1781
f 2174/1/1774 2181/1/1781 2182/1/1782
f 2183/1/1783 2174/1/1774 2182/1/1782
f 2183/1/1783 2182/1/1782 2184/1/1784
f 2185/1/1785 2170/1/1770 2174/1/1774
f 2185/1/1785 2174/1/1774 2183/1/1783
f 2186/1/1786 2167/1/1767 2170/1/1770
f 2186/1/1786 2170/1/1770 2185/1/1785
f 2164/4/1764 2187/4/1787 2188/4/1788
f 2164/4/1764 2188/4/1788 2165/4/1765
f 2189/4/1789 2190/4/1790 2188/4/1788
f 2189/4/1789 2188/4/1788 2187/4/1787
f 2166/4/1766 2165/4/1765 2191/4/1791
f 2166/4/1766 2191/4/1791 2192/4/1792
f 2165/4/1765 2188/4/1788 2193/4/1793
f 2165/4/1765 2193/4/1793 2191/4/1791
f 2194/3/1794 2195/3/1795 2196/3/1796
f 2194/3/1794 2196/3/1796 2197/3/1797
f 2166/4/1766 2198/4/1798 2199/4/1799
f 2166/4/1766 2199/4/1799 2163/4/1763
f 2188/4/1788 2190/4/1790 2200/4/1800
f 2188/4/1788 2200/4/1800 2193/4/1793
f 2193/4/1793 2200/4/1800 2201/4/1801
f 2193/4/1793 2201/4/1801 2202/4/1802
f 2191/4/1791 2193/4/1793 2202/4/1802
f 2191/4/1791 2202/4/1802 2203/4/1803
f 2192/4/1792 2191/4/1791 2203/4/1803
f 2192/4/1792 2203/4/1803 2204/4/1804
f 2205/4/1805 2192/4/1792 2204/4/1804
f 2205/4/1805 2204/4/1804 2206/4/1806
f 2198/4/1798 2166/4/1766 2192/4/1792
f 2198/4/1798 2192/4/1792 2205/4/1805
f 2197/3/1797 2196/3/1796 2207/3/1807
f 2197/3/1797 2207/3/1807 2208/3/1808
f 2195/3/1795 1430/3/1075 1985/3/1593
f 2195/3/1795 1985/3/1593 2196/3/1796
f 188/1/175 44/1/43 46/1/45
f 188/1/175 46/1/45 186/1/157
f 2207/3/1807 1991/3/1599 1994/3/1602
f 2207/3/1807 1994/3/1602 2209/3/1809
f 2196/3/1796 1985/3/1593 1991/3/1599
f 2196/3/1796 1991/3/1599 2207/3/1807
f 2208/3/1808 2207/3/1807 2209/3/1809
f 2208/3/1808 2209/3/1809 2210/3/1810
f 162/1/154 161/1/153 51/1/50
f 162/1/154 51/1/50 50/1/49
f 2211/1/1811 2212/1/1812 2213/1/1813
f 2211/1/1811 2213/1/1813 2214/1/1814
f 2212/1/1812 2215/1/1815 2216/1/1816
f 2212/1/1812 2216/1/1816 2213/1/1813
f 2214/1/1814 2213/1/1813 2217/1/1817
f 2214/1/1814 2217/1/1817 2218/1/1818
f 2213/1/1813 2216/1/1816 2219/1/1819
f 2213/1/1813 2219/1/1819 2217/1/1817
f 230/1/209 2220/1/1820 2211/1/1811
f 230/1/209 2211/1/1811 231/1/210
f 2220/1/1820 2221/1/1821 2212/1/1812
f 2220/1/1820 2212/1/1812 2211/1/1811
f 2221/1/1821 2222/1/1822 2215/1/1815
f 2221/1/1821 2215/1/1815 2212/1/1812
f 2222/1/1822 2223/1/1823 2224/1/1824
f 2222/1/1822 2224/1/1824 2215/1/1815
f 2215/1/1815 2224/1/1824 2225/1/1825
f 2215/1/1815 2225/1/1825 2216/1/1816
f 2216/1/1816 2225/1/1825 2226/1/1826
f 2216/1/1816 2226/1/1826 2219/1/1819
f 2219/1/1819 2226/1/1826 2227/1/1827
f 2219/1/1819 2227/1/1827 2228/1/1828
f 2217/1/1817 2219/1/1819 2228/1/1828
f 2217/1/1817 2228/1/1828 2229/1/1829
f 2218/1/1818 2217/1/1817 2229/1/1829
f 2218/1/1818 2229/1/1829 2230/1/1830
f 2231/1/1831 2218/1/1818 2230/1/1830
f 2231/1/1831 2230/1/1830 2232/1/1832
f 2233/1/1833 2214/1/1814 2218/1/1818
f 2233/1/1833 2218/1/1818 2231/1/1831
f 231/1/210 2211/1/1811 2214/1/1814
f 231/1/210 2214/1/1814 2233/1/1833
f 1923/1/1536 1925/1/1538 1939/1/1552
f 1923/1/1536 1939/1/1552 1940/1/1553
f 225/4/204 224/4/203 2234/4/1834
f 225/4/204 2234/4/1834 2132/4/1732
f 2235/1/1835 2236/1/1836 2237/1/1837
f 2235/1/1835 2237/1/1837 2238/1/1838
f 2239/1/1839 2240/1/1840 2241/1/1841
f 2239/1/1839 2241/1/1841 2242/1/1842
f 2131/4/1731 2190/4/1790 2189/4/1789
f 2131/4/1731 2189/4/1789 205/4/187
f 2243/1/1843 162/1/154 50/1/49
f 2243/1/1843 50/1/49 2244/1/1844
f 2244/1/1844 50/1/49 52/1/51
f 2244/1/1844 52/1/51 2245/1/1845
f 2133/4/1733 2132/4/1732 2149/4/1749
f 2133/4/1733 2149/4/1749 2148/4/1748
f 1367/3/1020 1366/3/1019 2246/3/1836
f 1367/3/1020 2246/3/1836 2247/3/1846
f 2200/4/1800 2133/4/1733 2148/4/1748
f 2200/4/1800 2148/4/1748 2201/4/1801
f 2190/4/1790 2131/4/1731 2133/4/1733
f 2190/4/1790 2133/4/1733 2200/4/1800
f 2248/1/1847 2249/1/1848 2250/1/1849
f 2248/1/1847 2250/1/1849 2251/1/1850
f 2249/1/1848 53/1/52 55/1/54
f 2249/1/1848 55/1/54 2250/1/1849
f 2251/1/1850 2250/1/1849 2252/1/1851
f 2251/1/1850 2252/1/1851 2253/1/1852
f 2250/1/1849 55/1/54 174/1/166
f 2250/1/1849 174/1/166 2252/1/1851
f 2184/1/1784 2182/1/1782 2248/1/1847
f 2184/1/1784 2248/1/1847 2254/1/1853
f 2182/1/1782 2181/1/1781 2249/1/1848
f 2182/1/1782 2249/1/1848 2248/1/1847
f 2181/1/1781 2180/1/1780 53/1/52
f 2181/1/1781 53/1/52 2249/1/1848
f 2180/1/1780 6/1/6 54/1/53
f 2180/1/1780 54/1/53 53/1/52
f 55/1/54 2255/1/1854 2256/1/1855
f 55/1/54 2256/1/1855 175/1/167
f 175/1/167 2256/1/1855 2257/1/1856
f 175/1/167 2257/1/1856 2258/1/1857
f 2252/1/1851 174/1/166 2259/1/1858
f 2252/1/1851 2259/1/1858 2260/1/1859
f 2253/1/1852 2252/1/1851 2260/1/1859
f 2253/1/1852 2260/1/1859 2261/1/1860
f 2262/1/1861 2253/1/1852 2261/1/1860
f 2262/1/1861 2261/1/1860 2223/1/1823
f 2263/1/1862 2251/1/1850 2253/1/1852
f 2263/1/1862 2253/1/1852 2262/1/1861
f 2254/1/1853 2248/1/1847 2251/1/1850
f 2254/1/1853 2251/1/1850 2263/1/1862
f 2264/1/1863 2265/1/1864 2266/1/1865
f 2264/1/1863 2266/1/1865 2267/1/1866
f 2265/1/1864 2268/1/1867 2269/1/1868
f 2265/1/1864 2269/1/1868 2266/1/1865
f 2267/1/1866 2266/1/1865 2270/1/1869
f 2267/1/1866 2270/1/1869 2271/1/1870
f 2266/1/1865 2269/1/1868 2272/1/1871
f 2266/1/1865 2272/1/1871 2270/1/1869
f 2273/3/1872 2274/3/1873 2275/3/1874
f 2273/3/1872 2275/3/1874 2276/3/1875
f 2277/1/1873 2278/1/1876 2265/1/1864
f 2277/1/1873 2265/1/1864 2264/1/1863
f 2278/1/1876 2279/1/1877 2268/1/1867
f 2278/1/1876 2268/1/1867 2265/1/1864
f 2279/1/1877 2280/1/1878 2281/1/1879
f 2279/1/1877 2281/1/1879 2268/1/1867
f 2268/1/1867 2281/1/1879 2282/1/1880
f 2268/1/1867 2282/1/1880 2269/1/1868
f 2269/1/1868 2282/1/1880 2283/1/1881
f 2269/1/1868 2283/1/1881 2272/1/1871
f 2272/1/1871 2283/1/1881 2157/1/1757
f 2272/1/1871 2157/1/1757 2284/1/1882
f 2270/1/1869 2272/1/1871 2284/1/1882
f 2270/1/1869 2284/1/1882 2241/1/1841
f 2271/1/1870 2270/1/1869 2241/1/1841
f 2271/1/1870 2241/1/1841 2240/1/1840
f 2285/3/1883 2286/3/1884 2287/3/1885
f 2285/3/1883 2287/3/1885 2288/3/1886
f 2289/3/1887 2290/3/1866 2286/3/1884
f 2289/3/1887 2286/3/1884 2285/3/1883
f 2276/3/1875 2275/3/1874 2290/3/1866
f 2276/3/1875 2290/3/1866 2289/3/1887
f 2291/1/1888 2239/1/1839 2242/1/1842
f 2291/1/1888 2242/1/1842 2292/1/1889
f 2242/1/1842 2241/1/1841 2284/1/1882
f 2242/1/1842 2284/1/1882 2293/1/1890
f 2292/1/1889 2242/1/1842 2293/1/1890
f 2292/1/1889 2293/1/1890 2294/1/1891
f 2295/3/1892 2288/3/1886 2287/3/1885
f 2295/3/1892 2287/3/1885 2296/3/1839
f 1364/3/1017 2297/3/1893 2298/3/1894
f 1364/3/1017 2298/3/1894 2299/3/1895
f 2297/3/1893 2295/3/1892 2296/3/1839
f 2297/3/1893 2296/3/1839 2298/3/1894
f 2293/1/1890 2284/1/1882 2157/1/1757
f 2293/1/1890 2157/1/1757 2156/1/1756
f 2300/1/1896 2301/1/1897 2302/1/1898
f 2300/1/1896 2302/1/1898 2303/1/1899
f 2294/1/1891 2293/1/1890 2156/1/1756
f 2294/1/1891 2156/1/1756 2159/1/1759
f 2304/1/1900 2294/1/1891 2159/1/1759
f 2304/1/1900 2159/1/1759 2158/1/1758
f 2305/1/1901 2292/1/1889 2294/1/1891
f 2305/1/1901 2294/1/1891 2304/1/1900
f 2306/1/1902 2291/1/1888 2292/1/1889
f 2306/1/1902 2292/1/1889 2305/1/1901
f 2307/1/1903 2308/1/1904 2300/1/1896
f 2307/1/1903 2300/1/1896 2303/1/1899
f 2308/1/1904 2309/1/1905 2310/1/1906
f 2308/1/1904 2310/1/1906 2300/1/1896
f 2311/1/1907 2312/1/1908 2313/1/1909
f 2311/1/1907 2313/1/1909 2310/1/1906
f 2314/1/1910 2312/1/1908 2311/1/1907
f 2314/1/1910 2311/1/1907 2315/1/1911
f 2223/1/1823 2261/1/1860 2307/1/1903
f 2223/1/1823 2307/1/1903 2316/1/1912
f 2261/1/1860 2260/1/1859 2308/1/1904
f 2261/1/1860 2308/1/1904 2307/1/1903
f 2260/1/1859 2259/1/1858 2309/1/1905
f 2260/1/1859 2309/1/1905 2308/1/1904
f 2258/1/1857 2257/1/1856 2317/1/1913
f 2258/1/1857 2317/1/1913 2318/1/1914
f 2318/1/1914 2317/1/1913 2315/1/1911
f 2318/1/1914 2315/1/1911 2311/1/1907
f 2319/1/1915 2303/1/1899 2302/1/1898
f 2319/1/1915 2302/1/1898 2320/1/1916
f 2321/4/1917 2322/4/1918 2323/4/1919
f 2321/4/1917 2323/4/1919 2324/4/1920
f 2316/1/1912 2307/1/1903 2303/1/1899
f 2316/1/1912 2303/1/1899 2319/1/1915
f 2236/1/1836 2325/1/1921 2326/1/1922
f 2236/1/1836 2326/1/1922 2237/1/1837
f 2238/1/1838 2237/1/1837 2327/1/1923
f 2238/1/1838 2327/1/1923 2328/1/1924
f 2237/1/1837 2326/1/1922 2329/1/1925
f 2237/1/1837 2329/1/1925 2327/1/1923
f 1371/1/1024 1370/1/1023 2330/1/1926
f 1371/1/1024 2330/1/1926 2331/1/1927
f 143/3/138 1367/3/1020 2247/3/1846
f 143/3/138 2247/3/1846 144/3/139
f 1366/3/1019 1365/3/1018 2332/3/1921
f 1366/3/1019 2332/3/1921 2246/3/1836
f 1347/3/1000 1348/3/1001 1365/3/1018
f 1347/3/1000 1365/3/1018 1366/3/1019
f 1365/3/1018 1364/3/1017 2299/3/1895
f 1365/3/1018 2299/3/1895 2332/3/1921
f 2325/1/1921 2306/1/1902 2305/1/1901
f 2325/1/1921 2305/1/1901 2326/1/1922
f 2326/1/1922 2305/1/1901 2304/1/1900
f 2326/1/1922 2304/1/1900 2329/1/1925
f 2329/1/1925 2304/1/1900 2158/1/1758
f 2329/1/1925 2158/1/1758 2333/1/1928
f 2330/1/1926 2334/1/1929 2335/1/1930
f 2330/1/1926 2335/1/1930 2331/1/1927
f 2327/1/1923 2329/1/1925 2333/1/1928
f 2327/1/1923 2333/1/1928 1369/1/1022
f 2256/1/1855 2328/1/1924 1368/1/1021
f 2256/1/1855 1368/1/1021 2257/1/1856
f 2255/1/1854 2238/1/1838 2328/1/1924
f 2255/1/1854 2328/1/1924 2256/1/1855
f 2336/1/139 2235/1/1835 2238/1/1838
f 2336/1/139 2238/1/1838 2255/1/1854
f 2337/4/1931 2321/4/1917 2324/4/1920
f 2337/4/1931 2324/4/1920 2338/4/1932
f 2324/4/1920 2323/4/1919 2339/4/1933
f 2324/4/1920 2339/4/1933 2340/4/1934
f 2338/4/1932 2324/4/1920 2340/4/1934
f 2338/4/1932 2340/4/1934 2341/4/1935
f 1839/4/1456 2322/4/1918 2321/4/1917
f 1839/4/1456 2321/4/1917 1840/4/1457
f 1846/4/1463 1848/4/1465 2337/4/1931
f 1846/4/1463 2337/4/1931 2342/4/1936
f 1848/4/1465 1840/4/1457 2321/4/1917
f 1848/4/1465 2321/4/1917 2337/4/1931
f 2340/4/1934 2339/4/1933 2199/4/1799
f 2340/4/1934 2199/4/1799 2198/4/1798
f 2343/1/1937 2344/1/1938 2334/1/1929
f 2343/1/1937 2334/1/1929 2330/1/1926
f 2341/4/1935 2340/4/1934 2198/4/1798
f 2341/4/1935 2198/4/1798 2205/4/1805
f 2345/4/1939 2341/4/1935 2205/4/1805
f 2345/4/1939 2205/4/1805 2206/4/1806
f 2346/4/1940 2338/4/1932 2341/4/1935
f 2346/4/1940 2341/4/1935 2345/4/1939
f 2342/4/1936 2337/4/1931 2338/4/1932
f 2342/4/1936 2338/4/1932 2346/4/1940
f 1370/1/1023 2347/1/1941 2343/1/1937
f 1370/1/1023 2343/1/1937 2330/1/1926
f 186/1/157 46/1/45 173/1/165
f 186/1/157 173/1/165 172/1/164
f 2162/1/1762 2344/1/1938 2343/1/1937
f 2162/1/1762 2343/1/1937 2161/1/1761
f 2257/1/1856 1368/1/1021 1371/1/1024
f 2257/1/1856 1371/1/1024 2317/1/1913
f 1369/1/1022 2333/1/1928 2347/1/1941
f 1369/1/1022 2347/1/1941 1370/1/1023
f 2328/1/1924 2327/1/1923 1369/1/1022
f 2328/1/1924 1369/1/1022 1368/1/1021
f 2333/1/1928 2158/1/1758 2160/1/1760
f 2333/1/1928 2160/1/1760 2347/1/1941
f 2347/1/1941 2160/1/1760 2161/1/1761
f 2347/1/1941 2161/1/1761 2343/1/1937
f 2315/1/1911 2331/1/1927 2335/1/1930
f 2315/1/1911 2335/1/1930 2314/1/1910
f 2348/3/1942 2276/3/1875 2289/3/1887
f 2348/3/1942 2289/3/1887 2349/3/1943
f 2317/1/1913 1371/1/1024 2331/1/1927
f 2317/1/1913 2331/1/1927 2315/1/1911
f 2350/1/1944 2351/1/1945 2352/1/1946
f 2350/1/1944 2352/1/1946 2353/1/1947
f 2351/1/1945 2354/1/1948 2355/1/1949
f 2351/1/1945 2355/1/1949 2352/1/1946
f 2353/1/1947 2352/1/1946 2356/1/1950
f 2353/1/1947 2356/1/1950 2357/1/1951
f 2352/1/1946 2355/1/1949 2358/1/1952
f 2352/1/1946 2358/1/1952 2356/1/1950
f 60/4/59 2359/4/1953 2360/4/1954
f 60/4/59 2360/4/1954 61/4/60
f 2359/4/1953 2361/4/1955 2362/4/1956
f 2359/4/1953 2362/4/1956 2360/4/1954
f 2361/4/1955 2176/4/1776 2179/4/1779
f 2361/4/1955 2179/4/1779 2362/4/1956
f 2354/1/1948 2186/1/1786 2185/1/1785
f 2354/1/1948 2185/1/1785 2355/1/1949
f 2355/1/1949 2185/1/1785 2183/1/1783
f 2355/1/1949 2183/1/1783 2358/1/1952
f 2358/1/1952 2183/1/1783 2184/1/1784
f 2358/1/1952 2184/1/1784 2254/1/1853
f 2356/1/1950 2358/1/1952 2254/1/1853
f 2356/1/1950 2254/1/1853 2263/1/1862
f 2357/1/1951 2356/1/1950 2263/1/1862
f 2357/1/1951 2263/1/1862 2262/1/1861
f 2222/1/1822 2357/1/1951 2262/1/1861
f 2222/1/1822 2262/1/1861 2223/1/1823
f 2221/1/1821 2353/1/1947 2357/1/1951
f 2221/1/1821 2357/1/1951 2222/1/1822
f 2220/1/1820 2350/1/1944 2353/1/1947
f 2220/1/1820 2353/1/1947 2221/1/1821
f 2363/3/1957 2348/3/1942 2349/3/1943
f 2363/3/1957 2349/3/1943 2364/3/1958
f 2349/3/1943 2289/3/1887 2285/3/1883
f 2349/3/1943 2285/3/1883 2365/3/1959
f 2364/3/1958 2349/3/1943 2365/3/1959
f 2364/3/1958 2365/3/1959 2366/3/1960
f 2273/3/1872 2276/3/1875 2348/3/1942
f 2273/3/1872 2348/3/1942 2367/3/1961
f 1360/3/1013 2368/3/1962 2363/3/1957
f 1360/3/1013 2363/3/1957 1361/3/1014
f 2368/3/1962 2367/3/1961 2348/3/1942
f 2368/3/1962 2348/3/1942 2363/3/1957
f 2365/3/1959 2285/3/1883 2288/3/1886
f 2365/3/1959 2288/3/1886 2295/3/1892
f 1431/3/1076 2369/3/1963 2370/3/1964
f 1431/3/1076 2370/3/1964 1433/3/1077
f 2366/3/1960 2365/3/1959 2295/3/1892
f 2366/3/1960 2295/3/1892 2297/3/1893
f 1363/3/1016 2366/3/1960 2297/3/1893
f 1363/3/1016 2297/3/1893 1364/3/1017
f 1362/3/1015 2364/3/1958 2366/3/1960
f 1362/3/1015 2366/3/1960 1363/3/1016
f 1361/3/1014 2363/3/1957 2364/3/1958
f 1361/3/1014 2364/3/1958 1362/3/1015
f 46/1/45 45/1/44 236/1/213
f 46/1/45 236/1/213 173/1/165
f 164/3/156 163/3/155 56/3/55
f 164/3/156 56/3/55 2371/3/1965
f 173/1/165 236/1/213 190/1/177
f 173/1/165 190/1/177 171/1/163
f 1945/4/1558 1944/4/1557 2372/4/1966
f 1945/4/1558 2372/4/1966 2373/4/1967
f 159/3/152 158/3/151 165/3/157
f 159/3/152 165/3/157 2374/3/1968
f 44/1/43 188/1/175 2243/1/1843
f 44/1/43 2243/1/1843 2375/1/203
f 205/4/187 204/4/43 225/4/204
f 205/4/187 225/4/204 2131/4/1731
f 2376/2/1969 2377/2/1970 2378/2/1971
f 2376/2/1969 2378/2/1971 2379/2/1972
f 190/1/177 2380/1/1973 1852/1/1469
f 190/1/177 1852/1/1469 189/1/176
f 2371/3/1965 56/3/55 58/3/57
f 2371/3/1965 58/3/57 1851/3/1468
f 58/3/57 57/3/56 149/3/143
f 58/3/57 149/3/143 1350/3/1003
f 2381/3/1974 2371/3/1965 1851/3/1468
f 2381/3/1974 1851/3/1468 1764/3/1383
f 2382/3/1975 164/3/156 2371/3/1965
f 2382/3/1975 2371/3/1965 2381/3/1974
f 2374/3/1968 165/3/157 164/3/156
f 2374/3/1968 164/3/156 2382/3/1975
f 1433/3/1077 2370/3/1964 2383/3/1976
f 1433/3/1077 2383/3/1976 1435/3/1078
f 2369/3/1963 2384/3/1977 2385/3/1978
f 2369/3/1963 2385/3/1978 2370/3/1964
f 2195/3/1795 2369/3/1963 1431/3/1076
f 2195/3/1795 1431/3/1076 1430/3/1075
f 2370/3/1964 2385/3/1978 2386/3/1979
f 2370/3/1964 2386/3/1979 2383/3/1976
f 1435/3/1078 2383/3/1976 1733/3/1357
f 1435/3/1078 1733/3/1357 1437/3/1080
f 2195/3/1795 2194/3/1794 2384/3/1977
f 2195/3/1795 2384/3/1977 2369/3/1963
f 2194/3/1794 159/3/152 2374/3/1968
f 2194/3/1794 2374/3/1968 2384/3/1977
f 2384/3/1977 2374/3/1968 2382/3/1975
f 2384/3/1977 2382/3/1975 2385/3/1978
f 2385/3/1978 2382/3/1975 2381/3/1974
f 2385/3/1978 2381/3/1974 2386/3/1979
f 2386/3/1979 2381/3/1974 1764/3/1383
f 2386/3/1979 1764/3/1383 1734/3/1358
f 2383/3/1976 2386/3/1979 1734/3/1358
f 2383/3/1976 1734/3/1358 1733/3/1357
f 2387/3/1980 2388/3/1981 2389/3/1982
f 2387/3/1980 2389/3/1982 2390/3/1983
f 2391/4/1984 2392/4/1985 2393/4/1986
f 2391/4/1984 2393/4/1986 2394/4/1987
f 2392/4/1985 2395/4/1988 2396/4/1989
f 2392/4/1985 2396/4/1989 2393/4/1986
f 2394/4/1987 2393/4/1986 2397/4/1990
f 2394/4/1987 2397/4/1990 2398/4/1991
f 2393/4/1986 2396/4/1989 2399/4/1992
f 2393/4/1986 2399/4/1992 2397/4/1990
f 1839/4/1456 2400/4/1993 2391/4/1984
f 1839/4/1456 2391/4/1984 2322/4/1918
f 2400/4/1993 2401/4/1994 2392/4/1985
f 2400/4/1993 2392/4/1985 2391/4/1984
f 2401/4/1994 2402/4/1995 2395/4/1988
f 2401/4/1994 2395/4/1988 2392/4/1985
f 2402/4/1995 1730/4/1354 1704/4/1330
f 2402/4/1995 1704/4/1330 2395/4/1988
f 2395/4/1988 1704/4/1330 1707/4/1333
f 2395/4/1988 1707/4/1333 2396/4/1989
f 2396/4/1989 1707/4/1333 1726/4/1350
f 2396/4/1989 1726/4/1350 2399/4/1992
f 2399/4/1992 1726/4/1350 1691/4/1318
f 2399/4/1992 1691/4/1318 2403/4/1996
f 2397/4/1990 2399/4/1992 2403/4/1996
f 2397/4/1990 2403/4/1996 2404/4/1997
f 2398/4/1991 2397/4/1990 2404/4/1997
f 2398/4/1991 2404/4/1997 2405/4/1998
f 2339/4/1933 2398/4/1991 2405/4/1998
f 2339/4/1933 2405/4/1998 2199/4/1799
f 2323/4/1919 2394/4/1987 2398/4/1991
f 2323/4/1919 2398/4/1991 2339/4/1933
f 2322/4/1918 2391/4/1984 2394/4/1987
f 2322/4/1918 2394/4/1987 2323/4/1919
f 2406/2/1999 2407/2/2000 2408/2/2001
f 2406/2/1999 2408/2/2001 2409/2/2002
f 1407/4/1053 1449/4/1092 1451/4/1094
f 1407/4/1053 1451/4/1094 1408/4/1054
f 2410/4/2003 2411/4/2004 2412/4/2005
f 2410/4/2003 2412/4/2005 2413/4/1999
f 2414/2/2006 2415/2/2007 2416/2/2008
f 2414/2/2006 2416/2/2008 2417/2/2009
f 2418/4/2007 2412/4/2005 2411/4/2004
f 2418/4/2007 2411/4/2004 2419/4/2010
f 2420/2/113 2421/2/2011 2422/2/2012
f 2420/2/113 2422/2/2012 2423/2/111
f 2424/4/2013 2425/4/2014 2426/4/2015
f 2424/4/2013 2426/4/2015 2427/4/2016
f 2189/4/1789 2187/4/1787 2428/4/2017
f 2189/4/1789 2428/4/2017 2429/4/2018
f 2163/4/1763 2199/4/1799 2405/4/1998
f 2163/4/1763 2405/4/1998 2430/4/2019
f 2430/4/2019 2405/4/1998 2404/4/1997
f 2430/4/2019 2404/4/1997 2411/4/2004
f 2411/4/2004 2404/4/1997 2403/4/1996
f 2411/4/2004 2403/4/1996 116/4/112
f 116/4/112 2403/4/1996 1691/4/1318
f 116/4/112 1691/4/1318 1694/4/1321
f 2431/2/2020 2432/2/2021 2433/2/2022
f 2431/2/2020 2433/2/2022 2434/2/2023
f 2435/4/2024 2436/4/2025 2437/4/2011
f 2435/4/2024 2437/4/2011 2438/4/2026
f 2433/2/2022 2432/2/2021 238/2/215
f 2433/2/2022 238/2/215 2439/2/2027
f 2440/4/2028 2441/4/2029 2436/4/2025
f 2440/4/2028 2436/4/2025 2435/4/2024
f 228/2/207 2439/2/2027 238/2/215
f 228/2/207 238/2/215 226/2/205
f 2442/4/212 2443/4/2030 2444/4/2006
f 2442/4/212 2444/4/2006 2445/4/216
f 2414/2/2006 2417/2/2009 2446/2/2031
f 2414/2/2006 2446/2/2031 2447/2/216
f 2448/1/2032 1860/1/1476 1861/1/1477
f 2448/1/2032 1861/1/1477 2449/1/2033
f 1861/1/1477 1438/1/1081 1439/1/1082
f 1861/1/1477 1439/1/1082 2450/1/2034
f 2449/1/2033 1861/1/1477 2450/1/2034
f 2449/1/2033 2450/1/2034 2451/1/2035
f 1419/1/1065 1421/1/1067 1860/1/1476
f 1419/1/1065 1860/1/1476 2452/1/2036
f 1749/1/1114 2453/1/2037 2448/1/2032
f 1749/1/1114 2448/1/2032 1750/1/1372
f 2453/1/2037 2452/1/2036 1860/1/1476
f 2453/1/2037 1860/1/1476 2448/1/2032
f 2454/3/2034 1436/3/1079 1437/3/1080
f 2454/3/2034 1437/3/1080 1761/3/1380
f 2455/3/1042 2456/3/2038 2457/3/1029
f 2455/3/1042 2457/3/1029 2458/3/1583
f 1393/2/1042 1386/2/1037 151/2/145
f 1393/2/1042 151/2/145 150/2/144
f 2459/3/2035 2454/3/2034 1761/3/1380
f 2459/3/2035 1761/3/1380 1763/3/1382
f 1754/3/1374 2459/3/2035 1763/3/1382
f 1754/3/1374 1763/3/1382 1755/3/1375
f 1751/1/1373 2449/1/2033 2451/1/2035
f 1751/1/1373 2451/1/2035 1752/1/1374
f 1750/1/1372 2448/1/2032 2449/1/2033
f 1750/1/1372 2449/1/2033 1751/1/1373
f 2460/3/2039 2461/3/2040 2079/3/1685
f 2460/3/2039 2079/3/1685 2078/3/1684
f 2461/3/2040 2462/3/2041 2463/3/2042
f 2461/3/2040 2463/3/2042 2079/3/1685
f 2079/3/1685 2463/3/2042 2464/3/2043
f 2079/3/1685 2464/3/2043 2080/3/1686
f 2027/1/1634 2031/1/1638 1995/1/1603
f 2027/1/1634 1995/1/1603 2020/1/1628
f 169/1/161 62/1/61 64/1/63
f 169/1/161 64/1/63 167/1/159
f 138/3/134 2465/3/2044 2462/3/2041
f 138/3/134 2462/3/2041 2461/3/2040
f 2466/1/2043 2467/1/2045 2468/1/2046
f 2466/1/2043 2468/1/2046 2469/1/1690
f 2470/1/2047 2471/1/2048 2472/1/2049
f 2470/1/2047 2472/1/2049 2082/1/1688
f 2082/1/1688 2472/1/2049 2024/1/1632
f 2082/1/1688 2024/1/1632 2023/1/1631
f 2473/3/2050 2474/3/2051 2475/3/2052
f 2473/3/2050 2475/3/2052 2476/3/2053
f 2477/1/2054 2470/1/2047 2082/1/1688
f 2477/1/2054 2082/1/1688 2033/1/1640
f 2478/3/2055 2460/3/2039 2078/3/1684
f 2478/3/2055 2078/3/1684 2474/3/2051
f 1944/4/1557 1972/4/1581 2479/4/2056
f 1944/4/1557 2479/4/2056 2372/4/1966
f 2373/4/1967 2372/4/1966 1766/4/1385
f 2373/4/1967 1766/4/1385 2065/4/1671
f 2372/4/1966 2479/4/2056 1767/4/1386
f 2372/4/1966 1767/4/1386 1766/4/1385
f 2480/3/2057 2481/3/2058 2482/3/2059
f 2480/3/2057 2482/3/2059 2483/3/2060
f 2484/4/2061 1942/4/1555 1945/4/1558
f 2484/4/2061 1945/4/1558 2485/4/2062
f 1969/3/1580 1970/3/1556 1832/3/1449
f 1969/3/1580 1832/3/1449 1963/3/1574
f 1868/3/1484 1864/3/1480 2486/3/2063
f 1868/3/1484 2486/3/2063 2481/3/2058
f 1971/4/1580 2487/4/2064 2488/4/2065
f 1971/4/1580 2488/4/2065 1972/4/1581
f 1972/4/1581 2488/4/2065 2489/4/2066
f 1972/4/1581 2489/4/2066 2479/4/2056
f 2479/4/2056 2489/4/2066 2490/4/2067
f 2479/4/2056 2490/4/2067 1767/4/1386
f 1767/4/1386 2490/4/2067 1886/4/1500
f 1767/4/1386 1886/4/1500 1768/4/1387
f 1769/4/1388 1768/4/1387 2051/4/1657
f 1769/4/1388 2051/4/1657 2050/4/1656
f 2030/1/1637 2491/1/2068 2032/1/1639
f 2030/1/1637 2032/1/1639 2031/1/1638
f 2492/4/2069 2065/4/1671 2062/4/1668
f 2492/4/2069 2062/4/1668 2061/4/1667
f 2493/4/2070 2373/4/1967 2065/4/1671
f 2493/4/2070 2065/4/1671 2492/4/2069
f 2485/4/2062 1945/4/1558 2373/4/1967
f 2485/4/2062 2373/4/1967 2493/4/2070
f 2481/3/2058 2486/3/2063 2473/3/2050
f 2481/3/2058 2473/3/2050 2482/3/2059
f 2483/3/2060 2482/3/2059 2494/3/2071
f 2483/3/2060 2494/3/2071 2495/3/2072
f 2031/1/1638 2032/1/1639 1996/1/1604
f 2031/1/1638 1996/1/1604 1995/1/1603
f 2496/3/2073 2497/3/2074 2498/3/2075
f 2496/3/2073 2498/3/2075 2499/3/2076
f 1773/3/1392 1869/3/1485 2480/3/2057
f 1773/3/1392 2480/3/2057 2500/3/2077
f 1352/3/1005 1351/3/1004 1868/3/1484
f 1352/3/1005 1868/3/1484 1869/3/1485
f 1869/3/1485 1868/3/1484 2481/3/2058
f 1869/3/1485 2481/3/2058 2480/3/2057
f 2486/3/2063 2478/3/2055 2474/3/2051
f 2486/3/2063 2474/3/2051 2473/3/2050
f 2080/3/1686 2464/3/2043 2084/3/1690
f 2080/3/1686 2084/3/1690 2083/3/1689
f 2474/3/2051 2078/3/1684 2081/3/1687
f 2474/3/2051 2081/3/1687 2475/3/2052
f 2482/3/2059 2473/3/2050 2476/3/2053
f 2482/3/2059 2476/3/2053 2494/3/2071
f 2491/1/2068 2477/1/2054 2033/1/1640
f 2491/1/2068 2033/1/1640 2032/1/1639
f 2501/1/2078 2029/1/1636 2027/1/1634
f 2501/1/2078 2027/1/1634 1898/1/1512
f 2500/3/2077 2480/3/2057 2483/3/2060
f 2500/3/2077 2483/3/2060 2502/3/2079
f 2503/4/2080 2504/4/2081 2505/4/2082
f 2503/4/2080 2505/4/2082 2506/4/2083
f 2507/3/2081 2508/3/2084 2497/3/2074
f 2507/3/2081 2497/3/2074 2496/3/2073
f 2039/1/1646 2089/1/1694 2509/1/2085
f 2039/1/1646 2509/1/2085 2510/1/2086
f 2506/4/2083 2505/4/2082 1891/4/1505
f 2506/4/2083 1891/4/1505 1890/4/1504
f 2487/4/2064 2511/4/1403 2503/4/2080
f 2487/4/2064 2503/4/2080 2488/4/2065
f 2511/4/1403 2512/4/2087 2504/4/2081
f 2511/4/1403 2504/4/2081 2503/4/2080
f 1783/3/1402 1782/3/1401 2508/3/2084
f 1783/3/1402 2508/3/2084 2507/3/2081
f 1782/3/1401 1773/3/1392 2500/3/2077
f 1782/3/1401 2500/3/2077 2508/3/2084
f 2508/3/2084 2500/3/2077 2502/3/2079
f 2508/3/2084 2502/3/2079 2497/3/2074
f 2086/1/1692 2501/1/2078 1898/1/1512
f 2086/1/1692 1898/1/1512 1897/1/1511
f 2502/3/2079 2483/3/2060 2495/3/2072
f 2502/3/2079 2495/3/2072 2513/3/2088
f 1887/4/1501 1892/4/1506 2514/4/2089
f 1887/4/1501 2514/4/2089 1888/4/1502
f 2087/1/1693 1897/1/1511 1871/1/1487
f 2087/1/1693 1871/1/1487 1870/1/1486
f 2490/4/2067 1890/4/1504 1887/4/1501
f 2490/4/2067 1887/4/1501 1886/4/1500
f 2489/4/2066 2506/4/2083 1890/4/1504
f 2489/4/2066 1890/4/1504 2490/4/2067
f 2488/4/2065 2503/4/2080 2506/4/2083
f 2488/4/2065 2506/4/2083 2489/4/2066
f 2390/3/1983 2389/3/1982 2515/3/2090
f 2390/3/1983 2515/3/2090 2516/3/2091
f 2388/3/1981 2517/3/2092 2518/3/2093
f 2388/3/1981 2518/3/2093 2389/3/1982
f 2519/3/2094 2388/3/1981 2387/3/1980
f 2519/3/2094 2387/3/1980 2520/3/2095
f 2389/3/1982 2518/3/2093 2521/3/2096
f 2389/3/1982 2521/3/2096 2515/3/2090
f 2516/3/2091 2515/3/2090 2522/3/2097
f 2516/3/2091 2522/3/2097 2523/3/2098
f 2519/3/2094 2524/3/2099 2517/3/2092
f 2519/3/2094 2517/3/2092 2388/3/1981
f 2524/3/2099 2525/3/2100 2526/3/2101
f 2524/3/2099 2526/3/2101 2517/3/2092
f 2517/3/2092 2526/3/2101 2527/3/2102
f 2517/3/2092 2527/3/2102 2518/3/2093
f 2518/3/2093 2527/3/2102 2528/3/2103
f 2518/3/2093 2528/3/2103 2521/3/2096
f 2521/3/2096 2528/3/2103 2529/3/2104
f 2521/3/2096 2529/3/2104 2530/3/2105
f 2515/3/2090 2521/3/2096 2530/3/2105
f 2515/3/2090 2530/3/2105 2522/3/2097
f 2531/1/2106 2532/1/2107 2533/1/2108
f 2531/1/2106 2533/1/2108 2534/1/2109
f 2535/1/2110 2531/1/2106 2534/1/2109
f 2535/1/2110 2534/1/2109 2536/1/2111
f 2534/1/2109 2533/1/2108 2537/1/2112
f 2534/1/2109 2537/1/2112 2538/1/2113
f 2536/1/2111 2534/1/2109 2538/1/2113
f 2536/1/2111 2538/1/2113 2539/1/2114
f 2320/1/1916 2532/1/2107 2531/1/2106
f 2320/1/1916 2531/1/2106 2319/1/1915
f 2223/1/1823 2316/1/1912 2535/1/2110
f 2223/1/1823 2535/1/2110 2224/1/1824
f 2316/1/1912 2319/1/1915 2531/1/2106
f 2316/1/1912 2531/1/2106 2535/1/2110
f 2538/1/2113 2537/1/2112 2540/1/2115
f 2538/1/2113 2540/1/2115 2541/1/2116
f 2542/4/2117 2543/4/2118 2544/4/2119
f 2542/4/2117 2544/4/2119 2545/4/2120
f 2539/1/2114 2538/1/2113 2541/1/2116
f 2539/1/2114 2541/1/2116 2546/1/2121
f 2226/1/1826 2539/1/2114 2546/1/2121
f 2226/1/1826 2546/1/2121 2227/1/1827
f 2225/1/1825 2536/1/2111 2539/1/2114
f 2225/1/1825 2539/1/2114 2226/1/1826
f 2224/1/1824 2535/1/2110 2536/1/2111
f 2224/1/1824 2536/1/2111 2225/1/1825
f 2545/4/2120 2544/4/2119 2547/4/2122
f 2545/4/2120 2547/4/2122 2548/4/2123
f 2543/4/2118 2549/4/2124 2550/4/2125
f 2543/4/2118 2550/4/2125 2544/4/2119
f 1845/4/1462 1844/4/1461 2543/4/2118
f 1845/4/1462 2543/4/2118 2542/4/2117
f 2544/4/2119 2550/4/2125 2551/4/2126
f 2544/4/2119 2551/4/2126 2547/4/2122
f 2548/4/2123 2547/4/2122 2552/4/2127
f 2548/4/2123 2552/4/2127 2553/4/2128
f 1844/4/1461 1847/4/1464 2549/4/2124
f 1844/4/1461 2549/4/2124 2543/4/2118
f 1847/4/1464 1846/4/1463 2554/4/2129
f 1847/4/1464 2554/4/2129 2549/4/2124
f 2549/4/2124 2554/4/2129 2555/4/2130
f 2549/4/2124 2555/4/2130 2550/4/2125
f 2550/4/2125 2555/4/2130 2556/4/2131
f 2550/4/2125 2556/4/2131 2551/4/2126
f 2551/4/2126 2556/4/2131 65/4/64
f 2551/4/2126 65/4/64 2557/4/2132
f 2547/4/2122 2551/4/2126 2557/4/2132
f 2547/4/2122 2557/4/2132 2552/4/2127
f 2558/3/2133 2559/3/2134 2560/3/2135
f 2558/3/2133 2560/3/2135 2561/3/128
f 2559/3/2136 2562/3/2137 2563/3/2138
f 2559/3/2136 2563/3/2138 2560/3/2135
f 2564/3/2139 2559/3/2136 2558/3/2140
f 2564/3/2139 2558/3/2140 2565/3/2141
f 2560/3/2135 2563/3/2138 2566/3/2142
f 2560/3/2135 2566/3/2142 2567/3/2143
f 2564/3/2139 2568/3/2144 2562/3/2137
f 2564/3/2139 2562/3/2137 2559/3/2136
f 2568/3/2144 2569/3/2145 2570/3/2146
f 2568/3/2144 2570/3/2146 2562/3/2137
f 2562/3/2137 2570/3/2146 2571/3/2147
f 2562/3/2137 2571/3/2147 2563/3/2138
f 2563/3/2138 2571/3/2147 2572/3/2148
f 2563/3/2138 2572/3/2148 2566/3/2142
f 2573/1/2149 2574/1/2150 2575/1/128
f 2573/1/2149 2575/1/128 2576/1/2151
f 2577/1/2152 2578/1/2153 2573/1/2154
f 2577/1/2152 2573/1/2154 2579/1/2155
f 2578/1/2153 2580/1/2156 2574/1/2157
f 2578/1/2153 2574/1/2157 2573/1/2154
f 2581/3/2158 2582/3/2159 2583/3/2160
f 2581/3/2158 2583/3/2160 2584/3/2161
f 2585/3/2162 2586/3/2163 2587/3/2164
f 2585/3/2162 2587/3/2164 2588/3/2165
f 2589/3/2166 2590/3/2167 2591/3/2168
f 2589/3/2166 2591/3/2168 2592/3/2169
f 2579/1/2155 2573/1/2154 2576/1/2170
f 2579/1/2155 2576/1/2170 2593/1/2171
f 2594/1/2172 2595/1/2173 2596/1/2174
f 2594/1/2172 2596/1/2174 2597/1/2175
f 2595/1/2173 2598/1/2176 2599/1/2177
f 2595/1/2173 2599/1/2177 2596/1/2174
f 2600/3/2178 2601/3/2179 2572/3/2148
f 2600/3/2178 2572/3/2148 2571/3/2147
f 2602/1/2180 2603/1/2181 2604/1/2182
f 2602/1/2180 2604/1/2182 2605/1/2183
f 2606/1/2184 2605/1/2183 2594/1/2172
f 2606/1/2184 2594/1/2172 2607/1/2185
f 2605/1/2183 2604/1/2182 2595/1/2173
f 2605/1/2183 2595/1/2173 2594/1/2172
f 2604/1/2182 2608/1/2186 2598/1/2176
f 2604/1/2182 2598/1/2176 2595/1/2173
f 2608/1/2186 2577/1/2152 2579/1/2155
f 2608/1/2186 2579/1/2155 2598/1/2176
f 2598/1/2176 2579/1/2155 2593/1/2171
f 2598/1/2176 2593/1/2171 2599/1/2177
f 2593/1/2171 2576/1/2170 2609/1/2187
f 2593/1/2171 2609/1/2187 2610/1/2188
f 2599/1/2177 2593/1/2171 2610/1/2188
f 2599/1/2177 2610/1/2188 2611/1/2189
f 2596/1/2174 2599/1/2177 2611/1/2189
f 2596/1/2174 2611/1/2189 2612/1/2190
f 2597/1/2175 2596/1/2174 2612/1/2190
f 2597/1/2175 2612/1/2190 2613/1/2191
f 2575/1/128 2614/1/128 2609/1/127
f 2575/1/128 2609/1/127 2576/1/2151
f 2615/3/2192 2616/3/2193 2570/3/2146
f 2615/3/2192 2570/3/2146 2569/3/2145
f 2607/1/2185 2594/1/2172 2597/1/2175
f 2607/1/2185 2597/1/2175 2617/1/2194
f 2618/3/2195 2619/3/2196 2620/3/2197
f 2618/3/2195 2620/3/2197 2621/3/2198
f 2619/3/2196 2622/3/2199 2623/3/2200
f 2619/3/2196 2623/3/2200 2620/3/2197
f 2620/3/2197 2623/3/2200 2624/3/2201
f 2620/3/2197 2624/3/2201 2625/3/2202
f 2603/1/2181 2626/1/2203 2608/1/2186
f 2603/1/2181 2608/1/2186 2604/1/2182
f 2232/1/1832 2230/1/1830 2627/1/2195
f 2232/1/1832 2627/1/2195 2628/1/2204
f 2230/1/1830 2229/1/1829 2629/1/2205
f 2230/1/1830 2629/1/2205 2627/1/2195
f 2229/1/1829 2228/1/1828 2630/1/2206
f 2229/1/1829 2630/1/2206 2629/1/2205
f 2228/1/1828 2227/1/1827 2631/1/2207
f 2228/1/1828 2631/1/2207 2630/1/2206
f 2622/3/2199 2632/3/2207 2633/3/2208
f 2622/3/2199 2633/3/2208 2623/3/2200
f 2634/1/2209 2635/1/2210 2578/1/2153
f 2634/1/2209 2578/1/2153 2577/1/2152
f 2601/3/2179 2589/3/2166 2592/3/2169
f 2601/3/2179 2592/3/2169 2572/3/2148
f 2635/1/2210 2636/1/129 2580/1/2156
f 2635/1/2210 2580/1/2156 2578/1/2153
f 2621/3/2198 2620/3/2197 2625/3/2202
f 2621/3/2198 2625/3/2202 2637/3/2211
f 2638/3/2212 2639/3/2213 2640/3/2214
f 2638/3/2212 2640/3/2214 2586/3/2163
f 2641/1/2215 2602/1/2180 2605/1/2183
f 2641/1/2215 2605/1/2183 2606/1/2184
f 2642/3/2204 2618/3/2195 2621/3/2198
f 2642/3/2204 2621/3/2198 2639/3/2213
f 2643/3/2216 2581/3/2158 2584/3/2161
f 2643/3/2216 2584/3/2161 2644/3/2217
f 2645/3/2218 2638/3/2212 2586/3/2163
f 2645/3/2218 2586/3/2163 2585/3/2162
f 2584/3/2161 2583/3/2160 2646/3/2219
f 2584/3/2161 2646/3/2219 2647/3/2220
f 2540/1/2115 2648/1/2159 2649/1/2158
f 2540/1/2115 2649/1/2158 2541/1/2116
f 2227/1/1827 2546/1/2121 2650/1/2216
f 2227/1/1827 2650/1/2216 2631/1/2207
f 2546/1/2121 2541/1/2116 2649/1/2158
f 2546/1/2121 2649/1/2158 2650/1/2216
f 2616/3/2193 2600/3/2178 2571/3/2147
f 2616/3/2193 2571/3/2147 2570/3/2146
f 2651/3/2221 2652/3/2222 2653/3/2223
f 2651/3/2221 2653/3/2223 2654/3/2224
f 2644/3/2217 2584/3/2161 2647/3/2220
f 2644/3/2217 2647/3/2220 2655/3/2225
f 2626/1/2203 2634/1/2209 2577/1/2152
f 2626/1/2203 2577/1/2152 2608/1/2186
f 2623/3/2200 2633/3/2208 2656/3/2226
f 2623/3/2200 2656/3/2226 2624/3/2201
f 2632/3/2207 2643/3/2216 2644/3/2217
f 2632/3/2207 2644/3/2217 2633/3/2208
f 2654/3/2224 2653/3/2223 2657/3/2227
f 2654/3/2224 2657/3/2227 2658/3/2228
f 2652/3/2222 2659/3/2229 2660/3/2230
f 2652/3/2222 2660/3/2230 2653/3/2223
f 2553/4/2128 2552/4/2127 2661/4/2231
f 2553/4/2128 2661/4/2231 2662/4/2232
f 2653/3/2223 2660/3/2230 2663/3/2233
f 2653/3/2223 2663/3/2233 2657/3/2227
f 2658/3/2228 2657/3/2227 2519/3/2094
f 2658/3/2228 2519/3/2094 2520/3/2095
f 2552/4/2127 2557/4/2132 2664/4/2234
f 2552/4/2127 2664/4/2234 2661/4/2231
f 2557/4/2132 65/4/64 67/4/66
f 2557/4/2132 67/4/66 2664/4/2234
f 2659/3/2229 2665/3/2235 2666/3/2236
f 2659/3/2229 2666/3/2236 2660/3/2230
f 2660/3/2230 2666/3/2236 2667/3/2237
f 2660/3/2230 2667/3/2237 2663/3/2233
f 2663/3/2233 2667/3/2237 2525/3/2100
f 2663/3/2233 2525/3/2100 2524/3/2099
f 2657/3/2227 2663/3/2233 2524/3/2099
f 2657/3/2227 2524/3/2099 2519/3/2094
f 2668/3/2238 2669/3/2239 2670/3/2240
f 2668/3/2238 2670/3/2240 2671/3/2241
f 2672/3/2242 2673/3/2243 2645/3/2218
f 2672/3/2242 2645/3/2218 2674/3/2244
f 2673/3/2243 2675/3/2245 2638/3/2212
f 2673/3/2243 2638/3/2212 2645/3/2218
f 2674/3/2244 2645/3/2218 2585/3/2162
f 2674/3/2244 2585/3/2162 2676/3/2246
f 2677/1/2247 2607/1/2185 2617/1/2194
f 2677/1/2247 2617/1/2194 2678/1/2248
f 232/1/65 234/1/211 2679/1/2249
f 232/1/65 2679/1/2249 2680/1/2242
f 234/1/211 2681/1/2250 2682/1/2245
f 234/1/211 2682/1/2245 2679/1/2249
f 2681/1/2250 2232/1/1832 2628/1/2204
f 2681/1/2250 2628/1/2204 2682/1/2245
f 2675/3/2245 2642/3/2204 2639/3/2213
f 2675/3/2245 2639/3/2213 2638/3/2212
f 2678/1/2248 2617/1/2194 2683/1/2251
f 2678/1/2248 2683/1/2251 2684/1/2252
f 2588/3/2165 2587/3/2164 2685/3/2253
f 2588/3/2165 2685/3/2253 2686/3/2254
f 2687/1/2255 2606/1/2184 2607/1/2185
f 2687/1/2255 2607/1/2185 2677/1/2247
f 2676/3/2246 2585/3/2162 2588/3/2165
f 2676/3/2246 2588/3/2165 2688/3/2256
f 2667/3/2237 2676/3/2246 2688/3/2256
f 2667/3/2237 2688/3/2256 2525/3/2100
f 2666/3/2236 2674/3/2244 2676/3/2246
f 2666/3/2236 2676/3/2246 2667/3/2237
f 2665/3/2235 2672/3/2242 2674/3/2244
f 2665/3/2235 2674/3/2244 2666/3/2236
f 2689/3/2257 2686/3/2254 2690/3/2258
f 2689/3/2257 2690/3/2258 2691/3/2259
f 2690/3/2258 2692/3/2260 2693/3/2261
f 2690/3/2258 2693/3/2261 2694/3/2262
f 2691/3/2259 2690/3/2258 2694/3/2262
f 2691/3/2259 2694/3/2262 2695/3/2263
f 2694/3/2262 2693/3/2261 2696/3/2264
f 2694/3/2262 2696/3/2264 2697/3/2265
f 2525/3/2100 2688/3/2256 2689/3/2257
f 2525/3/2100 2689/3/2257 2526/3/2101
f 2688/3/2256 2588/3/2165 2686/3/2254
f 2688/3/2256 2686/3/2254 2689/3/2257
f 2639/3/2213 2621/3/2198 2637/3/2211
f 2639/3/2213 2637/3/2211 2640/3/2214
f 2698/1/2266 2641/1/2215 2606/1/2184
f 2698/1/2266 2606/1/2184 2687/1/2255
f 2686/3/2254 2685/3/2253 2692/3/2260
f 2686/3/2254 2692/3/2260 2690/3/2258
f 2693/3/2261 2615/3/2192 2569/3/2145
f 2693/3/2261 2569/3/2145 2696/3/2264
f 2617/1/2194 2597/1/2175 2613/1/2191
f 2617/1/2194 2613/1/2191 2683/1/2251
f 2695/3/2263 2694/3/2262 2697/3/2265
f 2695/3/2263 2697/3/2265 2699/3/2267
f 2528/3/2103 2695/3/2263 2699/3/2267
f 2528/3/2103 2699/3/2267 2529/3/2104
f 2527/3/2102 2691/3/2259 2695/3/2263
f 2527/3/2102 2695/3/2263 2528/3/2103
f 2526/3/2101 2689/3/2257 2691/3/2259
f 2526/3/2101 2691/3/2259 2527/3/2102
f 2671/3/2241 2670/3/2240 2700/3/2268
f 2671/3/2241 2700/3/2268 2701/3/2269
f 2669/3/2239 2702/3/2270 2703/3/2271
f 2669/3/2239 2703/3/2271 2670/3/2240
f 2523/3/2098 2522/3/2097 2669/3/2239
f 2523/3/2098 2669/3/2239 2668/3/2238
f 2670/3/2240 2703/3/2271 2704/3/2272
f 2670/3/2240 2704/3/2272 2700/3/2268
f 2701/3/2269 2700/3/2268 2564/3/2139
f 2701/3/2269 2564/3/2139 2565/3/2141
f 2522/3/2097 2530/3/2105 2702/3/2270
f 2522/3/2097 2702/3/2270 2669/3/2239
f 2530/3/2105 2529/3/2104 2699/3/2267
f 2530/3/2105 2699/3/2267 2702/3/2270
f 2702/3/2270 2699/3/2267 2697/3/2265
f 2702/3/2270 2697/3/2265 2703/3/2271
f 2703/3/2271 2697/3/2265 2696/3/2264
f 2703/3/2271 2696/3/2264 2704/3/2272
f 2704/3/2272 2696/3/2264 2569/3/2145
f 2704/3/2272 2569/3/2145 2568/3/2144
f 2700/3/2268 2704/3/2272 2568/3/2144
f 2700/3/2268 2568/3/2144 2564/3/2139
f 2705/3/2273 2706/3/2274 2707/3/2275
f 2705/3/2273 2707/3/2275 2708/3/2276
f 2709/3/2277 2705/3/2273 2708/3/2276
f 2709/3/2277 2708/3/2276 2710/3/2278
f 2708/3/2276 2707/3/2275 2711/3/2279
f 2708/3/2276 2711/3/2279 2712/3/2280
f 2710/3/2278 2708/3/2276 2712/3/2280
f 2710/3/2278 2712/3/2280 2713/3/2281
f 2209/3/1809 1994/3/1602 2706/3/2274
f 2209/3/1809 2706/3/2274 2705/3/2273
f 140/3/136 2210/3/1810 2709/3/2277
f 140/3/136 2709/3/2277 141/3/137
f 2210/3/1810 2209/3/1809 2705/3/2273
f 2210/3/1810 2705/3/2273 2709/3/2277
f 2712/3/2280 2711/3/2279 2273/3/1872
f 2712/3/2280 2273/3/1872 2367/3/1961
f 2713/3/2281 2712/3/2280 2367/3/1961
f 2713/3/2281 2367/3/1961 2368/3/1962
f 2714/3/2282 2713/3/2281 2368/3/1962
f 2714/3/2282 2368/3/1962 1360/3/1013
f 2715/3/2283 2710/3/2278 2713/3/2281
f 2715/3/2283 2713/3/2281 2714/3/2282
f 141/3/137 2709/3/2277 2710/3/2278
f 141/3/137 2710/3/2278 2715/3/2283
f 2716/4/2284 2717/4/2285 2718/4/2286
f 2716/4/2284 2718/4/2286 2719/4/2287
f 2717/4/2285 2720/4/2288 2721/4/2289
f 2717/4/2285 2721/4/2289 2718/4/2286
f 2719/4/2287 2718/4/2286 2722/4/2290
f 2719/4/2287 2722/4/2290 2723/4/2291
f 2718/4/2286 2721/4/2289 2724/4/2292
f 2718/4/2286 2724/4/2292 2722/4/2290
f 1846/4/1463 2342/4/1936 2716/4/2284
f 1846/4/1463 2716/4/2284 2725/4/2293
f 2342/4/1936 2346/4/1940 2717/4/2285
f 2342/4/1936 2717/4/2285 2716/4/2284
f 2346/4/1940 2345/4/1939 2720/4/2288
f 2346/4/1940 2720/4/2288 2717/4/2285
f 2345/4/1939 2206/4/1806 2726/4/2294
f 2345/4/1939 2726/4/2294 2720/4/2288
f 2720/4/2288 2726/4/2294 2727/4/2295
f 2720/4/2288 2727/4/2295 2721/4/2289
f 2721/4/2289 2727/4/2295 2728/4/2296
f 2721/4/2289 2728/4/2296 2724/4/2292
f 2724/4/2292 2728/4/2296 2176/4/1776
f 2724/4/2292 2176/4/1776 2361/4/1955
f 2722/4/2290 2724/4/2292 2361/4/1955
f 2722/4/2290 2361/4/1955 2359/4/1953
f 2723/4/2291 2722/4/2290 2359/4/1953
f 2723/4/2291 2359/4/1953 60/4/59
f 2729/4/2297 2723/4/2291 60/4/59
f 2729/4/2297 60/4/59 59/4/58
f 2730/4/2298 2719/4/2287 2723/4/2291
f 2730/4/2298 2723/4/2291 2729/4/2297
f 2725/4/2293 2716/4/2284 2719/4/2287
f 2725/4/2293 2719/4/2287 2730/4/2298
f 2731/1/2299 2732/1/2300 2733/1/2301
f 2731/1/2299 2733/1/2301 2734/1/2302
f 2732/1/2300 2735/1/2303 2736/1/2304
f 2732/1/2300 2736/1/2304 2733/1/2301
f 2734/1/2302 2733/1/2301 2737/1/2305
f 2734/1/2302 2737/1/2305 2738/1/2306
f 2733/1/2301 2736/1/2304 2739/1/2307
f 2733/1/2301 2739/1/2307 2737/1/2305
f 1994/3/1602 1993/3/1601 2740/3/2308
f 1994/3/1602 2740/3/2308 2706/3/2274
f 1990/1/1598 1989/1/1597 2732/1/2300
f 1990/1/1598 2732/1/2300 2731/1/2299
f 1989/1/1597 1988/1/1596 2735/1/2303
f 1989/1/1597 2735/1/2303 2732/1/2300
f 1988/1/1596 1987/1/1595 2741/1/2309
f 1988/1/1596 2741/1/2309 2735/1/2303
f 2735/1/2303 2741/1/2309 2742/1/2310
f 2735/1/2303 2742/1/2310 2736/1/2304
f 2736/1/2304 2742/1/2310 2743/1/2311
f 2736/1/2304 2743/1/2311 2739/1/2307
f 2739/1/2307 2743/1/2311 2280/1/1878
f 2739/1/2307 2280/1/1878 2279/1/1877
f 2737/1/2305 2739/1/2307 2279/1/1877
f 2737/1/2305 2279/1/1877 2278/1/1876
f 2738/1/2306 2737/1/2305 2278/1/1876
f 2738/1/2306 2278/1/1876 2277/1/1873
f 2711/3/2279 2744/3/2312 2274/3/1873
f 2711/3/2279 2274/3/1873 2273/3/1872
f 2707/3/2275 2745/3/2313 2744/3/2312
f 2707/3/2275 2744/3/2312 2711/3/2279
f 2706/3/2274 2740/3/2308 2745/3/2313
f 2706/3/2274 2745/3/2313 2707/3/2275
f 2746/4/2314 2747/4/2315 2748/4/2316
f 2746/4/2314 2748/4/2316 2749/4/2317
f 2747/4/2315 2750/4/2318 68/4/67
f 2747/4/2315 68/4/67 2748/4/2316
f 2749/4/2317 2748/4/2316 71/4/70
f 2749/4/2317 71/4/70 2751/4/2319
f 2748/4/2316 68/4/67 70/4/69
f 2748/4/2316 70/4/69 71/4/70
f 1846/4/1463 2725/4/2293 2746/4/2314
f 1846/4/1463 2746/4/2314 2554/4/2129
f 2725/4/2293 2730/4/2298 2747/4/2315
f 2725/4/2293 2747/4/2315 2746/4/2314
f 2730/4/2298 2729/4/2297 2750/4/2318
f 2730/4/2298 2750/4/2318 2747/4/2315
f 2729/4/2297 59/4/58 2752/4/2320
f 2729/4/2297 2752/4/2320 2750/4/2318
f 2750/4/2318 2752/4/2320 69/4/68
f 2750/4/2318 69/4/68 68/4/67
f 2753/1/2321 2231/1/1831 2232/1/1832
f 2753/1/2321 2232/1/1832 2681/1/2250
f 2751/4/2319 71/4/70 72/4/71
f 2751/4/2319 72/4/71 66/4/65
f 2556/4/2131 2751/4/2319 66/4/65
f 2556/4/2131 66/4/65 65/4/64
f 2555/4/2130 2749/4/2317 2751/4/2319
f 2555/4/2130 2751/4/2319 2556/4/2131
f 2554/4/2129 2746/4/2314 2749/4/2317
f 2554/4/2129 2749/4/2317 2555/4/2130
f 2754/4/2322 2755/4/2323 2756/4/2324
f 2754/4/2322 2756/4/2324 2757/4/2325
f 2755/4/2323 2758/4/2326 2759/4/2327
f 2755/4/2323 2759/4/2327 2756/4/2324
f 2757/4/2325 2756/4/2324 2760/4/2328
f 2757/4/2325 2760/4/2328 2761/4/2329
f 2756/4/2324 2759/4/2327 2762/4/2330
f 2756/4/2324 2762/4/2330 2760/4/2328
f 2206/4/1806 2204/4/1804 2754/4/2322
f 2206/4/1806 2754/4/2322 2726/4/2294
f 2204/4/1804 2203/4/1803 2755/4/2323
f 2204/4/1804 2755/4/2323 2754/4/2322
f 2203/4/1803 2202/4/1802 2758/4/2326
f 2203/4/1803 2758/4/2326 2755/4/2323
f 2202/4/1802 2201/4/1801 2763/4/2331
f 2202/4/1802 2763/4/2331 2758/4/2326
f 2758/4/2326 2763/4/2331 2764/4/2332
f 2758/4/2326 2764/4/2332 2759/4/2327
f 2759/4/2327 2764/4/2332 79/4/78
f 2759/4/2327 79/4/78 2762/4/2330
f 2762/4/2330 79/4/78 81/4/80
f 2762/4/2330 81/4/80 2765/4/182
f 2761/4/2329 2760/4/2328 47/4/46
f 2761/4/2329 47/4/46 2177/4/1777
f 2728/4/2296 2761/4/2329 2177/4/1777
f 2728/4/2296 2177/4/1777 2176/4/1776
f 2727/4/2295 2757/4/2325 2761/4/2329
f 2727/4/2295 2761/4/2329 2728/4/2296
f 2726/4/2294 2754/4/2322 2757/4/2325
f 2726/4/2294 2757/4/2325 2727/4/2295
f 2766/1/1750 2767/1/2333 76/1/75
f 2766/1/1750 76/1/75 2768/1/2334
f 2768/1/2334 76/1/75 78/1/77
f 2768/1/2334 78/1/77 2028/1/1635
f 1938/4/1551 1937/4/1550 2769/4/2335
f 1938/4/1551 2769/4/2335 2770/4/2336
f 2201/4/1801 2148/4/1748 2151/4/1751
f 2201/4/1801 2151/4/1751 2763/4/2331
f 2149/4/1749 2771/4/2337 2772/4/2338
f 2149/4/1749 2772/4/2338 2150/4/1750
f 2132/4/1732 2234/4/1834 2771/4/2337
f 2132/4/1732 2771/4/2337 2149/4/1749
f 2245/1/1845 52/1/51 2773/1/2339
f 2245/1/1845 2773/1/2339 2767/1/2333
f 2767/1/2333 2773/1/2339 77/1/76
f 2767/1/2333 77/1/76 76/1/75
f 184/3/173 2714/3/2282 1360/3/1013
f 184/3/173 1360/3/1013 185/3/174
f 208/1/189 2028/1/1635 1/1/1
f 208/1/189 1/1/1 1354/1/1007
f 2763/4/2331 2151/4/1751 73/4/72
f 2763/4/2331 73/4/72 2764/4/2332
f 2774/1/2340 2775/1/2341 2776/1/2342
f 2774/1/2340 2776/1/2342 2777/1/2343
f 2775/1/2341 2778/1/2344 2779/1/2345
f 2775/1/2341 2779/1/2345 2776/1/2342
f 2777/1/2343 2776/1/2342 2780/1/2346
f 2777/1/2343 2780/1/2346 2781/1/2347
f 2776/1/2342 2779/1/2345 2782/1/2348
f 2776/1/2342 2782/1/2348 2780/1/2346
f 2095/4/1700 2783/4/1705 2113/4/1715
f 2095/4/1700 2113/4/1715 2096/4/1701
f 2784/1/2349 2785/1/2350 2774/1/2340
f 2784/1/2349 2774/1/2340 2786/1/2351
f 2785/1/2350 2787/1/2352 2775/1/2341
f 2785/1/2350 2775/1/2341 2774/1/2340
f 2787/1/2352 2788/1/2353 2778/1/2344
f 2787/1/2352 2778/1/2344 2775/1/2341
f 2778/1/2344 2789/1/2354 2790/1/2355
f 2778/1/2344 2790/1/2355 2779/1/2345
f 2779/1/2345 2790/1/2355 2791/1/2356
f 2779/1/2345 2791/1/2356 2782/1/2348
f 2782/1/2348 2791/1/2356 2792/1/2357
f 2782/1/2348 2792/1/2357 2793/1/2358
f 2780/1/2346 2782/1/2348 2793/1/2358
f 2780/1/2346 2793/1/2358 2794/1/2359
f 2781/1/2347 2780/1/2346 2794/1/2359
f 2781/1/2347 2794/1/2359 2795/1/2360
f 2796/1/2361 2781/1/2347 2795/1/2360
f 2796/1/2361 2795/1/2360 2797/1/2362
f 2798/1/2363 2777/1/2343 2781/1/2347
f 2798/1/2363 2781/1/2347 2796/1/2361
f 2786/1/2351 2774/1/2340 2777/1/2343
f 2786/1/2351 2777/1/2343 2798/1/2363
f 2141/4/1741 2140/4/1740 2115/4/1717
f 2141/4/1741 2115/4/1717 2118/4/1720
f 2140/4/1740 2139/4/1739 2799/4/2364
f 2140/4/1740 2799/4/2364 2115/4/1717
f 2799/4/2364 2800/4/2365 2116/4/1718
f 2799/4/2364 2116/4/1718 2115/4/1717
f 2114/4/1716 2800/4/2365 2799/4/2364
f 2114/4/1716 2799/4/2364 2112/4/1714
f 86/3/85 2001/3/1609 2147/3/1747
f 86/3/85 2147/3/1747 2013/3/1621
f 40/4/39 2105/4/1708 2107/4/1710
f 40/4/39 2107/4/1710 2139/4/1739
f 2139/4/1739 2107/4/1710 2112/4/1714
f 2139/4/1739 2112/4/1714 2799/4/2364
f 2801/4/2366 2118/4/1720 2117/4/1719
f 2801/4/2366 2117/4/1719 2802/4/2367
f 2142/4/1742 2141/4/1741 2118/4/1720
f 2142/4/1742 2118/4/1720 2801/4/2366
f 2011/3/1619 2152/3/1752 2803/3/2368
f 2011/3/1619 2803/3/2368 2804/3/2369
f 2805/1/2370 2806/1/2371 2807/1/82
f 2805/1/2370 2807/1/82 2808/1/2372
f 2809/4/2373 2142/4/1742 2801/4/2366
f 2809/4/2373 2801/4/2366 84/4/83
f 2810/3/2374 2804/3/2369 2811/3/2375
f 2810/3/2374 2811/3/2375 2812/3/2376
f 2813/3/2377 2814/3/2378 2815/3/2379
f 2813/3/2377 2815/3/2379 2816/3/2380
f 2012/3/1620 2011/3/1619 2804/3/2369
f 2012/3/1620 2804/3/2369 2810/3/2374
f 2014/3/1622 2013/3/1621 2813/3/2377
f 2014/3/1622 2813/3/2377 2816/3/2380
f 2013/3/1621 2147/3/1747 2817/3/2381
f 2013/3/1621 2817/3/2381 2813/3/2377
f 2817/3/2381 2818/3/2382 2814/3/2378
f 2817/3/2381 2814/3/2378 2813/3/2377
f 2015/3/1623 87/3/86 2014/3/1622
f 2015/3/1623 2014/3/1622 2111/3/1713
f 2147/3/1747 2012/3/1620 2810/3/2374
f 2147/3/1747 2810/3/2374 2817/3/2381
f 2103/3/1706 2816/3/2380 2815/3/2379
f 2103/3/1706 2815/3/2379 2104/3/1707
f 2002/3/1610 2001/3/1609 86/3/85
f 2002/3/1610 86/3/85 1966/3/1577
f 2111/3/1713 2014/3/1622 2816/3/2380
f 2111/3/1713 2816/3/2380 2103/3/1706
f 2819/1/2383 2820/1/2384 2821/1/2385
f 2819/1/2383 2821/1/2385 2822/1/2386
f 2820/1/2384 2823/1/2387 2824/1/2388
f 2820/1/2384 2824/1/2388 2821/1/2385
f 2822/1/2386 2821/1/2385 2825/1/2389
f 2822/1/2386 2825/1/2389 2826/1/2390
f 2821/1/2385 2824/1/2388 2827/1/2391
f 2821/1/2385 2827/1/2391 2825/1/2389
f 2828/1/2392 2829/1/2393 2819/1/2383
f 2828/1/2392 2819/1/2383 2830/1/2394
f 2829/1/2393 2831/1/2395 2820/1/2384
f 2829/1/2393 2820/1/2384 2819/1/2383
f 2831/1/2395 2832/1/2396 2823/1/2387
f 2831/1/2395 2823/1/2387 2820/1/2384
f 2832/1/2396 2797/1/2362 2795/1/2360
f 2832/1/2396 2795/1/2360 2823/1/2387
f 2823/1/2387 2795/1/2360 2794/1/2359
f 2823/1/2387 2794/1/2359 2824/1/2388
f 2824/1/2388 2794/1/2359 2793/1/2358
f 2824/1/2388 2793/1/2358 2827/1/2391
f 2827/1/2391 2793/1/2358 2792/1/2357
f 2827/1/2391 2792/1/2357 2833/1/2397
f 2825/1/2389 2827/1/2391 2833/1/2397
f 2825/1/2389 2833/1/2397 2834/1/2398
f 2826/1/2390 2825/1/2389 2834/1/2398
f 2826/1/2390 2834/1/2398 2835/1/2399
f 2836/1/2400 2826/1/2390 2835/1/2399
f 2836/1/2400 2835/1/2399 2837/1/2401
f 2838/1/2402 2822/1/2386 2826/1/2390
f 2838/1/2402 2826/1/2390 2836/1/2400
f 2830/1/2394 2819/1/2383 2822/1/2386
f 2830/1/2394 2822/1/2386 2838/1/2402
f 2839/1/2403 2840/1/2404 2841/1/2405
f 2839/1/2403 2841/1/2405 2842/1/2406
f 2840/1/2404 2843/1/2407 2844/1/2408
f 2840/1/2404 2844/1/2408 2841/1/2405
f 2842/1/2406 2841/1/2405 2845/1/2409
f 2842/1/2406 2845/1/2409 2846/1/2410
f 2841/1/2405 2844/1/2408 2847/1/2411
f 2841/1/2405 2847/1/2411 2845/1/2409
f 2788/1/2353 2848/1/2412 2789/1/2354
f 2788/1/2353 2789/1/2354 2778/1/2344
f 2849/1/2413 2850/1/2414 2839/1/2403
f 2849/1/2413 2839/1/2403 2851/1/2415
f 2850/1/2414 2852/1/2416 2840/1/2404
f 2850/1/2414 2840/1/2404 2839/1/2403
f 2852/1/2416 2853/1/2417 2843/1/2407
f 2852/1/2416 2843/1/2407 2840/1/2404
f 2843/1/2407 2786/1/2351 2798/1/2363
f 2843/1/2407 2798/1/2363 2844/1/2408
f 2844/1/2408 2798/1/2363 2796/1/2361
f 2844/1/2408 2796/1/2361 2847/1/2411
f 2847/1/2411 2796/1/2361 2797/1/2362
f 2847/1/2411 2797/1/2362 2832/1/2396
f 2845/1/2409 2847/1/2411 2832/1/2396
f 2845/1/2409 2832/1/2396 2831/1/2395
f 2846/1/2410 2845/1/2409 2831/1/2395
f 2846/1/2410 2831/1/2395 2829/1/2393
f 2854/1/2418 2846/1/2410 2829/1/2393
f 2854/1/2418 2829/1/2393 2828/1/2392
f 2855/1/2419 2842/1/2406 2846/1/2410
f 2855/1/2419 2846/1/2410 2854/1/2418
f 2851/1/2415 2839/1/2403 2842/1/2406
f 2851/1/2415 2842/1/2406 2855/1/2419
f 2856/1/2420 2857/1/2421 2858/1/2422
f 2856/1/2420 2858/1/2422 2859/1/2423
f 2857/1/2421 2860/1/2424 2861/1/2425
f 2857/1/2421 2861/1/2425 2858/1/2422
f 2859/1/2423 2858/1/2422 2862/1/2426
f 2859/1/2423 2862/1/2426 2863/1/2427
f 2858/1/2422 2861/1/2425 2864/1/2428
f 2858/1/2422 2864/1/2428 2862/1/2426
f 2853/1/2417 2784/1/2349 2786/1/2351
f 2853/1/2417 2786/1/2351 2843/1/2407
f 2865/1/2429 2866/1/2430 2856/1/2420
f 2865/1/2429 2856/1/2420 2867/1/2431
f 2866/1/2430 2868/1/2432 2857/1/2421
f 2866/1/2430 2857/1/2421 2856/1/2420
f 2868/1/2432 2869/1/2433 2860/1/2424
f 2868/1/2432 2860/1/2424 2857/1/2421
f 2860/1/2424 2851/1/2415 2855/1/2419
f 2860/1/2424 2855/1/2419 2861/1/2425
f 2861/1/2425 2855/1/2419 2854/1/2418
f 2861/1/2425 2854/1/2418 2864/1/2428
f 2864/1/2428 2854/1/2418 2828/1/2392
f 2864/1/2428 2828/1/2392 2830/1/2394
f 2862/1/2426 2864/1/2428 2830/1/2394
f 2862/1/2426 2830/1/2394 2838/1/2402
f 2863/1/2427 2862/1/2426 2838/1/2402
f 2863/1/2427 2838/1/2402 2836/1/2400
f 2870/1/2434 2863/1/2427 2836/1/2400
f 2870/1/2434 2836/1/2400 2837/1/2401
f 2871/1/2435 2859/1/2423 2863/1/2427
f 2871/1/2435 2863/1/2427 2870/1/2434
f 2867/1/2431 2856/1/2420 2859/1/2423
f 2867/1/2431 2859/1/2423 2871/1/2435
f 2872/1/2436 2873/1/2437 2874/1/2438
f 2872/1/2436 2874/1/2438 2875/1/2439
f 2873/1/2437 2876/1/2440 2877/1/2441
f 2873/1/2437 2877/1/2441 2874/1/2438
f 2875/1/2439 2874/1/2438 2878/1/2442
f 2875/1/2439 2878/1/2442 2879/1/2443
f 2874/1/2438 2877/1/2441 2880/1/2444
f 2874/1/2438 2880/1/2444 2878/1/2442
f 2869/1/2433 2849/1/2413 2851/1/2415
f 2869/1/2433 2851/1/2415 2860/1/2424
f 2848/1/2412 2881/1/2445 2872/1/2436
f 2848/1/2412 2872/1/2436 2789/1/2354
f 2881/1/2445 2882/1/2446 2873/1/2437
f 2881/1/2445 2873/1/2437 2872/1/2436
f 2882/1/2446 2883/1/2447 2876/1/2440
f 2882/1/2446 2876/1/2440 2873/1/2437
f 2876/1/2440 2867/1/2431 2871/1/2435
f 2876/1/2440 2871/1/2435 2877/1/2441
f 2877/1/2441 2871/1/2435 2870/1/2434
f 2877/1/2441 2870/1/2434 2880/1/2444
f 2880/1/2444 2870/1/2434 2837/1/2401
f 2880/1/2444 2837/1/2401 2835/1/2399
f 2878/1/2442 2880/1/2444 2835/1/2399
f 2878/1/2442 2835/1/2399 2834/1/2398
f 2879/1/2443 2878/1/2442 2834/1/2398
f 2879/1/2443 2834/1/2398 2833/1/2397
f 2791/1/2356 2879/1/2443 2833/1/2397
f 2791/1/2356 2833/1/2397 2792/1/2357
f 2790/1/2355 2875/1/2439 2879/1/2443
f 2790/1/2355 2879/1/2443 2791/1/2356
f 2789/1/2354 2872/1/2436 2875/1/2439
f 2789/1/2354 2875/1/2439 2790/1/2355
f 2116/4/1718 2800/4/2365 2884/4/2448
f 2116/4/1718 2884/4/2448 2885/4/2449
f 2886/4/2450 2884/4/2448 2800/4/2365
f 2886/4/2450 2800/4/2365 2114/4/1716
f 2887/1/2451 2888/1/2449 2882/1/2446
f 2887/1/2451 2882/1/2446 2881/1/2445
f 2889/1/2452 2887/1/2451 2881/1/2445
f 2889/1/2452 2881/1/2445 2848/1/2412
f 2102/3/1705 2101/3/1704 2890/3/2453
f 2102/3/1705 2890/3/2453 2891/3/2454
f 2892/1/2454 2893/1/2453 2869/1/2433
f 2892/1/2454 2869/1/2433 2868/1/2432
f 2815/3/2379 2814/3/2378 2894/3/2455
f 2815/3/2379 2894/3/2455 2895/3/2456
f 2896/4/2457 2886/4/2450 2114/4/1716
f 2896/4/2457 2114/4/1716 2113/4/1715
f 2893/1/2453 2897/1/2458 2849/1/2413
f 2893/1/2453 2849/1/2413 2869/1/2433
f 2814/3/2378 2818/3/2382 2898/3/2459
f 2814/3/2378 2898/3/2459 2894/3/2455
f 2899/1/2460 2900/1/2461 2852/1/2416
f 2899/1/2460 2852/1/2416 2850/1/2414
f 2900/1/2461 2901/1/2459 2853/1/2417
f 2900/1/2461 2853/1/2417 2852/1/2416
f 2788/1/2353 2902/1/2462 2889/1/2452
f 2788/1/2353 2889/1/2452 2848/1/2412
f 2901/1/2459 2903/1/2463 2784/1/2349
f 2901/1/2459 2784/1/2349 2853/1/2417
f 2897/1/2458 2899/1/2460 2850/1/2414
f 2897/1/2458 2850/1/2414 2849/1/2413
f 2904/1/2464 2905/1/2465 2906/1/2466
f 2904/1/2464 2906/1/2466 2902/1/2462
f 2883/1/2447 2865/1/2429 2867/1/2431
f 2883/1/2447 2867/1/2431 2876/1/2440
f 2903/1/2463 2907/1/2467 2785/1/2350
f 2903/1/2463 2785/1/2350 2784/1/2349
f 2908/3/2468 2909/3/2469 2910/3/2470
f 2908/3/2468 2910/3/2470 2911/3/2471
f 2510/1/2086 2509/1/2085 2912/1/2472
f 2510/1/2086 2912/1/2472 2913/1/2473
f 2911/3/2471 2910/3/2470 2914/3/2474
f 2911/3/2471 2914/3/2474 2915/3/2475
f 2916/3/2476 2915/3/2475 2145/3/1745
f 2916/3/2476 2145/3/1745 2144/3/1744
f 1907/1/1521 1906/1/1520 1916/1/1529
f 1907/1/1521 1916/1/1529 2917/1/2477
f 2918/3/2478 2919/3/2479 2909/3/2469
f 2918/3/2478 2909/3/2469 2908/3/2468
f 2077/3/1683 2076/3/1682 2919/3/2479
f 2077/3/1683 2919/3/2479 2918/3/2478
f 2920/1/2480 2921/1/2481 2922/1/2482
f 2920/1/2480 2922/1/2482 2923/1/2474
f 2924/4/2483 2925/4/2484 2926/4/2485
f 2924/4/2483 2926/4/2485 2927/4/2486
f 2915/3/2475 2914/3/2474 2146/3/1746
f 2915/3/2475 2146/3/1746 2145/3/1745
f 2043/1/1650 2928/1/2487 2929/1/2488
f 2043/1/1650 2929/1/2488 2930/1/2489
f 1894/3/1508 2916/3/2476 2144/3/1744
f 1894/3/1508 2144/3/1744 1895/3/1509
f 2040/1/1647 2039/1/1646 2510/1/2086
f 2040/1/1647 2510/1/2086 2928/1/2487
f 1937/4/1550 2067/4/1673 2931/4/2490
f 1937/4/1550 2931/4/2490 2769/4/2335
f 2769/4/2335 2931/4/2490 2137/4/1737
f 2769/4/2335 2137/4/1737 1357/4/1010
f 2091/1/1696 2041/1/1648 2044/1/1651
f 2091/1/1696 2044/1/1651 2932/1/2491
f 2770/4/2336 2769/4/2335 1357/4/1010
f 2770/4/2336 1357/4/1010 1356/4/1009
f 2069/4/1675 1935/4/1548 1938/4/1551
f 2069/4/1675 1938/4/1551 2933/4/2492
f 2055/4/1661 2057/4/1663 2066/4/1672
f 2055/4/1661 2066/4/1672 1936/4/1549
f 2059/4/1665 38/4/37 2140/4/1740
f 2059/4/1665 2140/4/1740 2141/4/1741
f 2066/4/1672 1919/4/1532 2934/4/2493
f 2066/4/1672 2934/4/2493 2067/4/1673
f 2067/4/1673 2934/4/2493 2935/4/2494
f 2067/4/1673 2935/4/2494 2931/4/2490
f 2931/4/2490 2935/4/2494 2936/4/2495
f 2931/4/2490 2936/4/2495 2137/4/1737
f 2137/4/1737 2936/4/2495 2123/4/1724
f 2137/4/1737 2123/4/1724 2136/4/1736
f 2007/3/1615 1893/3/1507 1896/3/1510
f 2007/3/1615 1896/3/1510 2008/3/1616
f 1359/4/1012 1358/4/1011 2058/4/1664
f 1359/4/1012 2058/4/1664 2060/4/1666
f 2937/4/2496 1356/4/1009 1359/4/1012
f 2937/4/2496 1359/4/1012 2134/4/1734
f 2938/4/2497 2770/4/2336 1356/4/1009
f 2938/4/2497 1356/4/1009 2937/4/2496
f 2933/4/2492 1938/4/1551 2770/4/2336
f 2933/4/2492 2770/4/2336 2938/4/2497
f 1913/1/1526 1912/1/1525 2939/1/2498
f 1913/1/1526 2939/1/2498 2940/1/2499
f 2927/4/2486 2926/4/2485 2941/4/2500
f 2927/4/2486 2941/4/2500 2942/4/2501
f 2940/1/2499 2939/1/2498 2943/1/2502
f 2940/1/2499 2943/1/2502 2944/1/2503
f 2942/4/2501 2941/4/2500 2126/4/1727
f 2942/4/2501 2126/4/1727 2124/4/1725
f 1919/4/1532 1918/4/1531 2924/4/2483
f 1919/4/1532 2924/4/2483 2934/4/2493
f 1877/4/1492 1876/4/1491 2945/4/116
f 1877/4/1492 2945/4/116 1918/4/1531
f 1918/4/1531 2945/4/116 2925/4/2484
f 1918/4/1531 2925/4/2484 2924/4/2483
f 2090/1/1695 2946/1/2504 2041/1/1648
f 2090/1/1695 2041/1/1648 2091/1/1696
f 1912/1/1525 2048/1/1654 2947/1/2505
f 1912/1/1525 2947/1/2505 2939/1/2498
f 2497/3/2074 2502/3/2079 2513/3/2088
f 2497/3/2074 2513/3/2088 2498/3/2075
f 2947/1/2505 2932/1/2491 2948/1/2506
f 2947/1/2505 2948/1/2506 2949/1/2507
f 2044/1/1651 2043/1/1650 2930/1/2489
f 2044/1/1651 2930/1/2489 2950/1/2508
f 2951/3/2500 2952/3/2509 2128/3/1728
f 2951/3/2500 2128/3/1728 2127/3/1727
f 2936/4/2495 2942/4/2501 2124/4/1725
f 2936/4/2495 2124/4/1725 2123/4/1724
f 2935/4/2494 2927/4/2486 2942/4/2501
f 2935/4/2494 2942/4/2501 2936/4/2495
f 2934/4/2493 2924/4/2483 2927/4/2486
f 2934/4/2493 2927/4/2486 2935/4/2494
f 2946/1/2504 2953/1/2510 2042/1/1649
f 2946/1/2504 2042/1/1649 2041/1/1648
f 2932/1/2491 2044/1/1651 2950/1/2508
f 2932/1/2491 2950/1/2508 2948/1/2506
f 2004/3/1612 2008/3/1616 1966/3/1577
f 2004/3/1612 1966/3/1577 1967/3/1578
f 2008/3/1616 1896/3/1510 2002/3/1610
f 2008/3/1616 2002/3/1610 1966/3/1577
f 1880/1/1494 1903/1/1517 1909/1/1523
f 1880/1/1494 1909/1/1523 2045/1/1652
f 2022/1/1630 2092/1/1697 1883/1/1497
f 2022/1/1630 1883/1/1497 1882/1/1496
f 2063/4/1669 2050/4/1656 2053/4/1659
f 2063/4/1669 2053/4/1659 2054/4/1660
f 1883/1/1497 1907/1/1521 2917/1/2477
f 1883/1/1497 2917/1/2477 1884/1/1498
f 2042/1/1649 2040/1/1647 2928/1/2487
f 2042/1/1649 2928/1/2487 2043/1/1650
f 1888/4/1502 2514/4/2089 1875/4/1490
f 1888/4/1502 1875/4/1490 1874/4/1489
f 2928/1/2487 2510/1/2086 2913/1/2473
f 2928/1/2487 2913/1/2473 2929/1/2488
f 2954/2/2511 2955/2/2504 2956/2/2512
f 2954/2/2511 2956/2/2512 2957/2/2513
f 2952/3/2509 2035/3/1642 2003/3/1611
f 2952/3/2509 2003/3/1611 2128/3/1728
f 2939/1/2498 2947/1/2505 2949/1/2507
f 2939/1/2498 2949/1/2507 2943/1/2502
f 2048/1/1654 2091/1/1696 2932/1/2491
f 2048/1/1654 2932/1/2491 2947/1/2505
f 2565/3/2514 2558/3/2515 2958/3/880
f 2565/3/2514 2958/3/880 2959/3/880
f 2561/3/128 2560/3/2135 2567/3/2143
f 2561/3/128 2567/3/2143 2960/3/128
f 2567/3/2143 2592/3/2516 2591/3/2517
f 2567/3/2143 2591/3/2517 2960/3/128
f 2523/3/2518 2668/3/2519 2961/3/880
f 2523/3/2518 2961/3/880 2962/3/880
f 2668/3/2519 2671/3/2520 2963/3/880
f 2668/3/2519 2963/3/880 2961/3/880
f 2671/3/2520 2701/3/2269 2964/3/880
f 2671/3/2520 2964/3/880 2963/3/880
f 2701/3/2269 2565/3/2514 2959/3/880
f 2701/3/2269 2959/3/880 2964/3/880
f 2117/4/1719 2116/4/1718 2885/4/2449
f 2117/4/1719 2885/4/2449 2965/4/2451
f 1502/2/22 1494/2/1135 96/2/93
f 1502/2/22 96/2/93 95/2/18
f 2966/3/2521 2967/3/2522 1498/3/1139
f 2966/3/2521 1498/3/1139 1401/3/1049
f 1492/3/1133 1491/3/1132 1498/3/1139
f 1492/3/1133 1498/3/1139 2967/3/2522
f 1401/3/1049 1400/3/1048 1501/3/1142
f 1401/3/1049 1501/3/1142 2966/3/2521
f 1500/3/1141 1499/3/1140 156/3/149
f 1500/3/1141 156/3/149 16/3/16
f 1496/2/1137 96/2/93 1494/2/1135
f 1496/2/1137 1494/2/1135 92/2/90
f 2968/1/2523 1391/1/1040 1390/1/1039
f 2968/1/2523 1390/1/1039 2969/1/98
f 2970/2/2524 1673/2/1301 1672/2/1297
f 2970/2/2524 1672/2/1297 2971/2/2525
f 1385/2/1036 1384/2/1033 2972/2/2526
f 1385/2/1036 2972/2/2526 2973/2/2527
f 1392/2/1041 98/2/94 100/2/96
f 1392/2/1041 100/2/96 2974/2/2528
f 1681/2/1308 1680/2/1307 2975/2/2529
f 1681/2/1308 2975/2/2529 2976/2/2530
f 1684/2/1311 180/2/171 101/2/97
f 1684/2/1311 101/2/97 2977/2/2531
f 2259/1/1858 174/1/166 175/1/167
f 2259/1/1858 175/1/167 2258/1/1857
f 2976/2/2530 2975/2/2529 2978/2/2532
f 2976/2/2530 2978/2/2532 2979/2/2523
f 2977/2/2531 101/2/97 103/2/99
f 2977/2/2531 103/2/99 2980/2/2533
f 1661/2/1290 31/2/30 166/2/158
f 1661/2/1290 166/2/158 1653/2/1284
f 2981/2/105 2982/2/2534 1673/2/1301
f 2981/2/105 1673/2/1301 2970/2/2524
f 2982/2/2534 2981/2/105 2983/2/107
f 2982/2/2534 2983/2/107 2984/2/25
f 1666/2/1295 1674/2/1302 1656/2/1287
f 1666/2/1295 1656/2/1287 1655/2/1286
f 1723/2/1347 1699/2/1326 1717/2/1343
f 1723/2/1347 1717/2/1343 1716/2/1342
f 1724/2/1348 1723/2/1347 1716/2/1342
f 1724/2/1348 1716/2/1342 1719/2/1344
f 1703/2/1329 1698/2/1325 1697/2/1324
f 1703/2/1329 1697/2/1324 2985/2/2535
f 1689/2/1316 237/2/214 238/2/215
f 1689/2/1316 238/2/215 2432/2/2021
f 1690/2/1317 1689/2/1316 2432/2/2021
f 1690/2/1317 2432/2/2021 2431/2/2020
f 1708/2/1334 237/2/214 2986/2/2536
f 1708/2/1334 2986/2/2536 2987/2/2537
f 170/2/162 12/2/12 1375/2/1028
f 170/2/162 1375/2/1028 1374/2/1027
f 12/2/12 1405/2/1051 1973/2/1582
f 12/2/12 1973/2/1582 1375/2/1028
f 2988/2/2538 1973/2/1582 1405/2/1051
f 2988/2/2538 1405/2/1051 2989/2/2539
f 1408/4/1054 1451/4/1094 1452/4/1095
f 1408/4/1054 1452/4/1095 1440/4/1083
f 2990/2/2540 2991/2/2541 2992/2/2029
f 2990/2/2540 2992/2/2029 2993/2/2542
f 2423/2/111 2422/2/2012 2416/2/2008
f 2423/2/111 2416/2/2008 2994/2/2543
f 2995/2/2544 2990/2/2540 2993/2/2542
f 2995/2/2544 2993/2/2542 2996/2/2544
f 2997/2/2545 2422/2/2012 2421/2/2011
f 2997/2/2545 2421/2/2011 2998/2/2546
f 2994/2/2543 2416/2/2008 2415/2/2007
f 2994/2/2543 2415/2/2007 2999/2/2010
f 2379/2/1972 2378/2/1971 2990/2/2540
f 2379/2/1972 2990/2/2540 2995/2/2544
f 2417/2/2009 2416/2/2008 2422/2/2012
f 2417/2/2009 2422/2/2012 2997/2/2545
f 2408/2/2001 2407/2/2000 113/2/109
f 2408/2/2001 113/2/109 112/2/108
f 3000/2/2547 3001/2/2548 3002/2/2549
f 3000/2/2547 3002/2/2549 3003/2/2550
f 3000/2/2547 2407/2/2000 2406/2/1999
f 3000/2/2547 2406/2/1999 3004/2/2551
f 3003/2/2550 113/2/109 2407/2/2000
f 3003/2/2550 2407/2/2000 3000/2/2547
f 1442/4/1085 1446/4/1089 1449/4/1092
f 1442/4/1085 1449/4/1092 1407/4/1053
f 117/4/113 3005/4/2552 2438/4/2026
f 117/4/113 2438/4/2026 2437/4/2011
f 2413/4/1999 2412/4/2005 2443/4/2030
f 2413/4/1999 2443/4/2030 3006/4/2551
f 2412/4/2005 2418/4/2007 2444/4/2006
f 2412/4/2005 2444/4/2006 2443/4/2030
f 34/3/33 1383/3/1035 1829/3/1446
f 34/3/33 1829/3/1446 32/3/31
f 2566/3/2142 2572/3/2148 2592/3/2169
f 2566/3/2142 2592/3/2169 2567/3/2143
f 2955/2/2504 3007/2/2553 3008/2/1522
f 2955/2/2504 3008/2/1522 2956/2/2512
f 3009/2/1518 3010/2/2554 3011/2/1605
f 3009/2/1518 3011/2/1605 3012/2/2555
f 3012/2/2555 3013/2/1633 3014/2/1519
f 3012/2/2555 3014/2/1519 3009/2/1518
f 3015/2/1629 3016/2/2556 3017/2/1630
f 3015/2/1629 3017/2/1630 3018/2/1515
f 3019/2/2557 3020/2/2558 3021/2/2475
f 3019/2/2557 3021/2/2475 3022/2/2476
f 3023/2/2499 3024/2/2503 3025/2/2500
f 3023/2/2499 3025/2/2500 3026/2/2485
f 3027/2/2088 3028/2/2559 3029/2/1636
f 3027/2/2088 3029/2/1636 3030/2/2078
f 3031/2/2071 3032/2/2053 3033/2/2068
f 3031/2/2071 3033/2/2068 3034/2/1637
f 3030/2/2078 3035/2/1692 3036/2/2560
f 3030/2/2078 3036/2/2560 3027/2/2088
f 3037/2/1486 124/2/120 126/2/122
f 3037/2/1486 126/2/122 3038/2/2089
f 3039/2/1514 3040/2/1493 3041/2/1488
f 3039/2/1514 3041/2/1488 3042/2/2561
f 3042/2/2561 3015/2/1629 3018/2/1515
f 3042/2/2561 3018/2/1515 3039/2/1514
f 3016/2/2556 3011/2/1605 3010/2/2554
f 3016/2/2556 3010/2/2554 3017/2/1630
f 3043/2/1677 127/2/123 129/2/125
f 3043/2/1677 129/2/125 3044/2/2562
f 3045/2/2506 3046/2/2508 3047/2/1615
f 3045/2/2506 3047/2/1615 3048/2/1614
f 3049/2/1644 2954/2/2511 2957/2/2513
f 3049/2/1644 2957/2/2513 3050/2/2563
f 3050/2/2563 3051/2/1529 3052/2/1645
f 3050/2/2563 3052/2/1645 3049/2/1644
f 3028/2/2559 3031/2/2071 3034/2/1637
f 3028/2/2559 3034/2/1637 3029/2/1636
f 3053/2/1524 119/2/115 118/2/114
f 3053/2/1524 118/2/114 3054/2/1652
f 3055/2/2564 3056/2/2565 3057/2/2502
f 3055/2/2564 3057/2/2502 3058/2/2566
f 3058/2/2566 3045/2/2506 3048/2/1614
f 3058/2/2566 3048/2/1614 3055/2/2564
f 3059/2/2076 3036/2/2560 3035/2/1692
f 3059/2/2076 3035/2/1692 3060/2/1691
f 3061/2/2049 3062/2/2048 3063/2/1686
f 3061/2/2049 3063/2/1686 3064/2/1689
f 3046/2/2508 3065/2/2567 3066/2/1507
f 3046/2/2508 3066/2/1507 3047/2/1615
f 3067/2/2468 3068/2/2568 3069/2/2085
f 3067/2/2468 3069/2/2085 3070/2/1694
f 119/2/115 3071/2/1526 3072/2/2569
f 119/2/115 3072/2/2569 120/2/116
f 120/2/116 3073/2/1491 3074/2/2570
f 120/2/116 3074/2/2570 118/2/114
f 3024/2/2503 3057/2/2502 3056/2/2565
f 3024/2/2503 3056/2/2565 3025/2/2500
f 3064/2/1689 3043/2/1677 3044/2/2562
f 3064/2/1689 3044/2/2562 3061/2/2049
f 3013/2/1633 129/2/125 128/2/124
f 3013/2/1633 128/2/124 3014/2/1519
f 3075/2/1523 3008/2/1522 3007/2/2553
f 3075/2/1523 3007/2/2553 3076/2/2571
f 3076/2/2571 3053/2/1524 3054/2/1652
f 3076/2/2571 3054/2/1652 3075/2/1523
f 3077/2/2488 3019/2/2557 3022/2/2476
f 3077/2/2488 3022/2/2476 3078/2/1508
f 3078/2/1508 3066/2/1507 3065/2/2567
f 3078/2/1508 3065/2/2567 3077/2/2488
f 3079/2/1506 3059/2/2076 3060/2/1691
f 3079/2/1506 3060/2/1691 3080/2/1693
f 3080/2/1693 3037/2/1486 3038/2/2089
f 3080/2/1693 3038/2/2089 3079/2/1506
f 124/2/120 3041/2/1488 3040/2/1493
f 124/2/120 3040/2/1493 125/2/121
f 125/2/121 3074/2/2570 3073/2/1491
f 125/2/121 3073/2/1491 126/2/122
f 127/2/123 3081/2/1683 3082/2/1527
f 127/2/123 3082/2/1527 128/2/124
f 3071/2/1526 3023/2/2499 3026/2/2485
f 3071/2/1526 3026/2/2485 3072/2/2569
f 3051/2/1529 121/2/117 123/2/119
f 3051/2/1529 123/2/119 3052/2/1645
f 122/2/118 3067/2/2468 3070/2/1694
f 122/2/118 3070/2/1694 123/2/119
f 3068/2/2568 3021/2/2475 3020/2/2558
f 3068/2/2568 3020/2/2558 3069/2/2085
f 121/2/117 3082/2/1527 3081/2/1683
f 121/2/117 3081/2/1683 122/2/118
f 3083/2/2052 3084/2/2572 3085/2/2573
f 3083/2/2052 3085/2/2573 3086/2/2054
f 3084/2/2572 3063/2/1686 3062/2/2048
f 3084/2/2572 3062/2/2048 3085/2/2573
f 3086/2/2054 3033/2/2068 3032/2/2053
f 3086/2/2054 3032/2/2053 3083/2/2052
f 2953/1/2510 2037/1/1644 2040/1/1647
f 2953/1/2510 2040/1/1647 2042/1/1649
f 42/4/41 2138/4/1738 2142/4/1742
f 42/4/41 2142/4/1742 2809/4/2373
f 3087/2/2214 3088/2/2211 3089/2/2180
f 3087/2/2214 3089/2/2180 3090/2/2215
f 3090/2/2215 3091/2/2574 3092/2/2163
f 3090/2/2215 3092/2/2163 3087/2/2214
f 3093/2/2164 3092/2/2163 3091/2/2574
f 3093/2/2164 3091/2/2574 3094/2/2575
f 3094/2/2575 3095/2/2247 3096/2/2576
f 3094/2/2575 3096/2/2576 3093/2/2164
f 3097/2/2577 3098/2/2190 3099/2/2578
f 3097/2/2577 3099/2/2578 3100/2/2579
f 3101/2/2225 134/2/2580 133/2/2581
f 3101/2/2225 133/2/2581 3102/2/2210
f 3098/2/2190 3103/2/2189 3104/2/2179
f 3098/2/2190 3104/2/2179 3099/2/2578
f 3088/2/2211 3105/2/2582 3106/2/2181
f 3088/2/2211 3106/2/2181 3089/2/2180
f 3107/2/2583 3108/2/2584 3109/2/2201
f 3107/2/2583 3109/2/2201 3110/2/2226
f 3110/2/2226 3101/2/2225 3102/2/2210
f 3110/2/2226 3102/2/2210 3107/2/2583
f 3105/2/2582 3109/2/2201 3108/2/2584
f 3105/2/2582 3108/2/2584 3106/2/2181
f 3111/2/2251 3097/2/2577 3100/2/2579
f 3111/2/2251 3100/2/2579 3112/2/2192
f 3112/2/2192 3113/2/2261 3114/2/2252
f 3112/2/2192 3114/2/2252 3111/2/2251
f 3095/2/2247 3115/2/2248 3116/2/2585
f 3095/2/2247 3116/2/2585 3096/2/2576
f 3117/2/2166 3104/2/2179 3103/2/2189
f 3117/2/2166 3103/2/2189 3118/2/2586
f 3118/2/2586 131/2/2187 130/2/2167
f 3118/2/2586 130/2/2167 3117/2/2166
f 3115/2/2248 3114/2/2252 3113/2/2261
f 3115/2/2248 3113/2/2261 3116/2/2585
f 2633/3/2208 2644/3/2217 2655/3/2225
f 2633/3/2208 2655/3/2225 2656/3/2226
f 192/3/36 145/3/140 147/3/141
f 192/3/36 147/3/141 1346/3/999
f 99/2/95 98/2/94 1385/2/1036
f 99/2/95 1385/2/1036 2973/2/2527
f 3119/3/10 1499/3/1140 1400/3/1048
f 3119/3/10 1400/3/1048 1403/3/11
f 101/2/97 180/2/171 1681/2/1308
f 101/2/97 1681/2/1308 2976/2/2530
f 3120/3/98 3121/3/1039 3122/3/2587
f 3120/3/98 3122/3/2587 3123/3/99
f 2802/4/2367 82/4/81 84/4/83
f 2802/4/2367 84/4/83 2801/4/2366
f 2113/4/1715 2783/4/1705 3124/4/2588
f 2113/4/1715 3124/4/2588 2896/4/2457
f 31/2/30 108/2/104 3125/2/2589
f 31/2/30 3125/2/2589 29/2/28
f 140/3/136 3126/3/2590 2208/3/1808
f 140/3/136 2208/3/1808 2210/3/1810
f 3121/3/1039 3127/3/95 3128/3/2591
f 3121/3/1039 3128/3/2591 3122/3/2587
f 102/2/98 101/2/97 2976/2/2530
f 102/2/98 2976/2/2530 2979/2/2523
f 2310/1/1906 2309/1/1905 2318/1/1914
f 2310/1/1906 2318/1/1914 2311/1/1907
f 3129/1/1478 1854/1/142 1853/1/1470
f 3129/1/1478 1853/1/1470 3130/1/2592
f 3131/3/2593 139/3/135 141/3/137
f 3131/3/2593 141/3/137 2715/3/2283
f 143/3/138 191/3/5 193/3/178
f 143/3/138 193/3/178 1367/3/1020
f 2309/1/1905 2259/1/1858 2258/1/1857
f 2309/1/1905 2258/1/1857 2318/1/1914
f 55/1/54 54/1/53 2336/1/139
f 55/1/54 2336/1/139 2255/1/1854
f 3132/3/159 3133/3/63 2460/3/2039
f 3132/3/159 2460/3/2039 2478/3/2055
f 3126/3/2590 3134/3/153 2197/3/1797
f 3126/3/2590 2197/3/1797 2208/3/1808
f 98/2/94 151/2/145 1386/2/1037
f 98/2/94 1386/2/1037 1385/2/1036
f 2310/1/1906 2313/1/1909 2301/1/1897
f 2310/1/1906 2301/1/1897 2300/1/1896
f 168/1/160 3129/1/1478 3130/1/2592
f 168/1/160 3130/1/2592 169/1/161
f 2818/3/2382 2817/3/2381 2810/3/2374
f 2818/3/2382 2810/3/2374 2812/3/2376
f 184/3/173 3131/3/2593 2715/3/2283
f 184/3/173 2715/3/2283 2714/3/2282
f 3135/1/2594 2375/1/203 2243/1/1843
f 3135/1/2594 2243/1/1843 2244/1/1844
f 2992/2/2029 2991/2/2541 2997/2/2545
f 2992/2/2029 2997/2/2545 2998/2/2546
f 3136/1/2595 3137/1/2450 2865/1/2429
f 3136/1/2595 2865/1/2429 2883/1/2447
f 219/1/199 3138/1/2596 1396/1/1045
f 219/1/199 1396/1/1045 220/1/200
f 3139/1/1778 3140/1/48 2168/1/1768
f 3139/1/1778 2168/1/1768 2167/1/1767
f 8/1/8 3141/1/196 1398/1/1046
f 8/1/8 1398/1/1046 9/1/9
f 3142/1/2597 3143/1/66 3144/1/2598
f 3142/1/2597 3144/1/2598 3145/1/2229
f 3136/1/2595 2883/1/2447 2882/1/2446
f 3136/1/2595 2882/1/2446 2888/1/2449
f 233/1/71 2753/1/2321 2681/1/2250
f 233/1/71 2681/1/2250 234/1/211
f 3146/4/1323 3147/4/185 3148/4/2599
f 3146/4/1323 3148/4/2599 3149/4/1324
f 1675/2/1298 1674/2/1302 1666/2/1295
f 1675/2/1298 1666/2/1295 1665/2/1294
f 3150/1/2231 3142/1/2597 3145/1/2229
f 3150/1/2231 3145/1/2229 3151/1/2222
f 3152/1/1956 3153/1/1779 2186/1/1786
f 3152/1/1956 2186/1/1786 2354/1/1948
f 3154/3/2458 2890/3/2453 2101/3/1704
f 3154/3/2458 2101/3/1704 2104/3/1707
f 1656/2/1287 1674/2/1302 1673/2/1301
f 1656/2/1287 1673/2/1301 2982/2/2534
f 1718/2/1340 1717/2/1343 1702/2/1328
f 1718/2/1340 1702/2/1328 1712/2/1338
f 2753/1/2321 3155/1/68 2233/1/1833
f 2753/1/2321 2233/1/1833 2231/1/1831
f 3156/1/2600 3157/1/2601 2766/1/1750
f 3156/1/2600 2766/1/1750 2768/1/2334
f 3158/1/179 3159/1/2602 1598/1/1233
f 3158/1/179 1598/1/1233 1597/1/1232
f 3160/1/2603 3150/1/2231 3151/1/2222
f 3160/1/2603 3151/1/2222 3161/1/2604
f 2895/3/2456 3154/3/2458 2104/3/1707
f 2895/3/2456 2104/3/1707 2815/3/2379
f 3162/1/60 3163/1/2605 2351/1/1945
f 3162/1/60 2351/1/1945 2350/1/1944
f 3143/1/66 232/1/65 2680/1/2242
f 3143/1/66 2680/1/2242 3144/1/2598
f 3153/1/1779 3139/1/1778 2167/1/1767
f 3153/1/1779 2167/1/1767 2186/1/1786
f 198/1/182 3164/1/2606 1353/1/1006
f 198/1/182 1353/1/1006 199/1/183
f 2965/4/2451 3165/4/2607 2802/4/2367
f 2965/4/2451 2802/4/2367 2117/4/1719
f 1700/2/1323 1699/2/1326 1723/2/1347
f 1700/2/1323 1723/2/1347 1722/2/1322
f 3166/1/2608 3135/1/2594 2244/1/1844
f 3166/1/2608 2244/1/1844 2245/1/1845
f 3167/3/2463 2898/3/2459 2818/3/2382
f 3167/3/2463 2818/3/2382 2812/3/2376
f 3168/1/2457 2892/1/2454 2868/1/2432
f 3168/1/2457 2868/1/2432 2866/1/2430
f 1717/2/1343 1699/2/1326 1698/2/1325
f 1717/2/1343 1698/2/1325 1702/2/1328
f 105/2/101 104/2/100 1661/2/1290
f 105/2/101 1661/2/1290 1653/2/1284
f 2447/2/216 2446/2/2031 2378/2/1971
f 2447/2/216 2378/2/1971 2377/2/1970
f 3169/1/1299 3170/1/1298 3171/1/1294
f 3169/1/1299 3171/1/1294 3172/1/2609
f 1660/2/201 105/2/101 1653/2/1284
f 1660/2/201 1653/2/1284 1652/2/1283
f 3159/1/2602 212/1/192 214/1/194
f 3159/1/2602 214/1/194 1598/1/1233
f 3173/3/2610 3167/3/2463 2812/3/2376
f 3173/3/2610 2812/3/2376 2811/3/2375
f 3163/1/2605 3152/1/1956 2354/1/1948
f 3163/1/2605 2354/1/1948 2351/1/1945
f 3137/1/2450 3168/1/2457 2866/1/2430
f 3137/1/2450 2866/1/2430 2865/1/2429
f 230/1/209 3162/1/60 2350/1/1944
f 230/1/209 2350/1/1944 2220/1/1820
f 3174/1/1340 3169/1/1299 3172/1/2609
f 3174/1/1340 3172/1/2609 3175/1/1341
f 1380/4/8 209/4/7 1459/4/1101
f 1380/4/8 1459/4/1101 1379/4/1032
f 1657/2/27 1656/2/1287 2982/2/2534
f 1657/2/27 2982/2/2534 2984/2/25
f 3155/1/68 229/1/208 231/1/210
f 3155/1/68 231/1/210 2233/1/1833
f 3176/2/2018 3177/2/2611 3178/2/2013
f 3176/2/2018 3178/2/2013 3179/2/2016
f 3180/2/2612 3181/2/2613 3178/2/2013
f 3180/2/2612 3178/2/2013 3177/2/2611
f 3179/2/2016 3182/2/2614 3183/2/2615
f 3179/2/2016 3183/2/2615 3176/2/2018
f 3184/2/2616 3183/2/2615 3182/2/2614
f 3184/2/2616 3182/2/2614 3185/2/2616
f 3186/2/2617 3187/2/2618 3181/2/2613
f 3186/2/2617 3181/2/2613 3180/2/2612
f 3188/2/2619 3189/2/2620 3187/2/2618
f 3188/2/2619 3187/2/2618 3186/2/2617
f 3190/4/2621 3191/4/2622 2061/4/1667
f 3190/4/2621 2061/4/1667 2064/4/1670
f 3192/4/2623 3193/4/2624 2070/4/1676
f 3192/4/2623 2070/4/1676 2068/4/1674
f 3194/1/42 3195/1/2625 3196/1/219
f 3194/1/42 3196/1/219 3197/1/2626
f 3198/4/2482 3199/4/2481 2938/4/2497
f 3198/4/2482 2938/4/2497 2937/4/2496
f 3200/4/2371 43/4/42 42/4/41
f 3200/4/2371 42/4/41 2809/4/2373
f 3201/4/2627 3202/4/2628 2069/4/1675
f 3201/4/2627 2069/4/1675 2933/4/2492
f 83/4/82 3200/4/2371 2809/4/2373
f 83/4/82 2809/4/2373 84/4/83
f 3203/1/2629 3204/1/2630 3205/1/2631
f 3203/1/2629 3205/1/2631 3206/1/170
f 3207/4/2632 3208/4/2633 2485/4/2062
f 3207/4/2632 2485/4/2062 2493/4/2070
f 3191/4/2622 3209/4/2045 2492/4/2069
f 3191/4/2622 2492/4/2069 2061/4/1667
f 3193/4/2624 3190/4/2621 2064/4/1670
f 3193/4/2624 2064/4/1670 2070/4/1676
f 3202/4/2628 3192/4/2623 2068/4/1674
f 3202/4/2628 2068/4/1674 2069/4/1675
f 3199/4/2481 3201/4/2627 2933/4/2492
f 3199/4/2481 2933/4/2492 2938/4/2497
f 2807/1/82 3210/1/81 3211/1/2634
f 2807/1/82 3211/1/2634 2808/1/2372
f 41/4/40 3212/4/2635 2134/4/1734
f 41/4/40 2134/4/1734 2135/4/1735
f 3212/4/2635 3198/4/2482 2937/4/2496
f 3212/4/2635 2937/4/2496 2134/4/1734
f 3208/4/2633 3213/4/2636 2484/4/2061
f 3208/4/2633 2484/4/2061 2485/4/2062
f 3209/4/2045 3207/4/2632 2493/4/2070
f 3209/4/2045 2493/4/2070 2492/4/2069
f 3214/1/2637 3215/1/1678 3216/1/2621
f 3214/1/2637 3216/1/2621 3217/1/2638
f 2466/1/2043 3218/1/2639 3219/1/2632
f 2466/1/2043 3219/1/2632 2467/1/2045
f 3220/1/2640 3221/1/2641 2921/1/2481
f 3220/1/2640 2921/1/2481 2920/1/2480
f 3196/1/219 3222/1/1746 3223/1/2642
f 3196/1/219 3223/1/2642 3197/1/2626
f 3218/1/2639 3224/1/2643 3225/1/2633
f 3218/1/2639 3225/1/2633 3219/1/2632
f 3215/1/1678 2469/1/1690 2468/1/2046
f 3215/1/1678 2468/1/2046 3216/1/2621
f 3220/1/2640 3226/1/2644 3227/1/2628
f 3220/1/2640 3227/1/2628 3221/1/2641
f 3224/1/2643 3228/1/2044 3229/1/2645
f 3224/1/2643 3229/1/2645 3225/1/2633
f 3222/1/1746 2923/1/2474 2922/1/2482
f 3222/1/1746 2922/1/2482 3223/1/2642
f 2787/1/2352 2904/1/2464 2902/1/2462
f 2787/1/2352 2902/1/2462 2788/1/2353
f 2803/3/2368 3230/3/2646 2811/3/2375
f 2803/3/2368 2811/3/2375 2804/3/2369
f 3226/1/2644 3231/1/1682 3232/1/2647
f 3226/1/2644 3232/1/2647 3227/1/2628
f 3195/1/2625 3194/1/42 2806/1/2371
f 3195/1/2625 2806/1/2371 2805/1/2370
f 3231/1/1682 3214/1/2637 3217/1/2638
f 3231/1/1682 3217/1/2638 3232/1/2647
f 3233/1/2648 3234/1/2649 3235/1/223
f 3233/1/2648 3235/1/223 3236/1/2650
f 249/3/223 3237/3/2651 3238/3/170
f 249/3/223 3238/3/170 247/3/172
f 3236/1/2650 3229/1/2645 3228/1/2044
f 3236/1/2650 3228/1/2044 3233/1/2648
f 3235/1/223 3234/1/2649 241/1/218
f 3235/1/223 241/1/218 3203/1/2629
f 2906/1/2466 2905/1/2465 3239/1/2652
f 2906/1/2466 3239/1/2652 3240/1/2653
f 2907/1/2467 2904/1/2464 2787/1/2352
f 2907/1/2467 2787/1/2352 2785/1/2350
f 3240/1/2653 3239/1/2652 3211/1/2634
f 3240/1/2653 3211/1/2634 3210/1/81
f 389/3/358 3241/3/2654 3242/3/2655
f 389/3/358 3242/3/2655 3243/3/2656
f 436/3/259 435/3/397 3244/3/2657
f 436/3/259 3244/3/2657 3241/3/2654
f 3241/3/2654 3244/3/2657 3245/3/2658
f 3241/3/2654 3245/3/2658 3242/3/2655
f 3246/3/2659 3247/3/2660 3248/3/2661
f 3246/3/2659 3248/3/2661 3249/3/2662
f 3250/1/2663 3251/1/2664 284/1/258
f 3250/1/2663 284/1/258 3252/1/2665
f 3253/4/2666 3254/4/2667 3255/4/2668
f 3253/4/2666 3255/4/2668 3256/4/2669
f 427/3/392 3243/3/2656 3257/3/2670
f 427/3/392 3257/3/2670 3258/3/2671
f 3243/3/2656 3242/3/2655 3259/3/2672
f 3243/3/2656 3259/3/2672 3257/3/2670
f 3242/3/2655 3245/3/2658 3260/3/2673
f 3242/3/2655 3260/3/2673 3259/3/2672
f 3245/3/2658 3261/3/2674 3262/3/2675
f 3245/3/2658 3262/3/2675 3260/3/2673
f 435/3/397 3263/3/2676 3264/3/2677
f 435/3/397 3264/3/2677 3244/3/2657
f 3265/1/2678 3266/1/2679 3267/1/2680
f 3265/1/2678 3267/1/2680 3268/1/2681
f 3269/1/2682 253/1/227 255/1/229
f 3269/1/2682 255/1/229 285/1/259
f 3251/1/2664 3269/1/2682 285/1/259
f 3251/1/2664 285/1/259 284/1/258
f 3270/2/2683 3271/2/2684 3272/2/2685
f 3270/2/2683 3272/2/2685 3273/2/2686
f 3274/2/2687 3275/2/2688 395/2/364
f 3274/2/2687 395/2/364 394/2/363
f 3276/4/2689 3277/4/232 459/4/417
f 3276/4/2689 459/4/417 458/4/416
f 3278/3/2690 282/3/256 3279/3/2691
f 3278/3/2690 3279/3/2691 3280/3/2692
f 3281/2/2690 3282/2/2692 3283/2/2693
f 3281/2/2690 3283/2/2693 3284/2/2694
f 3285/1/319 3286/1/2695 3287/1/2696
f 3285/1/319 3287/1/2696 3288/1/320
f 395/2/364 3275/2/2688 3289/2/2697
f 395/2/364 3289/2/2697 347/2/318
f 3282/2/2692 3290/2/2698 3291/2/2699
f 3282/2/2692 3291/2/2699 3283/2/2693
f 3292/1/2700 420/1/387 3293/1/2701
f 3292/1/2700 3293/1/2701 461/1/419
f 3294/1/2702 3295/1/2703 3292/1/2700
f 3294/1/2702 3292/1/2700 3296/1/2704
f 3297/3/2705 3298/3/235 3299/3/2706
f 3297/3/2705 3299/3/2706 3300/3/2707
f 261/2/235 260/2/234 3301/2/2708
f 261/2/235 3301/2/2708 3302/2/2706
f 3303/4/2709 3304/4/2710 3305/4/2711
f 3303/4/2709 3305/4/2711 3306/4/2712
f 3307/1/2713 3308/1/2714 3309/1/2715
f 3307/1/2713 3309/1/2715 3310/1/2716
f 3310/1/2716 3309/1/2715 3311/1/2717
f 3310/1/2716 3311/1/2717 3312/1/2718
f 3308/1/2714 3313/1/2719 3314/1/2720
f 3308/1/2714 3314/1/2720 3309/1/2715
f 3309/1/2715 3314/1/2720 3315/1/2721
f 3309/1/2715 3315/1/2721 3311/1/2717
f 1419/1/1065 3316/1/2722 3307/1/2713
f 1419/1/1065 3307/1/2713 1420/1/1066
f 1420/1/1066 3307/1/2713 3310/1/2716
f 1420/1/1066 3310/1/2716 1422/1/1068
f 1422/1/1068 3310/1/2716 3312/1/2718
f 1422/1/1068 3312/1/2718 1423/1/1069
f 1423/1/1069 3312/1/2718 3317/1/2723
f 1423/1/1069 3317/1/2723 1424/1/1070
f 3312/1/2718 3311/1/2717 3318/1/2724
f 3312/1/2718 3318/1/2724 3317/1/2723
f 3311/1/2717 3315/1/2721 3319/1/2725
f 3311/1/2717 3319/1/2725 3318/1/2724
f 3320/3/2721 3321/3/2726 3322/3/2727
f 3320/3/2721 3322/3/2727 3323/3/2728
f 3324/3/2720 3325/3/2729 3321/3/2726
f 3324/3/2720 3321/3/2726 3320/3/2721
f 3326/3/2719 3327/3/2730 3325/3/2729
f 3326/3/2719 3325/3/2729 3324/3/2720
f 3328/3/2731 3329/3/2732 3327/3/2730
f 3328/3/2731 3327/3/2730 3326/3/2719
f 3330/1/2733 3331/1/2734 3313/1/2719
f 3330/1/2733 3313/1/2719 3308/1/2714
f 3316/1/2722 3330/1/2733 3308/1/2714
f 3316/1/2722 3308/1/2714 3307/1/2713
f 3304/4/2710 3332/4/2735 3333/4/2736
f 3304/4/2710 3333/4/2736 3305/4/2711
f 1442/4/1085 1443/4/1086 3303/4/2709
f 1442/4/1085 3303/4/2709 3306/4/2712
f 1444/4/1087 3334/4/2737 3303/4/2709
f 1444/4/1087 3303/4/2709 1443/4/1086
f 3332/4/2735 3276/4/2689 458/4/416
f 3332/4/2735 458/4/416 3333/4/2736
f 1446/4/1089 3335/4/2738 3336/4/2739
f 1446/4/1089 3336/4/2739 1447/4/1090
f 3335/4/2738 3337/4/2740 3338/4/2741
f 3335/4/2738 3338/4/2741 3336/4/2739
f 3337/4/2740 3339/4/2742 438/4/399
f 3337/4/2740 438/4/399 3338/4/2741
f 3339/4/2742 3340/4/420 439/4/400
f 3339/4/2742 439/4/400 438/4/399
f 3341/1/2743 3342/1/2744 3343/1/2745
f 3341/1/2743 3343/1/2745 3344/1/2746
f 3345/4/2747 3346/4/2748 3276/4/2689
f 3345/4/2747 3276/4/2689 3332/4/2735
f 3347/4/2749 3345/4/2747 3332/4/2735
f 3347/4/2749 3332/4/2735 3304/4/2710
f 3334/4/2737 3347/4/2749 3304/4/2710
f 3334/4/2737 3304/4/2710 3303/4/2709
f 3348/1/2750 3349/1/2751 3350/1/2752
f 3348/1/2750 3350/1/2752 3351/1/2753
f 3351/1/2753 3350/1/2752 3352/1/2754
f 3351/1/2753 3352/1/2754 3353/1/2755
f 3349/1/2751 3354/1/2756 3355/1/2757
f 3349/1/2751 3355/1/2757 3350/1/2752
f 3350/1/2752 3355/1/2757 3356/1/2758
f 3350/1/2752 3356/1/2758 3352/1/2754
f 1470/1/1112 1472/1/1114 3348/1/2750
f 1470/1/1112 3348/1/2750 3357/1/2759
f 3357/1/2759 3348/1/2750 3351/1/2753
f 3357/1/2759 3351/1/2753 3358/1/2760
f 3358/1/2760 3351/1/2753 3353/1/2755
f 3358/1/2760 3353/1/2755 3359/1/2761
f 3360/3/2762 3361/3/2755 3362/3/2763
f 3360/3/2762 3362/3/2763 3363/3/2764
f 3361/3/2755 3364/3/2765 3365/3/2766
f 3361/3/2755 3365/3/2766 3362/3/2763
f 3364/3/2765 3366/3/2767 3367/3/2768
f 3364/3/2765 3367/3/2768 3365/3/2766
f 3366/3/2767 3368/3/2769 3369/3/2770
f 3366/3/2767 3369/3/2770 3367/3/2768
f 3355/1/2757 3370/1/2771 3371/1/2772
f 3355/1/2757 3371/1/2772 3356/1/2758
f 3354/1/2756 3372/1/2773 3370/1/2771
f 3354/1/2756 3370/1/2771 3355/1/2757
f 1488/1/1129 1489/1/1130 3372/1/2773
f 1488/1/1129 3372/1/2773 3354/1/2756
f 1490/1/1131 1488/1/1129 3354/1/2756
f 1490/1/1131 3354/1/2756 3349/1/2751
f 1472/1/1114 1490/1/1131 3349/1/2751
f 1472/1/1114 3349/1/2751 3348/1/2750
f 3373/3/2774 3374/3/2775 262/3/236
f 3373/3/2774 262/3/236 3375/3/2776
f 340/2/313 339/2/312 338/2/311
f 340/2/313 338/2/311 3376/2/2777
f 3377/2/2778 341/2/314 340/2/313
f 3377/2/2778 340/2/313 3378/2/2779
f 3379/3/2780 3373/3/2774 3380/3/2781
f 3379/3/2780 3380/3/2781 3300/3/2707
f 3297/3/2705 3381/3/2782 3382/3/2783
f 3297/3/2705 3382/3/2783 3383/3/388
f 3376/2/2777 338/2/311 3384/2/2784
f 3376/2/2777 3384/2/2784 3385/2/245
f 338/2/311 337/2/243 343/2/316
f 338/2/311 343/2/316 3384/2/2784
f 263/3/237 3386/3/2785 268/3/242
f 263/3/237 268/3/242 264/3/238
f 3387/3/2786 3388/3/2787 3386/3/2785
f 3387/3/2786 3386/3/2785 263/3/237
f 3374/3/2775 3387/3/2786 263/3/237
f 3374/3/2775 263/3/237 262/3/236
f 3389/3/2788 3390/3/2789 3391/3/2790
f 3389/3/2788 3391/3/2790 3392/3/2791
f 3392/3/2791 3391/3/2790 3393/3/2792
f 3392/3/2791 3393/3/2792 273/3/247
f 3394/1/2789 3395/1/2793 3396/1/2794
f 3394/1/2789 3396/1/2794 3397/1/2790
f 3397/1/2790 3396/1/2794 3398/1/2795
f 3397/1/2790 3398/1/2795 3399/1/2792
f 3388/3/2787 3400/3/2796 3389/3/2788
f 3388/3/2787 3389/3/2788 3386/3/2785
f 3386/3/2785 3389/3/2788 3392/3/2791
f 3386/3/2785 3392/3/2791 268/3/242
f 268/3/242 3392/3/2791 273/3/247
f 268/3/242 273/3/247 269/3/243
f 273/3/247 3393/3/2792 3401/3/2797
f 273/3/247 3401/3/2797 274/3/248
f 3399/1/2792 3398/1/2795 3402/1/2798
f 3399/1/2792 3402/1/2798 3403/1/2799
f 3398/1/2795 3404/1/2800 3405/1/2801
f 3398/1/2795 3405/1/2801 3402/1/2798
f 3396/1/2794 3406/1/2802 3404/1/2800
f 3396/1/2794 3404/1/2800 3398/1/2795
f 3395/1/2793 3407/1/2803 3406/1/2802
f 3395/1/2793 3406/1/2802 3396/1/2794
f 3408/1/2804 3409/1/2805 3407/1/2803
f 3408/1/2804 3407/1/2803 3395/1/2793
f 3410/1/2806 3408/1/2804 3395/1/2793
f 3410/1/2806 3395/1/2793 3394/1/2789
f 3400/3/2796 3411/3/2807 3390/3/2789
f 3400/3/2796 3390/3/2789 3389/3/2788
f 3412/1/2808 3413/1/2809 3414/1/2810
f 3412/1/2808 3414/1/2810 3415/1/2811
f 3415/1/2811 3414/1/2810 3416/1/2812
f 3415/1/2811 3416/1/2812 3417/1/2813
f 3413/1/2809 3418/1/2814 3419/1/2815
f 3413/1/2809 3419/1/2815 3414/1/2810
f 3414/1/2810 3419/1/2815 3420/1/2816
f 3414/1/2810 3420/1/2816 3416/1/2812
f 1489/1/1130 1539/1/1176 3412/1/2808
f 1489/1/1130 3412/1/2808 3372/1/2773
f 3372/1/2773 3412/1/2808 3415/1/2811
f 3372/1/2773 3415/1/2811 3370/1/2771
f 3370/1/2771 3415/1/2811 3417/1/2813
f 3370/1/2771 3417/1/2813 3371/1/2772
f 3368/3/2769 3421/3/2817 3422/3/2818
f 3368/3/2769 3422/3/2818 3369/3/2770
f 3421/3/2817 3423/3/2812 3424/3/2819
f 3421/3/2817 3424/3/2819 3422/3/2818
f 3416/1/2812 3420/1/2816 3425/1/2820
f 3416/1/2812 3425/1/2820 3426/1/2821
f 3420/1/2816 3427/1/2822 3428/1/2823
f 3420/1/2816 3428/1/2823 3425/1/2820
f 3419/1/2815 3429/1/2824 3427/1/2822
f 3419/1/2815 3427/1/2822 3420/1/2816
f 3418/1/2814 3430/1/2825 3429/1/2824
f 3418/1/2814 3429/1/2824 3419/1/2815
f 1550/1/1186 1551/1/1187 3430/1/2825
f 1550/1/1186 3430/1/2825 3418/1/2814
f 1552/1/1188 1550/1/1186 3418/1/2814
f 1552/1/1188 3418/1/2814 3413/1/2809
f 1539/1/1176 1552/1/1188 3413/1/2809
f 1539/1/1176 3413/1/2809 3412/1/2808
f 3431/3/2826 3432/3/2827 3433/3/2828
f 3431/3/2826 3433/3/2828 3434/3/2829
f 3434/3/2829 3433/3/2828 3435/3/2830
f 3434/3/2829 3435/3/2830 3436/3/2831
f 3437/1/2832 3438/1/2833 3439/1/2834
f 3437/1/2832 3439/1/2834 3440/1/2828
f 3440/1/2828 3439/1/2834 3441/1/2835
f 3440/1/2828 3441/1/2835 3442/1/2836
f 343/2/316 342/2/315 3443/2/2837
f 343/2/316 3443/2/2837 3444/2/2838
f 3444/2/2838 3443/2/2837 3445/2/2839
f 3444/2/2838 3445/2/2839 3446/2/2840
f 3446/2/2840 3445/2/2839 3447/2/2831
f 3446/2/2840 3447/2/2831 3448/2/2841
f 3448/2/2841 3447/2/2831 1572/2/1208
f 3448/2/2841 1572/2/1208 1571/2/1207
f 3436/3/2831 3435/3/2830 1574/3/1210
f 3436/3/2831 1574/3/1210 1573/3/1209
f 3442/1/2836 3441/1/2835 1576/1/1211
f 3442/1/2836 1576/1/1211 1575/1/1210
f 3441/1/2835 3449/1/2842 1577/1/1212
f 3441/1/2835 1577/1/1212 1576/1/1211
f 3439/1/2834 3450/1/2843 3449/1/2842
f 3439/1/2834 3449/1/2842 3441/1/2835
f 3438/1/2833 3451/1/2844 3450/1/2843
f 3438/1/2833 3450/1/2843 3439/1/2834
f 3402/1/2798 3405/1/2801 3451/1/2844
f 3402/1/2798 3451/1/2844 3438/1/2833
f 3403/1/2799 3402/1/2798 3438/1/2833
f 3403/1/2799 3438/1/2833 3437/1/2832
f 274/3/248 3401/3/2797 3432/3/2827
f 274/3/248 3432/3/2827 3431/3/2826
f 3452/1/2845 3453/1/2846 3454/1/2847
f 3452/1/2845 3454/1/2847 3455/1/2848
f 3455/1/2848 3454/1/2847 3456/1/2849
f 3455/1/2848 3456/1/2849 3457/1/2850
f 3453/1/2846 3458/1/2851 3459/1/2852
f 3453/1/2846 3459/1/2852 3454/1/2847
f 3454/1/2847 3459/1/2852 3460/1/2853
f 3454/1/2847 3460/1/2853 3456/1/2849
f 3409/1/2805 3461/1/2854 3452/1/2845
f 3409/1/2805 3452/1/2845 3407/1/2803
f 3407/1/2803 3452/1/2845 3455/1/2848
f 3407/1/2803 3455/1/2848 3406/1/2802
f 3406/1/2802 3455/1/2848 3457/1/2850
f 3406/1/2802 3457/1/2850 3404/1/2800
f 3404/1/2800 3457/1/2850 3451/1/2844
f 3404/1/2800 3451/1/2844 3405/1/2801
f 3457/1/2850 3456/1/2849 3450/1/2843
f 3457/1/2850 3450/1/2843 3451/1/2844
f 3456/1/2849 3460/1/2853 3449/1/2842
f 3456/1/2849 3449/1/2842 3450/1/2843
f 3460/1/2853 1591/1/1226 1577/1/1212
f 3460/1/2853 1577/1/1212 3449/1/2842
f 3459/1/2852 1592/1/1227 1591/1/1226
f 3459/1/2852 1591/1/1226 3460/1/2853
f 3458/1/2851 1593/1/1228 1592/1/1227
f 3458/1/2851 1592/1/1227 3459/1/2852
f 3462/1/2855 1595/1/1230 1593/1/1228
f 3462/1/2855 1593/1/1228 3458/1/2851
f 3463/1/2856 3462/1/2855 3458/1/2851
f 3463/1/2856 3458/1/2851 3453/1/2846
f 3461/1/2854 3463/1/2856 3453/1/2846
f 3461/1/2854 3453/1/2846 3452/1/2845
f 3464/1/2857 3465/1/2858 3466/1/2859
f 3464/1/2857 3466/1/2859 3467/1/2860
f 3467/1/2860 3466/1/2859 3468/1/2861
f 3467/1/2860 3468/1/2861 456/1/414
f 3469/2/2858 3470/2/2862 3471/2/2863
f 3469/2/2858 3471/2/2863 3472/2/2859
f 3472/2/2859 3471/2/2863 3473/2/2864
f 3472/2/2859 3473/2/2864 3474/2/2865
f 438/4/399 437/4/398 3475/4/2866
f 438/4/399 3475/4/2866 3338/4/2741
f 3338/4/2741 3475/4/2866 3476/4/413
f 3338/4/2741 3476/4/413 3336/4/2739
f 3336/4/2739 3476/4/413 1610/4/193
f 3336/4/2739 1610/4/193 1447/4/1090
f 456/1/414 3468/1/2861 1611/1/1243
f 456/1/414 1611/1/1243 213/1/193
f 3474/2/2865 3473/2/2864 1613/2/1244
f 3474/2/2865 1613/2/1244 1612/2/1243
f 3473/2/2864 3448/2/2841 1571/2/1207
f 3473/2/2864 1571/2/1207 1613/2/1244
f 3471/2/2863 3446/2/2840 3448/2/2841
f 3471/2/2863 3448/2/2841 3473/2/2864
f 3470/2/2862 3444/2/2838 3446/2/2840
f 3470/2/2862 3446/2/2840 3471/2/2863
f 3384/2/2784 343/2/316 3444/2/2838
f 3384/2/2784 3444/2/2838 3470/2/2862
f 3385/2/245 3384/2/2784 3470/2/2862
f 3385/2/245 3470/2/2862 3469/2/2858
f 272/1/246 271/1/245 3465/1/2858
f 272/1/246 3465/1/2858 3464/1/2857
f 3477/4/2867 3478/4/2868 3479/4/2869
f 3477/4/2867 3479/4/2869 3480/4/2870
f 3480/4/2870 3479/4/2869 3481/4/2871
f 3480/4/2870 3481/4/2871 3482/4/2872
f 3478/4/2868 3483/4/2873 3484/4/2874
f 3478/4/2868 3484/4/2874 3479/4/2869
f 3479/4/2869 3484/4/2874 3485/4/2875
f 3479/4/2869 3485/4/2875 3481/4/2871
f 1623/4/1254 3486/4/2876 3477/4/2867
f 1623/4/1254 3477/4/2867 1624/4/1255
f 1624/4/1255 3477/4/2867 3480/4/2870
f 1624/4/1255 3480/4/2870 1626/4/1257
f 1626/4/1257 3480/4/2870 3482/4/2872
f 1626/4/1257 3482/4/2872 1627/4/1258
f 1627/4/1258 3482/4/2872 3334/4/2737
f 1627/4/1258 3334/4/2737 1444/4/1087
f 3482/4/2872 3481/4/2871 3347/4/2749
f 3482/4/2872 3347/4/2749 3334/4/2737
f 3481/4/2871 3485/4/2875 3345/4/2747
f 3481/4/2871 3345/4/2747 3347/4/2749
f 3485/4/2875 3487/4/2877 3346/4/2748
f 3485/4/2875 3346/4/2748 3345/4/2747
f 3484/4/2874 3488/4/2878 3487/4/2877
f 3484/4/2874 3487/4/2877 3485/4/2875
f 3483/4/2873 3489/4/2879 3488/4/2878
f 3483/4/2873 3488/4/2878 3484/4/2874
f 3490/4/2880 3491/4/2881 3489/4/2879
f 3490/4/2880 3489/4/2879 3483/4/2873
f 3492/4/2882 3490/4/2880 3483/4/2873
f 3492/4/2882 3483/4/2873 3478/4/2868
f 3486/4/2876 3492/4/2882 3478/4/2868
f 3486/4/2876 3478/4/2868 3477/4/2867
f 3342/1/2744 3493/1/2883 3494/1/2884
f 3342/1/2744 3494/1/2884 3343/1/2745
f 1636/1/1267 1637/1/1268 3341/1/2743
f 1636/1/1267 3341/1/2743 3344/1/2746
f 1470/1/1112 3357/1/2759 3341/1/2743
f 1470/1/1112 3341/1/2743 1637/1/1268
f 3495/3/2885 3496/3/2886 3497/3/2887
f 3495/3/2885 3497/3/2887 3498/3/2884
f 1636/1/1267 3344/1/2746 3499/1/2888
f 1636/1/1267 3499/1/2888 1642/1/1273
f 3344/1/2746 3343/1/2745 3500/1/2889
f 3344/1/2746 3500/1/2889 3499/1/2888
f 3343/1/2745 3494/1/2884 3501/1/2890
f 3343/1/2745 3501/1/2890 3500/1/2889
f 3498/3/2884 3497/3/2887 3502/3/2891
f 3498/3/2884 3502/3/2891 3503/3/2892
f 3504/3/2893 3505/3/2894 3506/3/2895
f 3504/3/2893 3506/3/2895 3507/3/2896
f 3360/3/2762 3363/3/2764 3496/3/2886
f 3360/3/2762 3496/3/2886 3495/3/2885
f 3358/1/2760 3359/1/2761 3493/1/2883
f 3358/1/2760 3493/1/2883 3342/1/2744
f 3357/1/2759 3358/1/2760 3342/1/2744
f 3357/1/2759 3342/1/2744 3341/1/2743
f 3508/2/2897 3509/2/2898 409/2/377
f 3508/2/2897 409/2/377 3510/2/2899
f 3511/2/2900 3512/2/2901 3513/2/250
f 3511/2/2900 3513/2/250 3514/2/2902
f 3515/2/2903 3516/2/422 355/2/326
f 3515/2/2903 355/2/326 354/2/325
f 357/2/328 3517/2/2904 3518/2/2905
f 357/2/328 3518/2/2905 279/2/253
f 3519/2/2906 353/2/324 3518/2/2905
f 3519/2/2906 3518/2/2905 3517/2/2904
f 3520/2/2907 3521/2/2908 3522/2/2909
f 3520/2/2907 3522/2/2909 3523/2/2910
f 3524/4/2911 3525/4/2912 3526/4/2913
f 3524/4/2911 3526/4/2913 3527/4/2914
f 3528/2/2911 3529/2/2914 3530/2/2915
f 3528/2/2911 3530/2/2915 3531/2/2916
f 3521/2/2908 3532/2/2917 3511/2/2900
f 3521/2/2908 3511/2/2900 3522/2/2909
f 3533/4/2918 360/4/331 3489/4/2879
f 3533/4/2918 3489/4/2879 3491/4/2881
f 360/4/331 3534/4/2919 3488/4/2878
f 360/4/331 3488/4/2878 3489/4/2879
f 3534/4/2919 453/4/411 3487/4/2877
f 3534/4/2919 3487/4/2877 3488/4/2878
f 453/4/411 452/4/230 3346/4/2748
f 453/4/411 3346/4/2748 3487/4/2877
f 3535/2/2920 3536/2/2921 3537/2/2922
f 3535/2/2920 3537/2/2922 3538/2/2923
f 3536/2/2921 422/2/389 424/2/391
f 3536/2/2921 424/2/391 3537/2/2922
f 3539/2/2924 3540/2/2925 424/2/391
f 3539/2/2924 424/2/391 423/2/390
f 3509/2/2898 3541/2/2926 280/2/254
f 3509/2/2898 280/2/254 409/2/377
f 3532/2/2917 3542/2/2927 3512/2/2901
f 3532/2/2917 3512/2/2901 3511/2/2900
f 3543/2/2928 3544/2/2929 3545/2/2930
f 3543/2/2928 3545/2/2930 3546/2/2931
f 3547/4/2932 3548/4/2933 3549/4/2934
f 3547/4/2932 3549/4/2934 3550/4/2935
f 3551/1/2936 3552/1/2937 445/1/406
f 3551/1/2936 445/1/406 444/1/405
f 3553/2/2938 3554/2/2937 3555/2/2939
f 3553/2/2938 3555/2/2939 3556/2/2940
f 3557/2/2941 3558/2/2942 3556/2/2940
f 3557/2/2941 3556/2/2940 3559/2/2943
f 3560/4/2944 3561/4/2945 3562/4/2946
f 3560/4/2944 3562/4/2946 3563/4/2947
f 470/2/427 3564/2/2948 479/2/434
f 470/2/427 479/2/434 468/2/425
f 3549/4/2934 3565/4/2949 3566/4/2950
f 3549/4/2934 3566/4/2950 3550/4/2935
f 3565/4/2949 3533/4/2918 3491/4/2881
f 3565/4/2949 3491/4/2881 3566/4/2950
f 3567/2/2951 3557/2/2941 3559/2/2943
f 3567/2/2951 3559/2/2943 3568/2/2952
f 3569/4/2953 3570/4/2954 3526/4/2913
f 3569/4/2953 3526/4/2913 3525/4/2912
f 3571/2/2955 3572/2/2956 3573/2/2957
f 3571/2/2955 3573/2/2957 3574/2/2958
f 3575/2/2959 3576/2/2960 3571/2/2955
f 3575/2/2959 3571/2/2955 3574/2/2958
f 3577/2/2961 3578/2/2962 3579/2/2963
f 3577/2/2961 3579/2/2963 3580/2/2964
f 3561/4/2945 3581/4/2965 3582/4/2966
f 3561/4/2945 3582/4/2966 3562/4/2946
f 3563/4/2947 3562/4/2946 3583/4/2967
f 3563/4/2947 3583/4/2967 3584/4/2968
f 1729/4/1353 1730/4/1354 3560/4/2944
f 1729/4/1353 3560/4/2944 3563/4/2947
f 3562/4/2946 3582/4/2966 3585/4/2969
f 3562/4/2946 3585/4/2969 3583/4/2967
f 3581/4/2965 3547/4/2932 3550/4/2935
f 3581/4/2965 3550/4/2935 3582/4/2966
f 1729/4/1353 3563/4/2947 3584/4/2968
f 1729/4/1353 3584/4/2968 1732/4/1356
f 1732/4/1356 3584/4/2968 3486/4/2876
f 1732/4/1356 3486/4/2876 1623/4/1254
f 3584/4/2968 3583/4/2967 3492/4/2882
f 3584/4/2968 3492/4/2882 3486/4/2876
f 3583/4/2967 3585/4/2969 3490/4/2880
f 3583/4/2967 3490/4/2880 3492/4/2882
f 3585/4/2969 3566/4/2950 3491/4/2881
f 3585/4/2969 3491/4/2881 3490/4/2880
f 3582/4/2966 3550/4/2935 3566/4/2950
f 3582/4/2966 3566/4/2950 3585/4/2969
f 3586/3/2970 3587/3/2971 3588/3/2972
f 3586/3/2970 3588/3/2972 3589/3/2973
f 3590/1/2974 3591/1/2975 3592/1/2976
f 3590/1/2974 3592/1/2976 3593/1/2977
f 3593/1/2977 3592/1/2976 3594/1/2978
f 3593/1/2977 3594/1/2978 3595/1/2979
f 3591/1/2975 3596/1/2980 3597/1/2981
f 3591/1/2975 3597/1/2981 3592/1/2976
f 3592/1/2976 3597/1/2981 3598/1/2982
f 3592/1/2976 3598/1/2982 3594/1/2978
f 1642/1/1273 3499/1/2888 3590/1/2974
f 1642/1/1273 3590/1/2974 1746/1/1370
f 1746/1/1370 3590/1/2974 3593/1/2977
f 1746/1/1370 3593/1/2977 1747/1/1370
f 1747/1/1370 3593/1/2977 3595/1/2979
f 1747/1/1370 3595/1/2979 1748/1/1371
f 1748/1/1371 3595/1/2979 3599/1/2983
f 1748/1/1371 3599/1/2983 1749/1/1114
f 3595/1/2979 3594/1/2978 3600/1/2984
f 3595/1/2979 3600/1/2984 3599/1/2983
f 3594/1/2978 3598/1/2982 3601/1/2985
f 3594/1/2978 3601/1/2985 3600/1/2984
f 3602/3/2982 3603/3/2986 3604/3/2987
f 3602/3/2982 3604/3/2987 3605/3/2985
f 3606/3/2981 3607/3/2988 3603/3/2986
f 3606/3/2981 3603/3/2986 3602/3/2982
f 3608/3/2989 3609/3/2990 3607/3/2988
f 3608/3/2989 3607/3/2988 3606/3/2981
f 3503/3/2892 3502/3/2891 3609/3/2990
f 3503/3/2892 3609/3/2990 3608/3/2989
f 3500/1/2889 3501/1/2890 3596/1/2980
f 3500/1/2889 3596/1/2980 3591/1/2975
f 3499/1/2888 3500/1/2889 3591/1/2975
f 3499/1/2888 3591/1/2975 3590/1/2974
f 3610/3/2991 3611/3/2992 3612/3/2993
f 3610/3/2991 3612/3/2993 3587/3/2971
f 3613/3/2994 3589/3/2973 3588/3/2972
f 3613/3/2994 3588/3/2972 3614/3/2995
f 3615/4/2996 3616/4/2997 3617/4/2998
f 3615/4/2996 3617/4/2998 3618/4/2999
f 3587/3/2971 3612/3/2993 3619/3/3000
f 3587/3/2971 3619/3/3000 3588/3/2972
f 3611/3/2992 3604/3/2987 3620/3/3001
f 3611/3/2992 3620/3/3001 3612/3/2993
f 3587/3/2971 3586/3/2970 3329/3/2732
f 3587/3/2971 3329/3/2732 3610/3/2991
f 3588/3/2972 3619/3/3000 3621/3/3002
f 3588/3/2972 3621/3/3002 3614/3/2995
f 3619/3/3000 3622/3/3003 3623/3/3004
f 3619/3/3000 3623/3/3004 3621/3/3002
f 3612/3/2993 3620/3/3001 3622/3/3003
f 3612/3/2993 3622/3/3003 3619/3/3000
f 3603/3/2986 3607/3/2988 3624/3/3005
f 3603/3/2986 3624/3/3005 3625/3/3006
f 3607/3/2988 3609/3/2990 3626/3/3007
f 3607/3/2988 3626/3/3007 3624/3/3005
f 3625/3/3006 3624/3/3005 3627/3/3008
f 3625/3/3006 3627/3/3008 3628/3/3009
f 3620/3/3001 3604/3/2987 3603/3/2986
f 3620/3/3001 3603/3/2986 3625/3/3006
f 3624/3/3005 3626/3/3007 3629/3/3010
f 3624/3/3005 3629/3/3010 3627/3/3008
f 3609/3/2990 3502/3/2891 3630/3/3011
f 3609/3/2990 3630/3/3011 3626/3/3007
f 3620/3/3001 3625/3/3006 3628/3/3009
f 3620/3/3001 3628/3/3009 3622/3/3003
f 3622/3/3003 3628/3/3009 3631/3/3012
f 3622/3/3003 3631/3/3012 3623/3/3004
f 3628/3/3009 3627/3/3008 3632/3/3013
f 3628/3/3009 3632/3/3013 3631/3/3012
f 3627/3/3008 3629/3/3010 3633/3/3014
f 3627/3/3008 3633/3/3014 3632/3/3013
f 3629/3/3010 3634/3/3015 3635/3/3016
f 3629/3/3010 3635/3/3016 3633/3/3014
f 3626/3/3007 3630/3/3011 3634/3/3015
f 3626/3/3007 3634/3/3015 3629/3/3010
f 3427/1/2822 3429/1/2824 3636/1/3017
f 3427/1/2822 3636/1/3017 3637/1/3018
f 3429/1/2824 3430/1/2825 3638/1/3019
f 3429/1/2824 3638/1/3019 3636/1/3017
f 3637/1/3018 3636/1/3017 3639/1/3020
f 3637/1/3018 3639/1/3020 3640/1/3021
f 3428/1/2823 3427/1/2822 3637/1/3018
f 3428/1/2823 3637/1/3018 3641/1/3022
f 3636/1/3017 3638/1/3019 3642/1/3023
f 3636/1/3017 3642/1/3023 3639/1/3020
f 3430/1/2825 1551/1/1187 1794/1/1413
f 3430/1/2825 1794/1/1413 3638/1/3019
f 3641/1/3022 3637/1/3018 3640/1/3021
f 3641/1/3022 3640/1/3021 3643/1/3024
f 3643/1/3024 3640/1/3021 3644/1/3025
f 3643/1/3024 3644/1/3025 3645/1/3026
f 3640/1/3021 3639/1/3020 3646/1/3027
f 3640/1/3021 3646/1/3027 3644/1/3025
f 3639/1/3020 3642/1/3023 3647/1/3028
f 3639/1/3020 3647/1/3028 3646/1/3027
f 3642/1/3023 1801/1/1420 1800/1/1419
f 3642/1/3023 1800/1/1419 3647/1/3028
f 3638/1/3019 1794/1/1413 1801/1/1420
f 3638/1/3019 1801/1/1420 3642/1/3023
f 3422/3/2818 3424/3/2819 3648/3/3029
f 3422/3/2818 3648/3/3029 3649/3/3030
f 3426/1/2821 3425/1/2820 3650/1/3031
f 3426/1/2821 3650/1/3031 3651/1/3032
f 3649/3/3030 3648/3/3029 3652/3/3033
f 3649/3/3030 3652/3/3033 3653/3/3034
f 3369/3/2770 3422/3/2818 3649/3/3030
f 3369/3/2770 3649/3/3030 3654/3/3035
f 3651/1/3032 3650/1/3031 3655/1/3036
f 3651/1/3032 3655/1/3036 3656/1/3033
f 3425/1/2820 3428/1/2823 3641/1/3022
f 3425/1/2820 3641/1/3022 3650/1/3031
f 3654/3/3035 3649/3/3030 3653/3/3034
f 3654/3/3035 3653/3/3034 3657/3/3037
f 3657/3/3037 3653/3/3034 3658/3/3038
f 3657/3/3037 3658/3/3038 3659/3/3039
f 3653/3/3034 3652/3/3033 3660/3/3040
f 3653/3/3034 3660/3/3040 3658/3/3038
f 3656/1/3033 3655/1/3036 3661/1/3041
f 3656/1/3033 3661/1/3041 3662/1/3040
f 3655/1/3036 3643/1/3024 3645/1/3026
f 3655/1/3036 3645/1/3026 3661/1/3041
f 3650/1/3031 3641/1/3022 3643/1/3024
f 3650/1/3031 3643/1/3024 3655/1/3036
f 3362/3/2763 3365/3/2766 3663/3/3042
f 3362/3/2763 3663/3/3042 3664/3/3043
f 3365/3/2766 3367/3/2768 3665/3/3044
f 3365/3/2766 3665/3/3044 3663/3/3042
f 3664/3/3043 3663/3/3042 3666/3/3045
f 3664/3/3043 3666/3/3045 3667/3/3046
f 3363/3/2764 3362/3/2763 3664/3/3043
f 3363/3/2764 3664/3/3043 3668/3/3047
f 3663/3/3042 3665/3/3044 3669/3/3048
f 3663/3/3042 3669/3/3048 3666/3/3045
f 3367/3/2768 3369/3/2770 3654/3/3035
f 3367/3/2768 3654/3/3035 3665/3/3044
f 3668/3/3047 3664/3/3043 3667/3/3046
f 3668/3/3047 3667/3/3046 3670/3/3049
f 3670/3/3049 3667/3/3046 3671/3/3050
f 3670/3/3049 3671/3/3050 3672/3/3051
f 3667/3/3046 3666/3/3045 3673/3/3052
f 3667/3/3046 3673/3/3052 3671/3/3050
f 3666/3/3045 3669/3/3048 3674/3/3053
f 3666/3/3045 3674/3/3053 3673/3/3052
f 3669/3/3048 3657/3/3037 3659/3/3039
f 3669/3/3048 3659/3/3039 3674/3/3053
f 3665/3/3044 3654/3/3035 3657/3/3037
f 3665/3/3044 3657/3/3037 3669/3/3048
f 3675/3/3054 3676/3/3055 3677/3/3056
f 3675/3/3054 3677/3/3056 3678/3/3057
f 3679/3/3058 3504/3/2893 3507/3/2896
f 3679/3/3058 3507/3/2896 3680/3/3059
f 3630/3/3011 3502/3/2891 3497/3/2887
f 3630/3/3011 3497/3/2887 3505/3/2894
f 3496/3/2886 3363/3/2764 3668/3/3047
f 3496/3/2886 3668/3/3047 3506/3/2895
f 3630/3/3011 3505/3/2894 3504/3/2893
f 3630/3/3011 3504/3/2893 3634/3/3015
f 3634/3/3015 3504/3/2893 3679/3/3058
f 3634/3/3015 3679/3/3058 3635/3/3016
f 3505/3/2894 3497/3/2887 3496/3/2886
f 3505/3/2894 3496/3/2886 3506/3/2895
f 3507/3/2896 3670/3/3049 3672/3/3051
f 3507/3/2896 3672/3/3051 3680/3/3059
f 3506/3/2895 3668/3/3047 3670/3/3049
f 3506/3/2895 3670/3/3049 3507/3/2896
f 1835/4/1452 3681/4/3060 3682/4/3061
f 1835/4/1452 3682/4/3061 1836/4/1453
f 1839/4/1456 1842/4/1459 3683/4/3062
f 1839/4/1456 3683/4/3062 3684/4/3063
f 3685/4/3064 3683/4/3062 3682/4/3061
f 3685/4/3064 3682/4/3061 3681/4/3060
f 1842/4/1459 1836/4/1453 3682/4/3061
f 1842/4/1459 3682/4/3061 3683/4/3062
f 3681/4/3060 1835/4/1452 1845/4/1462
f 3681/4/3060 1845/4/1462 3686/4/3065
f 3687/4/3066 3688/4/3067 3685/4/3064
f 3687/4/3066 3685/4/3064 3689/4/3068
f 3689/4/3068 3685/4/3064 3681/4/3060
f 3689/4/3068 3681/4/3060 3686/4/3065
f 3688/4/3067 3684/4/3063 3683/4/3062
f 3688/4/3067 3683/4/3062 3685/4/3064
f 3319/1/2725 3690/1/3069 3691/1/3070
f 3319/1/2725 3691/1/3070 3318/1/2724
f 3692/3/3071 3246/3/2659 3249/3/2662
f 3692/3/3071 3249/3/2662 306/3/280
f 3693/1/3072 432/1/395 3694/1/361
f 3693/1/3072 3694/1/361 3695/1/3073
f 3249/3/2662 3248/3/2661 3696/3/3074
f 3249/3/2662 3696/3/3074 391/3/360
f 3697/1/3075 3698/1/3076 3699/1/3077
f 3697/1/3075 3699/1/3077 3700/1/3078
f 3701/1/3079 3702/1/3080 3330/1/2733
f 3701/1/3079 3330/1/2733 3316/1/2722
f 3246/3/2659 3692/3/3071 3613/3/2994
f 3246/3/2659 3613/3/2994 3614/3/2995
f 391/3/360 3696/3/3074 3703/3/3081
f 391/3/360 3703/3/3081 392/3/361
f 3696/3/3074 3704/3/3082 3705/3/3083
f 3696/3/3074 3705/3/3083 3703/3/3081
f 3706/3/3084 3707/3/3085 3708/3/3086
f 3706/3/3084 3708/3/3086 3677/3/3056
f 3248/3/2661 3709/3/3087 3704/3/3082
f 3248/3/2661 3704/3/3082 3696/3/3074
f 3621/3/3002 3623/3/3004 3710/3/3088
f 3621/3/3002 3710/3/3088 3247/3/2660
f 3614/3/2995 3621/3/3002 3247/3/2660
f 3614/3/2995 3247/3/2660 3246/3/2659
f 3711/1/3089 3712/1/344 3713/1/3090
f 3711/1/3089 3713/1/3090 3714/1/3091
f 3715/4/3092 3716/4/3093 3717/4/3094
f 3715/4/3092 3717/4/3094 3718/4/3095
f 3719/1/346 3720/1/3096 3721/1/3097
f 3719/1/346 3721/1/3097 3722/1/3098
f 3723/1/3099 3724/1/3100 3725/1/3101
f 3723/1/3099 3725/1/3101 3726/1/3102
f 3727/4/3103 3728/4/3104 3729/4/3105
f 3727/4/3103 3729/4/3105 3730/4/3106
f 3731/4/3107 3730/4/3106 3732/4/3108
f 3731/4/3107 3732/4/3108 3733/4/3109
f 3734/3/3110 3735/3/3111 3736/3/3112
f 3734/3/3110 3736/3/3112 3737/3/3113
f 3738/1/3114 3714/1/3091 3739/1/3115
f 3738/1/3114 3739/1/3115 3740/1/3116
f 3741/1/3117 3742/1/3118 3743/1/3119
f 3741/1/3117 3743/1/3119 3744/1/3120
f 3745/1/3121 3746/1/3122 3747/1/3123
f 3745/1/3121 3747/1/3123 3748/1/3124
f 3742/1/3118 3749/1/3125 3750/1/3126
f 3742/1/3118 3750/1/3126 3743/1/3119
f 3751/1/340 3752/1/3127 3753/1/3128
f 3751/1/340 3753/1/3128 3754/1/3129
f 3747/1/3123 3755/1/3130 3756/1/3131
f 3747/1/3123 3756/1/3131 3757/1/3132
f 3758/4/3133 3759/4/3134 3760/4/3135
f 3758/4/3133 3760/4/3135 3716/4/3093
f 3761/4/3136 3758/4/3133 3716/4/3093
f 3761/4/3136 3716/4/3093 3715/4/3092
f 3728/4/3104 3761/4/3136 3715/4/3092
f 3728/4/3104 3715/4/3092 3729/4/3105
f 3700/1/3078 3699/1/3077 3762/1/3137
f 3700/1/3078 3762/1/3137 3763/1/3138
f 3698/1/3076 3764/1/3139 3765/1/3140
f 3698/1/3076 3765/1/3140 3699/1/3077
f 3699/1/3077 3765/1/3140 3766/1/3141
f 3699/1/3077 3766/1/3141 3762/1/3137
f 3767/3/3142 3768/3/3143 3769/3/3144
f 3767/3/3142 3769/3/3144 3770/3/3145
f 3645/1/3026 3644/1/3025 3697/1/3075
f 3645/1/3026 3697/1/3075 3771/1/3146
f 3772/1/3147 3773/1/3148 3774/1/3149
f 3772/1/3147 3774/1/3149 3775/1/3150
f 3776/4/3151 3777/4/3152 3778/4/3153
f 3776/4/3151 3778/4/3153 3779/4/3154
f 3774/1/3149 3763/1/3138 3461/1/2854
f 3774/1/3149 3461/1/2854 3409/1/2805
f 3763/1/3138 3762/1/3137 3463/1/2856
f 3763/1/3138 3463/1/2856 3461/1/2854
f 3762/1/3137 3766/1/3141 3462/1/2855
f 3762/1/3137 3462/1/2855 3463/1/2856
f 3766/1/3141 1939/1/1552 1595/1/1230
f 3766/1/3141 1595/1/1230 3462/1/2855
f 3764/1/3139 1941/1/1554 1940/1/1553
f 3764/1/3139 1940/1/1553 3765/1/3140
f 3780/4/3155 3781/4/3156 3782/4/3157
f 3780/4/3155 3782/4/3157 3783/4/3158
f 3647/1/3028 1800/1/1419 1941/1/1554
f 3647/1/3028 1941/1/1554 3764/1/3139
f 3646/1/3027 3647/1/3028 3764/1/3139
f 3646/1/3027 3764/1/3139 3698/1/3076
f 3644/1/3025 3646/1/3027 3698/1/3076
f 3644/1/3025 3698/1/3076 3697/1/3075
f 3770/3/3145 3769/3/3144 3784/3/3159
f 3770/3/3145 3784/3/3159 3785/3/3160
f 3786/1/3143 3787/1/3161 3772/1/3147
f 3786/1/3143 3772/1/3147 3788/1/3162
f 3788/1/3162 3772/1/3147 3775/1/3150
f 3788/1/3162 3775/1/3150 3789/1/3159
f 3790/3/3163 3791/3/3164 3792/3/3165
f 3790/3/3163 3792/3/3165 3793/3/3166
f 3659/3/3039 3658/3/3038 3767/3/3142
f 3659/3/3039 3767/3/3142 3794/3/3167
f 3795/3/3168 3796/3/3169 3797/3/3170
f 3795/3/3168 3797/3/3170 3798/3/3171
f 3794/3/3167 3767/3/3142 3770/3/3145
f 3794/3/3167 3770/3/3145 3796/3/3169
f 3797/3/3170 3785/3/3160 3400/3/2796
f 3797/3/3170 3400/3/2796 3388/3/2787
f 3785/3/3160 3784/3/3159 3411/3/2807
f 3785/3/3160 3411/3/2807 3400/3/2796
f 3789/1/3159 3775/1/3150 3408/1/2804
f 3789/1/3159 3408/1/2804 3410/1/2806
f 3775/1/3150 3774/1/3149 3409/1/2805
f 3775/1/3150 3409/1/2805 3408/1/2804
f 3773/1/3148 3700/1/3078 3763/1/3138
f 3773/1/3148 3763/1/3138 3774/1/3149
f 3771/1/3146 3697/1/3075 3700/1/3078
f 3771/1/3146 3700/1/3078 3773/1/3148
f 3661/1/3041 3645/1/3026 3771/1/3146
f 3661/1/3041 3771/1/3146 3787/1/3161
f 3662/1/3040 3661/1/3041 3787/1/3161
f 3662/1/3040 3787/1/3161 3786/1/3143
f 3658/3/3038 3660/3/3040 3768/3/3143
f 3658/3/3038 3768/3/3143 3767/3/3142
f 3793/3/3166 3792/3/3165 3799/3/3172
f 3793/3/3166 3799/3/3172 3800/3/3173
f 3792/3/3165 3795/3/3168 3798/3/3171
f 3792/3/3165 3798/3/3171 3799/3/3172
f 3676/3/3055 3801/3/3174 3706/3/3084
f 3676/3/3055 3706/3/3084 3677/3/3056
f 3791/3/3164 3802/3/3175 3795/3/3168
f 3791/3/3164 3795/3/3168 3792/3/3165
f 3672/3/3051 3671/3/3050 3790/3/3163
f 3672/3/3051 3790/3/3163 3707/3/3085
f 3677/3/3056 3708/3/3086 3803/3/3176
f 3677/3/3056 3803/3/3176 3678/3/3057
f 3707/3/3085 3790/3/3163 3793/3/3166
f 3707/3/3085 3793/3/3166 3708/3/3086
f 3803/3/3176 3800/3/3173 3373/3/2774
f 3803/3/3176 3373/3/2774 3379/3/2780
f 3800/3/3173 3799/3/3172 3374/3/2775
f 3800/3/3173 3374/3/2775 3373/3/2774
f 3799/3/3172 3798/3/3171 3387/3/2786
f 3799/3/3172 3387/3/2786 3374/3/2775
f 3798/3/3171 3797/3/3170 3388/3/2787
f 3798/3/3171 3388/3/2787 3387/3/2786
f 3787/1/3161 3771/1/3146 3773/1/3148
f 3787/1/3161 3773/1/3148 3772/1/3147
f 3796/3/3169 3770/3/3145 3785/3/3160
f 3796/3/3169 3785/3/3160 3797/3/3170
f 3674/3/3053 3659/3/3039 3794/3/3167
f 3674/3/3053 3794/3/3167 3802/3/3175
f 3673/3/3052 3674/3/3053 3802/3/3175
f 3673/3/3052 3802/3/3175 3791/3/3164
f 3671/3/3050 3673/3/3052 3791/3/3164
f 3671/3/3050 3791/3/3164 3790/3/3163
f 3804/3/3177 3805/3/3178 334/3/308
f 3804/3/3177 334/3/308 336/3/310
f 3279/3/2691 3675/3/3054 3678/3/3057
f 3279/3/2691 3678/3/3057 3806/3/3179
f 3635/3/3016 3679/3/3058 3801/3/3174
f 3635/3/3016 3801/3/3174 3807/3/3180
f 3808/3/3158 3676/3/3055 3675/3/3054
f 3808/3/3158 3675/3/3054 281/3/255
f 3783/4/3158 3782/4/3157 3809/4/3181
f 3783/4/3158 3809/4/3181 3810/4/3182
f 3679/3/3058 3680/3/3059 3706/3/3084
f 3679/3/3058 3706/3/3084 3801/3/3174
f 3272/2/2685 3271/2/2684 3811/2/3183
f 3272/2/2685 3811/2/3183 3812/2/3184
f 3802/3/3175 3794/3/3167 3796/3/3169
f 3802/3/3175 3796/3/3169 3795/3/3168
f 3708/3/3086 3793/3/3166 3800/3/3173
f 3708/3/3086 3800/3/3173 3803/3/3176
f 3680/3/3059 3672/3/3051 3707/3/3085
f 3680/3/3059 3707/3/3085 3706/3/3084
f 3318/1/2724 3691/1/3070 3813/1/3185
f 3318/1/2724 3813/1/3185 3317/1/2723
f 1424/1/1070 3317/1/2723 3813/1/3185
f 1424/1/1070 3813/1/3185 1976/1/1585
f 3690/1/3069 3814/1/3186 3815/1/3187
f 3690/1/3069 3815/1/3187 3691/1/3070
f 3691/1/3070 3815/1/3187 3816/1/3188
f 3691/1/3070 3816/1/3188 3813/1/3185
f 1980/1/1589 3817/1/3189 3818/1/3190
f 1980/1/1589 3818/1/3190 1981/1/1590
f 3819/3/3069 3323/3/2728 3322/3/2727
f 3819/3/3069 3322/3/2727 3820/3/3191
f 3813/1/3185 3816/1/3188 1986/1/1594
f 3813/1/3185 1986/1/1594 1976/1/1585
f 3816/1/3188 3821/1/3192 1987/1/1595
f 3816/1/3188 1987/1/1595 1986/1/1594
f 3815/1/3187 3822/1/3193 3821/1/3192
f 3815/1/3187 3821/1/3192 3816/1/3188
f 3814/1/3186 3823/1/3194 3822/1/3193
f 3814/1/3186 3822/1/3193 3815/1/3187
f 3824/3/3195 3825/3/3196 3826/3/3197
f 3824/3/3195 3826/3/3197 3827/3/3186
f 3820/3/3191 3824/3/3195 3827/3/3186
f 3820/3/3191 3827/3/3186 3819/3/3069
f 3828/1/3198 3829/1/3199 3830/1/3200
f 3828/1/3198 3830/1/3200 3831/1/3201
f 3832/3/3202 3833/3/3203 3834/3/3204
f 3832/3/3202 3834/3/3204 3835/3/3205
f 3836/3/3206 3837/3/3207 3805/3/3178
f 3836/3/3206 3805/3/3178 3838/3/3208
f 3839/3/3209 3838/3/3208 3840/3/3210
f 3839/3/3209 3840/3/3210 3841/3/3211
f 3735/3/3111 3833/3/3203 3832/3/3202
f 3735/3/3111 3832/3/3202 3736/3/3112
f 3837/3/3207 3842/3/3212 334/3/308
f 3837/3/3207 334/3/308 3805/3/3178
f 3835/3/3205 3843/3/3213 3844/3/3214
f 3835/3/3205 3844/3/3214 3845/3/3215
f 335/3/309 3846/3/3216 3847/3/3217
f 335/3/309 3847/3/3217 336/3/310
f 3842/3/3212 3848/3/3218 335/3/309
f 3842/3/3212 335/3/309 334/3/308
f 3849/4/3219 3850/4/3220 3851/4/3221
f 3849/4/3219 3851/4/3221 3852/4/3222
f 3853/1/3223 3854/1/3224 3829/1/3199
f 3853/1/3223 3829/1/3199 3828/1/3198
f 3744/1/3120 3743/1/3119 3723/1/3099
f 3744/1/3120 3723/1/3099 3855/1/3225
f 3743/1/3119 3750/1/3126 3724/1/3100
f 3743/1/3119 3724/1/3100 3723/1/3099
f 3856/1/3226 3857/1/3227 3858/1/348
f 3856/1/3226 3858/1/348 3859/1/3228
f 3740/1/3116 3739/1/3115 3853/1/3223
f 3740/1/3116 3853/1/3223 3860/1/3229
f 3861/1/3230 250/1/224 252/1/226
f 3861/1/3230 252/1/226 326/1/300
f 3862/1/3231 3860/1/3229 3863/1/3232
f 3862/1/3231 3863/1/3232 3864/1/3233
f 3865/1/3234 3831/1/3201 3866/1/3235
f 3865/1/3234 3866/1/3235 3867/1/3236
f 3868/3/3237 3836/3/3206 3838/3/3208
f 3868/3/3237 3838/3/3208 3839/3/3209
f 3831/1/3201 3830/1/3200 3869/1/3238
f 3831/1/3201 3869/1/3238 3866/1/3235
f 3870/1/3239 3871/1/3240 3872/1/3241
f 3870/1/3239 3872/1/3241 3873/1/3242
f 3874/1/3243 3875/1/3244 3876/1/3245
f 3874/1/3243 3876/1/3245 3877/1/3246
f 3720/1/3096 3878/1/338 3879/1/3247
f 3720/1/3096 3879/1/3247 3721/1/3097
f 3754/1/3129 3753/1/3128 3880/1/3248
f 3754/1/3129 3880/1/3248 3881/1/3249
f 3722/1/3098 3721/1/3097 3742/1/3118
f 3722/1/3098 3742/1/3118 3741/1/3117
f 3714/1/3091 3713/1/3090 3882/1/3250
f 3714/1/3091 3882/1/3250 3739/1/3115
f 3883/4/3251 3884/4/3252 3885/4/3253
f 3883/4/3251 3885/4/3253 3886/4/3254
f 3887/4/3255 3888/4/3256 3889/4/3257
f 3887/4/3255 3889/4/3257 3884/4/3252
f 3884/4/3252 3889/4/3257 3890/4/3258
f 3884/4/3252 3890/4/3258 3885/4/3253
f 3891/4/3259 3892/4/3260 3893/4/3261
f 3891/4/3259 3893/4/3261 287/4/261
f 3894/4/3262 3895/4/3263 3896/4/3264
f 3894/4/3262 3896/4/3264 3897/4/3265
f 3898/4/3266 3897/4/3265 3616/4/2997
f 3898/4/3266 3616/4/2997 3615/4/2996
f 3897/4/3265 3896/4/3264 3883/4/3251
f 3897/4/3265 3883/4/3251 3616/4/2997
f 3617/4/2998 3886/4/3254 3728/4/3104
f 3617/4/2998 3728/4/3104 3727/4/3103
f 3886/4/3254 3885/4/3253 3761/4/3136
f 3886/4/3254 3761/4/3136 3728/4/3104
f 3885/4/3253 3890/4/3258 3758/4/3133
f 3885/4/3253 3758/4/3133 3761/4/3136
f 3890/4/3258 3899/4/3267 3759/4/3134
f 3890/4/3258 3759/4/3134 3758/4/3133
f 3888/4/3256 3776/4/3151 3779/4/3154
f 3888/4/3256 3779/4/3154 3889/4/3257
f 3779/4/3154 3778/4/3153 3900/4/3268
f 3779/4/3154 3900/4/3268 3899/4/3267
f 3901/4/3269 3902/4/3270 3776/4/3151
f 3901/4/3269 3776/4/3151 3888/4/3256
f 3903/4/3271 3901/4/3269 3888/4/3256
f 3903/4/3271 3888/4/3256 3887/4/3255
f 3895/4/3263 3903/4/3271 3887/4/3255
f 3895/4/3263 3887/4/3255 3896/4/3264
f 3904/3/3272 3905/3/347 3906/3/3273
f 3904/3/3272 3906/3/3273 3907/3/3274
f 3748/1/3124 3747/1/3123 3757/1/3132
f 3748/1/3124 3757/1/3132 3908/1/3275
f 3905/3/347 3909/3/3276 3910/3/3277
f 3905/3/347 3910/3/3277 3906/3/3273
f 3911/3/3278 3912/3/3279 3913/3/3280
f 3911/3/3278 3913/3/3280 3914/3/3281
f 3867/1/3236 3866/1/3235 3856/1/3226
f 3867/1/3236 3856/1/3226 3915/1/3282
f 3916/3/3283 3904/3/3272 3907/3/3274
f 3916/3/3283 3907/3/3274 3917/3/3284
f 3918/1/3285 3919/1/3286 3738/1/3114
f 3918/1/3285 3738/1/3114 3920/1/3287
f 3739/1/3115 3882/1/3250 3854/1/3224
f 3739/1/3115 3854/1/3224 3853/1/3223
f 3873/1/3242 3872/1/3241 3921/1/3288
f 3873/1/3242 3921/1/3288 3922/1/342
f 3881/1/3249 3880/1/3248 3923/1/3289
f 3881/1/3249 3923/1/3289 3924/1/3290
f 3866/1/3235 3869/1/3238 3857/1/3227
f 3866/1/3235 3857/1/3227 3856/1/3226
f 3925/1/3291 3726/1/3102 3746/1/3122
f 3925/1/3291 3746/1/3122 3745/1/3121
f 3926/4/3292 3927/4/3293 3928/4/3294
f 3926/4/3292 3928/4/3294 3929/4/3295
f 3930/3/3296 3931/3/3294 3932/3/3297
f 3930/3/3296 3932/3/3297 3933/3/3298
f 3932/3/3297 3931/3/3294 3934/3/3299
f 3932/3/3297 3934/3/3299 3935/3/3300
f 3936/3/3301 3932/3/3297 3935/3/3300
f 3936/3/3301 3935/3/3300 3937/3/3302
f 3938/4/3303 3939/4/3304 3926/4/3292
f 3938/4/3303 3926/4/3292 3940/4/3305
f 3940/4/3305 3926/4/3292 3929/4/3295
f 3940/4/3305 3929/4/3295 3941/4/3306
f 3942/3/3306 3930/3/3296 3933/3/3298
f 3942/3/3306 3933/3/3298 3943/3/3307
f 3943/3/3307 3933/3/3298 3944/3/3308
f 3943/3/3307 3944/3/3308 3848/3/3218
f 3933/3/3298 3932/3/3297 3936/3/3301
f 3933/3/3298 3936/3/3301 3944/3/3308
f 3945/4/3309 3946/4/3310 3947/4/3311
f 3945/4/3309 3947/4/3311 3927/4/3293
f 3948/4/3312 3949/4/3313 3950/4/3314
f 3948/4/3312 3950/4/3314 3951/4/3315
f 3939/4/3304 3945/4/3309 3927/4/3293
f 3939/4/3304 3927/4/3293 3926/4/3292
f 3952/3/3316 3953/3/3219 3954/3/3317
f 3952/3/3316 3954/3/3317 3955/3/3318
f 3842/3/3212 3837/3/3207 3952/3/3316
f 3842/3/3212 3952/3/3316 3955/3/3318
f 3956/4/3319 3957/4/3320 3850/4/3220
f 3956/4/3319 3850/4/3220 3958/4/3321
f 3958/4/3321 3850/4/3220 3849/4/3219
f 3958/4/3321 3849/4/3219 3959/4/3322
f 3960/3/3322 3953/3/3219 3952/3/3316
f 3960/3/3322 3952/3/3316 3961/3/3323
f 3961/3/3323 3952/3/3316 3837/3/3207
f 3961/3/3323 3837/3/3207 3836/3/3206
f 3957/4/3320 3962/4/3324 3851/4/3221
f 3957/4/3320 3851/4/3221 3850/4/3220
f 3955/3/3318 3943/3/3307 3848/3/3218
f 3955/3/3318 3848/3/3218 3842/3/3212
f 3954/3/3317 3942/3/3306 3943/3/3307
f 3954/3/3317 3943/3/3307 3955/3/3318
f 3851/4/3221 3940/4/3305 3941/4/3306
f 3851/4/3221 3941/4/3306 3852/4/3222
f 3962/4/3324 3938/4/3303 3940/4/3305
f 3962/4/3324 3940/4/3305 3851/4/3221
f 3963/4/3325 3891/4/3259 287/4/261
f 3963/4/3325 287/4/261 289/4/263
f 3964/4/3326 3965/4/3327 3966/4/3328
f 3964/4/3326 3966/4/3328 466/4/423
f 3962/4/3324 3957/4/3320 3963/4/3325
f 3962/4/3324 3963/4/3325 289/4/263
f 3967/4/3329 3968/4/3330 3892/4/3260
f 3967/4/3329 3892/4/3260 3254/4/2667
f 3255/4/2668 3891/4/3259 3963/4/3325
f 3255/4/2668 3963/4/3325 3969/4/3331
f 3256/4/2669 3255/4/2668 3969/4/3331
f 3256/4/2669 3969/4/3331 3970/4/3332
f 3969/4/3331 3963/4/3325 3957/4/3320
f 3969/4/3331 3957/4/3320 3956/4/3319
f 3968/4/3330 3971/4/3333 3893/4/3261
f 3968/4/3330 3893/4/3261 3892/4/3260
f 289/4/263 288/4/262 3938/4/3303
f 289/4/263 3938/4/3303 3962/4/3324
f 287/4/261 3972/4/3334 3973/4/3335
f 287/4/261 3973/4/3335 288/4/262
f 3971/4/3333 3974/4/3336 3975/4/3337
f 3971/4/3333 3975/4/3337 3893/4/3261
f 487/3/440 3976/3/3338 3845/3/3215
f 487/3/440 3845/3/3215 488/3/441
f 3971/4/3333 3968/4/3330 290/4/264
f 3971/4/3333 290/4/264 292/4/266
f 3736/3/3112 3832/3/3202 3976/3/3338
f 3736/3/3112 3976/3/3338 3977/3/3339
f 3977/3/3339 3976/3/3338 487/3/440
f 3977/3/3339 487/3/440 3978/3/3340
f 3978/3/3340 487/3/440 486/3/439
f 3978/3/3340 486/3/439 3979/3/3341
f 3832/3/3202 3835/3/3205 3845/3/3215
f 3832/3/3202 3845/3/3215 3976/3/3338
f 3834/3/3204 3980/3/3342 3843/3/3213
f 3834/3/3204 3843/3/3213 3835/3/3205
f 3981/4/3343 3982/4/3344 3983/4/3345
f 3981/4/3343 3983/4/3345 3984/4/3346
f 3845/3/3215 3844/3/3214 3985/3/3347
f 3845/3/3215 3985/3/3347 488/3/441
f 3986/1/3348 3987/1/3349 3818/1/3190
f 3986/1/3348 3818/1/3190 3817/1/3189
f 2155/1/1755 1981/1/1590 3818/1/3190
f 2155/1/1755 3818/1/3190 3987/1/3349
f 3817/1/3189 1980/1/1589 2157/1/1757
f 3817/1/3189 2157/1/1757 3988/1/3350
f 3989/1/3351 3990/1/3352 3986/1/3348
f 3989/1/3351 3986/1/3348 3991/1/3353
f 3991/1/3353 3986/1/3348 3817/1/3189
f 3991/1/3353 3817/1/3189 3988/1/3350
f 3990/1/3352 3992/1/3354 3987/1/3349
f 3990/1/3352 3987/1/3349 3986/1/3348
f 2162/1/1762 2155/1/1755 3987/1/3349
f 2162/1/1762 3987/1/3349 3992/1/3354
f 3993/4/3355 3994/4/3356 3995/4/3357
f 3993/4/3355 3995/4/3357 3996/4/3358
f 3997/1/3359 3998/1/3360 3999/1/3361
f 3997/1/3359 3999/1/3361 4000/1/3362
f 4000/1/3362 3999/1/3361 4001/1/3363
f 4000/1/3362 4001/1/3363 4002/1/3364
f 3998/1/3360 4003/1/3365 4004/1/3366
f 3998/1/3360 4004/1/3366 3999/1/3361
f 3999/1/3361 4004/1/3366 4005/1/3367
f 3999/1/3361 4005/1/3367 4001/1/3363
f 4006/4/3368 4007/4/3369 4008/4/3370
f 4006/4/3368 4008/4/3370 4009/4/3371
f 4009/4/3371 4008/4/3370 297/4/271
f 4009/4/3371 297/4/271 296/4/270
f 441/1/402 4002/1/3364 3251/1/2664
f 441/1/402 3251/1/2664 3250/1/2663
f 4002/1/3364 4001/1/3363 3269/1/2682
f 4002/1/3364 3269/1/2682 3251/1/2664
f 4001/1/3363 4005/1/3367 253/1/227
f 4001/1/3363 253/1/227 3269/1/2682
f 4005/1/3367 4010/1/3372 254/1/228
f 4005/1/3367 254/1/228 253/1/227
f 4004/1/3366 4011/1/3373 4010/1/3372
f 4004/1/3366 4010/1/3372 4005/1/3367
f 4003/1/3365 4012/1/3374 4011/1/3373
f 4003/1/3365 4011/1/3373 4004/1/3366
f 4013/1/3375 4014/1/3376 4012/1/3374
f 4013/1/3375 4012/1/3374 4003/1/3365
f 4015/1/3377 4013/1/3375 4003/1/3365
f 4015/1/3377 4003/1/3365 3998/1/3360
f 4016/1/3378 4015/1/3377 3998/1/3360
f 4016/1/3378 3998/1/3360 3997/1/3359
f 3996/4/3358 3995/4/3357 4017/4/3379
f 3996/4/3358 4017/4/3379 4018/4/3380
f 4019/4/3381 4018/4/3380 4017/4/3379
f 4019/4/3381 4017/4/3379 4020/4/3382
f 3994/4/3356 4021/4/3383 4022/4/3384
f 3994/4/3356 4022/4/3384 3995/4/3357
f 3995/4/3357 4022/4/3384 4023/4/3385
f 3995/4/3357 4023/4/3385 4017/4/3379
f 4024/3/3386 4025/3/3387 4026/3/3388
f 4024/3/3386 4026/3/3388 4027/3/3389
f 3994/4/3356 3993/4/3355 4028/4/3390
f 3994/4/3356 4028/4/3390 4029/4/3391
f 4017/4/3379 4023/4/3385 4030/4/3392
f 4017/4/3379 4030/4/3392 4020/4/3382
f 4023/4/3385 4031/4/3393 4032/4/3394
f 4023/4/3385 4032/4/3394 4030/4/3392
f 4022/4/3384 4033/4/3395 4031/4/3393
f 4022/4/3384 4031/4/3393 4023/4/3385
f 4021/4/3383 4034/4/3396 4033/4/3395
f 4021/4/3383 4033/4/3395 4022/4/3384
f 4035/4/3397 4036/4/3398 4034/4/3396
f 4035/4/3397 4034/4/3396 4021/4/3383
f 4029/4/3391 4035/4/3397 4021/4/3383
f 4029/4/3391 4021/4/3383 3994/4/3356
f 4025/3/3387 4037/3/3399 4038/3/3400
f 4025/3/3387 4038/3/3400 4026/3/3388
f 4027/3/3389 4026/3/3388 3820/3/3191
f 4027/3/3389 3820/3/3191 3322/3/2727
f 430/1/394 429/1/375 294/1/268
f 430/1/394 294/1/268 293/1/267
f 4038/3/3400 4039/3/3401 3825/3/3196
f 4038/3/3400 3825/3/3196 3824/3/3195
f 4026/3/3388 4038/3/3400 3824/3/3195
f 4026/3/3388 3824/3/3195 3820/3/3191
f 4037/3/3399 4040/3/3402 4039/3/3401
f 4037/3/3399 4039/3/3401 4038/3/3400
f 404/1/372 299/1/273 301/1/275
f 404/1/372 301/1/275 405/1/373
f 4041/1/3403 4042/1/3404 4043/1/3405
f 4041/1/3403 4043/1/3405 4044/1/3406
f 4044/1/3406 4043/1/3405 4045/1/3407
f 4044/1/3406 4045/1/3407 4046/1/3408
f 4042/1/3404 4047/1/3409 4048/1/3410
f 4042/1/3404 4048/1/3410 4043/1/3405
f 4043/1/3405 4048/1/3410 4049/1/3411
f 4043/1/3405 4049/1/3411 4045/1/3407
f 473/1/430 472/1/429 4041/1/3403
f 473/1/430 4041/1/3403 4050/1/3412
f 4050/1/3412 4041/1/3403 4044/1/3406
f 4050/1/3412 4044/1/3406 4051/1/3413
f 4051/1/3413 4044/1/3406 4046/1/3408
f 4051/1/3413 4046/1/3408 4052/1/3414
f 4052/1/3414 4046/1/3408 4053/1/3415
f 4052/1/3414 4053/1/3415 4054/1/3416
f 4046/1/3408 4045/1/3407 4055/1/3417
f 4046/1/3408 4055/1/3417 4053/1/3415
f 4045/1/3407 4049/1/3411 4056/1/3418
f 4045/1/3407 4056/1/3418 4055/1/3417
f 4049/1/3411 4057/1/3419 4058/1/3420
f 4049/1/3411 4058/1/3420 4056/1/3418
f 4048/1/3410 4059/1/3421 4057/1/3419
f 4048/1/3410 4057/1/3419 4049/1/3411
f 4047/1/3409 4060/1/3422 4059/1/3421
f 4047/1/3409 4059/1/3421 4048/1/3410
f 4061/1/3423 4062/1/3424 4060/1/3422
f 4061/1/3423 4060/1/3422 4047/1/3409
f 4063/1/3425 4061/1/3423 4047/1/3409
f 4063/1/3425 4047/1/3409 4042/1/3404
f 472/1/429 4063/1/3425 4042/1/3404
f 472/1/429 4042/1/3404 4041/1/3403
f 3765/1/3140 1940/1/1553 1939/1/1552
f 3765/1/3140 1939/1/1552 3766/1/3141
f 466/4/423 3966/4/3328 4064/4/3426
f 466/4/423 4064/4/3426 467/4/424
f 4065/1/3427 4066/1/3428 4067/1/3429
f 4065/1/3427 4067/1/3429 4068/1/3430
f 4069/1/3431 4070/1/3432 4071/1/3433
f 4069/1/3431 4071/1/3433 4072/1/3434
f 3964/4/3326 447/4/407 4019/4/3381
f 3964/4/3326 4019/4/3381 4020/4/3382
f 4073/1/3435 4074/1/3436 299/1/273
f 4073/1/3435 299/1/273 404/1/372
f 4074/1/3436 4075/1/3437 300/1/274
f 4074/1/3436 300/1/274 299/1/273
f 3965/4/3327 3981/4/3343 3984/4/3346
f 3965/4/3327 3984/4/3346 3966/4/3328
f 3263/3/2676 4076/3/3438 4077/3/3430
f 3263/3/2676 4077/3/3430 3264/3/2677
f 4030/4/3392 4032/4/3394 3981/4/3343
f 4030/4/3392 3981/4/3343 3965/4/3327
f 4020/4/3382 4030/4/3392 3965/4/3327
f 4020/4/3382 3965/4/3327 3964/4/3326
f 4078/1/3439 4079/1/3440 4080/1/3441
f 4078/1/3439 4080/1/3441 4081/1/3442
f 4081/1/3442 4080/1/3441 303/1/277
f 4081/1/3442 303/1/277 302/1/276
f 4079/1/3440 4082/1/3443 4083/1/3444
f 4079/1/3440 4083/1/3444 4080/1/3441
f 4080/1/3441 4083/1/3444 417/1/385
f 4080/1/3441 417/1/385 303/1/277
f 4014/1/3376 4084/1/3445 4078/1/3439
f 4014/1/3376 4078/1/3439 4012/1/3374
f 4012/1/3374 4078/1/3439 4081/1/3442
f 4012/1/3374 4081/1/3442 4011/1/3373
f 4011/1/3373 4081/1/3442 302/1/276
f 4011/1/3373 302/1/276 4010/1/3372
f 4010/1/3372 302/1/276 304/1/278
f 4010/1/3372 304/1/278 254/1/228
f 303/1/277 418/1/386 4085/1/3446
f 303/1/277 4085/1/3446 4086/1/3447
f 418/1/386 4087/1/3448 4088/1/3449
f 418/1/386 4088/1/3449 4085/1/3446
f 4083/1/3444 4089/1/3450 4090/1/3451
f 4083/1/3444 4090/1/3451 417/1/385
f 4082/1/3443 4091/1/3452 4089/1/3450
f 4082/1/3443 4089/1/3450 4083/1/3444
f 4092/1/3453 4054/1/3416 4091/1/3452
f 4092/1/3453 4091/1/3452 4082/1/3443
f 4093/1/3454 4092/1/3453 4082/1/3443
f 4093/1/3454 4082/1/3443 4079/1/3440
f 4084/1/3445 4093/1/3454 4079/1/3440
f 4084/1/3445 4079/1/3440 4078/1/3439
f 4094/1/3455 4095/1/3456 4096/1/3457
f 4094/1/3455 4096/1/3457 4097/1/3458
f 4097/1/3458 4096/1/3457 4098/1/3459
f 4097/1/3458 4098/1/3459 4099/1/3460
f 4095/1/3456 4100/1/3461 4101/1/3462
f 4095/1/3456 4101/1/3462 4096/1/3457
f 4096/1/3457 4101/1/3462 4102/1/3463
f 4096/1/3457 4102/1/3463 4098/1/3459
f 4103/3/3464 4104/3/3465 4105/3/3466
f 4103/3/3464 4105/3/3466 4106/3/3467
f 4107/1/3467 4094/1/3455 4097/1/3458
f 4107/1/3467 4097/1/3458 4108/1/3468
f 4108/1/3468 4097/1/3458 4099/1/3460
f 4108/1/3468 4099/1/3460 4109/1/3469
f 4109/1/3469 4099/1/3460 2281/1/1879
f 4109/1/3469 2281/1/1879 2280/1/1878
f 4099/1/3460 4098/1/3459 2282/1/1880
f 4099/1/3460 2282/1/1880 2281/1/1879
f 4098/1/3459 4102/1/3463 2283/1/1881
f 4098/1/3459 2283/1/1881 2282/1/1880
f 4102/1/3463 4110/1/3470 2157/1/1757
f 4102/1/3463 2157/1/1757 2283/1/1881
f 4101/1/3462 4071/1/3433 4110/1/3470
f 4101/1/3462 4110/1/3470 4102/1/3463
f 4100/1/3461 4072/1/3434 4071/1/3433
f 4100/1/3461 4071/1/3433 4101/1/3462
f 4111/3/3471 4112/3/3472 4113/3/3473
f 4111/3/3471 4113/3/3473 4114/3/3461
f 4115/3/3474 4111/3/3471 4114/3/3461
f 4115/3/3474 4114/3/3461 4116/3/3456
f 4104/3/3465 4115/3/3474 4116/3/3456
f 4104/3/3465 4116/3/3456 4105/3/3466
f 4117/1/3475 4118/1/3476 4070/1/3432
f 4117/1/3475 4070/1/3432 4069/1/3431
f 4070/1/3432 4119/1/3477 4110/1/3470
f 4070/1/3432 4110/1/3470 4071/1/3433
f 4118/1/3476 4120/1/3478 4119/1/3477
f 4118/1/3476 4119/1/3477 4070/1/3432
f 4121/3/3479 4122/3/3431 4113/3/3473
f 4121/3/3479 4113/3/3473 4112/3/3472
f 3262/3/2675 4123/3/3480 4124/3/3481
f 3262/3/2675 4124/3/3481 4125/3/3482
f 4125/3/3482 4124/3/3481 4122/3/3431
f 4125/3/3482 4122/3/3431 4121/3/3479
f 4119/1/3477 3988/1/3350 2157/1/1757
f 4119/1/3477 2157/1/1757 4110/1/3470
f 4126/1/3483 4127/1/3484 2302/1/1898
f 4126/1/3483 2302/1/1898 2301/1/1897
f 4120/1/3478 3991/1/3353 3988/1/3350
f 4120/1/3478 3988/1/3350 4119/1/3477
f 4128/1/3485 3989/1/3351 3991/1/3353
f 4128/1/3485 3991/1/3353 4120/1/3478
f 4129/1/3486 4128/1/3485 4120/1/3478
f 4129/1/3486 4120/1/3478 4118/1/3476
f 4130/1/3487 4129/1/3486 4118/1/3476
f 4130/1/3487 4118/1/3476 4117/1/3475
f 4131/1/3488 4127/1/3484 4126/1/3483
f 4131/1/3488 4126/1/3483 4132/1/3489
f 4132/1/3489 4126/1/3483 4133/1/3490
f 4132/1/3489 4133/1/3490 4134/1/3491
f 4135/1/3492 4133/1/3490 2313/1/1909
f 4135/1/3492 2313/1/1909 2312/1/1908
f 2314/1/1910 4136/1/3493 4135/1/3492
f 2314/1/1910 4135/1/3492 2312/1/1908
f 4054/1/3416 4137/1/3494 4131/1/3488
f 4054/1/3416 4131/1/3488 4091/1/3452
f 4091/1/3452 4131/1/3488 4132/1/3489
f 4091/1/3452 4132/1/3489 4089/1/3450
f 4089/1/3450 4132/1/3489 4134/1/3491
f 4089/1/3450 4134/1/3491 4090/1/3451
f 4087/1/3448 4138/1/3495 4139/1/3496
f 4087/1/3448 4139/1/3496 4088/1/3449
f 4138/1/3495 4135/1/3492 4136/1/3493
f 4138/1/3495 4136/1/3493 4139/1/3496
f 4140/1/3497 2320/1/1916 2302/1/1898
f 4140/1/3497 2302/1/1898 4127/1/3484
f 4141/4/3498 4142/4/3499 4143/4/3500
f 4141/4/3498 4143/4/3500 4144/4/3501
f 4137/1/3494 4140/1/3497 4127/1/3484
f 4137/1/3494 4127/1/3484 4131/1/3488
f 4068/1/3430 4067/1/3429 4145/1/3502
f 4068/1/3430 4145/1/3502 4146/1/3503
f 4066/1/3428 4147/1/3504 4148/1/3505
f 4066/1/3428 4148/1/3505 4067/1/3429
f 4067/1/3429 4148/1/3505 4149/1/3506
f 4067/1/3429 4149/1/3506 4145/1/3502
f 3266/1/2679 4150/1/3507 4151/1/3508
f 3266/1/2679 4151/1/3508 3267/1/2680
f 387/3/228 386/3/356 4076/3/3438
f 387/3/228 4076/3/3438 3263/3/2676
f 3264/3/2677 4077/3/3430 4152/3/3503
f 3264/3/2677 4152/3/3503 3261/3/2674
f 3244/3/2657 3264/3/2677 3261/3/2674
f 3244/3/2657 3261/3/2674 3245/3/2658
f 3261/3/2674 4152/3/3503 4123/3/3480
f 3261/3/2674 4123/3/3480 3262/3/2675
f 4146/1/3503 4145/1/3502 4129/1/3486
f 4146/1/3503 4129/1/3486 4130/1/3487
f 4145/1/3502 4149/1/3506 4128/1/3485
f 4145/1/3502 4128/1/3485 4129/1/3486
f 4149/1/3506 4153/1/3509 3989/1/3351
f 4149/1/3506 3989/1/3351 4128/1/3485
f 4151/1/3508 4150/1/3507 2335/1/1930
f 4151/1/3508 2335/1/1930 2334/1/1929
f 4148/1/3505 3268/1/2681 4153/1/3509
f 4148/1/3505 4153/1/3509 4149/1/3506
f 4085/1/3446 4088/1/3449 3265/1/2678
f 4085/1/3446 3265/1/2678 4147/1/3504
f 4086/1/3447 4085/1/3446 4147/1/3504
f 4086/1/3447 4147/1/3504 4066/1/3428
f 4154/1/356 4086/1/3447 4066/1/3428
f 4154/1/356 4066/1/3428 4065/1/3427
f 4155/4/3510 4156/4/3511 4142/4/3499
f 4155/4/3510 4142/4/3499 4141/4/3498
f 4142/4/3499 4157/4/3512 4158/4/3513
f 4142/4/3499 4158/4/3513 4143/4/3500
f 4156/4/3511 4159/4/3514 4157/4/3512
f 4156/4/3511 4157/4/3512 4142/4/3499
f 1839/4/1456 3684/4/3063 4141/4/3498
f 1839/4/1456 4141/4/3498 4144/4/3501
f 3687/4/3066 4160/4/3515 4155/4/3510
f 3687/4/3066 4155/4/3510 3688/4/3067
f 3688/4/3067 4155/4/3510 4141/4/3498
f 3688/4/3067 4141/4/3498 3684/4/3063
f 4157/4/3512 4029/4/3391 4028/4/3390
f 4157/4/3512 4028/4/3390 4158/4/3513
f 4161/1/3516 4151/1/3508 2334/1/1929
f 4161/1/3516 2334/1/1929 2344/1/1938
f 4159/4/3514 4035/4/3397 4029/4/3391
f 4159/4/3514 4029/4/3391 4157/4/3512
f 4162/4/3517 4036/4/3398 4035/4/3397
f 4162/4/3517 4035/4/3397 4159/4/3514
f 4163/4/3518 4162/4/3517 4159/4/3514
f 4163/4/3518 4159/4/3514 4156/4/3511
f 4160/4/3515 4163/4/3518 4156/4/3511
f 4160/4/3515 4156/4/3511 4155/4/3510
f 3267/1/2680 4151/1/3508 4161/1/3516
f 3267/1/2680 4161/1/3516 4164/1/3519
f 429/1/375 416/1/384 415/1/383
f 429/1/375 415/1/383 294/1/268
f 2162/1/1762 3992/1/3354 4161/1/3516
f 2162/1/1762 4161/1/3516 2344/1/1938
f 4088/1/3449 4139/1/3496 3266/1/2679
f 4088/1/3449 3266/1/2679 3265/1/2678
f 3268/1/2681 3267/1/2680 4164/1/3519
f 3268/1/2681 4164/1/3519 4153/1/3509
f 4147/1/3504 3265/1/2678 3268/1/2681
f 4147/1/3504 3268/1/2681 4148/1/3505
f 4153/1/3509 4164/1/3519 3990/1/3352
f 4153/1/3509 3990/1/3352 3989/1/3351
f 4164/1/3519 4161/1/3516 3992/1/3354
f 4164/1/3519 3992/1/3354 3990/1/3352
f 4136/1/3493 2314/1/1910 2335/1/1930
f 4136/1/3493 2335/1/1930 4150/1/3507
f 4165/3/3520 4166/3/3521 4115/3/3474
f 4165/3/3520 4115/3/3474 4104/3/3465
f 4139/1/3496 4136/1/3493 4150/1/3507
f 4139/1/3496 4150/1/3507 3266/1/2679
f 4167/1/3522 4168/1/3523 4169/1/3524
f 4167/1/3522 4169/1/3524 4170/1/3525
f 4170/1/3525 4169/1/3524 4171/1/3526
f 4170/1/3525 4171/1/3526 4172/1/3527
f 4168/1/3523 4173/1/3528 4174/1/3529
f 4168/1/3523 4174/1/3529 4169/1/3524
f 4169/1/3524 4174/1/3529 4175/1/3530
f 4169/1/3524 4175/1/3530 4171/1/3526
f 310/4/284 309/4/283 4176/4/3531
f 310/4/284 4176/4/3531 4177/4/3532
f 4177/4/3532 4176/4/3531 4178/4/3533
f 4177/4/3532 4178/4/3533 4179/4/3534
f 4179/4/3534 4178/4/3533 4007/4/3369
f 4179/4/3534 4007/4/3369 4006/4/3368
f 4172/1/3527 4171/1/3526 4015/1/3377
f 4172/1/3527 4015/1/3377 4016/1/3378
f 4171/1/3526 4175/1/3530 4013/1/3375
f 4171/1/3526 4013/1/3375 4015/1/3377
f 4175/1/3530 4084/1/3445 4014/1/3376
f 4175/1/3530 4014/1/3376 4013/1/3375
f 4174/1/3529 4093/1/3454 4084/1/3445
f 4174/1/3529 4084/1/3445 4175/1/3530
f 4173/1/3528 4092/1/3453 4093/1/3454
f 4173/1/3528 4093/1/3454 4174/1/3529
f 4052/1/3414 4054/1/3416 4092/1/3453
f 4052/1/3414 4092/1/3453 4173/1/3528
f 4051/1/3413 4052/1/3414 4173/1/3528
f 4051/1/3413 4173/1/3528 4168/1/3523
f 4050/1/3412 4051/1/3413 4168/1/3523
f 4050/1/3412 4168/1/3523 4167/1/3522
f 4180/3/3535 4181/3/3536 4166/3/3521
f 4180/3/3535 4166/3/3521 4165/3/3520
f 4166/3/3521 4182/3/3537 4111/3/3471
f 4166/3/3521 4111/3/3471 4115/3/3474
f 4181/3/3536 4183/3/3538 4182/3/3537
f 4181/3/3536 4182/3/3537 4166/3/3521
f 4103/3/3464 4184/3/3539 4165/3/3520
f 4103/3/3464 4165/3/3520 4104/3/3465
f 3258/3/2671 3257/3/2670 4180/3/3535
f 3258/3/2671 4180/3/3535 4185/3/3540
f 4185/3/3540 4180/3/3535 4165/3/3520
f 4185/3/3540 4165/3/3520 4184/3/3539
f 4182/3/3537 4121/3/3479 4112/3/3472
f 4182/3/3537 4112/3/3472 4111/3/3471
f 3321/3/2726 3325/3/2729 4186/3/3541
f 3321/3/2726 4186/3/3541 4187/3/3542
f 4183/3/3538 4125/3/3482 4121/3/3479
f 4183/3/3538 4121/3/3479 4182/3/3537
f 3260/3/2673 3262/3/2675 4125/3/3482
f 3260/3/2673 4125/3/3482 4183/3/3538
f 3259/3/2672 3260/3/2673 4183/3/3538
f 3259/3/2672 4183/3/3538 4181/3/3536
f 3257/3/2670 3259/3/2672 4181/3/3536
f 3257/3/2670 4181/3/3536 4180/3/3535
f 294/1/268 415/1/383 477/1/432
f 294/1/268 477/1/432 295/1/269
f 408/3/376 4188/3/3543 305/3/279
f 408/3/376 305/3/279 406/3/374
f 415/1/383 414/1/382 433/1/396
f 415/1/383 433/1/396 477/1/432
f 3781/4/3156 4189/4/3544 4190/4/3545
f 3781/4/3156 4190/4/3545 3782/4/3157
f 401/3/370 4191/3/3546 407/3/375
f 401/3/370 407/3/375 402/3/371
f 293/1/267 4192/1/3547 4073/1/3435
f 293/1/267 4073/1/3435 430/1/394
f 447/4/407 3964/4/3326 466/4/423
f 447/4/407 466/4/423 448/4/267
f 4193/2/3548 4194/2/3549 4195/2/3550
f 4193/2/3548 4195/2/3550 4196/2/3551
f 433/1/396 432/1/395 3693/1/3072
f 433/1/396 3693/1/3072 4197/1/3552
f 4188/3/3543 3692/3/3071 306/3/280
f 4188/3/3543 306/3/280 305/3/279
f 306/3/280 3249/3/2662 391/3/360
f 306/3/280 391/3/360 307/3/281
f 4198/3/3553 3613/3/2994 3692/3/3071
f 4198/3/3553 3692/3/3071 4188/3/3543
f 4199/3/3554 4198/3/3553 4188/3/3543
f 4199/3/3554 4188/3/3543 408/3/376
f 4191/3/3546 4199/3/3554 408/3/376
f 4191/3/3546 408/3/376 407/3/375
f 3325/3/2729 3327/3/2730 4200/3/3555
f 3325/3/2729 4200/3/3555 4186/3/3541
f 4187/3/3542 4186/3/3541 4201/3/3556
f 4187/3/3542 4201/3/3556 4202/3/3557
f 4027/3/3389 3322/3/2727 3321/3/2726
f 4027/3/3389 3321/3/2726 4187/3/3542
f 4186/3/3541 4200/3/3555 4203/3/3558
f 4186/3/3541 4203/3/3558 4201/3/3556
f 3327/3/2730 3329/3/2732 3586/3/2970
f 3327/3/2730 3586/3/2970 4200/3/3555
f 4027/3/3389 4187/3/3542 4202/3/3557
f 4027/3/3389 4202/3/3557 4024/3/3386
f 4024/3/3386 4202/3/3557 4191/3/3546
f 4024/3/3386 4191/3/3546 401/3/370
f 4202/3/3557 4201/3/3556 4199/3/3554
f 4202/3/3557 4199/3/3554 4191/3/3546
f 4201/3/3556 4203/3/3558 4198/3/3553
f 4201/3/3556 4198/3/3553 4199/3/3554
f 4203/3/3558 3589/3/2973 3613/3/2994
f 4203/3/3558 3613/3/2994 4198/3/3553
f 4200/3/3555 3586/3/2970 3589/3/2973
f 4200/3/3555 3589/3/2973 4203/3/3558
f 2387/3/1980 2390/3/1983 4204/3/3559
f 2387/3/1980 4204/3/3559 4205/3/3560
f 4206/4/3561 4207/4/3562 4208/4/3563
f 4206/4/3561 4208/4/3563 4209/4/3564
f 4209/4/3564 4208/4/3563 4210/4/3565
f 4209/4/3564 4210/4/3565 4211/4/3566
f 4207/4/3562 4212/4/3567 4213/4/3568
f 4207/4/3562 4213/4/3568 4208/4/3563
f 4208/4/3563 4213/4/3568 4214/4/3569
f 4208/4/3563 4214/4/3569 4210/4/3565
f 1839/4/1456 4144/4/3501 4206/4/3561
f 1839/4/1456 4206/4/3561 2400/4/1993
f 2400/4/1993 4206/4/3561 4209/4/3564
f 2400/4/1993 4209/4/3564 2401/4/1994
f 2401/4/1994 4209/4/3564 4211/4/3566
f 2401/4/1994 4211/4/3566 2402/4/1995
f 2402/4/1995 4211/4/3566 3560/4/2944
f 2402/4/1995 3560/4/2944 1730/4/1354
f 4211/4/3566 4210/4/3565 3561/4/2945
f 4211/4/3566 3561/4/2945 3560/4/2944
f 4210/4/3565 4214/4/3569 3581/4/2965
f 4210/4/3565 3581/4/2965 3561/4/2945
f 4214/4/3569 4215/4/3570 3547/4/2932
f 4214/4/3569 3547/4/2932 3581/4/2965
f 4213/4/3568 4216/4/3571 4215/4/3570
f 4213/4/3568 4215/4/3570 4214/4/3569
f 4212/4/3567 4217/4/3572 4216/4/3571
f 4212/4/3567 4216/4/3571 4213/4/3568
f 4158/4/3513 4028/4/3390 4217/4/3572
f 4158/4/3513 4217/4/3572 4212/4/3567
f 4143/4/3500 4158/4/3513 4212/4/3567
f 4143/4/3500 4212/4/3567 4207/4/3562
f 4144/4/3501 4143/4/3500 4207/4/3562
f 4144/4/3501 4207/4/3562 4206/4/3561
f 4218/2/3573 4219/2/3574 4220/2/3575
f 4218/2/3573 4220/2/3575 4221/2/3576
f 3306/4/2712 3305/4/2711 3337/4/2740
f 3306/4/2712 3337/4/2740 3335/4/2738
f 4222/4/3577 4223/4/3573 4224/4/3578
f 4222/4/3577 4224/4/3578 4225/4/3579
f 4226/2/3580 4227/2/3581 4228/2/3582
f 4226/2/3580 4228/2/3582 4229/2/3583
f 4230/4/3583 4231/4/3584 4225/4/3579
f 4230/4/3583 4225/4/3579 4224/4/3578
f 4232/2/336 4233/2/335 4234/2/3585
f 4232/2/336 4234/2/3585 4235/2/3586
f 4236/4/3587 4237/4/3588 4238/4/3589
f 4236/4/3587 4238/4/3589 4239/4/3590
f 4019/4/3381 4240/4/3591 4241/4/3592
f 4019/4/3381 4241/4/3592 4018/4/3380
f 3993/4/3355 4242/4/3593 4217/4/3572
f 3993/4/3355 4217/4/3572 4028/4/3390
f 4242/4/3593 4225/4/3579 4216/4/3571
f 4242/4/3593 4216/4/3571 4217/4/3572
f 4225/4/3579 366/4/337 4215/4/3570
f 4225/4/3579 4215/4/3570 4216/4/3571
f 366/4/337 3548/4/2933 3547/4/2932
f 366/4/337 3547/4/2932 4215/4/3570
f 4243/2/3594 4244/2/3595 4245/2/3596
f 4243/2/3594 4245/2/3596 4246/2/3597
f 4247/4/3598 4248/4/3596 4249/4/3586
f 4247/4/3598 4249/4/3586 4250/4/3599
f 4245/2/3596 4251/2/3600 480/2/435
f 4245/2/3596 480/2/435 4246/2/3597
f 4252/4/3601 4247/4/3598 4250/4/3599
f 4252/4/3601 4250/4/3599 4253/4/3602
f 469/2/426 468/2/425 480/2/435
f 469/2/426 480/2/435 4251/2/3600
f 4254/4/433 4255/4/437 4256/4/3603
f 4254/4/433 4256/4/3603 4257/4/3604
f 4226/2/3580 4258/2/3605 4259/2/3606
f 4226/2/3580 4259/2/3606 4227/2/3581
f 4260/1/3607 4261/1/3608 3702/1/3080
f 4260/1/3607 3702/1/3080 3701/1/3079
f 3702/1/3080 4262/1/3609 3331/1/2734
f 3702/1/3080 3331/1/2734 3330/1/2733
f 4261/1/3608 4263/1/3610 4262/1/3609
f 4261/1/3608 4262/1/3609 3702/1/3080
f 1419/1/1065 2452/1/2036 3701/1/3079
f 1419/1/1065 3701/1/3079 3316/1/2722
f 1749/1/1114 3599/1/2983 4260/1/3607
f 1749/1/1114 4260/1/3607 2453/1/2037
f 2453/1/2037 4260/1/3607 3701/1/3079
f 2453/1/2037 3701/1/3079 2452/1/2036
f 4264/3/3609 3610/3/2991 3329/3/2732
f 4264/3/3609 3329/3/2732 3328/3/2731
f 4265/3/3611 4266/3/3183 4267/3/2684
f 4265/3/3611 4267/3/2684 4268/3/362
f 3291/2/2699 393/2/362 395/2/364
f 3291/2/2699 395/2/364 3283/2/2693
f 4269/3/3610 3611/3/2992 3610/3/2991
f 4269/3/3610 3610/3/2991 4264/3/3609
f 3605/3/2985 3604/3/2987 3611/3/2992
f 3605/3/2985 3611/3/2992 4269/3/3610
f 3600/1/2984 3601/1/2985 4263/1/3610
f 3600/1/2984 4263/1/3610 4261/1/3608
f 3599/1/2983 3600/1/2984 4261/1/3608
f 3599/1/2983 4261/1/3608 4260/1/3607
f 4270/3/3612 3911/3/3278 3914/3/3281
f 4270/3/3612 3914/3/3281 4271/3/3613
f 4271/3/3613 3914/3/3281 4272/3/3614
f 4271/3/3613 4272/3/3614 4273/3/3615
f 3914/3/3281 3913/3/3280 4274/3/3616
f 3914/3/3281 4274/3/3616 4272/3/3614
f 3860/1/3229 3853/1/3223 3828/1/3198
f 3860/1/3229 3828/1/3198 3863/1/3232
f 411/1/379 410/1/378 312/1/286
f 411/1/379 312/1/286 311/1/285
f 380/3/351 4271/3/3613 4273/3/3615
f 380/3/351 4273/3/3615 4275/3/3617
f 4276/1/3616 4277/1/3284 4278/1/3618
f 4276/1/3616 4278/1/3618 4279/1/3619
f 4280/1/3620 3915/1/3282 4281/1/3621
f 4280/1/3620 4281/1/3621 4282/1/3622
f 3915/1/3282 3856/1/3226 3859/1/3228
f 3915/1/3282 3859/1/3228 4281/1/3621
f 4283/3/3623 4284/3/3624 4285/3/3625
f 4283/3/3623 4285/3/3625 4286/3/3626
f 4287/1/3627 3867/1/3236 3915/1/3282
f 4287/1/3627 3915/1/3282 4280/1/3620
f 4288/3/3628 4286/3/3626 3911/3/3278
f 4288/3/3628 3911/3/3278 4270/3/3612
f 3782/4/3157 4190/4/3545 4289/4/3629
f 3782/4/3157 4289/4/3629 3809/4/3181
f 4189/4/3544 3898/4/3266 3615/4/2996
f 4189/4/3544 3615/4/2996 4190/4/3545
f 4190/4/3545 3615/4/2996 3618/4/2999
f 4190/4/3545 3618/4/2999 4289/4/3629
f 4290/3/3630 4291/3/3631 4292/3/3632
f 4290/3/3630 4292/3/3632 4293/3/3633
f 4294/4/3634 4295/4/3635 3781/4/3156
f 4294/4/3634 3781/4/3156 3780/4/3155
f 3807/3/3180 3801/3/3174 3676/3/3055
f 3807/3/3180 3676/3/3055 3808/3/3158
f 3709/3/3087 4293/3/3633 4296/3/3636
f 3709/3/3087 4296/3/3636 3704/3/3082
f 3810/4/3182 3809/4/3181 4297/4/3637
f 3810/4/3182 4297/4/3637 4298/4/3638
f 3809/4/3181 4289/4/3629 4299/4/3639
f 3809/4/3181 4299/4/3639 4297/4/3637
f 4289/4/3629 3618/4/2999 4300/4/3640
f 4289/4/3629 4300/4/3640 4299/4/3639
f 3618/4/2999 3617/4/2998 3727/4/3103
f 3618/4/2999 3727/4/3103 4300/4/3640
f 3616/4/2997 3883/4/3251 3886/4/3254
f 3616/4/2997 3886/4/3254 3617/4/2998
f 3864/1/3233 3863/1/3232 3865/1/3234
f 3864/1/3233 3865/1/3234 4301/1/3641
f 4302/4/3642 3894/4/3262 3897/4/3265
f 4302/4/3642 3897/4/3265 3898/4/3266
f 4303/4/3643 4302/4/3642 3898/4/3266
f 4303/4/3643 3898/4/3266 4189/4/3544
f 4295/4/3635 4303/4/3643 4189/4/3544
f 4295/4/3635 4189/4/3544 3781/4/3156
f 4293/3/3633 4292/3/3632 4283/3/3623
f 4293/3/3633 4283/3/3623 4296/3/3636
f 4291/3/3631 4304/3/3644 4305/3/3645
f 4291/3/3631 4305/3/3645 4292/3/3632
f 3863/1/3232 3828/1/3198 3831/1/3201
f 3863/1/3232 3831/1/3201 3865/1/3234
f 4306/3/3646 4307/3/3647 4308/3/3648
f 4306/3/3646 4308/3/3648 4309/3/3649
f 3623/3/3004 4310/3/3650 4290/3/3630
f 3623/3/3004 4290/3/3630 3710/3/3088
f 3247/3/2660 3710/3/3088 3709/3/3087
f 3247/3/2660 3709/3/3087 3248/3/2661
f 3710/3/3088 4290/3/3630 4293/3/3633
f 3710/3/3088 4293/3/3633 3709/3/3087
f 4296/3/3636 4283/3/3623 4286/3/3626
f 4296/3/3636 4286/3/3626 4288/3/3628
f 3913/3/3280 3916/3/3283 3917/3/3284
f 3913/3/3280 3917/3/3284 4274/3/3616
f 4286/3/3626 4285/3/3625 3912/3/3279
f 4286/3/3626 3912/3/3279 3911/3/3278
f 4292/3/3632 4305/3/3645 4284/3/3624
f 4292/3/3632 4284/3/3624 4283/3/3623
f 4301/1/3641 3865/1/3234 3867/1/3236
f 4301/1/3641 3867/1/3236 4287/1/3627
f 4311/1/3651 3740/1/3116 3860/1/3229
f 4311/1/3651 3860/1/3229 3862/1/3231
f 4310/3/3650 4312/3/3652 4291/3/3631
f 4310/3/3650 4291/3/3631 4290/3/3630
f 4313/4/3653 4314/4/3654 4315/4/3655
f 4313/4/3653 4315/4/3655 4316/4/3656
f 4317/3/3657 4306/3/3646 4309/3/3649
f 4317/3/3657 4309/3/3649 4318/3/3658
f 3872/1/3241 4319/1/3659 4320/1/3660
f 3872/1/3241 4320/1/3660 3921/1/3288
f 4314/4/3654 3731/4/3107 3733/4/3109
f 4314/4/3654 3733/4/3109 4315/4/3655
f 4298/4/3638 4297/4/3637 4313/4/3653
f 4298/4/3638 4313/4/3653 4321/4/3014
f 4321/4/3014 4313/4/3653 4316/4/3656
f 4321/4/3014 4316/4/3656 4322/4/3661
f 3632/3/3013 4317/3/3657 4318/3/3658
f 3632/3/3013 4318/3/3658 3631/3/3012
f 3631/3/3012 4318/3/3658 4310/3/3650
f 3631/3/3012 4310/3/3650 3623/3/3004
f 4318/3/3658 4309/3/3649 4312/3/3652
f 4318/3/3658 4312/3/3652 4310/3/3650
f 3920/1/3287 3738/1/3114 3740/1/3116
f 3920/1/3287 3740/1/3116 4311/1/3651
f 4312/3/3652 4323/3/3662 4304/3/3644
f 4312/3/3652 4304/3/3644 4291/3/3631
f 3730/4/3106 3729/4/3105 4324/4/3663
f 3730/4/3106 4324/4/3663 3732/4/3108
f 3919/1/3286 3711/1/3089 3714/1/3091
f 3919/1/3286 3714/1/3091 3738/1/3114
f 4300/4/3640 3727/4/3103 3730/4/3106
f 4300/4/3640 3730/4/3106 3731/4/3107
f 4299/4/3639 4300/4/3640 3731/4/3107
f 4299/4/3639 3731/4/3107 4314/4/3654
f 4297/4/3637 4299/4/3639 4314/4/3654
f 4297/4/3637 4314/4/3654 4313/4/3653
f 2390/3/1983 2516/3/2091 4325/3/3664
f 2390/3/1983 4325/3/3664 4204/3/3559
f 4205/3/3560 4204/3/3559 4326/3/3665
f 4205/3/3560 4326/3/3665 4327/3/3666
f 4328/3/3667 2520/3/2095 2387/3/1980
f 4328/3/3667 2387/3/1980 4205/3/3560
f 4204/3/3559 4325/3/3664 4329/3/3668
f 4204/3/3559 4329/3/3668 4326/3/3665
f 2516/3/2091 2523/3/2098 4330/3/3669
f 2516/3/2091 4330/3/3669 4325/3/3664
f 4328/3/3667 4205/3/3560 4327/3/3666
f 4328/3/3667 4327/3/3666 4331/3/3670
f 4331/3/3670 4327/3/3666 4332/3/3671
f 4331/3/3670 4332/3/3671 4333/3/3672
f 4327/3/3666 4326/3/3665 4334/3/3673
f 4327/3/3666 4334/3/3673 4332/3/3671
f 4326/3/3665 4329/3/3668 4335/3/3674
f 4326/3/3665 4335/3/3674 4334/3/3673
f 4329/3/3668 4336/3/3675 4337/3/3676
f 4329/3/3668 4337/3/3676 4335/3/3674
f 4325/3/3664 4330/3/3669 4336/3/3675
f 4325/3/3664 4336/3/3675 4329/3/3668
f 4338/1/3677 4339/1/3678 2533/1/2108
f 4338/1/3677 2533/1/2108 2532/1/2107
f 4340/1/3679 4341/1/3680 4339/1/3678
f 4340/1/3679 4339/1/3678 4338/1/3677
f 4339/1/3678 4342/1/3681 2537/1/2112
f 4339/1/3678 2537/1/2112 2533/1/2108
f 4341/1/3680 4343/1/3682 4342/1/3681
f 4341/1/3680 4342/1/3681 4339/1/3678
f 2320/1/1916 4140/1/3497 4338/1/3677
f 2320/1/1916 4338/1/3677 2532/1/2107
f 4054/1/3416 4053/1/3415 4340/1/3679
f 4054/1/3416 4340/1/3679 4137/1/3494
f 4137/1/3494 4340/1/3679 4338/1/3677
f 4137/1/3494 4338/1/3677 4140/1/3497
f 4342/1/3681 4344/1/3683 2540/1/2115
f 4342/1/3681 2540/1/2115 2537/1/2112
f 2542/4/2117 2545/4/2120 4345/4/3684
f 2542/4/2117 4345/4/3684 4346/4/3685
f 4343/1/3682 4347/1/3686 4344/1/3683
f 4343/1/3682 4344/1/3683 4342/1/3681
f 4056/1/3418 4058/1/3420 4347/1/3686
f 4056/1/3418 4347/1/3686 4343/1/3682
f 4055/1/3417 4056/1/3418 4343/1/3682
f 4055/1/3417 4343/1/3682 4341/1/3680
f 4053/1/3415 4055/1/3417 4341/1/3680
f 4053/1/3415 4341/1/3680 4340/1/3679
f 2545/4/2120 2548/4/2123 4348/4/3687
f 2545/4/2120 4348/4/3687 4345/4/3684
f 4346/4/3685 4345/4/3684 4349/4/3688
f 4346/4/3685 4349/4/3688 4350/4/3689
f 1845/4/1462 2542/4/2117 4346/4/3685
f 1845/4/1462 4346/4/3685 3686/4/3065
f 4345/4/3684 4348/4/3687 4351/4/3690
f 4345/4/3684 4351/4/3690 4349/4/3688
f 2548/4/2123 2553/4/2128 4352/4/3691
f 2548/4/2123 4352/4/3691 4348/4/3687
f 3686/4/3065 4346/4/3685 4350/4/3689
f 3686/4/3065 4350/4/3689 3689/4/3068
f 3689/4/3068 4350/4/3689 4353/4/3692
f 3689/4/3068 4353/4/3692 3687/4/3066
f 4350/4/3689 4349/4/3688 4354/4/3693
f 4350/4/3689 4354/4/3693 4353/4/3692
f 4349/4/3688 4351/4/3690 4355/4/3694
f 4349/4/3688 4355/4/3694 4354/4/3693
f 4351/4/3690 4356/4/3695 314/4/288
f 4351/4/3690 314/4/288 4355/4/3694
f 4348/4/3687 4352/4/3691 4356/4/3695
f 4348/4/3687 4356/4/3695 4351/4/3690
f 2559/3/3696 2560/3/3697 4357/3/3698
f 2559/3/3696 4357/3/3698 4358/3/3699
f 4359/3/3700 2565/3/2514 2558/3/2515
f 4359/3/3700 2558/3/2515 2559/3/3696
f 2560/3/3697 2567/3/3701 4360/3/3702
f 2560/3/3697 4360/3/3702 4357/3/3698
f 4359/3/3700 2559/3/3696 4358/3/3699
f 4359/3/3700 4358/3/3699 4361/3/3703
f 4361/3/3703 4358/3/3699 4362/3/3704
f 4361/3/3703 4362/3/3704 4363/3/3705
f 4358/3/3699 4357/3/3698 4364/3/3706
f 4358/3/3699 4364/3/3706 4362/3/3704
f 4357/3/3698 4360/3/3702 4365/3/3707
f 4357/3/3698 4365/3/3707 4364/3/3706
f 4366/1/3708 4367/1/3709 2573/1/2149
f 4366/1/3708 2573/1/2149 4368/1/3710
f 4368/1/3710 2573/1/2149 2574/1/2157
f 4368/1/3710 2574/1/2157 2580/1/2156
f 4369/3/3711 4370/3/3712 2583/3/2160
f 4369/3/3711 2583/3/2160 2582/3/2159
f 4371/3/3713 4372/3/3714 4373/3/3715
f 4371/3/3713 4373/3/3715 4374/3/3716
f 4375/3/3717 2592/3/2169 2591/3/2168
f 4375/3/3717 2591/3/2168 2590/3/2167
f 4367/1/3709 4376/1/3718 2576/1/2170
f 4367/1/3709 2576/1/2170 2573/1/2149
f 4377/1/3719 4378/1/3720 4379/1/3721
f 4377/1/3719 4379/1/3721 4380/1/3722
f 4380/1/3722 4379/1/3721 4381/1/3723
f 4380/1/3722 4381/1/3723 4382/1/3724
f 4383/3/3725 4364/3/3706 4365/3/3707
f 4383/3/3725 4365/3/3707 4384/3/3726
f 4385/1/3727 4386/1/3728 4387/1/3729
f 4385/1/3727 4387/1/3729 4388/1/3730
f 4389/1/3731 4390/1/3732 4377/1/3719
f 4389/1/3731 4377/1/3719 4386/1/3728
f 4386/1/3728 4377/1/3719 4380/1/3722
f 4386/1/3728 4380/1/3722 4387/1/3729
f 4387/1/3729 4380/1/3722 4382/1/3724
f 4387/1/3729 4382/1/3724 4391/1/3733
f 4391/1/3733 4382/1/3724 4367/1/3709
f 4391/1/3733 4367/1/3709 4366/1/3708
f 4382/1/3724 4381/1/3723 4376/1/3718
f 4382/1/3724 4376/1/3718 4367/1/3709
f 4376/1/3718 4392/1/3734 2609/1/3735
f 4376/1/3718 2609/1/3735 2576/1/2170
f 4381/1/3723 4393/1/3736 4392/1/3734
f 4381/1/3723 4392/1/3734 4376/1/3718
f 4379/1/3721 4394/1/3737 4393/1/3736
f 4379/1/3721 4393/1/3736 4381/1/3723
f 4378/1/3720 4395/1/3738 4394/1/3737
f 4378/1/3720 4394/1/3737 4379/1/3721
f 4396/3/3739 4363/3/3705 4362/3/3704
f 4396/3/3739 4362/3/3704 4397/3/3740
f 4390/1/3732 4398/1/3741 4378/1/3720
f 4390/1/3732 4378/1/3720 4377/1/3719
f 4399/3/3742 4400/3/3743 4401/3/3744
f 4399/3/3742 4401/3/3744 4402/3/3745
f 4402/3/3745 4401/3/3744 4403/3/3746
f 4402/3/3745 4403/3/3746 4404/3/3747
f 4401/3/3744 4405/3/3748 4406/3/3749
f 4401/3/3744 4406/3/3749 4403/3/3746
f 4388/1/3730 4387/1/3729 4391/1/3733
f 4388/1/3730 4391/1/3733 4407/1/3750
f 4062/1/3424 4408/1/3751 4409/1/3742
f 4062/1/3424 4409/1/3742 4060/1/3422
f 4060/1/3422 4409/1/3742 4410/1/3752
f 4060/1/3422 4410/1/3752 4059/1/3421
f 4059/1/3421 4410/1/3752 4411/1/3753
f 4059/1/3421 4411/1/3753 4057/1/3419
f 4057/1/3419 4411/1/3753 4412/1/3754
f 4057/1/3419 4412/1/3754 4058/1/3420
f 4404/3/3747 4403/3/3746 4413/3/3755
f 4404/3/3747 4413/3/3755 4414/3/3754
f 4415/1/3756 4366/1/3708 4368/1/3710
f 4415/1/3756 4368/1/3710 4416/1/3757
f 4384/3/3726 4365/3/3707 2592/3/2169
f 4384/3/3726 2592/3/2169 4375/3/3717
f 4416/1/3757 4368/1/3710 2580/1/2156
f 4416/1/3757 2580/1/2156 2636/1/129
f 4400/3/3743 4417/3/3758 4405/3/3748
f 4400/3/3743 4405/3/3748 4401/3/3744
f 4418/3/3759 4374/3/3716 4419/3/3760
f 4418/3/3759 4419/3/3760 4420/3/3761
f 4421/1/3762 4389/1/3731 4386/1/3728
f 4421/1/3762 4386/1/3728 4385/1/3727
f 4422/3/3763 4420/3/3761 4400/3/3743
f 4422/3/3763 4400/3/3743 4399/3/3742
f 4423/3/3764 4424/3/3765 4370/3/3712
f 4423/3/3764 4370/3/3712 4369/3/3711
f 4425/3/3766 4371/3/3713 4374/3/3716
f 4425/3/3766 4374/3/3716 4418/3/3759
f 4370/3/3712 2647/3/2220 2646/3/2219
f 4370/3/3712 2646/3/2219 2583/3/2160
f 2540/1/2115 4344/1/3683 4426/1/3711
f 2540/1/2115 4426/1/3711 2648/1/2159
f 4058/1/3420 4412/1/3754 4427/1/3767
f 4058/1/3420 4427/1/3767 4347/1/3686
f 4347/1/3686 4427/1/3767 4426/1/3711
f 4347/1/3686 4426/1/3711 4344/1/3683
f 4397/3/3740 4362/3/3704 4364/3/3706
f 4397/3/3740 4364/3/3706 4383/3/3725
f 2651/3/2221 2654/3/2224 4428/3/3768
f 2651/3/2221 4428/3/3768 4429/3/3769
f 4424/3/3765 4430/3/3770 2647/3/2220
f 4424/3/3765 2647/3/2220 4370/3/3712
f 4407/1/3750 4391/1/3733 4366/1/3708
f 4407/1/3750 4366/1/3708 4415/1/3756
f 4403/3/3746 4406/3/3749 4431/3/3771
f 4403/3/3746 4431/3/3771 4413/3/3755
f 4414/3/3754 4413/3/3755 4424/3/3765
f 4414/3/3754 4424/3/3765 4423/3/3764
f 2654/3/2224 2658/3/2228 4432/3/3772
f 2654/3/2224 4432/3/3772 4428/3/3768
f 4429/3/3769 4428/3/3768 4433/3/3773
f 4429/3/3769 4433/3/3773 4434/3/3774
f 2553/4/2128 2662/4/2232 4435/4/3775
f 2553/4/2128 4435/4/3775 4352/4/3691
f 4428/3/3768 4432/3/3772 4436/3/3776
f 4428/3/3768 4436/3/3776 4433/3/3773
f 2658/3/2228 2520/3/2095 4328/3/3667
f 2658/3/2228 4328/3/3667 4432/3/3772
f 4352/4/3691 4435/4/3775 4437/4/3777
f 4352/4/3691 4437/4/3777 4356/4/3695
f 4356/4/3695 4437/4/3777 315/4/289
f 4356/4/3695 315/4/289 314/4/288
f 4434/3/3774 4433/3/3773 4438/3/3778
f 4434/3/3774 4438/3/3778 4439/3/3779
f 4433/3/3773 4436/3/3776 4440/3/3780
f 4433/3/3773 4440/3/3780 4438/3/3778
f 4436/3/3776 4331/3/3670 4333/3/3672
f 4436/3/3776 4333/3/3672 4440/3/3780
f 4432/3/3772 4328/3/3667 4331/3/3670
f 4432/3/3772 4331/3/3670 4436/3/3776
f 2668/3/3781 2671/3/2520 4441/3/3782
f 2668/3/3781 4441/3/3782 4442/3/3783
f 4443/3/3784 4444/3/3785 4425/3/3766
f 4443/3/3784 4425/3/3766 4445/3/3786
f 4445/3/3786 4425/3/3766 4418/3/3759
f 4445/3/3786 4418/3/3759 4446/3/3787
f 4444/3/3785 4447/3/3788 4371/3/3713
f 4444/3/3785 4371/3/3713 4425/3/3766
f 4448/1/3789 4449/1/3790 4398/1/3741
f 4448/1/3789 4398/1/3741 4390/1/3732
f 474/1/290 4450/1/3791 4451/1/3786
f 474/1/290 4451/1/3786 475/1/431
f 475/1/431 4451/1/3786 4452/1/3787
f 475/1/431 4452/1/3787 4453/1/3792
f 4453/1/3792 4452/1/3787 4408/1/3751
f 4453/1/3792 4408/1/3751 4062/1/3424
f 4446/3/3787 4418/3/3759 4420/3/3761
f 4446/3/3787 4420/3/3761 4422/3/3763
f 4449/1/3790 4454/1/3793 4455/1/3794
f 4449/1/3790 4455/1/3794 4398/1/3741
f 4372/3/3714 4456/3/3795 4457/3/3796
f 4372/3/3714 4457/3/3796 4373/3/3715
f 4458/1/3797 4448/1/3789 4390/1/3732
f 4458/1/3797 4390/1/3732 4389/1/3731
f 4447/3/3788 4459/3/3798 4372/3/3714
f 4447/3/3788 4372/3/3714 4371/3/3713
f 4440/3/3780 4333/3/3672 4459/3/3798
f 4440/3/3780 4459/3/3798 4447/3/3788
f 4438/3/3778 4440/3/3780 4447/3/3788
f 4438/3/3778 4447/3/3788 4444/3/3785
f 4439/3/3779 4438/3/3778 4444/3/3785
f 4439/3/3779 4444/3/3785 4443/3/3784
f 4460/3/3799 4461/3/3800 4462/3/3801
f 4460/3/3799 4462/3/3801 4456/3/3795
f 4462/3/3801 4463/3/3802 4464/3/3803
f 4462/3/3801 4464/3/3803 4465/3/3804
f 4461/3/3800 4466/3/3805 4463/3/3802
f 4461/3/3800 4463/3/3802 4462/3/3801
f 4463/3/3802 4467/3/3806 4468/3/3807
f 4463/3/3802 4468/3/3807 4464/3/3803
f 4333/3/3672 4332/3/3671 4460/3/3799
f 4333/3/3672 4460/3/3799 4459/3/3798
f 4459/3/3798 4460/3/3799 4456/3/3795
f 4459/3/3798 4456/3/3795 4372/3/3714
f 4420/3/3761 4419/3/3760 4417/3/3758
f 4420/3/3761 4417/3/3758 4400/3/3743
f 4469/1/3808 4458/1/3797 4389/1/3731
f 4469/1/3808 4389/1/3731 4421/1/3762
f 4456/3/3795 4462/3/3801 4465/3/3804
f 4456/3/3795 4465/3/3804 4457/3/3796
f 4464/3/3803 4468/3/3807 4363/3/3705
f 4464/3/3803 4363/3/3705 4396/3/3739
f 4398/1/3741 4455/1/3794 4395/1/3738
f 4398/1/3741 4395/1/3738 4378/1/3720
f 4466/3/3805 4470/3/3809 4467/3/3806
f 4466/3/3805 4467/3/3806 4463/3/3802
f 4335/3/3674 4337/3/3676 4470/3/3809
f 4335/3/3674 4470/3/3809 4466/3/3805
f 4334/3/3673 4335/3/3674 4466/3/3805
f 4334/3/3673 4466/3/3805 4461/3/3800
f 4332/3/3671 4334/3/3673 4461/3/3800
f 4332/3/3671 4461/3/3800 4460/3/3799
f 2671/3/2520 2701/3/2269 4471/3/3810
f 2671/3/2520 4471/3/3810 4441/3/3782
f 4442/3/3783 4441/3/3782 4472/3/3811
f 4442/3/3783 4472/3/3811 4473/3/3812
f 2523/3/2098 2668/3/3781 4442/3/3783
f 2523/3/2098 4442/3/3783 4330/3/3669
f 4441/3/3782 4471/3/3810 4474/3/3813
f 4441/3/3782 4474/3/3813 4472/3/3811
f 2701/3/2269 2565/3/2514 4359/3/3700
f 2701/3/2269 4359/3/3700 4471/3/3810
f 4330/3/3669 4442/3/3783 4473/3/3812
f 4330/3/3669 4473/3/3812 4336/3/3675
f 4336/3/3675 4473/3/3812 4470/3/3809
f 4336/3/3675 4470/3/3809 4337/3/3676
f 4473/3/3812 4472/3/3811 4467/3/3806
f 4473/3/3812 4467/3/3806 4470/3/3809
f 4472/3/3811 4474/3/3813 4468/3/3807
f 4472/3/3811 4468/3/3807 4467/3/3806
f 4474/3/3813 4361/3/3703 4363/3/3705
f 4474/3/3813 4363/3/3705 4468/3/3807
f 4471/3/3810 4359/3/3700 4361/3/3703
f 4471/3/3810 4361/3/3703 4474/3/3813
f 4475/3/3814 4476/3/3815 4477/3/3816
f 4475/3/3814 4477/3/3816 4478/3/3817
f 4479/3/3818 4480/3/3819 4476/3/3815
f 4479/3/3818 4476/3/3815 4475/3/3814
f 4476/3/3815 4481/3/3820 4482/3/3821
f 4476/3/3815 4482/3/3821 4477/3/3816
f 4480/3/3819 4483/3/3822 4481/3/3820
f 4480/3/3819 4481/3/3820 4476/3/3815
f 4039/3/3401 4475/3/3814 4478/3/3817
f 4039/3/3401 4478/3/3817 3825/3/3196
f 384/3/355 383/3/354 4479/3/3818
f 384/3/355 4479/3/3818 4040/3/3402
f 4040/3/3402 4479/3/3818 4475/3/3814
f 4040/3/3402 4475/3/3814 4039/3/3401
f 4481/3/3820 4184/3/3539 4103/3/3464
f 4481/3/3820 4103/3/3464 4482/3/3821
f 4483/3/3822 4185/3/3540 4184/3/3539
f 4483/3/3822 4184/3/3539 4481/3/3820
f 4484/3/3823 3258/3/2671 4185/3/3540
f 4484/3/3823 4185/3/3540 4483/3/3822
f 4485/3/3824 4484/3/3823 4483/3/3822
f 4485/3/3824 4483/3/3822 4480/3/3819
f 383/3/354 4485/3/3824 4480/3/3819
f 383/3/354 4480/3/3819 4479/3/3818
f 4486/4/3825 4487/4/3826 4488/4/3827
f 4486/4/3825 4488/4/3827 4489/4/3828
f 4489/4/3828 4488/4/3827 4490/4/3829
f 4489/4/3828 4490/4/3829 4491/4/3830
f 4487/4/3826 4492/4/3831 4493/4/3832
f 4487/4/3826 4493/4/3832 4488/4/3827
f 4488/4/3827 4493/4/3832 4494/4/3833
f 4488/4/3827 4494/4/3833 4490/4/3829
f 3687/4/3066 4495/4/3834 4486/4/3825
f 3687/4/3066 4486/4/3825 4160/4/3515
f 4160/4/3515 4486/4/3825 4489/4/3828
f 4160/4/3515 4489/4/3828 4163/4/3518
f 4163/4/3518 4489/4/3828 4491/4/3830
f 4163/4/3518 4491/4/3830 4162/4/3517
f 4162/4/3517 4491/4/3830 4496/4/3835
f 4162/4/3517 4496/4/3835 4036/4/3398
f 4491/4/3830 4490/4/3829 4497/4/3836
f 4491/4/3830 4497/4/3836 4496/4/3835
f 4490/4/3829 4494/4/3833 4498/4/3837
f 4490/4/3829 4498/4/3837 4497/4/3836
f 4494/4/3833 4179/4/3534 4006/4/3368
f 4494/4/3833 4006/4/3368 4498/4/3837
f 4493/4/3832 4177/4/3532 4179/4/3534
f 4493/4/3832 4179/4/3534 4494/4/3833
f 4492/4/3831 310/4/284 4177/4/3532
f 4492/4/3831 4177/4/3532 4493/4/3832
f 4499/4/3838 308/4/282 310/4/284
f 4499/4/3838 310/4/284 4492/4/3831
f 4500/4/3839 4499/4/3838 4492/4/3831
f 4500/4/3839 4492/4/3831 4487/4/3826
f 4495/4/3834 4500/4/3839 4487/4/3826
f 4495/4/3834 4487/4/3826 4486/4/3825
f 4501/1/3840 4502/1/3841 4503/1/3842
f 4501/1/3840 4503/1/3842 4504/1/3843
f 4504/1/3843 4503/1/3842 4505/1/3844
f 4504/1/3843 4505/1/3844 4506/1/3845
f 4502/1/3841 4507/1/3846 4508/1/3847
f 4502/1/3841 4508/1/3847 4503/1/3842
f 4503/1/3842 4508/1/3847 4509/1/3848
f 4503/1/3842 4509/1/3848 4505/1/3844
f 3825/3/3196 4478/3/3817 4510/3/3849
f 3825/3/3196 4510/3/3849 3826/3/3197
f 3823/1/3194 4501/1/3840 4504/1/3843
f 3823/1/3194 4504/1/3843 3822/1/3193
f 3822/1/3193 4504/1/3843 4506/1/3845
f 3822/1/3193 4506/1/3845 3821/1/3192
f 3821/1/3192 4506/1/3845 2741/1/2309
f 3821/1/3192 2741/1/2309 1987/1/1595
f 4506/1/3845 4505/1/3844 2742/1/2310
f 4506/1/3845 2742/1/2310 2741/1/2309
f 4505/1/3844 4509/1/3848 2743/1/2311
f 4505/1/3844 2743/1/2311 2742/1/2310
f 4509/1/3848 4109/1/3469 2280/1/1878
f 4509/1/3848 2280/1/1878 2743/1/2311
f 4508/1/3847 4108/1/3468 4109/1/3469
f 4508/1/3847 4109/1/3469 4509/1/3848
f 4507/1/3846 4107/1/3467 4108/1/3468
f 4507/1/3846 4108/1/3468 4508/1/3847
f 4482/3/3821 4103/3/3464 4106/3/3467
f 4482/3/3821 4106/3/3467 4511/3/3850
f 4477/3/3816 4482/3/3821 4511/3/3850
f 4477/3/3816 4511/3/3850 4512/3/3851
f 4478/3/3817 4477/3/3816 4512/3/3851
f 4478/3/3817 4512/3/3851 4510/3/3849
f 4513/4/3852 4514/4/3853 4515/4/3854
f 4513/4/3852 4515/4/3854 4516/4/3855
f 4516/4/3855 4515/4/3854 317/4/291
f 4516/4/3855 317/4/291 4517/4/3856
f 4514/4/3853 4518/4/3857 320/4/294
f 4514/4/3853 320/4/294 4515/4/3854
f 4515/4/3854 320/4/294 318/4/292
f 4515/4/3854 318/4/292 317/4/291
f 3687/4/3066 4353/4/3692 4513/4/3852
f 3687/4/3066 4513/4/3852 4495/4/3834
f 4495/4/3834 4513/4/3852 4516/4/3855
f 4495/4/3834 4516/4/3855 4500/4/3839
f 4500/4/3839 4516/4/3855 4517/4/3856
f 4500/4/3839 4517/4/3856 4499/4/3838
f 4499/4/3838 4517/4/3856 4519/4/3858
f 4499/4/3838 4519/4/3858 308/4/282
f 4517/4/3856 317/4/291 319/4/293
f 4517/4/3856 319/4/293 4519/4/3858
f 4520/1/3859 4453/1/3792 4062/1/3424
f 4520/1/3859 4062/1/3424 4061/1/3423
f 4518/4/3857 316/4/290 321/4/295
f 4518/4/3857 321/4/295 320/4/294
f 4355/4/3694 314/4/288 316/4/290
f 4355/4/3694 316/4/290 4518/4/3857
f 4354/4/3693 4355/4/3694 4518/4/3857
f 4354/4/3693 4518/4/3857 4514/4/3853
f 4353/4/3692 4354/4/3693 4514/4/3853
f 4353/4/3692 4514/4/3853 4513/4/3852
f 4521/4/3860 4522/4/3861 4523/4/3862
f 4521/4/3860 4523/4/3862 4524/4/3863
f 4524/4/3863 4523/4/3862 4525/4/3864
f 4524/4/3863 4525/4/3864 4526/4/3865
f 4522/4/3861 4527/4/3866 4528/4/3867
f 4522/4/3861 4528/4/3867 4523/4/3862
f 4523/4/3862 4528/4/3867 4529/4/3868
f 4523/4/3862 4529/4/3868 4525/4/3864
f 4036/4/3398 4496/4/3835 4521/4/3860
f 4036/4/3398 4521/4/3860 4034/4/3396
f 4034/4/3396 4521/4/3860 4524/4/3863
f 4034/4/3396 4524/4/3863 4033/4/3395
f 4033/4/3395 4524/4/3863 4526/4/3865
f 4033/4/3395 4526/4/3865 4031/4/3393
f 4031/4/3393 4526/4/3865 4530/4/3869
f 4031/4/3393 4530/4/3869 4032/4/3394
f 4526/4/3865 4525/4/3864 4531/4/3870
f 4526/4/3865 4531/4/3870 4530/4/3869
f 4525/4/3864 4529/4/3868 328/4/302
f 4525/4/3864 328/4/302 4531/4/3870
f 4529/4/3868 4532/4/403 329/4/303
f 4529/4/3868 329/4/303 328/4/302
f 4527/4/3866 4009/4/3371 296/4/270
f 4527/4/3866 296/4/270 4528/4/3867
f 4498/4/3837 4006/4/3368 4009/4/3371
f 4498/4/3837 4009/4/3371 4527/4/3866
f 4497/4/3836 4498/4/3837 4527/4/3866
f 4497/4/3836 4527/4/3866 4522/4/3861
f 4496/4/3835 4497/4/3836 4522/4/3861
f 4496/4/3835 4522/4/3861 4521/4/3860
f 4533/1/3345 4534/1/3871 325/1/299
f 4533/1/3345 325/1/299 4535/1/3872
f 4534/1/3871 3861/1/3230 326/1/300
f 4534/1/3871 326/1/300 325/1/299
f 3777/4/3152 4536/4/3873 4537/4/3874
f 3777/4/3152 4537/4/3874 3778/4/3153
f 4032/4/3394 4530/4/3869 3982/4/3344
f 4032/4/3394 3982/4/3344 3981/4/3343
f 3984/4/3346 3983/4/3345 4538/4/3875
f 3984/4/3346 4538/4/3875 4539/4/3876
f 3966/4/3328 3984/4/3346 4539/4/3876
f 3966/4/3328 4539/4/3876 4064/4/3426
f 4075/1/3437 4535/1/3872 4540/1/3877
f 4075/1/3437 4540/1/3877 300/1/274
f 4535/1/3872 325/1/299 327/1/301
f 4535/1/3872 327/1/301 4540/1/3877
f 428/3/393 427/3/392 3258/3/2671
f 428/3/393 3258/3/2671 4484/3/3823
f 450/1/409 3252/1/2665 250/1/224
f 450/1/409 250/1/224 3861/1/3230
f 4530/4/3869 4531/4/3870 322/4/296
f 4530/4/3869 322/4/296 3982/4/3344
f 4541/1/3878 4542/1/3879 4543/1/3880
f 4541/1/3878 4543/1/3880 4544/1/3881
f 4544/1/3881 4543/1/3880 4545/1/3882
f 4544/1/3881 4545/1/3882 4546/1/3883
f 4542/1/3879 4547/1/3884 4548/1/3885
f 4542/1/3879 4548/1/3885 4543/1/3880
f 4543/1/3880 4548/1/3885 4549/1/3886
f 4543/1/3880 4549/1/3886 4545/1/3882
f 3928/4/3294 3927/4/3293 3947/4/3311
f 3928/4/3294 3947/4/3311 4550/4/3299
f 4551/1/3887 4552/1/3888 4541/1/3878
f 4551/1/3887 4541/1/3878 4553/1/3889
f 4553/1/3889 4541/1/3878 4544/1/3881
f 4553/1/3889 4544/1/3881 4554/1/3890
f 4554/1/3890 4544/1/3881 4546/1/3883
f 4554/1/3890 4546/1/3883 4555/1/3891
f 4546/1/3883 4545/1/3882 4556/1/3892
f 4546/1/3883 4556/1/3892 4557/1/3893
f 4545/1/3882 4549/1/3886 4558/1/3894
f 4545/1/3882 4558/1/3894 4556/1/3892
f 4549/1/3886 4559/1/3895 4560/1/3896
f 4549/1/3886 4560/1/3896 4558/1/3894
f 4548/1/3885 4561/1/3897 4559/1/3895
f 4548/1/3885 4559/1/3895 4549/1/3886
f 4547/1/3884 4562/1/3898 4561/1/3897
f 4547/1/3884 4561/1/3897 4548/1/3885
f 4563/1/3899 4564/1/3900 4562/1/3898
f 4563/1/3899 4562/1/3898 4547/1/3884
f 4565/1/3901 4563/1/3899 4547/1/3884
f 4565/1/3901 4547/1/3884 4542/1/3879
f 4552/1/3888 4565/1/3901 4542/1/3879
f 4552/1/3888 4542/1/3879 4541/1/3878
f 3975/4/3337 3949/4/3313 3948/4/3312
f 3975/4/3337 3948/4/3312 3972/4/3334
f 3972/4/3334 3948/4/3312 4566/4/3902
f 3972/4/3334 4566/4/3902 3973/4/3335
f 4566/4/3902 3948/4/3312 3951/4/3315
f 4566/4/3902 3951/4/3315 4567/4/3903
f 3946/4/3310 3945/4/3309 4566/4/3902
f 3946/4/3310 4566/4/3902 4567/4/3903
f 336/3/310 3847/3/3217 3980/3/3342
f 336/3/310 3980/3/3342 3834/3/3204
f 288/4/262 3973/4/3335 3939/4/3304
f 288/4/262 3939/4/3304 3938/4/3303
f 3973/4/3335 4566/4/3902 3945/4/3309
f 3973/4/3335 3945/4/3309 3939/4/3304
f 4568/4/3904 4569/4/3905 3950/4/3314
f 4568/4/3904 3950/4/3314 3949/4/3313
f 3974/4/3336 4568/4/3904 3949/4/3313
f 3974/4/3336 3949/4/3313 3975/4/3337
f 3844/3/3214 4570/3/3906 4571/3/3907
f 3844/3/3214 4571/3/3907 3985/3/3347
f 4572/1/3908 4573/1/3909 4574/1/307
f 4572/1/3908 4574/1/307 4575/1/3910
f 4576/4/3911 332/4/306 4568/4/3904
f 4576/4/3911 4568/4/3904 3974/4/3336
f 4577/3/3912 4578/3/3913 4579/3/3914
f 4577/3/3912 4579/3/3914 4570/3/3906
f 4580/3/3915 4581/3/3916 4582/3/3917
f 4580/3/3915 4582/3/3917 4583/3/3918
f 3843/3/3213 4577/3/3912 4570/3/3906
f 3843/3/3213 4570/3/3906 3844/3/3214
f 3846/3/3216 4581/3/3916 4580/3/3915
f 3846/3/3216 4580/3/3915 3847/3/3217
f 3847/3/3217 4580/3/3915 4584/3/3919
f 3847/3/3217 4584/3/3919 3980/3/3342
f 4584/3/3919 4580/3/3915 4583/3/3918
f 4584/3/3919 4583/3/3918 4585/3/3920
f 3848/3/3218 3944/3/3308 3846/3/3216
f 3848/3/3218 3846/3/3216 335/3/309
f 3980/3/3342 4584/3/3919 4577/3/3912
f 3980/3/3342 4577/3/3912 3843/3/3213
f 3936/3/3301 3937/3/3302 4582/3/3917
f 3936/3/3301 4582/3/3917 4581/3/3916
f 3833/3/3203 3804/3/3177 336/3/310
f 3833/3/3203 336/3/310 3834/3/3204
f 3944/3/3308 3936/3/3301 4581/3/3916
f 3944/3/3308 4581/3/3916 3846/3/3216
f 4586/1/3921 4587/1/3922 4588/1/3923
f 4586/1/3921 4588/1/3923 4589/1/3924
f 4589/1/3924 4588/1/3923 4590/1/3925
f 4589/1/3924 4590/1/3925 4591/1/3926
f 4587/1/3922 4592/1/3927 4593/1/3928
f 4587/1/3922 4593/1/3928 4588/1/3923
f 4588/1/3923 4593/1/3928 4594/1/3929
f 4588/1/3923 4594/1/3929 4590/1/3925
f 4595/1/3930 4596/1/3931 4586/1/3921
f 4595/1/3930 4586/1/3921 4597/1/3932
f 4597/1/3932 4586/1/3921 4589/1/3924
f 4597/1/3932 4589/1/3924 4598/1/3933
f 4598/1/3933 4589/1/3924 4591/1/3926
f 4598/1/3933 4591/1/3926 4599/1/3934
f 4599/1/3934 4591/1/3926 4562/1/3898
f 4599/1/3934 4562/1/3898 4564/1/3900
f 4591/1/3926 4590/1/3925 4561/1/3897
f 4591/1/3926 4561/1/3897 4562/1/3898
f 4590/1/3925 4594/1/3929 4559/1/3895
f 4590/1/3925 4559/1/3895 4561/1/3897
f 4594/1/3929 4600/1/3935 4560/1/3896
f 4594/1/3929 4560/1/3896 4559/1/3895
f 4593/1/3928 4601/1/3936 4600/1/3935
f 4593/1/3928 4600/1/3935 4594/1/3929
f 4592/1/3927 4602/1/3937 4601/1/3936
f 4592/1/3927 4601/1/3936 4593/1/3928
f 4603/1/3938 4604/1/3939 4602/1/3937
f 4603/1/3938 4602/1/3937 4592/1/3927
f 4605/1/3940 4603/1/3938 4592/1/3927
f 4605/1/3940 4592/1/3927 4587/1/3922
f 4596/1/3931 4605/1/3940 4587/1/3922
f 4596/1/3931 4587/1/3922 4586/1/3921
f 4606/1/3941 4607/1/3942 4608/1/3943
f 4606/1/3941 4608/1/3943 4609/1/3944
f 4609/1/3944 4608/1/3943 4610/1/3945
f 4609/1/3944 4610/1/3945 4611/1/3946
f 4607/1/3942 4612/1/3947 4613/1/3948
f 4607/1/3942 4613/1/3948 4608/1/3943
f 4608/1/3943 4613/1/3948 4614/1/3949
f 4608/1/3943 4614/1/3949 4610/1/3945
f 4555/1/3891 4546/1/3883 4557/1/3893
f 4555/1/3891 4557/1/3893 4615/1/3950
f 4616/1/3951 4617/1/3952 4606/1/3941
f 4616/1/3951 4606/1/3941 4618/1/3953
f 4618/1/3953 4606/1/3941 4609/1/3944
f 4618/1/3953 4609/1/3944 4619/1/3954
f 4619/1/3954 4609/1/3944 4611/1/3946
f 4619/1/3954 4611/1/3946 4620/1/3955
f 4611/1/3946 4610/1/3945 4565/1/3901
f 4611/1/3946 4565/1/3901 4552/1/3888
f 4610/1/3945 4614/1/3949 4563/1/3899
f 4610/1/3945 4563/1/3899 4565/1/3901
f 4614/1/3949 4599/1/3934 4564/1/3900
f 4614/1/3949 4564/1/3900 4563/1/3899
f 4613/1/3948 4598/1/3933 4599/1/3934
f 4613/1/3948 4599/1/3934 4614/1/3949
f 4612/1/3947 4597/1/3932 4598/1/3933
f 4612/1/3947 4598/1/3933 4613/1/3948
f 4621/1/3956 4595/1/3930 4597/1/3932
f 4621/1/3956 4597/1/3932 4612/1/3947
f 4622/1/3957 4621/1/3956 4612/1/3947
f 4622/1/3957 4612/1/3947 4607/1/3942
f 4617/1/3952 4622/1/3957 4607/1/3942
f 4617/1/3952 4607/1/3942 4606/1/3941
f 4623/1/3958 4624/1/3959 4625/1/3960
f 4623/1/3958 4625/1/3960 4626/1/3961
f 4626/1/3961 4625/1/3960 4627/1/3962
f 4626/1/3961 4627/1/3962 4628/1/3963
f 4624/1/3959 4629/1/3964 4630/1/3965
f 4624/1/3959 4630/1/3965 4625/1/3960
f 4625/1/3960 4630/1/3965 4631/1/3966
f 4625/1/3960 4631/1/3966 4627/1/3962
f 4620/1/3955 4611/1/3946 4552/1/3888
f 4620/1/3955 4552/1/3888 4551/1/3887
f 4632/1/3967 4633/1/3968 4623/1/3958
f 4632/1/3967 4623/1/3958 4634/1/3969
f 4634/1/3969 4623/1/3958 4626/1/3961
f 4634/1/3969 4626/1/3961 4635/1/3970
f 4635/1/3970 4626/1/3961 4628/1/3963
f 4635/1/3970 4628/1/3963 4636/1/3971
f 4628/1/3963 4627/1/3962 4622/1/3957
f 4628/1/3963 4622/1/3957 4617/1/3952
f 4627/1/3962 4631/1/3966 4621/1/3956
f 4627/1/3962 4621/1/3956 4622/1/3957
f 4631/1/3966 4596/1/3931 4595/1/3930
f 4631/1/3966 4595/1/3930 4621/1/3956
f 4630/1/3965 4605/1/3940 4596/1/3931
f 4630/1/3965 4596/1/3931 4631/1/3966
f 4629/1/3964 4603/1/3938 4605/1/3940
f 4629/1/3964 4605/1/3940 4630/1/3965
f 4637/1/3972 4604/1/3939 4603/1/3938
f 4637/1/3972 4603/1/3938 4629/1/3964
f 4638/1/3973 4637/1/3972 4629/1/3964
f 4638/1/3973 4629/1/3964 4624/1/3959
f 4633/1/3968 4638/1/3973 4624/1/3959
f 4633/1/3968 4624/1/3959 4623/1/3958
f 4639/1/3974 4640/1/3975 4641/1/3976
f 4639/1/3974 4641/1/3976 4642/1/3977
f 4642/1/3977 4641/1/3976 4643/1/3978
f 4642/1/3977 4643/1/3978 4644/1/3979
f 4640/1/3975 4645/1/3980 4646/1/3981
f 4640/1/3975 4646/1/3981 4641/1/3976
f 4641/1/3976 4646/1/3981 4647/1/3982
f 4641/1/3976 4647/1/3982 4643/1/3978
f 4636/1/3971 4628/1/3963 4617/1/3952
f 4636/1/3971 4617/1/3952 4616/1/3951
f 4615/1/3950 4557/1/3893 4639/1/3974
f 4615/1/3950 4639/1/3974 4648/1/3983
f 4648/1/3983 4639/1/3974 4642/1/3977
f 4648/1/3983 4642/1/3977 4649/1/3984
f 4649/1/3984 4642/1/3977 4644/1/3979
f 4649/1/3984 4644/1/3979 4650/1/3985
f 4644/1/3979 4643/1/3978 4638/1/3973
f 4644/1/3979 4638/1/3973 4633/1/3968
f 4643/1/3978 4647/1/3982 4637/1/3972
f 4643/1/3978 4637/1/3972 4638/1/3973
f 4647/1/3982 4602/1/3937 4604/1/3939
f 4647/1/3982 4604/1/3939 4637/1/3972
f 4646/1/3981 4601/1/3936 4602/1/3937
f 4646/1/3981 4602/1/3937 4647/1/3982
f 4645/1/3980 4600/1/3935 4601/1/3936
f 4645/1/3980 4601/1/3936 4646/1/3981
f 4558/1/3894 4560/1/3896 4600/1/3935
f 4558/1/3894 4600/1/3935 4645/1/3980
f 4556/1/3892 4558/1/3894 4645/1/3980
f 4556/1/3892 4645/1/3980 4640/1/3975
f 4557/1/3893 4556/1/3892 4640/1/3975
f 4557/1/3893 4640/1/3975 4639/1/3974
f 3951/4/3315 4651/4/3986 4652/4/3987
f 3951/4/3315 4652/4/3987 4567/4/3903
f 4653/4/3988 3946/4/3310 4567/4/3903
f 4653/4/3988 4567/4/3903 4652/4/3987
f 4654/1/3989 4648/1/3983 4649/1/3984
f 4654/1/3989 4649/1/3984 4655/1/3990
f 4656/1/3991 4615/1/3950 4648/1/3983
f 4656/1/3991 4648/1/3983 4654/1/3989
f 3934/3/3299 4657/3/3992 4658/3/3993
f 3934/3/3299 4658/3/3993 3935/3/3300
f 4659/1/3992 4635/1/3970 4636/1/3971
f 4659/1/3992 4636/1/3971 4660/1/3993
f 4582/3/3917 4661/3/3994 4662/3/3995
f 4582/3/3917 4662/3/3995 4583/3/3918
f 4663/4/3996 3947/4/3311 3946/4/3310
f 4663/4/3996 3946/4/3310 4653/4/3988
f 4660/1/3993 4636/1/3971 4616/1/3951
f 4660/1/3993 4616/1/3951 4664/1/3997
f 4583/3/3918 4662/3/3995 4665/3/3998
f 4583/3/3918 4665/3/3998 4585/3/3920
f 4666/1/3999 4618/1/3953 4619/1/3954
f 4666/1/3999 4619/1/3954 4667/1/4000
f 4667/1/4000 4619/1/3954 4620/1/3955
f 4667/1/4000 4620/1/3955 4668/1/3998
f 4555/1/3891 4615/1/3950 4656/1/3991
f 4555/1/3891 4656/1/3991 4669/1/4001
f 4668/1/3998 4620/1/3955 4551/1/3887
f 4668/1/3998 4551/1/3887 4670/1/4002
f 4664/1/3997 4616/1/3951 4618/1/3953
f 4664/1/3997 4618/1/3953 4666/1/3999
f 4671/1/4003 4669/1/4001 4672/1/4004
f 4671/1/4003 4672/1/4004 4673/1/4005
f 4650/1/3985 4644/1/3979 4633/1/3968
f 4650/1/3985 4633/1/3968 4632/1/3967
f 4670/1/4002 4551/1/3887 4553/1/3889
f 4670/1/4002 4553/1/3889 4674/1/4006
f 4675/3/4007 4676/3/4008 4677/3/4009
f 4675/3/4007 4677/3/4009 4678/3/4010
f 4319/1/3659 4679/1/2473 4680/1/4011
f 4319/1/3659 4680/1/4011 4320/1/3660
f 4676/3/4008 4681/3/4012 4682/3/4013
f 4676/3/4008 4682/3/4013 4677/3/4009
f 4683/3/4014 3977/3/3339 3978/3/3340
f 4683/3/4014 3978/3/3340 4681/3/4012
f 3746/1/3122 4684/1/4015 3755/1/3130
f 3746/1/3122 3755/1/3130 3747/1/3123
f 4685/3/343 4675/3/4007 4678/3/4010
f 4685/3/343 4678/3/4010 4686/3/4016
f 3909/3/3276 4685/3/343 4686/3/4016
f 3909/3/3276 4686/3/4016 3910/3/3277
f 4687/1/4017 4688/1/4013 4689/1/4018
f 4687/1/4017 4689/1/4018 4690/1/4019
f 4691/4/4020 4692/4/4021 4693/4/4022
f 4691/4/4020 4693/4/4022 4694/4/4023
f 4681/3/4012 3978/3/3340 3979/3/3341
f 4681/3/4012 3979/3/3341 4682/3/4013
f 3876/1/3245 4695/1/4024 4696/1/4025
f 3876/1/3245 4696/1/4025 4697/1/4026
f 3737/3/3113 3736/3/3112 3977/3/3339
f 3737/3/3113 3977/3/3339 4683/3/4014
f 3871/1/3240 4697/1/4026 4319/1/3659
f 3871/1/3240 4319/1/3659 3872/1/3241
f 3778/4/3153 4537/4/3874 4698/4/4027
f 3778/4/3153 4698/4/4027 3900/4/3268
f 4537/4/3874 3256/4/2669 3970/4/3332
f 4537/4/3874 3970/4/3332 4698/4/4027
f 3923/1/3289 4699/1/4028 3875/1/3244
f 3923/1/3289 3875/1/3244 3874/1/3243
f 4536/4/3873 3253/4/2666 3256/4/2669
f 4536/4/3873 3256/4/2669 4537/4/3874
f 3902/4/3270 4700/4/4029 3777/4/3152
f 3902/4/3270 3777/4/3152 3776/4/3151
f 3889/4/3257 3779/4/3154 3899/4/3267
f 3889/4/3257 3899/4/3267 3890/4/3258
f 3893/4/3261 3975/4/3337 3972/4/3334
f 3893/4/3261 3972/4/3334 287/4/261
f 3899/4/3267 3900/4/3268 4701/4/4030
f 3899/4/3267 4701/4/4030 3759/4/3134
f 3900/4/3268 4698/4/4027 4702/4/4031
f 3900/4/3268 4702/4/4031 4701/4/4030
f 4698/4/4027 3970/4/3332 4703/4/4032
f 4698/4/4027 4703/4/4032 4702/4/4031
f 3970/4/3332 3969/4/3331 3956/4/3319
f 3970/4/3332 3956/4/3319 4703/4/4032
f 3841/3/3211 3840/3/3210 3735/3/3111
f 3841/3/3211 3735/3/3111 3734/3/3110
f 3254/4/2667 3892/4/3260 3891/4/3259
f 3254/4/2667 3891/4/3259 3255/4/2668
f 4704/4/4033 3967/4/3329 3254/4/2667
f 4704/4/4033 3254/4/2667 3253/4/2666
f 4705/4/4034 4704/4/4033 3253/4/2666
f 4705/4/4034 3253/4/2666 4536/4/3873
f 4700/4/4029 4705/4/4034 4536/4/3873
f 4700/4/4029 4536/4/3873 3777/4/3152
f 3752/1/3127 4706/1/4035 4707/1/4036
f 3752/1/3127 4707/1/4036 3753/1/3128
f 4692/4/4021 4708/4/4037 4709/4/4038
f 4692/4/4021 4709/4/4038 4693/4/4022
f 4706/1/4035 4710/1/4039 4711/1/4040
f 4706/1/4035 4711/1/4040 4707/1/4036
f 4708/4/4037 3958/4/3321 3959/4/3322
f 4708/4/4037 3959/4/3322 4709/4/4038
f 3759/4/3134 4701/4/4030 4691/4/4020
f 3759/4/3134 4691/4/4020 3760/4/3135
f 3716/4/3093 3760/4/3135 4712/4/4041
f 3716/4/3093 4712/4/4041 3717/4/3094
f 3760/4/3135 4691/4/4020 4694/4/4023
f 3760/4/3135 4694/4/4023 4712/4/4041
f 3924/1/3290 3923/1/3289 3874/1/3243
f 3924/1/3290 3874/1/3243 4713/1/4042
f 3753/1/3128 4707/1/4036 4714/1/4043
f 3753/1/3128 4714/1/4043 3880/1/3248
f 4309/3/3649 4308/3/3648 4323/3/3662
f 4309/3/3649 4323/3/3662 4312/3/3652
f 4714/1/4043 4715/1/4044 4716/1/4045
f 4714/1/4043 4716/1/4045 4699/1/4028
f 3875/1/3244 4717/1/4046 4695/1/4024
f 3875/1/3244 4695/1/4024 3876/1/3245
f 4718/3/4038 3960/3/3322 3961/3/3323
f 4718/3/4038 3961/3/3323 4719/3/4047
f 4703/4/4032 3956/4/3319 3958/4/3321
f 4703/4/4032 3958/4/3321 4708/4/4037
f 4702/4/4031 4703/4/4032 4708/4/4037
f 4702/4/4031 4708/4/4037 4692/4/4021
f 4701/4/4030 4702/4/4031 4692/4/4021
f 4701/4/4030 4692/4/4021 4691/4/4020
f 4713/1/4042 3874/1/3243 3877/1/3246
f 4713/1/4042 3877/1/3246 4720/1/4048
f 4699/1/4028 4716/1/4045 4717/1/4046
f 4699/1/4028 4717/1/4046 3875/1/3244
f 3838/3/3208 3805/3/3178 3804/3/3177
f 3838/3/3208 3804/3/3177 3840/3/3210
f 3840/3/3210 3804/3/3177 3833/3/3203
f 3840/3/3210 3833/3/3203 3735/3/3111
f 3721/1/3097 3879/1/3247 3749/1/3125
f 3721/1/3097 3749/1/3125 3742/1/3118
f 3855/1/3225 3723/1/3099 3726/1/3102
f 3855/1/3225 3726/1/3102 3925/1/3291
f 3896/4/3264 3887/4/3255 3884/4/3252
f 3896/4/3264 3884/4/3252 3883/4/3251
f 3726/1/3102 3725/1/3101 4684/1/4015
f 3726/1/3102 4684/1/4015 3746/1/3122
f 3877/1/3246 3876/1/3245 4697/1/4026
f 3877/1/3246 4697/1/4026 3871/1/3240
f 3729/4/3105 3715/4/3092 3718/4/3095
f 3729/4/3105 3718/4/3095 4324/4/3663
f 4697/1/4026 4696/1/4025 4679/1/2473
f 4697/1/4026 4679/1/2473 4319/1/3659
f 4721/2/4049 4722/2/4050 4723/2/4051
f 4721/2/4049 4723/2/4051 4724/2/4042
f 4719/3/4047 3961/3/3323 3836/3/3206
f 4719/3/4047 3836/3/3206 3868/3/3237
f 4707/1/4036 4711/1/4040 4715/1/4044
f 4707/1/4036 4715/1/4044 4714/1/4043
f 3880/1/3248 4714/1/4043 4699/1/4028
f 3880/1/3248 4699/1/4028 3923/1/3289
f 3950/4/3314 4725/4/4052 4651/4/3986
f 3950/4/3314 4651/4/3986 3951/4/3315
f 3385/2/245 344/2/240 346/2/317
f 3385/2/245 346/2/317 3376/2/2777
f 4726/3/4053 3300/3/2707 3380/3/2781
f 4726/3/4053 3380/3/2781 4727/3/4054
f 3375/3/2776 4727/3/4054 3380/3/2781
f 3375/3/2776 3380/3/2781 3373/3/2774
f 3300/3/2707 4726/3/4053 3381/3/2782
f 3300/3/2707 3381/3/2782 3297/3/2705
f 3382/3/2783 265/3/239 399/3/368
f 3382/3/2783 399/3/368 3383/3/388
f 3378/2/2779 340/2/313 3376/2/2777
f 3378/2/2779 3376/2/2777 346/2/317
f 4728/1/4055 4729/1/323 3287/1/2696
f 4728/1/4055 3287/1/2696 3286/1/2695
f 4730/2/4056 4731/2/4057 3528/2/2911
f 4730/2/4056 3528/2/2911 3531/2/2916
f 3284/2/2694 4732/2/4058 4733/2/4059
f 3284/2/2694 4733/2/4059 3281/2/2690
f 3289/2/2697 4734/2/4060 348/2/319
f 3289/2/2697 348/2/319 347/2/318
f 3537/2/2922 4735/2/4061 4736/2/4062
f 3537/2/2922 4736/2/4062 3538/2/2923
f 3540/2/2925 4737/2/4063 350/2/321
f 3540/2/2925 350/2/321 424/2/391
f 4090/1/3451 4087/1/3448 418/1/386
f 4090/1/3451 418/1/386 417/1/385
f 4735/2/4061 4738/2/4055 4739/2/4064
f 4735/2/4061 4739/2/4064 4736/2/4062
f 4737/2/4063 4740/2/4065 351/2/322
f 4737/2/4063 351/2/322 350/2/321
f 3518/2/2905 3510/2/2899 409/2/377
f 3518/2/2905 409/2/377 279/2/253
f 4741/2/329 4730/2/4056 3531/2/2916
f 4741/2/329 3531/2/2916 4742/2/4066
f 4742/2/4066 4743/2/249 4744/2/330
f 4742/2/4066 4744/2/330 4741/2/329
f 3522/2/2909 3511/2/2900 3514/2/2902
f 3522/2/2909 3514/2/2902 3530/2/2915
f 3579/2/2963 3574/2/2958 3573/2/2957
f 3579/2/2963 3573/2/2957 3555/2/2939
f 3578/2/2962 3575/2/2959 3574/2/2958
f 3578/2/2962 3574/2/2958 3579/2/2963
f 3558/2/2942 4745/2/4067 3553/2/2938
f 3558/2/2942 3553/2/2938 3556/2/2940
f 3545/2/2930 4246/2/3597 480/2/435
f 3545/2/2930 480/2/435 479/2/434
f 3544/2/2929 4243/2/3594 4246/2/3597
f 3544/2/2929 4246/2/3597 3545/2/2930
f 3564/2/2948 4746/2/4068 4747/2/4069
f 3564/2/2948 4747/2/4069 479/2/434
f 413/2/381 3273/2/2686 3272/2/2685
f 413/2/381 3272/2/2685 260/2/234
f 260/2/234 3272/2/2685 3812/2/3184
f 260/2/234 3812/2/3184 3301/2/2708
f 4748/2/4070 4749/2/4071 3301/2/2708
f 4748/2/4070 3301/2/2708 3812/2/3184
f 3305/4/2711 3333/4/2736 3339/4/2742
f 3305/4/2711 3339/4/2742 3337/4/2740
f 4750/2/4072 4751/2/4073 4752/2/3602
f 4750/2/4072 4752/2/3602 4753/2/4074
f 4233/2/335 4754/2/4075 4228/2/3582
f 4233/2/335 4228/2/3582 4234/2/3585
f 4755/2/4076 4756/2/4077 4751/2/4073
f 4755/2/4076 4751/2/4073 4750/2/4072
f 4757/2/4078 4758/2/4079 4235/2/3586
f 4757/2/4078 4235/2/3586 4234/2/3585
f 4754/2/4075 4759/2/3584 4229/2/3583
f 4754/2/4075 4229/2/3583 4228/2/3582
f 4194/2/3549 4755/2/4076 4750/2/4072
f 4194/2/3549 4750/2/4072 4195/2/3550
f 4227/2/3581 4757/2/4078 4234/2/3585
f 4227/2/3581 4234/2/3585 4228/2/3582
f 4220/2/3575 361/2/332 363/2/334
f 4220/2/3575 363/2/334 4221/2/3576
f 4760/2/4080 4761/2/4081 4762/2/4082
f 4760/2/4080 4762/2/4082 4763/2/4083
f 4760/2/4080 4764/2/4084 4218/2/3573
f 4760/2/4080 4218/2/3573 4221/2/3576
f 4761/2/4081 4760/2/4080 4221/2/3576
f 4761/2/4081 4221/2/3576 363/2/334
f 1442/4/1085 3306/4/2712 3335/4/2738
f 1442/4/1085 3335/4/2738 1446/4/1089
f 365/4/336 4249/4/3586 4248/4/3596
f 365/4/336 4248/4/3596 4765/4/4085
f 4223/4/3573 4766/4/4086 4257/4/3604
f 4223/4/3573 4257/4/3604 4224/4/3578
f 4224/4/3578 4257/4/3604 4256/4/3603
f 4224/4/3578 4256/4/3603 4230/4/3583
f 282/3/256 281/3/255 3675/3/3054
f 282/3/256 3675/3/3054 3279/3/2691
f 4360/3/3702 2567/3/3701 2592/3/2169
f 4360/3/3702 2592/3/2169 4365/3/3707
f 4724/2/4042 4723/2/4051 4767/2/3126
f 4724/2/4042 4767/2/3126 4768/2/3290
f 4769/2/3121 4770/2/4087 4771/2/3200
f 4769/2/3121 4771/2/3200 4772/2/3291
f 4770/2/4087 4769/2/3121 4773/2/3124
f 4770/2/4087 4773/2/3124 4774/2/3227
f 4775/2/3224 4776/2/3120 4777/2/4088
f 4775/2/3224 4777/2/4088 4778/2/4089
f 4779/2/4090 4780/2/4014 4781/2/4012
f 4779/2/4090 4781/2/4012 4782/2/4091
f 4783/2/4035 4784/2/4022 4785/2/4038
f 4783/2/4035 4785/2/4038 4786/2/4039
f 4787/2/4092 4788/2/3651 4789/2/3231
f 4787/2/4092 4789/2/3231 4790/2/3644
f 4791/2/3645 4792/2/3233 4793/2/3641
f 4791/2/3645 4793/2/3641 4794/2/4093
f 4788/2/3651 4787/2/4092 4795/2/4094
f 4788/2/3651 4795/2/4094 4796/2/3287
f 4797/2/3089 4798/2/3663 374/2/345
f 4797/2/3089 374/2/345 373/2/344
f 4799/2/3117 4800/2/3250 4801/2/3090
f 4799/2/3117 4801/2/3090 4802/2/3098
f 4800/2/3250 4799/2/3117 4776/2/3120
f 4800/2/3250 4776/2/3120 4775/2/3224
f 4778/2/4089 4777/2/4088 4772/2/3291
f 4778/2/4089 4772/2/3291 4771/2/3200
f 4803/2/3272 4804/2/3228 377/2/348
f 4803/2/3272 377/2/348 376/2/347
f 4805/2/4045 4806/2/3209 4807/2/3211
f 4805/2/4045 4807/2/3211 4808/2/4046
f 4809/2/3239 4810/2/4095 4722/2/4050
f 4809/2/3239 4722/2/4050 4721/2/4049
f 4810/2/4095 4809/2/3239 4811/2/3242
f 4810/2/4095 4811/2/3242 4812/2/3130
f 4790/2/3644 4789/2/3231 4792/2/3233
f 4790/2/3644 4792/2/3233 4791/2/3645
f 4813/2/3129 4814/2/3247 367/2/338
f 4813/2/3129 367/2/338 369/2/340
f 4815/2/4096 4816/2/4097 4817/2/4040
f 4815/2/4096 4817/2/4040 4818/2/4098
f 4816/2/4097 4815/2/4096 4806/2/3209
f 4816/2/4097 4806/2/3209 4805/2/4045
f 4819/2/3647 4820/2/3285 4796/2/3287
f 4819/2/3647 4796/2/3287 4795/2/4094
f 4821/2/3621 4822/2/3283 4823/2/3280
f 4821/2/3621 4823/2/3280 4824/2/4099
f 4808/2/4046 4807/2/3211 4825/2/3110
f 4808/2/4046 4825/2/3110 4826/2/4100
f 4827/2/4007 4828/2/3288 4829/2/3660
f 4827/2/4007 4829/2/3660 4830/2/4101
f 369/2/340 368/2/339 4831/2/4102
f 369/2/340 4831/2/4102 4832/2/3127
f 368/2/339 367/2/338 4833/2/4103
f 368/2/339 4833/2/4103 4834/2/3094
f 4786/2/4039 4785/2/4038 4818/2/4098
f 4786/2/4039 4818/2/4098 4817/2/4040
f 4822/2/3283 4821/2/3621 4804/2/3228
f 4822/2/3283 4804/2/3228 4803/2/3272
f 4774/2/3227 4773/2/3124 378/2/349
f 4774/2/3227 378/2/349 377/2/348
f 4835/2/3125 4836/2/4104 4768/2/3290
f 4835/2/3125 4768/2/3290 4767/2/3126
f 4836/2/4104 4835/2/3125 4814/2/3247
f 4836/2/4104 4814/2/3247 4813/2/3129
f 4837/2/4025 4838/2/3113 4780/2/4014
f 4837/2/4025 4780/2/4014 4779/2/4090
f 4838/2/3113 4837/2/4025 4826/2/4100
f 4838/2/3113 4826/2/4100 4825/2/3110
f 4839/2/3108 4840/2/3286 4820/2/3285
f 4839/2/3108 4820/2/3285 4819/2/3647
f 4840/2/3286 4839/2/3108 4798/2/3663
f 4840/2/3286 4798/2/3663 4797/2/3089
f 373/2/344 375/2/346 4802/2/3098
f 373/2/344 4802/2/3098 4801/2/3090
f 375/2/346 374/2/345 4834/2/3094
f 375/2/346 4834/2/3094 4833/2/4103
f 376/2/347 378/2/349 4841/2/3132
f 376/2/347 4841/2/3132 4842/2/3276
f 4832/2/3127 4831/2/4102 4784/2/4022
f 4832/2/3127 4784/2/4022 4783/2/4035
f 4812/2/3130 4811/2/3242 371/2/342
f 4812/2/3130 371/2/342 370/2/341
f 372/2/343 371/2/342 4828/2/3288
f 372/2/343 4828/2/3288 4827/2/4007
f 4830/2/4101 4829/2/3660 4782/2/4091
f 4830/2/4101 4782/2/4091 4781/2/4012
f 370/2/341 372/2/343 4842/2/3276
f 370/2/341 4842/2/3276 4841/2/3132
f 4843/2/3625 4844/2/3627 4845/2/4105
f 4843/2/3625 4845/2/4105 4846/2/4106
f 4846/2/4106 4845/2/4105 4824/2/4099
f 4846/2/4106 4824/2/4099 4823/2/3280
f 4844/2/3627 4843/2/3625 4794/2/4093
f 4844/2/3627 4794/2/4093 4793/2/3641
f 4720/1/4048 3877/1/3246 3871/1/3240
f 4720/1/4048 3871/1/3240 3870/1/3239
f 292/4/266 4576/4/3911 3974/4/3336
f 292/4/266 3974/4/3336 3971/4/3333
f 4847/2/3760 4848/2/3762 4849/2/4107
f 4847/2/3760 4849/2/4107 4850/2/3758
f 4848/2/3762 4847/2/3760 4851/2/3716
f 4848/2/3762 4851/2/3716 4852/2/4108
f 4853/2/4109 4854/2/4110 4852/2/4108
f 4853/2/4109 4852/2/4108 4851/2/3716
f 4854/2/4110 4853/2/4109 4855/2/4111
f 4854/2/4110 4855/2/4111 4856/2/3789
f 4857/2/4112 4858/2/3740 4859/2/4113
f 4857/2/4112 4859/2/4113 4860/2/3737
f 4861/2/4114 4862/2/3757 133/2/2581
f 4861/2/4114 133/2/2581 134/2/2220
f 4860/2/3737 4859/2/4113 4863/2/3726
f 4860/2/3737 4863/2/3726 4864/2/3736
f 4850/2/3758 4849/2/4107 4865/2/3730
f 4850/2/3758 4865/2/3730 4866/2/4115
f 4867/2/4116 4868/2/3771 4869/2/3749
f 4867/2/4116 4869/2/3749 4870/2/4117
f 4868/2/3771 4867/2/4116 4862/2/3757
f 4868/2/3771 4862/2/3757 4861/2/4114
f 4866/2/4115 4865/2/3730 4870/2/4117
f 4866/2/4115 4870/2/4117 4869/2/3749
f 4871/2/4118 4872/2/3739 4858/2/3740
f 4871/2/4118 4858/2/3740 4857/2/4112
f 4872/2/3739 4871/2/4118 4873/2/3793
f 4872/2/3739 4873/2/3793 4874/2/3803
f 4856/2/3789 4855/2/4111 4875/2/4119
f 4856/2/3789 4875/2/4119 4876/2/3790
f 4877/2/3717 4878/2/4120 4864/2/3736
f 4877/2/3717 4864/2/3736 4863/2/3726
f 4878/2/4120 4877/2/3717 130/2/2167
f 4878/2/4120 130/2/2167 131/2/127
f 4876/2/3790 4875/2/4119 4874/2/3803
f 4876/2/3790 4874/2/3803 4873/2/3793
f 4413/3/3755 4431/3/3771 4430/3/3770
f 4413/3/3755 4430/3/3770 4424/3/3765
f 436/3/259 3241/3/2654 389/3/358
f 436/3/259 389/3/358 388/3/357
f 349/2/320 4732/2/4058 3284/2/2694
f 349/2/320 3284/2/2694 347/2/318
f 4879/3/233 3298/3/235 3297/3/2705
f 4879/3/233 3297/3/2705 3383/3/388
f 350/2/321 4735/2/4061 3537/2/2922
f 350/2/321 3537/2/2922 424/2/391
f 4880/3/323 4881/3/322 4882/3/4121
f 4880/3/323 4882/3/4121 4883/3/2696
f 4569/4/3905 4568/4/3904 332/4/306
f 4569/4/3905 332/4/306 331/4/305
f 3947/4/3311 4663/4/3996 4884/4/4122
f 3947/4/3311 4884/4/4122 4550/4/3299
f 279/2/253 278/2/252 4885/2/4123
f 279/2/253 4885/2/4123 356/2/327
f 384/3/355 4040/3/3402 4037/3/3399
f 384/3/355 4037/3/3399 4886/3/4124
f 4883/3/2696 4882/3/4121 4887/3/4125
f 4883/3/2696 4887/3/4125 4888/3/320
f 352/2/323 4738/2/4055 4735/2/4061
f 352/2/323 4735/2/4061 350/2/321
f 4133/1/3490 4135/1/3492 4138/1/3495
f 4133/1/3490 4138/1/3495 4134/1/3491
f 4889/1/3081 4890/1/4126 3695/1/3073
f 4889/1/3081 3695/1/3073 3694/1/361
f 4891/3/4127 4485/3/3824 383/3/354
f 4891/3/4127 383/3/354 382/3/353
f 387/3/228 3263/3/2676 435/3/397
f 387/3/228 435/3/397 434/3/229
f 4134/1/3491 4138/1/3495 4087/1/3448
f 4134/1/3491 4087/1/3448 4090/1/3451
f 303/1/277 4086/1/3447 4154/1/356
f 303/1/277 4154/1/356 304/1/278
f 4892/3/378 4288/3/3628 4270/3/3612
f 4892/3/378 4270/3/3612 4893/3/286
f 4886/3/4124 4037/3/3399 4025/3/3387
f 4886/3/4124 4025/3/3387 4894/3/373
f 347/2/318 3284/2/2694 3283/2/2693
f 347/2/318 3283/2/2693 395/2/364
f 4133/1/3490 4126/1/3483 2301/1/1897
f 4133/1/3490 2301/1/1897 2313/1/1909
f 412/1/380 411/1/379 4890/1/4126
f 412/1/380 4890/1/4126 4889/1/3081
f 4585/3/3920 4578/3/3913 4577/3/3912
f 4585/3/3920 4577/3/3912 4584/3/3919
f 428/3/393 4484/3/3823 4485/3/3824
f 428/3/393 4485/3/3824 4891/3/4127
f 4895/1/4128 4074/1/3436 4073/1/3435
f 4895/1/4128 4073/1/3435 4192/1/3547
f 4752/2/3602 4758/2/4079 4757/2/4078
f 4752/2/3602 4757/2/4078 4753/2/4074
f 4896/1/4129 4650/1/3985 4632/1/3967
f 4896/1/4129 4632/1/3967 4897/1/3988
f 462/1/420 461/1/419 3293/1/2701
f 462/1/420 3293/1/2701 4898/1/4130
f 4899/1/3370 3997/1/3359 4000/1/3362
f 4899/1/3370 4000/1/3362 4900/1/271
f 258/1/232 257/1/231 3296/1/2704
f 258/1/232 3296/1/2704 4901/1/417
f 4902/1/3777 4903/1/3774 4904/1/4131
f 4902/1/3777 4904/1/4131 4905/1/289
f 4896/1/4129 4655/1/3990 4649/1/3984
f 4896/1/4129 4649/1/3984 4650/1/3985
f 476/1/295 475/1/431 4453/1/3792
f 476/1/295 4453/1/3792 4520/1/3859
f 4906/4/2937 4907/4/2938 4908/4/4132
f 4906/4/2937 4908/4/4132 4909/4/4133
f 3529/2/2914 3523/2/2910 3522/2/2909
f 3529/2/2914 3522/2/2909 3530/2/2915
f 4910/1/4134 4911/1/3769 4903/1/3774
f 4910/1/4134 4903/1/3774 4902/1/3777
f 4912/1/3533 4172/1/3527 4016/1/3378
f 4912/1/3533 4016/1/3378 4913/1/3369
f 4914/3/3997 3937/3/3302 3935/3/3300
f 4914/3/3997 3935/3/3300 4658/3/3993
f 3514/2/2902 4742/2/4066 3531/2/2916
f 3514/2/2902 3531/2/2916 3530/2/2915
f 3572/2/2956 3568/2/2952 3559/2/2943
f 3572/2/2956 3559/2/2943 3573/2/2957
f 4520/1/3859 4061/1/3423 4063/1/3425
f 4520/1/3859 4063/1/3425 4915/1/293
f 4916/1/4135 4534/1/3871 4533/1/3345
f 4916/1/4135 4533/1/3345 4917/1/4136
f 4918/1/398 3464/1/2857 3467/1/2860
f 4918/1/398 3467/1/2860 4919/1/4137
f 3160/1/2603 3161/1/2604 4911/1/3769
f 3160/1/2603 4911/1/3769 4910/1/4134
f 4661/3/3994 4582/3/3917 3937/3/3302
f 4661/3/3994 3937/3/3302 4914/3/3997
f 4920/1/4138 4167/1/3522 4170/1/3525
f 4920/1/4138 4170/1/3525 4921/1/4139
f 4905/1/289 4904/1/4131 4450/1/3791
f 4905/1/289 4450/1/3791 474/1/290
f 4913/1/3369 4016/1/3378 3997/1/3359
f 4913/1/3369 3997/1/3359 4899/1/3370
f 442/1/403 441/1/402 3250/1/2663
f 442/1/403 3250/1/2663 4922/1/4140
f 4725/4/4052 3950/4/3314 4569/4/3905
f 4725/4/4052 4569/4/3905 4923/4/4141
f 3554/2/2937 3580/2/2964 3579/2/2963
f 3554/2/2937 3579/2/2963 3555/2/2939
f 4924/1/4142 4075/1/3437 4074/1/3436
f 4924/1/4142 4074/1/3436 4895/1/4128
f 4925/3/4002 4578/3/3913 4585/3/3920
f 4925/3/4002 4585/3/3920 4665/3/3998
f 4926/1/4143 4634/1/3969 4635/1/3970
f 4926/1/4143 4635/1/3970 4659/1/3992
f 3573/2/2957 3559/2/2943 3556/2/2940
f 3573/2/2957 3556/2/2940 3555/2/2939
f 355/2/326 3510/2/2899 3518/2/2905
f 355/2/326 3518/2/2905 353/2/324
f 4258/2/3605 4196/2/3551 4195/2/3550
f 4258/2/3605 4195/2/3550 4259/2/3606
f 4927/1/2913 4928/1/4144 4929/1/2910
f 4927/1/2913 4929/1/2910 4930/1/2914
f 3516/2/422 3508/2/2897 3510/2/2899
f 3516/2/422 3510/2/2899 355/2/326
f 4919/1/4137 3467/1/2860 456/1/414
f 4919/1/4137 456/1/414 455/1/413
f 4931/3/4006 4579/3/3914 4578/3/3913
f 4931/3/4006 4578/3/3913 4925/3/4002
f 4921/1/4139 4170/1/3525 4172/1/3527
f 4921/1/4139 4172/1/3527 4912/1/3533
f 4897/1/3988 4632/1/3967 4634/1/3969
f 4897/1/3988 4634/1/3969 4926/1/4143
f 473/1/430 4050/1/3412 4167/1/3522
f 473/1/430 4167/1/3522 4920/1/4138
f 4932/1/2956 4933/1/2955 4928/1/4144
f 4932/1/2956 4928/1/4144 4927/1/2913
f 3277/4/232 3276/4/2689 3346/4/2748
f 3277/4/232 3346/4/2748 452/4/230
f 3513/2/250 4743/2/249 4742/2/4066
f 3513/2/250 4742/2/4066 3514/2/2902
f 4915/1/293 4063/1/3425 472/1/429
f 4915/1/293 472/1/429 471/1/428
f 4934/2/3591 4935/2/3588 4936/2/3587
f 4934/2/3591 4936/2/3587 4937/2/4145
f 4938/2/4146 4937/2/4145 4936/2/3587
f 4938/2/4146 4936/2/3587 4939/2/4147
f 4935/2/3588 4934/2/3591 4940/2/4148
f 4935/2/3588 4940/2/4148 4941/2/4149
f 4942/2/4150 4943/2/4150 4941/2/4149
f 4942/2/4150 4941/2/4149 4940/2/4148
f 4944/2/4151 4938/2/4146 4939/2/4147
f 4944/2/4151 4939/2/4147 4945/2/4152
f 4946/2/4153 4944/2/4151 4945/2/4152
f 4946/2/4153 4945/2/4152 4947/2/4154
f 4948/4/4155 3895/4/3263 3894/4/3262
f 4948/4/4155 3894/4/3262 4949/4/4156
f 4950/4/4157 3901/4/3269 3903/4/3271
f 4950/4/4157 3903/4/3271 4951/4/4158
f 4952/1/265 4953/1/4159 4954/1/439
f 4952/1/265 4954/1/439 4955/1/4160
f 4956/4/4018 4704/4/4033 4705/4/4034
f 4956/4/4018 4705/4/4034 4957/4/4019
f 4958/4/4161 4576/4/3911 292/4/266
f 4958/4/4161 292/4/266 291/4/265
f 4959/4/4162 4700/4/4029 3902/4/3270
f 4959/4/4162 3902/4/3270 4960/4/4163
f 333/4/307 332/4/306 4576/4/3911
f 333/4/307 4576/4/3911 4958/4/4161
f 4961/1/4164 4962/1/389 4963/1/4165
f 4961/1/4164 4963/1/4165 4964/1/4166
f 4965/4/4167 4303/4/3643 4295/4/3635
f 4965/4/4167 4295/4/3635 4966/4/4168
f 4949/4/4156 3894/4/3262 4302/4/3642
f 4949/4/4156 4302/4/3642 4967/4/4169
f 4951/4/4158 3903/4/3271 3895/4/3263
f 4951/4/4158 3895/4/3263 4948/4/4155
f 4960/4/4163 3902/4/3270 3901/4/3269
f 4960/4/4163 3901/4/3269 4950/4/4157
f 4957/4/4019 4705/4/4034 4700/4/4029
f 4957/4/4019 4700/4/4029 4959/4/4162
f 4574/1/307 4573/1/3909 4968/1/4170
f 4574/1/307 4968/1/4170 4969/1/305
f 290/4/264 3968/4/3330 3967/4/3329
f 290/4/264 3967/4/3329 4970/4/4171
f 4970/4/4171 3967/4/3329 4704/4/4033
f 4970/4/4171 4704/4/4033 4956/4/4018
f 4966/4/4168 4295/4/3635 4294/4/3634
f 4966/4/4168 4294/4/3634 4971/4/4172
f 4967/4/4169 4302/4/3642 4303/4/3643
f 4967/4/4169 4303/4/3643 4965/4/4167
f 4972/1/4173 4973/1/4174 4974/1/4155
f 4972/1/4173 4974/1/4155 4975/1/3274
f 4276/1/3616 4279/1/3619 4976/1/4167
f 4276/1/3616 4976/1/4167 4977/1/3614
f 4978/1/4175 4687/1/4017 4690/1/4019
f 4978/1/4175 4690/1/4019 4979/1/4176
f 4954/1/439 4953/1/4159 4980/1/4177
f 4954/1/439 4980/1/4177 4981/1/3341
f 4977/1/3614 4976/1/4167 4982/1/4168
f 4977/1/3614 4982/1/4168 4983/1/4178
f 4975/1/3274 4974/1/4155 4278/1/3618
f 4975/1/3274 4278/1/3618 4277/1/3284
f 4978/1/4175 4979/1/4176 4984/1/4179
f 4978/1/4175 4984/1/4179 4985/1/4180
f 4983/1/4178 4982/1/4168 4986/1/4181
f 4983/1/4178 4986/1/4181 4987/1/3617
f 4981/1/3341 4980/1/4177 4689/1/4018
f 4981/1/3341 4689/1/4018 4688/1/4013
f 4554/1/3890 4555/1/3891 4669/1/4001
f 4554/1/3890 4669/1/4001 4671/1/4003
f 4571/3/3907 4570/3/3906 4579/3/3914
f 4571/3/3907 4579/3/3914 4988/3/4182
f 4985/1/4180 4984/1/4179 4989/1/4183
f 4985/1/4180 4989/1/4183 4990/1/3277
f 4955/1/4160 4572/1/3908 4575/1/3910
f 4955/1/4160 4575/1/3910 4952/1/265
f 4990/1/3277 4989/1/4183 4973/1/4174
f 4990/1/3277 4973/1/4174 4972/1/4173
f 4991/1/4184 4992/1/4185 4993/1/443
f 4991/1/4184 4993/1/443 4994/1/4186
f 490/3/443 489/3/442 4995/3/389
f 490/3/443 4995/3/389 4996/3/4187
f 4992/1/4185 4991/1/4184 4987/1/3617
f 4992/1/4185 4987/1/3617 4986/1/4181
f 4993/1/443 4961/1/4164 483/1/438
f 4993/1/443 483/1/438 4994/1/4186
f 4672/1/4004 4997/1/4188 4998/1/4189
f 4672/1/4004 4998/1/4189 4673/1/4005
f 4674/1/4006 4553/1/3889 4554/1/3890
f 4674/1/4006 4554/1/3890 4671/1/4003
f 4997/1/4188 4969/1/305 4968/1/4170
f 4997/1/4188 4968/1/4170 4998/1/4189
f 4999/1/4190 5000/1/4191 5001/1/4192
f 4999/1/4190 5001/1/4192 5002/1/4193
f 5003/3/4194 5004/3/4195 5005/3/4196
f 5003/3/4194 5005/3/4196 5006/3/4197
f 5004/3/4195 5007/3/4198 5008/3/4199
f 5004/3/4195 5008/3/4199 5005/3/4196
f 5007/3/4198 5009/3/4200 5010/3/4201
f 5007/3/4198 5010/3/4201 5008/3/4199
f 5009/3/4200 5011/3/4202 5012/3/4203
f 5009/3/4200 5012/3/4203 5010/3/4201
f 5011/3/4202 5013/3/4204 5014/3/4205
f 5011/3/4202 5014/3/4205 5012/3/4203
f 5013/3/4204 5015/3/4206 5016/3/4207
f 5013/3/4204 5016/3/4207 5014/3/4205
f 5015/3/4206 5017/3/4208 5018/3/4209
f 5015/3/4206 5018/3/4209 5016/3/4207
f 5017/3/4208 5019/3/4210 5020/3/4211
f 5017/3/4208 5020/3/4211 5018/3/4209
f 5019/3/4210 5021/3/4212 5022/3/4213
f 5019/3/4210 5022/3/4213 5020/3/4211
f 5021/3/4212 5023/3/4214 5024/3/4215
f 5021/3/4212 5024/3/4215 5022/3/4213
f 5023/3/4214 5025/3/4216 5026/3/4217
f 5023/3/4214 5026/3/4217 5024/3/4215
f 5025/3/4216 5027/3/4218 5028/3/4219
f 5025/3/4216 5028/3/4219 5026/3/4217
f 5027/3/4218 5029/3/4220 5030/3/4221
f 5027/3/4218 5030/3/4221 5028/3/4219
f 5029/3/4220 5031/3/4222 5032/3/4223
f 5029/3/4220 5032/3/4223 5030/3/4221
f 5031/3/4222 5033/3/4224 5034/3/4225
f 5031/3/4222 5034/3/4225 5032/3/4223
f 5033/3/4224 5035/3/4226 5036/3/4227
f 5033/3/4224 5036/3/4227 5034/3/4225
f 5035/3/4226 5037/3/4228 5038/3/4229
f 5035/3/4226 5038/3/4229 5036/3/4227
f 5037/3/4228 5039/3/4230 5040/3/4231
f 5037/3/4228 5040/3/4231 5038/3/4229
f 5039/3/4230 5041/3/4232 5042/3/4233
f 5039/3/4230 5042/3/4233 5040/3/4231
f 5041/3/4232 5043/3/4234 5044/3/4235
f 5041/3/4232 5044/3/4235 5042/3/4233
f 5043/3/4234 5045/3/4236 5046/3/4237
f 5043/3/4234 5046/3/4237 5044/3/4235
f 5045/3/4236 5047/3/4238 5048/3/4239
f 5045/3/4236 5048/3/4239 5046/3/4237
f 5047/3/4238 5049/3/4240 5050/3/4241
f 5047/3/4238 5050/3/4241 5048/3/4239
f 5049/3/4240 5051/3/4242 5052/3/4243
f 5049/3/4240 5052/3/4243 5050/3/4241
f 5051/3/4242 5053/3/4244 5054/3/4245
f 5051/3/4242 5054/3/4245 5052/3/4243
f 5053/3/4244 5055/3/4246 5056/3/4247
f 5053/3/4244 5056/3/4247 5054/3/4245
f 5055/3/4246 5057/3/4248 5058/3/4249
f 5055/3/4246 5058/3/4249 5056/3/4247
f 5057/3/4248 5059/3/4250 5060/3/4251
f 5057/3/4248 5060/3/4251 5058/3/4249
f 5059/3/4250 5061/3/4252 5062/3/4253
f 5059/3/4250 5062/3/4253 5060/3/4251
f 5015/3/4206 5013/3/4204 5063/3/4254
f 5015/3/4206 5063/3/4254 5064/3/4255
f 5061/3/4252 5065/3/4256 5066/3/4257
f 5061/3/4252 5066/3/4257 5062/3/4253
f 5065/3/4256 5067/3/4258 5068/3/4259
f 5065/3/4256 5068/3/4259 5066/3/4257
f 5069/1/4260 5070/1/4261 5071/1/4262
f 5069/1/4260 5071/1/4262 5072/1/4263
f 5073/1/4264 5074/1/4265 5075/1/4266
f 5073/1/4264 5075/1/4266 5076/1/4267
f 5077/1/4268 5078/1/4269 5079/1/4270
f 5077/1/4268 5079/1/4270 5080/1/4271
f 5081/1/4272 5082/1/4273 5083/1/4274
f 5081/1/4272 5083/1/4274 5084/1/4275
f 5085/1/4276 5086/1/4277 5087/1/4278
f 5085/1/4276 5087/1/4278 5088/1/4279
f 5089/1/4280 5090/1/4281 5091/1/4282
f 5089/1/4280 5091/1/4282 5092/1/4283
f 5093/1/4284 5094/1/4285 5095/1/4286
f 5093/1/4284 5095/1/4286 5096/1/4287
f 5097/1/4288 5098/1/4289 4999/1/4190
f 5097/1/4288 4999/1/4190 5099/1/4290
f 5072/1/4263 5071/1/4262 5100/1/4291
f 5072/1/4263 5100/1/4291 5101/1/4292
f 5080/1/4271 5079/1/4270 5102/1/4293
f 5080/1/4271 5102/1/4293 5103/1/4294
f 5084/1/4275 5083/1/4274 5104/1/4295
f 5084/1/4275 5104/1/4295 5105/1/4296
f 5088/1/4279 5087/1/4278 5106/1/4297
f 5088/1/4279 5106/1/4297 5107/1/4298
f 5092/1/4283 5091/1/4282 5108/1/4299
f 5092/1/4283 5108/1/4299 5109/1/4300
f 5110/2/4301 5111/2/4302 5112/2/4303
f 5110/2/4301 5112/2/4303 5113/2/4304
f 5099/1/4290 4999/1/4190 5002/1/4193
f 5099/1/4290 5002/1/4193 5114/1/4305
f 5101/1/4292 5100/1/4291 5115/1/4306
f 5101/1/4292 5115/1/4306 5116/1/4307
f 5103/1/4294 5102/1/4293 5117/1/4308
f 5103/1/4294 5117/1/4308 5118/1/4309
f 5105/1/4296 5104/1/4295 5119/1/4310
f 5105/1/4296 5119/1/4310 5120/1/4311
f 5107/1/4298 5106/1/4297 5121/1/4312
f 5107/1/4298 5121/1/4312 5122/1/4313
f 5109/1/4300 5108/1/4299 5123/1/4314
f 5109/1/4300 5123/1/4314 5124/1/4315
f 5125/1/4316 5126/1/4317 5127/1/4318
f 5125/1/4316 5127/1/4318 5128/1/4319
f 5114/1/4305 5002/1/4193 5129/1/4320
f 5114/1/4305 5129/1/4320 5130/1/4321
f 5116/1/4307 5115/1/4306 5131/1/4322
f 5116/1/4307 5131/1/4322 5132/1/4323
f 5118/1/4309 5117/1/4308 5133/1/4324
f 5118/1/4309 5133/1/4324 5134/1/4325
f 5120/1/4311 5119/1/4310 5135/1/4326
f 5120/1/4311 5135/1/4326 5136/1/4327
f 5122/1/4313 5121/1/4312 5070/1/4261
f 5122/1/4313 5070/1/4261 5069/1/4260
f 5124/1/4315 5123/1/4314 5078/1/4269
f 5124/1/4315 5078/1/4269 5077/1/4268
f 5137/1/4328 5126/1/4317 5082/1/4273
f 5137/1/4328 5082/1/4273 5081/1/4272
f 5130/1/4321 5129/1/4320 5086/1/4277
f 5130/1/4321 5086/1/4277 5085/1/4276
f 5132/1/4323 5131/1/4322 5090/1/4281
f 5132/1/4323 5090/1/4281 5089/1/4280
f 5134/1/4325 5133/1/4324 5094/1/4285
f 5134/1/4325 5094/1/4285 5093/1/4284
f 5136/1/4327 5135/1/4326 5138/1/4329
f 5136/1/4327 5138/1/4329 5139/1/4330
f 5140/2/4331 5141/2/4332 5142/2/4333
f 5140/2/4331 5142/2/4333 5143/2/4334
f 5144/1/4335 5145/1/4336 5146/1/4337
f 5144/1/4335 5146/1/4337 5147/1/4338
f 5074/1/4265 5148/1/4339 5149/1/4340
f 5074/1/4265 5149/1/4340 5075/1/4266
f 5145/1/4336 5150/1/4341 5151/1/4342
f 5145/1/4336 5151/1/4342 5146/1/4337
f 5148/1/4339 5152/1/4343 5153/1/4344
f 5148/1/4339 5153/1/4344 5149/1/4340
f 5150/1/4341 5154/1/4345 5155/1/4346
f 5150/1/4341 5155/1/4346 5151/1/4342
f 5152/1/4343 5156/1/4347 5157/1/4348
f 5152/1/4343 5157/1/4348 5153/1/4344
f 5154/1/4345 5158/1/4349 5159/1/4350
f 5154/1/4345 5159/1/4350 5155/1/4346
f 5156/1/4347 5160/1/4351 5161/1/4352
f 5156/1/4347 5161/1/4352 5157/1/4348
f 5158/1/4349 5162/1/4353 5163/1/4354
f 5158/1/4349 5163/1/4354 5159/1/4350
f 5160/1/4351 5164/1/4355 5165/1/4356
f 5160/1/4351 5165/1/4356 5161/1/4352
f 5162/1/4353 5166/1/4357 5167/1/4358
f 5162/1/4353 5167/1/4358 5163/1/4354
f 5164/1/4355 5168/1/4359 5169/1/4360
f 5164/1/4355 5169/1/4360 5165/1/4356
f 5166/1/4357 5170/1/4361 5171/1/4362
f 5166/1/4357 5171/1/4362 5167/1/4358
f 5168/1/4359 5172/1/4363 5173/1/4364
f 5168/1/4359 5173/1/4364 5169/1/4360
f 5170/1/4361 5174/1/4365 5175/1/4366
f 5170/1/4361 5175/1/4366 5171/1/4362
f 5176/1/4367 5177/1/4368 5178/1/4369
f 5176/1/4367 5178/1/4369 5179/1/4370
f 5172/1/4363 5180/1/4371 5181/1/4372
f 5172/1/4363 5181/1/4372 5173/1/4364
f 5174/1/4365 5182/1/4373 5183/1/4374
f 5174/1/4365 5183/1/4374 5175/1/4366
f 5177/1/4368 5184/1/4375 5185/1/4376
f 5177/1/4368 5185/1/4376 5178/1/4369
f 5180/1/4371 5186/1/4377 5187/1/4378
f 5180/1/4371 5187/1/4378 5181/1/4372
f 5182/1/4373 5188/1/4379 5189/1/4380
f 5182/1/4373 5189/1/4380 5183/1/4374
f 5184/1/4375 5190/1/4381 5191/1/4382
f 5184/1/4375 5191/1/4382 5185/1/4376
f 5186/1/4377 5192/1/4383 5193/1/4384
f 5186/1/4377 5193/1/4384 5187/1/4378
f 5188/1/4379 5194/1/4385 5195/1/4386
f 5188/1/4379 5195/1/4386 5189/1/4380
f 5190/1/4381 5196/1/4387 5197/1/4388
f 5190/1/4381 5197/1/4388 5191/1/4382
f 5192/1/4383 5198/1/4389 5199/1/4390
f 5192/1/4383 5199/1/4390 5193/1/4384
f 5194/1/4385 5200/1/4391 5201/1/4392
f 5194/1/4385 5201/1/4392 5195/1/4386
f 5196/1/4387 5202/1/4393 5203/1/4394
f 5196/1/4387 5203/1/4394 5197/1/4388
f 5198/1/4389 5176/1/4367 5179/1/4370
f 5198/1/4389 5179/1/4370 5199/1/4390
f 5200/1/4391 5073/1/4264 5076/1/4267
f 5200/1/4391 5076/1/4267 5201/1/4392
f 5202/1/4393 5144/1/4335 5147/1/4338
f 5202/1/4393 5147/1/4338 5203/1/4394
f 5204/2/4395 5205/2/4396 5206/2/4397
f 5204/2/4395 5206/2/4397 5207/2/4398
f 5208/2/4399 5209/2/4400 5210/2/4401
f 5208/2/4399 5210/2/4401 5211/2/4402
f 5209/2/4400 5212/2/4403 5213/2/4404
f 5209/2/4400 5213/2/4404 5210/2/4401
f 5212/2/4403 5214/2/4405 5215/2/4406
f 5212/2/4403 5215/2/4406 5213/2/4404
f 5214/2/4405 5216/2/4407 5217/2/4408
f 5214/2/4405 5217/2/4408 5215/2/4406
f 5216/2/4407 5218/2/4409 5219/2/4410
f 5216/2/4407 5219/2/4410 5217/2/4408
f 5218/2/4409 5220/2/4411 5221/2/4412
f 5218/2/4409 5221/2/4412 5219/2/4410
f 5220/2/4411 5222/2/4413 5223/2/4414
f 5220/2/4411 5223/2/4414 5221/2/4412
f 5222/2/4413 5224/2/4415 5225/2/4416
f 5222/2/4413 5225/2/4416 5223/2/4414
f 5224/2/4415 5226/2/4417 5227/2/4418
f 5224/2/4415 5227/2/4418 5225/2/4416
f 5226/2/4417 5228/2/4419 5229/2/4420
f 5226/2/4417 5229/2/4420 5227/2/4418
f 5228/2/4419 5230/2/4421 5231/2/4422
f 5228/2/4419 5231/2/4422 5229/2/4420
f 5230/2/4421 5232/2/4423 5233/2/4424
f 5230/2/4421 5233/2/4424 5231/2/4422
f 5232/2/4423 5234/2/4425 5235/2/4426
f 5232/2/4423 5235/2/4426 5233/2/4424
f 5234/2/4425 5236/2/4427 5237/2/4428
f 5234/2/4425 5237/2/4428 5235/2/4426
f 5236/2/4427 5238/2/4429 5239/2/4430
f 5236/2/4427 5239/2/4430 5237/2/4428
f 5238/2/4429 5240/2/4431 5241/2/4432
f 5238/2/4429 5241/2/4432 5239/2/4430
f 5240/2/4431 5242/2/4433 5243/2/4434
f 5240/2/4431 5243/2/4434 5241/2/4432
f 5242/2/4433 5244/2/4435 5245/2/4436
f 5242/2/4433 5245/2/4436 5243/2/4434
f 5246/1/4437 5247/1/4438 5075/1/4266
f 5246/1/4437 5075/1/4266 5149/1/4340
f 5244/2/4435 5140/2/4331 5143/2/4334
f 5244/2/4435 5143/2/4334 5245/2/4436
f 5141/2/4332 5248/2/4439 5249/2/4440
f 5141/2/4332 5249/2/4440 5142/2/4333
f 5248/2/4439 5250/2/4441 5251/2/4442
f 5248/2/4439 5251/2/4442 5249/2/4440
f 5250/2/4441 5252/2/4443 5253/2/4444
f 5250/2/4441 5253/2/4444 5251/2/4442
f 5252/2/4443 5254/2/4445 5255/2/4446
f 5252/2/4443 5255/2/4446 5253/2/4444
f 5254/2/4445 5256/2/4447 5257/2/4448
f 5254/2/4445 5257/2/4448 5255/2/4446
f 5256/2/4447 5258/2/4449 5259/2/4450
f 5256/2/4447 5259/2/4450 5257/2/4448
f 5258/2/4449 5260/2/4451 5261/2/4452
f 5258/2/4449 5261/2/4452 5259/2/4450
f 5260/2/4451 5262/2/4453 5263/2/4454
f 5260/2/4451 5263/2/4454 5261/2/4452
f 5262/2/4453 5204/2/4395 5207/2/4398
f 5262/2/4453 5207/2/4398 5263/2/4454
f 5264/1/4455 5265/1/4456 5179/1/4370
f 5264/1/4455 5179/1/4370 5178/1/4369
f 5249/2/4440 5251/2/4442 5266/2/4457
f 5249/2/4440 5266/2/4457 5267/2/4458
f 5268/1/4459 5269/1/4460 5146/1/4337
f 5268/1/4459 5146/1/4337 5151/1/4342
f 5270/1/4461 5246/1/4437 5149/1/4340
f 5270/1/4461 5149/1/4340 5153/1/4344
f 5271/1/4462 5268/1/4459 5151/1/4342
f 5271/1/4462 5151/1/4342 5155/1/4346
f 5272/1/4463 5270/1/4461 5153/1/4344
f 5272/1/4463 5153/1/4344 5157/1/4348
f 5273/1/4464 5271/1/4462 5155/1/4346
f 5273/1/4464 5155/1/4346 5159/1/4350
f 5274/1/4465 5272/1/4463 5157/1/4348
f 5274/1/4465 5157/1/4348 5161/1/4352
f 5275/1/4466 5273/1/4464 5159/1/4350
f 5275/1/4466 5159/1/4350 5163/1/4354
f 5276/1/4467 5274/1/4465 5161/1/4352
f 5276/1/4467 5161/1/4352 5165/1/4356
f 5277/1/4468 5275/1/4466 5163/1/4354
f 5277/1/4468 5163/1/4354 5167/1/4358
f 5278/1/4469 5276/1/4467 5165/1/4356
f 5278/1/4469 5165/1/4356 5169/1/4360
f 5279/1/4470 5277/1/4468 5167/1/4358
f 5279/1/4470 5167/1/4358 5171/1/4362
f 5280/1/4471 5278/1/4469 5169/1/4360
f 5280/1/4471 5169/1/4360 5173/1/4364
f 5281/1/4472 5279/1/4470 5171/1/4362
f 5281/1/4472 5171/1/4362 5175/1/4366
f 5265/1/4456 5282/1/4473 5199/1/4390
f 5265/1/4456 5199/1/4390 5179/1/4370
f 5283/1/4474 5280/1/4471 5173/1/4364
f 5283/1/4474 5173/1/4364 5181/1/4372
f 5284/1/4475 5281/1/4472 5175/1/4366
f 5284/1/4475 5175/1/4366 5183/1/4374
f 5285/1/4476 5264/1/4455 5178/1/4369
f 5285/1/4476 5178/1/4369 5185/1/4376
f 5286/1/4477 5283/1/4474 5181/1/4372
f 5286/1/4477 5181/1/4372 5187/1/4378
f 5287/1/4478 5284/1/4475 5183/1/4374
f 5287/1/4478 5183/1/4374 5189/1/4380
f 5288/1/4479 5285/1/4476 5185/1/4376
f 5288/1/4479 5185/1/4376 5191/1/4382
f 5289/1/4480 5286/1/4477 5187/1/4378
f 5289/1/4480 5187/1/4378 5193/1/4384
f 5290/1/4481 5287/1/4478 5189/1/4380
f 5290/1/4481 5189/1/4380 5195/1/4386
f 5291/1/4482 5288/1/4479 5191/1/4382
f 5291/1/4482 5191/1/4382 5197/1/4388
f 5282/1/4473 5289/1/4480 5193/1/4384
f 5282/1/4473 5193/1/4384 5199/1/4390
f 5292/1/4483 5290/1/4481 5195/1/4386
f 5292/1/4483 5195/1/4386 5201/1/4392
f 5293/1/4484 5291/1/4482 5197/1/4388
f 5293/1/4484 5197/1/4388 5203/1/4394
f 5294/2/4485 5208/2/4399 5211/2/4402
f 5294/2/4485 5211/2/4402 5295/2/4486
f 5296/1/4487 5292/1/4483 5201/1/4392
f 5296/1/4487 5201/1/4392 5076/1/4267
f 5297/1/4488 5293/1/4484 5203/1/4394
f 5297/1/4488 5203/1/4394 5147/1/4338
f 5247/1/4438 5296/1/4487 5076/1/4267
f 5247/1/4438 5076/1/4267 5075/1/4266
f 5269/1/4460 5297/1/4488 5147/1/4338
f 5269/1/4460 5147/1/4338 5146/1/4337
f 5298/4/4489 5299/4/4490 5300/4/4491
f 5298/4/4489 5300/4/4491 5301/4/4492
f 5225/2/4416 5227/2/4418 5302/2/4493
f 5225/2/4416 5302/2/4493 5303/2/4494
f 5251/2/4442 5253/2/4444 5304/2/4495
f 5251/2/4442 5304/2/4495 5266/2/4457
f 5227/2/4418 5229/2/4420 5305/2/4496
f 5227/2/4418 5305/2/4496 5302/2/4493
f 5253/2/4444 5255/2/4446 5306/2/4497
f 5253/2/4444 5306/2/4497 5304/2/4495
f 5229/2/4420 5231/2/4422 5307/2/4498
f 5229/2/4420 5307/2/4498 5305/2/4496
f 5255/2/4446 5257/2/4448 5308/2/4499
f 5255/2/4446 5308/2/4499 5306/2/4497
f 5231/2/4422 5233/2/4424 5309/2/4500
f 5231/2/4422 5309/2/4500 5307/2/4498
f 5206/2/4397 5295/2/4486 5310/2/4501
f 5206/2/4397 5310/2/4501 5311/2/4502
f 5257/2/4448 5259/2/4450 5312/2/4503
f 5257/2/4448 5312/2/4503 5308/2/4499
f 5233/2/4424 5235/2/4426 5313/2/4504
f 5233/2/4424 5313/2/4504 5309/2/4500
f 5295/2/4486 5211/2/4402 5314/2/4505
f 5295/2/4486 5314/2/4505 5310/2/4501
f 5259/2/4450 5261/2/4452 5315/2/4506
f 5259/2/4450 5315/2/4506 5312/2/4503
f 5235/2/4426 5237/2/4428 5316/2/4507
f 5235/2/4426 5316/2/4507 5313/2/4504
f 5211/2/4402 5210/2/4401 5317/2/4508
f 5211/2/4402 5317/2/4508 5314/2/4505
f 5261/2/4452 5263/2/4454 5318/2/4509
f 5261/2/4452 5318/2/4509 5315/2/4506
f 5237/2/4428 5239/2/4430 5319/2/4510
f 5237/2/4428 5319/2/4510 5316/2/4507
f 5210/2/4401 5213/2/4404 5320/2/4511
f 5210/2/4401 5320/2/4511 5317/2/4508
f 5263/2/4454 5207/2/4398 5321/2/4512
f 5263/2/4454 5321/2/4512 5318/2/4509
f 5239/2/4430 5241/2/4432 5322/2/4513
f 5239/2/4430 5322/2/4513 5319/2/4510
f 5213/2/4404 5215/2/4406 5323/2/4514
f 5213/2/4404 5323/2/4514 5320/2/4511
f 5207/2/4398 5206/2/4397 5311/2/4502
f 5207/2/4398 5311/2/4502 5321/2/4512
f 5241/2/4432 5243/2/4434 5324/2/4515
f 5241/2/4432 5324/2/4515 5322/2/4513
f 5215/2/4406 5217/2/4408 5325/2/4516
f 5215/2/4406 5325/2/4516 5323/2/4514
f 5243/2/4434 5245/2/4436 5326/2/4517
f 5243/2/4434 5326/2/4517 5324/2/4515
f 5217/2/4408 5219/2/4410 5327/2/4518
f 5217/2/4408 5327/2/4518 5325/2/4516
f 5245/2/4436 5143/2/4334 5328/2/4519
f 5245/2/4436 5328/2/4519 5326/2/4517
f 5219/2/4410 5221/2/4412 5329/2/4520
f 5219/2/4410 5329/2/4520 5327/2/4518
f 5143/2/4334 5142/2/4333 5330/2/4521
f 5143/2/4334 5330/2/4521 5328/2/4519
f 5221/2/4412 5223/2/4414 5331/2/4522
f 5221/2/4412 5331/2/4522 5329/2/4520
f 5142/2/4333 5249/2/4440 5267/2/4458
f 5142/2/4333 5267/2/4458 5330/2/4521
f 5223/2/4414 5225/2/4416 5303/2/4494
f 5223/2/4414 5303/2/4494 5331/2/4522
f 5332/4/4523 5333/4/4524 519/4/472
f 5332/4/4523 519/4/472 516/4/469
f 5334/4/4525 5335/4/4526 5336/4/4527
f 5334/4/4525 5336/4/4527 5337/4/4528
f 5338/4/4529 5339/4/4530 5340/4/4531
f 5338/4/4529 5340/4/4531 5341/4/4532
f 5299/4/4490 5342/4/4533 5343/4/4534
f 5299/4/4490 5343/4/4534 5300/4/4491
f 5335/4/4526 5344/4/4535 5345/4/4536
f 5335/4/4526 5345/4/4536 5336/4/4527
f 5339/4/4530 5346/4/4537 5347/4/4538
f 5339/4/4530 5347/4/4538 5340/4/4531
f 5342/4/4533 5348/4/4539 5332/4/4523
f 5342/4/4533 5332/4/4523 5343/4/4534
f 5344/4/4535 5349/4/4540 5350/4/4541
f 5344/4/4535 5350/4/4541 5345/4/4536
f 5346/4/4537 5351/4/4542 5352/4/4543
f 5346/4/4537 5352/4/4543 5347/4/4538
f 5348/4/4539 5353/4/4544 5333/4/4524
f 5348/4/4539 5333/4/4524 5332/4/4523
f 5349/4/4540 5354/4/4545 5355/4/4546
f 5349/4/4540 5355/4/4546 5350/4/4541
f 5351/4/4542 5356/4/4547 5357/4/4548
f 5351/4/4542 5357/4/4548 5352/4/4543
f 5353/4/4544 5358/4/4549 5359/4/4550
f 5353/4/4544 5359/4/4550 5333/4/4524
f 5354/4/4545 5360/4/4551 5361/4/4552
f 5354/4/4545 5361/4/4552 5355/4/4546
f 5356/4/4547 5362/4/4553 5363/4/4554
f 5356/4/4547 5363/4/4554 5357/4/4548
f 5358/4/4549 5338/4/4529 5341/4/4532
f 5358/4/4549 5341/4/4532 5359/4/4550
f 5360/4/4551 5364/4/4555 5365/4/4556
f 5360/4/4551 5365/4/4556 5361/4/4552
f 5362/4/4553 5366/4/4557 5367/4/4558
f 5362/4/4553 5367/4/4558 5363/4/4554
f 5364/4/4555 5368/4/4559 5369/4/4560
f 5364/4/4555 5369/4/4560 5365/4/4556
f 5366/4/4557 5370/4/4561 5371/4/4562
f 5366/4/4557 5371/4/4562 5367/4/4558
f 5368/4/4559 5372/4/4563 5373/4/4564
f 5368/4/4559 5373/4/4564 5369/4/4560
f 5370/4/4561 5374/4/4565 5375/4/4566
f 5370/4/4561 5375/4/4566 5371/4/4562
f 5372/4/4563 5376/4/4567 5377/4/4568
f 5372/4/4563 5377/4/4568 5373/4/4564
f 5374/4/4565 5378/4/4569 5379/4/4570
f 5374/4/4565 5379/4/4570 5375/4/4566
f 5376/4/4567 5380/4/4571 5381/4/4572
f 5376/4/4567 5381/4/4572 5377/4/4568
f 5378/4/4569 5382/4/4573 5383/4/4574
f 5378/4/4569 5383/4/4574 5379/4/4570
f 5380/4/4571 5384/4/4575 5385/4/4576
f 5380/4/4571 5385/4/4576 5381/4/4572
f 5382/4/4573 5386/4/4577 5387/4/4578
f 5382/4/4573 5387/4/4578 5383/4/4574
f 5384/4/4575 5388/4/4579 5389/4/4580
f 5384/4/4575 5389/4/4580 5385/4/4576
f 5386/4/4577 5390/4/4581 5391/4/4582
f 5386/4/4577 5391/4/4582 5387/4/4578
f 5388/4/4579 5298/4/4489 5301/4/4492
f 5388/4/4579 5301/4/4492 5389/4/4580
f 5390/4/4581 5334/4/4525 5337/4/4528
f 5390/4/4581 5337/4/4528 5391/4/4582
f 5350/4/4541 5355/4/4546 520/4/473
f 5350/4/4541 520/4/473 517/4/470
f 5352/4/4543 5357/4/4548 521/4/474
f 5352/4/4543 521/4/474 518/4/471
f 5333/4/4524 5359/4/4550 522/4/475
f 5333/4/4524 522/4/475 519/4/472
f 5355/4/4546 5361/4/4552 523/4/476
f 5355/4/4546 523/4/476 520/4/473
f 5357/4/4548 5363/4/4554 524/4/477
f 5357/4/4548 524/4/477 521/4/474
f 5359/4/4550 5341/4/4532 511/4/464
f 5359/4/4550 511/4/464 522/4/475
f 5361/4/4552 5365/4/4556 492/4/445
f 5361/4/4552 492/4/445 523/4/476
f 5363/4/4554 5367/4/4558 495/4/448
f 5363/4/4554 495/4/448 524/4/477
f 5365/4/4556 5369/4/4560 493/4/446
f 5365/4/4556 493/4/446 492/4/445
f 5367/4/4558 5371/4/4562 496/4/449
f 5367/4/4558 496/4/449 495/4/448
f 5369/4/4560 5373/4/4564 497/4/450
f 5369/4/4560 497/4/450 493/4/446
f 5371/4/4562 5375/4/4566 498/4/451
f 5371/4/4562 498/4/451 496/4/449
f 5373/4/4564 5377/4/4568 499/4/452
f 5373/4/4564 499/4/452 497/4/450
f 5375/4/4566 5379/4/4570 500/4/453
f 5375/4/4566 500/4/453 498/4/451
f 5377/4/4568 5381/4/4572 501/4/454
f 5377/4/4568 501/4/454 499/4/452
f 5379/4/4570 5383/4/4574 502/4/455
f 5379/4/4570 502/4/455 500/4/453
f 5381/4/4572 5385/4/4576 503/4/456
f 5381/4/4572 503/4/456 501/4/454
f 5383/4/4574 5387/4/4578 504/4/457
f 5383/4/4574 504/4/457 502/4/455
f 5385/4/4576 5389/4/4580 505/4/458
f 5385/4/4576 505/4/458 503/4/456
f 5387/4/4578 5391/4/4582 506/4/459
f 5387/4/4578 506/4/459 504/4/457
f 5389/4/4580 5301/4/4492 507/4/460
f 5389/4/4580 507/4/460 505/4/458
f 5391/4/4582 5337/4/4528 508/4/461
f 5391/4/4582 508/4/461 506/4/459
f 5301/4/4492 5300/4/4491 509/4/462
f 5301/4/4492 509/4/462 507/4/460
f 5337/4/4528 5336/4/4527 510/4/463
f 5337/4/4528 510/4/463 508/4/461
f 5341/4/4532 5340/4/4531 512/4/465
f 5341/4/4532 512/4/465 511/4/464
f 5300/4/4491 5343/4/4534 513/4/466
f 5300/4/4491 513/4/466 509/4/462
f 5336/4/4527 5345/4/4536 514/4/467
f 5336/4/4527 514/4/467 510/4/463
f 5340/4/4531 5347/4/4538 515/4/468
f 5340/4/4531 515/4/468 512/4/465
f 5343/4/4534 5332/4/4523 516/4/469
f 5343/4/4534 516/4/469 513/4/466
f 5345/4/4536 5350/4/4541 517/4/470
f 5345/4/4536 517/4/470 514/4/467
f 5347/4/4538 5352/4/4543 518/4/471
f 5347/4/4538 518/4/471 515/4/468
f 5098/1/4289 5392/1/4583 5000/1/4191
f 5098/1/4289 5000/1/4191 4999/1/4190
f 5138/1/4329 5393/1/4584 5392/1/4583
f 5138/1/4329 5392/1/4583 5098/1/4289
f 5129/1/4320 5394/1/4585 5395/1/4586
f 5129/1/4320 5395/1/4586 5086/1/4277
f 5086/1/4277 5395/1/4586 5396/1/4587
f 5086/1/4277 5396/1/4587 5087/1/4278
f 5087/1/4278 5396/1/4587 5397/1/4588
f 5087/1/4278 5397/1/4588 5106/1/4297
f 5106/1/4297 5397/1/4588 5398/1/4589
f 5106/1/4297 5398/1/4589 5121/1/4312
f 5121/1/4312 5398/1/4589 5399/1/4590
f 5121/1/4312 5399/1/4590 5070/1/4261
f 5070/1/4261 5399/1/4590 5400/1/4591
f 5070/1/4261 5400/1/4591 5071/1/4262
f 5071/1/4262 5400/1/4591 5401/1/4592
f 5071/1/4262 5401/1/4592 5100/1/4291
f 5100/1/4291 5401/1/4592 5402/1/4593
f 5100/1/4291 5402/1/4593 5115/1/4306
f 5115/1/4306 5402/1/4593 5403/1/4594
f 5115/1/4306 5403/1/4594 5131/1/4322
f 5131/1/4322 5403/1/4594 5404/1/4595
f 5131/1/4322 5404/1/4595 5090/1/4281
f 5090/1/4281 5404/1/4595 5405/1/4596
f 5090/1/4281 5405/1/4596 5091/1/4282
f 5091/1/4282 5405/1/4596 5406/1/4597
f 5091/1/4282 5406/1/4597 5108/1/4299
f 5108/1/4299 5406/1/4597 5407/1/4598
f 5108/1/4299 5407/1/4598 5123/1/4314
f 5123/1/4314 5407/1/4598 5408/1/4599
f 5123/1/4314 5408/1/4599 5078/1/4269
f 5078/1/4269 5408/1/4599 5409/1/4600
f 5078/1/4269 5409/1/4600 5079/1/4270
f 5079/1/4270 5409/1/4600 5410/1/4601
f 5079/1/4270 5410/1/4601 5102/1/4293
f 5102/1/4293 5410/1/4601 5411/1/4602
f 5102/1/4293 5411/1/4602 5117/1/4308
f 5117/1/4308 5411/1/4602 5412/1/4603
f 5117/1/4308 5412/1/4603 5133/1/4324
f 5133/1/4324 5412/1/4603 5413/1/4604
f 5133/1/4324 5413/1/4604 5094/1/4285
f 5094/1/4285 5413/1/4604 5414/1/4605
f 5094/1/4285 5414/1/4605 5095/1/4286
f 5126/1/4317 5125/1/4316 5415/1/4606
f 5126/1/4317 5415/1/4606 5082/1/4273
f 5082/1/4273 5415/1/4606 5416/1/4607
f 5082/1/4273 5416/1/4607 5083/1/4274
f 5083/1/4274 5416/1/4607 5417/1/4608
f 5083/1/4274 5417/1/4608 5104/1/4295
f 5104/1/4295 5417/1/4608 5418/1/4609
f 5104/1/4295 5418/1/4609 5119/1/4310
f 5119/1/4310 5418/1/4609 5419/1/4610
f 5119/1/4310 5419/1/4610 5135/1/4326
f 5135/1/4326 5419/1/4610 5393/1/4584
f 5135/1/4326 5393/1/4584 5138/1/4329
f 5002/1/4193 5001/1/4192 5394/1/4585
f 5002/1/4193 5394/1/4585 5129/1/4320
f 5420/2/4611 5421/2/4612 5422/2/4613
f 5420/2/4611 5422/2/4613 5423/2/4614
f 5043/3/4234 5041/3/4232 5424/3/4615
f 5043/3/4234 5424/3/4615 5425/3/4616
f 5017/3/4208 5015/3/4206 5064/3/4255
f 5017/3/4208 5064/3/4255 5426/3/4617
f 5045/3/4236 5043/3/4234 5425/3/4616
f 5045/3/4236 5425/3/4616 5427/3/4618
f 5019/3/4210 5017/3/4208 5426/3/4617
f 5019/3/4210 5426/3/4617 5428/3/4619
f 5047/3/4238 5045/3/4236 5427/3/4618
f 5047/3/4238 5427/3/4618 5429/3/4620
f 5021/3/4212 5019/3/4210 5428/3/4619
f 5021/3/4212 5428/3/4619 5430/3/4621
f 5049/3/4240 5047/3/4238 5429/3/4620
f 5049/3/4240 5429/3/4620 5431/3/4622
f 5023/3/4214 5021/3/4212 5430/3/4621
f 5023/3/4214 5430/3/4621 5432/3/4623
f 5051/3/4242 5049/3/4240 5431/3/4622
f 5051/3/4242 5431/3/4622 5433/3/4624
f 5025/3/4216 5023/3/4214 5432/3/4623
f 5025/3/4216 5432/3/4623 5434/3/4625
f 5053/3/4244 5051/3/4242 5433/3/4624
f 5053/3/4244 5433/3/4624 5435/3/4626
f 5027/3/4218 5025/3/4216 5434/3/4625
f 5027/3/4218 5434/3/4625 5436/3/4627
f 5055/3/4246 5053/3/4244 5435/3/4626
f 5055/3/4246 5435/3/4626 5437/3/4628
f 5029/3/4220 5027/3/4218 5436/3/4627
f 5029/3/4220 5436/3/4627 5438/3/4629
f 5003/3/4194 5067/3/4258 5439/3/4630
f 5003/3/4194 5439/3/4630 5440/3/4631
f 5057/3/4248 5055/3/4246 5437/3/4628
f 5057/3/4248 5437/3/4628 5441/3/4632
f 5031/3/4222 5029/3/4220 5438/3/4629
f 5031/3/4222 5438/3/4629 5442/3/4633
f 5004/3/4195 5003/3/4194 5440/3/4631
f 5004/3/4195 5440/3/4631 5443/3/4634
f 5059/3/4250 5057/3/4248 5441/3/4632
f 5059/3/4250 5441/3/4632 5444/3/4635
f 5033/3/4224 5031/3/4222 5442/3/4633
f 5033/3/4224 5442/3/4633 5445/3/4636
f 5007/3/4198 5004/3/4195 5443/3/4634
f 5007/3/4198 5443/3/4634 5446/3/4637
f 5061/3/4252 5059/3/4250 5444/3/4635
f 5061/3/4252 5444/3/4635 5447/3/4638
f 5035/3/4226 5033/3/4224 5445/3/4636
f 5035/3/4226 5445/3/4636 5448/3/4639
f 5009/3/4200 5007/3/4198 5446/3/4637
f 5009/3/4200 5446/3/4637 5449/3/4640
f 5065/3/4256 5061/3/4252 5447/3/4638
f 5065/3/4256 5447/3/4638 5450/3/4641
f 5037/3/4228 5035/3/4226 5448/3/4639
f 5037/3/4228 5448/3/4639 5451/3/4642
f 5011/3/4202 5009/3/4200 5449/3/4640
f 5011/3/4202 5449/3/4640 5452/3/4643
f 5067/3/4258 5065/3/4256 5450/3/4641
f 5067/3/4258 5450/3/4641 5439/3/4630
f 5039/3/4230 5037/3/4228 5451/3/4642
f 5039/3/4230 5451/3/4642 5453/3/4644
f 5013/3/4204 5011/3/4202 5452/3/4643
f 5013/3/4204 5452/3/4643 5063/3/4254
f 5041/3/4232 5039/3/4230 5453/3/4644
f 5041/3/4232 5453/3/4644 5424/3/4615
f 5265/1/4456 5264/1/4455 5454/1/4485
f 5265/1/4456 5454/1/4485 5455/1/4396
f 5264/1/4455 5285/1/4476 5456/1/4399
f 5264/1/4455 5456/1/4399 5454/1/4485
f 5285/1/4476 5288/1/4479 5457/1/4400
f 5285/1/4476 5457/1/4400 5456/1/4399
f 5288/1/4479 5291/1/4482 5458/1/4403
f 5288/1/4479 5458/1/4403 5457/1/4400
f 5291/1/4482 5293/1/4484 5459/1/4645
f 5291/1/4482 5459/1/4645 5458/1/4403
f 5293/1/4484 5297/1/4488 5460/1/4407
f 5293/1/4484 5460/1/4407 5459/1/4645
f 5297/1/4488 5269/1/4460 5461/1/4409
f 5297/1/4488 5461/1/4409 5460/1/4407
f 5269/1/4460 5268/1/4459 5462/1/4411
f 5269/1/4460 5462/1/4411 5461/1/4409
f 5268/1/4459 5271/1/4462 5463/1/4413
f 5268/1/4459 5463/1/4413 5462/1/4411
f 5271/1/4462 5273/1/4464 5464/1/4415
f 5271/1/4462 5464/1/4415 5463/1/4413
f 5273/1/4464 5275/1/4466 5465/1/4417
f 5273/1/4464 5465/1/4417 5464/1/4415
f 5275/1/4466 5277/1/4468 5466/1/4419
f 5275/1/4466 5466/1/4419 5465/1/4417
f 5277/1/4468 5279/1/4470 5467/1/4646
f 5277/1/4468 5467/1/4646 5466/1/4419
f 5279/1/4470 5281/1/4472 5468/1/4423
f 5279/1/4470 5468/1/4423 5467/1/4646
f 5281/1/4472 5284/1/4475 5469/1/4425
f 5281/1/4472 5469/1/4425 5468/1/4423
f 5284/1/4475 5287/1/4478 5470/1/4647
f 5284/1/4475 5470/1/4647 5469/1/4425
f 5287/1/4478 5290/1/4481 5471/1/4648
f 5287/1/4478 5471/1/4648 5470/1/4647
f 5290/1/4481 5292/1/4483 5472/1/4431
f 5290/1/4481 5472/1/4431 5471/1/4648
f 5292/1/4483 5296/1/4487 5473/1/4433
f 5292/1/4483 5473/1/4433 5472/1/4431
f 5296/1/4487 5247/1/4438 5474/1/4435
f 5296/1/4487 5474/1/4435 5473/1/4433
f 5247/1/4438 5246/1/4437 5475/1/4649
f 5247/1/4438 5475/1/4649 5474/1/4435
f 5246/1/4437 5270/1/4461 5476/1/4332
f 5246/1/4437 5476/1/4332 5475/1/4649
f 5270/1/4461 5272/1/4463 5477/1/4439
f 5270/1/4461 5477/1/4439 5476/1/4332
f 5272/1/4463 5274/1/4465 5478/1/4441
f 5272/1/4463 5478/1/4441 5477/1/4439
f 5274/1/4465 5276/1/4467 5479/1/4443
f 5274/1/4465 5479/1/4443 5478/1/4441
f 5276/1/4467 5278/1/4469 5480/1/4445
f 5276/1/4467 5480/1/4445 5479/1/4443
f 5278/1/4469 5280/1/4471 5481/1/4447
f 5278/1/4469 5481/1/4447 5480/1/4445
f 5280/1/4471 5283/1/4474 5482/1/4449
f 5280/1/4471 5482/1/4449 5481/1/4447
f 5283/1/4474 5286/1/4477 5483/1/4650
f 5283/1/4474 5483/1/4650 5482/1/4449
f 5286/1/4477 5289/1/4480 5484/1/4453
f 5286/1/4477 5484/1/4453 5483/1/4650
f 5289/1/4480 5282/1/4473 5485/1/4395
f 5289/1/4480 5485/1/4395 5484/1/4453
f 5282/1/4473 5265/1/4456 5455/1/4396
f 5282/1/4473 5455/1/4396 5485/1/4395
f 5205/2/4396 5294/2/4485 5295/2/4486
f 5205/2/4396 5295/2/4486 5206/2/4397
f 5486/3/4651 5487/3/4652 5068/3/4259
f 5486/3/4651 5068/3/4259 5006/3/4197
f 5488/3/4192 5486/3/4651 5006/3/4197
f 5488/3/4192 5006/3/4197 5005/3/4196
f 5489/3/4653 5488/3/4192 5005/3/4196
f 5489/3/4653 5005/3/4196 5008/3/4199
f 5490/3/4586 5489/3/4653 5008/3/4199
f 5490/3/4586 5008/3/4199 5010/3/4201
f 5491/3/4587 5490/3/4586 5010/3/4201
f 5491/3/4587 5010/3/4201 5012/3/4203
f 5492/3/4654 5491/3/4587 5012/3/4203
f 5492/3/4654 5012/3/4203 5014/3/4205
f 5493/3/4655 5492/3/4654 5014/3/4205
f 5493/3/4655 5014/3/4205 5016/3/4207
f 5494/3/4590 5493/3/4655 5016/3/4207
f 5494/3/4590 5016/3/4207 5018/3/4209
f 5495/3/4656 5494/3/4590 5018/3/4209
f 5495/3/4656 5018/3/4209 5020/3/4211
f 5496/3/4657 5495/3/4656 5020/3/4211
f 5496/3/4657 5020/3/4211 5022/3/4213
f 5497/3/4658 5496/3/4657 5022/3/4213
f 5497/3/4658 5022/3/4213 5024/3/4215
f 5498/3/4594 5497/3/4658 5024/3/4215
f 5498/3/4594 5024/3/4215 5026/3/4217
f 5499/3/4595 5498/3/4594 5026/3/4217
f 5499/3/4595 5026/3/4217 5028/3/4219
f 5500/3/4659 5499/3/4595 5028/3/4219
f 5500/3/4659 5028/3/4219 5030/3/4221
f 5501/3/4660 5500/3/4659 5030/3/4221
f 5501/3/4660 5030/3/4221 5032/3/4223
f 5502/3/4661 5501/3/4660 5032/3/4223
f 5502/3/4661 5032/3/4223 5034/3/4225
f 5503/3/4662 5502/3/4661 5034/3/4225
f 5503/3/4662 5034/3/4225 5036/3/4227
f 5504/3/4600 5503/3/4662 5036/3/4227
f 5504/3/4600 5036/3/4227 5038/3/4229
f 5505/3/4663 5504/3/4600 5038/3/4229
f 5505/3/4663 5038/3/4229 5040/3/4231
f 5506/3/4664 5505/3/4663 5040/3/4231
f 5506/3/4664 5040/3/4231 5042/3/4233
f 5507/3/4665 5506/3/4664 5042/3/4233
f 5507/3/4665 5042/3/4233 5044/3/4235
f 5508/3/4666 5507/3/4665 5044/3/4235
f 5508/3/4666 5044/3/4235 5046/3/4237
f 5509/3/4667 5508/3/4666 5046/3/4237
f 5509/3/4667 5046/3/4237 5048/3/4239
f 5510/3/4668 5509/3/4667 5048/3/4239
f 5510/3/4668 5048/3/4239 5050/3/4241
f 5511/3/4669 5510/3/4668 5050/3/4241
f 5511/3/4669 5050/3/4241 5052/3/4243
f 5512/3/4670 5511/3/4669 5052/3/4243
f 5512/3/4670 5052/3/4243 5054/3/4245
f 5513/3/4671 5512/3/4670 5054/3/4245
f 5513/3/4671 5054/3/4245 5056/3/4247
f 5514/3/4672 5513/3/4671 5056/3/4247
f 5514/3/4672 5056/3/4247 5058/3/4249
f 5515/3/4673 5514/3/4672 5058/3/4249
f 5515/3/4673 5058/3/4249 5060/3/4251
f 5516/3/4674 5515/3/4673 5060/3/4251
f 5516/3/4674 5060/3/4251 5062/3/4253
f 5517/3/4675 5516/3/4674 5062/3/4253
f 5517/3/4675 5062/3/4253 5066/3/4257
f 5487/3/4652 5517/3/4675 5066/3/4257
f 5487/3/4652 5066/3/4257 5068/3/4259
f 5067/3/4258 5003/3/4194 5006/3/4197
f 5067/3/4258 5006/3/4197 5068/3/4259
f 5518/1/4676 5519/1/4677 5520/1/4678
f 5518/1/4676 5520/1/4678 5521/1/4679
f 5137/1/4328 5518/1/4676 5521/1/4679
f 5137/1/4328 5521/1/4679 5522/1/4680
f 5523/2/4681 5524/2/4682 545/2/498
f 5523/2/4681 545/2/498 544/2/497
f 5525/2/4683 5526/2/4684 5527/2/4685
f 5525/2/4683 5527/2/4685 5528/2/4686
f 5529/2/4687 5420/2/4611 5423/2/4614
f 5529/2/4687 5423/2/4614 5530/2/4688
f 5531/2/4689 5525/2/4683 5528/2/4686
f 5531/2/4689 5528/2/4686 5532/2/4690
f 5533/2/4691 5529/2/4687 5530/2/4688
f 5533/2/4691 5530/2/4688 5534/2/4692
f 5535/2/4693 5531/2/4689 5532/2/4690
f 5535/2/4693 5532/2/4690 5536/2/4694
f 5537/2/4695 5533/2/4691 5534/2/4692
f 5537/2/4695 5534/2/4692 5538/2/4696
f 5539/2/4697 5535/2/4693 5536/2/4694
f 5539/2/4697 5536/2/4694 5540/2/4698
f 5541/2/4699 5537/2/4695 5538/2/4696
f 5541/2/4699 5538/2/4696 5542/2/4700
f 5543/2/4701 5539/2/4697 5540/2/4698
f 5543/2/4701 5540/2/4698 5544/2/4702
f 5545/2/4703 5541/2/4699 5542/2/4700
f 5545/2/4703 5542/2/4700 5546/2/4704
f 5547/2/4705 5543/2/4701 5544/2/4702
f 5547/2/4705 5544/2/4702 5548/2/4706
f 5549/2/4707 5545/2/4703 5546/2/4704
f 5549/2/4707 5546/2/4704 5550/2/4708
f 5551/2/4709 5547/2/4705 5548/2/4706
f 5551/2/4709 5548/2/4706 5552/2/4710
f 5553/2/4711 5549/2/4707 5550/2/4708
f 5553/2/4711 5550/2/4708 5554/2/4712
f 5555/2/4713 5556/2/4714 5557/2/4715
f 5555/2/4713 5557/2/4715 5558/2/4716
f 5559/2/4717 5551/2/4709 5552/2/4710
f 5559/2/4717 5552/2/4710 5560/2/4718
f 5561/2/4719 5553/2/4711 5554/2/4712
f 5561/2/4719 5554/2/4712 5562/2/4720
f 5563/2/4721 5555/2/4713 5558/2/4716
f 5563/2/4721 5558/2/4716 5564/2/4722
f 5565/2/4723 5559/2/4717 5560/2/4718
f 5565/2/4723 5560/2/4718 5566/2/4724
f 5567/2/4725 5561/2/4719 5562/2/4720
f 5567/2/4725 5562/2/4720 5568/2/4726
f 5569/2/4727 5563/2/4721 5564/2/4722
f 5569/2/4727 5564/2/4722 5570/2/4728
f 5571/2/4729 5565/2/4723 5566/2/4724
f 5571/2/4729 5566/2/4724 5572/2/4730
f 5573/2/4731 5567/2/4725 5568/2/4726
f 5573/2/4731 5568/2/4726 5574/2/4732
f 5575/2/4733 5569/2/4727 5570/2/4728
f 5575/2/4733 5570/2/4728 5576/2/4734
f 5577/2/4735 5571/2/4729 5572/2/4730
f 5577/2/4735 5572/2/4730 5578/2/4736
f 5579/2/4737 5573/2/4731 5574/2/4732
f 5579/2/4737 5574/2/4732 5580/2/4738
f 5581/2/4739 5575/2/4733 5576/2/4734
f 5581/2/4739 5576/2/4734 5582/2/4740
f 5556/2/4714 5577/2/4735 5578/2/4736
f 5556/2/4714 5578/2/4736 5557/2/4715
f 5583/2/4741 5579/2/4737 5580/2/4738
f 5583/2/4741 5580/2/4738 5584/2/4742
f 5421/2/4612 5581/2/4739 5582/2/4740
f 5421/2/4612 5582/2/4740 5422/2/4613
f 5526/2/4684 5583/2/4741 5584/2/4742
f 5526/2/4684 5584/2/4742 5527/2/4685
f 5585/2/4743 5586/2/4744 542/2/495
f 5585/2/4743 542/2/495 546/2/499
f 5587/2/4745 5588/2/4746 543/2/496
f 5587/2/4745 543/2/496 547/2/500
f 5589/2/4747 5523/2/4681 544/2/497
f 5589/2/4747 544/2/497 548/2/501
f 5590/2/4748 5585/2/4743 546/2/499
f 5590/2/4748 546/2/499 549/2/502
f 5591/2/4749 5587/2/4745 547/2/500
f 5591/2/4749 547/2/500 550/2/503
f 5592/2/4750 5589/2/4747 548/2/501
f 5592/2/4750 548/2/501 551/2/504
f 5593/2/4751 5590/2/4748 549/2/502
f 5593/2/4751 549/2/502 552/2/505
f 5594/2/4752 5591/2/4749 550/2/503
f 5594/2/4752 550/2/503 553/2/506
f 5595/2/4753 5592/2/4750 551/2/504
f 5595/2/4753 551/2/504 554/2/507
f 5596/2/4754 5593/2/4751 552/2/505
f 5596/2/4754 552/2/505 555/2/508
f 5597/2/4755 5594/2/4752 553/2/506
f 5597/2/4755 553/2/506 556/2/509
f 5598/2/4756 5595/2/4753 554/2/507
f 5598/2/4756 554/2/507 557/2/510
f 5524/2/4682 5596/2/4754 555/2/508
f 5524/2/4682 555/2/508 545/2/498
f 5599/2/4757 5597/2/4755 556/2/509
f 5599/2/4757 556/2/509 526/2/479
f 5600/2/4758 5598/2/4756 557/2/510
f 5600/2/4758 557/2/510 529/2/482
f 5601/2/4759 5599/2/4757 526/2/479
f 5601/2/4759 526/2/479 525/2/478
f 5602/2/4760 5600/2/4758 529/2/482
f 5602/2/4760 529/2/482 528/2/481
f 5603/2/4761 5601/2/4759 525/2/478
f 5603/2/4761 525/2/478 530/2/483
f 5604/2/4762 5602/2/4760 528/2/481
f 5604/2/4762 528/2/481 531/2/484
f 5605/2/4763 5603/2/4761 530/2/483
f 5605/2/4763 530/2/483 532/2/485
f 5606/2/4764 5604/2/4762 531/2/484
f 5606/2/4764 531/2/484 533/2/486
f 5607/2/4765 5605/2/4763 532/2/485
f 5607/2/4765 532/2/485 534/2/487
f 5608/2/4766 5606/2/4764 533/2/486
f 5608/2/4766 533/2/486 535/2/488
f 5609/2/4767 5607/2/4765 534/2/487
f 5609/2/4767 534/2/487 536/2/489
f 5610/2/4768 5608/2/4766 535/2/488
f 5610/2/4768 535/2/488 537/2/490
f 5611/2/4769 5609/2/4767 536/2/489
f 5611/2/4769 536/2/489 538/2/491
f 5612/2/4770 5610/2/4768 537/2/490
f 5612/2/4770 537/2/490 539/2/492
f 5613/2/4771 5611/2/4769 538/2/491
f 5613/2/4771 538/2/491 540/2/493
f 5614/2/4772 5612/2/4770 539/2/492
f 5614/2/4772 539/2/492 541/2/494
f 5586/2/4744 5613/2/4771 540/2/493
f 5586/2/4744 540/2/493 542/2/495
f 5588/2/4746 5614/2/4772 541/2/494
f 5588/2/4746 541/2/494 543/2/496
f 5554/2/4712 5550/2/4708 5614/2/4772
f 5554/2/4712 5614/2/4772 5588/2/4746
f 5552/2/4710 5548/2/4706 5613/2/4771
f 5552/2/4710 5613/2/4771 5586/2/4744
f 5550/2/4708 5546/2/4704 5612/2/4770
f 5550/2/4708 5612/2/4770 5614/2/4772
f 5548/2/4706 5544/2/4702 5611/2/4769
f 5548/2/4706 5611/2/4769 5613/2/4771
f 5546/2/4704 5542/2/4700 5610/2/4768
f 5546/2/4704 5610/2/4768 5612/2/4770
f 5544/2/4702 5540/2/4698 5609/2/4767
f 5544/2/4702 5609/2/4767 5611/2/4769
f 5542/2/4700 5538/2/4696 5608/2/4766
f 5542/2/4700 5608/2/4766 5610/2/4768
f 5540/2/4698 5536/2/4694 5607/2/4765
f 5540/2/4698 5607/2/4765 5609/2/4767
f 5538/2/4696 5534/2/4692 5606/2/4764
f 5538/2/4696 5606/2/4764 5608/2/4766
f 5536/2/4694 5532/2/4690 5605/2/4763
f 5536/2/4694 5605/2/4763 5607/2/4765
f 5534/2/4692 5530/2/4688 5604/2/4762
f 5534/2/4692 5604/2/4762 5606/2/4764
f 5532/2/4690 5528/2/4686 5603/2/4761
f 5532/2/4690 5603/2/4761 5605/2/4763
f 5530/2/4688 5423/2/4614 5602/2/4760
f 5530/2/4688 5602/2/4760 5604/2/4762
f 5528/2/4686 5527/2/4685 5601/2/4759
f 5528/2/4686 5601/2/4759 5603/2/4761
f 5423/2/4614 5422/2/4613 5600/2/4758
f 5423/2/4614 5600/2/4758 5602/2/4760
f 5527/2/4685 5584/2/4742 5599/2/4757
f 5527/2/4685 5599/2/4757 5601/2/4759
f 5422/2/4613 5582/2/4740 5598/2/4756
f 5422/2/4613 5598/2/4756 5600/2/4758
f 5584/2/4742 5580/2/4738 5597/2/4755
f 5584/2/4742 5597/2/4755 5599/2/4757
f 5557/2/4715 5578/2/4736 5596/2/4754
f 5557/2/4715 5596/2/4754 5524/2/4682
f 5582/2/4740 5576/2/4734 5595/2/4753
f 5582/2/4740 5595/2/4753 5598/2/4756
f 5580/2/4738 5574/2/4732 5594/2/4752
f 5580/2/4738 5594/2/4752 5597/2/4755
f 5578/2/4736 5572/2/4730 5593/2/4751
f 5578/2/4736 5593/2/4751 5596/2/4754
f 5576/2/4734 5570/2/4728 5592/2/4750
f 5576/2/4734 5592/2/4750 5595/2/4753
f 5574/2/4732 5568/2/4726 5591/2/4749
f 5574/2/4732 5591/2/4749 5594/2/4752
f 5572/2/4730 5566/2/4724 5590/2/4748
f 5572/2/4730 5590/2/4748 5593/2/4751
f 5570/2/4728 5564/2/4722 5589/2/4747
f 5570/2/4728 5589/2/4747 5592/2/4750
f 5568/2/4726 5562/2/4720 5587/2/4745
f 5568/2/4726 5587/2/4745 5591/2/4749
f 5566/2/4724 5560/2/4718 5585/2/4743
f 5566/2/4724 5585/2/4743 5590/2/4748
f 5564/2/4722 5558/2/4716 5523/2/4681
f 5564/2/4722 5523/2/4681 5589/2/4747
f 5562/2/4720 5554/2/4712 5588/2/4746
f 5562/2/4720 5588/2/4746 5587/2/4745
f 5560/2/4718 5552/2/4710 5586/2/4744
f 5560/2/4718 5586/2/4744 5585/2/4743
f 5558/2/4716 5557/2/4715 5524/2/4682
f 5558/2/4716 5524/2/4682 5523/2/4681
f 5615/2/4773 5616/2/4774 5617/2/4775
f 5615/2/4773 5617/2/4775 5618/2/4776
f 5619/2/4777 5620/2/4778 5621/2/4779
f 5619/2/4777 5621/2/4779 5622/2/4780
f 5623/2/4781 5624/2/4782 5616/2/4774
f 5623/2/4781 5616/2/4774 5615/2/4773
f 5625/2/4783 5626/2/4784 5624/2/4782
f 5625/2/4783 5624/2/4782 5623/2/4781
f 5627/2/4785 5628/2/4786 5626/2/4784
f 5627/2/4785 5626/2/4784 5625/2/4783
f 5629/2/4787 5630/2/4788 5628/2/4786
f 5629/2/4787 5628/2/4786 5627/2/4785
f 5631/2/4789 5632/2/4790 5630/2/4788
f 5631/2/4789 5630/2/4788 5629/2/4787
f 5633/2/4791 5634/2/4792 5635/2/4793
f 5633/2/4791 5635/2/4793 5636/2/4794
f 5637/2/4795 5638/2/4796 5634/2/4792
f 5637/2/4795 5634/2/4792 5633/2/4791
f 5639/2/4797 5640/2/4798 5638/2/4796
f 5639/2/4797 5638/2/4796 5637/2/4795
f 5641/2/4799 5642/2/4800 5640/2/4798
f 5641/2/4799 5640/2/4798 5639/2/4797
f 5643/2/4801 5644/2/4802 5642/2/4800
f 5643/2/4801 5642/2/4800 5641/2/4799
f 5645/2/4803 5646/2/4804 5644/2/4802
f 5645/2/4803 5644/2/4802 5643/2/4801
f 5647/2/4805 5648/2/4806 5646/2/4804
f 5647/2/4805 5646/2/4804 5645/2/4803
f 5649/2/4807 5650/2/4808 5648/2/4806
f 5649/2/4807 5648/2/4806 5647/2/4805
f 5651/2/4809 5652/2/4810 5650/2/4808
f 5651/2/4809 5650/2/4808 5649/2/4807
f 5653/2/4811 5654/2/4812 5652/2/4810
f 5653/2/4811 5652/2/4810 5651/2/4809
f 5655/2/4813 5656/2/4814 5654/2/4812
f 5655/2/4813 5654/2/4812 5653/2/4811
f 5657/2/4815 5658/2/4816 5656/2/4814
f 5657/2/4815 5656/2/4814 5655/2/4813
f 5659/2/4817 5660/2/4818 5658/2/4816
f 5659/2/4817 5658/2/4816 5657/2/4815
f 5661/2/4819 5662/2/4820 5660/2/4818
f 5661/2/4819 5660/2/4818 5659/2/4817
f 5663/2/4821 5664/2/4822 5662/2/4820
f 5663/2/4821 5662/2/4820 5661/2/4819
f 5665/2/4823 5666/2/4824 5664/2/4822
f 5665/2/4823 5664/2/4822 5663/2/4821
f 5667/2/4825 5668/2/4826 5666/2/4824
f 5667/2/4825 5666/2/4824 5665/2/4823
f 5669/2/4827 5670/2/4828 5668/2/4826
f 5669/2/4827 5668/2/4826 5667/2/4825
f 5622/2/4780 5621/2/4779 5670/2/4828
f 5622/2/4780 5670/2/4828 5669/2/4827
f 5113/2/4304 5112/2/4303 5671/2/4829
f 5113/2/4304 5671/2/4829 5672/2/4830
f 5139/1/4330 5138/1/4329 5098/1/4289
f 5139/1/4330 5098/1/4289 5097/1/4288
f 5672/2/4830 5671/2/4829 5620/2/4778
f 5672/2/4830 5620/2/4778 5619/2/4777
f 5673/3/4831 5674/3/4832 5675/3/4833
f 5673/3/4831 5675/3/4833 5676/3/4834
f 5677/3/4801 5678/3/4799 5679/3/4835
f 5677/3/4801 5679/3/4835 5680/3/4836
f 5681/3/4837 5682/3/4301 5683/3/4838
f 5681/3/4837 5683/3/4838 5684/3/4839
f 5685/3/4780 5673/3/4831 5676/3/4834
f 5685/3/4780 5676/3/4834 5686/3/4840
f 5687/3/4803 5677/3/4801 5680/3/4836
f 5687/3/4803 5680/3/4836 5688/3/4841
f 5689/3/4773 5681/3/4837 5684/3/4839
f 5689/3/4773 5684/3/4839 5690/3/4842
f 5691/3/4777 5685/3/4780 5686/3/4840
f 5691/3/4777 5686/3/4840 5692/3/4843
f 5693/3/4805 5687/3/4803 5688/3/4841
f 5693/3/4805 5688/3/4841 5694/3/4844
f 5695/3/4781 5689/3/4773 5690/3/4842
f 5695/3/4781 5690/3/4842 5696/3/4845
f 5697/3/4830 5691/3/4777 5692/3/4843
f 5697/3/4830 5692/3/4843 5698/3/4846
f 5699/3/4807 5693/3/4805 5694/3/4844
f 5699/3/4807 5694/3/4844 5700/3/4847
f 5701/3/4783 5695/3/4781 5696/3/4845
f 5701/3/4783 5696/3/4845 5702/3/4848
f 5703/3/4304 5697/3/4830 5698/3/4846
f 5703/3/4304 5698/3/4846 5704/3/4849
f 5705/3/4809 5699/3/4807 5700/3/4847
f 5705/3/4809 5700/3/4847 5706/3/4850
f 5707/3/4785 5701/3/4783 5702/3/4848
f 5707/3/4785 5702/3/4848 5708/3/4851
f 5682/3/4301 5703/3/4304 5704/3/4849
f 5682/3/4301 5704/3/4849 5683/3/4838
f 5709/3/4811 5705/3/4809 5706/3/4850
f 5709/3/4811 5706/3/4850 5710/3/4852
f 5711/3/4787 5707/3/4785 5708/3/4851
f 5711/3/4787 5708/3/4851 5712/3/4853
f 5713/3/4813 5709/3/4811 5710/3/4852
f 5713/3/4813 5710/3/4852 5714/3/4854
f 5715/3/4855 5711/3/4787 5712/3/4853
f 5715/3/4855 5712/3/4853 5716/3/4856
f 5717/3/4857 5713/3/4813 5714/3/4854
f 5717/3/4857 5714/3/4854 5718/3/4858
f 5719/3/4859 5715/3/4855 5716/3/4856
f 5719/3/4859 5716/3/4856 5720/3/4860
f 5721/3/4861 5717/3/4857 5718/3/4858
f 5721/3/4861 5718/3/4858 5722/3/4862
f 5723/3/4794 5719/3/4859 5720/3/4860
f 5723/3/4794 5720/3/4860 5724/3/4863
f 5725/3/4864 5721/3/4861 5722/3/4862
f 5725/3/4864 5722/3/4862 5726/3/4865
f 5727/3/4866 5723/3/4794 5724/3/4863
f 5727/3/4866 5724/3/4863 5728/3/4867
f 5729/3/4821 5725/3/4864 5726/3/4865
f 5729/3/4821 5726/3/4865 5730/3/4868
f 5731/3/4795 5727/3/4866 5728/3/4867
f 5731/3/4795 5728/3/4867 5732/3/4869
f 5733/3/4870 5729/3/4821 5730/3/4868
f 5733/3/4870 5730/3/4868 5734/3/4871
f 5735/3/4797 5731/3/4795 5732/3/4869
f 5735/3/4797 5732/3/4869 5736/3/4872
f 5674/3/4832 5733/3/4870 5734/3/4871
f 5674/3/4832 5734/3/4871 5675/3/4833
f 5678/3/4799 5735/3/4797 5736/3/4872
f 5678/3/4799 5736/3/4872 5679/3/4835
f 5676/3/4834 5675/3/4833 5737/3/4873
f 5676/3/4834 5737/3/4873 5738/3/4393
f 5680/3/4836 5679/3/4835 5739/3/4264
f 5680/3/4836 5739/3/4264 5740/3/4874
f 5684/3/4839 5683/3/4838 5741/3/4875
f 5684/3/4839 5741/3/4875 5742/3/4876
f 5686/3/4840 5676/3/4834 5738/3/4393
f 5686/3/4840 5738/3/4393 5743/3/4877
f 5688/3/4841 5680/3/4836 5740/3/4874
f 5688/3/4841 5740/3/4874 5744/3/4878
f 5690/3/4842 5684/3/4839 5742/3/4876
f 5690/3/4842 5742/3/4876 5745/3/4879
f 5692/3/4843 5686/3/4840 5743/3/4877
f 5692/3/4843 5743/3/4877 5746/3/4880
f 5694/3/4844 5688/3/4841 5744/3/4878
f 5694/3/4844 5744/3/4878 5747/3/4881
f 5696/3/4845 5690/3/4842 5745/3/4879
f 5696/3/4845 5745/3/4879 5748/3/4882
f 5698/3/4846 5692/3/4843 5746/3/4880
f 5698/3/4846 5746/3/4880 5749/3/4375
f 5700/3/4847 5694/3/4844 5747/3/4881
f 5700/3/4847 5747/3/4881 5750/3/4883
f 5702/3/4848 5696/3/4845 5748/3/4882
f 5702/3/4848 5748/3/4882 5751/3/4371
f 5704/3/4849 5698/3/4846 5749/3/4375
f 5704/3/4849 5749/3/4375 5752/3/4884
f 5706/3/4850 5700/3/4847 5750/3/4883
f 5706/3/4850 5750/3/4883 5753/3/4885
f 5708/3/4851 5702/3/4848 5751/3/4371
f 5708/3/4851 5751/3/4371 5754/3/4886
f 5683/3/4838 5704/3/4849 5752/3/4884
f 5683/3/4838 5752/3/4884 5741/3/4875
f 5710/3/4852 5706/3/4850 5753/3/4885
f 5710/3/4852 5753/3/4885 5755/3/4361
f 5712/3/4853 5708/3/4851 5754/3/4886
f 5712/3/4853 5754/3/4886 5756/3/4887
f 5714/3/4854 5710/3/4852 5755/3/4361
f 5714/3/4854 5755/3/4361 5757/3/4357
f 5716/3/4856 5712/3/4853 5756/3/4887
f 5716/3/4856 5756/3/4887 5758/3/4355
f 5718/3/4858 5714/3/4854 5757/3/4357
f 5718/3/4858 5757/3/4357 5759/3/4353
f 5720/3/4860 5716/3/4856 5758/3/4355
f 5720/3/4860 5758/3/4355 5760/3/4351
f 5722/3/4862 5718/3/4858 5759/3/4353
f 5722/3/4862 5759/3/4353 5761/3/4349
f 5724/3/4863 5720/3/4860 5760/3/4351
f 5724/3/4863 5760/3/4351 5762/3/4888
f 5726/3/4865 5722/3/4862 5761/3/4349
f 5726/3/4865 5761/3/4349 5763/3/4345
f 5728/3/4867 5724/3/4863 5762/3/4888
f 5728/3/4867 5762/3/4888 5764/3/4889
f 5730/3/4868 5726/3/4865 5763/3/4345
f 5730/3/4868 5763/3/4345 5765/3/4341
f 5732/3/4869 5728/3/4867 5764/3/4889
f 5732/3/4869 5764/3/4889 5766/3/4890
f 5734/3/4871 5730/3/4868 5765/3/4341
f 5734/3/4871 5765/3/4341 5767/3/4336
f 5736/3/4872 5732/3/4869 5766/3/4890
f 5736/3/4872 5766/3/4890 5768/3/4265
f 5675/3/4833 5734/3/4871 5767/3/4336
f 5675/3/4833 5767/3/4336 5737/3/4873
f 5679/3/4835 5736/3/4872 5768/3/4265
f 5679/3/4835 5768/3/4265 5739/3/4264
f 5769/1/4793 5096/1/4287 5770/1/4891
f 5769/1/4793 5770/1/4891 5771/1/4892
f 5095/1/4286 5414/1/4605 5772/1/4893
f 5095/1/4286 5772/1/4893 5773/1/4894
f 5618/2/4776 5617/2/4775 5111/2/4302
f 5618/2/4776 5111/2/4302 5110/2/4301
f 5774/1/4895 5769/1/4793 5771/1/4892
f 5774/1/4895 5771/1/4892 5775/1/4896
f 5114/1/4305 5130/1/4321 5776/1/4897
f 5114/1/4305 5776/1/4897 5777/1/4829
f 5136/1/4327 5139/1/4330 5778/1/4775
f 5136/1/4327 5778/1/4775 5779/1/4774
f 5120/1/4311 5136/1/4327 5779/1/4774
f 5120/1/4311 5779/1/4774 5780/1/4898
f 5105/1/4296 5120/1/4311 5780/1/4898
f 5105/1/4296 5780/1/4898 5781/1/4899
f 5084/1/4275 5105/1/4296 5781/1/4899
f 5084/1/4275 5781/1/4899 5782/1/4786
f 5081/1/4272 5084/1/4275 5782/1/4786
f 5081/1/4272 5782/1/4786 5783/1/4900
f 5137/1/4328 5081/1/4272 5783/1/4900
f 5137/1/4328 5783/1/4900 5518/1/4676
f 5093/1/4284 5096/1/4287 5769/1/4793
f 5093/1/4284 5769/1/4793 5784/1/4792
f 5134/1/4325 5093/1/4284 5784/1/4792
f 5134/1/4325 5784/1/4792 5785/1/4796
f 5118/1/4309 5134/1/4325 5785/1/4796
f 5118/1/4309 5785/1/4796 5786/1/4798
f 5103/1/4294 5118/1/4309 5786/1/4798
f 5103/1/4294 5786/1/4798 5787/1/4800
f 5080/1/4271 5103/1/4294 5787/1/4800
f 5080/1/4271 5787/1/4800 5788/1/4802
f 5077/1/4268 5080/1/4271 5788/1/4802
f 5077/1/4268 5788/1/4802 5789/1/4804
f 5124/1/4315 5077/1/4268 5789/1/4804
f 5124/1/4315 5789/1/4804 5790/1/4901
f 5109/1/4300 5124/1/4315 5790/1/4901
f 5109/1/4300 5790/1/4901 5791/1/4808
f 5092/1/4283 5109/1/4300 5791/1/4808
f 5092/1/4283 5791/1/4808 5792/1/4902
f 5089/1/4280 5092/1/4283 5792/1/4902
f 5089/1/4280 5792/1/4902 5793/1/4812
f 5132/1/4323 5089/1/4280 5793/1/4812
f 5132/1/4323 5793/1/4812 5794/1/4814
f 5116/1/4307 5132/1/4323 5794/1/4814
f 5116/1/4307 5794/1/4814 5795/1/4816
f 5101/1/4292 5116/1/4307 5795/1/4816
f 5101/1/4292 5795/1/4816 5796/1/4903
f 5072/1/4263 5101/1/4292 5796/1/4903
f 5072/1/4263 5796/1/4903 5797/1/4820
f 5069/1/4260 5072/1/4263 5797/1/4820
f 5069/1/4260 5797/1/4820 5798/1/4904
f 5122/1/4313 5069/1/4260 5798/1/4904
f 5122/1/4313 5798/1/4904 5799/1/4824
f 5107/1/4298 5122/1/4313 5799/1/4824
f 5107/1/4298 5799/1/4824 5800/1/4905
f 5088/1/4279 5107/1/4298 5800/1/4905
f 5088/1/4279 5800/1/4905 5801/1/4828
f 5085/1/4276 5088/1/4279 5801/1/4828
f 5085/1/4276 5801/1/4828 5802/1/4779
f 5130/1/4321 5085/1/4276 5802/1/4779
f 5130/1/4321 5802/1/4779 5776/1/4897
f 5139/1/4330 5097/1/4288 5803/1/4906
f 5139/1/4330 5803/1/4906 5778/1/4775
f 5097/1/4288 5099/1/4290 5804/1/4303
f 5097/1/4288 5804/1/4303 5803/1/4906
f 5099/1/4290 5114/1/4305 5777/1/4829
f 5099/1/4290 5777/1/4829 5804/1/4303
f 5519/1/4677 5805/1/4907 5806/1/4908
f 5519/1/4677 5806/1/4908 5520/1/4678
f 5126/1/4317 5137/1/4328 5522/1/4680
f 5126/1/4317 5522/1/4680 5127/1/4318
f 5807/1/4909 5808/1/4910 5127/1/4318
f 5807/1/4909 5127/1/4318 5522/1/4680
f 5773/1/4894 5772/1/4893 5809/1/4911
f 5773/1/4894 5809/1/4911 5808/1/4910
f 5806/1/4908 5810/1/4912 5521/1/4679
f 5806/1/4908 5521/1/4679 5520/1/4678
f 5775/1/4896 5771/1/4892 5810/1/4912
f 5775/1/4896 5810/1/4912 5806/1/4908
f 5808/1/4910 5809/1/4911 5128/1/4319
f 5808/1/4910 5128/1/4319 5127/1/4318
f 5770/1/4891 5807/1/4909 5810/1/4912
f 5770/1/4891 5810/1/4912 5771/1/4892
f 5807/1/4909 5522/1/4680 5521/1/4679
f 5807/1/4909 5521/1/4679 5810/1/4912
f 5770/1/4891 5773/1/4894 5808/1/4910
f 5770/1/4891 5808/1/4910 5807/1/4909
f 5811/2/4913 5812/2/4914 5813/2/4915
f 5811/2/4913 5813/2/4915 5814/2/4916
f 5096/1/4287 5095/1/4286 5773/1/4894
f 5096/1/4287 5773/1/4894 5770/1/4891
f 5815/1/4668 5125/1/4316 5816/1/4917
f 5815/1/4668 5816/1/4917 5817/1/4918
f 5805/1/4907 5774/1/4895 5775/1/4896
f 5805/1/4907 5775/1/4896 5806/1/4908
f 5817/1/4918 5816/1/4917 5818/1/4919
f 5817/1/4918 5818/1/4919 5819/1/4915
f 5820/1/4920 5817/1/4918 5819/1/4915
f 5820/1/4920 5819/1/4915 5821/1/4921
f 5772/1/4893 5414/1/4605 5820/1/4920
f 5772/1/4893 5820/1/4920 5821/1/4921
f 5414/1/4605 5815/1/4668 5817/1/4918
f 5414/1/4605 5817/1/4918 5820/1/4920
f 5812/2/4914 5822/2/4893 5823/2/4922
f 5812/2/4914 5823/2/4922 5813/2/4915
f 5125/1/4316 5128/1/4319 5818/1/4919
f 5125/1/4316 5818/1/4919 5816/1/4917
f 5824/2/4923 5825/2/4924 5583/2/4741
f 5824/2/4923 5583/2/4741 5526/2/4684
f 5826/2/4925 5827/2/4926 5581/2/4739
f 5826/2/4925 5581/2/4739 5421/2/4612
f 5825/2/4924 5828/2/4927 5579/2/4737
f 5825/2/4924 5579/2/4737 5583/2/4741
f 5829/2/4928 5830/2/4929 5577/2/4735
f 5829/2/4928 5577/2/4735 5556/2/4714
f 5827/2/4926 5831/2/4930 5575/2/4733
f 5827/2/4926 5575/2/4733 5581/2/4739
f 5828/2/4927 5832/2/4931 5573/2/4731
f 5828/2/4927 5573/2/4731 5579/2/4737
f 5830/2/4929 5833/2/4932 5571/2/4729
f 5830/2/4929 5571/2/4729 5577/2/4735
f 5831/2/4930 5834/2/4933 5569/2/4727
f 5831/2/4930 5569/2/4727 5575/2/4733
f 5832/2/4931 5835/2/4934 5567/2/4725
f 5832/2/4931 5567/2/4725 5573/2/4731
f 5833/2/4932 5836/2/4935 5565/2/4723
f 5833/2/4932 5565/2/4723 5571/2/4729
f 5834/2/4933 5837/2/4936 5563/2/4721
f 5834/2/4933 5563/2/4721 5569/2/4727
f 5835/2/4934 5838/2/4937 5561/2/4719
f 5835/2/4934 5561/2/4719 5567/2/4725
f 5836/2/4935 5839/2/4938 5559/2/4717
f 5836/2/4935 5559/2/4717 5565/2/4723
f 5837/2/4936 5840/2/4939 5555/2/4713
f 5837/2/4936 5555/2/4713 5563/2/4721
f 5838/2/4937 5841/2/4940 5553/2/4711
f 5838/2/4937 5553/2/4711 5561/2/4719
f 5839/2/4938 5842/2/4941 5551/2/4709
f 5839/2/4938 5551/2/4709 5559/2/4717
f 5840/2/4939 5829/2/4928 5556/2/4714
f 5840/2/4939 5556/2/4714 5555/2/4713
f 5841/2/4940 5843/2/4942 5549/2/4707
f 5841/2/4940 5549/2/4707 5553/2/4711
f 5842/2/4941 5844/2/4943 5547/2/4705
f 5842/2/4941 5547/2/4705 5551/2/4709
f 5843/2/4942 5845/2/4944 5545/2/4703
f 5843/2/4942 5545/2/4703 5549/2/4707
f 5844/2/4943 5846/2/4945 5543/2/4701
f 5844/2/4943 5543/2/4701 5547/2/4705
f 5845/2/4944 5847/2/4946 5541/2/4699
f 5845/2/4944 5541/2/4699 5545/2/4703
f 5846/2/4945 5848/2/4947 5539/2/4697
f 5846/2/4945 5539/2/4697 5543/2/4701
f 5847/2/4946 5849/2/4948 5537/2/4695
f 5847/2/4946 5537/2/4695 5541/2/4699
f 5848/2/4947 5850/2/4949 5535/2/4693
f 5848/2/4947 5535/2/4693 5539/2/4697
f 5849/2/4948 5851/2/4950 5533/2/4691
f 5849/2/4948 5533/2/4691 5537/2/4695
f 5850/2/4949 5852/2/4951 5531/2/4689
f 5850/2/4949 5531/2/4689 5535/2/4693
f 5851/2/4950 5853/2/4952 5529/2/4687
f 5851/2/4950 5529/2/4687 5533/2/4691
f 5852/2/4951 5854/2/4953 5525/2/4683
f 5852/2/4951 5525/2/4683 5531/2/4689
f 5853/2/4952 5855/2/4954 5420/2/4611
f 5853/2/4952 5420/2/4611 5529/2/4687
f 5854/2/4953 5824/2/4923 5526/2/4684
f 5854/2/4953 5526/2/4684 5525/2/4683
f 5855/2/4954 5826/2/4925 5421/2/4612
f 5855/2/4954 5421/2/4612 5420/2/4611
f 5856/2/4255 5857/2/4955 5858/2/4956
f 5856/2/4255 5858/2/4956 5859/2/4957
f 5860/2/4958 5861/2/4615 5862/2/4959
f 5860/2/4958 5862/2/4959 5863/2/4960
f 5864/2/4617 5856/2/4255 5859/2/4957
f 5864/2/4617 5859/2/4957 5865/2/4961
f 5866/2/4962 5860/2/4958 5863/2/4960
f 5866/2/4962 5863/2/4960 5867/2/4963
f 5868/2/4619 5864/2/4617 5865/2/4961
f 5868/2/4619 5865/2/4961 5869/2/4964
f 5870/2/4965 5866/2/4962 5867/2/4963
f 5870/2/4965 5867/2/4963 5871/2/4966
f 5872/2/4621 5868/2/4619 5869/2/4964
f 5872/2/4621 5869/2/4964 5873/2/4967
f 5874/2/4622 5870/2/4965 5871/2/4966
f 5874/2/4622 5871/2/4966 5875/2/4968
f 5876/2/4969 5872/2/4621 5873/2/4967
f 5876/2/4969 5873/2/4967 5877/2/4970
f 5878/2/4624 5874/2/4622 5875/2/4968
f 5878/2/4624 5875/2/4968 5879/2/4971
f 5880/2/4625 5876/2/4969 5877/2/4970
f 5880/2/4625 5877/2/4970 5881/2/4972
f 5882/2/4973 5878/2/4624 5879/2/4971
f 5882/2/4973 5879/2/4971 5883/2/4974
f 5884/2/4975 5880/2/4625 5881/2/4972
f 5884/2/4975 5881/2/4972 5885/2/4976
f 5886/2/4977 5882/2/4973 5883/2/4974
f 5886/2/4977 5883/2/4974 5887/2/4978
f 5888/2/4979 5884/2/4975 5885/2/4976
f 5888/2/4979 5885/2/4976 5889/2/4980
f 5890/2/4631 5891/2/4981 5892/2/4982
f 5890/2/4631 5892/2/4982 5893/2/4983
f 5894/2/4632 5886/2/4977 5887/2/4978
f 5894/2/4632 5887/2/4978 5895/2/4984
f 5896/2/4633 5888/2/4979 5889/2/4980
f 5896/2/4633 5889/2/4980 5897/2/4985
f 5898/2/4634 5890/2/4631 5893/2/4983
f 5898/2/4634 5893/2/4983 5899/2/4986
f 5900/2/4987 5894/2/4632 5895/2/4984
f 5900/2/4987 5895/2/4984 5901/2/4988
f 5902/2/4636 5896/2/4633 5897/2/4985
f 5902/2/4636 5897/2/4985 5903/2/4989
f 5904/2/4990 5898/2/4634 5899/2/4986
f 5904/2/4990 5899/2/4986 5905/2/4991
f 5906/2/4992 5900/2/4987 5901/2/4988
f 5906/2/4992 5901/2/4988 5907/2/4993
f 5908/2/4639 5902/2/4636 5903/2/4989
f 5908/2/4639 5903/2/4989 5909/2/4994
f 5910/2/4640 5904/2/4990 5905/2/4991
f 5910/2/4640 5905/2/4991 5911/2/4995
f 5912/2/4641 5906/2/4992 5907/2/4993
f 5912/2/4641 5907/2/4993 5913/2/4996
f 5914/2/4997 5908/2/4639 5909/2/4994
f 5914/2/4997 5909/2/4994 5915/2/4998
f 5916/2/4999 5910/2/4640 5911/2/4995
f 5916/2/4999 5911/2/4995 5917/2/5000
f 5891/2/4981 5912/2/4641 5913/2/4996
f 5891/2/4981 5913/2/4996 5892/2/4982
f 5918/2/5001 5914/2/4997 5915/2/4998
f 5918/2/5001 5915/2/4998 5919/2/5002
f 5857/2/4955 5916/2/4999 5917/2/5000
f 5857/2/4955 5917/2/5000 5858/2/4956
f 5861/2/4615 5918/2/5001 5919/2/5002
f 5861/2/4615 5919/2/5002 5862/2/4959
f 5859/2/4957 5858/2/4956 5826/2/4925
f 5859/2/4957 5826/2/4925 5855/2/4954
f 5863/2/4960 5862/2/4959 5824/2/4923
f 5863/2/4960 5824/2/4923 5854/2/4953
f 5865/2/4961 5859/2/4957 5855/2/4954
f 5865/2/4961 5855/2/4954 5853/2/4952
f 5867/2/4963 5863/2/4960 5854/2/4953
f 5867/2/4963 5854/2/4953 5852/2/4951
f 5869/2/4964 5865/2/4961 5853/2/4952
f 5869/2/4964 5853/2/4952 5851/2/4950
f 5871/2/4966 5867/2/4963 5852/2/4951
f 5871/2/4966 5852/2/4951 5850/2/4949
f 5873/2/4967 5869/2/4964 5851/2/4950
f 5873/2/4967 5851/2/4950 5849/2/4948
f 5875/2/4968 5871/2/4966 5850/2/4949
f 5875/2/4968 5850/2/4949 5848/2/4947
f 5877/2/4970 5873/2/4967 5849/2/4948
f 5877/2/4970 5849/2/4948 5847/2/4946
f 5879/2/4971 5875/2/4968 5848/2/4947
f 5879/2/4971 5848/2/4947 5846/2/4945
f 5881/2/4972 5877/2/4970 5847/2/4946
f 5881/2/4972 5847/2/4946 5845/2/4944
f 5883/2/4974 5879/2/4971 5846/2/4945
f 5883/2/4974 5846/2/4945 5844/2/4943
f 5885/2/4976 5881/2/4972 5845/2/4944
f 5885/2/4976 5845/2/4944 5843/2/4942
f 5887/2/4978 5883/2/4974 5844/2/4943
f 5887/2/4978 5844/2/4943 5842/2/4941
f 5889/2/4980 5885/2/4976 5843/2/4942
f 5889/2/4980 5843/2/4942 5841/2/4940
f 5893/2/4983 5892/2/4982 5829/2/4928
f 5893/2/4983 5829/2/4928 5840/2/4939
f 5895/2/4984 5887/2/4978 5842/2/4941
f 5895/2/4984 5842/2/4941 5839/2/4938
f 5897/2/4985 5889/2/4980 5841/2/4940
f 5897/2/4985 5841/2/4940 5838/2/4937
f 5899/2/4986 5893/2/4983 5840/2/4939
f 5899/2/4986 5840/2/4939 5837/2/4936
f 5901/2/4988 5895/2/4984 5839/2/4938
f 5901/2/4988 5839/2/4938 5836/2/4935
f 5903/2/4989 5897/2/4985 5838/2/4937
f 5903/2/4989 5838/2/4937 5835/2/4934
f 5905/2/4991 5899/2/4986 5837/2/4936
f 5905/2/4991 5837/2/4936 5834/2/4933
f 5907/2/4993 5901/2/4988 5836/2/4935
f 5907/2/4993 5836/2/4935 5833/2/4932
f 5909/2/4994 5903/2/4989 5835/2/4934
f 5909/2/4994 5835/2/4934 5832/2/4931
f 5911/2/4995 5905/2/4991 5834/2/4933
f 5911/2/4995 5834/2/4933 5831/2/4930
f 5913/2/4996 5907/2/4993 5833/2/4932
f 5913/2/4996 5833/2/4932 5830/2/4929
f 5915/2/4998 5909/2/4994 5832/2/4931
f 5915/2/4998 5832/2/4931 5828/2/4927
f 5917/2/5000 5911/2/4995 5831/2/4930
f 5917/2/5000 5831/2/4930 5827/2/4926
f 5892/2/4982 5913/2/4996 5830/2/4929
f 5892/2/4982 5830/2/4929 5829/2/4928
f 5919/2/5002 5915/2/4998 5828/2/4927
f 5919/2/5002 5828/2/4927 5825/2/4924
f 5858/2/4956 5917/2/5000 5827/2/4926
f 5858/2/4956 5827/2/4926 5826/2/4925
f 5862/2/4959 5919/2/5002 5825/2/4924
f 5862/2/4959 5825/2/4924 5824/2/4923
f 5920/1/5003 5921/1/5004 5922/1/5005
f 5920/1/5003 5922/1/5005 5923/1/5006
f 5924/3/4256 5925/3/4257 5926/3/4253
f 5924/3/4256 5926/3/4253 5927/3/4252
f 5927/3/4252 5926/3/4253 5928/3/4251
f 5927/3/4252 5928/3/4251 5929/3/4250
f 5929/3/4250 5928/3/4251 5930/3/4249
f 5929/3/4250 5930/3/4249 5931/3/5007
f 5931/3/5007 5930/3/4249 5932/3/4247
f 5931/3/5007 5932/3/4247 5933/3/4246
f 5933/3/4246 5932/3/4247 5934/3/5008
f 5933/3/4246 5934/3/5008 5935/3/4244
f 5935/3/4244 5934/3/5008 5936/3/4243
f 5935/3/4244 5936/3/4243 5937/3/4242
f 5937/3/4242 5936/3/4243 5938/3/4241
f 5937/3/4242 5938/3/4241 5939/3/4240
f 5939/3/4240 5938/3/4241 5940/3/4239
f 5939/3/4240 5940/3/4239 5941/3/4238
f 5941/3/4238 5940/3/4239 5942/3/4237
f 5941/3/4238 5942/3/4237 5943/3/4236
f 5943/3/4236 5942/3/4237 5944/3/4235
f 5943/3/4236 5944/3/4235 5945/3/4234
f 5945/3/4234 5944/3/4235 5946/3/4233
f 5945/3/4234 5946/3/4233 5947/3/5009
f 5947/3/5009 5946/3/4233 5948/3/4231
f 5947/3/5009 5948/3/4231 5949/3/4230
f 5949/3/4230 5948/3/4231 5950/3/4229
f 5949/3/4230 5950/3/4229 5951/3/4228
f 5951/3/4228 5950/3/4229 5952/3/4227
f 5951/3/4228 5952/3/4227 5953/3/4226
f 5953/3/4226 5952/3/4227 5954/3/4225
f 5953/3/4226 5954/3/4225 5955/3/4224
f 5955/3/4224 5954/3/4225 5956/3/4223
f 5955/3/4224 5956/3/4223 5957/3/4222
f 5957/3/4222 5956/3/4223 5958/3/4221
f 5957/3/4222 5958/3/4221 5959/3/4220
f 5959/3/4220 5958/3/4221 5960/3/4219
f 5959/3/4220 5960/3/4219 5961/3/4218
f 5961/3/4218 5960/3/4219 5962/3/4217
f 5961/3/4218 5962/3/4217 5963/3/5010
f 5963/3/5010 5962/3/4217 5964/3/4215
f 5963/3/5010 5964/3/4215 5965/3/4214
f 5965/3/4214 5964/3/4215 5966/3/4213
f 5965/3/4214 5966/3/4213 5967/3/4212
f 5967/3/4212 5966/3/4213 5968/3/4211
f 5967/3/4212 5968/3/4211 5969/3/4210
f 5969/3/4210 5968/3/4211 5970/3/4209
f 5969/3/4210 5970/3/4209 5971/3/4208
f 5971/3/4208 5970/3/4209 5972/3/4207
f 5971/3/4208 5972/3/4207 5973/3/4206
f 5973/3/4206 5972/3/4207 5974/3/4205
f 5973/3/4206 5974/3/4205 5975/3/4204
f 5975/3/4204 5974/3/4205 5976/3/4203
f 5975/3/4204 5976/3/4203 5977/3/4202
f 5977/3/4202 5976/3/4203 5978/3/4201
f 5977/3/4202 5978/3/4201 5979/3/5011
f 5979/3/5011 5978/3/4201 5980/3/4199
f 5979/3/5011 5980/3/4199 5981/3/4198
f 5981/3/4198 5980/3/4199 5982/3/4196
f 5981/3/4198 5982/3/4196 5983/3/4195
f 5937/3/4242 5984/3/4624 5985/3/4626
f 5937/3/4242 5985/3/4626 5935/3/4244
f 5983/3/4195 5982/3/4196 5986/3/4197
f 5983/3/4195 5986/3/4197 5987/3/4194
f 5987/3/4194 5986/3/4197 5988/3/4259
f 5987/3/4194 5988/3/4259 5989/3/4258
f 5990/1/5012 5991/1/5013 5992/1/5014
f 5990/1/5012 5992/1/5014 5993/1/5015
f 5994/1/5016 5995/1/4362 5996/1/4358
f 5994/1/5016 5996/1/4358 5997/1/5017
f 5998/1/5018 5999/1/5019 6000/1/5020
f 5998/1/5018 6000/1/5020 6001/1/5021
f 6002/1/5022 6003/1/5023 6004/1/5024
f 6002/1/5022 6004/1/5024 6005/1/5025
f 6006/1/5026 6007/1/5027 6008/1/5028
f 6006/1/5026 6008/1/5028 6009/1/5029
f 6010/1/5030 6011/1/5031 6012/1/5032
f 6010/1/5030 6012/1/5032 6013/1/5033
f 6014/1/5034 6015/1/5035 6016/1/5036
f 6014/1/5034 6016/1/5036 6017/1/5037
f 6018/1/5038 6019/1/5039 5920/1/5003
f 6018/1/5038 5920/1/5003 6020/1/5040
f 5991/1/5013 6021/1/5041 6022/1/5042
f 5991/1/5013 6022/1/5042 5992/1/5014
f 5999/1/5019 6023/1/5043 6024/1/5044
f 5999/1/5019 6024/1/5044 6000/1/5020
f 6003/1/5023 6025/1/5045 6026/1/5046
f 6003/1/5023 6026/1/5046 6004/1/5024
f 6007/1/5027 6027/1/5047 6028/1/5048
f 6007/1/5027 6028/1/5048 6008/1/5028
f 6011/1/5031 6029/1/5049 6030/1/5050
f 6011/1/5031 6030/1/5050 6012/1/5032
f 6031/2/5051 6032/2/5052 6033/2/5053
f 6031/2/5051 6033/2/5053 6034/2/5054
f 6019/1/5039 6035/1/5055 5921/1/5004
f 6019/1/5039 5921/1/5004 5920/1/5003
f 6021/1/5041 6036/1/5056 6037/1/5057
f 6021/1/5041 6037/1/5057 6022/1/5042
f 6023/1/5043 6038/1/5058 6039/1/5059
f 6023/1/5043 6039/1/5059 6024/1/5044
f 6025/1/5045 6040/1/5060 6041/1/5061
f 6025/1/5045 6041/1/5061 6026/1/5046
f 6027/1/5047 6042/1/5062 6043/1/5063
f 6027/1/5047 6043/1/5063 6028/1/5048
f 6029/1/5049 6044/1/5064 6045/1/5065
f 6029/1/5049 6045/1/5065 6030/1/5050
f 6046/1/5066 6047/1/5067 6048/1/5068
f 6046/1/5066 6048/1/5068 6049/1/5069
f 6035/1/5055 6050/1/5070 6051/1/5071
f 6035/1/5055 6051/1/5071 5921/1/5004
f 6036/1/5056 6052/1/5072 6053/1/5073
f 6036/1/5056 6053/1/5073 6037/1/5057
f 6038/1/5058 6054/1/5074 6055/1/5075
f 6038/1/5058 6055/1/5075 6039/1/5059
f 6040/1/5060 6056/1/5076 6057/1/5077
f 6040/1/5060 6057/1/5077 6041/1/5061
f 6042/1/5062 5990/1/5012 5993/1/5015
f 6042/1/5062 5993/1/5015 6043/1/5063
f 6044/1/5064 5998/1/5018 6001/1/5021
f 6044/1/5064 6001/1/5021 6045/1/5065
f 6058/1/5078 6002/1/5022 6005/1/5025
f 6058/1/5078 6005/1/5025 6049/1/5069
f 6050/1/5070 6006/1/5026 6009/1/5029
f 6050/1/5070 6009/1/5029 6051/1/5071
f 6052/1/5072 6010/1/5030 6013/1/5033
f 6052/1/5072 6013/1/5033 6053/1/5073
f 6054/1/5074 6014/1/5034 6017/1/5037
f 6054/1/5074 6017/1/5037 6055/1/5075
f 6056/1/5076 6059/1/5079 6060/1/5080
f 6056/1/5076 6060/1/5080 6057/1/5077
f 6061/2/4417 6062/2/4418 6063/2/4416
f 6061/2/4417 6063/2/4416 6064/2/4415
f 6065/1/5081 6066/1/4360 6067/1/4356
f 6065/1/5081 6067/1/4356 6068/1/5082
f 5997/1/5017 5996/1/4358 6069/1/4354
f 5997/1/5017 6069/1/4354 6070/1/5083
f 6068/1/5082 6067/1/4356 6071/1/4352
f 6068/1/5082 6071/1/4352 6072/1/5084
f 6070/1/5083 6069/1/4354 6073/1/4350
f 6070/1/5083 6073/1/4350 6074/1/5085
f 6072/1/5084 6071/1/4352 6075/1/4348
f 6072/1/5084 6075/1/4348 6076/1/5086
f 6074/1/5085 6073/1/4350 6077/1/4346
f 6074/1/5085 6077/1/4346 6078/1/5087
f 6076/1/5086 6075/1/4348 6079/1/4344
f 6076/1/5086 6079/1/4344 6080/1/5088
f 6078/1/5087 6077/1/4346 6081/1/4342
f 6078/1/5087 6081/1/4342 6082/1/5089
f 6080/1/5088 6079/1/4344 6083/1/4340
f 6080/1/5088 6083/1/4340 6084/1/5090
f 6082/1/5089 6081/1/4342 6085/1/4337
f 6082/1/5089 6085/1/4337 6086/1/5091
f 6084/1/5090 6083/1/4340 6087/1/4266
f 6084/1/5090 6087/1/4266 6088/1/5092
f 6086/1/5091 6085/1/4337 6089/1/4338
f 6086/1/5091 6089/1/4338 6090/1/5093
f 6088/1/5092 6087/1/4266 6091/1/4267
f 6088/1/5092 6091/1/4267 6092/1/5094
f 6090/1/5093 6089/1/4338 6093/1/4394
f 6090/1/5093 6093/1/4394 6094/1/5095
f 6092/1/5094 6091/1/4267 6095/1/4392
f 6092/1/5094 6095/1/4392 6096/1/5096
f 6097/1/4367 6098/1/4370 6099/1/4390
f 6097/1/4367 6099/1/4390 6100/1/4389
f 6094/1/5095 6093/1/4394 6101/1/4388
f 6094/1/5095 6101/1/4388 6102/1/5097
f 6096/1/5096 6095/1/4392 6103/1/4386
f 6096/1/5096 6103/1/4386 6104/1/4385
f 6100/1/4389 6099/1/4390 6105/1/4384
f 6100/1/4389 6105/1/4384 6106/1/4383
f 6102/1/5097 6101/1/4388 6107/1/4382
f 6102/1/5097 6107/1/4382 6108/1/5098
f 6104/1/4385 6103/1/4386 6109/1/4380
f 6104/1/4385 6109/1/4380 6110/1/4379
f 6106/1/4383 6105/1/4384 6111/1/4378
f 6106/1/4383 6111/1/4378 6112/1/4377
f 6108/1/5098 6107/1/4382 6113/1/4376
f 6108/1/5098 6113/1/4376 6114/1/5099
f 6110/1/4379 6109/1/4380 6115/1/4374
f 6110/1/4379 6115/1/4374 6116/1/4373
f 6112/1/4377 6111/1/4378 6117/1/4372
f 6112/1/4377 6117/1/4372 6118/1/5100
f 6114/1/5099 6113/1/4376 6119/1/4369
f 6114/1/5099 6119/1/4369 6120/1/4368
f 6116/1/4373 6115/1/4374 6121/1/4366
f 6116/1/4373 6121/1/4366 6122/1/4365
f 6118/1/5100 6117/1/4372 6123/1/4364
f 6118/1/5100 6123/1/4364 6124/1/5101
f 6120/1/4368 6119/1/4369 6098/1/4370
f 6120/1/4368 6098/1/4370 6097/1/4367
f 6122/1/4365 6121/1/4366 5995/1/4362
f 6122/1/4365 5995/1/4362 5994/1/5016
f 6124/1/5101 6123/1/4364 6066/1/4360
f 6124/1/5101 6066/1/4360 6065/1/5081
f 6125/2/4485 6126/2/4486 6127/2/4397
f 6125/2/4485 6127/2/4397 6128/2/4396
f 6129/2/4453 6130/2/4454 6131/2/4452
f 6129/2/4453 6131/2/4452 6132/2/4650
f 6132/2/4650 6131/2/4452 6133/2/4450
f 6132/2/4650 6133/2/4450 6134/2/4449
f 6134/2/4449 6133/2/4450 6135/2/4448
f 6134/2/4449 6135/2/4448 6136/2/4447
f 6136/2/4447 6135/2/4448 6137/2/4446
f 6136/2/4447 6137/2/4446 6138/2/4445
f 6138/2/4445 6137/2/4446 6139/2/4444
f 6138/2/4445 6139/2/4444 6140/2/4443
f 6140/2/4443 6139/2/4444 6141/2/4442
f 6140/2/4443 6141/2/4442 6142/2/4441
f 6142/2/4441 6141/2/4442 6143/2/4440
f 6142/2/4441 6143/2/4440 6144/2/4439
f 6144/2/4439 6143/2/4440 6145/2/4333
f 6144/2/4439 6145/2/4333 6146/2/4332
f 6146/2/4332 6145/2/4333 6147/2/4334
f 6146/2/4332 6147/2/4334 6148/2/4649
f 6148/2/4649 6147/2/4334 6149/2/4436
f 6148/2/4649 6149/2/4436 6150/2/4435
f 6150/2/4435 6149/2/4436 6151/2/4434
f 6150/2/4435 6151/2/4434 6152/2/4433
f 6152/2/4433 6151/2/4434 6153/2/4432
f 6152/2/4433 6153/2/4432 6154/2/4431
f 6154/2/4431 6153/2/4432 6155/2/4430
f 6154/2/4431 6155/2/4430 6156/2/4429
f 6156/2/4429 6155/2/4430 6157/2/4428
f 6156/2/4429 6157/2/4428 6158/2/4427
f 6158/2/4427 6157/2/4428 6159/2/4426
f 6158/2/4427 6159/2/4426 6160/2/4425
f 6160/2/4425 6159/2/4426 6161/2/4424
f 6160/2/4425 6161/2/4424 6162/2/4423
f 6162/2/4423 6161/2/4424 6163/2/4422
f 6162/2/4423 6163/2/4422 6164/2/4646
f 6164/2/4646 6163/2/4422 6165/2/4420
f 6164/2/4646 6165/2/4420 6166/2/4419
f 6167/1/4466 6069/1/4354 5996/1/4358
f 6167/1/4466 5996/1/4358 6168/1/4468
f 6166/2/4419 6165/2/4420 6062/2/4418
f 6166/2/4419 6062/2/4418 6061/2/4417
f 6064/2/4415 6063/2/4416 6169/2/4414
f 6064/2/4415 6169/2/4414 6170/2/4413
f 6170/2/4413 6169/2/4414 6171/2/4412
f 6170/2/4413 6171/2/4412 6172/2/4411
f 6172/2/4411 6171/2/4412 6173/2/4410
f 6172/2/4411 6173/2/4410 6174/2/4409
f 6174/2/4409 6173/2/4410 6175/2/4408
f 6174/2/4409 6175/2/4408 6176/2/4407
f 6176/2/4407 6175/2/4408 6177/2/4406
f 6176/2/4407 6177/2/4406 6178/2/4645
f 6178/2/4645 6177/2/4406 6179/2/4404
f 6178/2/4645 6179/2/4404 6180/2/4403
f 6180/2/4403 6179/2/4404 6181/2/4401
f 6180/2/4403 6181/2/4401 6182/2/4400
f 6182/2/4400 6181/2/4401 6183/2/4402
f 6182/2/4400 6183/2/4402 6184/2/4399
f 6184/2/4399 6183/2/4402 6126/2/4486
f 6184/2/4399 6126/2/4486 6125/2/4485
f 6185/1/4473 6099/1/4390 6098/1/4370
f 6185/1/4473 6098/1/4370 6186/1/4456
f 6169/2/4414 6187/2/4522 6188/2/4520
f 6169/2/4414 6188/2/4520 6171/2/4412
f 6189/1/4465 6071/1/4352 6067/1/4356
f 6189/1/4465 6067/1/4356 6190/1/4467
f 6191/1/4464 6073/1/4350 6069/1/4354
f 6191/1/4464 6069/1/4354 6167/1/4466
f 6192/1/4463 6075/1/4348 6071/1/4352
f 6192/1/4463 6071/1/4352 6189/1/4465
f 6193/1/4462 6077/1/4346 6073/1/4350
f 6193/1/4462 6073/1/4350 6191/1/4464
f 6194/1/4461 6079/1/4344 6075/1/4348
f 6194/1/4461 6075/1/4348 6192/1/4463
f 6195/1/4459 6081/1/4342 6077/1/4346
f 6195/1/4459 6077/1/4346 6193/1/4462
f 6196/1/4437 6083/1/4340 6079/1/4344
f 6196/1/4437 6079/1/4344 6194/1/4461
f 6197/1/4460 6085/1/4337 6081/1/4342
f 6197/1/4460 6081/1/4342 6195/1/4459
f 6198/1/4438 6087/1/4266 6083/1/4340
f 6198/1/4438 6083/1/4340 6196/1/4437
f 6199/1/4488 6089/1/4338 6085/1/4337
f 6199/1/4488 6085/1/4337 6197/1/4460
f 6200/1/4487 6091/1/4267 6087/1/4266
f 6200/1/4487 6087/1/4266 6198/1/4438
f 6201/1/4484 6093/1/4394 6089/1/4338
f 6201/1/4484 6089/1/4338 6199/1/4488
f 6202/1/4483 6095/1/4392 6091/1/4267
f 6202/1/4483 6091/1/4267 6200/1/4487
f 6186/1/4456 6098/1/4370 6119/1/4369
f 6186/1/4456 6119/1/4369 6203/1/4455
f 6204/1/4482 6101/1/4388 6093/1/4394
f 6204/1/4482 6093/1/4394 6201/1/4484
f 6205/1/4481 6103/1/4386 6095/1/4392
f 6205/1/4481 6095/1/4392 6202/1/4483
f 6206/1/4480 6105/1/4384 6099/1/4390
f 6206/1/4480 6099/1/4390 6185/1/4473
f 6207/1/4479 6107/1/4382 6101/1/4388
f 6207/1/4479 6101/1/4388 6204/1/4482
f 6208/1/4478 6109/1/4380 6103/1/4386
f 6208/1/4478 6103/1/4386 6205/1/4481
f 6209/1/4477 6111/1/4378 6105/1/4384
f 6209/1/4477 6105/1/4384 6206/1/4480
f 6210/1/4476 6113/1/4376 6107/1/4382
f 6210/1/4476 6107/1/4382 6207/1/4479
f 6211/1/4475 6115/1/4374 6109/1/4380
f 6211/1/4475 6109/1/4380 6208/1/4478
f 6212/1/4474 6117/1/4372 6111/1/4378
f 6212/1/4474 6111/1/4378 6209/1/4477
f 6203/1/4455 6119/1/4369 6113/1/4376
f 6203/1/4455 6113/1/4376 6210/1/4476
f 6213/1/4472 6121/1/4366 6115/1/4374
f 6213/1/4472 6115/1/4374 6211/1/4475
f 6214/1/4471 6123/1/4364 6117/1/4372
f 6214/1/4471 6117/1/4372 6212/1/4474
f 6215/2/4395 6216/2/4398 6130/2/4454
f 6215/2/4395 6130/2/4454 6129/2/4453
f 6217/1/4470 5995/1/4362 6121/1/4366
f 6217/1/4470 6121/1/4366 6213/1/4472
f 6218/1/4469 6066/1/4360 6123/1/4364
f 6218/1/4469 6123/1/4364 6214/1/4471
f 6168/1/4468 5996/1/4358 5995/1/4362
f 6168/1/4468 5995/1/4362 6217/1/4470
f 6190/1/4467 6067/1/4356 6066/1/4360
f 6190/1/4467 6066/1/4360 6218/1/4469
f 6219/4/4557 6220/4/4558 6221/4/4554
f 6219/4/4557 6221/4/4554 6222/4/4553
f 6145/2/4333 6223/2/4521 6224/2/4519
f 6145/2/4333 6224/2/4519 6147/2/4334
f 6171/2/4412 6188/2/4520 6225/2/4518
f 6171/2/4412 6225/2/4518 6173/2/4410
f 6147/2/4334 6224/2/4519 6226/2/4517
f 6147/2/4334 6226/2/4517 6149/2/4436
f 6173/2/4410 6225/2/4518 6227/2/4516
f 6173/2/4410 6227/2/4516 6175/2/4408
f 6149/2/4436 6226/2/4517 6228/2/4515
f 6149/2/4436 6228/2/4515 6151/2/4434
f 6175/2/4408 6227/2/4516 6229/2/5102
f 6175/2/4408 6229/2/5102 6177/2/4406
f 6151/2/4434 6228/2/4515 6230/2/4513
f 6151/2/4434 6230/2/4513 6153/2/4432
f 6127/2/4397 6231/2/4502 6232/2/4512
f 6127/2/4397 6232/2/4512 6216/2/4398
f 6177/2/4406 6229/2/5102 6233/2/4511
f 6177/2/4406 6233/2/4511 6179/2/4404
f 6153/2/4432 6230/2/4513 6234/2/4510
f 6153/2/4432 6234/2/4510 6155/2/4430
f 6216/2/4398 6232/2/4512 6235/2/4509
f 6216/2/4398 6235/2/4509 6130/2/4454
f 6179/2/4404 6233/2/4511 6236/2/4508
f 6179/2/4404 6236/2/4508 6181/2/4401
f 6155/2/4430 6234/2/4510 6237/2/4507
f 6155/2/4430 6237/2/4507 6157/2/4428
f 6130/2/4454 6235/2/4509 6238/2/4506
f 6130/2/4454 6238/2/4506 6131/2/4452
f 6181/2/4401 6236/2/4508 6239/2/4505
f 6181/2/4401 6239/2/4505 6183/2/4402
f 6157/2/4428 6237/2/4507 6240/2/4504
f 6157/2/4428 6240/2/4504 6159/2/4426
f 6131/2/4452 6238/2/4506 6241/2/4503
f 6131/2/4452 6241/2/4503 6133/2/4450
f 6183/2/4402 6239/2/4505 6242/2/4501
f 6183/2/4402 6242/2/4501 6126/2/4486
f 6159/2/4426 6240/2/4504 6243/2/4500
f 6159/2/4426 6243/2/4500 6161/2/4424
f 6133/2/4450 6241/2/4503 6244/2/4499
f 6133/2/4450 6244/2/4499 6135/2/4448
f 6126/2/4486 6242/2/4501 6231/2/4502
f 6126/2/4486 6231/2/4502 6127/2/4397
f 6161/2/4424 6243/2/4500 6245/2/4498
f 6161/2/4424 6245/2/4498 6163/2/4422
f 6135/2/4448 6244/2/4499 6246/2/4497
f 6135/2/4448 6246/2/4497 6137/2/4446
f 6163/2/4422 6245/2/4498 6247/2/4496
f 6163/2/4422 6247/2/4496 6165/2/4420
f 6137/2/4446 6246/2/4497 6248/2/4495
f 6137/2/4446 6248/2/4495 6139/2/4444
f 6165/2/4420 6247/2/4496 6249/2/4493
f 6165/2/4420 6249/2/4493 6062/2/4418
f 6139/2/4444 6248/2/4495 6250/2/5103
f 6139/2/4444 6250/2/5103 6141/2/4442
f 6062/2/4418 6249/2/4493 6251/2/4494
f 6062/2/4418 6251/2/4494 6063/2/4416
f 6141/2/4442 6250/2/5103 6252/2/4458
f 6141/2/4442 6252/2/4458 6143/2/4440
f 6063/2/4416 6251/2/4494 6187/2/4522
f 6063/2/4416 6187/2/4522 6169/2/4414
f 6143/2/4440 6252/2/4458 6223/2/4521
f 6143/2/4440 6223/2/4521 6145/2/4333
f 6253/4/4543 582/4/471 585/4/468
f 6253/4/4543 585/4/468 6254/4/4538
f 6255/4/4555 6256/4/4556 6257/4/4552
f 6255/4/4555 6257/4/4552 6258/4/4551
f 6259/4/4529 6260/4/4532 6261/4/4550
f 6259/4/4529 6261/4/4550 6262/4/4549
f 6222/4/4553 6221/4/4554 6263/4/4548
f 6222/4/4553 6263/4/4548 6264/4/4547
f 6258/4/4551 6257/4/4552 6265/4/4546
f 6258/4/4551 6265/4/4546 6266/4/4545
f 6262/4/4549 6261/4/4550 6267/4/4524
f 6262/4/4549 6267/4/4524 6268/4/4544
f 6264/4/4547 6263/4/4548 6253/4/4543
f 6264/4/4547 6253/4/4543 6269/4/4542
f 6266/4/4545 6265/4/4546 6270/4/4541
f 6266/4/4545 6270/4/4541 6271/4/4540
f 6268/4/4544 6267/4/4524 6272/4/4523
f 6268/4/4544 6272/4/4523 6273/4/4539
f 6269/4/4542 6253/4/4543 6254/4/4538
f 6269/4/4542 6254/4/4538 6274/4/4537
f 6271/4/4540 6270/4/4541 6275/4/4536
f 6271/4/4540 6275/4/4536 6276/4/5104
f 6273/4/4539 6272/4/4523 6277/4/4534
f 6273/4/4539 6277/4/4534 6278/4/4533
f 6274/4/4537 6254/4/4538 6279/4/4531
f 6274/4/4537 6279/4/4531 6280/4/4530
f 6276/4/5104 6275/4/4536 6281/4/4527
f 6276/4/5104 6281/4/4527 6282/4/4526
f 6278/4/4533 6277/4/4534 6283/4/4491
f 6278/4/4533 6283/4/4491 6284/4/4490
f 6280/4/4530 6279/4/4531 6260/4/4532
f 6280/4/4530 6260/4/4532 6259/4/4529
f 6282/4/4526 6281/4/4527 6285/4/4528
f 6282/4/4526 6285/4/4528 6286/4/4525
f 6284/4/4490 6283/4/4491 6287/4/4492
f 6284/4/4490 6287/4/4492 6288/4/4489
f 6286/4/4525 6285/4/4528 6289/4/4582
f 6286/4/4525 6289/4/4582 6290/4/4581
f 6288/4/4489 6287/4/4492 6291/4/4580
f 6288/4/4489 6291/4/4580 6292/4/4579
f 6290/4/4581 6289/4/4582 6293/4/4578
f 6290/4/4581 6293/4/4578 6294/4/4577
f 6292/4/4579 6291/4/4580 6295/4/4576
f 6292/4/4579 6295/4/4576 6296/4/4575
f 6294/4/4577 6293/4/4578 6297/4/4574
f 6294/4/4577 6297/4/4574 6298/4/4573
f 6296/4/4575 6295/4/4576 6299/4/4572
f 6296/4/4575 6299/4/4572 6300/4/5105
f 6298/4/4573 6297/4/4574 6301/4/4570
f 6298/4/4573 6301/4/4570 6302/4/4569
f 6300/4/5105 6299/4/4572 6303/4/4568
f 6300/4/5105 6303/4/4568 6304/4/4567
f 6302/4/4569 6301/4/4570 6305/4/4566
f 6302/4/4569 6305/4/4566 6306/4/4565
f 6304/4/4567 6303/4/4568 6307/4/4564
f 6304/4/4567 6307/4/4564 6308/4/4563
f 6306/4/4565 6305/4/4566 6309/4/4562
f 6306/4/4565 6309/4/4562 6310/4/5106
f 6308/4/4563 6307/4/4564 6311/4/4560
f 6308/4/4563 6311/4/4560 6312/4/4559
f 6310/4/5106 6309/4/4562 6220/4/4558
f 6310/4/5106 6220/4/4558 6219/4/4557
f 6312/4/4559 6311/4/4560 6256/4/4556
f 6312/4/4559 6256/4/4556 6255/4/4555
f 6270/4/4541 583/4/470 586/4/467
f 6270/4/4541 586/4/467 6275/4/4536
f 6272/4/4523 584/4/469 587/4/466
f 6272/4/4523 587/4/466 6277/4/4534
f 6254/4/4538 585/4/468 588/4/465
f 6254/4/4538 588/4/465 6279/4/4531
f 6275/4/4536 586/4/467 589/4/463
f 6275/4/4536 589/4/463 6281/4/4527
f 6277/4/4534 587/4/466 590/4/462
f 6277/4/4534 590/4/462 6283/4/4491
f 6279/4/4531 588/4/465 577/4/464
f 6279/4/4531 577/4/464 6260/4/4532
f 6281/4/4527 589/4/463 558/4/461
f 6281/4/4527 558/4/461 6285/4/4528
f 6283/4/4491 590/4/462 561/4/460
f 6283/4/4491 561/4/460 6287/4/4492
f 6285/4/4528 558/4/461 560/4/459
f 6285/4/4528 560/4/459 6289/4/4582
f 6287/4/4492 561/4/460 562/4/458
f 6287/4/4492 562/4/458 6291/4/4580
f 6289/4/4582 560/4/459 563/4/457
f 6289/4/4582 563/4/457 6293/4/4578
f 6291/4/4580 562/4/458 564/4/456
f 6291/4/4580 564/4/456 6295/4/4576
f 6293/4/4578 563/4/457 565/4/455
f 6293/4/4578 565/4/455 6297/4/4574
f 6295/4/4576 564/4/456 566/4/454
f 6295/4/4576 566/4/454 6299/4/4572
f 6297/4/4574 565/4/455 567/4/453
f 6297/4/4574 567/4/453 6301/4/4570
f 6299/4/4572 566/4/454 568/4/452
f 6299/4/4572 568/4/452 6303/4/4568
f 6301/4/4570 567/4/453 569/4/451
f 6301/4/4570 569/4/451 6305/4/4566
f 6303/4/4568 568/4/452 570/4/450
f 6303/4/4568 570/4/450 6307/4/4564
f 6305/4/4566 569/4/451 571/4/449
f 6305/4/4566 571/4/449 6309/4/4562
f 6307/4/4564 570/4/450 572/4/446
f 6307/4/4564 572/4/446 6311/4/4560
f 6309/4/4562 571/4/449 573/4/448
f 6309/4/4562 573/4/448 6220/4/4558
f 6311/4/4560 572/4/446 574/4/511
f 6311/4/4560 574/4/511 6256/4/4556
f 6220/4/4558 573/4/448 575/4/477
f 6220/4/4558 575/4/477 6221/4/4554
f 6256/4/4556 574/4/511 576/4/476
f 6256/4/4556 576/4/476 6257/4/4552
f 6260/4/4532 577/4/464 578/4/475
f 6260/4/4532 578/4/475 6261/4/4550
f 6221/4/4554 575/4/477 579/4/474
f 6221/4/4554 579/4/474 6263/4/4548
f 6257/4/4552 576/4/476 580/4/473
f 6257/4/4552 580/4/473 6265/4/4546
f 6261/4/4550 578/4/475 581/4/472
f 6261/4/4550 581/4/472 6267/4/4524
f 6263/4/4548 579/4/474 582/4/471
f 6263/4/4548 582/4/471 6253/4/4543
f 6265/4/4546 580/4/473 583/4/470
f 6265/4/4546 583/4/470 6270/4/4541
f 6267/4/4524 581/4/472 584/4/469
f 6267/4/4524 584/4/469 6272/4/4523
f 6020/1/5040 5920/1/5003 5923/1/5006
f 6020/1/5040 5923/1/5006 6313/1/5107
f 6060/1/5080 6020/1/5040 6313/1/5107
f 6060/1/5080 6313/1/5107 6314/1/5108
f 6051/1/5071 6009/1/5029 6315/1/5109
f 6051/1/5071 6315/1/5109 6316/1/5110
f 6009/1/5029 6008/1/5028 6317/1/5111
f 6009/1/5029 6317/1/5111 6315/1/5109
f 6008/1/5028 6028/1/5048 6318/1/5112
f 6008/1/5028 6318/1/5112 6317/1/5111
f 6028/1/5048 6043/1/5063 6319/1/5113
f 6028/1/5048 6319/1/5113 6318/1/5112
f 6043/1/5063 5993/1/5015 6320/1/5114
f 6043/1/5063 6320/1/5114 6319/1/5113
f 5993/1/5015 5992/1/5014 6321/1/5115
f 5993/1/5015 6321/1/5115 6320/1/5114
f 5992/1/5014 6022/1/5042 6322/1/5116
f 5992/1/5014 6322/1/5116 6321/1/5115
f 6022/1/5042 6037/1/5057 6323/1/5117
f 6022/1/5042 6323/1/5117 6322/1/5116
f 6037/1/5057 6053/1/5073 6324/1/5118
f 6037/1/5057 6324/1/5118 6323/1/5117
f 6053/1/5073 6013/1/5033 6325/1/5119
f 6053/1/5073 6325/1/5119 6324/1/5118
f 6013/1/5033 6012/1/5032 6326/1/5120
f 6013/1/5033 6326/1/5120 6325/1/5119
f 6012/1/5032 6030/1/5050 6327/1/5121
f 6012/1/5032 6327/1/5121 6326/1/5120
f 6030/1/5050 6045/1/5065 6328/1/5122
f 6030/1/5050 6328/1/5122 6327/1/5121
f 6045/1/5065 6001/1/5021 6329/1/5123
f 6045/1/5065 6329/1/5123 6328/1/5122
f 6001/1/5021 6000/1/5020 6330/1/5124
f 6001/1/5021 6330/1/5124 6329/1/5123
f 6000/1/5020 6024/1/5044 6331/1/5125
f 6000/1/5020 6331/1/5125 6330/1/5124
f 6024/1/5044 6039/1/5059 6332/1/5126
f 6024/1/5044 6332/1/5126 6331/1/5125
f 6039/1/5059 6055/1/5075 6333/1/5127
f 6039/1/5059 6333/1/5127 6332/1/5126
f 6055/1/5075 6017/1/5037 6334/1/5128
f 6055/1/5075 6334/1/5128 6333/1/5127
f 6017/1/5037 6016/1/5036 6335/1/5129
f 6017/1/5037 6335/1/5129 6334/1/5128
f 6049/1/5069 6005/1/5025 6336/1/5130
f 6049/1/5069 6336/1/5130 6046/1/5066
f 6005/1/5025 6004/1/5024 6337/1/5131
f 6005/1/5025 6337/1/5131 6336/1/5130
f 6004/1/5024 6026/1/5046 6338/1/5132
f 6004/1/5024 6338/1/5132 6337/1/5131
f 6026/1/5046 6041/1/5061 6339/1/5133
f 6026/1/5046 6339/1/5133 6338/1/5132
f 6041/1/5061 6057/1/5077 6340/1/5134
f 6041/1/5061 6340/1/5134 6339/1/5133
f 6057/1/5077 6060/1/5080 6314/1/5108
f 6057/1/5077 6314/1/5108 6340/1/5134
f 5921/1/5004 6051/1/5071 6316/1/5110
f 5921/1/5004 6316/1/5110 5922/1/5005
f 6341/2/4701 6342/2/4702 6343/2/4706
f 6341/2/4701 6343/2/4706 6344/2/4705
f 5965/3/4214 6345/3/4623 6346/3/4625
f 5965/3/4214 6346/3/4625 5963/3/5010
f 5939/3/4240 6347/3/4622 5984/3/4624
f 5939/3/4240 5984/3/4624 5937/3/4242
f 5967/3/4212 6348/3/4621 6345/3/4623
f 5967/3/4212 6345/3/4623 5965/3/4214
f 5941/3/4238 6349/3/4620 6347/3/4622
f 5941/3/4238 6347/3/4622 5939/3/4240
f 5969/3/4210 6350/3/4619 6348/3/4621
f 5969/3/4210 6348/3/4621 5967/3/4212
f 5943/3/4236 6351/3/4618 6349/3/4620
f 5943/3/4236 6349/3/4620 5941/3/4238
f 5971/3/4208 6352/3/4617 6350/3/4619
f 5971/3/4208 6350/3/4619 5969/3/4210
f 5945/3/4234 6353/3/4616 6351/3/4618
f 5945/3/4234 6351/3/4618 5943/3/4236
f 5973/3/4206 6354/3/4255 6352/3/4617
f 5973/3/4206 6352/3/4617 5971/3/4208
f 5947/3/5009 6355/3/4615 6353/3/4616
f 5947/3/5009 6353/3/4616 5945/3/4234
f 5975/3/4204 6356/3/4254 6354/3/4255
f 5975/3/4204 6354/3/4255 5973/3/4206
f 5949/3/4230 6357/3/4644 6355/3/4615
f 5949/3/4230 6355/3/4615 5947/3/5009
f 5977/3/4202 6358/3/4643 6356/3/4254
f 5977/3/4202 6356/3/4254 5975/3/4204
f 5951/3/4228 6359/3/4642 6357/3/4644
f 5951/3/4228 6357/3/4644 5949/3/4230
f 5924/3/4256 6360/3/4641 6361/3/4630
f 5924/3/4256 6361/3/4630 5989/3/4258
f 5979/3/5011 6362/3/4640 6358/3/4643
f 5979/3/5011 6358/3/4643 5977/3/4202
f 5953/3/4226 6363/3/4639 6359/3/4642
f 5953/3/4226 6359/3/4642 5951/3/4228
f 5927/3/4252 6364/3/4638 6360/3/4641
f 5927/3/4252 6360/3/4641 5924/3/4256
f 5981/3/4198 6365/3/4637 6362/3/4640
f 5981/3/4198 6362/3/4640 5979/3/5011
f 5955/3/4224 6366/3/4636 6363/3/4639
f 5955/3/4224 6363/3/4639 5953/3/4226
f 5929/3/4250 6367/3/4635 6364/3/4638
f 5929/3/4250 6364/3/4638 5927/3/4252
f 5983/3/4195 6368/3/4634 6365/3/4637
f 5983/3/4195 6365/3/4637 5981/3/4198
f 5957/3/4222 6369/3/4633 6366/3/4636
f 5957/3/4222 6366/3/4636 5955/3/4224
f 5931/3/5007 6370/3/4632 6367/3/4635
f 5931/3/5007 6367/3/4635 5929/3/4250
f 5987/3/4194 6371/3/4631 6368/3/4634
f 5987/3/4194 6368/3/4634 5983/3/4195
f 5959/3/4220 6372/3/4629 6369/3/4633
f 5959/3/4220 6369/3/4633 5957/3/4222
f 5933/3/4246 6373/3/4628 6370/3/4632
f 5933/3/4246 6370/3/4632 5931/3/5007
f 5989/3/4258 6361/3/4630 6371/3/4631
f 5989/3/4258 6371/3/4631 5987/3/4194
f 5961/3/4218 6374/3/4627 6372/3/4629
f 5961/3/4218 6372/3/4629 5959/3/4220
f 5935/3/4244 5985/3/4626 6373/3/4628
f 5935/3/4244 6373/3/4628 5933/3/4246
f 5963/3/5010 6346/3/4625 6374/3/4627
f 5963/3/5010 6374/3/4627 5961/3/4218
f 6186/1/4456 6375/1/4396 6376/1/4395
f 6186/1/4456 6376/1/4395 6185/1/4473
f 6185/1/4473 6376/1/4395 6377/1/4453
f 6185/1/4473 6377/1/4453 6206/1/4480
f 6206/1/4480 6377/1/4453 6378/1/4650
f 6206/1/4480 6378/1/4650 6209/1/4477
f 6209/1/4477 6378/1/4650 6379/1/4449
f 6209/1/4477 6379/1/4449 6212/1/4474
f 6212/1/4474 6379/1/4449 6380/1/4447
f 6212/1/4474 6380/1/4447 6214/1/4471
f 6214/1/4471 6380/1/4447 6381/1/4445
f 6214/1/4471 6381/1/4445 6218/1/4469
f 6218/1/4469 6381/1/4445 6382/1/4443
f 6218/1/4469 6382/1/4443 6190/1/4467
f 6190/1/4467 6382/1/4443 6383/1/4441
f 6190/1/4467 6383/1/4441 6189/1/4465
f 6189/1/4465 6383/1/4441 6384/1/4439
f 6189/1/4465 6384/1/4439 6192/1/4463
f 6192/1/4463 6384/1/4439 6385/1/4332
f 6192/1/4463 6385/1/4332 6194/1/4461
f 6194/1/4461 6385/1/4332 6386/1/4649
f 6194/1/4461 6386/1/4649 6196/1/4437
f 6196/1/4437 6386/1/4649 6387/1/4435
f 6196/1/4437 6387/1/4435 6198/1/4438
f 6198/1/4438 6387/1/4435 6388/1/4433
f 6198/1/4438 6388/1/4433 6200/1/4487
f 6200/1/4487 6388/1/4433 6389/1/4431
f 6200/1/4487 6389/1/4431 6202/1/4483
f 6202/1/4483 6389/1/4431 6390/1/4429
f 6202/1/4483 6390/1/4429 6205/1/4481
f 6205/1/4481 6390/1/4429 6391/1/4647
f 6205/1/4481 6391/1/4647 6208/1/4478
f 6208/1/4478 6391/1/4647 6392/1/5135
f 6208/1/4478 6392/1/5135 6211/1/4475
f 6211/1/4475 6392/1/5135 6393/1/4423
f 6211/1/4475 6393/1/4423 6213/1/4472
f 6213/1/4472 6393/1/4423 6394/1/4646
f 6213/1/4472 6394/1/4646 6217/1/4470
f 6217/1/4470 6394/1/4646 6395/1/4419
f 6217/1/4470 6395/1/4419 6168/1/4468
f 6168/1/4468 6395/1/4419 6396/1/4417
f 6168/1/4468 6396/1/4417 6167/1/4466
f 6167/1/4466 6396/1/4417 6397/1/4415
f 6167/1/4466 6397/1/4415 6191/1/4464
f 6191/1/4464 6397/1/4415 6398/1/4413
f 6191/1/4464 6398/1/4413 6193/1/4462
f 6193/1/4462 6398/1/4413 6399/1/4411
f 6193/1/4462 6399/1/4411 6195/1/4459
f 6195/1/4459 6399/1/4411 6400/1/4409
f 6195/1/4459 6400/1/4409 6197/1/4460
f 6197/1/4460 6400/1/4409 6401/1/4407
f 6197/1/4460 6401/1/4407 6199/1/4488
f 6199/1/4488 6401/1/4407 6402/1/4645
f 6199/1/4488 6402/1/4645 6201/1/4484
f 6201/1/4484 6402/1/4645 6403/1/4403
f 6201/1/4484 6403/1/4403 6204/1/4482
f 6204/1/4482 6403/1/4403 6404/1/4400
f 6204/1/4482 6404/1/4400 6207/1/4479
f 6207/1/4479 6404/1/4400 6405/1/5136
f 6207/1/4479 6405/1/5136 6210/1/4476
f 6210/1/4476 6405/1/5136 6406/1/4485
f 6210/1/4476 6406/1/4485 6203/1/4455
f 6203/1/4455 6406/1/4485 6375/1/4396
f 6203/1/4455 6375/1/4396 6186/1/4456
f 6128/2/4396 6127/2/4397 6216/2/4398
f 6128/2/4396 6216/2/4398 6215/2/4395
f 6407/3/5137 5925/3/4257 5988/3/4259
f 6407/3/5137 5988/3/4259 6408/3/5138
f 6409/3/5005 5926/3/4253 5925/3/4257
f 6409/3/5005 5925/3/4257 6407/3/5137
f 6410/3/5139 5928/3/4251 5926/3/4253
f 6410/3/5139 5926/3/4253 6409/3/5005
f 6411/3/5140 5930/3/4249 5928/3/4251
f 6411/3/5140 5928/3/4251 6410/3/5139
f 6412/3/5111 5932/3/4247 5930/3/4249
f 6412/3/5111 5930/3/4249 6411/3/5140
f 6413/3/5141 5934/3/5008 5932/3/4247
f 6413/3/5141 5932/3/4247 6412/3/5111
f 6414/3/5142 5936/3/4243 5934/3/5008
f 6414/3/5142 5934/3/5008 6413/3/5141
f 6415/3/5114 5938/3/4241 5936/3/4243
f 6415/3/5114 5936/3/4243 6414/3/5142
f 6416/3/5143 5940/3/4239 5938/3/4241
f 6416/3/5143 5938/3/4241 6415/3/5114
f 6417/3/5144 5942/3/4237 5940/3/4239
f 6417/3/5144 5940/3/4239 6416/3/5143
f 6418/3/5145 5944/3/4235 5942/3/4237
f 6418/3/5145 5942/3/4237 6417/3/5144
f 6419/3/5118 5946/3/4233 5944/3/4235
f 6419/3/5118 5944/3/4235 6418/3/5145
f 6420/3/5146 5948/3/4231 5946/3/4233
f 6420/3/5146 5946/3/4233 6419/3/5118
f 6421/3/5147 5950/3/4229 5948/3/4231
f 6421/3/5147 5948/3/4231 6420/3/5146
f 6422/3/5148 5952/3/4227 5950/3/4229
f 6422/3/5148 5950/3/4229 6421/3/5147
f 6423/3/5149 5954/3/4225 5952/3/4227
f 6423/3/5149 5952/3/4227 6422/3/5148
f 6424/3/5150 5956/3/4223 5954/3/4225
f 6424/3/5150 5954/3/4225 6423/3/5149
f 6425/3/5124 5958/3/4221 5956/3/4223
f 6425/3/5124 5956/3/4223 6424/3/5150
f 6426/3/5151 5960/3/4219 5958/3/4221
f 6426/3/5151 5958/3/4221 6425/3/5124
f 6427/3/5152 5962/3/4217 5960/3/4219
f 6427/3/5152 5960/3/4219 6426/3/5151
f 6428/3/5153 5964/3/4215 5962/3/4217
f 6428/3/5153 5962/3/4217 6427/3/5152
f 6429/3/5154 5966/3/4213 5964/3/4215
f 6429/3/5154 5964/3/4215 6428/3/5153
f 6430/3/5155 5968/3/4211 5966/3/4213
f 6430/3/5155 5966/3/4213 6429/3/5154
f 6431/3/5156 5970/3/4209 5968/3/4211
f 6431/3/5156 5968/3/4211 6430/3/5155
f 6432/3/5157 5972/3/4207 5970/3/4209
f 6432/3/5157 5970/3/4209 6431/3/5156
f 6433/3/5158 5974/3/4205 5972/3/4207
f 6433/3/5158 5972/3/4207 6432/3/5157
f 6434/3/5131 5976/3/4203 5974/3/4205
f 6434/3/5131 5974/3/4205 6433/3/5158
f 6435/3/5159 5978/3/4201 5976/3/4203
f 6435/3/5159 5976/3/4203 6434/3/5131
f 6436/3/5160 5980/3/4199 5978/3/4201
f 6436/3/5160 5978/3/4201 6435/3/5159
f 6437/3/5161 5982/3/4196 5980/3/4199
f 6437/3/5161 5980/3/4199 6436/3/5160
f 6438/3/5162 5986/3/4197 5982/3/4196
f 6438/3/5162 5982/3/4196 6437/3/5161
f 6408/3/5138 5988/3/4259 5986/3/4197
f 6408/3/5138 5986/3/4197 6438/3/5162
f 5989/3/4258 5988/3/4259 5925/3/4257
f 5989/3/4258 5925/3/4257 5924/3/4256
f 6439/1/5163 6440/1/5164 6441/1/5165
f 6439/1/5163 6441/1/5165 6442/1/5166
f 6058/1/5078 6443/1/5167 6440/1/5164
f 6058/1/5078 6440/1/5164 6439/1/5163
f 6444/2/4754 610/2/508 611/2/498
f 6444/2/4754 611/2/498 6445/2/4682
f 6446/2/4699 6447/2/4700 6448/2/5168
f 6446/2/4699 6448/2/5168 6449/2/4703
f 6450/2/4697 6451/2/4698 6342/2/4702
f 6450/2/4697 6342/2/4702 6341/2/4701
f 6452/2/4695 6453/2/4696 6447/2/4700
f 6452/2/4695 6447/2/4700 6446/2/4699
f 6454/2/5169 6455/2/4694 6451/2/4698
f 6454/2/5169 6451/2/4698 6450/2/4697
f 6456/2/5170 6457/2/4692 6453/2/4696
f 6456/2/5170 6453/2/4696 6452/2/4695
f 6458/2/4689 6459/2/4690 6455/2/4694
f 6458/2/4689 6455/2/4694 6454/2/5169
f 6460/2/4687 6461/2/4688 6457/2/4692
f 6460/2/4687 6457/2/4692 6456/2/5170
f 6462/2/4683 6463/2/4686 6459/2/4690
f 6462/2/4683 6459/2/4690 6458/2/4689
f 6464/2/5171 6465/2/4614 6461/2/4688
f 6464/2/5171 6461/2/4688 6460/2/4687
f 6466/2/4684 6467/2/4685 6463/2/4686
f 6466/2/4684 6463/2/4686 6462/2/4683
f 6468/2/4612 6469/2/5172 6465/2/4614
f 6468/2/4612 6465/2/4614 6464/2/5171
f 6470/2/4741 6471/2/4742 6467/2/4685
f 6470/2/4741 6467/2/4685 6466/2/4684
f 6472/2/4739 6473/2/5173 6469/2/5172
f 6472/2/4739 6469/2/5172 6468/2/4612
f 6474/2/4737 6475/2/5174 6471/2/4742
f 6474/2/4737 6471/2/4742 6470/2/4741
f 6476/2/4735 6477/2/4736 6478/2/5175
f 6476/2/4735 6478/2/5175 6479/2/4714
f 6480/2/4733 6481/2/4734 6473/2/5173
f 6480/2/4733 6473/2/5173 6472/2/4739
f 6482/2/4731 6483/2/4732 6475/2/5174
f 6482/2/4731 6475/2/5174 6474/2/4737
f 6484/2/4729 6485/2/4730 6477/2/4736
f 6484/2/4729 6477/2/4736 6476/2/4735
f 6486/2/4727 6487/2/4728 6481/2/4734
f 6486/2/4727 6481/2/4734 6480/2/4733
f 6488/2/4725 6489/2/4726 6483/2/4732
f 6488/2/4725 6483/2/4732 6482/2/4731
f 6490/2/4723 6491/2/5176 6485/2/4730
f 6490/2/4723 6485/2/4730 6484/2/4729
f 6492/2/4721 6493/2/4722 6487/2/4728
f 6492/2/4721 6487/2/4728 6486/2/4727
f 6494/2/5177 6495/2/5178 6489/2/4726
f 6494/2/5177 6489/2/4726 6488/2/4725
f 6496/2/4717 6497/2/5179 6491/2/5176
f 6496/2/4717 6491/2/5176 6490/2/4723
f 6498/2/4713 6499/2/5180 6493/2/4722
f 6498/2/4713 6493/2/4722 6492/2/4721
f 6500/2/4711 6501/2/4712 6495/2/5178
f 6500/2/4711 6495/2/5178 6494/2/5177
f 6502/2/4709 6503/2/4710 6497/2/5179
f 6502/2/4709 6497/2/5179 6496/2/4717
f 6479/2/4714 6478/2/5175 6499/2/5180
f 6479/2/4714 6499/2/5180 6498/2/4713
f 6504/2/4707 6505/2/5181 6501/2/4712
f 6504/2/4707 6501/2/4712 6500/2/4711
f 6344/2/4705 6343/2/4706 6503/2/4710
f 6344/2/4705 6503/2/4710 6502/2/4709
f 6449/2/4703 6448/2/5168 6505/2/5181
f 6449/2/4703 6505/2/5181 6504/2/4707
f 6506/2/5182 612/2/507 608/2/510
f 6506/2/5182 608/2/510 6507/2/4756
f 6508/2/4752 613/2/506 609/2/509
f 6508/2/4752 609/2/509 6509/2/5183
f 6510/2/5184 614/2/505 610/2/508
f 6510/2/5184 610/2/508 6444/2/4754
f 6511/2/4750 615/2/504 612/2/507
f 6511/2/4750 612/2/507 6506/2/5182
f 6512/2/5185 616/2/503 613/2/506
f 6512/2/5185 613/2/506 6508/2/4752
f 6513/2/5186 617/2/502 614/2/505
f 6513/2/5186 614/2/505 6510/2/5184
f 6514/2/4747 618/2/501 615/2/504
f 6514/2/4747 615/2/504 6511/2/4750
f 6515/2/4745 619/2/500 616/2/503
f 6515/2/4745 616/2/503 6512/2/5185
f 6516/2/5187 620/2/499 617/2/502
f 6516/2/5187 617/2/502 6513/2/5186
f 6517/2/4681 621/2/497 618/2/501
f 6517/2/4681 618/2/501 6514/2/4747
f 6518/2/4746 622/2/496 619/2/500
f 6518/2/4746 619/2/500 6515/2/4745
f 6519/2/4744 623/2/495 620/2/499
f 6519/2/4744 620/2/499 6516/2/5187
f 6445/2/4682 611/2/498 621/2/497
f 6445/2/4682 621/2/497 6517/2/4681
f 6520/2/5188 593/2/494 622/2/496
f 6520/2/5188 622/2/496 6518/2/4746
f 6521/2/4771 595/2/493 623/2/495
f 6521/2/4771 623/2/495 6519/2/4744
f 6522/2/5189 591/2/492 593/2/494
f 6522/2/5189 593/2/494 6520/2/5188
f 6523/2/4769 594/2/491 595/2/493
f 6523/2/4769 595/2/493 6521/2/4771
f 6524/2/5190 596/2/490 591/2/492
f 6524/2/5190 591/2/492 6522/2/5189
f 6525/2/4767 597/2/489 594/2/491
f 6525/2/4767 594/2/491 6523/2/4769
f 6526/2/5191 598/2/488 596/2/490
f 6526/2/5191 596/2/490 6524/2/5190
f 6527/2/4765 599/2/487 597/2/489
f 6527/2/4765 597/2/489 6525/2/4767
f 6528/2/4764 600/2/486 598/2/488
f 6528/2/4764 598/2/488 6526/2/5191
f 6529/2/4763 601/2/485 599/2/487
f 6529/2/4763 599/2/487 6527/2/4765
f 6530/2/4762 602/2/484 600/2/486
f 6530/2/4762 600/2/486 6528/2/4764
f 6531/2/4761 603/2/483 601/2/485
f 6531/2/4761 601/2/485 6529/2/4763
f 6532/2/4760 604/2/481 602/2/484
f 6532/2/4760 602/2/484 6530/2/4762
f 6533/2/5192 605/2/478 603/2/483
f 6533/2/5192 603/2/483 6531/2/4761
f 6534/2/5193 606/2/482 604/2/481
f 6534/2/5193 604/2/481 6532/2/4760
f 6535/2/5194 607/2/512 605/2/478
f 6535/2/5194 605/2/478 6533/2/5192
f 6507/2/4756 608/2/510 606/2/482
f 6507/2/4756 606/2/482 6534/2/5193
f 6509/2/5183 609/2/509 607/2/512
f 6509/2/5183 607/2/512 6535/2/5194
f 6475/2/5174 6509/2/5183 6535/2/5194
f 6475/2/5174 6535/2/5194 6471/2/4742
f 6473/2/5173 6507/2/4756 6534/2/5193
f 6473/2/5173 6534/2/5193 6469/2/5172
f 6471/2/4742 6535/2/5194 6533/2/5192
f 6471/2/4742 6533/2/5192 6467/2/4685
f 6469/2/5172 6534/2/5193 6532/2/4760
f 6469/2/5172 6532/2/4760 6465/2/4614
f 6467/2/4685 6533/2/5192 6531/2/4761
f 6467/2/4685 6531/2/4761 6463/2/4686
f 6465/2/4614 6532/2/4760 6530/2/4762
f 6465/2/4614 6530/2/4762 6461/2/4688
f 6463/2/4686 6531/2/4761 6529/2/4763
f 6463/2/4686 6529/2/4763 6459/2/4690
f 6461/2/4688 6530/2/4762 6528/2/4764
f 6461/2/4688 6528/2/4764 6457/2/4692
f 6459/2/4690 6529/2/4763 6527/2/4765
f 6459/2/4690 6527/2/4765 6455/2/4694
f 6457/2/4692 6528/2/4764 6526/2/5191
f 6457/2/4692 6526/2/5191 6453/2/4696
f 6455/2/4694 6527/2/4765 6525/2/4767
f 6455/2/4694 6525/2/4767 6451/2/4698
f 6453/2/4696 6526/2/5191 6524/2/5190
f 6453/2/4696 6524/2/5190 6447/2/4700
f 6451/2/4698 6525/2/4767 6523/2/4769
f 6451/2/4698 6523/2/4769 6342/2/4702
f 6447/2/4700 6524/2/5190 6522/2/5189
f 6447/2/4700 6522/2/5189 6448/2/5168
f 6342/2/4702 6523/2/4769 6521/2/4771
f 6342/2/4702 6521/2/4771 6343/2/4706
f 6448/2/5168 6522/2/5189 6520/2/5188
f 6448/2/5168 6520/2/5188 6505/2/5181
f 6343/2/4706 6521/2/4771 6519/2/4744
f 6343/2/4706 6519/2/4744 6503/2/4710
f 6505/2/5181 6520/2/5188 6518/2/4746
f 6505/2/5181 6518/2/4746 6501/2/4712
f 6478/2/5175 6445/2/4682 6517/2/4681
f 6478/2/5175 6517/2/4681 6499/2/5180
f 6503/2/4710 6519/2/4744 6516/2/5187
f 6503/2/4710 6516/2/5187 6497/2/5179
f 6501/2/4712 6518/2/4746 6515/2/4745
f 6501/2/4712 6515/2/4745 6495/2/5178
f 6499/2/5180 6517/2/4681 6514/2/4747
f 6499/2/5180 6514/2/4747 6493/2/4722
f 6497/2/5179 6516/2/5187 6513/2/5186
f 6497/2/5179 6513/2/5186 6491/2/5176
f 6495/2/5178 6515/2/4745 6512/2/5185
f 6495/2/5178 6512/2/5185 6489/2/4726
f 6493/2/4722 6514/2/4747 6511/2/4750
f 6493/2/4722 6511/2/4750 6487/2/4728
f 6491/2/5176 6513/2/5186 6510/2/5184
f 6491/2/5176 6510/2/5184 6485/2/4730
f 6489/2/4726 6512/2/5185 6508/2/4752
f 6489/2/4726 6508/2/4752 6483/2/4732
f 6487/2/4728 6511/2/4750 6506/2/5182
f 6487/2/4728 6506/2/5182 6481/2/4734
f 6485/2/4730 6510/2/5184 6444/2/4754
f 6485/2/4730 6444/2/4754 6477/2/4736
f 6483/2/4732 6508/2/4752 6509/2/5183
f 6483/2/4732 6509/2/5183 6475/2/5174
f 6481/2/4734 6506/2/5182 6507/2/4756
f 6481/2/4734 6507/2/4756 6473/2/5173
f 6477/2/4736 6444/2/4754 6445/2/4682
f 6477/2/4736 6445/2/4682 6478/2/5175
f 6536/2/5195 6537/2/5196 6538/2/5197
f 6536/2/5195 6538/2/5197 6539/2/5198
f 6540/2/5199 6541/2/5200 6542/2/5201
f 6540/2/5199 6542/2/5201 6543/2/5202
f 6544/2/5203 6536/2/5195 6539/2/5198
f 6544/2/5203 6539/2/5198 6545/2/5204
f 6546/2/5205 6544/2/5203 6545/2/5204
f 6546/2/5205 6545/2/5204 6547/2/5206
f 6548/2/5207 6546/2/5205 6547/2/5206
f 6548/2/5207 6547/2/5206 6549/2/5208
f 6550/2/5209 6548/2/5207 6549/2/5208
f 6550/2/5209 6549/2/5208 6551/2/5210
f 6552/2/5211 6550/2/5209 6551/2/5210
f 6552/2/5211 6551/2/5210 6553/2/5163
f 6554/2/5212 6555/2/5213 6556/2/5214
f 6554/2/5212 6556/2/5214 6557/2/5215
f 6558/2/5216 6554/2/5212 6557/2/5215
f 6558/2/5216 6557/2/5215 6559/2/5217
f 6560/2/5218 6558/2/5216 6559/2/5217
f 6560/2/5218 6559/2/5217 6561/2/5219
f 6562/2/5220 6560/2/5218 6561/2/5219
f 6562/2/5220 6561/2/5219 6563/2/5221
f 6564/2/5222 6562/2/5220 6563/2/5221
f 6564/2/5222 6563/2/5221 6565/2/5223
f 6566/2/5224 6564/2/5222 6565/2/5223
f 6566/2/5224 6565/2/5223 6567/2/5225
f 6568/2/5226 6566/2/5224 6567/2/5225
f 6568/2/5226 6567/2/5225 6569/2/5227
f 6570/2/5228 6568/2/5226 6569/2/5227
f 6570/2/5228 6569/2/5227 6571/2/5229
f 6572/2/5230 6570/2/5228 6571/2/5229
f 6572/2/5230 6571/2/5229 6573/2/5231
f 6574/2/5232 6572/2/5230 6573/2/5231
f 6574/2/5232 6573/2/5231 6575/2/5233
f 6576/2/5234 6574/2/5232 6575/2/5233
f 6576/2/5234 6575/2/5233 6577/2/5235
f 6578/2/5236 6576/2/5234 6577/2/5235
f 6578/2/5236 6577/2/5235 6579/2/5237
f 6580/2/5238 6578/2/5236 6579/2/5237
f 6580/2/5238 6579/2/5237 6581/2/5239
f 6582/2/5240 6580/2/5238 6581/2/5239
f 6582/2/5240 6581/2/5239 6583/2/5241
f 6584/2/5242 6582/2/5240 6583/2/5241
f 6584/2/5242 6583/2/5241 6585/2/5243
f 6586/2/5244 6584/2/5242 6585/2/5243
f 6586/2/5244 6585/2/5243 6587/2/5245
f 6588/2/5246 6586/2/5244 6587/2/5245
f 6588/2/5246 6587/2/5245 6589/2/5247
f 6590/2/5248 6588/2/5246 6589/2/5247
f 6590/2/5248 6589/2/5247 6591/2/5249
f 6541/2/5200 6590/2/5248 6591/2/5249
f 6541/2/5200 6591/2/5249 6542/2/5201
f 6032/2/5052 6592/2/5250 6593/2/5251
f 6032/2/5052 6593/2/5251 6033/2/5053
f 6059/1/5079 6018/1/5038 6020/1/5040
f 6059/1/5079 6020/1/5040 6060/1/5080
f 6592/2/5250 6540/2/5199 6543/2/5202
f 6592/2/5250 6543/2/5202 6593/2/5251
f 6594/3/5252 6595/3/5253 6596/3/5254
f 6594/3/5252 6596/3/5254 6597/3/5255
f 6598/3/5222 6599/3/5256 6600/3/5257
f 6598/3/5222 6600/3/5257 6601/3/5220
f 6602/3/5258 6603/3/5259 6604/3/4838
f 6602/3/5258 6604/3/4838 6605/3/5051
f 6606/3/5200 6607/3/5260 6595/3/5253
f 6606/3/5200 6595/3/5253 6594/3/5252
f 6608/3/5224 6609/3/5261 6599/3/5256
f 6608/3/5224 6599/3/5256 6598/3/5222
f 6610/3/5195 6611/3/5262 6603/3/5259
f 6610/3/5195 6603/3/5259 6602/3/5258
f 6612/3/5199 6613/3/5263 6607/3/5260
f 6612/3/5199 6607/3/5260 6606/3/5200
f 6614/3/5226 6615/3/4844 6609/3/5261
f 6614/3/5226 6609/3/5261 6608/3/5224
f 6616/3/5203 6617/3/5264 6611/3/5262
f 6616/3/5203 6611/3/5262 6610/3/5195
f 6618/3/5250 6619/3/5265 6613/3/5263
f 6618/3/5250 6613/3/5263 6612/3/5199
f 6620/3/5228 6621/3/5266 6615/3/4844
f 6620/3/5228 6615/3/4844 6614/3/5226
f 6622/3/5205 6623/3/5267 6617/3/5264
f 6622/3/5205 6617/3/5264 6616/3/5203
f 6624/3/5052 6625/3/5268 6619/3/5265
f 6624/3/5052 6619/3/5265 6618/3/5250
f 6626/3/5230 6627/3/5269 6621/3/5266
f 6626/3/5230 6621/3/5266 6620/3/5228
f 6628/3/5207 6629/3/5270 6623/3/5267
f 6628/3/5207 6623/3/5267 6622/3/5205
f 6605/3/5051 6604/3/4838 6625/3/5268
f 6605/3/5051 6625/3/5268 6624/3/5052
f 6630/3/5232 6631/3/5271 6627/3/5269
f 6630/3/5232 6627/3/5269 6626/3/5230
f 6632/3/5209 6633/3/5272 6629/3/5270
f 6632/3/5209 6629/3/5270 6628/3/5207
f 6634/3/5234 6635/3/5273 6631/3/5271
f 6634/3/5234 6631/3/5271 6630/3/5232
f 6636/3/5166 6637/3/5274 6633/3/5272
f 6636/3/5166 6633/3/5272 6632/3/5209
f 6638/3/5275 6639/3/5276 6635/3/5273
f 6638/3/5275 6635/3/5273 6634/3/5234
f 6640/3/5277 6641/3/5278 6637/3/5274
f 6640/3/5277 6637/3/5274 6636/3/5166
f 6642/3/5279 6643/3/5280 6639/3/5276
f 6642/3/5279 6639/3/5276 6638/3/5275
f 6644/3/5281 6645/3/5282 6641/3/5278
f 6644/3/5281 6641/3/5278 6640/3/5277
f 6646/3/5283 6647/3/5284 6643/3/5280
f 6646/3/5283 6643/3/5280 6642/3/5279
f 6648/3/5212 6649/3/5285 6645/3/5282
f 6648/3/5212 6645/3/5282 6644/3/5281
f 6650/3/5242 6651/3/5286 6647/3/5284
f 6650/3/5242 6647/3/5284 6646/3/5283
f 6652/3/5287 6653/3/5288 6649/3/5285
f 6652/3/5287 6649/3/5285 6648/3/5212
f 6654/3/5289 6655/3/5290 6651/3/5286
f 6654/3/5289 6651/3/5286 6650/3/5242
f 6656/3/5218 6657/3/5291 6653/3/5288
f 6656/3/5218 6653/3/5288 6652/3/5287
f 6597/3/5255 6596/3/5254 6655/3/5290
f 6597/3/5255 6655/3/5290 6654/3/5289
f 6601/3/5220 6600/3/5257 6657/3/5291
f 6601/3/5220 6657/3/5291 6656/3/5218
f 6595/3/5253 6658/3/5101 6659/3/5292
f 6595/3/5253 6659/3/5292 6596/3/5254
f 6599/3/5256 6660/3/5293 6661/3/5294
f 6599/3/5256 6661/3/5294 6600/3/5257
f 6603/3/5259 6662/3/5295 6663/3/4875
f 6603/3/5259 6663/3/4875 6604/3/4838
f 6607/3/5260 6664/3/5100 6658/3/5101
f 6607/3/5260 6658/3/5101 6595/3/5253
f 6609/3/5261 6665/3/4883 6660/3/5293
f 6609/3/5261 6660/3/5293 6599/3/5256
f 6611/3/5262 6666/3/5296 6662/3/5295
f 6611/3/5262 6662/3/5295 6603/3/5259
f 6613/3/5263 6667/3/5297 6664/3/5100
f 6613/3/5263 6664/3/5100 6607/3/5260
f 6615/3/4844 6668/3/4881 6665/3/4883
f 6615/3/4844 6665/3/4883 6609/3/5261
f 6617/3/5264 6669/3/5298 6666/3/5296
f 6617/3/5264 6666/3/5296 6611/3/5262
f 6619/3/5265 6670/3/4383 6667/3/5297
f 6619/3/5265 6667/3/5297 6613/3/5263
f 6621/3/5266 6671/3/4878 6668/3/4881
f 6621/3/5266 6668/3/4881 6615/3/4844
f 6623/3/5267 6672/3/5097 6669/3/5298
f 6623/3/5267 6669/3/5298 6617/3/5264
f 6625/3/5268 6673/3/4876 6670/3/4383
f 6625/3/5268 6670/3/4383 6619/3/5265
f 6627/3/5269 6674/3/4391 6671/3/4878
f 6627/3/5269 6671/3/4878 6621/3/5266
f 6629/3/5270 6675/3/5095 6672/3/5097
f 6629/3/5270 6672/3/5097 6623/3/5267
f 6604/3/4838 6663/3/4875 6673/3/4876
f 6604/3/4838 6673/3/4876 6625/3/5268
f 6631/3/5271 6676/3/5094 6674/3/4391
f 6631/3/5271 6674/3/4391 6627/3/5269
f 6633/3/5272 6677/3/5299 6675/3/5095
f 6633/3/5272 6675/3/5095 6629/3/5270
f 6635/3/5273 6678/3/5300 6676/3/5094
f 6635/3/5273 6676/3/5094 6631/3/5271
f 6637/3/5274 6679/3/5301 6677/3/5299
f 6637/3/5274 6677/3/5299 6633/3/5272
f 6639/3/5276 6680/3/5302 6678/3/5300
f 6639/3/5276 6678/3/5300 6635/3/5273
f 6641/3/5278 6681/3/5089 6679/3/5301
f 6641/3/5278 6679/3/5301 6637/3/5274
f 6643/3/5280 6682/3/5303 6680/3/5302
f 6643/3/5280 6680/3/5302 6639/3/5276
f 6645/3/5282 6683/3/5304 6681/3/5089
f 6645/3/5282 6681/3/5089 6641/3/5278
f 6647/3/5284 6684/3/5086 6682/3/5303
f 6647/3/5284 6682/3/5303 6643/3/5280
f 6649/3/5285 6685/3/5085 6683/3/5304
f 6649/3/5285 6683/3/5304 6645/3/5282
f 6651/3/5286 6686/3/5305 6684/3/5086
f 6651/3/5286 6684/3/5086 6647/3/5284
f 6653/3/5288 6687/3/5083 6685/3/5085
f 6653/3/5288 6685/3/5085 6649/3/5285
f 6655/3/5290 6688/3/5306 6686/3/5305
f 6655/3/5290 6686/3/5305 6651/3/5286
f 6657/3/5291 6689/3/5017 6687/3/5083
f 6657/3/5291 6687/3/5083 6653/3/5288
f 6596/3/5254 6659/3/5292 6688/3/5306
f 6596/3/5254 6688/3/5306 6655/3/5290
f 6600/3/5257 6661/3/5294 6689/3/5017
f 6600/3/5257 6689/3/5017 6657/3/5291
f 6690/1/5307 6691/1/5308 6692/1/5309
f 6690/1/5307 6692/1/5309 6015/1/5035
f 6016/1/5036 6693/1/5310 6694/1/5311
f 6016/1/5036 6694/1/5311 6335/1/5129
f 6537/2/5196 6031/2/5051 6034/2/5054
f 6537/2/5196 6034/2/5054 6538/2/5197
f 6695/1/5213 6696/1/5312 6691/1/5308
f 6695/1/5213 6691/1/5308 6690/1/5307
f 6035/1/5055 6697/1/5313 6698/1/5314
f 6035/1/5055 6698/1/5314 6050/1/5070
f 6056/1/5076 6699/1/5198 6700/1/5197
f 6056/1/5076 6700/1/5197 6059/1/5079
f 6040/1/5060 6701/1/5204 6699/1/5198
f 6040/1/5060 6699/1/5198 6056/1/5076
f 6025/1/5045 6702/1/5206 6701/1/5204
f 6025/1/5045 6701/1/5204 6040/1/5060
f 6003/1/5023 6703/1/5208 6702/1/5206
f 6003/1/5023 6702/1/5206 6025/1/5045
f 6002/1/5022 6704/1/5315 6703/1/5208
f 6002/1/5022 6703/1/5208 6003/1/5023
f 6058/1/5078 6439/1/5163 6704/1/5315
f 6058/1/5078 6704/1/5315 6002/1/5022
f 6014/1/5034 6705/1/5316 6690/1/5307
f 6014/1/5034 6690/1/5307 6015/1/5035
f 6054/1/5074 6706/1/5217 6705/1/5316
f 6054/1/5074 6705/1/5316 6014/1/5034
f 6038/1/5058 6707/1/5317 6706/1/5217
f 6038/1/5058 6706/1/5217 6054/1/5074
f 6023/1/5043 6708/1/5221 6707/1/5317
f 6023/1/5043 6707/1/5317 6038/1/5058
f 5999/1/5019 6709/1/5223 6708/1/5221
f 5999/1/5019 6708/1/5221 6023/1/5043
f 5998/1/5018 6710/1/5318 6709/1/5223
f 5998/1/5018 6709/1/5223 5999/1/5019
f 6044/1/5064 6711/1/5319 6710/1/5318
f 6044/1/5064 6710/1/5318 5998/1/5018
f 6029/1/5049 6712/1/5229 6711/1/5319
f 6029/1/5049 6711/1/5319 6044/1/5064
f 6011/1/5031 6713/1/5320 6712/1/5229
f 6011/1/5031 6712/1/5229 6029/1/5049
f 6010/1/5030 6714/1/5233 6713/1/5320
f 6010/1/5030 6713/1/5320 6011/1/5031
f 6052/1/5072 6715/1/5235 6714/1/5233
f 6052/1/5072 6714/1/5233 6010/1/5030
f 6036/1/5056 6716/1/5237 6715/1/5235
f 6036/1/5056 6715/1/5235 6052/1/5072
f 6021/1/5041 6717/1/5321 6716/1/5237
f 6021/1/5041 6716/1/5237 6036/1/5056
f 5991/1/5013 6718/1/5241 6717/1/5321
f 5991/1/5013 6717/1/5321 6021/1/5041
f 5990/1/5012 6719/1/5322 6718/1/5241
f 5990/1/5012 6718/1/5241 5991/1/5013
f 6042/1/5062 6720/1/5245 6719/1/5322
f 6042/1/5062 6719/1/5322 5990/1/5012
f 6027/1/5047 6721/1/5247 6720/1/5245
f 6027/1/5047 6720/1/5245 6042/1/5062
f 6007/1/5027 6722/1/5249 6721/1/5247
f 6007/1/5027 6721/1/5247 6027/1/5047
f 6006/1/5026 6723/1/5201 6722/1/5249
f 6006/1/5026 6722/1/5249 6007/1/5027
f 6050/1/5070 6698/1/5314 6723/1/5201
f 6050/1/5070 6723/1/5201 6006/1/5026
f 6059/1/5079 6700/1/5197 6724/1/5054
f 6059/1/5079 6724/1/5054 6018/1/5038
f 6018/1/5038 6724/1/5054 6725/1/5053
f 6018/1/5038 6725/1/5053 6019/1/5039
f 6019/1/5039 6725/1/5053 6697/1/5313
f 6019/1/5039 6697/1/5313 6035/1/5055
f 6442/1/5166 6441/1/5165 6726/1/5323
f 6442/1/5166 6726/1/5323 6727/1/5324
f 6049/1/5069 6048/1/5068 6443/1/5167
f 6049/1/5069 6443/1/5167 6058/1/5078
f 6728/1/5325 6443/1/5167 6048/1/5068
f 6728/1/5325 6048/1/5068 6729/1/5326
f 6693/1/5310 6729/1/5326 6730/1/5327
f 6693/1/5310 6730/1/5327 6694/1/5311
f 6726/1/5323 6441/1/5165 6440/1/5164
f 6726/1/5323 6440/1/5164 6731/1/5328
f 6696/1/5312 6726/1/5323 6731/1/5328
f 6696/1/5312 6731/1/5328 6691/1/5308
f 6729/1/5326 6048/1/5068 6047/1/5067
f 6729/1/5326 6047/1/5067 6730/1/5327
f 6692/1/5309 6691/1/5308 6731/1/5328
f 6692/1/5309 6731/1/5328 6728/1/5325
f 6728/1/5325 6731/1/5328 6440/1/5164
f 6728/1/5325 6440/1/5164 6443/1/5167
f 6692/1/5309 6728/1/5325 6729/1/5326
f 6692/1/5309 6729/1/5326 6693/1/5310
f 6732/2/5329 6733/2/5330 6734/2/5331
f 6732/2/5329 6734/2/5331 6735/2/5332
f 6015/1/5035 6692/1/5309 6693/1/5310
f 6015/1/5035 6693/1/5310 6016/1/5036
f 6736/1/5156 6737/1/5333 6738/1/5334
f 6736/1/5156 6738/1/5334 6046/1/5066
f 6727/1/5324 6726/1/5323 6696/1/5312
f 6727/1/5324 6696/1/5312 6695/1/5213
f 6737/1/5333 6739/1/5335 6740/1/5336
f 6737/1/5333 6740/1/5336 6738/1/5334
f 6741/1/5337 6742/1/5338 6739/1/5335
f 6741/1/5337 6739/1/5335 6737/1/5333
f 6694/1/5311 6742/1/5338 6741/1/5337
f 6694/1/5311 6741/1/5337 6335/1/5129
f 6335/1/5129 6741/1/5337 6737/1/5333
f 6335/1/5129 6737/1/5333 6736/1/5156
f 6735/2/5332 6734/2/5331 6743/2/5338
f 6735/2/5332 6743/2/5338 6744/2/5311
f 6046/1/5066 6738/1/5334 6740/1/5336
f 6046/1/5066 6740/1/5336 6047/1/5067
f 6745/2/4944 6449/2/4703 6504/2/4707
f 6745/2/4944 6504/2/4707 6746/2/4942
f 6747/2/4943 6344/2/4705 6502/2/4709
f 6747/2/4943 6502/2/4709 6748/2/4941
f 6746/2/4942 6504/2/4707 6500/2/4711
f 6746/2/4942 6500/2/4711 6749/2/4940
f 6750/2/4928 6479/2/4714 6498/2/4713
f 6750/2/4928 6498/2/4713 6751/2/4939
f 6748/2/4941 6502/2/4709 6496/2/4717
f 6748/2/4941 6496/2/4717 6752/2/4938
f 6749/2/4940 6500/2/4711 6494/2/5177
f 6749/2/4940 6494/2/5177 6753/2/4937
f 6751/2/4939 6498/2/4713 6492/2/4721
f 6751/2/4939 6492/2/4721 6754/2/4936
f 6752/2/4938 6496/2/4717 6490/2/4723
f 6752/2/4938 6490/2/4723 6755/2/4935
f 6753/2/4937 6494/2/5177 6488/2/4725
f 6753/2/4937 6488/2/4725 6756/2/4934
f 6754/2/4936 6492/2/4721 6486/2/4727
f 6754/2/4936 6486/2/4727 6757/2/4933
f 6755/2/4935 6490/2/4723 6484/2/4729
f 6755/2/4935 6484/2/4729 6758/2/4932
f 6756/2/4934 6488/2/4725 6482/2/4731
f 6756/2/4934 6482/2/4731 6759/2/4931
f 6757/2/4933 6486/2/4727 6480/2/4733
f 6757/2/4933 6480/2/4733 6760/2/4930
f 6758/2/4932 6484/2/4729 6476/2/4735
f 6758/2/4932 6476/2/4735 6761/2/4929
f 6759/2/4931 6482/2/4731 6474/2/4737
f 6759/2/4931 6474/2/4737 6762/2/4927
f 6760/2/4930 6480/2/4733 6472/2/4739
f 6760/2/4930 6472/2/4739 6763/2/4926
f 6761/2/4929 6476/2/4735 6479/2/4714
f 6761/2/4929 6479/2/4714 6750/2/4928
f 6762/2/4927 6474/2/4737 6470/2/4741
f 6762/2/4927 6470/2/4741 6764/2/4924
f 6763/2/4926 6472/2/4739 6468/2/4612
f 6763/2/4926 6468/2/4612 6765/2/4925
f 6764/2/4924 6470/2/4741 6466/2/4684
f 6764/2/4924 6466/2/4684 6766/2/4923
f 6765/2/4925 6468/2/4612 6464/2/5171
f 6765/2/4925 6464/2/5171 6767/2/4954
f 6766/2/4923 6466/2/4684 6462/2/4683
f 6766/2/4923 6462/2/4683 6768/2/4953
f 6767/2/4954 6464/2/5171 6460/2/4687
f 6767/2/4954 6460/2/4687 6769/2/4952
f 6768/2/4953 6462/2/4683 6458/2/4689
f 6768/2/4953 6458/2/4689 6770/2/4951
f 6769/2/4952 6460/2/4687 6456/2/5170
f 6769/2/4952 6456/2/5170 6771/2/4950
f 6770/2/4951 6458/2/4689 6454/2/5169
f 6770/2/4951 6454/2/5169 6772/2/4949
f 6771/2/4950 6456/2/5170 6452/2/4695
f 6771/2/4950 6452/2/4695 6773/2/4948
f 6772/2/4949 6454/2/5169 6450/2/4697
f 6772/2/4949 6450/2/4697 6774/2/4947
f 6773/2/4948 6452/2/4695 6446/2/4699
f 6773/2/4948 6446/2/4699 6775/2/4946
f 6774/2/4947 6450/2/4697 6341/2/4701
f 6774/2/4947 6341/2/4701 6776/2/4945
f 6775/2/4946 6446/2/4699 6449/2/4703
f 6775/2/4946 6449/2/4703 6745/2/4944
f 6776/2/4945 6341/2/4701 6344/2/4705
f 6776/2/4945 6344/2/4705 6747/2/4943
f 6777/2/4624 6778/2/4971 6779/2/4974
f 6777/2/4624 6779/2/4974 6780/2/4973
f 6781/2/4969 6782/2/4970 6783/2/4972
f 6781/2/4969 6783/2/4972 6784/2/4625
f 6785/2/5339 6786/2/4968 6778/2/4971
f 6785/2/5339 6778/2/4971 6777/2/4624
f 6787/2/5340 6788/2/4967 6782/2/4970
f 6787/2/5340 6782/2/4970 6781/2/4969
f 6789/2/4965 6790/2/4966 6786/2/4968
f 6789/2/4965 6786/2/4968 6785/2/5339
f 6791/2/4619 6792/2/4964 6788/2/4967
f 6791/2/4619 6788/2/4967 6787/2/5340
f 6793/2/4962 6794/2/4963 6790/2/4966
f 6793/2/4962 6790/2/4966 6789/2/4965
f 6795/2/4617 6796/2/4961 6792/2/4964
f 6795/2/4617 6792/2/4964 6791/2/4619
f 6797/2/4616 6798/2/4960 6794/2/4963
f 6797/2/4616 6794/2/4963 6793/2/4962
f 6799/2/4255 6800/2/4957 6796/2/4961
f 6799/2/4255 6796/2/4961 6795/2/4617
f 6801/2/4615 6802/2/4959 6798/2/4960
f 6801/2/4615 6798/2/4960 6797/2/4616
f 6803/2/4955 6804/2/4956 6800/2/4957
f 6803/2/4955 6800/2/4957 6799/2/4255
f 6805/2/5001 6806/2/5002 6802/2/4959
f 6805/2/5001 6802/2/4959 6801/2/4615
f 6807/2/5341 6808/2/5000 6804/2/4956
f 6807/2/5341 6804/2/4956 6803/2/4955
f 6809/2/4642 6810/2/4998 6806/2/5002
f 6809/2/4642 6806/2/5002 6805/2/5001
f 6811/2/5342 6812/2/4996 6813/2/4982
f 6811/2/5342 6813/2/4982 6814/2/4630
f 6815/2/4640 6816/2/4995 6808/2/5000
f 6815/2/4640 6808/2/5000 6807/2/5341
f 6817/2/4639 6818/2/4994 6810/2/4998
f 6817/2/4639 6810/2/4998 6809/2/4642
f 6819/2/4992 6820/2/4993 6812/2/4996
f 6819/2/4992 6812/2/4996 6811/2/5342
f 6821/2/4990 6822/2/4991 6816/2/4995
f 6821/2/4990 6816/2/4995 6815/2/4640
f 6823/2/5343 6824/2/4989 6818/2/4994
f 6823/2/5343 6818/2/4994 6817/2/4639
f 6825/2/4987 6826/2/4988 6820/2/4993
f 6825/2/4987 6820/2/4993 6819/2/4992
f 6827/2/5344 6828/2/4986 6822/2/4991
f 6827/2/5344 6822/2/4991 6821/2/4990
f 6829/2/5345 6830/2/4985 6824/2/4989
f 6829/2/5345 6824/2/4989 6823/2/5343
f 6831/2/4632 6832/2/4984 6826/2/4988
f 6831/2/4632 6826/2/4988 6825/2/4987
f 6833/2/4631 6834/2/4983 6828/2/4986
f 6833/2/4631 6828/2/4986 6827/2/5344
f 6835/2/4979 6836/2/4980 6830/2/4985
f 6835/2/4979 6830/2/4985 6829/2/5345
f 6837/2/4977 6838/2/4978 6832/2/4984
f 6837/2/4977 6832/2/4984 6831/2/4632
f 6814/2/4630 6813/2/4982 6834/2/4983
f 6814/2/4630 6834/2/4983 6833/2/4631
f 6839/2/4975 6840/2/4976 6836/2/4980
f 6839/2/4975 6836/2/4980 6835/2/4979
f 6780/2/4973 6779/2/4974 6838/2/4978
f 6780/2/4973 6838/2/4978 6837/2/4977
f 6784/2/4625 6783/2/4972 6840/2/4976
f 6784/2/4625 6840/2/4976 6839/2/4975
f 6778/2/4971 6776/2/4945 6747/2/4943
f 6778/2/4971 6747/2/4943 6779/2/4974
f 6782/2/4970 6775/2/4946 6745/2/4944
f 6782/2/4970 6745/2/4944 6783/2/4972
f 6786/2/4968 6774/2/4947 6776/2/4945
f 6786/2/4968 6776/2/4945 6778/2/4971
f 6788/2/4967 6773/2/4948 6775/2/4946
f 6788/2/4967 6775/2/4946 6782/2/4970
f 6790/2/4966 6772/2/4949 6774/2/4947
f 6790/2/4966 6774/2/4947 6786/2/4968
f 6792/2/4964 6771/2/4950 6773/2/4948
f 6792/2/4964 6773/2/4948 6788/2/4967
f 6794/2/4963 6770/2/4951 6772/2/4949
f 6794/2/4963 6772/2/4949 6790/2/4966
f 6796/2/4961 6769/2/4952 6771/2/4950
f 6796/2/4961 6771/2/4950 6792/2/4964
f 6798/2/4960 6768/2/4953 6770/2/4951
f 6798/2/4960 6770/2/4951 6794/2/4963
f 6800/2/4957 6767/2/4954 6769/2/4952
f 6800/2/4957 6769/2/4952 6796/2/4961
f 6802/2/4959 6766/2/4923 6768/2/4953
f 6802/2/4959 6768/2/4953 6798/2/4960
f 6804/2/4956 6765/2/4925 6767/2/4954
f 6804/2/4956 6767/2/4954 6800/2/4957
f 6806/2/5002 6764/2/4924 6766/2/4923
f 6806/2/5002 6766/2/4923 6802/2/4959
f 6808/2/5000 6763/2/4926 6765/2/4925
f 6808/2/5000 6765/2/4925 6804/2/4956
f 6810/2/4998 6762/2/4927 6764/2/4924
f 6810/2/4998 6764/2/4924 6806/2/5002
f 6812/2/4996 6761/2/4929 6750/2/4928
f 6812/2/4996 6750/2/4928 6813/2/4982
f 6816/2/4995 6760/2/4930 6763/2/4926
f 6816/2/4995 6763/2/4926 6808/2/5000
f 6818/2/4994 6759/2/4931 6762/2/4927
f 6818/2/4994 6762/2/4927 6810/2/4998
f 6820/2/4993 6758/2/4932 6761/2/4929
f 6820/2/4993 6761/2/4929 6812/2/4996
f 6822/2/4991 6757/2/4933 6760/2/4930
f 6822/2/4991 6760/2/4930 6816/2/4995
f 6824/2/4989 6756/2/4934 6759/2/4931
f 6824/2/4989 6759/2/4931 6818/2/4994
f 6826/2/4988 6755/2/4935 6758/2/4932
f 6826/2/4988 6758/2/4932 6820/2/4993
f 6828/2/4986 6754/2/4936 6757/2/4933
f 6828/2/4986 6757/2/4933 6822/2/4991
f 6830/2/4985 6753/2/4937 6756/2/4934
f 6830/2/4985 6756/2/4934 6824/2/4989
f 6832/2/4984 6752/2/4938 6755/2/4935
f 6832/2/4984 6755/2/4935 6826/2/4988
f 6834/2/4983 6751/2/4939 6754/2/4936
f 6834/2/4983 6754/2/4936 6828/2/4986
f 6836/2/4980 6749/2/4940 6753/2/4937
f 6836/2/4980 6753/2/4937 6830/2/4985
f 6838/2/4978 6748/2/4941 6752/2/4938
f 6838/2/4978 6752/2/4938 6832/2/4984
f 6813/2/4982 6750/2/4928 6751/2/4939
f 6813/2/4982 6751/2/4939 6834/2/4983
f 6840/2/4976 6746/2/4942 6749/2/4940
f 6840/2/4976 6749/2/4940 6836/2/4980
f 6779/2/4974 6747/2/4943 6748/2/4941
f 6779/2/4974 6748/2/4941 6838/2/4978
f 6783/2/4972 6745/2/4944 6746/2/4942
f 6783/2/4972 6746/2/4942 6840/2/4976
f 6841/2/513 6842/2/514 6843/2/515
f 6841/2/513 6843/2/515 6844/2/516
f 6845/2/517 6846/2/518 6847/2/519
f 6845/2/517 6847/2/519 6848/2/520
f 6848/2/520 6847/2/519 6849/2/521
f 6848/2/520 6849/2/521 6850/2/522
f 6850/2/522 6849/2/521 6851/2/523
f 6850/2/522 6851/2/523 6852/2/524
f 6852/2/524 6851/2/523 6853/2/525
f 6852/2/524 6853/2/525 6854/2/526
f 6854/2/526 6853/2/525 6855/2/527
f 6854/2/526 6855/2/527 6856/2/528
f 6856/2/528 6855/2/527 6857/2/529
f 6856/2/528 6857/2/529 6858/2/530
f 6858/2/530 6857/2/529 6859/2/531
f 6858/2/530 6859/2/531 6860/2/532
f 6860/2/532 6859/2/531 6861/2/533
f 6860/2/532 6861/2/533 6862/2/534
f 6862/2/534 6861/2/533 6863/2/535
f 6862/2/534 6863/2/535 6864/2/536
f 6864/2/536 6863/2/535 6865/2/537
f 6864/2/536 6865/2/537 6866/2/538
f 6866/2/538 6865/2/537 6867/2/539
f 6866/2/538 6867/2/539 6868/2/540
f 6868/2/540 6867/2/539 6869/2/541
f 6868/2/540 6869/2/541 6870/2/542
f 6870/2/542 6869/2/541 6871/2/543
f 6870/2/542 6871/2/543 6872/2/544
f 6872/2/544 6871/2/543 6873/2/545
f 6872/2/544 6873/2/545 6874/2/546
f 6874/2/546 6873/2/545 6875/2/547
f 6874/2/546 6875/2/547 6876/2/548
f 6876/2/548 6875/2/547 6877/2/549
f 6876/2/548 6877/2/549 6878/2/550
f 6878/2/550 6877/2/549 6879/2/551
f 6878/2/550 6879/2/551 6880/2/552
f 6880/2/552 6879/2/551 6881/2/553
f 6880/2/552 6881/2/553 6882/2/554
f 6882/2/554 6881/2/553 6883/2/555
f 6882/2/554 6883/2/555 6884/2/556
f 6884/2/556 6883/2/555 6885/2/557
f 6884/2/556 6885/2/557 6886/2/558
f 6886/2/558 6885/2/557 6842/2/514
f 6886/2/558 6842/2/514 6841/2/513
f 6887/2/559 6888/2/560 6846/2/518
f 6887/2/559 6846/2/518 6845/2/517
f 6889/2/561 6890/2/562 6891/2/563
f 6889/2/561 6891/2/563 6892/2/564
f 6844/2/516 6843/2/515 6888/2/560
f 6844/2/516 6888/2/560 6887/2/559
f 6844/2/516 6887/2/559 6893/2/565
f 6844/2/516 6893/2/565 6894/2/566
f 6894/2/566 6893/2/565 6895/2/567
f 6894/2/566 6895/2/567 6896/2/568
f 6896/2/568 6895/2/567 6897/2/569
f 6896/2/568 6897/2/569 6898/2/570
f 6888/2/560 6843/2/515 6899/2/571
f 6888/2/560 6899/2/571 6900/2/572
f 6900/2/572 6899/2/571 6901/2/573
f 6900/2/572 6901/2/573 6902/2/574
f 6902/2/574 6901/2/573 6903/2/575
f 6902/2/574 6903/2/575 6904/2/576
f 6887/2/559 6845/2/517 6905/2/577
f 6887/2/559 6905/2/577 6893/2/565
f 6893/2/565 6905/2/577 6906/2/578
f 6893/2/565 6906/2/578 6895/2/567
f 6895/2/567 6906/2/578 6907/2/579
f 6895/2/567 6907/2/579 6897/2/569
f 6846/2/518 6888/2/560 6900/2/572
f 6846/2/518 6900/2/572 6908/2/580
f 6908/2/580 6900/2/572 6902/2/574
f 6908/2/580 6902/2/574 6909/2/581
f 6909/2/581 6902/2/574 6904/2/576
f 6909/2/581 6904/2/576 6910/2/582
f 6845/2/517 6848/2/520 6911/2/583
f 6845/2/517 6911/2/583 6905/2/577
f 6905/2/577 6911/2/583 6912/2/584
f 6905/2/577 6912/2/584 6906/2/578
f 6906/2/578 6912/2/584 6913/2/585
f 6906/2/578 6913/2/585 6907/2/579
f 6847/2/519 6846/2/518 6908/2/580
f 6847/2/519 6908/2/580 6914/2/586
f 6914/2/586 6908/2/580 6909/2/581
f 6914/2/586 6909/2/581 6915/2/587
f 6915/2/587 6909/2/581 6910/2/582
f 6915/2/587 6910/2/582 6916/2/588
f 6848/2/520 6850/2/522 6917/2/589
f 6848/2/520 6917/2/589 6911/2/583
f 6911/2/583 6917/2/589 6918/2/590
f 6911/2/583 6918/2/590 6912/2/584
f 6912/2/584 6918/2/590 6919/2/591
f 6912/2/584 6919/2/591 6913/2/585
f 6849/2/521 6847/2/519 6914/2/586
f 6849/2/521 6914/2/586 6920/2/592
f 6920/2/592 6914/2/586 6915/2/587
f 6920/2/592 6915/2/587 6921/2/593
f 6921/2/593 6915/2/587 6916/2/588
f 6921/2/593 6916/2/588 6922/2/594
f 6850/2/522 6852/2/524 6923/2/595
f 6850/2/522 6923/2/595 6917/2/589
f 6917/2/589 6923/2/595 6924/2/596
f 6917/2/589 6924/2/596 6918/2/590
f 6918/2/590 6924/2/596 6925/2/597
f 6918/2/590 6925/2/597 6919/2/591
f 6851/2/523 6849/2/521 6920/2/592
f 6851/2/523 6920/2/592 6926/2/598
f 6926/2/598 6920/2/592 6921/2/593
f 6926/2/598 6921/2/593 6927/2/758
f 6927/2/758 6921/2/593 6922/2/594
f 6927/2/758 6922/2/594 6928/2/600
f 6852/2/524 6854/2/526 6929/2/601
f 6852/2/524 6929/2/601 6923/2/595
f 6923/2/595 6929/2/601 6930/2/602
f 6923/2/595 6930/2/602 6924/2/596
f 6924/2/596 6930/2/602 6931/2/603
f 6924/2/596 6931/2/603 6925/2/597
f 6853/2/525 6851/2/523 6926/2/598
f 6853/2/525 6926/2/598 6932/2/604
f 6932/2/604 6926/2/598 6927/2/758
f 6932/2/604 6927/2/758 6933/2/605
f 6933/2/605 6927/2/758 6928/2/600
f 6933/2/605 6928/2/600 6934/2/606
f 6854/2/526 6856/2/528 6935/2/607
f 6854/2/526 6935/2/607 6929/2/601
f 6929/2/601 6935/2/607 6936/2/761
f 6929/2/601 6936/2/761 6930/2/602
f 6930/2/602 6936/2/761 6937/2/609
f 6930/2/602 6937/2/609 6931/2/603
f 6855/2/527 6853/2/525 6932/2/604
f 6855/2/527 6932/2/604 6938/2/610
f 6938/2/610 6932/2/604 6933/2/605
f 6938/2/610 6933/2/605 6939/2/760
f 6939/2/760 6933/2/605 6934/2/606
f 6939/2/760 6934/2/606 6940/2/612
f 6856/2/528 6858/2/530 6941/2/613
f 6856/2/528 6941/2/613 6935/2/607
f 6935/2/607 6941/2/613 6942/2/614
f 6935/2/607 6942/2/614 6936/2/761
f 6936/2/761 6942/2/614 6943/2/615
f 6936/2/761 6943/2/615 6937/2/609
f 6857/2/529 6855/2/527 6938/2/610
f 6857/2/529 6938/2/610 6944/2/616
f 6944/2/616 6938/2/610 6939/2/760
f 6944/2/616 6939/2/760 6945/2/617
f 6945/2/617 6939/2/760 6940/2/612
f 6945/2/617 6940/2/612 6946/2/618
f 6858/2/530 6860/2/532 6947/2/619
f 6858/2/530 6947/2/619 6941/2/613
f 6941/2/613 6947/2/619 6948/2/620
f 6941/2/613 6948/2/620 6942/2/614
f 6942/2/614 6948/2/620 6949/2/621
f 6942/2/614 6949/2/621 6943/2/615
f 6859/2/531 6857/2/529 6944/2/616
f 6859/2/531 6944/2/616 6950/2/622
f 6950/2/622 6944/2/616 6945/2/617
f 6950/2/622 6945/2/617 6951/2/623
f 6951/2/623 6945/2/617 6946/2/618
f 6951/2/623 6946/2/618 6952/2/624
f 6860/2/532 6862/2/534 6953/2/625
f 6860/2/532 6953/2/625 6947/2/619
f 6947/2/619 6953/2/625 6954/2/626
f 6947/2/619 6954/2/626 6948/2/620
f 6948/2/620 6954/2/626 6955/2/627
f 6948/2/620 6955/2/627 6949/2/621
f 6861/2/533 6859/2/531 6950/2/622
f 6861/2/533 6950/2/622 6956/2/628
f 6956/2/628 6950/2/622 6951/2/623
f 6956/2/628 6951/2/623 6957/2/629
f 6957/2/629 6951/2/623 6952/2/624
f 6957/2/629 6952/2/624 6958/2/630
f 6862/2/534 6864/2/536 6959/2/631
f 6862/2/534 6959/2/631 6953/2/625
f 6953/2/625 6959/2/631 6960/2/632
f 6953/2/625 6960/2/632 6954/2/626
f 6954/2/626 6960/2/632 6961/2/633
f 6954/2/626 6961/2/633 6955/2/627
f 6863/2/535 6861/2/533 6956/2/628
f 6863/2/535 6956/2/628 6962/2/634
f 6962/2/634 6956/2/628 6957/2/629
f 6962/2/634 6957/2/629 6963/2/635
f 6963/2/635 6957/2/629 6958/2/630
f 6963/2/635 6958/2/630 6964/2/636
f 6864/2/536 6866/2/538 6965/2/637
f 6864/2/536 6965/2/637 6959/2/631
f 6959/2/631 6965/2/637 6966/2/638
f 6959/2/631 6966/2/638 6960/2/632
f 6960/2/632 6966/2/638 6967/2/639
f 6960/2/632 6967/2/639 6961/2/633
f 6865/2/537 6863/2/535 6962/2/634
f 6865/2/537 6962/2/634 6968/2/640
f 6968/2/640 6962/2/634 6963/2/635
f 6968/2/640 6963/2/635 6969/2/641
f 6969/2/641 6963/2/635 6964/2/636
f 6969/2/641 6964/2/636 6970/2/642
f 6866/2/538 6868/2/540 6971/2/643
f 6866/2/538 6971/2/643 6965/2/637
f 6965/2/637 6971/2/643 6972/2/644
f 6965/2/637 6972/2/644 6966/2/638
f 6966/2/638 6972/2/644 6973/2/645
f 6966/2/638 6973/2/645 6967/2/639
f 6867/2/539 6865/2/537 6968/2/640
f 6867/2/539 6968/2/640 6974/2/646
f 6974/2/646 6968/2/640 6969/2/641
f 6974/2/646 6969/2/641 6975/2/647
f 6975/2/647 6969/2/641 6970/2/642
f 6975/2/647 6970/2/642 6976/2/648
f 6868/2/540 6870/2/542 6977/2/649
f 6868/2/540 6977/2/649 6971/2/643
f 6971/2/643 6977/2/649 6978/2/650
f 6971/2/643 6978/2/650 6972/2/644
f 6972/2/644 6978/2/650 6979/2/651
f 6972/2/644 6979/2/651 6973/2/645
f 6869/2/541 6867/2/539 6974/2/646
f 6869/2/541 6974/2/646 6980/2/652
f 6980/2/652 6974/2/646 6975/2/647
f 6980/2/652 6975/2/647 6981/2/653
f 6981/2/653 6975/2/647 6976/2/648
f 6981/2/653 6976/2/648 6982/2/654
f 6870/2/542 6872/2/544 6983/2/655
f 6870/2/542 6983/2/655 6977/2/649
f 6977/2/649 6983/2/655 6984/2/656
f 6977/2/649 6984/2/656 6978/2/650
f 6978/2/650 6984/2/656 6985/2/657
f 6978/2/650 6985/2/657 6979/2/651
f 6871/2/543 6869/2/541 6980/2/652
f 6871/2/543 6980/2/652 6986/2/658
f 6986/2/658 6980/2/652 6981/2/653
f 6986/2/658 6981/2/653 6987/2/659
f 6987/2/659 6981/2/653 6982/2/654
f 6987/2/659 6982/2/654 6988/2/660
f 6872/2/544 6874/2/546 6989/2/661
f 6872/2/544 6989/2/661 6983/2/655
f 6983/2/655 6989/2/661 6990/2/662
f 6983/2/655 6990/2/662 6984/2/656
f 6984/2/656 6990/2/662 6991/2/663
f 6984/2/656 6991/2/663 6985/2/657
f 6873/2/545 6871/2/543 6986/2/658
f 6873/2/545 6986/2/658 6992/2/664
f 6992/2/664 6986/2/658 6987/2/659
f 6992/2/664 6987/2/659 6993/2/665
f 6993/2/665 6987/2/659 6988/2/660
f 6993/2/665 6988/2/660 6994/2/666
f 6874/2/546 6876/2/548 6995/2/667
f 6874/2/546 6995/2/667 6989/2/661
f 6989/2/661 6995/2/667 6996/2/762
f 6989/2/661 6996/2/762 6990/2/662
f 6990/2/662 6996/2/762 6997/2/669
f 6990/2/662 6997/2/669 6991/2/663
f 6875/2/547 6873/2/545 6992/2/664
f 6875/2/547 6992/2/664 6998/2/670
f 6998/2/670 6992/2/664 6993/2/665
f 6998/2/670 6993/2/665 6999/2/671
f 6999/2/671 6993/2/665 6994/2/666
f 6999/2/671 6994/2/666 7000/2/672
f 6876/2/548 6878/2/550 7001/2/673
f 6876/2/548 7001/2/673 6995/2/667
f 6995/2/667 7001/2/673 7002/2/674
f 6995/2/667 7002/2/674 6996/2/762
f 6996/2/762 7002/2/674 7003/2/675
f 6996/2/762 7003/2/675 6997/2/669
f 6877/2/549 6875/2/547 6998/2/670
f 6877/2/549 6998/2/670 7004/2/676
f 7004/2/676 6998/2/670 6999/2/671
f 7004/2/676 6999/2/671 7005/2/677
f 7005/2/677 6999/2/671 7000/2/672
f 7005/2/677 7000/2/672 7006/2/678
f 6878/2/550 6880/2/552 7007/2/679
f 6878/2/550 7007/2/679 7001/2/673
f 7001/2/673 7007/2/679 7008/2/764
f 7001/2/673 7008/2/764 7002/2/674
f 7002/2/674 7008/2/764 7009/2/681
f 7002/2/674 7009/2/681 7003/2/675
f 6879/2/551 6877/2/549 7004/2/676
f 6879/2/551 7004/2/676 7010/2/682
f 7010/2/682 7004/2/676 7005/2/677
f 7010/2/682 7005/2/677 7011/2/683
f 7011/2/683 7005/2/677 7006/2/678
f 7011/2/683 7006/2/678 7012/2/684
f 6880/2/552 6882/2/554 7013/2/685
f 6880/2/552 7013/2/685 7007/2/679
f 7007/2/679 7013/2/685 7014/2/686
f 7007/2/679 7014/2/686 7008/2/764
f 7008/2/764 7014/2/686 7015/2/687
f 7008/2/764 7015/2/687 7009/2/681
f 6881/2/553 6879/2/551 7010/2/682
f 6881/2/553 7010/2/682 7016/2/688
f 7016/2/688 7010/2/682 7011/2/683
f 7016/2/688 7011/2/683 7017/2/689
f 7017/2/689 7011/2/683 7012/2/684
f 7017/2/689 7012/2/684 7018/2/690
f 6882/2/554 6884/2/556 7019/2/691
f 6882/2/554 7019/2/691 7013/2/685
f 7013/2/685 7019/2/691 7020/2/692
f 7013/2/685 7020/2/692 7014/2/686
f 7014/2/686 7020/2/692 7021/2/693
f 7014/2/686 7021/2/693 7015/2/687
f 6883/2/555 6881/2/553 7016/2/688
f 6883/2/555 7016/2/688 7022/2/694
f 7022/2/694 7016/2/688 7017/2/689
f 7022/2/694 7017/2/689 7023/2/695
f 7023/2/695 7017/2/689 7018/2/690
f 7023/2/695 7018/2/690 7024/2/696
f 6884/2/556 6886/2/558 7025/2/697
f 6884/2/556 7025/2/697 7019/2/691
f 7019/2/691 7025/2/697 7026/2/698
f 7019/2/691 7026/2/698 7020/2/692
f 7020/2/692 7026/2/698 7027/2/699
f 7020/2/692 7027/2/699 7021/2/693
f 6885/2/557 6883/2/555 7022/2/694
f 6885/2/557 7022/2/694 7028/2/700
f 7028/2/700 7022/2/694 7023/2/695
f 7028/2/700 7023/2/695 7029/2/701
f 7029/2/701 7023/2/695 7024/2/696
f 7029/2/701 7024/2/696 7030/2/702
f 6886/2/558 6841/2/513 7031/2/703
f 6886/2/558 7031/2/703 7025/2/697
f 7025/2/697 7031/2/703 7032/2/5346
f 7025/2/697 7032/2/5346 7026/2/698
f 7026/2/698 7032/2/5346 7033/2/705
f 7026/2/698 7033/2/705 7027/2/699
f 6842/2/514 6885/2/557 7028/2/700
f 6842/2/514 7028/2/700 7034/2/706
f 7034/2/706 7028/2/700 7029/2/701
f 7034/2/706 7029/2/701 7035/2/5347
f 7035/2/5347 7029/2/701 7030/2/702
f 7035/2/5347 7030/2/702 7036/2/708
f 6841/2/513 6844/2/516 6894/2/566
f 6841/2/513 6894/2/566 7031/2/703
f 7031/2/703 6894/2/566 6896/2/568
f 7031/2/703 6896/2/568 7032/2/5346
f 7032/2/5346 6896/2/568 6898/2/570
f 7032/2/5346 6898/2/570 7033/2/705
f 6843/2/515 6842/2/514 7034/2/706
f 6843/2/515 7034/2/706 6899/2/571
f 6899/2/571 7034/2/706 7035/2/5347
f 6899/2/571 7035/2/5347 6901/2/573
f 6901/2/573 7035/2/5347 7036/2/708
f 6901/2/573 7036/2/708 6903/2/575
f 7037/2/709 7038/2/710 6904/2/576
f 7037/2/709 6904/2/576 6903/2/575
f 7038/2/710 7039/2/711 6910/2/582
f 7038/2/710 6910/2/582 6904/2/576
f 7039/2/711 7040/2/712 6916/2/588
f 7039/2/711 6916/2/588 6910/2/582
f 7040/2/712 7041/2/713 6922/2/594
f 7040/2/712 6922/2/594 6916/2/588
f 7041/2/713 7042/2/714 6928/2/600
f 7041/2/713 6928/2/600 6922/2/594
f 7042/2/714 7043/2/715 6934/2/606
f 7042/2/714 6934/2/606 6928/2/600
f 7043/2/715 7044/2/716 6940/2/612
f 7043/2/715 6940/2/612 6934/2/606
f 7044/2/716 7045/2/717 6946/2/618
f 7044/2/716 6946/2/618 6940/2/612
f 7045/2/717 7046/2/718 6952/2/624
f 7045/2/717 6952/2/624 6946/2/618
f 7046/2/718 7047/2/719 6958/2/630
f 7046/2/718 6958/2/630 6952/2/624
f 7047/2/719 7048/2/720 6964/2/636
f 7047/2/719 6964/2/636 6958/2/630
f 7048/2/720 7049/2/721 6970/2/642
f 7048/2/720 6970/2/642 6964/2/636
f 7049/2/721 7050/2/722 6976/2/648
f 7049/2/721 6976/2/648 6970/2/642
f 7050/2/722 7051/2/723 6982/2/654
f 7050/2/722 6982/2/654 6976/2/648
f 7051/2/723 7052/2/724 6988/2/660
f 7051/2/723 6988/2/660 6982/2/654
f 7052/2/724 7053/2/725 6994/2/666
f 7052/2/724 6994/2/666 6988/2/660
f 7053/2/725 7054/2/726 7000/2/672
f 7053/2/725 7000/2/672 6994/2/666
f 7054/2/726 7055/2/727 7006/2/678
f 7054/2/726 7006/2/678 7000/2/672
f 7055/2/727 6890/2/562 7012/2/684
f 7055/2/727 7012/2/684 7006/2/678
f 6890/2/562 6889/2/561 7018/2/690
f 6890/2/562 7018/2/690 7012/2/684
f 6889/2/561 7056/2/728 7024/2/696
f 6889/2/561 7024/2/696 7018/2/690
f 7056/2/728 7057/2/729 7030/2/702
f 7056/2/728 7030/2/702 7024/2/696
f 7057/2/729 7058/2/730 7036/2/708
f 7057/2/729 7036/2/708 7030/2/702
f 7058/2/730 7037/2/709 6903/2/575
f 7058/2/730 6903/2/575 7036/2/708
f 7050/2/722 7049/2/721 7059/2/731
f 7050/2/722 7059/2/731 7060/2/732
f 7043/2/715 7042/2/714 7061/2/733
f 7043/2/715 7061/2/733 7062/2/734
f 7056/2/728 6889/2/561 6892/2/564
f 7056/2/728 6892/2/564 7063/2/735
f 7051/2/723 7050/2/722 7060/2/732
f 7051/2/723 7060/2/732 7064/2/5348
f 7044/2/716 7043/2/715 7062/2/734
f 7044/2/716 7062/2/734 7065/2/737
f 7057/2/729 7056/2/728 7063/2/735
f 7057/2/729 7063/2/735 7066/2/738
f 7052/2/724 7051/2/723 7064/2/5348
f 7052/2/724 7064/2/5348 7067/2/739
f 7045/2/717 7044/2/716 7065/2/737
f 7045/2/717 7065/2/737 7068/2/740
f 7058/2/730 7057/2/729 7066/2/738
f 7058/2/730 7066/2/738 7069/2/741
f 7038/2/710 7037/2/709 7070/2/742
f 7038/2/710 7070/2/742 7071/2/743
f 7053/2/725 7052/2/724 7067/2/739
f 7053/2/725 7067/2/739 7072/2/5349
f 7046/2/718 7045/2/717 7068/2/740
f 7046/2/718 7068/2/740 7073/2/5350
f 7037/2/709 7058/2/730 7069/2/741
f 7037/2/709 7069/2/741 7070/2/742
f 7039/2/711 7038/2/710 7071/2/743
f 7039/2/711 7071/2/743 7074/2/746
f 7054/2/726 7053/2/725 7072/2/5349
f 7054/2/726 7072/2/5349 7075/2/747
f 7047/2/719 7046/2/718 7073/2/5350
f 7047/2/719 7073/2/5350 7076/2/5351
f 7040/2/712 7039/2/711 7074/2/746
f 7040/2/712 7074/2/746 7077/2/749
f 7055/2/727 7054/2/726 7075/2/747
f 7055/2/727 7075/2/747 7078/2/750
f 7048/2/720 7047/2/719 7076/2/5351
f 7048/2/720 7076/2/5351 7079/2/751
f 7041/2/713 7040/2/712 7077/2/749
f 7041/2/713 7077/2/749 7080/2/5352
f 6890/2/562 7055/2/727 7078/2/750
f 6890/2/562 7078/2/750 6891/2/563
f 7049/2/721 7048/2/720 7079/2/751
f 7049/2/721 7079/2/751 7059/2/731
f 7042/2/714 7041/2/713 7080/2/5352
f 7042/2/714 7080/2/5352 7061/2/733
f 7081/2/514 7082/2/515 7083/2/516
f 7081/2/514 7083/2/516 7084/2/513
f 7085/2/518 7086/2/519 7087/2/520
f 7085/2/518 7087/2/520 7088/2/517
f 7086/2/519 7089/2/521 7090/2/522
f 7086/2/519 7090/2/522 7087/2/520
f 7089/2/521 7091/2/523 7092/2/524
f 7089/2/521 7092/2/524 7090/2/522
f 7091/2/523 7093/2/525 7094/2/526
f 7091/2/523 7094/2/526 7092/2/524
f 7093/2/525 7095/2/527 7096/2/528
f 7093/2/525 7096/2/528 7094/2/526
f 7095/2/527 7097/2/529 7098/2/530
f 7095/2/527 7098/2/530 7096/2/528
f 7097/2/529 7099/2/531 7100/2/532
f 7097/2/529 7100/2/532 7098/2/530
f 7099/2/531 7101/2/533 7102/2/534
f 7099/2/531 7102/2/534 7100/2/532
f 7101/2/533 7103/2/535 7104/2/536
f 7101/2/533 7104/2/536 7102/2/534
f 7103/2/535 7105/2/537 7106/2/538
f 7103/2/535 7106/2/538 7104/2/536
f 7105/2/537 7107/2/539 7108/2/540
f 7105/2/537 7108/2/540 7106/2/538
f 7107/2/539 7109/2/541 7110/2/542
f 7107/2/539 7110/2/542 7108/2/540
f 7109/2/541 7111/2/543 7112/2/544
f 7109/2/541 7112/2/544 7110/2/542
f 7111/2/543 7113/2/545 7114/2/546
f 7111/2/543 7114/2/546 7112/2/544
f 7113/2/545 7115/2/547 7116/2/548
f 7113/2/545 7116/2/548 7114/2/546
f 7115/2/547 7117/2/549 7118/2/550
f 7115/2/547 7118/2/550 7116/2/548
f 7117/2/549 7119/2/551 7120/2/552
f 7117/2/549 7120/2/552 7118/2/550
f 7119/2/551 7121/2/553 7122/2/554
f 7119/2/551 7122/2/554 7120/2/552
f 7121/2/553 7123/2/555 7124/2/556
f 7121/2/553 7124/2/556 7122/2/554
f 7123/2/555 7125/2/557 7126/2/558
f 7123/2/555 7126/2/558 7124/2/556
f 7125/2/557 7081/2/514 7084/2/513
f 7125/2/557 7084/2/513 7126/2/558
f 7127/2/560 7085/2/518 7088/2/517
f 7127/2/560 7088/2/517 7128/2/559
f 7129/2/753 7130/2/5353 7131/2/755
f 7129/2/753 7131/2/755 7132/2/756
f 7082/2/515 7127/2/560 7128/2/559
f 7082/2/515 7128/2/559 7083/2/516
f 7082/2/515 7133/2/571 7134/2/572
f 7082/2/515 7134/2/572 7127/2/560
f 7133/2/571 7135/2/573 7136/2/5354
f 7133/2/571 7136/2/5354 7134/2/572
f 7135/2/573 7137/2/575 7138/2/576
f 7135/2/573 7138/2/576 7136/2/5354
f 7128/2/559 7139/2/565 7140/2/566
f 7128/2/559 7140/2/566 7083/2/516
f 7139/2/565 7141/2/567 7142/2/568
f 7139/2/565 7142/2/568 7140/2/566
f 7141/2/567 7143/2/569 7144/2/570
f 7141/2/567 7144/2/570 7142/2/568
f 7127/2/560 7134/2/572 7145/2/580
f 7127/2/560 7145/2/580 7085/2/518
f 7134/2/572 7136/2/5354 7146/2/581
f 7134/2/572 7146/2/581 7145/2/580
f 7136/2/5354 7138/2/576 7147/2/582
f 7136/2/5354 7147/2/582 7146/2/581
f 7088/2/517 7148/2/577 7139/2/565
f 7088/2/517 7139/2/565 7128/2/559
f 7148/2/577 7149/2/578 7141/2/567
f 7148/2/577 7141/2/567 7139/2/565
f 7149/2/578 7150/2/579 7143/2/569
f 7149/2/578 7143/2/569 7141/2/567
f 7085/2/518 7145/2/580 7151/2/586
f 7085/2/518 7151/2/586 7086/2/519
f 7145/2/580 7146/2/581 7152/2/587
f 7145/2/580 7152/2/587 7151/2/586
f 7146/2/581 7147/2/582 7153/2/588
f 7146/2/581 7153/2/588 7152/2/587
f 7087/2/520 7154/2/583 7148/2/577
f 7087/2/520 7148/2/577 7088/2/517
f 7154/2/583 7155/2/584 7149/2/578
f 7154/2/583 7149/2/578 7148/2/577
f 7155/2/584 7156/2/585 7150/2/579
f 7155/2/584 7150/2/579 7149/2/578
f 7086/2/519 7151/2/586 7157/2/592
f 7086/2/519 7157/2/592 7089/2/521
f 7151/2/586 7152/2/587 7158/2/593
f 7151/2/586 7158/2/593 7157/2/592
f 7152/2/587 7153/2/588 7159/2/594
f 7152/2/587 7159/2/594 7158/2/593
f 7090/2/522 7160/2/589 7154/2/583
f 7090/2/522 7154/2/583 7087/2/520
f 7160/2/589 7161/2/590 7155/2/584
f 7160/2/589 7155/2/584 7154/2/583
f 7161/2/590 7162/2/591 7156/2/585
f 7161/2/590 7156/2/585 7155/2/584
f 7089/2/521 7157/2/592 7163/2/598
f 7089/2/521 7163/2/598 7091/2/523
f 7157/2/592 7158/2/593 7164/2/758
f 7157/2/592 7164/2/758 7163/2/598
f 7158/2/593 7159/2/594 7165/2/600
f 7158/2/593 7165/2/600 7164/2/758
f 7092/2/524 7166/2/595 7160/2/589
f 7092/2/524 7160/2/589 7090/2/522
f 7166/2/595 7167/2/759 7161/2/590
f 7166/2/595 7161/2/590 7160/2/589
f 7167/2/759 7168/2/597 7162/2/591
f 7167/2/759 7162/2/591 7161/2/590
f 7091/2/523 7163/2/598 7169/2/604
f 7091/2/523 7169/2/604 7093/2/525
f 7163/2/598 7164/2/758 7170/2/605
f 7163/2/598 7170/2/605 7169/2/604
f 7164/2/758 7165/2/600 7171/2/606
f 7164/2/758 7171/2/606 7170/2/605
f 7094/2/526 7172/2/601 7166/2/595
f 7094/2/526 7166/2/595 7092/2/524
f 7172/2/601 7173/2/602 7167/2/759
f 7172/2/601 7167/2/759 7166/2/595
f 7173/2/602 7174/2/603 7168/2/597
f 7173/2/602 7168/2/597 7167/2/759
f 7093/2/525 7169/2/604 7175/2/610
f 7093/2/525 7175/2/610 7095/2/527
f 7169/2/604 7170/2/605 7176/2/760
f 7169/2/604 7176/2/760 7175/2/610
f 7170/2/605 7171/2/606 7177/2/612
f 7170/2/605 7177/2/612 7176/2/760
f 7096/2/528 7178/2/607 7172/2/601
f 7096/2/528 7172/2/601 7094/2/526
f 7178/2/607 7179/2/761 7173/2/602
f 7178/2/607 7173/2/602 7172/2/601
f 7179/2/761 7180/2/609 7174/2/603
f 7179/2/761 7174/2/603 7173/2/602
f 7095/2/527 7175/2/610 7181/2/616
f 7095/2/527 7181/2/616 7097/2/529
f 7175/2/610 7176/2/760 7182/2/617
f 7175/2/610 7182/2/617 7181/2/616
f 7176/2/760 7177/2/612 7183/2/618
f 7176/2/760 7183/2/618 7182/2/617
f 7098/2/530 7184/2/613 7178/2/607
f 7098/2/530 7178/2/607 7096/2/528
f 7184/2/613 7185/2/614 7179/2/761
f 7184/2/613 7179/2/761 7178/2/607
f 7185/2/614 7186/2/615 7180/2/609
f 7185/2/614 7180/2/609 7179/2/761
f 7097/2/529 7181/2/616 7187/2/622
f 7097/2/529 7187/2/622 7099/2/531
f 7181/2/616 7182/2/617 7188/2/623
f 7181/2/616 7188/2/623 7187/2/622
f 7182/2/617 7183/2/618 7189/2/624
f 7182/2/617 7189/2/624 7188/2/623
f 7100/2/532 7190/2/619 7184/2/613
f 7100/2/532 7184/2/613 7098/2/530
f 7190/2/619 7191/2/620 7185/2/614
f 7190/2/619 7185/2/614 7184/2/613
f 7191/2/620 7192/2/621 7186/2/615
f 7191/2/620 7186/2/615 7185/2/614
f 7099/2/531 7187/2/622 7193/2/628
f 7099/2/531 7193/2/628 7101/2/533
f 7187/2/622 7188/2/623 7194/2/629
f 7187/2/622 7194/2/629 7193/2/628
f 7188/2/623 7189/2/624 7195/2/630
f 7188/2/623 7195/2/630 7194/2/629
f 7102/2/534 7196/2/625 7190/2/619
f 7102/2/534 7190/2/619 7100/2/532
f 7196/2/625 7197/2/626 7191/2/620
f 7196/2/625 7191/2/620 7190/2/619
f 7197/2/626 7198/2/627 7192/2/621
f 7197/2/626 7192/2/621 7191/2/620
f 7101/2/533 7193/2/628 7199/2/634
f 7101/2/533 7199/2/634 7103/2/535
f 7193/2/628 7194/2/629 7200/2/635
f 7193/2/628 7200/2/635 7199/2/634
f 7194/2/629 7195/2/630 7201/2/636
f 7194/2/629 7201/2/636 7200/2/635
f 7104/2/536 7202/2/631 7196/2/625
f 7104/2/536 7196/2/625 7102/2/534
f 7202/2/631 7203/2/632 7197/2/626
f 7202/2/631 7197/2/626 7196/2/625
f 7203/2/632 7204/2/633 7198/2/627
f 7203/2/632 7198/2/627 7197/2/626
f 7103/2/535 7199/2/634 7205/2/640
f 7103/2/535 7205/2/640 7105/2/537
f 7199/2/634 7200/2/635 7206/2/641
f 7199/2/634 7206/2/641 7205/2/640
f 7200/2/635 7201/2/636 7207/2/642
f 7200/2/635 7207/2/642 7206/2/641
f 7106/2/538 7208/2/637 7202/2/631
f 7106/2/538 7202/2/631 7104/2/536
f 7208/2/637 7209/2/638 7203/2/632
f 7208/2/637 7203/2/632 7202/2/631
f 7209/2/638 7210/2/639 7204/2/633
f 7209/2/638 7204/2/633 7203/2/632
f 7105/2/537 7205/2/640 7211/2/646
f 7105/2/537 7211/2/646 7107/2/539
f 7205/2/640 7206/2/641 7212/2/647
f 7205/2/640 7212/2/647 7211/2/646
f 7206/2/641 7207/2/642 7213/2/648
f 7206/2/641 7213/2/648 7212/2/647
f 7108/2/540 7214/2/643 7208/2/637
f 7108/2/540 7208/2/637 7106/2/538
f 7214/2/643 7215/2/644 7209/2/638
f 7214/2/643 7209/2/638 7208/2/637
f 7215/2/644 7216/2/645 7210/2/639
f 7215/2/644 7210/2/639 7209/2/638
f 7107/2/539 7211/2/646 7217/2/652
f 7107/2/539 7217/2/652 7109/2/541
f 7211/2/646 7212/2/647 7218/2/653
f 7211/2/646 7218/2/653 7217/2/652
f 7212/2/647 7213/2/648 7219/2/654
f 7212/2/647 7219/2/654 7218/2/653
f 7110/2/542 7220/2/649 7214/2/643
f 7110/2/542 7214/2/643 7108/2/540
f 7220/2/649 7221/2/650 7215/2/644
f 7220/2/649 7215/2/644 7214/2/643
f 7221/2/650 7222/2/651 7216/2/645
f 7221/2/650 7216/2/645 7215/2/644
f 7109/2/541 7217/2/652 7223/2/658
f 7109/2/541 7223/2/658 7111/2/543
f 7217/2/652 7218/2/653 7224/2/659
f 7217/2/652 7224/2/659 7223/2/658
f 7218/2/653 7219/2/654 7225/2/660
f 7218/2/653 7225/2/660 7224/2/659
f 7112/2/544 7226/2/655 7220/2/649
f 7112/2/544 7220/2/649 7110/2/542
f 7226/2/655 7227/2/656 7221/2/650
f 7226/2/655 7221/2/650 7220/2/649
f 7227/2/656 7228/2/657 7222/2/651
f 7227/2/656 7222/2/651 7221/2/650
f 7111/2/543 7223/2/658 7229/2/664
f 7111/2/543 7229/2/664 7113/2/545
f 7223/2/658 7224/2/659 7230/2/665
f 7223/2/658 7230/2/665 7229/2/664
f 7224/2/659 7225/2/660 7231/2/666
f 7224/2/659 7231/2/666 7230/2/665
f 7114/2/546 7232/2/661 7226/2/655
f 7114/2/546 7226/2/655 7112/2/544
f 7232/2/661 7233/2/662 7227/2/656
f 7232/2/661 7227/2/656 7226/2/655
f 7233/2/662 7234/2/663 7228/2/657
f 7233/2/662 7228/2/657 7227/2/656
f 7113/2/545 7229/2/664 7235/2/670
f 7113/2/545 7235/2/670 7115/2/547
f 7229/2/664 7230/2/665 7236/2/671
f 7229/2/664 7236/2/671 7235/2/670
f 7230/2/665 7231/2/666 7237/2/672
f 7230/2/665 7237/2/672 7236/2/671
f 7116/2/548 7238/2/667 7232/2/661
f 7116/2/548 7232/2/661 7114/2/546
f 7238/2/667 7239/2/668 7233/2/662
f 7238/2/667 7233/2/662 7232/2/661
f 7239/2/668 7240/2/669 7234/2/663
f 7239/2/668 7234/2/663 7233/2/662
f 7115/2/547 7235/2/670 7241/2/676
f 7115/2/547 7241/2/676 7117/2/549
f 7235/2/670 7236/2/671 7242/2/677
f 7235/2/670 7242/2/677 7241/2/676
f 7236/2/671 7237/2/672 7243/2/678
f 7236/2/671 7243/2/678 7242/2/677
f 7118/2/550 7244/2/673 7238/2/667
f 7118/2/550 7238/2/667 7116/2/548
f 7244/2/673 7245/2/674 7239/2/668
f 7244/2/673 7239/2/668 7238/2/667
f 7245/2/674 7246/2/675 7240/2/669
f 7245/2/674 7240/2/669 7239/2/668
f 7117/2/549 7241/2/676 7247/2/682
f 7117/2/549 7247/2/682 7119/2/551
f 7241/2/676 7242/2/677 7248/2/763
f 7241/2/676 7248/2/763 7247/2/682
f 7242/2/677 7243/2/678 7249/2/684
f 7242/2/677 7249/2/684 7248/2/763
f 7120/2/552 7250/2/679 7244/2/673
f 7120/2/552 7244/2/673 7118/2/550
f 7250/2/679 7251/2/764 7245/2/674
f 7250/2/679 7245/2/674 7244/2/673
f 7251/2/764 7252/2/681 7246/2/675
f 7251/2/764 7246/2/675 7245/2/674
f 7119/2/551 7247/2/682 7253/2/688
f 7119/2/551 7253/2/688 7121/2/553
f 7247/2/682 7248/2/763 7254/2/689
f 7247/2/682 7254/2/689 7253/2/688
f 7248/2/763 7249/2/684 7255/2/690
f 7248/2/763 7255/2/690 7254/2/689
f 7122/2/554 7256/2/685 7250/2/679
f 7122/2/554 7250/2/679 7120/2/552
f 7256/2/685 7257/2/686 7251/2/764
f 7256/2/685 7251/2/764 7250/2/679
f 7257/2/686 7258/2/687 7252/2/681
f 7257/2/686 7252/2/681 7251/2/764
f 7121/2/553 7253/2/688 7259/2/694
f 7121/2/553 7259/2/694 7123/2/555
f 7253/2/688 7254/2/689 7260/2/695
f 7253/2/688 7260/2/695 7259/2/694
f 7254/2/689 7255/2/690 7261/2/696
f 7254/2/689 7261/2/696 7260/2/695
f 7124/2/556 7262/2/691 7256/2/685
f 7124/2/556 7256/2/685 7122/2/554
f 7262/2/691 7263/2/692 7257/2/686
f 7262/2/691 7257/2/686 7256/2/685
f 7263/2/692 7264/2/693 7258/2/687
f 7263/2/692 7258/2/687 7257/2/686
f 7123/2/555 7259/2/694 7265/2/700
f 7123/2/555 7265/2/700 7125/2/557
f 7259/2/694 7260/2/695 7266/2/701
f 7259/2/694 7266/2/701 7265/2/700
f 7260/2/695 7261/2/696 7267/2/702
f 7260/2/695 7267/2/702 7266/2/701
f 7126/2/558 7268/2/697 7262/2/691
f 7126/2/558 7262/2/691 7124/2/556
f 7268/2/697 7269/2/698 7263/2/692
f 7268/2/697 7263/2/692 7262/2/691
f 7269/2/698 7270/2/699 7264/2/693
f 7269/2/698 7264/2/693 7263/2/692
f 7125/2/557 7265/2/700 7271/2/706
f 7125/2/557 7271/2/706 7081/2/514
f 7265/2/700 7266/2/701 7272/2/5347
f 7265/2/700 7272/2/5347 7271/2/706
f 7266/2/701 7267/2/702 7273/2/708
f 7266/2/701 7273/2/708 7272/2/5347
f 7084/2/513 7274/2/703 7268/2/697
f 7084/2/513 7268/2/697 7126/2/558
f 7274/2/703 7275/2/5346 7269/2/698
f 7274/2/703 7269/2/698 7268/2/697
f 7275/2/5346 7276/2/705 7270/2/699
f 7275/2/5346 7270/2/699 7269/2/698
f 7081/2/514 7271/2/706 7133/2/571
f 7081/2/514 7133/2/571 7082/2/515
f 7271/2/706 7272/2/5347 7135/2/573
f 7271/2/706 7135/2/573 7133/2/571
f 7272/2/5347 7273/2/708 7137/2/575
f 7272/2/5347 7137/2/575 7135/2/573
f 7083/2/516 7140/2/566 7274/2/703
f 7083/2/516 7274/2/703 7084/2/513
f 7140/2/566 7142/2/568 7275/2/5346
f 7140/2/566 7275/2/5346 7274/2/703
f 7142/2/568 7144/2/570 7276/2/705
f 7142/2/568 7276/2/705 7275/2/5346
f 7277/2/765 7144/2/570 7143/2/569
f 7277/2/765 7143/2/569 7278/2/766
f 7278/2/766 7143/2/569 7150/2/579
f 7278/2/766 7150/2/579 7279/2/767
f 7279/2/767 7150/2/579 7156/2/585
f 7279/2/767 7156/2/585 7280/2/768
f 7280/2/768 7156/2/585 7162/2/591
f 7280/2/768 7162/2/591 7281/2/769
f 7281/2/769 7162/2/591 7168/2/597
f 7281/2/769 7168/2/597 7282/2/770
f 7282/2/770 7168/2/597 7174/2/603
f 7282/2/770 7174/2/603 7283/2/771
f 7283/2/771 7174/2/603 7180/2/609
f 7283/2/771 7180/2/609 7284/2/772
f 7284/2/772 7180/2/609 7186/2/615
f 7284/2/772 7186/2/615 7285/2/773
f 7285/2/773 7186/2/615 7192/2/621
f 7285/2/773 7192/2/621 7286/2/774
f 7286/2/774 7192/2/621 7198/2/627
f 7286/2/774 7198/2/627 7287/2/775
f 7287/2/775 7198/2/627 7204/2/633
f 7287/2/775 7204/2/633 7288/2/776
f 7288/2/776 7204/2/633 7210/2/639
f 7288/2/776 7210/2/639 7289/2/777
f 7289/2/777 7210/2/639 7216/2/645
f 7289/2/777 7216/2/645 7290/2/778
f 7290/2/778 7216/2/645 7222/2/651
f 7290/2/778 7222/2/651 7291/2/779
f 7291/2/779 7222/2/651 7228/2/657
f 7291/2/779 7228/2/657 7292/2/780
f 7292/2/780 7228/2/657 7234/2/663
f 7292/2/780 7234/2/663 7293/2/781
f 7293/2/781 7234/2/663 7240/2/669
f 7293/2/781 7240/2/669 7294/2/782
f 7294/2/782 7240/2/669 7246/2/675
f 7294/2/782 7246/2/675 7295/2/783
f 7295/2/783 7246/2/675 7252/2/681
f 7295/2/783 7252/2/681 7132/2/756
f 7132/2/756 7252/2/681 7258/2/687
f 7132/2/756 7258/2/687 7129/2/753
f 7129/2/753 7258/2/687 7264/2/693
f 7129/2/753 7264/2/693 7296/2/784
f 7296/2/784 7264/2/693 7270/2/699
f 7296/2/784 7270/2/699 7297/2/785
f 7297/2/785 7270/2/699 7276/2/705
f 7297/2/785 7276/2/705 7298/2/786
f 7298/2/786 7276/2/705 7144/2/570
f 7298/2/786 7144/2/570 7277/2/765
f 7290/2/778 7299/2/787 7300/2/788
f 7290/2/778 7300/2/788 7289/2/777
f 7283/2/771 7301/2/789 7302/2/790
f 7283/2/771 7302/2/790 7282/2/770
f 7296/2/784 7303/2/791 7130/2/5353
f 7296/2/784 7130/2/5353 7129/2/753
f 7291/2/779 7304/2/792 7299/2/787
f 7291/2/779 7299/2/787 7290/2/778
f 7284/2/772 7305/2/793 7301/2/789
f 7284/2/772 7301/2/789 7283/2/771
f 7297/2/785 7306/2/794 7303/2/791
f 7297/2/785 7303/2/791 7296/2/784
f 7292/2/780 7307/2/795 7304/2/792
f 7292/2/780 7304/2/792 7291/2/779
f 7285/2/773 7308/2/796 7305/2/793
f 7285/2/773 7305/2/793 7284/2/772
f 7298/2/786 7309/2/797 7306/2/794
f 7298/2/786 7306/2/794 7297/2/785
f 7278/2/766 7310/2/798 7311/2/799
f 7278/2/766 7311/2/799 7277/2/765
f 7293/2/781 7312/2/5355 7307/2/795
f 7293/2/781 7307/2/795 7292/2/780
f 7286/2/774 7313/2/801 7308/2/796
f 7286/2/774 7308/2/796 7285/2/773
f 7277/2/765 7311/2/799 7309/2/797
f 7277/2/765 7309/2/797 7298/2/786
f 7279/2/767 7314/2/802 7310/2/798
f 7279/2/767 7310/2/798 7278/2/766
f 7294/2/782 7315/2/803 7312/2/5355
f 7294/2/782 7312/2/5355 7293/2/781
f 7287/2/775 7316/2/804 7313/2/801
f 7287/2/775 7313/2/801 7286/2/774
f 7280/2/768 7317/2/805 7314/2/802
f 7280/2/768 7314/2/802 7279/2/767
f 7295/2/783 7318/2/806 7315/2/803
f 7295/2/783 7315/2/803 7294/2/782
f 7288/2/776 7319/2/807 7316/2/804
f 7288/2/776 7316/2/804 7287/2/775
f 7281/2/769 7320/2/808 7317/2/805
f 7281/2/769 7317/2/805 7280/2/768
f 7132/2/756 7131/2/755 7318/2/806
f 7132/2/756 7318/2/806 7295/2/783
f 7289/2/777 7300/2/788 7319/2/807
f 7289/2/777 7319/2/807 7288/2/776
f 7282/2/770 7302/2/790 7320/2/808
f 7282/2/770 7320/2/808 7281/2/769
f 7321/3/809 7322/3/810 7323/3/811
f 7321/3/809 7323/3/811 7324/3/812
f 7324/3/812 7323/3/811 7325/3/813
f 7324/3/812 7325/3/813 7326/3/814
f 7326/3/814 7325/3/813 7327/3/815
f 7326/3/814 7327/3/815 7328/3/816
f 7328/3/816 7327/3/815 7329/3/817
f 7328/3/816 7329/3/817 7330/3/818
f 7330/3/818 7329/3/817 7331/3/819
f 7330/3/818 7331/3/819 7332/3/820
f 7332/3/820 7331/3/819 7333/3/821
f 7332/3/820 7333/3/821 7334/3/822
f 7334/3/822 7333/3/821 7335/3/823
f 7334/3/822 7335/3/823 7336/3/824
f 7336/3/824 7335/3/823 7337/3/825
f 7336/3/824 7337/3/825 7338/3/826
f 7338/3/826 7337/3/825 7339/3/827
f 7338/3/826 7339/3/827 7340/3/828
f 7340/3/828 7339/3/827 7341/3/829
f 7340/3/828 7341/3/829 7342/3/830
f 7342/3/830 7341/3/829 7343/3/831
f 7342/3/830 7343/3/831 7344/3/832
f 7344/3/832 7343/3/831 7345/3/5356
f 7344/3/832 7345/3/5356 7346/3/834
f 7346/3/834 7345/3/5356 7347/3/835
f 7346/3/834 7347/3/835 7348/3/836
f 7348/3/836 7347/3/835 7349/3/837
f 7348/3/836 7349/3/837 7350/3/838
f 7350/3/838 7349/3/837 7351/3/839
f 7350/3/838 7351/3/839 7352/3/840
f 7352/3/840 7351/3/839 7353/3/841
f 7352/3/840 7353/3/841 7354/3/842
f 7354/3/842 7353/3/841 7355/3/843
f 7354/3/842 7355/3/843 7356/3/844
f 7356/3/844 7355/3/843 7357/3/845
f 7356/3/844 7357/3/845 7358/3/846
f 7358/3/846 7357/3/845 7359/3/5357
f 7358/3/846 7359/3/5357 7360/3/5358
f 7360/3/5358 7359/3/5357 7361/3/849
f 7360/3/5358 7361/3/849 7362/3/850
f 7362/3/850 7361/3/849 7363/3/851
f 7362/3/850 7363/3/851 7364/3/852
f 7364/3/852 7363/3/851 7365/3/853
f 7364/3/852 7365/3/853 7366/3/854
f 7366/3/854 7365/3/853 7367/3/855
f 7366/3/854 7367/3/855 7368/3/856
f 7368/3/856 7367/3/855 7322/3/810
f 7368/3/856 7322/3/810 7321/3/809
f 7369/3/128 7370/3/857 7371/3/858
f 7369/3/128 7371/3/858 7372/3/859
f 7372/3/859 7371/3/858 7373/3/860
f 7372/3/859 7373/3/860 7374/3/861
f 7374/3/861 7373/3/860 7375/3/862
f 7374/3/861 7375/3/862 7376/3/863
f 7376/3/863 7375/3/862 7377/3/864
f 7376/3/863 7377/3/864 7378/3/865
f 7378/3/865 7377/3/864 7379/3/866
f 7378/3/865 7379/3/866 7380/3/867
f 7380/3/867 7379/3/866 7381/3/868
f 7380/3/867 7381/3/868 7382/3/480
f 7382/3/480 7381/3/868 7383/3/869
f 7382/3/480 7383/3/869 7384/3/870
f 7384/3/870 7383/3/869 7385/3/871
f 7384/3/870 7385/3/871 7386/3/872
f 7386/3/872 7385/3/871 7387/3/873
f 7386/3/872 7387/3/873 7388/3/874
f 7388/3/874 7387/3/873 7389/3/875
f 7388/3/874 7389/3/875 7390/3/876
f 7390/3/876 7389/3/875 7391/3/877
f 7390/3/876 7391/3/877 7392/3/878
f 7392/3/878 7391/3/877 7393/3/879
f 7392/3/878 7393/3/879 7394/3/880
f 7394/3/880 7393/3/879 7395/3/881
f 7394/3/880 7395/3/881 7396/3/882
f 7396/3/882 7395/3/881 7397/3/883
f 7396/3/882 7397/3/883 7398/3/884
f 7398/3/884 7397/3/883 7399/3/885
f 7398/3/884 7399/3/885 7400/3/886
f 7400/3/886 7399/3/885 7401/3/887
f 7400/3/886 7401/3/887 7402/3/888
f 7402/3/888 7401/3/887 7403/3/889
f 7402/3/888 7403/3/889 7404/3/890
f 7404/3/890 7403/3/889 7405/3/891
f 7404/3/890 7405/3/891 7406/3/447
f 7406/3/447 7405/3/891 7407/3/892
f 7406/3/447 7407/3/892 7408/3/893
f 7408/3/893 7407/3/892 7409/3/894
f 7408/3/893 7409/3/894 7410/3/895
f 7410/3/895 7409/3/894 7411/3/896
f 7410/3/895 7411/3/896 7412/3/897
f 7412/3/897 7411/3/896 7413/3/898
f 7412/3/897 7413/3/898 7414/3/899
f 7414/3/899 7413/3/898 7415/3/900
f 7414/3/899 7415/3/900 7416/3/901
f 7416/3/901 7415/3/900 7370/3/857
f 7416/3/901 7370/3/857 7369/3/128
f 7417/3/480 7418/3/5359 7419/3/5360
f 7417/3/480 7419/3/5360 7420/3/5361
f 7420/3/5361 7419/3/5360 7421/3/5362
f 7420/3/5361 7421/3/5362 7422/3/5363
f 7422/3/5363 7421/3/5362 7423/3/5364
f 7422/3/5363 7423/3/5364 7424/3/5365
f 7424/3/5365 7423/3/5364 7425/3/5366
f 7424/3/5365 7425/3/5366 7426/3/5367
f 7426/3/5367 7425/3/5366 7427/3/5368
f 7426/3/5367 7427/3/5368 7428/3/5369
f 7428/3/5369 7427/3/5368 7429/3/5370
f 7428/3/5369 7429/3/5370 7430/3/5371
f 7430/3/5371 7429/3/5370 7431/3/5372
f 7430/3/5371 7431/3/5372 7432/3/5373
f 7432/3/5373 7431/3/5372 7433/3/5374
f 7432/3/5373 7433/3/5374 7434/3/5375
f 7434/3/5375 7433/3/5374 7435/3/5376
f 7434/3/5375 7435/3/5376 7436/3/5377
f 7436/3/5377 7435/3/5376 7437/3/5378
f 7436/3/5377 7437/3/5378 7438/3/5379
f 7438/3/5379 7437/3/5378 7439/3/5380
f 7438/3/5379 7439/3/5380 7440/3/5381
f 7440/3/5381 7439/3/5380 7441/3/5382
f 7440/3/5381 7441/3/5382 7442/3/447
f 7442/3/447 7441/3/5382 7443/3/5383
f 7442/3/447 7443/3/5383 7444/3/5384
f 7444/3/5384 7443/3/5383 7445/3/5385
f 7444/3/5384 7445/3/5385 7446/3/5386
f 7446/3/5386 7445/3/5385 7447/3/5387
f 7446/3/5386 7447/3/5387 7448/3/5388
f 7448/3/5388 7447/3/5387 7449/3/5389
f 7448/3/5388 7449/3/5389 7450/3/5390
f 7450/3/5390 7449/3/5389 7451/3/5391
f 7450/3/5390 7451/3/5391 7452/3/5392
f 7452/3/5392 7451/3/5391 7453/3/5393
f 7452/3/5392 7453/3/5393 7454/3/5394
f 7454/3/5394 7453/3/5393 7455/3/5395
f 7454/3/5394 7455/3/5395 7456/3/5396
f 7456/3/5396 7455/3/5395 7457/3/5397
f 7456/3/5396 7457/3/5397 7458/3/5398
f 7458/3/5398 7457/3/5397 7459/3/5399
f 7458/3/5398 7459/3/5399 7460/3/5400
f 7460/3/5400 7459/3/5399 7461/3/5401
f 7460/3/5400 7461/3/5401 7462/3/5402
f 7462/3/5402 7461/3/5401 7463/3/5403
f 7462/3/5402 7463/3/5403 7464/3/5404
f 7464/3/5404 7463/3/5403 7418/3/5359
f 7464/3/5404 7418/3/5359 7417/3/480
f 7465/1/5404 7466/1/480 7467/1/5405
f 7465/1/5404 7467/1/5405 7468/1/5406
f 7469/1/5361 7470/1/5363 7471/1/5407
f 7469/1/5361 7471/1/5407 7472/1/5408
f 7473/1/5371 7474/1/5373 7475/1/5409
f 7473/1/5371 7475/1/5409 7476/1/5410
f 7477/1/5381 7478/1/447 7479/1/5411
f 7477/1/5381 7479/1/5411 7480/1/5412
f 7481/1/5390 7482/1/5392 7483/1/5413
f 7481/1/5390 7483/1/5413 7484/1/5414
f 7485/1/5400 7486/1/5415 7487/1/5416
f 7485/1/5400 7487/1/5416 7488/1/5417
f 7489/1/5367 7490/1/5369 7491/1/5418
f 7489/1/5367 7491/1/5418 7492/1/5419
f 7493/1/5377 7494/1/5420 7495/1/5421
f 7493/1/5377 7495/1/5421 7496/1/5422
f 7497/1/5423 7498/1/5388 7499/1/5424
f 7497/1/5423 7499/1/5424 7500/1/5425
f 7501/1/5396 7502/1/5398 7503/1/5426
f 7501/1/5396 7503/1/5426 7504/1/5427
f 7470/1/5363 7505/1/5365 7506/1/5428
f 7470/1/5363 7506/1/5428 7471/1/5407
f 7474/1/5373 7507/1/5375 7508/1/5429
f 7474/1/5373 7508/1/5429 7475/1/5409
f 7466/1/480 7469/1/5361 7472/1/5408
f 7466/1/480 7472/1/5408 7467/1/5405
f 7478/1/447 7509/1/5384 7510/1/5430
f 7478/1/447 7510/1/5430 7479/1/5411
f 7482/1/5392 7511/1/5394 7512/1/5431
f 7482/1/5392 7512/1/5431 7483/1/5413
f 7486/1/5415 7465/1/5404 7468/1/5406
f 7486/1/5415 7468/1/5406 7487/1/5416
f 7490/1/5369 7473/1/5371 7476/1/5410
f 7490/1/5369 7476/1/5410 7491/1/5418
f 7494/1/5420 7477/1/5381 7480/1/5412
f 7494/1/5420 7480/1/5412 7495/1/5421
f 7498/1/5388 7481/1/5390 7484/1/5414
f 7498/1/5388 7484/1/5414 7499/1/5424
f 7502/1/5398 7485/1/5400 7488/1/5417
f 7502/1/5398 7488/1/5417 7503/1/5426
f 7505/1/5365 7489/1/5367 7492/1/5419
f 7505/1/5365 7492/1/5419 7506/1/5428
f 7507/1/5375 7493/1/5377 7496/1/5422
f 7507/1/5375 7496/1/5422 7508/1/5429
f 7509/1/5384 7497/1/5423 7500/1/5425
f 7509/1/5384 7500/1/5425 7510/1/5430
f 7511/1/5394 7501/1/5396 7504/1/5427
f 7511/1/5394 7504/1/5427 7512/1/5431
f 7513/1/5432 7514/1/901 7515/1/128
f 7513/1/5432 7515/1/128 7516/1/949
f 7517/1/950 7518/1/899 7514/1/901
f 7517/1/950 7514/1/901 7513/1/5432
f 7519/1/5433 7520/1/897 7518/1/899
f 7519/1/5433 7518/1/899 7517/1/950
f 7521/1/952 7522/1/895 7520/1/897
f 7521/1/952 7520/1/897 7519/1/5433
f 7523/1/5434 7524/1/893 7522/1/895
f 7523/1/5434 7522/1/895 7521/1/952
f 7525/1/954 7526/1/447 7524/1/893
f 7525/1/954 7524/1/893 7523/1/5434
f 7527/1/5435 7528/1/890 7526/1/447
f 7527/1/5435 7526/1/447 7525/1/954
f 7529/1/5436 7530/1/888 7528/1/890
f 7529/1/5436 7528/1/890 7527/1/5435
f 7531/1/5437 7532/1/886 7530/1/888
f 7531/1/5437 7530/1/888 7529/1/5436
f 7533/1/5438 7534/1/884 7532/1/886
f 7533/1/5438 7532/1/886 7531/1/5437
f 7535/1/959 7536/1/882 7534/1/884
f 7535/1/959 7534/1/884 7533/1/5438
f 7537/1/960 7538/1/880 7536/1/882
f 7537/1/960 7536/1/882 7535/1/959
f 7539/1/5439 7540/1/878 7538/1/880
f 7539/1/5439 7538/1/880 7537/1/960
f 7541/1/5440 7542/1/876 7540/1/878
f 7541/1/5440 7540/1/878 7539/1/5439
f 7543/1/963 7544/1/874 7542/1/876
f 7543/1/963 7542/1/876 7541/1/5440
f 7545/1/5441 7546/1/872 7544/1/874
f 7545/1/5441 7544/1/874 7543/1/963
f 7547/1/965 7548/1/870 7546/1/872
f 7547/1/965 7546/1/872 7545/1/5441
f 7549/1/966 7550/1/480 7548/1/870
f 7549/1/966 7548/1/870 7547/1/965
f 7551/1/5442 7552/1/867 7550/1/480
f 7551/1/5442 7550/1/480 7549/1/966
f 7553/1/5443 7554/1/865 7552/1/867
f 7553/1/5443 7552/1/867 7551/1/5442
f 7555/1/969 7556/1/863 7554/1/865
f 7555/1/969 7554/1/865 7553/1/5443
f 7557/1/5444 7558/1/861 7556/1/863
f 7557/1/5444 7556/1/863 7555/1/969
f 7559/1/971 7560/1/859 7558/1/861
f 7559/1/971 7558/1/861 7557/1/5444
f 7516/1/949 7515/1/128 7560/1/859
f 7516/1/949 7560/1/859 7559/1/971
f 7561/2/514 7562/2/515 7563/2/516
f 7561/2/514 7563/2/516 7564/2/513
f 7565/2/518 7566/2/519 7567/2/520
f 7565/2/518 7567/2/520 7568/2/517
f 7566/2/519 7569/2/521 7570/2/522
f 7566/2/519 7570/2/522 7567/2/520
f 7569/2/521 7571/2/523 7572/2/524
f 7569/2/521 7572/2/524 7570/2/522
f 7571/2/523 7573/2/525 7574/2/526
f 7571/2/523 7574/2/526 7572/2/524
f 7573/2/525 7575/2/527 7576/2/528
f 7573/2/525 7576/2/528 7574/2/526
f 7575/2/527 7577/2/529 7578/2/530
f 7575/2/527 7578/2/530 7576/2/528
f 7577/2/529 7579/2/531 7580/2/532
f 7577/2/529 7580/2/532 7578/2/530
f 7579/2/531 7581/2/533 7582/2/534
f 7579/2/531 7582/2/534 7580/2/532
f 7581/2/533 7583/2/535 7584/2/536
f 7581/2/533 7584/2/536 7582/2/534
f 7583/2/535 7585/2/537 7586/2/538
f 7583/2/535 7586/2/538 7584/2/536
f 7585/2/537 7587/2/539 7588/2/540
f 7585/2/537 7588/2/540 7586/2/538
f 7587/2/539 7589/2/541 7590/2/542
f 7587/2/539 7590/2/542 7588/2/540
f 7589/2/541 7591/2/543 7592/2/544
f 7589/2/541 7592/2/544 7590/2/542
f 7591/2/543 7593/2/545 7594/2/546
f 7591/2/543 7594/2/546 7592/2/544
f 7593/2/545 7595/2/547 7596/2/548
f 7593/2/545 7596/2/548 7594/2/546
f 7595/2/547 7597/2/549 7598/2/550
f 7595/2/547 7598/2/550 7596/2/548
f 7597/2/549 7599/2/551 7600/2/552
f 7597/2/549 7600/2/552 7598/2/550
f 7599/2/551 7601/2/553 7602/2/554
f 7599/2/551 7602/2/554 7600/2/552
f 7601/2/553 7603/2/555 7604/2/556
f 7601/2/553 7604/2/556 7602/2/554
f 7603/2/555 7605/2/557 7606/2/558
f 7603/2/555 7606/2/558 7604/2/556
f 7605/2/557 7561/2/514 7564/2/513
f 7605/2/557 7564/2/513 7606/2/558
f 7607/2/560 7565/2/518 7568/2/517
f 7607/2/560 7568/2/517 7608/2/559
f 7609/2/753 7610/2/5353 7611/2/755
f 7609/2/753 7611/2/755 7612/2/756
f 7562/2/515 7607/2/560 7608/2/559
f 7562/2/515 7608/2/559 7563/2/516
f 7562/2/515 7613/2/571 7614/2/572
f 7562/2/515 7614/2/572 7607/2/560
f 7613/2/571 7615/2/573 7616/2/5354
f 7613/2/571 7616/2/5354 7614/2/572
f 7615/2/573 7617/2/575 7618/2/576
f 7615/2/573 7618/2/576 7616/2/5354
f 7608/2/559 7619/2/565 7620/2/566
f 7608/2/559 7620/2/566 7563/2/516
f 7619/2/565 7621/2/567 7622/2/568
f 7619/2/565 7622/2/568 7620/2/566
f 7621/2/567 7623/2/569 7624/2/570
f 7621/2/567 7624/2/570 7622/2/568
f 7607/2/560 7614/2/572 7625/2/580
f 7607/2/560 7625/2/580 7565/2/518
f 7614/2/572 7616/2/5354 7626/2/581
f 7614/2/572 7626/2/581 7625/2/580
f 7616/2/5354 7618/2/576 7627/2/582
f 7616/2/5354 7627/2/582 7626/2/581
f 7568/2/517 7628/2/577 7619/2/565
f 7568/2/517 7619/2/565 7608/2/559
f 7628/2/577 7629/2/578 7621/2/567
f 7628/2/577 7621/2/567 7619/2/565
f 7629/2/578 7630/2/579 7623/2/569
f 7629/2/578 7623/2/569 7621/2/567
f 7565/2/518 7625/2/580 7631/2/586
f 7565/2/518 7631/2/586 7566/2/519
f 7625/2/580 7626/2/581 7632/2/587
f 7625/2/580 7632/2/587 7631/2/586
f 7626/2/581 7627/2/582 7633/2/588
f 7626/2/581 7633/2/588 7632/2/587
f 7567/2/520 7634/2/583 7628/2/577
f 7567/2/520 7628/2/577 7568/2/517
f 7634/2/583 7635/2/584 7629/2/578
f 7634/2/583 7629/2/578 7628/2/577
f 7635/2/584 7636/2/585 7630/2/579
f 7635/2/584 7630/2/579 7629/2/578
f 7566/2/519 7631/2/586 7637/2/592
f 7566/2/519 7637/2/592 7569/2/521
f 7631/2/586 7632/2/587 7638/2/593
f 7631/2/586 7638/2/593 7637/2/592
f 7632/2/587 7633/2/588 7639/2/594
f 7632/2/587 7639/2/594 7638/2/593
f 7570/2/522 7640/2/589 7634/2/583
f 7570/2/522 7634/2/583 7567/2/520
f 7640/2/589 7641/2/590 7635/2/584
f 7640/2/589 7635/2/584 7634/2/583
f 7641/2/590 7642/2/591 7636/2/585
f 7641/2/590 7636/2/585 7635/2/584
f 7569/2/521 7637/2/592 7643/2/598
f 7569/2/521 7643/2/598 7571/2/523
f 7637/2/592 7638/2/593 7644/2/758
f 7637/2/592 7644/2/758 7643/2/598
f 7638/2/593 7639/2/594 7645/2/600
f 7638/2/593 7645/2/600 7644/2/758
f 7572/2/524 7646/2/595 7640/2/589
f 7572/2/524 7640/2/589 7570/2/522
f 7646/2/595 7647/2/759 7641/2/590
f 7646/2/595 7641/2/590 7640/2/589
f 7647/2/759 7648/2/597 7642/2/591
f 7647/2/759 7642/2/591 7641/2/590
f 7571/2/523 7643/2/598 7649/2/604
f 7571/2/523 7649/2/604 7573/2/525
f 7643/2/598 7644/2/758 7650/2/605
f 7643/2/598 7650/2/605 7649/2/604
f 7644/2/758 7645/2/600 7651/2/606
f 7644/2/758 7651/2/606 7650/2/605
f 7574/2/526 7652/2/601 7646/2/595
f 7574/2/526 7646/2/595 7572/2/524
f 7652/2/601 7653/2/602 7647/2/759
f 7652/2/601 7647/2/759 7646/2/595
f 7653/2/602 7654/2/603 7648/2/597
f 7653/2/602 7648/2/597 7647/2/759
f 7573/2/525 7649/2/604 7655/2/610
f 7573/2/525 7655/2/610 7575/2/527
f 7649/2/604 7650/2/605 7656/2/760
f 7649/2/604 7656/2/760 7655/2/610
f 7650/2/605 7651/2/606 7657/2/612
f 7650/2/605 7657/2/612 7656/2/760
f 7576/2/528 7658/2/607 7652/2/601
f 7576/2/528 7652/2/601 7574/2/526
f 7658/2/607 7659/2/608 7653/2/602
f 7658/2/607 7653/2/602 7652/2/601
f 7659/2/608 7660/2/609 7654/2/603
f 7659/2/608 7654/2/603 7653/2/602
f 7575/2/527 7655/2/610 7661/2/616
f 7575/2/527 7661/2/616 7577/2/529
f 7655/2/610 7656/2/760 7662/2/617
f 7655/2/610 7662/2/617 7661/2/616
f 7656/2/760 7657/2/612 7663/2/618
f 7656/2/760 7663/2/618 7662/2/617
f 7578/2/530 7664/2/613 7658/2/607
f 7578/2/530 7658/2/607 7576/2/528
f 7664/2/613 7665/2/614 7659/2/608
f 7664/2/613 7659/2/608 7658/2/607
f 7665/2/614 7666/2/615 7660/2/609
f 7665/2/614 7660/2/609 7659/2/608
f 7577/2/529 7661/2/616 7667/2/5445
f 7577/2/529 7667/2/5445 7579/2/531
f 7661/2/616 7662/2/617 7668/2/623
f 7661/2/616 7668/2/623 7667/2/5445
f 7662/2/617 7663/2/618 7669/2/624
f 7662/2/617 7669/2/624 7668/2/623
f 7580/2/532 7670/2/619 7664/2/613
f 7580/2/532 7664/2/613 7578/2/530
f 7670/2/619 7671/2/620 7665/2/614
f 7670/2/619 7665/2/614 7664/2/613
f 7671/2/620 7672/2/621 7666/2/615
f 7671/2/620 7666/2/615 7665/2/614
f 7579/2/531 7667/2/5445 7673/2/628
f 7579/2/531 7673/2/628 7581/2/533
f 7667/2/5445 7668/2/623 7674/2/629
f 7667/2/5445 7674/2/629 7673/2/628
f 7668/2/623 7669/2/624 7675/2/630
f 7668/2/623 7675/2/630 7674/2/629
f 7582/2/534 7676/2/625 7670/2/619
f 7582/2/534 7670/2/619 7580/2/532
f 7676/2/625 7677/2/626 7671/2/620
f 7676/2/625 7671/2/620 7670/2/619
f 7677/2/626 7678/2/627 7672/2/621
f 7677/2/626 7672/2/621 7671/2/620
f 7581/2/533 7673/2/628 7679/2/634
f 7581/2/533 7679/2/634 7583/2/535
f 7673/2/628 7674/2/629 7680/2/635
f 7673/2/628 7680/2/635 7679/2/634
f 7674/2/629 7675/2/630 7681/2/636
f 7674/2/629 7681/2/636 7680/2/635
f 7584/2/536 7682/2/631 7676/2/625
f 7584/2/536 7676/2/625 7582/2/534
f 7682/2/631 7683/2/632 7677/2/626
f 7682/2/631 7677/2/626 7676/2/625
f 7683/2/632 7684/2/633 7678/2/627
f 7683/2/632 7678/2/627 7677/2/626
f 7583/2/535 7679/2/634 7685/2/640
f 7583/2/535 7685/2/640 7585/2/537
f 7679/2/634 7680/2/635 7686/2/641
f 7679/2/634 7686/2/641 7685/2/640
f 7680/2/635 7681/2/636 7687/2/642
f 7680/2/635 7687/2/642 7686/2/641
f 7586/2/538 7688/2/637 7682/2/631
f 7586/2/538 7682/2/631 7584/2/536
f 7688/2/637 7689/2/638 7683/2/632
f 7688/2/637 7683/2/632 7682/2/631
f 7689/2/638 7690/2/639 7684/2/633
f 7689/2/638 7684/2/633 7683/2/632
f 7585/2/537 7685/2/640 7691/2/646
f 7585/2/537 7691/2/646 7587/2/539
f 7685/2/640 7686/2/641 7692/2/647
f 7685/2/640 7692/2/647 7691/2/646
f 7686/2/641 7687/2/642 7693/2/648
f 7686/2/641 7693/2/648 7692/2/647
f 7588/2/540 7694/2/643 7688/2/637
f 7588/2/540 7688/2/637 7586/2/538
f 7694/2/643 7695/2/644 7689/2/638
f 7694/2/643 7689/2/638 7688/2/637
f 7695/2/644 7696/2/645 7690/2/639
f 7695/2/644 7690/2/639 7689/2/638
f 7587/2/539 7691/2/646 7697/2/652
f 7587/2/539 7697/2/652 7589/2/541
f 7691/2/646 7692/2/647 7698/2/653
f 7691/2/646 7698/2/653 7697/2/652
f 7692/2/647 7693/2/648 7699/2/654
f 7692/2/647 7699/2/654 7698/2/653
f 7590/2/542 7700/2/649 7694/2/643
f 7590/2/542 7694/2/643 7588/2/540
f 7700/2/649 7701/2/650 7695/2/644
f 7700/2/649 7695/2/644 7694/2/643
f 7701/2/650 7702/2/651 7696/2/645
f 7701/2/650 7696/2/645 7695/2/644
f 7589/2/541 7697/2/652 7703/2/658
f 7589/2/541 7703/2/658 7591/2/543
f 7697/2/652 7698/2/653 7704/2/659
f 7697/2/652 7704/2/659 7703/2/658
f 7698/2/653 7699/2/654 7705/2/660
f 7698/2/653 7705/2/660 7704/2/659
f 7592/2/544 7706/2/655 7700/2/649
f 7592/2/544 7700/2/649 7590/2/542
f 7706/2/655 7707/2/656 7701/2/650
f 7706/2/655 7701/2/650 7700/2/649
f 7707/2/656 7708/2/657 7702/2/651
f 7707/2/656 7702/2/651 7701/2/650
f 7591/2/543 7703/2/658 7709/2/664
f 7591/2/543 7709/2/664 7593/2/545
f 7703/2/658 7704/2/659 7710/2/665
f 7703/2/658 7710/2/665 7709/2/664
f 7704/2/659 7705/2/660 7711/2/666
f 7704/2/659 7711/2/666 7710/2/665
f 7594/2/546 7712/2/661 7706/2/655
f 7594/2/546 7706/2/655 7592/2/544
f 7712/2/661 7713/2/662 7707/2/656
f 7712/2/661 7707/2/656 7706/2/655
f 7713/2/662 7714/2/663 7708/2/657
f 7713/2/662 7708/2/657 7707/2/656
f 7593/2/545 7709/2/664 7715/2/670
f 7593/2/545 7715/2/670 7595/2/547
f 7709/2/664 7710/2/665 7716/2/671
f 7709/2/664 7716/2/671 7715/2/670
f 7710/2/665 7711/2/666 7717/2/672
f 7710/2/665 7717/2/672 7716/2/671
f 7596/2/548 7718/2/667 7712/2/661
f 7596/2/548 7712/2/661 7594/2/546
f 7718/2/667 7719/2/762 7713/2/662
f 7718/2/667 7713/2/662 7712/2/661
f 7719/2/762 7720/2/669 7714/2/663
f 7719/2/762 7714/2/663 7713/2/662
f 7595/2/547 7715/2/670 7721/2/676
f 7595/2/547 7721/2/676 7597/2/549
f 7715/2/670 7716/2/671 7722/2/677
f 7715/2/670 7722/2/677 7721/2/676
f 7716/2/671 7717/2/672 7723/2/678
f 7716/2/671 7723/2/678 7722/2/677
f 7598/2/550 7724/2/673 7718/2/667
f 7598/2/550 7718/2/667 7596/2/548
f 7724/2/673 7725/2/674 7719/2/762
f 7724/2/673 7719/2/762 7718/2/667
f 7725/2/674 7726/2/675 7720/2/669
f 7725/2/674 7720/2/669 7719/2/762
f 7597/2/549 7721/2/676 7727/2/682
f 7597/2/549 7727/2/682 7599/2/551
f 7721/2/676 7722/2/677 7728/2/683
f 7721/2/676 7728/2/683 7727/2/682
f 7722/2/677 7723/2/678 7729/2/684
f 7722/2/677 7729/2/684 7728/2/683
f 7600/2/552 7730/2/679 7724/2/673
f 7600/2/552 7724/2/673 7598/2/550
f 7730/2/679 7731/2/680 7725/2/674
f 7730/2/679 7725/2/674 7724/2/673
f 7731/2/680 7732/2/681 7726/2/675
f 7731/2/680 7726/2/675 7725/2/674
f 7599/2/551 7727/2/682 7733/2/688
f 7599/2/551 7733/2/688 7601/2/553
f 7727/2/682 7728/2/683 7734/2/689
f 7727/2/682 7734/2/689 7733/2/688
f 7728/2/683 7729/2/684 7735/2/690
f 7728/2/683 7735/2/690 7734/2/689
f 7602/2/554 7736/2/685 7730/2/679
f 7602/2/554 7730/2/679 7600/2/552
f 7736/2/685 7737/2/686 7731/2/680
f 7736/2/685 7731/2/680 7730/2/679
f 7737/2/686 7738/2/687 7732/2/681
f 7737/2/686 7732/2/681 7731/2/680
f 7601/2/553 7733/2/688 7739/2/694
f 7601/2/553 7739/2/694 7603/2/555
f 7733/2/688 7734/2/689 7740/2/695
f 7733/2/688 7740/2/695 7739/2/694
f 7734/2/689 7735/2/690 7741/2/696
f 7734/2/689 7741/2/696 7740/2/695
f 7604/2/556 7742/2/691 7736/2/685
f 7604/2/556 7736/2/685 7602/2/554
f 7742/2/691 7743/2/692 7737/2/686
f 7742/2/691 7737/2/686 7736/2/685
f 7743/2/692 7744/2/693 7738/2/687
f 7743/2/692 7738/2/687 7737/2/686
f 7603/2/555 7739/2/694 7745/2/700
f 7603/2/555 7745/2/700 7605/2/557
f 7739/2/694 7740/2/695 7746/2/701
f 7739/2/694 7746/2/701 7745/2/700
f 7740/2/695 7741/2/696 7747/2/702
f 7740/2/695 7747/2/702 7746/2/701
f 7606/2/558 7748/2/697 7742/2/691
f 7606/2/558 7742/2/691 7604/2/556
f 7748/2/697 7749/2/698 7743/2/692
f 7748/2/697 7743/2/692 7742/2/691
f 7749/2/698 7750/2/699 7744/2/693
f 7749/2/698 7744/2/693 7743/2/692
f 7605/2/557 7745/2/700 7751/2/706
f 7605/2/557 7751/2/706 7561/2/514
f 7745/2/700 7746/2/701 7752/2/5347
f 7745/2/700 7752/2/5347 7751/2/706
f 7746/2/701 7747/2/702 7753/2/708
f 7746/2/701 7753/2/708 7752/2/5347
f 7564/2/513 7754/2/703 7748/2/697
f 7564/2/513 7748/2/697 7606/2/558
f 7754/2/703 7755/2/5346 7749/2/698
f 7754/2/703 7749/2/698 7748/2/697
f 7755/2/5346 7756/2/705 7750/2/699
f 7755/2/5346 7750/2/699 7749/2/698
f 7561/2/514 7751/2/706 7613/2/571
f 7561/2/514 7613/2/571 7562/2/515
f 7751/2/706 7752/2/5347 7615/2/573
f 7751/2/706 7615/2/573 7613/2/571
f 7752/2/5347 7753/2/708 7617/2/575
f 7752/2/5347 7617/2/575 7615/2/573
f 7563/2/516 7620/2/566 7754/2/703
f 7563/2/516 7754/2/703 7564/2/513
f 7620/2/566 7622/2/568 7755/2/5346
f 7620/2/566 7755/2/5346 7754/2/703
f 7622/2/568 7624/2/570 7756/2/705
f 7622/2/568 7756/2/705 7755/2/5346
f 7757/2/765 7624/2/570 7623/2/569
f 7757/2/765 7623/2/569 7758/2/766
f 7758/2/766 7623/2/569 7630/2/579
f 7758/2/766 7630/2/579 7759/2/767
f 7759/2/767 7630/2/579 7636/2/585
f 7759/2/767 7636/2/585 7760/2/768
f 7760/2/768 7636/2/585 7642/2/591
f 7760/2/768 7642/2/591 7761/2/769
f 7761/2/769 7642/2/591 7648/2/597
f 7761/2/769 7648/2/597 7762/2/770
f 7762/2/770 7648/2/597 7654/2/603
f 7762/2/770 7654/2/603 7763/2/771
f 7763/2/771 7654/2/603 7660/2/609
f 7763/2/771 7660/2/609 7764/2/772
f 7764/2/772 7660/2/609 7666/2/615
f 7764/2/772 7666/2/615 7765/2/773
f 7765/2/773 7666/2/615 7672/2/621
f 7765/2/773 7672/2/621 7766/2/774
f 7766/2/774 7672/2/621 7678/2/627
f 7766/2/774 7678/2/627 7767/2/775
f 7767/2/775 7678/2/627 7684/2/633
f 7767/2/775 7684/2/633 7768/2/776
f 7768/2/776 7684/2/633 7690/2/639
f 7768/2/776 7690/2/639 7769/2/777
f 7769/2/777 7690/2/639 7696/2/645
f 7769/2/777 7696/2/645 7770/2/778
f 7770/2/778 7696/2/645 7702/2/651
f 7770/2/778 7702/2/651 7771/2/779
f 7771/2/779 7702/2/651 7708/2/657
f 7771/2/779 7708/2/657 7772/2/780
f 7772/2/780 7708/2/657 7714/2/663
f 7772/2/780 7714/2/663 7773/2/781
f 7773/2/781 7714/2/663 7720/2/669
f 7773/2/781 7720/2/669 7774/2/782
f 7774/2/782 7720/2/669 7726/2/675
f 7774/2/782 7726/2/675 7775/2/783
f 7775/2/783 7726/2/675 7732/2/681
f 7775/2/783 7732/2/681 7612/2/756
f 7612/2/756 7732/2/681 7738/2/687
f 7612/2/756 7738/2/687 7609/2/753
f 7609/2/753 7738/2/687 7744/2/693
f 7609/2/753 7744/2/693 7776/2/784
f 7776/2/784 7744/2/693 7750/2/699
f 7776/2/784 7750/2/699 7777/2/785
f 7777/2/785 7750/2/699 7756/2/705
f 7777/2/785 7756/2/705 7778/2/786
f 7778/2/786 7756/2/705 7624/2/570
f 7778/2/786 7624/2/570 7757/2/765
f 7770/2/778 7779/2/787 7780/2/788
f 7770/2/778 7780/2/788 7769/2/777
f 7763/2/771 7781/2/789 7782/2/790
f 7763/2/771 7782/2/790 7762/2/770
f 7776/2/784 7783/2/791 7610/2/5353
f 7776/2/784 7610/2/5353 7609/2/753
f 7771/2/779 7784/2/5446 7779/2/787
f 7771/2/779 7779/2/787 7770/2/778
f 7764/2/772 7785/2/793 7781/2/789
f 7764/2/772 7781/2/789 7763/2/771
f 7777/2/785 7786/2/5447 7783/2/791
f 7777/2/785 7783/2/791 7776/2/784
f 7772/2/780 7787/2/795 7784/2/5446
f 7772/2/780 7784/2/5446 7771/2/779
f 7765/2/773 7788/2/796 7785/2/793
f 7765/2/773 7785/2/793 7764/2/772
f 7778/2/786 7789/2/797 7786/2/5447
f 7778/2/786 7786/2/5447 7777/2/785
f 7758/2/766 7790/2/798 7791/2/799
f 7758/2/766 7791/2/799 7757/2/765
f 7773/2/781 7792/2/5355 7787/2/795
f 7773/2/781 7787/2/795 7772/2/780
f 7766/2/774 7793/2/801 7788/2/796
f 7766/2/774 7788/2/796 7765/2/773
f 7757/2/765 7791/2/799 7789/2/797
f 7757/2/765 7789/2/797 7778/2/786
f 7759/2/767 7794/2/802 7790/2/798
f 7759/2/767 7790/2/798 7758/2/766
f 7774/2/782 7795/2/803 7792/2/5355
f 7774/2/782 7792/2/5355 7773/2/781
f 7767/2/775 7796/2/804 7793/2/801
f 7767/2/775 7793/2/801 7766/2/774
f 7760/2/768 7797/2/805 7794/2/802
f 7760/2/768 7794/2/802 7759/2/767
f 7775/2/783 7798/2/806 7795/2/803
f 7775/2/783 7795/2/803 7774/2/782
f 7768/2/776 7799/2/807 7796/2/804
f 7768/2/776 7796/2/804 7767/2/775
f 7761/2/769 7800/2/5448 7797/2/805
f 7761/2/769 7797/2/805 7760/2/768
f 7612/2/756 7611/2/755 7798/2/806
f 7612/2/756 7798/2/806 7775/2/783
f 7769/2/777 7780/2/788 7799/2/807
f 7769/2/777 7799/2/807 7768/2/776
f 7762/2/770 7782/2/790 7800/2/5448
f 7762/2/770 7800/2/5448 7761/2/769
f 7801/2/513 7802/2/514 7803/2/515
f 7801/2/513 7803/2/515 7804/2/516
f 7805/2/517 7806/2/518 7807/2/519
f 7805/2/517 7807/2/519 7808/2/520
f 7808/2/520 7807/2/519 7809/2/521
f 7808/2/520 7809/2/521 7810/2/522
f 7810/2/522 7809/2/521 7811/2/523
f 7810/2/522 7811/2/523 7812/2/524
f 7812/2/524 7811/2/523 7813/2/525
f 7812/2/524 7813/2/525 7814/2/526
f 7814/2/526 7813/2/525 7815/2/527
f 7814/2/526 7815/2/527 7816/2/528
f 7816/2/528 7815/2/527 7817/2/529
f 7816/2/528 7817/2/529 7818/2/530
f 7818/2/530 7817/2/529 7819/2/531
f 7818/2/530 7819/2/531 7820/2/532
f 7820/2/532 7819/2/531 7821/2/533
f 7820/2/532 7821/2/533 7822/2/534
f 7822/2/534 7821/2/533 7823/2/535
f 7822/2/534 7823/2/535 7824/2/536
f 7824/2/536 7823/2/535 7825/2/537
f 7824/2/536 7825/2/537 7826/2/538
f 7826/2/538 7825/2/537 7827/2/539
f 7826/2/538 7827/2/539 7828/2/540
f 7828/2/540 7827/2/539 7829/2/541
f 7828/2/540 7829/2/541 7830/2/542
f 7830/2/542 7829/2/541 7831/2/543
f 7830/2/542 7831/2/543 7832/2/544
f 7832/2/544 7831/2/543 7833/2/545
f 7832/2/544 7833/2/545 7834/2/546
f 7834/2/546 7833/2/545 7835/2/547
f 7834/2/546 7835/2/547 7836/2/548
f 7836/2/548 7835/2/547 7837/2/549
f 7836/2/548 7837/2/549 7838/2/550
f 7838/2/550 7837/2/549 7839/2/551
f 7838/2/550 7839/2/551 7840/2/552
f 7840/2/552 7839/2/551 7841/2/553
f 7840/2/552 7841/2/553 7842/2/554
f 7842/2/554 7841/2/553 7843/2/555
f 7842/2/554 7843/2/555 7844/2/556
f 7844/2/556 7843/2/555 7845/2/557
f 7844/2/556 7845/2/557 7846/2/558
f 7846/2/558 7845/2/557 7802/2/514
f 7846/2/558 7802/2/514 7801/2/513
f 7847/2/559 7848/2/560 7806/2/518
f 7847/2/559 7806/2/518 7805/2/517
f 7849/2/561 7850/2/562 7851/2/563
f 7849/2/561 7851/2/563 7852/2/564
f 7804/2/516 7803/2/515 7848/2/560
f 7804/2/516 7848/2/560 7847/2/559
f 7804/2/516 7847/2/559 7853/2/565
f 7804/2/516 7853/2/565 7854/2/566
f 7854/2/566 7853/2/565 7855/2/567
f 7854/2/566 7855/2/567 7856/2/568
f 7856/2/568 7855/2/567 7857/2/569
f 7856/2/568 7857/2/569 7858/2/570
f 7848/2/560 7803/2/515 7859/2/571
f 7848/2/560 7859/2/571 7860/2/572
f 7860/2/572 7859/2/571 7861/2/573
f 7860/2/572 7861/2/573 7862/2/574
f 7862/2/574 7861/2/573 7863/2/575
f 7862/2/574 7863/2/575 7864/2/576
f 7847/2/559 7805/2/517 7865/2/577
f 7847/2/559 7865/2/577 7853/2/565
f 7853/2/565 7865/2/577 7866/2/578
f 7853/2/565 7866/2/578 7855/2/567
f 7855/2/567 7866/2/578 7867/2/579
f 7855/2/567 7867/2/579 7857/2/569
f 7806/2/518 7848/2/560 7860/2/572
f 7806/2/518 7860/2/572 7868/2/580
f 7868/2/580 7860/2/572 7862/2/574
f 7868/2/580 7862/2/574 7869/2/581
f 7869/2/581 7862/2/574 7864/2/576
f 7869/2/581 7864/2/576 7870/2/582
f 7805/2/517 7808/2/520 7871/2/583
f 7805/2/517 7871/2/583 7865/2/577
f 7865/2/577 7871/2/583 7872/2/584
f 7865/2/577 7872/2/584 7866/2/578
f 7866/2/578 7872/2/584 7873/2/585
f 7866/2/578 7873/2/585 7867/2/579
f 7807/2/519 7806/2/518 7868/2/580
f 7807/2/519 7868/2/580 7874/2/586
f 7874/2/586 7868/2/580 7869/2/581
f 7874/2/586 7869/2/581 7875/2/587
f 7875/2/587 7869/2/581 7870/2/582
f 7875/2/587 7870/2/582 7876/2/588
f 7808/2/520 7810/2/522 7877/2/589
f 7808/2/520 7877/2/589 7871/2/583
f 7871/2/583 7877/2/589 7878/2/590
f 7871/2/583 7878/2/590 7872/2/584
f 7872/2/584 7878/2/590 7879/2/591
f 7872/2/584 7879/2/591 7873/2/585
f 7809/2/521 7807/2/519 7874/2/586
f 7809/2/521 7874/2/586 7880/2/592
f 7880/2/592 7874/2/586 7875/2/587
f 7880/2/592 7875/2/587 7881/2/593
f 7881/2/593 7875/2/587 7876/2/588
f 7881/2/593 7876/2/588 7882/2/594
f 7810/2/522 7812/2/524 7883/2/595
f 7810/2/522 7883/2/595 7877/2/589
f 7877/2/589 7883/2/595 7884/2/596
f 7877/2/589 7884/2/596 7878/2/590
f 7878/2/590 7884/2/596 7885/2/597
f 7878/2/590 7885/2/597 7879/2/591
f 7811/2/523 7809/2/521 7880/2/592
f 7811/2/523 7880/2/592 7886/2/598
f 7886/2/598 7880/2/592 7881/2/593
f 7886/2/598 7881/2/593 7887/2/599
f 7887/2/599 7881/2/593 7882/2/594
f 7887/2/599 7882/2/594 7888/2/600
f 7812/2/524 7814/2/526 7889/2/601
f 7812/2/524 7889/2/601 7883/2/595
f 7883/2/595 7889/2/601 7890/2/602
f 7883/2/595 7890/2/602 7884/2/596
f 7884/2/596 7890/2/602 7891/2/603
f 7884/2/596 7891/2/603 7885/2/597
f 7813/2/525 7811/2/523 7886/2/598
f 7813/2/525 7886/2/598 7892/2/604
f 7892/2/604 7886/2/598 7887/2/599
f 7892/2/604 7887/2/599 7893/2/605
f 7893/2/605 7887/2/599 7888/2/600
f 7893/2/605 7888/2/600 7894/2/606
f 7814/2/526 7816/2/528 7895/2/607
f 7814/2/526 7895/2/607 7889/2/601
f 7889/2/601 7895/2/607 7896/2/761
f 7889/2/601 7896/2/761 7890/2/602
f 7890/2/602 7896/2/761 7897/2/609
f 7890/2/602 7897/2/609 7891/2/603
f 7815/2/527 7813/2/525 7892/2/604
f 7815/2/527 7892/2/604 7898/2/610
f 7898/2/610 7892/2/604 7893/2/605
f 7898/2/610 7893/2/605 7899/2/760
f 7899/2/760 7893/2/605 7894/2/606
f 7899/2/760 7894/2/606 7900/2/612
f 7816/2/528 7818/2/530 7901/2/613
f 7816/2/528 7901/2/613 7895/2/607
f 7895/2/607 7901/2/613 7902/2/614
f 7895/2/607 7902/2/614 7896/2/761
f 7896/2/761 7902/2/614 7903/2/615
f 7896/2/761 7903/2/615 7897/2/609
f 7817/2/529 7815/2/527 7898/2/610
f 7817/2/529 7898/2/610 7904/2/616
f 7904/2/616 7898/2/610 7899/2/760
f 7904/2/616 7899/2/760 7905/2/617
f 7905/2/617 7899/2/760 7900/2/612
f 7905/2/617 7900/2/612 7906/2/618
f 7818/2/530 7820/2/532 7907/2/619
f 7818/2/530 7907/2/619 7901/2/613
f 7901/2/613 7907/2/619 7908/2/620
f 7901/2/613 7908/2/620 7902/2/614
f 7902/2/614 7908/2/620 7909/2/621
f 7902/2/614 7909/2/621 7903/2/615
f 7819/2/531 7817/2/529 7904/2/616
f 7819/2/531 7904/2/616 7910/2/622
f 7910/2/622 7904/2/616 7905/2/617
f 7910/2/622 7905/2/617 7911/2/623
f 7911/2/623 7905/2/617 7906/2/618
f 7911/2/623 7906/2/618 7912/2/624
f 7820/2/532 7822/2/534 7913/2/625
f 7820/2/532 7913/2/625 7907/2/619
f 7907/2/619 7913/2/625 7914/2/626
f 7907/2/619 7914/2/626 7908/2/620
f 7908/2/620 7914/2/626 7915/2/627
f 7908/2/620 7915/2/627 7909/2/621
f 7821/2/533 7819/2/531 7910/2/622
f 7821/2/533 7910/2/622 7916/2/628
f 7916/2/628 7910/2/622 7911/2/623
f 7916/2/628 7911/2/623 7917/2/629
f 7917/2/629 7911/2/623 7912/2/624
f 7917/2/629 7912/2/624 7918/2/630
f 7822/2/534 7824/2/536 7919/2/631
f 7822/2/534 7919/2/631 7913/2/625
f 7913/2/625 7919/2/631 7920/2/632
f 7913/2/625 7920/2/632 7914/2/626
f 7914/2/626 7920/2/632 7921/2/633
f 7914/2/626 7921/2/633 7915/2/627
f 7823/2/535 7821/2/533 7916/2/628
f 7823/2/535 7916/2/628 7922/2/634
f 7922/2/634 7916/2/628 7917/2/629
f 7922/2/634 7917/2/629 7923/2/635
f 7923/2/635 7917/2/629 7918/2/630
f 7923/2/635 7918/2/630 7924/2/636
f 7824/2/536 7826/2/538 7925/2/637
f 7824/2/536 7925/2/637 7919/2/631
f 7919/2/631 7925/2/637 7926/2/638
f 7919/2/631 7926/2/638 7920/2/632
f 7920/2/632 7926/2/638 7927/2/639
f 7920/2/632 7927/2/639 7921/2/633
f 7825/2/537 7823/2/535 7922/2/634
f 7825/2/537 7922/2/634 7928/2/640
f 7928/2/640 7922/2/634 7923/2/635
f 7928/2/640 7923/2/635 7929/2/641
f 7929/2/641 7923/2/635 7924/2/636
f 7929/2/641 7924/2/636 7930/2/642
f 7826/2/538 7828/2/540 7931/2/643
f 7826/2/538 7931/2/643 7925/2/637
f 7925/2/637 7931/2/643 7932/2/644
f 7925/2/637 7932/2/644 7926/2/638
f 7926/2/638 7932/2/644 7933/2/645
f 7926/2/638 7933/2/645 7927/2/639
f 7827/2/539 7825/2/537 7928/2/640
f 7827/2/539 7928/2/640 7934/2/646
f 7934/2/646 7928/2/640 7929/2/641
f 7934/2/646 7929/2/641 7935/2/647
f 7935/2/647 7929/2/641 7930/2/642
f 7935/2/647 7930/2/642 7936/2/648
f 7828/2/540 7830/2/542 7937/2/649
f 7828/2/540 7937/2/649 7931/2/643
f 7931/2/643 7937/2/649 7938/2/650
f 7931/2/643 7938/2/650 7932/2/644
f 7932/2/644 7938/2/650 7939/2/651
f 7932/2/644 7939/2/651 7933/2/645
f 7829/2/541 7827/2/539 7934/2/646
f 7829/2/541 7934/2/646 7940/2/652
f 7940/2/652 7934/2/646 7935/2/647
f 7940/2/652 7935/2/647 7941/2/653
f 7941/2/653 7935/2/647 7936/2/648
f 7941/2/653 7936/2/648 7942/2/654
f 7830/2/542 7832/2/544 7943/2/655
f 7830/2/542 7943/2/655 7937/2/649
f 7937/2/649 7943/2/655 7944/2/656
f 7937/2/649 7944/2/656 7938/2/650
f 7938/2/650 7944/2/656 7945/2/657
f 7938/2/650 7945/2/657 7939/2/651
f 7831/2/543 7829/2/541 7940/2/652
f 7831/2/543 7940/2/652 7946/2/658
f 7946/2/658 7940/2/652 7941/2/653
f 7946/2/658 7941/2/653 7947/2/659
f 7947/2/659 7941/2/653 7942/2/654
f 7947/2/659 7942/2/654 7948/2/660
f 7832/2/544 7834/2/546 7949/2/661
f 7832/2/544 7949/2/661 7943/2/655
f 7943/2/655 7949/2/661 7950/2/662
f 7943/2/655 7950/2/662 7944/2/656
f 7944/2/656 7950/2/662 7951/2/663
f 7944/2/656 7951/2/663 7945/2/657
f 7833/2/545 7831/2/543 7946/2/658
f 7833/2/545 7946/2/658 7952/2/664
f 7952/2/664 7946/2/658 7947/2/659
f 7952/2/664 7947/2/659 7953/2/665
f 7953/2/665 7947/2/659 7948/2/660
f 7953/2/665 7948/2/660 7954/2/666
f 7834/2/546 7836/2/548 7955/2/667
f 7834/2/546 7955/2/667 7949/2/661
f 7949/2/661 7955/2/667 7956/2/668
f 7949/2/661 7956/2/668 7950/2/662
f 7950/2/662 7956/2/668 7957/2/669
f 7950/2/662 7957/2/669 7951/2/663
f 7835/2/547 7833/2/545 7952/2/664
f 7835/2/547 7952/2/664 7958/2/670
f 7958/2/670 7952/2/664 7953/2/665
f 7958/2/670 7953/2/665 7959/2/671
f 7959/2/671 7953/2/665 7954/2/666
f 7959/2/671 7954/2/666 7960/2/672
f 7836/2/548 7838/2/550 7961/2/673
f 7836/2/548 7961/2/673 7955/2/667
f 7955/2/667 7961/2/673 7962/2/674
f 7955/2/667 7962/2/674 7956/2/668
f 7956/2/668 7962/2/674 7963/2/675
f 7956/2/668 7963/2/675 7957/2/669
f 7837/2/549 7835/2/547 7958/2/670
f 7837/2/549 7958/2/670 7964/2/676
f 7964/2/676 7958/2/670 7959/2/671
f 7964/2/676 7959/2/671 7965/2/677
f 7965/2/677 7959/2/671 7960/2/672
f 7965/2/677 7960/2/672 7966/2/678
f 7838/2/550 7840/2/552 7967/2/679
f 7838/2/550 7967/2/679 7961/2/673
f 7961/2/673 7967/2/679 7968/2/764
f 7961/2/673 7968/2/764 7962/2/674
f 7962/2/674 7968/2/764 7969/2/681
f 7962/2/674 7969/2/681 7963/2/675
f 7839/2/551 7837/2/549 7964/2/676
f 7839/2/551 7964/2/676 7970/2/682
f 7970/2/682 7964/2/676 7965/2/677
f 7970/2/682 7965/2/677 7971/2/763
f 7971/2/763 7965/2/677 7966/2/678
f 7971/2/763 7966/2/678 7972/2/684
f 7840/2/552 7842/2/554 7973/2/685
f 7840/2/552 7973/2/685 7967/2/679
f 7967/2/679 7973/2/685 7974/2/686
f 7967/2/679 7974/2/686 7968/2/764
f 7968/2/764 7974/2/686 7975/2/687
f 7968/2/764 7975/2/687 7969/2/681
f 7841/2/553 7839/2/551 7970/2/682
f 7841/2/553 7970/2/682 7976/2/688
f 7976/2/688 7970/2/682 7971/2/763
f 7976/2/688 7971/2/763 7977/2/689
f 7977/2/689 7971/2/763 7972/2/684
f 7977/2/689 7972/2/684 7978/2/690
f 7842/2/554 7844/2/556 7979/2/691
f 7842/2/554 7979/2/691 7973/2/685
f 7973/2/685 7979/2/691 7980/2/692
f 7973/2/685 7980/2/692 7974/2/686
f 7974/2/686 7980/2/692 7981/2/693
f 7974/2/686 7981/2/693 7975/2/687
f 7843/2/555 7841/2/553 7976/2/688
f 7843/2/555 7976/2/688 7982/2/694
f 7982/2/694 7976/2/688 7977/2/689
f 7982/2/694 7977/2/689 7983/2/695
f 7983/2/695 7977/2/689 7978/2/690
f 7983/2/695 7978/2/690 7984/2/696
f 7844/2/556 7846/2/558 7985/2/697
f 7844/2/556 7985/2/697 7979/2/691
f 7979/2/691 7985/2/697 7986/2/698
f 7979/2/691 7986/2/698 7980/2/692
f 7980/2/692 7986/2/698 7987/2/699
f 7980/2/692 7987/2/699 7981/2/693
f 7845/2/557 7843/2/555 7982/2/694
f 7845/2/557 7982/2/694 7988/2/700
f 7988/2/700 7982/2/694 7983/2/695
f 7988/2/700 7983/2/695 7989/2/701
f 7989/2/701 7983/2/695 7984/2/696
f 7989/2/701 7984/2/696 7990/2/702
f 7846/2/558 7801/2/513 7991/2/703
f 7846/2/558 7991/2/703 7985/2/697
f 7985/2/697 7991/2/703 7992/2/5346
f 7985/2/697 7992/2/5346 7986/2/698
f 7986/2/698 7992/2/5346 7993/2/705
f 7986/2/698 7993/2/705 7987/2/699
f 7802/2/514 7845/2/557 7988/2/700
f 7802/2/514 7988/2/700 7994/2/706
f 7994/2/706 7988/2/700 7989/2/701
f 7994/2/706 7989/2/701 7995/2/707
f 7995/2/707 7989/2/701 7990/2/702
f 7995/2/707 7990/2/702 7996/2/708
f 7801/2/513 7804/2/516 7854/2/566
f 7801/2/513 7854/2/566 7991/2/703
f 7991/2/703 7854/2/566 7856/2/568
f 7991/2/703 7856/2/568 7992/2/5346
f 7992/2/5346 7856/2/568 7858/2/570
f 7992/2/5346 7858/2/570 7993/2/705
f 7803/2/515 7802/2/514 7994/2/706
f 7803/2/515 7994/2/706 7859/2/571
f 7859/2/571 7994/2/706 7995/2/707
f 7859/2/571 7995/2/707 7861/2/573
f 7861/2/573 7995/2/707 7996/2/708
f 7861/2/573 7996/2/708 7863/2/575
f 7997/2/709 7998/2/710 7864/2/576
f 7997/2/709 7864/2/576 7863/2/575
f 7998/2/710 7999/2/711 7870/2/582
f 7998/2/710 7870/2/582 7864/2/576
f 7999/2/711 8000/2/712 7876/2/588
f 7999/2/711 7876/2/588 7870/2/582
f 8000/2/712 8001/2/713 7882/2/594
f 8000/2/712 7882/2/594 7876/2/588
f 8001/2/713 8002/2/714 7888/2/600
f 8001/2/713 7888/2/600 7882/2/594
f 8002/2/714 8003/2/715 7894/2/606
f 8002/2/714 7894/2/606 7888/2/600
f 8003/2/715 8004/2/716 7900/2/612
f 8003/2/715 7900/2/612 7894/2/606
f 8004/2/716 8005/2/717 7906/2/618
f 8004/2/716 7906/2/618 7900/2/612
f 8005/2/717 8006/2/718 7912/2/624
f 8005/2/717 7912/2/624 7906/2/618
f 8006/2/718 8007/2/719 7918/2/630
f 8006/2/718 7918/2/630 7912/2/624
f 8007/2/719 8008/2/720 7924/2/636
f 8007/2/719 7924/2/636 7918/2/630
f 8008/2/720 8009/2/721 7930/2/642
f 8008/2/720 7930/2/642 7924/2/636
f 8009/2/721 8010/2/722 7936/2/648
f 8009/2/721 7936/2/648 7930/2/642
f 8010/2/722 8011/2/723 7942/2/654
f 8010/2/722 7942/2/654 7936/2/648
f 8011/2/723 8012/2/724 7948/2/660
f 8011/2/723 7948/2/660 7942/2/654
f 8012/2/724 8013/2/725 7954/2/666
f 8012/2/724 7954/2/666 7948/2/660
f 8013/2/725 8014/2/726 7960/2/672
f 8013/2/725 7960/2/672 7954/2/666
f 8014/2/726 8015/2/727 7966/2/678
f 8014/2/726 7966/2/678 7960/2/672
f 8015/2/727 7850/2/562 7972/2/684
f 8015/2/727 7972/2/684 7966/2/678
f 7850/2/562 7849/2/561 7978/2/690
f 7850/2/562 7978/2/690 7972/2/684
f 7849/2/561 8016/2/728 7984/2/696
f 7849/2/561 7984/2/696 7978/2/690
f 8016/2/728 8017/2/729 7990/2/702
f 8016/2/728 7990/2/702 7984/2/696
f 8017/2/729 8018/2/730 7996/2/708
f 8017/2/729 7996/2/708 7990/2/702
f 8018/2/730 7997/2/709 7863/2/575
f 8018/2/730 7863/2/575 7996/2/708
f 8010/2/722 8009/2/721 8019/2/731
f 8010/2/722 8019/2/731 8020/2/732
f 8003/2/715 8002/2/714 8021/2/733
f 8003/2/715 8021/2/733 8022/2/734
f 8016/2/728 7849/2/561 7852/2/564
f 8016/2/728 7852/2/564 8023/2/735
f 8011/2/723 8010/2/722 8020/2/732
f 8011/2/723 8020/2/732 8024/2/736
f 8004/2/716 8003/2/715 8022/2/734
f 8004/2/716 8022/2/734 8025/2/737
f 8017/2/729 8016/2/728 8023/2/735
f 8017/2/729 8023/2/735 8026/2/738
f 8012/2/724 8011/2/723 8024/2/736
f 8012/2/724 8024/2/736 8027/2/739
f 8005/2/717 8004/2/716 8025/2/737
f 8005/2/717 8025/2/737 8028/2/740
f 8018/2/730 8017/2/729 8026/2/738
f 8018/2/730 8026/2/738 8029/2/741
f 7998/2/710 7997/2/709 8030/2/742
f 7998/2/710 8030/2/742 8031/2/743
f 8013/2/725 8012/2/724 8027/2/739
f 8013/2/725 8027/2/739 8032/2/5349
f 8006/2/718 8005/2/717 8028/2/740
f 8006/2/718 8028/2/740 8033/2/5350
f 7997/2/709 8018/2/730 8029/2/741
f 7997/2/709 8029/2/741 8030/2/742
f 7999/2/711 7998/2/710 8031/2/743
f 7999/2/711 8031/2/743 8034/2/746
f 8014/2/726 8013/2/725 8032/2/5349
f 8014/2/726 8032/2/5349 8035/2/747
f 8007/2/719 8006/2/718 8033/2/5350
f 8007/2/719 8033/2/5350 8036/2/5351
f 8000/2/712 7999/2/711 8034/2/746
f 8000/2/712 8034/2/746 8037/2/749
f 8015/2/727 8014/2/726 8035/2/747
f 8015/2/727 8035/2/747 8038/2/750
f 8008/2/720 8007/2/719 8036/2/5351
f 8008/2/720 8036/2/5351 8039/2/751
f 8001/2/713 8000/2/712 8037/2/749
f 8001/2/713 8037/2/749 8040/2/752
f 7850/2/562 8015/2/727 8038/2/750
f 7850/2/562 8038/2/750 7851/2/563
f 8009/2/721 8008/2/720 8039/2/751
f 8009/2/721 8039/2/751 8019/2/731
f 8002/2/714 8001/2/713 8040/2/752
f 8002/2/714 8040/2/752 8021/2/733
f 8041/3/810 8042/3/811 8043/3/812
f 8041/3/810 8043/3/812 8044/3/5449
f 8042/3/811 8045/3/813 8046/3/814
f 8042/3/811 8046/3/814 8043/3/812
f 8045/3/813 8047/3/815 8048/3/816
f 8045/3/813 8048/3/816 8046/3/814
f 8047/3/815 8049/3/817 8050/3/818
f 8047/3/815 8050/3/818 8048/3/816
f 8049/3/817 8051/3/819 8052/3/820
f 8049/3/817 8052/3/820 8050/3/818
f 8051/3/819 8053/3/821 8054/3/822
f 8051/3/819 8054/3/822 8052/3/820
f 8053/3/821 8055/3/823 8056/3/824
f 8053/3/821 8056/3/824 8054/3/822
f 8055/3/823 8057/3/825 8058/3/826
f 8055/3/823 8058/3/826 8056/3/824
f 8057/3/825 8059/3/827 8060/3/828
f 8057/3/825 8060/3/828 8058/3/826
f 8059/3/827 8061/3/829 8062/3/830
f 8059/3/827 8062/3/830 8060/3/828
f 8061/3/829 8063/3/831 8064/3/832
f 8061/3/829 8064/3/832 8062/3/830
f 8063/3/831 8065/3/5356 8066/3/834
f 8063/3/831 8066/3/834 8064/3/832
f 8065/3/5356 8067/3/835 8068/3/836
f 8065/3/5356 8068/3/836 8066/3/834
f 8067/3/835 8069/3/837 8070/3/838
f 8067/3/835 8070/3/838 8068/3/836
f 8069/3/837 8071/3/839 8072/3/840
f 8069/3/837 8072/3/840 8070/3/838
f 8071/3/839 8073/3/841 8074/3/842
f 8071/3/839 8074/3/842 8072/3/840
f 8073/3/841 8075/3/843 8076/3/844
f 8073/3/841 8076/3/844 8074/3/842
f 8075/3/843 8077/3/845 8078/3/846
f 8075/3/843 8078/3/846 8076/3/844
f 8077/3/845 8079/3/5357 8080/3/5358
f 8077/3/845 8080/3/5358 8078/3/846
f 8079/3/5357 8081/3/849 8082/3/850
f 8079/3/5357 8082/3/850 8080/3/5358
f 8081/3/849 8083/3/851 8084/3/852
f 8081/3/849 8084/3/852 8082/3/850
f 8083/3/851 8085/3/853 8086/3/854
f 8083/3/851 8086/3/854 8084/3/852
f 8085/3/853 8087/3/855 8088/3/856
f 8085/3/853 8088/3/856 8086/3/854
f 8087/3/855 8041/3/810 8044/3/5449
f 8087/3/855 8044/3/5449 8088/3/856
f 8089/3/880 8090/3/878 8091/3/877
f 8089/3/880 8091/3/877 8092/3/879
f 8090/3/878 8093/3/876 8094/3/875
f 8090/3/878 8094/3/875 8091/3/877
f 8093/3/876 8095/3/874 8096/3/873
f 8093/3/876 8096/3/873 8094/3/875
f 8095/3/874 8097/3/872 8098/3/871
f 8095/3/874 8098/3/871 8096/3/873
f 8097/3/872 8099/3/870 8100/3/869
f 8097/3/872 8100/3/869 8098/3/871
f 8099/3/870 8101/3/480 8102/3/868
f 8099/3/870 8102/3/868 8100/3/869
f 8101/3/480 8103/3/867 8104/3/866
f 8101/3/480 8104/3/866 8102/3/868
f 8103/3/867 8105/3/865 8106/3/864
f 8103/3/867 8106/3/864 8104/3/866
f 8105/3/865 8107/3/863 8108/3/862
f 8105/3/865 8108/3/862 8106/3/864
f 8107/3/863 8109/3/861 8110/3/860
f 8107/3/863 8110/3/860 8108/3/862
f 8109/3/861 8111/3/859 8112/3/858
f 8109/3/861 8112/3/858 8110/3/860
f 8111/3/859 8113/3/128 8114/3/857
f 8111/3/859 8114/3/857 8112/3/858
f 8113/3/128 8115/3/901 8116/3/900
f 8113/3/128 8116/3/900 8114/3/857
f 8115/3/901 8117/3/899 8118/3/898
f 8115/3/901 8118/3/898 8116/3/900
f 8117/3/899 8119/3/897 8120/3/896
f 8117/3/899 8120/3/896 8118/3/898
f 8119/3/897 8121/3/895 8122/3/894
f 8119/3/897 8122/3/894 8120/3/896
f 8121/3/895 8123/3/893 8124/3/892
f 8121/3/895 8124/3/892 8122/3/894
f 8123/3/893 8125/3/447 8126/3/891
f 8123/3/893 8126/3/891 8124/3/892
f 8125/3/447 8127/3/890 8128/3/889
f 8125/3/447 8128/3/889 8126/3/891
f 8127/3/890 8129/3/888 8130/3/887
f 8127/3/890 8130/3/887 8128/3/889
f 8129/3/888 8131/3/886 8132/3/885
f 8129/3/888 8132/3/885 8130/3/887
f 8131/3/886 8133/3/884 8134/3/883
f 8131/3/886 8134/3/883 8132/3/885
f 8133/3/884 8135/3/882 8136/3/881
f 8133/3/884 8136/3/881 8134/3/883
f 8135/3/882 8089/3/880 8092/3/879
f 8135/3/882 8092/3/879 8136/3/881
f 8137/3/480 8138/3/5450 8139/3/5451
f 8137/3/480 8139/3/5451 8140/3/5452
f 8138/3/5450 8141/3/5453 8142/3/5454
f 8138/3/5450 8142/3/5454 8139/3/5451
f 8141/3/5453 8143/3/5455 8144/3/5456
f 8141/3/5453 8144/3/5456 8142/3/5454
f 8143/3/5455 8145/3/5457 8146/3/5458
f 8143/3/5455 8146/3/5458 8144/3/5456
f 8145/3/5457 8147/3/5459 8148/3/5460
f 8145/3/5457 8148/3/5460 8146/3/5458
f 8147/3/5459 8149/3/5461 8150/3/5462
f 8147/3/5459 8150/3/5462 8148/3/5460
f 8149/3/5461 8151/3/5463 8152/3/5464
f 8149/3/5461 8152/3/5464 8150/3/5462
f 8151/3/5463 8153/3/5465 8154/3/5466
f 8151/3/5463 8154/3/5466 8152/3/5464
f 8153/3/5465 8155/3/5467 8156/3/5468
f 8153/3/5465 8156/3/5468 8154/3/5466
f 8155/3/5467 8157/3/5469 8158/3/5470
f 8155/3/5467 8158/3/5470 8156/3/5468
f 8157/3/5469 8159/3/5471 8160/3/5472
f 8157/3/5469 8160/3/5472 8158/3/5470
f 8159/3/5471 8161/3/447 8162/3/5473
f 8159/3/5471 8162/3/5473 8160/3/5472
f 8161/3/447 8163/3/5474 8164/3/5475
f 8161/3/447 8164/3/5475 8162/3/5473
f 8163/3/5474 8165/3/5476 8166/3/5477
f 8163/3/5474 8166/3/5477 8164/3/5475
f 8165/3/5476 8167/3/5478 8168/3/5479
f 8165/3/5476 8168/3/5479 8166/3/5477
f 8167/3/5478 8169/3/5480 8170/3/5481
f 8167/3/5478 8170/3/5481 8168/3/5479
f 8169/3/5480 8171/3/5482 8172/3/5483
f 8169/3/5480 8172/3/5483 8170/3/5481
f 8171/3/5482 8173/3/5484 8174/3/5485
f 8171/3/5482 8174/3/5485 8172/3/5483
f 8173/3/5484 8175/3/5486 8176/3/5487
f 8173/3/5484 8176/3/5487 8174/3/5485
f 8175/3/5486 8177/3/5488 8178/3/5489
f 8175/3/5486 8178/3/5489 8176/3/5487
f 8177/3/5488 8179/3/5490 8180/3/5491
f 8177/3/5488 8180/3/5491 8178/3/5489
f 8179/3/5490 8181/3/5492 8182/3/5493
f 8179/3/5490 8182/3/5493 8180/3/5491
f 8181/3/5492 8183/3/5494 8184/3/5495
f 8181/3/5492 8184/3/5495 8182/3/5493
f 8183/3/5494 8137/3/480 8140/3/5452
f 8183/3/5494 8140/3/5452 8184/3/5495
f 8185/1/5494 8186/1/5496 8187/1/5497
f 8185/1/5494 8187/1/5497 8188/1/480
f 8189/1/5450 8190/1/5498 8191/1/5499
f 8189/1/5450 8191/1/5499 8192/1/5453
f 8193/1/5461 8194/1/5500 8195/1/5501
f 8193/1/5461 8195/1/5501 8196/1/5463
f 8197/1/5471 8198/1/5502 8199/1/5503
f 8197/1/5471 8199/1/5503 8200/1/447
f 8201/1/5480 8202/1/5504 8203/1/5505
f 8201/1/5480 8203/1/5505 8204/1/5482
f 8205/1/5490 8206/1/5506 8207/1/5507
f 8205/1/5490 8207/1/5507 8208/1/5508
f 8209/1/5457 8210/1/5509 8211/1/5510
f 8209/1/5457 8211/1/5510 8212/1/5459
f 8213/1/5467 8214/1/5511 8215/1/5512
f 8213/1/5467 8215/1/5512 8216/1/5469
f 8217/1/5513 8218/1/5514 8219/1/5515
f 8217/1/5513 8219/1/5515 8220/1/5478
f 8221/1/5486 8222/1/5516 8223/1/5517
f 8221/1/5486 8223/1/5517 8224/1/5488
f 8192/1/5453 8191/1/5499 8225/1/5518
f 8192/1/5453 8225/1/5518 8226/1/5455
f 8196/1/5463 8195/1/5501 8227/1/5519
f 8196/1/5463 8227/1/5519 8228/1/5465
f 8188/1/480 8187/1/5497 8190/1/5498
f 8188/1/480 8190/1/5498 8189/1/5450
f 8200/1/447 8199/1/5503 8229/1/5520
f 8200/1/447 8229/1/5520 8230/1/5474
f 8204/1/5482 8203/1/5505 8231/1/5521
f 8204/1/5482 8231/1/5521 8232/1/5484
f 8208/1/5508 8207/1/5507 8186/1/5496
f 8208/1/5508 8186/1/5496 8185/1/5494
f 8212/1/5459 8211/1/5510 8194/1/5500
f 8212/1/5459 8194/1/5500 8193/1/5461
f 8216/1/5469 8215/1/5512 8198/1/5502
f 8216/1/5469 8198/1/5502 8197/1/5471
f 8220/1/5478 8219/1/5515 8202/1/5504
f 8220/1/5478 8202/1/5504 8201/1/5480
f 8224/1/5488 8223/1/5517 8206/1/5506
f 8224/1/5488 8206/1/5506 8205/1/5490
f 8226/1/5455 8225/1/5518 8210/1/5509
f 8226/1/5455 8210/1/5509 8209/1/5457
f 8228/1/5465 8227/1/5519 8214/1/5511
f 8228/1/5465 8214/1/5511 8213/1/5467
f 8230/1/5474 8229/1/5520 8218/1/5514
f 8230/1/5474 8218/1/5514 8217/1/5513
f 8232/1/5484 8231/1/5521 8222/1/5516
f 8232/1/5484 8222/1/5516 8221/1/5486
f 8233/1/959 8234/1/960 8235/1/880
f 8233/1/959 8235/1/880 8236/1/882
f 8237/1/5438 8233/1/959 8236/1/882
f 8237/1/5438 8236/1/882 8238/1/884
f 8239/1/5437 8237/1/5438 8238/1/884
f 8239/1/5437 8238/1/884 8240/1/886
f 8241/1/5522 8239/1/5437 8240/1/886
f 8241/1/5522 8240/1/886 8242/1/888
f 8243/1/955 8241/1/5522 8242/1/888
f 8243/1/955 8242/1/888 8244/1/890
f 8245/1/954 8243/1/955 8244/1/890
f 8245/1/954 8244/1/890 8246/1/447
f 8247/1/5523 8245/1/954 8246/1/447
f 8247/1/5523 8246/1/447 8248/1/893
f 8249/1/5524 8247/1/5523 8248/1/893
f 8249/1/5524 8248/1/893 8250/1/895
f 8251/1/951 8249/1/5524 8250/1/895
f 8251/1/951 8250/1/895 8252/1/897
f 8253/1/950 8251/1/951 8252/1/897
f 8253/1/950 8252/1/897 8254/1/899
f 8255/1/5525 8253/1/950 8254/1/899
f 8255/1/5525 8254/1/899 8256/1/901
f 8257/1/949 8255/1/5525 8256/1/901
f 8257/1/949 8256/1/901 8258/1/128
f 8259/1/5526 8257/1/949 8258/1/128
f 8259/1/5526 8258/1/128 8260/1/859
f 8261/1/5527 8259/1/5526 8260/1/859
f 8261/1/5527 8260/1/859 8262/1/861
f 8263/1/5528 8261/1/5527 8262/1/861
f 8263/1/5528 8262/1/861 8264/1/863
f 8265/1/5529 8263/1/5528 8264/1/863
f 8265/1/5529 8264/1/863 8266/1/865
f 8267/1/967 8265/1/5529 8266/1/865
f 8267/1/967 8266/1/865 8268/1/867
f 8269/1/966 8267/1/967 8268/1/867
f 8269/1/966 8268/1/867 8270/1/480
f 8271/1/5530 8269/1/966 8270/1/480
f 8271/1/5530 8270/1/480 8272/1/870
f 8273/1/5531 8271/1/5530 8272/1/870
f 8273/1/5531 8272/1/870 8274/1/872
f 8275/1/963 8273/1/5531 8274/1/872
f 8275/1/963 8274/1/872 8276/1/874
f 8277/1/5532 8275/1/963 8276/1/874
f 8277/1/5532 8276/1/874 8278/1/876
f 8279/1/5439 8277/1/5532 8278/1/876
f 8279/1/5439 8278/1/876 8280/1/878
f 8234/1/960 8279/1/5439 8280/1/878
f 8234/1/960 8280/1/878 8235/1/880
f 8281/3/5533 8282/3/5534 8283/3/5535
f 8281/3/5533 8283/3/5535 8284/3/5536
f 8284/3/5536 8283/3/5535 8285/3/5537
f 8284/3/5536 8285/3/5537 8286/3/5538
f 8287/3/5539 8288/3/5540 8289/3/5541
f 8287/3/5539 8289/3/5541 8290/3/5542
f 8291/3/5543 8292/3/5544 8281/3/5533
f 8291/3/5543 8281/3/5533 8293/3/5545
f 8294/3/5546 8295/3/5547 8296/3/5548
f 8294/3/5546 8296/3/5548 8297/3/5549
f 8298/1/5550 8299/1/5551 8300/1/5552
f 8298/1/5550 8300/1/5552 8301/1/5553
f 8282/3/5534 8302/3/5554 8303/3/5555
f 8282/3/5534 8303/3/5555 8283/3/5535
f 8283/3/5535 8303/3/5555 8304/3/5556
f 8283/3/5535 8304/3/5556 8285/3/5537
f 8305/3/5557 8306/3/5558 8307/3/5559
f 8305/3/5557 8307/3/5559 8308/3/5560
f 8309/3/5561 8284/3/5536 8286/3/5538
f 8309/3/5561 8286/3/5538 8310/3/5562
f 8293/3/5545 8281/3/5533 8284/3/5536
f 8293/3/5545 8284/3/5536 8309/3/5561
f 8311/1/5563 8312/1/5564 8313/1/5565
f 8311/1/5563 8313/1/5565 8314/1/5566
f 8308/3/5560 8307/3/5559 8315/3/5567
f 8308/3/5560 8315/3/5567 8316/3/5568
f 8317/3/5569 8306/3/5558 8305/3/5557
f 8317/3/5569 8305/3/5557 8318/3/5570
f 8319/3/5571 8318/3/5570 8305/3/5557
f 8319/3/5571 8305/3/5557 8320/3/5572
f 8316/3/5568 8315/3/5567 8321/3/5573
f 8316/3/5568 8321/3/5573 8322/3/5574
f 8317/3/5569 8323/3/5575 8324/3/5576
f 8317/3/5569 8324/3/5576 8306/3/5558
f 8306/3/5558 8324/3/5576 8325/3/5577
f 8306/3/5558 8325/3/5577 8307/3/5559
f 8307/3/5559 8325/3/5577 8326/3/5578
f 8307/3/5559 8326/3/5578 8315/3/5567
f 8315/3/5567 8326/3/5578 8327/3/5579
f 8315/3/5567 8327/3/5579 8321/3/5573
f 8328/3/5580 8329/3/5581 8330/3/5582
f 8328/3/5580 8330/3/5582 8331/3/5583
f 8332/3/5584 8316/3/5568 8322/3/5574
f 8332/3/5584 8322/3/5574 8333/3/5585
f 8334/3/5586 8308/3/5560 8316/3/5568
f 8334/3/5586 8316/3/5568 8332/3/5584
f 8320/3/5572 8305/3/5557 8308/3/5560
f 8320/3/5572 8308/3/5560 8334/3/5586
f 8335/1/5587 8311/1/5563 8314/1/5566
f 8335/1/5587 8314/1/5566 8336/1/5588
f 8337/1/5589 8338/1/5590 8339/1/5591
f 8337/1/5589 8339/1/5591 8340/1/5592
f 8341/3/5593 8342/3/5594 8343/3/5595
f 8341/3/5593 8343/3/5595 8344/3/5596
f 8342/3/5594 8345/3/5597 8346/3/5598
f 8342/3/5594 8346/3/5598 8343/3/5595
f 8347/3/5599 8348/3/5600 8349/3/5601
f 8347/3/5599 8349/3/5601 8350/3/5602
f 8351/3/5603 8352/3/5604 8342/3/5594
f 8351/3/5603 8342/3/5594 8341/3/5593
f 8352/3/5604 8353/3/5605 8345/3/5597
f 8352/3/5604 8345/3/5597 8342/3/5594
f 8312/1/5564 8354/1/5606 8355/1/5607
f 8312/1/5564 8355/1/5607 8313/1/5565
f 8345/3/5597 8293/3/5545 8309/3/5561
f 8345/3/5597 8309/3/5561 8346/3/5598
f 8346/3/5598 8309/3/5561 8310/3/5562
f 8346/3/5598 8310/3/5562 8356/3/5608
f 8343/3/5595 8346/3/5598 8356/3/5608
f 8343/3/5595 8356/3/5608 8357/3/5609
f 8344/3/5596 8343/3/5595 8357/3/5609
f 8344/3/5596 8357/3/5609 8358/3/5610
f 8359/3/5611 8344/3/5596 8358/3/5610
f 8359/3/5611 8358/3/5610 8319/3/5571
f 8349/3/5601 8341/3/5593 8344/3/5596
f 8349/3/5601 8344/3/5596 8359/3/5611
f 8292/3/5544 8360/3/5612 8282/3/5534
f 8292/3/5544 8282/3/5534 8281/3/5533
f 8361/3/5613 8287/3/5539 8290/3/5542
f 8361/3/5613 8290/3/5542 8362/3/5614
f 8363/3/5615 8364/3/5616 8365/3/5617
f 8363/3/5615 8365/3/5617 8366/3/5618
f 8367/3/5619 8368/3/5620 8369/3/5621
f 8367/3/5619 8369/3/5621 8370/3/5622
f 8368/3/5620 8371/3/5623 8372/3/5624
f 8368/3/5620 8372/3/5624 8369/3/5621
f 8373/3/5625 8374/3/5626 8375/3/5627
f 8373/3/5625 8375/3/5627 8376/3/5628
f 8377/3/5629 8378/3/5630 8379/3/5631
f 8377/3/5629 8379/3/5631 8380/3/5632
f 8381/3/5633 8362/3/5614 8368/3/5620
f 8381/3/5633 8368/3/5620 8367/3/5619
f 8362/3/5614 8290/3/5542 8371/3/5623
f 8362/3/5614 8371/3/5623 8368/3/5620
f 8290/3/5542 8289/3/5541 8382/3/5634
f 8290/3/5542 8382/3/5634 8371/3/5623
f 8371/3/5623 8382/3/5634 8383/3/5635
f 8371/3/5623 8383/3/5635 8372/3/5624
f 8372/3/5624 8383/3/5635 8327/3/5579
f 8372/3/5624 8327/3/5579 8326/3/5578
f 8369/3/5621 8372/3/5624 8326/3/5578
f 8369/3/5621 8326/3/5578 8325/3/5577
f 8370/3/5622 8369/3/5621 8325/3/5577
f 8370/3/5622 8325/3/5577 8324/3/5576
f 8384/3/5636 8370/3/5622 8324/3/5576
f 8384/3/5636 8324/3/5576 8323/3/5575
f 8379/3/5631 8367/3/5619 8370/3/5622
f 8379/3/5631 8370/3/5622 8384/3/5636
f 8385/1/5637 8386/1/5638 8387/1/5639
f 8385/1/5637 8387/1/5639 8388/1/5640
f 8331/3/5583 8330/3/5582 8389/3/5641
f 8331/3/5583 8389/3/5641 8390/3/5642
f 8390/3/5642 8389/3/5641 8391/3/5643
f 8390/3/5642 8391/3/5643 8392/3/5644
f 8393/1/5645 8337/1/5589 8340/1/5592
f 8393/1/5645 8340/1/5592 8394/1/5646
f 8395/3/5647 8396/3/5648 8328/3/5580
f 8395/3/5647 8328/3/5580 8397/3/5649
f 8398/3/5650 8399/3/5651 8400/3/5652
f 8398/3/5650 8400/3/5652 8401/3/5653
f 8329/3/5581 8288/3/5540 8402/3/5654
f 8329/3/5581 8402/3/5654 8330/3/5582
f 8330/3/5582 8402/3/5654 8403/3/5655
f 8330/3/5582 8403/3/5655 8389/3/5641
f 8389/3/5641 8403/3/5655 8404/3/5656
f 8389/3/5641 8404/3/5656 8391/3/5643
f 8405/3/5657 8406/3/5658 8407/3/5659
f 8405/3/5657 8407/3/5659 8408/3/5660
f 8409/3/5661 8390/3/5642 8392/3/5644
f 8409/3/5661 8392/3/5644 8410/3/5662
f 8411/3/5663 8331/3/5583 8390/3/5642
f 8411/3/5663 8390/3/5642 8409/3/5661
f 8397/3/5649 8328/3/5580 8331/3/5583
f 8397/3/5649 8331/3/5583 8411/3/5663
f 8408/3/5660 8407/3/5659 8412/3/5664
f 8408/3/5660 8412/3/5664 8396/3/5648
f 8322/3/5574 8321/3/5573 8406/3/5658
f 8322/3/5574 8406/3/5658 8405/3/5657
f 8333/3/5585 8322/3/5574 8405/3/5657
f 8333/3/5585 8405/3/5657 8413/3/5665
f 8396/3/5648 8412/3/5664 8329/3/5581
f 8396/3/5648 8329/3/5581 8328/3/5580
f 8321/3/5573 8327/3/5579 8383/3/5635
f 8321/3/5573 8383/3/5635 8406/3/5658
f 8406/3/5658 8383/3/5635 8382/3/5634
f 8406/3/5658 8382/3/5634 8407/3/5659
f 8407/3/5659 8382/3/5634 8289/3/5541
f 8407/3/5659 8289/3/5541 8412/3/5664
f 8414/3/5666 8408/3/5660 8396/3/5648
f 8414/3/5666 8396/3/5648 8395/3/5647
f 8413/3/5665 8405/3/5657 8408/3/5660
f 8413/3/5665 8408/3/5660 8414/3/5666
f 8364/3/5616 8415/3/5667 8416/3/5668
f 8364/3/5616 8416/3/5668 8365/3/5617
f 8417/1/5669 8418/1/5670 8338/1/5590
f 8417/1/5669 8338/1/5590 8337/1/5589
f 8419/3/5671 8420/3/5672 8287/3/5539
f 8419/3/5671 8287/3/5539 8361/3/5613
f 8421/3/5673 8422/3/5674 8423/3/5675
f 8421/3/5673 8423/3/5675 8424/3/5676
f 8425/1/5677 8426/1/5678 8427/1/5679
f 8425/1/5677 8427/1/5679 8428/1/5680
f 8429/1/5681 8430/1/5682 8418/1/5670
f 8429/1/5681 8418/1/5670 8417/1/5669
f 8365/3/5617 8416/3/5668 8420/3/5672
f 8365/3/5617 8420/3/5672 8419/3/5671
f 8415/3/5667 8404/3/5656 8403/3/5655
f 8415/3/5667 8403/3/5655 8416/3/5668
f 8416/3/5668 8403/3/5655 8402/3/5654
f 8416/3/5668 8402/3/5654 8420/3/5672
f 8420/3/5672 8402/3/5654 8288/3/5540
f 8420/3/5672 8288/3/5540 8287/3/5539
f 8427/1/5679 8417/1/5669 8337/1/5589
f 8427/1/5679 8337/1/5589 8393/1/5645
f 8393/1/5645 8394/1/5646 8431/1/5683
f 8393/1/5645 8431/1/5683 8432/1/5684
f 8422/3/5674 8433/3/5685 8434/3/5686
f 8422/3/5674 8434/3/5686 8423/3/5675
f 8435/3/5687 8436/3/5688 8437/3/5689
f 8435/3/5687 8437/3/5689 8438/3/5690
f 8439/1/5691 8440/1/5692 8335/1/5587
f 8439/1/5691 8335/1/5587 8441/1/5693
f 8440/1/5692 8442/1/5694 8311/1/5563
f 8440/1/5692 8311/1/5563 8335/1/5587
f 8443/1/5695 8444/1/5696 8445/1/5697
f 8443/1/5695 8445/1/5697 8446/1/5698
f 8447/1/5699 8448/1/5700 8440/1/5692
f 8447/1/5699 8440/1/5692 8439/1/5691
f 8448/1/5700 8449/1/5701 8442/1/5694
f 8448/1/5700 8442/1/5694 8440/1/5692
f 8450/3/5702 8451/3/5703 8452/3/5704
f 8450/3/5702 8452/3/5704 8453/3/5705
f 8454/3/5706 8438/3/5690 8437/3/5689
f 8454/3/5706 8437/3/5689 8455/3/5707
f 8442/1/5694 8456/1/5708 8312/1/5564
f 8442/1/5694 8312/1/5564 8311/1/5563
f 8445/1/5697 8439/1/5691 8441/1/5693
f 8445/1/5697 8441/1/5693 8385/1/5637
f 8457/3/5709 8458/3/5710 8459/3/5711
f 8457/3/5709 8459/3/5711 8460/3/5712
f 8461/1/5713 8462/1/5714 8463/1/5715
f 8461/1/5713 8463/1/5715 8354/1/5606
f 8464/1/5716 8465/1/5717 8462/1/5714
f 8464/1/5716 8462/1/5714 8461/1/5713
f 8433/3/5685 8454/3/5706 8455/3/5707
f 8433/3/5685 8455/3/5707 8434/3/5686
f 8441/1/5693 8335/1/5587 8336/1/5588
f 8441/1/5693 8336/1/5588 8466/1/5718
f 8467/1/5719 8468/1/5720 8469/1/5721
f 8467/1/5719 8469/1/5721 8470/1/5722
f 8435/3/5687 8450/3/5702 8453/3/5705
f 8435/3/5687 8453/3/5705 8436/3/5688
f 8462/1/5714 8470/1/5722 8301/1/5553
f 8462/1/5714 8301/1/5553 8463/1/5715
f 8456/1/5708 8461/1/5713 8354/1/5606
f 8456/1/5708 8354/1/5606 8312/1/5564
f 8449/1/5701 8471/1/5723 8456/1/5708
f 8449/1/5701 8456/1/5708 8442/1/5694
f 8399/3/5651 8373/3/5625 8376/3/5628
f 8399/3/5651 8376/3/5628 8400/3/5652
f 8401/3/5653 8400/3/5652 8472/3/5724
f 8401/3/5653 8472/3/5724 8473/3/5725
f 8474/1/5726 8446/1/5698 8388/1/5640
f 8474/1/5726 8388/1/5640 8475/1/5727
f 8476/3/5728 8477/3/5729 8478/3/5730
f 8476/3/5728 8478/3/5730 8479/3/5731
f 8410/3/5662 8398/3/5650 8401/3/5653
f 8410/3/5662 8401/3/5653 8409/3/5661
f 8480/1/5732 8443/1/5695 8446/1/5698
f 8480/1/5732 8446/1/5698 8474/1/5726
f 8473/3/5725 8472/3/5724 8476/3/5728
f 8473/3/5725 8476/3/5728 8479/3/5731
f 8374/3/5626 8421/3/5673 8424/3/5676
f 8374/3/5626 8424/3/5676 8375/3/5627
f 8444/1/5696 8447/1/5699 8439/1/5691
f 8444/1/5696 8439/1/5691 8445/1/5697
f 8446/1/5698 8445/1/5697 8385/1/5637
f 8446/1/5698 8385/1/5637 8388/1/5640
f 8451/3/5703 8481/3/5733 8482/3/5734
f 8451/3/5703 8482/3/5734 8452/3/5704
f 8388/1/5640 8387/1/5639 8483/1/5735
f 8388/1/5640 8483/1/5735 8475/1/5727
f 8479/3/5731 8478/3/5730 8395/3/5647
f 8479/3/5731 8395/3/5647 8397/3/5649
f 8471/1/5723 8464/1/5716 8461/1/5713
f 8471/1/5723 8461/1/5713 8456/1/5708
f 8411/3/5663 8473/3/5725 8479/3/5731
f 8411/3/5663 8479/3/5731 8397/3/5649
f 8409/3/5661 8401/3/5653 8473/3/5725
f 8409/3/5661 8473/3/5725 8411/3/5663
f 8481/3/5733 8457/3/5709 8460/3/5712
f 8481/3/5733 8460/3/5712 8482/3/5734
f 8484/3/5736 8485/3/5737 8486/3/5738
f 8484/3/5736 8486/3/5738 8487/3/5739
f 8469/1/5721 8488/1/5740 8489/1/5741
f 8469/1/5721 8489/1/5741 8298/1/5550
f 8488/1/5740 8428/1/5680 8432/1/5684
f 8488/1/5740 8432/1/5684 8489/1/5741
f 8465/1/5717 8467/1/5719 8470/1/5722
f 8465/1/5717 8470/1/5722 8462/1/5714
f 8468/1/5720 8490/1/5742 8488/1/5740
f 8468/1/5720 8488/1/5740 8469/1/5721
f 8490/1/5742 8425/1/5677 8428/1/5680
f 8490/1/5742 8428/1/5680 8488/1/5740
f 8458/3/5710 8363/3/5615 8366/3/5618
f 8458/3/5710 8366/3/5618 8459/3/5711
f 8426/1/5678 8429/1/5681 8417/1/5669
f 8426/1/5678 8417/1/5669 8427/1/5679
f 8428/1/5680 8427/1/5679 8393/1/5645
f 8428/1/5680 8393/1/5645 8432/1/5684
f 8478/3/5730 8477/3/5729 8491/3/5743
f 8478/3/5730 8491/3/5743 8492/3/5744
f 8485/3/5737 8377/3/5629 8380/3/5632
f 8485/3/5737 8380/3/5632 8486/3/5738
f 8463/1/5715 8301/1/5553 8300/1/5552
f 8463/1/5715 8300/1/5552 8493/1/5745
f 8385/1/5637 8441/1/5693 8466/1/5718
f 8385/1/5637 8466/1/5718 8386/1/5638
f 8470/1/5722 8469/1/5721 8298/1/5550
f 8470/1/5722 8298/1/5550 8301/1/5553
f 8353/3/5605 8291/3/5543 8293/3/5545
f 8353/3/5605 8293/3/5545 8345/3/5597
f 8489/1/5741 8494/1/5746 8299/1/5551
f 8489/1/5741 8299/1/5551 8298/1/5550
f 8432/1/5684 8431/1/5683 8494/1/5746
f 8432/1/5684 8494/1/5746 8489/1/5741
f 8487/3/5739 8486/3/5738 8495/3/5747
f 8487/3/5739 8495/3/5747 8496/3/5748
f 8486/3/5738 8380/3/5632 8497/3/5749
f 8486/3/5738 8497/3/5749 8495/3/5747
f 8378/3/5630 8381/3/5633 8367/3/5619
f 8378/3/5630 8367/3/5619 8379/3/5631
f 8380/3/5632 8379/3/5631 8384/3/5636
f 8380/3/5632 8384/3/5636 8497/3/5749
f 8497/3/5749 8384/3/5636 8323/3/5575
f 8497/3/5749 8323/3/5575 8498/3/5750
f 8495/3/5747 8497/3/5749 8498/3/5750
f 8495/3/5747 8498/3/5750 8499/3/5751
f 8496/3/5748 8495/3/5747 8499/3/5751
f 8496/3/5748 8499/3/5751 8500/3/5752
f 8303/3/5555 8496/3/5748 8500/3/5752
f 8303/3/5555 8500/3/5752 8304/3/5556
f 8302/3/5554 8487/3/5739 8496/3/5748
f 8302/3/5554 8496/3/5748 8303/3/5555
f 8360/3/5612 8501/3/5753 8302/3/5554
f 8360/3/5612 8302/3/5554 8282/3/5534
f 8477/3/5729 8347/3/5599 8350/3/5602
f 8477/3/5729 8350/3/5602 8491/3/5743
f 8492/3/5744 8491/3/5743 8502/3/5754
f 8492/3/5744 8502/3/5754 8503/3/5755
f 8491/3/5743 8350/3/5602 8504/3/5756
f 8491/3/5743 8504/3/5756 8502/3/5754
f 8348/3/5600 8351/3/5603 8341/3/5593
f 8348/3/5600 8341/3/5593 8349/3/5601
f 8350/3/5602 8349/3/5601 8359/3/5611
f 8350/3/5602 8359/3/5611 8504/3/5756
f 8504/3/5756 8359/3/5611 8319/3/5571
f 8504/3/5756 8319/3/5571 8320/3/5572
f 8502/3/5754 8504/3/5756 8320/3/5572
f 8502/3/5754 8320/3/5572 8334/3/5586
f 8503/3/5755 8502/3/5754 8334/3/5586
f 8503/3/5755 8334/3/5586 8332/3/5584
f 8413/3/5665 8503/3/5755 8332/3/5584
f 8413/3/5665 8332/3/5584 8333/3/5585
f 8414/3/5666 8492/3/5744 8503/3/5755
f 8414/3/5666 8503/3/5755 8413/3/5665
f 8395/3/5647 8478/3/5730 8492/3/5744
f 8395/3/5647 8492/3/5744 8414/3/5666
f 8297/3/5549 8296/3/5548 8505/3/5757
f 8297/3/5549 8505/3/5757 8506/3/5758
f 8285/3/5537 8295/3/5547 8294/3/5546
f 8285/3/5537 8294/3/5546 8286/3/5538
f 8310/3/5562 8286/3/5538 8294/3/5546
f 8310/3/5562 8294/3/5546 8356/3/5608
f 8506/3/5758 8505/3/5757 8317/3/5569
f 8506/3/5758 8317/3/5569 8318/3/5570
f 8285/3/5537 8304/3/5556 8500/3/5752
f 8285/3/5537 8500/3/5752 8295/3/5547
f 8295/3/5547 8500/3/5752 8499/3/5751
f 8295/3/5547 8499/3/5751 8296/3/5548
f 8296/3/5548 8499/3/5751 8498/3/5750
f 8296/3/5548 8498/3/5750 8505/3/5757
f 8505/3/5757 8498/3/5750 8323/3/5575
f 8505/3/5757 8323/3/5575 8317/3/5569
f 8358/3/5610 8506/3/5758 8318/3/5570
f 8358/3/5610 8318/3/5570 8319/3/5571
f 8357/3/5609 8297/3/5549 8506/3/5758
f 8357/3/5609 8506/3/5758 8358/3/5610
f 8356/3/5608 8294/3/5546 8297/3/5549
f 8356/3/5608 8297/3/5549 8357/3/5609
f 8412/3/5664 8289/3/5541 8288/3/5540
f 8412/3/5664 8288/3/5540 8329/3/5581
f 8354/1/5606 8463/1/5715 8493/1/5745
f 8354/1/5606 8493/1/5745 8355/1/5607
f 8507/2/5607 8508/2/5745 8509/2/5759
f 8507/2/5607 8509/2/5759 8510/2/5544
f 8511/2/5760 8509/2/5759 8508/2/5745
f 8511/2/5760 8508/2/5745 8512/2/5552
f 8513/2/5761 8507/2/5607 8510/2/5544
f 8513/2/5761 8510/2/5544 8514/2/5543
f 8515/2/5762 8516/2/5763 8517/2/5764
f 8515/2/5762 8517/2/5764 8518/2/5603
f 8516/2/5763 8519/2/5566 8520/2/5605
f 8516/2/5763 8520/2/5605 8517/2/5764
f 8514/2/5543 8520/2/5605 8519/2/5566
f 8514/2/5543 8519/2/5566 8513/2/5761
f 8521/2/5765 8515/2/5762 8518/2/5603
f 8521/2/5765 8518/2/5603 8522/2/5766
f 8523/2/5592 8524/2/5591 8525/2/5614
f 8523/2/5592 8525/2/5614 8526/2/5633
f 8527/2/5646 8523/2/5592 8526/2/5633
f 8527/2/5646 8526/2/5633 8528/2/5630
f 8529/2/5767 8530/2/5768 8531/2/5682
f 8529/2/5767 8531/2/5682 8532/2/5769
f 8530/2/5768 8533/2/5671 8534/2/5670
f 8530/2/5768 8534/2/5670 8531/2/5682
f 8533/2/5671 8535/2/5613 8536/2/5770
f 8533/2/5671 8536/2/5770 8534/2/5670
f 8524/2/5591 8536/2/5770 8535/2/5613
f 8524/2/5591 8535/2/5613 8525/2/5614
f 8537/2/5771 8529/2/5767 8532/2/5769
f 8537/2/5771 8532/2/5769 8538/2/5772
f 8539/2/5773 8540/2/5774 8541/2/5775
f 8539/2/5773 8541/2/5775 8542/2/5776
f 8540/2/5774 8543/2/5686 8544/2/5701
f 8540/2/5774 8544/2/5701 8541/2/5775
f 8545/2/5723 8544/2/5701 8543/2/5686
f 8545/2/5723 8543/2/5686 8546/2/5777
f 8547/2/5778 8539/2/5773 8542/2/5776
f 8547/2/5778 8542/2/5776 8548/2/5779
f 8549/2/5780 8550/2/5781 8551/2/5782
f 8549/2/5780 8551/2/5782 8552/2/5783
f 8553/2/5784 8551/2/5782 8550/2/5781
f 8553/2/5784 8550/2/5781 8554/2/5785
f 8546/2/5777 8549/2/5780 8552/2/5783
f 8546/2/5777 8552/2/5783 8545/2/5723
f 8555/2/5652 8556/2/5628 8557/2/5695
f 8555/2/5652 8557/2/5695 8558/2/5732
f 8558/2/5732 8559/2/5726 8560/2/5724
f 8558/2/5732 8560/2/5724 8555/2/5652
f 8559/2/5726 8561/2/5786 8562/2/5787
f 8559/2/5726 8562/2/5787 8560/2/5724
f 8548/2/5779 8557/2/5695 8556/2/5628
f 8548/2/5779 8556/2/5628 8547/2/5778
f 8563/2/5704 8564/2/5788 8565/2/5789
f 8563/2/5704 8565/2/5789 8566/2/5790
f 8564/2/5788 8567/2/5712 8568/2/5677
f 8564/2/5788 8568/2/5677 8565/2/5789
f 8538/2/5772 8568/2/5677 8567/2/5712
f 8538/2/5772 8567/2/5712 8537/2/5771
f 8554/2/5785 8563/2/5704 8566/2/5790
f 8554/2/5785 8566/2/5790 8553/2/5784
f 8569/2/5791 8570/2/5792 8571/2/5793
f 8569/2/5791 8571/2/5793 8572/2/5736
f 8570/2/5792 8573/2/5794 8574/2/5629
f 8570/2/5792 8574/2/5629 8571/2/5793
f 8528/2/5630 8574/2/5629 8573/2/5794
f 8528/2/5630 8573/2/5794 8527/2/5646
f 8512/2/5552 8569/2/5791 8572/2/5736
f 8512/2/5552 8572/2/5736 8511/2/5760
f 8575/2/5735 8576/2/5795 8577/2/5796
f 8575/2/5735 8577/2/5796 8578/2/5797
f 8561/2/5786 8575/2/5735 8578/2/5797
f 8561/2/5786 8578/2/5797 8562/2/5787
f 8522/2/5766 8577/2/5796 8576/2/5795
f 8522/2/5766 8576/2/5795 8521/2/5765
f 8501/3/5753 8484/3/5736 8487/3/5739
f 8501/3/5753 8487/3/5739 8302/3/5554
f 8579/3/5798 8580/3/5799 8581/3/5800
f 8579/3/5798 8581/3/5800 8582/3/5801
f 8580/3/5799 8583/3/5802 8584/3/5803
f 8580/3/5799 8584/3/5803 8581/3/5800
f 8585/3/5804 8586/3/5805 8587/3/5806
f 8585/3/5804 8587/3/5806 8588/3/5807
f 8589/3/5808 8590/3/5809 8579/3/5798
f 8589/3/5808 8579/3/5798 8591/3/5810
f 8592/3/5811 8593/3/5812 8594/3/5813
f 8592/3/5811 8594/3/5813 8595/3/5814
f 8596/1/5815 8597/1/5816 8598/1/5817
f 8596/1/5815 8598/1/5817 8599/1/5818
f 8582/3/5801 8581/3/5800 8600/3/5819
f 8582/3/5801 8600/3/5819 8601/3/5820
f 8581/3/5800 8584/3/5803 8602/3/5821
f 8581/3/5800 8602/3/5821 8600/3/5819
f 8603/3/5822 8604/3/5823 8605/3/5824
f 8603/3/5822 8605/3/5824 8606/3/5825
f 8607/3/5826 8608/3/5827 8583/3/5802
f 8607/3/5826 8583/3/5802 8580/3/5799
f 8590/3/5809 8607/3/5826 8580/3/5799
f 8590/3/5809 8580/3/5799 8579/3/5798
f 8609/1/5828 8610/1/5829 8611/1/5830
f 8609/1/5828 8611/1/5830 8612/1/5831
f 8604/3/5823 8613/3/5832 8614/3/5833
f 8604/3/5823 8614/3/5833 8605/3/5824
f 8615/3/5834 8616/3/5835 8603/3/5822
f 8615/3/5834 8603/3/5822 8606/3/5825
f 8617/3/5836 8618/3/5837 8603/3/5822
f 8617/3/5836 8603/3/5822 8616/3/5835
f 8613/3/5832 8619/3/5838 8620/3/5839
f 8613/3/5832 8620/3/5839 8614/3/5833
f 8615/3/5834 8606/3/5825 8621/3/5840
f 8615/3/5834 8621/3/5840 8622/3/5841
f 8606/3/5825 8605/3/5824 8623/3/5842
f 8606/3/5825 8623/3/5842 8621/3/5840
f 8605/3/5824 8614/3/5833 8624/3/5843
f 8605/3/5824 8624/3/5843 8623/3/5842
f 8614/3/5833 8620/3/5839 8625/3/5844
f 8614/3/5833 8625/3/5844 8624/3/5843
f 8626/3/5845 8627/3/5846 8628/3/5847
f 8626/3/5845 8628/3/5847 8629/3/5848
f 8630/3/5849 8631/3/5850 8619/3/5838
f 8630/3/5849 8619/3/5838 8613/3/5832
f 8632/3/5851 8630/3/5849 8613/3/5832
f 8632/3/5851 8613/3/5832 8604/3/5823
f 8618/3/5837 8632/3/5851 8604/3/5823
f 8618/3/5837 8604/3/5823 8603/3/5822
f 8633/1/5852 8634/1/5853 8610/1/5829
f 8633/1/5852 8610/1/5829 8609/1/5828
f 8635/1/5854 8636/1/5855 8637/1/5856
f 8635/1/5854 8637/1/5856 8638/1/5857
f 8639/3/5858 8640/3/5859 8641/3/5860
f 8639/3/5858 8641/3/5860 8642/3/5861
f 8642/3/5861 8641/3/5860 8643/3/5862
f 8642/3/5861 8643/3/5862 8644/3/5863
f 8645/3/5864 8646/3/5865 8647/3/5866
f 8645/3/5864 8647/3/5866 8648/3/5867
f 8649/3/5868 8639/3/5858 8642/3/5861
f 8649/3/5868 8642/3/5861 8650/3/5869
f 8650/3/5869 8642/3/5861 8644/3/5863
f 8650/3/5869 8644/3/5863 8651/3/5870
f 8612/1/5831 8611/1/5830 8652/1/5871
f 8612/1/5831 8652/1/5871 8653/1/5872
f 8644/3/5863 8643/3/5862 8607/3/5826
f 8644/3/5863 8607/3/5826 8590/3/5809
f 8643/3/5862 8654/3/5873 8608/3/5827
f 8643/3/5862 8608/3/5827 8607/3/5826
f 8641/3/5860 8655/3/5874 8654/3/5873
f 8641/3/5860 8654/3/5873 8643/3/5862
f 8640/3/5859 8656/3/5875 8655/3/5874
f 8640/3/5859 8655/3/5874 8641/3/5860
f 8657/3/5876 8617/3/5836 8656/3/5875
f 8657/3/5876 8656/3/5875 8640/3/5859
f 8647/3/5866 8657/3/5876 8640/3/5859
f 8647/3/5866 8640/3/5859 8639/3/5858
f 8591/3/5810 8579/3/5798 8582/3/5801
f 8591/3/5810 8582/3/5801 8658/3/5877
f 8659/3/5878 8660/3/5879 8586/3/5805
f 8659/3/5878 8586/3/5805 8585/3/5804
f 8661/3/5880 8662/3/5881 8663/3/5882
f 8661/3/5880 8663/3/5882 8664/3/5883
f 8665/3/5884 8666/3/5885 8667/3/5886
f 8665/3/5884 8667/3/5886 8668/3/5887
f 8668/3/5887 8667/3/5886 8669/3/5888
f 8668/3/5887 8669/3/5888 8670/3/5889
f 8671/3/5890 8672/3/5891 8673/3/5892
f 8671/3/5890 8673/3/5892 8674/3/5893
f 8675/3/5894 8676/3/5895 8677/3/5896
f 8675/3/5894 8677/3/5896 8678/3/5897
f 8679/3/5898 8665/3/5884 8668/3/5887
f 8679/3/5898 8668/3/5887 8660/3/5879
f 8660/3/5879 8668/3/5887 8670/3/5889
f 8660/3/5879 8670/3/5889 8586/3/5805
f 8586/3/5805 8670/3/5889 8680/3/5899
f 8586/3/5805 8680/3/5899 8587/3/5806
f 8670/3/5889 8669/3/5888 8681/3/5900
f 8670/3/5889 8681/3/5900 8680/3/5899
f 8669/3/5888 8624/3/5843 8625/3/5844
f 8669/3/5888 8625/3/5844 8681/3/5900
f 8667/3/5886 8623/3/5842 8624/3/5843
f 8667/3/5886 8624/3/5843 8669/3/5888
f 8666/3/5885 8621/3/5840 8623/3/5842
f 8666/3/5885 8623/3/5842 8667/3/5886
f 8682/3/5901 8622/3/5841 8621/3/5840
f 8682/3/5901 8621/3/5840 8666/3/5885
f 8677/3/5896 8682/3/5901 8666/3/5885
f 8677/3/5896 8666/3/5885 8665/3/5884
f 8683/1/5902 8684/1/5903 8685/1/5904
f 8683/1/5902 8685/1/5904 8686/1/5905
f 8627/3/5846 8687/3/5906 8688/3/5907
f 8627/3/5846 8688/3/5907 8628/3/5847
f 8687/3/5906 8689/3/5908 8690/3/5909
f 8687/3/5906 8690/3/5909 8688/3/5907
f 8691/1/5910 8692/1/5911 8636/1/5855
f 8691/1/5910 8636/1/5855 8635/1/5854
f 8693/3/5912 8694/3/5913 8626/3/5845
f 8693/3/5912 8626/3/5845 8695/3/5914
f 8696/3/5915 8697/3/5916 8698/3/5917
f 8696/3/5915 8698/3/5917 8699/3/5918
f 8629/3/5848 8628/3/5847 8700/3/5919
f 8629/3/5848 8700/3/5919 8588/3/5807
f 8628/3/5847 8688/3/5907 8701/3/5920
f 8628/3/5847 8701/3/5920 8700/3/5919
f 8688/3/5907 8690/3/5909 8702/3/5921
f 8688/3/5907 8702/3/5921 8701/3/5920
f 8703/3/5922 8704/3/5923 8705/3/5924
f 8703/3/5922 8705/3/5924 8706/3/5925
f 8707/3/5926 8708/3/5927 8689/3/5908
f 8707/3/5926 8689/3/5908 8687/3/5906
f 8709/3/5928 8707/3/5926 8687/3/5906
f 8709/3/5928 8687/3/5906 8627/3/5846
f 8694/3/5913 8709/3/5928 8627/3/5846
f 8694/3/5913 8627/3/5846 8626/3/5845
f 8704/3/5923 8695/3/5914 8710/3/5929
f 8704/3/5923 8710/3/5929 8705/3/5924
f 8619/3/5838 8703/3/5922 8706/3/5925
f 8619/3/5838 8706/3/5925 8620/3/5839
f 8631/3/5850 8711/3/5930 8703/3/5922
f 8631/3/5850 8703/3/5922 8619/3/5838
f 8695/3/5914 8626/3/5845 8629/3/5848
f 8695/3/5914 8629/3/5848 8710/3/5929
f 8620/3/5839 8706/3/5925 8681/3/5900
f 8620/3/5839 8681/3/5900 8625/3/5844
f 8706/3/5925 8705/3/5924 8680/3/5899
f 8706/3/5925 8680/3/5899 8681/3/5900
f 8705/3/5924 8710/3/5929 8587/3/5806
f 8705/3/5924 8587/3/5806 8680/3/5899
f 8712/3/5931 8693/3/5912 8695/3/5914
f 8712/3/5931 8695/3/5914 8704/3/5923
f 8711/3/5930 8712/3/5931 8704/3/5923
f 8711/3/5930 8704/3/5923 8703/3/5922
f 8664/3/5883 8663/3/5882 8713/3/5932
f 8664/3/5883 8713/3/5932 8714/3/5933
f 8715/1/5934 8635/1/5854 8638/1/5857
f 8715/1/5934 8638/1/5857 8716/1/5935
f 8717/3/5936 8659/3/5878 8585/3/5804
f 8717/3/5936 8585/3/5804 8718/3/5937
f 8719/3/5938 8720/3/5939 8721/3/5940
f 8719/3/5938 8721/3/5940 8722/3/5941
f 8723/1/5942 8724/1/5943 8725/1/5944
f 8723/1/5942 8725/1/5944 8726/1/5945
f 8727/1/5946 8715/1/5934 8716/1/5935
f 8727/1/5946 8716/1/5935 8728/1/5947
f 8663/3/5882 8717/3/5936 8718/3/5937
f 8663/3/5882 8718/3/5937 8713/3/5932
f 8714/3/5933 8713/3/5932 8701/3/5920
f 8714/3/5933 8701/3/5920 8702/3/5921
f 8713/3/5932 8718/3/5937 8700/3/5919
f 8713/3/5932 8700/3/5919 8701/3/5920
f 8718/3/5937 8585/3/5804 8588/3/5807
f 8718/3/5937 8588/3/5807 8700/3/5919
f 8725/1/5944 8691/1/5910 8635/1/5854
f 8725/1/5944 8635/1/5854 8715/1/5934
f 8691/1/5910 8729/1/5948 8730/1/5949
f 8691/1/5910 8730/1/5949 8692/1/5911
f 8722/3/5941 8721/3/5940 8731/3/5950
f 8722/3/5941 8731/3/5950 8732/3/5951
f 8733/3/5952 8734/3/5690 8735/3/5690
f 8733/3/5952 8735/3/5690 8736/3/5953
f 8737/1/5954 8738/1/5955 8633/1/5852
f 8737/1/5954 8633/1/5852 8739/1/5956
f 8739/1/5956 8633/1/5852 8609/1/5828
f 8739/1/5956 8609/1/5828 8740/1/5957
f 8741/1/5958 8742/1/5959 8743/1/5960
f 8741/1/5958 8743/1/5960 8744/1/5961
f 8745/1/5962 8737/1/5954 8739/1/5956
f 8745/1/5962 8739/1/5956 8746/1/5963
f 8746/1/5963 8739/1/5956 8740/1/5957
f 8746/1/5963 8740/1/5957 8747/1/5964
f 8748/3/5965 8749/3/5966 8750/3/5967
f 8748/3/5965 8750/3/5967 8751/3/5968
f 8752/3/5969 8753/3/5970 8735/3/5690
f 8752/3/5969 8735/3/5690 8734/3/5690
f 8740/1/5957 8609/1/5828 8612/1/5831
f 8740/1/5957 8612/1/5831 8754/1/5971
f 8743/1/5960 8683/1/5902 8738/1/5955
f 8743/1/5960 8738/1/5955 8737/1/5954
f 8755/3/5972 8756/3/5973 8757/3/5974
f 8755/3/5972 8757/3/5974 8758/3/5975
f 8759/1/5976 8653/1/5872 8760/1/5977
f 8759/1/5976 8760/1/5977 8761/1/5978
f 8762/1/5979 8759/1/5976 8761/1/5978
f 8762/1/5979 8761/1/5978 8763/1/5980
f 8732/3/5951 8731/3/5950 8753/3/5970
f 8732/3/5951 8753/3/5970 8752/3/5969
f 8738/1/5955 8764/1/5981 8634/1/5853
f 8738/1/5955 8634/1/5853 8633/1/5852
f 8765/1/5982 8766/1/5983 8767/1/5984
f 8765/1/5982 8767/1/5984 8768/1/5985
f 8733/3/5952 8736/3/5953 8749/3/5966
f 8733/3/5952 8749/3/5966 8748/3/5965
f 8761/1/5978 8760/1/5977 8597/1/5816
f 8761/1/5978 8597/1/5816 8766/1/5983
f 8754/1/5971 8612/1/5831 8653/1/5872
f 8754/1/5971 8653/1/5872 8759/1/5976
f 8747/1/5964 8740/1/5957 8754/1/5971
f 8747/1/5964 8754/1/5971 8769/1/5986
f 8699/3/5918 8698/3/5917 8672/3/5891
f 8699/3/5918 8672/3/5891 8671/3/5890
f 8697/3/5916 8770/3/5987 8771/3/5988
f 8697/3/5916 8771/3/5988 8698/3/5917
f 8772/1/5989 8773/1/5990 8684/1/5903
f 8772/1/5989 8684/1/5903 8742/1/5959
f 8774/3/5991 8775/3/5992 8776/3/5993
f 8774/3/5991 8776/3/5993 8777/3/5994
f 8708/3/5927 8707/3/5926 8697/3/5916
f 8708/3/5927 8697/3/5916 8696/3/5915
f 8778/1/5995 8772/1/5989 8742/1/5959
f 8778/1/5995 8742/1/5959 8741/1/5958
f 8770/3/5987 8775/3/5992 8774/3/5991
f 8770/3/5987 8774/3/5991 8771/3/5988
f 8674/3/5893 8673/3/5892 8720/3/5939
f 8674/3/5893 8720/3/5939 8719/3/5938
f 8744/1/5961 8743/1/5960 8737/1/5954
f 8744/1/5961 8737/1/5954 8745/1/5962
f 8742/1/5959 8684/1/5903 8683/1/5902
f 8742/1/5959 8683/1/5902 8743/1/5960
f 8751/3/5968 8750/3/5967 8779/3/5996
f 8751/3/5968 8779/3/5996 8780/3/5997
f 8684/1/5903 8773/1/5990 8781/1/5998
f 8684/1/5903 8781/1/5998 8685/1/5904
f 8775/3/5992 8694/3/5913 8693/3/5912
f 8775/3/5992 8693/3/5912 8776/3/5993
f 8769/1/5986 8754/1/5971 8759/1/5976
f 8769/1/5986 8759/1/5976 8762/1/5979
f 8709/3/5928 8694/3/5913 8775/3/5992
f 8709/3/5928 8775/3/5992 8770/3/5987
f 8707/3/5926 8709/3/5928 8770/3/5987
f 8707/3/5926 8770/3/5987 8697/3/5916
f 8780/3/5997 8779/3/5996 8756/3/5973
f 8780/3/5997 8756/3/5973 8755/3/5972
f 8782/3/5999 8783/3/6000 8784/3/6001
f 8782/3/5999 8784/3/6001 8785/3/6002
f 8767/1/5984 8596/1/5815 8786/1/6003
f 8767/1/5984 8786/1/6003 8787/1/6004
f 8787/1/6004 8786/1/6003 8729/1/5948
f 8787/1/6004 8729/1/5948 8724/1/5943
f 8763/1/5980 8761/1/5978 8766/1/5983
f 8763/1/5980 8766/1/5983 8765/1/5982
f 8768/1/5985 8767/1/5984 8787/1/6004
f 8768/1/5985 8787/1/6004 8788/1/6005
f 8788/1/6005 8787/1/6004 8724/1/5943
f 8788/1/6005 8724/1/5943 8723/1/5942
f 8758/3/5975 8757/3/5974 8662/3/5881
f 8758/3/5975 8662/3/5881 8661/3/5880
f 8726/1/5945 8725/1/5944 8715/1/5934
f 8726/1/5945 8715/1/5934 8727/1/5946
f 8724/1/5943 8729/1/5948 8691/1/5910
f 8724/1/5943 8691/1/5910 8725/1/5944
f 8776/3/5993 8789/3/6006 8790/3/6007
f 8776/3/5993 8790/3/6007 8777/3/5994
f 8785/3/6002 8784/3/6001 8676/3/5895
f 8785/3/6002 8676/3/5895 8675/3/5894
f 8760/1/5977 8791/1/6008 8598/1/5817
f 8760/1/5977 8598/1/5817 8597/1/5816
f 8683/1/5902 8686/1/5905 8764/1/5981
f 8683/1/5902 8764/1/5981 8738/1/5955
f 8766/1/5983 8597/1/5816 8596/1/5815
f 8766/1/5983 8596/1/5815 8767/1/5984
f 8651/3/5870 8644/3/5863 8590/3/5809
f 8651/3/5870 8590/3/5809 8589/3/5808
f 8786/1/6003 8596/1/5815 8599/1/5818
f 8786/1/6003 8599/1/5818 8792/1/6009
f 8729/1/5948 8786/1/6003 8792/1/6009
f 8729/1/5948 8792/1/6009 8730/1/5949
f 8783/3/6000 8793/3/6010 8794/3/6011
f 8783/3/6000 8794/3/6011 8784/3/6001
f 8784/3/6001 8794/3/6011 8795/3/6012
f 8784/3/6001 8795/3/6012 8676/3/5895
f 8678/3/5897 8677/3/5896 8665/3/5884
f 8678/3/5897 8665/3/5884 8679/3/5898
f 8676/3/5895 8795/3/6012 8682/3/5901
f 8676/3/5895 8682/3/5901 8677/3/5896
f 8795/3/6012 8796/3/6013 8622/3/5841
f 8795/3/6012 8622/3/5841 8682/3/5901
f 8794/3/6011 8797/3/6014 8796/3/6013
f 8794/3/6011 8796/3/6013 8795/3/6012
f 8793/3/6010 8798/3/6015 8797/3/6014
f 8793/3/6010 8797/3/6014 8794/3/6011
f 8600/3/5819 8602/3/5821 8798/3/6015
f 8600/3/5819 8798/3/6015 8793/3/6010
f 8601/3/5820 8600/3/5819 8793/3/6010
f 8601/3/5820 8793/3/6010 8783/3/6000
f 8658/3/5877 8582/3/5801 8601/3/5820
f 8658/3/5877 8601/3/5820 8799/3/6016
f 8777/3/5994 8790/3/6007 8646/3/5865
f 8777/3/5994 8646/3/5865 8645/3/5864
f 8789/3/6006 8800/3/6017 8801/3/6018
f 8789/3/6006 8801/3/6018 8790/3/6007
f 8790/3/6007 8801/3/6018 8802/3/6019
f 8790/3/6007 8802/3/6019 8646/3/5865
f 8648/3/5867 8647/3/5866 8639/3/5858
f 8648/3/5867 8639/3/5858 8649/3/5868
f 8646/3/5865 8802/3/6019 8657/3/5876
f 8646/3/5865 8657/3/5876 8647/3/5866
f 8802/3/6019 8618/3/5837 8617/3/5836
f 8802/3/6019 8617/3/5836 8657/3/5876
f 8801/3/6018 8632/3/5851 8618/3/5837
f 8801/3/6018 8618/3/5837 8802/3/6019
f 8800/3/6017 8630/3/5849 8632/3/5851
f 8800/3/6017 8632/3/5851 8801/3/6018
f 8711/3/5930 8631/3/5850 8630/3/5849
f 8711/3/5930 8630/3/5849 8800/3/6017
f 8712/3/5931 8711/3/5930 8800/3/6017
f 8712/3/5931 8800/3/6017 8789/3/6006
f 8693/3/5912 8712/3/5931 8789/3/6006
f 8693/3/5912 8789/3/6006 8776/3/5993
f 8593/3/5812 8803/3/6020 8804/3/6021
f 8593/3/5812 8804/3/6021 8594/3/5813
f 8584/3/5803 8583/3/5802 8592/3/5811
f 8584/3/5803 8592/3/5811 8595/3/5814
f 8608/3/5827 8654/3/5873 8592/3/5811
f 8608/3/5827 8592/3/5811 8583/3/5802
f 8803/3/6020 8616/3/5835 8615/3/5834
f 8803/3/6020 8615/3/5834 8804/3/6021
f 8584/3/5803 8595/3/5814 8798/3/6015
f 8584/3/5803 8798/3/6015 8602/3/5821
f 8595/3/5814 8594/3/5813 8797/3/6014
f 8595/3/5814 8797/3/6014 8798/3/6015
f 8594/3/5813 8804/3/6021 8796/3/6013
f 8594/3/5813 8796/3/6013 8797/3/6014
f 8804/3/6021 8615/3/5834 8622/3/5841
f 8804/3/6021 8622/3/5841 8796/3/6013
f 8656/3/5875 8617/3/5836 8616/3/5835
f 8656/3/5875 8616/3/5835 8803/3/6020
f 8655/3/5874 8656/3/5875 8803/3/6020
f 8655/3/5874 8803/3/6020 8593/3/5812
f 8654/3/5873 8655/3/5874 8593/3/5812
f 8654/3/5873 8593/3/5812 8592/3/5811
f 8710/3/5929 8629/3/5848 8588/3/5807
f 8710/3/5929 8588/3/5807 8587/3/5806
f 8653/1/5872 8652/1/5871 8791/1/6008
f 8653/1/5872 8791/1/6008 8760/1/5977
f 8805/2/6022 8806/2/6023 8807/2/6024
f 8805/2/6022 8807/2/6024 8808/2/6008
f 8809/2/6016 8810/2/6025 8808/2/6008
f 8809/2/6016 8808/2/6008 8807/2/6024
f 8811/2/6026 8812/2/5808 8806/2/6023
f 8811/2/6026 8806/2/6023 8805/2/6022
f 8813/2/5981 8814/2/5868 8815/2/5869
f 8813/2/5981 8815/2/5869 8816/2/6027
f 8816/2/6027 8815/2/5869 8817/2/6028
f 8816/2/6027 8817/2/6028 8818/2/5829
f 8812/2/5808 8811/2/6026 8818/2/5829
f 8812/2/5808 8818/2/5829 8817/2/6028
f 8819/2/5905 8820/2/6029 8814/2/5868
f 8819/2/5905 8814/2/5868 8813/2/5981
f 8821/2/5855 8822/2/5898 8823/2/5879
f 8821/2/5855 8823/2/5879 8824/2/5856
f 8825/2/5911 8826/2/6030 8822/2/5898
f 8825/2/5911 8822/2/5898 8821/2/5855
f 8827/2/5881 8828/2/5946 8829/2/6031
f 8827/2/5881 8829/2/6031 8830/2/6032
f 8830/2/6032 8829/2/6031 8831/2/5935
f 8830/2/6032 8831/2/5935 8832/2/6033
f 8832/2/6033 8831/2/5935 8833/2/5857
f 8832/2/6033 8833/2/5857 8834/2/5878
f 8824/2/5856 8823/2/5879 8834/2/5878
f 8824/2/5856 8834/2/5878 8833/2/5857
f 8835/2/6034 8836/2/6035 8828/2/5946
f 8835/2/6034 8828/2/5946 8827/2/5881
f 8837/2/6036 8838/2/6037 8839/2/5963
f 8837/2/6036 8839/2/5963 8840/2/6038
f 8840/2/6038 8839/2/5963 8841/2/5964
f 8840/2/6038 8841/2/5964 8842/2/5950
f 8843/2/6039 8844/2/5970 8842/2/5950
f 8843/2/6039 8842/2/5950 8841/2/5964
f 8845/2/6040 8846/2/6041 8838/2/6037
f 8845/2/6040 8838/2/6037 8837/2/6036
f 8847/2/6042 8848/2/5979 8849/2/6043
f 8847/2/6042 8849/2/6043 8850/2/5953
f 8851/2/5982 8852/2/6044 8850/2/5953
f 8851/2/5982 8850/2/5953 8849/2/6043
f 8844/2/5970 8843/2/6039 8848/2/5979
f 8844/2/5970 8848/2/5979 8847/2/6042
f 8853/2/5917 8854/2/5995 8855/2/6045
f 8853/2/5917 8855/2/6045 8856/2/5891
f 8854/2/5995 8853/2/5917 8857/2/5988
f 8854/2/5995 8857/2/5988 8858/2/5989
f 8858/2/5989 8857/2/5988 8859/2/6046
f 8858/2/5989 8859/2/6046 8860/2/5990
f 8846/2/6041 8845/2/6040 8856/2/5891
f 8846/2/6041 8856/2/5891 8855/2/6045
f 8861/2/5967 8862/2/6047 8863/2/6048
f 8861/2/5967 8863/2/6048 8864/2/5996
f 8864/2/5996 8863/2/6048 8865/2/6049
f 8864/2/5996 8865/2/6049 8866/2/6050
f 8836/2/6035 8835/2/6034 8866/2/6050
f 8836/2/6035 8866/2/6050 8865/2/6049
f 8852/2/6044 8851/2/5982 8862/2/6047
f 8852/2/6044 8862/2/6047 8861/2/5967
f 8867/2/6051 8868/2/5999 8869/2/6002
f 8867/2/6051 8869/2/6002 8870/2/6009
f 8870/2/6009 8869/2/6002 8871/2/5894
f 8870/2/6009 8871/2/5894 8872/2/6052
f 8826/2/6030 8825/2/5911 8872/2/6052
f 8826/2/6030 8872/2/6052 8871/2/5894
f 8810/2/6025 8809/2/6016 8868/2/5999
f 8810/2/6025 8868/2/5999 8867/2/6051
f 8873/2/5998 8874/2/5994 8875/2/6053
f 8873/2/5998 8875/2/6053 8876/2/6054
f 8860/2/5990 8859/2/6046 8874/2/5994
f 8860/2/5990 8874/2/5994 8873/2/5998
f 8820/2/6029 8819/2/5905 8876/2/6054
f 8820/2/6029 8876/2/6054 8875/2/6053
f 8799/3/6016 8601/3/5820 8783/3/6000
f 8799/3/6016 8783/3/6000 8782/3/5999
f 680/2/569 816/2/705 681/2/570
f 816/2/705 680/2/569 690/2/579
f 816/2/705 690/2/579 810/2/699
f 810/2/699 690/2/579 696/2/585
f 810/2/699 696/2/585 804/2/693
f 804/2/693 696/2/585 702/2/591
f 804/2/693 702/2/591 798/2/687
f 798/2/687 702/2/591 708/2/597
f 798/2/687 708/2/597 792/2/681
f 792/2/681 708/2/597 714/2/603
f 792/2/681 714/2/603 786/2/675
f 786/2/675 714/2/603 720/2/609
f 786/2/675 720/2/609 780/2/669
f 780/2/669 720/2/609 726/2/615
f 780/2/669 726/2/615 774/2/663
f 774/2/663 726/2/615 732/2/621
f 774/2/663 732/2/621 768/2/657
f 768/2/657 732/2/621 738/2/627
f 768/2/657 738/2/627 762/2/651
f 762/2/651 738/2/627 744/2/633
f 762/2/651 744/2/633 756/2/645
f 756/2/645 744/2/633 750/2/639
f 8879/1/6055 8877/1/6056 8878/1/6057
f 8877/1/6056 8879/1/6055 8880/1/6058
f 8877/1/6056 8880/1/6058 8900/1/6059
f 8900/1/6059 8880/1/6058 8881/1/6060
f 8900/1/6059 8881/1/6060 8899/1/6061
f 8899/1/6061 8881/1/6060 8882/1/6062
f 8899/1/6061 8882/1/6062 8898/1/6063
f 8898/1/6063 8882/1/6062 8883/1/6064
f 8898/1/6063 8883/1/6064 8897/1/6065
f 8897/1/6065 8883/1/6064 8884/1/6066
f 8897/1/6065 8884/1/6066 8896/1/6067
f 8896/1/6067 8884/1/6066 8885/1/6068
f 8896/1/6067 8885/1/6068 8895/1/6069
f 8895/1/6069 8885/1/6068 8886/1/6070
f 8895/1/6069 8886/1/6070 8894/1/6071
f 8894/1/6071 8886/1/6070 8887/1/6072
f 8894/1/6071 8887/1/6072 8893/1/6073
f 8893/1/6073 8887/1/6072 8888/1/6074
f 8893/1/6073 8888/1/6074 8892/1/6075
f 8892/1/6075 8888/1/6074 8889/1/6076
f 8892/1/6075 8889/1/6076 8891/1/6077
f 8891/1/6077 8889/1/6076 8890/1/6078
f 1056/2/708 921/2/576 920/2/575
f 921/2/576 1056/2/708 1050/2/702
f 921/2/576 1050/2/702 930/2/582
f 930/2/582 1050/2/702 1044/2/696
f 930/2/582 1044/2/696 936/2/588
f 936/2/588 1044/2/696 1038/2/690
f 936/2/588 1038/2/690 942/2/594
f 942/2/594 1038/2/690 1032/2/684
f 942/2/594 1032/2/684 948/2/600
f 948/2/600 1032/2/684 1026/2/678
f 948/2/600 1026/2/678 954/2/606
f 954/2/606 1026/2/678 1020/2/672
f 954/2/606 1020/2/672 960/2/612
f 960/2/612 1020/2/672 1014/2/666
f 960/2/612 1014/2/666 966/2/618
f 966/2/618 1014/2/666 1008/2/660
f 966/2/618 1008/2/660 972/2/624
f 972/2/624 1008/2/660 1002/2/654
f 972/2/624 1002/2/654 978/2/630
f 978/2/630 1002/2/654 996/2/648
f 978/2/630 996/2/648 984/2/636
f 984/2/636 996/2/648 990/2/642
f 8901/1/6079 8923/1/6080 8924/1/6081
f 8923/1/6080 8901/1/6079 8902/1/6082
f 8923/1/6080 8902/1/6082 8922/1/6083
f 8922/1/6083 8902/1/6082 8903/1/6084
f 8922/1/6083 8903/1/6084 8921/1/6085
f 8921/1/6085 8903/1/6084 8904/1/6086
f 8921/1/6085 8904/1/6086 8920/1/6087
f 8920/1/6087 8904/1/6086 8905/1/6088
f 8920/1/6087 8905/1/6088 8919/1/6089
f 8919/1/6089 8905/1/6088 8906/1/6090
f 8919/1/6089 8906/1/6090 8918/1/6091
f 8918/1/6091 8906/1/6090 8907/1/6092
f 8918/1/6091 8907/1/6092 8917/1/6093
f 8917/1/6093 8907/1/6092 8908/1/6094
f 8917/1/6093 8908/1/6094 8916/1/6095
f 8916/1/6095 8908/1/6094 8909/1/6096
f 8916/1/6095 8909/1/6096 8915/1/6097
f 8915/1/6097 8909/1/6096 8910/1/6098
f 8915/1/6097 8910/1/6098 8914/1/6099
f 8914/1/6099 8910/1/6098 8911/1/6100
f 8914/1/6099 8911/1/6100 8913/1/6101
f 8913/1/6101 8911/1/6100 8912/1/6102
f 1150/3/855 1106/3/811 1105/3/810
f 1106/3/811 1150/3/855 1148/3/853
f 1106/3/811 1148/3/853 1108/3/813
f 1108/3/813 1148/3/853 1146/3/851
f 1108/3/813 1146/3/851 1110/3/815
f 1110/3/815 1146/3/851 1144/3/849
f 1110/3/815 1144/3/849 1112/3/817
f 1112/3/817 1144/3/849 1142/3/847
f 1112/3/817 1142/3/847 1114/3/819
f 1114/3/819 1142/3/847 1140/3/845
f 1114/3/819 1140/3/845 1116/3/821
f 1116/3/821 1140/3/845 1138/3/843
f 1116/3/821 1138/3/843 1118/3/823
f 1118/3/823 1138/3/843 1136/3/841
f 1118/3/823 1136/3/841 1120/3/825
f 1120/3/825 1136/3/841 1134/3/839
f 1120/3/825 1134/3/839 1122/3/827
f 1122/3/827 1134/3/839 1132/3/837
f 1122/3/827 1132/3/837 1124/3/829
f 1124/3/829 1132/3/837 1130/3/835
f 1124/3/829 1130/3/835 1126/3/831
f 1126/3/831 1130/3/835 1128/3/833
f 1107/3/812 1151/3/856 1104/3/809
f 1151/3/856 1107/3/812 1109/3/814
f 1151/3/856 1109/3/814 1149/3/854
f 1149/3/854 1109/3/814 1111/3/816
f 1149/3/854 1111/3/816 1147/3/852
f 1147/3/852 1111/3/816 1113/3/818
f 1147/3/852 1113/3/818 1145/3/850
f 1145/3/850 1113/3/818 1115/3/820
f 1145/3/850 1115/3/820 1143/3/848
f 1143/3/848 1115/3/820 1117/3/822
f 1143/3/848 1117/3/822 1141/3/846
f 1141/3/846 1117/3/822 1119/3/824
f 1141/3/846 1119/3/824 1139/3/844
f 1139/3/844 1119/3/824 1121/3/826
f 1139/3/844 1121/3/826 1137/3/842
f 1137/3/842 1121/3/826 1123/3/828
f 1137/3/842 1123/3/828 1135/3/840
f 1135/3/840 1123/3/828 1125/3/830
f 1135/3/840 1125/3/830 1133/3/838
f 1133/3/838 1125/3/830 1127/3/832
f 1133/3/838 1127/3/832 1131/3/836
f 1131/3/836 1127/3/832 1129/3/834
f 1162/3/866 1166/3/869 1164/3/868
f 1166/3/869 1162/3/866 1160/3/864
f 1166/3/869 1160/3/864 1168/3/871
f 1168/3/871 1160/3/864 1158/3/862
f 1168/3/871 1158/3/862 1170/3/873
f 1170/3/873 1158/3/862 1156/3/860
f 1170/3/873 1156/3/860 1172/3/875
f 1172/3/875 1156/3/860 1154/3/858
f 1172/3/875 1154/3/858 1174/3/877
f 1174/3/877 1154/3/858 1153/3/857
f 1174/3/877 1153/3/857 1176/3/879
f 1176/3/879 1153/3/857 1198/3/900
f 1176/3/879 1198/3/900 1178/3/881
f 1178/3/881 1198/3/900 1196/3/898
f 1178/3/881 1196/3/898 1180/3/883
f 1180/3/883 1196/3/898 1194/3/896
f 1180/3/883 1194/3/896 1182/3/885
f 1182/3/885 1194/3/896 1192/3/894
f 1182/3/885 1192/3/894 1184/3/887
f 1184/3/887 1192/3/894 1190/3/892
f 1184/3/887 1190/3/892 1186/3/889
f 1186/3/889 1190/3/892 1188/3/891
f 8932/3/6103 8930/3/6104 8931/3/6105
f 8930/3/6104 8932/3/6103 8933/3/6106
f 8930/3/6104 8933/3/6106 8929/3/968
f 8929/3/968 8933/3/6106 8934/3/963
f 8929/3/968 8934/3/963 8928/3/5528
f 8928/3/5528 8934/3/963 8935/3/5440
f 8928/3/5528 8935/3/5440 8927/3/6107
f 8927/3/6107 8935/3/5440 8936/3/6108
f 8927/3/6107 8936/3/6108 8926/3/971
f 8926/3/971 8936/3/6108 8937/3/6109
f 8926/3/971 8937/3/6109 8925/3/6110
f 8925/3/6110 8937/3/6109 8938/3/959
f 8925/3/6110 8938/3/959 8948/3/6111
f 8948/3/6111 8938/3/959 8939/3/6112
f 8948/3/6111 8939/3/6112 8947/3/6113
f 8947/3/6113 8939/3/6112 8940/3/957
f 8947/3/6113 8940/3/957 8946/3/951
f 8946/3/951 8940/3/957 8941/3/956
f 8946/3/951 8941/3/956 8945/3/6114
f 8945/3/6114 8941/3/956 8942/3/6115
f 8945/3/6114 8942/3/6115 8944/3/6116
f 8944/3/6116 8942/3/6115 8943/3/6117
f 1210/3/911 1214/3/915 1212/3/913
f 1214/3/915 1210/3/911 1208/3/909
f 1214/3/915 1208/3/909 1216/3/917
f 1216/3/917 1208/3/909 1206/3/907
f 1216/3/917 1206/3/907 1218/3/919
f 1218/3/919 1206/3/907 1204/3/905
f 1218/3/919 1204/3/905 1220/3/921
f 1220/3/921 1204/3/905 1202/3/903
f 1220/3/921 1202/3/903 1222/3/923
f 1222/3/923 1202/3/903 1201/3/902
f 1222/3/923 1201/3/902 1224/3/925
f 1224/3/925 1201/3/902 1246/3/946
f 1224/3/925 1246/3/946 1226/3/926
f 1226/3/926 1246/3/946 1244/3/944
f 1226/3/926 1244/3/944 1228/3/928
f 1228/3/928 1244/3/944 1242/3/942
f 1228/3/928 1242/3/942 1230/3/930
f 1230/3/930 1242/3/942 1240/3/940
f 1230/3/930 1240/3/940 1232/3/932
f 1232/3/932 1240/3/940 1238/3/938
f 1232/3/932 1238/3/938 1234/3/934
f 1234/3/934 1238/3/938 1236/3/936
f 8962/3/6118 8960/3/6119 8961/3/6120
f 8960/3/6119 8962/3/6118 8959/3/6121
f 8959/3/6121 8962/3/6118 8963/3/6122
f 8959/3/6121 8963/3/6122 8958/3/6123
f 8958/3/6123 8963/3/6122 8964/3/6124
f 8958/3/6123 8964/3/6124 8957/3/6125
f 8957/3/6125 8964/3/6124 8965/3/980
f 8957/3/6125 8965/3/980 8956/3/6126
f 8956/3/6126 8965/3/980 8966/3/6127
f 8956/3/6126 8966/3/6127 8955/3/6128
f 8955/3/6128 8966/3/6127 8967/3/6129
f 8955/3/6128 8967/3/6129 8954/3/6130
f 8954/3/6130 8967/3/6129 8968/3/6131
f 8954/3/6130 8968/3/6131 8953/3/6132
f 8953/3/6132 8968/3/6131 8969/3/6133
f 8953/3/6132 8969/3/6133 8952/3/6134
f 8952/3/6134 8969/3/6133 8970/3/6135
f 8952/3/6134 8970/3/6135 8951/3/6136
f 8951/3/6136 8970/3/6135 8971/3/6137
f 8951/3/6136 8971/3/6137 8950/3/6138
f 8950/3/6138 8971/3/6137 8972/3/6139
f 8950/3/6138 8972/3/6139 8949/3/6140
f 8973/1/1030 153/1/147 155/1/146
f 153/1/147 8973/1/1030 8975/1/1026
f 8975/1/1026 8973/1/1030 8974/1/1031
f 8975/1/1026 8974/1/1031 1397/1/1027
f 1397/1/1027 8974/1/1031 9/1/9
f 1397/1/1027 9/1/9 1398/1/1046
f 7/1/7 1388/1/1038 1391/1/1040
f 1388/1/1038 7/1/7 8976/1/2528
f 8976/1/2528 7/1/7 8977/1/1041
f 8977/1/1041 7/1/7 8974/1/1031
f 8974/1/1031 7/1/7 9/1/9
f 1383/3/1035 2458/3/1583 1968/3/1579
f 2458/3/1583 1383/3/1035 1382/3/1034
f 2458/3/1583 1382/3/1034 8978/3/1043
f 2458/3/1583 8978/3/1043 2455/3/1042
f 1405/2/1051 8979/2/6141 2989/2/2539
f 8979/2/6141 1405/2/1051 8980/2/6141
f 8980/2/6141 1405/2/1051 1404/2/1050
f 1497/3/1138 8982/3/6141 1401/3/1049
f 8982/3/6141 1497/3/1138 8981/3/6142
f 1401/3/1049 8982/3/6141 8983/3/6141
f 1401/3/1049 8983/3/6141 1402/3/1050
f 1968/3/1579 8984/3/6143 8985/3/2538
f 8984/3/6143 1968/3/1579 8986/3/6143
f 8986/3/6143 1968/3/1579 2458/3/1583
f 8987/2/6143 1973/2/1582 2988/2/2538
f 1973/2/1582 8987/2/6143 8988/2/6143
f 1973/2/1582 8988/2/6143 1974/2/1583
f 8990/2/6144 96/2/93 1496/2/1137
f 96/2/93 8990/2/6144 8989/2/1141
f 96/2/93 8989/2/1141 97/2/16
f 178/1/169 182/1/17 176/1/149
f 182/1/17 178/1/169 22/1/21
f 22/1/21 178/1/169 1396/1/1045
f 1396/1/1045 1597/1/1232 22/1/21
f 1597/1/1232 1396/1/1045 3138/1/2596
f 1597/1/1232 3138/1/2596 3158/1/179
f 111/4/107 27/4/26 26/4/25
f 27/4/26 111/4/107 8993/4/201
f 8993/4/201 111/4/107 8992/4/1289
f 8992/4/1289 111/4/107 110/4/106
f 8992/4/1289 110/4/106 8991/4/6145
f 8991/4/6145 110/4/106 1678/4/1305
f 1678/4/1305 8994/4/100 8991/4/6145
f 8994/4/100 1678/4/1305 210/4/190
f 210/4/190 1678/4/1305 211/4/191
f 8996/1/6146 62/1/61 8995/1/6147
f 3172/1/2609 62/1/61 169/1/161
f 62/1/61 3172/1/2609 8995/1/6147
f 8995/1/6147 3172/1/2609 8997/1/6148
f 8997/1/6148 3172/1/2609 3171/1/1294
f 1671/4/1300 8998/4/6149 1668/4/1297
f 8998/4/6149 1671/4/1300 1677/4/1304
f 8998/4/6149 1677/4/1304 8999/4/2524
f 8999/4/2524 1677/4/1304 109/4/105
f 109/4/105 1677/4/1304 110/4/106
f 3204/1/2630 9000/1/6150 3205/1/2631
f 9000/1/6150 3204/1/2630 9001/1/6151
f 9000/1/6150 9001/1/6151 9004/1/6152
f 9004/1/6152 9001/1/6151 9003/1/2529
f 2968/1/2523 7/1/7 1391/1/1040
f 7/1/7 2968/1/2523 9002/1/2532
f 7/1/7 9002/1/2532 9003/1/2529
f 7/1/7 9003/1/2529 9001/1/6151
f 9006/3/2645 9007/3/6153 9008/3/1311
f 9007/3/6153 9006/3/2645 248/3/222
f 9007/3/6153 248/3/222 247/3/172
f 33/3/32 9009/3/6154 3122/3/2587
f 9009/3/6154 33/3/32 9006/3/2645
f 9009/3/6154 9006/3/2645 9008/3/1311
f 3122/3/2587 9009/3/6154 9005/3/6155
f 3122/3/2587 9005/3/6155 3123/3/99
f 243/1/103 3203/1/2629 241/1/218
f 3203/1/2629 243/1/103 9010/1/1291
f 3203/1/2629 9010/1/1291 3204/1/2630
f 8996/1/6146 63/1/62 62/1/61
f 63/1/62 8996/1/6146 9015/1/29
f 9015/1/29 8996/1/6146 9011/1/6156
f 9015/1/29 9011/1/6156 9014/1/6157
f 9014/1/6157 9011/1/6156 9012/1/6158
f 9014/1/6157 9012/1/6158 9013/1/6159
f 1694/4/1321 9016/4/6160 9017/4/2020
f 9018/4/1315 1693/4/1320 3148/4/2599
f 1693/4/1320 9018/4/1315 9019/4/6161
f 1693/4/1320 9019/4/6161 9016/4/6160
f 1693/4/1320 9016/4/6160 1694/4/1321
f 1693/4/1320 3149/4/1324 3148/4/2599
f 3149/4/1324 1693/4/1320 9020/4/2535
f 9020/4/2535 1693/4/1320 9022/4/6162
f 9022/4/6162 1693/4/1320 9021/4/6163
f 9021/4/6163 1693/4/1320 1710/4/1336
f 1852/1/1469 202/1/186 1853/1/1470
f 202/1/186 1852/1/1469 9025/1/6164
f 9025/1/6164 1852/1/1469 9024/1/206
f 202/1/186 9025/1/6164 9023/1/6165
f 202/1/186 9023/1/6165 200/1/184
f 9026/4/1337 1671/4/1300 1713/4/1339
f 1671/4/1300 9026/4/1337 1677/4/1304
f 1677/4/1304 9026/4/1337 9021/4/6163
f 1677/4/1304 9021/4/6163 1710/4/1336
f 3130/1/2592 3172/1/2609 169/1/161
f 3172/1/2609 3130/1/2592 9028/1/1344
f 3172/1/2609 9028/1/1344 9027/1/1345
f 3172/1/2609 9027/1/1345 3175/1/1341
f 202/1/186 9029/1/6166 1853/1/1470
f 9029/1/6166 202/1/186 9030/1/1346
f 9030/1/1346 202/1/186 1695/1/1322
f 1853/1/1470 9028/1/1344 3130/1/2592
f 9028/1/1344 1853/1/1470 9029/1/6166
f 8981/3/6142 1497/3/1138 8985/3/2538
f 1830/3/1447 1497/3/1138 1965/3/1576
f 1497/3/1138 1830/3/1447 8985/3/2538
f 8985/3/2538 1830/3/1447 1968/3/1579
f 2197/3/1797 159/3/152 2194/3/1794
f 159/3/152 2197/3/1797 157/3/150
f 157/3/150 2197/3/1797 3134/3/153
f 160/1/150 188/1/175 187/1/151
f 188/1/175 160/1/150 162/1/154
f 188/1/175 162/1/154 2243/1/1843
f 2189/4/1789 9032/4/2616 205/4/187
f 9032/4/2616 2189/4/1789 9031/4/2614
f 9031/4/2614 2189/4/1789 2429/4/2018
f 205/4/187 2426/4/2015 203/4/44
f 2426/4/2015 205/4/187 9033/4/6167
f 9033/4/6167 205/4/187 9032/4/2616
f 2426/4/2015 9033/4/6167 9034/4/2614
f 2426/4/2015 9034/4/2614 2427/4/2016
f 9036/4/2548 2442/4/212 9035/4/2549
f 203/4/44 9035/4/2549 2442/4/212
f 9035/4/2549 203/4/44 2426/4/2015
f 9035/4/2549 2426/4/2015 9037/4/6168
f 236/1/213 9040/1/1972 190/1/177
f 9040/1/1972 236/1/213 9039/1/6169
f 9039/1/6169 236/1/213 235/1/212
f 9039/1/6169 235/1/212 240/1/217
f 190/1/177 9038/1/2544 2380/1/1973
f 9038/1/2544 190/1/177 9041/1/6170
f 9041/1/6170 190/1/177 9040/1/1972
f 2425/4/2014 9045/4/6171 9042/4/6172
f 9045/4/6171 2425/4/2014 9043/4/6173
f 9045/4/6171 9043/4/6173 9044/4/110
f 9046/2/6174 113/2/109 3003/2/2550
f 113/2/109 9046/2/6174 9047/2/6175
f 113/2/109 9047/2/6175 114/2/110
f 9043/4/6173 9048/4/108 9044/4/110
f 9048/4/108 9043/4/6173 2430/4/2019
f 9048/4/108 2430/4/2019 9049/4/2001
f 9049/4/2001 2430/4/2019 2411/4/2004
f 2411/4/2004 2410/4/2003 9049/4/2001
f 2424/4/2013 9043/4/6173 2425/4/2014
f 9043/4/6173 2424/4/2013 9051/4/6176
f 9043/4/6173 9051/4/6176 9052/4/2618
f 9043/4/6173 9052/4/2618 9050/4/2620
f 2187/4/1787 9055/4/6177 2428/4/2017
f 9055/4/6177 2187/4/1787 2164/4/1764
f 9055/4/6177 2164/4/1764 9054/4/6178
f 9054/4/6178 2164/4/1764 9053/4/2619
f 2164/4/1764 9050/4/2620 9053/4/2619
f 9050/4/2620 2430/4/2019 9043/4/6173
f 2430/4/2019 9050/4/2620 2164/4/1764
f 2430/4/2019 2164/4/1764 2163/4/1763
f 116/4/112 3005/4/2552 117/4/113
f 3005/4/2552 116/4/112 9017/4/2020
f 9017/4/2020 116/4/112 1694/4/1321
f 1440/4/1083 215/4/195 217/4/197
f 215/4/195 1440/4/1083 1452/4/1095
f 215/4/195 1452/4/1095 1453/4/199
f 2426/4/2015 9056/4/6179 9037/4/6168
f 9056/4/6179 2426/4/2015 2425/4/2014
f 9056/4/6179 2425/4/2014 9042/4/6172
f 2442/4/212 9057/4/6180 2443/4/2030
f 9057/4/6180 2442/4/212 9036/4/2548
f 2443/4/2030 9057/4/6180 9058/4/6180
f 2443/4/2030 9058/4/6180 3006/4/2551
f 3000/2/2547 9059/2/6180 3001/2/2548
f 9059/2/6180 3000/2/2547 9060/2/6180
f 9060/2/6180 3000/2/2547 3004/2/2551
f 1863/3/1479 2486/3/2063 1864/3/1480
f 2486/3/2063 1863/3/1479 2478/3/2055
f 2478/3/2055 1863/3/1479 3132/3/159
f 9061/4/2601 2151/4/1751 2150/4/1750
f 2151/4/1751 9061/4/2601 74/4/73
f 2151/4/1751 74/4/73 73/4/72
f 48/4/47 2762/4/2330 2765/4/182
f 2762/4/2330 48/4/47 2760/4/2328
f 2760/4/2328 48/4/47 47/4/46
f 3/1/3 1354/1/1007 1/1/1
f 1354/1/1007 3/1/3 36/1/35
f 1354/1/1007 36/1/35 35/1/34
f 75/4/74 2764/4/2332 73/4/72
f 2764/4/2332 75/4/74 80/4/79
f 2764/4/2332 80/4/79 79/4/78
f 9062/4/6181 3147/4/185 9063/4/184
f 3147/4/185 9062/4/6181 3148/4/2599
f 3148/4/2599 9062/4/6181 9018/4/1315
f 237/2/214 9064/2/6181 2986/2/2536
f 9064/2/6181 237/2/214 1689/2/1316
f 9064/2/6181 1689/2/1316 1688/2/1315
f 9065/2/2522 1496/2/1137 1495/2/1136
f 1496/2/1137 9065/2/2522 9066/2/2521
f 1496/2/1137 9066/2/2521 8990/2/6144
f 2446/2/2031 2990/2/2540 2378/2/1971
f 2990/2/2540 2446/2/2031 9067/2/6182
f 2990/2/2540 9067/2/6182 2991/2/2541
f 9068/2/6168 3003/2/2550 3002/2/2549
f 3003/2/2550 9068/2/6168 9069/2/6183
f 3003/2/2550 9069/2/6183 9046/2/6174
f 1398/1/1046 220/1/200 1395/1/1044
f 220/1/200 1398/1/1046 3141/1/196
f 220/1/200 3141/1/196 218/1/198
f 2411/4/2004 9070/4/2543 2419/4/2010
f 9070/4/2543 2411/4/2004 115/4/111
f 115/4/111 2411/4/2004 116/4/112
f 1399/1/1047 177/1/168 9071/1/10
f 177/1/168 1399/1/1047 1395/1/1044
f 177/1/168 1395/1/1044 178/1/169
f 33/3/32 1381/3/1033 34/3/33
f 1381/3/1033 33/3/32 3122/3/2587
f 1381/3/1033 3122/3/2587 9072/3/6184
f 9072/3/6184 3122/3/2587 3128/3/2591
f 136/3/132 2460/3/2039 3133/3/63
f 2460/3/2039 136/3/132 2461/3/2040
f 2461/3/2040 136/3/132 138/3/134
f 1344/3/997 183/3/2 185/3/174
f 183/3/2 1344/3/997 147/3/141
f 183/3/2 147/3/141 146/3/3
f 9074/1/2029 1852/1/1469 2380/1/1973
f 1852/1/1469 9074/1/2029 9024/1/206
f 9024/1/206 9074/1/2029 9073/1/207
f 9076/1/1292 3204/1/2630 9010/1/1291
f 3204/1/2630 9076/1/1292 9001/1/6151
f 9001/1/6151 9076/1/1292 9075/1/100
f 9077/1/27 9013/1/6159 9012/1/6158
f 9013/1/6159 9077/1/27 223/1/202
f 223/1/202 9077/1/27 221/1/26
f 2767/1/2333 3166/1/2608 2245/1/1845
f 3166/1/2608 2767/1/2333 9078/1/6185
f 9078/1/6185 2767/1/2333 2766/1/1750
f 2168/1/1768 199/1/183 2171/1/1771
f 199/1/183 2168/1/1768 197/1/47
f 197/1/47 2168/1/1768 3140/1/48
f 2028/1/1635 3156/1/2600 2768/1/2334
f 3156/1/2600 2028/1/1635 208/1/189
f 3156/1/2600 208/1/189 207/1/188
f 2417/2/2009 9067/2/6182 2446/2/2031
f 9067/2/6182 2417/2/2009 2991/2/2541
f 2991/2/2541 2417/2/2009 2997/2/2545
f 1354/1/1007 206/1/79 208/1/189
f 206/1/79 1354/1/1007 1353/1/1006
f 206/1/79 1353/1/1006 3164/1/2606
f 3165/4/2607 82/4/81 2802/4/2367
f 82/4/81 3165/4/2607 9081/4/2653
f 9081/4/2653 3165/4/2607 9080/4/6186
f 9080/4/6186 3165/4/2607 9079/4/6187
f 3230/3/2646 3173/3/2610 2811/3/2375
f 3173/3/2610 3230/3/2646 9082/3/2652
f 3173/3/2610 9082/3/2652 9083/3/6188
f 3173/3/2610 9083/3/6188 9084/3/6189
f 9088/3/6190 9086/3/6191 9087/3/2648
f 9086/3/6191 9088/3/6190 9089/3/104
f 9086/3/6191 9089/3/104 9085/3/218
f 138/3/134 9087/3/2648 2465/3/2044
f 9087/3/2648 138/3/134 9090/3/28
f 9090/3/28 138/3/134 137/3/133
f 9087/3/2648 9090/3/28 9088/3/6190
f 396/1/365 9091/1/2687 397/1/366
f 9091/1/2687 396/1/365 9092/1/2683
f 9091/1/2687 9092/1/2683 3294/1/2702
f 9091/1/2687 3294/1/2702 9093/1/6192
f 9093/1/6192 3294/1/2702 3296/1/2704
f 9093/1/6192 3296/1/2704 257/1/231
f 257/1/231 9095/1/2697 9093/1/6192
f 3285/1/319 256/1/230 3286/1/2695
f 256/1/230 3285/1/319 9094/1/4060
f 256/1/230 9094/1/4060 9095/1/2697
f 256/1/230 9095/1/2697 257/1/231
f 4266/3/3183 3279/3/2691 3806/3/3179
f 3279/3/2691 4266/3/3183 3280/3/2692
f 3280/3/2692 4266/3/3183 9096/3/2698
f 9096/3/2698 4266/3/3183 4265/3/3611
f 9097/2/6193 3301/2/2708 4749/2/4071
f 3301/2/2708 9097/2/6193 9098/2/6193
f 3301/2/2708 9098/2/6193 3302/2/2706
f 3379/3/2780 9100/3/6193 9101/3/4071
f 9100/3/6193 3379/3/2780 3300/3/2707
f 9100/3/6193 3300/3/2707 9099/3/6193
f 9099/3/6193 3300/3/2707 3299/3/2706
f 9102/3/6194 3806/3/3179 9104/3/4070
f 3806/3/3179 9102/3/6194 9103/3/6194
f 3806/3/3179 9103/3/6194 4266/3/3183
f 3812/2/3184 9106/2/6194 4748/2/4070
f 9106/2/6194 3812/2/3184 9105/2/6194
f 9105/2/6194 3812/2/3184 3811/2/3183
f 346/2/317 9108/2/6195 3378/2/2779
f 9108/2/6195 346/2/317 9107/2/2783
f 9107/2/2783 346/2/317 345/2/239
f 425/1/241 420/1/387 419/1/368
f 420/1/387 425/1/241 272/1/246
f 420/1/387 272/1/246 3293/1/2701
f 3464/1/2857 3293/1/2701 272/1/246
f 3293/1/2701 3464/1/2857 4898/1/4130
f 4898/1/4130 3464/1/2857 4918/1/398
f 9109/4/422 275/4/249 277/4/251
f 275/4/249 9109/4/422 359/4/330
f 359/4/330 9109/4/422 9110/4/2903
f 359/4/330 9110/4/2903 9111/4/6196
f 359/4/330 9111/4/6196 360/4/331
f 360/4/331 9111/4/6196 3534/4/2919
f 454/4/412 9111/4/6196 9112/4/324
f 9111/4/6196 454/4/412 3534/4/2919
f 3534/4/2919 454/4/412 453/4/411
f 311/1/285 4928/1/4144 411/1/379
f 4928/1/4144 311/1/285 9113/1/6197
f 9113/1/6197 311/1/285 9115/1/6198
f 4928/1/4144 9113/1/6197 9114/1/2907
f 4928/1/4144 9114/1/2907 4929/1/2910
f 360/4/331 9117/4/6199 358/4/329
f 9117/4/6199 360/4/331 3533/4/2918
f 9116/4/6200 3525/4/2912 3524/4/2911
f 3525/4/2912 9116/4/6200 3533/4/2918
f 3533/4/2918 9116/4/6200 9117/4/6199
f 256/1/230 4728/1/4055 3286/1/2695
f 4728/1/4055 256/1/230 9121/1/6201
f 9121/1/6201 256/1/230 9120/1/4062
f 9120/1/4062 256/1/230 9119/1/2923
f 9119/1/2923 256/1/230 9122/1/412
f 9118/1/2920 4964/1/4166 4963/1/4165
f 4964/1/4166 9118/1/2920 9122/1/412
f 9122/1/412 9118/1/2920 9119/1/2923
f 283/3/257 9124/3/6202 9127/3/4181
f 9124/3/6202 283/3/257 4882/3/4121
f 9124/3/6202 4882/3/4121 9123/3/4065
f 9123/3/4065 4882/3/4121 4881/3/322
f 9127/3/4181 9126/3/2924 491/3/444
f 9126/3/2924 9127/3/4181 9125/3/6203
f 9125/3/6203 9127/3/4181 9124/3/6202
f 491/3/444 9126/3/2924 489/3/442
f 4961/1/4164 484/1/328 483/1/438
f 484/1/328 4961/1/4164 9128/1/2904
f 9128/1/2904 4961/1/4164 4964/1/4166
f 313/1/287 9115/1/6198 311/1/285
f 9115/1/6198 313/1/287 9130/1/254
f 9115/1/6198 9130/1/254 9131/1/6204
f 9115/1/6198 9131/1/6204 9129/1/6205
f 9129/1/6205 9131/1/6204 9132/1/6206
f 9129/1/6205 9132/1/6206 9133/1/6207
f 3549/4/2934 9136/4/2931 4908/4/4132
f 9136/4/2931 3549/4/2934 9135/4/6208
f 9135/4/6208 3549/4/2934 9134/4/6209
f 9134/4/6209 3549/4/2934 9137/4/3594
f 9137/4/3594 3549/4/2934 3548/4/2933
f 3565/4/2949 9139/4/6210 9140/4/6211
f 9139/4/6210 3565/4/2949 3549/4/2934
f 4907/4/2938 3549/4/2934 4908/4/4132
f 3549/4/2934 4907/4/2938 9138/4/4067
f 3549/4/2934 9138/4/4067 9139/4/6210
f 444/1/405 3693/1/3072 3695/1/3073
f 3693/1/3072 444/1/405 9142/1/6212
f 9142/1/6212 444/1/405 9141/1/4068
f 9141/1/4068 444/1/405 443/1/404
f 9143/1/6213 3693/1/3072 9142/1/6212
f 3525/4/2912 9144/4/2951 3569/4/2953
f 9144/4/2951 3525/4/2912 3533/4/2918
f 9144/4/2951 3533/4/2918 9140/4/6211
f 9140/4/6211 3533/4/2918 3565/4/2949
f 4928/1/4144 4890/1/4126 411/1/379
f 4890/1/4126 4928/1/4144 9146/1/2959
f 9146/1/2959 4928/1/4144 9145/1/2960
f 9145/1/2960 4928/1/4144 4933/1/2955
f 9146/1/2959 3695/1/3073 4890/1/4126
f 3695/1/3073 9146/1/2959 9147/1/6214
f 3695/1/3073 9147/1/6214 444/1/405
f 444/1/405 9147/1/6214 9148/1/2961
f 444/1/405 9148/1/2961 3551/1/2936
f 3379/3/2780 3678/3/3057 3803/3/3176
f 3678/3/3057 3379/3/2780 9104/3/4070
f 3678/3/3057 9104/3/4070 3806/3/3179
f 9104/3/4070 3379/3/2780 9101/3/4071
f 401/3/370 4025/3/3387 4024/3/3386
f 4025/3/3387 401/3/370 400/3/369
f 4025/3/3387 400/3/369 4894/3/373
f 430/1/394 403/1/369 431/1/371
f 403/1/369 430/1/394 404/1/372
f 404/1/372 430/1/394 4073/1/3435
f 4238/4/3589 447/4/407 446/4/269
f 447/4/407 4238/4/3589 9150/4/4150
f 9150/4/4150 4238/4/3589 9149/4/4149
f 9149/4/4149 4238/4/3589 4237/4/3588
f 447/4/407 9151/4/4150 4019/4/3381
f 9151/4/4150 447/4/407 9150/4/4150
f 4019/4/3381 9151/4/4150 9152/4/6215
f 4019/4/3381 9152/4/6215 4240/4/3591
f 446/4/269 9153/4/4082 4238/4/3589
f 9153/4/4082 446/4/269 4254/4/433
f 9153/4/4082 4254/4/433 9155/4/4083
f 4238/4/3589 9153/4/4082 9154/4/6216
f 433/1/396 9156/1/6217 9157/1/6218
f 9156/1/6217 433/1/396 4197/1/3552
f 433/1/396 9158/1/3549 477/1/432
f 9158/1/3549 433/1/396 9157/1/6218
f 477/1/432 9158/1/3549 9159/1/6219
f 477/1/432 9159/1/6219 478/1/433
f 478/1/433 9159/1/6219 481/1/436
f 9161/4/6220 4239/4/3590 9160/4/6221
f 4239/4/3590 9161/4/6220 9163/4/6222
f 9163/4/6222 9161/4/6220 9162/4/333
f 363/2/334 9165/2/6221 4761/2/4081
f 9165/2/6221 363/2/334 9164/2/6223
f 9164/2/6223 363/2/334 362/2/333
f 4225/4/3579 9167/4/3575 4222/4/3577
f 9167/4/3575 4225/4/3579 9166/4/332
f 9166/4/332 9163/4/6222 9162/4/333
f 9163/4/6222 9166/4/332 4242/4/3593
f 4242/4/3593 9166/4/332 4225/4/3579
f 9163/4/6222 4236/4/3587 4239/4/3590
f 4236/4/3587 9163/4/6222 9170/4/4147
f 9170/4/4147 9163/4/6222 9169/4/4152
f 9169/4/4152 9163/4/6222 9168/4/4154
f 9171/4/4146 4018/4/3380 4241/4/3592
f 4018/4/3380 9171/4/4146 3996/4/3358
f 3996/4/3358 9171/4/4146 9172/4/6224
f 3996/4/3358 9172/4/6224 9173/4/4153
f 4242/4/3593 9168/4/4154 9163/4/6222
f 9168/4/4154 4242/4/3593 9173/4/4153
f 9173/4/4153 4242/4/3593 3996/4/3358
f 3996/4/3358 4242/4/3593 3993/4/3355
f 9137/4/3594 365/4/336 4765/4/4085
f 365/4/336 9137/4/3594 366/4/337
f 366/4/337 9137/4/3594 3548/4/2933
f 457/4/415 3333/4/2736 458/4/416
f 3333/4/2736 457/4/415 3339/4/2742
f 3339/4/2742 457/4/415 3340/4/420
f 9174/4/6225 4238/4/3589 9154/4/6216
f 4238/4/3589 9174/4/6225 4239/4/3590
f 4239/4/3590 9174/4/6225 9160/4/6221
f 4254/4/433 9176/4/6226 9155/4/4083
f 9176/4/6226 4254/4/433 4257/4/3604
f 9176/4/6226 4257/4/3604 9175/4/6226
f 9175/4/6226 4257/4/3604 4766/4/4086
f 9177/2/6226 4760/2/4080 4763/2/4083
f 4760/2/4080 9177/2/6226 9178/2/6226
f 4760/2/4080 9178/2/6226 4764/2/4084
f 4296/3/3636 3705/3/3083 3704/3/3082
f 3705/3/3083 4296/3/3636 4288/3/3628
f 3705/3/3083 4288/3/3628 4892/3/378
f 3982/4/3344 9179/4/6227 3983/4/3345
f 9179/4/6227 3982/4/3344 324/4/298
f 324/4/298 3982/4/3344 322/4/296
f 4529/4/3868 298/4/272 4532/4/403
f 298/4/272 4529/4/3868 4528/4/3867
f 298/4/272 4528/4/3867 296/4/270
f 3252/1/2665 251/1/225 250/1/224
f 251/1/225 3252/1/2665 286/1/260
f 286/1/260 3252/1/2665 284/1/258
f 4531/4/3870 323/4/297 322/4/296
f 323/4/297 4531/4/3870 330/4/304
f 330/4/304 4531/4/3870 328/4/302
f 4909/4/4133 9180/4/6228 9181/4/404
f 9180/4/6228 4909/4/4133 4908/4/4132
f 9180/4/6228 4908/4/4132 9136/4/2931
f 9182/2/6229 479/2/434 4747/2/4069
f 479/2/434 9182/2/6229 3545/2/2930
f 3545/2/2930 9182/2/6229 3546/2/2931
f 3378/2/2779 9184/2/4054 3377/2/2778
f 9184/2/4054 3378/2/2779 9183/2/4053
f 9183/2/4053 3378/2/2779 9108/2/6195
f 4753/2/4074 4195/2/3550 4750/2/4072
f 4195/2/3550 4753/2/4074 9185/2/6230
f 4195/2/3550 9185/2/6230 4259/2/3606
f 4761/2/4081 9187/2/6216 4762/2/4082
f 9187/2/6216 4761/2/4081 9186/2/6225
f 9186/2/6225 4761/2/4081 9165/2/6221
f 461/1/419 3296/1/2704 3292/1/2700
f 3296/1/2704 461/1/419 4901/1/417
f 4901/1/417 461/1/419 460/1/418
f 366/4/337 9188/4/4075 364/4/335
f 9188/4/4075 4225/4/3579 4231/4/3584
f 4225/4/3579 9188/4/4075 366/4/337
f 421/1/388 3295/1/2703 9189/1/233
f 3295/1/2703 421/1/388 3292/1/2700
f 3292/1/2700 421/1/388 420/1/387
f 3278/3/2690 283/3/257 282/3/256
f 283/3/257 3278/3/2690 4882/3/4121
f 4882/3/4121 3278/3/2690 9190/3/4059
f 4882/3/4121 9190/3/4059 4887/3/4125
f 4270/3/3612 379/3/350 4893/3/286
f 379/3/350 4270/3/3612 4271/3/3613
f 379/3/350 4271/3/3613 380/3/351
f 426/3/226 3243/3/2656 427/3/392
f 3243/3/2656 426/3/226 389/3/358
f 389/3/358 426/3/226 390/3/359
f 3693/1/3072 9192/1/3602 4197/1/3552
f 9192/1/3602 3693/1/3072 9143/1/6213
f 9192/1/3602 9143/1/6213 9191/1/426
f 4964/1/4166 9194/1/2906 9128/1/2904
f 9194/1/2906 4964/1/4166 9122/1/412
f 9194/1/2906 9122/1/412 9193/1/324
f 464/1/421 9133/1/6207 9132/1/6206
f 9133/1/6207 464/1/421 9195/1/250
f 9195/1/250 464/1/421 463/1/251
f 4924/1/4142 4535/1/3872 4075/1/3437
f 4535/1/3872 4924/1/4142 9196/1/3875
f 4535/1/3872 9196/1/3875 4533/1/3345
f 441/1/402 4000/1/3362 4002/1/3364
f 4000/1/3362 441/1/402 440/1/401
f 4000/1/3362 440/1/401 4900/1/271
f 4916/1/4135 3861/1/3230 4534/1/3871
f 3861/1/3230 4916/1/4135 450/1/409
f 450/1/409 4916/1/4135 451/1/410
f 9185/2/6230 4227/2/3581 4259/2/3606
f 4227/2/3581 9185/2/6230 4753/2/4074
f 4227/2/3581 4753/2/4074 4757/2/4078
f 449/1/408 3252/1/2665 450/1/409
f 3252/1/2665 449/1/408 3250/1/2663
f 3250/1/2663 449/1/408 4922/1/4140
f 331/4/305 4923/4/4141 4569/4/3905
f 4923/4/4141 331/4/305 9197/4/4188
f 4923/4/4141 9197/4/4188 9198/4/4004
f 4923/4/4141 9198/4/4004 9199/4/6231
f 4931/3/4006 4988/3/4182 4579/3/3914
f 4988/3/4182 4931/3/4006 9202/3/4189
f 9202/3/4189 4931/3/4006 9201/3/4005
f 9201/3/4005 4931/3/4006 9200/3/4003
f 9207/3/6232 9205/3/6233 9206/3/4184
f 9205/3/6233 9207/3/6232 9204/3/327
f 9204/3/327 9207/3/6232 9203/3/438
f 9206/3/4184 380/3/351 4275/3/3617
f 380/3/351 9206/3/4184 9208/3/252
f 9208/3/252 9206/3/4184 9205/3/6233
f 381/3/352 380/3/351 9208/3/252
f 6897/2/569 7033/2/705 6898/2/570
f 7033/2/705 6897/2/569 6907/2/579
f 7033/2/705 6907/2/579 7027/2/699
f 7027/2/699 6907/2/579 6913/2/585
f 7027/2/699 6913/2/585 7021/2/693
f 7021/2/693 6913/2/585 6919/2/591
f 7021/2/693 6919/2/591 7015/2/687
f 7015/2/687 6919/2/591 6925/2/597
f 7015/2/687 6925/2/597 7009/2/681
f 7009/2/681 6925/2/597 6931/2/603
f 7009/2/681 6931/2/603 7003/2/675
f 7003/2/675 6931/2/603 6937/2/609
f 7003/2/675 6937/2/609 6997/2/669
f 6997/2/669 6937/2/609 6943/2/615
f 6997/2/669 6943/2/615 6991/2/663
f 6991/2/663 6943/2/615 6949/2/621
f 6991/2/663 6949/2/621 6985/2/657
f 6985/2/657 6949/2/621 6955/2/627
f 6985/2/657 6955/2/627 6979/2/651
f 6979/2/651 6955/2/627 6961/2/633
f 6979/2/651 6961/2/633 6973/2/645
f 6973/2/645 6961/2/633 6967/2/639
f 9211/1/6055 9209/1/6056 9210/1/6057
f 9209/1/6056 9211/1/6055 9212/1/6058
f 9209/1/6056 9212/1/6058 9232/1/6059
f 9232/1/6059 9212/1/6058 9213/1/6060
f 9232/1/6059 9213/1/6060 9231/1/6061
f 9231/1/6061 9213/1/6060 9214/1/6062
f 9231/1/6061 9214/1/6062 9230/1/6063
f 9230/1/6063 9214/1/6062 9215/1/6064
f 9230/1/6063 9215/1/6064 9229/1/6065
f 9229/1/6065 9215/1/6064 9216/1/6066
f 9229/1/6065 9216/1/6066 9228/1/6067
f 9228/1/6067 9216/1/6066 9217/1/6068
f 9228/1/6067 9217/1/6068 9227/1/6069
f 9227/1/6069 9217/1/6068 9218/1/6070
f 9227/1/6069 9218/1/6070 9226/1/6071
f 9226/1/6071 9218/1/6070 9219/1/6072
f 9226/1/6071 9219/1/6072 9225/1/6073
f 9225/1/6073 9219/1/6072 9220/1/6074
f 9225/1/6073 9220/1/6074 9224/1/6075
f 9224/1/6075 9220/1/6074 9221/1/6076
f 9224/1/6075 9221/1/6076 9223/1/6077
f 9223/1/6077 9221/1/6076 9222/1/6078
f 7273/2/708 7138/2/576 7137/2/575
f 7138/2/576 7273/2/708 7267/2/702
f 7138/2/576 7267/2/702 7147/2/582
f 7147/2/582 7267/2/702 7261/2/696
f 7147/2/582 7261/2/696 7153/2/588
f 7153/2/588 7261/2/696 7255/2/690
f 7153/2/588 7255/2/690 7159/2/594
f 7159/2/594 7255/2/690 7249/2/684
f 7159/2/594 7249/2/684 7165/2/600
f 7165/2/600 7249/2/684 7243/2/678
f 7165/2/600 7243/2/678 7171/2/606
f 7171/2/606 7243/2/678 7237/2/672
f 7171/2/606 7237/2/672 7177/2/612
f 7177/2/612 7237/2/672 7231/2/666
f 7177/2/612 7231/2/666 7183/2/618
f 7183/2/618 7231/2/666 7225/2/660
f 7183/2/618 7225/2/660 7189/2/624
f 7189/2/624 7225/2/660 7219/2/654
f 7189/2/624 7219/2/654 7195/2/630
f 7195/2/630 7219/2/654 7213/2/648
f 7195/2/630 7213/2/648 7201/2/636
f 7201/2/636 7213/2/648 7207/2/642
f 9233/1/6079 9255/1/6080 9256/1/6081
f 9255/1/6080 9233/1/6079 9234/1/6082
f 9255/1/6080 9234/1/6082 9254/1/6083
f 9254/1/6083 9234/1/6082 9235/1/6084
f 9254/1/6083 9235/1/6084 9253/1/6085
f 9253/1/6085 9235/1/6084 9236/1/6086
f 9253/1/6085 9236/1/6086 9252/1/6087
f 9252/1/6087 9236/1/6086 9237/1/6088
f 9252/1/6087 9237/1/6088 9251/1/6089
f 9251/1/6089 9237/1/6088 9238/1/6090
f 9251/1/6089 9238/1/6090 9250/1/6091
f 9250/1/6091 9238/1/6090 9239/1/6092
f 9250/1/6091 9239/1/6092 9249/1/6093
f 9249/1/6093 9239/1/6092 9240/1/6094
f 9249/1/6093 9240/1/6094 9248/1/6095
f 9248/1/6095 9240/1/6094 9241/1/6096
f 9248/1/6095 9241/1/6096 9247/1/6097
f 9247/1/6097 9241/1/6096 9242/1/6098
f 9247/1/6097 9242/1/6098 9246/1/6099
f 9246/1/6099 9242/1/6098 9243/1/6100
f 9246/1/6099 9243/1/6100 9245/1/6101
f 9245/1/6101 9243/1/6100 9244/1/6102
f 7367/3/855 7323/3/811 7322/3/810
f 7323/3/811 7367/3/855 7365/3/853
f 7323/3/811 7365/3/853 7325/3/813
f 7325/3/813 7365/3/853 7363/3/851
f 7325/3/813 7363/3/851 7327/3/815
f 7327/3/815 7363/3/851 7361/3/849
f 7327/3/815 7361/3/849 7329/3/817
f 7329/3/817 7361/3/849 7359/3/5357
f 7329/3/817 7359/3/5357 7331/3/819
f 7331/3/819 7359/3/5357 7357/3/845
f 7331/3/819 7357/3/845 7333/3/821
f 7333/3/821 7357/3/845 7355/3/843
f 7333/3/821 7355/3/843 7335/3/823
f 7335/3/823 7355/3/843 7353/3/841
f 7335/3/823 7353/3/841 7337/3/825
f 7337/3/825 7353/3/841 7351/3/839
f 7337/3/825 7351/3/839 7339/3/827
f 7339/3/827 7351/3/839 7349/3/837
f 7339/3/827 7349/3/837 7341/3/829
f 7341/3/829 7349/3/837 7347/3/835
f 7341/3/829 7347/3/835 7343/3/831
f 7343/3/831 7347/3/835 7345/3/5356
f 7324/3/812 7368/3/856 7321/3/809
f 7368/3/856 7324/3/812 7326/3/814
f 7368/3/856 7326/3/814 7366/3/854
f 7366/3/854 7326/3/814 7328/3/816
f 7366/3/854 7328/3/816 7364/3/852
f 7364/3/852 7328/3/816 7330/3/818
f 7364/3/852 7330/3/818 7362/3/850
f 7362/3/850 7330/3/818 7332/3/820
f 7362/3/850 7332/3/820 7360/3/5358
f 7360/3/5358 7332/3/820 7334/3/822
f 7360/3/5358 7334/3/822 7358/3/846
f 7358/3/846 7334/3/822 7336/3/824
f 7358/3/846 7336/3/824 7356/3/844
f 7356/3/844 7336/3/824 7338/3/826
f 7356/3/844 7338/3/826 7354/3/842
f 7354/3/842 7338/3/826 7340/3/828
f 7354/3/842 7340/3/828 7352/3/840
f 7352/3/840 7340/3/828 7342/3/830
f 7352/3/840 7342/3/830 7350/3/838
f 7350/3/838 7342/3/830 7344/3/832
f 7350/3/838 7344/3/832 7348/3/836
f 7348/3/836 7344/3/832 7346/3/834
f 7379/3/866 7383/3/869 7381/3/868
f 7383/3/869 7379/3/866 7377/3/864
f 7383/3/869 7377/3/864 7385/3/871
f 7385/3/871 7377/3/864 7375/3/862
f 7385/3/871 7375/3/862 7387/3/873
f 7387/3/873 7375/3/862 7373/3/860
f 7387/3/873 7373/3/860 7389/3/875
f 7389/3/875 7373/3/860 7371/3/858
f 7389/3/875 7371/3/858 7391/3/877
f 7391/3/877 7371/3/858 7370/3/857
f 7391/3/877 7370/3/857 7393/3/879
f 7393/3/879 7370/3/857 7415/3/900
f 7393/3/879 7415/3/900 7395/3/881
f 7395/3/881 7415/3/900 7413/3/898
f 7395/3/881 7413/3/898 7397/3/883
f 7397/3/883 7413/3/898 7411/3/896
f 7397/3/883 7411/3/896 7399/3/885
f 7399/3/885 7411/3/896 7409/3/894
f 7399/3/885 7409/3/894 7401/3/887
f 7401/3/887 7409/3/894 7407/3/892
f 7401/3/887 7407/3/892 7403/3/889
f 7403/3/889 7407/3/892 7405/3/891
f 9264/3/6234 9262/3/6235 9263/3/6236
f 9262/3/6235 9264/3/6234 9261/3/968
f 9261/3/968 9264/3/6234 9265/3/6106
f 9261/3/968 9265/3/6106 9260/3/5528
f 9260/3/5528 9265/3/6106 9266/3/963
f 9260/3/5528 9266/3/963 9259/3/6107
f 9259/3/6107 9266/3/963 9267/3/5440
f 9259/3/6107 9267/3/5440 9258/3/971
f 9258/3/971 9267/3/5440 9268/3/6108
f 9258/3/971 9268/3/6108 9257/3/6110
f 9257/3/6110 9268/3/6108 9269/3/6109
f 9257/3/6110 9269/3/6109 9280/3/6111
f 9280/3/6111 9269/3/6109 9270/3/959
f 9280/3/6111 9270/3/959 9279/3/950
f 9279/3/950 9270/3/959 9271/3/6237
f 9279/3/950 9271/3/6237 9278/3/951
f 9278/3/951 9271/3/6237 9272/3/957
f 9278/3/951 9272/3/957 9277/3/6114
f 9277/3/6114 9272/3/957 9273/3/956
f 9277/3/6114 9273/3/956 9276/3/6238
f 9276/3/6238 9273/3/956 9274/3/6115
f 9276/3/6238 9274/3/6115 9275/3/6117
f 7463/3/5403 7419/3/5360 7418/3/5359
f 7419/3/5360 7463/3/5403 7461/3/5401
f 7419/3/5360 7461/3/5401 7421/3/5362
f 7421/3/5362 7461/3/5401 7459/3/5399
f 7421/3/5362 7459/3/5399 7423/3/5364
f 7423/3/5364 7459/3/5399 7457/3/5397
f 7423/3/5364 7457/3/5397 7425/3/5366
f 7425/3/5366 7457/3/5397 7455/3/5395
f 7425/3/5366 7455/3/5395 7427/3/5368
f 7427/3/5368 7455/3/5395 7453/3/5393
f 7427/3/5368 7453/3/5393 7429/3/5370
f 7429/3/5370 7453/3/5393 7451/3/5391
f 7429/3/5370 7451/3/5391 7431/3/5372
f 7431/3/5372 7451/3/5391 7449/3/5389
f 7431/3/5372 7449/3/5389 7433/3/5374
f 7433/3/5374 7449/3/5389 7447/3/5387
f 7433/3/5374 7447/3/5387 7435/3/5376
f 7435/3/5376 7447/3/5387 7445/3/5385
f 7435/3/5376 7445/3/5385 7437/3/5378
f 7437/3/5378 7445/3/5385 7443/3/5383
f 7437/3/5378 7443/3/5383 7439/3/5380
f 7439/3/5380 7443/3/5383 7441/3/5382
f 9288/3/6239 9286/3/6240 9287/3/6241
f 9286/3/6240 9288/3/6239 9289/3/6242
f 9286/3/6240 9289/3/6242 9285/3/6243
f 9285/3/6243 9289/3/6242 9290/3/6244
f 9285/3/6243 9290/3/6244 9284/3/6245
f 9284/3/6245 9290/3/6244 9291/3/5421
f 9284/3/6245 9291/3/5421 9283/3/6246
f 9283/3/6246 9291/3/5421 9292/3/6247
f 9283/3/6246 9292/3/6247 9282/3/6248
f 9282/3/6248 9292/3/6247 9293/3/6249
f 9282/3/6248 9293/3/6249 9281/3/6250
f 9281/3/6250 9293/3/6249 9294/3/6251
f 9281/3/6250 9294/3/6251 9304/3/6252
f 9304/3/6252 9294/3/6251 9295/3/6253
f 9304/3/6252 9295/3/6253 9303/3/5416
f 9303/3/5416 9295/3/6253 9296/3/6254
f 9303/3/5416 9296/3/6254 9302/3/6255
f 9302/3/6255 9296/3/6254 9297/3/6256
f 9302/3/6255 9297/3/6256 9301/3/6257
f 9301/3/6257 9297/3/6256 9298/3/6258
f 9301/3/6257 9298/3/6258 9300/3/6259
f 9300/3/6259 9298/3/6258 9299/3/6260
f 7753/2/708 7618/2/576 7617/2/575
f 7618/2/576 7753/2/708 7747/2/702
f 7618/2/576 7747/2/702 7627/2/582
f 7627/2/582 7747/2/702 7741/2/696
f 7627/2/582 7741/2/696 7633/2/588
f 7633/2/588 7741/2/696 7735/2/690
f 7633/2/588 7735/2/690 7639/2/594
f 7639/2/594 7735/2/690 7729/2/684
f 7639/2/594 7729/2/684 7645/2/600
f 7645/2/600 7729/2/684 7723/2/678
f 7645/2/600 7723/2/678 7651/2/606
f 7651/2/606 7723/2/678 7717/2/672
f 7651/2/606 7717/2/672 7657/2/612
f 7657/2/612 7717/2/672 7711/2/666
f 7657/2/612 7711/2/666 7663/2/618
f 7663/2/618 7711/2/666 7705/2/660
f 7663/2/618 7705/2/660 7669/2/624
f 7669/2/624 7705/2/660 7699/2/654
f 7669/2/624 7699/2/654 7675/2/630
f 7675/2/630 7699/2/654 7693/2/648
f 7675/2/630 7693/2/648 7681/2/636
f 7681/2/636 7693/2/648 7687/2/642
f 9305/1/6079 9327/1/6080 9328/1/6081
f 9327/1/6080 9305/1/6079 9306/1/6082
f 9327/1/6080 9306/1/6082 9326/1/6083
f 9326/1/6083 9306/1/6082 9307/1/6084
f 9326/1/6083 9307/1/6084 9325/1/6085
f 9325/1/6085 9307/1/6084 9308/1/6086
f 9325/1/6085 9308/1/6086 9324/1/6087
f 9324/1/6087 9308/1/6086 9309/1/6088
f 9324/1/6087 9309/1/6088 9323/1/6089
f 9323/1/6089 9309/1/6088 9310/1/6090
f 9323/1/6089 9310/1/6090 9322/1/6091
f 9322/1/6091 9310/1/6090 9311/1/6092
f 9322/1/6091 9311/1/6092 9321/1/6093
f 9321/1/6093 9311/1/6092 9312/1/6094
f 9321/1/6093 9312/1/6094 9320/1/6095
f 9320/1/6095 9312/1/6094 9313/1/6096
f 9320/1/6095 9313/1/6096 9319/1/6097
f 9319/1/6097 9313/1/6096 9314/1/6098
f 9319/1/6097 9314/1/6098 9318/1/6099
f 9318/1/6099 9314/1/6098 9315/1/6100
f 9318/1/6099 9315/1/6100 9317/1/6101
f 9317/1/6101 9315/1/6100 9316/1/6102
f 7857/2/569 7993/2/705 7858/2/570
f 7993/2/705 7857/2/569 7867/2/579
f 7993/2/705 7867/2/579 7987/2/699
f 7987/2/699 7867/2/579 7873/2/585
f 7987/2/699 7873/2/585 7981/2/693
f 7981/2/693 7873/2/585 7879/2/591
f 7981/2/693 7879/2/591 7975/2/687
f 7975/2/687 7879/2/591 7885/2/597
f 7975/2/687 7885/2/597 7969/2/681
f 7969/2/681 7885/2/597 7891/2/603
f 7969/2/681 7891/2/603 7963/2/675
f 7963/2/675 7891/2/603 7897/2/609
f 7963/2/675 7897/2/609 7957/2/669
f 7957/2/669 7897/2/609 7903/2/615
f 7957/2/669 7903/2/615 7951/2/663
f 7951/2/663 7903/2/615 7909/2/621
f 7951/2/663 7909/2/621 7945/2/657
f 7945/2/657 7909/2/621 7915/2/627
f 7945/2/657 7915/2/627 7939/2/651
f 7939/2/651 7915/2/627 7921/2/633
f 7939/2/651 7921/2/633 7933/2/645
f 7933/2/645 7921/2/633 7927/2/639
f 9331/1/6055 9329/1/6056 9330/1/6057
f 9329/1/6056 9331/1/6055 9332/1/6058
f 9329/1/6056 9332/1/6058 9352/1/6059
f 9352/1/6059 9332/1/6058 9333/1/6060
f 9352/1/6059 9333/1/6060 9351/1/6061
f 9351/1/6061 9333/1/6060 9334/1/6062
f 9351/1/6061 9334/1/6062 9350/1/6063
f 9350/1/6063 9334/1/6062 9335/1/6064
f 9350/1/6063 9335/1/6064 9349/1/6065
f 9349/1/6065 9335/1/6064 9336/1/6066
f 9349/1/6065 9336/1/6066 9348/1/6067
f 9348/1/6067 9336/1/6066 9337/1/6068
f 9348/1/6067 9337/1/6068 9347/1/6069
f 9347/1/6069 9337/1/6068 9338/1/6070
f 9347/1/6069 9338/1/6070 9346/1/6071
f 9346/1/6071 9338/1/6070 9339/1/6072
f 9346/1/6071 9339/1/6072 9345/1/6073
f 9345/1/6073 9339/1/6072 9340/1/6074
f 9345/1/6073 9340/1/6074 9344/1/6075
f 9344/1/6075 9340/1/6074 9341/1/6076
f 9344/1/6075 9341/1/6076 9343/1/6077
f 9343/1/6077 9341/1/6076 9342/1/6078
f 8043/3/812 8088/3/856 8044/3/5449
f 8088/3/856 8043/3/812 8046/3/814
f 8088/3/856 8046/3/814 8086/3/854
f 8086/3/854 8046/3/814 8048/3/816
f 8086/3/854 8048/3/816 8084/3/852
f 8084/3/852 8048/3/816 8050/3/818
f 8084/3/852 8050/3/818 8082/3/850
f 8082/3/850 8050/3/818 8052/3/820
f 8082/3/850 8052/3/820 8080/3/5358
f 8080/3/5358 8052/3/820 8054/3/822
f 8080/3/5358 8054/3/822 8078/3/846
f 8078/3/846 8054/3/822 8056/3/824
f 8078/3/846 8056/3/824 8076/3/844
f 8076/3/844 8056/3/824 8058/3/826
f 8076/3/844 8058/3/826 8074/3/842
f 8074/3/842 8058/3/826 8060/3/828
f 8074/3/842 8060/3/828 8072/3/840
f 8072/3/840 8060/3/828 8062/3/830
f 8072/3/840 8062/3/830 8070/3/838
f 8070/3/838 8062/3/830 8064/3/832
f 8070/3/838 8064/3/832 8068/3/836
f 8068/3/836 8064/3/832 8066/3/834
f 8087/3/855 8042/3/811 8041/3/810
f 8042/3/811 8087/3/855 8085/3/853
f 8042/3/811 8085/3/853 8045/3/813
f 8045/3/813 8085/3/853 8083/3/851
f 8045/3/813 8083/3/851 8047/3/815
f 8047/3/815 8083/3/851 8081/3/849
f 8047/3/815 8081/3/849 8049/3/817
f 8049/3/817 8081/3/849 8079/3/5357
f 8049/3/817 8079/3/5357 8051/3/819
f 8051/3/819 8079/3/5357 8077/3/845
f 8051/3/819 8077/3/845 8053/3/821
f 8053/3/821 8077/3/845 8075/3/843
f 8053/3/821 8075/3/843 8055/3/823
f 8055/3/823 8075/3/843 8073/3/841
f 8055/3/823 8073/3/841 8057/3/825
f 8057/3/825 8073/3/841 8071/3/839
f 8057/3/825 8071/3/839 8059/3/827
f 8059/3/827 8071/3/839 8069/3/837
f 8059/3/827 8069/3/837 8061/3/829
f 8061/3/829 8069/3/837 8067/3/835
f 8061/3/829 8067/3/835 8063/3/831
f 8063/3/831 8067/3/835 8065/3/5356
f 8104/3/866 8100/3/869 8102/3/868
f 8100/3/869 8104/3/866 8106/3/864
f 8100/3/869 8106/3/864 8098/3/871
f 8098/3/871 8106/3/864 8108/3/862
f 8098/3/871 8108/3/862 8096/3/873
f 8096/3/873 8108/3/862 8110/3/860
f 8096/3/873 8110/3/860 8094/3/875
f 8094/3/875 8110/3/860 8112/3/858
f 8094/3/875 8112/3/858 8091/3/877
f 8091/3/877 8112/3/858 8114/3/857
f 8091/3/877 8114/3/857 8092/3/879
f 8092/3/879 8114/3/857 8116/3/900
f 8092/3/879 8116/3/900 8136/3/881
f 8136/3/881 8116/3/900 8118/3/898
f 8136/3/881 8118/3/898 8134/3/883
f 8134/3/883 8118/3/898 8120/3/896
f 8134/3/883 8120/3/896 8132/3/885
f 8132/3/885 8120/3/896 8122/3/894
f 8132/3/885 8122/3/894 8130/3/887
f 8130/3/887 8122/3/894 8124/3/892
f 8130/3/887 8124/3/892 8128/3/889
f 8128/3/889 8124/3/892 8126/3/891
f 9372/3/6234 9370/3/6235 9371/3/6105
f 9370/3/6235 9372/3/6234 9369/3/968
f 9369/3/968 9372/3/6234 9373/3/6106
f 9369/3/968 9373/3/6106 9368/3/5528
f 9368/3/5528 9373/3/6106 9374/3/963
f 9368/3/5528 9374/3/963 9367/3/6107
f 9367/3/6107 9374/3/963 9375/3/5440
f 9367/3/6107 9375/3/5440 9366/3/971
f 9366/3/971 9375/3/5440 9376/3/6108
f 9366/3/971 9376/3/6108 9365/3/6110
f 9365/3/6110 9376/3/6108 9353/3/6109
f 9365/3/6110 9353/3/6109 9364/3/6111
f 9364/3/6111 9353/3/6109 9354/3/959
f 9364/3/6111 9354/3/959 9363/3/6261
f 9363/3/6261 9354/3/959 9355/3/6237
f 9363/3/6261 9355/3/6237 9362/3/951
f 9362/3/951 9355/3/6237 9356/3/957
f 9362/3/951 9356/3/957 9361/3/6114
f 9361/3/6114 9356/3/957 9357/3/956
f 9361/3/6114 9357/3/956 9360/3/6238
f 9360/3/6238 9357/3/956 9358/3/6115
f 9360/3/6238 9358/3/6115 9359/3/6262
f 8139/3/5451 8184/3/5495 8140/3/5452
f 8184/3/5495 8139/3/5451 8142/3/5454
f 8184/3/5495 8142/3/5454 8182/3/5493
f 8182/3/5493 8142/3/5454 8144/3/5456
f 8182/3/5493 8144/3/5456 8180/3/5491
f 8180/3/5491 8144/3/5456 8146/3/5458
f 8180/3/5491 8146/3/5458 8178/3/5489
f 8178/3/5489 8146/3/5458 8148/3/5460
f 8178/3/5489 8148/3/5460 8176/3/5487
f 8176/3/5487 8148/3/5460 8150/3/5462
f 8176/3/5487 8150/3/5462 8174/3/5485
f 8174/3/5485 8150/3/5462 8152/3/5464
f 8174/3/5485 8152/3/5464 8172/3/5483
f 8172/3/5483 8152/3/5464 8154/3/5466
f 8172/3/5483 8154/3/5466 8170/3/5481
f 8170/3/5481 8154/3/5466 8156/3/5468
f 8170/3/5481 8156/3/5468 8168/3/5479
f 8168/3/5479 8156/3/5468 8158/3/5470
f 8168/3/5479 8158/3/5470 8166/3/5477
f 8166/3/5477 8158/3/5470 8160/3/5472
f 8166/3/5477 8160/3/5472 8164/3/5475
f 8164/3/5475 8160/3/5472 8162/3/5473
f 9378/3/6263 9400/3/6264 9377/3/6265
f 9400/3/6264 9378/3/6263 9399/3/6266
f 9399/3/6266 9378/3/6263 9379/3/6267
f 9399/3/6266 9379/3/6267 9398/3/6268
f 9398/3/6268 9379/3/6267 9380/3/6269
f 9398/3/6268 9380/3/6269 9397/3/6270
f 9397/3/6270 9380/3/6269 9381/3/5517
f 9397/3/6270 9381/3/5517 9396/3/6271
f 9396/3/6271 9381/3/5517 9382/3/6272
f 9396/3/6271 9382/3/6272 9395/3/6273
f 9395/3/6273 9382/3/6272 9383/3/6274
f 9395/3/6273 9383/3/6274 9394/3/6275
f 9394/3/6275 9383/3/6274 9384/3/6276
f 9394/3/6275 9384/3/6276 9393/3/6277
f 9393/3/6277 9384/3/6276 9385/3/6278
f 9393/3/6277 9385/3/6278 9392/3/6279
f 9392/3/6279 9385/3/6278 9386/3/6280
f 9392/3/6279 9386/3/6280 9391/3/6281
f 9391/3/6281 9386/3/6280 9387/3/6282
f 9391/3/6281 9387/3/6282 9390/3/6283
f 9390/3/6283 9387/3/6282 9388/3/6284
f 9390/3/6283 9388/3/6284 9389/3/6285
